scorer,DLC_dlcrnetms5_basler-larval-tracking-metforminMay6shuffle1_200000,DLC_dlcrnetms5_basler-larval-tracking-metforminMay6shuffle1_200000,DLC_dlcrnetms5_basler-larval-tracking-metforminMay6shuffle1_200000,DLC_dlcrnetms5_basler-larval-tracking-metforminMay6shuffle1_200000,DLC_dlcrnetms5_basler-larval-tracking-metforminMay6shuffle1_200000,DLC_dlcrnetms5_basler-larval-tracking-metforminMay6shuffle1_200000,DLC_dlcrnetms5_basler-larval-tracking-metforminMay6shuffle1_200000,DLC_dlcrnetms5_basler-larval-tracking-metforminMay6shuffle1_200000,DLC_dlcrnetms5_basler-larval-tracking-metforminMay6shuffle1_200000,DLC_dlcrnetms5_basler-larval-tracking-metforminMay6shuffle1_200000,DLC_dlcrnetms5_basler-larval-tracking-metforminMay6shuffle1_200000,DLC_dlcrnetms5_basler-larval-tracking-metforminMay6shuffle1_200000,DLC_dlcrnetms5_basler-larval-tracking-metforminMay6shuffle1_200000,DLC_dlcrnetms5_basler-larval-tracking-metforminMay6shuffle1_200000,DLC_dlcrnetms5_basler-larval-tracking-metforminMay6shuffle1_200000,DLC_dlcrnetms5_basler-larval-tracking-metforminMay6shuffle1_200000,DLC_dlcrnetms5_basler-larval-tracking-metforminMay6shuffle1_200000,DLC_dlcrnetms5_basler-larval-tracking-metforminMay6shuffle1_200000,DLC_dlcrnetms5_basler-larval-tracking-metforminMay6shuffle1_200000,DLC_dlcrnetms5_basler-larval-tracking-metforminMay6shuffle1_200000,DLC_dlcrnetms5_basler-larval-tracking-metforminMay6shuffle1_200000,DLC_dlcrnetms5_basler-larval-tracking-metforminMay6shuffle1_200000,DLC_dlcrnetms5_basler-larval-tracking-metforminMay6shuffle1_200000,DLC_dlcrnetms5_basler-larval-tracking-metforminMay6shuffle1_200000,DLC_dlcrnetms5_basler-larval-tracking-metforminMay6shuffle1_200000,DLC_dlcrnetms5_basler-larval-tracking-metforminMay6shuffle1_200000,DLC_dlcrnetms5_basler-larval-tracking-metforminMay6shuffle1_200000,DLC_dlcrnetms5_basler-larval-tracking-metforminMay6shuffle1_200000,DLC_dlcrnetms5_basler-larval-tracking-metforminMay6shuffle1_200000,DLC_dlcrnetms5_basler-larval-tracking-metforminMay6shuffle1_200000,DLC_dlcrnetms5_basler-larval-tracking-metforminMay6shuffle1_200000,DLC_dlcrnetms5_basler-larval-tracking-metforminMay6shuffle1_200000,DLC_dlcrnetms5_basler-larval-tracking-metforminMay6shuffle1_200000,DLC_dlcrnetms5_basler-larval-tracking-metforminMay6shuffle1_200000,DLC_dlcrnetms5_basler-larval-tracking-metforminMay6shuffle1_200000,DLC_dlcrnetms5_basler-larval-tracking-metforminMay6shuffle1_200000,DLC_dlcrnetms5_basler-larval-tracking-metforminMay6shuffle1_200000,DLC_dlcrnetms5_basler-larval-tracking-metforminMay6shuffle1_200000,DLC_dlcrnetms5_basler-larval-tracking-metforminMay6shuffle1_200000,DLC_dlcrnetms5_basler-larval-tracking-metforminMay6shuffle1_200000,DLC_dlcrnetms5_basler-larval-tracking-metforminMay6shuffle1_200000,DLC_dlcrnetms5_basler-larval-tracking-metforminMay6shuffle1_200000,DLC_dlcrnetms5_basler-larval-tracking-metforminMay6shuffle1_200000,DLC_dlcrnetms5_basler-larval-tracking-metforminMay6shuffle1_200000,DLC_dlcrnetms5_basler-larval-tracking-metforminMay6shuffle1_200000,DLC_dlcrnetms5_basler-larval-tracking-metforminMay6shuffle1_200000,DLC_dlcrnetms5_basler-larval-tracking-metforminMay6shuffle1_200000,DLC_dlcrnetms5_basler-larval-tracking-metforminMay6shuffle1_200000,DLC_dlcrnetms5_basler-larval-tracking-metforminMay6shuffle1_200000,DLC_dlcrnetms5_basler-larval-tracking-metforminMay6shuffle1_200000,DLC_dlcrnetms5_basler-larval-tracking-metforminMay6shuffle1_200000,DLC_dlcrnetms5_basler-larval-tracking-metforminMay6shuffle1_200000,DLC_dlcrnetms5_basler-larval-tracking-metforminMay6shuffle1_200000,DLC_dlcrnetms5_basler-larval-tracking-metforminMay6shuffle1_200000,DLC_dlcrnetms5_basler-larval-tracking-metforminMay6shuffle1_200000,DLC_dlcrnetms5_basler-larval-tracking-metforminMay6shuffle1_200000,DLC_dlcrnetms5_basler-larval-tracking-metforminMay6shuffle1_200000,DLC_dlcrnetms5_basler-larval-tracking-metforminMay6shuffle1_200000,DLC_dlcrnetms5_basler-larval-tracking-metforminMay6shuffle1_200000,DLC_dlcrnetms5_basler-larval-tracking-metforminMay6shuffle1_200000,DLC_dlcrnetms5_basler-larval-tracking-metforminMay6shuffle1_200000,DLC_dlcrnetms5_basler-larval-tracking-metforminMay6shuffle1_200000,DLC_dlcrnetms5_basler-larval-tracking-metforminMay6shuffle1_200000,DLC_dlcrnetms5_basler-larval-tracking-metforminMay6shuffle1_200000,DLC_dlcrnetms5_basler-larval-tracking-metforminMay6shuffle1_200000,DLC_dlcrnetms5_basler-larval-tracking-metforminMay6shuffle1_200000,DLC_dlcrnetms5_basler-larval-tracking-metforminMay6shuffle1_200000,DLC_dlcrnetms5_basler-larval-tracking-metforminMay6shuffle1_200000,DLC_dlcrnetms5_basler-larval-tracking-metforminMay6shuffle1_200000,DLC_dlcrnetms5_basler-larval-tracking-metforminMay6shuffle1_200000,DLC_dlcrnetms5_basler-larval-tracking-metforminMay6shuffle1_200000,DLC_dlcrnetms5_basler-larval-tracking-metforminMay6shuffle1_200000,DLC_dlcrnetms5_basler-larval-tracking-metforminMay6shuffle1_200000,DLC_dlcrnetms5_basler-larval-tracking-metforminMay6shuffle1_200000,DLC_dlcrnetms5_basler-larval-tracking-metforminMay6shuffle1_200000
individuals,larva1,larva1,larva1,larva1,larva1,larva1,larva1,larva1,larva1,larva1,larva1,larva1,larva1,larva1,larva1,larva2,larva2,larva2,larva2,larva2,larva2,larva2,larva2,larva2,larva2,larva2,larva2,larva2,larva2,larva2,larva3,larva3,larva3,larva3,larva3,larva3,larva3,larva3,larva3,larva3,larva3,larva3,larva3,larva3,larva3,larva4,larva4,larva4,larva4,larva4,larva4,larva4,larva4,larva4,larva4,larva4,larva4,larva4,larva4,larva4,larva5,larva5,larva5,larva5,larva5,larva5,larva5,larva5,larva5,larva5,larva5,larva5,larva5,larva5,larva5
bodyparts,mouth,mouth,mouth,midfront,midfront,midfront,mid,mid,mid,midrear,midrear,midrear,rear,rear,rear,mouth,mouth,mouth,midfront,midfront,midfront,mid,mid,mid,midrear,midrear,midrear,rear,rear,rear,mouth,mouth,mouth,midfront,midfront,midfront,mid,mid,mid,midrear,midrear,midrear,rear,rear,rear,mouth,mouth,mouth,midfront,midfront,midfront,mid,mid,mid,midrear,midrear,midrear,rear,rear,rear,mouth,mouth,mouth,midfront,midfront,midfront,mid,mid,mid,midrear,midrear,midrear,rear,rear,rear
coords,x,y,likelihood,x,y,likelihood,x,y,likelihood,x,y,likelihood,x,y,likelihood,x,y,likelihood,x,y,likelihood,x,y,likelihood,x,y,likelihood,x,y,likelihood,x,y,likelihood,x,y,likelihood,x,y,likelihood,x,y,likelihood,x,y,likelihood,x,y,likelihood,x,y,likelihood,x,y,likelihood,x,y,likelihood,x,y,likelihood,x,y,likelihood,x,y,likelihood,x,y,likelihood,x,y,likelihood,x,y,likelihood
0,646.668,476.002,1.0,659.15,483.904,1.0,659.643,489.7,1.0,661.68,494.51,1.0,644.067,495.542,1.0,709.217,368.729,1.0,708.916,376.549,1.0,706.106,382.908,1.0,702.291,387.907,1.0,694.368,392.392,1.0,731.066,433.193,1.0,733.343,442.753,1.0,724.646,446.65,1.0,708.408,445.196,1.0,706.908,442.932,1.0,587.9,518.839,1.0,596.815,517.36,1.0,601.032,509.908,1.0,595.801,500.544,1.0,601.221,493.756,1.0,743.757,507.8,1.0,743.596,512.251,1.0,734.709,514.012,1.0,721.555,505.819,1.0,720.095,503.335,1.0
1,647.617,477.947,1.0,659.15,483.904,1.0,659.643,489.7,1.0,662.287,494.885,1.0,644.816,497.502,1.0,709.921,368.729,1.0,708.916,376.549,1.0,706.146,382.908,1.0,702.474,388.206,1.0,694.428,392.392,1.0,731.146,433.429,1.0,733.343,442.914,1.0,724.74,446.752,1.0,708.408,445.37,1.0,707.068,442.997,1.0,588.369,518.957,1.0,597.025,517.443,1.0,601.032,510.017,1.0,596.142,500.642,1.0,601.221,494.597,1.0,744.467,507.8,1.0,744.569,512.251,1.0,736.155,514.895,1.0,723.447,507.67,1.0,721.344,503.335,1.0
2,647.617,482.964,1.0,659.15,483.904,1.0,659.643,489.7,1.0,662.287,495.704,1.0,646.572,498.662,1.0,710.623,368.729,1.0,708.916,376.549,1.0,706.271,382.997,1.0,703.024,388.45,1.0,694.493,393.905,1.0,731.19,433.64,1.0,733.343,442.967,1.0,724.74,446.907,1.0,708.452,445.558,1.0,707.645,443.097,1.0,588.429,520.1,1.0,597.025,517.783,1.0,601.032,510.912,1.0,596.142,502.366,1.0,601.221,494.708,1.0,746.703,507.8,1.0,744.807,512.251,1.0,736.808,515.812,1.0,724.243,507.67,1.0,721.431,503.335,1.0
3,647.617,482.964,1.0,658.851,483.333,1.0,659.643,488.813,1.0,663.714,494.885,1.0,649.65,498.986,1.0,711.424,367.053,1.0,709.099,376.397,1.0,706.377,383.098,1.0,703.403,388.526,1.0,694.493,393.905,1.0,731.19,433.64,1.0,733.019,442.914,1.0,724.82,446.907,1.0,708.452,445.558,1.0,707.716,443.238,1.0,588.967,522.746,1.0,596.815,517.801,1.0,599.742,510.912,1.0,595.801,503.086,1.0,597.84,495.026,1.0,750.124,507.8,1.0,746.065,512.251,1.0,736.155,515.812,1.0,724.243,507.67,1.0,721.344,506.32,1.0
4,646.749,482.964,1.0,657.026,483.196,1.0,657.747,488.219,1.0,663.714,494.51,1.0,651.385,502.828,1.0,711.424,367.053,1.0,709.099,376.397,1.0,706.377,383.098,1.0,703.627,389.376,1.0,694.493,393.754,1.0,731.776,433.64,1.0,732.477,442.753,1.0,724.82,446.65,1.0,708.73,445.436,1.0,707.92,443.304,1.0,588.967,524.843,1.0,596.043,518.216,1.0,599.742,510.946,1.0,594.933,503.262,1.0,597.481,495.026,1.0,754.381,507.8,1.0,748.373,512.251,1.0,736.808,515.812,1.0,725.977,507.507,1.0,721.344,506.32,1.0
5,645.463,481.978,1.0,655.779,482.476,1.0,655.358,488.019,1.0,660.937,492.372,1.0,651.488,502.828,1.0,711.424,367.053,1.0,709.637,375.921,1.0,706.853,383.375,1.0,703.627,389.395,1.0,694.493,393.754,1.0,731.801,433.561,1.0,732.125,441.861,1.0,724.726,446.379,1.0,709.551,445.563,1.0,708.476,443.375,1.0,588.967,525.691,1.0,595.483,518.3,1.0,598.647,510.912,1.0,594.39,503.298,1.0,596.645,495.026,1.0,756.199,511.081,1.0,748.373,513.683,1.0,736.808,515.684,1.0,726.62,506.387,1.0,720.786,506.32,1.0
6,639.625,475.968,1.0,647.824,475.044,1.0,653.083,483.838,1.0,660.937,488.591,1.0,653.563,502.828,1.0,711.239,367.483,1.0,710.074,375.921,1.0,706.853,383.375,1.0,703.627,389.418,1.0,694.237,393.905,1.0,731.843,433.501,1.0,732.125,441.65,1.0,724.726,446.318,1.0,710.198,445.436,1.0,708.737,443.499,1.0,588.514,527.232,1.0,595.318,518.448,1.0,598.647,510.946,1.0,593.975,503.38,1.0,596.474,495.026,1.0,756.199,516.819,1.0,748.373,517.759,1.0,736.808,515.438,1.0,726.62,506.32,1.0,720.311,507.205,1.0
7,639.625,475.967,1.0,647.791,475.044,1.0,652.855,483.838,1.0,660.937,488.395,1.0,653.563,502.076,1.0,711.075,367.483,1.0,710.074,375.921,1.0,706.853,383.375,1.0,703.393,389.418,1.0,693.968,393.914,1.0,731.953,433.337,1.0,732.125,441.587,1.0,724.726,446.289,1.0,710.4,445.346,1.0,708.744,443.512,1.0,588.514,527.232,1.0,594.716,518.958,1.0,600.036,512.732,1.0,593.975,503.38,1.0,596.005,495.026,1.0,756.199,520.658,1.0,747.066,517.759,1.0,735.382,514.799,1.0,728.122,506.073,1.0,720.311,507.205,1.0
8,639.453,475.942,1.0,647.599,474.906,1.0,652.464,483.742,1.0,660.286,488.316,1.0,653.52,500.893,1.0,710.857,367.483,1.0,710.074,374.898,1.0,706.761,382.336,1.0,703.393,389.418,1.0,694.237,395.725,1.0,731.953,433.501,1.0,732.221,441.587,1.0,724.707,445.76,1.0,710.437,445.346,1.0,709.308,444.381,1.0,588.514,527.512,1.0,593.686,519.416,1.0,600.036,512.732,1.0,593.975,503.38,1.0,595.438,495.143,1.0,752.869,521.352,1.0,745.538,517.759,1.0,735.382,512.549,1.0,728.122,505.78,1.0,720.089,507.205,1.0
9,639.348,475.421,1.0,645.575,474.823,1.0,649.652,483.742,1.0,660.256,488.395,1.0,653.563,498.024,1.0,710.814,367.405,1.0,710.029,374.336,1.0,706.373,381.361,1.0,703.393,388.27,1.0,695.58,396.233,1.0,731.953,433.501,1.0,732.221,441.56,1.0,724.707,445.404,1.0,710.783,445.28,1.0,709.308,444.381,1.0,588.514,528.139,1.0,592.315,518.958,1.0,597.952,512.732,1.0,597.875,503.38,1.0,595.438,495.72,1.0,747.845,522.259,1.0,740.172,516.574,1.0,735.382,510.229,1.0,728.464,504.82,1.0,717.373,503.118,1.0
10,638.125,467.714,1.0,643.435,474.319,1.0,649.652,480.076,1.0,656.66,488.395,1.0,654.381,495.213,1.0,710.814,361.421,1.0,709.257,370.47,1.0,705.754,378.71,1.0,705.33,386.295,1.0,695.485,396.262,1.0,732.034,433.501,1.0,732.414,441.441,1.0,724.707,445.383,1.0,710.783,445.0,1.0,709.308,444.381,1.0,588.514,528.408,1.0,591.936,518.448,1.0,597.01,513.448,1.0,598.166,504.454,1.0,595.7,497.359,1.0,742.094,521.352,1.0,738.744,516.468,1.0,735.382,509.642,1.0,728.464,502.861,1.0,716.422,502.645,1.0
11,636.024,465.861,1.0,640.237,472.609,1.0,648.973,479.496,1.0,654.159,488.614,1.0,655.214,495.0,1.0,710.814,361.095,1.0,709.086,370.409,1.0,705.754,378.56,1.0,705.361,386.295,1.0,695.485,396.233,1.0,732.048,433.433,1.0,732.414,441.408,1.0,724.315,445.09,1.0,710.57,444.87,1.0,709.308,443.952,1.0,586.769,529.667,1.0,591.047,518.61,1.0,595.784,513.672,1.0,598.625,504.187,1.0,595.7,497.359,1.0,734.525,520.658,1.0,738.744,516.355,1.0,736.349,509.642,1.0,728.595,502.861,1.0,716.422,502.645,1.0
12,635.052,465.74,1.0,639.954,471.995,1.0,648.919,479.294,1.0,653.65,488.67,1.0,655.214,494.47,1.0,712.187,360.189,1.0,709.086,370.09,1.0,705.754,378.56,1.0,705.689,386.295,1.0,695.485,396.137,1.0,732.048,433.433,1.0,732.414,441.098,1.0,724.275,445.015,1.0,710.57,444.87,1.0,709.308,443.952,1.0,586.769,529.667,1.0,591.035,518.266,1.0,595.784,513.448,1.0,599.533,504.225,1.0,597.637,497.359,1.0,731.587,521.986,1.0,738.744,515.936,1.0,737.912,510.229,1.0,728.464,502.861,1.0,716.17,503.089,1.0
13,635.037,465.74,1.0,639.954,471.995,1.0,648.919,479.294,1.0,652.676,488.67,1.0,655.214,494.47,1.0,712.187,360.189,1.0,709.257,370.09,1.0,706.105,378.71,1.0,705.921,387.092,1.0,695.485,396.137,1.0,732.112,433.394,1.0,732.414,439.882,1.0,724.315,442.793,1.0,710.783,444.736,1.0,709.281,443.952,1.0,586.769,529.878,1.0,590.982,518.266,1.0,595.668,513.807,1.0,600.723,504.454,1.0,599.125,497.359,1.0,730.339,520.413,1.0,743.039,515.789,1.0,739.709,510.267,1.0,728.464,503.439,1.0,715.508,502.645,1.0
14,634.055,465.861,1.0,639.954,472.609,1.0,644.773,479.292,1.0,647.258,488.614,1.0,654.677,493.43,1.0,712.187,360.189,1.0,710.1,370.09,1.0,706.492,378.842,1.0,705.966,387.092,1.0,695.485,396.034,1.0,736.36,430.059,1.0,732.6,436.132,1.0,724.315,440.971,1.0,711.81,444.16,1.0,709.107,444.124,1.0,587.027,529.878,1.0,590.836,518.266,1.0,595.668,514.039,1.0,600.723,504.521,1.0,599.877,497.359,1.0,729.681,520.413,1.0,743.405,515.789,1.0,739.709,510.346,1.0,728.166,503.669,1.0,715.056,503.089,1.0
15,633.86,466.153,1.0,640.626,472.617,1.0,640.717,479.496,1.0,644.191,484.23,1.0,653.794,490.597,1.0,711.881,360.189,1.0,710.734,370.09,1.0,706.917,378.842,1.0,706.281,387.092,1.0,695.635,395.805,1.0,738.456,429.839,1.0,734.18,435.112,1.0,725.387,440.592,1.0,712.424,443.559,1.0,708.694,445.004,1.0,587.027,529.526,1.0,590.827,518.435,1.0,595.668,514.369,1.0,600.723,505.128,1.0,600.495,498.638,1.0,727.639,519.648,1.0,743.405,515.789,1.0,739.709,510.412,1.0,727.492,503.705,1.0,714.927,503.102,1.0
16,633.414,466.153,1.0,640.626,472.999,1.0,640.717,479.998,1.0,643.58,484.079,1.0,653.186,490.378,1.0,711.881,360.189,1.0,711.338,370.09,1.0,707.107,378.842,1.0,706.358,385.982,1.0,696.979,395.635,1.0,739.237,428.537,1.0,734.416,434.897,1.0,725.461,440.569,1.0,712.867,443.559,1.0,708.491,445.061,1.0,587.027,529.181,1.0,590.688,518.435,1.0,594.692,515.072,1.0,599.631,505.556,1.0,600.753,499.516,1.0,727.407,520.769,1.0,743.039,515.789,1.0,739.709,510.81,1.0,727.492,503.669,1.0,714.636,503.102,1.0
17,632.942,466.5,1.0,640.626,472.999,1.0,640.717,479.998,1.0,643.58,483.716,1.0,653.186,490.378,1.0,711.652,361.655,1.0,711.437,370.432,1.0,707.107,378.842,1.0,706.358,385.982,1.0,697.059,394.845,1.0,739.237,428.352,1.0,734.552,434.643,1.0,725.461,440.569,1.0,713.081,443.557,1.0,708.491,445.156,1.0,585.909,528.876,1.0,590.146,519.712,1.0,593.461,516.637,1.0,599.494,511.195,1.0,601.522,500.669,1.0,727.342,520.769,1.0,741.293,516.094,1.0,739.337,510.975,1.0,727.402,503.439,1.0,714.363,503.132,1.0
18,632.871,466.153,1.0,640.07,472.617,1.0,639.879,479.292,1.0,643.58,483.443,1.0,653.329,490.378,1.0,711.501,361.655,1.0,711.437,370.432,1.0,706.873,378.842,1.0,706.281,385.982,1.0,697.059,394.845,1.0,739.237,428.352,1.0,734.552,434.643,1.0,725.461,440.592,1.0,713.081,443.557,1.0,708.694,445.156,1.0,583.818,527.86,1.0,589.424,520.488,1.0,592.861,517.556,1.0,599.494,512.804,1.0,602.876,501.731,1.0,726.641,521.774,1.0,740.763,516.359,1.0,739.337,510.975,1.0,727.356,503.047,1.0,714.408,503.239,1.0
19,632.871,466.522,1.0,638.945,471.933,1.0,638.876,477.129,1.0,643.58,481.476,1.0,653.329,490.049,1.0,709.274,365.583,1.0,711.338,371.917,1.0,706.873,378.989,1.0,704.684,387.009,1.0,697.89,394.845,1.0,737.709,428.537,1.0,734.416,435.112,1.0,725.322,440.827,1.0,713.081,443.682,1.0,708.694,445.004,1.0,583.695,527.686,1.0,588.224,520.969,1.0,592.831,518.625,1.0,599.631,513.158,1.0,603.973,502.187,1.0,726.641,521.774,1.0,740.763,516.423,1.0,739.337,510.975,1.0,727.356,503.047,1.0,714.363,503.132,1.0
20,631.479,466.648,1.0,638.945,470.635,1.0,638.585,477.129,1.0,642.407,481.476,1.0,655.718,490.049,1.0,706.7,367.663,1.0,709.473,371.917,1.0,706.873,378.989,1.0,704.684,387.032,1.0,697.89,395.511,1.0,735.038,432.006,1.0,732.882,438.649,1.0,723.842,441.921,1.0,711.856,444.226,1.0,708.428,443.864,1.0,583.695,527.686,1.0,588.144,521.122,1.0,592.644,518.773,1.0,599.027,513.19,1.0,604.878,502.508,1.0,726.641,521.774,1.0,739.599,516.423,1.0,739.337,510.94,1.0,727.356,502.85,1.0,714.408,502.88,1.0
21,631.479,466.648,1.0,639.661,470.635,1.0,638.585,477.129,1.0,643.718,481.476,1.0,655.718,490.049,1.0,701.642,368.565,1.0,707.658,371.917,1.0,706.873,379.241,1.0,704.684,387.059,1.0,697.89,395.511,1.0,734.769,432.432,1.0,732.693,438.649,1.0,723.737,441.921,1.0,710.911,444.683,1.0,707.277,443.721,1.0,583.818,527.86,1.0,588.144,521.23,1.0,592.273,519.14,1.0,599.027,513.19,1.0,604.924,502.508,1.0,728.99,520.636,1.0,739.331,516.359,1.0,739.301,510.94,1.0,727.284,502.716,1.0,714.408,502.579,1.0
22,631.479,466.648,1.0,639.368,470.635,1.0,638.585,477.346,1.0,643.291,482.2,1.0,653.329,490.049,1.0,701.642,368.565,1.0,707.658,371.917,1.0,707.079,379.241,1.0,704.796,387.512,1.0,697.89,395.511,1.0,734.019,437.581,1.0,732.693,438.649,1.0,723.737,441.921,1.0,710.085,444.989,1.0,707.188,443.48,1.0,584.146,528.814,1.0,588.144,521.23,1.0,591.314,519.578,1.0,599.027,513.19,1.0,604.924,502.542,1.0,737.134,518.644,1.0,739.331,511.784,1.0,733.463,510.94,1.0,727.284,502.85,1.0,714.408,502.579,1.0
23,632.797,468.91,1.0,639.368,472.293,1.0,640.923,479.259,1.0,643.291,483.883,1.0,650.262,490.049,1.0,701.642,368.565,1.0,707.658,371.917,1.0,707.079,379.362,1.0,704.98,387.562,1.0,698.02,395.292,1.0,733.833,439.957,1.0,732.882,438.955,1.0,723.737,441.212,1.0,708.647,445.271,1.0,707.188,443.606,1.0,584.146,530.37,1.0,587.665,523.397,1.0,591.314,519.578,1.0,595.836,513.19,1.0,604.924,502.75,1.0,742.199,515.25,1.0,739.14,509.723,1.0,733.326,511.831,1.0,727.51,504.107,1.0,715.074,502.579,1.0
24,632.927,469.151,1.0,639.496,474.122,1.0,640.923,479.259,1.0,642.867,483.883,1.0,650.262,490.406,1.0,706.118,368.565,1.0,709.535,372.525,1.0,707.079,381.979,1.0,704.98,389.427,1.0,698.347,394.952,1.0,733.833,444.98,1.0,734.987,438.955,1.0,723.866,441.179,1.0,708.647,445.382,1.0,707.188,443.242,1.0,584.146,530.392,1.0,587.396,523.604,1.0,591.314,519.578,1.0,594.154,513.977,1.0,600.635,504.699,1.0,743.85,507.053,1.0,739.14,504.222,1.0,732.876,513.177,1.0,727.51,504.541,1.0,715.074,504.504,1.0
25,633.024,474.788,1.0,639.368,474.357,1.0,640.923,479.259,1.0,642.867,483.883,1.0,650.262,489.668,1.0,711.389,369.851,1.0,711.154,375.493,1.0,706.809,381.979,1.0,704.796,389.427,1.0,698.02,393.846,1.0,733.833,445.796,1.0,735.351,438.955,1.0,724.0,441.109,1.0,708.647,445.491,1.0,707.194,443.211,1.0,581.58,531.099,1.0,584.813,525.668,1.0,590.781,519.578,1.0,592.612,514.655,1.0,600.635,506.611,1.0,743.85,503.62,1.0,739.168,504.222,1.0,732.876,513.177,1.0,727.561,504.541,1.0,714.381,506.295,1.0
26,633.024,494.326,1.0,638.897,479.846,1.0,639.574,478.059,1.0,641.404,481.23,1.0,660.443,485.538,1.0,715.262,370.405,1.0,711.612,375.493,1.0,706.809,381.979,1.0,704.384,389.427,1.0,696.499,393.052,1.0,737.159,445.796,1.0,735.76,439.585,1.0,724.285,441.109,1.0,711.391,445.382,1.0,707.492,443.211,1.0,581.58,531.555,1.0,584.813,525.668,1.0,591.718,519.578,1.0,592.612,514.655,1.0,600.321,506.611,1.0,743.85,501.957,1.0,739.528,504.015,1.0,732.876,513.635,1.0,728.812,504.541,1.0,714.233,506.904,1.0
27,633.024,494.326,1.0,636.172,484.606,1.0,638.593,478.059,1.0,641.35,478.605,1.0,661.004,484.951,1.0,718.772,375.836,1.0,712.563,375.493,1.0,706.809,380.236,1.0,704.16,389.045,1.0,696.499,391.859,1.0,738.454,445.796,1.0,736.174,439.585,1.0,724.474,441.179,1.0,712.108,445.613,1.0,707.522,443.078,1.0,581.58,531.624,1.0,584.813,525.668,1.0,591.718,519.761,1.0,592.612,515.238,1.0,600.321,506.611,1.0,742.228,500.827,1.0,739.66,504.015,1.0,737.253,513.635,1.0,728.921,503.511,1.0,714.233,506.363,1.0
28,632.871,494.326,1.0,635.971,484.828,1.0,638.593,478.059,1.0,641.146,478.18,1.0,661.004,484.951,1.0,719.994,384.684,1.0,717.756,372.65,1.0,707.303,378.044,1.0,702.941,387.981,1.0,695.634,391.549,1.0,740.046,445.142,1.0,737.753,439.585,1.0,724.59,441.257,1.0,712.262,445.62,1.0,707.961,443.078,1.0,586.498,532.852,1.0,585.071,525.668,1.0,590.781,519.761,1.0,593.68,515.34,1.0,599.616,505.639,1.0,740.07,497.144,1.0,739.66,504.428,1.0,737.253,509.663,1.0,728.921,503.511,1.0,714.233,506.363,1.0
29,632.087,493.791,1.0,635.227,486.703,1.0,638.593,478.254,1.0,640.994,478.098,1.0,660.47,484.892,1.0,721.702,385.623,1.0,719.093,372.65,1.0,707.684,378.044,1.0,702.931,387.297,1.0,695.49,391.549,1.0,740.314,444.539,1.0,738.106,439.308,1.0,724.654,441.345,1.0,712.276,445.727,1.0,708.397,442.687,1.0,587.715,533.034,1.0,585.358,528.033,1.0,590.52,519.761,1.0,594.188,515.481,1.0,599.616,505.639,1.0,740.07,496.569,1.0,739.66,504.643,1.0,737.253,509.663,1.0,728.921,503.511,1.0,714.233,506.363,1.0
30,631.998,493.791,1.0,634.359,486.947,1.0,638.593,478.318,1.0,641.146,478.098,1.0,660.47,484.951,1.0,722.072,385.666,1.0,719.408,372.65,1.0,707.957,378.044,1.0,702.582,387.297,1.0,695.49,391.549,1.0,740.765,444.539,1.0,738.501,439.259,1.0,724.654,441.397,1.0,712.355,446.111,1.0,708.42,442.687,1.0,587.983,533.034,1.0,589.71,528.033,1.0,590.458,519.761,1.0,594.188,517.247,1.0,599.616,505.639,1.0,740.07,496.201,1.0,738.817,504.428,1.0,737.238,509.903,1.0,728.858,504.209,1.0,715.335,505.17,1.0
31,631.753,493.791,1.0,634.241,487.724,1.0,638.463,478.318,1.0,640.994,477.682,1.0,658.766,485.051,1.0,723.13,386.185,1.0,719.604,373.628,1.0,708.754,377.953,1.0,702.463,387.195,1.0,695.634,391.949,1.0,740.793,444.535,1.0,738.531,439.254,1.0,724.59,441.345,1.0,712.42,446.226,1.0,708.579,442.888,1.0,587.983,533.669,1.0,589.739,528.07,1.0,590.404,519.56,1.0,593.68,517.247,1.0,599.652,505.79,1.0,740.759,496.007,1.0,738.792,504.428,1.0,736.506,509.903,1.0,728.597,504.52,1.0,715.897,504.014,1.0
32,629.508,498.242,1.0,634.241,488.118,1.0,636.396,478.402,1.0,640.545,477.382,1.0,658.234,485.12,1.0,723.255,386.185,1.0,719.769,373.826,1.0,708.89,377.953,1.0,702.353,387.065,1.0,696.157,392.773,1.0,740.793,444.539,1.0,738.571,439.038,1.0,724.515,441.257,1.0,712.571,446.226,1.0,708.686,442.947,1.0,588.387,533.734,1.0,590.0,528.07,1.0,590.404,519.56,1.0,593.68,517.247,1.0,599.675,505.79,1.0,740.759,496.569,1.0,738.792,504.301,1.0,736.506,509.903,1.0,728.597,504.52,1.0,715.897,504.014,1.0
33,629.508,498.242,1.0,630.047,488.118,1.0,636.396,478.318,1.0,640.231,477.364,1.0,657.995,485.137,1.0,723.512,386.185,1.0,719.917,373.841,1.0,708.923,377.953,1.0,702.353,386.883,1.0,696.157,392.903,1.0,741.0,444.591,1.0,738.573,439.075,1.0,724.284,441.194,1.0,712.715,446.495,1.0,708.686,442.947,1.0,588.387,533.734,1.0,590.181,528.07,1.0,590.426,519.56,1.0,593.645,517.028,1.0,599.893,505.79,1.0,741.204,496.569,1.0,738.792,503.999,1.0,736.235,509.903,1.0,728.735,504.978,1.0,715.897,504.014,1.0
34,628.987,498.242,1.0,630.047,488.279,1.0,636.396,478.318,1.0,640.545,477.364,1.0,657.672,485.296,1.0,728.622,378.167,1.0,720.185,374.108,1.0,709.028,377.331,1.0,701.911,386.55,1.0,696.157,392.951,1.0,741.125,444.629,1.0,738.7,439.075,1.0,724.274,441.194,1.0,712.715,446.495,1.0,708.722,443.229,1.0,588.387,533.931,1.0,590.181,528.07,1.0,590.404,519.56,1.0,593.198,516.714,1.0,599.991,505.79,1.0,741.466,499.066,1.0,739.615,503.999,1.0,736.333,509.874,1.0,728.735,504.978,1.0,715.789,504.098,1.0
35,628.987,497.984,1.0,630.703,488.118,1.0,637.351,478.402,1.0,640.545,477.364,1.0,657.345,485.296,1.0,728.622,378.167,1.0,720.187,374.115,1.0,709.028,377.329,1.0,701.911,386.327,1.0,696.157,392.951,1.0,741.277,444.629,1.0,738.714,439.075,1.0,724.271,441.138,1.0,712.715,446.11,1.0,708.722,443.303,1.0,588.387,533.931,1.0,590.568,528.07,1.0,590.404,519.56,1.0,593.159,516.714,1.0,599.991,505.79,1.0,741.64,499.066,1.0,739.685,504.301,1.0,736.333,509.551,1.0,728.563,504.676,1.0,715.527,504.261,1.0
36,629.508,496.393,1.0,632.516,487.264,1.0,637.579,478.402,1.0,640.969,478.126,1.0,657.345,485.296,1.0,728.622,378.167,1.0,720.187,374.115,1.0,709.028,377.329,1.0,701.911,385.967,1.0,696.157,393.343,1.0,741.905,444.644,1.0,738.925,439.501,1.0,724.271,441.138,1.0,712.715,446.101,1.0,708.722,443.317,1.0,588.545,533.941,1.0,590.412,529.147,1.0,590.378,519.591,1.0,592.204,516.714,1.0,600.064,507.012,1.0,741.917,499.066,1.0,739.807,503.635,1.0,736.333,509.551,1.0,728.735,504.435,1.0,714.684,504.261,1.0
37,630.534,494.912,1.0,632.516,486.715,1.0,637.75,478.012,1.0,642.712,478.71,1.0,654.798,485.462,1.0,725.071,386.443,1.0,720.187,374.191,1.0,709.148,377.331,1.0,702.004,385.376,1.0,696.353,393.545,1.0,742.019,444.644,1.0,738.925,439.62,1.0,724.271,441.044,1.0,712.805,445.96,1.0,708.602,443.303,1.0,589.064,534.232,1.0,590.593,529.304,1.0,590.255,521.036,1.0,591.993,517.01,1.0,599.991,508.767,1.0,742.117,499.033,1.0,739.939,504.365,1.0,736.189,509.767,1.0,728.443,504.435,1.0,714.661,504.261,1.0
38,629.598,492.961,1.0,637.643,483.387,1.0,641.056,476.622,1.0,642.712,479.384,1.0,654.097,485.462,1.0,724.961,386.596,1.0,720.185,374.559,1.0,708.991,377.608,1.0,702.31,384.374,1.0,697.678,394.079,1.0,743.589,445.134,1.0,739.506,439.74,1.0,724.652,440.544,1.0,712.804,445.931,1.0,708.588,443.317,1.0,589.291,534.547,1.0,590.593,529.681,1.0,589.439,522.094,1.0,589.855,519.249,1.0,599.712,508.767,1.0,745.408,499.033,1.0,739.874,504.984,1.0,736.189,509.556,1.0,728.304,504.409,1.0,714.575,504.155,1.0
39,629.598,483.774,1.0,637.643,482.681,1.0,642.792,476.622,1.0,642.486,481.224,1.0,654.798,485.161,1.0,724.961,386.596,1.0,720.022,374.498,1.0,708.883,378.661,1.0,702.31,384.306,1.0,698.562,394.079,1.0,744.163,445.269,1.0,739.617,440.012,1.0,725.106,440.538,1.0,712.893,445.931,1.0,708.477,443.362,1.0,591.76,538.522,1.0,590.593,531.283,1.0,586.806,523.125,1.0,588.17,520.032,1.0,599.418,508.767,1.0,745.408,499.033,1.0,739.874,504.365,1.0,736.18,509.767,1.0,728.304,504.435,1.0,714.575,504.041,1.0
40,629.598,483.542,1.0,637.643,482.681,1.0,642.792,476.441,1.0,642.486,481.224,1.0,656.784,485.161,1.0,725.071,386.443,1.0,719.676,374.559,1.0,708.639,379.353,1.0,702.264,384.306,1.0,700.036,394.673,1.0,745.833,445.269,1.0,739.649,440.559,1.0,725.879,440.417,1.0,712.893,445.931,1.0,708.231,443.362,1.0,592.612,539.909,1.0,590.478,533.11,1.0,586.293,524.262,1.0,587.659,520.639,1.0,597.739,508.725,1.0,745.408,499.255,1.0,739.874,504.189,1.0,735.265,509.931,1.0,728.279,503.905,1.0,714.575,504.041,1.0
41,628.784,483.457,1.0,635.02,482.458,1.0,642.792,476.27,1.0,642.486,481.386,1.0,656.784,485.161,1.0,725.217,386.385,1.0,719.676,375.145,1.0,708.639,379.399,1.0,702.181,384.239,1.0,700.555,394.673,1.0,746.021,445.269,1.0,739.816,440.65,1.0,726.084,440.417,1.0,712.804,445.842,1.0,707.984,443.362,1.0,592.612,540.383,1.0,590.478,534.341,1.0,586.219,525.101,1.0,587.606,520.639,1.0,597.73,506.7,1.0,745.066,509.038,1.0,739.303,504.365,1.0,732.27,511.397,1.0,726.61,503.732,1.0,715.274,504.041,1.0
42,628.342,480.631,1.0,635.02,482.458,1.0,642.792,476.622,1.0,642.486,481.386,1.0,656.784,485.161,1.0,725.391,386.195,1.0,719.676,376.543,1.0,708.639,380.354,1.0,702.264,384.005,1.0,701.296,394.673,1.0,746.182,444.962,1.0,739.911,440.848,1.0,726.094,440.249,1.0,712.304,445.794,1.0,707.715,443.474,1.0,592.632,540.669,1.0,590.478,534.476,1.0,586.219,525.405,1.0,587.606,520.912,1.0,596.671,506.7,1.0,744.815,513.951,1.0,738.704,504.984,1.0,732.083,511.397,1.0,726.599,503.732,1.0,715.968,505.507,1.0
43,628.342,479.763,1.0,635.02,481.683,1.0,642.792,478.208,1.0,642.682,481.386,1.0,656.784,490.102,1.0,730.169,385.361,1.0,720.7,377.671,1.0,711.305,380.736,1.0,702.264,383.33,1.0,702.065,394.304,1.0,746.182,444.745,1.0,739.911,440.848,1.0,726.382,440.417,1.0,712.304,445.718,1.0,707.715,443.554,1.0,592.612,540.669,1.0,590.478,534.476,1.0,586.219,525.623,1.0,587.659,520.639,1.0,596.421,507.302,1.0,744.814,514.607,1.0,738.704,506.396,1.0,732.083,511.397,1.0,726.599,503.638,1.0,715.968,506.337,1.0
44,628.342,478.899,1.0,635.904,481.178,1.0,643.114,478.198,1.0,642.682,481.468,1.0,653.219,490.102,1.0,730.417,385.361,1.0,720.954,380.977,1.0,711.54,382.733,1.0,704.084,383.263,1.0,702.065,393.522,1.0,746.182,444.745,1.0,739.816,440.65,1.0,726.894,440.417,1.0,712.304,445.088,1.0,707.984,443.474,1.0,592.354,540.383,1.0,591.319,534.476,1.0,586.035,525.727,1.0,589.527,520.265,1.0,595.979,507.302,1.0,742.169,516.205,1.0,738.704,506.639,1.0,732.27,509.565,1.0,726.61,503.638,1.0,715.274,506.337,1.0
45,629.421,477.607,1.0,635.904,481.108,1.0,643.114,478.916,1.0,642.682,483.195,1.0,651.664,490.102,1.0,730.417,384.715,1.0,721.803,380.995,1.0,711.593,382.953,1.0,704.113,380.46,1.0,702.065,393.219,1.0,746.182,444.962,1.0,737.069,440.153,1.0,727.287,440.476,1.0,712.593,444.541,1.0,708.656,443.474,1.0,590.832,540.161,1.0,593.221,534.158,1.0,586.219,527.518,1.0,590.151,520.265,1.0,594.605,509.431,1.0,742.169,522.708,1.0,737.328,513.176,1.0,734.899,509.565,1.0,726.97,503.721,1.0,715.009,506.506,1.0
46,631.977,472.101,1.0,636.932,479.025,1.0,643.114,478.916,1.0,642.512,483.593,1.0,651.0,490.154,1.0,730.417,385.061,1.0,721.976,381.207,1.0,711.593,382.974,1.0,704.199,380.46,1.0,702.065,393.089,1.0,743.084,445.181,1.0,737.069,439.877,1.0,727.421,440.379,1.0,712.865,444.508,1.0,708.656,443.421,1.0,590.254,540.161,1.0,593.221,534.158,1.0,586.957,528.023,1.0,590.151,520.265,1.0,594.435,510.09,1.0,744.814,522.708,1.0,737.328,516.045,1.0,734.899,509.565,1.0,726.999,503.881,1.0,714.841,506.568,1.0
47,638.033,466.584,1.0,637.959,474.356,1.0,641.438,478.198,1.0,641.946,483.616,1.0,651.143,490.154,1.0,730.417,385.282,1.0,722.02,381.207,1.0,712.075,382.974,1.0,704.57,380.46,1.0,702.065,392.896,1.0,742.844,445.181,1.0,736.994,439.804,1.0,728.251,440.379,1.0,712.965,444.499,1.0,708.656,443.421,1.0,590.099,540.161,1.0,593.221,534.158,1.0,589.156,528.751,1.0,589.837,520.265,1.0,594.378,511.542,1.0,748.448,522.708,1.0,737.653,517.594,1.0,734.899,510.953,1.0,727.138,503.721,1.0,714.317,506.579,1.0
48,638.033,465.285,1.0,638.705,474.356,1.0,641.412,478.198,1.0,641.946,483.616,1.0,651.285,490.461,1.0,730.517,385.282,1.0,722.781,381.722,1.0,714.331,383.039,1.0,707.022,381.183,1.0,702.085,391.029,1.0,742.713,445.181,1.0,736.994,439.645,1.0,728.251,440.137,1.0,712.965,444.499,1.0,708.602,443.322,1.0,589.533,544.967,1.0,591.185,535.027,1.0,589.302,530.244,1.0,589.527,520.648,1.0,593.214,513.134,1.0,748.448,519.978,1.0,737.653,517.594,1.0,734.472,511.21,1.0,727.138,503.721,1.0,714.063,506.568,1.0
49,638.033,465.285,1.0,637.959,471.718,1.0,640.235,478.656,1.0,640.989,483.593,1.0,651.143,490.461,1.0,731.047,385.282,1.0,723.68,382.186,1.0,715.39,383.039,1.0,708.336,381.22,1.0,702.085,389.689,1.0,742.713,445.37,1.0,737.069,439.525,1.0,728.251,440.137,1.0,712.865,444.499,1.0,708.602,443.339,1.0,589.533,545.026,1.0,590.8,536.818,1.0,589.302,530.403,1.0,587.601,520.648,1.0,591.384,515.304,1.0,748.448,518.711,1.0,737.653,517.594,1.0,732.689,511.21,1.0,727.138,502.859,1.0,713.162,506.568,1.0
50,633.812,465.285,1.0,637.959,470.893,1.0,639.149,478.656,1.0,641.946,483.074,1.0,651.0,490.154,1.0,731.047,385.803,1.0,723.68,382.285,1.0,715.39,383.039,1.0,708.336,381.22,1.0,702.085,389.123,1.0,741.233,445.825,1.0,736.994,439.35,1.0,727.968,440.137,1.0,712.639,444.672,1.0,708.364,443.322,1.0,589.533,546.217,1.0,590.635,538.118,1.0,589.302,530.797,1.0,587.601,520.355,1.0,589.48,515.304,1.0,745.262,517.514,1.0,737.653,514.355,1.0,729.145,510.953,1.0,724.116,502.859,1.0,712.425,506.604,1.0
51,632.627,465.285,1.0,637.321,470.537,1.0,638.891,478.656,1.0,642.41,481.994,1.0,649.79,489.988,1.0,731.269,386.077,1.0,723.68,382.502,1.0,715.39,382.972,1.0,708.336,381.22,1.0,701.524,389.123,1.0,739.863,445.124,1.0,736.338,438.957,1.0,724.702,441.069,1.0,711.722,444.757,1.0,708.268,443.339,1.0,589.533,546.401,1.0,590.635,538.118,1.0,589.477,530.967,1.0,587.601,520.648,1.0,588.339,515.304,1.0,730.7,517.514,1.0,737.143,512.536,1.0,729.145,510.013,1.0,721.534,502.14,1.0,710.958,507.557,1.0
52,628.751,463.966,1.0,633.913,471.718,1.0,638.891,478.671,1.0,642.41,481.994,1.0,649.79,489.988,1.0,731.269,386.077,1.0,723.476,382.529,1.0,715.308,382.644,1.0,708.336,380.638,1.0,701.524,389.123,1.0,738.433,444.839,1.0,736.135,438.888,1.0,724.108,441.65,1.0,711.291,444.757,1.0,708.256,443.339,1.0,589.533,546.512,1.0,590.635,538.258,1.0,589.619,531.25,1.0,587.771,520.937,1.0,588.023,515.304,1.0,727.462,517.514,1.0,734.455,512.536,1.0,729.145,509.487,1.0,721.348,502.14,1.0,710.781,508.643,1.0
53,628.751,467.483,1.0,633.913,471.718,1.0,639.149,478.656,1.0,642.296,481.994,1.0,649.79,489.464,1.0,731.269,386.077,1.0,723.476,382.583,1.0,715.308,382.644,1.0,708.336,380.638,1.0,701.524,389.123,1.0,734.929,439.136,1.0,732.323,436.063,1.0,724.108,442.257,1.0,710.311,444.757,1.0,707.887,443.339,1.0,586.183,547.056,1.0,590.491,538.886,1.0,590.92,532.847,1.0,588.543,522.396,1.0,588.023,515.304,1.0,727.462,522.896,1.0,732.301,512.536,1.0,730.042,509.487,1.0,721.348,503.326,1.0,710.781,508.958,1.0
54,628.751,468.015,1.0,633.913,471.778,1.0,640.024,478.671,1.0,645.563,483.575,1.0,650.207,489.464,1.0,731.461,385.078,1.0,723.476,382.583,1.0,715.308,382.408,1.0,708.941,380.41,1.0,701.698,389.123,1.0,731.498,438.459,1.0,729.353,435.058,1.0,724.108,443.993,1.0,707.669,444.676,1.0,706.331,443.129,1.0,586.183,547.215,1.0,590.491,539.098,1.0,590.92,533.145,1.0,588.543,522.817,1.0,588.023,515.54,1.0,727.462,524.006,1.0,731.459,512.941,1.0,730.296,509.518,1.0,721.534,503.62,1.0,710.958,509.051,1.0
55,630.084,469.85,1.0,636.396,475.13,1.0,642.637,478.474,1.0,645.563,486.612,1.0,652.606,489.988,1.0,731.789,385.008,1.0,726.068,382.583,1.0,717.419,382.309,1.0,711.758,380.638,1.0,702.671,388.801,1.0,730.894,430.058,1.0,728.129,433.667,1.0,724.553,444.192,1.0,707.593,444.288,1.0,705.657,443.089,1.0,586.183,547.829,1.0,591.843,540.664,1.0,591.099,534.882,1.0,588.543,523.934,1.0,588.446,517.932,1.0,727.698,524.014,1.0,731.459,513.403,1.0,730.296,509.547,1.0,721.56,503.62,1.0,711.862,509.143,1.0
56,630.778,477.84,0.996999979019165,638.251,478.201,0.9990000128746033,645.456,476.624,1.0,645.563,489.707,1.0,652.606,491.277,0.9980000257492065,735.797,380.769,1.0,727.787,377.783,1.0,718.653,382.246,1.0,711.849,380.638,1.0,702.671,388.369,1.0,729.75,429.375,1.0,728.129,433.667,1.0,725.307,444.205,1.0,706.942,444.208,1.0,705.434,443.089,1.0,590.342,553.155,1.0,594.949,546.224,1.0,591.036,534.882,1.0,587.515,523.934,1.0,589.434,519.21,1.0,727.698,524.143,1.0,731.12,513.627,1.0,730.296,509.518,1.0,721.978,503.62,1.0,711.862,509.143,1.0
57,632.949,482.314,1.0,643.048,482.312,1.0,645.456,476.303,1.0,646.096,489.912,1.0,652.606,493.52,1.0,736.242,380.039,1.0,728.581,377.137,1.0,719.48,381.866,1.0,712.114,380.41,1.0,702.671,388.262,1.0,729.408,427.934,1.0,728.129,433.667,1.0,725.498,444.205,1.0,706.942,444.01,1.0,705.434,443.065,1.0,590.954,553.155,1.0,595.472,546.224,1.0,591.036,534.725,1.0,587.515,523.934,1.0,589.434,520.012,1.0,727.698,524.493,1.0,730.751,513.987,1.0,730.296,509.518,1.0,721.981,503.62,1.0,712.822,509.512,1.0
58,636.25,492.178,1.0,643.048,482.51,1.0,645.456,476.218,1.0,646.096,489.912,1.0,651.812,493.539,1.0,736.242,380.039,1.0,728.581,376.932,1.0,719.48,381.446,1.0,712.114,380.41,1.0,702.693,388.262,1.0,728.844,427.445,1.0,728.058,433.667,1.0,725.923,444.205,1.0,706.942,444.01,1.0,705.63,443.089,1.0,591.986,553.155,1.0,595.472,546.224,1.0,591.099,534.725,1.0,587.515,523.934,1.0,589.563,520.012,1.0,726.907,527.201,1.0,730.315,516.905,1.0,730.713,509.095,1.0,723.681,502.03,1.0,712.822,510.349,1.0
59,636.401,493.951,1.0,640.27,486.254,1.0,643.158,476.218,1.0,646.096,489.912,1.0,651.552,494.827,1.0,736.242,380.039,1.0,727.787,376.932,1.0,718.653,381.31,1.0,711.849,380.688,1.0,702.693,388.262,1.0,728.712,427.281,1.0,729.165,441.648,1.0,726.007,444.205,1.0,706.873,443.995,1.0,705.434,443.136,1.0,601.394,550.212,1.0,595.472,545.396,1.0,591.617,534.595,1.0,588.31,523.855,1.0,589.563,520.141,1.0,725.98,527.201,1.0,728.589,518.565,1.0,730.839,508.986,1.0,723.969,502.013,1.0,712.822,510.349,1.0
60,636.401,493.951,1.0,640.293,489.13,1.0,643.158,476.303,1.0,645.249,487.414,1.0,651.354,497.619,1.0,733.977,381.748,1.0,725.996,376.932,1.0,717.61,381.007,1.0,710.625,380.041,1.0,702.574,388.362,1.0,728.253,427.281,1.0,729.242,441.648,1.0,726.102,444.205,1.0,706.942,443.751,1.0,705.434,443.136,1.0,602.481,550.212,1.0,590.109,545.093,1.0,591.932,534.595,1.0,588.558,523.855,1.0,589.446,520.22,1.0,725.017,527.201,1.0,728.589,518.565,1.0,730.967,508.986,1.0,724.245,501.192,1.0,712.822,510.349,1.0
61,636.401,493.951,1.0,640.27,489.961,1.0,643.158,477.839,1.0,644.854,486.84,1.0,651.008,498.38,1.0,732.636,382.909,1.0,725.99,377.787,1.0,713.105,380.837,1.0,707.992,380.041,1.0,702.574,388.362,1.0,727.764,427.445,1.0,730.638,440.781,1.0,726.282,444.029,1.0,707.344,443.751,1.0,705.173,443.065,1.0,602.718,550.212,1.0,590.109,545.093,1.0,592.112,534.725,1.0,588.558,524.262,1.0,589.673,520.22,1.0,723.633,526.594,1.0,728.589,518.586,1.0,731.459,509.095,1.0,725.105,500.08,1.0,713.48,506.693,1.0
62,636.313,494.215,1.0,640.009,489.982,1.0,643.158,478.62,1.0,644.676,486.778,1.0,650.821,498.38,1.0,725.776,392.052,1.0,723.972,378.305,1.0,713.105,381.31,1.0,706.264,380.041,1.0,700.824,388.665,1.0,724.986,435.5,1.0,731.094,440.474,1.0,726.409,444.024,1.0,707.486,443.751,1.0,705.166,443.136,1.0,603.804,550.824,1.0,590.109,545.093,1.0,592.112,535.647,1.0,588.558,524.6,1.0,589.673,520.238,1.0,723.074,525.87,1.0,728.61,518.586,1.0,731.51,509.381,1.0,726.536,500.08,1.0,715.762,505.178,1.0
63,636.313,496.093,1.0,640.009,490.765,1.0,643.158,479.559,1.0,643.544,485.187,1.0,650.665,498.38,1.0,717.215,393.45,1.0,721.645,384.433,1.0,713.105,380.513,1.0,706.264,378.176,1.0,700.776,389.313,1.0,724.565,435.908,1.0,731.094,440.714,1.0,726.409,443.902,1.0,707.534,443.982,1.0,705.166,443.136,1.0,603.804,550.824,1.0,590.109,545.111,1.0,592.112,535.885,1.0,588.868,525.284,1.0,589.673,520.773,1.0,722.71,525.87,1.0,728.744,518.767,1.0,731.946,509.381,1.0,727.107,500.08,1.0,717.243,505.178,1.0
64,635.526,496.853,1.0,639.597,491.525,1.0,643.315,480.747,1.0,641.319,483.541,1.0,650.479,497.893,1.0,714.36,393.964,1.0,719.099,385.115,1.0,714.79,380.513,1.0,706.264,378.176,1.0,700.592,389.424,1.0,724.089,436.048,1.0,730.747,440.474,1.0,726.409,443.772,1.0,707.534,444.164,1.0,704.961,443.431,1.0,603.804,551.229,1.0,590.109,546.159,1.0,592.33,535.893,1.0,590.259,528.58,1.0,589.741,521.953,1.0,722.71,525.638,1.0,728.744,519.154,1.0,731.946,510.445,1.0,727.107,505.213,1.0,717.243,505.442,1.0
65,635.526,498.256,1.0,639.316,493.542,1.0,643.315,482.593,1.0,640.713,483.298,1.0,650.052,497.681,1.0,711.059,396.998,1.0,718.924,386.961,1.0,716.175,381.206,1.0,709.586,378.129,1.0,700.776,389.719,1.0,723.781,436.048,1.0,730.747,440.474,1.0,726.041,443.652,1.0,707.486,444.164,1.0,705.166,443.532,1.0,602.649,551.302,1.0,590.278,548.323,1.0,592.046,536.236,1.0,590.259,529.349,1.0,590.597,522.809,1.0,722.71,525.638,1.0,728.744,519.567,1.0,731.51,510.445,1.0,726.63,505.213,1.0,717.85,505.442,1.0
66,635.494,498.448,1.0,639.301,493.638,1.0,643.292,483.83,1.0,640.384,482.407,1.0,650.052,497.534,1.0,711.059,397.151,1.0,718.772,387.522,1.0,716.2,381.348,1.0,709.62,378.084,1.0,700.805,389.953,1.0,723.658,436.12,1.0,730.171,440.288,1.0,725.835,443.216,1.0,707.534,444.164,1.0,705.404,443.664,1.0,602.433,551.302,1.0,590.278,548.323,1.0,592.046,535.885,1.0,590.484,530.113,1.0,591.033,522.854,1.0,722.71,525.87,1.0,726.18,520.707,1.0,730.607,511.282,1.0,726.63,505.213,1.0,717.85,505.815,1.0
67,635.452,498.737,1.0,639.301,493.651,1.0,643.292,483.83,1.0,639.34,482.234,1.0,649.837,497.177,1.0,711.059,397.515,1.0,718.725,387.958,1.0,716.243,381.34,1.0,709.694,378.084,1.0,700.805,390.197,1.0,723.584,436.133,1.0,730.162,440.272,1.0,725.835,443.212,1.0,707.598,444.064,1.0,705.404,443.733,1.0,602.433,550.597,1.0,590.278,548.538,1.0,592.046,536.307,1.0,590.259,530.955,1.0,591.059,522.809,1.0,722.185,526.177,1.0,726.064,521.08,1.0,730.561,511.525,1.0,727.452,501.204,1.0,718.043,505.815,1.0
68,634.538,498.737,1.0,639.301,494.671,1.0,643.292,485.334,1.0,640.384,482.234,1.0,650.052,496.533,1.0,714.545,397.515,1.0,718.772,387.958,1.0,716.243,381.34,1.0,709.694,378.074,1.0,700.805,390.197,1.0,723.584,436.133,1.0,730.162,440.12,1.0,725.835,442.886,1.0,707.598,443.886,1.0,705.22,443.664,1.0,602.649,550.597,1.0,595.07,548.323,1.0,592.046,536.327,1.0,590.711,531.54,1.0,591.059,522.809,1.0,715.504,527.269,1.0,719.869,523.259,1.0,726.446,512.946,1.0,726.718,501.204,1.0,718.388,505.815,1.0
69,634.213,509.125,1.0,639.301,495.195,1.0,640.039,489.073,1.0,640.713,482.234,1.0,650.052,491.965,1.0,716.33,397.515,1.0,718.772,387.958,1.0,716.175,381.34,1.0,709.694,378.074,1.0,700.805,390.197,1.0,723.658,436.12,1.0,729.948,440.12,1.0,725.931,442.886,1.0,707.982,443.831,1.0,705.451,443.664,1.0,606.119,550.597,1.0,598.907,548.323,1.0,589.274,540.035,1.0,590.38,532.233,1.0,591.059,521.125,1.0,715.367,527.269,1.0,719.811,523.488,1.0,725.813,513.943,1.0,726.718,501.204,1.0,718.388,505.324,1.0
70,632.546,510.718,1.0,639.202,497.646,1.0,639.087,489.665,1.0,645.659,484.556,1.0,650.218,491.756,1.0,718.967,392.982,1.0,720.541,385.0,1.0,713.482,381.247,1.0,704.653,378.074,1.0,699.757,389.973,1.0,724.176,435.95,1.0,729.905,440.052,1.0,725.931,442.886,1.0,707.982,443.831,1.0,705.465,443.733,1.0,606.671,550.597,1.0,601.116,548.686,1.0,589.274,540.503,1.0,590.72,532.934,1.0,590.741,521.034,1.0,715.367,527.269,1.0,719.811,523.568,1.0,725.813,515.826,1.0,727.685,502.257,1.0,718.449,504.103,1.0
71,632.379,512.562,1.0,639.202,500.972,1.0,638.927,491.528,1.0,645.659,485.768,1.0,650.218,490.262,1.0,718.96,381.693,1.0,720.541,380.151,1.0,712.124,381.247,1.0,704.653,382.014,1.0,699.004,389.973,1.0,727.162,435.95,1.0,730.162,439.379,1.0,725.931,442.886,1.0,707.982,443.886,1.0,705.22,443.733,1.0,606.895,553.48,1.0,601.709,549.722,1.0,589.274,540.764,1.0,590.676,533.009,1.0,590.741,520.476,1.0,715.504,527.269,1.0,719.811,523.871,1.0,725.22,515.972,1.0,727.379,502.769,1.0,718.591,503.559,1.0
72,631.837,512.562,1.0,639.036,500.972,1.0,638.763,491.528,1.0,645.659,485.768,1.0,650.753,488.725,1.0,718.96,381.057,1.0,720.541,376.067,1.0,711.679,381.247,1.0,704.653,382.872,1.0,699.004,389.852,1.0,727.544,435.95,1.0,729.381,436.673,1.0,723.819,443.167,1.0,708.616,444.093,1.0,704.716,444.662,1.0,606.895,553.48,1.0,601.237,549.722,1.0,589.274,540.764,1.0,590.72,533.009,1.0,590.741,520.476,1.0,717.166,527.774,1.0,719.705,523.923,1.0,724.934,516.989,1.0,726.93,503.017,1.0,718.591,503.349,1.0
73,631.837,512.745,1.0,638.641,501.017,1.0,638.714,491.785,1.0,645.618,485.768,1.0,650.958,487.692,1.0,722.255,377.996,0.9990000128746033,720.541,375.596,0.9990000128746033,711.679,383.002,1.0,705.347,384.351,1.0,699.004,389.955,0.996999979019165,729.606,438.61,1.0,728.821,436.534,1.0,720.178,443.167,1.0,708.638,444.093,1.0,705.396,445.527,1.0,606.671,553.48,1.0,601.237,549.722,1.0,589.274,540.503,1.0,590.72,532.934,1.0,590.921,520.97,1.0,718.348,528.178,1.0,719.578,524.808,1.0,724.934,517.253,1.0,727.128,503.017,1.0,718.591,503.349,1.0
74,631.837,512.745,1.0,638.641,501.423,1.0,638.714,491.885,1.0,645.318,485.861,1.0,651.301,487.618,1.0,723.992,376.044,1.0,720.063,372.777,1.0,711.679,384.145,1.0,707.014,384.723,1.0,700.231,389.852,1.0,728.621,439.258,1.0,728.068,436.342,1.0,719.671,442.757,1.0,714.489,444.093,1.0,704.716,446.176,1.0,605.933,551.052,1.0,601.237,549.342,1.0,589.849,540.477,1.0,590.822,532.934,1.0,590.921,520.244,1.0,718.526,528.833,1.0,718.878,524.808,1.0,724.934,517.266,1.0,727.137,503.017,1.0,718.918,503.349,1.0
75,631.753,512.824,1.0,638.365,501.899,1.0,638.601,492.638,1.0,643.96,485.861,1.0,653.67,486.864,1.0,724.095,368.847,1.0,720.063,371.979,1.0,714.842,384.462,1.0,707.014,384.723,1.0,700.529,389.852,1.0,728.621,441.05,1.0,728.068,436.534,1.0,719.671,442.125,1.0,714.736,444.093,1.0,704.716,447.157,1.0,602.742,551.052,1.0,596.839,548.512,1.0,589.101,539.795,1.0,590.822,532.348,1.0,591.629,520.97,1.0,718.526,529.004,1.0,718.878,525.177,1.0,724.44,517.829,1.0,727.128,503.823,1.0,719.731,503.54,1.0
76,631.48,512.824,1.0,638.268,501.968,1.0,638.387,494.216,1.0,643.008,487.124,1.0,653.67,486.531,1.0,724.63,367.144,1.0,720.207,371.374,1.0,714.842,384.462,1.0,705.535,384.351,1.0,700.701,389.818,1.0,731.415,444.291,1.0,727.919,436.673,1.0,719.671,439.85,1.0,714.736,444.087,1.0,704.488,447.157,1.0,599.733,551.052,1.0,595.847,548.512,1.0,588.563,539.795,1.0,590.822,531.499,1.0,591.629,521.553,1.0,718.348,529.004,1.0,718.878,525.257,1.0,724.043,518.186,1.0,727.01,504.278,1.0,719.856,504.838,1.0
77,631.038,512.824,1.0,636.419,502.774,1.0,637.323,495.402,1.0,642.08,487.943,1.0,653.67,484.277,1.0,725.743,367.095,1.0,720.207,370.587,1.0,714.842,384.462,1.0,705.535,382.842,1.0,700.701,389.818,1.0,731.415,446.169,1.0,727.72,440.264,1.0,719.636,439.199,1.0,714.489,442.672,1.0,704.488,447.157,1.0,596.84,552.369,1.0,595.42,548.006,1.0,587.922,539.5,1.0,590.545,531.071,1.0,591.629,521.942,1.0,718.102,528.833,1.0,720.126,524.808,1.0,724.043,518.186,1.0,727.01,504.278,1.0,719.856,504.838,1.0
78,624.225,512.123,1.0,630.713,505.992,1.0,635.499,495.57,1.0,641.061,487.943,1.0,652.069,481.965,1.0,725.762,366.629,1.0,720.063,370.435,1.0,710.442,381.478,1.0,704.142,382.842,1.0,700.708,389.818,1.0,731.554,450.689,1.0,727.72,442.057,1.0,719.671,437.545,1.0,714.195,442.162,1.0,701.373,444.758,1.0,596.804,553.027,1.0,595.02,548.512,1.0,588.563,539.795,1.0,590.545,531.124,1.0,591.594,522.157,1.0,716.56,528.833,1.0,720.674,523.958,1.0,724.44,518.186,1.0,727.01,504.278,1.0,719.731,504.838,1.0
79,623.241,511.967,1.0,630.41,506.848,1.0,635.442,495.694,1.0,640.945,487.943,1.0,649.257,479.676,1.0,725.762,366.629,1.0,719.973,370.435,1.0,710.13,381.445,1.0,704.049,382.842,1.0,700.708,391.646,1.0,732.326,452.413,1.0,727.919,443.496,1.0,720.199,437.465,1.0,712.753,442.162,1.0,701.373,443.973,1.0,595.798,555.531,1.0,594.96,548.611,1.0,588.563,540.261,1.0,590.545,531.124,1.0,591.812,522.315,1.0,716.56,525.984,1.0,720.674,523.958,1.0,726.758,516.615,1.0,727.01,503.729,1.0,719.606,503.769,1.0
80,623.241,511.967,1.0,630.403,506.848,1.0,634.733,495.694,1.0,640.602,487.669,1.0,649.257,479.676,1.0,725.743,367.144,1.0,719.319,370.587,1.0,710.094,381.288,1.0,701.888,382.842,1.0,700.708,391.646,1.0,731.554,453.745,1.0,730.054,446.052,1.0,721.52,437.465,1.0,710.768,441.735,1.0,701.373,443.427,1.0,593.132,557.55,1.0,594.932,549.337,1.0,589.482,541.475,1.0,590.696,531.405,1.0,591.661,522.406,1.0,716.56,522.296,1.0,720.126,520.203,1.0,726.758,515.112,1.0,726.82,503.543,1.0,718.629,503.427,1.0
81,623.241,511.967,1.0,630.41,506.848,1.0,634.696,495.694,1.0,640.48,487.517,1.0,649.257,479.676,1.0,725.09,368.256,1.0,718.021,370.863,1.0,708.582,381.216,1.0,700.99,382.842,1.0,699.126,391.646,1.0,730.887,453.745,1.0,730.215,446.106,1.0,721.564,437.545,1.0,710.768,441.735,1.0,701.464,443.427,1.0,593.092,558.537,1.0,594.932,549.694,1.0,590.119,542.443,1.0,590.696,531.405,1.0,591.812,522.406,1.0,716.018,515.643,1.0,719.705,519.532,1.0,727.211,514.705,1.0,725.228,501.49,1.0,718.421,502.926,1.0
82,630.588,512.123,1.0,630.41,504.802,1.0,634.696,494.57,1.0,640.602,487.176,1.0,649.257,480.055,1.0,722.182,373.654,1.0,718.021,371.093,1.0,708.582,380.676,1.0,700.667,381.187,1.0,695.901,388.478,1.0,731.312,453.745,1.0,730.215,446.106,1.0,721.573,437.727,1.0,710.499,441.735,1.0,701.694,443.338,1.0,592.872,558.591,1.0,594.791,549.706,1.0,590.398,542.61,1.0,590.696,531.457,1.0,591.834,522.498,1.0,717.588,514.991,1.0,718.222,519.532,1.0,728.101,513.92,1.0,723.112,501.483,1.0,716.811,502.926,1.0
83,630.588,511.871,1.0,631.401,503.391,1.0,634.696,494.162,1.0,640.602,486.849,1.0,649.257,480.755,1.0,722.182,373.654,1.0,718.021,371.571,1.0,708.582,380.676,1.0,700.667,378.042,1.0,695.901,379.924,1.0,731.191,453.14,1.0,730.215,446.052,1.0,721.6,438.202,1.0,710.499,442.667,1.0,702.131,443.338,1.0,592.872,558.761,1.0,594.791,549.894,1.0,590.594,543.768,1.0,590.696,531.471,1.0,591.834,522.602,1.0,718.965,507.784,1.0,718.093,519.539,1.0,728.005,514.204,1.0,722.925,501.483,1.0,716.387,503.427,1.0
84,630.588,511.871,1.0,634.214,500.845,1.0,635.756,493.981,1.0,640.817,485.43,1.0,649.257,480.755,1.0,722.182,373.654,1.0,719.225,371.812,1.0,709.711,380.676,1.0,700.667,378.042,1.0,695.901,370.034,1.0,731.191,451.613,1.0,729.373,444.866,1.0,722.302,438.499,1.0,709.878,442.811,1.0,702.132,443.164,1.0,592.807,558.761,1.0,594.791,549.694,1.0,591.017,544.455,1.0,590.614,532.273,1.0,591.822,523.54,1.0,718.965,507.728,1.0,718.093,519.539,1.0,728.005,514.524,1.0,722.925,501.49,1.0,716.347,503.47,1.0
85,629.845,507.182,1.0,634.214,500.076,1.0,636.471,493.856,1.0,641.34,485.43,1.0,648.493,480.64,1.0,724.764,369.66,1.0,722.789,371.812,1.0,714.585,385.251,1.0,708.635,378.042,1.0,699.966,366.075,1.0,731.305,450.969,1.0,728.586,444.801,1.0,722.302,438.677,1.0,709.472,443.236,1.0,702.132,443.164,1.0,592.755,558.591,1.0,594.933,549.869,1.0,591.432,544.947,1.0,590.452,532.851,1.0,591.822,525.152,1.0,718.76,507.784,1.0,718.093,519.532,1.0,728.005,514.524,1.0,723.112,501.506,1.0,716.387,503.503,1.0
86,627.591,491.983,1.0,634.214,500.076,1.0,636.855,493.856,1.0,641.611,485.43,1.0,647.512,480.64,1.0,725.201,368.641,1.0,722.789,372.008,1.0,714.585,385.392,1.0,708.635,378.164,1.0,700.912,365.78,1.0,731.305,450.939,1.0,728.586,444.599,1.0,721.673,438.934,1.0,709.228,443.236,1.0,702.132,443.164,1.0,592.149,556.538,1.0,594.933,549.869,1.0,591.503,546.015,1.0,589.504,534.474,1.0,591.738,526.145,1.0,718.76,507.784,1.0,718.222,519.269,1.0,728.005,514.524,1.0,723.283,501.958,1.0,716.387,504.679,1.0
87,626.824,489.278,1.0,629.466,497.178,1.0,637.063,493.262,1.0,641.611,486.749,1.0,647.165,481.054,1.0,726.264,367.434,1.0,722.789,372.114,1.0,714.585,386.134,1.0,708.635,379.891,1.0,701.259,365.737,1.0,731.305,449.659,1.0,728.586,443.63,1.0,721.673,438.968,1.0,709.228,443.236,1.0,702.131,443.411,1.0,592.145,556.538,1.0,594.933,549.579,1.0,591.514,546.015,1.0,589.277,534.474,1.0,590.228,526.145,1.0,713.525,512.708,1.0,718.748,518.033,1.0,727.924,516.284,1.0,723.37,502.414,1.0,717.038,504.957,1.0
88,625.316,487.424,1.0,627.198,492.462,1.0,637.081,493.252,1.0,641.34,486.909,1.0,646.789,481.054,1.0,726.264,367.432,1.0,722.666,372.114,1.0,714.388,386.624,1.0,708.356,380.145,1.0,701.662,365.126,1.0,731.324,446.354,1.0,728.143,438.554,1.0,719.233,438.989,1.0,709.228,443.342,1.0,702.681,445.958,1.0,591.868,556.538,1.0,594.794,549.565,1.0,591.811,546.015,1.0,589.277,534.474,1.0,589.866,526.145,1.0,712.542,512.708,1.0,724.185,515.359,1.0,726.729,518.276,1.0,723.68,502.702,1.0,717.774,505.329,1.0
89,623.746,485.537,1.0,626.701,491.274,1.0,637.063,493.252,1.0,641.064,487.88,1.0,646.361,481.632,1.0,726.264,366.692,1.0,722.666,372.145,1.0,714.388,386.654,1.0,708.356,380.145,1.0,702.59,365.737,1.0,733.237,445.179,1.0,728.586,437.769,1.0,719.04,441.202,1.0,711.59,443.627,1.0,701.802,449.199,1.0,591.868,556.697,1.0,594.109,549.565,1.0,592.43,546.335,1.0,589.277,534.474,1.0,589.84,526.244,1.0,711.955,512.708,1.0,724.185,514.985,1.0,724.821,520.864,1.0,724.4,505.413,1.0,721.802,505.329,1.0
90,623.561,485.529,1.0,626.483,490.838,1.0,636.855,493.262,1.0,640.79,488.208,1.0,646.028,482.464,1.0,726.264,366.692,1.0,722.666,372.478,1.0,714.388,386.654,1.0,708.356,380.145,1.0,702.59,365.78,1.0,733.698,442.781,1.0,730.067,437.495,1.0,719.04,442.178,1.0,711.59,443.627,1.0,701.736,449.922,1.0,591.727,557.095,1.0,594.097,549.565,1.0,592.43,545.516,1.0,589.421,534.277,1.0,589.35,526.244,1.0,711.647,512.408,1.0,724.185,514.92,1.0,724.821,520.977,1.0,724.4,506.17,1.0,723.748,505.329,1.0
91,621.107,484.606,1.0,625.712,489.957,1.0,632.638,496.737,1.0,640.117,489.002,1.0,645.915,482.559,1.0,726.264,366.998,1.0,722.545,372.478,1.0,714.992,386.654,1.0,708.276,374.721,1.0,702.59,367.204,1.0,733.698,442.188,1.0,728.125,437.493,1.0,718.783,444.023,1.0,711.59,443.627,1.0,700.892,449.922,1.0,591.667,557.746,1.0,593.666,549.565,1.0,592.43,545.446,1.0,589.547,534.277,1.0,589.84,526.818,1.0,711.575,512.256,1.0,723.577,514.92,1.0,724.821,520.977,1.0,724.4,507.513,1.0,730.476,503.515,1.0
92,619.558,483.08,1.0,624.46,487.098,1.0,632.287,496.737,1.0,639.798,490.358,1.0,645.153,483.329,1.0,726.63,366.41,1.0,722.545,372.637,1.0,715.24,386.654,1.0,708.363,374.721,1.0,702.894,367.323,1.0,733.237,442.188,1.0,727.789,437.493,1.0,718.162,444.461,1.0,711.239,443.21,1.0,700.892,449.199,1.0,590.98,558.308,1.0,592.734,551.021,1.0,588.866,545.516,1.0,590.405,534.604,1.0,589.84,527.475,1.0,711.23,512.114,1.0,723.296,514.782,1.0,724.901,521.02,1.0,723.733,511.505,1.0,730.476,503.515,1.0
93,617.674,483.045,1.0,623.836,487.098,1.0,632.206,496.737,1.0,639.343,490.775,1.0,644.913,483.467,1.0,727.056,366.063,1.0,722.545,373.122,1.0,715.24,386.609,1.0,708.959,374.721,1.0,702.894,368.378,1.0,732.16,441.475,1.0,725.039,436.827,1.0,717.875,446.432,1.0,709.896,442.905,1.0,700.892,445.968,1.0,590.728,559.49,1.0,592.734,551.605,1.0,588.095,546.788,1.0,590.405,535.476,1.0,591.433,527.637,1.0,711.133,512.034,1.0,722.953,514.303,1.0,724.901,521.02,1.0,723.367,511.573,1.0,730.476,503.515,1.0
94,617.674,482.773,1.0,623.836,486.599,1.0,631.919,495.277,1.0,639.342,490.775,1.0,644.535,483.77,1.0,729.316,363.657,1.0,722.545,377.933,1.0,715.204,386.363,1.0,708.959,375.276,1.0,702.894,368.456,1.0,731.389,441.475,1.0,724.222,436.827,1.0,717.875,446.445,1.0,709.896,441.47,1.0,700.892,445.283,1.0,590.728,561.701,1.0,592.213,553.494,1.0,587.984,547.391,1.0,590.405,535.476,1.0,591.433,528.557,1.0,710.761,512.114,1.0,722.46,512.998,1.0,724.901,521.02,1.0,722.322,512.39,1.0,729.489,503.708,1.0
95,617.626,482.195,1.0,623.836,485.927,1.0,631.858,494.459,1.0,639.298,490.775,1.0,642.791,484.664,1.0,729.316,363.657,1.0,715.979,377.933,1.0,715.204,386.261,1.0,708.959,375.884,1.0,703.37,368.468,1.0,730.708,441.475,1.0,723.983,436.827,1.0,717.875,446.763,1.0,709.896,440.729,1.0,701.478,443.15,1.0,590.728,564.356,1.0,592.213,555.94,1.0,587.962,549.921,1.0,590.405,535.975,1.0,591.74,528.792,1.0,705.365,512.114,1.0,715.83,511.464,1.0,722.766,520.975,1.0,719.977,513.41,1.0,729.489,503.708,1.0
96,616.736,477.317,1.0,623.836,485.824,1.0,629.217,492.304,1.0,632.686,487.772,1.0,642.633,486.98,1.0,729.316,363.657,1.0,715.979,377.933,1.0,715.208,385.611,1.0,709.33,375.986,1.0,703.847,368.948,1.0,729.849,439.345,1.0,723.81,437.836,1.0,720.17,446.763,1.0,713.346,438.557,1.0,702.482,441.64,1.0,589.767,564.597,1.0,592.532,555.94,1.0,587.471,550.249,1.0,589.939,536.031,1.0,591.74,529.031,1.0,704.815,512.114,1.0,709.532,511.416,1.0,721.883,520.975,1.0,719.977,513.462,1.0,729.489,504.28,1.0
97,615.732,477.317,1.0,624.105,485.824,1.0,627.609,491.775,1.0,632.524,487.772,1.0,641.575,490.0,1.0,729.316,368.047,1.0,719.272,376.02,1.0,715.208,383.962,1.0,710.839,375.986,1.0,703.847,369.047,1.0,728.824,438.991,1.0,723.768,437.836,1.0,720.19,446.763,1.0,713.521,438.557,1.0,703.603,441.515,1.0,587.601,566.344,1.0,592.532,555.94,1.0,587.196,550.486,1.0,589.809,537.356,1.0,591.74,529.378,1.0,704.459,511.724,1.0,709.532,511.135,1.0,721.681,520.386,1.0,719.523,513.948,1.0,730.982,504.28,1.0
98,615.29,477.317,1.0,624.105,485.487,1.0,627.609,490.811,1.0,631.985,487.437,1.0,641.45,491.356,1.0,729.588,368.392,1.0,719.585,371.213,1.0,717.988,380.313,1.0,712.332,376.018,1.0,703.906,371.562,1.0,726.709,438.496,1.0,723.382,437.836,1.0,720.248,446.73,1.0,713.771,438.557,1.0,703.737,441.279,1.0,588.555,566.26,1.0,592.345,555.94,1.0,587.196,550.769,1.0,589.421,537.356,1.0,591.85,529.534,1.0,704.262,511.724,1.0,713.636,508.712,1.0,720.847,519.153,1.0,719.523,514.262,1.0,732.197,504.28,1.0
99,613.805,483.258,1.0,623.802,485.096,1.0,627.422,490.811,1.0,631.94,487.437,1.0,641.45,491.356,1.0,729.737,368.399,1.0,719.585,371.213,1.0,718.074,380.177,1.0,712.332,376.449,1.0,704.193,373.215,1.0,726.637,437.919,1.0,723.382,437.836,1.0,720.436,446.588,1.0,713.863,438.706,1.0,703.737,441.515,1.0,588.327,566.26,1.0,592.345,555.845,1.0,587.196,550.769,1.0,589.421,537.828,1.0,591.85,530.485,1.0,704.262,510.647,1.0,713.636,507.973,1.0,720.729,518.944,1.0,719.679,514.308,1.0,732.738,504.28,1.0
100,613.661,483.258,1.0,623.386,483.763,1.0,627.231,490.811,1.0,631.813,487.437,1.0,640.337,491.356,1.0,729.737,368.399,1.0,720.055,371.213,1.0,718.074,379.402,1.0,712.332,376.948,1.0,704.193,374.052,1.0,726.21,437.803,1.0,723.371,437.836,1.0,720.77,446.566,1.0,714.135,438.853,1.0,703.737,441.515,1.0,588.327,566.344,1.0,591.775,555.845,1.0,587.033,550.87,1.0,589.421,538.672,1.0,591.85,530.903,1.0,704.279,510.647,1.0,713.641,507.973,1.0,720.456,518.652,1.0,719.679,514.262,1.0,733.137,504.28,1.0
101,612.636,483.258,1.0,622.497,482.16,1.0,626.174,488.15,1.0,631.413,487.437,1.0,639.564,491.356,1.0,729.737,368.399,1.0,720.055,371.137,1.0,718.074,378.803,1.0,712.244,377.879,1.0,704.193,374.052,1.0,724.917,436.631,1.0,723.371,438.149,1.0,720.82,446.43,1.0,714.52,439.481,1.0,703.597,441.279,1.0,588.555,567.001,1.0,589.8,556.214,1.0,587.434,550.99,1.0,589.027,539.083,1.0,590.648,533.652,1.0,703.925,510.401,1.0,713.641,507.863,1.0,719.819,518.542,1.0,719.577,513.948,1.0,733.159,504.4,1.0
102,608.185,480.67,1.0,614.211,478.573,1.0,621.509,484.947,1.0,630.607,487.437,1.0,637.325,490.715,1.0,729.56,368.392,1.0,720.055,371.548,1.0,717.903,378.803,1.0,712.177,377.879,1.0,704.465,374.052,1.0,724.683,436.555,1.0,723.371,438.226,1.0,720.95,446.217,1.0,714.52,439.556,1.0,703.597,441.168,1.0,591.86,568.527,1.0,589.34,559.785,1.0,588.574,552.506,1.0,589.591,541.146,1.0,590.357,535.438,1.0,704.279,510.208,1.0,713.636,507.863,1.0,719.731,518.377,1.0,719.679,513.582,1.0,733.159,504.4,1.0
103,606.692,479.741,1.0,614.055,476.819,1.0,620.452,484.947,1.0,629.602,488.521,1.0,637.119,490.125,1.0,729.56,368.388,1.0,720.055,371.548,1.0,717.903,378.803,1.0,712.177,377.879,1.0,704.714,373.864,1.0,723.956,435.259,1.0,723.419,438.226,1.0,720.988,446.217,1.0,714.52,439.72,1.0,703.443,441.168,1.0,593.074,571.001,1.0,589.247,561.931,1.0,588.825,552.718,1.0,589.64,544.893,1.0,590.357,536.777,1.0,704.279,510.208,1.0,713.695,508.86,1.0,719.731,517.468,1.0,721.355,513.582,1.0,733.159,504.4,1.0
104,606.599,479.647,1.0,613.075,476.662,1.0,619.244,484.868,1.0,628.619,488.521,1.0,637.119,490.125,1.0,729.56,368.388,1.0,720.055,371.382,1.0,717.903,378.271,1.0,712.177,377.879,1.0,704.809,373.864,1.0,723.611,433.842,1.0,723.371,438.149,1.0,720.988,446.217,1.0,714.51,440.879,1.0,703.494,440.969,1.0,594.037,573.36,1.0,589.292,563.154,1.0,589.496,553.029,1.0,589.64,544.893,1.0,590.648,536.777,1.0,703.893,510.663,0.9929999709129333,713.695,509.035,0.0,719.73,515.452,1.0,721.382,513.582,1.0,733.137,504.672,0.9980000257492065
105,606.505,479.029,1.0,612.808,476.52,1.0,618.379,484.413,1.0,627.798,488.628,1.0,637.119,490.125,1.0,729.906,368.369,1.0,720.223,371.092,1.0,718.668,377.929,1.0,712.177,377.59,1.0,704.938,373.864,1.0,723.611,433.83,1.0,723.186,438.046,1.0,721.093,446.217,1.0,714.504,440.928,1.0,703.494,440.953,1.0,594.048,573.426,1.0,589.247,563.167,1.0,589.6,552.792,1.0,589.75,545.761,1.0,591.085,536.777,1.0,703.749,510.663,1.0,713.695,513.245,1.0,717.954,513.183,1.0,721.382,515.043,1.0,733.116,504.706,1.0
106,606.505,479.029,1.0,612.261,476.377,1.0,618.317,483.247,1.0,627.401,488.966,1.0,636.776,490.121,1.0,731.549,368.364,1.0,721.25,369.577,1.0,719.331,375.67,1.0,712.136,377.444,1.0,704.938,374.794,1.0,723.611,433.81,1.0,723.205,437.881,1.0,721.093,446.279,1.0,714.481,441.019,1.0,703.738,440.907,1.0,594.211,573.547,1.0,589.247,563.167,1.0,589.792,553.029,1.0,590.101,545.86,1.0,591.612,536.777,1.0,698.902,512.055,1.0,708.86,513.245,1.0,717.614,512.682,1.0,721.382,515.079,1.0,733.116,505.081,1.0
107,599.954,479.029,1.0,608.309,475.543,1.0,615.001,481.188,1.0,621.966,490.607,1.0,636.184,490.093,1.0,735.267,368.364,1.0,722.674,366.666,1.0,719.331,375.342,1.0,712.646,377.59,1.0,705.146,375.964,1.0,723.748,433.81,1.0,723.205,437.853,1.0,721.001,446.279,1.0,714.481,441.019,1.0,703.628,440.428,1.0,594.445,573.426,1.0,589.292,563.531,1.0,590.597,553.029,1.0,590.101,546.317,1.0,591.612,536.904,1.0,698.244,512.055,1.0,708.146,513.077,1.0,717.147,512.682,1.0,720.69,515.66,1.0,733.116,505.081,1.0
108,599.954,478.571,1.0,607.744,475.543,1.0,615.001,481.188,1.0,621.144,491.154,1.0,635.82,490.093,1.0,735.447,368.364,1.0,727.963,366.274,1.0,719.331,375.03,1.0,709.175,373.261,1.0,705.146,375.964,1.0,724.655,433.549,1.0,723.205,437.734,1.0,720.943,446.279,1.0,714.481,441.054,1.0,703.628,440.169,1.0,594.445,573.426,1.0,589.378,563.868,1.0,590.597,553.124,1.0,590.101,547.453,1.0,591.943,536.944,1.0,696.088,512.055,1.0,707.528,513.077,1.0,717.104,512.682,1.0,720.228,515.8,1.0,732.13,504.801,1.0
109,599.954,471.626,1.0,607.744,475.428,1.0,615.001,481.188,1.0,620.64,491.203,1.0,635.712,490.093,1.0,735.447,367.43,1.0,728.564,365.872,1.0,718.957,374.682,1.0,709.175,373.261,1.0,702.491,375.964,1.0,725.738,428.474,1.0,723.205,436.621,1.0,720.943,446.279,1.0,714.481,441.635,1.0,703.772,440.169,1.0,594.445,571.933,1.0,589.386,564.898,1.0,590.597,553.231,1.0,589.84,547.786,1.0,591.943,537.665,1.0,696.088,512.055,1.0,707.528,512.723,1.0,717.104,513.171,1.0,720.146,515.8,1.0,732.13,504.801,1.0
110,602.019,471.626,1.0,607.879,475.428,1.0,615.001,481.253,1.0,621.144,491.203,1.0,635.82,490.093,1.0,735.447,367.48,1.0,728.239,365.872,1.0,718.957,373.968,1.0,713.489,377.119,1.0,702.136,375.705,1.0,725.824,428.471,1.0,723.411,436.413,1.0,720.2,447.014,1.0,714.639,442.03,1.0,703.628,440.3,1.0,594.352,571.933,1.0,589.5,565.927,1.0,590.597,555.132,1.0,589.12,549.282,1.0,591.901,539.273,1.0,698.244,512.055,1.0,708.146,512.371,1.0,717.147,513.318,1.0,720.146,515.66,1.0,733.216,504.801,1.0
111,605.478,468.23,1.0,607.879,475.428,1.0,615.001,481.924,1.0,621.144,491.154,1.0,636.184,489.168,1.0,735.447,367.43,1.0,728.239,365.89,1.0,718.957,373.968,1.0,713.612,377.35,1.0,702.306,375.2,1.0,725.824,428.429,1.0,723.57,436.271,1.0,719.763,447.014,1.0,714.639,443.11,1.0,703.458,440.3,1.0,593.909,571.312,1.0,590.338,567.931,1.0,591.256,558.142,1.0,588.89,549.57,1.0,591.694,539.806,1.0,701.021,511.91,1.0,710.876,511.058,1.0,718.329,513.387,1.0,720.146,515.544,1.0,733.589,504.775,1.0
112,612.914,466.388,1.0,611.427,475.59,1.0,613.98,482.428,1.0,624.053,485.238,1.0,636.35,488.851,1.0,734.993,367.224,1.0,728.239,365.89,1.0,718.999,373.968,1.0,713.612,377.158,1.0,702.306,375.2,1.0,725.956,428.429,1.0,723.57,436.11,1.0,719.564,447.032,1.0,714.558,443.11,1.0,702.849,440.032,1.0,593.909,571.312,1.0,590.592,567.931,1.0,590.256,558.358,1.0,588.89,551.381,1.0,591.694,540.829,1.0,710.818,510.274,1.0,717.259,510.638,1.0,719.524,518.306,1.0,721.609,513.287,1.0,733.89,504.775,1.0
113,612.914,466.388,1.0,614.216,474.751,1.0,613.98,483.329,1.0,624.652,484.552,1.0,637.104,488.851,1.0,730.258,367.43,1.0,721.983,369.006,1.0,718.999,375.11,1.0,713.612,377.158,1.0,702.306,375.2,1.0,726.053,428.429,1.0,723.817,435.92,1.0,719.564,447.032,1.0,714.024,443.11,1.0,702.427,438.662,1.0,593.909,573.662,1.0,591.454,567.931,1.0,590.256,558.518,1.0,589.84,551.508,1.0,591.114,542.449,1.0,710.896,510.06,1.0,718.878,510.638,1.0,719.626,518.306,1.0,721.882,513.251,1.0,734.826,504.808,1.0
114,612.914,468.23,1.0,616.318,475.73,1.0,613.98,483.399,1.0,624.993,484.552,1.0,637.579,488.851,1.0,726.358,366.018,1.0,721.983,373.518,1.0,718.999,377.095,1.0,713.473,377.158,1.0,703.387,374.787,1.0,726.399,428.471,1.0,723.817,435.92,1.0,719.564,447.032,1.0,713.897,443.056,1.0,702.214,438.101,1.0,593.911,574.668,1.0,593.261,567.159,1.0,588.273,559.753,1.0,590.091,552.71,1.0,591.114,542.506,1.0,712.129,510.06,1.0,719.072,511.058,1.0,722.488,518.306,1.0,721.906,513.164,1.0,734.826,504.808,1.0
115,612.61,471.562,1.0,616.318,476.234,1.0,617.503,483.931,1.0,625.154,485.238,1.0,637.583,489.208,1.0,720.83,365.751,1.0,721.983,373.518,1.0,718.104,379.539,1.0,711.402,376.828,1.0,703.387,374.042,1.0,726.804,429.723,1.0,723.817,435.908,1.0,719.406,447.467,1.0,713.644,442.377,1.0,702.214,438.101,1.0,593.943,574.668,1.0,593.261,566.604,1.0,588.273,559.753,1.0,590.583,552.845,1.0,591.114,543.866,1.0,712.489,510.06,1.0,720.31,513.044,1.0,726.997,515.571,1.0,726.18,507.534,1.0,733.89,507.669,1.0
116,612.61,473.008,1.0,614.216,482.501,1.0,617.503,483.931,1.0,625.154,485.285,1.0,637.579,489.934,1.0,716.094,365.751,1.0,724.005,373.518,1.0,718.104,379.539,1.0,711.402,376.041,1.0,703.387,373.824,1.0,727.131,436.841,1.0,723.46,435.84,1.0,718.225,448.055,1.0,710.122,440.997,1.0,700.038,438.101,1.0,593.943,574.668,1.0,593.474,566.604,1.0,588.273,559.855,1.0,590.97,553.035,1.0,591.114,543.901,1.0,712.489,515.929,1.0,721.46,513.044,1.0,726.997,514.291,1.0,726.506,506.801,1.0,731.378,508.391,1.0
117,612.61,492.13,1.0,613.66,482.572,1.0,617.503,483.931,1.0,625.154,486.01,1.0,637.375,490.369,1.0,713.945,368.712,1.0,724.005,372.857,1.0,717.388,379.662,1.0,711.402,375.672,1.0,702.106,373.438,1.0,727.131,439.062,1.0,721.819,435.342,1.0,715.106,448.055,1.0,706.1,440.853,1.0,698.962,438.662,1.0,594.114,574.668,1.0,593.561,566.567,1.0,588.273,560.16,1.0,590.97,553.035,1.0,591.114,543.901,1.0,716.086,520.978,1.0,721.46,513.044,1.0,726.997,510.037,1.0,726.654,506.793,1.0,731.06,508.757,1.0
118,615.125,494.108,1.0,613.66,487.347,1.0,613.617,483.667,1.0,623.758,490.215,1.0,637.375,490.494,1.0,713.719,369.781,1.0,724.005,372.643,1.0,717.585,379.539,1.0,712.972,374.871,1.0,702.106,373.109,1.0,726.804,440.309,1.0,719.631,435.342,1.0,715.106,448.055,1.0,706.1,439.536,1.0,698.962,439.878,1.0,594.755,574.953,1.0,593.641,565.922,1.0,588.273,560.412,1.0,590.97,553.064,1.0,590.719,543.901,1.0,716.086,523.756,1.0,721.46,513.166,1.0,725.921,508.702,1.0,726.654,506.486,1.0,730.616,508.776,1.0
119,615.125,495.126,1.0,613.66,489.874,1.0,613.617,483.667,1.0,623.305,490.215,1.0,636.265,491.128,1.0,713.643,369.781,1.0,723.86,372.455,1.0,717.585,379.539,1.0,713.291,374.638,1.0,702.106,372.635,1.0,724.965,440.309,1.0,719.631,435.342,1.0,715.106,448.055,1.0,706.1,437.241,1.0,698.962,440.995,1.0,596.853,575.767,1.0,594.096,565.922,1.0,588.52,562.17,1.0,590.335,553.227,1.0,586.161,543.901,1.0,716.086,524.808,1.0,721.46,513.166,1.0,725.791,508.702,1.0,727.098,506.104,1.0,730.148,508.855,1.0
120,615.125,498.805,1.0,613.66,489.916,1.0,613.149,483.667,1.0,623.139,490.215,1.0,635.763,491.279,1.0,713.643,369.92,1.0,723.536,372.455,1.0,717.388,379.662,1.0,713.291,374.638,1.0,702.175,372.635,1.0,723.279,440.309,1.0,719.631,436.162,1.0,715.981,448.055,1.0,706.642,437.241,1.0,699.494,441.157,1.0,596.853,576.273,1.0,594.707,567.304,1.0,587.798,562.353,1.0,590.178,553.484,1.0,585.87,544.454,1.0,716.086,524.808,1.0,721.46,513.228,1.0,725.746,508.702,1.0,727.098,505.763,1.0,730.148,509.118,1.0
121,614.397,499.137,1.0,613.66,490.157,1.0,613.241,484.586,1.0,623.039,488.523,1.0,635.476,491.538,1.0,713.719,369.92,1.0,723.536,372.643,1.0,717.321,379.87,1.0,712.972,374.871,1.0,702.423,372.38,1.0,721.011,438.136,1.0,720.665,436.398,1.0,717.885,449.043,1.0,706.918,437.241,1.0,699.566,441.378,1.0,596.853,576.359,1.0,594.927,567.304,1.0,587.798,562.507,1.0,590.178,553.484,1.0,585.87,547.226,1.0,716.086,525.237,1.0,721.316,513.889,1.0,725.473,509.451,1.0,727.098,505.763,1.0,730.527,508.855,1.0
122,612.321,507.022,1.0,610.076,494.394,1.0,613.149,487.536,1.0,620.663,486.079,1.0,635.337,492.456,1.0,713.595,369.746,1.0,723.426,372.361,1.0,717.321,379.87,1.0,713.288,375.075,1.0,702.808,372.039,1.0,721.011,437.944,1.0,720.889,436.398,1.0,718.63,449.147,1.0,707.464,437.399,1.0,699.566,441.378,1.0,596.878,580.345,1.0,594.707,567.963,1.0,588.62,565.236,1.0,590.178,555.599,1.0,586.161,549.062,1.0,719.085,525.997,1.0,721.259,513.988,1.0,725.161,509.507,1.0,727.264,505.763,1.0,730.616,508.776,1.0
123,611.989,507.022,1.0,609.88,494.402,1.0,613.241,487.536,1.0,620.663,486.079,1.0,635.164,492.671,1.0,713.376,361.651,1.0,723.247,372.36,1.0,717.321,379.87,1.0,713.288,375.075,1.0,703.074,371.582,1.0,721.011,437.944,1.0,720.975,436.398,1.0,718.728,449.147,1.0,707.804,437.781,1.0,699.566,441.934,1.0,596.878,583.082,1.0,594.423,572.947,1.0,588.62,567.681,1.0,590.504,556.758,1.0,589.018,553.058,1.0,719.085,526.081,1.0,721.259,517.988,1.0,720.267,509.699,1.0,726.732,507.875,1.0,734.439,507.813,1.0
124,611.547,507.173,1.0,609.486,494.562,1.0,613.131,487.581,1.0,620.315,486.079,1.0,635.164,492.732,1.0,713.196,361.181,1.0,722.5,371.899,1.0,718.453,378.725,1.0,713.288,375.075,1.0,703.757,371.012,1.0,721.011,437.944,1.0,721.371,436.382,1.0,718.979,449.372,1.0,707.913,438.253,1.0,699.88,442.545,1.0,597.397,587.979,1.0,594.423,575.219,1.0,588.981,570.401,1.0,590.515,557.748,1.0,589.018,555.742,1.0,719.085,526.081,1.0,718.449,519.3,1.0,718.965,509.985,1.0,722.369,512.572,1.0,734.439,499.988,1.0
125,611.521,507.173,1.0,608.667,496.357,1.0,613.241,488.49,1.0,620.136,486.283,1.0,634.032,492.671,1.0,712.736,360.821,1.0,721.841,371.899,1.0,718.453,378.646,1.0,713.614,374.829,1.0,703.985,370.165,1.0,721.011,437.712,1.0,721.861,434.865,1.0,719.429,449.417,1.0,709.9,443.081,1.0,700.908,442.96,1.0,597.397,587.979,1.0,594.131,575.483,1.0,589.263,570.401,1.0,590.53,558.324,1.0,589.018,555.742,1.0,717.831,528.672,1.0,717.787,519.374,1.0,716.061,512.939,1.0,721.122,513.06,1.0,735.126,499.988,1.0
126,607.88,512.424,1.0,607.601,500.876,1.0,613.008,491.71,1.0,618.303,486.283,1.0,629.233,492.456,1.0,712.736,360.821,1.0,721.841,371.899,1.0,718.453,378.646,1.0,713.614,374.829,1.0,703.985,370.165,1.0,721.019,437.575,1.0,721.861,434.743,1.0,719.429,449.8,1.0,709.9,443.875,1.0,700.908,443.336,1.0,597.397,587.979,1.0,594.131,575.82,1.0,589.354,570.401,1.0,590.53,558.772,1.0,588.343,555.742,1.0,717.409,528.672,1.0,717.125,519.374,1.0,716.014,513.481,1.0,720.998,512.984,1.0,734.439,499.609,1.0
127,607.072,512.754,1.0,606.69,500.876,1.0,612.701,491.927,1.0,617.167,486.283,1.0,628.673,490.137,1.0,712.736,360.774,1.0,721.841,371.938,1.0,718.381,378.725,1.0,713.614,374.829,1.0,703.985,370.165,1.0,721.019,438.172,1.0,721.861,434.743,1.0,719.429,449.8,1.0,709.9,444.158,1.0,700.908,443.726,1.0,597.094,588.4,1.0,594.131,577.912,1.0,590.439,569.521,1.0,590.53,559.478,1.0,588.293,555.742,1.0,717.269,528.672,1.0,717.125,519.374,1.0,716.014,513.528,1.0,720.998,512.984,1.0,734.439,499.609,1.0
128,607.072,512.754,1.0,606.69,501.246,1.0,612.701,492.26,1.0,616.503,485.477,1.0,628.673,490.137,1.0,713.249,360.244,1.0,721.943,371.938,1.0,718.381,378.725,1.0,713.134,375.116,1.0,697.57,371.341,1.0,721.019,438.172,1.0,721.338,434.865,1.0,718.457,449.8,1.0,708.869,444.714,1.0,698.824,444.026,1.0,597.094,588.4,1.0,595.276,580.849,1.0,591.293,569.521,1.0,590.927,564.768,1.0,588.293,555.142,1.0,717.026,528.492,1.0,716.992,519.289,1.0,716.014,513.528,1.0,721.122,512.984,1.0,737.759,506.227,1.0
129,606.766,512.424,1.0,606.69,501.246,1.0,612.754,492.884,1.0,616.503,485.477,1.0,628.673,489.872,1.0,713.249,360.244,1.0,722.056,371.938,1.0,717.836,378.542,1.0,713.134,375.185,1.0,697.57,371.341,1.0,724.55,439.428,1.0,721.179,435.767,1.0,710.808,447.442,1.0,703.984,448.396,1.0,698.824,451.317,1.0,597.094,588.364,1.0,595.878,580.849,1.0,592.243,569.521,1.0,591.007,564.792,1.0,588.125,555.142,1.0,716.805,528.071,1.0,716.992,518.826,1.0,716.153,513.528,1.0,721.927,512.262,1.0,738.4,506.227,1.0
130,606.722,511.881,1.0,607.022,503.231,1.0,611.443,494.078,1.0,616.454,485.477,1.0,628.27,489.559,1.0,713.249,360.244,1.0,722.056,371.904,1.0,717.836,378.312,1.0,713.134,375.211,1.0,697.57,371.341,1.0,724.782,440.864,1.0,720.068,437.764,1.0,710.808,447.267,1.0,703.984,453.408,1.0,698.824,456.924,1.0,601.821,588.364,1.0,595.972,580.983,1.0,593.533,570.831,1.0,591.816,565.26,1.0,588.125,557.029,1.0,716.805,527.783,1.0,717.125,518.429,1.0,718.453,511.056,1.0,722.482,512.262,1.0,738.745,506.227,1.0
131,606.546,511.281,1.0,607.594,503.773,1.0,611.443,495.458,1.0,615.854,485.82,1.0,625.493,489.559,1.0,713.77,371.607,1.0,722.098,371.828,1.0,717.747,378.312,1.0,713.134,375.419,1.0,697.746,371.303,1.0,725.015,441.029,1.0,720.068,438.767,1.0,710.808,446.714,1.0,703.984,455.875,1.0,700.326,458.05,1.0,603.638,588.364,1.0,597.87,583.251,1.0,593.619,571.74,1.0,592.463,566.577,1.0,588.125,557.775,1.0,716.805,527.783,1.0,716.918,518.429,1.0,718.453,511.056,1.0,722.482,512.262,1.0,738.745,506.533,1.0
132,599.092,511.281,1.0,609.255,503.908,1.0,607.237,495.459,1.0,615.782,485.884,1.0,624.213,486.627,1.0,713.77,371.607,1.0,722.098,371.828,1.0,717.725,378.312,1.0,713.134,375.61,1.0,697.746,370.986,1.0,725.015,441.029,1.0,719.532,438.927,1.0,709.508,446.714,1.0,703.984,455.875,1.0,700.326,458.05,1.0,603.679,588.276,1.0,597.87,585.001,1.0,593.699,571.971,1.0,592.463,566.681,1.0,588.125,557.775,1.0,716.702,526.918,1.0,716.844,518.408,1.0,718.453,511.029,1.0,722.482,512.615,1.0,738.745,506.227,1.0
133,598.671,511.281,1.0,609.255,504.489,1.0,607.237,496.602,1.0,615.782,486.459,1.0,624.025,485.888,1.0,713.77,371.607,1.0,722.613,371.828,1.0,717.56,378.871,1.0,712.802,375.61,1.0,697.746,370.729,1.0,724.55,440.887,1.0,719.532,439.287,1.0,709.508,446.714,1.0,703.984,455.875,1.0,700.326,458.05,1.0,603.794,588.276,1.0,598.209,585.001,1.0,593.803,572.005,1.0,592.463,566.897,1.0,588.125,557.775,1.0,716.702,526.918,1.0,716.56,518.408,1.0,718.305,511.029,1.0,722.101,512.763,1.0,738.241,505.907,1.0
134,598.671,512.907,1.0,609.255,504.489,1.0,607.237,496.246,1.0,615.782,486.266,1.0,623.263,485.466,1.0,714.09,370.48,1.0,722.722,371.788,1.0,717.526,379.505,1.0,712.802,375.419,1.0,697.446,370.729,1.0,721.301,440.887,1.0,720.068,439.287,1.0,711.171,445.809,1.0,703.396,448.87,1.0,700.695,450.179,1.0,603.794,588.276,1.0,598.209,585.001,1.0,593.803,572.308,1.0,592.463,566.897,1.0,591.977,556.375,1.0,716.469,528.646,1.0,716.433,519.517,1.0,716.417,513.488,1.0,721.364,512.763,1.0,734.427,500.535,1.0
135,598.731,512.907,1.0,609.255,504.489,1.0,607.865,496.246,1.0,615.813,486.266,1.0,623.156,484.637,1.0,714.09,369.053,1.0,722.722,371.505,1.0,717.526,379.505,1.0,712.802,375.267,1.0,697.446,370.729,1.0,721.119,440.016,1.0,720.454,439.287,1.0,711.988,445.809,1.0,703.396,443.957,1.0,700.695,444.589,1.0,604.425,588.87,1.0,597.87,582.9,1.0,595.656,572.448,1.0,592.333,568.477,1.0,591.977,556.375,1.0,716.469,530.992,1.0,716.206,520.88,1.0,716.163,513.702,1.0,721.364,512.763,1.0,733.339,500.355,1.0
136,598.995,512.907,1.0,609.255,504.489,1.0,607.865,496.602,1.0,615.813,486.459,1.0,623.089,484.637,1.0,714.09,367.343,1.0,722.821,371.367,1.0,717.56,379.505,1.0,713.723,375.267,1.0,697.161,371.287,1.0,720.905,439.421,1.0,721.655,437.172,1.0,711.988,447.249,1.0,703.396,438.391,1.0,700.695,435.118,1.0,604.501,588.876,1.0,598.209,582.872,1.0,595.656,573.782,1.0,592.333,569.029,1.0,591.977,556.375,1.0,716.469,531.024,1.0,716.433,520.88,1.0,716.417,513.702,1.0,720.147,512.079,1.0,733.339,500.355,1.0
137,598.731,512.802,1.0,609.257,504.489,1.0,607.865,496.602,1.0,615.813,486.609,1.0,622.889,484.637,1.0,713.852,367.05,1.0,722.821,371.148,1.0,718.024,378.783,1.0,714.426,375.267,1.0,697.161,371.866,1.0,719.271,439.156,1.0,723.691,437.128,1.0,712.287,449.075,1.0,703.868,438.016,1.0,702.307,434.457,1.0,604.501,588.876,1.0,598.654,582.837,1.0,596.869,574.118,1.0,592.516,569.234,1.0,591.698,556.375,1.0,716.554,531.024,1.0,716.433,521.373,1.0,716.417,513.878,1.0,720.088,510.881,1.0,733.339,500.476,1.0
138,598.995,512.802,1.0,609.257,504.711,1.0,607.929,497.745,1.0,615.566,487.326,1.0,623.156,485.057,1.0,713.741,367.05,1.0,722.722,371.11,1.0,718.612,378.689,1.0,715.132,375.599,1.0,697.446,372.536,1.0,717.999,437.25,1.0,725.177,437.128,1.0,714.027,450.435,1.0,705.328,437.943,1.0,702.307,434.457,1.0,604.425,588.87,1.0,598.654,582.122,1.0,596.869,574.543,1.0,592.678,569.234,1.0,591.64,556.647,1.0,716.841,531.024,1.0,716.465,521.428,1.0,717.34,514.393,1.0,720.147,510.881,1.0,733.552,500.476,1.0
139,598.995,512.802,1.0,609.257,504.819,1.0,608.092,498.739,1.0,614.962,487.702,1.0,623.156,486.732,1.0,713.692,367.05,1.0,722.436,370.887,1.0,718.863,378.553,1.0,715.132,375.599,1.0,697.49,372.83,1.0,717.999,435.982,1.0,725.401,437.172,1.0,714.345,450.903,1.0,705.733,437.943,1.0,702.307,434.439,1.0,603.801,588.87,1.0,599.048,582.122,1.0,596.593,575.162,1.0,592.678,569.029,1.0,591.64,556.685,1.0,717.076,531.324,1.0,717.845,522.336,1.0,718.616,515.824,1.0,723.894,510.881,1.0,733.656,501.07,1.0
140,598.995,514.008,1.0,608.642,505.607,1.0,607.753,500.636,1.0,614.877,495.079,1.0,622.822,487.585,1.0,713.597,366.71,1.0,722.436,370.787,1.0,719.098,378.125,1.0,715.132,375.599,1.0,698.096,373.136,1.0,717.999,434.893,1.0,725.602,437.181,1.0,715.127,451.577,1.0,706.536,438.016,1.0,702.045,434.228,1.0,602.757,589.143,1.0,599.901,582.122,1.0,595.543,575.194,1.0,592.69,569.455,1.0,591.24,557.264,1.0,717.076,534.71,1.0,718.86,523.964,1.0,719.417,518.663,1.0,723.102,512.948,1.0,733.656,502.093,1.0
141,599.56,514.297,1.0,608.642,506.723,1.0,607.428,502.068,1.0,613.68,496.689,1.0,622.822,487.585,1.0,713.127,366.71,1.0,722.405,370.66,1.0,719.497,377.886,1.0,709.246,373.092,1.0,698.575,374.474,1.0,718.026,434.726,1.0,725.602,437.345,1.0,715.631,451.777,1.0,706.772,438.101,1.0,702.045,434.147,1.0,601.942,591.262,1.0,600.508,583.111,1.0,595.543,576.185,1.0,592.979,569.455,1.0,591.107,557.616,1.0,717.076,542.358,1.0,718.86,533.065,1.0,719.417,522.636,1.0,723.613,514.24,1.0,733.552,504.394,1.0
142,601.71,522.246,1.0,608.642,513.476,1.0,606.547,505.347,1.0,612.382,496.742,1.0,622.822,487.585,1.0,712.649,366.71,1.0,722.18,369.33,1.0,719.875,375.648,1.0,709.084,373.044,1.0,699.244,375.04,1.0,718.026,433.994,1.0,725.602,437.345,1.0,715.631,451.777,1.0,706.772,438.263,1.0,702.045,434.147,1.0,599.427,591.262,1.0,599.901,583.111,1.0,595.543,576.837,1.0,592.979,569.455,1.0,591.107,557.616,1.0,713.269,543.546,1.0,718.86,534.348,1.0,719.417,522.955,1.0,723.83,514.37,1.0,733.251,504.394,1.0
143,601.71,522.246,1.0,609.199,514.069,1.0,606.547,505.347,1.0,612.035,496.742,1.0,622.271,487.363,1.0,712.013,365.806,1.0,722.136,368.04,1.0,720.493,375.318,1.0,708.792,372.658,1.0,701.151,375.231,1.0,718.026,433.994,1.0,725.555,437.181,1.0,715.631,451.59,1.0,706.749,438.542,1.0,702.175,434.01,1.0,597.234,591.262,1.0,599.901,583.111,1.0,595.484,577.3,1.0,594.534,569.845,1.0,593.933,557.264,1.0,711.921,545.263,1.0,717.99,534.608,1.0,719.133,523.482,1.0,723.613,514.675,1.0,733.166,504.844,1.0
144,601.71,522.246,1.0,609.199,514.069,1.0,606.547,505.347,1.0,611.714,496.742,1.0,622.267,487.232,1.0,711.756,365.651,1.0,716.721,366.622,1.0,720.493,374.092,1.0,708.736,372.498,1.0,703.712,376.017,1.0,717.963,433.994,1.0,725.296,436.824,1.0,715.459,451.59,1.0,706.749,438.542,1.0,702.312,433.596,1.0,599.427,592.712,0.9980000257492065,600.99,,0.984000027179718,595.484,577.345,1.0,594.534,569.845,1.0,591.107,558.137,0.9990000128746033,711.88,545.332,1.0,717.63,534.761,1.0,719.013,523.535,1.0,723.102,514.968,1.0,732.983,504.869,1.0
145,601.649,522.151,1.0,609.342,514.069,1.0,606.378,504.919,1.0,611.714,496.177,1.0,622.243,487.138,1.0,711.226,359.614,1.0,716.299,365.686,1.0,720.493,373.78,1.0,707.975,372.498,1.0,703.712,376.017,1.0,717.963,433.994,1.0,725.024,436.782,1.0,715.335,451.574,1.0,706.749,439.169,1.0,702.676,433.558,1.0,600.995,592.712,0.9940000176429749,600.99,587.525,0.0,595.484,577.345,1.0,594.534,570.805,1.0,591.107,558.137,1.0,711.679,545.332,1.0,717.433,535.41,1.0,718.806,523.801,1.0,721.691,515.216,1.0,732.983,506.954,1.0
146,601.649,515.351,1.0,609.342,507.219,1.0,606.816,501.526,1.0,611.564,494.892,1.0,622.239,486.896,1.0,711.226,359.614,1.0,716.165,365.574,1.0,720.537,373.78,1.0,707.46,372.658,1.0,704.221,376.141,1.0,717.84,433.994,1.0,725.004,436.513,1.0,714.862,451.574,1.0,706.749,439.258,1.0,702.676,433.401,1.0,600.995,593.232,1.0,601.454,587.7,1.0,595.89,578.744,1.0,592.918,572.444,1.0,590.041,558.884,1.0,711.64,545.332,1.0,717.35,535.421,1.0,718.775,523.975,1.0,721.442,515.271,1.0,732.961,507.647,1.0
147,601.546,514.644,1.0,608.04,503.85,1.0,607.344,498.181,1.0,611.461,493.098,1.0,622.135,485.847,1.0,711.226,359.614,1.0,716.144,365.574,1.0,720.537,373.78,1.0,707.46,372.498,1.0,704.221,376.294,1.0,717.756,433.53,1.0,724.723,436.509,1.0,714.282,451.574,1.0,707.03,439.493,1.0,702.676,433.294,1.0,601.348,593.232,1.0,601.04,586.559,1.0,596.249,578.948,1.0,592.918,572.275,1.0,589.303,561.607,1.0,711.435,545.263,1.0,716.38,535.83,1.0,718.31,523.975,1.0,719.705,516.039,1.0,732.285,510.282,1.0
148,601.546,512.893,1.0,607.631,503.078,1.0,608.384,498.168,1.0,611.45,492.305,1.0,622.135,485.204,1.0,711.226,360.265,1.0,716.144,365.686,1.0,720.246,375.796,1.0,707.46,372.779,1.0,704.221,376.141,1.0,717.375,432.638,1.0,724.464,436.509,1.0,714.274,451.666,1.0,707.073,439.826,1.0,698.323,433.232,1.0,602.606,593.232,1.0,600.99,586.485,1.0,596.289,580.79,1.0,592.734,572.212,1.0,588.901,567.051,1.0,711.435,545.118,1.0,715.831,535.83,1.0,716.865,524.192,1.0,718.315,516.55,1.0,730.991,510.891,1.0
149,602.424,512.893,1.0,607.535,503.078,1.0,608.384,498.168,1.0,611.461,492.305,1.0,622.091,485.204,1.0,711.912,360.265,1.0,715.974,365.686,1.0,720.156,375.796,1.0,707.46,372.779,1.0,704.221,376.294,1.0,716.976,431.464,1.0,724.057,436.033,1.0,714.157,451.666,1.0,707.279,439.826,1.0,698.323,432.9,1.0,603.015,593.232,1.0,601.04,586.193,1.0,597.02,580.82,1.0,592.861,572.275,1.0,588.659,567.706,1.0,711.64,544.977,1.0,715.831,535.83,1.0,716.817,524.322,1.0,717.699,516.819,1.0,730.941,511.126,1.0
150,602.424,513.276,1.0,607.256,503.078,1.0,608.384,498.168,1.0,611.461,493.098,1.0,622.091,485.204,1.0,712.114,360.265,1.0,715.807,365.51,1.0,718.729,375.796,1.0,707.46,372.366,1.0,704.221,376.688,1.0,716.976,431.12,1.0,724.057,436.033,1.0,713.074,451.666,1.0,707.535,439.493,1.0,698.323,432.002,1.0,603.015,592.986,1.0,601.453,586.142,1.0,597.154,580.915,1.0,592.861,572.275,1.0,588.649,568.251,1.0,711.64,544.852,1.0,715.815,535.83,1.0,716.783,524.591,1.0,717.646,517.406,1.0,730.849,511.43,1.0
151,602.513,514.644,1.0,605.92,504.205,1.0,608.111,499.739,1.0,612.242,494.316,1.0,621.944,485.201,1.0,712.8,355.649,1.0,715.777,365.164,1.0,717.645,373.822,1.0,706.485,371.925,1.0,703.499,376.688,1.0,717.375,430.929,1.0,723.248,436.033,1.0,713.074,451.104,1.0,707.863,440.014,1.0,700.477,431.068,1.0,602.606,592.934,1.0,601.04,586.06,1.0,597.154,581.076,1.0,592.93,572.275,1.0,588.649,568.591,1.0,711.435,544.852,1.0,715.815,535.83,1.0,716.783,524.856,1.0,717.441,517.406,1.0,730.653,511.678,1.0
152,602.749,514.494,1.0,605.836,504.362,1.0,607.831,499.739,1.0,612.262,494.316,1.0,621.944,485.992,1.0,714.546,351.532,1.0,715.003,364.673,1.0,716.969,373.797,1.0,705.552,372.07,1.0,703.189,375.782,1.0,717.52,430.929,1.0,722.235,440.757,1.0,713.074,450.079,1.0,708.45,440.098,1.0,701.213,431.068,1.0,602.091,592.704,1.0,601.453,586.06,1.0,597.739,581.425,1.0,593.321,572.406,1.0,588.649,568.791,1.0,711.291,543.901,1.0,715.516,536.931,1.0,716.667,526.116,1.0,717.441,518.689,1.0,730.568,511.678,1.0
153,602.513,514.494,1.0,605.836,504.362,1.0,607.273,499.739,1.0,612.292,494.316,1.0,621.944,486.001,1.0,716.081,349.814,1.0,714.815,364.227,1.0,716.784,373.692,1.0,705.164,372.07,1.0,703.189,375.782,1.0,723.173,430.929,1.0,716.365,440.757,1.0,713.531,449.173,1.0,709.325,440.934,1.0,701.213,431.068,1.0,602.091,592.704,0.9900000095367432,601.511,586.142,0.9959999918937683,598.019,581.827,1.0,594.67,574.087,1.0,588.649,568.791,0.9990000128746033,708.613,543.624,1.0,711.903,537.911,1.0,716.402,528.743,1.0,717.363,520.364,1.0,729.489,513.205,1.0
154,602.513,514.494,1.0,605.836,504.362,1.0,607.273,498.973,1.0,612.364,493.358,1.0,622.096,485.992,1.0,716.947,347.707,1.0,714.231,364.021,1.0,715.319,373.692,1.0,705.164,372.297,1.0,703.189,375.782,1.0,726.711,431.644,1.0,716.365,440.757,1.0,713.968,448.475,1.0,709.614,441.544,1.0,701.213,431.072,1.0,602.091,592.704,1.0,603.021,586.729,1.0,598.136,583.903,1.0,599.813,581.221,1.0,588.869,568.591,1.0,703.849,543.624,1.0,711.723,539.719,1.0,716.024,529.267,1.0,717.441,520.787,1.0,729.447,513.638,1.0
155,603.616,514.494,1.0,607.419,503.934,1.0,607.273,497.743,1.0,613.38,487.985,1.0,622.096,485.992,1.0,716.947,347.326,1.0,714.231,363.48,1.0,715.05,373.673,1.0,705.164,372.297,1.0,703.433,375.782,1.0,728.226,431.644,1.0,716.365,439.566,1.0,714.169,448.045,1.0,710.377,441.617,1.0,700.923,431.125,1.0,604.485,599.658,0.9309999942779541,604.662,588.741,0.9929999709129333,598.275,586.044,1.0,599.813,581.221,1.0,589.468,570.741,1.0,701.926,543.901,1.0,710.496,540.549,1.0,715.834,530.102,1.0,717.037,520.787,1.0,729.211,513.638,1.0
156,604.747,513.447,1.0,607.797,503.156,1.0,608.118,495.339,1.0,613.38,487.985,1.0,622.096,486.001,1.0,716.947,347.215,1.0,714.223,363.382,1.0,715.035,373.492,1.0,705.174,372.302,1.0,704.09,376.182,1.0,728.265,431.644,1.0,716.763,439.199,1.0,714.987,447.167,1.0,710.474,441.804,1.0,697.02,433.766,1.0,607.057,601.56,0.9570000171661377,604.838,588.917,0.9539999961853027,599.037,586.125,1.0,598.073,578.888,1.0,589.468,570.741,0.9929999709129333,701.926,543.901,1.0,710.496,540.564,1.0,715.484,530.226,1.0,717.272,520.364,1.0,729.091,511.064,1.0
157,607.788,510.311,1.0,607.797,502.581,1.0,608.118,495.339,1.0,613.38,487.985,1.0,619.167,496.998,1.0,716.559,346.698,1.0,714.231,363.067,1.0,714.56,372.881,1.0,705.781,372.466,1.0,704.123,377.506,1.0,728.369,431.377,1.0,717.59,439.176,1.0,714.987,446.345,1.0,710.474,441.808,1.0,696.506,436.52,1.0,608.026,602.492,1.0,606.705,595.526,1.0,599.787,587.629,1.0,598.08,578.888,1.0,590.054,572.442,1.0,701.926,545.078,1.0,710.496,540.564,1.0,715.154,530.102,1.0,717.037,520.364,1.0,729.09,511.064,1.0
158,610.303,510.446,1.0,610.679,502.581,1.0,608.118,495.518,1.0,610.45,496.324,1.0,619.111,500.477,1.0,716.398,346.1,1.0,714.449,361.386,1.0,714.076,372.081,1.0,706.159,372.565,1.0,705.213,378.786,1.0,729.086,430.643,1.0,717.59,437.872,1.0,714.987,445.434,1.0,710.474,442.369,1.0,696.249,438.203,1.0,609.071,602.614,1.0,608.3,596.44,1.0,601.726,587.868,1.0,598.08,578.888,1.0,590.054,572.521,1.0,706.951,545.078,1.0,712.063,540.564,1.0,715.154,530.102,1.0,717.037,521.569,1.0,728.437,509.423,1.0
159,610.303,510.446,1.0,610.679,502.581,1.0,608.118,494.218,1.0,610.45,496.324,1.0,619.111,500.477,1.0,716.351,345.693,1.0,714.449,360.06,1.0,713.861,371.439,1.0,706.411,372.643,1.0,705.288,379.78,1.0,729.086,430.643,1.0,717.59,437.872,1.0,714.272,445.151,1.0,710.474,442.369,1.0,696.249,438.203,1.0,609.071,603.304,1.0,608.3,596.58,1.0,601.726,587.933,1.0,598.08,578.888,1.0,590.054,572.521,1.0,713.17,546.587,1.0,713.221,537.711,1.0,715.154,528.613,1.0,715.61,521.569,1.0,727.946,509.057,1.0
160,611.319,509.184,1.0,608.208,501.049,1.0,608.118,494.218,1.0,610.45,496.324,1.0,619.111,500.477,1.0,715.901,345.633,1.0,714.188,358.606,1.0,712.838,371.245,1.0,706.925,372.865,1.0,705.647,380.705,1.0,729.086,430.382,1.0,717.889,437.093,1.0,714.272,444.764,1.0,710.49,442.546,1.0,696.506,438.26,1.0,609.071,603.777,1.0,608.3,597.089,1.0,601.726,588.048,1.0,598.163,579.009,1.0,590.113,572.442,1.0,716.127,545.719,1.0,715.8,537.638,1.0,715.331,528.613,1.0,715.61,521.707,1.0,727.75,508.951,1.0
161,610.303,509.184,1.0,608.208,504.62,1.0,607.157,493.641,1.0,610.45,496.048,1.0,619.111,497.459,1.0,715.846,345.614,1.0,713.841,358.606,1.0,712.217,371.149,1.0,706.411,372.865,1.0,706.036,380.845,1.0,728.793,429.909,1.0,718.007,436.179,1.0,714.272,443.599,1.0,711.302,442.546,1.0,697.323,438.402,1.0,608.988,604.68,1.0,608.127,597.177,1.0,601.583,588.048,1.0,599.532,581.305,1.0,593.281,570.064,1.0,716.127,545.078,1.0,717.317,536.946,1.0,716.473,528.306,1.0,715.61,521.707,1.0,727.75,508.951,1.0
162,609.91,507.624,1.0,608.208,505.379,1.0,607.15,493.641,1.0,609.768,488.571,1.0,618.836,484.219,1.0,715.76,345.633,1.0,713.841,358.944,1.0,712.083,371.149,1.0,706.527,372.748,1.0,706.229,381.154,1.0,727.731,429.297,1.0,718.056,435.459,1.0,716.044,442.608,1.0,712.031,442.546,1.0,697.913,438.647,1.0,608.988,604.755,1.0,608.126,597.807,1.0,601.583,588.405,1.0,599.756,581.365,1.0,593.457,569.955,1.0,716.127,544.861,1.0,717.385,536.946,1.0,716.696,528.306,1.0,715.644,521.707,1.0,728.437,508.951,1.0
163,603.141,505.647,1.0,608.208,504.62,1.0,607.879,493.149,1.0,606.829,488.521,1.0,610.134,482.845,1.0,715.683,345.614,1.0,713.841,359.826,1.0,712.083,371.116,1.0,707.09,372.643,1.0,706.38,381.171,1.0,725.754,427.272,1.0,719.946,429.846,1.0,719.958,438.825,1.0,713.966,442.735,1.0,697.913,441.475,1.0,608.988,604.755,1.0,608.126,597.807,1.0,601.583,588.461,1.0,599.95,581.49,1.0,593.457,569.82,1.0,715.281,541.829,1.0,717.675,534.042,1.0,717.799,524.266,1.0,719.156,519.127,1.0,730.302,510.299,1.0
164,601.4,505.647,1.0,608.208,504.858,1.0,607.846,492.614,1.0,606.829,488.521,1.0,607.682,482.845,1.0,715.683,345.614,1.0,714.179,359.826,1.0,712.076,370.608,1.0,707.09,372.748,1.0,706.755,381.9,1.0,725.754,426.493,1.0,720.218,429.423,1.0,720.055,438.669,1.0,714.37,442.759,1.0,698.267,442.039,1.0,609.22,604.755,1.0,608.127,597.828,1.0,601.634,588.528,1.0,600.255,581.525,1.0,593.48,569.955,1.0,713.261,540.671,1.0,717.675,532.23,1.0,718.737,523.38,1.0,720.147,518.018,1.0,730.812,510.325,1.0
165,601.197,505.647,1.0,611.019,505.379,1.0,607.379,493.641,1.0,606.829,488.571,1.0,598.973,482.845,1.0,715.683,346.164,1.0,714.371,359.826,1.0,712.076,370.036,1.0,707.09,372.748,1.0,706.772,382.101,1.0,725.754,426.073,1.0,721.647,427.5,1.0,720.181,438.348,1.0,714.429,442.759,1.0,698.267,442.127,1.0,610.068,604.755,1.0,607.817,597.807,1.0,602.041,588.634,1.0,600.255,582.482,1.0,593.778,570.064,1.0,712.254,532.332,1.0,717.385,530.17,1.0,719.037,523.38,1.0,721.753,516.686,1.0,730.813,510.632,1.0
166,598.887,508.776,1.0,611.019,504.858,1.0,607.379,494.257,1.0,607.165,489.605,1.0,598.973,482.845,1.0,715.76,348.974,1.0,714.64,359.826,1.0,712.083,366.76,1.0,711.755,377.757,1.0,707.137,382.101,1.0,726.235,426.073,1.0,721.647,427.108,1.0,720.181,438.669,1.0,714.429,442.759,1.0,698.267,442.448,1.0,610.074,605.062,1.0,607.817,596.969,1.0,602.924,589.176,1.0,600.255,582.493,1.0,593.831,570.192,1.0,708.879,529.056,1.0,716.689,528.043,1.0,721.543,523.38,1.0,722.737,515.903,1.0,730.958,510.375,1.0
167,598.887,510.538,1.0,612.468,504.858,1.0,607.846,492.729,1.0,607.357,490.078,1.0,598.973,483.801,1.0,717.336,350.173,1.0,715.329,359.211,1.0,713.529,365.715,1.0,712.167,377.787,1.0,707.363,382.101,1.0,726.611,424.98,1.0,722.152,427.074,1.0,720.055,438.348,1.0,713.966,442.709,1.0,698.267,442.448,1.0,610.074,606.758,1.0,607.876,596.969,1.0,603.684,590.72,1.0,600.255,584.155,1.0,593.831,570.583,1.0,708.274,526.865,1.0,714.286,524.97,1.0,721.543,522.29,1.0,723.644,515.89,1.0,731.52,510.375,1.0
168,598.887,510.538,1.0,612.468,504.858,1.0,607.846,492.995,1.0,607.357,490.078,1.0,599.741,483.801,1.0,717.979,350.173,1.0,715.525,359.07,1.0,713.641,365.565,1.0,712.481,377.787,1.0,707.363,382.115,1.0,726.903,422.945,1.0,722.606,425.866,1.0,718.279,438.121,1.0,706.266,438.601,1.0,698.794,442.448,1.0,610.068,606.758,1.0,607.601,598.011,1.0,604.021,590.72,1.0,600.204,584.155,1.0,593.873,570.583,1.0,706.619,525.818,1.0,714.08,524.801,1.0,720.901,522.29,1.0,724.411,515.89,1.0,731.625,510.375,1.0
169,600.85,510.538,1.0,613.84,504.135,1.0,608.225,494.808,1.0,607.357,490.078,1.0,600.731,482.187,1.0,718.209,349.95,1.0,715.55,358.397,1.0,713.779,365.222,1.0,712.481,377.757,1.0,710.324,379.245,1.0,727.977,422.108,1.0,723.387,425.418,1.0,717.759,438.172,1.0,706.266,438.472,1.0,701.87,438.5,1.0,609.91,607.291,1.0,607.601,599.522,1.0,604.021,590.723,1.0,599.92,584.182,1.0,594.027,570.865,1.0,706.546,525.042,1.0,713.929,523.49,1.0,720.901,522.29,1.0,724.692,515.89,1.0,731.806,510.309,1.0
170,601.652,510.297,1.0,613.84,504.125,1.0,608.466,494.899,1.0,607.357,489.441,1.0,602.062,481.853,1.0,718.209,350.173,1.0,715.675,358.031,1.0,713.796,364.802,1.0,712.481,377.51,1.0,710.602,378.845,1.0,728.003,422.058,1.0,723.56,425.396,1.0,717.759,438.121,1.0,706.197,438.175,1.0,702.47,438.297,1.0,607.436,608.436,1.0,607.477,599.522,1.0,604.261,591.1,1.0,599.92,584.182,1.0,594.273,570.874,1.0,706.546,523.028,1.0,713.793,522.242,1.0,720.823,522.29,1.0,724.692,516.245,1.0,731.854,510.293,1.0
171,601.652,509.471,1.0,613.84,504.135,1.0,608.586,494.899,1.0,607.357,489.435,1.0,611.115,481.562,1.0,717.979,350.171,1.0,716.375,357.711,1.0,714.098,363.194,1.0,711.435,374.526,1.0,715.73,378.338,1.0,728.154,422.058,1.0,724.188,425.336,1.0,717.667,437.749,1.0,706.197,438.04,1.0,702.47,438.287,1.0,606.978,608.772,1.0,607.876,599.553,1.0,604.995,591.24,1.0,599.835,583.323,1.0,594.495,571.078,1.0,706.619,517.598,1.0,712.411,521.55,1.0,718.936,522.29,1.0,724.411,516.552,1.0,731.943,510.164,1.0
172,601.652,509.471,1.0,612.261,504.125,1.0,609.413,495.015,1.0,609.203,488.998,1.0,615.582,480.853,1.0,717.874,350.17,1.0,716.375,357.688,1.0,714.098,362.591,1.0,710.841,373.295,1.0,717.905,378.338,1.0,728.192,421.701,1.0,724.188,425.247,1.0,717.141,437.696,1.0,706.117,437.89,1.0,702.47,438.287,1.0,607.436,608.772,1.0,609.731,599.522,1.0,604.995,592.653,1.0,599.569,583.323,1.0,594.668,572.084,1.0,707.963,511.252,1.0,710.485,520.629,1.0,718.073,522.749,1.0,724.096,516.663,1.0,732.28,509.986,1.0
173,600.336,510.297,1.0,612.131,503.707,1.0,609.463,495.026,1.0,609.526,488.808,1.0,617.611,480.757,1.0,717.657,350.171,1.0,716.375,357.688,1.0,714.098,362.591,1.0,710.413,373.072,1.0,717.905,378.132,1.0,728.398,421.61,1.0,724.363,425.162,1.0,717.141,437.474,1.0,706.197,436.073,1.0,702.47,437.99,1.0,607.436,608.772,1.0,609.731,599.436,1.0,603.997,592.653,1.0,599.569,583.782,1.0,594.882,572.084,1.0,711.11,511.252,1.0,710.305,520.629,1.0,717.001,522.749,1.0,723.876,520.145,1.0,732.28,510.164,1.0
174,600.148,511.748,1.0,612.131,503.707,1.0,609.463,495.026,1.0,609.789,488.52,1.0,618.354,480.853,1.0,717.636,350.174,1.0,715.485,357.711,1.0,713.93,362.591,1.0,710.169,372.745,1.0,717.905,378.132,1.0,728.47,421.61,1.0,724.588,425.111,1.0,717.141,437.072,1.0,706.197,435.382,1.0,702.47,437.162,1.0,610.626,607.339,1.0,608.166,599.223,1.0,603.881,592.653,1.0,599.569,583.692,1.0,595.078,572.084,1.0,711.11,511.252,1.0,709.823,520.629,1.0,717.001,522.749,1.0,723.876,520.157,1.0,732.28,509.899,1.0
175,599.87,511.748,1.0,607.338,504.898,1.0,609.463,495.026,1.0,609.789,488.52,1.0,618.391,480.853,1.0,717.402,350.171,1.0,715.485,357.688,1.0,712.931,362.792,1.0,710.169,372.663,1.0,717.434,378.338,1.0,732.332,422.2,1.0,726.26,423.17,1.0,717.616,434.887,1.0,708.129,434.402,1.0,702.977,437.06,1.0,612.45,607.26,1.0,608.542,596.302,1.0,603.881,591.82,1.0,599.569,583.782,1.0,595.351,572.05,1.0,711.11,511.537,1.0,709.667,520.074,1.0,716.432,522.278,1.0,723.876,520.678,1.0,732.019,509.853,1.0
176,600.148,511.748,1.0,607.252,502.726,1.0,609.463,494.231,1.0,609.968,488.043,1.0,619.22,480.472,1.0,717.402,350.17,1.0,715.485,357.688,1.0,712.931,362.792,1.0,709.894,372.531,1.0,717.384,378.386,1.0,736.982,421.247,1.0,727.968,422.933,1.0,718.201,433.21,1.0,709.117,434.398,1.0,703.166,437.06,1.0,612.45,605.353,1.0,608.542,596.302,1.0,603.736,591.377,1.0,599.696,583.782,1.0,595.351,571.956,1.0,711.051,511.839,1.0,709.61,520.074,1.0,716.432,521.8,1.0,723.876,520.955,1.0,731.886,509.732,1.0
177,600.148,505.881,1.0,606.986,502.726,1.0,609.463,492.919,1.0,610.687,487.032,1.0,619.737,480.206,1.0,717.402,349.514,1.0,716.845,355.367,1.0,711.981,362.792,1.0,709.349,371.867,1.0,717.384,378.294,1.0,736.982,420.057,1.0,729.082,422.752,1.0,718.274,433.159,1.0,709.459,434.398,1.0,703.202,437.06,1.0,612.45,604.736,1.0,608.542,596.302,1.0,601.33,590.635,1.0,600.829,583.782,1.0,595.351,571.778,1.0,710.878,511.907,1.0,709.453,520.074,1.0,716.418,521.683,1.0,723.876,521.802,1.0,731.559,509.72,1.0
178,603.583,505.084,1.0,606.657,502.726,1.0,609.499,488.9,1.0,610.989,487.032,1.0,623.323,480.206,1.0,717.294,347.502,1.0,716.845,354.595,1.0,711.981,360.742,1.0,708.719,370.175,1.0,717.384,378.436,1.0,736.982,420.057,1.0,729.196,422.752,1.0,718.855,432.415,1.0,710.291,434.402,1.0,703.448,437.19,1.0,610.333,602.038,1.0,610.977,596.667,1.0,601.288,589.778,1.0,601.632,583.811,1.0,594.45,571.768,1.0,710.414,511.907,1.0,708.263,519.505,1.0,715.277,521.466,1.0,723.339,521.94,1.0,730.714,509.642,1.0
179,614.044,501.928,1.0,606.657,497.472,1.0,609.858,486.166,1.0,613.459,486.651,1.0,623.323,480.206,1.0,716.365,341.901,1.0,716.845,348.051,1.0,713.278,360.554,1.0,708.134,366.426,1.0,717.861,379.264,1.0,736.741,419.018,1.0,730.175,422.752,1.0,719.485,431.971,1.0,710.618,434.995,1.0,703.448,437.592,1.0,606.226,602.004,1.0,612.718,596.839,1.0,601.027,587.566,1.0,602.88,584.016,1.0,594.155,570.893,1.0,710.103,511.907,1.0,707.871,518.705,1.0,714.209,521.463,1.0,722.145,521.94,1.0,730.242,509.642,1.0
180,614.39,501.754,1.0,606.986,497.472,1.0,609.874,486.166,1.0,613.459,485.013,1.0,623.323,487.663,1.0,716.277,341.684,1.0,715.153,348.015,1.0,713.449,360.001,1.0,708.134,366.426,1.0,717.861,379.264,1.0,734.671,419.018,1.0,730.175,424.97,1.0,719.485,431.971,1.0,710.618,435.031,1.0,703.448,437.592,1.0,600.379,601.18,1.0,612.718,597.068,1.0,601.027,587.499,1.0,603.039,584.016,1.0,593.889,570.852,1.0,708.8,511.602,1.0,706.815,518.462,1.0,714.209,520.895,1.0,721.761,521.94,1.0,729.717,509.732,1.0
181,617.628,499.376,1.0,607.923,497.472,1.0,609.874,486.166,1.0,612.625,485.013,1.0,623.212,491.87,1.0,713.857,341.505,1.0,714.68,347.944,1.0,713.59,359.917,1.0,708.031,366.371,1.0,717.861,379.798,1.0,731.983,419.018,1.0,730.175,424.996,1.0,719.485,431.971,1.0,710.618,435.044,1.0,703.274,437.592,1.0,599.633,599.56,1.0,612.718,597.068,1.0,601.027,587.499,1.0,603.039,584.016,1.0,593.889,570.761,1.0,708.8,511.602,1.0,706.715,518.462,1.0,714.209,520.65,1.0,721.761,519.784,1.0,729.717,511.039,1.0
182,620.102,499.055,1.0,613.921,497.542,1.0,609.874,487.869,1.0,613.008,485.893,1.0,622.1,495.907,1.0,713.857,341.505,1.0,714.473,347.944,1.0,713.59,359.917,1.0,708.031,366.426,1.0,717.859,379.811,1.0,729.144,421.527,1.0,725.314,425.351,1.0,718.332,437.262,1.0,706.678,435.369,1.0,702.51,436.77,1.0,599.633,601.18,1.0,612.285,597.199,1.0,601.058,587.499,1.0,603.039,583.797,1.0,594.155,570.852,1.0,708.8,511.008,1.0,706.715,517.399,1.0,714.399,520.65,1.0,721.761,519.371,1.0,729.717,511.039,1.0
183,620.933,498.324,1.0,615.281,497.542,1.0,609.874,487.869,1.0,612.625,485.893,1.0,622.1,497.672,1.0,713.857,341.448,1.0,714.226,347.842,1.0,713.59,359.869,1.0,708.031,366.465,1.0,717.647,379.923,1.0,725.197,421.527,1.0,724.192,425.351,1.0,718.332,438.552,1.0,705.896,435.369,1.0,702.448,436.535,1.0,599.633,602.004,1.0,610.644,597.342,1.0,602.113,588.192,1.0,602.323,582.547,1.0,594.303,570.893,1.0,706.431,510.536,1.0,706.715,517.399,1.0,714.733,520.65,1.0,722.032,518.827,1.0,730.013,511.039,1.0
184,623.672,497.935,1.0,620.781,497.542,1.0,610.26,487.869,1.0,612.364,487.629,1.0,620.293,497.728,1.0,715.133,335.889,1.0,714.213,347.132,1.0,713.469,359.143,1.0,708.246,366.465,1.0,717.647,379.923,1.0,725.197,421.527,1.0,724.192,425.351,1.0,718.332,438.552,1.0,705.896,435.524,1.0,702.427,436.535,1.0,599.633,606.428,1.0,609.392,597.754,1.0,602.788,588.789,1.0,602.003,582.397,1.0,594.71,570.912,1.0,706.431,510.536,1.0,707.248,517.538,1.0,715.082,520.838,1.0,722.278,518.825,1.0,730.013,510.911,1.0
185,623.933,497.935,1.0,620.817,497.305,1.0,609.493,487.442,1.0,611.838,490.666,1.0,620.293,497.728,1.0,715.133,335.678,1.0,714.213,347.065,1.0,713.113,359.082,1.0,708.297,366.371,1.0,717.647,379.923,1.0,725.197,421.851,1.0,723.399,425.681,1.0,718.332,438.552,1.0,706.355,435.761,1.0,701.964,436.535,1.0,599.633,607.359,1.0,608.096,599.646,1.0,603.264,589.326,1.0,601.782,582.313,1.0,594.952,571.074,1.0,705.378,512.415,1.0,707.248,517.905,1.0,715.747,521.247,1.0,722.278,518.825,1.0,730.335,510.727,1.0
186,623.933,498.324,1.0,622.003,497.305,1.0,609.352,486.451,1.0,611.838,490.666,1.0,620.234,497.728,1.0,715.133,335.442,1.0,714.226,347.06,1.0,712.987,358.984,1.0,708.359,365.181,1.0,718.185,379.067,1.0,724.666,421.851,1.0,723.399,425.681,1.0,718.332,438.552,1.0,706.355,436.472,1.0,701.964,437.616,1.0,599.694,608.925,1.0,606.925,600.505,1.0,603.264,589.348,1.0,601.497,582.011,1.0,594.952,571.105,1.0,703.536,513.357,1.0,707.248,517.905,1.0,715.772,521.447,1.0,722.278,518.825,1.0,730.335,510.344,1.0
187,623.672,498.476,1.0,623.021,497.305,1.0,608.86,485.296,1.0,609.987,490.83,1.0,620.234,497.553,1.0,715.133,335.373,1.0,715.723,347.06,1.0,712.476,358.453,1.0,708.796,364.908,1.0,718.533,375.426,1.0,724.666,424.509,1.0,721.878,431.419,1.0,717.098,438.35,1.0,709.619,440.103,1.0,701.389,437.616,1.0,599.591,609.226,1.0,606.816,600.671,1.0,603.291,589.78,1.0,601.493,582.011,1.0,594.952,571.353,1.0,699.094,523.569,1.0,705.929,519.416,1.0,715.772,522.205,1.0,722.037,518.825,1.0,729.996,510.311,1.0
188,622.922,502.329,1.0,623.38,499.189,1.0,606.798,485.066,1.0,611.838,490.83,1.0,618.867,492.061,1.0,714.887,335.373,1.0,715.888,346.851,1.0,712.317,358.228,1.0,709.049,364.341,1.0,718.623,374.015,1.0,724.666,424.701,1.0,718.838,431.419,1.0,717.098,438.35,1.0,715.713,440.103,1.0,701.389,437.718,1.0,599.68,609.856,1.0,606.797,601.412,1.0,603.264,589.879,1.0,601.439,582.011,1.0,594.952,571.353,1.0,699.094,523.569,1.0,705.929,519.462,1.0,715.772,522.205,1.0,722.037,518.671,1.0,729.996,510.31,1.0
189,622.922,502.329,1.0,623.38,499.189,1.0,606.798,485.066,1.0,614.006,488.583,1.0,618.867,491.853,1.0,714.785,335.373,1.0,715.888,346.851,1.0,712.221,358.228,1.0,709.133,364.185,1.0,718.835,373.617,1.0,718.129,430.461,0.9990000128746033,718.737,431.559,1.0,717.098,438.565,1.0,716.105,440.103,1.0,701.389,437.827,1.0,599.694,609.972,1.0,606.797,601.529,1.0,603.26,589.973,1.0,601.383,582.334,1.0,594.952,571.391,1.0,699.094,523.569,1.0,705.929,519.498,1.0,716.572,522.205,1.0,722.037,518.671,1.0,730.335,510.31,1.0
190,622.922,503.757,1.0,623.38,499.449,1.0,606.798,485.296,1.0,614.006,488.558,1.0,618.867,491.761,1.0,714.778,335.421,1.0,715.914,346.806,1.0,712.221,358.078,1.0,709.136,364.07,1.0,718.94,373.617,1.0,717.617,431.077,1.0,717.795,431.829,1.0,717.005,439.051,1.0,716.068,438.044,1.0,702.331,440.587,1.0,599.68,610.052,1.0,606.518,601.529,1.0,603.193,590.041,1.0,601.383,582.372,1.0,595.034,571.511,1.0,702.402,523.155,1.0,707.956,519.498,1.0,715.772,521.661,1.0,722.798,519.62,1.0,730.361,509.969,1.0
191,626.543,503.773,1.0,625.048,499.449,1.0,608.241,487.465,1.0,609.987,488.558,1.0,618.867,490.199,1.0,712.687,337.973,1.0,716.055,346.805,1.0,712.221,358.013,1.0,709.54,363.99,1.0,718.944,373.221,1.0,716.066,431.878,1.0,717.795,431.829,1.0,717.154,438.565,1.0,716.068,437.627,1.0,702.41,440.587,1.0,599.591,610.292,1.0,606.518,601.529,1.0,603.082,590.056,1.0,601.42,582.388,1.0,595.05,571.798,1.0,709.904,516.231,1.0,710.196,519.462,1.0,715.408,521.422,1.0,723.18,519.62,1.0,730.361,509.635,1.0
192,631.723,507.139,1.0,630.384,501.733,1.0,612.287,492.912,1.0,608.6,488.558,1.0,618.867,481.544,1.0,712.687,337.973,1.0,715.888,346.764,1.0,711.874,357.882,1.0,709.413,363.473,1.0,719.127,373.52,1.0,715.881,432.071,1.0,717.771,431.559,1.0,717.422,438.565,1.0,716.068,437.384,1.0,702.469,440.595,1.0,599.585,610.45,1.0,603.007,597.935,1.0,602.793,590.171,1.0,601.42,582.669,1.0,595.164,571.86,1.0,709.904,508.085,1.0,710.196,518.634,1.0,715.265,520.012,1.0,723.18,519.082,1.0,730.361,509.053,1.0
193,631.901,507.216,1.0,630.674,501.733,1.0,612.79,493.223,1.0,608.112,488.583,1.0,608.919,480.185,1.0,712.687,337.973,1.0,715.831,346.698,1.0,710.668,356.509,1.0,709.608,362.123,1.0,719.315,373.52,1.0,715.637,433.051,1.0,717.771,431.559,1.0,718.114,438.143,1.0,716.063,437.33,1.0,702.41,440.595,1.0,599.585,610.45,1.0,603.007,597.935,1.0,602.577,590.188,1.0,601.42,582.892,1.0,595.164,571.963,1.0,709.904,508.085,1.0,710.196,518.634,1.0,715.265,520.912,1.0,723.18,519.62,1.0,728.155,508.406,1.0
194,631.901,507.223,1.0,630.674,502.472,1.0,613.351,493.223,1.0,607.923,488.845,1.0,607.791,479.545,1.0,716.445,335.54,1.0,716.113,345.868,1.0,710.668,352.404,1.0,709.695,361.171,1.0,719.315,373.678,1.0,714.553,433.124,1.0,717.745,431.266,1.0,718.344,437.706,1.0,715.903,437.048,1.0,702.41,440.595,1.0,599.585,610.292,1.0,603.007,597.935,1.0,602.34,590.23,1.0,601.42,583.177,1.0,595.164,572.451,1.0,706.83,507.145,1.0,708.158,517.641,1.0,715.145,520.912,1.0,723.424,519.62,1.0,727.567,507.92,1.0
195,631.901,507.223,1.0,630.384,502.597,1.0,613.445,493.012,1.0,607.891,488.911,1.0,606.582,479.545,1.0,718.401,335.137,1.0,716.302,345.281,1.0,710.668,352.404,1.0,709.608,360.96,1.0,719.315,374.081,1.0,714.311,433.15,1.0,717.745,431.236,1.0,718.65,437.501,1.0,715.879,436.523,1.0,695.76,444.77,1.0,599.585,610.155,1.0,602.417,597.967,1.0,602.032,590.489,1.0,601.106,583.177,1.0,595.034,572.608,1.0,706.83,507.145,1.0,708.158,517.641,1.0,715.145,520.484,1.0,723.424,519.112,1.0,727.567,507.3,1.0
196,631.913,507.216,1.0,621.667,502.702,1.0,613.747,493.223,1.0,607.891,489.291,1.0,606.567,479.569,1.0,719.961,335.137,1.0,716.782,345.281,1.0,710.394,352.404,1.0,709.413,360.96,1.0,719.14,374.232,1.0,714.156,433.15,1.0,717.744,431.191,1.0,718.956,437.077,1.0,715.879,436.102,1.0,695.666,444.839,1.0,599.664,609.899,1.0,602.417,599.376,1.0,601.699,591.101,1.0,600.509,583.177,1.0,594.859,573.203,1.0,706.83,513.42,1.0,708.158,518.89,1.0,715.424,520.484,1.0,723.467,519.082,1.0,727.567,507.3,1.0
197,632.469,507.02,1.0,621.667,503.27,1.0,615.247,495.164,1.0,607.923,490.308,1.0,605.919,480.185,1.0,719.961,335.54,1.0,716.782,345.281,1.0,711.118,353.223,1.0,709.608,360.96,1.0,719.086,374.585,1.0,714.156,433.051,1.0,717.744,431.191,1.0,719.334,436.613,1.0,707.38,434.966,1.0,695.664,445.39,1.0,599.685,609.472,1.0,601.892,600.518,1.0,601.699,591.122,1.0,600.509,583.038,1.0,594.629,573.844,1.0,707.964,513.539,1.0,713.788,520.261,1.0,717.133,520.484,1.0,723.699,517.551,1.0,727.953,507.92,1.0
198,635.161,507.02,1.0,621.667,504.189,1.0,616.99,495.164,1.0,611.089,491.642,1.0,605.919,484.182,1.0,719.961,335.137,1.0,716.782,344.438,1.0,712.18,355.063,1.0,709.695,360.96,1.0,718.873,374.585,1.0,714.04,432.419,1.0,717.725,431.191,1.0,719.334,436.502,1.0,707.38,434.824,1.0,695.666,444.839,1.0,599.856,608.894,1.0,601.571,600.024,1.0,601.861,592.156,1.0,600.509,582.213,1.0,594.514,575.567,1.0,709.339,518.29,1.0,714.535,521.587,1.0,719.673,520.174,1.0,723.711,516.576,1.0,729.345,508.64,1.0
199,637.227,507.02,1.0,624.821,504.765,1.0,618.873,497.311,1.0,611.8,492.35,1.0,605.919,484.958,1.0,712.095,333.141,1.0,714.691,345.776,1.0,712.324,355.063,1.0,709.756,361.704,1.0,718.742,374.232,1.0,713.939,432.351,1.0,717.534,431.191,1.0,719.886,436.502,1.0,707.38,434.416,1.0,695.76,444.799,1.0,599.685,603.69,1.0,601.084,599.937,1.0,601.931,592.156,1.0,600.795,582.109,1.0,594.27,577.215,1.0,709.682,528.319,1.0,714.691,523.634,1.0,721.255,519.454,1.0,723.806,515.919,1.0,729.928,508.64,1.0
200,637.227,507.354,1.0,625.286,504.765,1.0,619.109,497.311,1.0,611.932,492.707,1.0,603.427,485.501,1.0,710.169,336.932,1.0,714.202,345.776,1.0,712.638,355.063,1.0,710.026,361.704,1.0,718.742,373.691,1.0,714.04,432.351,1.0,717.534,431.191,1.0,719.886,436.476,1.0,707.449,434.284,1.0,696.593,444.799,1.0,600.445,603.69,1.0,600.975,600.024,1.0,601.861,592.156,1.0,601.073,582.213,1.0,593.24,577.215,1.0,712.582,528.725,1.0,714.691,525.407,1.0,721.255,518.961,1.0,723.806,515.919,1.0,730.156,508.64,1.0
201,637.341,507.934,1.0,625.901,504.189,1.0,619.507,497.311,1.0,612.001,492.707,1.0,604.361,485.681,1.0,704.501,336.932,1.0,710.658,344.438,1.0,712.638,354.246,1.0,710.057,361.704,1.0,718.742,373.592,1.0,714.04,432.206,1.0,717.534,431.113,1.0,719.331,436.146,1.0,708.233,434.095,1.0,696.869,444.797,1.0,600.457,603.69,1.0,600.367,600.518,1.0,601.861,592.156,1.0,601.207,582.432,1.0,593.235,577.437,1.0,713.247,531.561,1.0,716.563,526.005,1.0,721.255,518.961,1.0,723.711,516.576,1.0,730.564,508.64,1.0
202,637.227,507.934,1.0,626.093,504.765,1.0,620.114,497.121,1.0,612.493,492.755,1.0,604.361,485.982,1.0,704.501,336.932,1.0,710.658,344.438,1.0,712.638,354.246,1.0,710.057,361.934,1.0,718.615,373.592,1.0,713.939,432.206,1.0,721.545,429.609,1.0,719.331,435.99,1.0,708.533,434.095,1.0,697.437,444.479,1.0,600.457,604.209,1.0,599.741,600.966,1.0,601.522,592.156,1.0,601.43,582.432,1.0,593.228,577.437,1.0,718.66,532.367,1.0,719.772,526.962,1.0,719.208,518.961,1.0,721.11,516.685,1.0,730.635,508.937,1.0
203,637.227,507.934,1.0,628.221,504.862,1.0,621.432,497.121,1.0,613.363,492.841,1.0,604.361,486.968,1.0,704.501,339.878,1.0,710.658,345.776,1.0,711.659,354.246,1.0,710.057,361.934,1.0,718.425,373.441,1.0,713.939,431.866,1.0,722.385,429.485,1.0,719.836,435.485,1.0,709.105,434.066,1.0,703.496,437.33,1.0,600.805,606.163,1.0,598.249,601.527,1.0,601.522,592.729,1.0,601.757,583.043,1.0,593.215,577.938,1.0,728.669,532.55,1.0,719.772,529.427,1.0,718.482,521.816,1.0,718.422,519.195,1.0,730.714,509.752,1.0
204,637.341,507.611,1.0,629.126,504.862,1.0,622.63,497.121,1.0,615.477,493.352,1.0,604.361,487.194,1.0,707.112,343.553,1.0,711.899,346.095,1.0,711.381,357.633,1.0,710.057,363.352,1.0,717.419,373.441,1.0,713.01,430.771,1.0,722.385,428.659,1.0,719.836,435.255,1.0,709.568,434.066,1.0,704.658,437.33,1.0,600.805,606.446,1.0,598.154,601.864,1.0,601.522,592.991,1.0,601.816,583.757,1.0,593.215,578.028,1.0,729.709,536.281,1.0,719.772,530.174,1.0,718.357,521.865,1.0,717.849,519.261,1.0,730.714,510.048,1.0
205,638.983,507.611,1.0,630.325,504.862,1.0,622.897,498.079,1.0,615.477,493.399,1.0,604.387,489.411,1.0,711.95,346.778,1.0,713.288,347.826,1.0,709.795,358.827,1.0,708.822,364.677,1.0,715.783,373.787,1.0,712.843,430.767,1.0,722.24,428.314,1.0,721.216,434.718,1.0,710.432,434.183,1.0,704.885,437.33,1.0,600.805,608.998,1.0,598.154,602.339,1.0,601.137,594.26,1.0,601.816,584.609,1.0,593.127,578.79,1.0,730.229,536.418,1.0,716.686,530.174,1.0,717.882,521.865,1.0,717.849,519.474,1.0,730.749,510.115,1.0
206,640.126,507.611,1.0,633.099,504.862,1.0,625.067,500.387,1.0,615.477,494.007,1.0,604.729,489.883,1.0,713.663,347.377,1.0,716.029,352.625,1.0,709.077,359.655,1.0,708.081,364.945,1.0,715.126,375.643,1.0,712.843,430.767,1.0,722.385,428.168,1.0,721.489,434.559,1.0,710.94,434.449,1.0,704.885,437.975,1.0,600.094,609.03,1.0,598.249,603.186,1.0,601.393,594.837,1.0,601.816,585.078,1.0,593.215,579.33,1.0,730.229,536.418,1.0,716.684,530.258,1.0,718.201,521.816,1.0,717.87,519.474,1.0,730.791,510.115,1.0
207,643.287,512.006,1.0,635.362,500.394,1.0,626.148,501.232,1.0,613.294,495.01,1.0,610.175,491.206,1.0,721.509,350.2,1.0,717.593,353.761,1.0,709.074,359.655,1.0,707.798,364.945,1.0,715.126,375.643,1.0,712.843,430.771,1.0,722.24,428.101,1.0,721.489,434.559,1.0,710.94,434.609,1.0,704.885,437.975,1.0,599.887,613.421,1.0,599.16,606.804,1.0,601.393,594.987,1.0,601.357,585.267,1.0,593.667,580.508,1.0,730.229,536.418,1.0,716.478,530.442,1.0,718.201,521.073,1.0,717.87,519.709,1.0,734.231,515.942,1.0
208,644.771,512.102,1.0,636.773,500.335,1.0,627.591,501.754,1.0,613.294,495.955,1.0,610.495,491.234,1.0,724.505,350.552,1.0,718.59,353.761,1.0,709.074,359.655,1.0,707.798,364.792,1.0,715.126,375.643,1.0,712.923,431.029,1.0,721.991,428.101,1.0,721.489,434.559,1.0,711.114,434.649,1.0,704.491,438.03,1.0,599.553,613.863,1.0,599.16,607.422,1.0,601.361,595.034,1.0,601.179,585.334,1.0,593.67,580.697,1.0,729.912,536.876,1.0,716.684,530.442,1.0,718.201,521.073,1.0,718.213,519.965,1.0,734.231,517.183,1.0
209,644.771,512.102,1.0,637.477,500.027,1.0,627.774,501.754,1.0,613.294,496.768,1.0,610.519,491.234,1.0,727.018,354.095,1.0,718.59,353.761,1.0,709.077,358.922,1.0,707.798,364.792,1.0,715.978,375.316,1.0,713.087,431.88,1.0,718.489,428.101,1.0,719.057,436.076,1.0,711.639,435.556,1.0,703.263,438.374,1.0,599.17,613.909,1.0,599.16,607.438,1.0,601.049,595.073,1.0,600.826,585.334,1.0,593.699,581.036,1.0,729.562,537.767,1.0,716.684,530.442,1.0,718.201,521.073,1.0,718.301,519.965,1.0,734.231,517.885,1.0
210,644.771,512.006,1.0,637.605,500.027,1.0,628.049,501.754,1.0,613.45,496.987,1.0,610.786,491.234,1.0,727.179,354.095,1.0,723.009,353.049,1.0,709.446,356.405,1.0,707.987,364.452,1.0,717.273,374.341,1.0,713.988,431.88,1.0,718.489,431.214,1.0,718.399,437.326,1.0,712.384,439.255,1.0,701.728,441.537,1.0,598.362,614.689,1.0,598.596,608.067,1.0,601.049,595.61,1.0,600.409,585.797,1.0,593.73,581.433,1.0,729.237,541.244,1.0,720.527,534.128,1.0,718.776,524.028,1.0,718.594,519.965,1.0,733.585,518.108,1.0
211,644.771,511.315,1.0,638.327,500.027,1.0,628.64,501.502,1.0,613.67,498.179,1.0,610.955,491.081,1.0,728.81,354.095,1.0,724.006,352.34,1.0,709.523,356.405,1.0,708.368,364.452,1.0,717.273,374.341,1.0,717.077,431.88,1.0,718.489,435.106,1.0,717.813,438.675,1.0,712.384,439.255,1.0,701.601,441.775,1.0,597.834,614.78,1.0,598.596,608.162,1.0,598.929,595.663,1.0,600.09,586.151,1.0,595.231,582.959,1.0,729.197,541.345,1.0,720.709,534.244,1.0,719.45,524.039,1.0,718.594,519.564,1.0,733.408,518.532,1.0
212,644.827,511.315,1.0,639.026,500.335,1.0,628.64,501.502,1.0,613.875,498.497,1.0,611.234,491.081,1.0,728.81,353.684,1.0,724.006,352.34,1.0,709.73,356.405,1.0,708.442,364.452,1.0,717.273,374.341,1.0,721.359,432.469,1.0,718.489,436.14,1.0,717.735,438.925,1.0,712.384,439.48,1.0,701.601,442.186,1.0,597.446,614.846,1.0,598.119,608.529,1.0,598.191,596.538,1.0,599.921,586.57,1.0,597.769,584.528,1.0,728.94,541.594,1.0,720.784,534.533,1.0,719.462,524.197,1.0,718.825,519.428,1.0,733.12,521.058,1.0
213,647.077,511.315,1.0,641.769,500.428,1.0,628.64,501.502,1.0,615.475,500.287,1.0,612.743,491.081,1.0,728.81,351.218,1.0,718.375,352.34,1.0,710.096,357.524,1.0,708.495,364.876,1.0,715.106,376.003,1.0,727.863,432.469,1.0,718.689,436.811,1.0,716.411,438.925,1.0,709.243,439.48,1.0,701.728,442.186,1.0,597.446,614.846,1.0,598.024,608.529,1.0,598.183,596.538,1.0,599.921,586.905,1.0,597.779,584.528,1.0,728.246,541.594,1.0,721.068,534.714,1.0,719.952,524.056,1.0,718.989,519.428,1.0,733.12,523.26,1.0
214,647.077,512.337,1.0,641.769,501.881,1.0,627.449,501.502,1.0,615.547,500.711,1.0,612.812,491.081,1.0,721.616,349.806,1.0,718.375,353.445,1.0,710.25,357.556,1.0,708.495,365.333,1.0,713.678,377.763,1.0,727.863,436.368,1.0,718.892,437.439,1.0,715.095,438.675,1.0,709.243,439.439,1.0,702.354,442.186,1.0,597.209,614.78,1.0,598.024,608.162,1.0,598.183,596.895,1.0,599.921,586.941,1.0,597.779,584.528,1.0,728.246,541.594,1.0,721.229,534.714,1.0,719.952,524.039,1.0,719.445,519.428,1.0,733.12,523.26,1.0
215,647.228,512.337,1.0,641.769,501.881,1.0,627.449,501.502,1.0,615.547,500.711,1.0,612.812,491.081,1.0,716.775,349.806,1.0,717.08,353.556,1.0,713.163,357.644,1.0,708.611,366.623,1.0,713.171,377.763,1.0,727.94,441.645,1.0,718.892,437.439,1.0,715.095,438.675,1.0,708.56,439.387,1.0,702.354,440.169,1.0,597.446,614.932,1.0,598.024,607.723,1.0,598.191,596.98,1.0,600.09,587.176,1.0,597.769,584.129,1.0,727.75,541.49,1.0,721.229,534.714,1.0,719.952,524.039,1.0,719.445,519.979,1.0,733.503,523.26,1.0
216,647.077,512.337,1.0,640.914,502.765,1.0,626.698,501.601,1.0,615.547,500.711,1.0,612.812,491.136,1.0,713.123,351.218,1.0,717.067,355.585,1.0,713.602,357.644,1.0,708.776,367.473,1.0,713.171,377.763,1.0,728.948,441.917,1.0,718.892,437.439,1.0,715.52,437.643,1.0,708.502,439.387,1.0,702.354,439.833,1.0,598.043,614.932,1.0,597.771,607.723,1.0,598.477,597.476,1.0,601.044,588.87,1.0,597.779,584.129,1.0,727.75,541.49,1.0,721.394,533.029,1.0,720.492,524.056,1.0,719.512,519.979,1.0,733.833,521.535,1.0
217,645.365,509.152,1.0,640.15,501.881,1.0,625.595,501.601,1.0,615.547,500.023,1.0,611.379,491.136,1.0,713.123,351.469,1.0,716.926,355.624,1.0,714.067,357.644,1.0,708.963,367.553,1.0,713.282,376.874,1.0,729.936,443.338,1.0,719.977,439.378,1.0,715.52,437.643,1.0,708.502,438.951,1.0,702.27,438.336,1.0,598.327,616.268,1.0,597.684,607.723,1.0,599.536,599.511,1.0,601.719,589.31,1.0,597.779,584.129,1.0,729.486,541.49,1.0,721.532,533.029,1.0,720.803,524.056,1.0,719.475,520.089,1.0,733.833,520.1,1.0
218,644.782,500.163,1.0,639.369,501.881,1.0,625.595,502.072,1.0,613.964,499.01,1.0,609.112,491.136,1.0,712.908,352.154,1.0,716.926,355.624,1.0,714.241,358.01,1.0,708.963,367.553,1.0,713.282,376.874,1.0,731.279,443.666,1.0,720.178,439.378,1.0,715.872,437.643,1.0,708.43,438.692,1.0,702.105,438.148,1.0,599.59,620.606,1.0,596.898,609.615,1.0,599.536,601.621,1.0,602.113,590.234,1.0,598.113,584.494,1.0,729.486,541.976,1.0,725.285,533.029,1.0,720.491,525.255,1.0,719.528,519.979,1.0,733.833,519.847,1.0
219,638.846,494.261,1.0,637.616,501.161,1.0,625.792,502.072,1.0,613.333,498.844,1.0,609.112,491.136,1.0,712.908,352.27,1.0,716.904,355.624,1.0,714.252,358.01,1.0,708.963,367.899,1.0,713.171,376.874,1.0,732.714,443.666,1.0,721.071,439.378,1.0,716.222,438.146,1.0,708.43,438.404,1.0,701.896,438.148,1.0,599.59,621.607,1.0,596.479,612.228,1.0,598.941,602.17,1.0,602.113,590.617,1.0,598.489,584.98,1.0,729.035,545.173,1.0,725.925,535.366,1.0,720.491,525.434,1.0,719.475,520.124,1.0,733.574,518.571,1.0
220,634.86,492.033,1.0,634.493,501.161,1.0,625.792,502.072,1.0,613.333,498.734,1.0,609.112,491.136,1.0,712.604,352.27,1.0,716.798,355.624,1.0,714.252,358.031,1.0,709.03,368.139,1.0,713.035,376.985,1.0,733.713,443.338,1.0,722.905,439.144,1.0,716.222,437.535,1.0,708.502,438.404,1.0,701.654,438.336,1.0,599.59,621.829,1.0,596.479,613.407,1.0,598.941,603.132,1.0,601.719,591.166,1.0,598.863,584.98,1.0,729.035,545.695,1.0,726.111,535.444,1.0,720.491,526.287,1.0,719.475,520.273,1.0,733.156,516.945,1.0
221,634.769,490.722,1.0,634.276,499.329,1.0,625.792,501.038,1.0,613.668,498.734,1.0,611.109,490.413,1.0,711.616,353.469,1.0,716.798,355.324,1.0,714.252,359.092,1.0,709.22,368.139,1.0,712.949,376.985,1.0,733.713,441.335,1.0,724.218,438.625,1.0,718.797,437.535,1.0,708.017,438.402,1.0,701.428,438.64,1.0,597.664,621.829,1.0,596.479,614.303,1.0,599.058,604.022,1.0,601.225,591.387,1.0,598.863,584.666,1.0,729.035,546.08,1.0,726.304,535.586,1.0,720.491,526.287,1.0,719.475,520.461,1.0,732.636,515.468,1.0
222,634.769,489.538,1.0,633.831,499.329,1.0,626.073,501.038,1.0,613.668,498.734,1.0,612.365,488.844,1.0,711.045,353.469,1.0,716.585,354.965,1.0,712.782,358.541,1.0,709.565,368.139,1.0,712.31,376.985,1.0,733.713,440.706,1.0,724.218,438.625,1.0,716.222,437.535,1.0,708.017,438.402,1.0,700.609,439.062,1.0,596.332,621.829,1.0,596.329,614.489,1.0,598.951,604.192,1.0,600.919,591.396,1.0,598.863,584.666,1.0,729.035,546.08,1.0,726.304,535.586,1.0,719.508,526.227,1.0,719.544,520.461,1.0,732.636,514.46,1.0
223,634.769,489.428,1.0,633.831,498.394,1.0,626.081,501.038,1.0,614.96,498.734,1.0,614.585,488.603,1.0,710.479,353.469,1.0,715.405,354.854,1.0,712.513,358.541,1.0,710.276,367.759,1.0,711.598,376.815,1.0,733.242,439.688,1.0,724.218,438.625,1.0,716.222,438.146,1.0,707.958,438.404,1.0,699.741,439.062,1.0,590.164,621.723,1.0,595.64,614.701,1.0,598.951,604.348,1.0,600.312,591.473,1.0,598.191,584.666,1.0,728.861,546.08,1.0,726.304,535.586,1.0,719.508,526.227,1.0,720.216,520.461,1.0,732.636,513.346,1.0
224,634.812,488.973,1.0,633.831,491.511,1.0,626.081,501.264,1.0,615.243,500.04,1.0,618.091,487.253,1.0,709.378,347.824,1.0,714.214,353.783,1.0,712.151,358.777,1.0,711.669,365.268,1.0,711.598,376.815,1.0,731.771,437.857,1.0,724.269,439.676,1.0,715.789,439.56,1.0,705.872,438.255,1.0,697.869,439.062,1.0,590.164,621.686,1.0,595.64,614.701,1.0,599.058,604.192,1.0,600.238,591.396,1.0,598.191,584.653,1.0,728.509,539.516,1.0,721.811,531.96,1.0,720.042,522.94,1.0,720.822,520.461,1.0,733.013,513.346,1.0
225,635.369,488.939,1.0,633.922,491.222,1.0,626.073,502.228,1.0,615.926,501.775,1.0,618.406,487.253,1.0,708.844,347.257,1.0,713.798,353.553,1.0,712.513,358.777,1.0,711.671,365.268,1.0,711.598,376.815,1.0,728.776,437.857,1.0,724.269,440.141,1.0,714.886,440.193,1.0,705.872,438.255,1.0,697.869,439.062,1.0,590.164,620.763,1.0,595.64,614.701,1.0,598.951,604.192,1.0,600.019,591.396,1.0,598.191,584.638,1.0,726.549,535.074,1.0,721.811,531.96,1.0,720.333,522.009,1.0,720.862,520.461,1.0,734.296,513.346,1.0
226,635.965,488.939,1.0,633.922,490.862,1.0,626.794,502.228,1.0,615.926,502.406,1.0,618.406,487.407,1.0,708.74,347.103,1.0,713.684,353.553,1.0,712.644,358.777,1.0,711.714,365.164,1.0,711.618,377.217,1.0,728.388,437.857,1.0,725.577,440.141,1.0,714.886,441.657,1.0,705.872,442.797,1.0,697.869,439.249,1.0,590.966,620.486,1.0,596.61,612.807,1.0,598.951,603.919,1.0,600.019,590.363,1.0,598.056,584.638,1.0,726.549,529.417,1.0,721.811,531.96,1.0,720.333,521.951,1.0,720.97,521.734,1.0,735.626,514.274,1.0
227,636.291,488.701,1.0,633.922,490.766,1.0,626.862,502.447,1.0,615.926,502.747,1.0,618.304,488.238,1.0,708.74,347.073,1.0,713.53,353.782,1.0,712.513,358.811,1.0,711.671,365.268,1.0,711.711,377.66,1.0,728.194,439.689,1.0,725.577,440.141,1.0,714.886,441.657,1.0,706.574,445.776,1.0,698.879,445.048,1.0,596.811,616.996,1.0,598.361,606.107,1.0,599.801,601.5,1.0,600.019,587.85,1.0,598.075,584.318,1.0,726.549,529.417,1.0,722.21,531.96,1.0,720.553,521.951,1.0,721.046,521.734,1.0,736.818,516.156,1.0
228,636.956,484.227,1.0,634.102,489.89,1.0,626.877,502.447,1.0,615.926,503.682,1.0,618.264,488.238,1.0,708.844,347.073,1.0,713.515,353.783,1.0,712.553,358.918,1.0,711.669,365.508,1.0,711.711,377.717,1.0,728.127,440.627,1.0,725.577,440.141,1.0,715.944,442.598,1.0,711.801,447.611,1.0,701.927,457.767,1.0,600.22,616.076,1.0,599.024,606.049,1.0,599.801,600.976,1.0,601.283,587.85,1.0,598.075,584.0,1.0,727.297,529.417,1.0,722.985,531.999,1.0,720.576,522.009,1.0,721.046,521.734,1.0,736.903,516.156,1.0
229,637.007,484.181,1.0,634.102,489.799,1.0,628.396,501.852,1.0,615.926,505.251,1.0,618.264,488.648,1.0,708.708,346.901,1.0,713.515,353.809,1.0,712.553,359.056,1.0,711.197,365.693,1.0,711.825,377.881,1.0,728.127,441.762,1.0,720.652,440.141,1.0,715.944,442.662,1.0,711.801,447.611,1.0,708.509,457.767,1.0,600.22,615.403,1.0,599.044,605.221,1.0,598.582,598.061,1.0,602.436,587.805,1.0,597.62,583.498,1.0,729.102,529.7,1.0,723.037,532.177,1.0,720.576,522.568,1.0,721.046,520.807,1.0,736.903,516.198,1.0
230,637.731,482.238,1.0,634.947,488.949,1.0,630.12,501.444,1.0,617.926,505.528,1.0,614.639,491.996,1.0,708.536,345.821,1.0,713.515,353.809,1.0,712.27,358.918,1.0,711.054,365.508,1.0,711.837,377.881,1.0,728.127,444.806,1.0,720.652,440.596,1.0,715.944,442.598,1.0,711.801,447.611,1.0,716.006,457.767,1.0,600.22,611.084,1.0,599.974,604.429,1.0,600.032,598.014,1.0,602.436,587.192,1.0,597.62,583.498,1.0,730.43,530.778,1.0,723.959,532.177,1.0,720.576,523.007,1.0,721.005,520.726,1.0,736.903,516.18,1.0
231,637.731,482.235,1.0,634.947,488.866,1.0,630.155,500.891,1.0,617.926,506.548,1.0,614.591,493.867,1.0,707.531,346.467,1.0,713.479,353.809,1.0,711.809,358.811,1.0,710.987,365.508,1.0,712.601,377.881,1.0,729.967,445.667,1.0,720.652,440.596,1.0,715.243,442.598,1.0,711.614,447.404,1.0,716.122,457.737,1.0,595.438,608.21,1.0,600.838,604.262,1.0,600.032,597.719,1.0,601.283,587.192,1.0,598.071,583.6,1.0,731.15,532.679,1.0,724.084,533.053,1.0,720.553,523.372,1.0,720.705,520.54,1.0,735.017,516.18,1.0
232,637.797,478.932,1.0,634.947,486.697,1.0,630.155,500.6,1.0,617.926,506.548,1.0,613.695,493.867,1.0,705.051,346.188,1.0,713.155,351.428,1.0,710.061,358.656,1.0,710.987,365.423,1.0,713.727,377.105,1.0,729.967,445.767,1.0,722.296,440.596,1.0,714.056,442.598,1.0,711.209,446.999,1.0,716.441,457.737,1.0,595.438,606.984,1.0,600.838,604.23,1.0,601.907,597.719,1.0,601.078,587.612,1.0,597.855,583.6,1.0,731.34,534.342,1.0,724.084,533.053,1.0,720.451,523.372,1.0,720.705,520.424,1.0,733.761,516.144,1.0
233,638.125,478.932,1.0,634.131,486.14,1.0,630.12,500.594,1.0,617.759,505.528,1.0,613.477,494.271,1.0,697.727,345.851,1.0,707.827,351.375,1.0,709.467,357.341,1.0,711.054,364.306,1.0,714.701,376.394,1.0,730.963,445.962,1.0,722.858,433.243,1.0,714.056,442.188,1.0,709.549,446.999,1.0,716.684,457.737,1.0,595.438,606.984,1.0,600.237,604.23,1.0,601.907,597.719,1.0,601.019,587.612,1.0,598.071,584.321,1.0,731.34,534.574,1.0,724.523,532.177,1.0,720.345,523.372,1.0,720.705,520.364,1.0,733.688,515.65,1.0
234,638.635,478.666,1.0,634.131,486.14,1.0,630.155,499.516,1.0,617.759,505.368,1.0,612.784,494.494,1.0,697.727,345.866,1.0,707.827,351.288,1.0,709.467,357.341,1.0,711.328,364.306,1.0,714.929,376.394,1.0,730.963,446.414,1.0,723.89,432.887,1.0,713.978,441.912,1.0,711.209,446.999,1.0,716.684,457.737,1.0,597.522,606.984,1.0,599.974,604.262,1.0,601.907,598.307,1.0,601.019,587.993,1.0,598.071,584.321,1.0,731.34,538.217,1.0,726.175,529.656,1.0,720.315,521.317,1.0,721.333,519.651,1.0,733.505,512.367,1.0
235,639.335,478.932,1.0,634.131,486.697,1.0,630.155,498.932,1.0,617.759,505.368,1.0,612.784,494.494,1.0,697.727,345.866,1.0,707.827,351.288,1.0,709.467,357.341,1.0,711.6,364.306,1.0,715.174,376.348,1.0,730.143,446.414,1.0,724.346,432.476,1.0,712.868,441.912,1.0,710.292,446.566,1.0,718.302,457.737,1.0,602.157,609.275,1.0,600.237,604.108,1.0,601.097,599.783,1.0,601.019,588.091,1.0,598.228,584.893,1.0,727.841,539.792,1.0,726.175,529.018,1.0,720.185,521.317,1.0,721.637,519.651,1.0,733.083,512.01,1.0
236,639.763,479.605,1.0,635.567,486.963,1.0,630.758,498.584,1.0,624.565,505.005,1.0,612.784,497.187,1.0,698.073,345.851,1.0,708.348,351.078,1.0,709.523,357.617,1.0,711.782,364.306,1.0,715.337,376.394,1.0,730.143,446.414,1.0,724.503,432.476,1.0,712.868,441.656,1.0,710.292,446.322,1.0,718.302,457.648,1.0,603.248,609.532,1.0,600.237,604.108,1.0,601.097,599.881,1.0,600.144,588.912,1.0,598.478,584.97,1.0,727.564,539.875,1.0,726.175,528.605,1.0,719.989,521.317,1.0,721.655,519.651,1.0,732.224,511.857,1.0
237,639.903,479.605,1.0,635.863,486.963,1.0,630.801,498.343,1.0,628.504,504.791,1.0,615.009,497.284,1.0,698.61,345.851,1.0,708.495,350.895,1.0,709.586,357.617,1.0,711.808,364.306,1.0,715.337,376.394,1.0,730.143,445.997,1.0,724.503,432.476,1.0,714.415,437.703,1.0,709.899,446.322,1.0,718.302,457.372,1.0,605.03,612.86,1.0,600.454,604.171,1.0,601.097,601.46,1.0,600.049,589.069,1.0,598.478,585.129,1.0,727.513,539.875,1.0,726.175,528.477,1.0,720.046,521.63,1.0,722.223,519.884,1.0,732.148,511.491,1.0
238,640.239,478.666,1.0,636.306,486.963,1.0,631.18,497.805,1.0,628.79,504.188,1.0,615.591,501.305,1.0,698.69,345.866,1.0,708.637,350.681,1.0,711.056,357.617,1.0,712.942,363.729,1.0,716.023,376.348,1.0,730.143,445.29,1.0,725.117,432.885,1.0,714.415,441.656,1.0,710.292,446.322,1.0,717.299,457.372,1.0,605.034,613.006,1.0,600.957,604.207,1.0,601.15,601.69,1.0,600.049,589.207,1.0,598.478,585.405,1.0,727.513,539.792,1.0,725.765,528.444,1.0,719.989,521.63,1.0,722.821,519.884,1.0,732.224,510.812,1.0
239,641.103,476.555,1.0,636.306,486.476,1.0,631.182,497.721,1.0,628.79,504.091,1.0,615.901,502.735,1.0,698.804,346.59,1.0,708.637,350.654,1.0,711.056,357.015,1.0,713.814,363.525,1.0,717.287,376.074,1.0,730.682,444.18,1.0,724.503,440.389,1.0,715.459,441.656,1.0,709.899,446.322,1.0,710.886,457.284,1.0,605.842,613.006,1.0,601.375,604.207,1.0,601.355,602.088,1.0,599.927,589.347,1.0,598.481,585.42,1.0,727.259,539.703,1.0,725.177,528.434,1.0,720.046,521.63,1.0,723.667,519.884,1.0,733.083,510.712,1.0
240,641.139,476.356,1.0,635.689,486.296,1.0,631.753,497.354,1.0,628.79,503.92,1.0,616.909,502.735,1.0,699.152,346.59,1.0,708.667,350.631,1.0,711.065,357.015,1.0,713.845,363.455,1.0,717.324,375.966,1.0,731.467,443.509,1.0,719.582,440.389,1.0,716.378,440.664,1.0,708.596,446.322,1.0,701.889,454.346,1.0,606.412,613.33,1.0,601.379,604.239,1.0,601.355,602.216,1.0,599.797,589.373,1.0,599.087,585.424,1.0,723.097,535.709,1.0,724.491,527.874,1.0,720.046,521.207,1.0,724.858,519.259,1.0,734.739,508.837,1.0
241,641.139,475.949,1.0,635.689,485.949,1.0,634.033,496.315,1.0,629.113,503.161,1.0,617.213,502.735,1.0,699.152,346.59,1.0,708.667,350.631,1.0,711.065,357.015,1.0,713.859,363.455,1.0,717.324,375.966,1.0,732.308,443.509,1.0,719.582,440.389,1.0,716.378,440.664,1.0,708.546,442.26,1.0,701.747,446.476,1.0,606.915,613.33,1.0,601.714,604.356,1.0,601.225,602.216,1.0,599.727,589.641,1.0,599.576,585.424,1.0,721.098,532.007,1.0,721.051,522.637,1.0,723.731,520.753,1.0,725.295,516.261,1.0,735.036,505.829,1.0
242,641.139,475.544,1.0,635.265,484.174,1.0,634.033,495.049,1.0,629.489,502.117,1.0,617.308,502.631,1.0,704.32,345.846,1.0,708.79,350.225,1.0,711.068,357.109,1.0,713.861,363.346,1.0,717.287,376.074,1.0,732.309,443.541,1.0,719.959,439.854,1.0,719.104,440.664,1.0,708.546,439.739,1.0,701.054,440.238,1.0,607.581,613.472,1.0,601.95,605.07,1.0,601.225,602.216,1.0,599.727,589.749,1.0,599.576,585.487,1.0,715.807,528.651,1.0,720.723,521.914,1.0,725.858,519.426,1.0,725.373,516.077,1.0,735.058,505.64,1.0
243,641.144,475.317,1.0,635.265,483.99,1.0,634.033,494.516,1.0,630.343,501.896,1.0,617.432,502.631,1.0,706.447,345.846,1.0,712.805,350.225,1.0,712.869,357.653,1.0,713.861,363.127,1.0,716.851,375.966,1.0,732.344,443.987,1.0,719.575,439.854,1.0,719.104,439.516,1.0,708.057,439.208,1.0,701.054,440.238,1.0,608.362,613.556,1.0,603.028,605.217,1.0,601.015,599.029,1.0,599.743,589.776,1.0,599.576,585.487,1.0,714.208,528.651,1.0,720.723,520.743,1.0,726.488,520.753,1.0,725.373,515.995,1.0,735.036,505.447,1.0
244,641.621,474.821,1.0,635.265,483.409,1.0,632.619,493.281,1.0,631.166,499.718,1.0,619.444,502.631,1.0,706.447,345.846,1.0,712.805,350.225,1.0,712.869,357.653,1.0,713.859,363.063,1.0,716.851,375.966,1.0,732.344,443.987,1.0,719.575,439.854,1.0,719.104,439.516,1.0,708.017,439.208,1.0,700.98,440.238,1.0,611.669,613.634,1.0,607.059,608.485,1.0,600.58,598.167,1.0,599.743,590.83,1.0,599.461,585.424,1.0,713.385,526.455,1.0,720.723,520.652,1.0,726.828,519.426,1.0,725.373,515.969,1.0,735.04,504.869,1.0
245,641.655,473.73,1.0,636.358,477.018,1.0,631.728,489.421,1.0,632.409,496.751,1.0,621.58,503.467,1.0,706.447,354.197,1.0,712.805,350.363,1.0,712.869,357.653,1.0,713.794,363.063,1.0,716.851,375.964,1.0,732.308,443.987,1.0,719.959,439.882,1.0,718.847,439.516,1.0,707.989,439.208,1.0,700.98,440.523,1.0,611.669,614.008,1.0,607.059,608.485,1.0,600.58,598.076,1.0,599.892,590.83,1.0,599.401,585.236,1.0,713.385,526.073,1.0,719.791,518.708,1.0,726.952,519.426,1.0,725.373,515.969,1.0,735.04,504.279,1.0
246,644.747,470.518,1.0,638.125,474.678,1.0,631.43,485.25,1.0,634.301,494.55,1.0,621.96,505.915,1.0,698.084,355.108,1.0,707.801,350.397,1.0,711.235,355.885,1.0,713.285,363.063,1.0,718.25,375.695,1.0,731.775,443.987,1.0,719.542,439.882,1.0,716.676,441.368,1.0,705.745,439.165,1.0,698.018,441.303,1.0,611.711,614.008,1.0,607.059,608.551,1.0,600.814,597.891,1.0,599.928,590.832,1.0,599.369,585.226,1.0,713.385,522.539,1.0,719.791,518.486,1.0,726.952,519.251,1.0,725.109,515.995,1.0,735.04,504.279,1.0
247,644.747,468.082,1.0,638.236,474.365,1.0,631.43,485.25,1.0,634.383,494.55,1.0,623.129,505.915,1.0,698.084,355.164,1.0,707.801,350.397,1.0,711.235,355.885,1.0,713.285,363.231,1.0,718.347,375.62,1.0,727.384,439.018,1.0,719.542,440.008,1.0,710.777,441.368,1.0,700.101,439.165,1.0,698.018,441.303,1.0,611.778,614.008,1.0,607.059,608.485,1.0,600.903,597.882,1.0,599.928,590.83,1.0,599.341,584.868,1.0,715.829,518.951,1.0,721.385,518.486,1.0,726.828,518.839,1.0,724.167,516.198,1.0,734.637,503.982,1.0
248,644.747,467.801,1.0,638.236,474.109,1.0,631.319,485.25,1.0,634.541,494.207,1.0,623.274,505.915,1.0,698.035,355.164,1.0,707.801,350.363,1.0,711.235,355.885,1.0,713.281,363.274,1.0,718.42,375.62,1.0,726.759,437.01,1.0,724.915,440.42,1.0,710.269,441.624,1.0,700.101,441.111,1.0,698.018,441.303,1.0,611.711,614.008,1.0,606.783,608.409,1.0,600.814,597.882,1.0,599.928,590.635,1.0,599.341,584.75,1.0,716.354,515.3,1.0,721.555,517.781,1.0,726.643,518.639,1.0,723.7,516.34,1.0,734.611,503.982,1.0
249,642.872,467.797,1.0,638.645,473.672,1.0,631.162,485.592,1.0,634.704,494.165,1.0,624.099,505.247,1.0,697.967,355.164,1.0,708.051,350.221,1.0,711.473,355.993,1.0,713.285,363.274,1.0,718.42,375.62,1.0,726.201,435.319,1.0,725.197,443.741,1.0,710.269,441.624,1.0,700.101,442.451,1.0,700.546,430.372,1.0,611.786,614.428,1.0,606.783,608.409,1.0,600.814,597.891,1.0,599.892,590.635,1.0,599.369,584.75,1.0,716.354,514.636,1.0,723.23,517.781,1.0,723.968,517.422,1.0,722.294,516.469,1.0,732.609,501.592,1.0
250,642.872,467.475,1.0,638.645,473.795,1.0,631.319,485.637,1.0,634.704,494.165,1.0,624.684,505.052,1.0,698.035,355.011,1.0,708.135,350.127,1.0,711.512,355.993,1.0,713.361,363.274,1.0,718.505,375.606,1.0,723.283,432.176,1.0,728.296,443.741,1.0,710.777,444.511,1.0,705.542,442.451,1.0,702.881,428.818,1.0,611.942,614.94,1.0,607.092,608.551,1.0,599.49,602.53,1.0,599.687,590.832,1.0,599.369,584.868,1.0,716.354,512.662,1.0,723.23,517.781,1.0,723.937,517.234,1.0,721.952,516.81,1.0,732.352,501.412,1.0
251,642.872,467.322,1.0,638.236,473.795,1.0,631.639,485.637,1.0,634.541,493.74,1.0,624.684,504.028,1.0,698.2,354.887,1.0,708.258,350.022,1.0,711.565,355.993,1.0,713.557,362.95,1.0,718.538,375.483,1.0,718.156,430.946,1.0,728.318,443.959,1.0,711.445,445.054,1.0,705.971,443.399,1.0,703.172,428.579,1.0,612.261,614.94,1.0,607.17,608.386,1.0,599.142,602.53,1.0,599.687,590.902,1.0,599.719,584.868,1.0,715.999,512.662,1.0,723.524,517.502,1.0,723.04,517.422,1.0,721.375,516.81,1.0,732.179,501.159,1.0
252,643.437,467.258,1.0,638.645,473.672,1.0,631.685,485.637,1.0,627.438,491.527,1.0,624.831,502.856,1.0,698.711,343.988,1.0,708.258,349.779,1.0,711.565,355.82,1.0,714.061,362.553,1.0,718.505,374.95,1.0,716.908,429.321,1.0,728.59,444.042,1.0,711.626,445.162,1.0,706.33,443.399,1.0,703.531,428.289,1.0,613.339,614.94,1.0,607.404,608.243,1.0,598.826,602.53,1.0,599.687,591.051,1.0,600.754,583.076,1.0,715.999,512.662,1.0,723.524,517.502,1.0,723.04,517.234,1.0,721.375,516.469,1.0,732.179,501.159,1.0
253,648.607,466.059,1.0,639.812,473.468,1.0,632.969,482.381,1.0,627.438,487.705,1.0,625.052,502.037,1.0,698.877,343.988,1.0,708.287,349.478,1.0,711.512,355.651,1.0,714.061,362.384,1.0,718.505,374.852,1.0,716.274,429.321,1.0,728.59,444.042,1.0,712.243,445.162,1.0,706.793,443.399,1.0,703.966,427.967,1.0,613.339,614.186,1.0,607.404,608.243,1.0,598.826,602.367,1.0,599.371,591.082,1.0,600.971,583.805,1.0,714.741,511.897,1.0,723.833,517.502,1.0,723.04,517.422,1.0,721.375,516.2,1.0,732.179,501.412,1.0
254,649.786,466.059,1.0,639.813,467.314,1.0,633.369,482.165,1.0,627.438,487.705,1.0,625.196,502.037,1.0,698.877,344.055,1.0,708.258,349.478,1.0,711.201,355.515,1.0,714.061,361.57,1.0,718.183,373.553,1.0,716.208,429.321,1.0,728.318,444.042,1.0,712.243,445.162,1.0,706.793,443.392,1.0,704.017,427.322,1.0,613.342,614.186,1.0,607.407,608.243,1.0,598.826,602.367,1.0,599.231,591.14,1.0,602.495,583.805,1.0,714.095,511.897,1.0,723.833,518.928,1.0,724.16,517.74,1.0,722.326,515.598,1.0,732.179,502.4,1.0
255,649.856,466.059,1.0,639.812,467.314,1.0,633.642,482.037,1.0,627.786,487.411,1.0,625.052,501.592,1.0,698.877,344.055,1.0,707.99,349.478,1.0,710.616,355.515,1.0,713.158,361.57,1.0,718.139,373.553,1.0,716.274,429.413,1.0,728.226,444.115,1.0,711.638,445.1,1.0,706.6,443.314,1.0,704.078,427.318,1.0,613.339,614.136,1.0,607.17,607.366,1.0,598.826,601.915,1.0,599.231,591.435,1.0,602.495,583.805,1.0,713.294,512.804,1.0,723.833,519.089,1.0,724.296,518.39,1.0,722.498,514.486,1.0,734.718,504.536,1.0
256,649.856,466.346,1.0,639.812,467.314,1.0,633.843,481.992,1.0,627.942,487.381,1.0,625.052,501.592,1.0,698.834,343.539,1.0,707.52,349.763,1.0,709.702,355.409,1.0,713.081,361.507,1.0,718.027,373.553,1.0,716.208,429.543,1.0,728.062,444.117,1.0,711.638,445.1,1.0,706.6,443.293,1.0,704.24,427.259,1.0,612.916,614.068,1.0,604.913,604.968,1.0,599.406,601.32,1.0,599.231,592.091,1.0,603.572,583.818,1.0,713.096,512.804,1.0,722.289,519.373,1.0,724.296,517.74,1.0,722.74,514.486,1.0,735.19,504.815,1.0
257,651.569,466.538,1.0,639.456,472.07,1.0,633.9,481.484,1.0,628.04,486.756,1.0,624.738,500.986,1.0,698.671,343.919,1.0,707.46,349.763,1.0,709.702,355.314,1.0,713.063,361.507,1.0,718.139,373.627,1.0,716.189,429.543,1.0,728.062,444.117,1.0,711.638,445.1,1.0,706.6,443.293,1.0,704.422,427.233,1.0,612.916,614.136,1.0,604.913,604.968,1.0,599.903,601.915,1.0,599.135,592.53,1.0,603.572,584.63,1.0,708.332,522.463,1.0,720.381,519.373,1.0,726.032,522.363,1.0,722.768,514.349,1.0,735.19,504.815,1.0
258,651.569,466.538,1.0,639.456,472.07,1.0,634.035,481.484,1.0,628.149,486.656,1.0,624.738,500.17,1.0,697.738,343.919,1.0,706.825,349.763,1.0,709.702,355.314,1.0,712.372,361.507,1.0,718.183,373.815,1.0,716.157,429.413,1.0,728.062,444.115,1.0,711.638,444.833,1.0,706.6,443.243,1.0,704.422,427.036,1.0,613.67,614.862,0.9959999918937683,609.97,608.249,1.0,600.66,603.252,1.0,596.848,592.852,1.0,601.997,586.411,1.0,708.332,522.463,1.0,720.085,519.373,1.0,726.176,522.363,1.0,723.438,514.267,1.0,735.19,504.651,1.0
259,651.592,466.346,1.0,639.456,472.07,1.0,634.159,481.362,1.0,628.643,486.44,1.0,624.738,500.11,1.0,695.899,343.718,1.0,705.574,349.634,1.0,710.016,353.963,1.0,711.945,361.37,1.0,718.922,374.037,1.0,715.177,429.656,1.0,727.867,443.582,1.0,712.004,444.833,1.0,706.948,443.243,1.0,704.422,427.036,1.0,613.67,617.422,1.0,611.905,608.745,1.0,601.864,603.422,1.0,596.908,593.028,1.0,601.947,586.737,1.0,706.578,522.463,1.0,719.274,519.373,1.0,726.032,523.58,1.0,723.438,513.976,1.0,735.545,504.651,1.0
260,651.592,465.258,1.0,640.428,471.953,1.0,635.398,481.362,1.0,630.251,486.014,1.0,626.015,498.918,1.0,695.899,343.481,1.0,705.574,349.48,1.0,710.226,353.871,1.0,711.945,361.37,1.0,718.922,374.113,1.0,715.089,429.698,1.0,728.144,442.278,1.0,713.935,444.833,1.0,708.559,443.304,1.0,704.349,427.01,1.0,613.96,618.29,1.0,612.274,609.355,1.0,602.003,603.69,1.0,596.848,593.028,1.0,601.997,586.933,1.0,706.202,519.179,1.0,718.182,519.345,1.0,725.683,522.302,1.0,723.271,513.976,1.0,735.545,504.295,1.0
261,652.547,465.241,1.0,640.65,470.721,1.0,636.015,480.304,1.0,630.343,484.782,1.0,626.144,498.02,1.0,695.899,343.718,1.0,705.574,349.48,1.0,710.352,353.871,1.0,711.811,361.37,1.0,718.922,374.213,1.0,715.089,431.093,1.0,728.144,441.747,1.0,714.193,444.908,1.0,708.692,443.304,1.0,704.279,427.01,1.0,614.399,618.318,1.0,612.274,609.571,1.0,602.112,603.954,1.0,596.848,593.028,1.0,601.997,586.933,1.0,706.202,519.179,1.0,718.182,519.194,1.0,725.683,522.302,1.0,723.271,513.976,1.0,735.545,504.295,1.0
262,652.813,465.241,1.0,640.65,470.721,1.0,636.015,480.304,1.0,630.375,484.782,1.0,626.199,497.476,1.0,695.902,343.481,1.0,705.657,349.48,1.0,710.352,353.871,1.0,711.945,361.485,1.0,718.746,374.305,1.0,715.177,431.696,1.0,727.862,441.15,1.0,714.265,444.908,1.0,708.692,443.304,1.0,704.157,426.88,1.0,614.399,618.508,1.0,612.312,610.242,1.0,602.662,603.964,1.0,596.848,593.724,1.0,602.212,587.514,1.0,705.189,519.179,1.0,717.16,519.194,1.0,723.398,514.342,1.0,722.451,514.607,1.0,735.523,504.164,1.0
263,652.813,464.491,1.0,640.65,470.449,1.0,636.015,480.304,1.0,631.013,484.526,1.0,626.427,497.353,1.0,696.108,343.481,1.0,705.686,349.48,1.0,710.437,354.593,1.0,711.97,361.779,1.0,718.684,374.305,1.0,715.315,432.186,1.0,727.862,441.15,1.0,714.265,444.94,1.0,708.727,443.304,1.0,704.088,426.534,1.0,613.979,618.727,1.0,612.764,610.39,1.0,602.718,603.979,1.0,596.481,593.972,1.0,602.48,587.899,1.0,705.189,522.342,1.0,717.16,518.9,1.0,723.398,514.342,1.0,722.451,514.607,1.0,734.887,504.164,1.0
264,652.547,464.491,1.0,640.65,470.449,1.0,635.162,481.688,1.0,631.321,484.526,1.0,626.673,496.561,1.0,698.727,343.854,1.0,707.729,349.48,1.0,710.704,356.578,1.0,712.321,362.208,1.0,717.906,374.401,1.0,715.912,432.186,1.0,727.875,441.15,1.0,714.265,444.94,1.0,708.763,443.229,1.0,699.701,426.426,1.0,613.979,618.747,1.0,612.99,610.39,1.0,602.746,603.979,1.0,596.481,593.972,1.0,602.574,588.071,1.0,705.189,522.342,1.0,717.16,518.9,1.0,723.398,514.342,1.0,722.211,514.607,1.0,734.887,504.164,1.0
265,646.915,465.241,1.0,640.65,470.449,1.0,634.943,482.477,1.0,631.538,485.258,1.0,626.988,496.529,1.0,702.689,349.787,1.0,709.14,348.522,1.0,711.29,357.955,1.0,712.321,362.637,1.0,717.906,374.437,1.0,716.109,432.186,1.0,727.862,441.15,1.0,713.953,444.94,1.0,708.763,443.229,1.0,699.701,425.764,1.0,613.979,618.747,1.0,612.764,610.39,1.0,602.798,603.964,1.0,596.922,594.237,1.0,602.699,588.245,1.0,709.245,522.342,1.0,721.433,518.9,1.0,724.086,519.358,1.0,722.211,513.058,1.0,734.887,504.001,1.0
266,636.347,466.995,1.0,639.406,471.158,1.0,634.598,482.477,1.0,632.235,486.585,1.0,627.053,496.412,1.0,706.956,349.787,1.0,709.196,347.493,1.0,711.445,357.955,1.0,712.321,363.107,1.0,717.906,374.46,1.0,716.109,432.186,1.0,727.875,441.15,1.0,713.507,444.801,1.0,708.418,443.273,1.0,698.924,425.764,1.0,613.914,618.727,1.0,612.764,610.165,1.0,602.798,603.714,1.0,596.922,594.324,1.0,603.043,588.261,1.0,713.75,512.457,1.0,721.542,518.9,1.0,724.309,520.535,1.0,722.211,512.733,1.0,735.177,503.517,1.0
267,634.087,469.28,1.0,639.406,471.158,1.0,633.812,482.477,1.0,632.235,486.585,1.0,627.053,495.398,1.0,706.956,349.787,1.0,709.196,346.025,1.0,711.445,357.955,1.0,711.765,363.107,1.0,718.315,374.828,1.0,716.109,432.088,1.0,727.901,441.064,1.0,713.02,444.76,1.0,708.436,443.273,1.0,699.454,425.708,1.0,613.979,618.727,1.0,607.608,610.165,1.0,603.427,603.714,1.0,597.518,594.613,1.0,603.586,589.207,1.0,713.75,509.483,1.0,722.273,518.519,1.0,725.45,520.748,1.0,722.38,512.49,1.0,735.177,503.388,1.0
268,629.12,469.28,1.0,639.406,472.096,1.0,633.578,481.812,1.0,632.235,486.978,1.0,626.988,495.365,1.0,703.361,347.443,1.0,709.14,344.959,1.0,711.29,357.672,1.0,711.695,363.107,1.0,718.541,374.992,1.0,716.014,432.08,1.0,728.087,440.917,1.0,712.996,444.76,1.0,708.417,443.573,1.0,699.454,425.651,1.0,614.197,618.747,0.9890000224113464,607.608,610.165,1.0,603.585,603.714,1.0,598.421,595.791,1.0,604.136,589.569,1.0,713.75,507.586,1.0,722.273,518.204,1.0,725.17,520.748,1.0,722.211,512.49,1.0,735.177,503.388,1.0
269,625.793,469.28,1.0,637.945,472.096,1.0,633.812,480.739,1.0,634.111,491.059,1.0,627.096,494.583,1.0,702.848,341.59,1.0,706.759,344.915,1.0,710.656,356.365,1.0,711.154,362.964,1.0,719.068,375.231,1.0,716.014,431.941,1.0,727.901,440.252,1.0,712.996,444.725,1.0,708.417,443.573,1.0,699.454,425.365,1.0,614.721,619.52,1.0,607.608,610.668,1.0,604.464,604.012,1.0,598.421,598.626,1.0,604.136,589.569,1.0,713.202,507.502,1.0,722.273,518.204,1.0,724.309,521.543,1.0,721.93,513.058,1.0,733.831,503.517,1.0
270,625.347,469.068,1.0,637.572,472.096,1.0,634.598,480.739,1.0,634.111,491.419,1.0,626.509,494.223,1.0,702.848,341.59,1.0,706.644,344.915,1.0,710.623,356.2,1.0,711.154,362.818,1.0,719.201,375.372,1.0,716.014,431.941,1.0,727.901,440.238,1.0,712.883,444.675,1.0,708.436,443.573,1.0,699.454,425.365,1.0,616.982,621.39,1.0,610.085,612.532,1.0,604.798,605.541,1.0,598.421,598.656,1.0,604.221,589.569,1.0,713.202,507.586,1.0,721.13,517.056,1.0,725.17,521.543,1.0,722.206,512.49,1.0,733.634,503.678,1.0
271,622.449,466.159,1.0,630.279,469.751,1.0,634.905,480.475,1.0,634.111,491.059,1.0,626.439,493.788,1.0,701.203,341.59,1.0,705.564,344.959,1.0,710.563,355.639,1.0,711.125,362.693,1.0,719.298,375.473,1.0,716.033,431.961,1.0,727.671,439.933,1.0,712.674,444.76,1.0,709.01,442.79,1.0,699.97,425.365,1.0,617.232,621.452,1.0,610.106,613.019,1.0,604.832,605.687,1.0,598.421,598.656,1.0,604.136,589.557,1.0,711.542,509.483,1.0,721.0,516.379,1.0,725.45,521.543,1.0,721.883,512.49,1.0,733.634,503.995,1.0
272,622.357,465.739,1.0,630.234,469.751,1.0,634.905,480.466,1.0,634.149,491.059,1.0,626.248,493.44,1.0,700.092,341.966,1.0,705.341,345.174,1.0,710.49,355.23,1.0,711.125,362.516,1.0,719.342,375.494,1.0,716.114,431.961,1.0,726.171,439.858,1.0,712.674,445.046,1.0,709.222,442.554,1.0,700.141,425.546,1.0,617.333,621.491,1.0,610.22,613.019,1.0,604.901,605.69,1.0,598.421,598.746,1.0,603.943,589.457,1.0,711.118,513.008,1.0,720.972,516.379,1.0,725.637,522.392,1.0,721.883,512.221,1.0,733.634,504.0,1.0
273,621.771,465.251,1.0,629.814,469.751,1.0,634.96,480.191,1.0,634.149,490.934,1.0,626.248,493.44,1.0,699.331,342.726,1.0,705.341,345.507,1.0,710.49,355.23,1.0,711.379,362.516,1.0,719.342,375.503,1.0,716.635,431.941,1.0,725.604,439.858,1.0,713.201,445.262,1.0,709.222,442.554,1.0,700.994,425.607,1.0,618.043,621.707,1.0,610.22,613.621,1.0,604.911,605.69,1.0,598.408,598.746,1.0,603.745,589.035,1.0,708.483,514.488,1.0,718.73,516.379,1.0,725.637,522.392,1.0,721.592,512.221,1.0,734.014,504.102,1.0
274,621.418,464.451,1.0,629.517,469.751,1.0,635.235,479.729,1.0,634.149,490.263,1.0,626.248,493.44,1.0,699.331,348.201,1.0,705.341,345.81,1.0,710.374,355.23,1.0,711.382,362.516,1.0,719.342,375.503,1.0,716.649,431.777,1.0,725.246,439.858,1.0,713.201,445.262,1.0,709.376,442.79,1.0,701.277,426.44,1.0,618.043,621.452,1.0,610.106,613.621,1.0,604.901,605.69,1.0,598.449,598.656,1.0,603.688,589.035,1.0,707.948,518.063,1.0,718.73,517.128,1.0,725.637,520.271,1.0,721.863,512.221,1.0,734.882,504.212,1.0
275,621.025,464.345,1.0,629.17,469.74,1.0,635.413,478.53,1.0,634.149,488.444,1.0,627.087,493.44,1.0,699.331,349.778,1.0,706.464,346.346,1.0,710.374,356.092,1.0,711.406,362.757,1.0,718.887,375.503,1.0,716.805,431.412,1.0,725.05,439.858,1.0,713.596,445.262,1.0,709.573,444.202,1.0,701.277,428.01,1.0,618.043,621.452,1.0,610.044,611.84,1.0,604.832,605.578,1.0,598.654,598.596,1.0,603.65,588.78,1.0,704.722,518.214,1.0,717.553,517.545,1.0,724.359,521.624,1.0,721.863,512.221,1.0,735.662,504.212,1.0
276,617.462,462.082,1.0,627.084,468.844,1.0,635.924,476.935,1.0,633.56,485.263,1.0,627.779,493.44,1.0,700.817,351.519,1.0,708.708,346.53,1.0,710.49,357.627,1.0,711.75,363.098,1.0,718.404,375.494,1.0,717.557,427.113,1.0,724.856,436.313,1.0,716.539,444.988,1.0,710.185,444.202,1.0,701.332,429.348,1.0,616.91,613.429,1.0,607.382,611.689,1.0,604.669,603.658,1.0,599.084,595.905,1.0,603.65,588.686,1.0,704.629,518.786,1.0,717.102,517.545,1.0,724.359,521.624,1.0,722.034,512.221,1.0,735.871,504.102,1.0
277,614.812,460.652,1.0,624.24,467.353,1.0,636.379,475.294,1.0,633.56,483.291,1.0,634.635,492.647,1.0,706.979,351.519,1.0,709.972,346.871,1.0,710.912,358.47,1.0,711.75,363.667,1.0,717.901,375.456,1.0,717.684,426.851,1.0,724.811,436.201,1.0,717.506,444.972,1.0,710.769,444.202,1.0,701.553,430.945,1.0,616.808,609.079,1.0,607.196,611.689,1.0,603.739,603.454,1.0,599.084,595.736,1.0,603.65,588.12,1.0,704.323,518.786,1.0,717.102,517.549,1.0,724.359,520.096,1.0,727.22,509.418,1.0,736.051,502.373,1.0
278,614.786,460.652,1.0,624.119,467.353,1.0,636.379,475.294,1.0,633.56,482.119,1.0,634.635,492.259,1.0,710.071,351.519,1.0,711.802,347.268,1.0,710.912,359.096,1.0,711.75,364.555,1.0,717.563,375.456,1.0,717.691,425.385,1.0,724.209,432.998,1.0,717.506,441.454,1.0,713.801,437.689,1.0,702.854,433.261,1.0,616.147,608.347,1.0,607.196,608.526,1.0,603.213,603.259,1.0,599.155,595.109,1.0,603.688,588.087,1.0,704.323,518.805,1.0,717.42,517.549,1.0,724.487,519.866,1.0,728.819,508.968,1.0,736.051,502.173,1.0
279,614.707,460.652,1.0,623.978,467.353,1.0,636.267,475.146,1.0,633.282,482.0,1.0,634.635,492.259,1.0,710.597,351.054,1.0,713.639,351.883,1.0,711.189,359.096,1.0,711.75,364.555,1.0,717.407,375.456,1.0,717.94,424.964,1.0,720.451,430.109,1.0,717.72,439.326,1.0,714.712,437.689,1.0,703.319,434.614,1.0,616.147,607.658,1.0,607.382,607.293,1.0,603.213,603.129,1.0,599.335,594.398,1.0,603.853,588.087,1.0,704.323,518.848,1.0,717.42,517.428,1.0,724.901,519.866,1.0,728.864,508.694,1.0,736.193,502.155,1.0
280,614.572,460.825,1.0,623.216,467.671,1.0,636.267,475.146,1.0,633.282,481.977,1.0,634.131,492.259,1.0,711.241,350.726,1.0,713.639,351.883,1.0,710.912,359.793,1.0,710.771,364.555,1.0,717.407,376.561,1.0,717.94,424.964,1.0,720.233,430.109,1.0,719.636,439.326,1.0,715.175,437.689,1.0,703.319,435.694,1.0,616.147,608.347,1.0,607.355,604.26,1.0,603.213,603.129,1.0,599.335,594.398,1.0,604.004,588.087,1.0,710.122,519.021,1.0,719.287,517.342,1.0,724.901,518.37,1.0,729.875,507.897,1.0,736.193,502.138,1.0
281,614.572,461.068,1.0,622.202,467.671,1.0,635.282,475.146,1.0,633.282,481.977,1.0,632.736,493.284,1.0,711.688,349.451,1.0,713.639,351.883,1.0,709.054,360.301,1.0,709.656,364.407,1.0,717.563,376.648,1.0,717.691,425.149,1.0,720.104,430.109,1.0,717.506,439.326,1.0,715.175,437.689,1.0,703.598,435.694,1.0,616.147,607.658,1.0,607.797,604.084,1.0,603.523,603.223,1.0,599.006,594.398,1.0,604.05,588.509,1.0,712.718,521.412,1.0,719.354,517.428,1.0,724.901,515.631,1.0,729.875,505.764,1.0,734.757,502.138,1.0
282,613.866,461.134,1.0,621.679,467.671,1.0,635.271,475.101,1.0,632.242,481.684,1.0,632.736,493.284,1.0,716.409,346.062,1.0,709.957,348.849,1.0,708.178,360.882,1.0,708.419,364.407,1.0,717.563,376.648,1.0,717.518,425.149,1.0,719.943,430.109,1.0,718.866,439.498,1.0,715.22,437.689,1.0,703.598,435.694,1.0,616.876,606.402,1.0,607.842,603.771,1.0,604.494,603.223,1.0,598.903,594.682,1.0,604.92,588.747,1.0,715.23,524.772,1.0,719.71,517.342,1.0,724.473,511.519,1.0,729.875,503.869,1.0,734.757,502.155,1.0
283,613.53,466.11,1.0,621.653,466.946,1.0,630.211,471.853,1.0,628.114,475.552,1.0,632.736,493.284,1.0,716.409,346.062,1.0,709.236,348.345,1.0,707.74,360.831,1.0,707.781,364.407,1.0,716.926,376.831,1.0,715.246,424.964,1.0,719.437,430.109,1.0,718.866,439.498,1.0,715.605,436.66,1.0,699.872,436.068,1.0,616.876,606.363,1.0,607.842,603.329,1.0,604.494,603.223,1.0,597.994,594.682,1.0,605.966,589.01,1.0,724.642,525.805,1.0,721.489,517.342,1.0,722.693,510.676,1.0,727.905,503.869,1.0,736.193,503.934,1.0
284,613.466,466.11,1.0,621.653,466.913,1.0,628.805,471.744,1.0,628.114,474.315,1.0,633.935,489.569,1.0,716.507,345.96,1.0,709.236,348.307,1.0,707.74,360.882,1.0,707.781,364.518,1.0,716.926,376.648,1.0,715.246,423.207,1.0,718.618,429.499,1.0,717.043,439.498,1.0,715.807,436.456,1.0,699.573,438.069,1.0,617.024,605.976,1.0,607.968,603.296,1.0,604.496,603.453,1.0,597.906,595.434,1.0,606.089,589.01,1.0,728.572,525.805,1.0,722.385,519.112,1.0,722.379,510.676,1.0,727.367,503.869,1.0,736.711,505.189,1.0
285,612.638,466.11,1.0,621.173,466.495,1.0,627.655,471.306,1.0,628.114,473.399,1.0,636.593,488.729,1.0,716.507,345.645,1.0,709.236,348.152,1.0,708.066,360.882,1.0,707.405,364.518,1.0,716.926,376.459,1.0,715.246,421.698,1.0,718.618,428.557,1.0,716.348,439.171,1.0,715.22,436.427,1.0,699.573,439.17,1.0,617.024,605.611,1.0,608.014,602.824,1.0,604.617,603.749,1.0,597.743,595.434,1.0,606.218,588.747,1.0,729.823,525.805,1.0,723.451,519.112,1.0,722.146,511.519,1.0,724.192,504.678,1.0,736.711,506.759,1.0
286,612.636,466.004,1.0,621.068,466.228,1.0,627.177,471.306,1.0,628.804,472.635,1.0,640.178,487.419,1.0,716.507,345.048,1.0,710.95,348.152,1.0,708.178,360.831,1.0,707.405,364.518,1.0,716.926,376.114,1.0,719.169,419.58,1.0,718.618,426.627,1.0,716.348,437.98,1.0,715.22,436.427,1.0,698.755,439.325,1.0,616.876,603.512,1.0,608.703,602.824,1.0,604.763,604.368,1.0,597.284,595.469,1.0,606.218,588.12,1.0,734.255,524.339,1.0,726.479,518.786,1.0,721.748,511.954,1.0,722.525,505.518,1.0,736.711,510.53,1.0
287,612.452,465.975,1.0,620.681,466.189,1.0,627.126,471.306,1.0,628.804,471.718,1.0,640.178,486.283,1.0,719.565,339.64,1.0,712.939,347.117,1.0,708.315,359.297,1.0,707.405,364.518,1.0,717.438,376.083,1.0,719.36,416.422,1.0,720.568,426.111,1.0,715.983,437.62,1.0,702.511,433.096,1.0,698.333,440.824,1.0,616.398,603.457,1.0,608.785,602.819,1.0,605.164,604.535,1.0,597.151,595.469,1.0,606.089,587.961,1.0,734.255,524.339,1.0,726.479,518.786,1.0,721.401,511.954,1.0,722.493,505.663,1.0,735.958,511.545,1.0
288,612.179,464.855,1.0,620.258,465.934,1.0,626.222,471.427,1.0,628.804,471.503,1.0,640.178,486.183,1.0,719.565,338.873,1.0,713.086,346.751,1.0,708.737,359.169,1.0,706.964,364.444,1.0,717.438,376.083,1.0,719.438,415.296,1.0,721.12,425.45,1.0,715.498,436.737,1.0,702.511,433.047,1.0,698.081,441.547,1.0,615.901,600.233,1.0,609.015,602.819,1.0,605.18,604.535,1.0,597.151,595.469,1.0,605.983,587.683,1.0,734.255,524.339,1.0,726.479,518.408,1.0,721.401,511.954,1.0,722.493,505.935,1.0,735.807,511.807,1.0
289,612.095,464.176,1.0,613.87,465.725,1.0,624.745,471.427,1.0,628.804,471.468,1.0,639.302,485.997,1.0,719.565,338.08,1.0,713.731,346.735,1.0,708.737,359.093,1.0,706.684,364.209,1.0,717.438,376.083,1.0,719.438,414.551,1.0,721.175,425.349,1.0,715.329,436.541,1.0,702.511,433.047,1.0,698.081,441.547,1.0,615.901,600.23,1.0,609.156,602.65,1.0,605.194,604.58,1.0,597.006,595.488,1.0,605.921,587.521,1.0,734.255,524.339,1.0,726.479,518.361,1.0,721.401,511.954,1.0,722.493,505.935,1.0,735.788,511.807,1.0
290,611.966,463.616,1.0,613.346,465.332,1.0,624.608,471.427,1.0,628.804,471.468,1.0,638.994,484.985,1.0,719.487,337.812,1.0,713.876,346.687,1.0,708.737,358.899,1.0,706.684,364.195,1.0,717.43,376.114,1.0,720.785,413.312,1.0,721.191,424.03,1.0,715.093,436.056,1.0,702.844,433.047,1.0,697.846,441.708,1.0,615.901,600.06,1.0,609.174,602.297,1.0,605.325,604.665,1.0,596.887,595.569,1.0,605.921,587.517,1.0,734.255,524.496,1.0,726.479,517.901,1.0,721.401,511.954,1.0,722.493,506.043,1.0,735.807,512.219,1.0
291,604.624,460.436,1.0,610.455,461.742,1.0,619.779,467.363,1.0,629.205,470.247,1.0,637.347,483.496,1.0,719.487,337.812,1.0,714.021,346.498,1.0,708.543,358.769,1.0,706.596,364.265,1.0,717.109,376.202,1.0,721.701,411.993,1.0,721.299,422.716,1.0,715.042,435.486,1.0,702.985,432.986,1.0,697.848,441.95,1.0,615.956,599.878,1.0,609.156,602.255,1.0,605.265,604.58,1.0,597.0,595.488,1.0,605.983,587.517,1.0,735.619,524.639,1.0,726.887,517.901,1.0,721.074,514.061,1.0,722.045,507.335,1.0,735.807,512.219,1.0
292,602.489,459.491,1.0,609.098,461.742,1.0,619.779,466.422,1.0,630.569,470.008,1.0,637.101,483.496,1.0,719.487,337.812,1.0,714.021,346.498,1.0,708.528,358.757,1.0,706.596,364.195,1.0,717.078,376.392,1.0,721.701,410.876,1.0,721.299,422.215,1.0,714.883,435.275,1.0,702.985,432.862,1.0,698.081,442.094,1.0,615.956,599.861,1.0,609.015,602.209,1.0,605.265,604.397,1.0,597.0,595.455,1.0,605.983,587.683,1.0,737.223,525.737,1.0,727.692,517.901,1.0,720.549,514.666,1.0,722.017,507.357,1.0,736.035,511.533,1.0
293,602.164,459.35,1.0,608.97,461.742,1.0,619.779,466.422,1.0,630.733,469.962,1.0,636.948,483.496,1.0,719.493,337.869,1.0,714.021,346.687,1.0,708.528,358.664,1.0,706.301,364.17,1.0,717.061,376.202,1.0,721.608,410.022,1.0,721.481,422.215,1.0,714.844,435.089,1.0,703.321,432.986,1.0,697.855,442.154,1.0,616.274,599.75,1.0,609.013,602.156,1.0,605.265,604.396,1.0,596.891,595.455,1.0,606.035,587.5,1.0,737.954,528.094,1.0,727.826,518.592,1.0,720.486,514.666,1.0,721.966,507.843,1.0,736.035,508.425,1.0
294,601.873,459.35,1.0,608.959,461.742,1.0,620.021,466.422,1.0,631.572,469.887,1.0,636.485,484.14,1.0,719.493,337.869,1.0,714.126,346.466,1.0,708.528,358.663,1.0,706.301,363.809,1.0,717.061,376.202,1.0,721.608,410.022,1.0,721.299,422.215,1.0,714.844,435.089,1.0,703.321,432.986,1.0,697.848,442.154,1.0,616.274,599.75,1.0,609.013,602.156,1.0,605.265,604.256,1.0,596.891,595.117,1.0,606.035,587.5,1.0,738.259,528.858,1.0,727.938,518.592,1.0,720.271,514.666,1.0,722.017,507.874,1.0,736.035,508.425,1.0
295,601.873,459.35,1.0,608.959,462.081,1.0,620.449,466.521,1.0,631.585,469.599,1.0,636.469,484.22,1.0,719.493,337.869,1.0,715.918,346.405,1.0,708.528,358.047,1.0,706.672,363.325,1.0,717.061,374.955,1.0,721.123,410.022,1.0,721.245,424.531,1.0,714.844,435.275,1.0,703.664,433.227,1.0,697.855,442.097,1.0,616.274,599.118,1.0,609.013,601.863,1.0,605.265,603.871,1.0,597.0,594.746,1.0,605.956,586.756,1.0,738.388,528.858,1.0,727.938,519.074,1.0,720.262,514.666,1.0,722.017,508.237,1.0,735.772,508.425,1.0
296,602.164,459.491,1.0,608.97,462.109,1.0,620.625,466.591,1.0,631.656,469.4,1.0,636.485,484.23,1.0,718.917,337.147,1.0,716.316,346.068,1.0,708.528,354.786,1.0,706.781,361.72,1.0,718.715,373.045,1.0,719.523,415.466,1.0,720.973,425.232,1.0,715.014,435.881,1.0,713.894,436.679,1.0,698.116,442.097,1.0,616.364,598.901,1.0,609.346,601.542,1.0,605.383,603.871,1.0,597.054,594.552,1.0,605.695,586.66,1.0,738.441,528.858,1.0,727.826,519.292,1.0,720.262,514.666,1.0,722.352,508.312,1.0,735.004,508.425,1.0
297,607.263,461.872,1.0,611.703,463.095,1.0,623.218,468.283,1.0,632.009,469.4,1.0,636.532,484.642,1.0,718.48,336.947,1.0,716.625,345.847,1.0,708.794,353.968,1.0,707.253,361.72,1.0,718.715,372.36,1.0,718.6,420.673,1.0,720.564,427.515,1.0,715.907,437.137,1.0,714.58,436.679,1.0,701.825,436.151,1.0,616.629,598.901,1.0,609.346,601.542,1.0,605.383,603.871,1.0,596.891,594.552,1.0,605.307,585.952,1.0,739.243,528.858,1.0,727.684,519.292,1.0,720.262,516.888,1.0,722.987,508.361,1.0,733.948,508.412,1.0
298,612.663,464.402,1.0,622.914,465.014,1.0,623.937,471.536,1.0,632.009,469.4,1.0,636.532,484.709,1.0,717.64,336.798,1.0,716.861,345.785,1.0,708.794,353.965,1.0,707.922,361.72,1.0,718.752,372.36,1.0,715.892,423.545,1.0,720.385,427.725,1.0,716.336,437.137,1.0,715.246,436.679,1.0,701.825,434.766,1.0,616.629,598.901,1.0,609.346,601.424,1.0,605.383,603.947,1.0,597.054,593.837,1.0,605.281,585.952,1.0,739.852,528.858,1.0,727.684,520.331,1.0,720.619,519.271,1.0,724.636,509.019,1.0,732.615,506.658,1.0
299,613.463,464.448,1.0,622.942,465.192,1.0,623.955,472.752,1.0,632.009,469.437,1.0,636.677,485.15,1.0,716.806,336.798,1.0,716.988,345.785,1.0,709.082,353.622,1.0,708.166,361.72,1.0,718.752,372.248,1.0,715.023,425.804,1.0,719.602,427.79,1.0,716.453,437.137,1.0,714.58,436.296,1.0,702.054,434.638,1.0,616.629,598.936,1.0,609.101,601.424,1.0,604.858,603.947,1.0,597.203,593.747,1.0,605.053,585.952,1.0,740.279,528.883,1.0,727.684,520.522,1.0,720.956,520.133,1.0,726.25,515.15,1.0,732.615,506.658,1.0
300,613.463,465.356,1.0,622.942,465.247,1.0,624.249,472.752,1.0,631.275,470.424,1.0,637.009,485.228,1.0,716.549,336.551,1.0,717.242,345.701,1.0,709.158,353.622,1.0,708.237,361.72,1.0,718.752,372.177,1.0,714.107,428.057,1.0,719.348,428.451,1.0,716.725,436.706,1.0,714.58,435.443,1.0,702.054,434.394,1.0,615.848,601.483,1.0,609.101,601.343,1.0,604.779,603.947,1.0,597.303,593.397,1.0,604.866,586.391,1.0,741.544,528.883,1.0,728.28,520.691,1.0,721.035,520.666,1.0,726.531,515.28,1.0,732.099,506.658,1.0
301,613.463,466.17,1.0,622.942,466.078,1.0,625.037,472.752,1.0,628.875,470.876,1.0,638.555,485.228,1.0,716.42,336.551,1.0,717.317,345.701,1.0,709.158,352.448,1.0,708.288,361.021,1.0,718.594,370.851,1.0,713.621,431.264,1.0,719.243,429.105,1.0,716.915,436.622,1.0,714.997,435.105,1.0,702.099,434.378,1.0,615.146,605.145,1.0,609.036,601.164,1.0,603.829,602.511,1.0,597.611,592.741,1.0,604.644,586.391,1.0,741.544,528.883,1.0,728.771,520.691,1.0,721.094,520.666,1.0,726.531,515.28,1.0,730.867,507.116,1.0
302,613.256,466.914,1.0,622.497,466.256,1.0,625.945,472.463,1.0,628.733,470.876,1.0,639.045,485.239,1.0,716.398,336.443,1.0,717.317,345.649,1.0,709.145,352.425,1.0,708.288,360.892,1.0,718.544,370.605,1.0,713.767,432.212,1.0,719.222,430.619,1.0,718.023,436.264,1.0,715.177,435.034,1.0,702.099,434.279,1.0,613.652,606.119,1.0,607.81,598.917,1.0,603.819,600.828,1.0,598.036,592.356,1.0,604.573,586.391,1.0,741.728,528.25,1.0,729.235,520.768,1.0,721.512,520.666,1.0,726.831,515.28,1.0,730.691,507.116,1.0
303,613.256,466.914,1.0,622.497,466.341,1.0,626.276,472.463,1.0,628.307,471.225,1.0,639.805,485.239,1.0,716.381,336.443,1.0,717.317,345.633,1.0,709.082,352.425,1.0,708.237,360.562,1.0,718.319,369.975,1.0,713.767,432.212,1.0,718.982,430.648,1.0,718.023,436.264,1.0,715.077,435.034,1.0,702.167,434.247,1.0,611.937,606.119,1.0,607.366,598.917,1.0,601.599,600.793,1.0,598.188,591.601,1.0,604.573,585.868,1.0,742.077,528.25,1.0,732.02,521.259,1.0,722.801,520.666,1.0,726.831,515.039,1.0,730.691,507.205,1.0
304,613.256,466.17,1.0,622.497,466.341,1.0,626.276,472.463,1.0,628.178,471.324,1.0,640.294,485.162,1.0,716.275,336.28,1.0,716.946,345.598,1.0,708.539,352.353,1.0,707.706,360.068,1.0,718.136,369.953,1.0,713.621,432.64,1.0,718.847,430.734,1.0,718.023,436.204,1.0,715.077,435.034,1.0,702.292,434.247,1.0,609.847,607.804,1.0,606.098,598.917,1.0,601.228,600.793,1.0,599.464,591.132,1.0,604.573,583.057,1.0,742.196,528.25,1.0,733.216,521.304,1.0,722.913,520.666,1.0,727.438,515.039,1.0,730.691,507.205,1.0
305,617.843,463.891,1.0,623.348,466.341,1.0,626.276,472.562,1.0,628.178,471.352,1.0,640.489,485.04,1.0,716.257,336.112,1.0,716.314,345.57,1.0,707.84,352.294,1.0,707.438,359.961,1.0,717.739,369.845,1.0,713.567,432.323,1.0,718.745,430.648,1.0,717.633,435.964,1.0,715.077,435.06,1.0,702.526,434.157,1.0,607.981,607.804,1.0,605.497,602.081,1.0,601.19,600.793,1.0,603.06,590.746,1.0,606.023,582.242,1.0,745.218,528.604,1.0,736.578,523.828,1.0,725.444,522.401,1.0,727.438,514.972,1.0,733.509,511.022,1.0
306,625.223,460.225,1.0,623.668,466.341,1.0,624.797,472.562,1.0,628.733,472.44,1.0,640.869,485.04,1.0,716.246,336.112,1.0,716.221,345.405,1.0,707.84,352.088,1.0,707.438,359.809,1.0,717.676,369.82,1.0,712.402,432.323,1.0,718.5,430.734,1.0,716.801,435.964,1.0,714.95,435.43,1.0,702.887,434.076,1.0,599.195,607.707,1.0,604.954,602.081,1.0,601.19,599.812,1.0,603.149,589.545,1.0,606.023,582.242,1.0,746.101,531.679,1.0,737.494,525.36,1.0,725.444,522.997,1.0,726.311,512.199,1.0,733.509,511.022,1.0
307,629.435,459.791,1.0,623.993,464.942,1.0,624.618,472.562,1.0,632.843,472.676,1.0,640.869,484.958,1.0,716.246,336.112,1.0,716.221,345.388,1.0,707.84,352.113,1.0,707.438,359.681,1.0,717.323,369.82,1.0,712.314,432.593,1.0,718.5,430.765,1.0,716.684,436.411,1.0,714.724,435.43,1.0,702.887,434.076,1.0,599.195,607.707,1.0,603.679,602.218,1.0,601.228,599.812,1.0,603.149,589.266,1.0,606.023,582.242,1.0,746.465,532.781,1.0,737.732,525.423,1.0,725.473,523.018,1.0,726.293,511.772,1.0,733.509,511.022,1.0
308,632.473,459.791,1.0,624.748,459.261,1.0,624.355,471.41,1.0,632.843,472.676,1.0,641.253,484.71,1.0,716.257,336.112,1.0,716.314,345.24,1.0,708.513,352.113,1.0,707.773,359.488,1.0,717.216,369.911,1.0,712.314,432.64,1.0,718.5,430.869,1.0,716.684,436.552,1.0,714.724,435.552,1.0,702.887,434.297,1.0,599.195,608.106,1.0,603.628,603.655,1.0,601.624,599.583,1.0,603.149,588.331,1.0,605.171,582.249,1.0,746.465,532.993,1.0,737.732,525.423,1.0,725.473,522.997,1.0,726.293,511.772,1.0,733.509,510.714,1.0
309,632.473,459.791,1.0,625.269,459.261,1.0,624.355,471.41,1.0,632.843,472.676,1.0,641.363,484.71,1.0,717.25,336.098,1.0,716.707,345.155,1.0,708.933,352.088,1.0,708.693,359.488,1.0,716.996,369.82,1.0,712.314,432.847,1.0,719.316,430.869,1.0,716.786,437.062,1.0,714.724,435.552,1.0,697.6,434.512,1.0,601.283,611.941,1.0,603.34,603.655,1.0,602.032,599.402,1.0,602.087,588.163,1.0,604.602,582.389,1.0,746.465,532.993,1.0,737.754,525.423,1.0,726.427,522.997,1.0,726.293,511.772,1.0,733.509,510.714,1.0
310,632.473,459.791,1.0,625.269,459.261,1.0,624.355,471.41,1.0,630.149,471.017,1.0,641.376,484.483,1.0,717.432,336.038,1.0,717.216,344.798,1.0,709.418,351.999,1.0,708.902,359.488,1.0,716.901,369.82,1.0,712.616,432.847,1.0,720.041,430.904,1.0,716.801,437.073,1.0,714.74,443.856,1.0,697.6,434.512,1.0,603.582,612.702,1.0,603.214,604.935,1.0,602.032,599.402,1.0,601.948,588.163,1.0,604.208,582.408,1.0,746.359,532.912,1.0,737.778,525.405,1.0,728.626,522.784,1.0,727.928,512.067,1.0,734.019,510.544,1.0
311,627.391,460.904,1.0,625.269,465.088,1.0,625.676,472.879,1.0,630.149,469.321,1.0,641.376,484.483,1.0,717.477,333.776,1.0,717.216,343.06,1.0,712.732,350.236,1.0,709.969,361.058,1.0,716.901,369.16,1.0,712.961,432.847,1.0,723.065,430.869,1.0,716.827,437.073,1.0,714.74,443.856,1.0,697.6,434.512,1.0,603.582,614.124,1.0,602.48,605.167,1.0,602.032,599.402,1.0,601.864,588.331,1.0,604.206,582.633,1.0,746.321,532.781,1.0,737.778,525.277,1.0,728.797,522.431,1.0,728.513,512.067,1.0,734.09,510.541,1.0
312,618.225,463.622,1.0,625.136,468.095,1.0,628.482,472.879,1.0,629.608,469.321,1.0,641.489,484.14,1.0,717.949,332.268,1.0,717.216,341.234,1.0,713.247,350.025,1.0,710.242,361.468,1.0,716.974,368.916,1.0,712.961,432.584,1.0,723.065,430.753,1.0,716.948,437.073,1.0,714.891,443.856,1.0,703.207,433.526,1.0,602.999,614.529,1.0,602.201,608.387,1.0,601.167,599.389,1.0,601.736,588.764,1.0,603.779,582.633,1.0,746.321,532.912,1.0,737.778,525.277,1.0,729.183,522.299,1.0,728.846,512.834,1.0,734.278,510.541,1.0
313,617.89,465.761,0.9959999918937683,625.136,469.167,0.9980000257492065,628.656,472.879,1.0,629.608,470.331,1.0,641.489,484.14,0.9980000257492065,718.477,332.197,1.0,717.13,341.211,1.0,713.247,350.025,1.0,710.32,361.712,1.0,716.974,368.859,1.0,712.961,431.947,1.0,723.065,430.586,1.0,717.481,437.279,1.0,714.891,443.338,1.0,703.207,433.526,1.0,602.999,614.529,1.0,602.117,608.387,1.0,600.439,599.239,1.0,601.657,588.764,1.0,603.779,582.633,1.0,746.359,532.912,1.0,737.778,525.405,1.0,729.321,522.269,1.0,728.846,514.104,1.0,734.278,510.541,1.0
314,615.34,472.809,1.0,624.487,470.951,1.0,628.656,468.582,1.0,629.299,470.331,1.0,638.962,484.611,1.0,718.515,331.9,1.0,717.096,341.087,1.0,713.493,349.885,1.0,710.388,361.712,1.0,716.974,368.811,1.0,712.641,430.673,1.0,719.161,430.451,1.0,717.711,437.279,1.0,715.343,442.576,1.0,703.207,433.42,1.0,603.268,614.529,1.0,601.552,608.387,1.0,600.439,598.547,1.0,601.657,588.764,1.0,603.779,582.352,1.0,746.321,533.796,1.0,737.778,527.356,1.0,731.258,522.269,1.0,728.846,514.356,1.0,734.278,510.541,1.0
315,615.255,475.213,1.0,620.904,471.507,1.0,628.482,467.778,1.0,626.287,468.977,1.0,638.705,484.611,1.0,718.592,331.67,1.0,717.05,340.93,1.0,713.493,349.885,1.0,710.389,361.712,1.0,716.974,368.811,1.0,712.306,429.178,1.0,718.969,429.777,1.0,717.941,437.699,1.0,715.801,435.543,1.0,702.884,432.401,1.0,602.999,613.826,1.0,601.552,606.365,1.0,600.339,598.216,1.0,601.657,587.987,1.0,604.222,582.014,1.0,747.39,540.503,1.0,740.8,528.144,1.0,732.332,522.269,1.0,728.463,516.77,1.0,732.852,510.616,1.0
316,615.34,478.054,1.0,619.404,472.11,1.0,626.829,467.778,1.0,624.982,468.977,1.0,638.705,483.918,1.0,718.592,331.587,1.0,717.028,340.667,1.0,713.847,349.024,1.0,710.32,361.178,1.0,716.647,367.899,1.0,711.694,427.591,1.0,718.79,429.729,1.0,718.085,437.729,1.0,716.022,435.259,1.0,702.884,432.401,1.0,602.987,612.396,1.0,601.552,604.283,1.0,599.879,597.455,1.0,602.374,587.55,1.0,604.222,581.724,1.0,747.39,542.043,1.0,741.623,528.919,1.0,732.727,522.542,1.0,723.587,517.469,1.0,732.161,510.616,1.0
317,615.313,478.054,1.0,619.404,473.138,1.0,625.592,467.778,1.0,624.67,468.736,1.0,638.637,483.844,1.0,718.592,331.574,1.0,717.05,340.609,1.0,714.592,348.422,1.0,710.32,360.075,1.0,716.119,366.175,1.0,711.549,427.494,1.0,718.649,429.729,1.0,718.163,437.82,1.0,716.332,435.259,1.0,702.884,432.913,1.0,602.825,606.741,1.0,601.852,599.988,1.0,599.194,596.852,1.0,602.374,587.55,1.0,604.222,581.724,1.0,747.385,542.333,1.0,741.623,529.121,1.0,732.895,523.071,1.0,723.587,518.421,1.0,730.862,510.447,1.0
318,615.34,478.441,1.0,619.068,473.186,1.0,625.394,468.315,1.0,623.678,468.076,1.0,637.961,483.751,1.0,718.311,331.412,1.0,717.05,340.253,1.0,714.813,347.58,1.0,710.311,358.588,1.0,715.692,364.492,1.0,711.373,427.494,1.0,718.575,429.777,1.0,718.215,437.82,1.0,716.332,435.259,1.0,702.884,432.913,1.0,601.407,606.741,1.0,602.751,599.786,1.0,599.194,595.445,1.0,602.374,587.55,1.0,601.76,581.724,1.0,747.206,542.394,1.0,740.8,529.386,1.0,732.895,523.38,1.0,728.211,518.425,1.0,729.766,510.447,1.0
319,615.446,478.451,1.0,618.359,473.731,1.0,625.358,469.527,1.0,623.678,468.032,1.0,630.537,482.88,1.0,718.026,331.412,1.0,717.541,339.846,1.0,714.813,346.247,1.0,709.897,355.457,1.0,715.603,362.218,1.0,711.409,427.591,1.0,718.575,429.931,1.0,718.215,438.106,1.0,716.315,435.647,1.0,702.876,433.037,1.0,601.407,606.741,1.0,603.955,598.348,1.0,599.194,595.031,1.0,597.006,587.765,1.0,588.489,583.449,1.0,747.206,542.394,1.0,740.13,529.864,1.0,732.923,523.416,1.0,723.587,518.425,1.0,729.766,510.339,1.0
320,615.446,484.998,1.0,617.355,477.522,1.0,625.35,471.497,1.0,623.678,468.032,1.0,630.113,482.826,1.0,717.936,331.412,1.0,717.541,339.846,1.0,714.813,346.021,1.0,709.644,355.457,1.0,715.692,362.218,1.0,711.409,427.615,1.0,718.649,429.952,1.0,718.309,438.19,1.0,716.332,435.647,1.0,700.942,434.984,1.0,601.407,608.164,1.0,604.63,598.324,1.0,599.194,594.763,1.0,593.285,592.432,1.0,587.039,587.471,1.0,746.758,542.333,1.0,739.948,529.947,1.0,732.923,523.563,1.0,724.129,518.425,1.0,729.687,510.121,1.0
321,615.669,487.57,1.0,617.228,479.791,1.0,622.04,471.983,1.0,630.902,466.446,1.0,630.113,480.415,1.0,717.927,331.412,1.0,717.541,339.846,1.0,714.808,346.021,1.0,709.592,355.452,1.0,715.646,362.205,1.0,711.373,427.615,1.0,718.769,429.952,1.0,718.76,438.19,1.0,716.315,435.713,1.0,700.942,435.195,1.0,599.948,608.511,1.0,604.63,598.348,1.0,599.194,594.591,1.0,592.313,595.572,1.0,583.203,587.639,1.0,746.684,542.09,1.0,739.671,530.109,1.0,732.895,523.793,1.0,724.983,518.45,1.0,729.687,510.309,1.0
322,615.669,492.773,1.0,617.017,479.97,1.0,622.04,471.983,1.0,631.128,465.833,1.0,630.502,480.415,1.0,717.922,331.412,1.0,717.101,339.737,1.0,714.456,345.94,1.0,709.293,355.412,1.0,715.646,362.205,1.0,711.354,427.615,1.0,718.817,429.952,1.0,719.782,438.19,1.0,715.871,435.857,1.0,700.942,435.421,1.0,599.948,608.604,1.0,604.63,599.492,1.0,598.39,594.231,1.0,592.313,597.618,1.0,580.727,591.222,1.0,746.591,542.09,1.0,739.671,530.805,1.0,732.923,524.429,1.0,724.964,518.45,1.0,729.705,510.309,1.0
323,615.487,492.773,1.0,616.863,480.003,1.0,622.04,471.983,1.0,631.287,465.833,1.0,630.502,480.415,1.0,717.927,331.41,1.0,717.079,339.737,1.0,714.334,345.92,1.0,709.05,355.357,1.0,715.494,362.205,1.0,710.812,426.906,1.0,718.996,428.97,1.0,720.542,437.331,1.0,713.705,445.404,1.0,700.955,438.738,1.0,598.999,610.213,1.0,604.185,599.492,1.0,597.686,594.152,1.0,592.313,597.618,1.0,580.727,591.663,1.0,746.591,542.09,1.0,739.671,531.961,1.0,732.936,524.781,1.0,724.964,519.202,1.0,729.705,510.309,1.0
324,615.363,492.871,1.0,616.583,480.051,1.0,621.87,472.652,1.0,631.128,465.833,1.0,636.136,478.687,1.0,717.919,331.41,1.0,716.801,339.432,1.0,713.746,345.686,1.0,709.05,355.229,1.0,715.135,362.205,1.0,710.239,426.763,1.0,718.996,428.39,1.0,720.542,436.575,1.0,713.446,445.918,1.0,702.071,438.738,1.0,598.929,610.213,1.0,603.926,599.616,1.0,597.634,594.035,1.0,592.354,597.618,1.0,580.727,591.776,1.0,746.684,542.09,1.0,741.244,531.961,1.0,733.044,525.153,1.0,724.983,519.669,1.0,729.64,510.453,1.0
325,615.363,492.937,1.0,616.106,480.051,1.0,621.87,472.93,1.0,631.128,466.433,1.0,636.792,478.687,1.0,717.919,330.593,1.0,716.706,338.796,1.0,713.594,344.971,1.0,709.05,353.812,1.0,713.966,362.063,1.0,710.091,426.445,1.0,719.264,426.709,1.0,720.542,434.252,1.0,713.446,445.918,1.0,703.478,438.772,1.0,598.733,610.213,1.0,603.576,599.698,1.0,597.351,594.152,1.0,592.671,597.235,1.0,580.804,591.776,1.0,747.098,541.598,1.0,742.698,532.303,1.0,733.356,525.955,1.0,726.172,519.669,1.0,728.73,511.143,1.0
326,613.774,493.094,1.0,615.678,481.493,1.0,620.726,472.93,1.0,628.474,466.513,1.0,637.278,478.687,1.0,717.919,330.509,1.0,716.634,332.056,1.0,711.475,343.215,1.0,713.86,352.218,1.0,708.215,361.451,1.0,710.091,426.42,1.0,719.241,426.44,1.0,719.523,433.495,1.0,713.705,445.552,1.0,704.413,439.198,1.0,596.227,604.271,1.0,602.245,599.834,1.0,596.36,594.152,1.0,592.729,597.038,1.0,580.813,592.179,1.0,747.098,541.945,1.0,742.791,532.169,1.0,733.444,527.132,1.0,726.254,520.004,1.0,728.73,511.143,1.0
327,610.754,493.46,1.0,613.86,484.584,1.0,618.66,476.685,1.0,624.847,471.01,1.0,638.683,477.929,1.0,718.368,326.548,1.0,716.057,331.263,1.0,711.475,342.527,1.0,714.455,351.864,1.0,708.048,360.988,1.0,710.05,426.42,1.0,719.241,426.44,1.0,719.523,433.495,1.0,714.295,445.404,1.0,705.274,438.997,1.0,596.047,604.271,1.0,599.803,601.505,1.0,595.779,594.294,1.0,592.781,596.732,1.0,581.183,592.703,1.0,747.271,541.835,1.0,742.896,532.181,1.0,733.818,527.21,1.0,730.927,520.333,1.0,728.593,511.329,1.0
328,610.403,493.797,1.0,613.396,484.768,1.0,618.077,477.401,1.0,623.292,471.01,1.0,639.296,473.949,1.0,717.832,324.117,1.0,716.022,330.035,1.0,711.475,341.946,1.0,714.504,351.864,1.0,708.048,360.988,1.0,710.05,426.445,1.0,719.264,426.44,1.0,719.523,433.495,1.0,714.295,445.289,1.0,705.274,438.772,1.0,595.923,604.271,1.0,599.665,601.777,1.0,595.725,594.458,1.0,592.806,596.647,1.0,581.204,593.399,1.0,747.098,541.835,1.0,742.896,532.181,1.0,734.743,527.721,1.0,730.927,520.333,1.0,728.066,511.965,1.0
329,609.964,493.937,1.0,613.32,485.406,1.0,618.077,477.945,1.0,622.918,471.104,1.0,639.296,473.932,1.0,717.832,323.012,1.0,716.057,329.543,1.0,711.534,341.531,1.0,714.524,351.864,1.0,708.048,360.988,1.0,709.256,426.445,1.0,719.915,428.014,1.0,722.259,433.603,1.0,714.486,441.49,1.0,705.923,438.772,1.0,593.856,606.229,1.0,598.26,602.23,1.0,595.615,594.671,1.0,594.373,596.198,1.0,582.716,593.399,1.0,746.957,541.945,1.0,742.951,532.181,1.0,734.991,527.876,1.0,730.927,520.333,1.0,727.6,511.986,1.0
330,609.898,494.026,1.0,613.162,485.655,1.0,618.077,478.177,1.0,622.722,471.104,1.0,639.339,473.932,1.0,717.455,322.702,1.0,716.057,329.486,1.0,711.679,341.484,1.0,714.609,351.801,1.0,708.143,360.988,1.0,709.256,426.675,1.0,719.915,428.014,1.0,722.259,433.603,1.0,714.854,440.362,1.0,706.114,438.997,1.0,593.856,606.623,1.0,597.898,602.554,1.0,595.615,594.675,1.0,594.557,595.225,1.0,582.77,593.402,1.0,746.957,542.203,1.0,742.951,532.181,1.0,734.991,528.003,1.0,730.363,520.819,1.0,727.366,512.622,1.0
331,609.898,494.026,1.0,613.162,486.407,1.0,618.263,478.62,1.0,622.722,471.01,1.0,639.296,473.949,1.0,717.455,322.311,1.0,716.057,329.486,1.0,712.088,341.484,1.0,714.643,351.726,1.0,708.048,360.97,1.0,709.09,426.675,1.0,719.915,428.014,1.0,722.259,433.603,1.0,715.929,440.362,1.0,707.15,438.997,1.0,593.856,606.623,1.0,597.588,602.807,1.0,595.615,594.726,1.0,594.566,595.187,1.0,582.868,593.91,1.0,746.957,542.203,1.0,743.069,532.181,1.0,734.991,528.344,1.0,730.363,521.014,1.0,727.03,512.622,1.0
332,609.964,494.026,1.0,613.162,486.909,1.0,618.263,479.444,1.0,622.366,471.104,1.0,639.283,474.441,1.0,717.399,322.173,1.0,716.22,329.203,1.0,712.261,341.135,1.0,714.658,351.513,1.0,708.121,360.924,1.0,704.301,425.896,1.0,711.256,425.714,1.0,719.572,432.383,1.0,715.981,440.362,1.0,707.15,442.432,1.0,593.981,606.737,1.0,597.588,602.862,1.0,595.596,594.978,1.0,594.566,595.108,1.0,583.459,593.91,1.0,746.722,542.456,1.0,743.244,532.581,1.0,734.991,528.709,1.0,730.356,521.142,1.0,727.03,512.686,1.0
333,609.898,493.971,1.0,613.162,487.46,1.0,618.263,479.444,1.0,622.304,471.119,1.0,638.05,474.441,1.0,717.293,322.017,1.0,716.338,329.102,1.0,712.261,341.091,1.0,714.658,351.468,1.0,708.047,360.924,1.0,703.786,420.25,1.0,711.256,425.479,1.0,718.488,432.256,1.0,716.956,441.757,1.0,707.373,443.465,1.0,593.981,606.912,1.0,597.588,603.052,1.0,595.615,595.194,1.0,595.053,595.048,1.0,584.137,594.007,1.0,746.722,542.456,1.0,743.244,532.941,1.0,734.991,529.186,1.0,730.218,521.751,1.0,727.366,513.068,1.0
334,609.898,492.272,1.0,612.354,488.332,1.0,617.632,479.739,1.0,622.207,471.921,1.0,636.841,474.441,1.0,717.07,321.805,1.0,716.402,329.057,1.0,712.261,341.008,1.0,714.699,351.462,1.0,708.012,360.924,1.0,703.786,418.868,1.0,711.256,424.914,1.0,717.931,432.004,1.0,717.075,442.426,1.0,707.373,443.523,1.0,593.981,607.589,1.0,601.158,605.397,1.0,595.622,595.265,1.0,595.13,594.98,1.0,584.541,594.007,1.0,746.122,543.476,1.0,742.482,534.105,1.0,735.173,531.026,1.0,730.218,522.585,1.0,727.813,513.396,1.0
335,600.423,491.13,1.0,609.998,488.812,1.0,617.632,479.739,1.0,621.205,471.879,1.0,635.685,473.283,1.0,716.999,320.986,1.0,716.9,328.943,1.0,711.64,340.703,1.0,714.699,350.816,1.0,706.552,360.684,1.0,704.301,418.544,1.0,711.51,424.914,1.0,717.535,431.922,1.0,717.345,443.847,1.0,707.373,443.523,1.0,591.617,609.694,1.0,601.158,606.233,1.0,595.774,596.079,1.0,596.395,594.573,1.0,585.189,594.007,1.0,743.959,548.674,1.0,740.846,539.351,1.0,736.723,531.858,1.0,729.772,522.585,1.0,728.154,513.585,1.0
336,598.849,491.13,1.0,609.771,488.886,1.0,617.632,479.965,1.0,619.793,471.879,1.0,633.894,472.346,1.0,716.946,320.807,1.0,717.557,328.73,1.0,711.412,340.455,1.0,714.699,350.524,1.0,706.073,360.392,1.0,704.376,415.763,1.0,711.521,424.713,1.0,717.498,431.655,1.0,717.835,443.985,1.0,707.091,443.465,1.0,591.342,610.494,1.0,601.158,606.42,1.0,595.782,596.211,1.0,596.395,594.115,1.0,585.616,593.346,1.0,744.145,548.716,1.0,740.558,539.672,1.0,736.989,531.858,1.0,729.425,522.358,1.0,728.688,513.613,1.0
337,598.356,491.13,1.0,609.771,488.886,1.0,617.805,479.965,1.0,619.653,471.455,1.0,630.3,470.17,1.0,716.857,320.605,1.0,718.455,328.718,1.0,710.294,339.754,1.0,714.166,349.241,1.0,705.426,357.815,1.0,704.376,414.701,1.0,711.521,424.135,1.0,717.498,431.609,1.0,717.932,444.07,1.0,706.644,443.465,1.0,591.25,611.184,1.0,600.517,606.82,1.0,595.967,596.718,1.0,597.035,592.717,1.0,586.905,590.807,1.0,746.122,548.929,1.0,740.558,539.891,1.0,737.136,532.219,1.0,729.149,522.585,1.0,728.84,513.808,1.0
338,598.356,491.293,1.0,609.721,489.015,1.0,617.805,480.056,1.0,619.164,471.879,1.0,627.914,470.17,1.0,716.843,320.605,1.0,718.455,328.718,1.0,709.371,339.236,1.0,713.971,348.931,1.0,705.426,356.939,1.0,704.376,414.362,1.0,711.51,424.109,1.0,717.351,431.09,1.0,718.0,444.146,1.0,706.433,443.578,1.0,591.232,611.483,1.0,600.007,607.214,1.0,595.967,596.855,1.0,597.149,592.478,1.0,586.941,590.269,1.0,746.122,554.994,1.0,740.846,539.891,1.0,737.258,532.219,1.0,729.149,522.585,1.0,728.842,513.808,1.0
339,598.334,491.662,1.0,609.508,489.019,1.0,617.805,481.03,1.0,618.944,471.879,1.0,626.291,470.17,1.0,716.445,320.266,1.0,718.607,328.261,1.0,708.986,339.178,1.0,707.968,345.39,1.0,705.426,356.847,1.0,703.897,414.204,1.0,711.256,424.086,1.0,717.349,431.02,1.0,718.0,444.206,1.0,706.433,443.578,1.0,591.232,612.042,1.0,600.007,607.214,1.0,596.176,597.028,1.0,597.149,592.478,1.0,586.989,590.123,1.0,746.651,555.64,1.0,742.035,541.881,1.0,737.258,532.286,1.0,729.149,522.729,1.0,728.842,513.808,1.0
340,598.301,491.695,1.0,609.508,489.015,1.0,617.782,481.922,1.0,618.944,471.985,1.0,625.993,470.488,1.0,716.445,320.266,1.0,718.745,328.178,1.0,708.986,339.0,1.0,707.968,345.276,1.0,706.141,356.805,1.0,703.897,413.856,1.0,711.256,423.775,1.0,717.349,431.02,1.0,717.99,444.206,1.0,706.644,443.578,1.0,591.232,612.426,1.0,600.007,607.214,1.0,596.181,597.333,1.0,597.188,592.478,1.0,587.829,589.199,1.0,746.651,556.014,1.0,742.83,542.143,1.0,737.691,532.356,1.0,729.76,523.151,1.0,728.842,514.136,1.0
341,598.356,491.711,1.0,609.378,489.671,1.0,616.908,483.399,1.0,618.845,472.271,1.0,625.747,470.517,1.0,716.311,320.266,1.0,718.911,328.142,1.0,708.986,338.74,1.0,707.968,345.217,1.0,706.74,356.689,1.0,703.897,413.658,1.0,711.247,423.62,1.0,716.994,430.804,1.0,717.99,444.206,1.0,707.911,443.578,1.0,591.867,612.59,1.0,600.179,607.137,1.0,596.181,597.765,1.0,597.221,593.084,1.0,588.541,589.199,1.0,746.651,556.064,1.0,742.987,543.084,1.0,737.733,533.619,1.0,730.363,525.404,1.0,728.772,517.99,1.0
342,598.653,492.803,1.0,607.896,490.018,1.0,613.75,485.156,1.0,618.845,472.923,1.0,621.953,470.897,1.0,716.311,320.266,1.0,718.911,328.142,1.0,708.984,338.625,1.0,708.242,345.276,1.0,707.136,356.571,1.0,703.892,413.15,1.0,711.211,423.416,1.0,716.359,430.603,1.0,717.481,443.876,1.0,714.173,443.101,1.0,592.463,612.695,1.0,600.29,607.137,1.0,596.411,598.495,1.0,597.881,593.086,1.0,589.749,589.199,1.0,746.651,556.169,1.0,743.072,543.302,1.0,737.78,534.047,1.0,730.463,526.497,1.0,728.743,519.068,1.0
343,597.566,499.05,1.0,607.896,495.556,1.0,613.226,487.364,1.0,617.557,476.511,1.0,621.269,472.659,1.0,716.587,320.263,1.0,718.911,328.142,1.0,708.984,338.543,1.0,708.444,345.217,1.0,707.548,356.487,1.0,704.2,413.031,1.0,710.783,422.853,1.0,716.344,430.342,1.0,717.481,442.942,1.0,717.894,442.862,1.0,592.463,612.826,1.0,600.29,607.059,1.0,596.555,598.738,1.0,597.971,593.127,1.0,589.889,588.138,1.0,746.651,556.343,1.0,744.12,543.55,1.0,738.938,534.306,1.0,730.478,527.123,1.0,728.743,519.068,1.0
344,601.458,501.115,1.0,607.749,495.912,1.0,612.894,487.425,1.0,616.88,477.699,1.0,621.072,473.999,1.0,717.281,320.239,1.0,717.353,328.423,1.0,709.093,338.44,1.0,708.566,345.047,1.0,707.7,356.099,1.0,704.306,413.031,1.0,710.032,422.853,1.0,716.344,430.342,1.0,717.481,442.154,1.0,720.845,442.789,1.0,592.463,614.099,1.0,600.29,607.059,1.0,596.87,599.054,1.0,598.659,593.127,1.0,589.889,588.138,1.0,746.634,556.343,1.0,744.796,544.006,1.0,738.938,534.338,1.0,730.731,527.123,1.0,728.751,519.139,1.0
345,601.458,507.614,1.0,607.277,497.18,1.0,612.894,488.414,1.0,616.856,478.042,1.0,621.05,474.077,1.0,717.55,319.453,1.0,717.353,328.423,1.0,709.093,336.501,1.0,708.857,344.384,1.0,708.314,355.555,1.0,704.306,413.15,1.0,710.013,422.853,1.0,716.251,429.346,1.0,719.426,437.315,1.0,720.845,442.862,1.0,591.102,618.439,1.0,599.085,606.747,1.0,597.108,599.849,1.0,599.455,593.093,1.0,589.9,586.938,1.0,746.634,556.343,1.0,745.06,544.022,1.0,738.938,534.306,1.0,730.976,527.201,1.0,728.751,519.139,1.0
346,600.283,508.464,1.0,606.755,497.809,1.0,612.755,488.414,1.0,616.27,478.071,1.0,621.05,474.094,1.0,718.786,319.283,1.0,717.353,328.423,1.0,711.137,336.167,1.0,709.164,343.745,1.0,708.355,354.933,1.0,704.136,413.157,1.0,709.944,422.853,1.0,716.251,429.095,1.0,719.426,437.315,1.0,720.845,442.869,1.0,591.023,618.439,1.0,598.807,606.419,1.0,598.102,601.419,1.0,600.416,593.093,1.0,590.221,585.561,1.0,746.889,556.343,1.0,745.06,545.366,1.0,739.226,534.047,1.0,733.446,527.201,1.0,728.996,520.049,1.0
347,600.002,508.482,1.0,606.755,498.12,1.0,612.725,488.455,1.0,616.209,478.071,1.0,621.05,474.077,1.0,719.024,319.031,1.0,717.337,328.191,1.0,711.421,336.134,1.0,709.164,343.405,1.0,708.678,354.713,1.0,704.306,413.623,1.0,709.538,422.853,1.0,716.251,429.095,1.0,719.426,437.315,1.0,720.514,442.869,1.0,591.004,618.439,1.0,598.686,606.061,1.0,598.319,601.419,1.0,600.919,592.744,1.0,590.221,585.561,1.0,746.939,556.452,1.0,745.06,546.945,1.0,739.226,534.306,1.0,733.904,527.514,1.0,729.636,520.103,1.0
348,600.002,508.825,1.0,606.755,498.125,1.0,612.39,489.036,1.0,615.982,478.254,1.0,621.479,474.077,1.0,719.102,319.031,1.0,717.333,327.193,1.0,711.726,335.712,1.0,709.603,342.631,1.0,708.697,354.636,1.0,704.136,413.623,1.0,709.538,422.87,1.0,716.247,428.896,1.0,715.49,436.947,1.0,718.701,442.869,1.0,591.004,618.102,1.0,598.601,605.847,1.0,598.834,601.419,1.0,600.919,592.744,1.0,590.189,590.673,1.0,748.711,556.452,1.0,745.06,549.317,1.0,739.226,535.901,1.0,734.376,528.144,1.0,729.663,520.526,1.0
349,599.841,508.825,1.0,606.756,498.137,1.0,611.79,489.367,1.0,610.353,478.541,1.0,623.798,472.417,1.0,719.102,318.886,1.0,717.333,327.193,1.0,711.885,335.663,1.0,709.603,342.546,1.0,708.737,354.402,1.0,703.899,413.623,1.0,708.39,423.041,1.0,715.624,428.38,1.0,713.509,436.947,1.0,714.011,442.869,1.0,591.004,618.1,1.0,598.224,605.811,1.0,598.834,598.153,1.0,600.919,592.744,1.0,590.189,590.673,1.0,751.336,557.697,1.0,745.488,552.787,1.0,740.01,535.901,1.0,734.312,530.127,1.0,729.663,521.411,1.0
350,599.411,509.184,1.0,606.918,498.177,1.0,611.76,489.565,1.0,610.265,479.31,1.0,623.798,472.417,1.0,719.13,318.873,1.0,717.217,327.082,1.0,712.087,335.658,1.0,709.303,342.453,1.0,708.737,354.396,1.0,,,0.0,708.39,423.058,1.0,715.624,428.38,1.0,712.97,428.471,1.0,709.769,438.013,1.0,591.023,618.074,1.0,597.888,604.828,1.0,598.539,597.681,1.0,599.946,593.715,1.0,590.189,590.673,1.0,753.914,561.13,1.0,747.309,552.787,1.0,740.156,537.522,1.0,734.312,530.13,1.0,729.636,521.558,1.0
351,599.241,509.184,1.0,606.918,498.313,1.0,611.661,489.754,1.0,610.265,479.394,1.0,623.798,472.417,1.0,719.13,318.873,1.0,717.151,327.082,1.0,712.087,335.581,1.0,709.251,342.359,1.0,708.737,354.396,1.0,711.675,440.034,1.0,718.161,427.118,1.0,715.624,428.788,1.0,712.844,428.471,1.0,704.972,425.788,1.0,592.113,616.389,0.9900000095367432,597.888,601.641,1.0,598.539,597.681,1.0,597.321,597.349,1.0,590.189,590.938,1.0,754.214,561.304,1.0,747.473,552.787,1.0,740.184,537.843,1.0,734.331,530.21,1.0,729.663,521.583,1.0
352,599.241,509.184,1.0,607.015,498.406,1.0,611.661,490.007,1.0,610.353,479.852,1.0,623.371,472.529,1.0,719.13,318.381,1.0,717.063,326.846,1.0,712.422,335.323,1.0,709.251,341.982,1.0,708.737,354.122,1.0,711.675,440.034,1.0,718.74,427.564,1.0,716.228,428.788,1.0,710.814,428.471,1.0,703.941,416.093,0.9829999804496765,592.113,607.155,1.0,598.224,597.559,1.0,598.054,598.153,1.0,596.159,599.179,1.0,590.235,613.023,1.0,754.214,561.304,1.0,748.099,549.004,1.0,740.271,537.873,1.0,734.346,530.47,1.0,729.814,521.684,1.0
353,599.191,509.27,1.0,607.015,499.307,1.0,611.661,491.536,1.0,610.436,482.046,1.0,621.277,474.912,1.0,719.095,318.248,1.0,717.006,326.68,1.0,712.644,335.168,1.0,709.251,341.982,1.0,708.803,354.122,1.0,711.675,439.726,1.0,725.269,431.377,1.0,717.896,428.892,1.0,711.2,428.471,1.0,701.618,415.835,1.0,,616.389,1.0,598.224,597.559,1.0,598.054,598.984,1.0,596.159,599.179,1.0,591.204,613.023,1.0,753.914,561.13,1.0,748.129,549.004,1.0,740.383,538.207,1.0,734.346,530.826,1.0,729.814,521.583,1.0
354,598.961,509.506,1.0,606.274,500.262,1.0,608.901,491.928,1.0,611.186,485.102,1.0,621.071,475.366,1.0,719.084,318.062,1.0,717.006,326.556,1.0,712.655,335.038,1.0,709.251,341.982,1.0,708.803,353.876,1.0,712.39,439.726,1.0,725.269,431.377,1.0,717.896,429.53,1.0,711.179,427.063,1.0,701.618,415.151,1.0,594.548,617.018,0.0,597.039,601.641,1.0,598.539,599.71,1.0,596.084,597.349,1.0,591.87,587.55,1.0,752.693,556.048,1.0,748.384,549.004,1.0,740.624,538.553,1.0,734.7,530.833,1.0,729.578,521.583,1.0
355,597.428,511.34,1.0,603.629,505.154,1.0,607.483,494.781,1.0,612.22,487.334,1.0,620.945,477.692,1.0,719.006,317.561,1.0,717.063,326.115,1.0,713.065,333.799,1.0,710.846,341.982,1.0,709.523,351.063,1.0,712.39,439.726,1.0,725.269,431.377,1.0,717.896,429.576,1.0,710.698,428.038,1.0,701.53,415.021,1.0,594.548,620.786,1.0,593.407,609.605,1.0,598.853,602.074,1.0,595.996,595.295,1.0,593.911,586.809,1.0,752.169,555.678,1.0,748.607,549.203,1.0,741.35,539.625,1.0,734.863,535.01,1.0,729.118,521.583,1.0
356,597.073,511.34,1.0,602.138,505.154,1.0,607.071,495.462,1.0,612.22,487.334,1.0,620.18,477.692,1.0,718.499,317.507,1.0,717.428,326.068,1.0,713.904,331.925,1.0,710.933,341.959,1.0,714.774,348.374,1.0,712.39,438.323,1.0,723.772,431.353,1.0,716.908,429.576,1.0,711.179,426.213,1.0,701.618,415.021,1.0,593.438,619.86,1.0,593.2,610.448,1.0,598.991,603.1,1.0,593.182,595.295,1.0,594.434,586.118,1.0,752.169,555.678,1.0,748.723,549.434,1.0,742.709,540.849,1.0,736.182,536.387,1.0,729.118,521.72,1.0
357,597.067,511.425,1.0,602.058,505.733,1.0,606.993,496.614,1.0,612.22,488.469,1.0,619.475,478.897,1.0,718.381,317.507,1.0,717.428,326.068,1.0,713.904,331.441,1.0,710.933,341.959,1.0,716.462,347.393,1.0,710.757,437.241,1.0,720.037,429.84,1.0,716.121,429.576,1.0,711.2,426.213,1.0,701.737,415.021,1.0,593.297,619.86,1.0,592.758,610.662,1.0,598.991,603.371,1.0,593.182,595.295,1.0,594.94,586.118,1.0,752.513,555.673,1.0,748.734,550.122,1.0,743.875,541.81,1.0,737.741,537.944,1.0,729.118,522.697,1.0
358,597.073,511.606,1.0,602.058,506.123,1.0,607.071,497.009,1.0,612.22,488.683,1.0,619.475,479.366,1.0,718.358,317.507,1.0,717.428,325.99,1.0,713.904,331.426,1.0,710.873,341.959,1.0,716.462,347.128,1.0,700.041,417.087,1.0,717.532,428.0,1.0,716.053,427.964,1.0,711.729,426.213,1.0,701.737,417.349,0.9890000224113464,593.248,619.87,1.0,592.721,610.662,1.0,598.991,603.403,1.0,593.182,596.305,1.0,594.975,586.809,1.0,752.169,555.614,1.0,749.037,550.583,1.0,744.369,543.748,1.0,738.666,537.944,1.0,730.313,523.958,1.0
359,597.154,511.649,1.0,602.058,505.733,1.0,607.463,496.614,1.0,613.08,488.695,1.0,619.759,479.38,1.0,718.317,317.537,1.0,717.229,325.99,1.0,713.725,331.426,1.0,710.873,341.959,1.0,716.462,346.825,1.0,700.041,409.002,1.0,717.532,428.0,1.0,716.053,427.964,1.0,711.729,426.213,1.0,701.582,417.349,0.9879999756813049,593.248,620.597,1.0,592.721,610.629,1.0,598.853,604.322,1.0,594.659,596.969,1.0,597.134,587.83,1.0,752.169,555.45,1.0,749.082,550.688,1.0,744.369,543.76,1.0,738.913,537.973,1.0,730.976,524.697,1.0
360,596.502,511.649,1.0,603.017,505.536,1.0,607.463,495.462,1.0,613.863,488.469,1.0,619.759,479.38,1.0,718.287,317.537,1.0,717.061,325.99,1.0,713.608,331.36,1.0,710.452,341.959,1.0,716.462,346.825,1.0,700.041,409.002,1.0,707.393,424.603,1.0,715.905,427.094,1.0,712.458,426.213,1.0,706.707,426.54,1.0,593.069,620.597,1.0,592.314,610.662,1.0,598.592,604.367,1.0,595.645,597.258,1.0,598.061,587.864,1.0,752.513,555.45,1.0,749.126,550.701,1.0,744.369,543.76,1.0,738.913,538.024,1.0,731.152,524.778,1.0
361,595.731,511.649,1.0,603.589,505.536,1.0,607.641,495.458,1.0,614.125,488.822,1.0,619.759,479.573,1.0,718.287,317.537,1.0,717.061,325.99,1.0,713.464,331.426,1.0,710.452,341.926,1.0,716.319,346.825,1.0,700.209,411.547,1.0,710.789,425.118,1.0,715.905,427.964,1.0,712.458,426.74,1.0,703.54,424.629,1.0,593.069,620.598,1.0,592.268,610.662,1.0,598.516,605.276,1.0,595.645,597.887,1.0,598.061,589.496,1.0,752.025,555.441,1.0,749.126,550.701,1.0,744.17,543.82,1.0,738.958,538.05,1.0,731.241,524.821,1.0
362,596.592,505.727,1.0,605.59,503.473,1.0,610.124,495.329,1.0,614.214,489.207,1.0,619.759,479.573,1.0,718.358,317.441,1.0,717.061,325.654,1.0,713.464,331.426,1.0,710.452,341.926,1.0,716.319,347.1,1.0,700.209,414.849,1.0,710.789,427.037,1.0,714.955,427.983,1.0,711.965,426.74,1.0,702.531,424.629,0.996999979019165,592.691,620.85,1.0,592.122,611.407,1.0,598.592,606.087,1.0,595.645,598.699,1.0,598.061,589.496,1.0,752.025,555.45,1.0,749.126,550.701,1.0,744.17,543.907,1.0,738.913,537.973,1.0,731.241,524.987,1.0
363,595.731,495.908,1.0,605.85,502.819,1.0,610.124,495.086,1.0,614.236,489.177,1.0,619.694,479.573,1.0,718.277,315.958,1.0,717.004,323.651,1.0,713.464,331.156,1.0,710.452,341.605,1.0,716.593,347.644,1.0,700.209,414.677,1.0,707.638,426.054,1.0,714.795,428.826,1.0,711.657,427.062,1.0,702.531,425.367,1.0,592.691,620.85,1.0,592.122,611.423,1.0,598.592,606.141,1.0,595.645,599.651,1.0,597.755,589.496,1.0,752.688,555.69,1.0,749.142,550.952,1.0,744.17,544.282,1.0,738.899,537.973,1.0,731.241,525.115,1.0
364,593.808,489.577,1.0,605.85,501.601,1.0,610.124,493.872,1.0,615.195,489.177,1.0,619.694,479.875,1.0,718.277,314.054,1.0,716.459,322.932,1.0,714.826,329.968,1.0,710.194,339.907,1.0,716.775,347.856,1.0,699.878,414.677,1.0,707.47,425.118,1.0,713.459,428.826,1.0,709.811,432.529,1.0,702.531,428.022,1.0,592.376,621.908,1.0,591.254,612.314,1.0,600.518,606.501,1.0,595.645,599.869,1.0,597.755,588.49,1.0,753.0,560.63,1.0,751.114,552.608,1.0,744.681,544.705,1.0,738.891,536.542,1.0,731.127,525.219,1.0
365,593.194,489.447,1.0,605.85,500.437,1.0,606.653,491.494,1.0,615.49,489.177,1.0,619.694,479.875,1.0,717.041,311.599,1.0,715.396,316.828,1.0,714.872,328.805,1.0,710.366,337.107,1.0,716.745,347.899,1.0,699.778,414.677,1.0,707.47,425.118,1.0,708.09,428.826,1.0,697.715,433.252,1.0,690.041,432.237,1.0,590.884,620.85,1.0,591.254,612.411,1.0,600.518,606.501,1.0,596.963,599.869,1.0,597.755,587.635,1.0,753.649,564.729,1.0,752.231,555.576,1.0,746.022,546.965,1.0,738.899,536.542,1.0,730.715,525.723,1.0
366,593.137,489.357,1.0,605.748,499.828,1.0,606.57,491.435,1.0,615.49,488.938,1.0,619.745,479.875,1.0,715.026,310.931,1.0,715.042,316.265,1.0,714.872,327.534,1.0,710.194,336.138,1.0,716.831,347.997,1.0,697.451,414.292,1.0,705.814,423.407,1.0,707.946,428.446,1.0,697.715,433.728,1.0,690.041,432.237,1.0,590.868,620.85,1.0,591.822,613.057,1.0,600.518,606.501,1.0,599.727,599.869,1.0,599.334,587.635,1.0,753.97,564.961,1.0,752.34,555.892,1.0,746.028,547.132,1.0,738.899,536.542,1.0,730.608,525.739,1.0
367,592.328,489.357,1.0,605.087,499.82,1.0,606.57,491.435,1.0,615.49,488.792,1.0,619.912,479.696,1.0,713.813,309.847,1.0,714.599,316.142,1.0,714.872,327.446,1.0,710.194,335.018,1.0,716.831,348.011,1.0,697.247,413.828,1.0,705.526,422.188,1.0,707.648,427.939,1.0,697.362,435.032,1.0,690.041,432.36,1.0,588.304,621.908,1.0,591.833,613.105,1.0,596.382,606.238,1.0,599.727,597.103,1.0,599.998,587.952,1.0,755.532,566.783,1.0,752.783,556.541,1.0,746.028,547.185,1.0,739.201,536.598,1.0,730.608,525.78,1.0
368,592.058,489.357,1.0,605.073,499.589,1.0,606.57,491.435,1.0,615.258,488.782,1.0,619.936,479.658,1.0,713.813,309.179,1.0,714.599,315.673,1.0,714.872,327.278,1.0,710.233,334.941,1.0,716.745,348.268,1.0,697.247,413.828,1.0,705.526,422.188,1.0,707.846,427.721,1.0,697.362,435.032,1.0,690.041,432.237,1.0,587.963,621.908,1.0,591.833,614.164,1.0,595.789,606.238,1.0,599.694,597.103,1.0,600.088,587.952,1.0,756.15,570.471,1.0,752.85,556.85,1.0,746.028,547.199,1.0,739.383,536.673,1.0,730.622,525.739,1.0
369,592.044,489.447,1.0,605.049,499.5,1.0,610.172,494.946,1.0,614.827,488.56,1.0,619.979,479.55,1.0,712.962,306.736,1.0,714.599,315.153,1.0,714.774,326.821,1.0,710.233,334.941,1.0,716.622,348.427,1.0,697.247,413.828,1.0,705.427,422.188,1.0,707.846,427.721,1.0,697.362,435.032,1.0,690.041,432.117,1.0,584.949,619.238,1.0,591.887,614.089,1.0,595.775,606.238,1.0,599.694,597.103,1.0,600.088,587.958,1.0,756.251,570.479,1.0,752.884,556.948,1.0,746.038,547.296,1.0,739.383,536.758,1.0,730.662,525.739,1.0
370,591.925,489.583,1.0,605.049,499.032,1.0,610.172,494.946,1.0,614.72,488.069,1.0,619.979,479.131,1.0,712.962,306.736,1.0,714.849,315.153,1.0,714.774,326.821,1.0,710.233,334.981,1.0,716.622,348.427,1.0,697.247,414.452,1.0,705.427,422.87,1.0,707.946,427.596,1.0,696.803,434.782,1.0,689.941,431.748,1.0,583.397,619.315,1.0,591.887,614.164,1.0,595.703,606.91,1.0,599.694,597.336,1.0,600.207,588.189,1.0,756.251,570.479,1.0,752.85,556.948,1.0,746.028,547.315,1.0,739.201,536.866,1.0,730.63,525.78,1.0
371,591.475,498.17,1.0,604.815,498.589,1.0,610.172,494.946,1.0,614.72,487.491,1.0,619.912,478.659,1.0,714.246,306.736,1.0,715.104,315.153,1.0,714.94,326.821,1.0,710.308,334.981,1.0,716.622,348.427,1.0,696.739,414.452,1.0,705.256,422.87,1.0,707.846,427.066,1.0,696.803,434.402,1.0,689.941,431.423,1.0,583.355,619.238,1.0,591.887,614.267,1.0,595.558,607.085,1.0,599.694,597.535,1.0,600.207,588.282,1.0,756.251,570.471,1.0,752.85,556.85,1.0,745.964,547.296,1.0,739.194,536.916,1.0,730.63,525.786,1.0
372,591.475,498.511,1.0,604.345,498.329,1.0,609.926,493.544,1.0,614.72,487.079,1.0,618.252,477.639,1.0,718.75,309.739,1.0,715.582,316.443,1.0,715.232,327.481,1.0,710.554,337.636,1.0,716.991,348.285,1.0,695.829,414.495,1.0,704.476,422.87,1.0,707.997,427.066,1.0,696.61,434.251,1.0,689.941,431.162,1.0,583.355,619.238,1.0,591.692,614.267,1.0,595.271,607.443,1.0,600.024,597.741,1.0,599.987,588.959,1.0,756.369,570.471,1.0,752.762,556.784,1.0,746.033,547.296,1.0,739.194,536.92,1.0,730.662,525.791,1.0
373,591.475,498.511,1.0,603.709,498.329,1.0,609.797,493.544,1.0,614.673,487.079,1.0,617.127,477.639,1.0,719.936,312.651,1.0,716.165,316.724,1.0,715.444,327.481,1.0,710.938,338.001,1.0,716.991,347.918,1.0,695.829,414.452,1.0,704.476,422.93,1.0,708.035,426.868,1.0,695.816,433.75,1.0,689.32,431.162,1.0,583.397,619.315,1.0,591.692,614.364,1.0,595.232,607.667,1.0,600.078,598.067,1.0,599.498,589.822,1.0,755.013,566.959,1.0,752.715,556.439,1.0,745.717,547.315,1.0,739.034,537.043,1.0,730.654,525.814,1.0
374,591.475,498.511,1.0,603.366,498.329,1.0,609.744,493.544,1.0,614.407,487.079,1.0,613.055,477.639,1.0,722.066,314.43,1.0,718.208,317.723,1.0,715.444,328.515,1.0,711.051,338.842,1.0,716.991,347.697,1.0,695.829,414.564,1.0,704.476,422.93,1.0,708.035,427.066,1.0,695.816,434.251,1.0,689.32,431.162,1.0,584.506,620.56,1.0,591.692,614.364,1.0,594.593,607.667,1.0,600.252,598.067,1.0,598.899,591.118,1.0,755.013,566.959,1.0,752.715,556.439,1.0,745.717,547.315,1.0,739.034,537.086,1.0,730.654,526.08,1.0
375,591.451,498.382,1.0,599.689,497.556,1.0,609.657,493.537,1.0,613.454,487.551,1.0,611.826,478.365,1.0,723.865,315.297,1.0,719.546,318.084,1.0,715.232,328.799,1.0,711.119,339.158,1.0,716.567,347.623,1.0,696.798,414.433,1.0,705.01,423.303,1.0,707.959,427.34,1.0,696.61,434.322,1.0,689.134,431.541,1.0,585.608,620.56,1.0,592.027,614.267,1.0,594.593,607.667,1.0,600.252,598.067,1.0,598.899,591.118,1.0,756.739,570.669,1.0,752.471,556.784,1.0,746.033,547.475,1.0,739.228,537.659,1.0,730.664,526.541,1.0
376,590.427,498.382,1.0,597.482,496.938,1.0,607.859,494.98,1.0,610.905,488.335,1.0,611.826,478.593,1.0,723.865,316.897,1.0,719.546,319.955,1.0,715.185,328.859,1.0,711.119,339.158,1.0,716.567,347.623,1.0,698.399,414.299,1.0,705.347,424.263,1.0,708.039,429.658,1.0,696.61,434.322,1.0,689.134,433.388,1.0,589.749,620.848,1.0,592.813,614.237,1.0,594.593,607.716,1.0,600.252,598.543,1.0,598.899,591.118,1.0,756.739,570.828,1.0,752.471,556.922,1.0,746.603,548.538,1.0,739.349,539.29,1.0,734.393,528.874,1.0
377,587.016,498.314,1.0,594.742,496.713,1.0,605.118,496.251,1.0,610.022,488.884,1.0,611.826,480.241,1.0,723.865,317.958,1.0,719.546,322.397,1.0,714.564,329.452,1.0,711.051,339.717,1.0,716.567,347.623,1.0,698.399,414.268,1.0,706.406,424.465,1.0,708.039,430.821,1.0,697.017,434.322,1.0,689.134,433.388,1.0,589.749,620.858,1.0,592.813,614.237,1.0,594.877,607.716,1.0,600.069,598.543,1.0,598.899,590.646,1.0,756.82,571.024,1.0,747.304,557.021,1.0,747.511,549.178,1.0,740.583,540.675,1.0,734.756,531.609,1.0
378,586.985,498.314,1.0,594.467,496.713,1.0,605.118,496.251,1.0,609.883,489.212,1.0,612.552,480.241,1.0,718.536,317.958,1.0,718.092,326.044,1.0,714.564,331.642,1.0,711.181,340.992,1.0,716.567,347.39,1.0,701.709,414.268,1.0,706.406,424.649,1.0,708.673,430.821,1.0,705.57,434.322,1.0,694.881,434.092,1.0,590.577,620.858,1.0,593.316,614.107,1.0,599.77,607.211,1.0,599.018,601.527,1.0,598.899,590.646,1.0,756.82,571.024,1.0,747.304,557.168,1.0,747.511,549.939,1.0,740.583,542.139,1.0,734.756,535.446,1.0
379,586.741,498.314,1.0,594.467,496.713,1.0,605.051,492.907,1.0,609.883,489.348,1.0,612.552,479.127,1.0,713.305,317.958,1.0,718.092,326.08,1.0,713.976,331.737,1.0,711.181,341.451,1.0,716.529,346.544,1.0,707.608,,0.0,705.347,424.649,1.0,713.158,430.821,1.0,707.148,431.941,1.0,705.571,439.919,1.0,590.577,620.393,1.0,592.813,614.237,1.0,599.77,607.716,1.0,596.719,601.527,1.0,598.437,589.453,1.0,756.699,571.024,1.0,747.304,557.168,1.0,747.511,550.012,1.0,740.719,542.177,1.0,734.756,535.475,1.0
380,586.741,498.314,1.0,594.467,496.713,1.0,605.051,497.52,1.0,609.883,489.246,1.0,612.552,479.155,1.0,712.574,319.637,1.0,717.889,326.248,1.0,713.976,332.71,1.0,711.499,341.62,1.0,715.094,346.161,1.0,708.978,417.062,1.0,704.205,424.263,1.0,713.158,425.335,1.0,708.004,431.941,1.0,714.091,439.985,1.0,588.784,611.242,0.984000027179718,590.735,614.399,0.9990000128746033,600.492,608.8,1.0,596.536,601.527,1.0,597.068,588.554,0.996999979019165,756.699,570.971,1.0,753.507,557.802,1.0,747.445,550.044,1.0,740.867,542.374,1.0,734.756,535.71,1.0
381,586.833,498.314,1.0,594.467,496.713,1.0,605.045,497.374,1.0,609.883,489.246,1.0,611.579,479.155,1.0,711.605,325.053,1.0,717.666,326.694,1.0,714.178,332.713,1.0,712.702,341.62,1.0,715.048,345.737,1.0,708.125,415.871,1.0,703.926,422.629,1.0,713.158,424.643,1.0,708.653,431.941,1.0,714.091,439.985,1.0,586.657,609.906,1.0,589.978,614.599,1.0,600.492,610.222,1.0,596.536,599.691,1.0,596.597,588.554,1.0,755.343,567.302,1.0,753.507,558.709,1.0,747.445,550.191,1.0,740.867,542.374,1.0,734.756,535.71,1.0
382,586.833,498.229,1.0,593.167,496.562,1.0,604.014,497.048,1.0,609.735,489.294,1.0,611.539,479.155,1.0,709.728,325.324,1.0,717.286,326.901,1.0,714.178,332.867,1.0,712.702,341.532,1.0,714.897,345.737,1.0,707.845,415.871,1.0,703.926,422.464,1.0,711.944,424.643,1.0,708.653,432.929,1.0,714.091,440.529,1.0,586.273,609.888,1.0,589.88,614.399,1.0,599.709,610.222,1.0,597.274,598.995,1.0,596.597,588.644,1.0,755.343,567.302,1.0,753.507,558.838,1.0,747.343,550.625,1.0,740.867,542.823,1.0,734.855,535.71,1.0
383,586.833,498.364,1.0,592.071,496.383,1.0,603.607,497.374,1.0,609.158,489.294,1.0,611.539,479.211,1.0,709.12,325.324,1.0,717.286,326.948,1.0,714.166,333.186,1.0,712.702,341.532,1.0,714.436,345.737,1.0,707.845,415.871,1.0,703.707,422.098,1.0,710.74,424.643,1.0,708.589,433.008,1.0,713.072,441.428,1.0,584.616,609.888,1.0,589.88,614.399,1.0,599.528,610.222,1.0,596.536,598.995,1.0,597.068,588.644,1.0,755.343,569.283,1.0,750.807,559.501,1.0,747.445,551.47,1.0,741.667,543.121,1.0,734.949,535.822,1.0
384,586.833,498.416,1.0,591.86,496.205,1.0,603.171,497.52,1.0,609.094,489.294,1.0,611.566,480.226,1.0,708.642,325.324,1.0,717.112,326.948,1.0,714.178,333.186,1.0,712.548,341.532,1.0,714.436,345.904,1.0,707.781,415.871,1.0,703.707,421.949,1.0,710.529,424.708,1.0,708.589,433.693,1.0,713.008,442.048,1.0,584.616,609.888,1.0,589.978,613.856,1.0,599.409,610.106,1.0,597.274,598.002,1.0,598.817,589.133,1.0,755.343,570.971,1.0,750.807,560.213,1.0,747.774,551.77,1.0,741.868,543.61,1.0,734.964,536.612,1.0
385,582.031,501.157,1.0,591.853,494.608,1.0,599.383,497.975,1.0,608.183,490.545,1.0,611.566,481.012,1.0,708.411,324.852,1.0,717.043,326.948,1.0,714.166,333.186,1.0,712.223,341.466,1.0,714.436,346.291,1.0,707.493,414.229,1.0,703.571,421.939,1.0,709.421,424.933,1.0,708.653,433.705,1.0,712.459,442.89,1.0,584.616,609.906,1.0,590.842,612.596,1.0,599.409,608.754,1.0,599.324,596.517,1.0,599.82,589.572,1.0,754.16,572.182,1.0,750.807,562.337,1.0,750.102,553.411,1.0,742.594,544.788,1.0,735.308,537.994,1.0
386,581.784,501.293,1.0,591.837,494.507,1.0,599.027,497.977,1.0,608.062,490.673,1.0,611.595,481.136,1.0,708.411,324.852,1.0,717.038,326.281,1.0,714.112,332.791,1.0,712.223,340.778,1.0,714.36,346.291,1.0,707.026,414.117,1.0,703.463,421.764,1.0,709.26,425.48,1.0,709.796,434.919,1.0,712.206,444.553,1.0,586.628,611.156,1.0,594.974,611.994,1.0,599.081,608.686,1.0,599.324,596.517,1.0,599.943,589.751,1.0,752.901,572.182,1.0,751.267,565.693,1.0,750.326,554.877,1.0,743.102,545.24,1.0,735.663,538.368,1.0
387,581.535,501.293,1.0,591.837,494.507,1.0,599.016,497.977,1.0,607.748,491.189,1.0,611.595,481.59,1.0,708.642,322.85,1.0,716.991,326.281,1.0,714.112,332.791,1.0,711.619,340.778,1.0,714.305,346.365,1.0,707.026,414.116,1.0,703.46,421.487,1.0,709.21,425.543,1.0,710.513,435.504,1.0,712.117,445.093,1.0,586.628,611.562,1.0,594.974,611.98,1.0,599.409,608.686,1.0,599.354,596.849,1.0,600.485,589.792,1.0,748.807,572.182,1.0,751.267,566.331,1.0,750.705,554.877,1.0,743.102,545.248,1.0,735.663,538.523,1.0
388,581.496,501.293,1.0,591.853,494.608,1.0,598.454,497.977,1.0,607.583,491.42,1.0,611.595,482.031,1.0,709.727,322.339,1.0,716.521,326.064,1.0,714.198,332.67,1.0,711.185,340.723,1.0,714.348,346.365,1.0,707.224,414.116,1.0,703.373,421.764,1.0,709.177,425.933,1.0,710.513,435.571,1.0,712.117,445.196,1.0,586.628,612.039,1.0,594.974,611.98,1.0,599.409,608.576,1.0,599.86,596.849,1.0,600.485,590.219,1.0,748.64,571.777,1.0,751.267,566.331,1.0,750.705,554.895,1.0,743.526,545.321,1.0,735.671,538.558,1.0
389,581.476,501.279,1.0,592.272,494.816,1.0,597.57,493.192,1.0,607.583,491.444,1.0,611.033,485.682,1.0,709.969,320.882,1.0,716.231,325.947,1.0,714.311,332.44,1.0,710.047,340.203,1.0,714.348,346.071,1.0,706.915,414.117,1.0,703.37,421.936,1.0,709.177,426.297,1.0,710.568,435.629,1.0,711.769,445.196,1.0,586.023,611.562,1.0,594.511,611.98,1.0,599.081,608.514,1.0,600.315,597.437,1.0,600.485,590.628,1.0,748.64,571.777,1.0,751.267,566.393,1.0,750.752,555.069,1.0,746.355,545.321,1.0,735.671,538.684,1.0
390,581.413,501.279,1.0,592.455,494.917,1.0,596.962,493.188,1.0,607.583,491.568,1.0,610.861,487.101,1.0,710.638,320.531,1.0,716.08,325.054,1.0,715.799,332.125,1.0,709.801,339.792,1.0,714.292,345.875,1.0,706.915,413.477,1.0,703.25,421.659,1.0,709.072,426.387,1.0,710.697,436.148,1.0,711.635,445.093,1.0,584.691,612.039,1.0,594.114,612.27,1.0,597.247,604.48,1.0,600.371,598.017,1.0,598.469,591.515,1.0,748.64,571.625,1.0,751.088,566.393,1.0,750.705,555.069,1.0,743.102,545.532,1.0,735.703,538.558,1.0
391,581.389,501.172,1.0,592.455,494.917,1.0,596.962,492.666,1.0,607.583,492.728,1.0,610.838,487.913,1.0,710.924,320.531,1.0,716.08,324.813,1.0,715.799,332.125,1.0,709.488,339.792,1.0,714.348,345.875,1.0,706.891,413.477,1.0,703.237,421.659,1.0,709.072,427.293,1.0,711.294,437.463,1.0,709.336,442.721,1.0,584.529,612.039,1.0,593.82,612.312,1.0,597.19,604.48,1.0,600.559,598.094,1.0,598.469,591.544,1.0,748.64,571.592,1.0,751.084,566.555,1.0,750.603,555.437,1.0,742.679,546.674,1.0,735.909,538.558,1.0
392,581.389,501.138,1.0,592.272,494.917,1.0,597.57,493.188,1.0,607.583,492.728,1.0,610.402,487.913,1.0,710.924,320.624,1.0,716.019,324.813,1.0,715.799,331.993,1.0,709.488,339.792,1.0,714.375,345.875,1.0,706.71,412.852,1.0,702.452,421.659,1.0,707.549,427.293,1.0,711.437,437.463,1.0,709.336,442.695,1.0,584.347,611.949,1.0,593.48,612.312,1.0,597.19,604.48,1.0,600.679,598.094,1.0,598.469,591.544,1.0,748.64,571.364,1.0,751.088,566.854,1.0,750.497,555.455,1.0,739.105,547.441,1.0,739.194,534.948,1.0
393,581.124,501.106,1.0,590.504,494.312,1.0,599.178,493.188,1.0,607.526,492.728,1.0,610.11,487.913,1.0,710.924,320.624,1.0,716.019,324.813,1.0,715.153,331.993,1.0,709.489,340.89,1.0,714.389,346.64,1.0,706.71,412.249,1.0,702.352,421.542,1.0,707.504,427.293,1.0,711.437,437.463,1.0,709.336,442.502,1.0,584.252,611.949,1.0,593.135,612.312,1.0,597.247,604.827,1.0,600.995,598.062,1.0,598.837,591.515,1.0,748.511,571.592,1.0,751.394,566.854,1.0,750.497,555.714,1.0,739.067,547.59,1.0,739.248,534.861,1.0
394,580.665,499.931,1.0,590.044,493.934,1.0,599.178,492.666,1.0,602.52,489.573,1.0,610.032,487.901,1.0,710.924,321.133,1.0,715.742,324.846,1.0,714.289,332.203,1.0,709.801,343.775,1.0,718.895,347.351,1.0,706.71,412.249,1.0,702.2,421.356,1.0,707.504,427.185,1.0,711.437,436.98,1.0,709.454,442.502,1.0,584.252,612.069,1.0,593.135,612.132,1.0,600.053,608.659,1.0,601.053,598.062,1.0,598.905,591.544,1.0,748.434,571.592,1.0,751.446,566.854,1.0,750.497,555.714,1.0,739.067,547.59,1.0,739.44,534.808,1.0
395,580.307,498.927,1.0,588.219,493.869,1.0,599.178,492.666,1.0,602.52,488.184,1.0,609.489,487.901,1.0,710.98,321.133,1.0,715.537,325.04,1.0,714.076,332.447,1.0,710.113,344.378,1.0,718.895,348.124,1.0,707.017,412.249,1.0,702.196,420.762,1.0,707.468,426.471,1.0,710.869,436.181,1.0,709.477,442.502,1.0,584.252,612.069,1.0,593.135,611.714,1.0,600.102,608.83,1.0,601.053,598.062,1.0,599.068,591.544,1.0,748.434,571.621,1.0,751.583,566.854,1.0,750.679,555.805,1.0,739.105,547.618,1.0,739.547,534.861,1.0
396,580.068,497.125,1.0,588.219,493.609,1.0,598.056,493.006,1.0,602.52,488.184,1.0,609.489,487.901,1.0,711.508,321.133,1.0,715.491,325.11,1.0,713.229,334.459,1.0,710.792,344.817,1.0,719.031,348.124,1.0,707.635,412.388,1.0,702.196,420.226,1.0,707.389,425.398,1.0,708.702,434.037,1.0,712.183,442.484,1.0,584.511,612.22,1.0,593.519,610.902,1.0,600.102,608.83,1.0,600.995,598.062,1.0,599.485,591.673,1.0,748.511,571.727,1.0,751.664,566.625,1.0,750.679,556.037,1.0,739.705,547.832,1.0,739.722,534.861,1.0
397,574.778,493.431,1.0,582.801,491.856,1.0,593.439,493.006,1.0,603.309,488.184,1.0,609.489,488.614,1.0,711.508,317.738,1.0,713.56,325.81,1.0,713.229,334.459,1.0,715.167,344.817,1.0,719.031,348.124,1.0,707.635,412.402,1.0,702.182,419.949,1.0,707.13,425.182,1.0,707.684,433.929,1.0,714.146,442.324,1.0,584.511,612.22,1.0,593.519,610.622,1.0,600.102,608.659,1.0,600.581,598.193,1.0,599.485,591.768,1.0,748.542,572.116,1.0,751.664,566.504,1.0,750.679,556.212,1.0,739.897,548.513,1.0,739.838,535.951,1.0
398,574.111,493.072,1.0,581.512,491.79,1.0,592.89,493.193,1.0,603.444,488.352,1.0,609.82,488.683,1.0,711.695,316.137,1.0,712.37,326.344,1.0,713.229,334.459,1.0,719.022,344.817,1.0,719.319,344.474,1.0,707.635,412.491,1.0,701.959,419.941,1.0,707.106,424.907,1.0,707.498,433.558,1.0,714.189,442.324,1.0,585.253,613.003,1.0,594.148,610.292,1.0,596.348,606.049,1.0,600.385,598.262,1.0,599.904,591.884,1.0,749.382,572.69,1.0,751.719,566.625,1.0,750.78,557.158,1.0,740.015,549.607,1.0,740.082,536.899,1.0
399,574.111,493.072,1.0,581.512,491.79,1.0,592.89,493.193,1.0,603.444,488.352,1.0,609.861,488.683,1.0,711.905,315.904,1.0,712.033,325.81,1.0,713.395,334.041,1.0,719.308,339.196,1.0,725.829,340.292,1.0,707.516,412.511,1.0,701.896,419.918,1.0,706.975,424.783,1.0,707.102,433.275,1.0,715.094,442.189,1.0,585.253,613.097,1.0,594.148,610.006,1.0,595.844,606.049,1.0,600.385,598.927,1.0,600.131,592.327,1.0,750.69,572.848,1.0,752.229,568.197,1.0,750.78,557.516,1.0,740.099,549.693,1.0,740.082,537.418,1.0
400,574.111,493.431,1.0,581.512,491.856,1.0,592.89,493.006,1.0,603.471,488.747,1.0,610.201,488.683,1.0,713.421,315.904,1.0,712.033,326.678,1.0,713.61,333.254,1.0,720.13,335.541,1.0,731.259,330.331,1.0,707.516,412.511,1.0,701.896,419.759,1.0,706.975,424.663,1.0,707.102,433.275,1.0,715.202,442.117,1.0,583.984,613.097,1.0,592.312,610.006,1.0,595.229,605.929,1.0,600.581,598.927,1.0,600.131,592.348,1.0,753.864,577.685,1.0,752.455,568.603,1.0,752.903,560.788,1.0,741.165,550.893,1.0,740.753,538.156,1.0
401,580.866,493.072,1.0,591.456,494.535,1.0,596.75,492.698,1.0,603.471,488.747,1.0,610.344,488.654,1.0,713.516,316.137,1.0,712.37,327.281,1.0,713.61,333.212,1.0,721.726,335.281,1.0,731.79,328.871,1.0,707.516,412.491,1.0,701.959,418.445,1.0,706.921,424.663,1.0,707.077,432.933,1.0,715.202,440.971,1.0,583.723,613.794,1.0,591.869,610.527,1.0,595.229,605.929,1.0,601.113,598.506,1.0,599.968,592.603,1.0,757.053,578.536,1.0,753.094,569.022,1.0,753.61,561.562,1.0,741.651,551.212,1.0,740.833,538.96,1.0
402,581.248,496.619,1.0,592.208,494.535,1.0,598.314,492.698,1.0,607.95,492.11,1.0,610.43,488.305,1.0,713.516,320.989,1.0,712.559,329.9,1.0,713.61,332.669,1.0,721.742,335.243,1.0,731.875,327.736,1.0,708.057,411.882,1.0,702.347,417.504,1.0,706.486,424.783,1.0,706.547,427.21,1.0,715.704,440.099,1.0,580.352,614.03,1.0,589.658,610.527,1.0,594.964,606.049,1.0,601.113,598.738,1.0,600.131,592.613,1.0,760.821,578.954,1.0,754.096,569.657,1.0,754.151,561.922,1.0,741.681,551.212,1.0,740.833,539.017,1.0
403,584.669,498.492,1.0,592.208,494.776,1.0,600.587,492.698,1.0,608.573,492.38,1.0,610.479,486.843,1.0,713.516,320.989,1.0,712.559,329.9,1.0,713.421,332.548,1.0,721.742,335.243,1.0,731.79,327.736,1.0,710.055,406.497,1.0,706.349,413.375,1.0,705.414,426.509,1.0,706.417,426.01,1.0,715.704,440.099,1.0,579.969,615.374,1.0,588.976,610.68,1.0,594.545,605.929,1.0,601.113,598.511,1.0,599.968,592.858,1.0,761.354,578.965,1.0,754.128,569.963,1.0,754.229,562.072,1.0,741.681,551.212,1.0,740.753,539.335,1.0
404,584.881,499.582,1.0,592.779,495.131,1.0,600.587,496.373,1.0,608.573,492.446,1.0,610.695,486.843,1.0,711.965,321.095,1.0,712.559,330.442,1.0,713.476,332.548,1.0,721.742,335.243,1.0,731.79,327.736,1.0,710.179,406.497,1.0,706.456,413.375,1.0,705.414,426.509,1.0,706.417,425.361,1.0,715.811,439.71,1.0,579.832,615.45,1.0,588.772,610.68,1.0,594.364,605.681,1.0,600.826,598.506,1.0,599.968,592.858,1.0,761.571,580.545,1.0,754.377,570.952,1.0,754.267,562.074,1.0,741.651,551.141,1.0,740.634,539.335,1.0
405,587.586,499.583,1.0,594.636,495.287,1.0,600.198,496.373,1.0,608.573,492.38,1.0,611.176,486.825,1.0,711.51,320.989,1.0,712.458,329.9,1.0,713.476,332.548,1.0,720.738,335.243,1.0,728.454,330.453,1.0,710.179,406.474,1.0,706.564,412.864,1.0,705.01,426.923,1.0,706.417,425.345,1.0,715.811,439.962,1.0,579.832,615.374,1.0,588.566,610.527,1.0,594.545,605.399,1.0,600.738,598.506,1.0,599.271,592.858,1.0,761.571,580.545,1.0,754.416,570.952,1.0,754.497,562.074,1.0,741.567,551.113,1.0,740.634,539.331,1.0
406,587.586,509.634,1.0,594.636,496.977,1.0,600.198,496.373,1.0,608.519,492.38,1.0,612.136,486.825,1.0,711.305,319.825,1.0,712.458,328.76,1.0,713.858,333.786,1.0,719.234,336.828,1.0,727.835,336.484,1.0,710.055,406.497,1.0,706.456,412.864,1.0,705.414,426.509,1.0,706.633,424.432,1.0,716.115,439.711,1.0,579.832,615.374,1.0,588.772,610.68,1.0,594.545,605.399,1.0,600.06,597.961,1.0,600.251,592.954,1.0,761.377,580.545,1.0,754.377,570.952,1.0,754.497,562.303,1.0,741.565,551.113,1.0,740.607,539.331,1.0
407,585.697,510.444,1.0,591.646,499.756,1.0,598.541,490.216,1.0,605.728,492.138,1.0,612.136,487.012,1.0,711.51,318.512,1.0,712.458,326.586,1.0,714.019,334.122,1.0,718.134,341.398,1.0,725.354,345.293,1.0,709.317,406.497,1.0,706.456,412.343,1.0,705.01,426.923,1.0,706.794,424.432,1.0,716.308,439.962,1.0,579.832,614.587,1.0,588.772,610.68,1.0,594.956,605.321,1.0,600.06,597.82,1.0,600.251,592.954,1.0,761.377,580.684,1.0,754.416,571.003,1.0,754.502,562.37,1.0,741.565,551.141,1.0,740.634,539.409,1.0
408,585.697,510.444,1.0,591.646,499.756,1.0,597.094,490.216,1.0,602.884,488.047,1.0,612.136,487.176,1.0,711.965,317.864,1.0,712.765,326.586,1.0,714.019,334.214,1.0,716.933,343.865,1.0,721.165,345.773,1.0,709.08,406.319,1.0,706.844,412.003,1.0,705.561,426.429,1.0,706.794,424.432,1.0,716.394,439.962,1.0,581.484,611.194,1.0,590.414,610.418,1.0,596.371,605.321,1.0,599.638,597.627,1.0,600.766,592.804,1.0,761.377,580.702,1.0,754.655,571.003,1.0,754.509,562.37,1.0,741.567,551.304,1.0,740.641,539.41,1.0
409,581.922,510.444,1.0,587.872,499.756,1.0,597.094,490.216,1.0,602.884,488.047,1.0,611.523,487.012,1.0,712.871,317.769,1.0,712.765,325.683,1.0,714.019,335.276,1.0,716.973,349.458,1.0,720.097,349.25,1.0,709.08,406.196,1.0,707.251,411.81,1.0,705.561,426.429,1.0,706.701,424.432,1.0,716.418,440.168,1.0,584.398,610.943,1.0,594.224,610.233,1.0,596.371,604.706,1.0,599.589,597.073,1.0,601.201,592.478,1.0,761.377,580.738,1.0,754.655,571.061,1.0,754.497,563.051,1.0,747.181,551.92,1.0,741.544,541.596,1.0
410,581.922,502.339,1.0,587.872,499.23,1.0,597.094,490.39,1.0,605.728,491.952,1.0,611.324,487.316,1.0,712.879,317.769,1.0,712.765,325.64,1.0,713.467,335.276,1.0,716.973,349.458,1.0,715.915,350.113,1.0,709.047,406.196,1.0,707.333,411.846,1.0,706.065,420.359,1.0,706.794,424.574,1.0,716.418,440.52,1.0,585.827,606.699,1.0,594.224,609.996,1.0,596.371,605.321,1.0,599.589,597.073,1.0,601.201,591.383,1.0,761.449,580.738,1.0,755.118,571.967,1.0,754.509,563.42,1.0,747.836,552.573,1.0,746.147,543.743,1.0
411,581.922,498.743,1.0,587.872,497.75,1.0,597.254,491.674,1.0,608.578,492.138,1.0,611.324,487.359,1.0,712.879,317.769,1.0,711.757,325.901,1.0,713.107,335.276,1.0,716.973,349.458,1.0,715.915,350.113,1.0,708.603,405.899,1.0,707.333,411.846,1.0,706.065,419.746,1.0,706.794,424.79,1.0,716.537,440.52,1.0,588.631,605.455,1.0,594.224,607.681,1.0,593.705,606.427,1.0,597.991,597.073,1.0,601.201,591.383,1.0,761.449,580.738,1.0,755.186,571.967,1.0,754.522,563.702,1.0,748.007,552.904,1.0,746.164,544.112,1.0
412,581.974,491.718,1.0,591.373,494.45,1.0,598.688,492.532,1.0,608.578,491.952,1.0,611.324,488.278,1.0,712.879,316.759,1.0,711.757,325.901,1.0,713.107,334.747,1.0,716.933,348.241,1.0,719.694,350.113,1.0,708.603,406.196,1.0,707.333,411.846,1.0,706.219,419.746,1.0,706.996,425.092,1.0,716.639,440.168,1.0,589.748,598.188,1.0,592.464,607.681,1.0,592.967,606.427,1.0,597.991,597.43,1.0,599.33,591.383,1.0,761.449,580.592,1.0,755.264,571.967,1.0,754.697,563.782,1.0,748.007,552.94,1.0,746.164,544.139,1.0
413,587.677,491.038,1.0,591.984,493.299,1.0,598.688,492.676,1.0,608.578,491.952,1.0,611.324,488.531,1.0,712.879,316.759,1.0,711.757,325.901,1.0,713.107,334.747,1.0,716.973,348.101,1.0,719.694,350.181,1.0,708.059,407.098,1.0,707.361,411.846,1.0,706.219,419.746,1.0,707.174,425.076,1.0,716.748,439.516,1.0,590.081,596.833,1.0,592.091,607.675,1.0,592.967,606.154,1.0,597.927,597.472,1.0,598.846,591.432,1.0,761.448,580.559,1.0,755.29,571.926,1.0,754.697,563.702,1.0,748.007,552.94,1.0,746.164,544.112,1.0
414,598.531,481.953,1.0,593.243,489.741,1.0,597.254,492.801,1.0,602.086,489.969,1.0,611.206,489.339,1.0,712.879,316.759,1.0,712.102,326.663,1.0,713.763,334.747,1.0,718.296,346.283,1.0,721.057,350.181,1.0,707.948,407.098,1.0,706.829,411.846,1.0,706.219,420.983,1.0,707.197,425.076,1.0,716.748,439.245,1.0,590.081,596.769,1.0,592.091,607.675,1.0,592.967,606.154,1.0,597.727,597.521,1.0,598.763,591.432,1.0,760.845,580.559,1.0,755.186,571.926,1.0,754.697,563.702,1.0,747.319,553.137,1.0,745.967,544.112,1.0
415,600.343,477.008,1.0,593.602,489.741,1.0,594.9,492.991,1.0,599.289,489.124,1.0,611.003,489.369,1.0,712.843,319.137,1.0,713.885,328.957,1.0,713.763,335.907,1.0,716.072,345.94,1.0,721.057,351.297,1.0,706.207,405.899,1.0,706.51,410.579,1.0,706.33,424.968,1.0,707.197,425.076,1.0,716.87,439.245,1.0,590.081,596.769,1.0,592.209,607.495,1.0,593.218,606.009,1.0,597.723,597.521,1.0,598.539,591.432,1.0,760.478,580.559,1.0,755.29,571.926,1.0,754.177,563.954,1.0,747.036,553.576,1.0,745.967,544.566,1.0
416,600.343,476.954,1.0,596.652,487.336,1.0,594.9,493.227,1.0,599.177,489.124,1.0,610.998,489.561,1.0,712.843,321.323,1.0,715.163,328.957,1.0,713.763,335.907,1.0,716.072,343.039,1.0,721.057,351.297,1.0,705.75,404.087,1.0,706.311,410.422,1.0,706.292,424.968,1.0,707.174,425.373,1.0,717.07,439.247,1.0,590.029,596.769,1.0,592.209,607.487,1.0,593.218,606.009,1.0,597.723,597.521,1.0,598.376,591.566,1.0,760.351,585.852,1.0,755.692,573.68,1.0,749.75,566.334,1.0,746.959,553.866,1.0,745.967,544.998,1.0
417,600.343,476.291,1.0,596.796,487.29,1.0,594.9,493.421,1.0,599.177,489.124,1.0,610.977,489.561,1.0,713.014,321.323,1.0,715.163,328.957,1.0,712.875,337.347,1.0,711.152,341.284,1.0,715.302,351.297,1.0,705.719,403.931,1.0,706.311,409.965,1.0,706.204,424.968,1.0,706.489,425.133,1.0,717.197,439.247,1.0,589.719,596.769,1.0,592.209,607.487,1.0,593.218,606.009,1.0,597.723,597.529,1.0,596.309,591.566,1.0,759.664,589.936,1.0,755.876,579.099,1.0,749.571,568.038,1.0,745.609,554.394,1.0,746.05,545.634,1.0
418,600.304,476.263,1.0,596.796,487.29,1.0,594.903,493.227,1.0,599.177,489.297,1.0,610.9,489.561,1.0,711.115,324.559,1.0,715.217,328.786,1.0,710.999,337.347,1.0,710.272,340.097,1.0,702.241,343.617,1.0,705.75,403.561,1.0,706.261,409.497,1.0,706.064,424.811,1.0,706.468,425.373,1.0,717.43,439.364,1.0,589.209,596.658,1.0,592.209,607.487,1.0,592.962,606.67,1.0,601.829,602.372,1.0,596.067,591.566,1.0,757.358,590.87,1.0,755.692,579.242,1.0,749.554,569.258,1.0,745.305,554.399,1.0,746.232,545.672,1.0
419,600.304,476.263,1.0,595.014,488.393,1.0,595.414,493.13,1.0,599.721,489.67,1.0,610.639,489.561,1.0,711.115,324.559,1.0,716.189,324.556,1.0,710.999,337.54,1.0,697.22,333.146,1.0,693.123,328.508,1.0,705.719,402.257,1.0,705.947,409.484,1.0,706.064,424.728,1.0,706.184,425.446,1.0,717.585,439.544,1.0,589.209,594.816,1.0,592.161,607.472,1.0,591.789,608.636,1.0,601.829,602.636,1.0,594.062,592.848,1.0,756.592,590.871,1.0,755.811,579.997,1.0,749.571,570.202,1.0,745.305,554.663,1.0,746.232,545.894,1.0
420,600.304,476.291,1.0,596.314,487.869,1.0,595.414,493.13,1.0,600.025,489.672,1.0,610.017,489.561,1.0,711.116,324.169,1.0,715.856,324.442,1.0,710.999,337.54,1.0,697.196,327.564,1.0,692.235,326.824,1.0,700.548,402.061,1.0,705.947,409.444,1.0,706.064,424.713,1.0,706.017,425.446,1.0,717.641,439.544,1.0,589.623,592.265,1.0,591.523,605.661,1.0,591.789,608.636,1.0,601.829,604.156,1.0,594.062,593.025,1.0,756.567,591.151,1.0,755.876,580.203,1.0,749.571,570.354,1.0,745.305,554.868,1.0,746.232,545.938,1.0
421,601.037,483.834,1.0,596.314,487.869,1.0,596.377,493.13,1.0,600.294,490.157,1.0,609.028,490.149,1.0,711.313,324.098,1.0,715.856,324.155,1.0,711.696,337.798,1.0,696.897,327.564,1.0,692.235,326.824,1.0,700.548,402.061,1.0,705.947,409.036,1.0,705.829,424.728,1.0,706.017,425.199,1.0,717.732,439.364,1.0,589.719,592.011,1.0,591.523,604.948,1.0,591.774,608.636,1.0,601.801,604.156,1.0,594.062,593.193,1.0,756.534,591.333,1.0,755.972,580.699,1.0,749.585,570.621,1.0,746.374,556.139,1.0,746.392,546.324,1.0
422,601.037,483.87,1.0,596.314,487.869,1.0,596.785,493.13,1.0,600.337,490.362,1.0,608.009,490.175,1.0,711.313,324.098,1.0,715.856,324.155,1.0,711.738,337.798,1.0,696.897,327.564,1.0,692.347,326.824,1.0,701.421,401.156,1.0,705.897,409.035,1.0,705.576,424.713,1.0,706.001,425.199,1.0,718.128,439.284,1.0,589.623,592.011,1.0,591.523,604.948,1.0,591.752,608.089,1.0,601.801,604.156,1.0,593.819,593.193,1.0,756.126,592.005,1.0,755.972,580.947,1.0,750.114,570.684,1.0,746.521,558.246,1.0,746.51,548.801,1.0
423,601.037,483.87,1.0,596.393,487.869,1.0,597.75,496.936,1.0,600.671,490.651,1.0,607.984,490.175,1.0,711.953,324.098,1.0,715.856,324.155,1.0,711.738,337.798,1.0,697.196,328.862,1.0,692.347,328.961,1.0,701.421,401.156,1.0,705.472,408.981,1.0,705.71,424.607,1.0,706.001,425.168,1.0,718.762,439.069,1.0,589.836,592.265,1.0,591.985,604.943,1.0,591.774,607.933,1.0,601.801,604.156,1.0,593.819,593.193,1.0,756.12,592.7,1.0,756.33,580.947,1.0,751.251,571.027,1.0,749.331,560.268,1.0,748.079,552.165,1.0
424,601.037,483.834,1.0,596.465,487.716,1.0,599.328,497.719,1.0,601.37,490.744,1.0,607.888,490.219,1.0,712.31,324.098,1.0,715.856,324.155,1.0,711.738,337.798,1.0,697.196,328.862,1.0,692.687,328.961,1.0,701.548,400.46,1.0,704.963,408.775,1.0,705.71,424.444,1.0,706.26,425.153,1.0,718.766,439.069,1.0,590.641,592.265,1.0,592.116,604.701,1.0,591.848,607.933,1.0,601.813,604.156,1.0,592.668,593.129,1.0,756.016,592.858,1.0,756.541,580.908,1.0,751.285,571.027,1.0,749.426,560.537,1.0,748.815,552.497,1.0
425,601.037,483.626,1.0,596.606,487.619,1.0,599.328,497.719,1.0,601.37,490.651,1.0,607.164,490.219,1.0,712.674,324.048,1.0,715.745,324.418,1.0,711.246,332.546,1.0,697.694,329.168,1.0,693.352,329.002,1.0,702.771,395.384,1.0,704.874,405.048,1.0,705.662,421.345,1.0,713.115,424.429,1.0,718.842,439.134,1.0,593.885,592.17,1.0,592.446,604.345,1.0,592.453,607.933,1.0,601.813,604.678,1.0,591.505,593.23,1.0,755.953,592.858,1.0,756.995,580.947,1.0,751.413,571.245,1.0,749.55,560.581,1.0,748.915,552.511,1.0
426,601.509,482.478,1.0,596.788,487.474,1.0,599.647,497.719,1.0,601.688,490.651,1.0,606.98,490.3,1.0,713.028,323.831,1.0,715.466,324.418,1.0,711.246,332.498,1.0,697.694,329.885,1.0,694.21,329.002,1.0,705.389,395.36,1.0,704.874,405.048,1.0,705.483,421.208,1.0,713.258,424.369,1.0,718.869,439.276,1.0,595.66,592.17,1.0,593.246,602.878,1.0,592.453,607.907,1.0,601.813,604.692,1.0,591.505,593.21,1.0,755.953,592.858,1.0,756.995,580.947,1.0,751.413,571.379,1.0,749.852,560.8,1.0,749.085,552.576,1.0
427,601.509,481.064,1.0,596.788,486.1,1.0,599.871,496.761,1.0,601.688,490.633,1.0,606.885,490.904,1.0,713.03,323.374,1.0,715.61,324.418,1.0,711.246,332.443,1.0,697.972,329.885,1.0,695.003,329.002,1.0,705.389,395.36,1.0,704.933,405.046,1.0,705.465,420.997,1.0,713.382,424.369,1.0,719.017,439.18,1.0,596.719,590.274,1.0,593.787,602.303,1.0,592.882,607.907,1.0,600.434,604.986,1.0,590.804,593.581,1.0,755.953,592.534,1.0,756.995,581.714,1.0,751.413,571.993,1.0,750.134,561.166,1.0,749.085,552.576,1.0
428,601.509,480.127,1.0,596.657,485.789,1.0,599.853,493.716,1.0,601.688,489.744,1.0,606.762,491.242,1.0,713.03,323.374,1.0,715.607,324.631,1.0,711.495,332.443,1.0,697.972,330.158,1.0,695.062,329.284,1.0,705.389,395.384,1.0,704.933,405.048,1.0,705.371,420.955,1.0,713.382,424.296,1.0,719.451,439.18,1.0,596.719,590.182,1.0,594.156,601.411,1.0,592.453,607.907,1.0,599.557,605.104,1.0,591.44,593.7,1.0,755.953,589.813,1.0,756.995,581.714,1.0,751.382,572.844,1.0,750.134,561.701,1.0,749.085,552.576,1.0
429,601.406,480.08,1.0,597.13,485.66,1.0,599.853,493.255,1.0,601.703,489.699,1.0,606.551,491.242,1.0,713.028,323.374,1.0,715.607,324.631,1.0,711.495,332.443,1.0,697.972,330.158,1.0,695.062,329.284,1.0,705.456,401.121,1.0,705.06,405.014,1.0,705.359,420.955,1.0,713.382,424.296,1.0,719.451,439.18,1.0,596.719,589.551,1.0,594.582,601.411,1.0,592.317,607.711,1.0,599.529,605.104,1.0,591.505,593.894,1.0,756.438,589.813,1.0,757.333,583.266,1.0,751.382,573.599,1.0,750.134,561.751,1.0,747.246,551.861,1.0
430,601.406,480.001,1.0,597.13,485.422,1.0,599.871,493.172,1.0,602.014,489.69,1.0,606.762,490.904,1.0,712.768,324.057,1.0,715.61,324.631,1.0,711.495,332.201,1.0,697.978,330.158,1.0,695.003,329.284,1.0,705.638,402.242,1.0,705.622,404.35,1.0,705.26,420.764,1.0,713.249,424.617,1.0,719.451,438.525,1.0,596.347,589.149,1.0,594.903,601.411,1.0,592.317,607.711,1.0,599.447,605.104,1.0,591.44,594.165,1.0,759.678,589.813,1.0,757.333,584.048,1.0,750.836,573.67,1.0,750.154,562.236,1.0,746.876,551.57,1.0
431,601.406,479.626,1.0,597.13,485.422,1.0,599.871,493.032,1.0,602.014,489.69,1.0,606.762,491.242,1.0,712.647,324.597,1.0,715.656,324.701,1.0,711.307,332.201,1.0,697.978,328.991,1.0,695.156,328.636,1.0,705.665,402.242,1.0,705.622,404.35,1.0,705.26,420.753,1.0,713.246,424.657,1.0,719.574,438.411,1.0,596.141,588.657,1.0,595.015,601.458,1.0,592.603,607.541,1.0,599.529,605.104,1.0,591.39,594.165,1.0,760.885,593.854,1.0,757.393,584.174,1.0,750.836,576.305,1.0,750.154,562.241,1.0,746.602,551.327,1.0
432,601.931,477.784,1.0,597.558,484.106,1.0,599.853,492.646,1.0,602.014,489.744,1.0,606.937,491.216,1.0,712.311,324.602,1.0,715.707,324.728,1.0,711.089,332.201,1.0,697.978,328.991,1.0,695.273,327.295,1.0,705.931,402.406,1.0,705.7,404.35,1.0,705.359,420.021,1.0,713.056,424.894,1.0,719.579,438.26,1.0,595.932,588.539,1.0,595.015,601.458,1.0,592.603,607.541,1.0,599.557,605.083,1.0,591.44,593.894,1.0,761.425,594.151,1.0,758.392,584.174,1.0,751.382,576.783,1.0,750.117,563.264,1.0,746.602,551.327,1.0
433,604.9,469.295,1.0,597.85,478.018,1.0,598.887,491.759,1.0,599.442,489.956,1.0,607.58,491.216,1.0,711.941,325.858,1.0,715.888,324.728,1.0,711.089,339.298,1.0,697.978,328.991,1.0,696.205,326.404,1.0,707.064,402.406,1.0,705.799,404.082,1.0,705.409,420.021,1.0,713.056,425.025,1.0,719.916,438.207,1.0,595.987,588.116,1.0,595.348,601.458,1.0,592.669,607.221,1.0,599.529,605.083,1.0,591.39,593.894,1.0,761.425,594.151,1.0,758.467,584.424,1.0,751.68,577.014,1.0,750.159,563.607,1.0,746.602,551.327,1.0
434,605.406,469.156,1.0,598.317,477.957,1.0,597.807,491.595,1.0,598.403,490.036,1.0,608.139,491.964,1.0,711.941,325.858,1.0,715.707,324.72,1.0,711.089,339.298,1.0,697.978,328.991,1.0,696.205,325.83,1.0,707.064,402.406,1.0,706.127,403.526,1.0,705.671,420.012,1.0,712.963,425.177,1.0,719.916,437.251,1.0,595.987,588.116,1.0,595.534,600.63,1.0,592.693,606.705,1.0,599.495,605.502,1.0,591.375,594.165,1.0,761.505,594.328,1.0,758.467,584.556,1.0,751.68,577.202,1.0,750.185,564.414,1.0,746.885,551.975,1.0
435,605.713,469.014,1.0,598.586,477.633,1.0,597.784,489.824,1.0,598.319,490.193,1.0,608.547,494.908,1.0,711.941,325.858,1.0,715.656,324.72,1.0,711.111,339.298,1.0,697.978,328.991,1.0,696.205,325.803,1.0,707.064,402.597,1.0,706.127,403.428,1.0,707.072,419.344,1.0,711.742,425.177,1.0,719.916,435.529,1.0,596.141,588.116,1.0,596.432,600.63,1.0,593.049,606.705,1.0,599.495,605.734,1.0,590.458,593.859,1.0,761.505,594.328,1.0,758.454,584.989,1.0,751.943,578.111,1.0,750.786,568.156,1.0,747.242,554.702,1.0
436,605.911,467.62,1.0,598.586,476.415,1.0,597.478,489.824,1.0,597.752,490.193,1.0,608.891,494.908,1.0,713.322,319.157,1.0,715.707,324.044,1.0,711.111,339.298,1.0,697.982,329.195,1.0,695.391,325.723,1.0,707.064,402.597,1.0,706.127,403.428,1.0,707.394,418.963,1.0,710.965,425.217,1.0,717.784,435.445,1.0,597.02,587.864,1.0,597.516,600.508,1.0,593.049,606.589,1.0,598.201,606.097,1.0,589.127,594.317,1.0,761.709,594.863,1.0,758.454,586.869,1.0,752.523,579.437,1.0,750.851,568.619,1.0,748.91,557.377,1.0
437,605.911,467.442,1.0,598.586,476.359,1.0,597.478,489.541,1.0,597.752,490.168,1.0,609.228,495.675,1.0,713.492,318.036,1.0,715.888,324.044,1.0,711.63,339.499,1.0,698.039,329.405,1.0,695.391,325.581,1.0,707.014,401.962,1.0,706.074,403.428,1.0,707.395,418.945,1.0,710.711,425.217,1.0,717.498,435.339,1.0,597.024,588.798,1.0,597.991,600.508,1.0,593.698,606.589,1.0,597.507,606.295,1.0,588.086,594.752,1.0,761.805,594.882,1.0,758.416,587.361,1.0,752.523,580.063,1.0,751.299,568.925,1.0,751.587,557.505,1.0
438,605.911,467.333,1.0,598.393,476.255,1.0,597.345,489.251,1.0,597.676,490.168,1.0,609.228,495.726,1.0,714.319,316.865,1.0,715.976,324.044,1.0,711.63,340.289,1.0,701.44,331.821,1.0,695.391,325.546,1.0,706.949,401.962,1.0,705.154,404.093,1.0,707.395,418.57,1.0,710.711,425.104,1.0,716.872,435.339,1.0,599.131,588.833,1.0,598.902,601.005,1.0,598.896,607.683,1.0,595.571,606.295,1.0,586.539,594.752,1.0,761.805,595.005,1.0,758.145,587.427,1.0,752.645,580.08,1.0,750.851,568.925,1.0,751.587,558.087,1.0
439,605.911,467.247,1.0,598.177,476.255,1.0,597.478,489.251,1.0,597.752,490.08,1.0,609.438,495.726,1.0,714.259,316.72,1.0,716.031,324.184,1.0,711.608,340.365,1.0,702.255,332.101,1.0,695.817,325.362,1.0,707.014,401.328,1.0,704.14,410.787,1.0,707.394,417.974,1.0,710.568,424.509,1.0,716.872,435.339,1.0,599.167,588.833,1.0,599.578,601.005,1.0,598.923,607.683,1.0,595.571,606.097,1.0,586.539,593.859,1.0,761.709,595.005,1.0,757.948,587.462,1.0,752.523,580.08,1.0,750.786,569.176,1.0,751.641,558.087,1.0
440,605.707,467.247,1.0,598.177,476.255,1.0,597.487,489.162,1.0,597.795,489.627,1.0,609.438,495.726,1.0,713.492,316.72,1.0,716.174,324.385,1.0,711.425,340.365,1.0,702.593,332.114,1.0,697.081,325.362,1.0,707.037,401.286,1.0,703.627,410.787,1.0,707.215,417.516,1.0,710.568,423.943,1.0,716.872,435.221,1.0,599.455,588.544,1.0,599.578,600.375,1.0,598.923,607.477,1.0,595.571,605.411,1.0,587.125,593.56,1.0,761.559,595.005,1.0,757.948,587.709,1.0,752.645,580.482,1.0,750.798,570.155,1.0,751.748,558.59,1.0
441,605.707,466.915,1.0,598.177,476.255,1.0,598.079,489.541,1.0,597.883,488.887,1.0,609.465,495.836,1.0,713.492,316.653,1.0,716.174,325.164,1.0,711.523,340.365,1.0,703.47,332.762,1.0,698.485,325.387,1.0,707.037,401.286,1.0,703.466,411.013,1.0,707.215,416.719,1.0,710.785,423.908,1.0,716.885,435.116,1.0,600.357,588.968,1.0,600.82,600.367,1.0,598.923,607.477,1.0,594.162,605.257,1.0,587.125,593.121,1.0,761.559,595.752,1.0,757.948,588.355,1.0,752.645,581.228,1.0,750.729,570.496,1.0,751.668,558.857,1.0
442,606.293,466.666,1.0,598.499,475.614,1.0,601.139,488.453,1.0,597.883,488.887,1.0,609.465,495.595,1.0,714.259,316.653,1.0,716.174,325.983,1.0,711.523,340.028,1.0,705.367,332.802,1.0,700.36,325.387,1.0,707.051,401.174,1.0,703.45,410.787,1.0,707.215,416.616,1.0,711.058,423.908,1.0,717.278,434.96,1.0,601.674,588.544,1.0,600.955,599.365,1.0,598.702,607.477,1.0,593.948,605.257,1.0,587.125,592.998,1.0,761.003,595.752,1.0,760.297,588.382,1.0,752.698,581.331,1.0,750.576,570.764,1.0,751.641,558.922,1.0
443,606.293,466.612,1.0,598.658,475.463,1.0,602.459,487.187,1.0,597.883,488.887,1.0,609.465,495.595,1.0,714.259,316.653,1.0,716.285,325.983,1.0,711.608,339.882,1.0,706.261,333.217,1.0,701.227,325.485,1.0,707.094,397.5,1.0,703.45,410.471,1.0,707.025,416.284,1.0,711.108,423.757,1.0,717.672,434.856,1.0,601.674,588.43,1.0,600.955,599.312,1.0,598.702,607.477,1.0,593.592,605.221,1.0,587.125,592.328,1.0,761.003,604.775,1.0,760.56,595.477,1.0,754.402,583.855,1.0,750.728,572.136,1.0,751.641,560.748,1.0
444,605.644,465.557,1.0,599.155,475.463,1.0,602.642,485.979,1.0,597.42,489.088,1.0,607.716,496.674,1.0,713.917,316.653,1.0,716.312,326.626,1.0,711.987,339.137,1.0,706.598,334.229,1.0,701.227,327.009,1.0,707.094,397.5,1.0,703.45,410.464,1.0,706.716,416.021,1.0,711.108,423.525,1.0,718.249,434.657,1.0,601.674,588.43,1.0,601.189,599.249,1.0,598.702,607.693,1.0,592.781,605.21,1.0,586.496,592.27,1.0,761.007,605.402,1.0,760.902,596.436,1.0,755.763,584.908,1.0,750.728,572.136,1.0,751.446,560.748,1.0
445,605.644,465.557,1.0,599.518,475.362,1.0,602.642,483.82,1.0,596.395,490.222,1.0,605.242,497.077,1.0,713.917,316.337,1.0,717.461,326.738,1.0,713.913,338.77,1.0,710.074,335.202,1.0,701.227,329.06,1.0,707.094,397.5,1.0,703.45,408.055,1.0,705.688,415.9,1.0,711.115,423.121,1.0,718.268,434.655,1.0,601.505,588.43,1.0,601.189,599.249,1.0,598.702,607.693,1.0,592.781,605.21,1.0,586.496,592.328,1.0,761.646,606.063,1.0,760.902,597.1,1.0,755.763,585.06,1.0,750.481,572.142,1.0,751.288,560.796,1.0
446,605.315,465.543,1.0,600.064,475.362,1.0,602.642,481.908,1.0,595.687,490.782,1.0,604.114,498.052,1.0,713.917,314.325,1.0,717.461,327.095,1.0,714.181,337.813,1.0,711.734,336.879,1.0,700.332,332.42,1.0,706.826,397.783,1.0,703.45,408.009,1.0,705.688,415.9,1.0,711.115,423.002,1.0,718.268,434.595,1.0,601.448,588.43,1.0,601.189,599.249,1.0,598.702,607.693,1.0,592.781,604.34,1.0,586.496,592.328,1.0,761.645,606.114,1.0,760.902,597.144,1.0,755.763,585.064,1.0,750.48,572.187,1.0,751.154,560.923,1.0
447,605.262,465.557,1.0,600.064,472.84,1.0,601.949,481.908,1.0,594.725,490.782,1.0,604.114,498.052,1.0,713.705,313.112,1.0,717.461,327.76,1.0,714.546,337.109,1.0,712.537,338.288,1.0,700.332,334.836,1.0,706.693,397.783,1.0,703.474,407.721,1.0,705.688,415.9,1.0,711.115,422.971,1.0,718.268,434.595,1.0,595.285,588.43,1.0,594.091,599.646,1.0,594.74,605.349,1.0,598.247,604.169,1.0,595.791,593.584,1.0,761.645,606.204,1.0,760.777,597.144,1.0,755.763,585.122,1.0,750.48,572.223,1.0,751.017,561.327,1.0
448,605.262,465.557,1.0,599.731,472.454,1.0,601.799,481.908,1.0,594.695,490.782,1.0,603.986,498.052,1.0,713.088,313.112,1.0,717.317,327.76,1.0,714.994,336.407,1.0,715.442,341.036,1.0,700.332,336.926,1.0,706.479,397.783,1.0,703.474,407.721,1.0,705.688,415.9,1.0,711.32,422.947,1.0,718.342,434.655,1.0,593.706,591.996,1.0,594.091,600.76,1.0,594.01,605.349,1.0,598.806,603.287,1.0,602.314,597.924,1.0,761.007,607.203,1.0,760.74,597.1,1.0,755.763,585.341,1.0,750.48,575.166,1.0,749.715,566.588,1.0
449,605.262,465.543,1.0,599.731,472.907,1.0,601.77,482.415,1.0,594.621,490.354,1.0,603.986,497.266,1.0,713.088,312.358,1.0,717.317,327.358,1.0,715.331,336.203,1.0,715.514,341.983,1.0,701.965,337.977,1.0,706.142,397.738,1.0,703.435,407.721,1.0,705.688,415.9,1.0,711.32,422.744,1.0,718.342,434.713,1.0,593.356,592.128,1.0,594.091,602.299,1.0,593.83,605.349,1.0,598.867,602.032,1.0,603.134,599.325,1.0,760.668,608.149,1.0,760.74,596.645,1.0,755.883,585.461,1.0,755.16,577.286,1.0,749.07,571.545,1.0
450,605.262,465.543,1.0,599.731,472.907,1.0,601.634,482.55,1.0,594.618,490.282,1.0,604.161,497.018,1.0,712.374,312.358,1.0,717.317,327.095,1.0,715.331,335.747,1.0,716.913,341.983,1.0,701.965,337.977,1.0,705.977,397.593,1.0,703.474,407.632,1.0,705.567,415.841,1.0,711.32,422.744,1.0,718.454,434.713,1.0,592.038,593.591,1.0,594.268,602.013,1.0,593.83,605.432,1.0,599.165,602.032,1.0,604.852,600.281,1.0,760.495,608.606,1.0,760.777,596.619,1.0,756.081,585.922,1.0,755.559,578.883,1.0,748.852,572.719,1.0
451,605.806,465.704,1.0,599.731,472.907,1.0,601.514,482.784,1.0,594.695,490.024,1.0,604.164,497.018,1.0,711.186,322.787,1.0,716.557,327.358,1.0,714.994,335.756,1.0,716.913,341.983,1.0,703.519,337.977,1.0,705.513,397.593,1.0,703.498,407.557,1.0,705.371,415.832,1.0,711.24,422.625,1.0,718.454,434.713,1.0,591.995,593.591,1.0,594.268,602.013,1.0,593.83,605.432,1.0,599.165,602.032,1.0,605.916,600.544,1.0,760.463,608.691,1.0,760.867,596.53,1.0,756.218,585.922,1.0,755.647,578.883,1.0,749.07,572.719,1.0
452,612.536,467.715,1.0,603.056,472.907,1.0,600.678,482.784,1.0,594.695,488.111,1.0,604.161,496.954,1.0,710.166,322.787,1.0,716.471,327.358,1.0,714.358,335.742,1.0,716.913,339.986,1.0,703.519,333.143,1.0,705.458,397.553,1.0,703.71,406.803,1.0,705.301,415.432,1.0,711.095,422.485,1.0,718.374,434.645,1.0,591.995,593.591,1.0,594.602,602.013,1.0,594.256,605.432,1.0,599.201,602.941,1.0,605.916,600.544,1.0,760.463,608.691,1.0,760.916,596.53,1.0,756.319,586.011,1.0,755.656,579.127,1.0,749.07,572.785,1.0
453,613.122,472.796,1.0,607.319,472.907,1.0,595.297,482.55,1.0,594.755,487.073,1.0,604.161,496.954,1.0,709.545,319.796,1.0,709.809,326.883,1.0,714.358,335.378,1.0,710.983,337.812,1.0,702.782,333.143,1.0,705.458,396.377,1.0,703.71,406.77,1.0,704.839,415.432,1.0,711.046,422.443,1.0,718.301,434.594,1.0,592.038,593.498,1.0,594.649,601.783,1.0,594.649,604.886,1.0,599.274,602.941,1.0,605.916,600.544,1.0,760.463,608.606,1.0,760.916,596.619,1.0,756.353,586.237,1.0,755.656,579.127,1.0,749.07,572.719,1.0
454,614.796,479.489,1.0,609.729,472.843,1.0,595.297,478.981,1.0,594.755,485.75,1.0,604.161,496.954,1.0,709.545,319.796,1.0,709.809,326.852,1.0,714.358,334.951,1.0,707.248,337.812,1.0,701.662,333.143,1.0,705.458,394.941,1.0,703.71,406.006,1.0,704.636,415.219,1.0,711.046,422.419,1.0,717.972,434.532,1.0,592.038,593.474,1.0,594.649,601.697,1.0,594.776,604.822,1.0,599.274,603.059,1.0,605.856,600.544,1.0,760.495,606.76,1.0,760.867,596.359,1.0,756.474,586.535,1.0,755.656,579.541,1.0,748.852,572.719,1.0
455,617.726,481.568,1.0,610.054,472.667,1.0,595.297,478.846,1.0,594.976,485.505,1.0,604.226,496.954,1.0,709.545,317.762,1.0,709.809,323.811,1.0,714.403,333.361,1.0,704.02,337.812,1.0,701.662,338.049,1.0,706.458,393.861,1.0,703.515,405.666,1.0,704.18,415.203,1.0,711.11,422.31,1.0,717.97,434.392,1.0,592.07,593.44,1.0,594.602,601.697,1.0,594.776,604.709,1.0,599.323,603.059,1.0,605.651,600.434,1.0,761.284,606.76,1.0,760.583,596.359,1.0,756.486,586.592,1.0,755.919,579.573,1.0,749.209,572.342,1.0
456,619.193,481.711,1.0,610.663,472.453,1.0,595.297,478.382,1.0,594.755,485.298,1.0,604.083,496.841,1.0,711.653,315.56,1.0,715.21,323.508,1.0,714.614,332.556,1.0,704.02,338.217,1.0,698.534,341.792,1.0,708.653,393.78,1.0,703.499,405.196,1.0,703.951,414.996,1.0,711.062,422.168,1.0,717.901,434.059,1.0,592.208,593.333,1.0,594.602,601.783,1.0,594.776,604.431,1.0,599.274,602.742,1.0,605.54,600.241,1.0,761.98,606.76,1.0,760.131,598.967,1.0,756.575,586.767,1.0,755.959,580.834,1.0,749.209,572.299,1.0
457,619.196,481.711,1.0,611.141,472.453,1.0,595.411,478.382,1.0,594.648,485.505,1.0,604.704,496.784,1.0,714.131,315.658,1.0,715.401,323.044,1.0,714.614,332.556,1.0,704.02,338.322,1.0,698.534,341.792,1.0,708.653,393.692,1.0,703.499,405.196,1.0,703.951,414.996,1.0,711.11,422.168,1.0,717.901,434.059,1.0,592.566,588.032,1.0,594.649,601.84,1.0,594.623,604.431,1.0,598.937,602.684,1.0,604.651,599.068,1.0,762.654,609.387,1.0,759.987,602.189,1.0,757.638,590.162,1.0,756.518,583.294,1.0,751.942,566.988,1.0
458,619.374,481.568,1.0,611.192,472.185,1.0,595.922,478.382,1.0,594.648,485.505,1.0,604.746,495.802,1.0,714.54,315.56,1.0,715.605,322.53,1.0,714.415,332.325,1.0,704.185,338.737,1.0,698.534,341.792,1.0,708.653,393.692,1.0,703.499,405.196,1.0,703.951,414.996,1.0,711.14,422.168,1.0,717.901,434.012,1.0,593.188,585.26,1.0,591.972,601.84,1.0,594.287,603.618,1.0,598.937,601.64,1.0,604.651,599.068,1.0,763.904,609.954,1.0,759.987,602.753,1.0,757.691,591.279,1.0,756.926,583.368,1.0,751.942,566.988,1.0
459,619.725,481.079,1.0,611.572,471.542,1.0,598.053,479.21,1.0,594.976,486.822,1.0,604.704,495.436,1.0,714.62,315.496,1.0,715.401,322.53,1.0,714.415,332.325,1.0,714.809,339.676,1.0,701.946,340.728,1.0,708.653,393.692,1.0,703.499,405.196,1.0,704.184,414.996,1.0,711.14,422.168,1.0,717.956,434.012,1.0,593.596,585.26,1.0,591.972,602.111,1.0,594.271,603.618,1.0,598.762,600.76,1.0,603.917,598.374,1.0,764.648,610.565,1.0,759.987,602.823,1.0,757.883,591.693,1.0,756.926,583.672,1.0,751.942,566.988,1.0
460,619.895,480.667,1.0,611.633,471.458,1.0,598.54,479.402,1.0,595.252,486.935,1.0,603.782,495.436,1.0,714.628,315.496,1.0,715.21,322.392,1.0,714.54,332.143,1.0,714.809,339.676,1.0,701.946,340.728,1.0,708.307,393.643,1.0,703.612,405.188,1.0,704.224,414.996,1.0,711.121,422.203,1.0,717.956,434.012,1.0,593.596,588.032,1.0,591.972,601.84,1.0,593.61,603.527,1.0,597.498,600.76,1.0,604.651,599.068,1.0,764.735,610.595,1.0,760.621,602.999,1.0,758.026,591.917,1.0,756.926,584.583,1.0,751.852,567.838,1.0
461,620.149,480.382,1.0,611.677,471.458,1.0,598.684,479.862,1.0,595.377,487.434,1.0,603.993,495.436,1.0,714.628,315.493,1.0,714.657,323.021,1.0,714.415,331.188,1.0,714.809,339.676,1.0,701.946,340.728,1.0,708.307,392.413,1.0,703.806,404.159,1.0,704.355,414.484,1.0,711.121,422.275,1.0,717.956,433.595,1.0,593.596,591.622,1.0,591.972,600.881,1.0,593.27,603.527,1.0,597.285,601.64,1.0,605.194,599.214,1.0,765.167,611.251,1.0,761.466,603.91,1.0,758.538,593.966,1.0,756.482,585.58,1.0,751.741,571.401,1.0
462,620.149,480.382,1.0,611.742,471.458,1.0,598.684,479.862,1.0,595.454,487.434,1.0,603.993,495.583,1.0,714.628,315.493,1.0,714.657,323.021,1.0,714.54,330.68,1.0,714.809,338.347,1.0,700.077,343.239,1.0,708.307,392.413,1.0,704.188,404.159,1.0,704.549,413.627,1.0,709.13,422.203,1.0,716.205,431.221,1.0,593.084,591.622,1.0,587.936,600.562,1.0,591.789,603.281,1.0,596.93,601.98,1.0,608.457,599.982,1.0,765.417,611.46,1.0,761.466,603.967,1.0,758.585,595.569,1.0,754.405,586.045,1.0,751.741,574.719,1.0
463,620.215,480.343,1.0,612.522,473.003,1.0,599.363,481.652,1.0,595.454,487.434,1.0,603.993,495.849,1.0,714.628,315.513,1.0,714.528,323.112,1.0,714.54,330.075,1.0,715.571,338.22,1.0,699.584,343.262,1.0,708.462,392.401,1.0,704.188,404.146,1.0,704.549,412.776,1.0,708.027,422.003,1.0,714.061,429.634,1.0,592.341,591.622,1.0,587.886,600.313,1.0,591.657,603.154,1.0,596.2,602.941,1.0,608.555,600.277,1.0,765.471,611.617,1.0,761.466,603.967,1.0,758.585,595.87,1.0,754.282,586.111,1.0,751.852,575.671,1.0
464,620.759,479.938,1.0,612.579,473.003,1.0,600.022,481.652,1.0,597.275,487.434,1.0,603.993,495.855,1.0,714.452,315.843,1.0,714.528,324.158,1.0,714.275,330.075,1.0,715.571,336.139,1.0,699.467,345.579,1.0,708.462,392.316,1.0,704.188,404.073,1.0,704.549,412.591,1.0,707.949,422.003,1.0,708.105,428.619,1.0,591.109,591.622,1.0,587.836,598.45,1.0,591.657,603.049,1.0,596.2,603.517,1.0,609.419,600.372,1.0,765.417,611.617,1.0,761.388,603.967,1.0,758.585,595.993,1.0,754.059,586.111,1.0,752.407,576.568,1.0
465,621.102,479.938,1.0,613.579,473.413,1.0,601.95,481.652,1.0,598.207,486.236,1.0,603.993,496.054,1.0,714.376,315.843,1.0,714.065,324.158,1.0,714.204,330.045,1.0,715.74,335.933,1.0,699.584,347.279,1.0,708.462,392.401,1.0,704.006,404.04,1.0,703.552,411.413,1.0,706.502,420.871,1.0,707.096,427.486,1.0,591.019,591.548,1.0,587.836,598.22,1.0,591.789,602.903,1.0,596.093,603.824,1.0,609.84,600.372,1.0,765.167,611.617,1.0,761.388,603.967,1.0,758.585,595.993,1.0,754.068,586.111,1.0,752.407,576.568,1.0
466,624.206,480.367,1.0,614.879,474.028,1.0,603.59,480.857,1.0,598.21,484.142,1.0,603.43,495.855,1.0,714.345,315.85,1.0,714.065,324.271,1.0,714.275,330.045,1.0,716.334,335.933,1.0,699.787,347.279,1.0,708.444,392.277,1.0,704.006,404.04,1.0,703.552,411.108,1.0,706.471,420.724,1.0,706.11,427.216,1.0,590.83,591.42,1.0,587.936,598.03,1.0,591.922,602.957,1.0,596.064,603.824,1.0,609.84,600.277,1.0,765.074,611.617,1.0,761.388,603.967,1.0,758.901,596.293,1.0,754.068,586.272,1.0,752.407,576.817,1.0
467,627.991,479.192,1.0,615.157,474.068,1.0,604.342,480.233,1.0,598.707,482.84,1.0,602.71,495.849,1.0,714.345,315.843,1.0,714.065,324.397,1.0,714.275,330.045,1.0,715.74,335.933,1.0,699.787,347.279,1.0,708.354,392.215,1.0,704.006,404.04,1.0,703.55,411.091,1.0,706.465,420.611,1.0,705.791,427.115,1.0,590.787,591.42,1.0,588.281,598.03,1.0,592.108,602.903,1.0,596.064,603.824,1.0,609.808,600.277,1.0,765.074,611.692,1.0,761.392,604.154,1.0,759.193,596.33,1.0,754.068,586.299,1.0,752.407,576.828,1.0
468,628.328,479.423,1.0,615.72,474.068,1.0,604.912,480.233,1.0,598.84,481.33,1.0,602.625,495.815,1.0,714.31,315.808,1.0,714.067,324.397,1.0,714.664,330.045,1.0,715.74,335.933,1.0,699.787,346.408,1.0,708.167,392.215,1.0,704.072,404.04,1.0,703.55,410.892,1.0,706.465,420.558,1.0,705.791,426.974,1.0,590.787,591.556,1.0,588.371,598.22,1.0,592.464,602.879,1.0,596.064,603.92,1.0,609.731,600.214,1.0,764.693,611.692,1.0,763.41,604.67,1.0,760.056,596.993,1.0,755.457,586.643,1.0,752.407,578.813,1.0
469,628.328,479.423,1.0,615.811,474.068,1.0,606.24,480.233,1.0,598.84,481.144,1.0,600.461,493.742,1.0,714.287,315.659,1.0,714.446,324.062,1.0,714.872,329.915,1.0,716.334,335.933,1.0,699.787,344.805,1.0,708.139,392.414,1.0,704.072,404.04,1.0,703.615,410.783,1.0,706.465,420.077,1.0,705.791,426.96,1.0,590.83,591.42,1.0,588.371,598.253,1.0,592.464,602.865,1.0,596.064,603.803,1.0,609.731,600.14,1.0,764.693,619.609,1.0,765.003,612.09,1.0,760.986,602.125,1.0,756.132,589.414,1.0,753.183,580.935,1.0
470,628.331,479.423,1.0,616.153,474.049,1.0,606.24,480.535,1.0,598.84,481.038,1.0,596.386,490.876,1.0,714.183,315.222,1.0,714.446,323.606,1.0,714.872,329.76,1.0,704.707,335.926,1.0,699.828,344.64,1.0,707.917,392.215,1.0,704.08,403.658,1.0,703.945,410.749,1.0,707.327,419.631,1.0,707.99,426.96,1.0,591.188,591.392,1.0,588.281,599.002,1.0,592.464,602.86,1.0,596.427,603.592,1.0,609.731,600.14,1.0,764.7,620.155,1.0,765.012,612.462,1.0,761.319,602.619,1.0,756.284,589.893,1.0,753.679,581.314,1.0
471,628.555,479.423,1.0,616.254,473.694,1.0,606.381,480.938,1.0,598.783,480.953,1.0,596.029,490.742,1.0,713.727,314.496,1.0,714.067,322.536,1.0,714.814,329.189,1.0,704.331,335.907,1.0,699.185,344.289,1.0,707.626,392.052,1.0,704.072,403.512,1.0,703.945,410.283,1.0,707.327,419.39,1.0,708.157,426.974,1.0,591.443,591.392,1.0,588.101,599.002,1.0,592.41,602.223,1.0,596.525,603.119,1.0,609.693,599.721,1.0,765.421,620.737,1.0,765.117,613.131,1.0,761.411,603.62,1.0,756.505,591.251,1.0,753.679,583.312,1.0
472,628.555,479.423,1.0,616.254,473.694,1.0,606.468,480.965,1.0,598.783,480.953,1.0,596.029,490.742,1.0,713.727,313.5,1.0,713.097,318.155,1.0,714.664,327.576,1.0,703.485,332.906,1.0,699.185,342.446,1.0,706.943,391.496,1.0,703.88,403.007,1.0,703.945,410.016,1.0,707.327,418.308,1.0,713.189,428.199,1.0,591.648,589.709,1.0,587.855,599.002,1.0,592.41,601.629,1.0,596.739,603.009,1.0,609.358,599.721,1.0,765.421,620.737,1.0,765.117,614.417,1.0,762.599,604.168,1.0,757.285,593.467,1.0,753.432,585.801,1.0
473,628.59,479.444,1.0,617.294,473.694,1.0,606.468,480.965,1.0,598.659,480.953,1.0,596.029,490.742,1.0,713.727,310.393,1.0,712.489,316.665,1.0,712.022,327.449,1.0,703.357,331.743,1.0,699.658,342.187,1.0,706.835,388.764,1.0,703.642,393.944,1.0,702.737,405.851,1.0,706.853,414.349,1.0,713.587,428.285,1.0,591.919,588.912,1.0,587.692,598.079,1.0,592.41,601.207,1.0,596.739,602.523,1.0,608.206,599.27,1.0,765.421,621.258,1.0,765.12,614.417,1.0,762.657,604.246,1.0,760.412,595.125,1.0,753.414,587.439,1.0
474,628.677,479.577,1.0,618.33,473.694,1.0,607.515,480.965,1.0,598.783,481.038,1.0,596.383,490.799,1.0,716.235,307.855,1.0,712.489,314.595,1.0,711.17,326.926,1.0,703.357,330.924,1.0,699.672,341.666,1.0,706.835,387.905,1.0,703.582,393.46,1.0,702.705,405.479,1.0,706.65,414.001,1.0,713.587,428.358,1.0,591.919,588.548,1.0,588.081,,0.0,592.41,600.798,1.0,596.88,602.256,1.0,608.09,597.766,1.0,765.43,621.532,1.0,765.137,614.417,1.0,762.775,604.246,1.0,760.514,595.125,1.0,753.432,587.869,1.0
475,629.215,479.747,1.0,619.88,473.626,1.0,609.897,480.278,1.0,600.631,481.687,1.0,596.383,490.799,1.0,719.447,306.777,1.0,713.097,314.226,1.0,711.104,326.897,1.0,703.485,330.924,1.0,699.672,341.646,1.0,706.943,387.559,1.0,703.057,393.326,1.0,702.487,404.669,1.0,706.635,413.308,1.0,713.352,428.358,1.0,591.648,588.09,1.0,,,0.0,592.41,599.999,1.0,597.441,602.256,1.0,608.09,597.766,0.9990000128746033,765.43,621.54,1.0,765.361,614.627,1.0,762.775,604.458,1.0,760.714,595.126,1.0,753.432,588.081,1.0
476,634.518,480.889,1.0,624.351,473.626,1.0,612.75,479.603,1.0,601.053,481.687,1.0,596.383,490.799,1.0,721.046,306.767,1.0,713.457,314.087,1.0,710.766,326.882,1.0,703.725,330.702,1.0,700.161,341.616,1.0,707.064,387.559,1.0,702.963,393.326,1.0,702.303,404.669,1.0,706.65,413.308,1.0,713.589,428.358,1.0,590.021,586.763,1.0,588.081,593.994,1.0,592.069,598.757,1.0,600.221,602.256,1.0,608.09,600.204,1.0,765.396,621.54,1.0,765.361,614.627,1.0,762.776,604.458,1.0,761.259,595.126,1.0,753.918,588.081,1.0
477,634.656,480.889,1.0,624.813,473.609,1.0,613.582,479.538,1.0,601.529,481.687,1.0,596.812,490.373,1.0,721.046,306.767,1.0,714.256,313.804,1.0,710.766,326.477,1.0,704.237,330.702,1.0,700.985,341.616,1.0,707.077,387.559,1.0,702.963,393.326,1.0,702.303,404.669,1.0,706.65,413.216,1.0,713.352,428.251,1.0,589.832,586.176,1.0,588.081,592.931,1.0,591.038,598.378,1.0,600.221,602.931,1.0,608.543,600.204,1.0,765.252,621.532,1.0,766.084,614.749,1.0,762.926,604.89,1.0,761.259,596.251,1.0,754.164,588.081,1.0
478,635.218,480.889,1.0,626.557,473.071,1.0,614.8,479.029,1.0,602.22,480.943,1.0,596.226,488.83,1.0,721.046,305.648,1.0,714.256,313.411,1.0,710.766,326.265,1.0,704.333,330.702,1.0,701.58,341.392,1.0,707.077,387.559,1.0,702.963,393.326,1.0,702.303,405.246,1.0,706.635,412.848,1.0,713.031,427.935,1.0,589.342,585.496,1.0,587.855,592.679,1.0,591.038,598.318,1.0,600.221,602.931,1.0,608.543,600.204,1.0,764.312,621.761,1.0,766.322,615.082,1.0,762.776,605.175,1.0,761.259,596.525,1.0,755.555,584.719,1.0
479,637.761,480.558,1.0,628.07,472.379,1.0,614.961,478.601,1.0,602.22,479.278,1.0,596.226,486.108,1.0,719.991,303.401,1.0,714.275,312.544,1.0,709.691,325.273,1.0,704.399,329.739,1.0,702.223,340.947,1.0,707.077,387.559,1.0,703.755,393.326,1.0,702.445,405.984,1.0,706.546,412.645,1.0,712.863,427.796,1.0,589.097,585.353,1.0,587.855,591.334,1.0,590.871,598.309,1.0,598.774,602.931,1.0,608.543,600.267,1.0,764.312,621.761,1.0,767.456,615.809,1.0,762.926,605.459,1.0,761.239,598.113,1.0,755.775,584.719,1.0
480,637.815,480.387,1.0,628.43,471.954,1.0,615.823,478.139,1.0,602.564,478.616,1.0,597.001,485.879,1.0,718.511,303.348,1.0,714.275,312.173,1.0,709.539,324.361,1.0,704.703,329.739,1.0,702.694,340.742,1.0,706.883,387.053,1.0,703.834,393.031,1.0,702.445,410.389,1.0,706.444,411.848,1.0,712.498,427.796,1.0,589.097,580.908,1.0,589.965,585.902,1.0,590.405,597.786,1.0,598.743,602.559,1.0,608.479,600.271,1.0,764.312,624.822,1.0,767.808,616.557,1.0,762.926,606.167,1.0,760.122,599.168,1.0,755.775,584.719,1.0
481,638.007,480.319,1.0,628.715,471.783,1.0,616.332,478.139,1.0,602.88,478.512,1.0,597.003,485.785,1.0,717.857,303.348,1.0,714.2,312.173,1.0,709.539,324.361,1.0,704.783,329.739,1.0,702.865,340.742,1.0,706.883,384.762,1.0,703.834,392.468,1.0,702.445,410.667,1.0,706.082,410.945,1.0,712.435,427.704,1.0,589.342,580.783,1.0,590.099,585.812,1.0,590.398,597.325,1.0,598.701,602.278,1.0,608.445,600.592,1.0,765.778,626.639,1.0,767.955,619.21,1.0,763.052,609.362,1.0,759.897,599.168,1.0,755.842,585.007,1.0
482,638.083,479.902,1.0,629.136,471.564,1.0,616.654,478.139,1.0,604.03,478.478,1.0,597.017,485.608,1.0,712.0,303.348,1.0,714.137,312.173,1.0,709.539,324.361,1.0,705.457,329.901,1.0,703.161,340.947,1.0,706.883,384.762,1.0,704.037,392.303,1.0,702.445,410.667,1.0,706.058,410.602,1.0,712.435,427.704,1.0,589.425,580.769,1.0,590.099,585.812,1.0,590.398,597.325,1.0,598.638,602.107,1.0,607.971,601.117,1.0,765.842,627.12,1.0,767.97,619.411,1.0,763.105,609.448,1.0,755.759,599.372,1.0,755.842,585.315,1.0
483,638.83,479.37,1.0,630.403,471.498,1.0,616.789,478.607,1.0,604.117,478.478,1.0,597.667,485.608,1.0,711.911,307.922,1.0,713.905,315.102,1.0,711.923,326.091,1.0,705.457,330.933,1.0,703.161,341.062,1.0,707.01,384.58,1.0,704.042,392.099,1.0,702.445,410.559,1.0,706.058,410.602,1.0,712.343,427.041,1.0,589.585,580.743,1.0,590.207,585.673,1.0,590.371,597.325,1.0,598.49,602.107,1.0,607.971,601.189,1.0,766.056,627.717,1.0,768.009,619.888,1.0,763.119,609.919,1.0,755.759,599.654,1.0,756.351,585.511,1.0
484,638.88,479.303,1.0,630.657,471.564,1.0,617.265,479.311,1.0,604.178,478.478,1.0,597.813,484.729,1.0,710.151,308.7,1.0,712.762,315.102,1.0,711.923,326.429,1.0,705.457,330.968,1.0,703.196,341.411,1.0,707.351,384.58,1.0,704.042,391.97,1.0,702.777,410.559,1.0,706.058,410.945,1.0,709.726,426.635,1.0,589.585,580.743,1.0,590.287,585.488,1.0,590.371,601.792,1.0,598.638,602.107,1.0,607.779,601.38,1.0,766.583,629.67,1.0,769.36,620.913,1.0,764.337,611.37,1.0,759.877,599.883,1.0,756.58,587.676,1.0
485,640.423,479.215,1.0,631.538,471.564,1.0,619.034,479.311,1.0,604.899,478.935,1.0,598.475,483.037,1.0,708.527,308.7,1.0,712.442,315.102,1.0,711.923,326.429,1.0,705.159,330.968,1.0,703.196,341.515,1.0,708.108,384.231,1.0,704.69,390.913,1.0,705.124,408.611,1.0,707.625,411.211,1.0,708.167,426.448,1.0,589.585,580.769,1.0,590.287,585.488,1.0,590.371,601.792,1.0,598.404,601.851,1.0,607.722,601.38,1.0,766.671,630.017,1.0,769.36,621.054,1.0,764.337,611.894,1.0,759.644,600.218,1.0,757.469,589.866,1.0
486,640.423,479.078,1.0,631.924,472.519,1.0,624.076,479.311,1.0,613.197,479.139,1.0,601.088,482.618,1.0,707.121,308.7,1.0,712.401,314.793,1.0,711.895,326.429,1.0,705.159,330.933,1.0,702.981,341.53,1.0,708.284,384.161,1.0,704.69,390.811,1.0,707.171,407.643,1.0,708.3,411.218,1.0,704.198,424.501,1.0,589.585,580.78,1.0,590.298,585.488,1.0,590.435,601.792,1.0,598.257,601.682,1.0,607.382,601.38,1.0,766.671,630.058,1.0,769.36,621.054,1.0,764.455,612.057,1.0,759.877,600.331,1.0,757.489,591.416,1.0
487,640.597,477.812,1.0,632.698,472.842,1.0,624.477,478.568,1.0,613.823,479.139,1.0,602.342,482.57,1.0,707.121,308.7,1.0,712.401,314.793,1.0,711.895,326.429,1.0,705.143,330.933,1.0,702.828,341.583,1.0,708.388,384.126,1.0,704.69,390.614,1.0,707.171,407.19,1.0,708.3,411.218,1.0,704.065,424.414,1.0,594.811,584.648,1.0,594.739,593.976,1.0,590.515,601.792,1.0,597.122,599.777,1.0,606.796,595.59,0.9980000257492065,766.616,630.232,1.0,769.181,621.185,1.0,764.455,612.149,1.0,759.959,600.331,1.0,759.392,592.546,1.0
488,642.135,476.366,1.0,633.171,472.871,1.0,624.579,478.499,1.0,614.687,479.139,1.0,603.066,481.68,1.0,707.121,309.531,1.0,712.401,314.793,1.0,711.895,326.526,1.0,705.143,330.968,1.0,702.912,341.591,1.0,708.388,384.161,1.0,704.399,390.503,1.0,707.171,407.104,1.0,708.31,411.211,1.0,703.94,424.187,1.0,605.809,599.737,1.0,599.059,601.3,1.0,592.728,598.186,1.0,592.919,596.898,1.0,591.718,584.399,1.0,766.671,630.232,1.0,769.127,621.185,1.0,764.331,612.211,1.0,760.158,600.397,1.0,759.427,592.546,1.0
489,643.937,476.366,1.0,634.388,473.835,1.0,626.226,478.499,1.0,615.974,478.904,1.0,603.071,481.594,1.0,713.002,310.507,1.0,712.475,316.268,1.0,712.262,326.308,1.0,705.159,332.789,1.0,702.705,342.001,1.0,708.442,384.231,1.0,703.749,390.514,1.0,706.806,407.104,1.0,708.383,410.999,1.0,703.761,423.982,1.0,605.868,600.425,1.0,599.206,601.3,1.0,592.728,598.186,1.0,591.892,596.464,1.0,590.305,584.38,1.0,766.8,630.232,1.0,768.846,620.822,1.0,764.107,612.462,1.0,760.157,600.677,1.0,759.427,592.691,1.0
490,644.607,474.948,1.0,634.603,474.018,1.0,626.36,478.568,1.0,616.491,478.285,1.0,603.603,480.687,1.0,714.519,316.093,1.0,712.603,317.205,1.0,713.675,326.564,1.0,705.161,333.315,1.0,702.419,343.309,1.0,708.442,384.161,1.0,703.749,390.503,1.0,706.806,406.233,1.0,708.4,410.467,1.0,703.761,423.745,1.0,605.868,600.551,1.0,599.206,601.3,1.0,590.92,600.623,1.0,591.892,596.464,1.0,589.941,584.223,1.0,767.135,630.284,1.0,768.846,620.822,1.0,763.705,612.506,1.0,760.157,601.236,1.0,759.427,593.145,1.0
491,644.706,474.73,1.0,634.816,474.018,1.0,626.36,478.568,1.0,616.612,478.039,1.0,603.816,480.314,1.0,718.211,317.797,1.0,713.312,317.806,1.0,715.301,326.74,1.0,716.061,334.531,1.0,702.15,345.023,1.0,708.274,384.4,1.0,703.749,390.503,1.0,706.726,405.518,1.0,708.633,409.086,1.0,703.761,423.094,1.0,605.809,600.551,1.0,599.059,600.191,1.0,590.515,600.623,1.0,591.892,596.303,1.0,590.305,584.223,1.0,767.629,630.776,1.0,768.846,621.33,1.0,763.705,612.615,1.0,760.157,601.458,1.0,758.593,593.158,1.0
492,644.819,474.73,1.0,634.964,473.835,1.0,626.285,478.499,1.0,616.8,477.96,1.0,604.62,480.303,1.0,718.557,318.512,1.0,717.005,321.823,1.0,715.516,326.74,1.0,716.061,334.677,1.0,701.067,346.376,1.0,707.033,384.532,1.0,704.355,390.514,1.0,706.726,402.449,1.0,709.142,408.705,1.0,705.632,419.96,1.0,604.542,600.551,1.0,595.683,598.222,1.0,590.457,600.514,1.0,594.129,596.303,1.0,591.718,584.223,0.9990000128746033,767.629,635.529,1.0,767.871,626.173,1.0,763.705,614.487,1.0,759.706,601.766,1.0,758.593,595.534,1.0
493,644.819,474.738,1.0,634.999,473.633,1.0,626.285,477.74,1.0,616.973,477.894,1.0,605.112,480.303,1.0,719.039,318.512,1.0,717.104,322.787,1.0,715.938,327.133,1.0,716.061,335.904,1.0,701.035,346.376,1.0,706.013,385.493,1.0,704.409,391.882,1.0,706.726,399.418,1.0,709.244,408.481,1.0,705.92,419.96,1.0,585.309,577.473,1.0,591.376,588.429,1.0,588.846,600.514,1.0,596.629,596.303,1.0,605.718,600.322,1.0,767.135,638.177,1.0,769.989,628.88,1.0,766.762,619.708,1.0,759.687,603.064,1.0,758.593,597.298,1.0
494,645.038,474.948,1.0,635.652,473.347,1.0,626.285,477.74,1.0,616.8,477.576,1.0,605.243,480.303,1.0,719.084,319.105,1.0,719.133,322.949,1.0,716.227,327.369,1.0,715.773,335.904,1.0,700.986,346.376,1.0,705.784,385.005,1.0,704.409,392.407,1.0,706.584,399.069,1.0,709.304,408.3,1.0,705.92,419.96,1.0,582.88,576.235,1.0,591.323,586.724,1.0,588.846,596.87,1.0,596.629,596.322,1.0,605.789,600.646,1.0,765.928,639.139,1.0,770.831,629.693,1.0,766.934,619.708,1.0,759.583,603.113,1.0,758.759,597.348,1.0
495,645.474,480.55,1.0,635.731,473.3,1.0,626.285,477.543,1.0,616.8,477.2,1.0,606.43,480.196,1.0,719.084,320.661,1.0,719.133,323.387,1.0,716.227,327.609,1.0,715.542,335.944,1.0,700.986,345.817,1.0,705.488,385.005,1.0,704.574,392.407,1.0,706.119,398.977,1.0,709.304,408.123,1.0,705.632,420.038,1.0,582.832,576.118,1.0,591.309,586.694,1.0,588.846,596.691,1.0,596.629,596.322,1.0,606.161,601.045,1.0,765.674,639.139,1.0,770.831,630.556,1.0,766.934,619.73,1.0,759.583,603.384,1.0,759.109,597.516,1.0
496,645.615,480.55,1.0,636.254,473.3,1.0,627.307,477.543,1.0,616.953,477.2,1.0,607.211,479.563,1.0,719.039,321.074,1.0,719.133,323.387,1.0,716.227,328.075,1.0,715.542,335.944,1.0,700.986,344.804,1.0,704.13,385.232,1.0,704.355,392.575,1.0,706.15,398.609,1.0,709.319,408.185,1.0,705.205,420.06,1.0,582.635,575.842,1.0,591.308,584.742,1.0,589.576,594.347,1.0,595.117,596.838,1.0,606.161,601.077,1.0,765.266,639.139,1.0,769.989,631.264,1.0,766.897,619.986,1.0,757.733,608.094,1.0,759.109,601.585,1.0
497,650.828,480.55,1.0,642.554,471.769,1.0,630.532,478.357,1.0,616.953,477.614,1.0,608.149,479.54,1.0,717.438,321.074,1.0,717.86,323.221,1.0,717.063,328.183,1.0,715.773,335.904,1.0,703.817,341.396,1.0,704.028,385.005,1.0,704.832,392.407,1.0,706.119,398.609,1.0,709.304,408.123,1.0,705.152,420.061,1.0,582.533,575.703,1.0,590.978,583.939,1.0,590.282,594.347,1.0,594.649,597.79,1.0,606.161,601.878,1.0,764.868,636.446,1.0,769.989,631.934,1.0,766.762,619.869,1.0,757.733,609.195,1.0,758.853,604.19,1.0
498,650.828,480.378,1.0,642.607,471.684,1.0,630.532,478.84,1.0,616.953,477.099,1.0,609.497,479.116,1.0,711.905,321.074,1.0,717.82,323.221,1.0,717.063,328.183,1.0,716.046,335.247,1.0,703.817,340.194,1.0,703.903,384.899,1.0,704.53,392.417,1.0,705.979,398.609,1.0,709.304,407.8,1.0,704.93,420.06,1.0,582.486,575.063,1.0,590.878,583.678,1.0,591.236,594.321,1.0,594.157,598.017,1.0,604.039,602.811,1.0,764.868,635.988,1.0,770.831,632.155,1.0,766.801,619.823,1.0,757.733,609.495,1.0,759.109,604.219,1.0
499,651.043,479.758,1.0,643.196,471.528,1.0,630.761,478.84,1.0,617.003,477.028,1.0,609.738,478.182,1.0,711.808,317.162,1.0,714.535,323.221,1.0,715.849,328.183,1.0,716.668,334.775,1.0,703.817,339.299,1.0,703.903,384.899,1.0,704.53,392.417,1.0,706.083,398.646,1.0,709.141,407.752,1.0,704.93,420.038,1.0,582.288,575.063,1.0,590.878,583.51,1.0,591.236,594.025,1.0,593.945,598.042,1.0,603.136,602.857,1.0,764.868,635.988,1.0,767.981,632.155,1.0,766.736,619.869,1.0,757.867,609.705,1.0,759.109,604.219,1.0
500,651.043,479.497,1.0,643.221,471.528,1.0,630.761,480.024,1.0,617.308,477.156,1.0,609.811,478.182,1.0,709.527,316.935,1.0,712.82,322.002,1.0,715.849,327.936,1.0,716.857,333.178,1.0,703.587,336.981,1.0,704.028,384.605,1.0,703.984,392.417,1.0,706.083,398.927,1.0,709.141,407.752,1.0,705.205,419.46,1.0,582.145,575.059,1.0,590.818,583.397,1.0,591.236,594.025,1.0,593.833,598.087,1.0,603.136,602.857,1.0,765.053,636.446,1.0,767.981,631.934,1.0,766.238,619.986,1.0,757.934,609.806,1.0,759.201,604.219,1.0
501,652.453,478.852,1.0,643.487,471.528,1.0,631.215,480.072,1.0,617.779,477.156,1.0,610.722,478.046,1.0,699.847,316.51,1.0,711.495,321.781,1.0,716.748,326.32,1.0,716.961,331.94,1.0,703.073,336.981,1.0,706.237,383.946,1.0,703.984,392.417,1.0,705.538,398.942,1.0,709.141,407.592,1.0,706.414,418.718,1.0,582.059,574.844,1.0,590.797,583.168,1.0,591.105,594.025,1.0,593.833,598.087,1.0,602.977,603.024,1.0,765.444,636.469,1.0,767.981,631.621,1.0,766.736,620.214,1.0,758.658,610.593,1.0,759.369,604.219,1.0
502,653.037,478.179,1.0,644.725,471.524,1.0,631.215,481.253,1.0,617.809,477.028,1.0,610.722,478.182,1.0,699.834,316.51,1.0,711.412,321.738,1.0,715.572,325.995,1.0,717.03,331.817,1.0,702.968,336.981,1.0,708.315,384.601,1.0,703.589,392.417,1.0,705.538,398.942,1.0,711.462,407.414,1.0,715.271,418.54,1.0,581.814,574.841,1.0,590.818,583.168,1.0,591.057,593.932,1.0,593.945,598.017,1.0,602.892,603.024,1.0,765.764,636.484,1.0,768.428,631.621,1.0,766.801,620.914,1.0,759.53,611.383,1.0,759.928,604.36,1.0
503,653.214,477.627,1.0,645.061,470.899,1.0,631.363,481.253,1.0,617.989,477.028,1.0,610.913,478.402,1.0,699.259,316.51,1.0,710.969,321.599,1.0,715.514,325.99,1.0,717.737,331.785,1.0,702.208,338.453,1.0,713.038,383.641,1.0,703.589,392.325,1.0,705.111,399.214,1.0,712.075,406.671,1.0,717.811,418.452,1.0,581.468,574.729,1.0,591.001,583.168,1.0,590.964,593.83,1.0,594.406,596.65,1.0,602.72,603.471,1.0,766.404,641.57,1.0,767.981,631.621,1.0,766.929,625.37,1.0,760.964,614.434,1.0,760.564,604.538,1.0
504,653.576,476.954,1.0,645.061,469.678,1.0,631.935,481.253,1.0,621.294,476.379,1.0,611.106,479.068,1.0,699.259,316.309,1.0,710.789,321.599,1.0,715.572,325.995,1.0,717.834,331.735,1.0,702.085,338.633,1.0,713.499,383.641,1.0,703.33,390.73,1.0,704.714,399.214,1.0,712.075,405.658,1.0,717.811,417.892,1.0,581.468,574.556,1.0,590.792,583.168,1.0,590.929,593.514,1.0,594.406,596.65,1.0,602.378,603.656,1.0,773.683,642.873,1.0,768.188,633.944,1.0,768.44,627.311,1.0,763.779,615.798,1.0,760.564,605.69,1.0
505,654.683,472.838,1.0,645.061,468.516,1.0,637.896,479.25,1.0,626.692,474.572,1.0,613.776,479.068,1.0,699.154,316.034,1.0,710.672,321.573,1.0,715.597,325.747,1.0,717.834,331.598,1.0,701.976,338.633,1.0,713.555,383.641,1.0,703.33,390.73,1.0,704.303,399.214,1.0,712.075,405.257,1.0,717.811,417.389,1.0,581.468,573.969,1.0,590.792,583.168,1.0,588.553,593.41,1.0,594.406,595.721,1.0,602.25,603.664,1.0,774.04,644.366,1.0,767.851,635.007,1.0,768.44,627.762,1.0,764.424,615.812,1.0,760.852,606.092,1.0
506,654.909,472.745,1.0,644.944,468.402,1.0,638.408,478.677,1.0,627.071,474.522,1.0,613.951,479.068,1.0,699.128,316.034,1.0,710.672,321.56,1.0,715.514,325.381,1.0,717.737,331.254,1.0,701.976,338.453,1.0,713.555,383.641,1.0,703.611,390.461,1.0,704.283,399.214,1.0,711.984,405.257,1.0,717.806,417.346,1.0,582.786,571.018,1.0,587.736,583.009,1.0,588.207,590.718,1.0,594.101,595.509,1.0,602.204,603.669,1.0,774.057,644.366,1.0,767.851,635.007,1.0,768.457,628.08,1.0,764.428,616.343,1.0,760.852,606.985,1.0
507,655.404,472.659,1.0,644.944,468.325,1.0,638.526,478.2,1.0,627.146,474.396,1.0,614.334,477.156,1.0,698.906,316.034,1.0,710.672,321.447,1.0,715.341,324.408,1.0,717.69,331.254,1.0,701.976,338.337,1.0,714.034,383.516,1.0,703.727,390.26,1.0,704.169,399.214,1.0,711.804,405.257,1.0,717.671,417.114,1.0,582.786,570.51,1.0,587.727,582.658,1.0,587.715,590.33,1.0,593.866,595.721,1.0,602.192,603.669,1.0,774.376,644.366,1.0,767.469,634.563,1.0,768.457,628.184,1.0,764.597,616.439,1.0,761.181,607.686,1.0
508,655.404,472.659,1.0,644.944,468.402,1.0,638.712,478.157,1.0,627.146,474.279,1.0,614.334,476.826,1.0,698.902,316.55,1.0,711.712,321.325,1.0,715.124,324.287,1.0,716.243,331.717,1.0,702.111,338.337,1.0,714.675,383.005,1.0,703.88,388.494,1.0,703.67,397.957,1.0,706.73,406.641,1.0,715.19,414.768,1.0,582.786,570.51,1.0,587.381,582.337,1.0,587.534,590.253,1.0,591.698,603.47,1.0,602.084,603.669,1.0,774.394,644.375,1.0,767.474,635.007,1.0,768.44,628.338,1.0,764.428,616.556,1.0,761.235,608.389,1.0
509,656.383,472.659,1.0,646.224,468.516,1.0,639.069,477.132,1.0,630.153,474.267,1.0,616.066,476.826,1.0,698.891,317.212,1.0,712.393,321.109,1.0,715.118,324.113,1.0,715.911,331.717,1.0,702.434,338.337,1.0,714.797,382.918,1.0,703.88,388.345,1.0,703.567,395.81,1.0,706.73,408.52,1.0,708.462,410.965,1.0,581.933,571.018,1.0,587.056,582.319,1.0,587.534,590.253,1.0,591.698,602.826,1.0,601.721,603.722,1.0,774.376,644.366,1.0,767.474,634.563,1.0,768.055,628.358,1.0,764.597,616.582,1.0,761.44,608.389,1.0
510,657.749,472.234,1.0,647.648,468.709,1.0,640.212,477.132,1.0,632.597,474.279,1.0,619.261,477.156,1.0,698.891,317.252,1.0,712.556,320.581,1.0,713.772,324.113,1.0,707.778,332.333,1.0,702.654,339.304,1.0,715.287,382.918,1.0,703.88,388.168,1.0,703.513,395.487,1.0,706.73,408.52,1.0,708.462,410.251,1.0,579.552,578.212,1.0,586.117,581.718,1.0,587.534,588.642,1.0,591.417,603.082,1.0,601.444,603.728,1.0,774.057,644.375,1.0,767.469,634.563,1.0,768.033,629.047,1.0,764.597,617.276,1.0,761.614,608.765,1.0
511,657.868,472.169,1.0,648.309,469.281,1.0,641.089,477.132,1.0,634.449,474.396,1.0,619.266,477.69,1.0,698.821,317.31,1.0,712.556,320.581,1.0,713.583,324.21,1.0,707.73,332.344,1.0,702.554,339.551,1.0,715.332,382.88,1.0,703.236,387.992,1.0,703.404,395.119,1.0,706.769,407.573,1.0,708.462,410.227,1.0,579.552,578.514,1.0,586.117,581.718,1.0,588.509,588.579,1.0,591.335,603.082,1.0,601.444,603.977,1.0,773.82,644.99,1.0,767.474,635.522,1.0,768.033,631.01,1.0,764.428,619.037,1.0,762.427,609.192,1.0
512,658.419,472.003,1.0,648.87,469.281,1.0,641.177,477.463,1.0,634.554,474.928,1.0,619.836,478.281,1.0,698.821,317.332,1.0,712.556,320.524,1.0,713.561,324.21,1.0,707.73,332.434,1.0,702.554,340.096,1.0,716.063,382.88,1.0,703.146,387.405,1.0,702.791,394.8,1.0,706.769,406.641,1.0,708.543,410.196,1.0,579.552,578.954,1.0,586.117,581.718,1.0,589.013,588.579,1.0,590.391,603.082,1.0,601.444,603.977,1.0,773.036,648.21,1.0,768.174,640.304,1.0,768.033,631.121,1.0,764.024,619.606,1.0,763.152,610.01,1.0
513,658.759,471.92,1.0,649.46,469.281,1.0,641.378,477.463,1.0,634.926,474.928,1.0,619.871,478.561,1.0,698.821,317.31,1.0,712.497,320.581,1.0,713.561,324.477,1.0,707.73,332.714,1.0,702.654,340.474,1.0,716.063,382.88,1.0,703.146,387.338,1.0,702.791,394.351,1.0,707.378,407.548,1.0,708.569,409.769,1.0,579.552,578.954,1.0,586.193,581.829,1.0,589.896,588.642,1.0,590.391,602.826,1.0,601.808,603.838,1.0,771.914,650.398,1.0,768.694,644.464,1.0,768.033,634.887,1.0,763.442,620.093,1.0,763.266,610.988,1.0
514,659.495,471.138,1.0,649.546,468.21,1.0,641.699,477.463,1.0,634.926,474.982,1.0,620.466,478.561,1.0,698.877,317.252,1.0,712.466,320.624,1.0,713.583,324.554,1.0,707.555,332.795,1.0,702.811,340.523,1.0,716.199,382.88,1.0,703.236,387.338,1.0,702.791,394.351,1.0,707.378,407.548,1.0,708.926,409.769,1.0,579.909,578.212,1.0,587.783,582.669,1.0,590.242,589.772,1.0,591.417,601.824,1.0,602.181,603.728,1.0,769.662,650.653,1.0,768.694,645.0,1.0,767.353,634.897,1.0,763.442,621.869,1.0,763.347,612.062,1.0
515,661.584,469.402,1.0,650.064,467.189,1.0,642.685,477.288,1.0,634.926,474.982,1.0,620.527,478.502,1.0,701.005,317.158,1.0,712.301,320.651,1.0,714.348,325.47,1.0,707.216,332.795,1.0,703.166,340.621,1.0,716.199,382.735,1.0,703.628,387.216,1.0,702.807,394.139,1.0,707.878,406.548,1.0,709.093,409.769,1.0,581.553,576.336,1.0,589.397,583.42,1.0,590.242,591.654,1.0,592.339,601.824,1.0,602.83,603.353,1.0,767.73,650.905,1.0,768.713,646.318,1.0,764.813,637.371,1.0,763.442,623.516,1.0,763.963,614.275,1.0
516,664.49,469.402,1.0,653.073,467.061,1.0,645.861,476.85,1.0,632.207,475.078,1.0,620.737,478.281,1.0,706.813,316.742,1.0,712.089,321.202,1.0,716.568,326.686,1.0,706.319,332.87,1.0,703.166,340.735,1.0,715.718,382.563,1.0,705.163,387.216,1.0,703.029,394.092,1.0,707.878,406.09,1.0,714.1,410.107,1.0,581.655,576.336,1.0,590.577,584.646,1.0,590.242,593.336,1.0,593.554,597.433,1.0,602.852,603.353,1.0,767.711,650.653,1.0,768.713,646.391,1.0,764.813,638.305,1.0,764.575,625.903,1.0,764.056,616.809,1.0
517,665.585,469.23,1.0,655.198,464.658,1.0,646.582,476.85,1.0,632.207,475.843,1.0,621.622,478.014,1.0,707.238,316.508,1.0,711.992,322.01,1.0,716.568,327.467,1.0,706.319,333.037,1.0,703.166,341.312,1.0,715.544,382.55,1.0,705.795,387.216,1.0,703.253,394.092,1.0,707.878,405.843,1.0,714.539,410.267,1.0,584.326,576.336,0.9990000128746033,591.934,589.368,0.9990000128746033,588.601,595.399,1.0,593.554,596.34,1.0,602.852,603.057,1.0,767.711,650.653,1.0,768.848,646.476,1.0,764.813,638.305,1.0,764.826,626.3,1.0,764.419,617.295,1.0
518,666.378,469.23,1.0,658.299,464.658,1.0,647.007,477.004,1.0,632.207,476.087,1.0,624.299,477.911,1.0,708.547,314.375,1.0,711.791,322.933,1.0,716.568,328.962,1.0,706.319,333.222,1.0,703.166,341.312,1.0,714.945,379.849,1.0,706.137,383.93,1.0,703.253,392.275,1.0,706.279,403.226,1.0,714.539,410.562,1.0,584.696,576.336,1.0,591.934,590.014,1.0,588.06,595.902,1.0,593.554,596.34,1.0,602.896,603.055,1.0,767.73,650.905,1.0,768.896,646.686,1.0,765.048,638.443,1.0,764.865,626.412,1.0,764.419,617.517,1.0
519,667.655,469.528,1.0,658.38,465.167,1.0,647.181,477.004,1.0,633.539,476.522,1.0,626.863,477.911,1.0,708.547,314.362,1.0,711.686,323.278,1.0,716.568,329.413,1.0,715.824,333.222,1.0,703.166,341.312,1.0,713.506,379.473,1.0,706.137,383.594,1.0,703.071,391.673,1.0,706.238,403.199,1.0,714.214,410.841,1.0,586.517,576.817,1.0,592.415,596.427,1.0,588.06,596.648,1.0,593.069,595.042,1.0,602.852,602.24,1.0,768.525,651.024,1.0,768.987,646.686,1.0,765.83,638.469,1.0,764.826,626.484,1.0,764.778,617.764,1.0
520,668.676,470.25,1.0,662.474,465.106,1.0,647.939,478.273,1.0,635.44,476.911,1.0,628.988,477.911,1.0,708.547,314.362,1.0,711.686,323.278,1.0,716.657,329.821,1.0,715.824,333.222,1.0,702.428,342.182,1.0,713.216,379.473,1.0,706.137,380.348,1.0,703.029,391.39,1.0,706.238,402.669,1.0,714.214,411.197,1.0,588.771,576.817,0.9789999723434448,591.934,596.427,0.9990000128746033,588.574,596.734,1.0,593.069,595.042,1.0,602.075,602.24,0.9700000286102295,768.567,651.538,1.0,769.139,646.743,1.0,765.83,639.59,1.0,764.826,627.405,1.0,765.061,618.284,1.0
521,669.065,470.25,1.0,662.474,465.167,1.0,648.032,478.273,1.0,635.732,477.603,1.0,629.039,478.089,1.0,706.292,314.375,1.0,711.44,323.278,1.0,717.291,329.916,1.0,715.824,332.986,1.0,701.718,342.182,1.0,711.991,379.849,1.0,705.177,380.348,1.0,703.0,391.39,1.0,706.279,403.199,1.0,714.22,411.427,1.0,589.518,576.083,1.0,591.759,596.427,1.0,588.601,596.734,1.0,592.689,599.371,1.0,602.075,602.145,1.0,768.656,656.702,1.0,769.18,647.934,1.0,765.83,641.366,1.0,765.193,628.999,1.0,765.061,619.713,1.0
522,669.146,470.25,1.0,662.474,465.303,1.0,648.179,478.273,1.0,635.751,477.603,1.0,629.14,478.089,1.0,701.757,320.803,1.0,710.537,322.853,1.0,717.464,329.916,1.0,715.539,332.766,1.0,701.978,341.391,1.0,711.991,380.233,1.0,704.796,380.348,1.0,702.811,391.39,1.0,706.325,403.226,1.0,714.214,411.505,1.0,589.518,576.042,1.0,590.673,595.763,1.0,589.991,596.648,1.0,593.069,599.371,1.0,602.33,602.24,0.9980000257492065,772.146,656.922,1.0,769.996,648.58,1.0,764.649,641.544,1.0,764.58,629.841,1.0,765.239,620.292,1.0
523,669.243,470.234,1.0,660.357,472.495,1.0,648.891,477.982,1.0,636.714,477.603,1.0,629.812,478.089,1.0,701.332,320.803,1.0,710.47,321.478,1.0,717.464,329.916,1.0,706.268,332.456,1.0,701.978,341.391,1.0,710.905,380.804,1.0,703.905,383.302,1.0,702.726,392.171,1.0,706.584,403.939,1.0,714.214,411.859,1.0,591.171,575.786,0.9950000047683716,591.759,588.519,0.9990000128746033,589.991,596.48,1.0,593.092,596.496,1.0,602.319,602.361,0.9919999837875366,774.164,662.649,1.0,772.033,653.324,1.0,764.61,645.504,1.0,764.109,630.265,1.0,765.719,621.465,1.0
524,669.62,469.963,1.0,660.357,472.865,1.0,650.18,476.759,1.0,639.635,475.433,1.0,630.615,477.606,1.0,700.995,320.803,1.0,710.016,320.656,1.0,717.291,328.908,1.0,706.133,332.164,1.0,701.978,341.391,1.0,710.815,380.885,1.0,703.465,383.302,1.0,702.642,392.279,1.0,707.076,404.153,1.0,714.22,411.859,1.0,591.171,572.303,1.0,591.618,584.871,1.0,589.991,593.149,1.0,593.103,596.502,1.0,602.319,602.829,1.0,774.353,663.401,1.0,772.074,653.732,1.0,764.61,645.518,1.0,764.109,633.24,1.0,765.963,622.504,1.0
525,669.77,469.137,1.0,660.357,473.488,1.0,650.747,476.49,1.0,641.233,474.141,1.0,631.58,476.937,1.0,700.446,319.702,1.0,708.959,319.973,1.0,716.851,327.242,1.0,705.709,330.717,1.0,702.369,341.161,1.0,710.743,381.109,1.0,703.142,383.477,1.0,702.627,392.491,1.0,707.238,404.162,1.0,714.059,411.859,1.0,592.097,569.559,1.0,591.188,583.749,1.0,589.991,591.185,1.0,593.188,596.496,1.0,602.319,602.829,1.0,774.353,663.648,1.0,772.074,654.364,1.0,764.649,646.49,1.0,764.519,635.939,1.0,766.718,625.107,1.0
526,670.54,465.359,1.0,664.99,473.019,1.0,653.88,472.866,1.0,643.113,473.979,1.0,631.58,475.87,1.0,699.859,319.644,1.0,708.086,318.774,1.0,712.719,325.087,1.0,705.709,330.278,1.0,702.51,340.863,1.0,710.815,381.325,1.0,703.142,383.338,1.0,702.642,392.491,1.0,707.307,404.345,1.0,714.059,411.742,1.0,592.097,569.559,1.0,591.188,583.749,1.0,589.991,591.185,1.0,593.327,596.496,1.0,602.319,602.829,1.0,774.353,663.648,1.0,772.033,654.526,1.0,764.786,646.657,1.0,764.519,636.117,1.0,766.827,625.172,1.0
527,672.762,460.39,1.0,668.269,473.414,1.0,655.865,472.531,1.0,644.216,473.979,1.0,631.803,475.615,1.0,699.857,319.644,1.0,708.086,318.358,1.0,712.645,324.99,1.0,705.709,330.263,1.0,702.621,340.761,1.0,710.905,381.422,1.0,703.142,383.338,1.0,702.642,392.491,1.0,707.453,404.345,1.0,714.375,411.742,1.0,592.097,569.559,1.0,591.188,583.749,1.0,589.774,591.185,1.0,593.443,596.232,1.0,602.319,602.829,1.0,774.353,663.648,1.0,771.536,654.598,1.0,764.786,646.686,1.0,764.519,636.308,1.0,767.04,625.26,1.0
528,672.896,460.39,1.0,668.329,473.414,1.0,655.964,472.473,1.0,644.289,473.51,1.0,631.803,475.615,1.0,699.857,319.702,1.0,708.086,318.184,1.0,712.47,324.99,1.0,705.756,330.071,1.0,702.837,340.251,1.0,710.815,381.442,1.0,703.112,383.468,1.0,703.016,392.521,1.0,707.973,404.414,1.0,714.488,411.742,1.0,588.855,575.337,1.0,590.376,584.054,1.0,589.722,594.578,1.0,594.395,596.502,1.0,602.416,602.945,1.0,773.69,663.648,1.0,771.143,654.861,1.0,764.786,646.929,1.0,764.519,636.867,1.0,767.49,625.656,1.0
529,673.02,460.39,1.0,668.508,473.019,1.0,656.058,471.977,1.0,644.53,473.31,1.0,631.925,475.87,1.0,699.857,320.425,1.0,708.086,318.029,1.0,712.461,324.99,1.0,706.155,330.07,1.0,703.254,339.002,1.0,711.044,381.442,1.0,703.406,383.477,1.0,703.411,392.911,1.0,708.083,405.197,1.0,715.067,411.746,1.0,584.615,577.906,1.0,590.376,586.752,1.0,590.064,596.935,1.0,595.665,596.589,1.0,602.649,603.738,1.0,773.69,663.648,1.0,771.143,656.596,1.0,764.786,647.48,1.0,764.64,639.267,1.0,768.282,626.993,1.0
530,675.964,464.006,1.0,668.546,472.015,1.0,656.963,471.543,1.0,645.525,473.31,1.0,631.925,476.207,1.0,700.01,320.425,1.0,708.086,317.412,1.0,712.461,324.99,1.0,706.993,329.563,1.0,704.281,338.288,1.0,711.146,381.422,1.0,703.469,383.468,1.0,703.411,392.911,1.0,708.083,405.197,1.0,715.067,411.746,1.0,582.579,579.679,1.0,590.376,587.121,1.0,590.688,597.073,1.0,595.665,597.002,1.0,602.972,603.928,1.0,773.538,667.189,1.0,771.143,659.239,1.0,764.786,649.237,1.0,764.64,640.325,1.0,768.476,627.714,1.0
531,676.249,464.139,1.0,668.735,471.995,1.0,656.963,471.464,1.0,645.993,473.31,1.0,632.137,476.427,1.0,700.36,320.425,1.0,708.143,317.181,1.0,712.334,324.943,1.0,708.134,328.341,1.0,706.247,337.236,1.0,711.261,377.962,1.0,703.757,383.468,1.0,703.411,392.911,1.0,708.083,405.197,1.0,715.067,411.746,1.0,582.579,587.681,1.0,590.801,587.121,1.0,591.155,597.073,1.0,595.665,597.002,1.0,602.972,603.928,1.0,773.369,669.159,1.0,772.099,661.063,1.0,768.21,654.053,1.0,767.396,641.877,1.0,768.7,631.853,1.0
532,676.249,464.139,1.0,668.772,471.907,1.0,656.963,471.322,1.0,646.144,473.31,1.0,632.342,476.545,1.0,700.36,320.009,1.0,708.08,316.964,1.0,711.087,324.57,1.0,708.134,328.034,1.0,707.5,337.057,1.0,711.647,377.862,1.0,704.586,379.163,1.0,703.227,391.364,1.0,707.922,403.494,1.0,715.039,411.806,1.0,582.579,588.256,1.0,590.801,587.121,1.0,591.513,597.073,1.0,594.539,598.354,1.0,603.348,603.928,1.0,772.395,669.301,1.0,772.114,661.214,1.0,768.234,654.284,1.0,767.786,642.197,1.0,768.476,632.411,1.0
533,676.256,464.006,1.0,668.786,471.534,1.0,657.013,469.715,1.0,647.774,473.32,1.0,633.775,477.201,1.0,700.428,319.69,1.0,707.567,316.946,1.0,711.029,324.487,1.0,708.134,328.034,1.0,708.139,337.057,1.0,711.95,376.506,1.0,704.602,378.771,1.0,703.061,391.278,1.0,707.666,403.316,1.0,715.039,411.806,1.0,582.71,588.256,1.0,590.801,586.475,1.0,591.513,595.551,1.0,594.388,598.354,1.0,603.464,603.084,1.0,771.836,669.724,1.0,772.116,662.316,1.0,768.779,654.442,1.0,767.798,643.973,1.0,768.282,634.018,1.0
534,676.72,463.486,1.0,669.611,471.177,1.0,657.013,469.715,1.0,647.774,473.32,1.0,637.389,478.533,1.0,700.428,315.914,1.0,705.868,314.464,1.0,709.668,324.487,1.0,707.231,328.034,1.0,708.521,337.236,1.0,711.95,376.528,1.0,704.602,378.234,1.0,702.786,390.616,1.0,707.259,403.166,1.0,715.011,411.839,1.0,582.71,588.256,1.0,590.299,586.347,1.0,591.513,594.725,1.0,594.375,598.354,1.0,603.91,602.608,1.0,771.493,669.724,1.0,772.116,662.579,1.0,769.238,655.169,1.0,767.798,646.932,1.0,767.532,634.025,1.0
535,678.747,463.305,1.0,670.55,470.922,1.0,657.371,469.715,1.0,647.774,472.782,1.0,637.828,478.838,1.0,700.362,315.572,1.0,705.729,314.202,1.0,709.668,324.57,1.0,707.042,328.034,1.0,708.521,338.431,1.0,711.95,376.528,1.0,704.602,378.234,1.0,702.786,390.616,1.0,707.259,403.166,1.0,715.011,411.839,1.0,582.71,587.871,1.0,589.845,585.067,1.0,591.361,593.549,1.0,594.187,598.088,1.0,603.91,602.338,1.0,770.907,670.252,1.0,772.114,663.32,1.0,769.984,655.646,1.0,767.883,647.009,1.0,767.432,634.076,1.0
536,679.044,463.305,1.0,671.466,470.371,1.0,657.847,469.947,1.0,646.998,471.416,1.0,638.47,478.952,1.0,700.317,315.532,1.0,705.4,314.202,1.0,709.668,324.133,1.0,706.684,327.959,1.0,708.521,338.431,1.0,711.897,376.528,1.0,704.408,378.234,1.0,702.786,390.616,1.0,707.259,403.166,1.0,715.011,411.839,1.0,582.655,587.871,1.0,589.772,584.852,1.0,591.161,593.054,1.0,594.032,598.065,1.0,603.464,602.338,1.0,770.907,670.404,1.0,772.114,663.429,1.0,770.099,655.931,1.0,768.073,647.087,1.0,767.301,634.674,1.0
537,679.044,463.305,1.0,671.536,470.181,1.0,657.847,472.515,1.0,646.998,471.045,1.0,638.577,478.952,1.0,700.114,315.532,1.0,705.311,314.202,1.0,710.484,324.507,1.0,706.567,327.959,1.0,707.767,338.431,1.0,711.897,377.893,1.0,704.333,378.938,1.0,703.506,391.351,1.0,708.006,404.062,1.0,715.176,411.734,1.0,582.446,587.871,1.0,589.69,584.639,1.0,591.157,593.035,1.0,593.804,597.915,1.0,603.42,602.338,1.0,770.907,670.645,1.0,772.11,663.429,1.0,770.257,656.703,1.0,768.073,647.674,1.0,766.775,635.208,1.0
538,679.46,463.305,1.0,671.971,469.46,1.0,659.277,472.515,1.0,646.998,470.876,1.0,638.81,478.952,1.0,699.913,315.435,1.0,704.792,314.558,1.0,710.669,324.587,1.0,706.485,326.866,1.0,707.084,337.229,1.0,711.636,379.084,1.0,704.263,384.857,1.0,704.348,393.901,1.0,708.763,405.881,1.0,715.616,411.734,1.0,581.188,587.907,1.0,589.453,583.695,1.0,591.041,592.261,1.0,593.804,597.667,1.0,603.186,602.563,1.0,771.097,670.645,1.0,772.11,663.567,1.0,770.257,657.652,1.0,768.073,648.408,1.0,766.672,636.373,1.0
539,679.676,463.305,1.0,671.971,469.188,1.0,659.656,472.515,1.0,648.967,470.876,1.0,639.573,475.564,1.0,699.913,315.435,1.0,704.792,314.624,1.0,711.126,324.587,1.0,706.485,326.538,1.0,706.76,337.229,1.0,710.84,381.046,1.0,704.257,386.363,1.0,704.547,394.362,1.0,709.091,407.309,1.0,716.495,411.729,1.0,581.168,587.907,1.0,589.252,583.676,1.0,590.732,592.213,1.0,593.804,597.504,1.0,602.9,602.568,1.0,772.011,671.03,1.0,772.11,664.009,1.0,770.257,657.841,1.0,767.573,648.814,1.0,766.476,637.72,1.0
540,680.842,462.138,1.0,672.229,467.563,1.0,661.312,472.117,1.0,650.149,470.876,1.0,641.517,475.151,1.0,699.913,315.435,1.0,704.792,314.624,1.0,711.758,324.552,1.0,706.684,326.273,1.0,706.533,337.229,1.0,702.195,383.866,1.0,703.736,386.363,1.0,705.013,394.362,1.0,709.091,407.317,1.0,716.495,411.7,1.0,580.942,587.907,1.0,588.982,582.843,1.0,590.73,591.355,1.0,593.796,597.504,1.0,602.532,602.642,1.0,776.527,675.069,1.0,772.554,667.013,1.0,767.991,659.64,1.0,767.187,649.879,1.0,766.048,639.873,1.0
541,684.058,460.932,1.0,672.784,467.532,1.0,663.071,468.923,1.0,650.602,471.054,1.0,641.64,475.151,1.0,700.137,315.162,1.0,704.9,314.624,1.0,712.089,324.552,1.0,706.348,324.966,1.0,706.533,337.229,1.0,701.66,384.868,1.0,703.278,386.363,1.0,705.321,394.527,1.0,709.091,407.652,1.0,716.495,411.7,1.0,580.436,587.346,1.0,588.66,582.572,1.0,590.73,591.355,1.0,593.789,597.504,1.0,602.383,602.72,1.0,777.109,685.227,1.0,772.733,671.627,1.0,767.788,663.667,1.0,767.187,651.412,1.0,766.476,642.597,1.0
542,685.51,462.138,1.0,674.396,467.532,1.0,663.071,468.787,1.0,650.602,471.058,1.0,641.64,475.151,1.0,702.788,309.039,1.0,705.109,313.814,1.0,713.088,324.552,1.0,706.348,324.624,1.0,706.76,337.197,1.0,700.691,384.916,1.0,703.278,386.137,1.0,705.321,394.527,1.0,708.681,407.694,1.0,716.54,411.771,1.0,580.031,586.396,1.0,588.616,582.572,1.0,590.73,590.831,1.0,591.489,602.435,1.0,598.233,603.402,1.0,777.109,685.775,1.0,772.826,671.651,1.0,767.686,663.995,1.0,767.187,653.572,1.0,766.476,644.962,1.0
543,685.51,461.859,1.0,672.872,467.532,1.0,663.071,468.787,1.0,650.602,471.058,1.0,641.517,475.596,1.0,703.227,301.497,1.0,705.275,310.578,1.0,715.704,320.719,1.0,706.529,324.598,1.0,707.052,337.18,1.0,700.475,384.933,1.0,703.452,386.137,1.0,705.438,394.527,1.0,708.369,407.694,1.0,716.54,411.771,1.0,579.437,585.344,1.0,587.952,582.572,1.0,590.457,590.831,1.0,591.415,602.435,1.0,596.906,603.625,1.0,777.164,685.898,1.0,772.826,671.809,1.0,767.686,665.754,1.0,768.226,655.207,1.0,766.878,648.547,1.0
544,685.51,462.138,1.0,672.872,467.532,1.0,662.271,468.787,1.0,650.429,471.149,1.0,641.321,475.943,1.0,703.227,301.1,1.0,705.285,310.479,1.0,715.704,320.566,1.0,706.515,324.598,1.0,707.557,336.94,1.0,700.408,384.933,1.0,703.452,386.108,1.0,705.438,394.527,1.0,708.33,407.652,1.0,716.698,411.771,1.0,578.836,585.132,1.0,586.889,582.572,1.0,590.457,590.831,1.0,591.014,602.435,1.0,596.631,603.687,1.0,777.109,685.898,1.0,772.554,671.809,1.0,767.686,665.754,1.0,768.263,655.646,1.0,767.253,648.566,1.0
545,675.394,461.859,1.0,672.872,468.555,1.0,660.187,473.263,1.0,649.158,471.26,1.0,641.058,475.943,1.0,703.227,300.952,1.0,705.373,309.981,1.0,715.704,320.339,1.0,705.979,324.383,1.0,708.418,336.94,1.0,700.408,384.916,1.0,703.452,386.108,1.0,705.438,394.527,1.0,708.129,407.652,1.0,716.698,411.771,1.0,578.269,584.686,1.0,586.749,581.776,1.0,590.733,591.035,1.0,589.942,601.91,1.0,595.23,603.687,1.0,777.001,685.898,1.0,773.055,672.12,1.0,767.686,665.754,1.0,768.265,656.129,1.0,767.253,648.589,1.0
546,674.422,461.859,1.0,671.207,471.987,1.0,659.738,473.947,1.0,646.837,471.452,1.0,640.888,476.202,1.0,702.576,300.296,1.0,705.373,309.374,1.0,715.511,318.928,1.0,706.515,324.071,1.0,708.469,336.94,1.0,698.614,384.933,1.0,704.288,384.284,1.0,705.284,393.475,1.0,707.626,406.254,1.0,716.698,411.848,1.0,577.619,581.4,1.0,586.522,581.371,1.0,590.897,590.831,1.0,590.108,600.536,1.0,594.448,603.687,1.0,776.891,685.898,1.0,773.055,673.313,1.0,769.406,665.711,1.0,768.477,656.155,1.0,767.003,649.333,1.0
547,671.292,461.859,1.0,670.81,471.987,1.0,659.738,473.947,1.0,646.782,471.501,1.0,640.674,476.202,1.0,702.27,299.979,1.0,705.307,308.335,1.0,714.156,317.337,1.0,706.529,324.071,1.0,713.878,336.94,1.0,698.39,384.933,1.0,704.288,384.001,1.0,705.257,393.07,1.0,706.698,405.025,1.0,716.354,411.848,1.0,576.757,581.4,1.0,586.343,580.682,1.0,590.897,590.484,1.0,590.108,598.112,1.0,594.448,603.182,1.0,777.001,685.898,1.0,773.962,676.043,1.0,771.094,665.711,1.0,768.508,656.473,1.0,767.253,649.333,1.0
548,669.736,466.527,1.0,670.247,471.987,1.0,660.103,473.263,1.0,646.192,471.501,1.0,640.629,476.448,1.0,702.147,299.979,1.0,705.307,308.2,1.0,713.444,317.337,1.0,707.01,324.071,1.0,714.639,336.393,1.0,697.036,384.02,1.0,702.706,383.803,1.0,704.809,393.031,1.0,706.466,404.982,1.0,716.265,411.848,1.0,576.699,581.337,1.0,586.204,580.682,1.0,591.066,590.318,1.0,590.108,596.082,1.0,594.196,602.653,1.0,775.55,686.508,1.0,774.442,677.506,1.0,771.147,665.711,1.0,769.836,660.171,1.0,767.414,649.551,1.0
549,669.633,469.035,1.0,669.562,472.233,1.0,660.103,472.555,1.0,645.109,471.501,1.0,639.807,476.448,1.0,702.147,299.979,1.0,705.333,308.2,1.0,713.444,316.986,1.0,708.0,332.108,1.0,717.119,331.963,1.0,697.036,384.02,1.0,702.706,383.758,1.0,704.681,392.746,1.0,706.459,404.884,1.0,716.07,411.848,1.0,576.699,581.4,1.0,586.204,580.682,1.0,591.116,589.646,1.0,590.108,595.412,1.0,594.091,602.605,1.0,775.193,689.532,1.0,774.442,681.529,1.0,771.788,669.724,1.0,770.838,663.468,1.0,768.102,650.091,1.0
550,668.751,472.984,1.0,669.329,471.024,1.0,660.157,472.021,1.0,645.109,471.309,1.0,639.446,476.821,1.0,702.147,299.982,1.0,705.333,308.069,1.0,713.114,316.986,1.0,708.41,332.108,1.0,717.365,331.925,1.0,698.39,385.557,1.0,708.557,383.73,1.0,704.097,392.333,1.0,706.295,404.027,1.0,715.895,412.057,1.0,576.282,581.441,1.0,586.036,580.695,1.0,591.116,589.091,1.0,590.264,595.412,1.0,594.091,602.355,1.0,774.312,690.407,1.0,774.442,682.56,1.0,772.412,670.277,1.0,770.947,663.653,1.0,768.199,650.567,1.0
551,668.035,473.587,1.0,666.728,470.067,1.0,662.264,469.486,1.0,645.109,471.309,1.0,639.446,477.737,1.0,702.301,300.126,1.0,705.621,307.774,1.0,711.658,321.945,1.0,708.41,332.108,1.0,717.365,331.925,1.0,698.023,383.714,1.0,703.978,383.653,1.0,704.008,392.243,1.0,706.295,403.671,1.0,715.566,412.13,1.0,576.141,581.441,1.0,585.623,582.178,1.0,591.066,589.091,1.0,590.264,595.368,1.0,592.913,602.355,1.0,773.952,690.407,1.0,774.463,683.118,1.0,772.564,671.93,1.0,770.949,665.566,1.0,768.199,652.957,1.0
552,666.993,475.729,1.0,665.44,470.47,1.0,662.264,469.426,1.0,646.262,471.309,1.0,639.446,478.112,1.0,702.509,300.204,1.0,705.874,307.831,1.0,711.658,321.956,1.0,708.41,331.956,1.0,717.235,331.963,1.0,698.023,383.628,1.0,704.672,383.462,1.0,703.733,392.128,1.0,706.183,403.617,1.0,715.553,412.225,1.0,575.935,581.337,1.0,583.103,582.327,1.0,589.341,589.091,1.0,590.264,595.178,1.0,592.913,602.355,1.0,773.852,690.407,1.0,774.377,683.594,1.0,772.595,672.525,1.0,770.949,665.686,1.0,768.159,653.453,1.0
553,666.993,476.842,1.0,665.44,470.47,1.0,662.278,468.6,1.0,647.696,471.25,1.0,639.826,480.194,1.0,702.627,300.291,1.0,705.949,308.069,1.0,711.69,321.956,1.0,708.641,331.769,1.0,717.119,332.199,1.0,698.023,382.222,1.0,705.048,383.239,1.0,703.223,390.981,1.0,706.183,402.039,1.0,715.329,412.215,1.0,575.307,579.562,1.0,581.22,582.327,1.0,589.149,588.649,1.0,590.264,594.628,1.0,592.913,602.532,1.0,773.852,690.407,1.0,774.377,683.594,1.0,772.765,672.556,1.0,770.949,665.686,1.0,768.159,653.643,1.0
554,666.993,476.842,1.0,665.44,470.47,1.0,662.662,468.6,1.0,648.115,471.25,1.0,640.145,480.352,1.0,702.627,300.204,1.0,705.949,308.069,1.0,711.658,321.956,1.0,708.674,331.698,1.0,717.235,332.238,1.0,696.815,378.607,1.0,705.048,382.89,1.0,703.223,390.103,1.0,706.183,401.249,1.0,715.329,412.225,1.0,573.239,578.942,1.0,579.995,582.178,1.0,588.561,588.576,1.0,591.143,594.628,1.0,593.245,602.532,1.0,773.852,690.342,1.0,774.463,683.477,1.0,773.508,673.016,1.0,770.949,665.686,1.0,768.199,654.126,1.0
555,668.027,480.157,1.0,665.381,473.794,1.0,663.492,468.6,1.0,649.606,471.174,1.0,641.05,480.352,1.0,702.627,300.204,1.0,706.172,308.467,1.0,711.457,321.945,1.0,708.224,331.671,1.0,716.973,332.242,1.0,696.815,377.014,1.0,704.672,382.29,1.0,703.002,389.212,1.0,706.183,400.749,1.0,715.317,412.439,1.0,573.101,578.942,1.0,579.564,581.442,1.0,588.293,587.898,1.0,591.143,592.604,1.0,593.553,602.532,1.0,775.021,690.342,1.0,774.802,683.477,1.0,773.508,674.217,1.0,770.127,666.175,1.0,769.012,655.392,1.0
556,668.027,480.176,1.0,665.461,473.93,1.0,663.934,468.611,1.0,649.726,471.124,1.0,641.435,480.352,1.0,702.627,300.802,1.0,706.172,308.537,1.0,711.457,321.745,1.0,708.224,331.507,1.0,716.921,332.349,1.0,696.558,376.38,1.0,705.048,382.056,1.0,703.002,389.148,1.0,706.183,400.611,1.0,715.25,412.468,1.0,572.906,578.942,1.0,579.397,581.442,1.0,588.561,587.693,1.0,591.198,592.604,1.0,594.333,602.517,1.0,775.165,690.81,1.0,774.802,683.837,1.0,773.508,674.962,1.0,770.127,666.371,1.0,769.785,657.155,1.0
557,668.027,480.552,1.0,665.461,474.731,1.0,664.011,468.659,1.0,649.875,471.111,1.0,641.654,480.054,1.0,699.789,302.526,1.0,706.663,309.477,1.0,706.792,319.985,1.0,707.138,329.367,1.0,716.921,332.559,1.0,696.815,376.38,1.0,705.048,382.03,1.0,702.695,389.113,1.0,706.385,400.429,1.0,715.233,412.639,1.0,572.906,578.942,1.0,579.013,581.442,1.0,588.293,587.589,1.0,591.143,592.604,1.0,594.333,602.228,1.0,777.25,702.259,1.0,774.802,688.92,1.0,773.231,679.158,1.0,770.127,670.904,1.0,769.869,664.011,1.0
558,667.633,493.766,1.0,665.311,476.537,1.0,664.267,468.757,1.0,649.875,470.91,1.0,641.767,480.054,1.0,699.342,302.595,1.0,707.477,309.477,1.0,706.378,319.904,1.0,707.094,329.289,1.0,716.912,332.737,1.0,699.641,376.727,1.0,704.694,381.948,1.0,702.351,388.837,1.0,706.091,400.429,1.0,715.155,412.639,1.0,571.796,579.056,1.0,578.811,581.602,1.0,587.909,587.589,1.0,591.01,592.606,1.0,594.333,602.228,1.0,777.272,702.276,1.0,774.695,689.016,1.0,773.231,680.411,1.0,770.426,671.707,1.0,769.869,664.541,1.0
559,667.558,493.766,1.0,665.235,476.537,1.0,664.267,468.757,1.0,649.875,470.91,1.0,641.78,480.054,1.0,699.061,302.595,1.0,707.911,309.168,1.0,705.869,319.562,1.0,706.853,329.218,1.0,716.288,332.767,1.0,699.641,376.727,1.0,704.564,381.863,1.0,702.351,388.837,1.0,706.088,400.23,1.0,715.123,412.468,1.0,571.688,579.056,1.0,578.439,581.799,1.0,586.968,587.898,1.0,590.574,592.606,1.0,593.553,602.445,1.0,777.272,702.276,1.0,774.687,689.684,1.0,773.231,680.452,1.0,770.803,671.707,1.0,769.785,665.37,1.0
560,667.558,493.766,1.0,665.311,476.552,1.0,664.27,469.035,1.0,649.875,470.846,1.0,641.946,479.849,1.0,698.991,302.686,1.0,707.66,309.168,1.0,705.787,319.201,1.0,706.6,329.156,1.0,716.258,332.767,1.0,699.285,376.312,1.0,704.347,381.512,1.0,702.695,388.837,1.0,706.088,399.05,1.0,714.304,412.281,1.0,571.288,578.938,1.0,578.337,581.802,1.0,586.675,589.512,1.0,590.538,592.639,1.0,592.87,602.445,1.0,777.272,702.276,1.0,774.607,689.366,1.0,773.365,680.635,1.0,771.321,671.707,1.0,769.869,665.423,1.0
561,667.558,493.263,1.0,665.311,476.631,1.0,664.27,469.035,1.0,650.243,470.626,1.0,642.284,480.066,1.0,698.673,302.686,1.0,707.66,309.168,1.0,705.728,319.06,1.0,706.369,328.849,1.0,716.258,332.737,1.0,699.285,376.312,1.0,703.978,380.678,1.0,704.668,392.361,1.0,706.385,397.284,1.0,713.553,411.942,1.0,570.746,578.921,1.0,577.754,581.799,1.0,585.722,589.588,1.0,590.323,592.639,1.0,592.66,602.469,1.0,777.272,702.259,1.0,774.607,689.684,1.0,773.518,680.674,1.0,771.792,671.707,1.0,769.891,666.073,1.0
562,667.573,493.263,1.0,671.719,479.522,1.0,664.285,469.713,1.0,650.936,470.168,1.0,644.638,480.256,1.0,698.642,302.686,1.0,707.477,309.06,1.0,705.069,318.953,1.0,705.818,328.327,1.0,716.111,332.56,1.0,699.161,375.888,1.0,703.918,379.848,1.0,705.974,392.749,1.0,707.546,396.495,1.0,713.437,410.982,1.0,570.745,578.822,1.0,577.615,581.799,1.0,585.518,589.97,1.0,590.323,598.331,1.0,592.637,602.819,1.0,777.272,702.237,1.0,774.251,689.755,1.0,773.535,680.836,1.0,771.808,671.762,1.0,769.77,666.138,1.0
563,670.471,493.263,1.0,672.418,481.446,1.0,664.346,472.774,1.0,651.316,470.168,1.0,645.112,480.256,1.0,698.673,302.742,1.0,706.838,308.84,1.0,705.069,316.975,1.0,705.297,325.621,1.0,716.111,331.905,1.0,699.161,375.765,1.0,703.918,379.734,1.0,706.526,392.749,1.0,707.557,396.393,1.0,711.826,410.98,1.0,570.489,578.822,1.0,577.213,581.799,1.0,585.518,590.316,1.0,590.323,598.331,1.0,592.28,603.283,1.0,776.911,702.237,1.0,774.251,690.715,1.0,773.558,681.071,1.0,773.558,673.433,1.0,769.985,666.301,1.0
564,670.757,493.623,1.0,672.768,481.584,1.0,664.346,473.435,1.0,651.316,470.168,1.0,645.651,480.104,1.0,698.637,302.742,1.0,706.168,308.828,1.0,705.069,315.562,1.0,705.247,324.03,1.0,716.045,331.385,1.0,699.161,375.741,1.0,703.918,379.704,1.0,706.744,392.361,1.0,707.557,396.368,1.0,711.698,410.115,1.0,570.071,578.871,1.0,577.115,581.952,1.0,585.465,590.685,1.0,590.323,598.331,1.0,592.228,603.345,1.0,776.911,702.826,1.0,774.251,692.733,1.0,774.079,681.449,1.0,773.558,675.265,1.0,770.129,666.584,1.0
565,672.771,493.652,1.0,672.768,481.633,1.0,664.285,473.435,1.0,651.146,471.146,1.0,645.68,480.241,1.0,698.637,302.742,1.0,706.168,308.676,1.0,705.177,314.282,1.0,705.202,323.235,1.0,716.087,331.274,1.0,699.161,375.741,1.0,704.896,379.329,1.0,708.132,391.299,1.0,707.588,396.357,1.0,711.271,409.936,1.0,570.071,578.858,1.0,577.115,582.143,1.0,585.465,590.685,1.0,589.148,598.803,1.0,592.228,603.552,1.0,776.76,703.811,1.0,774.251,695.812,1.0,774.079,685.852,1.0,773.558,678.095,1.0,770.68,666.615,1.0
566,672.896,493.652,1.0,672.768,481.633,1.0,663.654,473.435,1.0,650.936,471.146,1.0,645.974,480.241,1.0,698.69,302.758,1.0,706.168,308.638,1.0,705.756,313.851,1.0,705.177,322.462,1.0,716.087,331.19,1.0,699.161,375.741,1.0,704.896,378.773,1.0,708.598,390.91,1.0,707.588,396.052,1.0,710.82,409.679,1.0,570.489,578.871,1.0,577.213,582.21,1.0,585.264,590.752,1.0,588.795,594.599,1.0,592.148,603.552,1.0,774.305,706.288,1.0,774.251,699.144,1.0,774.169,688.388,1.0,773.47,680.712,1.0,770.941,668.606,1.0
567,672.782,493.652,1.0,672.037,481.961,1.0,663.654,470.705,1.0,651.146,471.328,1.0,646.016,480.241,1.0,698.69,302.713,1.0,706.712,308.44,1.0,705.763,313.788,1.0,705.177,322.211,1.0,716.087,330.639,1.0,695.479,375.929,1.0,704.896,378.773,1.0,708.598,390.91,1.0,707.652,395.796,1.0,710.574,409.65,1.0,571.148,579.064,1.0,577.473,582.238,1.0,585.122,590.933,1.0,588.624,594.559,1.0,592.027,603.283,1.0,772.223,706.347,1.0,774.07,700.74,1.0,774.441,688.388,1.0,773.337,680.863,1.0,770.941,669.149,1.0
568,672.771,493.652,1.0,672.037,482.4,1.0,663.654,470.705,1.0,651.146,471.146,1.0,646.1,480.241,1.0,698.602,302.713,1.0,706.712,308.079,1.0,706.219,313.698,1.0,705.202,322.211,1.0,716.087,330.639,1.0,695.479,376.251,1.0,704.005,378.773,1.0,708.598,390.751,1.0,707.67,395.071,1.0,710.57,408.885,1.0,571.148,579.064,1.0,577.473,582.238,1.0,584.776,590.933,1.0,588.624,594.599,1.0,591.408,603.406,1.0,772.184,706.347,1.0,773.912,700.74,1.0,774.441,688.388,1.0,773.337,680.863,1.0,770.941,669.149,1.0
569,672.771,493.766,1.0,671.819,482.594,1.0,664.459,470.705,1.0,654.252,469.846,1.0,646.458,480.241,1.0,698.583,302.713,1.0,706.712,307.884,1.0,706.219,313.479,1.0,705.202,322.211,1.0,716.087,330.094,1.0,695.138,376.251,1.0,703.113,378.77,1.0,707.253,390.692,1.0,707.863,394.356,1.0,709.351,408.326,1.0,571.148,578.858,0.9919999837875366,577.473,583.605,1.0,584.776,589.298,1.0,587.674,597.201,1.0,591.408,601.401,0.9990000128746033,772.184,706.347,1.0,773.912,700.74,1.0,774.441,688.388,1.0,773.47,680.921,1.0,771.277,669.158,1.0
570,672.782,493.766,1.0,671.819,484.829,1.0,664.613,476.361,1.0,654.921,469.846,1.0,648.255,477.664,1.0,698.516,302.629,1.0,706.688,307.745,1.0,706.219,313.479,1.0,706.597,322.189,1.0,715.76,330.094,1.0,695.479,375.929,1.0,702.854,378.662,1.0,707.188,390.458,1.0,707.863,394.323,1.0,709.283,408.146,1.0,570.505,578.716,1.0,576.211,583.605,1.0,584.302,589.401,1.0,587.674,597.201,1.0,591.408,601.401,1.0,772.223,706.362,1.0,773.912,700.438,1.0,774.291,688.388,1.0,773.47,680.921,1.0,771.435,669.158,1.0
571,672.782,494.841,1.0,672.475,486.751,1.0,667.606,477.695,1.0,658.416,470.263,1.0,648.255,477.341,1.0,698.251,301.597,1.0,705.94,306.54,1.0,704.776,313.479,1.0,712.814,320.242,1.0,715.176,330.511,1.0,696.605,369.667,1.0,702.254,377.911,1.0,703.667,386.897,1.0,707.863,393.626,1.0,709.205,407.989,1.0,568.27,578.201,1.0,576.049,583.605,1.0,584.302,589.261,1.0,587.674,597.201,1.0,592.011,601.401,1.0,772.51,706.459,1.0,773.984,700.438,1.0,774.291,689.552,1.0,773.337,680.921,1.0,771.673,669.72,1.0
572,675.457,495.391,1.0,672.475,487.035,1.0,667.921,479.465,1.0,660.307,469.917,1.0,648.399,475.987,1.0,697.897,298.011,1.0,701.807,302.316,1.0,704.607,313.004,1.0,712.814,316.21,1.0,715.176,330.8,1.0,696.657,369.057,1.0,702.005,377.884,1.0,703.667,386.428,1.0,708.025,393.572,1.0,709.039,407.782,1.0,568.27,577.901,1.0,575.934,583.605,1.0,584.258,588.947,1.0,587.674,597.201,1.0,592.011,601.401,1.0,774.345,706.77,1.0,773.984,700.438,1.0,773.855,689.931,1.0,772.883,680.956,1.0,771.746,672.321,1.0
573,675.534,495.529,1.0,671.417,487.128,1.0,667.985,479.465,1.0,660.909,470.021,1.0,648.516,475.723,1.0,697.897,295.426,1.0,701.807,300.96,1.0,704.062,313.004,1.0,712.814,315.881,1.0,715.19,330.511,1.0,696.605,367.419,1.0,701.774,376.77,1.0,703.667,386.25,1.0,708.025,393.48,1.0,709.027,407.678,1.0,568.27,577.412,1.0,575.934,584.029,1.0,583.863,588.947,1.0,587.278,596.441,1.0,592.458,601.401,1.0,774.807,716.747,1.0,774.099,704.819,1.0,773.073,695.624,1.0,772.883,685.743,1.0,772.829,679.342,1.0
574,675.899,495.529,1.0,672.483,487.395,1.0,667.921,479.465,1.0,660.972,470.263,1.0,648.657,475.626,1.0,696.573,293.752,1.0,701.645,300.068,1.0,703.092,313.004,1.0,712.595,314.834,1.0,714.967,330.511,1.0,696.605,366.405,1.0,701.749,376.106,1.0,704.826,385.994,1.0,707.803,393.121,1.0,708.6,407.074,1.0,570.185,577.31,1.0,576.049,584.029,1.0,583.816,587.728,1.0,585.827,596.264,1.0,592.458,601.066,1.0,774.827,719.32,1.0,774.099,705.762,1.0,773.021,697.279,1.0,772.883,688.336,1.0,772.845,681.206,1.0
575,675.905,495.391,1.0,671.685,487.395,1.0,667.903,479.317,1.0,660.972,470.757,1.0,648.657,475.626,1.0,696.35,292.224,1.0,701.807,299.556,1.0,703.065,311.046,1.0,711.753,313.847,1.0,714.967,328.724,1.0,695.741,364.577,1.0,701.503,374.72,1.0,704.953,384.829,1.0,707.8,392.828,1.0,708.6,406.914,1.0,570.185,575.751,1.0,577.035,584.355,1.0,582.976,587.158,1.0,585.409,596.102,1.0,591.662,600.784,1.0,774.904,719.523,1.0,774.037,706.146,1.0,773.021,697.452,1.0,773.356,688.357,1.0,773.058,681.318,1.0
576,675.905,494.887,1.0,671.685,487.395,1.0,667.985,479.317,1.0,660.972,470.806,1.0,648.834,475.615,1.0,696.177,290.435,1.0,701.867,299.248,1.0,703.065,310.883,1.0,711.207,312.879,1.0,714.443,327.411,1.0,695.564,364.547,1.0,701.503,374.7,1.0,704.973,384.754,1.0,707.531,392.724,1.0,708.315,406.441,1.0,570.185,574.95,1.0,577.285,584.194,1.0,582.627,587.158,1.0,585.409,593.673,1.0,590.712,600.784,1.0,775.198,719.672,1.0,774.037,706.398,1.0,773.021,697.597,1.0,773.551,688.534,1.0,773.424,681.442,1.0
577,675.905,494.887,1.0,671.762,487.655,1.0,667.985,479.317,1.0,661.11,472.731,1.0,650.181,474.71,1.0,696.101,290.318,1.0,701.877,298.849,1.0,703.092,308.979,1.0,711.053,311.781,1.0,713.848,326.501,1.0,695.533,364.337,1.0,701.485,374.7,1.0,704.953,384.686,1.0,707.486,392.484,1.0,707.944,406.136,1.0,569.622,574.674,1.0,577.486,584.101,1.0,582.627,587.158,1.0,583.655,588.758,1.0,590.712,598.395,1.0,775.198,719.523,1.0,774.037,706.398,1.0,772.971,697.597,1.0,773.605,688.534,1.0,773.424,681.683,1.0
578,675.993,494.887,1.0,671.881,487.922,1.0,668.02,481.214,1.0,661.167,474.576,1.0,651.928,473.555,1.0,696.101,289.561,1.0,702.121,298.792,1.0,703.347,308.955,1.0,711.053,311.73,1.0,713.834,326.371,1.0,695.429,364.261,1.0,701.503,374.7,1.0,704.826,384.652,1.0,707.418,392.374,1.0,707.765,406.114,1.0,569.431,574.62,1.0,577.486,584.101,1.0,582.478,587.136,1.0,583.655,587.789,1.0,590.615,597.399,1.0,774.993,719.523,1.0,774.037,707.164,1.0,772.971,698.033,1.0,773.792,689.041,1.0,773.424,682.259,1.0
579,676.11,499.681,1.0,671.881,488.822,1.0,668.653,485.131,1.0,662.753,476.585,1.0,652.033,472.735,1.0,696.177,289.407,1.0,702.268,298.535,1.0,703.586,308.605,1.0,710.898,311.703,1.0,713.684,325.86,1.0,695.429,364.261,1.0,701.622,374.72,1.0,704.816,384.57,1.0,707.383,392.318,1.0,707.762,405.542,1.0,569.431,574.62,1.0,577.285,584.101,1.0,582.478,586.88,1.0,583.655,587.425,1.0,590.6,597.258,1.0,774.993,719.672,1.0,773.442,709.72,1.0,772.849,698.042,1.0,773.826,691.461,1.0,772.943,682.833,1.0
580,676.11,500.284,1.0,671.881,490.724,1.0,668.817,485.537,1.0,663.214,476.743,1.0,653.997,473.555,1.0,696.209,289.375,1.0,702.698,298.535,1.0,703.586,308.192,1.0,710.889,311.703,1.0,713.684,325.86,1.0,695.564,364.261,1.0,701.66,376.347,1.0,704.771,384.57,1.0,707.379,392.318,1.0,707.762,405.542,1.0,569.431,574.674,1.0,577.489,584.101,1.0,582.712,586.615,1.0,583.655,587.252,1.0,590.6,596.639,1.0,773.971,719.672,1.0,772.995,709.747,1.0,772.616,702.613,1.0,773.826,695.246,1.0,772.923,682.911,1.0
581,676.668,501.696,1.0,671.881,491.112,1.0,668.862,486.32,1.0,663.812,476.743,1.0,653.997,473.803,1.0,696.574,289.353,1.0,702.698,298.535,1.0,703.347,308.192,1.0,710.527,311.703,1.0,713.689,325.86,1.0,695.971,364.344,1.0,701.698,376.952,1.0,704.73,384.57,1.0,707.231,392.318,1.0,707.762,405.542,1.0,569.448,574.755,1.0,577.795,584.101,1.0,582.712,584.843,1.0,583.655,585.258,1.0,590.078,596.455,1.0,771.489,721.654,1.0,773.271,715.957,1.0,772.398,705.415,1.0,773.792,696.423,1.0,772.923,684.862,1.0
582,676.11,503.061,1.0,672.29,492.193,1.0,669.985,486.32,1.0,663.812,476.743,1.0,654.057,473.803,1.0,697.44,289.353,1.0,702.698,298.649,1.0,703.211,308.192,1.0,710.136,311.657,1.0,713.689,325.676,1.0,696.588,365.805,1.0,702.52,376.952,1.0,704.73,384.932,1.0,706.818,392.411,1.0,707.762,405.542,1.0,569.448,575.186,1.0,577.795,583.958,1.0,582.478,583.377,1.0,582.288,585.258,1.0,589.096,596.639,1.0,768.725,721.654,1.0,773.285,716.067,1.0,772.616,705.415,1.0,773.301,696.628,1.0,772.943,685.626,1.0
583,676.122,503.938,1.0,673.347,492.287,1.0,669.99,486.323,1.0,663.812,476.743,1.0,654.121,474.165,1.0,697.44,289.375,1.0,702.449,298.859,1.0,703.162,308.202,1.0,709.887,311.338,1.0,713.689,325.676,1.0,696.626,365.805,1.0,702.71,376.952,1.0,704.728,384.932,1.0,706.818,392.411,1.0,707.762,405.25,1.0,569.448,575.265,0.9660000205039978,576.916,583.725,0.9959999918937683,581.265,582.706,1.0,582.288,584.807,1.0,589.067,597.258,0.9950000047683716,768.586,721.842,1.0,773.285,716.067,1.0,772.616,705.415,1.0,772.981,696.654,1.0,773.65,685.795,1.0
584,676.378,503.938,1.0,671.387,492.456,1.0,670.316,486.42,1.0,662.353,476.743,1.0,654.057,474.328,1.0,697.721,289.375,1.0,702.426,298.859,1.0,703.162,308.202,1.0,709.256,310.891,1.0,713.689,325.389,1.0,696.682,365.805,1.0,702.71,376.3,1.0,704.728,384.932,1.0,706.818,392.411,1.0,706.968,405.25,1.0,564.336,577.386,1.0,575.338,586.6,1.0,579.449,581.535,1.0,581.344,584.09,1.0,589.067,597.874,1.0,768.417,721.842,1.0,773.271,716.067,1.0,772.616,705.415,1.0,772.981,696.701,1.0,773.658,685.987,1.0
585,676.378,503.061,1.0,671.329,493.085,1.0,670.468,486.753,1.0,662.044,477.215,1.0,654.121,474.328,1.0,697.721,289.967,1.0,702.128,298.649,1.0,702.878,308.202,1.0,708.006,308.426,1.0,710.687,322.531,1.0,696.626,365.805,1.0,702.596,376.012,1.0,704.728,384.42,1.0,706.932,392.227,1.0,706.968,405.227,1.0,563.291,575.316,1.0,573.027,582.314,1.0,578.403,581.535,1.0,582.288,584.807,1.0,589.096,597.987,1.0,768.417,722.045,1.0,773.271,716.067,1.0,772.308,705.102,1.0,772.835,696.713,1.0,774.118,686.067,1.0
586,676.378,502.463,1.0,673.994,494.031,1.0,670.799,487.292,1.0,661.958,478.212,1.0,654.278,474.328,1.0,697.721,290.315,1.0,702.033,297.631,1.0,702.825,304.812,1.0,707.963,308.426,1.0,709.21,320.113,1.0,696.588,363.508,1.0,702.52,375.981,1.0,704.728,384.42,1.0,706.932,392.227,1.0,706.968,405.227,1.0,561.532,575.296,1.0,571.924,581.504,0.9990000128746033,578.32,581.204,1.0,582.61,585.12,1.0,589.41,598.359,1.0,768.252,722.636,1.0,773.198,716.067,1.0,772.085,705.102,1.0,772.411,696.866,1.0,774.123,686.842,1.0
587,679.289,500.843,1.0,673.994,495.64,1.0,671.19,487.746,1.0,661.618,479.746,1.0,657.168,470.96,1.0,696.018,290.315,1.0,700.028,296.63,1.0,702.168,302.872,1.0,707.137,308.426,1.0,708.868,319.157,1.0,696.626,363.508,1.0,702.596,376.012,1.0,704.557,384.42,1.0,706.932,392.227,1.0,707.13,405.25,1.0,561.392,575.316,1.0,571.924,581.45,1.0,578.32,580.362,1.0,582.639,585.12,1.0,589.439,598.464,1.0,768.417,722.817,1.0,772.961,716.077,1.0,771.299,706.971,1.0,771.174,697.653,1.0,774.123,688.137,1.0
588,681.539,499.639,1.0,673.994,497.813,1.0,672.685,487.746,1.0,661.618,479.746,1.0,657.168,470.947,1.0,696.018,287.888,1.0,699.356,296.34,1.0,702.168,302.872,1.0,706.775,309.06,1.0,708.699,318.385,1.0,696.682,369.2,1.0,702.44,376.3,1.0,704.557,384.489,1.0,706.932,392.928,1.0,707.341,406.242,1.0,559.494,575.626,1.0,572.856,581.45,1.0,578.676,580.135,1.0,583.247,585.397,1.0,589.439,598.502,1.0,770.22,724.954,1.0,772.775,716.555,1.0,771.141,708.566,1.0,771.174,699.497,1.0,774.118,689.31,1.0
589,682.165,499.639,1.0,675.838,498.19,1.0,672.888,487.746,1.0,661.618,479.86,1.0,657.186,470.947,1.0,696.018,287.888,1.0,699.356,296.154,1.0,701.653,302.872,1.0,706.768,309.06,1.0,707.799,318.385,1.0,697.683,371.599,1.0,702.44,376.012,1.0,704.557,387.533,1.0,706.932,394.475,1.0,709.46,407.998,1.0,558.08,575.316,1.0,572.334,581.369,1.0,578.676,580.135,1.0,583.567,585.397,1.0,589.41,598.502,1.0,770.27,734.453,1.0,769.91,723.02,1.0,771.11,713.938,1.0,771.174,703.421,1.0,772.689,695.798,1.0
590,683.006,500.843,1.0,675.838,498.303,1.0,672.888,487.472,1.0,661.618,479.86,1.0,657.186,470.96,1.0,696.149,287.348,1.0,699.538,295.999,1.0,701.653,303.282,1.0,706.757,309.06,1.0,707.349,318.583,1.0,700.581,373.578,1.0,703.226,377.228,1.0,704.384,388.341,1.0,707.232,394.79,1.0,709.46,408.046,1.0,557.575,575.42,1.0,572.334,581.369,1.0,578.676,579.94,1.0,583.567,585.404,1.0,589.134,598.502,1.0,770.22,735.152,1.0,769.888,723.359,1.0,771.005,714.808,1.0,771.569,703.955,1.0,771.915,696.978,1.0
591,683.006,500.843,1.0,675.838,498.303,1.0,672.888,487.472,1.0,661.805,479.622,1.0,656.662,471.224,1.0,696.149,287.348,1.0,699.538,295.999,1.0,701.653,303.438,1.0,706.757,308.296,1.0,707.21,318.583,1.0,709.009,374.024,1.0,703.318,377.526,1.0,704.163,388.341,1.0,708.084,394.79,1.0,709.786,408.046,1.0,557.504,575.432,1.0,572.334,581.45,1.0,578.676,579.94,1.0,583.567,585.404,1.0,589.075,598.502,1.0,770.22,735.178,1.0,769.528,723.918,1.0,770.899,714.826,1.0,771.774,704.478,1.0,771.719,696.998,1.0
592,682.165,499.639,1.0,675.283,498.303,1.0,672.641,487.294,1.0,661.825,479.349,1.0,654.512,471.224,1.0,696.149,287.888,1.0,700.665,295.999,1.0,702.908,303.92,1.0,706.757,308.296,1.0,706.974,320.051,1.0,713.298,383.684,1.0,706.531,377.526,1.0,703.675,388.341,1.0,708.203,395.133,1.0,710.189,408.046,1.0,557.504,575.42,1.0,571.941,581.536,1.0,578.262,579.94,1.0,583.338,585.344,1.0,589.0,598.55,1.0,770.22,735.178,1.0,769.511,724.911,1.0,770.851,715.368,1.0,772.026,704.986,1.0,771.719,696.998,1.0
593,676.262,499.436,1.0,675.283,491.146,1.0,671.789,486.795,1.0,662.062,478.37,1.0,654.512,471.224,1.0,694.984,290.664,1.0,700.665,295.736,1.0,702.908,303.92,1.0,706.757,308.266,1.0,706.237,320.065,1.0,714.922,383.684,1.0,708.028,377.684,1.0,703.181,386.592,1.0,708.856,395.133,1.0,710.196,408.046,1.0,557.575,575.42,1.0,571.009,581.536,1.0,577.634,580.246,1.0,582.208,585.344,1.0,589.0,598.35,1.0,770.107,735.152,1.0,769.462,724.911,1.0,770.851,715.73,1.0,772.481,707.2,1.0,771.719,697.856,1.0
594,673.194,498.237,1.0,675.015,491.146,1.0,671.29,486.275,1.0,662.465,478.363,1.0,654.512,470.958,1.0,691.106,290.664,1.0,700.665,295.736,1.0,702.908,303.92,1.0,706.643,308.296,1.0,706.019,320.858,1.0,716.517,383.684,1.0,709.189,378.488,1.0,703.152,385.977,1.0,708.856,394.933,1.0,710.381,408.046,1.0,561.136,575.432,1.0,571.009,581.536,1.0,576.854,580.69,1.0,582.132,585.711,1.0,589.0,598.181,1.0,769.793,735.152,1.0,768.893,725.442,1.0,770.851,715.852,1.0,772.481,708.488,1.0,771.791,698.724,1.0
595,663.759,498.237,1.0,675.015,491.146,1.0,670.791,486.275,1.0,662.465,478.248,1.0,655.982,470.958,1.0,691.106,291.144,1.0,700.665,295.736,1.0,702.908,303.92,1.0,706.643,308.473,1.0,706.019,321.071,1.0,718.052,380.87,1.0,710.255,378.488,1.0,703.152,385.957,1.0,708.856,394.553,1.0,710.662,408.057,1.0,562.812,579.137,1.0,570.879,581.225,1.0,575.711,580.69,1.0,581.263,585.711,1.0,588.712,597.884,1.0,768.238,735.178,1.0,768.412,727.295,1.0,770.841,718.5,1.0,772.481,711.727,1.0,771.791,699.857,1.0
596,663.759,498.237,1.0,674.639,493.132,1.0,670.791,486.306,1.0,662.465,478.363,1.0,655.982,470.958,1.0,691.106,292.559,1.0,700.665,295.736,1.0,702.409,303.92,1.0,706.643,308.473,1.0,706.019,321.577,1.0,718.734,379.241,1.0,710.537,378.488,1.0,703.152,385.316,1.0,708.997,394.794,1.0,710.662,408.084,1.0,563.13,579.137,1.0,566.864,581.206,1.0,575.67,580.69,1.0,580.87,585.743,1.0,588.64,597.884,1.0,765.46,738.239,1.0,767.127,731.326,1.0,767.451,722.506,1.0,772.405,713.441,1.0,771.951,703.602,1.0
597,663.759,500.145,1.0,669.112,494.452,1.0,670.791,486.694,1.0,662.187,478.37,1.0,655.982,471.108,1.0,693.218,292.559,1.0,701.029,296.474,1.0,702.243,304.044,1.0,706.681,308.473,1.0,706.019,321.653,1.0,718.734,378.951,1.0,710.537,378.427,1.0,703.152,385.316,1.0,709.03,394.794,1.0,710.651,408.107,1.0,564.148,579.137,1.0,566.222,580.036,1.0,574.815,580.295,1.0,580.532,585.807,1.0,588.61,597.884,1.0,765.338,738.362,1.0,767.127,731.948,1.0,767.365,723.342,1.0,772.013,713.441,1.0,772.102,704.01,1.0
598,666.632,508.552,1.0,669.112,498.406,1.0,670.791,486.694,1.0,661.76,478.442,1.0,655.437,471.111,1.0,699.589,293.142,1.0,701.156,299.77,1.0,701.955,308.886,1.0,708.029,308.612,1.0,707.222,321.682,1.0,718.052,378.951,1.0,710.537,378.164,1.0,703.152,385.977,1.0,709.117,394.794,1.0,710.651,408.084,1.0,564.148,579.023,1.0,566.144,579.86,1.0,574.815,580.295,1.0,580.513,585.943,1.0,588.549,597.772,1.0,765.338,738.789,1.0,767.127,732.183,1.0,767.32,723.874,1.0,770.64,714.182,1.0,772.332,704.518,1.0
599,666.632,508.552,1.0,669.6,499.139,1.0,669.705,487.249,1.0,661.76,478.648,1.0,655.299,471.264,1.0,700.929,293.982,1.0,701.976,300.005,1.0,701.955,308.886,1.0,708.808,309.995,1.0,713.134,321.682,1.0,715.396,378.813,1.0,709.016,377.921,1.0,703.831,388.048,1.0,709.161,394.943,1.0,709.729,408.107,1.0,564.148,578.847,1.0,565.574,579.793,1.0,574.815,580.295,1.0,580.491,586.154,1.0,588.549,597.6,1.0,765.213,738.936,1.0,767.334,732.183,1.0,767.319,723.874,1.0,770.426,714.547,1.0,772.361,704.518,1.0
600,668.838,508.552,1.0,669.6,499.139,1.0,669.705,487.26,1.0,661.76,478.671,1.0,655.299,471.288,1.0,707.373,296.306,1.0,704.258,300.005,1.0,701.721,308.886,1.0,709.273,309.995,1.0,713.227,321.682,1.0,714.517,378.813,1.0,708.048,377.675,1.0,704.818,388.709,1.0,709.161,395.115,1.0,707.96,408.382,1.0,563.986,578.78,1.0,565.541,579.445,1.0,574.815,580.193,1.0,580.513,586.154,1.0,588.549,597.598,1.0,765.338,738.936,1.0,767.523,731.948,1.0,767.034,723.874,1.0,769.473,714.759,1.0,772.361,704.01,1.0
601,668.838,506.096,1.0,669.6,498.406,1.0,671.446,487.26,1.0,661.754,479.002,1.0,655.299,471.424,1.0,711.823,297.402,1.0,705.479,299.77,1.0,701.955,308.817,1.0,709.21,309.995,1.0,713.676,321.431,1.0,714.464,378.815,1.0,707.787,378.164,1.0,704.818,388.795,1.0,709.161,395.551,1.0,707.96,408.689,1.0,563.875,578.714,1.0,565.449,579.247,1.0,578.003,580.325,1.0,580.513,585.807,1.0,588.549,597.433,1.0,765.338,738.936,1.0,767.864,732.04,1.0,766.944,723.941,1.0,768.636,715.109,1.0,772.502,704.34,1.0
602,667.434,499.075,1.0,674.137,491.545,1.0,671.626,487.249,1.0,661.724,479.391,1.0,656.355,472.656,1.0,712.745,297.402,1.0,705.836,297.005,1.0,702.033,306.896,1.0,708.808,309.762,1.0,714.149,321.431,1.0,714.458,378.815,1.0,707.787,378.164,1.0,704.818,389.044,1.0,709.165,395.668,1.0,707.96,409.262,1.0,563.873,578.713,1.0,565.326,579.098,1.0,578.003,580.477,1.0,580.513,585.7,1.0,588.549,597.304,1.0,765.17,739.06,1.0,768.087,732.04,1.0,766.869,723.975,1.0,768.635,715.618,1.0,772.502,704.34,1.0
603,666.466,498.436,1.0,674.137,491.493,1.0,671.446,486.81,1.0,662.066,479.884,1.0,656.355,474.354,1.0,712.745,297.402,1.0,705.836,296.81,1.0,702.361,306.697,1.0,708.808,309.762,1.0,714.149,321.431,1.0,714.168,378.815,1.0,708.048,378.274,1.0,704.279,390.608,1.0,709.165,395.668,1.0,707.96,409.611,1.0,563.873,578.584,1.0,565.326,579.015,1.0,576.473,580.734,1.0,580.669,585.648,1.0,588.622,596.951,1.0,764.424,739.06,1.0,768.288,732.04,1.0,766.38,724.978,1.0,768.486,717.397,1.0,772.27,704.34,1.0
604,666.466,495.643,1.0,673.476,491.391,1.0,671.446,486.505,1.0,662.078,479.884,1.0,656.355,474.798,1.0,712.745,296.379,1.0,705.479,296.81,1.0,702.033,306.697,1.0,708.759,309.762,1.0,714.149,321.516,1.0,713.914,379.104,1.0,708.048,379.013,1.0,703.837,391.223,1.0,708.547,397.748,1.0,707.96,409.751,1.0,563.263,578.548,1.0,564.437,578.94,1.0,576.186,584.215,1.0,583.288,585.063,1.0,588.657,596.621,1.0,764.03,741.772,1.0,768.969,736.565,1.0,766.38,726.706,1.0,768.486,719.163,1.0,771.967,707.969,1.0
605,664.064,495.643,1.0,673.476,490.259,1.0,671.118,485.893,1.0,664.643,479.884,1.0,655.344,475.231,1.0,711.059,296.379,1.0,705.083,297.005,1.0,702.361,306.697,1.0,708.759,309.814,1.0,714.033,321.967,1.0,713.775,380.024,1.0,707.783,379.041,1.0,703.723,391.746,1.0,708.496,398.086,1.0,705.27,411.488,1.0,563.263,578.537,1.0,564.351,578.94,1.0,576.186,584.401,1.0,583.355,585.063,1.0,592.495,595.55,1.0,763.652,747.978,1.0,769.01,739.875,1.0,766.38,728.197,1.0,768.324,720.454,1.0,771.288,711.084,1.0
606,664.064,494.98,1.0,672.873,489.91,1.0,671.118,485.519,1.0,664.829,479.545,1.0,655.344,475.843,1.0,707.656,296.379,1.0,704.064,299.414,1.0,702.361,309.259,1.0,708.759,309.963,1.0,713.84,323.399,1.0,712.865,380.693,1.0,705.078,386.518,1.0,702.963,392.385,1.0,708.221,398.414,1.0,704.825,410.408,1.0,563.138,578.537,1.0,564.089,578.94,1.0,575.965,584.401,1.0,583.355,585.063,1.0,592.495,595.55,1.0,761.804,748.423,1.0,768.969,742.125,1.0,769.296,730.843,1.0,767.942,720.691,1.0,771.121,711.797,1.0
607,663.579,493.237,1.0,672.841,489.54,1.0,671.118,484.218,1.0,665.993,479.545,1.0,655.344,476.15,1.0,700.627,301.515,1.0,704.025,303.143,1.0,703.424,315.004,1.0,708.505,310.543,1.0,713.224,324.234,1.0,710.068,381.442,1.0,704.806,387.987,1.0,702.963,393.256,1.0,704.541,399.3,1.0,704.356,409.751,1.0,563.067,578.537,1.0,564.029,578.94,1.0,575.9,584.401,1.0,583.288,585.23,1.0,592.495,595.741,1.0,761.095,748.718,1.0,768.969,742.896,1.0,769.353,731.106,1.0,767.623,721.638,1.0,770.307,712.512,1.0
608,663.266,491.217,1.0,672.084,489.002,1.0,671.806,483.046,1.0,667.374,479.545,1.0,655.454,477.287,1.0,699.96,302.801,1.0,703.944,303.359,1.0,704.397,315.004,1.0,708.321,312.575,1.0,710.22,324.58,1.0,708.145,382.041,1.0,704.757,388.577,1.0,702.963,393.256,1.0,701.29,399.3,1.0,701.929,409.751,1.0,563.104,578.48,1.0,564.089,578.94,1.0,575.602,584.401,1.0,583.217,585.23,1.0,592.363,595.741,1.0,761.095,748.831,1.0,768.998,743.087,1.0,769.636,731.886,1.0,767.408,723.295,1.0,770.307,713.14,1.0
609,663.266,491.217,1.0,671.477,489.002,1.0,672.12,483.046,1.0,667.78,482.445,1.0,655.502,477.972,1.0,699.701,302.89,1.0,703.592,304.0,1.0,704.72,315.004,1.0,707.976,312.575,1.0,707.13,324.97,1.0,707.134,382.163,1.0,704.526,388.577,1.0,704.542,393.256,1.0,698.232,399.3,1.0,692.968,409.705,1.0,563.079,578.39,1.0,564.351,578.863,1.0,575.602,584.181,1.0,583.007,585.23,1.0,592.363,595.741,1.0,761.095,748.831,1.0,768.998,743.227,1.0,769.353,732.121,1.0,767.296,723.366,1.0,770.307,713.555,1.0
610,663.266,491.217,1.0,671.003,488.629,1.0,672.12,483.046,1.0,667.78,482.501,1.0,655.502,477.972,1.0,698.146,304.048,1.0,701.253,304.0,1.0,710.556,308.706,1.0,706.789,312.069,1.0,704.044,326.286,1.0,705.91,382.239,1.0,704.366,388.577,1.0,704.591,391.997,1.0,698.219,392.811,1.0,684.263,396.792,1.0,563.067,578.117,1.0,564.592,577.345,1.0,575.515,583.673,1.0,582.769,583.948,1.0,592.143,595.866,1.0,761.095,748.831,1.0,768.788,743.229,1.0,769.296,732.121,1.0,767.296,723.769,1.0,771.617,715.201,1.0
611,661.49,491.217,1.0,669.499,488.55,1.0,671.806,483.075,1.0,667.78,482.759,1.0,655.454,478.332,1.0,697.501,307.308,1.0,701.027,304.0,1.0,710.573,307.41,1.0,705.708,310.543,1.0,704.044,326.286,1.0,700.847,382.239,1.0,703.968,387.75,1.0,704.829,391.997,1.0,697.881,388.214,1.0,684.263,395.591,1.0,562.981,576.805,1.0,564.592,576.667,1.0,574.963,583.175,1.0,582.769,583.883,1.0,592.143,596.04,1.0,761.095,748.933,1.0,768.513,743.348,1.0,768.8,732.414,1.0,767.253,724.659,1.0,771.617,715.752,1.0
612,661.05,491.38,1.0,668.509,488.629,1.0,671.33,483.373,1.0,666.878,482.817,1.0,655.502,481.055,1.0,697.672,308.32,1.0,700.947,305.142,1.0,710.573,304.96,1.0,705.708,310.113,1.0,704.044,326.286,1.0,700.776,382.862,1.0,703.142,386.382,1.0,704.591,391.248,1.0,697.971,388.214,1.0,684.263,393.634,1.0,559.203,573.36,1.0,564.592,572.674,1.0,574.097,581.605,1.0,581.555,583.447,1.0,592.0,596.077,1.0,760.595,749.393,1.0,767.849,743.931,1.0,767.526,732.884,1.0,766.434,725.176,1.0,771.617,716.887,1.0
613,660.956,491.38,1.0,667.784,489.207,1.0,670.378,483.988,1.0,666.114,482.817,1.0,655.502,483.44,1.0,697.501,314.762,1.0,700.933,305.325,1.0,710.556,304.858,1.0,705.449,309.541,1.0,706.339,322.107,1.0,700.776,382.911,1.0,702.957,386.366,1.0,704.542,391.248,1.0,697.881,388.214,1.0,681.24,388.088,1.0,558.909,572.766,1.0,563.965,572.674,1.0,573.445,581.27,1.0,581.487,583.348,1.0,591.703,596.444,1.0,758.672,753.358,1.0,763.88,745.97,1.0,766.961,735.167,1.0,765.969,727.032,1.0,771.094,718.432,1.0
614,659.595,493.035,1.0,664.934,489.23,1.0,669.863,485.404,1.0,665.319,482.759,1.0,655.97,484.186,1.0,697.369,316.115,1.0,700.933,305.85,1.0,709.641,304.858,1.0,705.434,309.098,1.0,706.339,320.908,1.0,700.847,382.791,1.0,702.957,386.228,1.0,703.629,391.11,1.0,697.714,391.24,1.0,681.24,384.123,1.0,557.68,571.992,1.0,563.05,572.572,1.0,573.382,580.966,1.0,581.295,583.348,1.0,591.703,596.68,1.0,758.672,754.335,1.0,763.466,747.682,1.0,766.427,738.945,1.0,765.681,727.036,1.0,770.474,718.432,1.0
615,654.324,495.647,1.0,662.274,489.852,1.0,669.54,485.735,1.0,663.012,481.971,1.0,657.124,484.219,1.0,697.129,318.232,1.0,700.497,307.124,1.0,700.317,304.044,1.0,705.434,309.098,1.0,706.339,320.427,1.0,700.847,382.791,1.0,702.867,386.016,1.0,703.629,389.08,1.0,697.881,391.24,1.0,680.796,380.173,1.0,557.459,571.846,1.0,562.842,572.348,1.0,573.102,580.715,1.0,581.225,583.363,1.0,591.765,596.68,1.0,758.672,755.392,1.0,763.029,748.164,1.0,765.903,739.054,1.0,765.499,729.07,1.0,766.572,718.521,1.0
616,654.229,495.647,1.0,662.274,490.052,1.0,669.514,486.016,1.0,663.012,481.971,1.0,657.124,484.307,1.0,696.5,318.232,1.0,700.151,307.871,1.0,700.158,304.721,1.0,705.434,309.098,1.0,705.612,320.04,1.0,699.388,382.791,1.0,702.423,385.743,1.0,703.629,389.08,1.0,697.971,391.24,1.0,680.796,378.053,1.0,557.437,571.845,1.0,562.642,572.572,1.0,572.888,580.707,1.0,581.225,583.384,1.0,591.703,596.68,1.0,759.464,755.975,1.0,763.466,748.164,1.0,765.903,739.112,1.0,765.499,729.162,1.0,766.572,718.457,1.0
617,654.229,495.647,1.0,662.274,490.145,1.0,669.491,486.419,1.0,663.012,481.724,1.0,657.124,484.328,1.0,693.126,318.232,1.0,696.324,310.89,1.0,699.903,304.858,1.0,705.434,309.222,1.0,705.489,320.04,1.0,699.216,382.605,1.0,701.765,384.832,1.0,704.807,389.08,1.0,699.543,390.524,1.0,680.796,378.053,1.0,557.131,571.845,1.0,562.537,572.453,1.0,572.497,580.533,1.0,580.998,583.384,1.0,591.765,596.355,1.0,759.546,755.99,1.0,763.466,748.256,1.0,765.625,739.139,1.0,765.383,729.337,1.0,766.437,718.457,1.0
618,654.183,495.221,1.0,667.474,491.525,1.0,669.245,486.475,1.0,663.432,481.686,1.0,654.273,485.696,1.0,692.849,318.096,1.0,695.782,310.896,1.0,699.785,305.323,1.0,705.64,309.444,1.0,705.091,320.04,1.0,699.166,382.243,1.0,701.407,384.832,1.0,704.824,389.428,1.0,699.543,390.341,1.0,681.038,377.804,1.0,557.125,571.73,1.0,562.487,572.453,1.0,572.497,580.365,1.0,580.998,583.384,1.0,591.765,596.334,1.0,759.546,755.99,1.0,763.029,748.256,1.0,765.403,739.139,1.0,765.499,729.407,1.0,766.368,718.521,1.0
619,654.073,495.221,1.0,667.474,491.971,1.0,669.245,486.742,1.0,663.464,481.724,1.0,654.273,485.696,1.0,692.563,318.096,1.0,694.818,311.022,1.0,699.636,305.003,1.0,706.255,309.444,1.0,705.091,320.06,1.0,699.085,382.243,1.0,701.263,384.832,1.0,704.824,389.428,1.0,699.543,389.895,1.0,681.167,378.053,1.0,557.125,571.764,1.0,562.456,572.691,1.0,572.497,580.359,1.0,580.998,583.384,1.0,591.623,596.329,1.0,759.546,755.99,1.0,762.907,748.256,1.0,765.403,739.181,1.0,765.502,729.474,1.0,766.143,719.396,1.0
620,654.011,495.221,1.0,667.474,492.442,1.0,669.245,487.196,1.0,663.464,482.09,1.0,654.273,485.696,1.0,691.0,318.037,1.0,694.453,311.562,1.0,699.636,305.003,1.0,706.255,309.55,1.0,705.091,320.596,1.0,697.88,382.605,1.0,700.081,386.03,1.0,704.807,389.808,1.0,691.406,390.137,1.0,682.559,378.358,1.0,557.131,571.845,1.0,562.487,572.743,1.0,572.886,580.365,1.0,581.268,583.058,1.0,591.453,596.334,1.0,759.464,755.99,1.0,761.847,748.256,1.0,764.655,739.981,1.0,765.502,730.228,1.0,766.368,721.553,1.0
621,653.091,496.716,1.0,667.318,494.42,1.0,669.652,490.296,1.0,663.464,481.736,1.0,654.573,481.487,1.0,685.786,318.037,1.0,693.57,311.762,1.0,699.512,305.003,1.0,706.307,309.55,1.0,705.091,321.67,1.0,697.88,382.61,1.0,700.081,386.991,1.0,700.457,389.992,1.0,690.891,390.137,1.0,683.523,378.822,1.0,557.187,571.842,1.0,562.487,572.95,1.0,573.096,580.365,1.0,581.524,582.96,1.0,591.391,596.355,1.0,758.47,759.387,1.0,761.832,749.885,1.0,763.264,741.902,1.0,765.153,731.485,1.0,766.368,725.731,1.0
622,652.1,497.406,1.0,663.546,494.518,1.0,669.652,491.748,1.0,663.086,481.947,1.0,656.324,476.616,1.0,685.717,318.037,1.0,693.305,311.986,1.0,699.636,304.926,1.0,707.046,309.765,1.0,705.091,322.796,1.0,697.88,382.61,1.0,700.081,386.991,1.0,700.457,390.801,1.0,690.647,390.137,1.0,684.622,379.447,1.0,557.187,571.842,1.0,562.487,572.98,1.0,573.581,580.87,1.0,581.667,582.651,1.0,591.188,596.236,1.0,757.985,766.712,1.0,761.669,755.601,1.0,763.175,746.19,1.0,763.103,734.692,1.0,766.428,728.345,1.0
623,651.908,497.53,1.0,663.215,495.171,1.0,669.652,492.079,1.0,662.817,482.058,1.0,657.177,476.239,1.0,685.343,317.753,1.0,693.028,312.113,1.0,699.756,304.856,1.0,707.801,310.131,1.0,700.638,325.266,1.0,697.942,382.61,1.0,700.8,386.991,1.0,700.457,390.904,1.0,690.647,391.487,1.0,685.628,380.532,1.0,557.286,571.842,1.0,562.4,572.98,1.0,573.581,580.87,1.0,581.667,582.651,1.0,591.188,596.285,1.0,757.985,767.162,1.0,761.189,756.359,1.0,762.879,746.797,1.0,762.787,735.54,1.0,766.428,729.197,1.0
624,651.86,497.813,1.0,662.64,495.171,1.0,669.286,492.079,1.0,662.798,482.058,1.0,657.479,476.017,1.0,685.343,316.559,1.0,692.61,312.191,1.0,699.817,304.819,1.0,708.006,310.553,1.0,700.638,325.266,1.0,697.942,382.653,1.0,702.581,387.311,1.0,701.994,392.072,1.0,690.891,393.109,1.0,686.588,380.532,1.0,557.286,571.842,1.0,562.172,572.98,1.0,573.581,580.87,1.0,581.667,582.779,1.0,591.22,596.336,1.0,756.576,767.162,1.0,760.531,756.868,1.0,763.083,747.163,1.0,762.485,735.679,1.0,766.534,729.507,1.0
625,651.571,497.882,1.0,662.61,495.488,1.0,669.134,492.106,1.0,662.646,482.058,1.0,657.479,476.017,1.0,685.343,316.296,1.0,692.61,312.191,1.0,699.84,304.819,1.0,708.596,310.711,1.0,700.638,325.838,1.0,697.942,382.653,1.0,703.44,387.311,1.0,702.474,392.072,1.0,690.891,394.602,1.0,687.641,380.532,1.0,557.045,570.955,1.0,561.853,572.253,1.0,572.749,580.139,1.0,581.622,582.779,1.0,591.22,596.312,1.0,756.399,766.961,1.0,760.528,757.331,1.0,763.083,747.475,1.0,762.485,735.994,1.0,766.534,729.513,1.0
626,651.564,498.376,1.0,661.737,496.171,1.0,668.605,492.106,1.0,662.265,482.404,1.0,657.499,476.017,1.0,685.343,316.147,1.0,692.61,311.986,1.0,700.329,304.856,1.0,708.596,310.96,1.0,701.548,325.838,1.0,697.154,383.051,1.0,703.866,387.311,1.0,702.677,392.072,1.0,691.193,395.324,1.0,692.326,380.537,1.0,556.665,566.144,1.0,561.71,571.97,1.0,572.749,580.139,1.0,581.51,582.826,1.0,591.298,596.312,1.0,756.379,766.961,1.0,760.285,758.392,1.0,763.083,747.913,1.0,762.257,736.946,1.0,768.224,730.084,1.0
627,649.882,498.424,1.0,661.241,496.194,1.0,668.441,492.522,1.0,662.037,483.144,1.0,657.499,476.032,1.0,686.123,316.147,1.0,694.162,310.69,1.0,701.013,305.264,1.0,708.596,312.357,1.0,701.548,325.838,1.0,697.15,383.326,1.0,704.128,387.34,1.0,702.888,389.217,1.0,691.479,395.368,1.0,692.326,380.537,1.0,556.665,566.144,1.0,561.71,571.97,1.0,572.749,580.139,1.0,581.51,582.826,1.0,591.298,596.312,1.0,756.196,766.961,1.0,759.936,758.392,1.0,763.083,748.471,1.0,762.257,737.667,1.0,768.224,730.808,1.0
628,649.66,498.516,1.0,660.194,496.665,1.0,667.348,492.549,1.0,662.037,484.398,1.0,657.499,476.032,1.0,696.207,316.147,1.0,699.307,307.251,1.0,702.364,307.002,1.0,704.915,312.898,1.0,701.548,328.56,1.0,697.15,383.677,1.0,704.286,387.34,1.0,703.587,389.217,1.0,693.087,395.813,1.0,692.326,380.537,1.0,556.665,566.144,1.0,561.84,572.253,1.0,572.988,580.258,1.0,581.622,582.826,1.0,591.22,596.336,1.0,755.911,766.961,1.0,759.758,760.488,1.0,763.083,748.655,1.0,762.257,739.771,1.0,768.224,731.404,1.0
629,647.554,499.735,1.0,658.448,498.222,1.0,666.519,493.169,1.0,662.265,485.284,1.0,658.887,476.154,1.0,697.276,315.832,1.0,699.884,306.67,1.0,702.423,307.708,1.0,704.856,313.178,1.0,701.655,328.56,1.0,697.15,383.677,1.0,704.674,387.34,1.0,703.587,389.217,1.0,693.256,396.157,1.0,691.999,382.36,1.0,556.546,566.144,1.0,561.433,572.861,1.0,573.861,580.617,1.0,581.21,582.187,1.0,590.812,596.312,1.0,754.757,769.798,1.0,756.996,763.578,1.0,760.96,751.641,1.0,762.257,742.37,1.0,767.952,732.219,1.0
630,647.554,501.054,1.0,658.438,498.801,1.0,664.23,493.427,1.0,662.639,485.554,1.0,661.012,476.672,1.0,697.663,316.313,1.0,700.05,306.67,1.0,702.423,308.28,1.0,704.781,313.178,1.0,701.655,328.56,1.0,697.813,383.677,1.0,704.674,386.299,1.0,703.788,391.097,1.0,694.089,396.157,1.0,691.532,383.266,1.0,556.856,566.144,1.0,561.84,572.861,1.0,573.861,580.617,1.0,581.21,581.748,1.0,590.531,595.682,1.0,754.544,770.115,1.0,756.721,763.675,1.0,760.675,752.573,1.0,762.257,743.073,1.0,767.444,733.712,1.0
631,647.554,502.905,1.0,658.432,500.387,1.0,663.066,493.725,1.0,663.463,487.354,1.0,662.601,476.672,1.0,697.663,316.719,1.0,700.05,306.67,1.0,702.423,308.28,1.0,704.781,313.178,1.0,708.648,324.337,1.0,697.813,381.134,1.0,704.674,384.009,1.0,704.575,391.957,1.0,694.752,396.157,1.0,691.532,383.456,1.0,557.074,566.092,1.0,561.84,572.861,1.0,573.861,580.617,1.0,579.732,581.748,1.0,587.136,590.48,1.0,753.95,770.906,1.0,755.774,764.205,1.0,759.74,753.237,1.0,763.757,743.511,1.0,767.123,733.895,1.0
632,650.802,507.874,1.0,658.207,500.462,1.0,663.062,493.725,1.0,664.446,487.647,1.0,662.972,476.721,1.0,697.663,316.719,1.0,700.05,307.158,1.0,702.423,307.708,1.0,704.856,312.285,1.0,708.648,324.207,1.0,697.813,379.956,1.0,702.461,381.172,1.0,705.551,392.028,1.0,694.769,386.966,1.0,691.532,386.816,1.0,557.19,565.55,1.0,561.677,570.873,1.0,569.228,577.708,1.0,577.654,582.187,1.0,586.537,590.48,1.0,753.95,771.788,1.0,755.714,764.937,1.0,759.563,753.579,1.0,763.966,743.884,1.0,766.311,734.546,1.0
633,650.802,507.875,1.0,658.207,500.649,1.0,663.025,493.914,1.0,665.16,488.131,1.0,663.554,476.987,1.0,695.97,315.571,1.0,699.86,307.994,1.0,702.334,307.329,1.0,705.224,312.226,1.0,708.648,324.207,1.0,697.76,379.956,1.0,702.461,381.172,1.0,705.785,392.028,1.0,695.758,386.966,1.0,691.55,387.871,1.0,557.206,565.53,1.0,561.575,570.779,1.0,569.078,577.708,1.0,577.26,582.273,1.0,586.353,590.48,1.0,753.728,771.855,1.0,755.138,765.109,1.0,759.563,753.73,1.0,763.966,744.028,1.0,766.311,735.117,1.0
634,650.802,507.977,1.0,658.207,500.649,1.0,662.895,494.102,1.0,665.16,488.568,1.0,663.554,476.987,1.0,691.485,315.571,1.0,699.01,307.994,1.0,702.334,307.329,1.0,706.17,311.846,1.0,706.52,324.337,1.0,697.385,379.956,1.0,702.461,381.172,1.0,707.395,392.138,1.0,696.544,386.966,1.0,693.118,387.871,1.0,557.206,565.497,1.0,561.575,570.681,1.0,569.07,577.708,1.0,577.241,582.273,1.0,586.103,590.54,1.0,753.635,771.855,1.0,754.836,765.109,1.0,759.481,753.788,1.0,763.966,744.349,1.0,766.311,735.117,1.0
635,650.617,507.977,1.0,658.207,500.756,1.0,663.025,494.251,1.0,665.16,488.971,1.0,663.554,477.086,1.0,690.638,303.497,1.0,698.034,307.994,1.0,703.797,307.329,1.0,707.214,311.538,1.0,704.618,324.207,1.0,697.385,381.894,1.0,705.537,385.132,1.0,707.58,392.138,1.0,697.865,387.905,1.0,695.149,387.871,1.0,557.074,565.497,1.0,561.575,570.779,1.0,569.07,577.824,1.0,577.072,582.273,1.0,586.103,590.54,1.0,753.599,771.855,1.0,754.648,765.109,1.0,759.481,755.748,1.0,763.922,745.15,1.0,766.311,735.117,1.0
636,650.38,507.977,1.0,658.174,500.756,1.0,663.062,494.615,1.0,664.688,489.526,1.0,662.907,477.201,1.0,690.572,303.294,1.0,697.78,307.464,1.0,702.804,307.329,1.0,707.289,311.192,1.0,704.618,323.594,1.0,697.76,383.215,1.0,705.537,388.293,1.0,707.58,392.205,1.0,704.244,389.25,1.0,696.673,385.338,1.0,557.206,565.497,1.0,561.677,570.873,1.0,569.228,578.115,1.0,576.474,581.748,1.0,585.516,590.54,1.0,753.578,772.206,1.0,754.589,765.528,1.0,758.804,756.088,1.0,763.701,745.46,1.0,766.233,736.202,1.0
637,650.207,507.977,1.0,657.786,500.897,1.0,662.895,494.615,1.0,664.688,489.526,1.0,662.907,477.271,1.0,690.572,301.249,1.0,697.78,306.995,1.0,702.804,307.329,1.0,707.814,311.192,1.0,704.618,323.488,1.0,698.765,383.215,1.0,705.537,388.293,1.0,707.717,392.205,1.0,706.633,389.25,1.0,701.665,385.338,1.0,556.936,565.497,1.0,561.305,570.779,1.0,568.784,578.115,1.0,576.416,579.834,1.0,585.008,589.944,1.0,751.339,776.878,1.0,751.581,768.2,1.0,757.637,758.468,1.0,763.144,747.624,1.0,766.233,738.27,1.0
638,649.921,507.977,1.0,657.653,501.26,1.0,662.895,494.615,1.0,664.688,489.526,1.0,662.907,477.985,1.0,690.572,300.651,1.0,697.78,305.303,1.0,702.804,306.463,1.0,707.814,311.192,1.0,708.027,321.68,1.0,698.765,383.215,1.0,704.232,388.293,1.0,707.717,391.535,1.0,706.679,389.25,1.0,701.672,385.338,1.0,555.769,565.497,0.9959999918937683,561.247,570.349,1.0,568.381,577.824,1.0,575.467,579.834,1.0,584.813,589.61,1.0,749.38,780.881,1.0,751.488,773.734,1.0,756.993,764.203,1.0,761.557,750.202,1.0,766.233,740.086,1.0
639,646.403,508.399,1.0,656.954,501.511,1.0,660.756,495.316,1.0,666.955,487.706,1.0,664.608,478.334,1.0,690.572,300.455,1.0,697.78,304.719,1.0,702.804,305.312,1.0,707.814,310.865,1.0,708.027,321.68,1.0,698.831,378.458,1.0,703.837,384.5,1.0,707.814,391.535,1.0,710.751,389.25,1.0,701.672,387.422,1.0,555.714,565.368,1.0,560.112,569.836,1.0,568.389,576.878,1.0,574.409,579.834,1.0,584.445,589.61,1.0,749.139,780.978,1.0,751.166,773.804,1.0,756.83,765.268,1.0,760.05,750.352,1.0,766.259,742.183,1.0
640,645.733,508.905,1.0,655.717,502.7,1.0,659.542,495.316,1.0,667.147,487.706,1.0,666.119,478.539,1.0,690.572,300.38,1.0,697.78,304.655,1.0,702.804,305.312,1.0,707.77,310.865,1.0,708.027,321.68,1.0,698.765,378.129,1.0,703.837,381.803,1.0,708.795,391.775,1.0,712.355,387.833,1.0,701.817,393.08,1.0,554.609,565.368,1.0,559.23,569.836,1.0,568.237,575.903,1.0,572.897,587.895,1.0,584.366,589.568,1.0,749.139,781.302,1.0,751.152,773.804,1.0,756.993,765.311,1.0,755.901,750.633,1.0,766.259,743.587,1.0
641,644.178,510.243,1.0,653.316,504.945,1.0,659.389,495.316,1.0,667.321,487.706,1.0,668.768,480.581,1.0,691.149,299.684,1.0,698.862,304.655,1.0,707.9,305.312,1.0,706.164,310.865,1.0,702.582,325.345,1.0,698.013,378.129,1.0,703.439,381.803,1.0,708.795,391.775,1.0,712.74,386.827,1.0,702.348,394.096,1.0,554.609,565.368,1.0,559.129,569.836,1.0,567.705,575.838,1.0,572.897,588.236,1.0,584.366,589.669,1.0,749.093,781.486,1.0,751.139,773.804,1.0,756.993,765.648,1.0,755.823,750.633,1.0,766.259,743.945,1.0
642,643.926,510.255,1.0,653.316,505.572,1.0,659.389,495.859,1.0,667.33,487.793,1.0,669.74,481.448,1.0,691.152,299.684,1.0,699.117,304.655,1.0,707.9,305.707,1.0,706.164,311.751,1.0,702.582,328.228,1.0,698.013,378.458,1.0,703.439,383.056,1.0,708.565,392.614,1.0,713.543,386.827,1.0,701.817,393.08,1.0,554.609,565.568,1.0,558.609,569.925,1.0,568.237,575.838,1.0,572.885,588.236,1.0,584.366,589.568,1.0,749.139,781.486,1.0,750.901,774.046,1.0,757.467,765.755,1.0,755.823,750.633,1.0,766.233,744.24,1.0
643,643.773,510.487,1.0,653.3,505.689,1.0,658.902,496.356,1.0,667.321,487.913,1.0,669.74,482.01,1.0,694.359,299.684,1.0,701.075,305.977,1.0,707.9,309.586,1.0,706.164,315.162,1.0,702.582,329.506,1.0,699.033,379.116,1.0,704.427,384.5,1.0,708.565,392.614,1.0,713.543,385.832,1.0,700.38,387.422,1.0,554.879,567.016,1.0,558.303,571.672,1.0,568.389,575.838,1.0,571.825,587.895,1.0,584.366,589.495,1.0,749.144,781.732,1.0,751.139,774.552,1.0,757.467,766.341,1.0,755.823,751.253,1.0,762.964,745.768,1.0
644,643.727,510.487,1.0,653.295,505.689,1.0,658.902,496.76,1.0,667.321,488.902,1.0,669.74,482.29,1.0,694.359,299.684,1.0,702.436,307.504,1.0,706.375,310.541,1.0,706.533,317.021,1.0,705.268,329.956,1.0,699.119,380.52,1.0,704.993,388.115,1.0,708.565,392.507,1.0,713.543,385.823,1.0,,,0.0,554.879,567.193,1.0,558.247,571.672,1.0,568.964,575.838,1.0,571.825,588.236,1.0,584.154,589.495,0.9990000128746033,749.144,781.776,1.0,751.139,776.244,1.0,757.467,766.587,1.0,755.823,753.245,1.0,762.362,747.706,1.0
645,643.672,510.487,1.0,653.291,505.689,1.0,658.477,497.339,1.0,667.01,488.933,1.0,669.442,482.322,1.0,694.878,300.304,1.0,703.054,308.11,1.0,706.375,310.541,1.0,708.251,317.021,1.0,705.702,329.956,1.0,699.119,380.52,1.0,704.993,388.115,1.0,708.32,392.507,1.0,712.446,385.823,1.0,707.474,394.717,1.0,554.879,567.283,1.0,558.179,571.672,1.0,568.964,575.838,1.0,572.178,588.645,1.0,584.154,589.583,0.9959999918937683,748.945,781.945,1.0,751.139,776.869,1.0,757.447,766.984,1.0,756.108,754.265,1.0,762.359,748.484,1.0
646,643.672,510.487,1.0,653.219,505.4,1.0,657.617,497.357,1.0,666.47,489.001,1.0,668.956,482.575,1.0,695.8,300.845,1.0,704.542,308.996,1.0,706.375,309.8,1.0,708.536,317.021,1.0,714.051,329.506,1.0,699.119,380.52,1.0,704.993,388.115,1.0,707.894,390.561,1.0,712.301,391.017,1.0,707.474,394.717,1.0,553.984,567.193,1.0,558.129,571.132,1.0,568.964,574.829,1.0,572.178,588.354,1.0,584.123,589.543,1.0,748.818,783.966,1.0,751.731,777.283,1.0,751.132,767.36,1.0,756.897,759.035,1.0,762.359,748.825,1.0
647,642.837,510.555,1.0,652.147,505.257,1.0,656.533,497.654,1.0,665.967,489.693,1.0,668.956,483.035,1.0,695.8,301.144,1.0,704.734,309.469,1.0,707.1,309.8,1.0,710.086,313.942,1.0,718.259,325.185,1.0,698.112,372.55,1.0,703.207,380.83,1.0,705.092,387.066,1.0,712.301,392.321,1.0,707.474,394.717,1.0,553.984,567.283,1.0,558.063,571.132,1.0,568.785,574.829,1.0,572.178,588.354,1.0,584.123,589.543,1.0,748.818,784.828,1.0,752.726,777.885,1.0,750.849,768.48,1.0,757.175,762.969,1.0,761.077,749.545,1.0
648,637.421,512.598,1.0,642.611,504.922,1.0,654.257,499.942,1.0,663.077,495.652,1.0,668.956,484.407,1.0,695.8,303.464,1.0,705.541,309.757,1.0,707.94,309.8,1.0,710.086,311.204,1.0,718.929,321.42,1.0,697.465,371.986,1.0,702.94,380.83,1.0,704.872,387.066,1.0,712.301,392.321,1.0,707.474,394.827,0.9990000128746033,553.828,567.283,1.0,558.063,570.696,1.0,568.504,574.789,1.0,572.178,588.524,1.0,583.966,589.583,1.0,748.818,785.212,1.0,752.726,778.407,1.0,750.839,770.523,1.0,757.175,765.67,1.0,758.105,749.894,1.0
649,637.078,512.727,1.0,642.342,504.483,1.0,653.278,500.611,1.0,662.477,497.055,1.0,669.644,486.27,1.0,697.108,304.7,1.0,705.57,309.808,1.0,707.952,309.8,1.0,708.968,311.204,1.0,718.929,318.434,1.0,697.201,371.986,1.0,702.94,380.83,1.0,704.818,387.066,1.0,712.301,392.321,1.0,707.474,395.615,1.0,553.595,566.966,1.0,558.129,570.523,1.0,568.49,574.789,1.0,572.178,588.524,1.0,584.123,589.583,1.0,749.005,785.306,1.0,752.839,778.791,1.0,750.839,770.664,1.0,756.897,766.205,1.0,757.801,750.126,1.0
650,636.994,513.185,1.0,642.342,504.483,1.0,652.524,500.737,1.0,662.477,497.445,1.0,669.676,486.838,1.0,697.751,304.7,1.0,706.68,309.757,1.0,707.94,313.775,1.0,708.968,311.204,1.0,718.259,312.403,1.0,697.465,371.986,1.0,702.893,380.83,1.0,704.818,387.066,1.0,710.722,392.569,1.0,707.823,396.136,0.9710000157356262,553.595,566.966,1.0,558.211,570.395,1.0,567.731,575.008,1.0,572.27,588.524,1.0,584.182,589.698,1.0,749.005,785.945,1.0,752.839,778.913,1.0,750.659,770.736,1.0,756.877,766.362,1.0,757.801,750.126,1.0
651,635.997,513.227,1.0,641.547,504.922,1.0,652.178,500.886,1.0,662.477,497.456,1.0,669.68,486.963,1.0,699.053,304.7,1.0,706.68,309.757,1.0,707.94,314.157,1.0,708.711,312.519,1.0,717.881,310.371,1.0,697.201,371.904,1.0,702.757,379.755,1.0,704.479,385.677,1.0,709.791,393.0,1.0,708.407,396.136,0.9430000185966492,553.463,567.365,1.0,558.367,570.395,1.0,566.036,575.702,1.0,572.668,588.634,1.0,584.182,589.805,1.0,749.005,786.196,1.0,752.726,779.818,1.0,750.659,772.157,1.0,756.624,768.029,1.0,758.105,751.029,1.0
652,635.997,513.457,1.0,641.547,505.258,1.0,652.178,500.971,1.0,662.819,497.63,1.0,669.736,487.165,1.0,700.33,304.165,1.0,706.68,308.818,1.0,704.412,314.157,1.0,707.694,314.592,1.0,717.698,310.347,1.0,697.077,371.904,1.0,702.757,379.59,1.0,704.479,384.946,1.0,708.956,393.0,1.0,711.071,396.136,1.0,553.292,567.365,1.0,559.009,570.395,1.0,567.343,575.702,1.0,572.668,588.634,1.0,584.182,589.805,1.0,746.782,786.268,1.0,751.275,779.929,1.0,750.839,773.661,1.0,755.98,768.35,1.0,759.063,753.53,1.0
653,636.962,513.457,1.0,642.689,505.429,1.0,652.524,500.886,1.0,663.038,497.456,1.0,669.736,487.515,1.0,700.457,303.758,1.0,706.565,308.414,1.0,704.157,313.92,1.0,707.645,314.592,1.0,717.527,309.424,1.0,696.318,369.673,1.0,701.521,376.162,1.0,704.479,383.183,1.0,707.919,393.473,1.0,713.896,396.609,1.0,553.105,571.66,1.0,559.009,571.154,1.0,567.043,575.932,1.0,572.995,588.634,1.0,584.331,589.698,1.0,746.629,793.584,1.0,750.422,786.081,1.0,751.589,775.153,1.0,755.415,769.01,1.0,759.758,757.816,1.0
654,636.994,513.457,1.0,642.704,505.691,1.0,653.517,500.886,1.0,663.179,497.456,1.0,669.736,487.515,1.0,700.457,303.548,1.0,706.408,308.184,1.0,704.15,313.882,1.0,707.281,314.015,1.0,717.443,307.94,1.0,696.138,369.625,1.0,701.36,376.162,1.0,705.427,383.183,1.0,707.754,394.442,1.0,714.632,396.729,1.0,552.88,573.558,1.0,559.009,572.666,1.0,566.105,576.381,1.0,573.977,588.52,1.0,584.182,589.238,1.0,746.56,795.793,1.0,750.422,787.722,1.0,751.775,777.933,1.0,754.568,769.411,1.0,759.758,759.287,1.0
655,638.801,510.738,1.0,646.161,505.691,1.0,655.161,500.709,1.0,663.629,493.378,1.0,669.054,487.515,1.0,700.457,303.548,1.0,706.193,308.13,1.0,703.885,313.92,1.0,707.281,314.015,1.0,717.527,307.94,1.0,695.9,369.602,1.0,701.36,376.135,1.0,705.427,382.984,1.0,707.667,394.442,1.0,714.632,395.828,1.0,552.642,574.765,1.0,558.924,573.088,1.0,566.105,576.381,1.0,573.977,587.768,1.0,584.408,589.139,1.0,745.947,795.827,1.0,750.422,788.394,1.0,751.775,778.711,1.0,752.287,769.596,1.0,759.758,760.592,1.0
656,640.995,509.141,1.0,646.869,505.691,1.0,655.161,500.292,1.0,663.805,493.315,1.0,668.887,487.515,1.0,700.494,303.45,1.0,706.125,307.858,1.0,703.559,313.882,1.0,706.563,313.561,1.0,717.698,305.466,1.0,695.9,369.559,1.0,701.521,376.135,1.0,705.427,382.984,1.0,707.754,394.442,1.0,714.632,397.297,1.0,552.576,574.922,1.0,558.567,573.28,1.0,566.105,576.381,1.0,572.95,587.768,1.0,584.408,589.007,1.0,745.426,795.827,1.0,750.777,789.194,1.0,751.714,779.284,1.0,752.176,769.644,1.0,759.127,761.614,1.0
657,647.301,509.141,1.0,648.245,505.2,1.0,655.161,500.292,1.0,663.805,493.315,1.0,668.88,487.515,1.0,700.638,302.847,1.0,705.822,307.544,1.0,703.341,313.676,1.0,706.252,312.636,1.0,717.812,303.183,1.0,696.138,369.559,1.0,701.689,376.162,1.0,704.947,382.022,1.0,707.919,393.844,1.0,713.781,397.297,1.0,552.576,575.281,1.0,558.567,573.28,1.0,566.105,576.381,1.0,575.166,587.768,1.0,584.055,589.007,1.0,745.408,795.812,1.0,751.072,789.316,1.0,751.589,779.591,1.0,751.074,770.196,1.0,759.1,763.629,1.0
658,650.358,509.141,1.0,648.506,505.2,1.0,652.526,500.709,1.0,663.805,493.378,1.0,668.88,488.646,1.0,700.638,302.847,1.0,705.66,307.222,1.0,702.29,313.676,1.0,706.07,312.18,1.0,718.312,301.015,1.0,695.9,369.559,1.0,701.963,376.306,1.0,704.622,382.022,1.0,707.754,393.213,1.0,710.731,396.46,1.0,552.642,575.281,1.0,558.567,573.088,1.0,566.105,576.381,1.0,575.166,587.768,1.0,583.705,589.238,1.0,745.328,795.827,1.0,751.072,789.625,1.0,751.575,779.611,1.0,751.047,770.501,1.0,758.77,764.008,1.0
659,654.058,513.415,1.0,649.417,505.2,1.0,650.118,501.273,1.0,662.214,494.87,1.0,668.849,489.764,1.0,701.273,302.479,1.0,705.428,306.722,1.0,702.29,314.702,1.0,705.976,312.18,1.0,718.312,301.015,1.0,695.779,369.397,1.0,701.963,375.418,1.0,703.974,382.022,1.0,707.562,393.213,1.0,709.686,395.169,1.0,553.117,575.281,1.0,560.021,573.459,1.0,567.049,577.419,1.0,576.567,578.786,1.0,583.827,589.304,1.0,744.835,796.091,1.0,751.072,790.238,1.0,751.385,780.575,1.0,750.535,771.874,1.0,758.434,765.817,1.0
660,654.36,514.371,1.0,649.628,506.28,1.0,650.118,501.528,1.0,661.708,495.079,1.0,668.719,489.764,1.0,701.273,302.342,1.0,704.85,306.722,1.0,702.29,313.676,1.0,705.584,312.18,1.0,718.649,301.015,1.0,695.416,369.397,1.0,701.963,375.287,1.0,703.366,382.98,1.0,703.031,393.213,1.0,692.294,394.41,0.9980000257492065,554.573,575.281,1.0,560.784,573.459,1.0,567.426,578.329,1.0,576.567,578.778,1.0,583.827,589.304,1.0,744.37,800.003,1.0,750.046,792.061,1.0,750.627,781.927,1.0,750.098,773.221,1.0,757.421,767.249,1.0
661,654.459,514.551,1.0,649.858,506.358,1.0,649.937,501.55,1.0,661.456,495.418,1.0,668.543,489.764,1.0,701.299,302.088,1.0,704.689,306.722,1.0,702.149,314.979,1.0,705.342,312.451,1.0,718.312,303.172,1.0,694.978,365.208,1.0,697.864,372.857,1.0,702.402,382.98,1.0,695.993,395.697,1.0,687.23,394.047,1.0,555.668,575.225,1.0,561.637,573.459,1.0,567.798,579.14,1.0,576.732,578.778,1.0,583.827,589.304,1.0,744.37,804.26,1.0,746.225,796.402,1.0,750.535,786.42,1.0,749.748,775.276,1.0,756.802,767.265,1.0
662,654.766,514.951,1.0,650.813,506.929,1.0,649.937,501.636,1.0,661.339,495.779,1.0,665.304,484.89,1.0,701.299,302.342,1.0,704.689,307.047,1.0,702.29,315.072,1.0,705.584,312.818,1.0,717.404,305.923,1.0,694.84,365.114,1.0,697.706,372.735,1.0,701.033,382.98,1.0,695.221,395.697,1.0,685.758,394.047,1.0,555.843,575.1,1.0,562.289,574.049,1.0,568.938,579.354,1.0,576.567,578.778,1.0,585.336,589.304,1.0,744.37,805.601,1.0,745.908,797.307,1.0,750.314,786.765,1.0,749.41,777.215,1.0,756.409,767.949,1.0
663,655.758,519.73,1.0,652.136,509.807,1.0,649.577,503.106,1.0,659.101,497.835,1.0,664.981,484.89,1.0,701.115,302.479,1.0,704.689,307.253,1.0,703.366,315.072,1.0,705.584,312.963,1.0,717.163,305.998,1.0,694.84,364.968,1.0,697.593,372.24,1.0,701.033,382.745,1.0,695.221,395.697,1.0,685.758,394.41,1.0,557.825,575.225,1.0,562.289,574.196,1.0,568.938,579.354,1.0,576.064,580.558,1.0,585.99,589.347,1.0,745.694,806.037,1.0,745.462,797.307,1.0,749.764,786.961,1.0,749.376,777.215,1.0,754.222,768.909,1.0
664,655.758,520.041,1.0,652.136,510.049,1.0,649.428,503.27,1.0,658.993,497.874,1.0,664.907,484.89,1.0,701.115,302.342,1.0,704.86,307.307,1.0,705.168,314.169,1.0,706.313,313.185,1.0,717.163,305.998,1.0,694.252,362.256,1.0,697.084,372.086,1.0,702.159,382.573,1.0,695.993,389.881,1.0,687.23,394.936,1.0,557.825,573.986,1.0,562.674,574.622,1.0,568.938,579.354,1.0,576.017,580.624,1.0,585.99,589.639,1.0,745.694,806.037,1.0,745.412,797.062,1.0,749.713,787.119,1.0,749.21,776.545,1.0,753.413,769.063,1.0
665,655.758,520.078,1.0,652.136,510.185,1.0,649.428,503.495,1.0,658.559,498.278,1.0,664.907,485.053,1.0,700.799,303.429,1.0,706.024,307.792,1.0,705.168,314.169,1.0,706.516,313.185,1.0,717.163,305.923,1.0,693.93,362.256,1.0,697.084,372.013,1.0,702.004,382.23,1.0,695.221,389.881,1.0,686.299,394.936,1.0,557.825,573.511,1.0,562.713,574.622,1.0,568.812,579.354,1.0,576.017,580.624,1.0,585.626,589.748,1.0,745.694,806.037,1.0,745.14,797.307,1.0,749.627,787.171,1.0,749.115,777.943,1.0,752.331,769.063,1.0
666,655.646,520.384,1.0,652.136,510.307,1.0,649.065,504.355,1.0,655.523,499.636,1.0,664.907,489.097,1.0,700.702,304.16,1.0,706.703,307.958,1.0,705.667,313.995,1.0,706.787,312.963,1.0,717.463,305.386,1.0,693.89,361.722,1.0,696.965,372.013,1.0,702.004,382.573,1.0,695.221,389.881,1.0,686.299,394.936,1.0,557.352,573.986,1.0,562.713,574.622,1.0,568.812,579.354,1.0,575.611,580.857,1.0,585.336,589.748,1.0,745.694,806.037,1.0,744.669,797.444,1.0,749.306,787.433,1.0,748.984,777.943,1.0,752.331,769.117,1.0
667,655.579,520.941,1.0,652.811,510.684,1.0,648.849,504.355,1.0,655.404,499.636,1.0,665.04,489.963,1.0,700.657,304.16,1.0,706.703,307.958,1.0,705.667,313.995,1.0,706.787,312.877,1.0,718.66,303.277,1.0,693.89,361.741,1.0,696.886,372.086,1.0,702.004,382.573,1.0,695.174,390.552,1.0,686.299,394.44,1.0,557.352,575.246,1.0,563.16,574.964,1.0,568.812,579.368,1.0,575.537,580.857,1.0,584.664,589.748,1.0,743.628,806.278,1.0,744.317,797.936,1.0,747.9,788.161,1.0,748.262,777.943,1.0,752.075,771.379,1.0
668,655.579,522.399,1.0,654.9,514.358,1.0,648.849,506.468,1.0,653.942,499.636,1.0,665.255,491.419,1.0,700.657,302.617,1.0,706.703,307.792,1.0,705.667,313.806,1.0,706.675,312.027,1.0,718.718,302.323,1.0,693.89,361.741,1.0,696.39,375.483,1.0,696.218,384.841,1.0,694.337,390.552,1.0,685.74,393.417,1.0,557.352,573.986,0.9739999771118164,577.49,578.817,0.9980000257492065,574.91,583.865,1.0,571.249,580.861,1.0,584.624,589.461,0.9490000009536743,743.193,814.567,1.0,744.281,806.218,1.0,747.53,795.668,1.0,746.593,782.081,1.0,751.831,773.752,1.0
669,655.646,522.399,1.0,655.789,514.557,1.0,649.241,506.468,1.0,652.212,500.081,1.0,665.255,491.938,1.0,699.625,302.617,1.0,706.191,307.161,1.0,703.931,313.806,1.0,706.675,310.678,1.0,718.869,300.364,1.0,693.89,361.741,1.0,696.39,375.855,1.0,695.96,385.107,1.0,692.204,390.738,1.0,680.873,392.764,1.0,564.16,575.246,0.9950000047683716,579.703,578.843,0.9990000128746033,575.813,584.317,1.0,571.124,579.98,1.0,583.386,588.608,0.9950000047683716,743.326,815.939,1.0,743.3,807.193,1.0,747.53,796.339,1.0,746.462,782.61,1.0,751.991,774.571,1.0
670,657.434,523.081,1.0,655.891,514.892,1.0,649.241,506.468,1.0,651.982,500.081,1.0,665.642,492.131,1.0,699.251,302.238,1.0,705.949,306.893,1.0,703.71,314.042,1.0,706.675,310.678,1.0,718.939,300.364,1.0,693.89,361.741,1.0,696.35,376.125,1.0,695.839,385.107,1.0,691.388,390.738,1.0,679.711,392.764,1.0,584.673,591.819,0.9909999966621399,580.475,578.984,0.9990000128746033,575.813,584.317,1.0,569.917,580.327,1.0,561.623,569.902,0.8830000162124634,743.326,816.187,1.0,743.3,807.282,1.0,747.343,796.517,1.0,744.919,785.792,1.0,751.831,777.948,1.0
671,660.965,523.174,1.0,655.947,515.221,1.0,651.351,506.644,1.0,651.935,501.721,1.0,665.642,493.087,1.0,698.224,302.238,1.0,705.661,306.893,1.0,703.56,314.168,1.0,706.675,310.678,1.0,719.043,300.364,1.0,693.641,361.741,1.0,696.39,375.855,1.0,695.675,385.085,1.0,691.309,390.552,1.0,679.535,392.409,1.0,584.673,591.819,0.9950000047683716,580.475,578.984,0.9990000128746033,575.813,584.317,1.0,569.917,579.769,1.0,561.623,569.902,0.9909999966621399,743.216,815.939,1.0,743.596,807.535,1.0,747.351,796.77,1.0,744.919,786.088,1.0,751.654,778.404,1.0
672,660.965,523.174,1.0,656.111,515.268,1.0,652.337,506.644,1.0,651.935,502.161,1.0,666.095,493.419,1.0,696.974,301.282,1.0,705.268,306.893,1.0,703.292,314.193,1.0,706.948,310.579,1.0,719.043,301.358,1.0,693.641,359.662,1.0,696.35,375.579,1.0,695.839,384.884,1.0,691.152,390.011,1.0,679.472,392.315,1.0,564.16,572.04,0.9739999771118164,579.703,578.817,0.9990000128746033,575.689,584.063,1.0,571.249,579.769,1.0,583.459,588.608,0.9610000252723694,743.042,815.939,1.0,743.596,807.567,1.0,747.351,796.877,1.0,744.919,786.16,1.0,751.683,778.871,1.0
673,660.779,525.59,1.0,656.331,517.213,1.0,652.597,508.46,1.0,651.935,502.912,1.0,666.455,495.761,1.0,696.813,301.278,1.0,704.955,306.25,1.0,703.292,314.193,1.0,707.24,310.261,1.0,718.939,310.578,1.0,693.641,359.662,1.0,696.469,375.855,1.0,695.835,384.973,1.0,691.152,390.011,1.0,679.472,392.315,1.0,562.93,571.398,1.0,575.856,576.677,1.0,573.956,583.506,1.0,575.453,579.769,1.0,583.459,589.251,1.0,743.042,815.939,1.0,743.596,807.567,1.0,747.165,797.414,1.0,745.629,786.785,1.0,751.241,779.662,1.0
674,661.175,525.796,1.0,656.557,517.213,1.0,652.86,508.779,1.0,652.708,502.912,1.0,666.53,495.761,1.0,695.893,301.119,1.0,703.839,306.792,1.0,703.56,314.193,1.0,709.606,309.309,1.0,719.465,312.137,1.0,694.762,359.662,1.0,696.492,375.579,1.0,695.835,384.884,1.0,690.947,388.333,1.0,678.519,390.132,1.0,561.798,571.118,1.0,565.718,571.995,0.9990000128746033,572.366,582.124,1.0,577.436,579.769,0.9990000128746033,584.045,589.361,0.9940000176429749,743.001,816.522,1.0,743.596,808.518,1.0,746.024,799.127,1.0,745.813,788.736,1.0,751.086,781.778,1.0
675,660.779,525.863,1.0,656.331,517.397,1.0,652.86,508.782,1.0,652.708,503.268,1.0,666.53,495.846,1.0,694.164,301.115,1.0,702.494,306.792,1.0,703.292,313.88,1.0,709.606,309.017,1.0,719.626,313.143,1.0,694.762,359.662,1.0,696.62,375.4,1.0,695.835,384.636,1.0,690.89,387.424,1.0,677.147,388.789,1.0,561.091,570.621,1.0,564.942,570.748,1.0,569.937,579.006,1.0,577.785,579.597,1.0,584.045,589.361,1.0,739.364,821.098,1.0,740.483,813.293,1.0,743.007,802.589,1.0,745.877,792.049,1.0,749.622,784.088,1.0
676,660.602,526.452,1.0,656.331,518.031,1.0,652.597,508.914,1.0,652.708,503.268,1.0,666.455,495.846,1.0,694.146,301.115,1.0,702.427,306.747,1.0,702.324,313.88,1.0,709.819,308.102,1.0,718.072,313.143,1.0,694.762,360.388,1.0,696.62,375.4,1.0,695.835,384.047,1.0,690.028,386.799,1.0,675.901,387.978,1.0,560.654,565.558,1.0,564.414,570.175,1.0,569.514,578.548,1.0,577.785,579.597,1.0,584.195,589.278,1.0,738.327,821.882,1.0,739.839,814.28,1.0,742.209,803.986,1.0,746.456,793.655,1.0,749.398,784.427,1.0
677,660.321,526.452,1.0,656.474,518.044,1.0,652.335,509.078,1.0,652.043,503.268,1.0,665.606,495.703,1.0,694.146,300.569,1.0,702.316,306.524,1.0,703.52,313.703,1.0,709.819,308.546,1.0,718.033,313.143,1.0,694.39,371.147,1.0,696.62,375.844,1.0,695.503,384.047,1.0,690.028,386.799,1.0,675.901,387.978,1.0,560.009,563.873,1.0,563.264,569.166,1.0,569.291,578.433,1.0,577.785,579.824,1.0,584.195,589.361,1.0,738.276,822.598,1.0,739.332,814.494,1.0,741.758,805.741,1.0,746.456,794.844,1.0,748.25,785.229,1.0
678,659.987,526.654,1.0,656.557,518.057,1.0,651.709,509.562,1.0,651.506,503.894,1.0,663.952,492.617,1.0,694.164,300.569,1.0,702.104,306.524,1.0,703.52,313.703,1.0,708.961,308.546,1.0,718.033,314.359,1.0,694.39,371.147,1.0,696.585,375.844,1.0,695.503,384.047,1.0,689.169,386.799,1.0,675.901,387.978,1.0,559.95,563.82,1.0,563.049,568.893,1.0,568.565,577.822,1.0,577.677,579.824,1.0,584.788,589.361,1.0,738.327,822.745,1.0,739.125,814.494,1.0,741.63,806.051,1.0,746.456,794.907,1.0,748.25,785.668,1.0
679,659.758,526.654,1.0,656.474,518.268,1.0,651.709,510.301,1.0,650.491,504.055,1.0,660.564,492.213,1.0,694.091,301.115,1.0,700.136,301.282,1.0,703.426,310.216,1.0,708.383,308.546,1.0,717.563,314.106,1.0,694.39,371.147,1.0,696.431,376.048,1.0,695.402,384.611,1.0,689.169,387.954,1.0,675.901,388.245,1.0,559.893,563.738,1.0,562.945,568.845,1.0,568.565,577.354,1.0,577.232,579.824,1.0,584.788,589.459,1.0,738.327,822.872,1.0,738.995,814.502,1.0,741.541,806.549,1.0,746.418,795.257,1.0,748.25,786.646,1.0
680,659.758,526.654,1.0,656.474,518.971,1.0,651.709,510.6,1.0,649.445,504.242,1.0,659.434,492.213,1.0,694.348,300.199,1.0,700.136,300.772,1.0,703.426,309.735,1.0,708.266,310.489,1.0,717.563,312.838,1.0,694.517,371.03,1.0,696.327,376.357,1.0,695.402,384.611,1.0,689.169,387.954,1.0,675.901,388.245,1.0,559.893,563.597,1.0,562.945,568.503,1.0,568.155,577.332,1.0,577.091,579.824,1.0,584.788,589.459,1.0,738.276,822.876,1.0,738.973,814.588,1.0,741.033,807.618,1.0,746.318,795.675,1.0,748.25,787.074,1.0
681,659.758,527.701,1.0,656.474,518.971,1.0,654.534,511.839,1.0,649.385,504.317,1.0,658.603,492.213,1.0,694.348,300.156,1.0,700.136,300.585,1.0,703.426,309.081,1.0,708.266,310.489,1.0,717.325,312.838,1.0,694.518,362.657,1.0,696.327,376.357,1.0,694.957,384.611,1.0,681.573,387.954,1.0,675.419,388.245,1.0,559.488,563.531,1.0,562.885,568.45,1.0,568.155,577.332,1.0,577.063,579.592,1.0,584.732,589.459,1.0,738.276,825.397,1.0,737.051,818.736,1.0,740.898,808.961,1.0,744.748,798.481,1.0,748.071,789.281,1.0
682,660.399,527.701,1.0,657.445,518.971,1.0,655.273,512.247,1.0,649.385,504.055,1.0,658.376,493.087,1.0,694.317,300.156,1.0,700.216,300.514,1.0,703.426,309.081,1.0,708.266,310.489,1.0,717.325,312.838,1.0,695.254,362.657,1.0,696.327,376.357,1.0,694.716,383.05,1.0,679.867,385.376,1.0,674.442,384.711,1.0,559.425,563.531,1.0,562.867,568.45,1.0,568.589,577.332,1.0,576.888,579.159,1.0,584.732,589.459,1.0,736.209,830.602,1.0,736.998,821.926,1.0,740.859,813.685,1.0,744.5,801.251,1.0,747.498,796.128,1.0
683,662.009,527.95,1.0,657.445,518.971,1.0,656.365,513.065,1.0,649.385,504.829,1.0,658.324,493.238,1.0,694.317,299.877,1.0,700.535,299.979,1.0,703.4,308.889,1.0,708.534,309.35,1.0,717.311,312.341,1.0,695.254,362.657,1.0,698.224,376.837,1.0,694.716,382.338,1.0,679.867,383.809,1.0,674.442,382.981,1.0,559.219,563.518,1.0,562.846,568.365,1.0,568.589,577.019,1.0,576.364,579.159,1.0,584.607,589.459,1.0,730.056,830.659,1.0,736.317,821.926,1.0,740.8,814.92,1.0,740.433,803.531,1.0,747.498,797.18,1.0
684,662.86,528.102,1.0,657.662,519.669,1.0,656.843,513.742,1.0,649.574,504.833,1.0,657.531,494.801,1.0,694.348,299.423,1.0,700.981,299.749,1.0,703.4,308.636,1.0,708.534,308.424,1.0,717.07,312.298,1.0,695.311,362.657,1.0,698.224,376.885,1.0,694.716,380.027,1.0,679.867,380.988,1.0,674.442,379.323,1.0,559.188,563.36,1.0,562.788,568.365,1.0,568.635,577.507,1.0,576.326,579.159,1.0,584.179,589.158,1.0,729.931,830.959,1.0,735.665,821.942,1.0,740.8,815.78,1.0,740.323,804.252,1.0,747.498,797.193,1.0
685,665.566,536.079,1.0,659.115,525.297,1.0,657.194,515.619,1.0,649.574,505.668,1.0,655.387,500.227,1.0,694.317,295.364,1.0,700.981,299.33,1.0,703.308,308.226,1.0,708.534,308.424,1.0,716.6,311.859,1.0,695.478,362.657,1.0,698.224,372.539,1.0,696.454,380.025,1.0,680.39,377.375,1.0,674.745,378.014,1.0,558.885,563.36,1.0,562.725,568.79,1.0,569.135,577.935,1.0,573.097,581.607,1.0,584.078,589.002,1.0,729.888,830.959,1.0,735.59,822.831,1.0,740.375,815.801,1.0,740.433,804.971,1.0,747.498,797.306,1.0
686,666.066,536.485,1.0,659.187,525.748,1.0,657.447,515.886,1.0,649.574,506.056,1.0,655.387,500.473,1.0,694.257,289.933,1.0,700.981,298.243,1.0,703.134,306.441,1.0,707.982,308.424,1.0,716.6,311.859,1.0,695.311,362.108,1.0,698.224,376.885,1.0,696.454,380.025,1.0,680.434,377.375,1.0,674.853,377.109,1.0,557.223,560.809,1.0,562.653,569.789,1.0,570.803,578.374,1.0,571.547,584.123,1.0,583.899,589.002,0.9810000061988831,729.888,831.741,1.0,735.557,822.831,1.0,740.375,816.41,1.0,740.323,805.301,1.0,747.498,797.573,1.0
687,666.066,539.61,1.0,659.286,525.748,1.0,657.473,516.979,1.0,649.053,506.159,1.0,655.325,500.473,1.0,694.394,284.481,1.0,698.741,295.543,1.0,702.5,304.141,1.0,706.321,307.256,1.0,716.6,311.859,1.0,694.874,362.108,1.0,699.553,376.885,1.0,696.454,380.025,1.0,680.561,377.375,1.0,675.507,377.109,1.0,557.223,560.014,1.0,561.861,569.789,1.0,570.803,577.935,1.0,571.547,585.356,1.0,583.786,589.002,1.0,729.888,831.741,1.0,735.294,824.455,1.0,736.341,818.636,1.0,740.323,810.338,1.0,744.005,798.305,1.0
688,666.066,539.651,1.0,659.189,526.373,1.0,657.473,517.882,1.0,648.816,506.42,1.0,654.593,500.473,1.0,694.161,284.265,1.0,698.42,295.088,1.0,702.794,303.896,1.0,706.285,307.256,1.0,716.477,312.516,1.0,694.367,361.017,1.0,699.553,376.885,1.0,696.008,380.738,1.0,680.561,377.849,1.0,675.507,377.109,1.0,557.223,559.931,1.0,561.834,569.789,1.0,570.803,577.935,1.0,571.498,585.356,1.0,583.786,589.002,1.0,730.803,836.599,1.0,734.755,830.903,1.0,734.951,822.584,1.0,740.681,815.905,1.0,744.005,803.075,1.0
689,665.69,540.372,1.0,659.189,526.498,1.0,657.473,518.47,1.0,648.816,506.793,1.0,654.593,500.447,1.0,693.819,283.761,1.0,698.374,294.579,1.0,702.5,303.815,1.0,704.352,317.566,1.0,716.748,312.534,1.0,694.348,361.017,1.0,699.553,376.681,1.0,695.736,380.738,1.0,680.434,377.849,1.0,675.507,377.109,1.0,557.223,559.739,1.0,560.627,566.459,1.0,570.703,573.613,1.0,571.498,587.024,1.0,581.463,589.034,1.0,730.803,836.898,1.0,734.682,831.244,1.0,734.573,822.611,1.0,740.681,816.323,1.0,744.005,803.174,1.0
690,665.69,540.594,1.0,659.286,526.585,1.0,657.545,518.47,1.0,649.053,506.783,1.0,654.018,500.356,1.0,693.789,283.61,1.0,697.993,295.088,1.0,702.481,303.815,1.0,704.056,316.167,1.0,716.748,312.622,1.0,694.295,361.017,1.0,699.553,376.681,1.0,695.263,380.738,1.0,680.18,377.988,1.0,674.862,378.853,1.0,557.223,559.196,1.0,560.254,566.119,1.0,570.591,573.613,1.0,571.498,587.258,1.0,580.838,589.175,1.0,730.803,837.113,1.0,734.682,831.619,1.0,734.573,823.001,1.0,740.538,816.331,1.0,744.005,806.545,1.0
691,665.187,540.594,1.0,659.442,526.373,1.0,657.545,518.47,1.0,649.095,506.783,1.0,654.018,499.875,1.0,693.551,281.827,1.0,697.433,295.543,1.0,702.276,304.141,1.0,704.056,314.111,1.0,716.477,313.016,1.0,694.348,363.809,1.0,698.012,371.128,1.0,694.325,380.738,1.0,678.576,378.091,1.0,674.862,379.437,1.0,557.301,559.196,1.0,560.254,566.119,1.0,570.591,573.421,1.0,571.628,587.444,1.0,580.838,589.207,1.0,730.519,837.113,1.0,734.619,831.982,1.0,734.951,823.406,1.0,740.538,816.426,1.0,744.005,806.832,1.0
692,665.078,540.594,1.0,659.442,526.373,1.0,657.377,518.47,1.0,649.399,506.783,1.0,653.981,499.58,1.0,693.406,281.746,1.0,696.81,296.405,1.0,699.332,303.884,1.0,702.797,314.111,1.0,716.351,313.394,1.0,694.367,366.338,1.0,698.012,371.128,1.0,694.325,380.738,1.0,677.189,378.091,1.0,674.046,379.934,1.0,557.274,559.374,1.0,560.254,566.413,1.0,570.591,573.325,1.0,571.939,587.545,1.0,580.724,589.207,1.0,728.716,840.927,1.0,734.619,834.943,1.0,735.075,824.608,1.0,738.258,816.84,1.0,743.438,807.848,1.0
693,665.042,531.735,1.0,659.442,523.227,1.0,655.761,515.634,1.0,651.157,505.969,1.0,653.789,498.319,1.0,693.306,281.623,1.0,696.702,296.405,1.0,699.332,303.884,1.0,701.452,314.111,1.0,714.284,314.172,1.0,695.691,366.907,1.0,698.012,371.128,1.0,694.325,383.127,1.0,676.411,384.465,1.0,673.847,379.934,1.0,557.274,559.196,1.0,560.378,566.119,1.0,570.314,573.325,1.0,571.939,587.444,1.0,580.59,589.034,1.0,727.365,844.369,1.0,727.969,838.67,1.0,735.26,830.722,1.0,735.951,820.433,1.0,742.307,812.199,1.0
694,663.902,527.015,1.0,659.12,521.597,1.0,654.893,515.427,1.0,651.392,505.969,1.0,653.789,497.723,1.0,693.406,281.507,1.0,696.683,296.405,1.0,699.198,303.884,1.0,700.63,313.972,1.0,708.383,314.883,1.0,695.691,366.907,1.0,698.179,371.984,1.0,694.606,383.795,1.0,676.411,384.465,1.0,673.847,380.463,1.0,557.301,559.007,1.0,560.378,566.388,1.0,569.829,580.393,1.0,571.939,587.258,1.0,579.849,588.806,1.0,726.957,849.501,1.0,727.969,838.925,1.0,735.26,830.871,1.0,735.951,821.212,1.0,741.25,813.645,1.0
695,663.602,527.015,1.0,658.924,521.183,1.0,654.863,515.369,1.0,651.423,505.856,1.0,653.47,497.554,1.0,693.347,281.611,1.0,696.702,296.296,1.0,699.198,303.613,1.0,700.63,313.972,1.0,707.826,315.268,1.0,695.691,366.907,1.0,698.816,371.984,1.0,694.626,383.795,1.0,676.411,384.465,1.0,673.847,381.581,1.0,557.444,558.775,1.0,560.378,566.413,1.0,569.829,580.393,1.0,570.453,587.395,1.0,577.889,588.465,1.0,726.507,849.501,1.0,727.849,840.059,1.0,735.268,831.423,1.0,735.951,821.439,1.0,740.958,813.966,1.0
696,663.48,527.015,1.0,658.437,520.879,1.0,654.753,515.184,1.0,651.423,505.969,1.0,652.777,496.89,1.0,693.347,281.611,1.0,696.702,296.23,1.0,699.198,303.613,1.0,700.63,313.972,1.0,707.085,315.435,1.0,695.299,362.293,1.0,698.819,371.984,1.0,695.68,383.795,1.0,677.598,384.167,1.0,674.044,382.206,1.0,557.488,558.753,1.0,560.324,566.408,1.0,569.686,580.476,1.0,569.972,587.395,1.0,576.913,588.329,1.0,724.91,846.8,1.0,727.767,840.236,1.0,735.181,831.437,1.0,735.951,821.614,1.0,740.607,815.118,1.0
697,663.48,527.688,1.0,657.425,520.015,1.0,654.863,514.507,1.0,651.468,505.969,1.0,652.461,494.865,1.0,693.508,281.611,1.0,696.722,296.181,1.0,698.846,303.613,1.0,701.712,315.478,1.0,706.944,315.711,1.0,695.065,360.972,1.0,698.816,370.896,1.0,695.823,383.422,1.0,677.687,384.005,1.0,674.112,382.206,1.0,557.488,558.589,1.0,559.894,566.388,1.0,569.588,580.476,1.0,569.638,587.395,1.0,576.913,588.008,1.0,724.781,846.8,1.0,727.099,840.672,1.0,735.181,833.934,1.0,735.951,823.482,1.0,740.408,816.087,1.0
698,655.111,527.688,1.0,656.488,519.98,1.0,654.863,513.851,1.0,651.481,504.545,1.0,651.453,493.556,1.0,693.508,282.155,1.0,696.722,296.181,1.0,698.285,303.579,1.0,701.712,315.478,1.0,706.944,315.435,1.0,694.79,360.44,1.0,698.852,370.896,1.0,696.15,383.422,1.0,677.961,384.005,1.0,674.112,382.753,1.0,557.636,558.589,1.0,559.894,566.408,1.0,569.588,580.476,1.0,569.097,587.395,1.0,576.644,588.008,1.0,723.768,849.814,1.0,727.019,843.861,1.0,732.439,834.702,1.0,733.737,825.933,1.0,737.405,816.476,1.0
699,648.731,528.089,1.0,654.951,518.998,1.0,655.059,513.851,1.0,653.04,502.307,1.0,650.146,493.556,1.0,693.347,282.277,1.0,696.722,295.968,1.0,698.264,303.579,1.0,701.712,315.478,1.0,707.085,315.435,1.0,694.092,360.279,1.0,698.816,370.896,1.0,696.631,383.378,1.0,678.119,384.167,1.0,674.044,382.756,1.0,557.444,558.482,1.0,559.894,566.863,1.0,568.556,579.016,1.0,569.082,587.395,1.0,576.644,587.839,1.0,720.453,852.379,1.0,722.18,847.114,1.0,729.183,836.144,1.0,732.939,828.09,1.0,737.329,821.944,1.0
700,644.411,528.595,1.0,651.524,518.998,1.0,655.059,513.851,1.0,653.872,502.247,1.0,650.146,493.556,1.0,693.108,282.801,1.0,696.313,295.355,1.0,698.264,303.034,1.0,701.548,315.408,1.0,707.642,315.789,1.0,692.168,360.182,1.0,698.755,377.757,1.0,696.631,383.422,1.0,678.189,384.291,1.0,673.897,382.84,1.0,556.109,558.45,1.0,561.779,570.381,1.0,568.03,576.352,1.0,565.799,582.762,1.0,577.063,586.028,1.0,718.041,852.492,1.0,722.179,847.15,1.0,728.691,836.474,1.0,732.432,828.534,1.0,737.126,822.168,1.0
701,636.347,529.117,1.0,644.668,518.998,1.0,655.059,514.56,1.0,653.872,501.905,1.0,649.894,494.392,1.0,692.005,286.478,1.0,695.157,293.263,1.0,698.264,302.182,1.0,700.333,315.214,1.0,707.652,315.887,1.0,691.257,359.995,1.0,698.733,377.848,1.0,696.631,383.629,1.0,678.34,384.361,1.0,673.897,383.369,1.0,554.585,556.837,1.0,561.779,570.381,1.0,567.817,576.352,1.0,565.799,582.762,1.0,578.088,586.028,0.9940000176429749,717.271,852.895,1.0,721.623,847.697,1.0,728.618,837.444,1.0,732.1,829.099,1.0,736.931,822.578,1.0
702,636.182,529.585,1.0,643.849,519.292,1.0,654.574,514.67,1.0,653.872,502.074,1.0,649.894,494.448,1.0,689.583,286.478,1.0,694.568,290.789,1.0,699.452,299.007,1.0,699.93,313.764,1.0,707.888,316.119,1.0,691.257,359.995,1.0,698.733,377.848,1.0,696.628,383.742,1.0,680.048,384.372,1.0,673.748,383.563,1.0,554.48,556.837,0.9990000128746033,561.779,570.381,1.0,567.585,576.352,1.0,565.799,582.762,1.0,578.088,586.028,0.9980000257492065,717.071,853.117,1.0,722.179,848.172,1.0,727.998,839.748,1.0,731.463,830.679,1.0,736.931,823.491,1.0
703,635.986,530.128,1.0,643.476,519.406,1.0,653.882,514.67,1.0,653.747,501.905,1.0,649.656,494.786,1.0,689.437,286.478,1.0,694.567,290.768,1.0,699.596,298.773,1.0,699.797,313.498,1.0,707.947,316.137,1.0,691.257,359.971,1.0,698.733,377.757,1.0,696.575,384.19,1.0,680.278,384.92,1.0,673.897,383.726,1.0,554.144,556.732,1.0,560.584,567.613,1.0,564.026,576.591,1.0,567.294,583.811,1.0,578.088,587.99,1.0,716.708,853.117,1.0,722.179,850.757,1.0,726.18,841.815,1.0,727.711,834.519,1.0,735.785,824.77,1.0
704,635.986,530.128,1.0,643.476,519.406,1.0,653.882,514.627,1.0,653.747,501.905,1.0,649.656,494.448,1.0,689.437,285.041,1.0,694.567,290.768,1.0,699.602,298.715,1.0,699.366,313.111,1.0,707.888,316.137,1.0,691.292,359.971,1.0,698.715,371.497,1.0,696.575,384.281,1.0,680.278,384.944,1.0,674.05,383.726,1.0,553.882,556.837,1.0,560.584,567.379,1.0,564.026,576.591,1.0,567.294,584.381,1.0,578.088,587.99,1.0,713.007,859.258,1.0,722.372,854.413,1.0,725.951,846.126,1.0,727.711,835.715,1.0,733.865,829.824,1.0
705,635.986,530.128,1.0,643.476,519.406,1.0,653.882,514.627,1.0,653.747,502.065,1.0,649.656,494.392,1.0,689.437,284.924,1.0,694.568,290.768,1.0,699.596,298.715,1.0,699.366,313.111,1.0,707.888,316.119,1.0,692.683,360.334,1.0,698.385,371.497,1.0,696.555,384.505,1.0,680.048,384.944,1.0,674.05,383.563,1.0,553.882,555.854,1.0,560.584,567.128,1.0,564.026,576.591,1.0,567.294,584.381,1.0,578.088,587.99,1.0,712.504,859.258,1.0,722.923,854.73,1.0,725.951,846.142,1.0,727.41,836.001,1.0,733.54,829.904,1.0
706,636.582,530.126,1.0,643.727,519.406,1.0,653.332,514.627,1.0,653.962,502.074,1.0,655.498,492.991,1.0,691.765,284.152,1.0,694.734,290.263,1.0,699.452,298.715,1.0,699.366,313.111,1.0,707.539,316.088,1.0,695.744,362.133,1.0,693.242,371.497,1.0,696.555,384.984,1.0,679.083,384.944,1.0,673.825,383.374,1.0,553.093,557.159,1.0,560.584,567.128,1.0,564.112,575.338,1.0,567.041,583.838,1.0,579.263,585.837,1.0,712.504,859.389,1.0,722.923,854.837,1.0,725.912,846.318,1.0,727.407,836.244,1.0,733.366,829.968,1.0
707,638.986,515.754,1.0,643.727,519.193,1.0,653.307,514.627,1.0,654.323,503.483,1.0,655.536,492.527,1.0,695.196,284.152,1.0,695.599,290.263,1.0,697.873,299.746,1.0,699.604,313.695,1.0,707.486,315.998,1.0,696.923,365.307,1.0,692.942,372.135,1.0,695.636,385.228,1.0,678.131,384.149,1.0,673.825,383.366,1.0,553.093,561.281,1.0,560.732,567.128,1.0,564.147,574.647,1.0,566.29,583.811,1.0,579.263,585.546,1.0,712.504,859.389,1.0,722.923,855.345,1.0,725.402,846.318,1.0,727.38,836.835,1.0,733.107,830.428,1.0
708,639.151,514.179,1.0,643.727,519.075,1.0,653.15,515.921,1.0,654.323,503.717,1.0,656.025,492.459,1.0,698.235,284.122,1.0,696.887,290.464,1.0,697.63,300.083,1.0,699.737,314.072,1.0,707.468,315.998,1.0,696.923,365.307,1.0,692.942,372.135,1.0,695.582,385.228,1.0,678.131,383.627,1.0,673.825,383.04,1.0,551.975,561.348,1.0,560.877,570.783,1.0,564.147,574.166,1.0,565.528,582.793,1.0,579.358,585.546,1.0,713.421,861.387,1.0,721.857,857.687,1.0,720.541,847.241,1.0,727.369,838.759,1.0,731.889,830.614,1.0
709,644.426,511.822,1.0,643.444,517.919,1.0,653.085,516.182,1.0,653.962,503.969,1.0,655.95,492.527,1.0,698.235,284.122,1.0,696.887,290.464,1.0,697.568,300.539,1.0,699.843,314.072,1.0,707.468,315.751,1.0,696.923,365.307,1.0,692.777,372.135,1.0,695.582,385.228,1.0,678.131,383.093,1.0,673.825,383.013,1.0,551.975,561.281,1.0,561.09,570.783,1.0,564.112,572.862,1.0,565.492,582.563,1.0,579.358,585.384,1.0,713.421,866.969,1.0,715.116,858.61,1.0,717.584,850.088,1.0,727.047,846.039,1.0,731.865,832.841,1.0
710,644.426,510.33,1.0,643.444,517.919,1.0,653.085,516.261,1.0,653.797,504.19,1.0,655.95,492.527,1.0,698.235,284.122,1.0,697.099,290.464,1.0,697.509,300.858,1.0,700.134,313.695,1.0,707.486,315.616,1.0,695.702,364.19,1.0,692.942,371.311,1.0,695.582,384.781,1.0,678.357,383.093,1.0,674.449,383.013,1.0,552.076,561.348,1.0,561.09,570.783,0.9990000128746033,564.061,572.862,1.0,565.492,582.563,1.0,579.148,585.384,0.9990000128746033,713.421,867.015,1.0,714.986,859.374,1.0,717.397,851.263,1.0,726.796,847.095,1.0,731.686,833.967,1.0
711,644.426,510.33,1.0,643.444,517.321,1.0,653.15,516.261,1.0,653.797,504.19,1.0,655.95,492.672,1.0,697.878,283.005,1.0,697.37,293.026,1.0,694.744,300.962,1.0,700.154,312.644,1.0,708.859,315.751,1.0,695.43,363.131,1.0,693.003,371.311,1.0,695.737,384.598,1.0,678.467,383.093,1.0,674.861,383.013,1.0,552.076,561.351,1.0,561.777,570.842,1.0,564.06,572.862,1.0,565.402,582.546,1.0,579.148,585.542,1.0,713.272,867.169,1.0,714.856,859.403,1.0,717.397,851.308,1.0,726.564,847.186,1.0,731.686,833.985,1.0
712,639.242,510.33,1.0,644.029,517.135,1.0,653.209,516.182,1.0,653.797,504.19,1.0,655.665,493.025,1.0,697.878,285.423,1.0,697.423,293.854,1.0,694.744,301.64,1.0,700.154,311.565,1.0,708.859,313.142,1.0,694.352,360.06,1.0,699.725,371.261,1.0,695.777,384.101,1.0,679.491,383.394,1.0,675.145,383.04,1.0,551.975,561.351,1.0,561.09,570.367,1.0,563.742,572.862,1.0,565.528,582.563,1.0,579.148,585.557,1.0,713.092,867.324,1.0,714.723,860.437,1.0,717.397,852.581,1.0,725.994,848.003,1.0,731.686,834.642,1.0
713,638.946,510.33,1.0,644.07,516.776,1.0,654.417,514.44,1.0,655.019,504.054,1.0,654.843,493.061,1.0,697.878,287.272,1.0,697.805,293.854,1.0,694.744,301.924,1.0,700.411,311.565,1.0,708.859,313.142,1.0,694.235,359.566,1.0,699.725,371.311,1.0,695.777,384.024,1.0,679.985,383.588,1.0,675.176,383.205,1.0,552.076,561.905,1.0,560.652,566.162,0.9990000128746033,563.341,573.252,1.0,565.402,583.408,1.0,579.11,585.842,0.9990000128746033,711.247,869.464,1.0,714.073,863.149,1.0,717.037,856.853,1.0,723.847,848.253,1.0,729.075,842.167,1.0
714,638.419,510.33,1.0,644.07,515.938,1.0,654.417,513.157,1.0,655.019,504.054,1.0,653.71,493.8,1.0,701.498,287.322,1.0,700.247,293.854,1.0,696.229,301.924,1.0,700.411,311.565,1.0,707.441,313.413,1.0,694.235,359.566,1.0,699.725,374.617,1.0,695.737,384.024,1.0,679.985,383.864,1.0,675.176,383.548,1.0,551.866,562.846,1.0,560.527,565.877,1.0,562.901,574.522,1.0,566.565,583.975,1.0,579.11,587.554,1.0,709.201,875.23,1.0,710.758,866.817,1.0,716.899,858.023,1.0,719.856,850.471,1.0,728.581,844.072,1.0
715,638.092,510.187,1.0,644.07,514.81,1.0,654.417,513.157,1.0,655.019,504.054,1.0,653.71,495.46,1.0,706.609,297.331,1.0,704.042,292.97,1.0,696.48,301.924,1.0,700.39,313.872,1.0,706.032,313.826,1.0,694.235,359.566,1.0,699.725,374.617,1.0,695.7,384.101,1.0,679.985,383.936,1.0,675.176,383.614,1.0,551.406,563.086,1.0,559.842,565.344,1.0,561.737,574.522,1.0,566.565,583.975,1.0,579.141,588.217,1.0,708.34,876.234,1.0,708.704,869.227,1.0,716.005,859.555,1.0,718.565,850.574,1.0,728.371,844.338,1.0
716,637.669,508.431,1.0,642.698,511.64,1.0,653.693,513.157,1.0,654.715,504.444,1.0,653.71,495.46,1.0,711.68,298.629,1.0,706.156,292.97,1.0,696.612,300.556,1.0,700.39,313.872,1.0,706.032,313.806,1.0,694.807,366.05,1.0,699.614,374.617,1.0,694.146,384.101,1.0,679.993,383.936,1.0,673.523,385.11,1.0,551.406,563.086,1.0,559.842,565.344,1.0,561.737,574.829,1.0,566.692,583.975,1.0,579.11,588.309,1.0,708.171,876.3,1.0,708.572,869.9,1.0,715.931,859.782,1.0,718.21,850.743,1.0,727.963,844.378,1.0
717,636.259,503.492,1.0,640.74,510.49,1.0,652.563,513.157,1.0,653.517,504.768,1.0,653.71,495.458,1.0,711.745,298.629,1.0,706.156,292.896,1.0,696.961,300.225,1.0,701.064,314.182,1.0,706.032,313.826,1.0,698.299,373.623,1.0,696.415,378.198,1.0,692.167,383.791,1.0,680.05,383.896,1.0,672.96,385.393,1.0,552.48,561.905,1.0,560.135,565.344,1.0,562.347,574.829,1.0,566.93,583.903,1.0,578.955,588.408,1.0,707.781,876.794,1.0,708.443,870.653,1.0,715.651,860.614,1.0,717.607,851.35,1.0,726.798,844.457,1.0
718,636.16,503.492,1.0,640.608,510.396,1.0,652.435,513.157,1.0,653.5,504.768,1.0,653.735,495.396,1.0,711.994,298.629,1.0,706.156,292.883,1.0,696.961,299.617,1.0,701.064,313.872,1.0,707.57,314.029,1.0,698.299,373.623,1.0,693.344,379.007,1.0,686.091,382.066,1.0,681.519,383.896,1.0,672.96,385.393,1.0,554.548,560.427,1.0,560.135,565.344,1.0,562.347,575.282,1.0,567.471,583.975,1.0,579.006,588.408,1.0,706.403,877.005,1.0,707.449,872.295,1.0,713.791,861.882,1.0,716.597,855.798,1.0,723.448,845.071,1.0
719,635.553,503.361,1.0,640.368,510.207,1.0,652.345,512.529,1.0,653.252,504.768,1.0,653.735,495.396,1.0,712.725,298.285,1.0,705.191,292.883,1.0,697.385,299.534,1.0,701.167,313.856,1.0,708.409,314.418,1.0,699.827,375.257,0.9990000128746033,696.415,379.007,1.0,,382.03,1.0,681.519,383.852,1.0,672.96,385.393,1.0,558.546,559.492,1.0,560.135,567.894,1.0,562.529,575.287,1.0,567.631,584.89,1.0,579.006,588.408,1.0,697.065,879.913,1.0,704.509,874.63,1.0,710.569,866.383,1.0,714.203,856.166,1.0,720.347,848.879,1.0
720,634.42,503.361,1.0,640.368,509.662,1.0,652.066,511.728,1.0,652.644,504.506,1.0,653.709,495.205,1.0,713.381,297.541,1.0,705.191,292.749,1.0,697.509,298.695,1.0,701.167,312.867,1.0,708.606,314.418,1.0,703.057,376.823,0.0,696.415,379.007,1.0,686.091,,0.0,681.519,383.091,1.0,674.062,382.639,0.9929999709129333,558.546,559.287,1.0,560.135,567.894,1.0,562.546,576.035,1.0,567.922,585.099,1.0,577.545,587.927,1.0,696.782,880.079,1.0,704.475,874.934,1.0,710.271,866.853,1.0,714.176,856.282,1.0,719.882,849.211,1.0
721,634.341,503.262,1.0,640.349,507.109,1.0,651.983,510.511,1.0,652.641,503.547,1.0,653.41,494.87,1.0,714.037,296.862,1.0,705.191,292.749,1.0,697.61,298.695,1.0,701.167,312.444,1.0,708.7,314.418,1.0,706.99,381.561,1.0,699.066,378.515,1.0,692.187,383.243,1.0,679.619,382.484,1.0,674.372,382.639,1.0,558.546,559.287,1.0,559.06,567.529,1.0,563.996,576.24,1.0,568.568,585.22,1.0,577.535,587.916,1.0,696.377,880.146,1.0,704.247,875.062,1.0,710.153,867.311,1.0,714.098,856.919,1.0,719.882,849.773,1.0
722,634.255,503.187,1.0,640.279,506.769,1.0,651.689,510.255,1.0,652.485,503.396,1.0,653.41,494.87,1.0,716.096,296.099,1.0,706.575,293.221,1.0,697.656,298.695,1.0,699.86,311.77,1.0,708.747,313.62,1.0,706.99,378.309,1.0,699.661,374.964,1.0,692.079,383.243,1.0,679.619,382.266,1.0,674.373,382.639,1.0,557.457,559.287,1.0,558.856,567.529,1.0,568.286,577.497,1.0,570.423,585.744,1.0,577.546,587.916,1.0,696.377,880.214,1.0,703.923,875.285,1.0,707.844,868.713,1.0,714.098,858.381,1.0,719.691,851.318,1.0
723,634.255,502.867,1.0,640.279,506.592,1.0,651.369,510.255,1.0,652.284,503.396,1.0,653.165,494.87,1.0,716.096,295.194,1.0,706.693,293.221,1.0,697.785,298.695,1.0,699.833,311.585,1.0,708.896,313.565,1.0,706.99,376.823,1.0,700.374,374.849,1.0,692.079,383.243,1.0,679.619,382.266,1.0,674.373,382.798,1.0,554.778,562.833,1.0,558.856,568.112,1.0,568.286,577.497,1.0,570.598,586.53,1.0,577.546,587.916,1.0,696.377,884.408,1.0,702.279,878.486,1.0,706.117,871.583,1.0,713.043,861.326,1.0,719.061,854.021,1.0
724,634.08,502.454,1.0,639.955,506.49,1.0,647.155,510.255,1.0,651.736,503.396,1.0,653.165,495.504,1.0,716.096,295.052,1.0,706.828,293.198,1.0,697.793,298.501,1.0,699.244,311.519,1.0,708.896,313.565,1.0,708.578,375.009,1.0,700.742,374.849,1.0,692.181,383.357,1.0,679.687,382.266,1.0,674.373,382.965,1.0,554.532,565.512,1.0,559.06,568.201,1.0,569.659,577.908,1.0,570.598,586.53,1.0,577.546,587.916,1.0,697.695,889.029,1.0,701.012,882.397,1.0,706.117,872.834,1.0,712.727,865.27,1.0,716.159,860.211,1.0
725,632.914,496.152,1.0,638.943,505.086,1.0,645.597,511.773,1.0,649.549,506.219,1.0,653.165,498.927,1.0,715.699,294.39,1.0,707.002,293.198,1.0,697.975,298.33,1.0,699.079,311.321,1.0,708.747,313.62,1.0,709.069,374.959,1.0,701.641,374.786,1.0,692.181,384.226,1.0,679.687,381.97,1.0,674.372,383.038,1.0,554.445,572.73,1.0,559.06,569.919,1.0,570.214,577.908,1.0,571.616,586.153,1.0,577.546,587.383,1.0,697.695,889.196,1.0,700.619,882.932,1.0,705.818,872.887,1.0,709.824,865.966,1.0,715.793,860.297,1.0
726,632.839,493.657,1.0,638.604,504.76,1.0,644.59,512.013,1.0,649.549,507.016,1.0,653.21,501.969,1.0,715.652,294.39,1.0,707.48,292.722,1.0,698.111,298.17,1.0,698.62,311.166,1.0,708.276,313.829,1.0,709.069,374.835,1.0,701.641,374.68,1.0,692.079,384.28,1.0,679.719,381.713,1.0,674.323,383.374,1.0,553.227,574.292,1.0,558.568,570.905,1.0,570.214,574.701,1.0,572.112,586.153,1.0,577.546,587.319,1.0,697.695,889.375,1.0,700.599,882.963,1.0,705.818,873.433,1.0,707.607,866.724,1.0,715.692,860.835,1.0
727,632.827,493.079,1.0,638.521,504.712,1.0,644.59,512.168,1.0,649.549,507.509,1.0,654.638,503.875,1.0,715.613,294.39,1.0,707.679,292.087,1.0,698.791,296.969,1.0,696.836,309.648,1.0,707.156,313.916,1.0,709.069,374.835,1.0,701.641,374.68,1.0,692.052,384.357,1.0,679.719,381.82,1.0,673.098,384.101,1.0,553.227,574.638,1.0,557.683,572.559,1.0,571.747,574.701,1.0,572.219,586.153,1.0,576.654,587.173,1.0,697.14,889.639,1.0,699.345,884.052,1.0,704.359,874.275,1.0,707.171,868.484,1.0,715.692,861.299,1.0
728,632.746,492.957,1.0,637.903,501.6,1.0,644.9,512.885,1.0,649.542,507.509,1.0,654.807,504.486,1.0,715.652,294.55,1.0,708.011,291.733,1.0,698.951,295.691,1.0,694.638,307.955,1.0,705.424,313.95,1.0,708.668,374.539,1.0,701.46,374.68,1.0,692.0,384.633,1.0,679.638,381.713,1.0,672.85,384.119,1.0,553.105,574.643,1.0,557.451,573.174,1.0,571.747,569.463,1.0,572.219,586.153,1.0,576.067,587.319,1.0,696.511,892.914,1.0,697.49,887.737,1.0,701.757,877.074,1.0,705.262,872.488,1.0,715.022,863.151,1.0
729,632.589,492.895,1.0,638.492,501.6,1.0,644.9,512.885,1.0,649.542,507.662,1.0,654.638,504.632,1.0,715.699,294.671,1.0,708.401,291.727,1.0,699.008,295.691,1.0,694.238,307.955,1.0,704.637,315.063,1.0,708.659,374.443,1.0,701.315,374.68,1.0,691.972,384.633,1.0,679.517,381.713,1.0,672.509,384.599,1.0,552.933,575.279,1.0,557.451,573.379,1.0,571.747,569.463,1.0,572.219,586.153,1.0,575.517,587.319,1.0,694.011,895.537,1.0,695.203,889.65,1.0,701.162,883.93,1.0,704.002,873.386,1.0,713.709,863.552,1.0
730,632.397,492.624,1.0,638.492,501.6,1.0,645.005,512.885,1.0,649.6,507.715,1.0,654.638,504.783,1.0,715.866,294.725,1.0,708.401,291.636,1.0,699.05,295.691,1.0,694.087,307.955,1.0,704.637,315.151,1.0,708.516,374.402,1.0,701.214,374.712,1.0,691.924,384.688,1.0,679.464,381.701,1.0,672.486,384.641,1.0,552.408,576.119,1.0,557.451,574.519,1.0,571.427,579.245,1.0,572.044,585.816,1.0,575.355,587.291,1.0,694.011,895.623,1.0,694.976,889.65,1.0,700.51,883.93,1.0,703.986,873.748,1.0,712.693,864.222,1.0
731,632.202,492.552,1.0,638.172,504.265,1.0,645.007,512.534,1.0,649.711,507.82,1.0,654.538,504.783,1.0,716.15,294.725,1.0,708.401,291.636,1.0,699.05,295.692,1.0,694.04,308.277,1.0,704.326,315.686,1.0,707.807,373.482,1.0,700.542,375.135,1.0,691.922,384.688,1.0,678.699,381.701,1.0,672.379,384.641,1.0,552.408,577.775,1.0,560.778,574.906,1.0,569.461,579.245,1.0,571.622,585.048,1.0,575.355,587.181,1.0,693.546,895.686,1.0,694.747,889.876,1.0,699.97,883.93,1.0,703.598,873.813,1.0,712.197,865.539,1.0
732,631.884,492.514,1.0,638.172,504.265,1.0,645.007,511.306,1.0,649.711,507.82,1.0,654.167,505.051,1.0,716.279,294.671,1.0,708.3,291.636,1.0,699.05,295.705,1.0,693.309,308.512,1.0,704.326,315.779,1.0,707.624,373.482,1.0,699.912,375.135,1.0,691.652,384.633,1.0,678.589,381.658,1.0,671.469,385.01,1.0,552.408,578.983,1.0,560.854,574.906,1.0,568.096,579.245,1.0,570.969,584.888,1.0,575.355,587.291,1.0,693.546,895.686,1.0,692.103,889.876,1.0,698.453,883.93,1.0,703.531,874.179,1.0,711.588,867.213,1.0
733,631.814,492.514,1.0,638.172,504.265,1.0,645.005,511.152,1.0,649.711,508.041,1.0,654.132,505.184,1.0,716.279,294.725,1.0,708.3,291.886,1.0,698.877,296.298,1.0,692.728,309.352,1.0,704.143,315.871,1.0,707.493,373.482,1.0,699.351,375.135,1.0,691.348,384.025,1.0,678.259,381.658,1.0,671.116,385.399,1.0,554.342,578.983,1.0,560.929,574.906,1.0,568.072,579.245,1.0,570.969,584.714,1.0,575.406,587.291,1.0,690.734,897.336,1.0,690.109,891.548,1.0,694.841,884.156,1.0,699.316,875.578,1.0,707.732,869.924,1.0
734,629.822,492.552,1.0,636.956,502.942,1.0,644.045,509.428,1.0,649.711,508.349,1.0,653.571,505.051,1.0,716.179,294.659,1.0,708.3,291.936,1.0,698.877,296.441,1.0,692.728,309.352,1.0,704.136,315.902,1.0,707.04,374.411,1.0,698.361,375.135,1.0,691.348,384.025,1.0,678.259,381.658,1.0,671.116,386.95,1.0,554.342,578.983,1.0,560.929,573.762,1.0,568.072,578.97,1.0,570.969,584.462,1.0,575.49,587.373,1.0,681.751,898.912,1.0,690.046,893.516,1.0,694.118,884.207,1.0,698.002,879.275,1.0,706.653,872.716,1.0
735,625.526,498.996,1.0,631.192,500.271,1.0,638.949,505.519,1.0,647.619,508.412,1.0,653.571,505.387,1.0,716.305,294.659,1.0,708.3,292.201,1.0,698.813,296.744,1.0,692.728,309.598,1.0,704.087,316.043,1.0,704.527,378.851,1.0,697.115,375.135,1.0,691.348,384.025,1.0,678.589,387.873,1.0,671.116,394.439,1.0,554.342,578.983,1.0,560.778,573.762,1.0,567.859,578.902,1.0,570.768,584.235,1.0,575.592,587.451,1.0,680.718,899.001,1.0,687.884,893.639,1.0,694.118,884.485,1.0,697.84,879.427,1.0,705.249,873.159,1.0
736,624.792,499.28,1.0,630.898,499.481,1.0,638.662,504.519,1.0,646.142,508.435,1.0,653.571,506.973,1.0,716.305,294.811,1.0,708.471,292.228,1.0,698.813,296.744,1.0,692.822,309.598,1.0,703.828,315.902,1.0,704.033,379.032,1.0,697.115,377.504,1.0,692.051,384.845,1.0,689.758,387.873,1.0,689.584,400.146,1.0,553.913,579.026,1.0,560.57,573.762,1.0,567.607,578.97,1.0,570.768,584.078,1.0,575.592,587.798,1.0,679.812,899.74,1.0,687.884,894.011,1.0,694.008,886.14,1.0,696.86,879.436,1.0,705.198,873.438,1.0
737,621.96,499.28,1.0,629.82,498.066,1.0,638.602,504.519,1.0,645.453,510.001,1.0,653.427,507.588,1.0,716.737,295.03,1.0,709.033,292.231,1.0,698.969,296.744,1.0,692.822,309.24,1.0,703.757,315.902,1.0,704.033,380.584,1.0,697.115,377.779,1.0,694.757,386.787,1.0,691.156,387.873,1.0,702.829,400.886,1.0,553.659,579.026,1.0,560.499,573.791,1.0,567.23,578.97,1.0,570.799,583.86,1.0,575.49,587.851,1.0,679.812,899.74,1.0,687.884,894.011,1.0,693.565,886.14,1.0,697.84,880.44,1.0,704.797,873.438,1.0
738,621.937,499.188,1.0,629.82,497.973,1.0,638.602,504.519,1.0,645.401,510.909,1.0,653.588,508.603,1.0,719.427,295.03,1.0,710.659,292.384,1.0,700.968,296.46,1.0,692.822,307.523,1.0,703.292,314.893,1.0,704.033,381.547,1.0,697.115,378.192,1.0,695.751,387.402,1.0,696.376,386.069,1.0,703.289,400.886,1.0,553.659,579.08,1.0,560.391,573.791,1.0,567.169,578.913,1.0,570.799,583.804,1.0,575.479,587.953,1.0,679.725,902.668,1.0,687.406,895.704,1.0,691.755,889.269,1.0,696.86,883.344,1.0,702.586,877.083,1.0
739,621.791,499.051,1.0,629.82,497.704,1.0,638.602,504.141,1.0,645.207,511.076,1.0,653.667,508.603,1.0,722.005,295.03,1.0,710.945,292.519,1.0,701.553,295.826,1.0,692.736,305.749,1.0,703.292,314.662,1.0,704.033,381.547,1.0,696.65,379.128,1.0,695.751,387.429,1.0,696.376,386.069,1.0,703.522,400.886,1.0,553.868,579.357,1.0,560.391,573.89,1.0,567.23,578.934,1.0,570.815,583.804,1.0,575.356,588.229,1.0,677.609,902.706,1.0,685.268,897.402,1.0,689.514,895.451,1.0,696.627,887.446,1.0,701.238,878.722,1.0
740,621.791,499.051,1.0,630.118,497.704,1.0,638.241,504.141,1.0,644.872,511.076,1.0,653.667,508.603,1.0,723.207,294.81,1.0,711.067,292.519,1.0,701.645,295.719,1.0,692.736,305.635,1.0,703.351,314.662,1.0,704.38,381.547,1.0,696.65,379.241,1.0,695.751,387.663,1.0,696.376,385.829,1.0,703.522,400.886,1.0,553.868,579.412,1.0,560.386,574.044,1.0,567.132,578.967,1.0,570.815,583.804,1.0,575.287,588.291,1.0,677.034,902.706,1.0,683.807,898.43,1.0,689.514,896.592,1.0,696.627,887.639,1.0,700.123,878.722,1.0
741,621.937,499.008,1.0,630.118,497.645,1.0,638.241,502.519,1.0,644.657,511.076,1.0,653.667,508.321,1.0,723.313,293.995,1.0,711.11,292.519,1.0,702.044,295.719,1.0,692.736,305.289,1.0,703.351,314.662,1.0,704.798,381.179,1.0,695.868,379.932,1.0,694.793,389.338,1.0,695.677,385.829,1.0,703.688,401.126,1.0,553.868,579.412,1.0,560.386,574.044,1.0,567.132,578.967,1.0,570.848,583.582,1.0,575.073,588.291,1.0,676.532,902.668,1.0,683.806,898.556,1.0,689.514,897.383,1.0,696.627,888.447,1.0,700.074,878.722,1.0
742,622.085,498.82,1.0,630.118,497.51,1.0,638.232,502.519,1.0,644.312,509.71,1.0,653.667,508.018,1.0,724.533,293.629,1.0,711.771,291.959,1.0,702.211,295.719,1.0,692.816,305.269,1.0,703.351,314.662,1.0,704.38,380.884,1.0,695.573,380.427,1.0,693.97,389.854,1.0,695.619,386.287,1.0,703.829,401.133,1.0,553.983,579.38,1.0,560.386,574.469,1.0,567.384,578.967,1.0,570.865,583.582,1.0,574.62,588.25,1.0,676.1,902.294,1.0,683.306,898.556,1.0,689.341,897.383,1.0,695.96,890.18,1.0,696.906,878.494,1.0
743,622.543,497.735,1.0,629.337,496.995,1.0,637.699,502.519,1.0,644.131,508.988,1.0,653.311,507.396,1.0,724.701,293.401,1.0,711.771,291.651,1.0,702.246,295.826,1.0,692.816,305.269,1.0,703.351,314.662,1.0,704.23,380.788,1.0,695.533,380.574,1.0,693.97,390.518,1.0,694.723,386.476,1.0,703.99,401.161,1.0,553.983,579.38,1.0,560.378,574.796,1.0,567.384,579.131,1.0,570.848,583.384,1.0,574.517,588.25,1.0,675.894,900.494,1.0,682.965,898.556,1.0,689.341,897.383,1.0,695.755,890.482,1.0,696.906,878.473,1.0
744,622.977,492.398,1.0,627.732,491.804,1.0,636.246,502.287,1.0,643.005,505.35,1.0,653.042,506.152,1.0,725.212,293.366,1.0,711.771,291.62,1.0,702.312,295.719,1.0,692.816,305.064,1.0,703.29,314.577,1.0,704.798,380.712,1.0,695.516,380.725,1.0,693.657,391.398,1.0,694.521,386.599,1.0,703.99,401.133,1.0,553.854,579.483,1.0,560.205,575.116,1.0,566.96,579.134,1.0,570.469,583.279,1.0,574.433,588.25,1.0,668.853,895.452,1.0,681.213,898.548,1.0,688.308,896.467,1.0,694.276,890.523,1.0,696.906,878.454,1.0
745,623.787,486.72,1.0,627.433,491.602,1.0,635.343,502.124,1.0,642.769,504.827,1.0,653.021,505.96,1.0,724.869,293.366,1.0,711.771,291.62,1.0,702.312,295.67,1.0,692.68,305.064,1.0,703.169,314.577,1.0,704.798,380.712,1.0,695.516,380.725,1.0,693.657,391.398,1.0,693.987,386.809,1.0,703.829,401.126,1.0,553.167,579.38,1.0,559.195,575.681,1.0,566.735,579.134,1.0,569.954,583.384,1.0,574.433,588.205,1.0,665.796,895.452,1.0,677.123,898.369,1.0,688.003,896.424,1.0,693.937,891.0,1.0,697.34,878.149,1.0
746,624.282,485.895,1.0,626.357,490.717,1.0,634.579,502.227,1.0,642.124,504.5,1.0,653.021,505.78,1.0,724.869,293.626,1.0,711.771,291.463,1.0,702.804,295.649,1.0,692.68,304.512,1.0,698.285,314.577,1.0,704.849,380.238,1.0,695.516,380.725,1.0,693.551,391.46,1.0,693.663,387.098,1.0,703.669,400.765,1.0,552.742,579.38,1.0,559.195,575.681,1.0,566.735,579.134,1.0,568.936,583.384,1.0,574.433,587.788,1.0,665.692,895.452,1.0,676.164,898.222,1.0,687.613,896.399,1.0,693.628,891.0,1.0,697.34,878.044,1.0
747,625.85,484.18,1.0,626.287,490.484,1.0,634.418,502.124,1.0,642.105,504.5,1.0,652.927,505.729,1.0,725.111,293.559,1.0,711.754,291.185,1.0,702.804,295.649,1.0,692.68,304.337,1.0,698.285,314.523,1.0,704.981,379.526,1.0,695.516,380.612,1.0,693.3,391.549,1.0,693.171,387.177,1.0,703.669,399.785,1.0,552.742,578.796,1.0,559.195,575.808,1.0,566.735,579.134,1.0,568.289,584.376,1.0,576.64,587.237,1.0,665.622,896.375,1.0,676.138,898.241,1.0,687.393,896.424,1.0,693.628,891.0,1.0,697.362,878.032,1.0
748,626.127,483.738,1.0,626.248,490.399,1.0,634.313,502.008,1.0,642.082,504.827,1.0,652.927,505.707,1.0,725.111,293.626,1.0,711.996,291.185,1.0,702.804,295.649,1.0,693.962,304.337,1.0,698.285,314.523,1.0,704.981,379.491,1.0,695.516,380.598,1.0,693.272,391.549,1.0,693.09,387.177,1.0,703.669,399.43,1.0,550.691,576.864,1.0,561.09,575.808,1.0,566.735,577.906,1.0,567.713,584.853,1.0,576.64,585.823,1.0,665.283,896.375,1.0,675.734,898.222,1.0,687.376,896.424,1.0,693.415,891.0,1.0,697.34,878.032,1.0
749,626.116,482.117,1.0,626.287,489.751,1.0,633.738,501.363,1.0,641.674,504.828,1.0,652.97,505.256,1.0,724.908,293.675,1.0,712.525,291.456,1.0,702.919,298.694,1.0,694.588,304.337,1.0,700.962,314.715,1.0,704.981,379.283,1.0,695.351,380.554,1.0,693.175,392.266,1.0,692.705,387.177,1.0,703.847,397.549,1.0,550.691,576.514,1.0,561.09,575.361,1.0,568.201,577.906,1.0,567.11,585.056,1.0,576.64,585.823,1.0,665.142,896.551,1.0,674.975,897.786,1.0,687.128,896.424,1.0,693.231,891.0,1.0,697.269,878.044,1.0
750,626.116,481.991,1.0,626.287,489.747,1.0,633.395,501.31,1.0,641.59,505.007,1.0,652.98,505.256,1.0,725.111,293.673,1.0,712.525,291.109,1.0,702.761,298.694,1.0,694.588,305.375,1.0,700.962,315.325,1.0,704.898,379.164,1.0,694.936,380.474,1.0,693.045,392.435,1.0,692.587,386.53,1.0,704.342,396.845,1.0,550.779,575.939,1.0,561.09,575.361,1.0,568.201,579.022,1.0,566.975,585.056,1.0,576.625,586.446,1.0,665.142,896.551,1.0,674.334,897.715,1.0,686.461,896.438,1.0,692.187,891.222,1.0,697.215,878.395,1.0
751,626.116,481.991,1.0,626.324,489.52,1.0,633.329,501.088,1.0,641.536,505.007,1.0,652.97,505.256,1.0,725.007,293.838,1.0,712.642,291.293,1.0,702.739,298.694,1.0,694.613,305.411,1.0,702.692,313.149,1.0,704.65,378.946,1.0,694.367,380.431,1.0,693.009,392.858,1.0,692.584,386.365,1.0,704.342,396.466,1.0,550.779,575.047,1.0,560.385,575.808,1.0,566.605,579.227,1.0,566.85,584.853,1.0,576.384,586.446,1.0,665.283,896.753,1.0,672.351,897.621,1.0,685.718,896.746,1.0,691.292,891.595,1.0,697.118,878.502,1.0
752,626.103,481.601,1.0,626.324,489.502,1.0,633.289,501.018,1.0,641.412,505.007,1.0,652.97,505.5,1.0,724.908,294.065,1.0,712.844,291.298,1.0,702.761,298.566,1.0,694.672,305.528,1.0,703.349,313.149,1.0,703.846,378.2,1.0,693.566,380.178,1.0,692.838,392.899,1.0,692.493,386.302,1.0,704.342,396.015,1.0,550.378,575.007,1.0,558.347,575.669,1.0,566.569,579.259,1.0,566.85,584.311,1.0,576.384,586.446,1.0,664.079,896.825,1.0,671.966,897.621,1.0,683.445,897.267,1.0,691.271,893.095,1.0,697.118,881.685,1.0
753,625.544,481.178,1.0,626.324,489.354,1.0,633.244,500.85,1.0,640.602,503.924,1.0,651.976,507.145,1.0,724.888,293.838,1.0,712.774,291.298,1.0,702.856,298.566,1.0,694.784,305.683,1.0,703.587,313.149,1.0,703.762,377.946,1.0,693.302,379.755,1.0,692.471,392.899,1.0,692.369,386.192,1.0,704.101,395.418,1.0,548.75,574.962,1.0,557.134,576.359,1.0,566.037,579.525,1.0,566.85,583.557,1.0,576.384,586.446,1.0,665.696,898.765,1.0,671.412,897.508,1.0,682.982,897.282,1.0,690.772,894.085,1.0,697.118,883.55,1.0
754,624.78,480.58,1.0,625.429,488.365,1.0,633.108,498.699,1.0,638.478,503.669,1.0,650.271,509.116,1.0,724.795,294.171,1.0,712.774,291.298,1.0,702.856,298.566,1.0,694.998,305.683,1.0,703.731,313.149,1.0,703.762,377.946,1.0,693.302,379.642,1.0,692.246,392.899,1.0,692.159,386.192,1.0,703.801,395.38,1.0,548.747,574.962,1.0,556.818,576.407,1.0,565.504,579.589,1.0,566.419,583.06,1.0,576.384,586.321,1.0,665.891,898.765,1.0,670.793,897.491,1.0,682.919,897.282,1.0,690.625,894.189,1.0,696.945,883.562,1.0
755,624.78,480.58,1.0,624.95,488.365,1.0,633.108,498.699,1.0,636.309,499.589,1.0,649.143,509.116,1.0,724.756,294.171,1.0,712.774,291.336,1.0,702.868,298.532,1.0,695.417,306.517,1.0,703.731,313.149,1.0,703.762,377.763,1.0,693.302,379.24,1.0,691.436,392.481,1.0,691.852,386.302,1.0,702.438,395.365,1.0,548.402,575.007,1.0,556.674,576.407,1.0,565.166,579.614,1.0,566.419,583.06,1.0,576.301,586.321,1.0,665.696,898.877,1.0,670.463,897.621,1.0,681.793,897.267,1.0,690.625,894.263,1.0,696.564,883.77,1.0
756,624.51,480.529,1.0,624.95,488.065,1.0,633.214,498.446,1.0,635.721,499.061,1.0,649.129,509.116,1.0,724.71,293.815,1.0,712.774,291.336,1.0,703.071,299.21,1.0,695.507,306.517,1.0,703.731,313.154,1.0,704.136,377.736,1.0,693.837,379.219,1.0,691.429,392.252,1.0,691.816,386.358,1.0,702.418,395.38,1.0,548.205,575.241,1.0,556.48,576.603,1.0,565.0,579.614,1.0,566.419,583.06,1.0,576.194,586.321,1.0,662.89,898.877,1.0,668.628,897.491,1.0,680.195,896.929,1.0,690.577,895.117,1.0,696.207,884.849,1.0
757,624.367,480.58,1.0,624.95,487.88,1.0,633.214,498.446,1.0,635.612,498.537,1.0,649.129,508.637,1.0,724.71,293.788,1.0,712.774,291.336,1.0,703.633,299.21,1.0,695.654,306.517,1.0,702.055,314.538,1.0,704.803,377.763,1.0,694.414,379.077,1.0,691.421,391.853,1.0,691.794,386.401,1.0,702.371,395.418,1.0,548.058,575.53,1.0,556.456,576.786,1.0,565.0,579.614,1.0,566.012,582.581,1.0,576.112,586.188,1.0,660.912,902.312,1.0,667.332,897.491,1.0,678.56,896.442,1.0,688.817,895.415,1.0,695.267,886.031,1.0
758,624.211,480.58,1.0,625.501,488.365,1.0,634.054,498.373,1.0,635.497,498.537,1.0,649.129,507.561,1.0,724.756,293.25,1.0,712.9,291.338,1.0,703.723,298.665,1.0,696.109,306.271,1.0,701.563,314.538,1.0,704.803,378.01,1.0,694.414,379.077,1.0,691.421,391.853,1.0,691.794,386.535,1.0,702.371,395.876,1.0,547.379,575.565,1.0,555.149,576.786,1.0,565.0,579.17,1.0,564.732,582.581,1.0,575.361,585.776,1.0,660.109,902.312,1.0,666.412,897.936,1.0,678.456,896.442,1.0,688.048,895.465,1.0,694.466,888.203,1.0
759,622.756,480.529,1.0,625.501,487.358,1.0,634.054,498.371,1.0,635.089,497.64,1.0,648.851,507.561,1.0,727.202,292.818,1.0,714.114,291.239,1.0,704.61,298.407,1.0,696.158,305.055,1.0,700.64,314.538,1.0,704.803,378.374,1.0,694.552,379.219,1.0,691.421,391.853,1.0,691.852,386.939,1.0,702.438,395.876,1.0,547.379,575.565,1.0,555.149,576.786,1.0,565.488,571.462,1.0,564.365,583.028,1.0,574.95,585.776,1.0,655.15,902.371,1.0,665.479,898.021,1.0,674.416,896.442,1.0,682.764,897.292,1.0,693.813,892.276,1.0
760,621.32,479.519,1.0,625.929,487.095,1.0,634.054,497.811,1.0,635.058,497.293,1.0,647.21,507.561,1.0,728.769,292.818,1.0,715.956,289.461,1.0,705.617,298.407,1.0,696.158,304.774,1.0,700.64,313.173,1.0,702.951,378.374,1.0,695.079,379.277,1.0,692.549,392.95,1.0,692.22,386.939,1.0,702.602,395.876,1.0,547.379,575.565,1.0,555.149,576.832,1.0,566.208,571.234,1.0,564.365,583.028,1.0,574.008,585.776,1.0,654.95,902.371,1.0,665.334,898.886,1.0,674.208,896.562,1.0,682.599,898.306,1.0,693.591,894.328,1.0
761,617.94,479.316,1.0,626.192,486.958,1.0,631.245,494.354,1.0,633.611,497.293,1.0,643.805,509.752,1.0,731.158,292.818,1.0,717.122,289.215,1.0,706.154,298.272,1.0,696.23,304.728,1.0,700.616,312.031,1.0,701.778,378.374,1.0,695.949,379.621,1.0,693.899,393.061,1.0,692.83,387.091,1.0,702.602,395.815,1.0,547.379,575.172,1.0,555.149,576.85,1.0,566.297,571.234,1.0,564.246,583.028,1.0,573.085,585.992,1.0,654.95,902.555,1.0,665.334,899.074,1.0,674.208,896.848,1.0,682.044,898.306,1.0,693.591,894.328,1.0
762,617.94,477.903,1.0,626.192,486.875,1.0,630.684,494.287,1.0,633.363,497.293,1.0,643.805,509.901,1.0,731.491,293.937,1.0,717.122,289.167,1.0,706.503,298.115,1.0,696.338,304.516,1.0,700.616,311.709,1.0,701.348,376.805,1.0,696.556,380.423,1.0,693.925,393.418,1.0,692.83,387.039,1.0,702.602,395.815,1.0,547.474,575.164,1.0,555.149,576.867,1.0,566.297,571.272,1.0,564.365,583.387,1.0,572.928,586.528,1.0,654.915,902.555,1.0,665.334,899.406,1.0,674.208,897.483,1.0,681.188,898.306,1.0,693.591,894.625,1.0
763,615.643,477.903,1.0,626.178,486.835,1.0,630.29,494.287,1.0,633.247,497.286,1.0,643.732,510.048,1.0,731.508,294.207,1.0,717.122,289.167,1.0,706.567,298.059,1.0,696.23,304.464,1.0,700.637,311.641,1.0,701.348,371.452,1.0,698.79,380.423,1.0,693.925,393.418,1.0,692.83,387.039,1.0,701.442,395.815,1.0,547.704,575.081,1.0,555.314,576.867,1.0,566.358,571.272,1.0,564.417,583.568,1.0,572.9,586.565,1.0,654.596,902.555,1.0,664.909,899.406,1.0,672.931,897.628,1.0,680.073,898.306,1.0,693.139,894.74,1.0
764,616.423,479.519,1.0,626.192,486.74,1.0,629.995,494.354,1.0,633.239,497.286,1.0,643.732,510.264,1.0,731.57,294.207,1.0,717.122,289.167,1.0,706.883,298.059,1.0,696.338,304.319,1.0,700.589,311.626,1.0,701.348,371.036,1.0,698.79,379.837,1.0,693.925,393.061,1.0,692.464,387.053,1.0,701.363,396.131,1.0,547.994,575.081,1.0,555.314,576.867,1.0,566.358,571.532,1.0,564.44,583.568,1.0,572.753,586.565,1.0,651.923,897.155,1.0,659.751,899.406,1.0,672.214,899.683,1.0,678.724,898.22,1.0,690.835,895.752,1.0
765,617.94,483.282,1.0,626.192,486.74,1.0,629.995,497.486,1.0,633.247,496.919,1.0,643.936,510.264,1.0,731.57,294.132,1.0,717.122,289.072,1.0,706.883,298.115,1.0,696.338,304.319,1.0,700.187,311.626,1.0,701.762,370.674,1.0,698.79,379.621,1.0,693.55,392.953,1.0,692.464,387.136,1.0,701.153,396.131,1.0,550.017,574.302,1.0,556.347,576.633,1.0,566.297,572.441,1.0,564.918,584.823,1.0,571.257,586.576,1.0,649.357,897.09,0.9800000190734863,658.318,898.813,0.9900000095367432,670.865,900.127,1.0,678.724,898.024,0.9980000257492065,688.8,896.727,0.8479999899864197
766,618.092,483.282,1.0,626.456,486.74,1.0,628.525,497.931,1.0,633.363,496.919,1.0,644.059,510.264,1.0,731.57,293.937,1.0,717.244,289.055,1.0,707.046,298.115,1.0,696.854,304.107,1.0,700.187,311.321,1.0,702.011,370.206,1.0,690.81,378.117,1.0,693.334,392.565,1.0,692.464,387.175,1.0,700.968,396.131,1.0,550.017,574.141,1.0,556.412,576.633,1.0,566.294,572.441,1.0,564.918,584.823,1.0,571.257,586.576,1.0,648.961,896.905,1.0,655.962,898.274,1.0,669.831,900.354,1.0,678.724,896.852,1.0,687.382,897.038,1.0
767,626.339,483.444,1.0,628.049,487.797,1.0,627.959,500.563,1.0,635.874,496.919,1.0,645.784,508.026,1.0,731.57,293.228,1.0,717.766,289.055,1.0,707.407,298.059,1.0,699.165,300.253,1.0,700.637,311.175,1.0,702.109,368.665,1.0,690.57,377.761,1.0,693.213,391.859,1.0,692.458,387.519,1.0,700.6,396.057,1.0,550.017,574.091,1.0,556.412,576.633,1.0,565.325,572.597,1.0,564.918,584.823,1.0,571.257,586.576,1.0,648.475,896.905,1.0,655.962,898.274,1.0,669.831,900.354,1.0,678.724,896.852,1.0,687.382,897.38,1.0
768,631.12,483.444,1.0,629.852,489.095,1.0,628.303,501.059,1.0,636.192,497.571,1.0,648.513,507.079,1.0,729.871,293.228,1.0,720.447,289.055,1.0,708.681,297.41,1.0,699.635,300.253,1.0,701.043,310.719,1.0,702.109,367.225,1.0,690.513,377.343,1.0,693.138,391.715,1.0,692.458,387.559,1.0,700.6,396.015,1.0,550.017,574.091,1.0,556.412,577.196,1.0,565.304,572.597,1.0,564.407,583.354,1.0,571.257,585.592,1.0,648.176,897.155,1.0,655.698,898.582,1.0,669.233,900.127,1.0,679.586,896.491,1.0,687.382,897.52,1.0
769,632.113,483.444,1.0,630.969,490.021,1.0,628.525,502.056,1.0,636.249,499.241,1.0,648.754,506.915,1.0,729.552,293.097,1.0,720.447,289.472,1.0,709.328,296.551,1.0,699.635,300.253,1.0,701.043,309.167,1.0,702.109,367.225,1.0,690.513,377.343,1.0,693.115,391.715,1.0,692.497,387.586,1.0,700.6,396.015,1.0,550.538,574.141,1.0,558.18,578.265,1.0,564.903,573.083,1.0,562.398,581.751,1.0,571.257,584.401,1.0,648.157,897.594,1.0,655.698,898.813,1.0,669.233,899.255,1.0,679.586,896.491,1.0,687.921,897.52,1.0
770,635.587,485.301,1.0,632.844,491.71,1.0,628.303,502.27,1.0,636.249,500.336,1.0,648.583,506.915,1.0,729.483,292.973,1.0,720.447,289.472,1.0,709.328,296.104,1.0,699.635,300.253,1.0,701.043,308.443,1.0,701.911,367.225,1.0,690.513,377.343,1.0,693.105,391.715,1.0,692.497,387.622,1.0,700.828,395.857,1.0,549.11,574.091,1.0,556.412,579.12,1.0,562.656,573.083,1.0,560.461,580.772,1.0,572.894,583.244,1.0,648.157,897.956,1.0,655.974,899.151,1.0,668.862,899.106,1.0,679.586,896.491,1.0,687.382,898.249,1.0
771,639.131,490.135,1.0,633.33,492.061,1.0,627.752,502.883,1.0,636.42,500.336,1.0,648.754,506.342,1.0,729.483,293.097,1.0,721.038,289.472,1.0,709.328,295.476,1.0,699.439,300.253,1.0,700.872,307.068,1.0,701.864,368.454,1.0,698.672,378.212,1.0,693.031,392.214,1.0,692.497,387.748,1.0,700.951,396.015,1.0,547.787,574.091,0.9919999837875366,554.747,579.204,1.0,559.916,573.083,1.0,560.461,580.772,1.0,573.114,583.044,1.0,648.262,898.04,1.0,655.974,899.151,1.0,668.862,899.106,1.0,680.718,896.284,1.0,687.043,898.249,1.0
772,641.242,493.038,1.0,633.491,493.505,1.0,627.536,502.883,1.0,636.42,500.336,1.0,648.754,505.882,1.0,729.478,293.201,1.0,721.038,289.534,1.0,708.987,294.892,1.0,699.106,299.909,1.0,700.872,306.084,1.0,701.771,368.942,1.0,698.722,378.331,1.0,693.031,392.545,1.0,692.497,388.233,1.0,700.951,396.042,1.0,540.517,574.156,1.0,547.561,579.209,1.0,559.701,572.351,1.0,560.461,580.772,1.0,574.055,582.56,1.0,648.157,898.161,1.0,655.698,899.151,1.0,668.847,899.204,1.0,680.718,896.284,1.0,686.813,898.184,1.0
773,642.584,493.038,1.0,634.942,493.505,1.0,627.523,502.883,1.0,636.42,500.022,1.0,649.16,504.68,1.0,729.478,293.074,1.0,720.271,299.08,1.0,708.987,294.026,1.0,699.106,299.909,1.0,700.872,306.084,1.0,701.688,369.707,1.0,698.722,378.61,1.0,692.963,392.824,1.0,692.497,388.465,1.0,700.951,396.724,1.0,540.434,574.156,1.0,547.497,579.204,1.0,559.542,572.341,1.0,561.008,580.772,1.0,574.49,582.56,1.0,648.262,898.405,1.0,655.071,899.045,1.0,668.494,899.204,1.0,678.193,897.077,1.0,686.049,898.184,1.0
774,644.249,493.318,1.0,635.775,493.531,1.0,627.523,502.469,1.0,636.22,500.004,1.0,650.228,502.986,1.0,729.188,293.074,1.0,721.07,298.432,1.0,708.82,293.805,1.0,699.106,299.899,1.0,700.816,306.084,1.0,701.614,370.152,1.0,698.716,378.722,1.0,692.963,392.916,1.0,692.294,388.513,1.0,700.835,396.996,1.0,539.849,574.156,1.0,546.982,579.12,1.0,559.542,572.341,1.0,561.079,580.772,1.0,574.742,582.56,1.0,648.262,898.482,1.0,654.687,898.657,1.0,666.9,899.204,1.0,678.193,897.078,1.0,684.552,897.163,1.0
775,647.856,493.318,1.0,638.28,493.531,1.0,627.536,499.818,1.0,635.031,499.777,1.0,650.646,502.581,1.0,729.478,293.201,1.0,721.982,299.08,1.0,708.82,293.632,1.0,699.279,299.861,1.0,700.816,306.426,1.0,701.596,370.545,1.0,698.716,378.771,1.0,692.963,392.957,1.0,692.294,388.513,1.0,700.835,397.024,1.0,539.574,574.542,1.0,546.973,578.823,1.0,559.509,572.341,1.0,561.488,580.033,1.0,574.846,582.56,1.0,647.097,898.482,1.0,654.493,898.366,1.0,665.803,899.204,1.0,675.423,897.15,1.0,682.829,896.812,1.0
776,648.274,491.981,1.0,638.796,493.401,1.0,628.144,499.62,1.0,634.647,499.206,1.0,650.646,502.581,1.0,729.534,293.074,1.0,721.982,299.08,1.0,708.82,293.632,1.0,699.654,298.902,1.0,700.967,306.426,1.0,701.477,370.692,1.0,698.635,378.789,1.0,692.963,392.997,1.0,692.294,388.513,1.0,700.835,397.024,1.0,539.525,574.687,1.0,546.973,578.767,1.0,559.509,572.341,1.0,562.046,579.551,1.0,574.846,582.56,1.0,646.511,898.482,1.0,654.403,898.076,1.0,664.676,897.968,1.0,672.229,897.357,1.0,680.582,896.812,1.0
777,648.594,491.461,1.0,639.884,493.059,1.0,628.801,498.523,1.0,634.228,498.973,1.0,650.646,502.581,1.0,729.69,292.699,1.0,721.848,298.586,1.0,709.184,294.026,1.0,699.797,298.466,1.0,701.121,306.529,1.0,700.345,370.854,1.0,698.635,379.294,1.0,693.417,393.755,1.0,692.583,387.996,1.0,701.21,397.024,1.0,539.525,574.862,1.0,546.982,578.767,1.0,559.494,572.341,1.0,562.046,578.899,1.0,575.901,581.594,1.0,646.17,897.846,1.0,652.741,897.831,1.0,661.735,897.762,1.0,668.53,899.635,1.0,679.61,896.812,1.0
778,649.942,489.797,1.0,642.831,488.511,1.0,629.599,496.921,1.0,632.883,498.242,1.0,644.799,505.1,1.0,730.561,292.529,1.0,721.848,298.432,1.0,710.515,294.618,1.0,700.921,298.145,1.0,701.286,306.871,1.0,699.952,370.854,1.0,698.349,379.294,1.0,694.802,393.755,1.0,692.685,387.996,1.0,701.21,396.986,1.0,539.525,574.898,1.0,546.982,578.767,1.0,559.494,572.404,1.0,562.046,578.899,1.0,575.94,580.956,1.0,646.049,897.763,1.0,652.713,897.397,1.0,661.353,897.745,1.0,667.81,899.683,1.0,679.46,897.739,1.0
779,650.668,488.061,1.0,643.191,488.411,1.0,630.328,496.839,1.0,631.751,497.691,1.0,644.799,505.712,1.0,730.824,287.612,1.0,721.848,297.626,1.0,713.359,298.113,1.0,701.001,297.528,1.0,701.591,307.612,1.0,699.952,370.854,1.0,697.551,379.294,1.0,694.802,393.755,1.0,692.894,387.996,1.0,701.21,396.983,1.0,539.472,574.898,1.0,546.941,578.879,1.0,559.466,572.54,1.0,561.665,578.899,1.0,575.94,580.996,1.0,645.841,897.763,1.0,652.713,897.397,1.0,661.15,897.762,1.0,667.689,899.683,1.0,679.298,898.278,1.0
780,650.832,487.387,1.0,643.191,488.411,1.0,631.636,496.701,1.0,631.177,497.278,1.0,644.799,509.3,1.0,730.824,287.526,1.0,721.848,297.28,1.0,713.471,298.113,1.0,701.217,297.528,1.0,701.647,307.612,1.0,699.952,370.055,1.0,691.494,378.656,1.0,694.802,392.777,1.0,692.894,388.011,1.0,700.92,396.839,1.0,539.591,574.959,1.0,547.04,579.413,1.0,559.137,572.674,1.0,561.533,579.371,1.0,575.94,580.956,1.0,645.553,897.656,1.0,652.641,897.831,1.0,661.119,897.968,1.0,667.429,899.693,1.0,678.748,898.656,1.0
781,650.971,486.566,1.0,643.23,488.411,1.0,632.068,496.683,1.0,631.158,497.204,1.0,644.837,509.3,1.0,731.014,287.459,1.0,721.994,296.981,1.0,713.521,298.113,1.0,703.409,296.471,1.0,701.591,307.612,1.0,700.01,368.207,1.0,690.985,377.699,1.0,694.537,391.66,1.0,692.75,388.389,1.0,700.755,396.839,1.0,539.971,575.297,1.0,547.164,579.413,1.0,559.029,572.969,1.0,561.533,579.371,1.0,575.94,580.956,1.0,640.629,896.764,0.9940000176429749,652.641,897.397,0.996999979019165,658.466,899.381,1.0,663.831,900.326,0.9990000128746033,677.008,899.546,0.9599999785423279
782,651.097,486.278,1.0,643.23,488.461,1.0,632.643,496.683,1.0,630.984,497.204,1.0,644.837,509.3,1.0,731.051,287.459,1.0,722.571,296.981,1.0,713.746,297.899,1.0,703.607,296.287,1.0,701.591,307.337,1.0,700.072,367.384,1.0,690.922,377.535,1.0,694.285,391.125,1.0,692.822,388.389,1.0,700.078,396.839,1.0,539.591,574.959,0.9869999885559082,546.525,579.706,1.0,559.137,574.465,1.0,561.533,579.371,1.0,575.5,580.996,1.0,638.212,896.211,1.0,644.032,897.397,1.0,655.477,900.043,1.0,663.798,900.582,1.0,673.746,899.783,1.0
783,651.097,485.476,1.0,643.23,488.411,1.0,633.717,496.096,1.0,630.926,497.278,1.0,644.837,508.355,1.0,731.44,287.371,1.0,722.967,296.981,1.0,713.962,297.784,1.0,704.291,296.287,1.0,701.647,306.748,1.0,700.246,367.338,1.0,690.909,377.527,1.0,694.04,391.054,1.0,692.768,388.451,1.0,700.078,396.798,1.0,539.134,574.394,0.9950000047683716,546.124,579.801,1.0,558.185,574.465,1.0,561.525,579.652,1.0,575.5,582.326,0.9829999804496765,636.239,896.176,1.0,643.643,897.681,1.0,655.477,900.135,1.0,663.51,900.582,1.0,673.621,900.23,1.0
784,652.427,485.132,1.0,644.911,488.158,1.0,634.022,494.768,1.0,630.238,504.899,1.0,641.524,508.355,1.0,732.218,287.371,1.0,723.923,297.372,1.0,715.467,297.728,1.0,706.581,296.287,1.0,701.674,306.213,1.0,700.495,365.843,1.0,690.904,376.796,1.0,694.015,390.312,1.0,692.75,388.451,1.0,699.961,396.655,1.0,538.792,574.667,1.0,544.34,579.849,1.0,555.917,575.164,1.0,563.225,579.04,1.0,574.967,582.508,1.0,636.083,896.176,1.0,643.323,897.825,1.0,655.44,900.206,1.0,663.51,900.717,1.0,673.588,899.783,1.0
785,655.407,482.206,1.0,647.044,486.937,1.0,635.101,494.768,1.0,629.575,505.048,1.0,639.177,508.355,1.0,732.282,287.371,1.0,723.978,297.635,1.0,716.12,297.487,1.0,708.125,296.352,1.0,703.097,301.91,1.0,700.495,365.129,1.0,690.63,376.475,1.0,694.015,390.286,1.0,692.58,388.389,1.0,699.96,396.178,1.0,538.077,574.667,1.0,543.066,579.801,1.0,557.396,574.575,1.0,567.865,576.775,1.0,574.967,582.565,1.0,636.083,896.211,1.0,643.308,897.727,1.0,655.408,900.206,1.0,663.51,900.717,1.0,672.837,899.846,1.0
786,655.678,482.205,1.0,647.044,486.411,1.0,635.989,494.768,1.0,629.524,505.398,1.0,638.699,511.814,1.0,732.282,287.371,1.0,724.133,297.794,1.0,717.081,297.215,1.0,708.553,296.352,1.0,703.165,300.564,1.0,700.495,365.013,1.0,690.378,376.301,1.0,694.015,389.908,1.0,692.627,387.98,1.0,699.96,395.666,1.0,535.763,572.768,1.0,543.066,579.849,1.0,558.185,574.575,1.0,567.865,576.775,1.0,574.897,582.565,1.0,635.199,896.231,1.0,642.443,897.727,1.0,655.278,900.206,1.0,663.798,900.717,1.0,672.384,899.846,1.0
787,655.685,482.192,1.0,647.044,486.359,1.0,635.989,494.877,1.0,629.513,505.398,1.0,638.345,511.986,1.0,732.218,287.371,1.0,724.462,298.134,1.0,717.081,297.005,1.0,708.553,296.352,1.0,703.181,300.282,1.0,700.286,364.898,1.0,690.319,376.085,1.0,694.052,389.489,1.0,692.627,387.752,1.0,700.167,395.397,1.0,535.763,574.667,1.0,540.893,579.849,1.0,557.396,574.575,1.0,567.605,576.477,1.0,574.897,582.508,1.0,633.453,896.947,1.0,641.589,897.727,1.0,653.425,899.384,1.0,663.486,898.34,1.0,671.213,899.302,1.0
788,655.685,482.008,1.0,647.016,486.333,1.0,636.254,494.877,1.0,629.513,505.398,1.0,638.268,511.986,1.0,732.202,287.437,1.0,724.682,298.249,1.0,717.217,296.984,1.0,708.553,295.519,1.0,703.189,300.282,1.0,700.273,364.898,1.0,690.26,376.085,1.0,694.28,389.489,1.0,692.627,387.752,1.0,700.536,394.878,1.0,535.737,574.76,1.0,540.679,579.849,1.0,557.346,574.575,1.0,567.61,576.466,1.0,574.897,582.542,0.9980000257492065,632.362,899.216,1.0,639.253,897.85,1.0,651.638,898.734,1.0,663.486,898.236,1.0,670.008,899.2,1.0
789,655.678,481.875,1.0,646.929,486.103,1.0,636.254,494.877,1.0,629.513,505.565,1.0,638.268,511.814,1.0,731.954,287.374,1.0,724.682,298.249,1.0,717.217,296.708,1.0,708.237,295.426,1.0,703.403,300.271,1.0,700.237,364.898,1.0,690.122,376.085,1.0,694.28,389.489,1.0,692.749,387.752,1.0,700.714,394.516,1.0,535.763,574.814,1.0,540.893,579.642,1.0,557.346,574.559,1.0,567.605,576.242,1.0,575.178,582.542,1.0,632.362,900.765,1.0,639.253,897.727,1.0,651.596,898.106,1.0,663.486,898.236,1.0,669.677,899.124,1.0
790,653.579,481.534,1.0,646.88,485.163,1.0,636.443,494.786,1.0,629.513,505.616,1.0,638.345,511.467,1.0,731.954,287.304,1.0,724.722,298.249,1.0,717.071,296.489,1.0,708.237,295.426,1.0,703.482,300.271,1.0,700.174,365.628,1.0,690.122,376.197,1.0,694.3,390.449,1.0,692.821,387.949,1.0,700.943,394.506,1.0,535.763,574.76,1.0,540.893,579.886,1.0,557.286,574.559,1.0,567.558,576.242,1.0,575.178,582.455,1.0,632.267,901.97,1.0,639.104,898.455,1.0,648.618,897.767,1.0,661.997,898.236,1.0,668.884,898.833,1.0
791,653.579,480.95,1.0,646.88,485.102,1.0,636.956,494.217,1.0,630.355,505.616,1.0,638.372,511.403,1.0,731.865,287.374,1.0,724.722,298.003,1.0,716.92,296.212,1.0,708.237,295.104,1.0,703.482,300.271,1.0,699.941,365.902,1.0,690.122,376.494,1.0,694.34,390.588,1.0,692.835,388.004,1.0,700.943,394.516,1.0,535.434,574.76,1.0,540.623,579.907,1.0,557.286,574.559,1.0,567.605,576.242,1.0,575.178,582.455,1.0,632.276,901.97,1.0,638.775,898.455,1.0,648.253,897.767,1.0,661.408,898.236,1.0,667.914,898.833,1.0
792,653.579,480.868,1.0,646.846,484.22,1.0,637.087,493.989,1.0,631.024,505.3,1.0,638.638,510.502,1.0,731.954,287.599,1.0,724.86,297.768,1.0,717.071,296.212,1.0,708.845,294.968,1.0,703.563,300.294,1.0,699.398,366.095,1.0,690.403,376.739,1.0,694.44,391.172,1.0,692.835,388.059,1.0,701.067,394.506,1.0,535.384,574.737,1.0,540.623,580.141,1.0,557.346,574.859,1.0,567.558,576.242,1.0,575.109,582.542,1.0,632.276,902.728,1.0,638.66,898.455,1.0,648.054,897.767,1.0,661.274,898.04,1.0,667.888,898.833,1.0
793,655.844,480.153,1.0,646.88,484.22,1.0,637.859,493.398,1.0,631.636,504.831,1.0,639.075,510.313,1.0,732.101,287.374,1.0,725.027,297.694,1.0,717.071,296.12,1.0,709.416,294.514,1.0,703.482,300.51,1.0,699.242,367.098,1.0,690.461,376.995,1.0,694.44,391.249,1.0,692.749,388.203,1.0,701.067,394.506,1.0,535.212,574.727,1.0,540.623,580.141,1.0,557.286,574.859,1.0,567.37,576.242,1.0,574.501,582.603,1.0,632.398,902.803,1.0,638.605,898.058,1.0,648.027,897.668,1.0,661.004,897.841,1.0,667.398,898.833,1.0
794,659.043,479.289,1.0,647.694,485.102,1.0,639.118,492.262,1.0,632.865,502.793,1.0,639.096,509.939,1.0,732.246,288.087,1.0,727.812,296.987,1.0,719.477,295.627,1.0,711.242,293.832,1.0,702.486,301.262,1.0,699.233,368.198,1.0,690.505,377.596,1.0,694.44,391.84,1.0,692.713,388.309,1.0,701.067,394.506,1.0,535.046,574.727,1.0,540.623,580.141,1.0,557.286,574.859,1.0,567.105,575.994,1.0,573.333,585.626,1.0,632.276,902.803,1.0,638.456,898.699,1.0,648.027,897.549,1.0,661.004,897.841,1.0,667.272,898.833,1.0
795,661.539,476.437,1.0,652.842,488.597,1.0,639.197,492.262,1.0,633.447,502.344,1.0,639.096,509.638,1.0,738.066,288.087,1.0,730.81,294.378,1.0,719.68,295.079,1.0,713.011,293.731,1.0,702.299,301.999,1.0,699.193,368.198,1.0,690.533,377.596,1.0,694.363,392.136,1.0,692.549,388.309,1.0,701.067,394.464,1.0,534.804,574.727,1.0,541.207,579.991,1.0,555.252,574.62,1.0,565.172,575.422,1.0,571.211,585.626,1.0,632.276,905.715,1.0,638.028,898.699,1.0,647.841,897.21,1.0,656.969,897.841,1.0,665.446,898.76,1.0
796,662.131,476.316,1.0,652.93,488.597,1.0,639.206,492.262,1.0,633.67,502.272,1.0,638.638,509.638,1.0,738.252,284.856,1.0,731.125,293.056,1.0,719.838,295.081,1.0,713.038,293.744,1.0,702.299,302.143,1.0,699.193,368.713,1.0,699.203,378.014,1.0,694.322,392.726,1.0,692.413,388.309,1.0,701.067,394.464,1.0,534.804,576.069,1.0,541.279,579.986,1.0,553.021,574.515,1.0,563.076,574.472,1.0,570.724,585.626,1.0,631.634,907.644,1.0,637.126,899.414,1.0,645.57,897.074,1.0,656.133,898.04,1.0,664.859,898.062,1.0
797,662.131,476.316,1.0,652.93,488.597,1.0,639.197,492.276,1.0,633.67,502.272,1.0,638.462,509.615,1.0,738.989,282.764,1.0,733.376,292.991,1.0,721.104,295.079,1.0,713.038,293.731,1.0,702.299,302.22,1.0,699.193,369.287,1.0,699.203,378.284,1.0,694.322,393.111,1.0,692.364,388.054,1.0,701.157,394.586,1.0,534.804,576.227,1.0,541.456,579.986,1.0,551.51,574.293,1.0,561.089,573.338,1.0,570.685,582.29,1.0,631.511,907.644,1.0,636.924,899.674,1.0,645.409,897.074,1.0,652.69,900.303,1.0,664.622,898.019,1.0
798,661.929,476.437,1.0,652.889,488.153,1.0,639.143,492.285,1.0,633.67,502.344,1.0,638.155,509.636,1.0,741.094,282.764,1.0,734.316,293.056,1.0,721.509,295.081,1.0,713.641,293.744,1.0,702.407,302.151,1.0,699.193,369.473,1.0,699.322,378.739,1.0,694.363,393.497,1.0,692.065,388.053,1.0,701.157,394.602,1.0,534.804,576.399,1.0,541.456,579.986,1.0,551.287,574.174,1.0,561.089,573.222,1.0,570.41,580.724,1.0,630.782,907.644,1.0,636.371,900.15,1.0,644.996,897.21,1.0,652.332,900.653,1.0,662.67,898.015,1.0
799,661.929,478.627,1.0,652.889,487.889,1.0,639.143,492.513,1.0,633.371,502.628,1.0,637.954,509.636,1.0,741.094,282.764,1.0,735.014,293.029,1.0,722.024,295.081,1.0,713.65,293.744,1.0,702.407,302.151,1.0,699.04,370.3,1.0,699.322,379.319,1.0,694.669,393.869,1.0,692.051,388.034,1.0,701.326,394.688,1.0,534.65,576.399,1.0,541.46,580.051,1.0,551.103,574.174,1.0,560.939,572.679,1.0,570.11,580.456,1.0,628.745,906.336,1.0,636.371,899.674,1.0,644.996,897.374,1.0,652.332,900.847,1.0,662.61,898.015,1.0
800,657.747,483.239,1.0,650.267,487.889,1.0,639.143,492.513,1.0,632.406,502.749,1.0,637.935,509.817,1.0,741.094,287.783,1.0,735.777,293.056,1.0,722.081,295.181,1.0,713.65,294.01,1.0,702.787,302.151,1.0,699.029,370.948,1.0,699.261,379.335,1.0,694.669,393.869,1.0,691.987,388.034,1.0,701.157,394.738,1.0,534.65,576.399,1.0,541.46,580.188,1.0,551.103,574.515,1.0,560.915,572.679,1.0,570.11,580.18,1.0,628.745,906.151,1.0,636.371,899.414,1.0,644.996,897.374,1.0,652.332,900.847,1.0,662.61,897.895,1.0
801,656.081,483.456,1.0,648.696,484.849,1.0,638.757,492.703,1.0,632.112,503.524,1.0,637.724,509.729,1.0,740.408,292.178,1.0,735.904,293.207,1.0,722.081,295.425,1.0,713.697,294.011,1.0,702.839,302.013,1.0,699.029,370.948,1.0,699.261,379.335,1.0,694.669,393.869,1.0,691.987,387.88,1.0,701.157,394.918,1.0,534.65,576.186,1.0,541.739,580.188,1.0,551.287,574.598,1.0,560.915,572.679,1.0,569.804,580.18,1.0,628.745,902.188,1.0,636.476,898.96,1.0,646.235,897.382,1.0,652.801,900.653,1.0,662.371,897.895,1.0
802,654.241,483.456,1.0,647.894,484.849,1.0,638.136,493.505,1.0,631.937,503.886,1.0,637.724,509.817,1.0,740.189,292.178,1.0,735.904,293.207,1.0,722.024,295.718,1.0,713.697,294.088,1.0,702.839,301.951,1.0,699.029,370.948,1.0,699.261,379.335,1.0,694.288,393.841,1.0,691.636,387.688,1.0,700.842,395.386,1.0,534.522,575.434,1.0,541.739,580.188,1.0,551.287,575.346,1.0,559.416,573.196,1.0,569.341,579.363,1.0,628.745,901.517,1.0,636.476,898.58,1.0,646.235,897.438,1.0,652.894,900.653,1.0,662.371,897.895,1.0
803,654.241,483.239,1.0,646.72,484.849,1.0,637.51,494.192,1.0,631.937,503.886,1.0,637.724,509.918,1.0,740.143,292.278,1.0,736.079,293.207,1.0,722.166,295.77,1.0,713.762,294.116,1.0,702.941,301.951,1.0,699.099,370.892,1.0,698.992,378.869,1.0,694.288,393.048,1.0,690.981,387.688,1.0,699.322,396.983,1.0,534.818,575.434,1.0,544.417,580.051,1.0,551.505,576.225,1.0,555.195,577.894,1.0,569.232,579.171,1.0,629.807,900.853,1.0,637.725,898.58,1.0,646.329,897.438,1.0,653.189,900.47,1.0,662.61,897.877,1.0
804,651.362,482.906,1.0,645.527,484.849,1.0,636.346,494.57,1.0,631.677,505.149,1.0,638.657,510.183,1.0,740.143,292.34,1.0,736.079,293.337,1.0,722.166,296.11,1.0,713.587,294.088,1.0,702.965,301.951,1.0,699.162,370.89,1.0,698.955,378.806,1.0,694.288,392.761,1.0,690.981,387.688,1.0,699.322,396.983,1.0,535.506,575.434,1.0,545.125,579.378,1.0,551.505,576.27,1.0,555.109,578.617,1.0,569.341,578.758,1.0,631.155,900.621,1.0,638.645,898.172,1.0,648.652,897.438,1.0,653.562,899.639,1.0,663.768,897.799,1.0
805,649.486,481.131,1.0,644.195,482.967,1.0,636.346,494.856,1.0,631.677,506.027,1.0,639.229,510.183,1.0,740.143,292.344,1.0,736.095,293.476,1.0,722.349,296.354,1.0,713.065,294.088,1.0,703.264,301.908,1.0,699.339,370.89,1.0,692.528,377.311,1.0,694.556,390.646,1.0,690.981,387.78,1.0,699.322,396.983,1.0,535.506,577.2,1.0,544.417,578.187,1.0,551.234,576.225,1.0,555.195,578.617,1.0,569.341,578.758,1.0,631.155,900.499,1.0,638.645,898.389,1.0,648.652,897.521,1.0,653.921,899.378,1.0,663.876,897.799,1.0
806,643.627,480.669,1.0,644.195,482.967,1.0,636.346,495.47,1.0,631.677,506.351,1.0,639.851,510.588,1.0,740.098,292.344,1.0,736.095,293.476,1.0,724.025,296.354,1.0,712.109,293.711,1.0,704.108,297.869,1.0,699.377,370.89,1.0,692.316,377.021,1.0,694.556,389.826,1.0,690.584,387.78,1.0,702.085,394.891,1.0,532.936,578.366,1.0,542.4,578.187,1.0,550.002,575.346,1.0,555.993,578.541,1.0,569.407,579.363,1.0,632.294,898.88,1.0,639.151,898.389,1.0,648.652,900.139,1.0,656.64,898.995,1.0,664.734,897.599,1.0
807,642.063,478.127,1.0,644.075,480.615,1.0,638.719,494.869,1.0,632.599,506.351,1.0,640.273,510.588,1.0,740.17,292.723,1.0,736.095,293.476,1.0,724.358,296.354,1.0,712.109,293.705,1.0,704.759,297.405,1.0,699.425,371.046,1.0,692.316,377.021,1.0,694.556,389.826,1.0,691.479,387.78,1.0,702.085,394.891,1.0,534.141,578.498,1.0,543.099,578.187,1.0,550.13,573.969,1.0,555.993,578.541,1.0,569.585,579.538,1.0,634.307,896.892,0.9959999918937683,639.151,897.955,1.0,649.389,900.139,1.0,658.756,898.065,1.0,665.453,897.599,1.0
808,642.063,478.127,1.0,643.501,479.355,1.0,638.719,495.47,1.0,632.599,506.351,1.0,640.273,510.073,1.0,740.393,292.849,1.0,736.438,293.387,1.0,725.755,295.38,1.0,712.109,293.705,1.0,705.988,295.069,1.0,699.438,371.046,1.0,692.316,377.021,1.0,694.26,389.826,1.0,691.479,387.368,1.0,702.085,394.891,1.0,534.141,578.949,1.0,543.099,578.378,1.0,549.961,573.969,1.0,556.305,578.387,1.0,569.604,579.538,1.0,634.444,894.27,1.0,639.151,895.996,1.0,649.389,900.139,1.0,658.793,898.065,1.0,665.601,897.799,1.0
809,643.627,480.669,1.0,641.876,479.355,1.0,638.719,494.869,1.0,632.599,506.351,1.0,640.273,510.073,1.0,740.393,292.723,1.0,736.438,293.151,1.0,726.335,295.358,1.0,712.87,293.705,1.0,706.84,295.005,1.0,699.631,371.046,1.0,691.767,377.021,1.0,693.56,390.732,1.0,691.093,386.711,1.0,699.743,398.473,1.0,532.936,579.185,1.0,542.4,578.378,1.0,549.374,573.858,1.0,556.438,578.25,1.0,569.68,579.663,1.0,634.55,890.972,1.0,639.151,895.996,1.0,649.389,899.959,1.0,658.756,898.422,1.0,666.497,897.63,1.0
810,644.173,489.264,1.0,641.876,480.158,1.0,636.32,495.777,1.0,629.162,506.359,1.0,639.317,509.643,1.0,740.78,292.723,1.0,736.796,293.151,1.0,726.899,294.977,1.0,713.39,299.817,1.0,707.24,295.005,1.0,701.738,370.817,1.0,691.767,377.021,1.0,693.244,390.732,1.0,691.044,386.711,1.0,698.671,398.536,1.0,532.721,579.185,1.0,542.4,578.454,1.0,549.174,573.79,1.0,556.438,578.25,1.0,569.758,579.663,1.0,634.55,890.144,1.0,639.151,895.996,1.0,648.744,899.66,1.0,658.756,898.422,1.0,666.794,897.63,1.0
811,644.719,489.842,1.0,641.876,480.158,1.0,636.32,494.931,1.0,629.162,506.359,1.0,639.317,509.643,1.0,740.78,292.723,1.0,736.796,293.007,1.0,726.899,294.642,1.0,713.39,299.817,1.0,707.372,294.905,1.0,702.288,370.145,1.0,691.763,376.824,1.0,693.244,390.732,1.0,691.044,386.711,1.0,698.302,398.958,1.0,529.979,579.119,1.0,540.391,578.58,1.0,548.368,573.79,1.0,556.305,578.25,1.0,569.758,579.848,1.0,634.55,889.598,1.0,640.812,896.708,1.0,648.744,899.564,1.0,658.708,898.422,1.0,666.794,897.63,1.0
812,645.934,493.441,1.0,642.061,483.225,1.0,636.125,496.365,1.0,629.162,506.359,1.0,639.227,509.514,1.0,741.24,292.644,1.0,737.296,292.879,1.0,727.248,294.606,1.0,713.757,299.817,1.0,707.372,294.905,1.0,703.425,369.073,1.0,691.763,376.179,1.0,693.395,389.01,1.0,691.044,387.093,1.0,698.302,398.536,1.0,529.521,579.119,1.0,540.375,578.58,1.0,548.199,574.016,1.0,556.014,578.324,1.0,569.793,580.227,1.0,634.22,889.598,1.0,640.812,896.708,1.0,648.202,899.564,1.0,658.708,898.422,1.0,666.684,898.245,1.0
813,647.946,493.441,1.0,644.789,486.482,1.0,635.494,496.365,1.0,631.636,506.479,1.0,638.603,509.819,1.0,741.252,292.533,1.0,737.331,292.504,1.0,727.248,294.525,1.0,713.757,299.369,1.0,707.372,294.699,1.0,703.597,369.073,1.0,691.955,376.172,1.0,693.395,388.835,1.0,691.093,387.24,1.0,698.302,398.473,1.0,529.521,575.331,1.0,540.375,578.316,1.0,548.199,574.016,1.0,556.014,578.52,1.0,569.952,580.488,1.0,634.22,889.598,1.0,640.922,897.014,1.0,648.202,899.416,1.0,658.708,898.378,1.0,666.54,898.218,1.0
814,648.463,493.441,1.0,644.789,486.554,1.0,636.32,497.097,1.0,632.462,504.873,1.0,638.503,509.407,1.0,741.252,292.394,1.0,737.296,292.503,1.0,727.192,294.241,1.0,713.604,299.343,1.0,707.343,294.699,1.0,703.597,369.073,1.0,692.244,376.151,1.0,694.17,387.662,1.0,696.297,391.075,1.0,701.991,395.719,1.0,529.521,570.14,1.0,540.391,577.502,1.0,548.199,575.167,1.0,555.696,578.789,1.0,570.008,580.521,1.0,634.22,891.218,1.0,640.922,897.014,1.0,647.187,899.303,1.0,658.708,898.128,1.0,666.684,898.218,1.0
815,648.463,491.379,1.0,644.789,486.554,1.0,635.153,496.365,1.0,632.462,504.873,1.0,638.503,509.819,1.0,741.252,292.339,1.0,737.296,292.328,1.0,727.182,293.74,1.0,713.308,298.842,1.0,707.322,294.694,1.0,703.425,369.319,1.0,692.244,375.696,1.0,694.17,386.564,1.0,696.297,392.114,1.0,701.991,395.719,1.0,529.521,569.498,1.0,540.375,577.363,1.0,548.297,575.606,1.0,555.526,578.954,1.0,570.046,580.521,1.0,635.104,899.528,1.0,640.922,900.264,1.0,646.84,899.221,1.0,657.939,898.128,1.0,666.684,898.057,1.0
816,648.463,482.305,0.949999988079071,644.789,486.482,0.9990000128746033,635.153,497.097,1.0,632.462,506.479,1.0,638.459,510.135,0.9990000128746033,741.823,292.339,1.0,737.331,292.284,1.0,727.192,293.041,1.0,713.308,298.842,1.0,707.167,294.563,1.0,703.248,369.405,1.0,692.244,375.633,1.0,694.17,386.217,1.0,696.297,392.495,1.0,701.991,395.719,1.0,529.485,569.498,1.0,540.157,576.793,1.0,548.297,575.606,1.0,555.526,579.188,1.0,570.092,580.521,1.0,644.561,908.371,1.0,642.915,903.72,1.0,646.84,896.104,1.0,657.939,898.112,1.0,666.684,898.218,1.0
817,648.463,482.161,1.0,644.789,485.802,1.0,636.551,497.097,1.0,632.462,506.479,1.0,638.459,510.135,1.0,743.229,291.565,1.0,738.3,292.284,1.0,727.182,291.245,1.0,713.3,295.509,1.0,707.049,292.973,1.0,703.201,369.405,1.0,691.92,375.6,1.0,693.663,385.848,1.0,695.279,392.495,1.0,700.877,395.719,1.0,529.418,569.498,1.0,539.956,576.715,1.0,548.297,575.606,1.0,555.164,579.357,1.0,570.092,580.434,1.0,645.811,908.758,1.0,643.488,903.769,1.0,649.78,895.378,1.0,657.354,898.024,1.0,667.044,898.218,1.0
818,649.336,482.305,1.0,643.108,485.802,1.0,636.955,497.822,1.0,632.741,505.013,1.0,638.503,509.514,1.0,743.229,290.495,1.0,738.3,292.23,1.0,727.192,290.996,1.0,712.671,294.987,1.0,706.288,292.252,1.0,703.144,369.405,1.0,691.691,375.352,1.0,693.031,385.365,1.0,695.105,392.495,1.0,700.877,395.719,1.0,529.386,569.945,1.0,539.877,576.26,1.0,548.297,575.587,1.0,555.138,579.365,1.0,570.282,580.218,1.0,648.449,908.758,1.0,643.618,903.958,1.0,649.243,894.467,1.0,656.118,897.387,1.0,667.288,898.974,1.0
819,647.922,482.305,1.0,643.108,485.148,1.0,636.551,497.178,1.0,632.21,507.244,1.0,638.543,509.514,1.0,743.333,285.811,1.0,738.3,292.23,1.0,727.217,290.538,1.0,712.5,294.716,1.0,706.104,292.134,1.0,703.144,369.366,1.0,691.565,375.35,1.0,692.798,385.208,1.0,695.105,392.197,1.0,700.877,395.68,1.0,529.357,570.048,1.0,539.877,576.26,1.0,548.119,575.38,1.0,554.961,579.365,1.0,570.282,579.992,1.0,648.506,908.556,1.0,643.654,905.097,1.0,649.243,894.339,1.0,654.129,897.662,1.0,667.522,898.974,1.0
820,647.922,490.586,0.9340000152587891,642.833,484.35,0.9990000128746033,636.551,497.178,1.0,631.732,507.244,1.0,638.237,509.514,0.9980000257492065,743.333,284.092,1.0,734.442,292.3,1.0,727.309,290.096,1.0,712.5,294.003,1.0,705.384,292.134,1.0,703.157,369.333,1.0,691.565,375.274,1.0,692.798,384.677,1.0,695.04,392.113,1.0,700.815,395.581,1.0,529.144,570.048,1.0,539.855,576.525,1.0,548.119,575.38,1.0,554.961,579.357,1.0,570.282,579.856,1.0,649.113,908.556,1.0,643.937,905.359,1.0,649.243,894.201,1.0,654.129,897.387,1.0,667.522,899.083,1.0
821,645.986,494.621,1.0,642.473,483.648,1.0,636.227,497.178,1.0,629.173,507.124,1.0,638.338,509.514,1.0,743.333,282.818,1.0,734.442,292.554,1.0,727.309,289.869,1.0,712.407,293.826,1.0,705.145,292.117,1.0,703.157,369.333,1.0,691.565,375.274,1.0,692.586,384.677,1.0,694.647,392.113,1.0,700.815,395.581,1.0,529.144,570.048,1.0,539.877,576.525,1.0,548.119,575.457,1.0,554.625,579.319,1.0,570.121,579.856,1.0,649.156,908.556,1.0,644.312,905.359,1.0,648.994,893.551,1.0,653.908,896.952,1.0,667.522,899.083,1.0
822,645.944,494.621,1.0,642.119,483.276,1.0,636.227,497.178,1.0,629.173,507.124,1.0,638.543,509.442,1.0,743.333,282.612,1.0,734.442,292.554,1.0,727.51,289.624,1.0,712.407,292.627,1.0,705.145,291.046,1.0,703.105,369.28,1.0,691.83,375.113,1.0,692.586,384.42,1.0,695.105,392.053,1.0,700.965,395.578,1.0,529.386,570.225,1.0,540.024,576.624,1.0,548.276,575.457,1.0,554.559,579.309,1.0,569.655,579.781,1.0,649.187,908.556,1.0,644.312,905.359,1.0,648.776,893.267,1.0,653.908,896.94,1.0,667.522,899.083,1.0
823,645.402,494.621,1.0,642.119,483.276,1.0,636.133,497.178,1.0,629.173,507.334,1.0,638.338,509.669,1.0,744.124,282.525,1.0,735.298,292.554,1.0,727.51,289.546,1.0,712.407,291.822,1.0,705.145,290.441,1.0,703.157,369.078,1.0,694.245,375.113,1.0,693.263,384.42,1.0,694.643,392.113,1.0,700.88,395.581,1.0,530.148,570.915,1.0,540.322,576.739,1.0,548.276,575.38,1.0,554.559,578.667,1.0,569.655,579.665,1.0,649.234,908.562,1.0,644.478,905.261,1.0,648.627,893.221,1.0,654.181,896.952,1.0,667.194,899.254,1.0
824,644.707,494.741,1.0,641.784,484.058,1.0,635.981,497.204,1.0,629.891,507.124,1.0,638.338,509.669,1.0,746.023,282.525,1.0,737.087,292.614,1.0,727.612,288.968,1.0,712.51,291.822,1.0,706.038,290.203,1.0,703.157,367.718,1.0,695.093,376.066,1.0,696.191,383.845,1.0,694.199,392.113,1.0,700.88,395.581,1.0,536.267,578.422,1.0,544.419,577.462,1.0,549.287,575.243,1.0,554.559,577.942,1.0,569.655,579.355,1.0,649.234,908.85,1.0,644.478,905.261,1.0,648.217,893.191,1.0,654.181,896.746,1.0,667.194,899.643,1.0
825,644.707,493.24,1.0,641.784,484.058,1.0,635.981,497.204,1.0,631.731,506.6,1.0,638.338,509.669,1.0,746.238,282.525,1.0,737.092,292.839,1.0,728.024,287.967,1.0,712.941,291.822,1.0,707.64,290.17,1.0,702.733,367.718,1.0,700.257,376.947,1.0,696.854,383.201,1.0,692.294,391.848,1.0,701.438,395.561,1.0,536.267,587.988,1.0,545.217,579.539,1.0,549.287,572.535,1.0,555.609,577.703,1.0,569.682,579.355,1.0,649.813,909.298,1.0,644.676,904.666,1.0,648.217,893.032,1.0,654.966,896.714,1.0,667.194,899.643,1.0
826,644.707,484.308,1.0,641.784,485.097,1.0,636.692,497.19,1.0,632.89,506.383,1.0,637.312,508.699,1.0,746.477,282.887,1.0,738.315,293.06,1.0,729.103,287.786,1.0,719.472,293.081,1.0,710.423,290.17,1.0,702.733,367.718,1.0,700.257,376.748,1.0,696.958,383.201,1.0,691.78,391.848,1.0,701.444,395.461,1.0,536.267,591.615,1.0,545.217,580.253,1.0,549.287,572.535,1.0,556.011,576.234,1.0,570.056,579.355,1.0,649.813,909.298,1.0,644.676,905.261,1.0,648.627,892.982,1.0,655.513,896.746,1.0,667.369,899.681,1.0
827,648.921,483.795,1.0,645.995,485.452,1.0,637.07,497.19,1.0,632.983,503.754,1.0,637.264,508.436,1.0,746.569,282.908,1.0,738.544,293.1,1.0,729.408,287.786,1.0,722.567,293.124,1.0,713.167,290.17,1.0,702.572,367.718,1.0,700.257,376.748,1.0,697.469,383.201,1.0,691.78,392.984,1.0,702.021,395.461,1.0,535.069,592.112,1.0,544.419,580.653,1.0,549.243,572.535,1.0,556.567,576.234,1.0,570.087,579.465,1.0,650.114,909.298,1.0,645.133,905.294,1.0,648.627,892.982,1.0,656.271,896.746,1.0,667.484,899.698,1.0
828,650.846,483.795,1.0,647.049,485.452,1.0,637.181,495.656,1.0,633.461,502.985,1.0,637.264,508.235,1.0,746.627,283.034,1.0,738.553,293.755,1.0,729.68,287.924,1.0,723.121,293.492,1.0,713.323,290.296,1.0,700.506,367.718,1.0,699.504,376.331,1.0,697.469,383.095,1.0,691.78,391.848,1.0,702.183,395.402,1.0,535.069,592.112,1.0,544.037,582.1,1.0,549.243,573.189,1.0,556.567,576.234,1.0,570.087,579.465,1.0,650.553,909.298,1.0,645.484,905.294,1.0,649.685,893.032,1.0,656.492,896.746,1.0,667.593,899.812,1.0
829,651.442,480.171,1.0,647.609,485.097,1.0,638.12,495.587,1.0,633.461,502.985,1.0,637.264,508.436,1.0,746.828,283.376,1.0,739.032,294.852,1.0,730.126,287.967,1.0,723.388,293.933,1.0,713.698,290.76,1.0,700.289,367.347,1.0,699.085,376.331,1.0,697.469,383.095,1.0,691.909,391.848,1.0,702.238,395.211,1.0,535.069,592.112,1.0,543.423,582.423,1.0,549.243,573.322,1.0,556.678,574.836,1.0,570.056,579.465,1.0,650.746,910.025,1.0,645.652,905.294,1.0,649.685,893.72,1.0,656.662,896.714,1.0,667.593,900.124,1.0
830,651.856,479.656,1.0,648.283,484.975,1.0,638.144,495.23,1.0,633.541,502.524,1.0,637.264,508.436,1.0,746.966,283.887,1.0,739.21,294.852,1.0,730.18,289.103,1.0,723.626,294.907,1.0,713.71,291.647,1.0,699.916,366.247,1.0,698.902,374.773,1.0,697.656,381.753,1.0,692.372,391.778,1.0,702.265,395.211,1.0,536.989,581.378,1.0,542.467,583.627,1.0,550.869,573.879,1.0,559.934,574.836,1.0,568.974,578.761,1.0,652.386,910.025,1.0,648.891,905.294,1.0,649.144,895.272,1.0,656.811,896.982,1.0,667.593,899.812,1.0
831,656.453,476.927,1.0,648.83,482.964,1.0,640.666,490.148,1.0,635.595,497.997,1.0,637.264,509.65,1.0,747.208,283.887,1.0,739.279,294.852,1.0,730.219,289.133,1.0,723.649,295.067,1.0,713.715,291.647,1.0,699.916,366.247,1.0,699.085,374.773,1.0,697.656,381.753,1.0,692.521,391.778,1.0,702.36,395.211,1.0,539.823,581.378,1.0,542.317,583.889,1.0,550.869,573.879,1.0,560.043,574.572,1.0,568.974,578.739,1.0,653.932,908.472,1.0,649.561,905.277,1.0,649.025,895.391,1.0,656.811,896.859,1.0,667.478,899.812,1.0
832,660.48,474.032,1.0,652.619,482.964,1.0,642.053,490.148,1.0,636.317,495.637,1.0,637.657,509.65,1.0,747.208,283.902,1.0,740.885,294.705,1.0,731.696,289.448,1.0,724.965,295.184,1.0,713.872,291.721,1.0,699.916,366.247,1.0,698.902,374.773,1.0,697.221,381.753,1.0,692.372,391.778,1.0,702.409,395.167,1.0,541.434,581.378,1.0,542.317,583.889,1.0,550.869,573.879,1.0,560.168,574.324,1.0,568.974,578.739,1.0,653.932,908.302,1.0,651.143,905.277,1.0,649.144,896.723,1.0,656.811,896.982,1.0,667.452,899.271,1.0
833,661.338,474.032,1.0,654.89,484.001,1.0,642.723,490.148,1.0,636.946,495.637,1.0,637.819,509.65,1.0,747.565,284.487,1.0,740.988,294.349,1.0,731.892,289.703,1.0,726.058,295.235,1.0,714.701,291.743,1.0,700.293,366.302,1.0,698.85,375.24,1.0,697.221,382.48,1.0,692.552,392.186,1.0,702.409,395.167,1.0,541.624,586.793,1.0,542.467,583.889,1.0,550.861,573.721,1.0,560.181,574.324,1.0,569.307,578.739,1.0,653.155,908.302,1.0,651.143,905.277,1.0,649.025,896.723,1.0,656.828,896.859,1.0,667.219,899.271,1.0
834,661.338,474.032,1.0,655.06,484.001,1.0,642.723,490.404,1.0,636.946,495.637,1.0,637.819,509.533,1.0,751.415,285.28,1.0,743.287,293.115,1.0,732.906,290.813,1.0,728.428,295.235,1.0,714.972,291.741,1.0,700.498,366.662,1.0,698.85,375.24,1.0,697.221,382.48,1.0,692.716,392.186,1.0,702.409,395.022,1.0,541.624,587.138,1.0,542.871,583.507,1.0,550.556,572.675,1.0,560.297,573.443,1.0,569.516,579.302,1.0,653.155,908.302,1.0,651.143,903.489,1.0,649.144,896.723,1.0,658.001,897.001,1.0,667.452,899.271,1.0
835,661.699,477.041,1.0,655.791,484.001,1.0,643.198,490.698,1.0,636.946,495.646,1.0,637.819,508.676,1.0,753.289,285.375,1.0,745.054,291.208,1.0,734.229,290.813,1.0,729.592,295.067,1.0,715.157,291.732,1.0,702.68,367.223,1.0,699.174,375.24,1.0,696.55,382.48,1.0,692.716,392.186,1.0,701.666,395.022,1.0,541.624,587.491,1.0,542.871,583.471,1.0,550.502,572.559,1.0,560.297,573.113,1.0,569.52,579.302,1.0,651.957,909.492,1.0,650.63,903.404,1.0,649.025,896.042,1.0,658.139,896.859,1.0,667.347,899.329,1.0
836,661.699,492.561,1.0,656.337,484.001,1.0,643.427,490.698,1.0,637.412,495.763,1.0,638.293,508.484,1.0,753.655,285.375,1.0,745.566,290.858,1.0,735.23,290.813,1.0,730.046,294.982,1.0,715.202,291.732,1.0,707.458,367.539,1.0,701.678,374.033,1.0,696.239,381.37,1.0,692.596,391.085,1.0,701.62,395.022,1.0,540.03,588.231,1.0,542.871,583.471,1.0,549.579,572.559,1.0,560.297,572.819,1.0,569.771,579.302,1.0,651.565,909.539,1.0,650.581,903.404,1.0,648.821,895.738,1.0,658.195,896.813,1.0,667.325,899.333,1.0
837,662.354,495.328,1.0,656.73,484.217,1.0,643.436,490.698,1.0,637.412,495.763,1.0,638.293,508.392,1.0,753.655,285.282,1.0,745.716,290.151,1.0,735.482,290.117,1.0,730.046,294.883,1.0,715.207,291.741,1.0,707.813,367.952,1.0,703.637,373.479,1.0,696.044,380.62,1.0,692.613,390.141,1.0,701.385,395.53,1.0,540.03,588.741,1.0,542.871,583.507,1.0,549.579,572.675,1.0,560.283,572.806,1.0,569.956,579.11,1.0,651.325,909.618,1.0,649.314,903.332,1.0,648.743,895.558,1.0,658.318,896.47,1.0,667.347,899.36,1.0
838,663.554,495.328,1.0,656.73,484.217,1.0,644.159,490.499,1.0,637.412,495.763,1.0,638.293,508.106,1.0,753.655,285.3,1.0,746.132,290.018,1.0,735.949,290.117,1.0,729.592,294.883,1.0,717.357,291.741,1.0,709.441,367.539,1.0,705.076,373.312,1.0,695.962,380.569,1.0,692.596,389.949,1.0,701.286,395.61,1.0,540.03,588.741,1.0,542.871,583.507,1.0,549.579,572.811,1.0,560.283,572.806,1.0,569.956,579.11,1.0,651.325,909.539,1.0,649.314,903.332,1.0,648.743,895.558,1.0,658.318,896.785,1.0,667.507,899.36,1.0
839,664.857,495.328,1.0,655.791,484.217,1.0,644.453,490.402,1.0,638.164,492.665,1.0,638.623,507.604,1.0,753.704,285.282,1.0,746.196,290.018,1.0,736.621,289.702,1.0,725.515,294.883,1.0,717.764,292.054,1.0,710.574,367.539,1.0,705.143,372.023,1.0,695.655,379.747,1.0,691.927,388.603,1.0,701.265,395.723,1.0,540.749,588.741,1.0,543.154,583.439,1.0,549.61,572.811,1.0,560.283,572.806,1.0,569.771,579.11,1.0,651.325,909.539,1.0,649.314,903.332,1.0,648.743,895.558,1.0,658.195,896.785,1.0,667.507,899.36,1.0
840,664.857,492.259,1.0,654.399,488.137,1.0,645.273,489.708,1.0,638.164,492.374,1.0,638.774,507.155,1.0,753.655,285.144,1.0,746.744,290.018,1.0,737.788,289.702,1.0,725.515,294.883,1.0,718.224,292.299,1.0,711.304,367.083,1.0,705.143,371.016,1.0,695.494,379.14,1.0,691.822,387.808,1.0,701.254,395.806,1.0,541.682,587.267,1.0,544.054,583.439,1.0,551.485,572.811,1.0,560.5,573.37,1.0,569.771,579.562,1.0,655.391,907.816,1.0,651.255,903.245,1.0,649.196,897.734,1.0,656.418,896.785,1.0,667.695,898.928,1.0
841,665.847,483.98,1.0,654.399,488.312,1.0,645.517,489.339,1.0,638.164,492.285,1.0,638.774,506.601,1.0,753.927,284.731,1.0,746.983,290.307,1.0,738.244,289.702,1.0,725.515,295.245,1.0,719.204,292.66,1.0,711.304,366.93,1.0,705.076,370.703,1.0,695.441,378.602,1.0,691.634,387.512,1.0,701.265,395.806,1.0,542.497,587.267,1.0,544.575,583.224,1.0,551.618,572.498,1.0,560.619,573.463,1.0,569.792,579.853,1.0,656.12,907.673,1.0,651.255,903.114,1.0,649.285,897.856,1.0,656.418,897.094,1.0,667.695,898.928,1.0
842,665.847,483.98,1.0,654.399,488.312,1.0,645.517,489.339,1.0,637.79,492.185,1.0,638.623,503.563,1.0,754.041,284.692,1.0,746.983,291.009,1.0,738.384,290.198,1.0,726.241,295.365,1.0,719.204,292.88,1.0,711.304,365.087,1.0,704.835,370.674,1.0,692.952,377.761,1.0,691.634,387.221,1.0,701.286,395.806,1.0,545.956,587.267,1.0,545.375,583.224,1.0,551.661,572.498,1.0,560.619,573.613,1.0,569.792,579.875,1.0,656.12,907.637,1.0,651.255,902.968,1.0,649.321,897.856,1.0,656.418,897.137,1.0,667.695,898.928,1.0
843,662.802,483.98,1.0,660.145,488.137,1.0,645.517,487.559,1.0,637.79,491.998,1.0,638.448,499.867,1.0,754.087,284.692,1.0,747.122,291.009,1.0,738.503,290.642,1.0,726.326,295.402,1.0,719.315,292.66,1.0,709.507,365.087,1.0,702.953,370.674,1.0,692.952,377.761,1.0,691.822,387.221,1.0,701.404,395.767,1.0,548.97,587.427,1.0,546.22,583.224,1.0,551.661,572.498,1.0,560.5,573.728,1.0,569.866,579.929,1.0,656.12,907.637,1.0,650.352,902.968,1.0,649.321,897.856,1.0,657.903,897.252,1.0,667.659,898.991,1.0
844,662.802,481.056,1.0,660.145,486.198,1.0,645.189,485.958,1.0,637.79,491.413,1.0,638.218,499.867,1.0,754.041,284.471,1.0,747.122,291.009,1.0,738.503,290.823,1.0,726.417,295.853,1.0,719.315,292.529,1.0,702.473,365.087,1.0,700.512,370.703,1.0,692.952,377.761,1.0,692.061,387.221,1.0,701.88,395.688,1.0,549.054,591.193,1.0,546.238,583.359,1.0,551.661,572.519,1.0,558.747,574.21,1.0,570.676,580.098,1.0,652.299,907.673,1.0,649.999,902.968,1.0,649.356,897.482,1.0,658.114,897.137,1.0,667.649,898.991,1.0
845,665.286,485.37,1.0,660.145,486.198,1.0,645.189,485.958,1.0,638.172,489.906,1.0,638.218,499.867,1.0,754.142,284.34,1.0,747.512,291.009,1.0,739.064,290.823,1.0,726.605,295.853,1.0,719.315,292.529,1.0,701.354,365.649,1.0,699.163,375.688,1.0,696.397,381.594,1.0,692.27,390.567,1.0,701.891,395.688,1.0,549.054,591.91,1.0,546.749,583.359,1.0,547.884,572.748,1.0,558.425,574.21,1.0,570.676,580.427,1.0,651.704,911.272,1.0,649.832,905.365,1.0,649.503,897.482,1.0,658.894,897.137,1.0,667.623,898.991,1.0
846,665.286,486.663,1.0,660.203,485.897,1.0,645.189,485.958,1.0,638.576,489.744,1.0,638.448,499.951,1.0,754.158,283.109,1.0,747.81,287.306,1.0,739.186,290.642,1.0,727.734,295.402,1.0,720.06,292.529,1.0,701.299,365.649,1.0,699.074,375.688,1.0,696.397,381.594,1.0,692.375,392.841,1.0,701.891,395.688,1.0,549.942,591.91,1.0,546.792,583.359,1.0,547.884,573.6,1.0,558.412,574.224,1.0,570.676,580.978,1.0,651.472,911.373,1.0,649.774,905.406,1.0,650.98,897.482,1.0,659.371,895.986,1.0,667.321,898.613,1.0
847,665.286,486.663,1.0,657.995,485.897,1.0,646.405,486.18,1.0,639.245,489.744,1.0,639.111,500.281,1.0,755.377,283.109,1.0,749.881,281.583,1.0,740.798,289.434,1.0,728.638,294.994,1.0,720.505,291.95,1.0,698.756,365.925,1.0,698.581,375.688,1.0,696.397,381.594,1.0,693.138,392.841,1.0,701.891,396.179,1.0,549.942,591.91,1.0,547.273,581.126,1.0,547.884,573.6,1.0,558.412,574.467,1.0,570.613,580.978,1.0,651.38,911.703,1.0,649.462,905.922,1.0,651.317,897.156,1.0,659.371,895.604,1.0,667.008,897.095,1.0
848,665.286,491.619,1.0,657.265,486.215,1.0,648.922,487.767,1.0,639.482,489.744,1.0,639.111,500.281,1.0,760.292,283.109,1.0,752.43,280.125,1.0,743.385,287.155,1.0,730.697,294.39,1.0,721.21,291.686,1.0,698.337,365.649,1.0,698.356,373.445,1.0,696.397,380.924,1.0,693.138,392.841,1.0,701.807,396.63,1.0,550.696,589.314,1.0,548.166,581.039,1.0,546.579,573.824,1.0,558.313,577.11,1.0,570.573,581.253,1.0,651.38,911.703,1.0,649.774,905.922,1.0,651.809,897.43,1.0,659.536,895.35,1.0,667.008,895.008,1.0
849,665.71,496.869,1.0,657.99,488.948,1.0,649.881,487.767,1.0,639.482,490.08,1.0,639.111,500.3,1.0,761.101,285.167,1.0,752.512,278.891,1.0,743.385,286.399,1.0,730.981,293.569,1.0,722.662,291.95,1.0,695.938,364.893,1.0,698.431,372.415,1.0,691.962,379.752,1.0,693.193,391.578,1.0,701.193,397.009,1.0,550.696,589.314,1.0,548.203,581.029,1.0,553.475,576.277,1.0,558.302,577.11,1.0,570.554,581.253,1.0,651.38,911.272,1.0,649.774,905.406,1.0,652.328,897.43,1.0,659.536,894.679,1.0,667.008,894.265,1.0
850,664.33,499.463,1.0,657.995,491.37,1.0,654.962,486.18,1.0,641.905,490.185,1.0,638.158,500.3,1.0,761.74,285.415,1.0,752.735,278.528,1.0,743.385,285.543,1.0,731.235,293.557,1.0,722.675,291.95,1.0,695.938,364.304,1.0,698.329,372.415,1.0,691.962,379.752,1.0,693.193,391.578,1.0,701.117,397.009,1.0,550.902,589.314,1.0,548.379,581.039,1.0,553.475,576.61,1.0,558.179,577.368,1.0,570.561,581.674,1.0,649.163,910.755,1.0,650.075,903.544,1.0,654.372,897.156,1.0,661.463,893.672,1.0,667.884,892.888,1.0
851,664.33,499.463,1.0,657.995,491.37,1.0,654.962,486.18,1.0,641.967,490.282,1.0,638.158,500.793,1.0,761.853,285.415,1.0,754.703,278.757,1.0,741.055,282.161,1.0,732.317,293.557,1.0,725.068,291.686,1.0,698.283,362.648,1.0,698.258,372.371,1.0,691.736,379.335,1.0,693.193,391.027,1.0,700.996,397.055,1.0,550.908,589.496,1.0,548.46,581.126,1.0,553.344,576.534,1.0,558.065,577.26,1.0,570.554,582.464,1.0,648.806,908.481,1.0,653.327,901.936,1.0,657.222,893.486,1.0,664.383,892.376,1.0,674.913,890.167,1.0
852,665.71,499.463,1.0,663.564,491.37,1.0,654.962,486.257,1.0,642.494,490.644,1.0,638.158,500.882,1.0,761.892,285.415,1.0,754.863,278.757,1.0,741.055,282.161,1.0,735.033,293.557,1.0,727.976,290.512,1.0,698.283,362.648,1.0,697.985,372.371,1.0,697.74,380.924,1.0,693.295,391.027,1.0,700.895,397.055,1.0,550.908,589.539,1.0,548.483,581.169,1.0,553.101,576.277,1.0,558.031,577.11,1.0,570.513,582.7,1.0,647.286,906.882,1.0,653.457,901.641,1.0,658.235,893.486,1.0,664.96,892.096,1.0,675.247,890.167,1.0
853,666.385,494.68,1.0,664.18,486.53,1.0,654.21,486.104,1.0,642.838,490.846,1.0,639.902,500.947,1.0,761.903,285.415,1.0,754.935,278.891,1.0,741.055,282.161,1.0,736.118,293.621,1.0,729.577,290.509,1.0,699.821,362.575,1.0,697.645,372.19,1.0,691.51,378.938,1.0,693.346,390.85,1.0,700.743,397.055,1.0,550.902,590.513,1.0,548.49,581.614,1.0,553.344,576.277,1.0,558.031,577.109,1.0,569.962,583.194,1.0,646.873,906.705,1.0,653.457,901.383,1.0,659.262,893.486,1.0,665.089,892.096,1.0,675.247,890.167,1.0
854,670.558,493.087,1.0,664.18,485.039,1.0,654.21,486.095,1.0,642.981,490.846,1.0,640.26,501.088,1.0,761.903,285.415,1.0,755.239,278.979,1.0,741.46,282.187,1.0,736.843,293.772,1.0,730.066,290.466,1.0,699.821,364.304,1.0,697.645,373.71,1.0,697.862,381.754,1.0,693.295,391.711,1.0,700.743,397.062,1.0,550.902,590.513,1.0,548.49,581.614,1.0,553.101,576.258,1.0,558.065,577.26,1.0,569.865,583.397,1.0,645.056,906.705,1.0,653.327,900.877,1.0,659.262,896.04,1.0,665.089,892.376,1.0,675.247,891.244,1.0
855,672.843,490.45,1.0,664.507,485.039,1.0,654.21,486.257,1.0,643.037,490.846,1.0,640.26,501.088,1.0,761.903,285.361,1.0,755.239,278.979,1.0,741.846,282.477,1.0,737.32,293.772,1.0,730.071,290.078,1.0,699.821,364.484,1.0,697.985,373.71,1.0,694.27,381.754,1.0,693.346,390.607,1.0,700.672,397.146,1.0,550.716,590.513,1.0,548.515,581.764,1.0,552.847,575.928,1.0,558.197,577.109,1.0,569.853,583.753,1.0,645.032,906.705,1.0,653.256,900.65,1.0,658.501,897.867,1.0,665.089,892.636,1.0,674.546,891.246,1.0
856,673.093,487.202,1.0,665.293,485.039,1.0,654.21,486.257,1.0,645.365,490.642,1.0,640.26,501.415,1.0,761.887,285.361,1.0,755.352,278.979,1.0,742.084,282.477,1.0,737.352,293.772,1.0,730.187,290.006,1.0,697.978,366.165,1.0,698.308,375.438,1.0,697.517,382.236,1.0,693.379,391.571,1.0,700.743,397.062,1.0,550.619,590.513,1.0,548.597,581.852,1.0,553.101,575.928,1.0,558.686,577.109,1.0,569.766,584.021,1.0,644.938,906.717,1.0,652.444,900.557,1.0,659.329,898.0,1.0,664.103,895.205,1.0,674.546,891.722,1.0
857,673.093,487.202,1.0,665.293,489.544,1.0,654.152,486.095,1.0,645.365,490.642,1.0,639.783,501.415,1.0,761.427,284.9,1.0,755.513,278.913,1.0,742.117,282.862,1.0,737.529,293.765,1.0,730.187,290.078,1.0,697.978,366.631,1.0,698.308,376.948,1.0,697.411,382.844,1.0,693.346,391.571,1.0,701.131,397.062,1.0,550.619,590.513,1.0,548.684,582.216,1.0,553.529,576.258,1.0,558.686,577.374,1.0,569.613,584.12,1.0,644.938,906.717,1.0,652.444,900.4,1.0,659.329,898.08,1.0,664.103,896.229,1.0,674.546,891.678,1.0
858,672.843,487.202,1.0,664.577,489.544,1.0,654.152,486.474,1.0,645.365,490.642,1.0,639.783,501.415,1.0,761.427,283.38,1.0,755.65,278.672,1.0,742.117,282.862,1.0,738.695,292.576,1.0,730.187,290.466,1.0,697.978,366.881,1.0,698.308,376.948,1.0,697.517,383.532,1.0,693.225,394.64,1.0,701.131,397.311,1.0,550.347,592.541,1.0,548.774,582.216,1.0,547.423,575.338,1.0,558.889,578.482,1.0,569.613,584.12,1.0,645.056,906.717,1.0,652.444,899.672,1.0,659.363,898.0,1.0,664.103,896.229,1.0,674.881,891.678,1.0
859,670.279,488.874,1.0,664.577,489.544,1.0,653.421,486.637,1.0,644.476,490.642,1.0,639.783,501.277,1.0,761.427,277.203,1.0,757.996,278.062,1.0,747.064,290.574,1.0,741.169,292.576,1.0,730.16,290.866,1.0,699.674,366.881,1.0,698.206,376.948,1.0,697.517,383.532,1.0,693.225,392.77,1.0,700.812,397.526,1.0,550.619,592.612,1.0,548.969,582.684,1.0,552.848,577.035,1.0,558.686,578.563,1.0,569.517,584.021,1.0,646.093,905.672,1.0,654.448,900.259,1.0,661.255,898.0,1.0,666.131,896.229,1.0,675.526,891.678,1.0
860,665.638,492.67,1.0,658.931,489.46,1.0,650.503,487.962,1.0,641.469,490.263,1.0,640.872,500.919,1.0,764.283,274.347,1.0,760.669,276.663,1.0,749.673,291.105,1.0,742.556,292.576,1.0,729.761,291.354,1.0,700.266,366.631,1.0,697.997,375.953,1.0,697.86,383.163,1.0,692.927,393.335,1.0,700.812,397.526,1.0,550.619,593.686,1.0,549.211,582.943,1.0,553.071,577.193,1.0,558.518,579.145,1.0,569.471,583.606,1.0,650.046,899.408,1.0,654.448,899.672,1.0,662.908,898.0,1.0,667.881,895.335,1.0,678.032,889.118,1.0
861,660.63,492.67,1.0,658.295,489.217,1.0,650.503,487.962,1.0,639.185,490.192,1.0,641.412,499.336,1.0,764.407,274.196,1.0,760.669,276.493,1.0,749.673,291.188,1.0,742.556,292.45,1.0,729.689,291.354,1.0,700.266,366.881,1.0,697.867,375.449,1.0,697.86,383.421,1.0,692.927,393.335,1.0,700.696,397.526,1.0,550.703,595.648,1.0,549.394,584.114,1.0,552.853,578.636,1.0,558.304,579.397,1.0,569.33,583.412,1.0,650.309,895.698,1.0,654.738,899.08,1.0,663.799,898.601,1.0,667.881,893.166,1.0,678.072,888.796,1.0
862,660.63,492.67,1.0,656.594,488.562,1.0,650.503,488.02,1.0,639.185,490.192,1.0,641.412,499.336,1.0,764.739,273.662,1.0,760.781,276.452,1.0,749.702,291.105,1.0,742.564,292.45,1.0,729.689,291.472,1.0,700.355,366.881,1.0,697.867,375.072,1.0,697.86,383.163,1.0,693.225,392.77,1.0,700.498,397.618,1.0,550.917,595.914,1.0,549.508,584.139,1.0,552.848,578.809,1.0,558.009,579.484,1.0,569.135,583.396,1.0,653.162,889.973,1.0,654.776,896.679,1.0,663.799,898.594,1.0,667.881,892.823,1.0,678.072,888.36,1.0
863,660.63,488.517,1.0,656.594,488.562,1.0,651.163,488.02,1.0,639.185,490.192,1.0,640.872,499.336,1.0,764.739,273.662,1.0,760.781,276.285,1.0,749.702,291.105,1.0,743.012,292.517,1.0,729.761,291.472,1.0,700.826,368.359,1.0,696.466,374.722,1.0,696.456,383.163,1.0,695.835,392.77,1.0,700.302,397.618,1.0,550.917,596.172,1.0,549.562,584.463,1.0,552.853,578.955,1.0,557.831,579.514,1.0,569.066,583.342,1.0,653.874,887.883,1.0,654.776,896.679,1.0,662.908,898.601,1.0,667.64,893.166,1.0,678.072,888.36,1.0
864,661.617,487.646,1.0,656.594,488.562,1.0,651.734,487.962,1.0,642.121,490.735,1.0,640.705,500.647,1.0,765.731,273.662,1.0,761.491,275.931,1.0,750.627,290.275,1.0,743.646,292.517,1.0,730.808,291.472,1.0,700.826,369.75,1.0,694.705,374.722,1.0,694.984,383.421,1.0,696.453,393.286,1.0,700.498,398.003,1.0,550.567,596.188,1.0,549.773,584.497,1.0,552.853,579.125,1.0,557.754,579.604,1.0,569.013,583.243,1.0,653.874,885.997,1.0,657.495,895.637,1.0,662.054,898.678,1.0,666.526,893.166,1.0,677.655,888.241,1.0
865,661.885,487.646,1.0,660.884,488.491,1.0,651.734,487.003,1.0,642.121,490.918,1.0,640.077,500.647,1.0,766.289,273.881,1.0,761.589,275.618,1.0,750.627,289.439,1.0,744.62,292.517,1.0,731.842,291.296,1.0,700.883,369.75,1.0,694.336,374.705,1.0,694.984,384.083,1.0,696.548,393.286,1.0,699.714,398.003,1.0,550.371,596.614,1.0,549.941,584.737,1.0,552.803,579.617,1.0,557.593,580.101,1.0,569.005,583.102,1.0,653.874,885.937,1.0,657.977,895.637,1.0,661.965,898.678,1.0,666.473,893.166,1.0,677.655,888.241,1.0
866,661.885,487.646,1.0,660.884,488.192,1.0,652.62,486.52,1.0,642.121,490.918,1.0,639.578,500.647,1.0,766.362,273.856,1.0,761.61,275.49,1.0,750.627,289.247,1.0,744.895,292.517,1.0,732.273,291.296,1.0,703.148,369.75,1.0,694.336,374.701,1.0,694.984,384.083,1.0,696.688,393.633,1.0,699.714,398.997,1.0,550.371,596.976,1.0,549.964,584.944,1.0,552.544,579.828,1.0,557.593,580.101,1.0,569.005,583.24,1.0,653.221,884.814,1.0,658.202,895.637,1.0,661.965,898.594,1.0,666.003,893.051,1.0,677.574,888.119,1.0
867,661.885,491.535,1.0,660.884,484.227,1.0,652.62,486.059,1.0,641.884,490.735,1.0,638.949,500.506,1.0,766.362,273.856,1.0,761.824,275.45,1.0,750.627,288.943,1.0,744.895,292.517,1.0,733.129,291.296,1.0,703.475,369.619,1.0,694.336,374.307,1.0,695.13,384.083,1.0,696.688,393.906,1.0,700.495,400.006,1.0,550.371,596.976,1.0,549.964,584.944,1.0,552.462,579.828,1.0,557.463,580.101,1.0,569.005,583.24,1.0,652.699,884.049,1.0,657.977,895.363,1.0,661.921,898.355,1.0,665.789,893.215,1.0,677.471,888.119,1.0
868,661.885,491.535,1.0,659.122,484.227,1.0,650.138,486.059,1.0,641.414,490.521,1.0,638.949,500.35,1.0,766.289,273.856,1.0,762.384,275.49,1.0,750.627,288.319,1.0,744.895,291.902,1.0,733.467,291.296,1.0,703.475,369.325,1.0,694.336,374.284,1.0,695.13,384.083,1.0,696.548,393.944,1.0,701.186,400.083,1.0,551.235,596.976,1.0,549.964,584.944,1.0,552.194,579.828,1.0,557.463,580.013,1.0,569.175,583.24,1.0,651.878,883.803,1.0,657.495,894.293,1.0,661.289,897.495,1.0,665.213,894.181,1.0,676.834,888.119,1.0
869,661.885,491.535,1.0,658.558,484.227,1.0,650.02,486.059,1.0,639.778,490.385,1.0,638.93,500.159,1.0,766.154,273.856,1.0,763.12,275.49,1.0,752.687,286.996,1.0,739.93,290.565,1.0,733.887,291.98,1.0,703.475,369.097,1.0,694.398,374.182,1.0,695.13,383.682,1.0,696.044,394.037,1.0,701.186,400.006,1.0,551.25,594.882,1.0,549.506,584.507,1.0,552.194,578.529,1.0,557.736,578.957,1.0,569.56,583.396,1.0,650.052,879.827,1.0,657.213,892.044,1.0,659.081,897.08,1.0,664.607,896.529,1.0,675.186,889.18,1.0
870,661.623,486.114,1.0,658.558,485.117,1.0,650.02,488.415,1.0,639.778,489.503,1.0,638.93,500.159,1.0,766.154,273.856,1.0,763.817,275.807,1.0,753.518,286.996,1.0,739.93,290.565,1.0,734.407,292.104,1.0,703.448,369.097,1.0,694.613,374.182,1.0,694.208,383.682,1.0,696.044,394.182,1.0,701.197,400.108,1.0,551.25,594.882,1.0,548.937,584.158,1.0,552.14,578.34,1.0,557.831,578.834,1.0,569.576,583.442,1.0,649.907,879.63,1.0,657.185,891.944,1.0,659.081,897.08,1.0,664.455,897.162,1.0,675.12,889.665,1.0
871,661.623,483.131,1.0,656.181,485.117,1.0,650.02,488.415,1.0,639.778,489.346,1.0,638.661,500.159,1.0,766.154,273.774,1.0,763.817,276.661,1.0,754.277,286.996,1.0,739.93,290.565,1.0,734.407,292.224,1.0,703.203,369.325,1.0,694.613,374.182,1.0,693.73,384.116,1.0,696.044,394.406,1.0,701.266,400.277,1.0,551.25,594.118,1.0,548.881,584.158,1.0,552.067,577.894,1.0,557.951,578.045,1.0,570.037,583.442,1.0,649.619,879.63,1.0,657.185,891.786,1.0,659.081,896.773,1.0,664.455,897.162,1.0,675.12,889.885,1.0
872,650.804,481.674,1.0,653.708,485.117,1.0,650.783,488.415,1.0,642.681,489.206,1.0,638.264,500.158,1.0,766.154,273.992,1.0,763.817,276.661,1.0,754.338,286.996,1.0,740.669,291.501,1.0,734.407,292.224,1.0,702.994,369.327,1.0,694.398,374.305,1.0,693.538,384.569,1.0,696.399,394.654,1.0,703.39,401.272,1.0,549.865,592.191,1.0,548.881,583.087,1.0,551.562,573.783,1.0,558.672,575.304,1.0,570.372,583.442,1.0,649.619,879.827,1.0,657.028,891.64,1.0,659.538,895.791,1.0,664.37,896.529,1.0,675.039,890.051,1.0
873,646.98,481.124,1.0,654.209,482.273,1.0,650.783,484.876,1.0,643.52,488.907,1.0,637.834,500.158,1.0,766.157,273.992,1.0,759.085,277.112,1.0,754.894,286.996,1.0,740.957,291.501,1.0,734.464,292.178,1.0,703.203,369.504,1.0,694.398,374.655,1.0,693.532,384.589,1.0,696.399,394.654,1.0,704.122,401.5,1.0,549.702,591.087,1.0,548.881,583.087,1.0,551.562,573.783,1.0,560.063,575.175,1.0,570.372,583.406,1.0,649.211,879.92,1.0,656.936,891.36,1.0,659.538,895.791,1.0,664.37,896.461,1.0,675.039,891.002,1.0
874,642.684,481.124,1.0,654.209,480.802,1.0,650.783,483.41,1.0,643.606,488.14,1.0,637.834,499.546,1.0,766.368,273.686,1.0,759.085,276.871,1.0,754.944,285.692,1.0,741.341,291.501,1.0,734.835,292.178,1.0,702.994,369.509,1.0,694.713,374.82,1.0,693.532,385.074,1.0,696.399,394.654,1.0,704.122,401.5,1.0,549.25,589.196,1.0,549.375,584.597,1.0,551.562,573.783,1.0,560.741,574.748,1.0,570.372,583.406,1.0,647.715,880.001,1.0,654.949,885.408,1.0,659.538,893.914,1.0,664.322,896.241,1.0,675.039,891.002,1.0
875,641.908,481.124,1.0,650.229,477.579,1.0,650.338,483.359,1.0,643.606,487.549,1.0,637.834,499.265,1.0,767.665,272.781,1.0,759.085,276.871,1.0,755.132,284.469,1.0,742.743,289.425,1.0,736.044,290.539,1.0,702.958,372.151,1.0,694.201,376.738,1.0,693.532,387.151,1.0,694.316,391.325,1.0,704.57,401.733,1.0,549.25,588.646,1.0,549.582,584.96,1.0,552.751,574.0,1.0,560.741,574.748,1.0,569.43,582.532,1.0,645.634,880.736,1.0,654.515,883.936,1.0,659.248,892.095,1.0,662.786,896.241,1.0,674.26,891.002,1.0
876,636.29,479.884,1.0,650.179,477.438,1.0,649.939,483.122,1.0,643.52,487.525,1.0,637.843,499.089,1.0,769.387,272.359,1.0,762.653,276.871,1.0,756.065,282.422,1.0,746.702,286.312,1.0,736.708,290.211,1.0,701.889,372.479,1.0,693.407,376.787,1.0,695.587,387.151,1.0,694.207,391.325,1.0,704.57,402.844,1.0,548.395,588.119,1.0,549.582,584.96,1.0,552.938,574.0,1.0,561.679,574.462,1.0,569.371,582.532,1.0,645.586,880.736,1.0,652.243,882.343,1.0,657.923,889.697,1.0,662.786,896.241,1.0,673.876,892.797,1.0
877,636.29,479.391,1.0,646.064,476.196,1.0,649.144,483.122,1.0,643.309,486.715,1.0,637.843,499.089,1.0,771.851,272.359,1.0,766.117,276.967,1.0,757.288,281.662,1.0,746.761,286.312,1.0,736.743,289.897,1.0,701.5,372.479,1.0,693.407,376.787,1.0,695.587,387.151,1.0,694.009,390.549,1.0,698.046,402.844,1.0,547.178,588.119,1.0,549.375,585.157,1.0,552.938,574.516,1.0,561.679,574.46,1.0,569.371,582.532,1.0,644.982,880.27,1.0,651.848,882.038,1.0,657.462,888.297,1.0,662.786,895.681,1.0,673.759,897.524,1.0
878,635.472,478.278,1.0,644.905,476.196,1.0,648.011,482.515,1.0,642.97,486.303,1.0,637.843,498.351,1.0,773.445,272.658,1.0,767.411,276.967,1.0,757.356,281.387,1.0,746.785,286.312,1.0,737.025,289.82,1.0,701.418,372.843,1.0,695.005,376.787,1.0,695.587,386.838,1.0,694.009,390.549,1.0,691.772,401.198,1.0,544.833,588.119,1.0,548.358,585.157,1.0,552.938,574.516,1.0,560.968,573.467,1.0,569.43,582.661,1.0,644.873,880.194,1.0,650.728,881.883,1.0,657.264,887.891,1.0,662.793,895.502,1.0,672.315,897.524,1.0
879,635.335,477.874,1.0,644.157,476.17,1.0,648.011,482.515,1.0,642.969,486.028,1.0,637.705,497.701,1.0,773.555,272.658,1.0,767.447,276.967,1.0,757.755,281.267,1.0,748.387,286.312,1.0,737.634,289.225,1.0,701.418,372.846,1.0,695.005,375.699,1.0,691.864,384.604,1.0,684.261,387.632,1.0,686.287,394.823,1.0,542.697,593.023,1.0,548.352,586.686,1.0,550.076,574.516,1.0,560.968,572.956,1.0,570.28,582.759,1.0,644.982,880.194,1.0,650.728,881.541,1.0,657.059,887.732,1.0,662.793,895.502,1.0,672.315,897.524,1.0
880,635.335,477.288,1.0,643.723,475.905,1.0,648.011,482.515,1.0,642.752,486.028,1.0,637.475,497.387,1.0,773.557,272.474,1.0,767.447,276.967,1.0,757.914,280.513,1.0,748.557,286.312,1.0,739.134,288.003,1.0,701.5,373.587,1.0,697.426,374.277,1.0,691.469,378.196,1.0,684.261,378.1,1.0,686.287,365.662,1.0,542.392,593.27,1.0,548.229,587.077,1.0,549.772,574.516,1.0,560.968,572.949,1.0,570.383,582.759,1.0,644.873,880.096,1.0,650.653,881.541,1.0,657.059,887.732,1.0,662.793,894.252,1.0,670.079,897.524,1.0
881,635.05,476.225,1.0,642.367,475.862,1.0,650.252,483.272,1.0,642.752,486.028,1.0,636.951,496.318,1.0,773.893,272.474,1.0,767.447,277.014,1.0,758.746,279.689,1.0,748.852,285.074,1.0,740.987,287.021,1.0,701.655,373.938,1.0,697.426,373.37,1.0,691.262,378.036,1.0,684.261,369.832,1.0,682.793,362.135,1.0,542.075,594.053,1.0,548.188,587.175,1.0,549.427,574.908,1.0,560.667,572.912,1.0,570.383,582.74,1.0,644.858,879.362,1.0,650.653,880.882,1.0,657.022,887.595,1.0,662.207,893.694,1.0,668.978,899.326,1.0
882,634.931,470.592,1.0,641.482,475.809,1.0,650.252,483.272,1.0,642.969,486.192,1.0,636.669,496.247,1.0,774.124,272.447,1.0,767.808,277.103,1.0,758.825,279.689,1.0,752.96,284.712,1.0,741.656,286.833,1.0,701.655,373.938,1.0,697.426,372.651,1.0,691.262,377.36,1.0,685.838,369.621,1.0,685.645,361.66,1.0,542.075,594.053,1.0,548.188,587.175,1.0,549.404,574.908,1.0,560.505,572.912,1.0,570.383,582.723,1.0,637.953,874.719,1.0,646.913,877.093,1.0,654.217,887.595,1.0,662.083,891.951,1.0,668.548,900.871,1.0
883,634.931,469.951,1.0,640.394,475.069,1.0,650.252,483.272,1.0,643.105,486.192,1.0,636.32,496.115,1.0,774.124,272.447,1.0,767.948,277.281,1.0,758.825,279.652,1.0,753.248,284.413,1.0,741.944,286.812,1.0,701.655,373.938,1.0,697.373,371.652,1.0,689.565,377.237,1.0,685.923,369.544,1.0,686.287,361.477,1.0,542.075,594.053,1.0,548.157,587.077,1.0,549.427,574.908,1.0,560.505,572.912,1.0,570.494,582.723,1.0,637.431,873.925,1.0,643.957,876.604,1.0,651.257,888.231,1.0,660.374,891.842,1.0,667.139,901.01,1.0
884,634.931,469.916,1.0,640.341,475.018,1.0,650.235,483.057,1.0,643.109,486.192,1.0,636.32,495.655,1.0,774.086,272.359,1.0,767.948,277.281,1.0,758.901,279.506,1.0,753.248,284.256,1.0,743.027,286.812,1.0,701.655,373.926,1.0,697.373,370.973,1.0,689.565,377.237,1.0,689.396,369.544,1.0,688.709,361.477,1.0,543.014,593.262,1.0,548.128,586.683,1.0,549.427,574.078,1.0,560.417,572.847,1.0,570.543,582.723,1.0,637.431,873.816,1.0,643.851,876.207,1.0,651.188,888.391,1.0,660.265,891.672,1.0,666.549,901.01,1.0
885,633.924,469.153,1.0,639.848,474.757,1.0,650.184,482.8,1.0,644.561,486.166,1.0,636.268,495.21,1.0,774.264,272.359,1.0,768.354,277.281,1.0,759.273,279.423,1.0,754.099,284.256,1.0,743.304,286.812,1.0,701.718,372.089,1.0,697.373,370.148,1.0,689.565,377.237,1.0,691.195,369.544,1.0,688.709,361.66,1.0,543.014,592.635,1.0,548.128,586.683,1.0,549.379,574.078,1.0,560.391,572.847,1.0,570.55,582.608,1.0,637.431,873.815,1.0,643.851,875.898,1.0,651.188,888.351,1.0,660.255,891.611,1.0,666.518,901.01,1.0
886,633.406,468.582,1.0,639.402,473.53,1.0,650.044,481.78,1.0,644.61,485.9,1.0,636.268,494.816,1.0,774.309,272.359,1.0,767.948,277.135,1.0,759.273,278.702,1.0,754.159,281.749,1.0,743.435,286.833,1.0,704.031,371.466,1.0,697.59,370.132,1.0,691.749,373.47,1.0,691.58,370.098,1.0,691.914,361.394,1.0,543.014,592.635,1.0,548.048,586.683,1.0,549.379,574.078,1.0,560.391,572.847,1.0,570.55,582.596,1.0,637.431,873.815,1.0,643.714,875.898,1.0,651.139,888.351,1.0,659.765,890.952,1.0,666.317,900.818,1.0
887,633.254,468.091,1.0,639.402,472.493,1.0,650.009,481.622,1.0,644.9,485.9,1.0,636.491,494.777,1.0,776.517,272.474,1.0,767.948,275.182,1.0,759.762,278.128,1.0,754.406,280.225,1.0,743.639,287.623,1.0,704.031,371.466,1.0,697.59,370.132,1.0,691.751,372.778,1.0,691.984,371.35,1.0,692.686,361.394,1.0,543.0,592.635,1.0,548.014,587.085,1.0,549.379,574.369,1.0,560.217,572.895,1.0,570.55,582.51,1.0,637.431,872.54,1.0,643.714,874.797,1.0,651.139,888.351,1.0,659.572,889.476,1.0,665.525,900.5,1.0
888,632.825,467.787,1.0,639.402,472.368,1.0,649.762,481.056,1.0,645.072,485.9,1.0,638.095,494.74,1.0,776.595,272.474,1.0,768.912,272.247,1.0,760.585,275.691,1.0,756.65,279.616,1.0,743.924,288.042,1.0,704.031,371.466,1.0,697.59,370.132,1.0,691.751,372.75,1.0,692.183,371.35,1.0,695.648,362.334,1.0,542.446,593.017,1.0,547.694,587.085,1.0,548.419,574.482,1.0,559.693,572.895,1.0,570.407,582.438,1.0,636.138,869.56,1.0,641.22,874.324,1.0,648.349,884.201,1.0,653.746,885.395,1.0,665.358,895.114,1.0
889,632.792,466.869,1.0,639.464,472.317,1.0,649.681,480.894,1.0,645.243,487.945,1.0,638.095,493.687,1.0,778.949,273.697,1.0,769.242,271.694,1.0,760.94,275.126,1.0,757.24,279.91,1.0,744.033,288.042,1.0,703.729,371.728,1.0,696.293,370.857,1.0,691.749,372.75,1.0,692.76,371.35,1.0,698.053,362.334,1.0,542.266,593.017,1.0,547.611,587.085,1.0,548.419,574.654,1.0,559.397,572.895,1.0,570.376,582.39,1.0,634.757,869.142,1.0,640.57,873.779,1.0,648.349,882.841,1.0,651.334,884.645,1.0,663.58,894.059,1.0
890,631.634,466.036,1.0,640.565,471.262,1.0,643.149,480.384,1.0,646.95,487.945,1.0,638.502,492.831,1.0,779.673,273.697,1.0,769.242,271.424,1.0,760.585,274.785,1.0,757.377,279.91,1.0,744.095,288.042,1.0,702.995,372.446,1.0,695.786,370.903,1.0,690.648,372.75,1.0,692.901,370.984,1.0,698.235,361.904,1.0,541.415,593.017,1.0,545.655,579.301,1.0,548.419,574.753,1.0,558.71,572.898,1.0,570.347,582.086,1.0,633.255,869.142,1.0,640.38,873.592,1.0,648.349,882.834,1.0,650.487,884.645,1.0,663.432,893.716,0.9990000128746033
891,631.634,466.036,1.0,641.091,470.547,1.0,642.383,479.609,1.0,647.036,487.945,1.0,638.943,491.709,1.0,779.776,273.697,1.0,773.694,269.13,1.0,760.777,274.726,1.0,758.377,279.91,1.0,745.029,287.456,1.0,701.892,372.446,1.0,695.309,370.903,1.0,688.289,377.7,1.0,693.215,370.949,1.0,698.34,361.904,1.0,536.682,585.678,1.0,545.425,579.225,1.0,553.775,574.83,1.0,557.869,572.898,1.0,570.055,582.054,1.0,633.255,869.142,1.0,640.38,873.592,1.0,647.781,882.834,1.0,649.999,884.645,1.0,663.197,893.595,1.0
892,631.443,466.036,1.0,641.14,470.502,1.0,641.512,479.609,1.0,647.304,487.08,1.0,639.074,491.704,1.0,780.34,273.294,1.0,774.562,268.641,1.0,761.214,274.726,1.0,758.803,281.095,1.0,751.653,286.685,1.0,700.785,372.826,1.0,695.06,370.903,1.0,688.282,377.948,1.0,693.003,370.92,1.0,698.465,361.713,1.0,536.658,585.678,1.0,545.291,579.225,1.0,553.775,575.065,1.0,557.719,572.895,1.0,570.041,582.054,1.0,633.231,869.142,1.0,640.38,873.382,1.0,647.579,881.872,1.0,649.818,884.702,1.0,662.797,893.716,0.9990000128746033
893,631.443,466.048,1.0,641.091,470.498,1.0,641.507,478.973,1.0,648.151,486.232,1.0,639.074,491.704,1.0,780.497,273.251,1.0,774.723,268.339,1.0,761.074,274.527,1.0,758.956,281.095,1.0,752.806,285.678,1.0,700.785,373.176,1.0,694.904,370.903,1.0,688.214,378.236,1.0,693.003,370.92,1.0,698.34,361.713,1.0,536.658,585.675,1.0,545.046,579.225,1.0,553.775,574.83,1.0,557.719,572.764,1.0,570.012,582.054,1.0,633.179,867.926,0.9350000023841858,640.118,873.382,0.9990000128746033,647.49,881.855,1.0,649.334,885.508,0.9990000128746033,661.887,893.716,0.8550000190734863
894,631.634,466.048,1.0,641.759,470.502,1.0,641.507,478.973,1.0,648.151,485.733,1.0,639.074,491.484,1.0,780.646,273.168,1.0,774.792,268.137,1.0,760.889,274.476,1.0,758.956,281.095,1.0,753.035,285.183,1.0,700.785,373.255,1.0,694.642,370.903,1.0,688.214,378.039,1.0,693.003,370.92,1.0,698.34,359.591,1.0,536.682,585.675,1.0,544.959,579.225,1.0,553.775,574.83,1.0,557.756,572.607,1.0,569.971,582.054,1.0,633.231,867.687,1.0,640.118,873.065,1.0,646.802,881.855,1.0,649.144,888.544,1.0,661.514,893.716,1.0
895,631.406,466.048,1.0,641.759,470.438,1.0,641.386,478.973,1.0,648.151,485.349,1.0,639.108,491.441,1.0,780.646,272.984,1.0,774.792,268.089,1.0,760.889,274.256,1.0,758.873,280.878,1.0,753.035,285.079,1.0,702.008,373.546,1.0,694.642,371.986,1.0,688.214,377.948,1.0,690.623,368.787,1.0,696.316,359.591,1.0,536.865,585.825,1.0,544.881,579.016,1.0,553.775,574.364,1.0,557.833,572.422,1.0,569.796,581.677,1.0,635.613,865.619,1.0,640.507,873.041,1.0,646.794,881.855,1.0,649.144,888.632,1.0,661.329,893.611,1.0
896,631.349,464.548,0.996999979019165,640.413,470.419,0.9990000128746033,641.046,478.973,1.0,646.447,482.884,1.0,639.916,491.441,0.9940000176429749,780.646,272.948,1.0,774.792,268.089,1.0,761.074,274.256,1.0,758.873,280.709,1.0,752.876,285.079,1.0,703.476,374.392,1.0,694.642,372.106,1.0,688.282,377.948,1.0,690.623,368.787,1.0,696.316,360.882,1.0,541.532,594.639,1.0,544.881,578.605,1.0,553.882,574.28,1.0,557.833,572.415,1.0,569.755,581.594,1.0,636.982,864.805,1.0,640.507,872.345,1.0,645.569,881.719,1.0,649.144,888.632,1.0,661.329,893.819,1.0
897,631.349,463.329,1.0,638.837,468.225,1.0,639.463,478.88,1.0,646.447,482.884,1.0,639.965,490.321,1.0,780.646,272.919,1.0,774.792,267.985,1.0,761.074,273.954,1.0,758.956,280.709,1.0,752.876,285.079,1.0,703.701,374.437,1.0,695.359,372.454,1.0,689.944,370.675,1.0,690.623,368.787,1.0,696.316,361.846,1.0,541.673,594.639,1.0,544.919,578.355,1.0,553.882,574.222,1.0,557.833,572.415,1.0,569.698,581.574,1.0,637.636,864.092,1.0,640.768,872.1,1.0,645.569,881.519,1.0,649.349,888.544,1.0,660.959,893.611,1.0
898,631.254,461.588,1.0,638.461,467.935,1.0,637.246,474.661,1.0,645.846,482.719,1.0,640.226,490.2,1.0,780.646,271.926,1.0,774.792,267.619,1.0,762.776,273.652,1.0,759.413,280.281,1.0,753.0,284.972,1.0,703.701,374.437,1.0,695.359,372.561,1.0,689.944,370.675,1.0,690.899,369.383,1.0,696.801,361.846,1.0,542.005,594.639,1.0,544.919,577.606,1.0,553.888,574.0,1.0,557.833,572.414,1.0,569.658,581.477,1.0,637.659,863.927,1.0,640.804,872.022,1.0,645.569,881.034,1.0,649.349,888.492,1.0,660.662,893.333,1.0
899,631.223,461.429,1.0,637.778,467.747,1.0,637.198,473.728,1.0,645.846,481.695,1.0,640.226,490.2,1.0,780.401,270.517,1.0,774.64,267.133,1.0,762.776,273.584,1.0,759.413,280.162,1.0,752.876,284.972,1.0,703.701,374.392,1.0,695.359,372.454,1.0,689.944,370.57,1.0,690.899,369.383,1.0,696.801,361.846,1.0,542.005,594.595,1.0,544.919,577.296,1.0,553.882,573.819,1.0,557.833,572.319,1.0,569.613,580.905,1.0,637.659,863.451,1.0,640.804,871.745,1.0,645.559,880.828,1.0,649.349,888.202,1.0,660.584,893.204,1.0
900,631.223,460.728,1.0,637.27,467.71,1.0,636.516,471.405,1.0,645.846,478.067,1.0,639.965,489.577,1.0,779.741,263.162,1.0,772.222,263.376,1.0,762.776,268.956,1.0,759.413,276.709,1.0,751.703,281.989,1.0,703.617,374.392,1.0,694.439,372.454,1.0,689.51,370.463,1.0,690.899,369.383,1.0,696.801,361.846,1.0,542.005,593.517,1.0,544.919,577.118,1.0,553.719,573.662,1.0,557.403,572.319,1.0,569.362,580.475,1.0,637.636,863.296,1.0,640.804,871.653,1.0,645.282,880.603,1.0,649.307,887.496,1.0,660.309,893.204,1.0
