scorer,DLC_dlcrnetms5_basler-larval-tracking-metforminMay6shuffle1_200000,DLC_dlcrnetms5_basler-larval-tracking-metforminMay6shuffle1_200000,DLC_dlcrnetms5_basler-larval-tracking-metforminMay6shuffle1_200000,DLC_dlcrnetms5_basler-larval-tracking-metforminMay6shuffle1_200000,DLC_dlcrnetms5_basler-larval-tracking-metforminMay6shuffle1_200000,DLC_dlcrnetms5_basler-larval-tracking-metforminMay6shuffle1_200000,DLC_dlcrnetms5_basler-larval-tracking-metforminMay6shuffle1_200000,DLC_dlcrnetms5_basler-larval-tracking-metforminMay6shuffle1_200000,DLC_dlcrnetms5_basler-larval-tracking-metforminMay6shuffle1_200000,DLC_dlcrnetms5_basler-larval-tracking-metforminMay6shuffle1_200000,DLC_dlcrnetms5_basler-larval-tracking-metforminMay6shuffle1_200000,DLC_dlcrnetms5_basler-larval-tracking-metforminMay6shuffle1_200000,DLC_dlcrnetms5_basler-larval-tracking-metforminMay6shuffle1_200000,DLC_dlcrnetms5_basler-larval-tracking-metforminMay6shuffle1_200000,DLC_dlcrnetms5_basler-larval-tracking-metforminMay6shuffle1_200000,DLC_dlcrnetms5_basler-larval-tracking-metforminMay6shuffle1_200000,DLC_dlcrnetms5_basler-larval-tracking-metforminMay6shuffle1_200000,DLC_dlcrnetms5_basler-larval-tracking-metforminMay6shuffle1_200000,DLC_dlcrnetms5_basler-larval-tracking-metforminMay6shuffle1_200000,DLC_dlcrnetms5_basler-larval-tracking-metforminMay6shuffle1_200000,DLC_dlcrnetms5_basler-larval-tracking-metforminMay6shuffle1_200000,DLC_dlcrnetms5_basler-larval-tracking-metforminMay6shuffle1_200000,DLC_dlcrnetms5_basler-larval-tracking-metforminMay6shuffle1_200000,DLC_dlcrnetms5_basler-larval-tracking-metforminMay6shuffle1_200000,DLC_dlcrnetms5_basler-larval-tracking-metforminMay6shuffle1_200000,DLC_dlcrnetms5_basler-larval-tracking-metforminMay6shuffle1_200000,DLC_dlcrnetms5_basler-larval-tracking-metforminMay6shuffle1_200000,DLC_dlcrnetms5_basler-larval-tracking-metforminMay6shuffle1_200000,DLC_dlcrnetms5_basler-larval-tracking-metforminMay6shuffle1_200000,DLC_dlcrnetms5_basler-larval-tracking-metforminMay6shuffle1_200000,DLC_dlcrnetms5_basler-larval-tracking-metforminMay6shuffle1_200000,DLC_dlcrnetms5_basler-larval-tracking-metforminMay6shuffle1_200000,DLC_dlcrnetms5_basler-larval-tracking-metforminMay6shuffle1_200000,DLC_dlcrnetms5_basler-larval-tracking-metforminMay6shuffle1_200000,DLC_dlcrnetms5_basler-larval-tracking-metforminMay6shuffle1_200000,DLC_dlcrnetms5_basler-larval-tracking-metforminMay6shuffle1_200000,DLC_dlcrnetms5_basler-larval-tracking-metforminMay6shuffle1_200000,DLC_dlcrnetms5_basler-larval-tracking-metforminMay6shuffle1_200000,DLC_dlcrnetms5_basler-larval-tracking-metforminMay6shuffle1_200000,DLC_dlcrnetms5_basler-larval-tracking-metforminMay6shuffle1_200000,DLC_dlcrnetms5_basler-larval-tracking-metforminMay6shuffle1_200000,DLC_dlcrnetms5_basler-larval-tracking-metforminMay6shuffle1_200000,DLC_dlcrnetms5_basler-larval-tracking-metforminMay6shuffle1_200000,DLC_dlcrnetms5_basler-larval-tracking-metforminMay6shuffle1_200000,DLC_dlcrnetms5_basler-larval-tracking-metforminMay6shuffle1_200000,DLC_dlcrnetms5_basler-larval-tracking-metforminMay6shuffle1_200000,DLC_dlcrnetms5_basler-larval-tracking-metforminMay6shuffle1_200000,DLC_dlcrnetms5_basler-larval-tracking-metforminMay6shuffle1_200000,DLC_dlcrnetms5_basler-larval-tracking-metforminMay6shuffle1_200000,DLC_dlcrnetms5_basler-larval-tracking-metforminMay6shuffle1_200000,DLC_dlcrnetms5_basler-larval-tracking-metforminMay6shuffle1_200000,DLC_dlcrnetms5_basler-larval-tracking-metforminMay6shuffle1_200000,DLC_dlcrnetms5_basler-larval-tracking-metforminMay6shuffle1_200000,DLC_dlcrnetms5_basler-larval-tracking-metforminMay6shuffle1_200000,DLC_dlcrnetms5_basler-larval-tracking-metforminMay6shuffle1_200000,DLC_dlcrnetms5_basler-larval-tracking-metforminMay6shuffle1_200000,DLC_dlcrnetms5_basler-larval-tracking-metforminMay6shuffle1_200000,DLC_dlcrnetms5_basler-larval-tracking-metforminMay6shuffle1_200000,DLC_dlcrnetms5_basler-larval-tracking-metforminMay6shuffle1_200000,DLC_dlcrnetms5_basler-larval-tracking-metforminMay6shuffle1_200000,DLC_dlcrnetms5_basler-larval-tracking-metforminMay6shuffle1_200000,DLC_dlcrnetms5_basler-larval-tracking-metforminMay6shuffle1_200000,DLC_dlcrnetms5_basler-larval-tracking-metforminMay6shuffle1_200000,DLC_dlcrnetms5_basler-larval-tracking-metforminMay6shuffle1_200000,DLC_dlcrnetms5_basler-larval-tracking-metforminMay6shuffle1_200000,DLC_dlcrnetms5_basler-larval-tracking-metforminMay6shuffle1_200000,DLC_dlcrnetms5_basler-larval-tracking-metforminMay6shuffle1_200000,DLC_dlcrnetms5_basler-larval-tracking-metforminMay6shuffle1_200000,DLC_dlcrnetms5_basler-larval-tracking-metforminMay6shuffle1_200000,DLC_dlcrnetms5_basler-larval-tracking-metforminMay6shuffle1_200000,DLC_dlcrnetms5_basler-larval-tracking-metforminMay6shuffle1_200000,DLC_dlcrnetms5_basler-larval-tracking-metforminMay6shuffle1_200000,DLC_dlcrnetms5_basler-larval-tracking-metforminMay6shuffle1_200000,DLC_dlcrnetms5_basler-larval-tracking-metforminMay6shuffle1_200000,DLC_dlcrnetms5_basler-larval-tracking-metforminMay6shuffle1_200000
individuals,larva1,larva1,larva1,larva1,larva1,larva1,larva1,larva1,larva1,larva1,larva1,larva1,larva1,larva1,larva1,larva2,larva2,larva2,larva2,larva2,larva2,larva2,larva2,larva2,larva2,larva2,larva2,larva2,larva2,larva2,larva3,larva3,larva3,larva3,larva3,larva3,larva3,larva3,larva3,larva3,larva3,larva3,larva3,larva3,larva3,larva4,larva4,larva4,larva4,larva4,larva4,larva4,larva4,larva4,larva4,larva4,larva4,larva4,larva4,larva4,larva5,larva5,larva5,larva5,larva5,larva5,larva5,larva5,larva5,larva5,larva5,larva5,larva5,larva5,larva5
bodyparts,mouth,mouth,mouth,midfront,midfront,midfront,mid,mid,mid,midrear,midrear,midrear,rear,rear,rear,mouth,mouth,mouth,midfront,midfront,midfront,mid,mid,mid,midrear,midrear,midrear,rear,rear,rear,mouth,mouth,mouth,midfront,midfront,midfront,mid,mid,mid,midrear,midrear,midrear,rear,rear,rear,mouth,mouth,mouth,midfront,midfront,midfront,mid,mid,mid,midrear,midrear,midrear,rear,rear,rear,mouth,mouth,mouth,midfront,midfront,midfront,mid,mid,mid,midrear,midrear,midrear,rear,rear,rear
coords,x,y,likelihood,x,y,likelihood,x,y,likelihood,x,y,likelihood,x,y,likelihood,x,y,likelihood,x,y,likelihood,x,y,likelihood,x,y,likelihood,x,y,likelihood,x,y,likelihood,x,y,likelihood,x,y,likelihood,x,y,likelihood,x,y,likelihood,x,y,likelihood,x,y,likelihood,x,y,likelihood,x,y,likelihood,x,y,likelihood,x,y,likelihood,x,y,likelihood,x,y,likelihood,x,y,likelihood,x,y,likelihood
0,619.488,416.956,1.0,625.099,424.023,1.0,619.432,430.582,1.0,619.985,437.013,1.0,662.14,443.953,1.0,,,,,,,,,,,,,,,,,,,,,,,,,,,,,,,,,,,,,,,,,,,,,,,,,,,,,,,,,,,,
1,619.667,416.956,1.0,625.099,424.023,1.0,619.733,430.582,1.0,620.19,437.013,1.0,662.333,444.301,1.0,,,,,,,,,,,,,,,,,,,,,,,,,,,,,,,,,,,,,,,,,,,,,,,,,,,,,,,,,,,,
2,619.734,416.956,1.0,625.099,424.023,1.0,620.57,430.834,1.0,620.432,437.013,1.0,662.333,444.553,1.0,,,,,,,,,,,,,,,,,,,,,,,,,,,,,,,,,,,,,,,,,,,,,,,,,,,,,,,,,,,,
3,619.667,416.933,1.0,625.099,423.668,1.0,620.982,430.582,1.0,620.576,436.022,1.0,662.14,444.804,1.0,,,,,,,,,,,,,,,,,,,,,,,,,,,,,,,,,,,,,,,,,,,,,,,,,,,,,,,,,,,,
4,619.616,416.792,1.0,625.293,423.517,1.0,623.632,430.293,1.0,620.576,436.022,1.0,660.103,449.197,1.0,649.376,484.298,1.0,658.714,494.679,1.0,660.579,481.049,1.0,,,0.0,,,0.0,,,,,,,,,,,,,,,,,,,,,,,,,,,,,,,,,,,,,,,,,,,,,
5,619.667,416.696,1.0,624.831,423.395,1.0,620.982,429.368,1.0,620.576,435.991,1.0,659.565,449.197,1.0,649.376,482.995,1.0,657.953,494.371,1.0,660.579,481.049,1.0,662.913,474.125,1.0,,,0.0,,,,,,,,,,,,,,,,,,,,,,,,,,,,,,,,,,,,,,,,,,,,,
6,619.734,416.202,1.0,624.831,422.532,1.0,620.982,429.141,1.0,619.934,435.991,1.0,659.054,449.197,1.0,649.376,482.27,1.0,656.969,492.388,1.0,660.579,481.049,1.0,662.913,474.125,1.0,,,0.0,,,,,,,,,,,,,,,,,,,,,,,,,,,,,,,,,,,,,,,,,,,,,
7,620.669,405.452,1.0,621.721,413.13,1.0,620.982,424.148,1.0,619.934,430.571,1.0,618.436,442.268,1.0,655.353,445.54,1.0,656.266,482.594,1.0,660.624,482.316,1.0,662.865,474.125,1.0,670.579,470.046,1.0,700.457,415.271,1.0,693.96,419.467,1.0,680.313,430.124,1.0,,,0.0,,,0.0,,,,,,,,,,,,,,,,,,,,,,,,,,,,,,
8,620.669,404.688,1.0,621.721,412.914,1.0,621.266,424.126,1.0,619.934,430.493,1.0,618.436,442.11,1.0,655.353,445.54,1.0,656.008,482.594,1.0,660.857,482.43,1.0,662.865,474.125,1.0,670.206,469.924,1.0,700.324,415.271,1.0,693.166,419.467,1.0,680.313,428.979,1.0,,,0.0,,,0.0,,,,,,,,,,,,,,,,,,,,,,,,,,,,,,
9,620.669,404.621,1.0,621.721,412.45,1.0,621.123,423.381,1.0,616.0,428.209,1.0,618.436,441.485,1.0,655.353,445.54,1.0,655.617,482.594,1.0,660.857,482.508,1.0,662.865,474.125,1.0,669.786,469.685,1.0,699.779,415.149,1.0,693.092,419.378,1.0,680.313,428.619,1.0,,,0.0,,,0.0,,,,,,,,,,,,,,,,,,,,,,,,,,,,,,
10,620.769,404.33,1.0,622.104,412.23,1.0,621.123,423.328,1.0,616.0,427.262,1.0,618.436,440.782,1.0,648.464,486.609,1.0,655.617,482.961,1.0,660.892,483.097,1.0,,476.688,0.0,,,0.0,700.315,414.994,1.0,688.885,419.378,1.0,680.341,428.575,1.0,662.671,476.628,1.0,661.439,443.619,1.0,,,,,,,,,,,,,,,,,,,,,,,,,,,,,,
11,620.652,403.972,1.0,622.104,411.803,1.0,621.123,422.628,1.0,615.783,425.041,1.0,618.436,440.02,1.0,648.464,486.609,1.0,655.617,482.961,1.0,660.979,483.315,1.0,,,0.0,,,0.0,700.315,414.829,1.0,688.885,419.467,1.0,681.429,428.442,1.0,664.217,476.583,1.0,661.319,,1.0,,,,,,,,,,,,,,,,,,,,,,,,,,,,,,
12,620.486,403.103,1.0,622.104,410.836,1.0,620.804,421.813,1.0,615.573,425.041,1.0,618.301,439.963,1.0,648.464,486.609,1.0,657.181,482.961,1.0,660.979,483.32,1.0,662.023,476.688,1.0,660.029,443.703,1.0,700.315,414.829,1.0,688.885,419.335,1.0,681.882,428.323,1.0,663.886,,0.0,,443.234,0.0,,,,,,,,,,,,,,,,,,,,,,,,,,,,,,
13,620.323,401.194,1.0,622.422,409.457,1.0,620.019,419.782,1.0,615.573,424.512,1.0,617.34,438.274,1.0,650.78,487.14,1.0,657.181,482.961,1.0,660.979,483.32,1.0,,,0.0,,,0.0,700.339,414.711,1.0,689.162,419.335,1.0,682.14,427.872,1.0,664.217,461.365,1.0,659.94,443.234,1.0,,,,,,,,,,,,,,,,,,,,,,,,,,,,,,
14,619.447,401.194,1.0,622.724,407.87,1.0,620.019,418.138,1.0,615.341,423.677,1.0,617.222,437.063,1.0,650.78,487.14,1.0,658.373,495.005,1.0,660.979,483.225,1.0,,,0.0,,,0.0,700.691,414.663,1.0,690.517,419.476,1.0,683.094,427.477,1.0,663.886,461.365,1.0,659.445,442.966,1.0,,,,,,,,,,,,,,,,,,,,,,,,,,,,,,
15,618.474,400.397,1.0,621.941,407.25,1.0,618.94,413.745,1.0,615.177,422.181,1.0,617.222,431.108,1.0,650.78,487.605,1.0,664.368,451.841,1.0,660.76,483.225,1.0,,,0.0,,,0.0,702.458,414.663,1.0,692.753,419.879,1.0,683.665,427.085,1.0,663.886,460.925,1.0,659.94,443.234,1.0,,,,,,,,,,,,,,,,,,,,,,,,,,,,,,
16,618.474,398.619,1.0,621.941,405.519,1.0,618.229,412.071,1.0,615.164,421.999,1.0,617.34,430.157,1.0,650.628,488.235,1.0,658.373,482.942,1.0,660.742,482.317,1.0,,,0.0,670.193,,1.0,703.184,409.955,1.0,702.536,419.879,1.0,684.981,425.04,1.0,663.886,460.245,1.0,669.273,442.966,0.0,,,,,,,,,,,,,,,,,,,,,,,,,,,,,,
17,618.474,391.512,1.0,621.196,396.667,1.0,615.012,407.335,1.0,613.597,414.119,1.0,625.025,425.246,1.0,650.628,488.235,1.0,657.59,482.942,1.0,660.742,481.469,1.0,660.296,474.118,1.0,,471.203,0.0,706.391,409.955,1.0,703.918,419.879,1.0,689.64,421.787,1.0,678.323,427.372,1.0,680.678,473.667,1.0,,,,,,,,,,,,,,,,,,,,,,,,,,,,,,
18,618.841,383.801,1.0,619.184,392.496,1.0,614.13,404.923,1.0,613.597,410.852,1.0,625.025,422.372,1.0,650.628,488.235,1.0,657.732,482.64,1.0,660.76,480.759,1.0,659.785,471.138,1.0,666.314,471.203,1.0,711.484,409.955,1.0,704.458,418.708,1.0,691.949,418.85,1.0,681.987,421.709,1.0,679.989,429.517,1.0,,,,,,,,,,,,,,,,,,,,,,,,,,,,,,
19,618.841,383.801,1.0,617.189,391.112,1.0,614.13,401.088,1.0,613.202,410.31,1.0,625.025,417.869,1.0,669.24,430.04,1.0,657.732,482.596,1.0,661.095,480.759,1.0,658.97,471.138,1.0,666.243,469.784,1.0,716.885,416.777,1.0,704.969,417.029,1.0,695.518,415.93,1.0,682.251,419.87,1.0,679.989,427.186,1.0,,,,,,,,,,,,,,,,,,,,,,,,,,,,,,
20,618.841,383.801,1.0,616.246,390.181,1.0,614.13,398.818,1.0,613.187,408.206,1.0,623.436,416.157,1.0,669.24,430.04,1.0,657.732,482.64,1.0,661.095,480.759,1.0,658.609,471.138,1.0,665.876,469.708,1.0,717.055,416.777,1.0,705.141,416.546,1.0,695.678,415.93,1.0,682.251,419.308,1.0,680.45,427.125,1.0,,,,,,,,,,,,,,,,,,,,,,,,,,,,,,
21,616.39,382.016,1.0,615.906,389.689,1.0,615.117,398.536,1.0,612.544,405.616,1.0,623.187,410.302,1.0,669.24,430.04,1.0,657.905,482.64,1.0,661.106,481.151,1.0,658.278,470.616,1.0,665.001,469.693,1.0,717.147,416.777,1.0,705.141,416.537,1.0,696.158,415.792,1.0,682.53,419.308,1.0,680.678,427.125,1.0,,,,,,,,,,,,,,,,,,,,,,,,,,,,,,
22,615.015,382.016,1.0,615.819,388.956,1.0,616.698,396.927,1.0,612.544,405.193,1.0,623.04,410.032,1.0,652.433,495.752,1.0,658.053,482.805,1.0,661.109,481.168,1.0,658.04,470.616,1.0,664.84,469.681,1.0,717.358,416.546,1.0,705.621,416.157,1.0,696.158,415.657,1.0,682.764,419.308,1.0,680.892,427.125,1.0,,,,,,,,,,,,,,,,,,,,,,,,,,,,,,
23,613.864,382.016,1.0,614.881,387.524,1.0,616.71,395.157,1.0,612.544,403.265,1.0,622.993,410.032,1.0,652.433,496.854,1.0,658.908,483.238,1.0,661.202,481.199,1.0,,,0.0,664.84,469.112,1.0,717.757,416.47,1.0,705.937,415.35,1.0,696.158,415.097,1.0,683.046,419.507,1.0,681.064,427.125,1.0,670.041,436.575,1.0,668.413,438.506,1.0,665.872,445.053,1.0,662.197,460.11,1.0,,,0.0,,,,,,,,,,,,,,,
24,613.422,381.075,1.0,614.867,387.316,1.0,616.71,394.634,1.0,612.447,402.368,1.0,623.04,410.009,1.0,652.433,496.854,1.0,658.948,483.582,1.0,661.384,481.766,1.0,,,0.0,664.84,468.585,1.0,717.769,415.842,1.0,706.575,415.151,1.0,696.369,414.781,1.0,683.27,419.723,1.0,681.454,427.125,1.0,669.74,436.399,1.0,668.065,438.506,1.0,665.229,444.288,1.0,661.57,459.954,1.0,,,0.0,,,,,,,,,,,,,,,
25,613.422,381.073,1.0,614.559,387.216,1.0,616.698,394.511,1.0,612.447,402.145,1.0,622.993,410.009,1.0,653.824,496.854,1.0,660.443,483.813,1.0,662.488,484.342,1.0,,,0.0,665.889,467.981,1.0,719.659,415.779,1.0,712.439,412.245,1.0,696.369,414.781,1.0,691.67,420.019,1.0,683.305,426.925,1.0,669.74,435.717,1.0,667.23,438.506,1.0,665.229,444.218,1.0,661.325,458.756,1.0,,,0.0,,,,,,,,,,,,,,,
26,613.377,380.887,1.0,614.514,387.191,1.0,616.152,394.358,1.0,612.159,401.85,1.0,622.591,410.032,1.0,655.339,496.48,1.0,660.798,484.008,1.0,662.608,485.057,1.0,,,0.0,667.019,467.939,1.0,719.709,414.5,1.0,713.746,411.271,1.0,696.369,414.408,1.0,693.227,420.185,1.0,684.54,426.469,1.0,669.74,434.843,1.0,668.065,442.739,1.0,665.202,443.984,1.0,661.158,458.216,1.0,,,0.0,,,,,,,,,,,,,,,
27,613.377,380.877,1.0,614.514,386.941,1.0,616.152,392.719,1.0,611.905,400.196,1.0,622.675,409.93,1.0,656.106,496.48,1.0,660.902,484.05,1.0,662.851,485.057,1.0,662.364,470.711,1.0,667.019,467.863,1.0,721.552,411.999,1.0,713.994,409.053,1.0,698.116,413.685,1.0,694.893,420.704,1.0,685.689,424.877,1.0,669.786,434.84,1.0,668.413,442.739,1.0,665.123,443.751,1.0,663.443,,0.0,,,0.0,,,,,,,,,,,,,,,
28,613.377,379.596,1.0,614.306,385.602,1.0,616.152,390.273,1.0,611.162,397.521,1.0,622.248,409.461,1.0,656.106,496.024,1.0,660.902,484.05,1.0,662.851,485.057,1.0,657.175,456.09,1.0,667.019,466.892,1.0,722.471,407.193,1.0,714.745,408.205,1.0,703.899,411.995,1.0,696.431,420.877,1.0,686.896,424.537,1.0,670.698,434.373,1.0,669.184,442.739,1.0,664.992,443.751,1.0,,,0.0,,,0.0,,,,,,,,,,,,,,,
29,610.71,365.624,1.0,611.724,378.054,1.0,615.825,387.426,1.0,611.162,392.762,1.0,621.304,404.272,1.0,656.106,495.435,1.0,660.902,484.05,1.0,662.851,478.675,1.0,,,0.0,,,0.0,724.123,401.527,1.0,716.519,407.257,1.0,709.17,411.995,1.0,696.72,420.877,1.0,687.994,423.26,1.0,671.881,427.798,1.0,669.728,430.879,1.0,664.649,443.751,1.0,663.937,452.89,1.0,670.931,459.592,1.0,,,,,,,,,,,,,,,
30,610.18,364.871,1.0,609.362,373.467,1.0,615.779,384.354,1.0,611.162,389.464,1.0,619.612,401.901,1.0,,,,,,,,,,,,,,,,726.527,401.352,1.0,717.997,406.012,1.0,709.797,411.449,1.0,698.705,420.704,1.0,688.74,423.26,1.0,673.495,421.629,1.0,672.055,429.653,1.0,664.649,442.095,1.0,663.937,443.986,1.0,669.629,459.573,1.0,,,,,,,,,,,,,,,
31,610.082,360.803,1.0,608.547,373.45,1.0,613.401,377.819,1.0,612.077,384.102,1.0,617.88,396.273,1.0,,,,,,,,,,,,,,,,733.786,400.039,1.0,723.253,405.371,1.0,719.176,411.026,1.0,709.305,415.147,1.0,702.016,421.579,1.0,674.895,419.783,1.0,672.689,422.294,1.0,664.649,442.095,1.0,663.937,438.175,1.0,668.981,458.907,1.0,,,,,,,,,,,,,,,
32,608.869,356.955,1.0,608.547,360.861,1.0,610.957,372.754,1.0,612.077,378.478,1.0,615.635,394.14,1.0,,,,,,,,,,,,,,,,735.394,397.537,1.0,725.602,404.812,1.0,719.232,410.602,1.0,710.877,413.598,1.0,703.652,421.579,1.0,677.803,415.096,1.0,672.689,419.783,1.0,669.58,430.017,1.0,664.358,434.463,1.0,,,0.0,,,,,,,,,,,,,,,
33,607.847,352.757,1.0,608.547,360.741,1.0,610.32,371.551,1.0,612.077,377.728,1.0,610.609,387.453,1.0,682.09,489.502,1.0,673.238,484.567,1.0,663.291,486.885,1.0,666.669,477.456,1.0,670.259,468.177,1.0,744.386,396.366,1.0,735.858,400.267,1.0,727.12,406.052,1.0,713.665,410.179,1.0,704.057,416.811,1.0,678.202,414.321,1.0,673.863,419.455,1.0,671.766,428.805,1.0,665.306,432.974,1.0,,,0.0,,,,,,,,,,,,,,,
34,605.977,352.531,1.0,607.089,360.124,1.0,608.0,367.133,1.0,609.481,377.406,1.0,610.223,381.555,1.0,682.09,489.37,1.0,673.238,483.587,1.0,663.291,486.885,1.0,658.906,476.994,1.0,670.161,471.342,1.0,745.361,395.687,1.0,737.598,394.751,1.0,727.271,404.149,1.0,715.919,408.918,1.0,706.002,413.956,1.0,683.545,406.746,1.0,681.505,407.655,1.0,675.597,422.916,1.0,672.279,428.265,1.0,,,0.0,,,,,,,,,,,,,,,
35,604.756,352.245,1.0,605.885,358.471,1.0,607.011,364.243,1.0,608.93,372.342,1.0,608.959,378.002,1.0,682.09,489.248,1.0,673.238,483.129,1.0,663.291,486.885,1.0,658.628,476.994,1.0,,471.342,0.0,745.503,385.18,1.0,742.708,394.683,1.0,730.895,401.757,1.0,725.986,405.853,1.0,718.484,412.533,1.0,683.762,406.739,1.0,682.09,406.198,1.0,675.99,422.508,1.0,673.48,427.335,1.0,670.151,469.926,1.0,,,,,,,,,,,,,,,
36,602.798,346.529,1.0,605.885,349.521,1.0,606.72,360.62,1.0,608.879,364.846,1.0,607.843,375.537,1.0,683.062,488.031,1.0,674.901,483.129,1.0,663.829,487.519,1.0,658.628,477.456,1.0,670.147,474.189,1.0,746.99,384.4,1.0,743.556,394.286,1.0,735.809,401.333,1.0,726.118,405.746,1.0,719.023,412.179,1.0,683.762,405.577,1.0,682.514,406.198,1.0,677.079,421.281,1.0,673.48,426.362,1.0,,,0.0,,,,,,,,,,,,,,,
37,601.951,341.373,1.0,605.885,347.777,1.0,606.689,357.417,1.0,608.78,361.71,1.0,607.498,373.732,1.0,685.636,486.944,1.0,676.938,483.587,1.0,664.749,488.26,1.0,658.797,477.654,1.0,669.47,473.752,1.0,746.99,383.55,1.0,744.909,393.581,1.0,736.069,397.975,1.0,729.009,405.461,1.0,721.085,410.439,1.0,683.545,403.508,1.0,682.924,406.007,1.0,677.081,418.253,1.0,673.48,425.396,1.0,,,0.0,,,,,,,,,,,,,,,
38,601.125,341.013,1.0,605.383,347.739,1.0,606.689,357.092,1.0,608.158,361.378,1.0,606.798,373.526,1.0,686.208,486.944,1.0,677.062,483.603,1.0,665.076,488.26,1.0,658.797,477.654,1.0,669.293,473.638,1.0,746.99,383.409,1.0,745.894,393.581,1.0,736.152,396.568,1.0,729.468,403.084,1.0,721.375,409.867,1.0,683.36,399.025,1.0,682.944,405.074,1.0,677.081,416.867,1.0,674.084,424.382,1.0,672.663,432.07,1.0,,,,,,,,,,,,,,,
39,599.731,340.998,1.0,605.383,347.386,1.0,606.657,356.606,1.0,607.571,360.205,1.0,605.958,372.785,1.0,686.687,486.944,1.0,677.594,483.603,1.0,665.999,488.26,1.0,658.797,477.698,1.0,669.349,473.638,1.0,755.166,377.536,1.0,749.722,384.588,1.0,743.188,393.12,1.0,729.842,395.299,1.0,723.429,404.833,1.0,682.925,396.933,1.0,682.944,405.071,1.0,678.207,413.686,1.0,674.319,421.134,1.0,672.663,428.372,1.0,,,,,,,,,,,,,,,
40,599.731,338.295,1.0,605.383,345.88,1.0,605.665,352.918,1.0,607.085,360.205,1.0,605.952,370.9,1.0,686.741,487.41,1.0,678.254,483.75,1.0,667.109,488.161,1.0,658.976,477.698,1.0,669.204,473.478,1.0,756.723,376.533,1.0,750.863,379.234,1.0,743.188,390.711,1.0,731.926,394.593,1.0,725.451,403.684,1.0,682.925,396.93,1.0,682.944,405.071,1.0,678.207,413.571,1.0,674.319,419.88,1.0,672.663,427.697,1.0,,,,,,,,,,,,,,,
41,599.731,336.585,1.0,605.627,345.88,1.0,605.16,351.54,1.0,606.846,357.068,1.0,605.952,368.312,1.0,686.776,487.481,1.0,678.531,484.581,1.0,668.171,488.161,1.0,659.111,478.247,1.0,669.145,473.478,1.0,758.053,376.141,1.0,751.705,378.125,1.0,746.2,389.848,1.0,733.352,393.806,1.0,728.684,403.636,1.0,682.925,396.789,1.0,683.399,404.915,1.0,677.081,411.405,1.0,676.403,415.95,1.0,672.825,426.781,1.0,,,,,,,,,,,,,,,
42,603.672,336.388,1.0,605.627,345.394,1.0,604.876,351.54,1.0,605.357,355.332,1.0,605.899,368.235,1.0,687.235,487.869,1.0,679.025,486.836,1.0,669.272,488.161,1.0,659.527,480.687,1.0,667.433,473.478,1.0,761.4,374.105,1.0,752.904,377.035,1.0,746.589,386.087,1.0,741.078,392.615,1.0,732.75,402.374,1.0,687.484,392.33,1.0,683.635,394.769,1.0,676.905,407.088,1.0,680.365,413.185,1.0,672.825,426.087,1.0,,,,,,,,,,,,,,,
43,604.272,336.388,1.0,605.905,345.394,1.0,604.522,351.094,1.0,605.357,355.332,1.0,605.952,368.235,1.0,689.188,491.564,1.0,682.78,487.242,1.0,671.364,488.161,1.0,660.343,483.426,1.0,667.173,476.056,1.0,765.565,368.146,1.0,757.258,376.672,1.0,749.023,384.321,1.0,741.405,391.382,1.0,736.407,394.889,1.0,687.776,386.017,1.0,685.554,393.052,1.0,673.928,403.632,1.0,681.533,413.079,1.0,672.825,421.561,1.0,,,,,,,,,,,,,,,
44,611.626,336.585,1.0,605.848,345.394,1.0,603.891,351.094,1.0,606.49,360.838,1.0,606.029,367.844,1.0,690.083,491.708,1.0,684.114,487.242,1.0,673.206,488.161,1.0,661.823,483.426,1.0,665.672,476.056,1.0,766.487,367.774,1.0,757.271,376.144,1.0,749.279,384.096,1.0,743.682,389.925,1.0,736.606,394.889,1.0,687.962,385.797,1.0,686.186,392.447,1.0,673.928,403.528,1.0,681.533,412.621,1.0,672.825,421.436,1.0,,,,,,,,,,,,,,,
45,616.463,336.585,1.0,607.63,342.806,1.0,603.891,348.944,1.0,605.142,358.841,1.0,606.658,367.549,1.0,692.63,491.958,1.0,684.838,486.836,1.0,676.442,487.941,1.0,663.604,483.426,1.0,664.742,476.056,1.0,767.166,367.705,1.0,758.413,375.65,1.0,750.288,382.321,1.0,744.115,389.925,1.0,739.016,394.048,1.0,687.962,384.613,1.0,686.186,391.245,1.0,673.928,401.756,1.0,681.533,411.82,1.0,672.825,421.161,1.0,,,,,,,,,,,,,,,
46,618.915,338.216,1.0,607.959,342.304,1.0,603.891,348.755,1.0,605.142,358.841,1.0,606.658,367.338,1.0,692.855,491.958,1.0,686.149,481.83,1.0,676.553,487.592,1.0,664.021,483.122,1.0,664.65,474.648,1.0,769.738,366.94,1.0,761.091,372.775,1.0,753.707,376.796,1.0,746.679,385.457,1.0,742.852,393.608,1.0,687.962,381.845,1.0,685.554,388.931,1.0,674.977,399.512,1.0,680.537,408.074,1.0,675.719,417.349,1.0,,,,,,,,,,,,,,,
47,619.125,338.551,1.0,608.674,341.362,1.0,605.48,346.719,1.0,605.012,358.841,1.0,606.658,365.13,1.0,692.855,492.114,1.0,686.538,481.655,1.0,677.442,487.113,1.0,664.021,482.685,1.0,664.65,474.648,1.0,773.402,360.673,1.0,766.191,368.869,1.0,759.947,376.454,1.0,748.018,379.634,1.0,743.387,391.889,1.0,692.905,380.688,1.0,687.085,386.813,1.0,684.57,395.207,1.0,677.793,403.453,1.0,676.776,411.15,1.0,,,,,,,,,,,,,,,
48,619.125,338.216,1.0,607.959,341.299,1.0,605.976,346.719,1.0,605.012,358.835,1.0,606.434,365.13,1.0,692.855,492.614,1.0,686.538,481.54,1.0,677.443,486.362,1.0,664.069,482.685,1.0,664.742,474.648,1.0,773.465,360.475,1.0,766.531,366.894,1.0,760.59,375.647,1.0,749.315,379.134,1.0,744.529,389.126,1.0,693.786,380.614,1.0,685.98,385.744,1.0,684.639,394.69,1.0,677.793,403.385,1.0,677.128,410.973,1.0,,,,,,,,,,,,,,,
49,618.174,338.213,1.0,607.959,341.299,1.0,606.739,346.719,1.0,605.012,358.835,1.0,606.216,365.13,1.0,692.28,493.431,1.0,686.586,481.429,1.0,677.909,486.122,1.0,664.069,483.122,1.0,664.845,475.025,1.0,774.342,359.583,1.0,768.067,363.437,1.0,762.875,373.516,1.0,754.417,376.193,1.0,747.57,387.356,1.0,693.786,380.52,1.0,685.98,385.444,1.0,684.639,394.415,1.0,677.793,402.827,1.0,677.459,410.896,1.0,,,,,,,,,,,,,,,
50,618.174,338.213,1.0,608.674,341.299,1.0,606.75,347.055,1.0,605.1,358.835,1.0,605.551,365.552,1.0,692.28,493.431,1.0,687.475,481.54,1.0,677.909,485.88,1.0,664.069,484.628,1.0,664.845,475.294,1.0,774.947,352.822,1.0,769.696,362.515,1.0,764.114,371.024,1.0,756.917,375.473,1.0,751.967,382.781,1.0,693.786,378.957,1.0,686.984,384.921,1.0,684.57,391.07,1.0,678.873,399.162,1.0,682.876,407.824,1.0,,,,,,,,,,,,,,,
51,612.228,336.901,1.0,607.699,343.077,1.0,606.75,347.103,1.0,605.672,359.837,1.0,605.051,365.552,1.0,692.28,495.185,1.0,687.952,481.54,1.0,678.692,485.88,1.0,665.13,485.172,1.0,664.999,475.539,1.0,775.233,352.476,1.0,771.144,362.397,1.0,765.519,369.824,1.0,757.382,373.361,1.0,752.145,382.482,1.0,691.672,371.2,1.0,687.138,373.185,1.0,683.595,388.403,1.0,679.28,394.077,1.0,686.909,404.049,1.0,,,,,,,,,,,,,,,
52,601.965,336.901,1.0,607.699,343.191,1.0,606.889,347.735,1.0,606.141,359.837,1.0,605.051,365.552,1.0,693.781,495.215,1.0,690.379,484.477,1.0,679.101,486.122,1.0,670.372,486.948,1.0,665.113,478.783,1.0,776.054,352.195,1.0,771.169,361.322,1.0,766.046,369.052,1.0,758.728,373.361,1.0,753.899,377.327,1.0,690.207,367.994,1.0,687.138,373.185,1.0,683.521,386.662,1.0,679.914,391.787,1.0,688.469,403.127,1.0,,,,,,,,,,,,,,,
53,601.692,336.901,1.0,607.699,343.795,1.0,606.971,347.753,1.0,606.342,359.837,1.0,605.051,365.215,1.0,694.444,495.215,1.0,691.471,486.558,1.0,679.356,486.521,1.0,674.964,488.697,1.0,664.999,480.362,1.0,780.097,349.088,1.0,774.132,355.628,1.0,768.364,361.568,1.0,761.55,370.364,1.0,754.959,377.06,1.0,690.13,367.638,1.0,687.419,372.619,1.0,683.521,386.223,1.0,680.185,391.348,1.0,688.561,402.819,1.0,,,,,,,,,,,,,,,
54,599.526,346.874,1.0,607.699,343.795,1.0,607.599,348.385,1.0,608.597,359.824,1.0,605.051,365.158,1.0,694.93,495.215,1.0,691.656,486.558,1.0,679.356,486.521,1.0,675.947,488.697,1.0,664.999,480.789,1.0,784.624,338.817,1.0,774.279,344.035,1.0,773.182,356.11,1.0,764.9,363.715,1.0,758.068,374.637,1.0,690.003,365.662,1.0,687.419,371.627,1.0,683.521,383.458,1.0,680.185,390.123,1.0,688.561,400.855,1.0,,,,,,,,,,,,,,,
55,598.745,349.95,1.0,607.691,343.795,1.0,607.415,348.626,1.0,609.34,359.095,1.0,605.051,364.839,1.0,694.93,495.613,1.0,692.37,486.615,1.0,679.568,486.583,1.0,676.344,488.697,1.0,665.519,481.926,1.0,784.966,338.751,1.0,774.683,343.778,1.0,773.524,355.698,1.0,765.199,363.481,1.0,758.624,374.328,1.0,689.429,365.432,1.0,687.419,370.977,1.0,688.882,379.341,1.0,681.285,387.783,1.0,688.597,395.979,1.0,,,,,,,,,,,,,,,
56,597.103,350.634,1.0,605.999,343.795,1.0,606.971,348.626,1.0,609.34,358.827,1.0,604.735,364.662,1.0,695.237,495.613,1.0,692.616,486.748,1.0,680.25,486.816,1.0,677.049,488.518,1.0,665.909,481.934,1.0,785.027,338.203,1.0,774.683,343.743,1.0,774.739,353.474,1.0,765.638,360.822,1.0,763.801,370.778,1.0,689.429,359.377,1.0,686.913,367.587,1.0,688.882,377.771,1.0,681.285,386.7,1.0,688.597,395.397,1.0,,,,,,,,,,,,,,,
57,595.634,350.825,1.0,603.578,340.995,1.0,606.971,348.626,1.0,609.34,358.809,1.0,604.723,364.57,1.0,695.383,495.613,1.0,693.074,486.748,1.0,685.947,488.076,1.0,677.641,488.348,1.0,666.617,483.678,1.0,786.792,333.989,1.0,783.892,342.236,1.0,776.748,352.432,1.0,769.618,357.254,1.0,767.808,366.599,1.0,689.429,358.873,1.0,686.636,367.313,1.0,688.882,377.341,1.0,681.812,386.013,1.0,689.021,395.134,1.0,,,,,,,,,,,,,,,
58,588.089,350.935,1.0,599.187,340.995,1.0,606.797,348.626,1.0,608.439,357.891,1.0,604.723,364.508,1.0,697.869,495.613,1.0,695.018,487.699,1.0,687.642,489.245,1.0,677.641,488.288,1.0,669.49,484.925,1.0,786.802,330.668,1.0,784.152,340.962,1.0,777.605,349.84,1.0,769.781,355.55,1.0,767.808,365.95,1.0,689.429,357.916,1.0,686.636,363.932,1.0,687.822,375.219,1.0,681.812,383.962,1.0,689.188,394.993,1.0,,,,,,,,,,,,,,,
59,587.455,352.63,1.0,596.017,340.995,1.0,603.126,348.626,1.0,608.335,357.153,1.0,604.735,364.216,1.0,700.896,495.625,1.0,695.091,490.439,1.0,690.11,489.809,1.0,678.108,488.272,1.0,670.209,485.325,1.0,786.802,329.697,1.0,784.152,340.699,1.0,777.605,349.138,1.0,770.583,353.643,1.0,767.808,365.831,1.0,689.287,355.799,1.0,686.876,362.309,1.0,686.456,373.791,1.0,681.842,380.591,1.0,689.398,390.866,1.0,,,,,,,,,,,,,,,
60,587.254,353.25,1.0,594.772,343.428,1.0,602.126,349.349,1.0,607.699,356.962,1.0,609.227,362.678,1.0,702.915,500.117,1.0,695.395,491.443,1.0,690.681,490.252,1.0,678.108,488.068,1.0,671.439,485.373,1.0,786.792,324.154,1.0,784.152,332.17,1.0,777.605,342.519,1.0,777.243,351.084,1.0,767.812,363.743,1.0,688.39,353.379,1.0,686.876,361.402,1.0,686.456,369.078,1.0,682.066,379.535,1.0,692.637,387.718,1.0,,,,,,,,,,,,,,,
61,585.998,353.49,1.0,594.463,343.722,1.0,601.988,349.39,1.0,605.396,356.448,1.0,609.227,361.778,1.0,704.112,500.179,1.0,696.69,491.946,1.0,691.074,490.441,1.0,678.108,487.987,1.0,671.515,486.183,1.0,783.461,322.069,1.0,783.838,329.69,1.0,777.123,341.085,1.0,777.555,349.266,1.0,767.812,359.846,1.0,688.342,352.416,1.0,686.876,361.402,1.0,686.456,366.86,1.0,683.409,377.009,1.0,692.637,387.388,1.0,,,,,,,,,,,,,,,
62,584.839,353.873,1.0,594.165,347.27,1.0,599.287,349.39,1.0,602.786,354.229,1.0,609.227,360.129,1.0,704.121,500.179,1.0,696.924,491.977,1.0,691.372,490.661,1.0,680.94,486.347,1.0,671.888,486.183,1.0,783.461,321.214,1.0,783.838,328.926,1.0,776.353,340.456,1.0,777.555,349.088,1.0,767.812,359.582,1.0,687.948,351.285,1.0,686.876,361.402,1.0,686.616,366.301,1.0,684.446,374.596,1.0,692.637,386.6,1.0,,,,,,,,,,,,,,,
63,582.655,354.802,1.0,591.702,347.27,1.0,599.016,349.349,1.0,601.388,352.903,1.0,604.569,360.129,1.0,706.334,500.179,1.0,700.804,496.678,1.0,693.717,491.311,1.0,682.027,486.347,1.0,673.75,486.65,1.0,783.461,319.514,1.0,783.838,326.876,1.0,776.353,339.087,1.0,778.061,348.526,1.0,768.28,358.169,1.0,687.948,350.584,1.0,686.746,360.147,1.0,686.728,363.803,1.0,684.719,372.956,1.0,691.17,380.524,1.0,,,,,,,,,,,,,,,
64,582.654,355.126,1.0,590.86,347.27,1.0,599.005,349.349,1.0,601.176,352.633,1.0,603.638,360.129,1.0,709.868,495.78,1.0,701.044,497.86,1.0,695.195,492.506,1.0,684.484,486.108,1.0,678.678,487.592,1.0,790.981,316.61,1.0,784.67,326.876,1.0,776.353,336.617,1.0,778.922,345.261,1.0,768.505,356.6,1.0,687.209,343.999,1.0,686.312,352.549,1.0,686.728,362.978,1.0,684.719,368.553,1.0,690.796,379.19,1.0,,,,,,,,,,,,,,,
65,582.357,355.126,1.0,590.427,347.27,1.0,599.005,349.499,1.0,600.895,352.317,1.0,603.495,362.378,1.0,709.979,495.097,1.0,701.094,499.141,1.0,696.085,493.486,1.0,685.063,486.108,1.0,678.728,487.592,1.0,796.781,316.607,1.0,788.333,326.085,1.0,782.468,334.111,1.0,779.177,344.472,1.0,771.347,351.525,1.0,687.209,339.325,1.0,686.312,342.661,1.0,687.449,360.149,1.0,684.446,366.96,1.0,690.796,378.377,1.0,,,,,,,,,,,,,,,
66,582.156,354.802,1.0,590.426,347.106,1.0,598.584,349.499,1.0,600.623,352.261,1.0,602.917,362.421,1.0,710.012,495.097,1.0,701.094,499.141,1.0,696.708,493.486,1.0,687.315,486.108,1.0,678.728,488.007,1.0,797.134,316.607,1.0,788.649,326.085,1.0,782.839,334.098,1.0,779.878,343.75,1.0,771.476,351.175,1.0,687.197,339.325,1.0,686.312,342.661,1.0,687.385,359.853,1.0,684.446,366.839,1.0,690.796,378.052,1.0,,,,,,,,,,,,,,,
67,582.156,353.819,1.0,590.426,347.106,1.0,598.584,350.815,1.0,600.623,352.261,1.0,602.917,362.421,1.0,709.979,495.097,1.0,701.094,499.141,1.0,696.708,493.815,1.0,687.877,485.521,1.0,679.029,488.007,1.0,797.737,316.61,1.0,789.465,326.085,1.0,783.534,333.23,1.0,779.878,343.75,1.0,772.936,350.565,1.0,686.877,339.325,1.0,686.74,342.661,1.0,686.728,359.14,1.0,684.623,365.417,1.0,691.103,376.763,1.0,,,,,,,,,,,,,,,
68,582.156,353.313,1.0,590.426,347.356,1.0,598.584,350.886,1.0,600.623,352.317,1.0,602.917,362.378,1.0,709.868,497.672,1.0,706.258,499.141,1.0,696.31,497.345,1.0,688.479,485.493,1.0,678.725,488.106,1.0,798.936,317.799,1.0,791.7,325.48,1.0,783.78,330.958,1.0,779.878,342.557,1.0,774.039,350.22,1.0,680.265,339.325,1.0,687.247,343.263,1.0,686.702,355.935,1.0,684.324,363.264,1.0,691.351,374.599,1.0,,,,,,,,,,,,,,,
69,585.144,351.789,1.0,591.133,347.356,1.0,598.196,351.268,1.0,600.944,353.869,1.0,604.699,361.346,1.0,704.395,507.405,1.0,706.258,499.141,1.0,696.736,497.661,1.0,688.479,485.493,1.0,678.823,488.311,1.0,805.412,317.799,1.0,796.828,319.982,1.0,788.106,328.013,1.0,779.878,335.473,1.0,777.733,348.103,1.0,680.186,339.325,1.0,687.247,343.263,1.0,686.702,354.87,1.0,684.462,362.303,1.0,691.933,373.478,1.0,,,,,,,,,,,,,,,
70,585.144,350.256,1.0,591.133,346.984,1.0,598.196,351.917,1.0,601.162,353.869,1.0,604.922,361.346,1.0,698.105,507.472,1.0,706.258,500.744,1.0,697.051,497.753,1.0,690.357,485.521,1.0,678.823,488.422,1.0,806.875,317.799,1.0,796.986,319.256,1.0,790.426,326.399,1.0,780.64,334.141,1.0,777.815,347.24,1.0,678.864,338.121,1.0,687.247,343.263,1.0,685.13,353.265,1.0,684.462,360.573,1.0,692.989,373.285,1.0,,,,,,,,,,,,,,,
71,585.144,349.84,1.0,591.133,346.984,1.0,598.196,351.917,1.0,601.458,354.127,1.0,605.325,361.346,1.0,696.498,511.31,1.0,702.381,501.642,1.0,697.138,497.796,1.0,691.003,487.026,1.0,679.029,488.422,1.0,806.875,317.606,1.0,796.986,319.256,1.0,790.555,326.399,1.0,780.863,333.959,1.0,778.255,346.701,1.0,678.864,337.333,1.0,687.247,342.847,1.0,685.13,353.265,1.0,684.031,360.131,1.0,693.233,373.285,1.0,,,,,,,,,,,,,,,
72,585.151,349.84,1.0,591.133,346.984,1.0,597.566,351.917,1.0,601.458,354.693,1.0,605.325,362.043,1.0,696.335,511.473,1.0,702.02,502.499,1.0,697.535,497.796,1.0,691.04,487.912,1.0,679.164,488.422,1.0,806.875,316.728,1.0,796.986,317.222,1.0,790.687,325.744,1.0,781.486,333.794,1.0,778.255,346.653,1.0,678.864,337.246,1.0,687.067,342.831,1.0,684.996,352.802,1.0,683.983,359.772,1.0,693.261,373.255,1.0,,,,,,,,,,,,,,,
73,587.896,349.84,1.0,591.133,346.984,1.0,597.495,351.852,1.0,604.782,356.262,1.0,605.325,362.14,1.0,696.335,512.264,1.0,702.02,502.525,1.0,697.535,497.796,1.0,691.04,487.912,1.0,679.205,488.422,1.0,801.35,315.441,1.0,794.627,316.045,1.0,791.266,325.712,1.0,781.711,333.156,1.0,778.707,344.89,1.0,679.752,336.843,1.0,687.057,342.831,1.0,684.829,353.265,1.0,683.88,360.131,1.0,693.714,373.285,1.0,,,,,,,,,,,,,,,
74,592.91,351.463,1.0,590.955,348.218,1.0,597.495,351.687,1.0,604.782,356.262,1.0,605.019,362.597,1.0,696.498,512.264,1.0,702.02,502.525,1.0,697.138,497.796,1.0,691.04,487.912,1.0,679.317,488.422,1.0,796.558,315.441,1.0,793.183,316.045,1.0,791.266,325.744,1.0,781.711,333.156,1.0,778.707,344.89,1.0,680.187,335.615,1.0,687.067,342.847,1.0,684.318,353.394,1.0,683.196,360.309,1.0,694.004,373.333,1.0,,,,,,,,,,,,,,,
75,597.33,352.646,1.0,591.098,349.992,1.0,597.495,351.598,1.0,604.782,356.262,1.0,605.019,362.805,1.0,698.364,512.264,1.0,702.02,502.525,1.0,696.278,497.777,1.0,690.753,487.64,1.0,679.357,487.75,1.0,795.669,316.728,1.0,793.183,322.249,1.0,790.555,327.411,1.0,781.486,333.959,1.0,778.255,344.89,1.0,680.271,335.615,1.0,687.406,343.056,1.0,683.54,353.394,1.0,683.049,360.131,1.0,694.004,373.506,1.0,,,,,,,,,,,,,,,
76,600.427,366.368,1.0,592.095,352.325,1.0,598.382,349.332,1.0,604.111,354.415,1.0,604.956,362.847,1.0,699.51,505.796,1.0,702.02,499.788,1.0,695.465,493.275,1.0,684.445,487.252,1.0,679.577,487.256,1.0,795.669,318.165,1.0,793.183,323.648,1.0,791.937,326.325,1.0,781.486,333.095,1.0,778.737,345.206,1.0,686.365,335.615,1.0,687.406,343.056,1.0,683.54,352.857,1.0,682.824,359.763,1.0,694.004,373.494,1.0,,,,,,,,,,,,,,,
77,600.737,366.911,1.0,592.095,353.232,1.0,599.632,349.332,1.0,603.818,354.035,1.0,604.956,362.86,1.0,700.283,500.558,1.0,701.886,496.683,1.0,695.252,493.275,1.0,684.008,486.652,1.0,679.577,487.256,1.0,795.669,320.09,1.0,794.717,324.04,1.0,792.506,326.388,1.0,781.668,332.262,1.0,777.428,345.362,1.0,698.805,339.205,1.0,689.677,343.056,1.0,683.54,352.857,1.0,682.736,359.763,1.0,692.534,373.494,1.0,,,,,,,,,,,,,,,
78,600.737,368.171,1.0,592.095,355.943,1.0,599.875,349.332,1.0,601.24,350.416,1.0,604.846,362.86,1.0,700.283,490.425,1.0,701.886,492.269,1.0,695.252,493.275,1.0,683.141,486.652,1.0,679.357,487.256,1.0,803.479,329.788,1.0,801.483,324.04,1.0,793.44,326.902,1.0,781.668,332.504,1.0,777.412,345.45,1.0,699.009,346.591,1.0,691.107,340.043,1.0,683.859,351.54,1.0,682.665,359.272,1.0,683.921,373.494,1.0,,,,,,,,,,,,,,,
79,600.737,368.171,1.0,593.661,357.017,1.0,599.632,349.332,1.0,601.106,350.274,1.0,604.629,362.86,1.0,700.671,484.2,1.0,701.792,490.677,1.0,695.252,495.123,1.0,683.068,486.652,1.0,677.027,486.68,1.0,807.617,331.192,1.0,801.561,323.648,1.0,793.713,326.902,1.0,781.985,332.504,1.0,777.412,345.45,1.0,699.71,346.591,1.0,691.421,339.793,1.0,683.926,351.509,1.0,682.665,359.091,1.0,683.921,373.346,1.0,,,,,,,,,,,,,,,
80,600.464,368.171,1.0,594.627,357.017,1.0,598.382,349.63,1.0,600.954,349.89,1.0,604.563,360.565,1.0,700.671,482.047,1.0,701.792,490.059,1.0,696.44,495.123,1.0,682.94,486.678,1.0,676.77,486.669,1.0,808.344,334.214,1.0,802.822,322.881,1.0,793.713,326.902,1.0,781.985,332.504,1.0,777.412,345.45,1.0,700.242,346.591,1.0,691.509,339.594,1.0,684.227,351.289,1.0,682.665,359.077,1.0,683.921,373.311,1.0,,,,,,,,,,,,,,,
81,598.443,366.576,1.0,595.673,357.017,1.0,596.953,350.005,1.0,598.563,348.916,1.0,604.563,358.936,1.0,700.671,481.921,1.0,701.792,490.059,1.0,696.841,495.123,1.0,682.94,486.951,1.0,676.77,486.733,1.0,808.344,334.132,1.0,802.822,322.881,1.0,793.44,327.33,1.0,781.985,333.077,1.0,776.787,346.025,1.0,701.866,346.059,1.0,692.323,339.594,1.0,684.227,350.578,1.0,682.665,358.94,1.0,684.332,373.287,1.0,,,,,,,,,,,,,,,
82,598.443,366.311,1.0,596.307,357.037,1.0,596.953,350.164,1.0,597.649,347.639,1.0,604.563,357.374,1.0,701.061,479.806,1.0,700.898,490.059,1.0,696.841,494.299,1.0,682.94,486.954,1.0,676.77,486.669,1.0,807.617,334.132,1.0,802.822,322.881,1.0,793.367,327.461,1.0,781.744,333.351,1.0,776.157,346.189,1.0,701.866,346.018,1.0,692.323,339.623,1.0,684.238,350.578,1.0,682.831,358.94,1.0,684.332,373.311,1.0,,,,,,,,,,,,,,,
83,598.441,366.311,1.0,596.537,357.037,1.0,596.953,350.164,1.0,597.626,347.639,1.0,604.702,357.355,1.0,702.263,479.806,1.0,699.799,488.119,1.0,696.841,493.194,1.0,688.022,487.194,1.0,677.604,486.577,1.0,803.057,334.132,1.0,802.679,325.047,1.0,787.625,329.613,1.0,780.214,337.603,1.0,773.513,346.189,1.0,701.866,345.237,1.0,692.323,339.623,1.0,684.146,350.578,1.0,682.933,358.94,1.0,684.332,373.346,1.0,,,,,,,,,,,,,,,
84,598.441,366.576,1.0,597.829,357.037,1.0,596.953,353.085,1.0,597.626,347.639,1.0,604.778,353.235,1.0,703.029,478.71,1.0,699.172,486.244,1.0,696.717,491.11,1.0,688.859,487.194,1.0,678.103,486.577,1.0,792.923,319.98,1.0,793.42,325.199,1.0,786.246,330.917,1.0,780.181,337.708,1.0,772.838,346.189,1.0,697.041,343.003,1.0,690.849,340.393,1.0,684.146,352.676,1.0,683.652,359.647,1.0,684.234,373.659,1.0,,,,,,,,,,,,,,,
85,599.211,374.212,1.0,597.947,361.907,1.0,596.953,357.683,1.0,597.649,350.004,1.0,605.228,352.631,1.0,703.514,477.229,1.0,699.172,484.076,1.0,696.689,489.017,1.0,691.602,487.194,1.0,680.912,486.733,1.0,786.043,318.926,1.0,787.892,325.199,1.0,786.244,331.009,1.0,779.918,337.708,1.0,772.717,346.23,1.0,695.019,343.003,1.0,688.278,341.937,1.0,684.146,355.07,1.0,683.772,361.102,1.0,684.234,374.15,1.0,,,,,,,,,,,,,,,
86,599.513,380.855,1.0,598.52,364.338,1.0,597.16,359.228,1.0,594.716,352.575,1.0,607.887,351.487,1.0,704.426,470.122,1.0,699.172,474.691,1.0,694.334,484.855,1.0,694.46,486.463,1.0,681.622,488.536,1.0,779.123,318.926,1.0,787.892,325.199,1.0,784.941,331.009,1.0,779.918,337.708,1.0,772.717,346.279,1.0,689.061,343.003,1.0,687.009,347.595,1.0,684.643,356.749,1.0,684.204,361.251,1.0,684.234,374.313,1.0,,,,,,,,,,,,,,,
87,599.513,380.928,1.0,598.926,366.933,1.0,597.16,359.272,1.0,593.983,353.254,1.0,607.887,351.487,1.0,705.778,470.117,1.0,699.172,473.601,1.0,694.08,482.999,1.0,695.555,485.662,1.0,681.919,488.536,1.0,777.305,319.847,1.0,787.892,324.228,1.0,784.08,331.009,1.0,780.181,337.444,1.0,772.549,346.23,1.0,680.618,348.271,1.0,685.443,348.596,1.0,683.781,356.749,1.0,685.746,361.251,1.0,684.324,374.313,1.0,,,,,,,,,,,,,,,
88,599.513,381.583,1.0,599.416,367.055,1.0,597.488,359.534,1.0,593.983,353.254,1.0,607.887,351.88,1.0,705.888,469.586,1.0,699.882,473.56,1.0,693.121,482.863,1.0,695.555,485.662,1.0,682.213,488.764,1.0,776.909,319.847,1.0,784.55,324.162,1.0,784.08,330.917,1.0,780.181,337.434,1.0,772.549,345.618,1.0,679.185,348.786,1.0,685.221,349.245,1.0,683.781,356.749,1.0,687.428,361.102,1.0,684.498,374.313,1.0,,,,,,,,,,,,,,,
89,598.734,382.028,1.0,599.721,368.255,1.0,597.811,362.083,1.0,594.57,353.349,1.0,607.602,351.708,1.0,706.08,469.445,1.0,700.075,473.56,1.0,693.121,482.863,1.0,695.114,485.662,1.0,684.233,488.852,1.0,776.72,318.926,1.0,782.783,323.837,1.0,784.005,330.762,1.0,779.918,337.029,1.0,772.717,345.618,1.0,678.608,353.455,1.0,684.532,351.384,1.0,683.781,356.088,1.0,690.676,360.553,1.0,692.195,373.386,1.0,,,,,,,,,,,,,,,
90,598.0,383.028,1.0,599.721,371.481,1.0,597.811,362.182,1.0,594.57,354.585,1.0,604.873,351.708,1.0,709.813,464.54,1.0,701.682,473.56,1.0,693.121,482.863,1.0,694.566,487.649,1.0,686.662,489.654,1.0,773.939,311.652,1.0,780.293,319.427,1.0,783.072,328.202,1.0,779.074,336.756,1.0,772.822,345.532,1.0,678.531,355.866,1.0,682.942,351.636,1.0,682.646,355.014,1.0,692.688,360.553,1.0,694.184,372.959,1.0,,,,,,,,,,,,,,,
91,598.0,383.86,1.0,599.416,371.481,1.0,597.811,362.182,1.0,597.85,354.92,1.0,604.088,351.708,1.0,713.042,459.089,1.0,701.682,473.693,1.0,698.832,483.225,1.0,694.566,487.649,1.0,688.428,491.562,1.0,773.799,309.581,1.0,780.251,319.018,1.0,782.762,327.751,1.0,778.838,336.498,1.0,772.822,344.977,1.0,678.492,363.702,1.0,682.033,352.426,1.0,681.898,355.014,1.0,692.688,360.553,1.0,694.21,372.933,1.0,,,,,,,,,,,,,,,
92,598.0,383.86,1.0,599.644,371.481,1.0,597.37,362.182,1.0,598.067,355.847,1.0,603.764,351.349,1.0,713.364,458.742,1.0,701.869,473.693,1.0,698.877,483.225,1.0,694.566,487.649,1.0,688.528,491.562,1.0,773.598,309.008,1.0,779.945,318.109,1.0,782.762,327.019,1.0,777.969,335.395,1.0,773.298,344.843,1.0,678.445,366.802,1.0,679.646,352.909,1.0,681.576,355.014,1.0,692.688,360.717,1.0,694.21,372.933,1.0,,,,,,,,,,,,,,,
93,598.596,383.86,1.0,599.644,371.481,1.0,596.815,362.624,1.0,598.067,356.25,1.0,603.583,351.349,1.0,713.4,458.742,1.0,701.869,473.693,1.0,699.042,483.225,1.0,694.566,487.635,1.0,688.571,491.562,1.0,773.047,305.923,1.0,779.601,315.939,1.0,780.943,324.085,1.0,777.969,331.841,1.0,778.647,342.003,1.0,676.63,370.466,1.0,678.839,357.594,1.0,680.461,355.014,1.0,690.948,360.717,1.0,694.285,372.529,1.0,,,,,,,,,,,,,,,
94,601.558,375.319,1.0,599.644,371.855,1.0,596.475,362.598,1.0,597.85,356.605,1.0,603.571,351.349,1.0,713.452,458.942,1.0,702.109,472.349,1.0,699.636,480.413,1.0,695.713,484.608,1.0,688.571,486.393,1.0,772.691,305.923,1.0,775.579,312.161,1.0,780.873,320.15,1.0,777.969,328.958,1.0,783.301,341.8,1.0,675.09,370.561,1.0,678.823,359.437,1.0,679.49,355.593,1.0,689.701,360.717,1.0,694.309,372.494,1.0,,,,,,,,,,,,,,,
95,608.212,374.198,1.0,603.991,371.659,1.0,596.475,362.598,1.0,597.825,359.935,1.0,603.439,351.9,1.0,713.452,458.942,1.0,702.109,472.349,1.0,699.747,480.413,1.0,695.713,484.608,1.0,688.571,486.055,1.0,772.627,305.646,1.0,775.579,312.161,1.0,780.023,320.15,1.0,777.978,328.958,1.0,783.301,341.371,1.0,668.859,372.169,1.0,676.974,359.437,1.0,677.409,355.655,1.0,686.431,361.899,1.0,694.72,369.578,1.0,,,,,,,,,,,,,,,
96,608.441,374.198,1.0,604.184,371.669,1.0,596.475,362.828,1.0,597.598,360.252,1.0,603.312,351.919,1.0,713.452,458.942,1.0,705.33,470.24,1.0,699.747,480.223,1.0,696.391,484.608,1.0,688.528,486.055,1.0,772.436,305.923,1.0,775.579,312.161,1.0,779.954,320.15,1.0,778.682,328.958,1.0,783.301,341.158,1.0,668.555,372.169,1.0,676.233,359.437,1.0,676.989,355.883,1.0,685.868,360.108,1.0,694.72,369.536,1.0,,,,,,,,,,,,,,,
97,610.763,374.198,1.0,606.184,371.974,1.0,598.029,362.997,1.0,597.598,360.354,1.0,603.212,352.19,1.0,712.259,459.873,1.0,705.33,470.24,1.0,699.747,479.361,1.0,696.867,485.212,1.0,688.443,486.393,1.0,771.612,306.371,1.0,775.579,313.368,1.0,779.954,320.044,1.0,778.765,328.757,1.0,782.699,340.848,1.0,668.351,372.169,1.0,675.363,363.853,1.0,676.989,357.481,1.0,685.711,360.108,1.0,694.72,369.536,1.0,,,,,,,,,,,,,,,
98,611.522,374.976,1.0,607.699,372.114,1.0,598.776,362.997,1.0,597.598,360.354,1.0,603.119,352.19,1.0,701.95,463.532,1.0,702.516,470.624,1.0,698.586,479.361,1.0,697.056,489.366,1.0,688.044,489.453,1.0,771.275,316.847,1.0,775.579,315.101,1.0,778.56,319.906,1.0,778.765,328.046,1.0,781.193,340.848,1.0,665.072,364.91,1.0,674.29,364.294,1.0,676.989,357.807,1.0,682.459,361.121,1.0,685.772,369.536,1.0,,,,,,,,,,,,,,,
99,613.622,376.089,1.0,609.382,372.114,1.0,600.271,363.988,1.0,598.371,361.215,1.0,602.906,352.19,1.0,696.628,466.921,1.0,702.05,471.04,1.0,698.579,479.361,1.0,697.915,490.193,1.0,687.22,489.919,1.0,761.89,316.847,1.0,770.593,318.964,1.0,775.935,318.6,1.0,778.765,327.636,1.0,780.734,340.848,1.0,664.605,364.546,1.0,672.277,363.962,1.0,678.858,361.889,1.0,681.308,361.393,1.0,685.772,369.536,1.0,,,,,,,,,,,,,,,
100,615.292,377.407,1.0,612.052,372.662,1.0,602.211,366.337,1.0,598.371,362.671,1.0,597.73,348.085,1.0,692.867,474.408,1.0,700.034,470.624,1.0,698.579,479.361,1.0,697.915,490.193,1.0,686.876,489.919,1.0,760.531,316.847,1.0,770.229,318.964,1.0,775.772,317.585,1.0,778.266,327.634,1.0,780.73,341.395,1.0,664.063,363.516,1.0,672.277,363.962,1.0,679.362,361.889,1.0,681.308,361.393,1.0,685.772,369.536,1.0,,,,,,,,,,,,,,,
101,615.359,377.445,1.0,612.27,373.036,1.0,602.242,366.601,1.0,598.371,362.681,1.0,597.73,348.085,1.0,690.694,474.408,1.0,695.14,470.624,1.0,698.586,479.361,1.0,697.915,490.193,1.0,686.876,489.919,1.0,760.531,315.854,1.0,769.714,318.964,1.0,775.743,317.585,1.0,777.702,327.634,1.0,780.734,341.4,1.0,664.063,364.546,1.0,672.277,363.962,1.0,679.804,361.889,1.0,681.308,361.393,1.0,685.856,369.153,1.0,,,,,,,,,,,,,,,
102,615.359,377.617,1.0,612.27,373.039,1.0,602.66,366.836,1.0,597.794,362.681,1.0,597.73,348.074,1.0,682.711,474.408,1.0,693.34,470.065,1.0,698.586,480.212,1.0,694.87,486.934,1.0,687.22,489.196,1.0,760.531,315.015,1.0,769.714,318.618,1.0,775.586,317.585,1.0,777.702,327.636,1.0,780.73,341.4,1.0,664.605,364.91,1.0,673.882,363.962,1.0,679.804,361.889,1.0,681.308,361.809,1.0,685.856,369.097,1.0,,,,,,,,,,,,,,,
103,615.292,378.361,1.0,612.052,373.378,1.0,602.242,367.657,1.0,597.52,362.681,1.0,598.004,348.074,1.0,682.696,468.513,1.0,691.652,469.826,1.0,698.534,480.521,1.0,694.866,486.934,1.0,688.806,489.196,1.0,761.006,315.015,1.0,769.714,318.539,1.0,775.586,318.378,1.0,777.702,328.5,1.0,780.671,341.435,1.0,672.616,365.052,1.0,674.75,363.962,1.0,679.804,361.889,1.0,681.308,362.731,1.0,685.856,369.097,1.0,,,,,,,,,,,,,,,
104,609.162,380.555,1.0,610.579,373.592,1.0,602.211,367.793,1.0,597.52,361.654,1.0,599.481,347.404,1.0,681.852,468.151,1.0,691.452,469.823,1.0,698.534,480.521,1.0,694.866,486.006,1.0,688.909,489.196,1.0,762.346,314.813,1.0,770.346,318.263,1.0,775.586,320.389,1.0,778.947,330.044,1.0,780.671,341.589,1.0,681.356,370.296,1.0,676.439,364.613,1.0,677.981,362.018,1.0,680.243,362.731,1.0,684.688,369.097,1.0,,,,,,,,,,,,,,,
105,607.317,380.555,1.0,609.762,373.903,1.0,603.73,367.793,1.0,597.397,361.596,1.0,601.313,347.248,1.0,681.852,467.866,1.0,690.941,469.823,1.0,697.762,480.212,1.0,694.866,485.996,1.0,688.913,489.47,1.0,772.585,315.015,1.0,773.518,317.238,1.0,778.385,324.82,1.0,778.947,331.408,1.0,780.759,341.6,1.0,682.817,371.812,1.0,677.295,365.57,1.0,677.006,362.018,1.0,679.663,359.655,1.0,684.358,368.884,1.0,,,,,,,,,,,,,,,
106,606.124,380.555,1.0,609.762,373.903,1.0,602.906,367.657,1.0,597.397,361.337,1.0,601.54,346.557,1.0,681.73,466.663,1.0,690.894,469.67,1.0,697.545,479.81,1.0,694.866,485.996,1.0,689.457,490.242,1.0,780.065,316.155,1.0,779.448,317.238,1.0,778.436,324.82,1.0,778.947,331.408,1.0,781.891,341.589,1.0,684.193,373.877,1.0,680.114,366.446,1.0,676.407,362.018,1.0,677.166,359.655,1.0,684.303,368.046,1.0,,,,,,,,,,,,,,,
107,605.785,378.023,1.0,609.432,373.903,1.0,601.353,367.324,1.0,597.685,361.273,1.0,602.422,346.533,1.0,681.589,464.557,1.0,687.78,469.67,1.0,694.698,477.515,1.0,694.669,483.601,1.0,690.618,490.75,1.0,791.894,321.237,1.0,784.877,317.238,1.0,779.592,324.82,1.0,778.87,331.408,1.0,783.302,341.589,1.0,684.282,374.303,1.0,680.189,368.374,1.0,674.04,355.322,1.0,675.535,358.437,1.0,684.212,364.132,1.0,,,,,,,,,,,,,,,
108,603.464,377.846,1.0,608.963,374.641,1.0,601.353,364.972,1.0,597.685,361.273,1.0,602.422,346.533,1.0,679.982,459.668,1.0,687.155,469.596,1.0,692.38,474.953,1.0,692.004,480.007,1.0,692.221,490.75,1.0,792.051,321.237,1.0,786.029,317.834,1.0,780.146,319.48,1.0,778.671,330.293,1.0,785.483,341.081,1.0,684.538,374.437,1.0,681.835,369.679,1.0,674.04,354.959,1.0,675.535,356.678,1.0,683.29,359.356,1.0,,,,,,,,,,,,,,,
109,599.154,375.646,1.0,608.458,374.641,1.0,601.353,364.972,1.0,597.58,361.259,1.0,602.541,346.533,1.0,679.326,459.569,1.0,687.009,469.168,1.0,691.282,474.514,1.0,691.714,479.974,1.0,693.076,490.984,1.0,792.887,331.124,1.0,788.013,322.75,1.0,780.201,319.454,1.0,778.32,327.286,1.0,788.321,339.453,1.0,686.211,377.618,1.0,681.867,372.946,1.0,674.04,354.959,1.0,675.535,356.678,1.0,683.29,359.245,1.0,,,,,,,,,,,,,,,
110,598.773,374.03,1.0,604.125,374.641,1.0,599.484,364.972,1.0,597.58,360.841,1.0,602.467,353.54,1.0,679.206,459.569,1.0,686.921,468.6,1.0,690.486,474.394,1.0,691.714,479.755,1.0,693.739,490.75,1.0,795.28,331.242,1.0,790.583,324.358,1.0,780.495,319.454,1.0,777.64,327.286,1.0,788.846,339.418,1.0,686.511,378.865,1.0,683.065,373.176,1.0,674.247,355.322,1.0,675.666,356.678,1.0,683.29,359.093,1.0,,,,,,,,,,,,,,,
111,588.227,372.917,1.0,600.142,375.818,1.0,598.641,366.04,1.0,597.322,360.314,1.0,602.422,353.982,1.0,678.775,459.569,1.0,686.453,468.299,1.0,689.626,472.656,1.0,691.714,479.056,1.0,697.648,490.162,1.0,796.444,331.483,1.0,791.648,325.136,1.0,780.548,319.454,1.0,777.606,327.286,1.0,789.449,339.292,1.0,686.511,379.06,1.0,684.068,373.627,1.0,674.871,359.66,1.0,676.407,358.345,1.0,683.243,357.743,1.0,,,,,,,,,,,,,,,
112,587.224,372.917,1.0,598.208,375.818,1.0,597.956,366.798,1.0,597.322,360.286,1.0,602.405,354.019,1.0,675.464,466.303,1.0,683.828,467.133,1.0,687.764,472.518,1.0,693.809,475.745,1.0,698.401,486.775,1.0,798.755,331.542,1.0,793.359,325.136,1.0,783.465,319.736,1.0,777.606,327.286,1.0,789.449,338.831,1.0,687.517,385.924,1.0,684.365,373.786,1.0,679.279,366.513,1.0,676.511,362.786,1.0,683.142,355.694,1.0,,,,,,,,,,,,,,,
113,586.558,372.917,1.0,597.384,376.024,1.0,597.898,367.107,1.0,597.322,360.286,1.0,602.349,354.019,1.0,674.511,466.303,1.0,679.526,464.968,1.0,687.676,472.094,1.0,693.809,474.748,1.0,698.68,485.85,1.0,799.034,331.542,1.0,793.957,325.136,1.0,784.281,320.549,1.0,777.606,326.89,1.0,789.449,338.764,1.0,687.517,385.924,1.0,686.115,374.934,1.0,679.373,366.548,1.0,676.773,362.786,1.0,682.838,353.97,1.0,,,,,,,,,,,,,,,
114,585.294,375.33,1.0,595.663,375.818,1.0,597.876,367.762,1.0,598.517,360.286,1.0,602.318,353.982,1.0,674.325,466.303,1.0,679.135,464.957,1.0,687.068,471.857,1.0,693.809,474.687,1.0,698.68,485.527,1.0,804.012,331.542,1.0,797.509,324.227,1.0,788.302,320.564,1.0,777.435,326.084,1.0,788.908,338.057,1.0,688.067,385.924,1.0,686.737,375.547,1.0,679.826,366.91,1.0,677.131,362.995,1.0,682.834,353.97,1.0,,,,,,,,,,,,,,,
115,583.51,377.062,1.0,594.242,375.818,1.0,597.898,368.195,1.0,599.122,360.286,1.0,602.233,353.573,1.0,674.019,465.967,1.0,679.07,464.122,1.0,686.417,471.38,1.0,693.702,474.653,1.0,698.68,484.766,1.0,809.79,330.046,1.0,801.244,324.047,1.0,790.811,321.951,1.0,777.744,326.084,1.0,786.09,337.469,1.0,688.26,385.926,1.0,686.737,375.547,1.0,680.418,368.395,1.0,677.297,363.008,1.0,682.578,353.97,1.0,,,,,,,,,,,,,,,
116,583.475,377.727,1.0,594.242,376.024,1.0,597.898,368.343,1.0,599.122,360.526,1.0,602.022,353.573,1.0,672.069,462.999,1.0,677.987,462.59,1.0,684.22,470.26,1.0,691.827,473.488,1.0,698.24,484.506,1.0,809.836,329.273,1.0,801.746,323.969,1.0,791.184,322.468,1.0,778.006,325.551,1.0,786.09,336.822,1.0,690.258,385.926,1.0,687.739,377.962,1.0,681.732,371.822,1.0,679.374,364.78,1.0,680.933,355.695,1.0,,,,,,,,,,,,,,,
117,583.457,378.457,1.0,593.061,376.457,1.0,597.713,368.547,1.0,599.122,360.855,1.0,597.817,353.573,1.0,670.314,462.737,1.0,676.094,460.211,1.0,679.646,468.113,1.0,689.471,471.557,1.0,695.887,480.884,1.0,810.165,329.273,1.0,801.96,324.047,1.0,791.881,322.636,1.0,778.926,325.448,1.0,786.018,336.593,1.0,694.23,386.892,1.0,687.739,377.852,1.0,681.846,375.336,1.0,680.262,367.691,1.0,675.531,361.474,1.0,,,,,,,,,,,,,,,
118,583.457,385.379,1.0,592.775,376.457,1.0,594.864,369.005,1.0,598.132,363.974,1.0,597.817,353.39,1.0,668.769,460.385,1.0,674.37,459.137,1.0,679.446,466.33,1.0,688.436,469.666,1.0,693.982,479.124,1.0,810.682,329.273,1.0,802.17,324.227,1.0,792.757,323.574,1.0,779.661,325.448,1.0,785.499,336.147,1.0,694.322,387.383,1.0,689.273,378.347,1.0,681.973,375.658,1.0,680.262,368.119,1.0,675.531,361.474,1.0,,,,,,,,,,,,,,,
119,583.382,385.886,1.0,590.116,376.457,1.0,594.148,369.005,1.0,597.114,363.974,1.0,597.817,352.709,1.0,668.757,460.193,1.0,674.163,459.023,1.0,679.031,466.307,1.0,688.025,469.666,1.0,693.92,477.923,1.0,810.682,331.689,1.0,802.531,326.505,1.0,795.261,326.401,1.0,781.656,324.685,1.0,783.124,335.432,1.0,695.266,387.434,1.0,689.717,378.99,1.0,682.381,375.77,1.0,680.262,368.329,1.0,675.531,361.614,1.0,,,,,,,,,,,,,,,
120,583.382,386.099,1.0,588.098,373.106,1.0,594.117,368.673,1.0,596.806,364.333,1.0,597.817,352.709,1.0,668.757,460.074,1.0,674.01,458.525,1.0,679.031,466.307,1.0,687.943,469.666,1.0,692.136,476.271,1.0,810.682,331.689,1.0,802.885,326.635,1.0,795.261,327.005,1.0,781.691,324.424,1.0,782.019,335.326,1.0,696.045,388.115,1.0,689.717,379.215,1.0,683.758,377.16,1.0,678.171,368.608,1.0,677.483,361.888,1.0,,,,,,,,,,,,,,,
121,583.192,386.099,1.0,587.739,373.106,1.0,593.81,369.005,1.0,596.276,364.456,1.0,596.583,352.709,1.0,668.769,459.479,1.0,674.01,457.064,1.0,679.446,466.307,1.0,687.524,475.114,1.0,690.191,476.337,1.0,810.682,331.757,1.0,802.982,327.098,1.0,795.794,327.208,1.0,781.985,324.424,1.0,781.685,335.199,1.0,697.843,396.034,1.0,692.568,385.743,1.0,687.417,377.408,1.0,678.159,372.226,1.0,677.527,362.072,1.0,,,,,,,,,,,,,,,
122,582.701,385.886,1.0,587.626,373.106,1.0,593.087,369.149,1.0,596.262,364.456,1.0,596.316,352.709,1.0,670.329,446.047,1.0,673.882,454.308,1.0,680.664,466.508,1.0,682.39,475.435,1.0,688.378,476.337,1.0,810.918,332.551,1.0,803.492,327.098,1.0,796.323,328.454,1.0,782.444,324.685,1.0,781.463,334.235,1.0,698.069,396.52,1.0,692.894,385.743,1.0,688.061,377.521,1.0,677.652,372.722,1.0,677.913,362.692,1.0,,,,,,,,,,,,,,,
123,580.991,385.775,1.0,585.706,374.55,1.0,591.58,370.234,1.0,594.938,366.319,1.0,596.316,357.03,1.0,672.683,444.366,1.0,673.765,454.03,1.0,680.664,466.508,1.0,681.7,475.51,1.0,688.004,476.271,1.0,812.103,334.799,1.0,807.886,328.505,1.0,799.266,328.534,1.0,791.051,324.692,1.0,781.054,331.887,1.0,698.069,396.945,1.0,693.801,385.743,1.0,688.483,377.521,1.0,677.652,373.028,1.0,677.913,362.702,1.0,,,,,,,,,,,,,,,
124,578.281,385.262,1.0,583.549,381.919,1.0,588.48,371.948,1.0,594.938,366.665,1.0,596.316,358.973,1.0,672.683,444.366,1.0,673.622,454.03,1.0,680.664,466.508,1.0,681.661,475.435,1.0,687.602,476.183,1.0,815.398,335.624,1.0,808.581,330.393,1.0,800.078,328.534,1.0,793.288,329.176,1.0,781.054,330.467,1.0,698.193,396.52,1.0,694.94,385.552,1.0,688.483,377.634,1.0,677.486,373.325,1.0,678.118,363.129,1.0,,,,,,,,,,,,,,,
125,577.734,384.688,1.0,583.085,382.248,1.0,587.724,372.262,1.0,594.938,367.215,1.0,596.368,359.783,1.0,670.695,444.366,1.0,673.573,454.03,1.0,680.235,465.9,1.0,681.316,475.114,1.0,687.557,476.037,1.0,815.522,335.919,1.0,809.535,333.915,1.0,800.315,328.683,1.0,793.288,329.176,1.0,781.685,330.467,1.0,698.487,396.52,1.0,694.94,385.547,1.0,688.483,377.895,1.0,677.361,373.39,1.0,678.603,363.129,1.0,,,,,,,,,,,,,,,
126,577.124,384.688,1.0,583.02,383.226,1.0,587.718,373.066,1.0,595.45,368.19,1.0,598.283,360.142,1.0,670.695,446.033,1.0,673.573,453.461,1.0,678.456,464.055,1.0,679.349,473.02,1.0,688.004,474.77,1.0,816.059,335.772,1.0,809.684,334.537,1.0,800.737,328.744,1.0,793.288,329.176,1.0,781.851,330.467,1.0,698.487,394.837,1.0,695.35,384.874,1.0,687.827,377.987,1.0,677.111,373.39,1.0,678.827,363.129,1.0,,,,,,,,,,,,,,,
127,577.062,385.262,1.0,582.908,383.36,1.0,587.718,373.1,1.0,595.45,368.667,1.0,598.283,361.146,1.0,669.334,446.033,1.0,673.765,452.945,1.0,674.843,459.659,1.0,674.321,468.032,1.0,688.004,474.757,1.0,816.059,335.919,1.0,809.684,334.844,1.0,800.737,328.534,1.0,791.86,325.988,1.0,782.014,330.951,1.0,698.193,384.412,1.0,695.728,382.998,1.0,687.827,378.643,1.0,676.956,374.039,1.0,678.991,363.328,1.0,,,,,,,,,,,,,,,
128,576.865,385.447,1.0,582.087,383.779,1.0,587.712,373.641,1.0,595.45,369.008,1.0,598.283,361.775,1.0,669.155,446.033,1.0,674.665,452.945,1.0,673.733,458.684,1.0,674.042,467.138,1.0,688.11,474.223,1.0,816.059,335.945,1.0,809.684,334.844,1.0,801.838,328.288,1.0,791.278,325.988,1.0,782.014,331.121,1.0,698.193,376.571,1.0,696.227,380.596,1.0,687.827,381.182,1.0,673.949,376.683,1.0,678.991,364.073,1.0,,,,,,,,,,,,,,,
129,576.316,386.193,1.0,581.921,384.031,1.0,586.583,376.15,1.0,590.932,369.034,1.0,597.129,365.236,1.0,669.114,445.896,1.0,674.665,452.613,1.0,672.68,458.253,1.0,674.042,466.476,1.0,688.11,472.459,1.0,811.925,338.409,1.0,806.949,336.092,1.0,802.187,329.191,1.0,791.128,325.988,1.0,782.014,331.245,1.0,699.404,368.237,1.0,696.609,372.135,1.0,688.568,381.473,1.0,672.812,379.114,1.0,678.991,364.073,1.0,,,,,,,,,,,,,,,
130,569.977,386.193,1.0,576.012,384.031,1.0,586.019,379.011,1.0,588.311,371.728,1.0,596.768,367.488,1.0,669.016,445.047,1.0,674.665,451.415,1.0,672.303,456.376,1.0,674.042,464.13,1.0,688.11,471.957,1.0,798.13,338.409,1.0,804.572,336.184,1.0,802.749,329.191,1.0,791.128,328.593,1.0,779.453,331.288,1.0,699.404,368.237,1.0,696.646,372.135,1.0,688.568,381.473,1.0,672.812,379.114,1.0,678.925,364.073,1.0,,,,,,,,,,,,,,,
131,569.543,386.193,1.0,576.012,384.149,1.0,585.401,379.303,1.0,588.311,371.745,1.0,596.47,367.556,1.0,668.895,436.015,1.0,670.343,443.676,1.0,671.816,455.164,1.0,674.288,459.562,1.0,685.909,468.051,1.0,793.896,339.071,1.0,799.751,336.184,1.0,803.081,329.191,1.0,790.722,328.593,1.0,778.841,331.575,1.0,699.404,368.237,1.0,696.647,372.135,1.0,688.568,381.473,1.0,672.812,379.114,1.0,678.771,364.07,1.0,,,,,,,,,,,,,,,
132,569.079,386.193,1.0,575.821,384.191,1.0,584.952,379.303,1.0,587.532,374.91,1.0,596.423,367.916,1.0,666.725,433.845,1.0,670.065,442.595,1.0,671.306,453.331,1.0,674.288,456.778,1.0,683.862,467.586,1.0,792.333,341.666,1.0,796.594,336.263,1.0,803.081,329.792,1.0,790.631,328.593,1.0,778.841,331.575,1.0,699.507,369.62,1.0,696.647,376.487,1.0,687.307,381.111,1.0,673.058,377.255,1.0,678.719,363.553,1.0,,,,,,,,,,,,,,,
133,569.079,386.193,1.0,576.012,384.309,1.0,584.952,379.343,1.0,586.834,374.91,1.0,596.423,367.916,1.0,666.429,433.845,1.0,669.849,442.357,1.0,671.199,452.708,1.0,674.366,456.25,1.0,683.499,467.16,1.0,790.96,350.325,1.0,796.177,336.692,1.0,803.081,330.125,1.0,790.631,328.434,1.0,778.841,332.941,1.0,699.812,372.855,1.0,696.609,376.862,1.0,687.265,380.11,1.0,674.182,375.659,1.0,678.234,363.284,1.0,,,,,,,,,,,,,,,
134,569.079,386.196,1.0,576.132,384.755,1.0,584.384,379.557,1.0,586.834,375.115,1.0,596.423,368.44,1.0,666.372,433.845,1.0,669.142,442.357,1.0,671.199,452.708,1.0,674.366,456.25,1.0,683.393,466.689,1.0,790.556,351.244,1.0,794.231,337.135,1.0,800.607,331.107,1.0,790.722,328.361,1.0,780.233,333.143,1.0,699.812,380.568,1.0,694.862,376.894,1.0,686.913,377.573,1.0,676.155,372.549,1.0,677.833,361.98,1.0,,,,,,,,,,,,,,,
135,578.801,397.397,1.0,576.228,387.211,1.0,583.616,382.763,1.0,586.687,376.245,1.0,596.423,369.3,1.0,666.429,433.867,1.0,669.142,442.595,1.0,670.994,453.331,1.0,674.366,456.25,1.0,683.233,466.338,1.0,790.194,351.244,1.0,793.545,343.451,1.0,797.745,332.576,1.0,791.176,328.252,1.0,781.84,333.198,1.0,699.812,382.135,1.0,693.429,377.551,1.0,686.913,377.332,1.0,676.349,372.549,1.0,677.736,361.553,1.0,,,,,,,,,,,,,,,
136,580.98,397.548,1.0,576.345,387.655,1.0,583.616,383.044,1.0,585.999,376.623,1.0,597.07,369.3,1.0,666.725,436.214,1.0,669.849,443.092,1.0,670.674,453.755,1.0,675.007,456.25,1.0,682.843,466.338,1.0,789.489,352.414,1.0,792.955,344.914,1.0,796.543,332.749,1.0,791.733,328.028,1.0,781.929,333.198,1.0,696.939,385.141,1.0,693.226,378.785,1.0,686.913,377.074,1.0,676.722,372.212,1.0,677.329,361.28,1.0,,,,,,,,,,,,,,,
137,580.98,398.292,1.0,576.55,388.52,1.0,583.084,383.564,1.0,585.528,376.83,1.0,597.23,369.302,1.0,669.893,436.214,1.0,670.562,443.092,1.0,670.994,454.292,1.0,675.793,456.323,1.0,682.843,466.338,1.0,785.983,353.381,1.0,792.536,346.508,1.0,795.412,334.174,1.0,791.733,328.028,1.0,782.577,333.143,1.0,689.989,388.161,1.0,691.109,379.229,1.0,688.265,377.074,1.0,676.931,372.212,1.0,677.151,361.271,1.0,,,,,,,,,,,,,,,
138,580.98,398.292,1.0,576.62,388.521,1.0,582.785,383.626,1.0,585.41,376.83,1.0,597.23,369.3,1.0,673.418,436.214,1.0,671.916,443.092,1.0,670.988,454.42,1.0,675.939,457.117,1.0,682.843,466.805,1.0,785.546,354.327,1.0,788.628,349.792,1.0,794.974,338.016,1.0,791.733,328.028,1.0,782.577,331.739,1.0,684.615,391.754,1.0,688.439,383.697,1.0,689.95,377.332,1.0,676.931,372.001,1.0,677.151,361.193,1.0,,,,,,,,,,,,,,,
139,580.667,398.292,1.0,576.698,389.165,1.0,582.688,383.827,1.0,585.059,376.623,1.0,597.23,369.076,1.0,673.418,433.923,1.0,671.916,443.057,1.0,670.457,454.42,1.0,676.448,457.516,1.0,684.773,466.805,1.0,783.086,355.785,1.0,788.628,351.892,1.0,793.977,339.437,1.0,791.733,327.671,1.0,782.577,328.61,1.0,684.221,396.158,1.0,688.317,386.65,1.0,689.95,378.31,1.0,677.876,372.186,1.0,677.151,361.271,1.0,,,,,,,,,,,,,,,
140,579.746,397.768,1.0,577.356,389.165,1.0,582.438,384.093,1.0,584.216,372.677,1.0,595.451,366.055,1.0,672.63,432.854,1.0,670.927,443.057,1.0,670.457,454.42,1.0,676.448,457.97,1.0,684.832,466.883,1.0,783.086,356.139,1.0,788.628,351.892,1.0,793.837,340.052,1.0,791.646,328.75,1.0,780.531,328.61,1.0,684.08,398.426,1.0,688.317,388.131,1.0,689.95,379.506,1.0,677.921,372.186,1.0,677.782,361.28,1.0,,,,,,,,,,,,,,,
141,579.099,397.623,1.0,577.987,389.165,1.0,582.18,384.395,1.0,583.795,372.677,1.0,591.543,366.039,1.0,671.604,432.854,1.0,670.927,443.057,1.0,670.988,454.42,1.0,676.503,458.224,1.0,684.895,466.883,1.0,783.086,356.459,1.0,788.555,352.572,1.0,792.767,340.12,1.0,791.646,328.917,1.0,780.531,328.61,1.0,683.91,398.426,1.0,687.732,388.796,1.0,689.738,379.734,1.0,678.531,372.186,1.0,677.88,361.891,1.0,,,,,,,,,,,,,,,
142,578.996,397.623,1.0,578.256,388.382,1.0,581.913,384.395,1.0,583.795,372.677,1.0,590.37,365.98,1.0,671.604,432.854,1.0,671.916,443.301,1.0,670.988,454.461,1.0,676.542,458.631,1.0,684.955,466.883,1.0,785.365,356.596,1.0,788.555,352.572,1.0,789.559,343.103,1.0,791.807,328.917,1.0,780.531,328.837,1.0,683.577,398.426,1.0,687.732,389.023,1.0,688.383,381.052,1.0,679.663,375.105,1.0,677.88,364.337,1.0,,,,,,,,,,,,,,,
143,578.899,397.768,1.0,578.307,388.382,1.0,581.647,384.395,1.0,583.848,372.8,1.0,590.075,366.039,1.0,671.134,438.976,1.0,673.763,448.911,1.0,673.177,454.77,1.0,679.182,459.667,1.0,685.48,466.924,1.0,788.023,367.998,1.0,787.751,355.591,1.0,789.489,346.108,1.0,792.719,334.227,1.0,790.135,328.855,1.0,680.126,398.17,1.0,687.753,389.46,1.0,688.168,382.218,1.0,681.329,377.474,1.0,677.88,364.827,1.0,,,,,,,,,,,,,,,
144,578.899,398.267,1.0,578.641,388.382,1.0,578.925,384.43,1.0,584.009,373.468,1.0,589.926,366.039,1.0,666.414,449.053,1.0,673.763,452.094,1.0,674.653,455.112,1.0,680.46,460.691,1.0,685.501,470.378,1.0,788.023,367.998,1.0,787.392,356.01,1.0,789.379,346.364,1.0,792.719,334.282,1.0,790.49,328.855,1.0,679.976,398.17,1.0,687.753,389.757,1.0,688.127,382.517,1.0,681.346,377.474,1.0,677.88,365.009,1.0,,,,,,,,,,,,,,,
145,578.996,399.116,1.0,578.773,389.582,1.0,578.849,384.641,1.0,584.009,374.55,1.0,589.926,368.23,1.0,661.811,449.581,1.0,673.763,452.335,1.0,675.634,455.112,1.0,681.521,460.691,1.0,686.133,471.299,1.0,788.023,367.998,1.0,787.373,356.035,1.0,789.46,346.742,1.0,792.719,334.297,1.0,791.202,329.287,1.0,679.853,398.17,1.0,687.732,389.757,1.0,687.619,383.232,1.0,682.091,378.056,1.0,678.17,365.009,1.0,,,,,,,,,,,,,,,
146,579.458,403.774,1.0,578.989,392.539,1.0,577.853,388.851,1.0,584.84,377.245,1.0,589.592,373.166,1.0,661.642,458.533,1.0,673.262,453.542,1.0,675.84,455.068,1.0,681.521,462.302,1.0,687.45,471.299,1.0,787.71,368.314,1.0,787.392,357.375,1.0,789.379,347.108,1.0,791.001,336.61,1.0,793.179,329.287,1.0,679.853,398.228,1.0,686.985,390.688,1.0,687.209,384.539,1.0,683.704,378.056,1.0,678.17,367.971,1.0,,,,,,,,,,,,,,,
147,579.621,404.324,1.0,579.47,393.348,1.0,577.371,390.494,1.0,584.973,379.134,1.0,589.401,373.523,1.0,661.642,459.708,1.0,671.956,453.754,1.0,675.84,455.112,1.0,680.46,462.302,1.0,687.873,471.299,1.0,787.075,368.652,1.0,787.373,358.835,1.0,787.788,351.25,1.0,790.208,343.271,1.0,793.397,334.461,1.0,680.126,403.053,1.0,686.657,395.679,1.0,687.016,387.507,1.0,683.881,378.072,1.0,682.275,372.191,1.0,,,,,,,,,,,,,,,
148,579.621,407.309,1.0,579.47,394.084,1.0,577.287,390.94,1.0,584.973,379.251,1.0,589.378,373.564,1.0,661.642,461.151,1.0,671.432,456.856,1.0,675.634,455.068,1.0,681.521,461.375,1.0,687.873,471.167,1.0,786.933,369.464,1.0,787.373,361.601,1.0,785.822,352.143,1.0,790.184,343.461,1.0,793.397,334.809,1.0,680.21,405.85,1.0,686.657,398.145,1.0,687.209,389.9,1.0,683.881,379.694,1.0,683.406,373.638,1.0,,,,,,,,,,,,,,,
149,579.458,407.398,1.0,579.499,394.192,1.0,577.344,391.255,1.0,584.84,379.944,1.0,589.378,373.727,1.0,661.076,462.085,1.0,668.304,458.273,1.0,674.659,455.068,1.0,680.706,461.729,1.0,687.873,471.167,1.0,786.788,369.517,1.0,787.579,361.965,1.0,784.676,352.666,1.0,790.184,343.673,1.0,793.397,335.059,1.0,682.278,411.498,1.0,686.657,400.778,1.0,687.344,390.729,1.0,683.881,380.419,1.0,683.406,373.805,1.0,,,,,,,,,,,,,,,
150,579.229,407.673,1.0,579.47,394.695,1.0,577.344,391.324,1.0,584.631,384.291,1.0,589.275,373.727,1.0,660.494,467.208,1.0,665.453,460.845,1.0,671.73,455.303,1.0,680.676,462.38,1.0,687.387,471.167,1.0,786.788,369.905,1.0,787.579,361.999,1.0,784.481,354.947,1.0,788.582,346.526,1.0,792.058,336.402,1.0,682.278,411.547,1.0,686.657,401.013,1.0,687.209,390.958,1.0,683.704,380.52,1.0,683.631,374.406,1.0,,,,,,,,,,,,,,,
151,579.229,407.675,1.0,579.352,395.008,1.0,577.344,392.051,1.0,583.397,384.687,1.0,588.92,374.384,1.0,660.494,469.036,1.0,664.681,461.104,1.0,670.46,459.71,1.0,680.676,462.35,1.0,687.206,471.498,1.0,786.753,373.427,1.0,787.252,364.714,1.0,783.813,358.402,1.0,787.134,350.944,1.0,792.014,340.8,1.0,682.278,411.576,1.0,686.657,402.754,1.0,686.874,393.995,1.0,683.881,384.586,1.0,683.645,378.458,1.0,,,,,,,,,,,,,,,
152,579.229,408.756,1.0,577.967,400.347,1.0,578.384,393.982,1.0,582.887,384.862,1.0,586.213,379.608,1.0,660.174,469.036,1.0,664.24,461.152,1.0,670.15,460.112,1.0,680.676,461.729,1.0,687.128,471.498,1.0,786.598,382.402,1.0,786.343,369.716,1.0,783.813,360.88,1.0,786.911,353.231,1.0,789.597,344.369,1.0,682.048,412.409,1.0,685.507,408.205,1.0,683.888,395.862,1.0,684.039,389.265,1.0,684.25,380.907,1.0,,,,,,,,,,,,,,,
153,579.229,414.167,1.0,577.496,402.933,1.0,578.384,394.036,1.0,582.108,386.386,1.0,586.081,380.6,1.0,657.69,469.036,1.0,663.313,461.648,1.0,669.373,460.337,1.0,680.359,461.729,1.0,686.711,471.498,1.0,786.598,382.402,1.0,786.343,370.259,1.0,784.543,361.464,1.0,786.65,353.632,1.0,789.142,344.504,1.0,680.608,412.495,1.0,685.507,409.835,1.0,683.846,396.601,1.0,684.039,390.916,1.0,684.484,381.927,1.0,,,,,,,,,,,,,,,
154,579.048,415.004,1.0,577.466,403.523,1.0,578.384,394.445,1.0,581.464,386.587,1.0,584.955,380.724,1.0,657.69,467.913,1.0,663.313,461.648,1.0,669.373,460.337,1.0,680.359,461.265,1.0,686.711,470.842,1.0,786.753,382.402,1.0,786.343,370.775,1.0,784.543,361.546,1.0,786.65,353.75,1.0,789.057,344.558,1.0,680.608,412.636,1.0,685.134,409.835,1.0,683.798,397.004,1.0,684.039,391.587,1.0,684.83,383.428,1.0,,,,,,,,,,,,,,,
155,578.86,415.006,1.0,577.216,404.532,1.0,578.225,394.983,1.0,579.893,387.045,1.0,584.259,380.831,1.0,657.69,467.434,1.0,664.681,461.648,1.0,669.373,460.337,1.0,679.034,461.265,1.0,686.711,470.726,1.0,788.051,382.303,1.0,786.841,370.951,1.0,784.606,361.557,1.0,786.65,353.854,1.0,789.057,345.052,1.0,680.608,412.636,1.0,683.918,409.914,1.0,683.685,398.398,1.0,684.039,393.101,1.0,684.83,384.959,1.0,,,,,,,,,,,,,,,
156,578.221,415.006,1.0,577.216,405.171,1.0,578.225,395.215,1.0,579.267,387.513,1.0,584.214,380.831,1.0,661.294,467.434,1.0,665.684,459.613,1.0,672.868,457.277,1.0,678.507,461.265,1.0,687.599,470.694,1.0,795.248,382.303,1.0,789.988,372.69,1.0,785.196,363.395,1.0,786.805,355.977,1.0,788.885,345.386,1.0,681.386,418.188,1.0,681.601,411.187,1.0,683.796,401.829,1.0,683.17,393.387,1.0,684.995,387.046,1.0,,,,,,,,,,,,,,,
157,578.193,415.004,1.0,577.466,405.367,1.0,578.225,396.115,1.0,578.887,388.171,1.0,584.194,380.724,1.0,662.147,461.927,1.0,668.562,457.25,1.0,675.028,457.277,1.0,673.942,466.31,1.0,689.4,470.291,1.0,797.304,382.303,1.0,792.908,373.693,1.0,786.411,364.283,1.0,786.805,358.162,1.0,788.441,346.449,1.0,682.98,429.989,1.0,681.601,416.115,1.0,683.785,405.646,1.0,682.771,395.296,1.0,684.83,388.789,1.0,,,,,,,,,,,,,,,
158,576.653,415.004,1.0,577.216,405.618,1.0,578.225,397.354,1.0,578.032,389.503,1.0,584.131,381.54,1.0,662.578,457.518,1.0,669.002,457.25,1.0,675.822,457.277,1.0,673.553,466.878,1.0,689.4,470.291,1.0,802.091,382.46,1.0,795.928,377.241,1.0,788.123,366.652,1.0,786.805,360.035,1.0,788.441,347.605,1.0,682.98,429.989,1.0,681.601,416.299,1.0,683.38,405.921,1.0,682.561,395.676,1.0,684.645,388.951,1.0,,,,,,,,,,,,,,,
159,574.616,415.006,1.0,577.15,405.703,1.0,578.225,400.069,1.0,577.753,391.465,1.0,584.097,382.885,1.0,662.578,457.13,1.0,671.717,456.451,1.0,675.822,457.277,1.0,673.4,466.878,1.0,689.4,470.291,1.0,802.225,382.46,1.0,796.271,377.6,1.0,788.123,366.652,1.0,786.638,360.245,1.0,788.149,348.117,1.0,682.98,430.632,1.0,681.467,416.741,1.0,683.38,407.579,1.0,681.369,397.057,1.0,684.56,390.133,1.0,,,,,,,,,,,,,,,
160,573.786,415.323,1.0,576.931,407.245,1.0,575.347,400.635,1.0,577.753,391.937,1.0,582.462,382.885,1.0,662.147,453.064,1.0,671.717,456.449,1.0,675.822,457.277,1.0,672.577,466.31,1.0,688.665,471.359,1.0,802.263,382.5,1.0,796.279,377.6,1.0,788.47,366.707,1.0,785.928,361.214,1.0,787.545,348.793,1.0,,432.528,0.0,681.467,417.834,1.0,683.38,409.076,1.0,681.369,402.081,1.0,684.56,396.031,1.0,,,,,,,,,,,,,,,
161,573.649,415.457,1.0,576.81,408.262,1.0,575.347,401.061,1.0,577.48,392.428,1.0,582.265,382.498,1.0,,,0.0,671.717,454.476,1.0,674.263,457.2,1.0,672.577,465.742,1.0,687.548,471.767,1.0,802.417,382.597,1.0,798.098,377.6,1.0,788.847,366.707,1.0,785.527,361.756,1.0,787.51,350.255,1.0,676.138,432.703,1.0,681.356,421.89,1.0,681.968,412.463,1.0,680.674,406.108,1.0,684.311,398.321,1.0,,,,,,,,,,,,,,,
162,573.337,416.826,1.0,576.751,408.262,1.0,575.347,400.635,1.0,577.338,392.554,1.0,581.69,382.498,1.0,,,0.0,,,0.0,672.51,457.2,1.0,672.577,465.742,1.0,687.548,471.767,1.0,808.195,382.886,1.0,799.622,375.948,1.0,791.678,371.213,1.0,785.393,364.087,1.0,787.006,354.461,1.0,675.594,432.703,1.0,675.776,421.89,1.0,681.968,412.542,1.0,680.245,406.261,1.0,684.149,398.321,1.0,,,,,,,,,,,,,,,
163,571.2,416.826,1.0,576.421,408.262,1.0,575.347,400.635,1.0,576.612,392.606,1.0,582.265,382.498,1.0,,,0.0,,,0.0,672.385,457.2,1.0,684.124,465.742,1.0,687.548,471.767,1.0,808.245,382.946,1.0,801.961,375.664,1.0,792.9,371.457,1.0,784.885,364.761,1.0,785.834,354.506,1.0,675.594,432.703,1.0,675.384,,1.0,681.968,412.856,1.0,680.674,406.488,1.0,684.149,399.279,1.0,,,,,,,,,,,,,,,
164,570.787,416.504,1.0,576.421,406.93,1.0,575.621,399.699,1.0,576.284,392.606,1.0,582.177,382.409,1.0,,,0.0,669.785,447.445,1.0,671.555,457.526,1.0,684.124,466.047,1.0,687.939,471.536,1.0,808.527,383.1,1.0,801.961,375.597,1.0,792.9,371.606,1.0,784.885,365.425,1.0,784.462,356.618,1.0,675.594,433.091,1.0,,,0.0,682.024,413.047,1.0,681.384,408.599,1.0,683.109,399.282,1.0,,,,,,,,,,,,,,,
165,570.787,415.457,1.0,576.421,406.214,1.0,575.769,399.699,1.0,576.284,392.606,1.0,582.177,381.969,1.0,,,0.0,,,0.0,670.597,458.641,1.0,684.124,466.172,1.0,688.619,471.536,1.0,808.527,383.214,1.0,802.391,375.664,1.0,793.382,372.145,1.0,784.885,365.456,1.0,784.411,356.699,1.0,680.373,440.949,1.0,672.035,443.871,1.0,682.104,419.104,1.0,682.704,409.406,1.0,682.976,402.615,1.0,,,,,,,,,,,,,,,
166,571.2,415.035,1.0,576.459,406.214,1.0,575.769,399.497,1.0,576.284,392.606,1.0,582.177,381.955,1.0,,,0.0,,,0.0,669.807,460.391,1.0,681.031,466.172,1.0,688.635,471.536,1.0,808.746,383.264,1.0,802.391,375.948,1.0,793.382,372.751,1.0,786.373,366.432,1.0,784.411,358.827,1.0,682.23,443.195,1.0,672.035,443.744,1.0,683.008,421.992,1.0,682.704,410.478,1.0,682.551,403.144,1.0,,,,,,,,,,,,,,,
167,578.509,411.239,1.0,578.823,406.451,1.0,575.769,399.497,1.0,576.875,393.125,1.0,582.177,381.645,1.0,,,0.0,,,0.0,669.807,460.391,1.0,680.664,466.172,1.0,688.635,471.536,1.0,808.746,383.971,1.0,801.961,375.597,1.0,792.9,372.751,1.0,786.977,366.432,1.0,783.544,359.714,1.0,682.602,443.854,1.0,672.035,443.738,1.0,683.305,421.992,1.0,682.704,410.541,1.0,682.402,403.518,1.0,,,,,,,,,,,,,,,
168,584.52,408.27,1.0,578.986,406.93,1.0,575.769,399.019,1.0,576.875,393.125,1.0,581.845,381.645,1.0,,,0.0,,,0.0,669.807,460.391,1.0,679.342,464.238,1.0,688.635,471.523,1.0,807.91,383.971,1.0,801.945,375.517,1.0,793.014,372.751,1.0,787.34,366.432,1.0,783.544,359.714,1.0,683.349,443.996,1.0,674.67,442.624,1.0,683.305,421.992,1.0,682.685,411.004,1.0,682.402,403.591,1.0,,,,,,,,,,,,,,,
169,585.78,407.797,1.0,584.2,407.263,1.0,573.82,397.852,1.0,576.896,394.354,1.0,581.816,381.609,1.0,,,0.0,,,0.0,671.828,459.733,1.0,678.595,462.703,1.0,688.34,471.523,1.0,805.9,383.971,1.0,801.945,374.402,1.0,793.014,372.511,1.0,787.34,366.166,1.0,782.818,359.714,1.0,683.349,443.996,1.0,674.67,442.446,1.0,683.174,421.676,1.0,681.304,411.004,1.0,682.402,403.518,1.0,,,,,,,,,,,,,,,
170,586.686,407.103,1.0,584.89,407.263,1.0,573.82,397.852,1.0,576.875,394.354,1.0,581.816,381.609,1.0,,,0.0,,,0.0,672.407,458.03,1.0,678.296,460.729,1.0,686.884,470.018,1.0,799.067,380.954,1.0,800.668,374.402,1.0,791.517,371.838,1.0,786.977,366.155,1.0,780.537,356.809,1.0,682.602,443.195,1.0,674.67,440.581,1.0,683.174,417.943,1.0,677.283,411.004,1.0,682.321,403.518,1.0,,,,,,,,,,,,,,,
171,590.174,406.73,1.0,587.683,407.263,1.0,573.82,397.852,1.0,576.561,394.354,1.0,581.845,381.733,1.0,688.514,442.667,1.0,684.273,438.879,1.0,672.407,456.946,1.0,678.132,460.595,1.0,686.031,469.429,1.0,797.669,378.908,1.0,800.668,374.054,1.0,791.511,371.022,1.0,785.839,365.048,1.0,779.758,356.781,1.0,,,,,,,,,,,,,,,,,,,,,,,,,,,,,,
172,594.009,406.906,1.0,589.483,406.965,1.0,574.556,398.817,1.0,576.094,394.354,1.0,581.845,382.442,1.0,688.079,442.667,1.0,684.25,438.879,1.0,672.407,456.946,1.0,678.132,460.156,1.0,685.789,469.01,1.0,796.748,375.139,1.0,800.668,370.886,1.0,791.511,371.022,1.0,784.948,364.89,1.0,779.406,356.68,1.0,,,,,,,,,,,,,,,,,,,,,,,,,,,,,,
173,597.183,407.103,1.0,591.808,406.795,1.0,575.767,399.992,1.0,575.999,394.354,1.0,581.816,384.203,1.0,686.452,442.667,1.0,683.629,438.879,1.0,673.029,456.227,1.0,678.132,460.105,1.0,685.536,468.867,1.0,796.748,378.19,1.0,799.483,372.626,1.0,791.415,371.022,1.0,784.709,364.221,1.0,779.758,356.385,1.0,,,,,,,,,,,,,,,,,,,,,,,,,,,,,,
174,597.301,407.103,1.0,592.6,406.684,1.0,576.878,399.992,1.0,575.999,393.859,1.0,581.501,385.756,1.0,684.842,444.736,1.0,678.484,440.243,1.0,673.029,456.227,1.0,678.132,417.155,1.0,683.772,410.115,1.0,796.748,378.19,1.0,796.753,372.626,1.0,791.277,371.022,1.0,784.285,363.861,1.0,779.172,355.929,1.0,,,,,,,,,,,,,,,,,,,,,,,,,,,,,,
175,599.463,408.046,1.0,594.609,406.429,1.0,579.032,399.992,1.0,576.094,393.859,1.0,581.208,385.756,1.0,684.842,444.753,1.0,676.198,440.567,1.0,672.519,456.946,1.0,678.132,417.155,1.0,682.297,410.115,1.0,795.374,378.19,1.0,796.753,372.626,1.0,791.364,370.84,1.0,784.285,363.395,1.0,778.841,355.802,1.0,,,,,,,,,,,,,,,,,,,,,,,,,,,,,,
176,599.463,408.888,1.0,595.144,405.885,1.0,580.599,399.239,1.0,577.368,392.564,1.0,580.747,386.325,1.0,682.983,445.421,1.0,676.071,440.816,1.0,674.339,458.486,1.0,677.952,417.155,1.0,682.297,410.115,1.0,791.791,379.622,1.0,793.335,373.945,1.0,791.364,368.535,1.0,784.948,362.946,1.0,779.172,354.49,1.0,,,,,,,,,,,,,,,,,,,,,,,,,,,,,,
177,599.506,408.888,1.0,595.144,406.429,1.0,581.155,399.1,1.0,577.623,392.564,1.0,580.476,386.352,1.0,682.282,446.308,1.0,675.784,441.065,1.0,674.339,456.984,1.0,677.952,418.394,1.0,682.297,412.245,1.0,789.498,382.471,1.0,792.852,374.502,1.0,791.364,368.535,1.0,785.326,362.544,1.0,780.204,353.745,1.0,,,,,,,,,,,,,,,,,,,,,,,,,,,,,,
178,599.506,409.195,1.0,595.144,406.429,1.0,582.32,399.1,1.0,577.795,392.564,1.0,580.476,386.352,1.0,680.761,447.801,1.0,675.593,441.598,1.0,673.775,456.984,1.0,677.952,420.884,1.0,682.297,413.937,1.0,780.999,382.498,1.0,788.145,374.502,1.0,791.434,368.535,1.0,786.466,362.336,1.0,784.849,353.662,1.0,,,,,,,,,,,,,,,,,,,,,,,,,,,,,,
179,602.778,409.362,1.0,591.657,408.564,1.0,583.84,399.1,1.0,578.834,393.406,1.0,577.886,387.849,1.0,676.438,449.875,1.0,675.054,448.131,1.0,672.736,457.187,1.0,679.445,421.844,1.0,683.464,415.021,1.0,777.788,383.508,1.0,784.859,373.945,1.0,791.434,370.315,1.0,787.442,362.082,1.0,784.919,353.662,1.0,,,,,,,,,,,,,,,,,,,,,,,,,,,,,,
180,603.337,410.107,1.0,591.172,409.631,1.0,586.072,401.21,1.0,581.361,396.386,1.0,576.421,391.805,1.0,659.116,449.941,1.0,673.77,449.035,1.0,673.496,456.984,1.0,679.445,459.598,1.0,686.712,469.853,1.0,777.728,383.691,1.0,782.564,374.502,1.0,791.434,370.57,1.0,787.442,362.082,1.0,784.919,353.435,1.0,,,,,,,,,,,,,,,,,,,,,,,,,,,,,,
181,604.488,410.107,1.0,591.172,409.687,1.0,586.31,402.253,1.0,581.481,396.669,1.0,573.647,392.959,1.0,659.116,449.875,1.0,670.729,449.495,1.0,673.496,456.361,1.0,679.445,459.931,1.0,686.712,469.853,1.0,776.395,386.268,1.0,782.564,374.502,1.0,790.675,371.057,1.0,787.57,362.082,1.0,784.849,353.328,1.0,,,,,,,,,,,,,,,,,,,,,,,,,,,,,,
182,604.665,410.107,1.0,591.392,410.168,1.0,586.384,402.376,1.0,581.886,396.788,1.0,572.379,393.969,1.0,658.623,449.875,1.0,670.43,452.534,1.0,673.496,454.119,1.0,679.081,459.931,1.0,686.712,469.853,1.0,775.264,389.101,1.0,782.319,377.078,1.0,788.149,372.691,1.0,787.57,363.374,1.0,784.462,353.257,1.0,,,,,,,,,,,,,,,,,,,,,,,,,,,,,,
183,605.107,410.019,1.0,591.657,410.168,1.0,586.455,402.73,1.0,582.049,397.008,1.0,572.379,394.015,1.0,656.905,448.23,1.0,670.077,452.534,1.0,675.355,450.889,1.0,679.081,459.634,1.0,686.43,466.803,1.0,774.944,389.101,1.0,781.745,377.091,1.0,787.959,372.814,1.0,787.321,363.809,1.0,784.423,353.257,1.0,,,,,,,,,,,,,,,,,,,,,,,,,,,,,,
184,605.494,410.019,1.0,592.811,410.168,1.0,587.258,402.878,1.0,582.049,397.103,1.0,572.379,394.015,1.0,656.905,448.23,1.0,668.249,452.561,1.0,676.72,449.378,1.0,679.016,459.634,1.0,681.058,427.814,1.0,774.897,389.101,1.0,781.745,377.308,1.0,786.97,373.124,1.0,787.141,363.853,1.0,784.283,353.257,1.0,,,,,,,,,,,,,,,,,,,,,,,,,,,,,,
185,605.766,410.019,1.0,595.301,409.932,1.0,588.958,403.396,1.0,582.602,397.423,1.0,573.029,394.602,1.0,655.52,447.129,1.0,667.659,452.534,1.0,676.72,444.948,1.0,678.818,429.6,1.0,679.379,427.31,1.0,773.316,388.871,1.0,778.905,377.462,1.0,785.424,374.191,1.0,786.875,365.374,1.0,784.283,354.332,1.0,,,,,,,,,,,,,,,,,,,,,,,,,,,,,,
186,607.153,410.381,1.0,598.011,405.744,1.0,591.369,405.305,1.0,582.602,399.292,1.0,578.572,394.721,1.0,682.05,459.089,1.0,670.43,452.971,1.0,676.72,449.378,1.0,677.586,446.22,1.0,678.915,427.814,1.0,769.186,381.141,1.0,777.236,378.423,1.0,784.358,374.191,1.0,786.857,366.15,1.0,784.159,354.653,1.0,,,,,,,,,,,,,,,,,,,,,,,,,,,,,,
187,607.56,410.381,1.0,602.649,405.46,1.0,595.556,405.985,1.0,582.602,400.017,1.0,579.524,394.886,1.0,682.122,463.583,,684.313,459.043,,,450.406,,679.163,443.693,,679.226,431.952,,767.149,381.141,1.0,774.196,382.697,1.0,782.904,375.193,1.0,786.576,368.577,1.0,781.364,360.985,1.0,,,,,,,,,,,,,,,,,,,,,,,,,,,,,,
188,607.56,410.46,1.0,602.649,405.365,1.0,595.556,406.075,1.0,582.312,400.732,1.0,579.524,394.906,1.0,682.122,464.934,1.0,686.229,459.7,1.0,674.709,452.029,1.0,681.893,446.22,1.0,680.993,434.18,1.0,766.748,381.141,1.0,774.196,383.056,1.0,782.272,375.193,1.0,785.766,368.577,1.0,781.364,361.743,1.0,,,,,,,,,,,,,,,,,,,,,,,,,,,,,,
189,607.983,410.483,1.0,602.942,405.365,1.0,595.729,406.075,1.0,582.312,400.732,1.0,579.639,395.009,1.0,682.05,464.934,1.0,686.229,459.7,1.0,674.709,452.029,1.0,681.255,444.974,1.0,680.451,433.476,1.0,766.552,382.306,1.0,773.907,383.873,1.0,781.896,374.16,1.0,785.567,368.577,1.0,781.364,362.192,1.0,,,,,,,,,,,,,,,,,,,,,,,,,,,,,,
190,607.983,410.483,1.0,602.977,405.365,1.0,595.729,406.085,1.0,582.312,401.064,1.0,579.639,395.009,1.0,682.05,464.934,1.0,686.229,459.7,1.0,674.488,452.029,1.0,677.453,444.974,1.0,680.451,433.476,1.0,766.408,382.844,1.0,773.781,383.873,1.0,781.668,374.16,1.0,785.567,368.069,1.0,781.601,362.192,1.0,,,,,,,,,,,,,,,,,,,,,,,,,,,,,,
191,608.968,412.577,1.0,603.49,405.365,1.0,596.111,406.337,1.0,582.37,401.115,1.0,579.639,394.906,1.0,682.122,465.516,1.0,687.027,460.483,1.0,674.433,453.385,1.0,677.453,444.974,1.0,680.7,434.18,1.0,764.699,383.535,1.0,773.715,383.873,1.0,780.975,374.903,1.0,785.224,368.069,1.0,781.706,361.743,1.0,,,,,,,,,,,,,,,,,,,,,,,,,,,,,,
192,609.358,412.594,1.0,605.322,405.543,1.0,597.278,407.451,1.0,584.484,401.492,1.0,581.585,395.89,1.0,681.658,465.516,1.0,688.302,462.855,1.0,666.38,453.385,1.0,677.016,446.969,1.0,680.993,434.722,1.0,763.93,383.778,1.0,772.183,384.369,1.0,779.366,374.903,1.0,785.224,368.069,1.0,782.595,362.074,1.0,,,,,,,,,,,,,,,,,,,,,,,,,,,,,,
193,613.665,412.594,1.0,607.347,407.078,1.0,598.505,408.228,1.0,586.3,404.051,1.0,584.284,397.217,1.0,681.582,465.516,1.0,694.883,463.67,1.0,655.867,453.385,1.0,675.444,448.069,1.0,681.05,437.41,1.0,763.627,385.772,1.0,771.562,384.369,1.0,778.594,379.382,1.0,783.948,371.336,1.0,787.36,362.192,1.0,,,,,,,,,,,,,,,,,,,,,,,,,,,,,,
194,613.665,412.577,1.0,607.347,407.212,1.0,598.626,408.35,1.0,586.788,404.18,1.0,584.284,398.446,1.0,643.677,450.317,1.0,694.883,463.67,1.0,655.82,452.482,1.0,675.395,448.88,1.0,681.05,438.062,1.0,761.629,393.896,1.0,767.544,385.33,1.0,778.491,380.382,1.0,781.984,371.895,1.0,788.234,363.352,1.0,,,,,,,,,,,,,,,,,,,,,,,,,,,,,,
195,613.836,412.198,1.0,607.347,407.47,1.0,598.626,408.35,1.0,586.788,404.467,1.0,584.284,398.539,1.0,643.328,450.317,1.0,694.883,462.855,1.0,655.128,452.474,1.0,674.46,448.88,1.0,681.05,438.711,1.0,761.595,394.207,1.0,766.903,385.454,1.0,778.483,380.731,1.0,781.826,371.99,1.0,788.607,363.352,1.0,,,,,,,,,,,,,,,,,,,,,,,,,,,,,,
196,613.836,412.198,1.0,607.347,407.568,1.0,598.626,408.35,1.0,586.788,404.5,1.0,584.284,398.749,1.0,642.606,450.317,1.0,651.238,448.731,1.0,653.036,452.129,1.0,673.718,448.88,1.0,676.567,445.501,1.0,761.595,394.307,1.0,766.841,385.827,1.0,777.284,380.997,1.0,780.948,372.382,1.0,788.607,363.599,1.0,,,,,,,,,,,,,,,,,,,,,,,,,,,,,,
197,612.363,412.198,1.0,607.295,408.125,1.0,598.77,408.35,1.0,586.788,404.673,1.0,584.159,398.539,1.0,642.082,450.421,1.0,647.321,448.116,1.0,652.865,451.818,1.0,,458.841,0.0,673.741,450.034,1.0,761.595,394.529,1.0,766.903,385.877,1.0,776.875,381.06,1.0,780.454,373.022,1.0,788.607,364.292,1.0,,,,,,,,,,,,,,,,,,,,,,,,,,,,,,
198,601.575,414.271,1.0,607.095,408.144,1.0,598.77,408.663,1.0,586.824,404.81,1.0,583.906,398.539,1.0,640.816,450.982,1.0,647.321,448.116,1.0,651.833,450.291,1.0,,,0.0,673.741,450.305,1.0,761.492,394.835,1.0,767.544,386.206,1.0,775.392,382.153,1.0,778.091,373.022,1.0,786.595,365.487,1.0,,,,,,,,,,,,,,,,,,,,,,,,,,,,,,
199,601.36,425.097,1.0,606.98,415.165,1.0,600.462,412.02,1.0,587.85,405.652,1.0,584.159,398.539,1.0,640.677,451.123,1.0,647.321,448.731,1.0,651.833,450.06,1.0,678.736,458.943,1.0,673.741,450.618,1.0,758.771,398.32,1.0,767.172,389.491,1.0,772.47,382.153,1.0,778.091,373.022,1.0,785.716,367.471,1.0,,,,,,,,,,,,,,,,,,,,,,,,,,,,,,
200,601.36,428.014,1.0,606.98,416.694,1.0,600.462,412.937,1.0,588.369,406.164,1.0,581.445,398.749,1.0,640.677,452.278,1.0,650.372,449.128,1.0,652.865,448.144,1.0,661.303,458.841,1.0,672.336,450.618,1.0,758.01,398.32,1.0,767.669,390.756,1.0,771.755,383.859,1.0,778.091,372.785,1.0,784.775,368.264,1.0,,,,,,,,,,,,,,,,,,,,,,,,,,,,,,
201,600.742,428.014,1.0,606.98,416.694,1.0,600.462,412.937,1.0,588.369,406.164,1.0,581.445,399.214,1.0,640.816,452.482,1.0,650.372,450.852,1.0,652.865,448.144,1.0,659.217,454.996,1.0,671.825,450.305,1.0,756.767,398.503,1.0,767.669,391.018,1.0,771.45,383.998,1.0,778.091,372.785,1.0,784.639,368.601,1.0,,,,,,,,,,,,,,,,,,,,,,,,,,,,,,
202,601.36,428.014,1.0,606.98,416.694,1.0,600.433,412.937,1.0,587.85,405.652,1.0,581.739,399.214,1.0,646.951,459.865,1.0,650.372,452.551,1.0,651.188,447.247,1.0,,,0.0,,,0.0,756.767,398.503,1.0,767.669,391.018,1.0,771.166,384.483,1.0,778.091,372.785,1.0,784.639,368.631,1.0,,,,,,,,,,,,,,,,,,,,,,,,,,,,,,
203,601.522,416.376,1.0,606.98,405.351,1.0,598.391,409.724,1.0,585.076,405.134,1.0,583.328,399.214,1.0,650.503,462.247,1.0,650.831,454.043,1.0,650.549,447.247,1.0,,,0.0,,,0.0,756.767,398.503,1.0,767.172,391.477,1.0,770.301,384.852,1.0,778.033,372.833,1.0,783.876,368.932,1.0,,,,,,,,,,,,,,,,697.687,484.606,1.0,691.805,477.051,1.0,692.223,467.834,1.0,682.994,455.924,1.0,686.027,451.718,1.0
204,605.179,416.334,1.0,606.721,405.351,1.0,597.976,408.891,1.0,584.779,405.134,1.0,581.739,397.937,1.0,650.87,462.502,1.0,650.831,454.043,1.0,649.757,447.247,1.0,,,0.0,,,0.0,757.673,399.597,1.0,766.497,391.195,1.0,770.301,384.852,1.0,777.756,372.835,1.0,783.876,369.292,1.0,,,,,,,,,,,,,,,,696.686,484.606,1.0,691.805,477.051,1.0,692.223,467.828,1.0,682.629,455.924,1.0,685.788,451.718,1.0
205,605.179,411.391,1.0,605.779,405.351,1.0,597.392,408.072,1.0,584.613,405.134,1.0,581.739,397.937,1.0,651.088,462.502,1.0,650.831,454.737,1.0,649.757,448.035,1.0,,,0.0,,,0.0,764.372,399.597,1.0,766.497,391.195,1.0,769.36,384.852,1.0,776.62,372.896,1.0,783.876,369.292,1.0,,,,,,,,,,,,,,,,694.785,484.606,1.0,691.72,477.051,1.0,692.021,467.828,1.0,682.503,455.924,1.0,685.599,451.718,1.0
206,605.179,401.791,1.0,603.986,409.81,1.0,597.392,408.651,1.0,584.525,406.338,1.0,582.19,397.937,1.0,651.088,462.502,1.0,650.831,454.737,1.0,649.699,448.035,1.0,,,0.0,,,0.0,764.833,399.774,1.0,767.198,391.195,1.0,768.482,383.645,1.0,776.486,373.534,1.0,784.109,369.136,1.0,,,,,,,,,,,,,,,,687.932,484.606,1.0,691.27,477.377,1.0,691.304,467.697,1.0,681.97,456.875,1.0,685.462,452.49,1.0
207,605.179,401.745,1.0,603.541,409.81,1.0,597.392,408.072,1.0,584.525,406.87,1.0,582.19,399.253,1.0,651.088,462.502,1.0,650.831,454.737,1.0,649.683,448.035,1.0,,,0.0,,,0.0,769.39,400.127,1.0,767.198,391.931,1.0,768.406,383.645,1.0,776.486,373.588,1.0,784.109,369.136,1.0,,,,,,,,,,,,,,,,687.39,482.012,1.0,689.613,484.197,1.0,686.999,466.145,1.0,680.091,458.675,1.0,684.934,454.327,1.0
208,605.179,399.416,1.0,603.033,409.81,1.0,597.392,408.072,1.0,584.51,406.87,1.0,582.19,399.253,1.0,,,,,,,,,,,,,,,,771.393,402.359,1.0,767.198,391.479,1.0,768.406,383.645,1.0,776.433,373.588,1.0,784.268,369.292,1.0,,,,,,,,,,,,,,,,653.392,474.543,1.0,689.613,484.953,1.0,652.809,458.169,1.0,679.801,463.465,1.0,676.684,454.563,1.0
209,605.937,398.159,1.0,603.033,407.276,1.0,597.392,408.072,1.0,584.51,406.91,1.0,582.354,399.253,1.0,,,,,,,,,,,,,,,,773.063,402.359,1.0,769.508,391.931,1.0,768.406,385.487,1.0,775.684,375.138,1.0,784.402,371.251,1.0,,,,,,,,,,,,,,,,653.392,474.543,1.0,689.613,485.375,1.0,652.809,458.169,1.0,679.801,463.465,1.0,676.6,454.563,1.0
210,606.033,398.09,1.0,602.92,406.388,1.0,596.579,407.982,1.0,584.612,406.91,1.0,583.169,398.998,1.0,,,,,,,,,,,,,,,,773.071,404.015,1.0,770.377,393.651,1.0,768.406,386.803,1.0,772.138,384.274,1.0,784.109,374.131,1.0,,,,,,,,,,,,,,,,653.392,474.543,1.0,689.822,485.375,1.0,652.809,458.169,1.0,679.801,463.465,1.0,676.422,454.327,1.0
211,608.252,393.722,1.0,602.92,396.286,1.0,596.579,407.831,1.0,585.426,408.644,1.0,583.338,397.621,1.0,,,,,,,,,,,,,,,,773.255,405.054,1.0,770.521,395.855,1.0,767.707,387.614,1.0,771.468,384.332,1.0,783.151,374.6,1.0,,,,,,,,,,,,,,,,689.189,484.854,1.0,689.961,485.375,1.0,687.687,471.153,1.0,679.682,462.407,1.0,676.422,454.186,1.0
212,608.697,393.546,1.0,603.074,395.49,1.0,596.579,407.197,1.0,585.445,408.644,1.0,584.958,397.621,1.0,643.357,478.188,1.0,652.853,467.481,1.0,653.791,462.707,1.0,685.905,466.7,1.0,676.296,454.572,1.0,773.255,405.293,1.0,770.377,395.855,1.0,767.707,387.652,1.0,768.876,384.408,1.0,783.202,375.059,1.0,,,,,,,,,,,,,,,,694.751,484.854,1.0,689.992,483.643,1.0,689.437,472.694,1.0,,,0.0,,,0.0
213,608.784,393.185,1.0,603.473,393.528,1.0,597.078,405.322,1.0,585.856,408.806,1.0,585.097,397.621,1.0,642.885,477.321,1.0,652.561,465.735,1.0,653.653,462.252,1.0,685.475,466.7,1.0,675.489,454.572,1.0,773.255,406.527,1.0,770.377,395.934,1.0,767.707,388.023,1.0,768.853,384.708,1.0,782.777,375.059,1.0,,,,,,,,,,,,,,,,699.972,484.854,1.0,694.695,481.261,1.0,689.982,472.694,1.0,,,0.0,,,0.0
214,609.682,393.1,1.0,603.473,393.312,1.0,597.078,404.767,1.0,585.918,409.175,1.0,585.097,397.917,1.0,642.627,477.083,1.0,652.561,465.735,1.0,652.98,461.619,1.0,685.475,466.7,1.0,674.574,454.572,1.0,772.653,407.004,1.0,768.814,396.922,1.0,768.495,388.027,1.0,768.74,384.53,1.0,782.336,375.059,1.0,,,,,,,,,,,,,,,,699.972,478.893,1.0,694.695,478.483,1.0,689.982,472.566,1.0,,,0.0,,,0.0
215,611.341,391.599,1.0,604.146,391.941,1.0,597.61,404.767,1.0,591.345,408.904,1.0,585.205,399.329,1.0,642.567,477.083,1.0,646.821,465.735,1.0,652.814,461.794,1.0,685.475,466.7,1.0,672.278,454.572,1.0,772.138,415.081,1.0,768.814,400.863,1.0,769.022,391.762,1.0,767.261,384.53,1.0,779.19,377.219,1.0,,,,,,,,,,,,,,,,704.44,,1.0,697.815,478.012,1.0,689.437,472.733,1.0,,,0.0,,,0.0
216,617.27,386.723,1.0,608.177,389.439,1.0,599.842,404.767,1.0,594.666,408.962,1.0,585.506,400.991,1.0,642.494,477.083,1.0,646.116,465.735,1.0,652.622,462.252,1.0,685.957,467.682,1.0,675.133,,1.0,771.791,415.081,1.0,768.43,401.416,1.0,769.022,392.483,1.0,766.075,386.595,1.0,778.748,379.16,1.0,,,,,,,,,,,,,,,,707.303,478.543,,698.294,,,,474.2,,,,,,,
217,617.291,386.145,1.0,608.707,389.387,1.0,600.553,405.908,1.0,595.143,408.962,1.0,585.618,401.602,1.0,642.494,477.083,1.0,645.938,465.735,1.0,652.383,462.252,1.0,685.957,467.682,0.0,672.278,,0.0,770.749,415.146,1.0,768.43,403.619,1.0,769.022,393.844,1.0,765.068,386.78,1.0,776.711,379.947,1.0,,,,,,,,,,,,,,,,708.678,478.971,1.0,698.85,474.534,1.0,689.973,474.677,1.0,,469.671,1.0,676.042,,1.0
218,617.797,385.295,1.0,608.707,389.387,1.0,600.517,405.908,1.0,595.143,408.904,1.0,585.618,403.084,1.0,642.154,477.023,1.0,645.434,466.199,1.0,651.91,462.284,1.0,685.957,469.72,1.0,675.133,454.547,1.0,770.225,415.081,1.0,768.642,403.936,1.0,769.402,393.894,1.0,764.052,386.794,1.0,775.298,380.056,1.0,,,,,,,,,,,,,,,,708.678,478.971,1.0,698.85,474.185,1.0,689.973,474.2,1.0,686.194,,0.0,,454.192,0.0
219,617.922,384.813,1.0,608.707,389.311,1.0,600.716,405.908,1.0,595.441,408.704,1.0,585.702,403.116,1.0,642.154,476.947,1.0,645.434,465.538,1.0,651.91,462.284,1.0,,,0.0,,,0.0,770.185,414.965,1.0,768.642,403.981,1.0,768.776,394.006,1.0,764.043,387.031,1.0,774.397,380.056,1.0,,,,,,,,,,,,,,,,708.678,478.971,1.0,698.85,473.502,1.0,689.973,473.592,1.0,686.194,468.717,1.0,687.466,457.781,1.0
220,617.951,384.736,1.0,608.707,389.311,1.0,600.92,405.843,1.0,595.441,408.576,1.0,586.068,403.244,1.0,641.977,476.356,1.0,645.002,465.538,1.0,652.383,462.284,1.0,,,0.0,,,0.0,770.185,414.965,1.0,768.642,404.364,1.0,768.709,394.892,1.0,764.043,387.6,1.0,773.854,381.154,1.0,,,,,,,,,,,,,,,,708.706,478.971,1.0,699.12,472.485,1.0,690.143,473.592,1.0,685.918,468.295,1.0,675.454,456.818,1.0
221,618.344,384.675,1.0,608.232,389.442,1.0,601.822,404.45,1.0,597.197,407.247,1.0,586.939,403.382,1.0,641.216,462.924,1.0,644.582,460.453,1.0,652.997,459.464,1.0,,,0.0,,,0.0,770.225,415.146,1.0,769.642,407.233,1.0,768.709,396.989,1.0,764.052,390.167,1.0,773.053,382.714,1.0,,,,,,,,,,,,,,,,711.246,478.971,1.0,703.322,472.352,1.0,692.177,473.592,1.0,674.613,460.769,1.0,675.017,456.818,1.0
222,617.951,384.675,1.0,608.232,389.777,1.0,603.841,402.712,1.0,597.197,405.498,1.0,589.185,404.855,1.0,640.237,460.199,1.0,644.582,459.579,1.0,652.997,459.464,1.0,,,0.0,,,0.0,778.139,414.965,1.0,771.444,407.646,1.0,768.776,396.989,1.0,765.385,391.777,1.0,773.053,382.714,1.0,,,,,,,,,,,,,,,,716.441,476.322,1.0,707.118,472.352,1.0,696.054,477.285,1.0,658.996,456.475,1.0,675.017,456.818,1.0
223,618.12,384.675,1.0,608.885,389.777,1.0,604.68,399.932,1.0,597.197,403.777,1.0,589.513,406.014,1.0,639.095,455.357,1.0,643.513,458.949,1.0,652.997,459.464,1.0,,,0.0,,,0.0,778.139,414.965,1.0,771.444,407.646,1.0,767.983,396.989,1.0,765.385,391.777,1.0,773.053,382.881,1.0,,,,,,,,,,,,,,,,717.317,476.002,1.0,708.715,472.113,1.0,698.169,477.716,1.0,674.613,460.769,1.0,675.017,456.818,1.0
224,618.12,385.893,1.0,610.139,389.777,1.0,606.003,397.195,1.0,595.47,400.934,1.0,589.595,410.891,1.0,635.833,455.306,1.0,642.185,457.485,1.0,651.785,461.614,1.0,658.104,454.684,1.0,674.05,459.693,1.0,778.139,413.762,1.0,771.444,408.667,1.0,767.983,396.04,1.0,765.385,391.777,1.0,773.277,382.881,1.0,,,,,,,,,,,,,,,,718.389,475.664,1.0,709.475,471.957,1.0,698.434,477.716,1.0,688.771,475.663,0.0,,,0.0
225,618.12,385.913,1.0,610.139,389.698,1.0,606.12,397.113,1.0,595.47,400.934,1.0,589.69,410.891,1.0,634.516,454.553,1.0,642.137,455.402,1.0,651.443,461.705,1.0,657.641,454.684,1.0,673.165,459.34,1.0,772.89,413.108,1.0,770.77,407.646,1.0,769.083,394.555,1.0,764.207,390.672,1.0,773.67,382.714,1.0,,,,,,,,,,,,,,,,718.518,475.664,1.0,709.487,471.937,1.0,698.489,477.285,1.0,697.773,476.275,1.0,,,0.0
226,618.12,385.913,1.0,610.19,389.168,1.0,606.265,396.401,1.0,595.47,400.766,1.0,589.69,410.891,1.0,633.74,454.553,1.0,642.112,455.238,1.0,651.337,461.705,1.0,657.539,454.684,1.0,672.771,458.559,1.0,762.454,410.506,1.0,769.86,407.494,1.0,770.245,393.974,1.0,764.207,390.371,1.0,773.689,382.361,1.0,,,,,,,,,,,,,,,,719.495,476.002,1.0,711.117,470.487,1.0,699.491,477.036,1.0,697.773,475.663,1.0,,,0.0
227,618.2,385.893,1.0,610.366,388.027,1.0,606.424,395.943,1.0,596.22,400.766,1.0,590.736,410.041,1.0,633.287,454.512,1.0,642.112,455.238,1.0,650.771,461.705,1.0,656.932,454.684,1.0,,,0.0,759.505,410.083,1.0,767.665,406.169,1.0,770.544,393.974,1.0,764.207,389.032,1.0,773.689,382.133,1.0,,,,,,,,,,,,,,,,722.516,479.28,1.0,713.947,470.285,1.0,704.839,476.539,1.0,697.773,472.669,1.0,690.592,478.205,1.0
228,618.395,385.538,1.0,611.15,387.421,1.0,606.979,392.634,1.0,598.503,398.962,1.0,593.233,405.895,1.0,631.741,453.93,1.0,641.998,454.976,1.0,650.619,460.809,1.0,656.932,454.684,1.0,,,0.0,759.379,405.826,1.0,767.665,406.169,1.0,770.544,394.555,1.0,764.541,388.901,1.0,773.683,381.818,1.0,,,,,,,,,,,,,,,,723.825,479.529,1.0,714.664,470.277,1.0,706.273,476.304,1.0,697.773,472.638,1.0,688.992,477.655,1.0
229,620.519,384.063,1.0,614.276,383.783,1.0,610.49,391.461,1.0,601.026,396.435,1.0,594.859,404.185,1.0,630.145,453.469,1.0,641.459,455.238,1.0,642.737,456.92,1.0,646.565,452.979,1.0,,,0.0,756.355,403.794,1.0,767.665,405.694,1.0,770.544,394.857,1.0,764.636,388.618,1.0,773.683,381.274,1.0,,,,,,,,,,,,,,,,723.825,479.529,1.0,715.276,470.065,1.0,706.855,476.304,1.0,697.773,472.638,1.0,688.558,477.655,1.0
230,622.365,379.96,1.0,614.579,380.966,1.0,612.54,390.554,1.0,601.192,395.913,1.0,595.606,404.083,1.0,623.051,452.136,1.0,636.712,454.876,1.0,639.596,455.764,1.0,645.817,452.731,1.0,653.423,457.696,1.0,755.483,403.279,1.0,766.511,404.912,1.0,770.374,395.2,1.0,764.763,388.614,1.0,773.472,380.994,1.0,,,,,,,,,,,,,,,,723.825,479.529,1.0,715.276,470.051,1.0,706.855,476.03,1.0,697.417,472.638,1.0,688.166,477.655,1.0
231,622.578,379.773,1.0,616.563,380.656,1.0,612.891,390.113,1.0,601.292,395.707,1.0,595.771,404.05,1.0,622.649,451.631,1.0,636.499,454.876,1.0,639.498,455.554,1.0,645.817,452.731,1.0,653.059,457.353,1.0,753.003,403.279,1.0,764.692,404.007,1.0,769.901,396.082,1.0,765.825,388.488,1.0,773.092,380.425,1.0,,,,,,,,,,,,,,,,723.678,479.422,1.0,715.276,469.72,1.0,706.855,476.03,1.0,694.938,472.59,1.0,688.558,477.655,1.0
232,622.585,378.883,1.0,616.563,380.468,1.0,613.089,389.464,1.0,601.451,395.538,1.0,595.943,403.613,1.0,622.568,451.631,1.0,635.993,454.611,1.0,638.77,455.428,1.0,645.587,452.979,1.0,653.059,457.353,1.0,753.003,403.118,1.0,763.875,403.452,1.0,769.443,396.082,1.0,766.057,388.438,1.0,772.717,380.045,1.0,,,,,,,,,,,,,,,,721.294,471.278,1.0,715.387,469.72,1.0,706.855,475.973,1.0,694.492,472.59,1.0,690.619,,0.0
233,622.75,378.816,1.0,615.573,377.312,1.0,613.265,389.094,1.0,601.603,395.408,1.0,596.137,403.256,1.0,622.52,451.465,1.0,630.496,454.352,1.0,638.383,455.428,1.0,645.587,457.299,1.0,653.423,457.52,1.0,753.003,402.719,1.0,762.471,402.008,1.0,768.805,396.129,1.0,766.07,388.488,1.0,771.707,379.726,1.0,,,,,,,,,,,,,,,,719.262,464.285,1.0,715.43,469.72,1.0,709.552,475.846,1.0,694.492,472.715,1.0,691.144,476.846,1.0
234,624.577,373.428,1.0,615.573,376.2,1.0,613.486,387.432,1.0,602.718,395.408,1.0,596.322,401.875,1.0,619.15,451.696,1.0,625.322,454.305,1.0,635.337,455.428,1.0,642.306,457.696,1.0,654.469,457.353,1.0,753.766,401.168,1.0,762.127,401.452,1.0,768.626,396.129,1.0,766.927,388.488,1.0,771.233,379.681,1.0,,,,,,,,,,,,,,,,719.114,464.285,1.0,715.589,472.428,1.0,709.552,475.32,1.0,694.925,472.59,1.0,690.619,476.62,1.0
235,624.577,371.358,1.0,618.45,375.906,1.0,614.472,386.794,1.0,603.985,394.719,1.0,601.056,399.751,1.0,617.413,451.696,1.0,623.919,453.97,1.0,635.029,455.554,1.0,641.957,457.696,1.0,654.513,457.23,1.0,753.766,395.675,1.0,757.349,397.189,1.0,768.619,396.997,1.0,768.985,389.75,1.0,770.633,378.718,1.0,,,,,,,,,,,,,,,,718.577,464.285,1.0,715.589,472.428,1.0,709.552,475.01,1.0,694.925,472.59,1.0,689.803,476.34,1.0
236,624.577,367.669,1.0,618.45,374.332,1.0,615.396,384.514,1.0,605.811,394.719,1.0,603.598,396.655,1.0,617.343,452.068,1.0,623.484,453.532,1.0,634.363,455.062,1.0,641.515,457.696,1.0,654.513,457.52,1.0,753.766,385.332,1.0,756.694,394.384,1.0,765.521,396.997,1.0,769.569,391.068,1.0,770.276,377.305,1.0,,,,,,,,,,,,,,,,718.346,465.112,1.0,715.43,472.428,1.0,708.875,474.676,1.0,694.925,471.92,1.0,689.417,476.098,1.0
237,623.029,367.142,1.0,618.799,374.288,1.0,616.155,384.514,1.0,605.83,395.359,1.0,603.598,396.369,1.0,616.626,451.696,1.0,623.398,453.464,1.0,631.505,456.803,1.0,641.01,457.085,1.0,654.469,457.52,1.0,753.765,382.85,1.0,756.139,391.85,1.0,765.347,396.997,1.0,770.084,391.086,1.0,770.216,377.083,1.0,,,,,,,,,,,,,,,,718.346,465.479,1.0,713.243,470.812,1.0,706.476,474.44,1.0,695.654,471.448,1.0,688.22,474.64,1.0
238,623.029,366.562,1.0,618.799,373.682,1.0,616.294,384.0,1.0,605.882,395.359,1.0,603.65,396.369,1.0,614.827,451.696,1.0,622.963,452.693,1.0,631.505,456.803,1.0,633.05,457.085,1.0,640.089,458.693,1.0,753.663,382.697,1.0,755.789,390.061,1.0,765.332,396.509,1.0,770.965,391.147,1.0,769.866,376.875,1.0,,,,,,,,,,,,,,,,718.346,471.761,1.0,711.837,470.812,1.0,705.209,474.44,1.0,695.899,471.448,1.0,688.11,474.64,1.0
239,623.029,366.35,1.0,619.117,373.682,1.0,616.294,384.0,1.0,606.29,395.053,1.0,604.077,396.369,1.0,611.124,449.041,1.0,622.71,450.29,1.0,631.505,456.733,1.0,631.974,457.085,1.0,637.028,458.971,1.0,753.493,382.694,1.0,755.368,390.061,1.0,764.926,395.044,1.0,771.847,391.552,1.0,769.635,376.875,1.0,,,,,,,,,,,,,,,,718.346,475.459,1.0,711.837,470.812,1.0,705.209,474.44,1.0,695.899,471.448,1.0,687.586,474.64,1.0
240,622.743,366.562,1.0,619.502,374.288,1.0,616.294,384.0,1.0,606.959,395.053,1.0,604.315,396.369,1.0,610.447,448.074,1.0,622.368,450.29,1.0,631.505,456.704,1.0,630.369,462.417,1.0,636.838,459.346,1.0,753.493,382.694,1.0,755.29,389.325,1.0,764.178,393.218,1.0,771.847,391.552,1.0,769.369,376.875,1.0,,,,,,,,,,,,,,,,718.975,477.362,1.0,713.243,471.63,1.0,705.209,475.08,1.0,697.71,471.529,1.0,684.926,474.608,1.0
241,623.128,367.142,1.0,620.75,375.136,1.0,616.294,383.51,1.0,608.63,391.507,1.0,605.405,396.369,1.0,609.823,448.074,1.0,622.368,450.29,1.0,630.379,456.704,1.0,630.157,462.417,1.0,636.838,458.971,1.0,751.395,382.697,1.0,752.239,388.155,1.0,762.784,392.241,1.0,771.847,392.326,1.0,769.149,377.242,1.0,,,,,,,,,,,,,,,,719.626,478.258,1.0,712.736,471.643,1.0,705.209,475.291,1.0,697.71,471.588,1.0,684.904,474.608,1.0
242,623.143,366.35,1.0,623.067,375.136,1.0,616.393,382.405,1.0,610.926,387.816,1.0,606.186,395.685,1.0,609.705,448.074,1.0,622.196,450.46,1.0,629.448,456.703,1.0,629.985,462.417,1.0,637.028,458.971,1.0,748.229,384.376,1.0,748.968,388.155,1.0,761.199,392.241,1.0,769.575,393.168,1.0,767.954,377.945,1.0,,,,,,,,,,,,,,,,719.626,478.298,1.0,712.736,472.582,1.0,705.209,475.764,1.0,696.151,471.588,1.0,684.904,474.608,1.0
243,623.146,365.37,1.0,623.768,375.136,1.0,618.261,380.989,1.0,613.212,384.644,1.0,607.949,394.263,1.0,603.869,448.263,1.0,610.103,450.956,1.0,618.686,452.983,1.0,628.879,458.948,1.0,638.634,455.927,1.0,748.155,384.524,1.0,748.788,388.367,1.0,760.96,391.979,1.0,769.541,394.289,1.0,767.738,377.945,1.0,,,,,,,,,,,,,,,,719.626,478.298,1.0,712.736,471.643,1.0,701.536,477.161,1.0,692.906,471.588,1.0,684.863,472.091,1.0
244,625.525,361.131,1.0,623.928,373.6,1.0,618.572,379.591,1.0,613.518,384.017,1.0,607.98,394.113,1.0,603.289,450.382,1.0,609.065,451.187,1.0,617.377,452.983,1.0,628.744,458.627,1.0,638.634,455.927,1.0,747.837,384.544,1.0,748.072,388.367,1.0,760.96,391.92,1.0,769.541,394.289,1.0,767.677,377.945,1.0,,,,,,,,,,,,,,,,717.891,480.059,1.0,710.178,471.643,1.0,699.12,477.161,1.0,692.906,472.075,1.0,683.986,470.151,1.0
245,625.525,360.817,1.0,624.304,372.845,1.0,618.572,379.429,1.0,613.748,383.978,1.0,608.093,394.08,1.0,602.396,451.737,1.0,608.108,451.275,1.0,617.02,452.915,1.0,627.154,458.617,1.0,638.925,455.927,1.0,747.481,384.552,1.0,748.072,388.619,1.0,760.848,391.457,1.0,769.575,394.289,1.0,767.581,377.387,1.0,,,,,,,,,,,,,,,,711.378,480.059,1.0,705.509,472.582,1.0,698.733,477.161,1.0,690.856,471.588,1.0,682.176,469.296,1.0
246,625.592,360.342,1.0,624.477,372.612,1.0,618.572,378.882,1.0,614.661,383.449,1.0,608.093,394.08,1.0,602.396,451.738,1.0,608.108,451.275,1.0,617.02,452.616,1.0,626.525,458.627,1.0,638.634,456.269,1.0,747.414,384.544,1.0,748.072,388.619,1.0,760.848,390.607,1.0,769.541,394.289,1.0,766.71,377.387,1.0,,,,,,,,,,,,,,,,698.194,481.524,1.0,704.789,473.49,1.0,697.604,477.182,1.0,690.032,466.996,1.0,681.227,469.296,1.0
247,625.672,359.698,1.0,624.304,371.492,1.0,618.484,376.62,1.0,614.661,382.094,1.0,607.949,392.187,1.0,602.263,451.738,1.0,608.082,451.275,1.0,616.928,452.26,1.0,624.029,458.627,1.0,636.298,457.737,1.0,747.076,384.544,1.0,748.249,388.619,1.0,760.848,390.607,1.0,769.541,394.289,1.0,766.705,377.387,1.0,,,,,,,,,,,,,,,,697.731,488.158,1.0,700.065,480.687,1.0,697.471,478.89,1.0,690.032,465.969,1.0,679.973,469.296,1.0
248,625.723,359.293,1.0,623.928,363.162,1.0,616.41,373.355,1.0,614.661,381.262,1.0,607.882,391.031,1.0,601.861,451.737,1.0,608.108,450.635,1.0,616.615,452.26,1.0,621.613,458.691,1.0,632.242,458.224,1.0,745.621,384.535,1.0,748.249,385.5,1.0,760.36,390.607,1.0,761.759,397.081,1.0,766.705,377.874,1.0,,,,,,,,,,,,,,,,696.473,492.407,1.0,699.425,480.906,1.0,697.304,479.067,1.0,690.499,465.969,1.0,679.973,470.709,1.0
249,626.571,354.768,1.0,623.345,358.947,1.0,616.41,372.46,1.0,610.649,376.98,1.0,607.882,389.022,1.0,599.445,451.737,1.0,609.863,450.587,1.0,616.44,452.26,1.0,621.106,458.691,1.0,632.242,458.105,1.0,741.411,383.531,1.0,748.249,382.959,1.0,756.716,390.523,1.0,760.263,397.081,1.0,766.705,381.162,1.0,,,,,,,,,,,,,,,,695.012,494.884,1.0,698.728,480.977,1.0,697.604,479.067,1.0,690.673,465.969,1.0,679.973,471.215,1.0
250,626.818,353.323,1.0,623.195,358.26,1.0,616.41,372.434,1.0,610.649,376.817,1.0,607.882,389.016,1.0,599.083,452.05,1.0,610.284,450.576,1.0,616.44,452.687,1.0,620.826,458.691,1.0,630.91,458.224,1.0,739.926,383.227,1.0,748.823,382.765,1.0,753.993,391.888,1.0,760.263,397.081,1.0,768.978,382.984,1.0,,,,,,,,,,,,,,,,694.982,494.884,1.0,696.828,481.639,1.0,697.304,479.289,1.0,690.673,466.858,1.0,680.371,471.215,1.0
251,626.916,352.931,1.0,623.134,357.755,1.0,616.784,372.336,1.0,610.649,376.606,1.0,607.919,388.964,1.0,599.038,452.05,1.0,609.863,450.537,1.0,616.429,452.687,1.0,620.815,458.345,1.0,630.632,458.277,1.0,739.835,382.746,1.0,747.814,382.653,1.0,753.993,391.888,1.0,760.263,396.662,1.0,769.588,386.235,1.0,,,,,,,,,,,,,,,,694.868,494.884,1.0,696.589,484.706,1.0,696.597,479.483,1.0,692.36,468.18,1.0,681.095,471.555,1.0
252,627.193,352.811,1.0,623.195,357.755,1.0,616.859,371.915,1.0,611.399,376.174,1.0,607.948,388.662,1.0,599.038,452.05,1.0,609.863,450.072,1.0,615.966,452.687,1.0,618.934,458.17,1.0,630.632,458.224,1.0,739.285,382.625,1.0,747.071,382.521,1.0,753.68,391.106,1.0,760.263,396.662,1.0,769.588,387.137,1.0,,,,,,,,,,,,,,,,693.078,491.932,1.0,696.271,486.843,1.0,696.391,480.083,1.0,692.512,468.434,1.0,681.375,471.694,1.0
253,627.296,352.619,1.0,623.345,357.755,1.0,617.167,370.247,1.0,613.042,375.785,1.0,608.826,385.864,1.0,598.826,452.05,1.0,609.23,449.394,1.0,614.942,451.481,1.0,615.661,457.938,1.0,627.429,458.105,1.0,739.022,382.33,1.0,746.308,382.521,1.0,753.659,390.523,1.0,760.263,393.783,1.0,769.588,387.698,1.0,,,,,,,,,,,,,,,,692.843,491.932,1.0,696.271,486.981,1.0,696.373,480.302,1.0,692.512,468.49,1.0,681.796,471.694,1.0
254,631.403,352.619,1.0,626.047,359.164,1.0,622.508,369.196,1.0,618.95,374.859,1.0,612.475,379.093,1.0,597.405,451.407,1.0,606.866,448.748,1.0,613.8,451.112,1.0,614.978,456.855,1.0,624.774,456.905,1.0,738.32,381.334,1.0,745.29,380.846,1.0,752.707,388.297,1.0,758.571,393.783,1.0,768.22,388.76,1.0,,,,,,,,,,,,,,,,692.446,491.932,1.0,691.864,487.266,1.0,696.265,480.618,1.0,692.512,469.94,1.0,682.349,471.694,1.0
255,634.858,352.619,1.0,626.691,359.164,1.0,622.508,368.093,1.0,619.016,374.782,1.0,613.54,379.093,1.0,597.267,449.968,1.0,606.866,448.748,1.0,613.8,450.964,1.0,614.978,456.855,1.0,624.774,456.451,1.0,734.922,372.738,1.0,741.494,377.212,1.0,749.009,383.063,1.0,758.44,394.709,1.0,765.851,390.717,1.0,,,,,,,,,,,,,,,,692.437,494.619,1.0,691.295,489.991,1.0,693.874,481.455,1.0,692.512,473.658,1.0,684.028,471.783,1.0
256,635.15,353.467,1.0,627.255,359.164,1.0,622.533,366.881,1.0,619.652,374.782,1.0,613.873,379.093,1.0,597.267,449.421,1.0,606.866,448.748,1.0,613.8,450.964,1.0,612.435,456.479,1.0,624.774,456.199,1.0,732.408,372.697,1.0,739.871,377.062,1.0,748.155,383.036,1.0,757.575,394.709,1.0,764.624,391.011,1.0,,,,,,,,,,,,,,,,690.221,500.791,1.0,691.295,494.42,1.0,691.766,485.803,1.0,692.753,475.343,1.0,685.273,471.961,1.0
257,634.879,353.558,1.0,627.343,358.868,1.0,622.585,366.234,1.0,619.652,374.663,1.0,614.09,379.404,1.0,597.405,449.421,1.0,609.675,449.983,1.0,613.825,450.964,1.0,614.978,456.479,1.0,624.774,455.802,1.0,730.357,372.697,1.0,738.909,376.986,1.0,747.643,382.872,1.0,757.078,394.694,1.0,764.19,394.523,1.0,,,,,,,,,,,,,,,,690.221,500.791,1.0,691.253,494.42,1.0,691.766,485.803,1.0,693.039,475.343,1.0,686.163,472.087,1.0
258,635.15,353.558,1.0,627.463,358.338,1.0,622.902,364.948,1.0,619.652,374.497,1.0,614.145,379.404,1.0,597.405,451.407,1.0,609.675,452.864,1.0,613.825,450.964,1.0,615.32,456.456,1.0,624.774,455.802,1.0,729.938,372.697,1.0,738.745,376.949,1.0,746.831,382.872,1.0,756.025,394.694,1.0,763.751,394.523,1.0,,,,,,,,,,,,,,,,689.991,500.791,1.0,691.063,494.42,1.0,691.766,485.803,1.0,693.039,475.343,1.0,686.163,472.087,1.0
259,635.353,353.467,1.0,628.077,358.167,1.0,623.174,364.435,1.0,619.84,373.761,1.0,614.884,379.404,1.0,597.396,460.182,1.0,609.675,454.68,1.0,613.825,449.499,1.0,615.325,455.843,1.0,622.763,455.802,1.0,729.92,372.697,1.0,738.351,376.537,1.0,746.192,382.872,1.0,755.079,394.133,1.0,763.659,393.687,1.0,,,,,,,,,,,,,,,,689.763,496.667,1.0,690.882,493.376,1.0,693.193,483.972,1.0,693.122,475.015,1.0,686.163,471.961,1.0
260,635.589,352.143,1.0,632.379,356.367,1.0,624.625,361.74,1.0,619.983,369.861,1.0,617.216,376.121,1.0,601.568,460.182,1.0,606.06,454.68,1.0,611.922,449.499,1.0,615.32,453.365,1.0,622.702,456.542,1.0,729.916,372.36,1.0,738.185,376.537,1.0,743.508,384.148,1.0,753.83,393.421,1.0,763.583,393.687,1.0,,,,,,,,,,,,,,,,683.27,495.84,1.0,689.215,488.946,1.0,693.193,482.557,1.0,693.122,474.392,1.0,684.207,471.643,1.0
261,636.674,348.47,1.0,634.774,352.71,1.0,626.113,359.245,1.0,620.409,365.697,1.0,619.323,374.666,1.0,601.065,460.194,1.0,605.903,454.597,1.0,611.831,449.369,1.0,615.325,453.338,1.0,622.702,456.542,1.0,727.596,372.139,1.0,737.477,376.443,1.0,742.633,384.148,1.0,750.687,390.152,1.0,762.972,390.78,1.0,,,,,,,,,,,,,,,,682.918,484.062,1.0,689.215,487.179,1.0,693.193,482.557,1.0,693.888,473.953,1.0,684.03,471.643,1.0
262,637.693,343.004,1.0,634.774,351.635,1.0,628.953,358.331,1.0,620.45,365.474,1.0,619.398,374.426,1.0,601.065,460.194,1.0,605.603,454.597,1.0,611.739,449.369,1.0,615.911,453.338,1.0,622.763,456.542,1.0,727.576,367.786,1.0,736.785,375.337,1.0,741.77,384.148,1.0,749.407,389.419,1.0,758.172,390.72,1.0,,,,,,,,,,,,,,,,682.563,482.851,1.0,688.939,487.061,1.0,693.193,482.557,1.0,693.888,473.937,1.0,684.018,471.643,1.0
263,637.741,342.637,1.0,634.774,351.048,1.0,629.437,358.293,1.0,621.045,365.3,1.0,619.681,374.219,1.0,601.065,460.315,1.0,605.464,454.597,1.0,611.504,449.227,1.0,616.062,453.337,1.0,623.704,456.033,1.0,725.427,365.779,1.0,736.334,375.217,1.0,740.65,384.009,1.0,748.795,388.02,1.0,757.589,389.932,1.0,,,,,,,,,,,,,,,,680.305,479.734,1.0,687.42,484.836,1.0,693.148,483.776,1.0,693.888,473.937,1.0,684.03,472.618,1.0
264,638.213,341.981,1.0,635.345,345.792,1.0,629.92,357.554,1.0,621.045,364.821,1.0,620.638,373.358,1.0,601.065,460.326,1.0,605.049,454.597,1.0,611.456,449.227,1.0,616.062,453.186,1.0,623.768,455.926,1.0,725.427,365.709,1.0,736.334,375.055,1.0,740.382,383.242,1.0,748.136,387.766,1.0,755.77,389.261,1.0,,,,,,,,,,,,,,,,676.519,477.475,1.0,687.42,485.28,1.0,692.488,485.812,1.0,692.093,473.953,1.0,684.03,474.597,1.0
265,638.308,341.527,1.0,635.345,345.693,1.0,629.92,357.245,1.0,622.064,364.153,1.0,621.67,372.706,1.0,600.663,461.643,1.0,604.565,454.806,1.0,610.765,449.227,1.0,616.062,453.038,1.0,623.995,455.926,1.0,725.324,365.586,1.0,736.318,374.011,1.0,740.223,381.87,1.0,745.626,387.201,1.0,754.266,388.366,1.0,,,,,,,,,,,,,,,,675.189,477.292,1.0,687.42,485.28,1.0,692.094,487.203,1.0,691.984,475.603,1.0,685.1,474.597,1.0
266,638.47,336.834,1.0,635.345,344.141,1.0,631.111,354.097,1.0,624.438,363.775,1.0,623.965,369.668,1.0,600.447,461.762,1.0,604.545,454.865,1.0,610.338,449.662,1.0,615.382,452.769,1.0,624.478,455.926,1.0,724.994,365.709,1.0,734.993,371.556,1.0,740.111,375.655,1.0,743.409,386.297,1.0,750.207,387.511,1.0,,,,,,,,,,,,,,,,673.705,477.292,1.0,685.086,484.836,1.0,690.731,487.203,1.0,685.88,480.553,1.0,689.834,474.597,1.0
267,638.475,333.918,1.0,636.453,341.772,1.0,634.084,352.006,1.0,624.535,363.652,1.0,623.97,366.366,1.0,599.526,462.971,1.0,604.545,454.865,1.0,610.338,449.662,1.0,615.382,452.769,1.0,624.478,455.926,1.0,717.508,365.779,1.0,721.958,368.045,1.0,734.766,375.054,1.0,742.582,379.186,1.0,747.538,387.195,1.0,,,,,,,,,,,,,,,,673.245,477.292,1.0,684.126,484.836,1.0,690.453,487.203,1.0,685.88,480.931,1.0,692.375,469.19,1.0
268,638.499,333.509,1.0,636.496,341.535,1.0,634.084,351.122,1.0,624.954,363.442,1.0,623.996,366.356,1.0,599.447,462.971,1.0,604.545,454.865,1.0,610.338,449.937,1.0,615.382,452.769,1.0,624.696,455.986,1.0,717.173,366.485,1.0,721.692,367.712,1.0,734.153,374.822,1.0,742.555,378.777,1.0,746.964,386.705,1.0,,,,,,,,,,,,,,,,673.182,478.217,1.0,683.91,484.696,1.0,690.217,486.543,1.0,685.88,481.157,1.0,692.97,469.19,1.0
269,638.744,333.509,1.0,637.059,341.535,1.0,630.374,351.122,1.0,624.954,363.442,1.0,624.175,366.086,1.0,599.447,462.971,1.0,605.004,454.252,1.0,614.185,449.937,1.0,617.2,457.01,1.0,625.46,456.039,1.0,717.042,366.485,1.0,721.367,367.405,1.0,734.029,374.746,1.0,742.555,378.403,1.0,746.964,386.705,1.0,,,,,,,,,,,,,,,,672.694,478.421,1.0,676.552,484.132,1.0,686.276,484.172,1.0,692.708,484.304,1.0,693.307,469.19,1.0
270,639.198,333.509,1.0,637.086,341.535,1.0,632.988,351.122,1.0,625.951,362.135,1.0,624.456,365.783,1.0,599.526,449.615,1.0,608.033,452.8,1.0,614.228,450.171,1.0,617.884,458.786,1.0,625.993,456.318,1.0,716.936,366.485,1.0,720.989,367.396,1.0,733.922,374.304,1.0,742.273,378.372,1.0,747.538,386.705,1.0,,,,,,,,,,,,,,,,666.488,478.444,1.0,674.023,481.959,1.0,681.778,484.169,1.0,693.064,484.592,1.0,698.305,473.917,1.0
271,643.638,335.84,1.0,641.939,342.965,1.0,632.988,351.665,1.0,627.262,360.708,1.0,624.175,365.783,1.0,607.173,448.883,1.0,609.839,451.414,1.0,614.228,450.398,1.0,617.884,460.692,1.0,630.165,460.398,1.0,716.936,366.663,1.0,720.917,367.147,1.0,733.005,373.888,1.0,741.06,378.327,1.0,751.881,386.705,1.0,,,,,,,,,,,,,,,,666.441,478.669,1.0,673.989,481.931,1.0,681.472,483.36,1.0,693.064,484.592,1.0,699.11,477.015,1.0
272,649.557,335.84,1.0,641.939,342.965,1.0,632.988,351.665,1.0,628.733,357.658,1.0,624.806,365.673,1.0,614.398,445.268,1.0,609.839,447.16,1.0,614.866,450.441,1.0,617.884,460.692,1.0,630.165,461.008,1.0,716.549,366.399,1.0,720.885,367.147,1.0,731.856,373.832,1.0,740.535,378.082,1.0,751.881,386.58,1.0,,,,,,,,,,,,,,,,666.003,478.669,1.0,673.658,481.487,1.0,681.16,483.159,1.0,692.708,484.304,1.0,699.11,477.372,1.0
273,649.656,335.84,1.0,641.939,342.965,1.0,634.33,351.665,1.0,630.75,355.739,1.0,624.814,358.65,1.0,622.707,441.645,1.0,611.743,445.243,1.0,614.866,453.024,1.0,615.704,460.692,1.0,630.612,461.455,1.0,716.333,366.399,1.0,720.631,367.147,1.0,731.607,373.741,1.0,740.211,378.327,1.0,751.881,386.58,1.0,,,,,,,,,,,,,,,,664.799,478.571,1.0,673.658,480.23,1.0,680.57,482.029,1.0,692.256,484.099,1.0,699.11,477.797,1.0
274,649.656,333.849,1.0,640.043,341.029,1.0,635.562,348.92,1.0,631.595,353.768,1.0,624.806,358.23,1.0,623.427,441.046,1.0,613.069,442.42,1.0,615.372,453.538,1.0,615.504,447.746,1.0,630.541,461.455,1.0,711.573,367.83,1.0,719.437,367.524,1.0,728.537,372.186,1.0,738.104,378.372,1.0,751.055,386.58,1.0,,,,,,,,,,,,,,,,664.076,478.571,1.0,673.322,480.024,1.0,680.249,481.884,1.0,690.254,484.099,1.0,696.673,478.253,1.0
275,649.557,333.769,1.0,640.043,340.547,1.0,635.902,348.71,1.0,631.626,353.466,1.0,624.104,358.23,1.0,623.634,441.046,1.0,613.782,442.42,1.0,614.866,453.538,1.0,614.855,447.746,1.0,630.165,461.008,1.0,711.573,368.016,1.0,719.437,367.524,1.0,728.537,372.186,1.0,738.104,377.652,1.0,750.908,386.528,1.0,,,,,,,,,,,,,,,,663.202,478.571,1.0,672.034,480.024,1.0,679.359,481.884,1.0,684.514,484.099,1.0,695.717,478.7,1.0
276,649.557,333.76,1.0,640.043,340.531,1.0,636.026,348.321,1.0,631.626,352.582,1.0,624.806,358.23,1.0,626.009,441.645,1.0,613.782,442.257,1.0,614.866,453.538,1.0,614.855,447.746,1.0,629.99,461.008,1.0,711.573,368.343,1.0,719.437,368.041,1.0,728.537,372.186,1.0,738.104,378.312,1.0,750.908,386.528,1.0,,,,,,,,,,,,,,,,662.015,478.485,1.0,671.936,480.024,1.0,679.359,481.884,1.0,683.359,488.516,1.0,693.97,480.862,1.0
277,649.656,333.76,1.0,640.676,340.464,1.0,636.499,347.961,1.0,631.595,352.208,1.0,624.814,358.23,1.0,629.631,441.039,1.0,617.596,442.257,1.0,614.82,452.084,1.0,615.504,459.644,1.0,629.872,459.346,1.0,717.154,368.343,1.0,722.826,368.041,1.0,734.096,374.852,1.0,741.385,378.616,1.0,751.055,386.779,1.0,,,,,,,,,,,,,,,,661.433,478.191,1.0,671.441,480.127,1.0,679.359,481.884,1.0,683.283,488.9,1.0,692.838,481.048,1.0
278,650.176,333.755,1.0,643.196,340.22,1.0,637.541,345.456,1.0,631.771,351.799,1.0,625.716,358.061,1.0,631.766,437.644,1.0,619.917,441.329,1.0,614.587,449.137,1.0,614.51,459.644,1.0,629.558,458.904,1.0,726.364,368.198,1.0,729.907,367.935,1.0,734.096,377.346,1.0,741.583,378.83,1.0,751.055,386.779,1.0,,,,,,,,,,,,,,,,660.946,478.191,1.0,671.277,480.155,1.0,679.236,481.749,1.0,683.224,488.9,1.0,692.77,481.583,1.0
279,652.503,333.46,1.0,646.772,338.46,1.0,638.062,344.34,1.0,632.057,348.524,1.0,625.859,356.551,1.0,634.967,436.754,1.0,622.826,441.305,1.0,614.587,448.994,1.0,614.135,459.644,1.0,628.267,458.904,1.0,733.261,368.198,1.0,734.885,367.935,1.0,734.096,377.346,1.0,741.974,379.1,1.0,751.098,386.528,1.0,,,,,,,,,,,,,,,,660.633,478.191,1.0,671.193,480.155,1.0,678.783,481.749,1.0,683.17,488.9,1.0,692.113,481.782,1.0
280,654.465,333.46,1.0,647.96,335.915,1.0,642.534,341.979,1.0,632.409,347.778,1.0,625.859,355.895,1.0,636.299,436.235,1.0,625.866,439.529,1.0,614.587,447.354,1.0,614.135,456.974,1.0,626.433,458.904,1.0,744.994,368.198,1.0,738.436,367.935,1.0,734.702,377.346,1.0,741.974,379.1,1.0,751.139,384.704,1.0,,,,,,,,,,,,,,,,657.471,478.191,1.0,667.732,480.127,1.0,676.057,480.483,1.0,680.718,487.443,1.0,687.57,483.63,1.0
281,654.63,333.46,1.0,647.96,334.622,1.0,642.629,341.552,1.0,632.485,347.568,1.0,626.076,355.62,1.0,636.435,433.368,1.0,626.634,439.017,1.0,619.508,445.134,1.0,613.49,453.657,1.0,623.364,458.904,1.0,749.08,366.711,1.0,738.948,367.403,1.0,734.702,374.764,1.0,741.385,379.1,1.0,751.098,381.608,1.0,,,,,,,,,,,,,,,,653.054,482.011,1.0,660.016,479.789,1.0,669.125,477.816,1.0,678.8,486.65,1.0,685.989,483.63,1.0
282,654.987,332.785,1.0,647.962,333.872,1.0,642.652,341.176,1.0,632.775,347.11,1.0,626.076,355.428,1.0,637.603,431.733,1.0,627.399,439.017,1.0,620.848,444.961,1.0,613.49,451.835,1.0,622.656,457.625,1.0,752.896,366.711,1.0,741.472,366.64,1.0,734.295,372.952,1.0,741.28,379.034,1.0,751.098,381.541,1.0,,,,,,,,,,,,,,,,652.9,482.445,1.0,660.016,479.69,1.0,668.964,477.138,1.0,678.8,486.523,1.0,685.86,483.836,1.0
283,655.858,332.258,1.0,647.962,329.993,1.0,644.118,339.424,1.0,633.123,345.943,1.0,626.076,355.061,1.0,637.624,431.473,1.0,627.661,439.219,1.0,620.938,444.241,1.0,613.49,451.823,1.0,622.656,457.587,1.0,753.312,366.405,1.0,741.501,366.213,1.0,734.984,372.659,1.0,740.575,378.815,1.0,751.139,381.51,1.0,,,,,,,,,,,,,,,,652.828,482.445,1.0,660.016,479.69,1.0,668.587,477.138,1.0,679.253,482.43,1.0,685.83,483.836,1.0
284,656.381,330.268,1.0,648.018,329.102,1.0,645.954,338.439,1.0,635.379,344.94,1.0,630.676,349.117,1.0,637.778,431.21,1.0,627.661,439.219,1.0,621.636,444.098,1.0,613.903,451.348,1.0,622.656,457.048,1.0,754.855,364.838,1.0,745.453,363.697,1.0,736.033,372.659,1.0,740.575,378.074,1.0,751.405,381.51,1.0,,,,,,,,,,,,,,,,652.406,482.665,1.0,660.016,479.431,1.0,668.587,477.418,1.0,675.917,482.05,1.0,685.83,483.836,1.0
285,656.701,323.547,1.0,651.543,328.222,1.0,646.755,337.762,1.0,639.031,344.053,1.0,634.85,348.725,1.0,637.876,431.21,1.0,629.954,439.017,1.0,621.911,443.91,1.0,615.204,450.599,1.0,622.205,457.587,1.0,755.424,364.323,1.0,747.278,363.644,1.0,736.058,371.547,1.0,740.91,377.826,1.0,751.405,381.51,1.0,,,,,,,,,,,,,,,,652.224,482.445,1.0,660.016,479.24,1.0,667.478,477.138,1.0,675.917,481.653,1.0,685.412,483.836,1.0
286,657.189,321.613,1.0,651.543,327.265,1.0,646.913,336.539,1.0,639.361,344.011,1.0,634.88,348.615,1.0,639.055,431.21,1.0,634.029,438.284,1.0,623.377,442.003,1.0,615.368,447.917,1.0,621.996,457.587,1.0,755.82,364.178,1.0,747.402,363.593,1.0,737.495,371.134,1.0,740.004,377.616,1.0,751.405,381.541,1.0,,,,,,,,,,,,,,,,650.406,481.342,1.0,660.066,479.069,1.0,665.0,477.126,1.0,675.045,479.571,1.0,684.044,483.836,1.0
287,657.276,320.57,1.0,651.773,327.209,1.0,647.119,336.539,1.0,639.361,343.934,1.0,635.226,348.427,1.0,639.055,431.545,1.0,634.029,436.693,1.0,623.377,440.956,1.0,617.412,447.917,1.0,615.515,457.763,1.0,755.98,361.335,1.0,747.769,363.395,1.0,738.412,371.134,1.0,740.018,377.616,1.0,750.187,382.164,1.0,,,,,,,,,,,,,,,,649.854,481.201,1.0,660.361,479.069,1.0,662.955,477.126,1.0,673.408,478.696,1.0,683.582,483.604,1.0
288,657.293,320.016,1.0,652.237,327.209,1.0,647.526,336.539,1.0,639.437,343.912,1.0,635.339,348.401,1.0,639.055,432.719,1.0,634.029,436.693,1.0,623.47,440.956,1.0,617.412,447.769,1.0,615.199,457.763,1.0,761.404,358.983,1.0,749.403,359.81,1.0,740.016,368.027,1.0,740.385,377.616,1.0,748.898,382.524,1.0,,,,,,,,,,,,,,,,649.78,481.342,1.0,660.381,478.061,1.0,661.977,476.812,1.0,672.613,478.046,1.0,682.727,482.322,1.0
289,657.293,320.016,1.0,653.43,326.816,1.0,648.091,336.539,1.0,639.754,343.912,1.0,636.979,348.122,1.0,638.718,432.719,1.0,634.029,436.693,1.0,623.808,440.397,1.0,617.626,447.769,1.0,615.199,457.763,1.0,761.404,358.983,1.0,749.693,359.81,1.0,740.758,368.027,1.0,740.385,378.626,1.0,748.898,384.153,1.0,,,,,,,,,,,,,,,,649.775,481.342,1.0,660.643,478.061,1.0,661.977,476.773,1.0,672.567,477.88,1.0,682.61,481.721,1.0
290,663.694,319.804,1.0,655.104,326.175,1.0,648.154,336.004,1.0,641.88,341.175,1.0,638.617,347.402,1.0,638.718,431.545,1.0,634.201,436.649,1.0,623.852,440.253,1.0,617.635,445.663,1.0,615.199,457.568,1.0,761.404,358.621,1.0,750.382,359.723,1.0,741.857,368.027,1.0,740.385,378.76,1.0,748.898,384.153,1.0,,,,,,,,,,,,,,,,649.775,483.345,1.0,660.643,478.061,1.0,661.626,476.455,1.0,670.989,477.88,1.0,682.544,481.434,1.0
291,664.726,319.784,1.0,655.431,325.938,1.0,650.943,336.004,1.0,643.795,337.986,1.0,638.934,347.304,1.0,638.718,431.351,1.0,635.665,436.649,1.0,625.996,438.847,1.0,617.804,444.819,1.0,618.964,454.59,1.0,761.389,358.621,1.0,750.382,359.638,1.0,741.857,368.392,1.0,740.521,378.76,1.0,748.898,384.153,1.0,,,,,,,,,,,,,,,,649.78,483.798,1.0,660.381,479.491,1.0,660.74,476.773,1.0,670.097,478.046,1.0,681.653,481.427,1.0
292,665.282,319.65,1.0,655.441,325.938,1.0,650.967,335.538,1.0,644.048,337.68,1.0,639.014,347.268,1.0,642.68,425.124,1.0,640.419,427.038,1.0,633.762,436.421,1.0,624.537,437.261,1.0,621.222,450.558,1.0,761.389,358.254,1.0,751.467,359.638,1.0,743.815,368.392,1.0,740.521,378.76,1.0,748.699,383.743,1.0,,,,,,,,,,,,,,,,648.473,495.982,1.0,657.4,481.892,1.0,659.72,475.68,1.0,666.403,482.856,1.0,681.639,481.427,1.0
293,665.568,319.65,1.0,655.441,325.636,1.0,651.013,335.03,1.0,644.111,337.235,1.0,639.273,347.259,1.0,643.015,424.402,1.0,640.419,426.623,1.0,633.762,435.983,1.0,625.053,436.208,1.0,622.066,449.776,1.0,761.389,357.186,1.0,751.754,360.1,1.0,744.391,368.392,1.0,740.521,378.403,1.0,748.464,383.435,1.0,,,,,,,,,,,,,,,,648.527,496.25,1.0,657.337,482.946,1.0,659.103,475.68,1.0,666.168,483.712,1.0,681.352,481.427,1.0
294,665.716,319.501,1.0,655.454,325.216,1.0,651.405,335.006,1.0,644.394,337.165,1.0,639.014,347.259,1.0,643.108,424.323,1.0,640.585,426.507,1.0,633.762,435.655,1.0,625.06,436.208,1.0,622.067,449.514,1.0,761.389,348.57,1.0,752.654,359.806,1.0,745.3,367.896,1.0,738.024,372.744,1.0,744.84,383.435,1.0,,,,,,,,,,,,,,,,648.527,496.25,1.0,655.688,485.511,1.0,656.642,476.746,1.0,664.603,483.792,1.0,680.668,481.33,1.0
295,666.074,319.314,1.0,656.431,325.087,1.0,652.265,333.037,1.0,646.079,337.096,1.0,639.376,344.573,1.0,644.199,423.488,1.0,640.585,425.847,1.0,633.762,435.317,1.0,626.584,436.208,1.0,623.118,448.523,1.0,761.367,348.473,1.0,752.654,359.806,1.0,745.649,367.364,1.0,737.125,371.373,1.0,743.412,381.43,1.0,,,,,,,,,,,,,,,,648.473,496.25,1.0,655.56,485.855,1.0,656.543,479.098,1.0,663.644,483.712,1.0,674.597,481.246,1.0
296,666.074,319.303,1.0,658.607,324.395,1.0,653.212,330.109,1.0,646.603,335.738,1.0,640.733,344.364,1.0,646.665,417.806,1.0,640.882,424.114,1.0,633.762,435.317,1.0,628.512,438.091,1.0,623.526,444.754,1.0,761.684,348.081,1.0,752.993,359.806,1.0,745.649,367.029,1.0,737.125,370.899,1.0,740.899,379.438,1.0,,,,,,,,,,,,,,,,648.473,491.697,1.0,654.756,486.67,1.0,656.483,479.098,1.0,663.281,482.856,1.0,674.474,480.452,1.0
297,668.502,318.844,1.0,662.242,322.026,1.0,653.888,330.094,1.0,646.702,332.82,1.0,640.733,339.907,1.0,648.858,417.417,1.0,642.605,420.439,1.0,638.193,435.317,1.0,629.814,438.456,1.0,623.642,443.012,1.0,761.684,348.081,1.0,753.025,359.031,1.0,746.121,367.029,1.0,738.024,370.724,1.0,740.504,379.176,1.0,,,,,,,,,,,,,,,,648.236,491.608,1.0,654.422,486.67,1.0,655.503,479.306,1.0,662.924,482.268,1.0,673.41,480.452,1.0
298,668.688,319.069,1.0,662.481,321.791,1.0,653.901,330.072,1.0,647.102,332.613,1.0,640.439,339.484,1.0,648.858,417.155,1.0,644.056,418.7,1.0,638.193,435.317,1.0,629.984,438.456,1.0,624.639,438.663,1.0,761.956,348.081,1.0,753.025,358.268,1.0,746.741,366.783,1.0,738.059,370.833,1.0,739.934,378.84,1.0,,,,,,,,,,,,,,,,645.798,491.608,1.0,653.455,486.969,1.0,655.264,480.309,1.0,662.342,481.036,1.0,673.028,480.452,1.0
299,668.719,319.069,1.0,662.541,320.86,1.0,654.075,330.072,1.0,647.102,332.484,1.0,640.733,339.144,1.0,649.289,417.078,1.0,644.067,418.7,1.0,638.44,435.317,1.0,629.984,438.091,1.0,625.314,438.604,1.0,762.765,347.606,1.0,754.397,357.808,1.0,748.096,366.18,1.0,740.25,369.729,1.0,740.504,378.353,1.0,,,,,,,,,,,,,,,,645.798,491.697,1.0,652.439,487.587,1.0,655.264,483.635,1.0,661.455,481.036,1.0,672.151,480.901,1.0
300,668.719,318.844,1.0,662.593,320.525,1.0,654.139,329.561,1.0,648.015,332.459,1.0,640.928,338.514,1.0,649.462,417.078,1.0,644.711,418.7,1.0,638.44,435.052,1.0,629.984,436.805,1.0,625.314,438.604,1.0,764.564,347.531,1.0,758.164,356.845,1.0,751.314,362.505,1.0,742.963,368.702,1.0,739.934,378.293,1.0,,,,,,,,,,,,,,,,643.47,498.38,1.0,647.495,495.301,1.0,652.196,487.825,1.0,658.466,481.036,1.0,669.578,482.279,1.0
301,669.414,317.741,1.0,663.355,317.934,1.0,660.056,324.876,1.0,649.982,329.861,1.0,642.03,336.968,1.0,650.536,416.053,1.0,645.009,421.52,1.0,638.514,432.122,1.0,629.814,432.463,1.0,626.023,437.682,1.0,764.675,346.272,1.0,760.96,354.14,1.0,751.314,362.161,1.0,743.468,365.743,1.0,739.406,377.582,1.0,,,,,,,,,,,,,,,,642.514,499.908,1.0,646.753,497.158,1.0,652.196,489.868,1.0,657.651,480.804,1.0,668.655,482.764,1.0
302,670.014,311.973,1.0,664.387,312.142,1.0,662.701,322.105,1.0,651.869,327.197,1.0,647.6,334.935,1.0,650.536,416.053,1.0,645.009,421.52,1.0,639.138,432.122,1.0,630.777,432.463,1.0,626.303,437.451,1.0,765.667,341.985,1.0,762.062,353.752,1.0,751.461,360.675,1.0,743.468,365.183,1.0,739.406,377.364,1.0,,,,,,,,,,,,,,,,642.514,499.98,1.0,646.506,497.158,1.0,652.108,489.868,1.0,656.995,481.042,1.0,668.051,482.764,1.0
303,671.396,308.56,1.0,665.211,311.968,1.0,662.701,321.299,1.0,651.933,327.197,1.0,647.949,333.749,1.0,650.536,416.053,1.0,645.009,423.028,1.0,639.19,432.122,1.0,630.161,431.592,1.0,626.709,437.451,1.0,765.889,341.854,1.0,762.198,353.54,1.0,751.461,360.563,1.0,743.585,365.172,1.0,740.413,377.364,1.0,,,,,,,,,,,,,,,,642.295,500.331,1.0,646.434,497.17,1.0,651.468,490.214,1.0,656.344,482.059,1.0,667.161,482.279,1.0
304,672.902,307.115,1.0,665.395,311.713,1.0,662.701,321.045,1.0,651.957,327.197,1.0,648.321,333.54,1.0,642.909,417.769,1.0,643.185,421.862,1.0,640.115,430.986,1.0,630.756,431.592,1.0,626.303,437.694,1.0,765.889,341.854,1.0,762.062,353.54,1.0,752.028,360.411,1.0,743.585,365.172,1.0,739.021,376.752,1.0,,,,,,,,,,,,,,,,642.251,500.787,1.0,646.371,497.282,1.0,650.662,490.681,1.0,655.173,482.118,1.0,665.229,481.852,1.0
305,674.915,307.057,1.0,665.845,311.713,1.0,662.809,321.024,1.0,655.602,326.788,1.0,648.808,333.422,1.0,635.003,417.769,1.0,642.734,421.881,1.0,640.115,430.986,1.0,630.341,432.143,1.0,626.303,437.694,1.0,765.989,341.307,1.0,762.062,352.054,1.0,753.905,358.935,1.0,745.828,363.417,1.0,740.413,374.892,1.0,,,,,,,,,,,,,,,,639.117,507.098,1.0,640.639,497.282,1.0,648.07,490.799,1.0,654.66,490.329,1.0,661.944,481.633,1.0
306,675.833,306.907,1.0,666.205,311.049,1.0,662.809,319.777,1.0,656.295,326.788,1.0,651.586,332.449,1.0,632.613,417.825,1.0,640.573,421.862,1.0,640.115,430.986,1.0,630.558,432.719,1.0,625.63,439.251,1.0,766.119,341.048,1.0,762.198,345.502,1.0,756.971,356.267,1.0,748.284,361.821,1.0,740.521,371.193,1.0,,,,,,,,,,,,,,,,638.781,507.385,1.0,640.249,497.282,1.0,647.645,490.999,1.0,654.396,490.841,1.0,661.532,481.633,1.0
307,675.833,304.472,1.0,669.277,311.049,1.0,664.705,318.431,1.0,657.28,325.119,1.0,654.218,330.997,1.0,630.491,420.555,1.0,640.123,421.862,1.0,639.882,429.914,1.0,630.558,432.143,1.0,625.592,439.616,1.0,766.699,337.887,1.0,761.754,344.592,1.0,758.89,354.175,1.0,749.043,361.127,1.0,741.1,369.03,1.0,,,,,,,,,,,,,,,,638.777,507.972,1.0,639.955,497.324,1.0,647.645,491.065,1.0,654.396,490.841,1.0,661.275,481.633,1.0
308,675.833,304.007,1.0,673.771,312.633,1.0,665.94,318.431,1.0,659.739,321.955,1.0,654.417,328.996,1.0,630.409,420.78,1.0,640.123,421.468,1.0,639.882,429.407,1.0,630.558,432.143,1.0,625.592,439.738,1.0,768.296,335.505,1.0,761.754,344.509,1.0,760.351,352.845,1.0,749.067,361.127,1.0,745.166,368.396,1.0,,,,,,,,,,,,,,,,638.621,508.27,1.0,639.829,497.729,1.0,647.644,491.133,1.0,653.514,490.841,1.0,658.898,482.019,1.0
309,675.898,304.007,1.0,677.171,312.633,1.0,666.282,318.431,1.0,660.155,321.907,1.0,654.741,328.931,1.0,629.847,420.78,1.0,639.716,421.126,1.0,639.882,428.369,1.0,630.558,431.85,1.0,625.592,443.759,1.0,768.693,332.544,1.0,762.76,344.509,1.0,760.459,352.312,1.0,749.282,361.127,1.0,745.41,368.078,1.0,,,,,,,,,,,,,,,,637.97,508.414,1.0,638.76,498.994,1.0,646.705,493.25,1.0,649.125,486.655,1.0,655.568,482.62,1.0
310,676.302,304.007,1.0,677.171,311.447,1.0,666.537,317.819,1.0,660.652,321.686,1.0,654.741,328.116,1.0,629.792,420.78,1.0,639.197,420.415,1.0,639.882,427.217,1.0,630.93,431.789,1.0,627.242,444.429,1.0,768.693,331.579,1.0,765.884,343.667,1.0,760.459,352.312,1.0,749.468,362.621,1.0,745.76,368.078,1.0,,,,,,,,,,,,,,,,631.246,508.959,1.0,638.488,499.676,1.0,643.062,494.926,1.0,648.774,486.138,1.0,652.282,486.145,1.0
311,676.676,304.007,1.0,677.207,311.447,1.0,666.537,316.906,1.0,662.065,320.666,1.0,654.741,327.785,1.0,629.792,420.445,1.0,639.083,420.415,1.0,639.882,427.011,1.0,630.93,431.06,1.0,627.462,444.765,1.0,769.895,331.579,1.0,767.034,343.667,1.0,760.351,352.845,1.0,750.549,362.621,1.0,745.956,366.634,1.0,,,,,,,,,,,,,,,,630.659,512.998,1.0,638.435,499.959,1.0,642.968,494.926,1.0,648.742,486.138,1.0,652.229,486.558,1.0
312,678.244,300.584,1.0,677.207,307.283,1.0,667.109,311.567,1.0,662.452,318.639,1.0,656.258,327.747,1.0,629.847,420.005,1.0,639.154,420.138,1.0,640.285,426.746,1.0,630.847,430.89,1.0,627.52,444.429,1.0,769.895,331.579,1.0,767.034,344.509,1.0,762.047,349.977,1.0,751.049,363.69,1.0,748.266,366.142,1.0,,,,,,,,,,,,,,,,630.441,513.076,1.0,637.788,499.959,1.0,642.356,495.252,1.0,648.461,486.312,1.0,652.131,486.796,1.0
313,680.457,295.217,1.0,677.207,297.032,1.0,667.436,310.331,1.0,662.649,314.393,1.0,656.412,323.679,1.0,629.792,419.661,1.0,638.139,419.916,1.0,639.381,426.653,1.0,631.217,430.89,1.0,627.628,444.429,1.0,768.693,336.721,1.0,765.884,343.417,1.0,762.14,351.224,1.0,751.049,363.69,1.0,748.266,365.703,1.0,,,,,,,,,,,,,,,,630.659,513.076,1.0,637.643,499.959,1.0,642.356,495.252,1.0,648.141,486.312,1.0,651.769,486.952,1.0
314,680.457,295.169,1.0,677.207,296.781,1.0,667.436,310.082,1.0,662.761,314.289,1.0,656.895,323.438,1.0,630.5,417.97,1.0,638.139,419.916,1.0,639.381,426.653,1.0,630.847,430.932,1.0,627.52,444.429,1.0,764.171,337.2,1.0,763.381,342.731,1.0,760.169,351.791,1.0,751.129,362.736,1.0,748.266,365.659,1.0,,,,,,,,,,,,,,,,630.659,512.998,1.0,637.643,499.959,1.0,642.153,495.799,1.0,647.887,487.256,1.0,650.73,488.248,1.0
315,680.457,295.168,1.0,677.234,296.756,1.0,667.436,309.944,1.0,662.761,314.057,1.0,657.084,323.034,1.0,632.001,417.97,1.0,639.154,420.326,1.0,639.482,426.653,1.0,630.724,430.932,1.0,627.52,444.765,1.0,753.66,339.691,1.0,759.803,342.731,1.0,760.169,351.791,1.0,751.129,362.936,1.0,747.315,365.62,1.0,,,,,,,,,,,,,,,,631.915,512.998,1.0,637.643,500.331,1.0,641.511,496.326,1.0,647.59,487.499,1.0,650.639,489.204,1.0
316,680.516,294.887,1.0,677.594,296.216,1.0,667.908,309.101,1.0,663.586,313.279,1.0,657.154,322.886,1.0,633.078,417.97,1.0,640.777,420.326,1.0,639.587,427.875,1.0,630.131,430.89,1.0,627.52,444.233,1.0,746.342,341.178,1.0,755.978,343.431,1.0,760.169,351.791,1.0,751.129,363.334,1.0,747.315,365.589,1.0,,,,,,,,,,,,,,,,637.243,513.562,1.0,639.15,502.261,1.0,639.287,497.162,1.0,647.59,488.076,1.0,650.639,489.204,1.0
317,680.516,292.5,1.0,679.189,295.252,1.0,673.604,306.197,1.0,665.735,312.666,1.0,660.716,317.056,1.0,633.31,418.111,1.0,641.144,420.814,1.0,639.482,428.523,1.0,630.131,430.932,1.0,627.371,444.233,1.0,744.476,341.178,1.0,755.103,343.022,1.0,759.538,351.997,1.0,751.699,363.334,1.0,747.283,365.123,1.0,,,,,,,,,,,,,,,,638.308,513.973,1.0,639.428,502.884,1.0,638.413,498.894,1.0,647.59,488.179,1.0,650.639,489.204,1.0
318,683.107,289.679,1.0,680.35,295.252,1.0,673.832,304.841,1.0,668.667,311.93,1.0,663.256,316.485,1.0,633.552,418.111,1.0,641.144,420.95,1.0,639.482,428.981,1.0,630.131,431.101,1.0,627.024,440.633,1.0,743.705,341.178,1.0,753.941,343.022,1.0,758.87,352.157,1.0,752.162,362.936,1.0,747.315,365.123,1.0,,,,,,,,,,,,,,,,642.732,513.973,1.0,642.296,502.884,1.0,638.413,498.894,1.0,647.533,488.179,1.0,651.272,488.68,1.0
319,685.181,288.24,1.0,681.397,295.252,1.0,675.155,304.687,1.0,669.83,311.646,1.0,664.075,316.36,1.0,639.034,418.349,1.0,641.793,420.814,1.0,638.699,428.981,1.0,630.42,431.338,1.0,627.024,440.565,1.0,741.861,340.517,1.0,753.941,343.431,1.0,757.087,352.157,1.0,752.314,362.936,1.0,747.559,365.109,1.0,,,,,,,,,,,,,,,,642.891,513.973,1.0,642.296,504.027,1.0,638.413,498.894,1.0,647.136,488.179,1.0,651.578,488.475,1.0
320,686.53,286.986,1.0,681.397,297.402,1.0,675.155,304.687,1.0,670.345,311.646,1.0,664.953,316.052,1.0,645.628,418.349,1.0,644.622,420.814,1.0,637.603,428.523,1.0,630.42,431.338,1.0,627.024,440.565,1.0,741.267,339.432,1.0,752.751,343.4,1.0,755.829,352.157,1.0,753.021,360.488,1.0,748.898,363.335,1.0,,,,,,,,,,,,,,,,642.732,509.046,1.0,639.15,502.988,1.0,645.918,494.261,1.0,647.136,485.632,1.0,651.606,486.846,1.0
321,687.05,286.53,1.0,681.63,297.402,1.0,675.299,304.687,1.0,670.898,311.296,1.0,665.953,315.846,1.0,650.947,427.62,1.0,644.73,422.993,1.0,637.603,425.74,1.0,630.42,431.338,1.0,627.844,440.565,1.0,738.524,338.508,1.0,750.086,343.022,1.0,754.638,350.92,1.0,753.527,358.478,1.0,751.565,363.066,1.0,,,,,,,,,,,,,,,,638.308,500.61,1.0,642.296,502.988,1.0,645.918,494.039,1.0,646.327,485.216,1.0,651.885,486.846,1.0
322,687.241,285.838,1.0,681.63,297.402,1.0,675.518,303.185,1.0,671.06,309.846,1.0,667.793,315.344,1.0,650.947,427.654,1.0,644.622,422.993,1.0,637.603,425.74,1.0,630.139,430.853,1.0,627.981,442.393,1.0,738.213,338.508,1.0,750.058,342.653,1.0,754.637,350.399,1.0,754.039,358.469,1.0,751.929,363.059,1.0,,,,,,,,,,,,,,,,635.622,494.536,1.0,641.465,500.183,1.0,646.392,494.039,1.0,646.327,485.063,1.0,652.363,486.846,1.0
323,688.441,285.717,1.0,683.169,295.085,1.0,677.122,298.864,1.0,673.163,302.672,1.0,668.323,312.402,1.0,648.035,435.846,1.0,644.622,423.162,1.0,637.478,425.74,1.0,629.754,429.422,1.0,628.416,444.047,1.0,737.836,338.287,1.0,749.323,342.653,1.0,754.137,350.069,1.0,754.039,358.065,1.0,751.929,362.917,1.0,,,,,,,,,,,,,,,,631.616,494.536,1.0,640.746,499.032,1.0,646.392,494.039,1.0,646.327,484.097,1.0,652.464,486.846,1.0
324,688.441,284.862,1.0,684.562,293.394,1.0,679.102,297.764,1.0,674.944,302.423,1.0,669.307,311.847,1.0,648.035,436.4,1.0,644.73,430.597,1.0,637.988,425.785,1.0,629.754,429.054,1.0,629.471,444.047,1.0,736.541,338.245,1.0,746.568,342.648,1.0,753.158,349.489,1.0,754.096,357.475,1.0,751.929,362.74,1.0,,,,,,,,,,,,,,,,631.3,494.536,1.0,640.746,498.641,1.0,646.302,493.895,1.0,647.598,483.763,1.0,652.464,487.174,1.0
325,688.441,284.862,1.0,684.669,292.89,1.0,679.451,297.333,1.0,675.411,301.728,1.0,669.444,311.473,1.0,651.249,437.025,1.0,646.564,431.679,1.0,638.405,427.363,1.0,629.868,428.844,1.0,629.793,444.047,1.0,736.053,338.082,1.0,746.519,342.147,1.0,752.771,348.74,1.0,754.096,355.602,1.0,751.141,362.568,1.0,,,,,,,,,,,,,,,,630.917,500.841,1.0,641.465,498.641,1.0,645.094,493.102,1.0,647.598,483.475,1.0,652.464,487.174,1.0
326,687.258,280.931,1.0,684.758,292.839,1.0,679.451,297.087,1.0,675.613,301.396,1.0,669.966,311.429,1.0,651.249,444.542,1.0,646.923,433.957,1.0,638.633,429.381,1.0,629.967,428.844,1.0,630.702,443.163,1.0,733.631,337.72,1.0,742.268,341.0,1.0,751.995,345.986,1.0,754.096,354.832,1.0,751.141,362.568,1.0,,,,,,,,,,,,,,,,630.917,508.757,1.0,641.465,498.641,1.0,645.094,493.102,1.0,647.598,483.474,1.0,652.464,487.174,1.0
327,687.258,280.931,1.0,686.484,292.485,1.0,679.451,295.906,1.0,676.711,300.25,1.0,669.966,310.258,1.0,651.356,444.683,1.0,647.523,434.696,1.0,639.044,429.54,1.0,629.967,428.844,1.0,630.702,442.53,1.0,731.847,337.72,1.0,739.982,340.043,1.0,751.995,344.857,1.0,754.459,350.105,1.0,751.141,362.74,1.0,,,,,,,,,,,,,,,,630.917,508.757,1.0,641.858,498.641,1.0,645.094,492.96,1.0,647.598,483.453,1.0,652.464,486.606,1.0
328,687.258,280.428,1.0,686.484,282.7,1.0,677.025,292.671,1.0,679.009,298.355,1.0,669.966,308.884,1.0,654.282,445.908,1.0,649.902,440.755,1.0,643.047,429.896,1.0,631.651,432.178,1.0,630.702,439.129,1.0,731.176,337.72,1.0,739.959,338.653,1.0,751.995,344.149,1.0,754.459,349.73,1.0,751.123,363.037,1.0,,,,,,,,,,,,,,,,631.858,508.757,1.0,642.589,498.641,1.0,645.094,492.353,1.0,648.175,483.474,1.0,653.45,486.606,1.0
329,691.058,275.955,1.0,686.976,280.732,1.0,677.025,290.915,1.0,679.183,297.468,1.0,669.595,306.851,1.0,655.311,446.296,1.0,650.97,442.114,1.0,645.135,429.925,1.0,632.276,432.35,1.0,629.975,437.722,1.0,731.163,337.72,1.0,739.521,338.24,1.0,751.783,344.149,1.0,754.479,349.73,1.0,751.123,363.037,1.0,,,,,,,,,,,,,,,,633.009,507.004,1.0,643.505,497.163,1.0,646.783,491.848,1.0,648.175,482.907,1.0,655.194,485.968,1.0
330,693.838,275.616,1.0,688.161,277.395,1.0,677.025,289.986,1.0,679.278,297.429,1.0,669.595,306.812,1.0,655.711,447.01,1.0,651.673,442.125,1.0,646.293,430.346,1.0,632.276,432.35,1.0,628.291,436.017,1.0,731.163,337.604,1.0,739.48,337.568,1.0,751.571,343.856,1.0,754.479,349.395,1.0,751.123,363.037,1.0,,,,,,,,,,,,,,,,633.493,495.906,1.0,643.828,494.83,1.0,651.076,489.392,1.0,651.211,482.907,1.0,660.441,482.304,1.0
331,698.546,275.546,1.0,688.256,276.717,1.0,677.281,288.155,1.0,679.278,297.137,1.0,669.595,306.242,1.0,657.229,447.01,1.0,652.172,442.125,1.0,646.556,431.86,1.0,632.276,432.35,1.0,628.291,435.708,1.0,731.131,337.395,1.0,739.513,337.116,1.0,747.031,343.805,1.0,754.359,349.395,1.0,751.008,362.069,1.0,,,,,,,,,,,,,,,,638.738,495.333,1.0,643.828,490.929,1.0,651.076,489.289,1.0,652.982,483.183,1.0,661.7,480.751,1.0
332,698.546,274.933,1.0,688.256,276.456,1.0,677.332,288.155,1.0,679.613,296.813,1.0,669.776,305.794,1.0,658.234,447.01,1.0,652.237,442.114,1.0,646.556,434.026,1.0,632.276,432.35,1.0,628.291,434.709,1.0,730.787,336.51,1.0,739.513,336.312,1.0,743.952,343.107,1.0,754.176,347.41,1.0,749.868,359.347,1.0,,,,,,,,,,,,,,,,638.821,485.552,1.0,643.828,487.304,1.0,651.076,489.037,1.0,653.183,485.906,1.0,661.7,479.593,1.0
333,698.64,274.933,1.0,688.665,276.456,1.0,678.218,288.145,1.0,680.032,293.93,1.0,675.242,297.569,1.0,661.642,443.612,1.0,657.336,435.562,1.0,646.556,435.966,1.0,632.276,432.575,1.0,628.537,432.79,1.0,730.686,334.997,1.0,738.161,334.752,1.0,743.3,343.107,1.0,752.896,346.999,1.0,749.868,358.328,1.0,,,,,,,,,,,,,,,,639.998,480.986,1.0,643.652,487.304,1.0,648.363,489.037,1.0,653.183,485.939,1.0,661.7,476.684,1.0
334,699.43,273.987,1.0,691.96,276.456,1.0,686.031,287.517,1.0,680.849,293.228,1.0,675.555,296.953,1.0,663.733,443.083,1.0,659.219,435.405,1.0,646.085,435.966,1.0,639.327,433.384,1.0,631.708,430.943,1.0,730.686,334.997,1.0,736.89,334.752,1.0,743.3,342.414,1.0,752.896,346.999,1.0,749.868,358.084,1.0,,,,,,,,,,,,,,,,641.218,480.986,1.0,642.951,487.304,1.0,648.363,488.808,1.0,653.347,488.328,1.0,660.655,476.054,1.0
335,699.506,273.687,1.0,693.375,279.311,1.0,687.119,287.096,1.0,682.89,292.695,1.0,676.549,296.953,1.0,664.163,442.92,1.0,659.219,435.405,1.0,646.085,436.063,1.0,639.443,433.628,1.0,631.888,430.839,1.0,730.686,334.997,1.0,739.513,334.752,1.0,743.3,342.414,1.0,752.896,346.859,1.0,750.994,358.084,1.0,,,,,,,,,,,,,,,,641.492,480.986,1.0,642.642,488.51,1.0,648.363,488.808,1.0,653.58,488.47,1.0,660.447,475.918,1.0
336,699.43,273.687,1.0,693.375,279.311,1.0,687.834,284.557,1.0,683.643,292.615,1.0,676.729,296.953,1.0,664.163,442.92,1.0,659.776,435.562,1.0,646.085,436.063,1.0,639.735,434.089,1.0,632.231,430.839,1.0,732.784,335.005,1.0,739.684,335.613,1.0,745.152,343.233,1.0,754.826,346.999,1.0,751.052,358.328,1.0,,,,,,,,,,,,,,,,641.492,480.986,1.0,642.642,488.51,1.0,648.626,489.037,1.0,653.347,489.203,1.0,659.276,475.978,1.0
337,699.43,273.771,1.0,693.488,279.311,1.0,688.006,284.549,1.0,683.643,292.364,1.0,676.8,297.442,1.0,664.919,443.612,1.0,659.78,435.687,1.0,647.128,437.026,1.0,641.498,435.384,1.0,633.822,430.839,1.0,737.93,335.005,1.0,740.63,338.292,1.0,748.125,344.533,1.0,755.206,347.222,1.0,752.878,359.473,1.0,,,,,,,,,,,,,,,,643.419,480.986,1.0,642.642,488.51,1.0,648.626,488.808,1.0,652.06,491.8,1.0,659.202,475.978,1.0
338,699.43,273.771,1.0,693.542,279.098,1.0,688.055,284.313,1.0,683.667,292.364,1.0,677.015,297.442,1.0,668.593,446.711,0.0,659.88,439.878,1.0,655.372,441.178,1.0,648.043,438.347,1.0,638.996,431.202,1.0,740.103,335.005,1.0,742.716,339.075,1.0,750.119,344.533,1.0,755.435,348.618,1.0,755.395,361.18,1.0,,,,,,,,,,,,,,,,643.873,472.994,1.0,643.141,481.305,1.0,648.626,488.137,1.0,650.041,489.203,1.0,658.958,475.978,1.0
339,699.506,273.687,1.0,695.731,279.018,1.0,688.529,282.999,1.0,683.701,290.577,1.0,681.195,297.442,1.0,669.495,447.043,1.0,661.869,441.359,1.0,655.372,441.178,1.0,648.653,438.347,1.0,638.996,431.202,1.0,741.024,333.997,1.0,742.891,339.075,1.0,750.119,344.533,1.0,755.435,348.881,1.0,756.093,361.563,1.0,,,,,,,,,,,,,,,,643.873,472.747,1.0,643.422,481.257,1.0,647.806,487.86,1.0,649.93,489.203,1.0,658.713,476.73,1.0
340,701.375,270.731,1.0,695.873,276.188,1.0,690.686,278.376,1.0,685.828,285.144,1.0,681.972,292.627,1.0,669.495,446.711,1.0,661.935,441.686,1.0,655.409,441.178,1.0,648.653,438.4,1.0,639.569,431.202,1.0,744.714,333.997,1.0,745.196,338.393,1.0,748.745,342.792,1.0,755.435,349.614,1.0,756.479,362.172,1.0,,,,,,,,,,,,,,,,643.873,472.847,1.0,643.422,480.896,1.0,647.757,488.137,1.0,649.877,481.84,1.0,658.713,476.982,1.0
341,702.828,266.846,1.0,696.628,266.449,1.0,695.711,278.331,1.0,685.83,284.839,1.0,683.231,291.958,1.0,669.495,446.711,1.0,662.396,441.702,1.0,655.648,441.178,1.0,648.671,438.347,1.0,639.838,431.202,1.0,755.044,332.185,1.0,748.078,338.292,1.0,748.125,342.029,1.0,753.888,349.614,1.0,756.795,362.172,1.0,,,,,,,,,,,,,,,,,472.747,0.0,643.141,479.808,1.0,647.64,487.029,1.0,649.142,481.59,1.0,658.097,479.772,1.0
342,703.02,266.503,1.0,696.745,265.926,1.0,695.77,278.307,1.0,685.945,284.556,1.0,683.565,291.759,1.0,670.739,447.043,1.0,664.74,442.268,1.0,657.347,441.262,1.0,648.986,438.347,1.0,643.122,431.43,1.0,760.83,331.68,1.0,750.168,338.393,1.0,746.493,342.029,1.0,751.931,349.77,1.0,757.012,362.172,1.0,,,,,,,,,,,,,,,,642.091,472.847,1.0,643.102,477.664,1.0,646.417,486.956,1.0,648.891,481.578,1.0,656.463,481.512,1.0
343,705.011,261.977,1.0,696.978,265.905,1.0,696.1,277.929,1.0,686.653,284.421,1.0,683.978,291.404,1.0,676.696,449.118,1.0,671.288,445.296,1.0,661.596,444.639,1.0,649.931,438.675,1.0,644.123,434.93,1.0,761.237,332.185,1.0,751.716,338.385,1.0,746.493,342.228,1.0,751.615,349.614,1.0,758.09,362.104,1.0,,,,,,,,,,,,,,,,641.206,470.407,1.0,643.102,476.15,1.0,646.417,486.549,1.0,648.891,481.59,1.0,656.177,481.512,1.0
344,705.144,261.209,1.0,696.978,265.439,1.0,696.1,276.789,1.0,689.621,282.092,1.0,685.897,290.55,1.0,677.223,449.437,1.0,671.943,446.117,1.0,661.596,444.639,1.0,650.137,438.782,1.0,644.596,435.723,1.0,761.378,334.859,1.0,752.789,337.797,1.0,746.493,342.228,1.0,751.312,349.276,1.0,758.152,362.104,1.0,,,,,,,,,,,,,,,,641.0,470.058,1.0,642.082,474.674,1.0,645.154,485.619,1.0,648.891,481.578,1.0,656.096,482.296,1.0
345,708.397,259.132,1.0,701.966,263.697,1.0,696.1,272.94,1.0,689.841,282.092,1.0,686.553,288.031,1.0,677.902,449.69,1.0,672.476,446.61,1.0,661.627,445.488,1.0,650.186,439.588,1.0,645.103,436.571,1.0,765.04,334.859,1.0,754.406,337.797,1.0,747.481,342.228,1.0,751.312,348.833,1.0,758.605,362.104,1.0,,,,,,,,,,,,,,,,640.755,469.393,1.0,642.058,473.689,1.0,645.154,484.983,1.0,648.891,481.59,1.0,656.096,482.296,1.0
346,710.19,258.021,1.0,703.403,262.458,1.0,695.201,272.94,1.0,689.858,281.437,1.0,687.986,285.999,1.0,678.256,450.155,1.0,673.401,448.473,1.0,662.132,445.627,1.0,650.186,440.664,1.0,646.427,438.122,1.0,766.97,335.189,1.0,757.912,337.082,1.0,748.753,342.867,1.0,751.147,348.833,1.0,758.679,362.875,1.0,,,,,,,,,,,,,,,,636.057,466.489,1.0,641.281,472.909,1.0,645.154,483.695,1.0,648.212,494.57,1.0,655.215,483.169,1.0
347,711.202,258.021,1.0,703.725,261.726,1.0,695.201,272.94,1.0,690.617,281.437,1.0,688.024,285.998,1.0,686.269,458.312,1.0,676.101,451.872,1.0,666.413,445.888,1.0,659.791,445.301,1.0,650.899,438.864,1.0,767.31,335.189,1.0,758.194,336.991,1.0,749.798,342.228,1.0,750.244,348.08,1.0,758.679,362.875,1.0,,,,,,,,,,,,,,,,635.515,465.26,1.0,640.701,471.979,1.0,643.975,482.758,1.0,647.433,494.833,1.0,655.215,483.981,1.0
348,712.701,257.973,1.0,703.725,261.726,1.0,695.201,274.831,1.0,690.617,281.437,1.0,688.117,285.813,1.0,686.368,459.196,1.0,677.224,452.097,1.0,666.514,447.26,1.0,659.89,446.708,1.0,651.334,439.78,1.0,768.114,334.859,1.0,758.196,336.771,1.0,749.798,341.764,1.0,749.824,346.974,1.0,758.679,362.875,1.0,,,,,,,,,,,,,,,,635.39,464.777,1.0,640.599,470.619,1.0,643.975,480.407,1.0,647.433,494.833,1.0,655.215,487.323,1.0
349,712.701,257.973,1.0,703.843,261.383,1.0,695.385,274.831,1.0,691.741,280.314,1.0,688.129,285.696,1.0,686.368,459.196,1.0,677.44,452.75,1.0,667.079,448.348,1.0,659.936,446.708,1.0,651.369,440.155,1.0,768.629,333.778,1.0,759.894,331.663,1.0,749.798,341.764,1.0,749.531,346.974,1.0,758.174,362.812,1.0,,,,,,,,,,,,,,,,635.088,464.488,1.0,640.599,470.441,1.0,643.975,479.895,1.0,647.132,494.846,1.0,655.615,489.835,1.0
350,712.701,255.775,1.0,703.843,261.383,1.0,698.096,274.831,1.0,694.274,277.107,1.0,688.629,279.471,1.0,686.508,459.196,1.0,677.838,452.924,1.0,667.56,448.997,1.0,660.052,446.708,1.0,652.148,440.608,1.0,773.492,331.624,1.0,763.818,331.015,1.0,750.03,337.243,1.0,749.531,345.55,1.0,756.695,362.079,1.0,,,,,,,,,,,,,,,,634.985,464.251,1.0,640.471,470.095,1.0,644.665,479.883,1.0,646.991,494.846,1.0,656.106,490.248,1.0
351,712.2,254.515,1.0,703.843,262.169,1.0,700.928,268.9,1.0,695.975,273.442,1.0,689.337,279.401,1.0,686.608,451.068,1.0,679.159,453.476,1.0,669.052,450.977,1.0,660.052,445.18,1.0,653.577,442.232,1.0,774.055,331.586,1.0,764.423,330.933,1.0,750.483,336.858,1.0,749.531,345.55,1.0,756.695,361.65,1.0,,,,,,,,,,,,,,,,634.985,464.215,1.0,640.419,470.066,1.0,644.853,479.883,1.0,646.989,494.846,1.0,656.106,490.494,1.0
352,710.806,253.505,1.0,703.843,262.333,1.0,701.01,268.397,1.0,696.197,272.896,1.0,689.497,279.29,1.0,688.282,450.595,1.0,684.543,454.72,1.0,671.19,451.418,1.0,660.052,445.18,1.0,657.778,444.864,1.0,774.784,330.795,1.0,764.423,330.852,1.0,751.028,336.858,1.0,751.15,345.55,1.0,756.695,361.65,1.0,,,,,,,,,,,,,,,,634.397,463.965,1.0,640.471,470.095,1.0,644.853,479.883,1.0,646.476,494.784,1.0,656.106,490.762,1.0
353,710.03,252.674,1.0,703.843,262.169,1.0,701.047,267.565,1.0,696.197,272.736,1.0,689.497,279.401,1.0,692.188,449.528,1.0,686.749,455.45,1.0,672.043,452.582,1.0,660.534,445.18,1.0,658.932,446.225,1.0,774.987,330.253,1.0,764.531,330.692,1.0,751.052,336.858,1.0,751.468,346.579,1.0,757.798,361.244,1.0,,,,,,,,,,,,,,,,633.755,463.003,1.0,640.763,470.441,1.0,644.853,481.837,1.0,646.179,493.985,1.0,655.755,492.208,1.0
354,709.998,252.447,1.0,704.039,262.169,1.0,701.322,267.5,1.0,695.975,272.543,1.0,689.497,279.29,1.0,692.727,449.528,1.0,687.272,455.523,1.0,672.666,452.582,1.0,660.534,446.376,1.0,659.214,446.225,1.0,774.987,330.219,1.0,765.28,330.51,1.0,752.151,338.585,1.0,751.518,346.579,1.0,759.238,361.244,1.0,,,,,,,,,,,,,,,,633.396,462.438,1.0,642.331,471.472,1.0,642.989,481.837,1.0,645.291,492.6,1.0,654.038,492.526,1.0
355,709.998,251.812,1.0,704.109,260.276,1.0,701.351,265.61,1.0,696.306,272.374,1.0,689.497,279.29,1.0,694.421,449.528,1.0,687.272,455.588,1.0,673.451,452.582,1.0,660.534,446.517,1.0,659.812,446.225,1.0,774.987,329.729,1.0,765.28,330.266,1.0,753.566,338.585,1.0,752.105,346.579,1.0,759.238,361.244,1.0,,,,,,,,,,,,,,,,633.311,462.438,1.0,642.574,471.569,1.0,642.989,481.911,1.0,645.28,492.398,1.0,654.038,492.98,1.0
356,710.03,247.216,1.0,704.335,255.756,1.0,701.856,265.283,1.0,696.306,269.274,1.0,689.938,276.631,1.0,696.305,450.504,1.0,687.945,456.713,1.0,674.911,452.508,1.0,662.095,447.74,1.0,662.087,445.523,1.0,775.122,328.75,1.0,765.723,330.26,1.0,753.898,338.585,1.0,752.105,346.166,1.0,759.238,360.769,1.0,,,,,,,,,,,,,,,,633.311,462.438,1.0,642.606,471.569,1.0,642.989,481.837,1.0,645.28,492.398,1.0,654.038,493.247,1.0
357,711.015,246.294,1.0,709.95,248.126,1.0,706.779,259.746,1.0,697.482,266.388,1.0,690.001,275.175,1.0,697.817,460.481,1.0,688.936,458.685,1.0,680.021,451.959,1.0,665.567,450.001,1.0,663.913,442.151,1.0,776.259,325.782,1.0,767.134,325.151,1.0,757.911,338.996,1.0,752.105,345.921,1.0,756.247,357.706,1.0,,,,,,,,,,,,,,,,633.396,462.592,1.0,642.981,471.569,1.0,644.11,481.911,1.0,645.291,492.6,1.0,654.695,493.247,1.0
358,711.128,243.511,1.0,709.95,247.157,1.0,706.918,258.849,1.0,697.637,265.955,1.0,690.422,274.654,1.0,699.623,460.913,1.0,689.491,458.685,1.0,680.021,450.504,1.0,666.024,450.118,1.0,663.913,441.862,1.0,777.844,323.523,1.0,768.715,325.066,1.0,759.776,338.996,1.0,752.105,345.921,1.0,754.132,356.592,1.0,,,,,,,,,,,,,,,,635.02,468.128,1.0,642.99,471.569,1.0,647.663,481.911,1.0,645.939,492.675,1.0,656.537,493.909,1.0
359,711.555,243.478,1.0,710.337,246.925,1.0,706.918,258.834,1.0,697.814,265.85,1.0,690.422,274.492,1.0,699.623,461.015,1.0,689.491,458.685,1.0,680.303,450.455,1.0,666.874,450.283,1.0,664.547,441.811,1.0,777.844,320.788,1.0,770.532,324.92,1.0,759.776,340.312,1.0,751.507,345.547,1.0,753.661,356.326,1.0,,,,,,,,,,,,,,,,636.841,470.675,1.0,643.051,472.636,1.0,648.934,482.147,1.0,646.765,493.543,1.0,656.794,494.159,1.0
360,711.839,243.009,1.0,710.337,246.925,1.0,706.779,257.888,1.0,698.431,265.85,1.0,691.087,273.728,1.0,699.821,461.015,1.0,694.24,449.71,1.0,680.303,450.455,1.0,666.896,450.504,1.0,664.612,441.811,1.0,777.844,320.764,1.0,771.318,324.197,1.0,759.945,340.312,1.0,751.507,345.547,1.0,753.422,356.043,1.0,,,,,,,,,,,,,,,,637.334,473.289,1.0,643.051,472.903,1.0,648.934,482.159,1.0,647.453,493.543,1.0,657.546,494.979,1.0
361,714.209,240.082,1.0,710.383,246.925,1.0,706.565,256.307,1.0,699.566,265.733,1.0,697.526,269.632,1.0,699.821,461.125,1.0,694.49,449.71,1.0,680.308,450.455,1.0,667.265,450.643,1.0,664.693,441.862,1.0,778.026,320.566,1.0,771.408,323.879,1.0,759.945,340.312,1.0,752.357,345.547,1.0,753.422,354.895,1.0,,,,,,,,,,,,,,,,637.711,473.289,1.0,644.527,473.399,1.0,648.934,483.294,1.0,648.676,493.543,1.0,659.624,495.289,1.0
362,715.047,239.883,1.0,710.795,247.287,1.0,706.565,256.055,1.0,701.6,265.06,1.0,698.006,268.946,1.0,700.367,461.363,1.0,696.161,449.71,1.0,683.044,453.043,1.0,678.038,452.178,1.0,668.012,444.757,1.0,778.102,320.208,1.0,771.408,323.879,1.0,761.544,339.069,1.0,752.457,343.789,1.0,753.661,354.546,1.0,,,,,,,,,,,,,,,,640.352,473.861,1.0,644.733,473.919,1.0,645.68,483.294,1.0,649.64,482.277,1.0,660.181,495.289,1.0
363,715.047,239.883,1.0,711.833,247.287,1.0,706.214,255.859,1.0,701.995,264.599,1.0,702.022,268.125,1.0,701.946,465.59,1.0,696.471,452.815,1.0,687.116,457.252,1.0,683.612,452.326,1.0,671.402,446.315,1.0,778.194,319.596,1.0,772.498,323.879,1.0,763.1,338.554,1.0,755.623,341.549,1.0,753.732,346.807,1.0,,,,,,,,,,,,,,,,647.508,474.071,1.0,645.805,474.443,1.0,645.68,483.771,1.0,649.64,481.727,1.0,660.998,495.289,1.0
364,715.017,239.883,1.0,711.848,247.287,1.0,706.196,255.859,1.0,702.585,264.192,1.0,702.022,267.883,1.0,701.959,465.59,1.0,696.537,452.937,1.0,687.202,457.29,1.0,683.612,452.326,1.0,671.402,446.315,1.0,780.606,319.398,1.0,774.131,325.356,1.0,765.857,333.39,1.0,759.017,339.202,1.0,753.732,345.774,1.0,,,,,,,,,,,,,,,,649.842,474.071,1.0,646.582,475.032,1.0,645.68,484.421,1.0,649.64,481.727,1.0,660.998,493.998,1.0
365,715.047,239.883,1.0,711.848,246.892,1.0,706.565,255.563,1.0,702.965,263.0,1.0,702.109,267.876,1.0,702.393,465.59,1.0,696.864,453.002,1.0,687.356,457.29,1.0,683.612,452.326,1.0,671.59,447.083,1.0,782.033,319.398,1.0,774.732,325.356,1.0,767.117,331.526,1.0,759.179,338.787,1.0,753.732,344.96,1.0,,,,,,,,,,,,,,,,651.98,477.49,1.0,647.348,475.852,1.0,645.775,485.733,1.0,648.821,481.727,1.0,661.055,493.542,1.0
366,715.15,239.32,1.0,711.833,245.196,1.0,706.604,251.501,1.0,704.486,256.803,1.0,702.461,267.876,1.0,703.56,465.704,1.0,699.024,453.002,1.0,690.166,457.408,1.0,681.442,452.504,1.0,671.974,447.083,1.0,784.125,319.28,1.0,774.974,325.356,1.0,767.117,328.076,1.0,759.179,336.738,1.0,753.732,344.265,1.0,,,,,,,,,,,,,,,,658.541,477.744,1.0,648.186,475.882,1.0,646.736,486.822,1.0,648.82,482.237,1.0,660.998,493.468,1.0
367,715.017,230.431,1.0,711.534,233.912,1.0,712.84,245.123,1.0,708.596,252.078,1.0,705.73,263.945,1.0,710.868,465.738,1.0,703.047,453.002,1.0,692.947,457.571,1.0,681.349,452.404,1.0,673.841,447.557,1.0,784.157,319.28,1.0,774.995,325.052,1.0,767.12,327.852,1.0,759.266,334.129,1.0,753.732,344.265,1.0,,,,,,,,,,,,,,,,659.377,477.744,1.0,649.008,475.882,1.0,647.202,486.822,1.0,648.326,482.237,1.0,660.483,492.998,1.0
368,714.852,230.334,1.0,711.175,233.912,1.0,712.933,245.003,1.0,708.668,251.797,1.0,705.774,263.737,1.0,712.703,466.704,1.0,703.889,453.554,1.0,695.49,457.456,1.0,681.349,452.69,1.0,675.654,448.112,1.0,784.365,319.28,1.0,774.995,324.349,1.0,767.12,327.703,1.0,759.316,333.893,1.0,753.939,343.933,1.0,,,,,,,,,,,,,,,,660.156,477.744,1.0,649.741,475.882,1.0,646.736,485.733,1.0,647.796,482.323,1.0,660.086,492.902,1.0
369,714.627,230.314,1.0,711.175,233.912,1.0,713.097,244.912,1.0,708.958,251.712,1.0,705.774,263.592,1.0,712.703,466.831,1.0,704.014,453.554,1.0,695.571,457.571,1.0,681.442,452.721,1.0,676.016,448.168,1.0,784.568,318.525,1.0,775.881,324.203,1.0,768.409,327.684,1.0,761.094,333.107,1.0,755.254,343.511,1.0,,,,,,,,,,,,,,,,662.189,476.543,1.0,652.95,475.882,1.0,646.736,485.459,1.0,647.796,482.356,1.0,660.086,491.277,1.0
370,714.627,230.314,1.0,711.175,233.912,1.0,713.097,244.343,1.0,709.732,251.121,1.0,705.774,263.199,1.0,712.937,466.831,1.0,704.03,453.718,1.0,695.938,457.685,1.0,681.546,453.141,1.0,676.147,449.081,1.0,784.686,314.22,1.0,778.007,320.66,1.0,770.81,327.092,1.0,764.31,331.614,1.0,756.446,340.797,1.0,,,,,,,,,,,,,,,,665.487,474.007,1.0,655.504,472.022,1.0,642.924,477.214,1.0,644.438,491.582,1.0,658.601,490.73,1.0
371,714.627,228.604,1.0,712.974,233.83,1.0,713.793,244.085,1.0,709.742,249.974,1.0,703.63,261.83,1.0,713.063,466.704,1.0,704.752,453.744,1.0,696.708,457.685,1.0,682.604,452.721,1.0,676.847,449.658,1.0,789.192,311.858,1.0,781.912,315.885,1.0,776.842,326.799,1.0,765.127,330.856,1.0,756.542,338.641,1.0,,,,,,,,,,,,,,,,666.16,473.989,1.0,655.925,471.532,1.0,642.924,477.214,1.0,643.554,491.582,1.0,657.633,490.73,1.0
372,719.213,223.3,1.0,716.721,231.513,1.0,713.793,242.453,1.0,710.477,248.823,1.0,703.467,257.047,1.0,715.188,461.431,1.0,710.133,454.263,1.0,699.275,457.87,1.0,692.683,452.721,1.0,680.098,453.654,1.0,792.685,311.858,1.0,785.129,313.959,1.0,777.962,325.373,1.0,765.127,330.26,1.0,757.109,338.361,1.0,,,,,,,,,,,,,,,,666.73,472.131,1.0,655.978,470.387,1.0,642.924,477.214,1.0,643.488,491.582,1.0,655.693,490.73,1.0
373,720.144,221.22,1.0,717.449,230.639,1.0,710.385,241.342,1.0,710.477,248.668,1.0,703.467,251.323,1.0,717.555,461.385,1.0,712.2,454.598,1.0,700.124,457.903,1.0,694.721,451.368,1.0,684.498,453.685,1.0,792.685,311.858,1.0,785.129,313.959,1.0,777.962,325.111,1.0,765.133,330.189,1.0,757.223,338.194,1.0,,,,,,,,,,,,,,,,669.856,469.485,1.0,658.126,469.118,1.0,647.443,478.311,1.0,643.488,488.32,1.0,653.724,492.85,1.0
374,721.297,221.18,1.0,718.017,230.639,1.0,710.385,241.086,1.0,710.716,247.841,1.0,703.63,251.283,1.0,717.566,461.293,1.0,712.401,454.851,1.0,700.182,457.903,1.0,694.963,451.368,1.0,684.722,453.739,1.0,792.798,311.858,1.0,785.375,313.935,1.0,777.962,324.995,1.0,765.133,330.189,1.0,757.393,338.121,1.0,,,,,,,,,,,,,,,,669.929,469.37,1.0,659.119,469.099,1.0,648.096,478.746,1.0,643.488,486.572,1.0,653.289,492.951,1.0
375,721.3,221.22,1.0,718.855,230.563,1.0,710.772,241.077,1.0,710.716,247.118,1.0,704.348,250.933,1.0,717.566,461.385,1.0,712.638,455.078,1.0,700.309,457.903,1.0,694.963,451.368,1.0,684.722,453.885,1.0,792.798,311.858,1.0,785.765,313.752,1.0,776.137,320.889,1.0,770.252,330.074,1.0,761.76,337.145,1.0,,,,,,,,,,,,,,,,669.929,469.37,1.0,659.194,468.986,1.0,648.427,478.77,1.0,644.798,484.578,1.0,652.981,492.951,1.0
376,722.91,221.18,1.0,718.855,229.79,1.0,710.772,240.39,1.0,709.979,246.217,1.0,704.794,250.333,1.0,717.555,461.431,1.0,712.861,455.586,1.0,701.639,457.917,1.0,694.963,453.328,1.0,685.165,454.084,1.0,793.981,309.049,1.0,789.009,310.835,1.0,776.137,320.889,1.0,772.75,329.213,1.0,766.867,334.674,1.0,,,,,,,,,,,,,,,,669.856,469.37,1.0,659.206,468.986,1.0,648.427,478.98,1.0,645.033,484.578,1.0,653.289,492.85,1.0
377,726.41,220.185,1.0,718.855,229.077,1.0,714.885,234.144,1.0,707.992,240.959,1.0,706.317,250.333,1.0,717.504,463.688,1.0,712.861,455.929,1.0,701.736,458.751,1.0,694.963,453.573,1.0,687.083,454.084,1.0,796.313,308.962,1.0,790.43,309.761,1.0,776.137,320.889,1.0,772.817,329.211,1.0,766.867,334.674,1.0,,,,,,,,,,,,,,,,669.076,470.136,1.0,659.194,469.016,1.0,648.096,478.98,1.0,645.033,484.578,1.0,653.289,492.694,1.0
378,727.874,220.022,1.0,717.565,224.676,1.0,715.624,231.235,1.0,707.992,240.959,1.0,706.326,250.333,1.0,717.261,463.688,1.0,712.861,455.929,1.0,705.727,459.932,1.0,692.478,454.29,1.0,687.083,454.084,1.0,798.732,308.962,1.0,791.582,308.847,1.0,777.162,319.462,1.0,772.911,329.211,1.0,766.913,334.674,1.0,,,,,,,,,,,,,,,,666.965,470.136,1.0,659.194,469.016,1.0,647.707,478.98,1.0,644.798,485.123,1.0,653.664,492.694,1.0
379,727.874,219.993,1.0,717.565,224.283,1.0,715.624,231.235,1.0,707.992,239.68,1.0,708.76,248.939,1.0,717.261,463.688,1.0,712.446,455.929,1.0,706.096,461.026,1.0,692.478,454.354,1.0,686.733,453.103,1.0,798.732,308.947,1.0,791.731,308.629,1.0,780.832,322.351,1.0,773.065,328.564,1.0,767.269,334.674,1.0,,,,,,,,,,,,,,,,664.626,470.136,1.0,656.777,468.861,1.0,647.707,479.494,1.0,642.599,486.869,1.0,654.483,492.533,1.0
380,727.965,219.905,1.0,717.565,224.253,1.0,715.624,231.063,1.0,709.226,239.312,1.0,708.76,248.869,1.0,717.261,450.809,1.0,712.207,453.072,1.0,705.727,461.579,1.0,695.058,454.354,1.0,686.733,452.949,1.0,798.732,308.947,1.0,791.832,308.629,1.0,781.028,322.351,1.0,773.496,328.16,1.0,767.269,334.878,1.0,,,,,,,,,,,,,,,,661.508,468.473,1.0,656.777,467.373,1.0,647.548,480.051,1.0,642.287,487.042,1.0,654.571,492.694,1.0
381,727.965,218.06,1.0,718.697,223.097,1.0,715.624,230.139,1.0,710.345,237.064,1.0,708.76,245.657,1.0,717.762,450.809,1.0,712.136,453.072,1.0,703.458,461.579,1.0,695.058,454.354,1.0,686.643,452.927,1.0,798.208,308.947,1.0,791.904,308.629,1.0,781.103,321.2,1.0,774.199,328.16,1.0,767.649,334.878,1.0,,,,,,,,,,,,,,,,660.2,468.473,1.0,656.704,467.373,1.0,643.435,479.583,1.0,642.202,487.48,1.0,654.571,493.216,1.0
382,727.874,213.013,1.0,725.976,213.434,1.0,715.624,227.993,1.0,713.202,231.03,1.0,708.76,241.773,1.0,717.762,450.809,1.0,712.136,453.072,1.0,703.458,461.743,1.0,694.036,453.577,1.0,685.975,452.69,1.0,797.626,304.594,1.0,791.832,310.065,1.0,782.822,319.462,1.0,775.442,328.011,1.0,767.968,334.624,1.0,,,,,,,,,,,,,,,,660.2,468.473,1.0,656.704,467.373,1.0,644.975,480.051,1.0,642.287,487.042,1.0,654.571,493.216,1.0
383,727.836,211.005,1.0,726.322,212.497,1.0,719.958,222.62,1.0,713.291,230.312,1.0,708.894,239.702,1.0,717.762,457.639,1.0,712.136,454.624,1.0,701.4,461.579,1.0,694.457,453.539,1.0,684.863,450.774,1.0,795.801,302.758,1.0,791.731,312.176,1.0,785.978,318.378,1.0,776.904,326.253,1.0,770.133,329.768,1.0,,,,,,,,,,,,,,,,661.32,471.84,1.0,654.851,469.385,1.0,644.975,480.051,1.0,642.287,487.042,1.0,653.645,493.24,1.0
384,727.836,210.624,1.0,726.994,212.378,1.0,720.096,222.62,1.0,713.599,230.312,1.0,714.392,239.7,1.0,712.471,466.295,1.0,708.97,456.39,1.0,701.169,461.579,1.0,694.457,453.539,1.0,684.863,450.571,1.0,795.309,300.831,1.0,790.995,312.176,1.0,787.793,316.223,1.0,777.096,324.92,1.0,770.155,329.384,1.0,,,,,,,,,,,,,,,,661.32,474.225,1.0,654.23,469.385,1.0,644.975,479.583,1.0,642.287,487.781,1.0,653.616,493.655,1.0
385,727.836,210.482,1.0,726.994,212.378,1.0,720.176,221.911,1.0,713.863,230.026,1.0,714.693,239.007,1.0,705.034,468.912,1.0,708.153,456.442,1.0,701.169,461.801,1.0,694.457,453.539,1.0,684.863,450.525,1.0,794.1,300.242,1.0,790.995,310.89,1.0,788.041,316.121,1.0,777.808,324.434,1.0,770.711,329.384,1.0,,,,,,,,,,,,,,,,660.2,475.775,1.0,654.083,469.385,1.0,644.975,479.153,1.0,643.38,489.199,1.0,653.616,493.937,1.0
386,727.836,209.451,1.0,726.994,212.378,1.0,721.197,221.958,1.0,716.817,230.026,1.0,715.262,236.012,1.0,701.84,469.846,1.0,707.191,463.747,1.0,701.141,462.04,1.0,694.751,458.235,1.0,684.413,450.571,1.0,793.974,300.232,1.0,790.84,310.667,1.0,788.044,315.919,1.0,778.548,324.252,1.0,770.986,329.384,1.0,,,,,,,,,,,,,,,,659.481,475.775,1.0,654.083,467.754,1.0,647.059,479.153,1.0,643.38,489.486,1.0,653.645,494.134,1.0
387,733.829,209.008,1.0,726.322,213.954,1.0,721.36,221.353,1.0,716.964,229.402,1.0,717.696,235.867,1.0,700.194,476.882,1.0,705.824,465.021,1.0,701.066,462.824,1.0,694.751,458.235,1.0,684.876,450.571,1.0,793.974,300.232,1.0,790.84,310.667,1.0,788.041,315.903,1.0,778.523,324.189,1.0,770.986,329.366,1.0,,,,,,,,,,,,,,,,659.181,475.775,1.0,654.23,467.553,1.0,647.059,479.111,1.0,641.966,489.498,1.0,653.69,494.134,1.0
388,734.932,208.713,1.0,725.646,214.298,1.0,721.885,221.347,1.0,716.971,229.402,1.0,717.795,235.81,1.0,699.917,478.674,1.0,705.323,466.189,1.0,701.066,462.835,1.0,694.806,458.235,1.0,684.93,451.783,1.0,793.974,300.191,1.0,790.995,310.353,1.0,788.044,315.733,1.0,778.757,323.402,1.0,771.333,329.366,1.0,,,,,,,,,,,,,,,,657.653,474.253,1.0,654.23,466.691,1.0,647.059,479.111,1.0,641.268,489.753,1.0,654.913,494.134,1.0
389,735.32,208.604,1.0,725.646,214.298,1.0,722.338,219.822,1.0,717.328,225.961,1.0,717.847,235.692,1.0,699.678,478.674,1.0,704.345,467.509,1.0,700.638,462.93,1.0,694.911,457.234,1.0,684.93,453.502,1.0,795.905,299.581,1.0,791.511,308.323,1.0,788.465,314.198,1.0,779.074,322.254,1.0,773.367,326.571,1.0,,,,,,,,,,,,,,,,657.653,474.253,1.0,654.261,466.555,1.0,647.059,479.153,1.0,641.157,489.753,1.0,655.021,494.116,1.0
390,735.477,208.255,1.0,727.838,213.954,1.0,722.609,219.216,1.0,717.328,225.456,1.0,718.486,235.478,1.0,697.482,478.674,1.0,703.022,468.7,1.0,699.454,463.109,1.0,695.168,455.062,1.0,685.423,453.502,1.0,796.881,292.805,1.0,792.03,298.588,1.0,791.501,310.573,1.0,781.503,316.527,1.0,774.057,325.325,1.0,,,,,,,,,,,,,,,,657.653,474.253,1.0,656.041,466.555,1.0,647.059,478.14,1.0,641.157,489.493,1.0,655.021,494.084,1.0
391,735.827,208.255,1.0,727.838,213.53,1.0,723.512,216.545,1.0,719.902,220.989,1.0,718.486,231.891,1.0,697.326,478.54,1.0,700.265,468.826,1.0,697.855,463.205,1.0,695.44,455.062,1.0,685.774,454.528,1.0,799.055,288.098,1.0,792.688,296.345,1.0,793.171,308.598,1.0,782.677,316.527,1.0,777.446,324.446,1.0,,,,,,,,,,,,,,,,653.599,475.34,1.0,656.204,466.691,1.0,648.263,478.14,1.0,641.268,489.493,1.0,655.021,494.084,1.0
392,737.195,202.035,1.0,732.583,203.398,1.0,729.621,213.836,1.0,724.192,218.402,1.0,721.545,229.277,1.0,697.217,478.54,1.0,700.123,469.28,1.0,697.832,463.515,1.0,695.44,455.365,1.0,685.888,454.928,1.0,799.085,288.048,1.0,792.755,296.202,1.0,793.249,308.374,1.0,782.799,316.261,1.0,777.536,324.368,1.0,,,,,,,,,,,,,,,,658.368,476.068,1.0,656.204,467.448,1.0,648.263,478.377,1.0,643.906,487.928,1.0,653.482,493.926,1.0
393,737.354,197.625,1.0,732.583,202.901,1.0,730.116,213.781,1.0,724.466,217.857,1.0,721.68,228.348,1.0,697.217,478.54,1.0,699.397,469.28,1.0,697.275,463.711,1.0,695.508,457.234,1.0,686.561,456.897,1.0,799.124,288.048,1.0,793.807,296.202,1.0,793.621,308.252,1.0,783.138,316.106,1.0,778.371,324.115,1.0,,,,,,,,,,,,,,,,658.368,476.068,1.0,658.677,467.448,1.0,649.673,478.68,1.0,645.17,487.557,1.0,649.558,493.926,1.0
394,737.602,197.625,1.0,732.648,202.358,1.0,730.116,212.975,1.0,724.508,217.835,1.0,721.68,228.151,1.0,697.326,478.808,1.0,700.123,470.116,1.0,697.162,466.773,1.0,695.44,458.892,1.0,686.86,456.897,1.0,799.181,287.982,1.0,794.044,296.202,1.0,793.621,308.252,1.0,785.623,312.742,1.0,778.935,323.893,1.0,,,,,,,,,,,,,,,,653.599,476.842,1.0,660.016,467.448,1.0,649.673,478.67,1.0,648.102,486.137,1.0,649.529,492.902,1.0
395,737.602,197.529,1.0,732.648,202.089,1.0,730.121,211.855,1.0,725.182,216.835,1.0,722.087,227.796,1.0,700.404,483.991,1.0,700.265,476.422,1.0,697.089,470.226,1.0,695.131,460.617,1.0,690.785,457.253,1.0,799.538,287.982,1.0,794.649,296.202,1.0,793.621,307.168,1.0,787.657,312.003,1.0,779.941,323.32,1.0,,,,,,,,,,,,,,,,652.591,476.842,1.0,660.016,464.858,1.0,649.194,478.68,1.0,648.102,486.137,1.0,649.526,492.902,1.0
396,739.072,194.603,1.0,733.935,202.089,1.0,730.18,210.647,1.0,726.021,214.656,1.0,721.985,224.528,1.0,701.275,492.874,1.0,703.031,481.777,1.0,696.479,472.784,1.0,694.809,461.977,1.0,693.404,457.915,1.0,800.062,287.982,1.0,795.194,296.202,1.0,794.198,307.146,1.0,788.309,310.901,1.0,780.025,323.21,1.0,,,,,,,,,,,,,,,,652.407,479.949,1.0,659.885,464.789,1.0,648.259,478.68,1.0,648.139,485.848,1.0,643.999,492.601,1.0
397,741.973,191.636,1.0,735.24,202.089,1.0,730.677,209.868,1.0,728.035,214.448,1.0,722.087,215.284,1.0,701.293,492.874,1.0,703.063,481.971,1.0,696.479,472.806,1.0,694.809,462.089,1.0,694.053,457.969,1.0,800.601,289.813,1.0,795.194,296.473,1.0,792.52,307.146,1.0,788.309,310.305,1.0,780.025,323.052,1.0,,,,,,,,,,,,,,,,651.903,479.949,1.0,659.885,464.715,1.0,648.259,478.68,1.0,648.102,485.848,1.0,644.091,492.601,1.0
398,742.141,187.965,1.0,735.268,202.472,1.0,730.751,209.577,1.0,728.116,214.384,1.0,722.087,215.284,1.0,701.387,493.094,1.0,703.314,482.47,1.0,696.479,472.827,1.0,694.509,462.419,1.0,694.23,457.979,1.0,802.926,290.707,1.0,795.982,296.486,1.0,792.52,307.146,1.0,788.309,310.305,1.0,779.941,323.052,1.0,,,,,,,,,,,,,,,,651.903,479.949,1.0,659.84,464.715,1.0,648.259,478.767,1.0,647.798,486.36,1.0,648.835,492.601,1.0
399,742.5,187.965,1.0,735.268,202.472,1.0,730.94,209.304,1.0,728.116,213.986,1.0,722.353,215.284,1.0,701.403,493.206,1.0,703.533,482.498,1.0,697.575,473.992,1.0,694.509,463.513,1.0,694.523,459.281,1.0,803.112,295.843,1.0,798.28,298.188,1.0,793.805,307.146,1.0,786.264,310.901,1.0,780.105,323.21,1.0,,,,,,,,,,,,,,,,651.392,476.913,1.0,658.07,464.789,1.0,648.259,478.818,1.0,647.798,486.36,1.0,648.56,491.804,1.0
400,742.551,187.965,1.0,735.543,202.472,1.0,731.34,208.613,1.0,728.035,212.851,1.0,722.4,215.344,1.0,703.573,494.611,1.0,703.533,485.312,1.0,697.575,476.098,1.0,694.618,467.955,1.0,696.345,460.079,1.0,808.03,300.385,1.0,798.28,301.902,1.0,793.805,306.982,1.0,785.604,310.901,1.0,780.105,325.232,1.0,,,,,,,,,,,,,,,,650.836,466.408,1.0,657.979,468.185,1.0,649.297,478.818,1.0,648.139,485.848,1.0,648.56,490.855,1.0
401,744.158,191.919,1.0,738.532,199.1,1.0,733.189,205.011,1.0,727.7,211.769,1.0,722.592,215.509,1.0,703.573,495.128,1.0,703.063,485.448,1.0,698.111,478.145,1.0,695.031,470.996,1.0,699.378,462.244,1.0,808.03,308.471,1.0,800.694,305.516,1.0,792.52,306.763,1.0,783.301,310.198,1.0,780.105,325.232,1.0,,,,,,,,,,,,,,,,647.697,466.318,1.0,655.824,470.121,1.0,650.368,478.818,1.0,648.17,484.324,1.0,648.56,490.062,1.0
402,749.479,192.109,1.0,741.654,195.499,1.0,736.217,198.036,1.0,727.7,208.568,1.0,727.675,215.526,1.0,703.573,495.249,1.0,702.352,485.448,1.0,697.632,478.26,1.0,695.416,471.868,1.0,699.378,462.244,1.0,808.03,315.376,1.0,800.694,310.97,1.0,793.805,306.763,1.0,782.603,311.489,1.0,780.831,325.232,1.0,,,,,,,,,,,,,,,,647.697,465.963,1.0,655.719,470.121,1.0,650.468,477.857,1.0,648.279,482.027,1.0,648.56,489.936,1.0
403,749.631,192.109,1.0,742.18,194.404,1.0,736.557,198.036,1.0,727.7,208.516,1.0,727.675,215.509,1.0,703.391,495.575,1.0,702.352,485.448,1.0,697.632,478.75,1.0,695.479,472.241,1.0,699.378,462.772,1.0,805.886,315.376,1.0,798.28,310.97,1.0,790.279,306.763,1.0,781.275,311.489,1.0,781.353,324.483,1.0,,,,,,,,,,,,,,,,647.697,466.065,1.0,655.719,470.121,1.0,650.468,477.746,1.0,648.279,481.702,1.0,645.286,489.816,1.0
404,750.402,191.919,1.0,742.587,194.384,1.0,736.845,197.53,1.0,727.855,208.078,1.0,727.897,215.344,1.0,703.137,495.639,1.0,702.352,485.448,1.0,698.111,479.493,1.0,695.567,472.953,1.0,699.378,463.11,1.0,797.814,318.178,1.0,797.768,310.97,1.0,790.149,311.06,1.0,780.75,312.817,1.0,782.217,324.483,1.0,,,,,,,,,,,,,,,,647.771,466.194,1.0,655.701,470.121,1.0,650.368,477.746,1.0,648.17,481.702,1.0,645.286,489.722,1.0
405,750.567,191.618,1.0,742.644,194.049,1.0,737.556,197.53,1.0,731.972,206.107,1.0,728.262,214.993,1.0,702.057,496.658,1.0,703.226,487.369,1.0,698.668,483.097,1.0,695.59,473.369,1.0,699.378,466.225,1.0,794.829,318.062,1.0,797.768,307.4,1.0,790.149,312.163,1.0,779.811,316.689,1.0,782.217,324.483,1.0,,,,,,,,,,,,,,,,648.154,466.194,1.0,655.701,469.975,1.0,649.246,477.746,1.0,647.635,481.702,1.0,645.286,489.722,1.0
406,750.763,190.795,1.0,743.96,191.196,1.0,740.51,197.228,1.0,732.924,204.846,1.0,729.341,210.013,1.0,700.583,500.111,1.0,704.547,495.405,1.0,699.44,486.003,1.0,696.612,473.369,1.0,699.302,466.54,1.0,794.829,317.36,1.0,797.768,307.4,1.0,790.149,312.253,1.0,779.811,316.85,1.0,782.217,324.844,1.0,,,,,,,,,,,,,,,,648.154,466.065,1.0,654.575,469.975,1.0,647.049,478.026,1.0,647.635,483.351,1.0,650.896,489.816,1.0
407,751.831,185.328,1.0,744.04,184.74,1.0,741.675,194.611,1.0,734.132,202.33,1.0,731.112,209.525,1.0,700.583,500.111,1.0,704.547,495.405,1.0,699.44,486.003,1.0,696.944,473.26,1.0,699.302,466.54,1.0,795.676,317.932,1.0,797.768,305.439,1.0,785.619,312.253,1.0,779.811,316.85,1.0,782.118,324.844,1.0,,,,,,,,,,,,,,,,648.157,466.158,1.0,654.335,470.175,1.0,647.049,478.027,1.0,646.849,486.29,1.0,653.768,491.084,1.0
408,751.932,185.199,1.0,744.235,184.726,1.0,742.074,194.528,1.0,734.285,202.05,1.0,731.54,209.432,1.0,700.583,500.111,1.0,704.547,495.405,1.0,699.44,486.003,1.0,696.944,473.26,1.0,699.351,466.7,1.0,795.676,318.062,1.0,797.768,305.311,1.0,785.619,312.253,1.0,779.811,316.85,1.0,782.118,324.844,1.0,,,,,,,,,,,,,,,,648.24,466.194,1.0,654.252,471.922,1.0,647.049,478.883,1.0,645.953,486.483,1.0,655.291,495.323,1.0
409,753.128,181.984,1.0,744.235,184.35,1.0,742.229,194.092,1.0,734.514,202.05,1.0,731.927,208.672,1.0,702.289,499.749,1.0,704.547,492.247,1.0,699.425,486.003,1.0,697.094,473.26,1.0,699.351,466.7,1.0,795.676,317.932,1.0,797.449,305.311,1.0,785.619,311.729,1.0,780.449,316.606,1.0,782.118,324.259,1.0,,,,,,,,,,,,,,,,656.849,466.255,1.0,653.944,472.245,1.0,649.128,483.08,1.0,640.204,486.483,1.0,656.854,496.091,1.0
410,753.426,181.984,1.0,744.374,184.347,1.0,742.335,194.092,1.0,735.837,201.364,1.0,732.008,208.238,1.0,707.02,498.637,1.0,704.547,491.533,1.0,698.596,486.003,1.0,697.094,473.26,1.0,699.351,466.7,1.0,795.676,317.36,1.0,796.267,308.177,1.0,791.102,311.729,1.0,780.449,316.606,1.0,782.197,323.137,1.0,,,,,,,,,,,,,,,,657.265,474.142,1.0,653.944,472.45,1.0,649.855,483.08,1.0,640.204,486.29,1.0,656.854,496.091,1.0
411,755.485,180.645,1.0,749.399,184.347,1.0,744.654,193.506,1.0,736.176,198.087,1.0,735.475,205.315,1.0,713.523,497.146,1.0,706.008,491.533,1.0,698.596,488.775,1.0,697.094,474.824,1.0,700.334,468.511,1.0,795.893,314.321,1.0,794.548,308.177,1.0,791.102,311.729,1.0,780.702,316.606,1.0,782.197,323.137,1.0,,,,,,,,,,,,,,,,660.124,478.922,1.0,653.944,473.272,1.0,649.855,483.08,1.0,640.204,485.384,1.0,656.854,496.244,1.0
412,755.485,177.704,1.0,749.823,184.35,1.0,745.413,191.95,1.0,737.576,197.605,1.0,736.338,204.534,1.0,713.992,497.146,1.0,706.133,491.533,1.0,698.596,489.153,1.0,696.757,476.637,1.0,700.336,469.535,1.0,794.097,312.81,1.0,794.548,308.177,1.0,791.102,311.729,1.0,780.687,316.527,1.0,782.197,323.137,1.0,,,,,,,,,,,,,,,,663.255,478.923,1.0,656.064,474.324,1.0,649.128,481.384,1.0,641.233,483.177,1.0,647.68,496.788,1.0
413,756.096,176.822,1.0,752.197,185.93,1.0,745.413,191.84,1.0,737.721,196.755,1.0,736.489,204.433,1.0,717.622,496.588,1.0,707.274,494.613,1.0,701.331,489.516,1.0,695.702,483.062,1.0,700.483,475.308,1.0,793.554,312.81,1.0,794.548,309.747,1.0,790.568,313.625,1.0,780.702,316.527,1.0,781.57,324.05,1.0,,,,,,,,,,,,,,,,664.465,479.234,1.0,656.55,474.324,1.0,641.176,477.528,1.0,641.595,482.394,1.0,647.68,496.091,1.0
414,756.096,175.617,1.0,752.197,185.93,1.0,745.539,191.84,1.0,738.414,196.245,1.0,736.489,204.148,1.0,717.901,496.841,1.0,707.504,495.306,1.0,701.38,489.753,1.0,695.702,483.199,1.0,700.559,475.45,1.0,794.097,314.321,1.0,793.959,309.89,1.0,790.568,313.625,1.0,781.246,315.162,1.0,780.489,324.05,1.0,,,,,,,,,,,,,,,,664.465,479.234,1.0,656.55,474.324,1.0,640.542,477.528,1.0,641.88,482.394,1.0,647.68,495.614,1.0
415,756.096,174.657,1.0,752.892,185.93,1.0,746.214,191.733,1.0,739.078,195.479,1.0,736.489,204.148,1.0,717.901,497.146,1.0,708.238,495.664,1.0,702.018,489.753,1.0,695.702,483.209,1.0,700.567,475.808,1.0,793.554,315.578,1.0,792.354,310.224,1.0,790.568,313.625,1.0,781.615,314.529,1.0,780.29,324.232,1.0,,,,,,,,,,,,,,,,663.255,478.923,1.0,656.55,474.324,1.0,640.542,477.528,1.0,642.077,482.394,1.0,649.26,497.311,1.0
416,756.334,173.202,1.0,753.24,182.092,1.0,747.942,187.717,1.0,742.876,192.082,1.0,736.645,203.065,1.0,718.082,497.314,1.0,709.641,496.373,1.0,703.355,489.753,1.0,696.209,484.118,1.0,701.175,475.808,1.0,793.554,322.414,1.0,793.047,313.66,1.0,792.658,313.444,1.0,781.649,314.462,1.0,780.279,324.317,1.0,,,,,,,,,,,,,,,,659.712,477.953,1.0,656.455,474.324,1.0,641.176,482.427,1.0,642.077,484.571,1.0,657.387,497.311,1.0
417,759.066,170.523,1.0,752.892,179.859,1.0,748.625,184.745,1.0,743.442,190.068,1.0,737.94,196.898,1.0,718.175,497.511,1.0,710.962,496.601,1.0,704.256,490.341,1.0,696.209,484.17,1.0,701.175,475.808,1.0,795.172,323.663,1.0,792.373,313.979,1.0,792.658,313.444,1.0,783.383,314.303,1.0,780.096,324.317,1.0,,,,,,,,,,,,,,,,658.166,477.953,1.0,655.33,473.283,1.0,642.861,482.671,1.0,643.352,485.266,1.0,657.44,497.311,1.0
418,759.938,170.523,1.0,752.892,177.328,1.0,748.625,184.092,1.0,744.569,189.748,1.0,738.112,196.058,1.0,717.901,498.757,1.0,710.962,496.908,1.0,704.785,490.341,1.0,696.209,484.17,1.0,701.175,476.513,1.0,795.923,334.528,1.0,792.237,321.881,1.0,793.17,313.444,1.0,784.013,312.241,1.0,778.978,324.232,1.0,,,,,,,,,,,,,,,,654.36,477.953,1.0,651.536,473.411,1.0,644.796,482.671,1.0,644.046,487.163,1.0,657.44,498.076,1.0
419,759.938,169.829,1.0,753.24,176.993,1.0,748.742,182.395,1.0,744.626,189.192,1.0,738.576,195.276,1.0,717.871,498.757,1.0,710.962,497.445,1.0,704.901,490.341,1.0,696.11,484.284,1.0,701.405,476.513,1.0,796.236,335.213,1.0,792.237,322.675,1.0,792.658,313.506,1.0,784.254,311.84,1.0,778.918,324.232,1.0,,,,,,,,,,,,,,,,649.739,478.02,1.0,650.939,473.283,1.0,651.739,482.671,1.0,644.301,488.607,1.0,657.387,498.076,1.0
420,761.134,167.59,1.0,756.882,169.971,1.0,748.742,182.395,1.0,745.763,187.83,1.0,738.758,195.052,1.0,712.898,498.757,1.0,710.761,497.445,1.0,704.901,490.233,1.0,696.11,484.284,1.0,701.232,476.665,1.0,797.551,339.803,1.0,792.237,325.891,1.0,792.569,313.506,1.0,786.494,310.045,1.0,777.72,323.805,1.0,,,,,,,,,,,,,,,,648.044,478.02,1.0,649.815,473.283,1.0,653.5,482.341,1.0,644.301,488.607,1.0,657.215,498.076,1.0
421,761.899,166.085,1.0,757.683,169.049,1.0,748.771,179.253,1.0,747.73,183.031,1.0,738.905,192.188,1.0,712.591,498.757,1.0,706.884,496.908,1.0,704.901,488.846,1.0,696.11,483.615,1.0,700.567,476.665,1.0,797.551,339.803,1.0,792.237,326.435,1.0,792.477,313.765,1.0,786.818,310.045,1.0,777.72,323.357,1.0,,,,,,,,,,,,,,,,645.288,478.02,1.0,649.61,473.411,1.0,653.5,480.849,1.0,644.63,488.607,1.0,657.215,498.32,1.0
422,763.175,163.168,1.0,759.616,166.236,1.0,754.346,175.136,1.0,748.166,182.994,1.0,744.301,190.547,1.0,711.708,498.757,1.0,706.473,496.844,1.0,704.594,488.457,1.0,696.371,483.252,1.0,700.567,476.665,1.0,797.551,339.803,1.0,792.237,327.658,1.0,792.456,315.31,1.0,787.627,310.045,1.0,777.72,323.357,1.0,,,,,,,,,,,,,,,,638.22,473.817,1.0,644.003,474.382,1.0,653.5,480.452,1.0,644.63,486.78,1.0,657.101,498.029,1.0
423,763.175,163.116,1.0,759.963,166.236,1.0,754.725,175.136,1.0,748.276,182.994,1.0,744.379,190.4,1.0,707.638,497.961,1.0,706.473,496.219,1.0,704.594,487.276,1.0,696.75,483.0,1.0,700.421,475.714,1.0,794.994,334.661,1.0,793.043,327.672,1.0,792.355,315.31,1.0,787.627,311.526,1.0,777.72,323.326,1.0,,,,,,,,,,,,,,,,633.137,473.817,1.0,642.641,474.824,1.0,653.116,479.893,1.0,644.217,486.226,1.0,656.979,497.973,1.0
424,763.337,162.708,1.0,759.963,166.236,1.0,754.75,174.943,1.0,748.822,182.994,1.0,744.716,190.161,1.0,701.865,497.961,1.0,704.916,495.498,1.0,703.902,488.457,1.0,696.861,482.781,1.0,700.239,475.702,1.0,794.292,334.661,1.0,793.043,328.183,1.0,792.355,316.406,1.0,787.892,312.2,1.0,777.72,322.928,1.0,,,,,,,,,,,,,,,,632.571,473.817,1.0,641.495,475.479,1.0,651.284,479.256,1.0,643.92,485.611,1.0,656.724,497.973,1.0
425,763.583,161.155,1.0,759.616,165.726,1.0,756.323,174.875,1.0,749.623,182.897,1.0,748.244,189.279,1.0,696.223,500.67,1.0,702.574,495.472,1.0,703.626,488.846,1.0,697.326,482.68,1.0,699.829,475.279,1.0,792.174,334.661,1.0,793.043,328.998,1.0,792.355,317.739,1.0,788.385,312.678,1.0,776.977,322.186,1.0,,,,,,,,,,,,,,,,632.263,473.817,1.0,640.94,476.639,1.0,650.673,478.393,1.0,643.628,485.611,1.0,656.724,497.973,1.0
426,764.72,160.454,1.0,759.305,165.664,1.0,756.565,173.178,1.0,750.895,176.862,1.0,750.643,187.362,1.0,694.445,500.62,1.0,698.713,495.472,1.0,703.626,490.406,1.0,698.288,482.299,1.0,699.544,474.429,1.0,792.174,339.142,1.0,792.48,331.743,1.0,792.598,319.134,1.0,788.863,313.696,1.0,776.868,316.458,1.0,,,,,,,,,,,,,,,,631.456,473.817,1.0,640.881,477.296,1.0,650.673,476.672,1.0,643.628,485.611,1.0,656.724,497.973,1.0
427,764.721,156.79,1.0,759.078,165.524,1.0,758.041,171.511,1.0,751.03,175.715,1.0,750.643,187.208,1.0,691.355,500.62,1.0,697.119,494.943,1.0,703.078,490.406,1.0,698.288,482.283,1.0,699.244,473.788,1.0,792.174,341.46,1.0,792.183,333.102,1.0,792.716,321.625,1.0,789.464,314.707,1.0,776.868,316.458,1.0,,,,,,,,,,,,,,,,631.456,472.737,1.0,639.967,477.296,1.0,650.698,475.986,1.0,643.628,489.983,1.0,656.369,497.973,1.0
428,764.809,156.491,1.0,759.078,165.117,1.0,758.579,171.269,1.0,751.03,175.296,1.0,750.977,187.077,1.0,685.515,500.62,1.0,695.413,494.943,1.0,702.032,490.474,1.0,698.334,482.283,1.0,698.87,473.788,1.0,792.422,341.46,1.0,792.105,333.186,1.0,792.756,322.14,1.0,789.879,314.844,1.0,776.868,316.458,1.0,,,,,,,,,,,,,,,,631.456,472.541,1.0,639.772,477.296,1.0,650.673,475.986,1.0,643.628,489.983,1.0,656.258,498.418,1.0
429,765.149,155.809,1.0,759.305,164.882,1.0,758.579,170.85,1.0,752.195,175.148,1.0,751.226,184.784,1.0,684.881,500.62,1.0,692.966,494.943,1.0,700.954,490.474,1.0,698.334,482.466,1.0,698.504,473.788,1.0,792.634,341.574,1.0,792.183,333.39,1.0,792.756,322.338,1.0,789.926,315.341,1.0,777.408,316.458,1.0,,,,,,,,,,,,,,,,631.348,472.417,1.0,638.931,477.028,1.0,650.566,475.86,1.0,643.628,489.983,1.0,656.258,498.418,1.0
430,766.789,150.565,1.0,762.131,155.815,1.0,758.041,164.397,1.0,756.727,172.439,1.0,751.691,181.032,1.0,682.322,492.212,1.0,691.062,495.42,1.0,698.625,490.78,1.0,698.15,482.466,1.0,698.29,473.827,1.0,792.753,341.574,1.0,792.48,333.688,1.0,793.825,324.042,1.0,790.29,316.064,1.0,778.801,316.192,1.0,,,,,,,,,,,,,,,,631.094,472.417,1.0,638.711,477.028,1.0,648.668,475.86,1.0,644.123,489.937,1.0,655.463,498.418,1.0
431,769.134,150.165,1.0,764.669,154.765,1.0,757.619,163.073,1.0,757.011,171.899,1.0,752.01,179.781,1.0,682.284,492.212,1.0,691.062,495.42,1.0,697.575,490.78,1.0,697.941,483.399,1.0,697.008,474.025,1.0,794.685,349.707,1.0,792.743,337.812,1.0,793.825,327.009,1.0,790.8,318.588,1.0,781.35,316.69,1.0,,,,,,,,,,,,,,,,630.727,472.737,1.0,637.622,477.028,1.0,647.584,475.695,1.0,644.123,488.769,1.0,651.935,491.12,1.0
432,770.291,149.989,1.0,766.085,153.442,1.0,757.619,161.439,1.0,757.111,171.261,1.0,752.01,179.119,1.0,682.284,492.212,1.0,691.013,495.863,1.0,697.575,490.942,1.0,696.575,484.247,1.0,697.008,475.808,1.0,796.581,350.345,1.0,794.547,342.473,1.0,793.825,330.227,1.0,790.8,319.396,1.0,782.306,316.192,1.0,,,,,,,,,,,,,,,,622.901,482.258,1.0,634.21,477.243,1.0,642.052,476.547,1.0,649.74,486.13,1.0,651.935,489.619,1.0
433,770.481,149.885,1.0,766.735,152.982,1.0,757.619,160.947,1.0,757.224,170.936,1.0,752.01,179.045,1.0,682.045,495.417,1.0,690.831,495.927,1.0,696.431,491.382,1.0,695.125,487.965,1.0,697.008,476.381,1.0,796.667,350.364,1.0,795.208,342.621,1.0,793.825,330.584,1.0,791.432,321.179,1.0,784.551,310.715,1.0,,,,,,,,,,,,,,,,621.526,482.285,1.0,633.004,477.243,1.0,640.85,481.729,1.0,649.863,484.986,1.0,651.935,488.284,1.0
434,770.521,149.052,1.0,767.248,152.222,1.0,757.931,160.273,1.0,758.247,169.664,1.0,752.116,178.193,1.0,681.417,496.172,1.0,690.482,496.259,1.0,696.42,494.291,1.0,694.852,488.68,1.0,698.328,476.511,1.0,796.667,350.364,1.0,795.241,342.621,1.0,793.825,330.691,1.0,793.307,321.521,1.0,785.952,310.715,1.0,,,,,,,,,,,,,,,,621.36,482.591,1.0,632.854,477.281,1.0,640.213,481.729,1.0,649.863,484.95,1.0,652.365,487.334,1.0
435,771.294,142.076,1.0,767.248,151.123,1.0,764.43,160.06,1.0,760.621,165.256,1.0,755.103,170.692,1.0,681.417,496.321,1.0,690.482,496.284,1.0,696.42,494.392,1.0,694.353,489.154,1.0,699.185,476.63,1.0,796.581,350.364,1.0,795.369,342.621,1.0,792.983,331.845,1.0,791.432,322.973,1.0,786.041,314.456,1.0,,,,,,,,,,,,,,,,621.207,482.591,1.0,632.631,477.243,1.0,639.367,481.729,1.0,649.863,484.56,1.0,652.365,487.299,1.0
436,772.078,138.605,1.0,767.248,148.18,1.0,764.871,156.779,1.0,760.716,163.292,1.0,756.488,170.692,1.0,681.512,497.124,1.0,689.926,496.519,1.0,696.42,494.392,1.0,694.063,489.173,1.0,699.318,477.401,1.0,796.348,350.5,1.0,795.744,343.052,1.0,792.484,334.452,1.0,790.32,325.895,1.0,787.837,314.456,1.0,,,,,,,,,,,,,,,,621.207,482.591,1.0,632.621,477.281,1.0,639.335,481.729,1.0,649.643,484.487,1.0,652.365,487.299,1.0
437,772.195,138.465,1.0,767.248,147.544,1.0,765.028,156.748,1.0,760.981,163.019,1.0,756.539,170.663,1.0,681.417,497.164,1.0,689.336,496.989,1.0,696.022,494.291,1.0,694.039,489.173,1.0,699.318,478.181,1.0,796.348,351.999,1.0,796.779,345.791,1.0,792.484,337.419,1.0,791.329,327.612,1.0,789.909,316.702,1.0,,,,,,,,,,,,,,,,621.36,482.591,1.0,632.485,477.333,1.0,638.815,481.721,1.0,649.053,484.467,1.0,651.729,487.334,1.0
438,772.512,138.402,1.0,767.248,147.504,1.0,765.281,156.093,1.0,761.06,162.213,1.0,756.625,170.507,1.0,681.364,497.182,1.0,689.336,497.769,1.0,695.785,494.291,1.0,693.53,489.549,1.0,699.318,478.298,1.0,796.348,353.44,1.0,797.166,347.22,1.0,792.484,337.656,1.0,791.329,328.296,1.0,789.951,316.855,1.0,,,,,,,,,,,,,,,,621.418,483.065,1.0,629.792,478.38,1.0,635.242,480.165,1.0,647.085,483.844,1.0,651.28,487.557,1.0
439,773.04,137.321,1.0,771.111,138.789,1.0,766.066,150.567,1.0,763.082,158.02,1.0,760.869,163.501,1.0,679.991,497.479,1.0,687.413,498.407,1.0,694.809,494.676,1.0,693.359,491.072,1.0,698.86,478.298,1.0,796.348,354.321,1.0,797.367,347.614,1.0,792.729,338.878,1.0,791.329,328.778,1.0,790.011,317.43,1.0,,,,,,,,,,,,,,,,625.505,483.472,1.0,629.792,478.38,1.0,635.242,480.165,1.0,647.085,483.844,1.0,651.28,488.484,1.0
440,773.269,135.137,1.0,772.528,136.608,1.0,768.928,147.779,1.0,765.062,157.077,1.0,762.968,162.209,1.0,677.46,498.495,1.0,685.527,498.927,1.0,694.787,494.676,1.0,693.359,491.072,1.0,698.86,478.298,1.0,796.458,354.785,1.0,797.367,348.45,1.0,793.359,339.62,1.0,791.755,329.234,1.0,791.193,318.615,1.0,,,,,,,,,,,,,,,,628.57,483.472,1.0,629.792,478.896,1.0,635.242,479.771,1.0,647.085,483.844,1.0,651.28,488.71,1.0
441,773.594,134.519,1.0,772.528,136.069,1.0,768.928,147.483,1.0,765.232,156.792,1.0,763.362,162.024,1.0,677.46,498.879,1.0,685.527,498.927,1.0,694.127,494.676,1.0,693.359,491.072,1.0,698.86,478.181,1.0,796.891,355.145,1.0,798.695,348.939,1.0,793.918,340.102,1.0,791.755,329.637,1.0,791.193,321.967,1.0,,,,,,,,,,,,,,,,629.763,483.472,1.0,632.252,479.571,1.0,638.537,479.16,1.0,647.607,485.325,1.0,651.863,489.227,1.0
442,775.287,134.288,1.0,773.061,135.938,1.0,769.154,147.119,1.0,765.735,156.59,1.0,764.274,161.886,1.0,677.46,500.544,1.0,685.527,498.927,1.0,694.127,495.052,1.0,693.814,489.371,1.0,698.966,478.298,1.0,797.737,364.365,1.0,801.967,354.591,1.0,794.45,343.084,1.0,791.755,331.18,1.0,791.193,327.169,1.0,,,,,,,,,,,,,,,,629.404,481.735,1.0,634.871,478.896,1.0,640.816,479.109,1.0,648.537,485.975,1.0,652.335,489.227,1.0
443,777.339,133.858,1.0,773.468,135.923,1.0,769.293,145.908,1.0,765.91,154.893,1.0,764.509,161.131,1.0,681.349,500.544,1.0,686.29,497.483,1.0,694.127,495.052,1.0,693.835,487.551,1.0,699.193,478.503,1.0,799.959,364.365,1.0,802.011,354.591,1.0,795.409,346.335,1.0,791.078,332.633,1.0,791.685,328.034,1.0,,,,,,,,,,,,,,,,629.955,480.779,1.0,635.33,478.181,1.0,641.079,476.794,1.0,648.537,486.347,1.0,652.79,488.484,1.0
444,777.966,126.398,1.0,776.042,135.287,1.0,770.416,142.55,1.0,767.898,151.96,1.0,765.721,159.211,1.0,684.424,500.544,1.0,687.899,497.41,1.0,696.48,494.164,1.0,694.526,487.13,1.0,699.734,478.503,1.0,802.015,364.365,1.0,802.291,354.591,1.0,795.409,346.99,1.0,790.509,333.74,1.0,791.507,328.034,1.0,,,,,,,,,,,,,,,,630.281,480.24,1.0,636.326,475.684,1.0,641.769,476.794,1.0,648.537,486.866,1.0,654.266,487.948,1.0
445,777.966,124.521,1.0,776.165,134.709,1.0,770.896,141.891,1.0,767.898,150.642,1.0,766.87,158.513,1.0,686.137,498.126,1.0,687.911,497.41,1.0,697.365,492.976,1.0,694.526,487.262,1.0,700.271,478.425,1.0,806.541,362.585,1.0,802.291,354.073,1.0,795.771,346.99,1.0,790.5,334.354,1.0,791.507,328.034,1.0,,,,,,,,,,,,,,,,631.362,480.24,1.0,637.296,475.635,1.0,641.878,478.607,1.0,642.098,488.564,1.0,654.864,487.735,1.0
446,778.374,124.088,1.0,776.597,134.709,1.0,770.945,141.856,1.0,769.166,150.45,1.0,767.037,157.828,1.0,692.574,498.126,1.0,688.177,497.408,1.0,698.297,491.627,1.0,694.883,487.13,1.0,700.688,478.622,1.0,809.248,358.217,1.0,802.011,352.089,1.0,795.771,346.99,1.0,789.816,334.699,1.0,791.859,328.535,1.0,,,,,,,,,,,,,,,,631.362,478.543,1.0,637.296,475.201,1.0,641.878,478.607,1.0,642.098,488.564,1.0,655.681,487.693,1.0
447,778.374,124.014,1.0,776.597,133.211,1.0,771.511,140.999,1.0,769.477,146.686,1.0,767.044,157.548,1.0,692.611,498.126,1.0,688.177,497.032,1.0,698.297,491.627,1.0,695.239,486.872,1.0,700.848,478.622,1.0,810.54,355.75,1.0,803.499,351.687,1.0,795.902,346.99,1.0,789.943,335.531,1.0,791.951,328.664,1.0,,,,,,,,,,,,,,,,634.126,466.459,1.0,638.023,474.009,1.0,641.878,479.326,1.0,642.098,488.564,1.0,655.704,487.735,1.0
448,777.966,121.978,1.0,776.042,127.824,1.0,773.558,134.469,1.0,770.788,142.147,1.0,768.141,150.935,1.0,693.356,499.232,1.0,688.534,497.399,1.0,698.297,491.382,1.0,695.335,486.546,1.0,700.89,478.463,1.0,811.871,352.08,1.0,804.159,351.687,1.0,796.586,346.99,1.0,789.784,337.537,1.0,792.736,329.559,1.0,,,,,,,,,,,,,,,,634.126,463.148,1.0,638.023,471.653,1.0,640.552,480.195,1.0,648.353,487.795,1.0,655.893,487.76,1.0
449,777.812,119.266,1.0,774.133,122.884,1.0,776.881,132.464,1.0,772.214,140.11,1.0,771.469,150.044,1.0,695.269,499.98,1.0,689.87,497.375,1.0,696.883,491.382,1.0,695.239,486.546,1.0,701.49,478.463,1.0,814.874,352.08,1.0,804.327,351.687,1.0,796.586,347.324,1.0,789.281,340.743,1.0,792.736,330.1,1.0,,,,,,,,,,,,,,,,634.126,462.582,1.0,638.045,470.779,1.0,640.552,481.059,1.0,648.353,487.795,1.0,655.893,487.76,1.0
450,777.812,119.248,1.0,774.083,122.884,1.0,777.087,132.376,1.0,772.555,139.993,1.0,771.469,149.879,1.0,696.014,502.44,1.0,691.008,497.375,1.0,696.715,491.627,1.0,695.239,486.546,1.0,701.49,478.463,1.0,816.45,352.08,1.0,807.896,352.985,1.0,796.586,348.332,1.0,789.281,343.608,1.0,792.736,331.5,1.0,,,,,,,,,,,,,,,,634.126,462.582,1.0,638.136,470.779,1.0,640.488,480.308,1.0,648.353,487.377,1.0,655.893,488.449,1.0
451,777.757,119.179,1.0,773.982,122.841,1.0,777.087,131.868,1.0,772.59,139.643,1.0,771.469,149.426,1.0,700.226,503.719,1.0,692.051,497.399,1.0,696.715,492.641,1.0,694.529,487.262,1.0,701.49,477.857,1.0,816.495,352.718,1.0,808.052,353.346,1.0,796.774,348.332,1.0,788.878,344.544,1.0,792.615,331.888,1.0,,,,,,,,,,,,,,,,634.126,462.582,1.0,638.977,470.779,1.0,640.194,480.308,1.0,648.056,487.377,1.0,655.452,488.483,1.0
452,777.576,116.475,1.0,773.611,122.841,1.0,776.881,129.465,1.0,772.606,137.855,1.0,769.137,146.152,1.0,702.943,503.719,1.0,695.075,497.545,1.0,696.883,493.043,1.0,694.529,487.443,1.0,701.231,477.306,1.0,816.997,352.85,1.0,808.314,353.466,1.0,798.095,349.239,1.0,788.878,344.544,1.0,792.307,332.305,1.0,,,,,,,,,,,,,,,,636.635,464.311,1.0,643.621,471.382,1.0,640.488,480.308,1.0,647.289,487.795,1.0,655.435,488.656,1.0
453,777.576,110.654,1.0,773.428,119.591,1.0,776.838,127.9,1.0,774.076,133.957,1.0,769.137,140.255,1.0,703.928,504.208,1.0,696.764,497.602,1.0,697.978,493.548,1.0,694.529,488.037,1.0,701.231,477.306,1.0,817.173,354.019,1.0,809.191,355.85,1.0,798.701,349.813,1.0,788.878,344.544,1.0,792.307,332.751,1.0,,,,,,,,,,,,,,,,636.635,464.469,1.0,643.621,471.382,1.0,640.929,479.253,1.0,646.735,487.374,1.0,655.435,488.715,1.0
454,776.891,108.999,1.0,773.428,119.282,1.0,776.684,127.617,1.0,774.493,133.936,1.0,769.137,140.253,1.0,704.241,510.094,1.0,699.87,503.64,1.0,697.978,495.23,1.0,695.483,488.49,1.0,701.231,477.306,1.0,818.75,358.948,1.0,813.098,356.281,1.0,802.966,350.928,1.0,793.617,341.964,1.0,792.615,334.044,1.0,,,,,,,,,,,,,,,,636.635,464.469,1.0,643.624,471.382,1.0,640.194,479.132,1.0,646.01,487.04,1.0,655.435,489.125,1.0
455,777.576,108.821,1.0,773.611,118.949,1.0,776.41,127.075,1.0,774.731,133.077,1.0,769.145,139.456,1.0,705.648,510.481,1.0,701.407,503.64,1.0,697.978,495.797,1.0,695.483,488.711,1.0,701.299,477.485,1.0,819.805,365.355,1.0,815.159,358.197,1.0,802.966,350.928,1.0,793.801,341.964,1.0,792.307,334.426,1.0,,,,,,,,,,,,,,,,636.278,464.311,1.0,643.621,470.752,1.0,641.305,477.488,1.0,645.686,486.679,1.0,654.989,489.791,1.0
456,777.626,108.006,1.0,774.408,116.017,1.0,776.167,124.07,1.0,775.728,129.511,1.0,770.0,139.101,1.0,706.544,510.94,1.0,704.037,503.642,1.0,696.995,495.797,1.0,695.483,489.303,1.0,701.299,477.631,1.0,821.05,366.06,1.0,816.538,358.867,1.0,803.666,351.481,1.0,793.866,341.964,1.0,792.307,334.426,1.0,,,,,,,,,,,,,,,,636.195,461.45,1.0,640.456,467.199,1.0,641.739,472.223,1.0,642.785,481.349,1.0,653.613,490.202,1.0
457,778.993,102.644,1.0,774.564,106.759,1.0,775.749,117.442,1.0,776.806,127.15,1.0,772.197,133.924,1.0,707.208,511.255,1.0,705.088,503.698,1.0,696.995,496.135,1.0,695.451,489.303,1.0,701.376,477.927,1.0,821.536,366.204,1.0,816.978,359.642,1.0,803.501,351.887,1.0,793.866,342.097,1.0,791.549,334.592,1.0,,,,,,,,,,,,,,,,636.118,454.404,1.0,640.344,461.347,1.0,643.542,467.877,1.0,641.221,480.292,1.0,650.397,490.691,1.0
458,778.993,102.597,1.0,774.629,106.759,1.0,775.749,117.318,1.0,776.806,127.01,1.0,772.197,133.48,1.0,707.361,511.255,1.0,705.801,503.817,1.0,696.995,496.269,1.0,694.96,489.241,1.0,701.376,479.285,1.0,821.536,366.204,1.0,816.978,361.028,1.0,803.702,353.049,1.0,794.292,343.74,1.0,791.549,337.713,1.0,,,,,,,,,,,,,,,,635.875,454.163,1.0,640.344,461.18,1.0,643.542,467.877,1.0,641.221,478.847,1.0,649.28,490.691,1.0
459,779.05,102.406,1.0,774.852,106.722,1.0,775.853,117.124,1.0,776.806,126.581,1.0,772.484,133.235,1.0,711.405,511.689,1.0,705.801,504.293,1.0,699.285,497.922,1.0,694.945,489.152,1.0,699.973,482.616,1.0,821.536,366.204,1.0,816.978,361.801,1.0,803.702,353.049,1.0,794.802,344.483,1.0,791.549,337.816,1.0,,,,,,,,,,,,,,,,635.738,453.943,1.0,640.21,461.055,1.0,643.542,467.877,1.0,640.033,475.588,1.0,648.784,490.202,1.0
460,779.05,101.563,1.0,775.153,106.722,1.0,775.853,115.77,1.0,775.262,125.663,1.0,773.043,131.742,1.0,711.755,513.432,1.0,705.801,505.019,1.0,699.502,498.855,1.0,694.78,489.17,1.0,699.707,483.03,1.0,821.565,366.26,1.0,816.978,361.801,1.0,804.079,353.543,1.0,795.133,344.632,1.0,792.649,338.337,1.0,,,,,,,,,,,,,,,,635.531,453.772,1.0,640.028,460.604,1.0,641.13,467.83,1.0,639.333,475.403,1.0,647.494,489.581,1.0
461,780.41,96.109,1.0,775.807,104.253,1.0,775.853,109.943,1.0,774.034,118.373,1.0,773.043,125.793,1.0,711.951,514.026,1.0,705.608,505.28,1.0,699.645,498.958,1.0,694.624,489.152,1.0,699.48,483.187,1.0,821.874,366.193,1.0,817.309,361.801,1.0,804.317,354.11,1.0,796.7,345.126,1.0,793.057,338.757,1.0,,,,,,,,,,,,,,,,634.154,451.839,1.0,640.028,459.11,1.0,640.033,467.218,1.0,640.033,475.226,1.0,642.872,485.34,1.0
462,780.41,94.8,1.0,775.807,103.925,1.0,775.859,109.679,1.0,773.764,118.032,1.0,773.05,125.382,1.0,712.127,514.069,1.0,705.608,505.58,1.0,699.702,499.117,1.0,694.624,489.17,1.0,699.48,483.248,1.0,823.929,366.193,1.0,817.435,359.244,1.0,805.567,354.187,1.0,796.849,348.767,1.0,793.772,341.934,1.0,,,,,,,,,,,,,,,,634.154,447.885,1.0,640.01,457.561,1.0,639.339,465.821,1.0,640.286,472.071,1.0,639.964,482.455,1.0
463,780.41,94.498,1.0,775.807,103.757,1.0,775.859,109.619,1.0,773.745,117.084,1.0,773.111,124.939,1.0,712.253,514.15,1.0,705.608,506.081,1.0,699.702,499.617,1.0,694.614,489.17,1.0,699.48,483.879,1.0,824.385,368.237,1.0,817.939,359.244,1.0,806.792,354.536,1.0,797.042,349.287,1.0,794.523,342.357,1.0,,,,,,,,,,,,,,,,634.154,447.739,1.0,639.978,457.489,1.0,638.993,463.151,1.0,640.286,470.975,1.0,639.15,482.345,1.0
464,779.972,94.484,1.0,775.725,101.839,1.0,775.934,108.129,1.0,773.745,114.244,1.0,773.173,124.419,1.0,712.622,515.931,1.0,706.778,508.021,1.0,700.613,500.664,1.0,694.624,489.78,1.0,700.136,484.132,1.0,825.378,370.224,1.0,819.998,359.244,1.0,806.952,356.403,1.0,798.919,353.291,1.0,794.776,344.389,1.0,,,,,,,,,,,,,,,,634.553,447.739,1.0,639.881,457.458,1.0,638.993,463.009,1.0,640.286,470.975,1.0,639.08,482.018,1.0
465,776.687,87.079,1.0,775.57,91.234,1.0,776.993,101.975,1.0,772.497,112.287,1.0,775.223,119.898,1.0,713.665,516.081,1.0,708.628,509.797,1.0,702.236,504.258,1.0,694.629,492.069,1.0,700.171,485.365,1.0,825.38,370.989,1.0,820.462,360.282,1.0,806.952,357.252,1.0,798.919,353.997,1.0,794.828,345.639,1.0,,,,,,,,,,,,,,,,634.862,447.739,1.0,639.881,457.458,1.0,639.339,462.956,1.0,640.286,470.975,1.0,638.751,481.289,1.0
466,776.389,85.863,1.0,775.561,90.766,1.0,776.993,101.191,1.0,772.497,111.143,1.0,775.223,119.317,1.0,713.669,517.767,1.0,708.628,511.601,1.0,704.407,504.27,1.0,696.273,494.834,1.0,700.171,488.389,1.0,825.38,371.124,1.0,820.499,360.349,1.0,807.001,357.839,1.0,799.91,354.502,1.0,794.828,345.64,1.0,,,,,,,,,,,,,,,,634.988,447.739,1.0,639.825,457.458,1.0,639.369,462.874,1.0,637.412,470.65,1.0,638.55,480.96,1.0
467,776.371,85.407,1.0,775.561,90.631,1.0,776.993,101.112,1.0,772.497,110.671,1.0,775.223,118.905,1.0,713.669,517.925,1.0,708.628,511.809,1.0,704.407,504.287,1.0,696.273,495.285,1.0,700.171,488.423,1.0,825.378,371.124,1.0,820.58,360.44,1.0,807.488,357.856,1.0,799.91,354.502,1.0,794.776,345.64,1.0,,,,,,,,,,,,,,,,635.891,446.719,1.0,639.041,456.458,1.0,639.369,460.146,1.0,637.098,470.158,1.0,638.234,479.127,1.0
468,776.309,82.515,1.0,775.561,88.218,1.0,776.117,98.091,1.0,774.811,106.661,1.0,775.223,115.829,1.0,713.669,518.067,1.0,708.628,511.832,1.0,704.718,504.472,1.0,696.84,495.397,1.0,699.187,488.679,1.0,825.378,371.417,1.0,820.58,360.44,1.0,807.488,358.786,1.0,799.91,354.504,1.0,794.828,345.64,1.0,,,,,,,,,,,,,,,,635.956,445.03,1.0,637.787,454.147,1.0,639.369,456.906,1.0,636.795,466.811,1.0,638.234,475.683,1.0
469,774.593,79.443,1.0,775.561,86.407,1.0,775.581,94.752,1.0,775.96,103.218,1.0,775.223,110.935,1.0,713.669,518.134,1.0,708.628,511.832,1.0,704.718,504.472,1.0,696.84,495.397,1.0,699.187,488.889,1.0,825.38,371.417,1.0,820.963,361.364,1.0,808.086,359.04,1.0,800.691,355.006,1.0,795.203,345.844,1.0,,,,,,,,,,,,,,,,637.887,438.844,1.0,636.773,451.123,1.0,639.369,455.168,1.0,637.098,465.216,1.0,638.234,475.27,1.0
470,774.24,79.405,1.0,776.161,84.305,1.0,775.581,93.962,1.0,775.97,103.074,1.0,776.938,109.885,1.0,713.669,518.415,1.0,709.506,513.011,1.0,704.802,505.265,1.0,697.463,497.121,1.0,699.187,490.042,1.0,826.504,372.194,1.0,821.76,366.268,1.0,814.125,360.386,1.0,807.371,359.5,1.0,795.676,345.905,1.0,,,,,,,,,,,,,,,,638.02,438.844,1.0,636.694,451.123,1.0,639.353,455.168,1.0,636.8,465.118,1.0,639.021,475.198,1.0
471,774.24,78.954,1.0,776.854,83.346,1.0,775.513,93.795,1.0,775.97,102.641,1.0,778.223,109.467,1.0,716.473,522.9,1.0,710.711,514.343,1.0,705.204,507.295,1.0,697.898,500.566,1.0,699.65,491.979,1.0,830.463,378.935,1.0,823.153,368.514,1.0,815.166,360.589,1.0,809.315,360.437,1.0,795.795,347.596,1.0,,,,,,,,,,,,,,,,638.02,438.844,1.0,636.694,451.123,1.0,639.353,455.168,1.0,636.8,465.118,1.0,639.085,475.162,1.0
472,774.593,75.636,1.0,776.854,78.461,1.0,775.113,89.708,1.0,775.97,96.688,1.0,778.404,108.506,1.0,716.583,525.291,1.0,711.222,518.93,1.0,706.939,509.509,1.0,697.911,501.896,1.0,699.65,492.013,1.0,830.704,379.63,1.0,823.733,369.223,1.0,815.77,360.592,1.0,809.815,360.564,1.0,796.101,347.912,1.0,,,,,,,,,,,,,,,,637.887,439.415,1.0,636.773,451.726,1.0,639.381,455.168,1.0,637.202,465.216,1.0,639.12,474.819,1.0
473,778.443,68.287,1.0,776.854,76.292,1.0,775.113,85.765,1.0,775.97,94.879,1.0,778.414,103.265,1.0,716.948,525.291,1.0,711.688,519.771,1.0,708.018,509.969,1.0,698.281,503.269,1.0,699.65,492.259,1.0,830.889,379.765,1.0,823.799,371.407,1.0,815.77,361.228,1.0,810.037,361.172,1.0,796.199,348.052,1.0,,,,,,,,,,,,,,,,634.443,440.938,1.0,636.773,451.726,1.0,639.381,455.612,1.0,637.202,465.216,1.0,639.188,474.819,1.0
474,778.443,68.199,1.0,777.256,76.151,1.0,775.113,85.099,1.0,775.97,94.395,1.0,778.414,103.249,1.0,717.561,525.328,1.0,711.229,520.45,1.0,708.018,510.113,1.0,698.475,503.374,1.0,699.392,492.581,1.0,830.889,379.765,1.0,823.733,371.494,1.0,815.77,362.071,1.0,810.12,361.172,1.0,796.447,348.211,1.0,,,,,,,,,,,,,,,,630.887,440.938,1.0,636.694,451.726,1.0,638.97,455.612,1.0,636.8,465.118,1.0,639.188,474.819,1.0
475,778.464,68.063,1.0,777.622,76.048,1.0,775.113,84.649,1.0,775.703,93.268,1.0,778.678,102.178,1.0,717.561,525.328,1.0,711.229,520.45,1.0,707.933,510.113,1.0,698.668,503.269,1.0,699.169,492.618,1.0,831.132,380.285,1.0,823.733,372.731,1.0,815.827,362.289,1.0,810.12,361.172,1.0,796.563,348.216,1.0,,,,,,,,,,,,,,,,624.271,440.938,1.0,631.522,441.879,1.0,636.059,454.965,1.0,636.496,461.318,1.0,639.156,474.817,1.0
476,778.933,62.418,1.0,777.707,70.687,1.0,775.141,79.252,1.0,775.658,89.303,1.0,778.678,100.265,1.0,717.641,525.672,1.0,711.688,520.719,1.0,708.018,510.153,1.0,698.824,503.545,1.0,699.169,492.809,1.0,831.132,380.666,1.0,823.799,373.044,1.0,815.827,362.517,1.0,810.372,360.606,1.0,801.003,351.434,1.0,,,,,,,,,,,,,,,,624.055,440.591,1.0,631.407,441.303,1.0,635.205,454.753,1.0,636.437,459.477,1.0,639.156,472.316,1.0
477,778.98,62.401,1.0,777.785,70.01,1.0,775.311,77.225,1.0,775.667,86.977,1.0,778.678,94.791,1.0,717.871,526.193,1.0,712.985,520.997,1.0,708.123,511.39,1.0,703.215,503.742,1.0,699.392,494.288,1.0,833.169,383.149,1.0,826.562,373.044,1.0,817.561,366.609,1.0,810.944,359.81,1.0,801.729,351.756,1.0,,,,,,,,,,,,,,,,624.055,438.755,1.0,630.022,440.015,1.0,632.481,452.953,1.0,636.437,456.21,1.0,637.788,469.424,1.0
478,778.98,62.401,1.0,777.707,69.482,1.0,775.363,76.718,1.0,775.578,86.795,1.0,778.103,94.541,1.0,718.606,528.39,1.0,716.05,521.177,1.0,708.936,515.6,1.0,703.291,508.505,1.0,703.039,497.608,1.0,833.313,384.024,1.0,826.562,376.098,1.0,817.686,367.281,1.0,811.096,359.356,1.0,803.506,353.617,1.0,,,,,,,,,,,,,,,,622.755,438.515,1.0,629.768,439.615,1.0,632.282,452.693,1.0,636.496,456.109,1.0,637.043,468.078,1.0
479,778.98,62.367,1.0,777.707,69.31,1.0,775.813,76.512,1.0,775.455,86.76,1.0,778.087,94.453,1.0,718.678,528.538,1.0,716.217,521.411,1.0,709.181,515.811,1.0,703.405,509.117,1.0,703.525,497.764,1.0,833.313,384.024,1.0,826.562,376.098,1.0,818.664,367.281,1.0,811.096,358.542,1.0,803.997,353.617,1.0,,,,,,,,,,,,,,,,622.524,436.536,1.0,629.568,439.111,1.0,631.73,450.94,1.0,636.496,456.109,1.0,637.043,468.042,1.0
480,774.459,62.384,1.0,777.707,65.712,1.0,777.41,74.091,1.0,775.455,84.848,1.0,778.087,93.66,1.0,719.641,528.659,1.0,716.546,521.419,1.0,709.926,516.865,1.0,704.465,510.643,1.0,704.308,500.401,1.0,833.313,384.024,1.0,826.485,376.962,1.0,819.003,367.281,1.0,811.096,358.684,1.0,804.593,353.617,1.0,,,,,,,,,,,,,,,,622.524,435.71,1.0,629.392,439.111,1.0,631.73,450.269,1.0,636.107,456.109,1.0,637.788,467.636,1.0
481,773.506,62.384,1.0,777.622,65.712,1.0,777.808,73.644,1.0,774.931,84.042,1.0,778.102,93.485,1.0,720.074,529.172,1.0,716.742,521.577,1.0,710.28,517.478,1.0,704.501,511.058,1.0,704.308,501.094,1.0,827.69,385.142,1.0,824.567,376.962,1.0,819.97,367.675,1.0,810.602,359.356,1.0,804.699,353.617,1.0,,,,,,,,,,,,,,,,620.987,430.799,1.0,627.628,438.076,1.0,631.73,449.005,1.0,633.143,456.723,1.0,639.729,466.008,1.0
482,773.18,62.413,1.0,777.498,65.712,1.0,778.157,73.644,1.0,774.725,81.945,1.0,778.103,93.043,1.0,720.074,529.791,1.0,716.865,521.939,1.0,710.409,517.676,1.0,704.579,511.714,1.0,704.308,501.389,1.0,822.944,385.142,1.0,823.168,376.962,1.0,819.003,367.675,1.0,810.602,359.356,1.0,804.699,353.617,1.0,,,,,,,,,,,,,,,,618.031,430.185,1.0,624.955,437.312,1.0,631.944,448.294,1.0,631.038,456.723,1.0,640.004,458.725,1.0
483,773.18,62.384,1.0,777.498,65.712,1.0,778.157,73.146,1.0,774.632,81.566,1.0,778.102,92.906,1.0,720.074,530.038,1.0,716.901,522.06,1.0,710.409,517.699,1.0,704.706,512.088,1.0,704.233,501.625,1.0,818.548,384.922,1.0,823.107,375.992,1.0,819.003,367.675,1.0,810.602,360.981,1.0,804.978,353.88,1.0,,,,,,,,,,,,,,,,616.282,426.828,1.0,623.55,437.312,1.0,631.944,447.687,1.0,630.249,456.723,1.0,640.23,458.635,1.0
484,772.877,62.384,1.0,777.498,65.716,1.0,778.157,73.146,1.0,774.632,81.256,1.0,778.113,92.542,1.0,719.878,531.044,1.0,717.374,522.068,1.0,710.85,517.897,1.0,705.729,512.154,1.0,704.183,502.552,1.0,818.548,384.922,1.0,822.722,375.992,1.0,818.585,368.147,1.0,810.602,360.981,1.0,804.978,353.88,1.0,,,,,,,,,,,,,,,,616.282,426.828,1.0,623.55,437.312,1.0,631.944,447.664,1.0,629.951,456.273,1.0,640.004,458.635,1.0
485,772.771,62.413,1.0,777.409,65.768,1.0,778.157,73.185,1.0,774.593,81.256,1.0,778.102,92.542,1.0,719.023,540.472,1.0,718.136,530.249,1.0,712.305,520.387,1.0,706.705,513.028,1.0,703.831,503.755,1.0,818.548,384.922,1.0,822.722,374.271,1.0,815.947,367.675,1.0,810.489,360.981,1.0,804.978,353.88,1.0,,,,,,,,,,,,,,,,616.282,426.828,1.0,623.528,437.116,1.0,631.13,446.74,1.0,629.951,455.076,1.0,640.004,458.507,1.0
486,772.771,62.344,1.0,777.409,65.716,1.0,778.15,73.185,1.0,774.593,81.256,1.0,777.99,92.542,1.0,713.617,540.472,1.0,718.136,530.249,1.0,712.305,520.387,1.0,706.705,513.028,1.0,703.824,503.755,1.0,820.421,382.544,1.0,821.042,373.488,1.0,815.947,368.147,1.0,811.209,360.397,1.0,804.277,354.053,1.0,,,,,,,,,,,,,,,,616.352,428.583,1.0,623.013,436.352,1.0,628.786,441.254,1.0,629.951,448.2,1.0,636.766,458.397,1.0
487,772.877,62.337,1.0,777.284,65.505,1.0,777.84,72.841,1.0,774.593,81.182,1.0,777.969,92.289,1.0,713.093,540.472,1.0,718.136,530.249,1.0,712.305,520.387,1.0,706.705,513.028,1.0,703.824,503.755,1.0,825.062,381.866,1.0,822.722,373.488,1.0,815.947,368.351,1.0,811.209,360.397,1.0,804.277,354.053,1.0,,,,,,,,,,,,,,,,616.352,428.611,1.0,620.395,430.433,1.0,626.341,441.238,1.0,631.631,443.634,1.0,636.766,455.729,1.0
488,773.918,61.863,1.0,777.284,65.716,1.0,777.84,72.726,1.0,774.933,79.927,1.0,777.524,92.199,1.0,713.093,530.666,1.0,716.953,523.085,1.0,711.829,518.444,1.0,705.97,511.476,1.0,703.824,502.676,1.0,827.221,380.937,1.0,822.784,373.488,1.0,815.195,368.351,1.0,810.489,359.751,1.0,804.103,353.524,1.0,,,,,,,,,,,,,,,,616.352,428.611,1.0,620.32,430.208,1.0,626.308,440.892,1.0,631.631,443.38,1.0,636.766,455.251,1.0
489,779.708,61.863,1.0,776.288,66.064,1.0,773.121,72.233,1.0,776.459,79.357,1.0,777.031,91.227,1.0,713.617,521.708,1.0,716.953,523.085,1.0,708.354,517.476,1.0,704.925,510.218,1.0,704.218,502.65,1.0,828.077,379.747,1.0,822.914,375.014,1.0,816.214,367.447,1.0,810.489,359.751,1.0,804.103,353.524,1.0,,,,,,,,,,,,,,,,616.193,428.583,1.0,620.268,430.164,1.0,626.157,440.785,1.0,631.631,443.009,1.0,636.766,454.622,1.0
490,780.039,61.863,1.0,776.288,66.504,1.0,773.121,72.173,1.0,776.84,79.248,1.0,776.985,91.227,1.0,715.434,518.87,1.0,716.953,518.305,1.0,708.288,517.476,1.0,704.696,510.218,1.0,704.273,502.561,1.0,828.077,376.319,1.0,823.893,375.014,1.0,816.214,367.447,1.0,808.887,359.635,1.0,804.103,353.524,1.0,,,,,,,,,,,,,,,,615.691,427.537,1.0,619.732,429.05,1.0,626.12,439.255,1.0,630.61,443.009,1.0,636.766,452.528,1.0
491,780.356,62.324,1.0,776.288,67.476,1.0,773.121,72.173,1.0,776.895,78.317,1.0,776.461,91.181,1.0,723.142,512.85,1.0,724.149,517.834,1.0,707.807,516.701,1.0,704.063,509.801,1.0,704.273,502.327,1.0,828.077,374.23,1.0,824.659,375.481,1.0,816.111,365.492,1.0,808.887,358.594,1.0,804.006,353.505,1.0,,,,,,,,,,,,,,,,613.561,417.249,1.0,617.947,425.584,1.0,621.419,432.536,1.0,627.489,441.601,1.0,633.526,450.51,1.0
492,786.822,69.075,1.0,779.321,67.709,1.0,774.473,72.173,1.0,776.84,79.248,1.0,776.461,91.143,1.0,724.54,512.552,1.0,724.149,517.189,1.0,707.229,516.701,1.0,703.984,509.801,1.0,704.218,500.897,1.0,827.279,370.598,1.0,825.588,375.481,1.0,816.111,365.492,1.0,807.966,358.594,1.0,803.624,353.451,1.0,,,,,,,,,,,,,,,,612.959,414.663,1.0,617.819,422.728,1.0,620.394,430.445,1.0,626.438,441.601,1.0,630.727,446.854,1.0
493,788.24,69.075,1.0,780.266,68.138,1.0,774.473,71.578,1.0,776.459,78.683,1.0,776.461,91.059,1.0,728.053,512.552,1.0,724.149,517.189,1.0,705.925,515.509,1.0,703.762,509.801,1.0,703.92,500.343,1.0,827.279,368.22,1.0,825.588,373.81,1.0,816.748,365.492,1.0,806.461,359.011,1.0,803.44,352.911,1.0,,,,,,,,,,,,,,,,611.865,413.744,1.0,617.47,422.542,1.0,620.312,430.445,1.0,622.089,440.347,1.0,630.416,446.679,1.0
494,789.033,69.075,1.0,780.404,68.203,1.0,775.781,71.578,1.0,776.574,78.683,1.0,776.978,89.188,1.0,728.053,512.552,1.0,717.631,516.98,1.0,705.912,513.71,1.0,703.603,508.245,1.0,703.699,499.752,1.0,827.001,357.022,1.0,825.452,359.81,1.0,816.748,367.022,1.0,806.597,358.357,1.0,803.624,352.911,1.0,,,,,,,,,,,,,,,,611.762,413.257,1.0,617.215,422.406,1.0,619.342,430.43,1.0,620.818,440.347,1.0,629.288,445.792,1.0
495,790.289,67.842,1.0,781.564,68.203,1.0,775.781,71.097,1.0,775.141,79.322,1.0,776.978,89.188,1.0,728.317,512.85,1.0,717.631,516.98,1.0,705.912,513.71,1.0,703.603,508.02,1.0,703.49,499.384,1.0,827.026,356.541,1.0,825.452,359.134,1.0,816.748,367.022,1.0,806.423,358.357,1.0,804.006,352.854,1.0,,,,,,,,,,,,,,,,611.162,413.257,1.0,616.557,421.628,1.0,618.372,429.647,1.0,620.419,438.365,1.0,627.232,444.303,1.0
496,791.112,67.842,1.0,781.817,68.203,1.0,775.036,71.097,1.0,775.019,79.591,1.0,776.978,89.188,1.0,728.144,512.552,1.0,717.631,516.98,1.0,705.613,513.638,1.0,703.603,507.602,1.0,703.49,499.203,1.0,827.026,355.349,1.0,825.452,359.134,1.0,816.988,367.022,1.0,806.423,358.357,1.0,804.394,352.854,1.0,,,,,,,,,,,,,,,,604.443,413.257,1.0,610.655,420.737,1.0,617.589,428.175,1.0,620.041,438.365,1.0,624.915,442.664,1.0
497,791.63,67.67,1.0,782.275,68.138,1.0,775.036,71.097,1.0,775.019,79.322,1.0,777.019,89.188,1.0,728.144,513.307,1.0,717.431,517.217,1.0,705.613,513.497,1.0,703.473,507.058,1.0,703.078,499.075,1.0,827.026,354.588,1.0,825.452,359.134,1.0,816.988,367.022,1.0,806.597,358.317,1.0,805.447,352.911,1.0,,,,,,,,,,,,,,,,604.053,417.684,1.0,610.159,420.631,1.0,617.589,427.2,1.0,619.734,437.488,1.0,624.567,442.334,1.0
498,791.63,67.67,1.0,782.982,68.026,1.0,775.781,71.097,1.0,774.795,79.322,1.0,777.019,88.076,1.0,725.82,515.137,1.0,717.431,517.217,1.0,706.033,512.466,1.0,701.862,504.248,1.0,699.597,496.906,1.0,828.153,354.172,1.0,828.77,362.522,1.0,818.34,366.925,1.0,808.061,358.311,1.0,806.496,352.724,1.0,,,,,,,,,,,,,,,,604.053,417.684,1.0,609.713,420.324,1.0,617.516,427.089,1.0,619.633,437.475,1.0,624.542,442.209,1.0
499,793.043,66.128,1.0,783.882,67.674,1.0,777.405,70.122,1.0,774.795,78.647,1.0,777.019,88.076,1.0,716.896,517.612,1.0,712.666,517.217,1.0,706.033,511.742,1.0,698.773,504.248,1.0,696.782,496.814,1.0,829.17,353.74,1.0,829.094,362.522,1.0,821.481,366.631,1.0,808.088,358.212,1.0,806.496,352.861,1.0,,,,,,,,,,,,,,,,604.443,417.684,1.0,609.707,420.246,1.0,617.516,426.728,1.0,619.255,436.628,1.0,624.25,442.119,1.0
500,795.387,65.934,1.0,787.083,67.425,1.0,779.177,68.315,1.0,774.439,77.083,1.0,778.78,84.114,1.0,713.396,517.612,1.0,710.651,516.171,1.0,705.525,511.742,1.0,698.773,504.248,1.0,696.138,495.126,1.0,830.41,352.833,1.0,829.236,362.522,1.0,821.64,366.554,1.0,808.155,358.212,1.0,807.155,353.271,1.0,,,,,,,,,,,,,,,,604.818,417.289,1.0,609.064,419.76,1.0,617.201,425.154,1.0,617.574,434.414,1.0,624.093,440.233,1.0
501,795.387,65.534,1.0,787.253,67.238,1.0,779.533,68.315,1.0,773.569,76.89,1.0,778.78,82.865,1.0,703.404,517.612,1.0,707.118,516.171,1.0,705.607,511.742,1.0,698.773,504.248,1.0,695.658,494.978,1.0,831.081,352.646,1.0,829.236,362.06,1.0,821.694,366.554,1.0,808.19,358.212,1.0,807.335,353.271,1.0,,,,,,,,,,,,,,,,607.673,404.523,1.0,606.442,411.412,1.0,612.904,425.154,1.0,614.586,426.049,1.0,620.03,436.891,1.0
502,796.43,65.934,1.0,788.113,67.425,1.0,779.943,68.04,1.0,773.569,76.087,1.0,778.78,81.919,1.0,697.774,516.844,1.0,705.529,516.155,1.0,705.607,512.083,1.0,699.713,504.248,1.0,693.799,494.978,1.0,833.899,352.335,1.0,829.236,360.679,1.0,821.694,365.838,1.0,808.85,358.061,1.0,807.548,353.502,1.0,,,,,,,,,,,,,,,,608.925,403.834,1.0,606.098,411.199,1.0,612.831,425.154,1.0,614.531,424.55,1.0,618.733,436.204,1.0
503,797.034,66.128,1.0,788.745,67.674,1.0,780.206,68.04,1.0,773.78,75.907,1.0,778.02,81.919,1.0,697.531,515.965,1.0,705.529,516.155,1.0,705.607,513.545,1.0,700.622,501.68,1.0,693.778,494.978,1.0,839.465,350.686,1.0,833.288,357.171,1.0,822.278,364.756,1.0,810.06,358.021,1.0,807.833,353.604,1.0,,,,,,,,,,,,,,,,608.975,403.522,1.0,605.631,411.059,1.0,612.433,424.66,1.0,614.497,424.446,1.0,618.364,436.093,1.0
504,797.459,66.602,1.0,789.357,69.057,1.0,780.447,67.903,1.0,773.78,75.384,1.0,772.36,81.904,1.0,696.529,514.164,1.0,705.529,515.757,1.0,705.607,513.807,1.0,700.994,501.68,1.0,693.166,495.49,1.0,839.552,350.686,1.0,833.339,357.116,1.0,822.278,364.442,1.0,810.216,357.652,1.0,808.348,353.604,1.0,,,,,,,,,,,,,,,,608.975,403.388,1.0,605.459,410.836,1.0,612.433,424.66,1.0,614.154,424.399,1.0,618.364,435.963,1.0
505,798.703,67.05,1.0,791.137,69.358,1.0,781.193,67.895,1.0,775.71,73.939,1.0,771.593,81.482,1.0,695.083,512.875,1.0,704.66,514.607,1.0,705.607,514.006,1.0,701.154,501.68,1.0,693.166,496.791,1.0,839.552,350.686,1.0,833.532,357.116,1.0,822.278,363.917,1.0,810.294,357.382,1.0,808.579,353.604,1.0,,,,,,,,,,,,,,,,608.925,402.469,1.0,605.459,410.278,1.0,612.39,424.051,1.0,613.858,423.063,1.0,618.364,435.963,1.0
506,804.091,69.403,1.0,796.085,71.007,1.0,785.107,67.895,1.0,777.917,73.784,1.0,771.593,81.311,1.0,694.725,512.875,1.0,704.66,514.569,1.0,704.7,513.807,1.0,701.601,502.475,1.0,693.597,497.316,1.0,839.488,350.686,1.0,833.567,357.171,1.0,822.257,363.16,1.0,810.296,356.845,1.0,808.423,353.267,1.0,,,,,,,,,,,,,,,,608.202,401.556,1.0,605.459,409.027,1.0,611.96,422.019,1.0,613.332,420.329,1.0,624.887,435.549,1.0
507,804.353,69.73,1.0,796.095,71.071,1.0,785.249,67.994,1.0,778.724,71.485,1.0,771.593,81.107,1.0,694.642,512.875,1.0,704.66,514.569,1.0,704.319,513.807,1.0,702.561,503.519,1.0,693.597,497.316,1.0,839.552,350.793,1.0,833.642,357.171,1.0,822.257,362.787,1.0,810.385,356.845,1.0,808.579,353.267,1.0,,,,,,,,,,,,,,,,604.344,401.556,1.0,607.916,407.716,1.0,611.739,417.72,1.0,612.542,419.476,1.0,625.597,435.549,1.0
508,804.966,70.472,1.0,797.23,71.151,1.0,786.686,67.994,1.0,778.724,71.368,1.0,773.193,77.866,1.0,686.525,514.399,1.0,700.237,514.569,1.0,703.64,512.048,1.0,703.373,504.361,1.0,697.169,497.316,1.0,839.683,350.87,1.0,833.642,356.939,1.0,821.941,362.171,1.0,810.526,356.845,1.0,808.614,353.267,1.0,,,,,,,,,,,,,,,,603.47,401.556,1.0,607.916,407.716,1.0,611.739,417.72,1.0,612.542,419.476,1.0,625.597,435.63,1.0
509,804.966,70.482,1.0,797.23,71.481,1.0,786.686,68.047,1.0,778.752,70.528,1.0,773.621,77.67,1.0,685.147,514.926,1.0,695.824,515.484,1.0,702.479,511.191,1.0,703.516,504.361,1.0,698.908,496.33,1.0,840.892,350.878,1.0,833.642,354.411,1.0,822.257,361.444,1.0,815.274,357.816,1.0,808.579,356.487,1.0,,,,,,,,,,,,,,,,603.47,402.251,1.0,607.958,407.716,1.0,611.739,417.72,1.0,612.542,419.476,1.0,625.351,435.63,1.0
510,804.966,70.714,1.0,797.933,71.481,1.0,786.686,68.085,1.0,778.791,70.528,1.0,773.715,77.67,1.0,685.135,515.074,1.0,695.49,515.973,1.0,701.424,508.173,1.0,703.516,505.088,1.0,699.474,496.33,1.0,841.527,350.793,1.0,830.857,351.959,1.0,822.367,357.018,1.0,816.508,357.838,1.0,808.423,358.913,1.0,,,,,,,,,,,,,,,,603.375,412.405,1.0,607.958,412.17,1.0,616.127,421.464,1.0,614.891,422.318,1.0,625.597,436.127,1.0
511,804.206,70.805,1.0,797.23,71.548,1.0,786.686,68.085,1.0,778.791,70.049,1.0,773.715,77.63,1.0,685.001,515.327,1.0,694.72,516.167,1.0,700.922,510.041,1.0,703.516,504.361,1.0,699.733,496.33,1.0,841.742,350.793,1.0,830.857,351.959,1.0,823.523,357.018,1.0,816.753,357.902,1.0,808.86,359.589,1.0,,,,,,,,,,,,,,,,601.368,415.059,1.0,608.144,415.471,1.0,616.127,422.473,1.0,614.91,422.53,1.0,625.699,436.709,1.0
512,803.738,70.938,1.0,797.23,71.548,1.0,786.57,68.085,1.0,779.673,70.528,1.0,774.318,77.67,1.0,684.032,515.896,1.0,691.526,516.179,1.0,699.545,510.086,1.0,702.126,504.361,1.0,700.282,497.385,1.0,841.873,350.793,1.0,830.857,351.959,1.0,823.523,356.385,1.0,817.431,359.644,1.0,808.323,359.589,1.0,,,,,,,,,,,,,,,,601.044,415.059,1.0,606.85,415.471,1.0,616.127,422.473,1.0,614.91,422.53,1.0,625.699,437.016,1.0
513,803.738,70.938,1.0,797.58,71.548,1.0,786.57,68.085,1.0,779.867,70.528,1.0,774.318,77.63,1.0,682.013,523.231,1.0,686.984,517.847,1.0,695.338,510.086,1.0,701.918,503.912,1.0,700.282,497.713,1.0,841.96,350.772,1.0,831.009,352.116,1.0,823.882,356.385,1.0,817.613,359.644,1.0,808.323,358.986,1.0,,,,,,,,,,,,,,,,600.839,413.344,1.0,607.268,415.471,1.0,616.127,422.473,1.0,615.589,422.318,1.0,626.616,437.016,1.0
514,803.596,70.805,1.0,797.58,71.538,1.0,786.477,68.504,1.0,779.867,70.624,1.0,774.318,78.177,1.0,681.85,523.329,1.0,686.294,517.963,1.0,694.49,510.086,1.0,700.753,503.34,1.0,700.282,501.207,1.0,842.108,350.675,1.0,831.346,352.116,1.0,824.435,356.385,1.0,817.757,359.644,1.0,808.426,359.589,1.0,,,,,,,,,,,,,,,,600.711,415.059,1.0,606.85,415.406,1.0,617.019,422.389,1.0,615.589,422.416,1.0,626.616,436.89,1.0
515,803.509,70.779,1.0,797.126,71.538,1.0,786.477,68.504,1.0,779.673,71.016,1.0,774.063,78.191,1.0,681.596,523.374,1.0,686.294,518.546,1.0,694.49,510.086,1.0,700.048,503.226,1.0,700.004,502.181,1.0,842.986,350.402,1.0,832.774,352.116,1.0,825.428,354.974,1.0,819.078,359.29,1.0,808.86,359.589,1.0,,,,,,,,,,,,,,,,600.711,413.344,1.0,607.268,415.406,1.0,617.019,421.436,1.0,614.939,422.416,1.0,626.616,437.223,1.0
516,803.509,70.647,1.0,796.322,71.401,1.0,785.189,69.185,1.0,779.258,71.646,1.0,773.622,78.465,1.0,681.171,523.495,1.0,686.984,518.546,1.0,694.49,510.347,1.0,699.901,503.34,1.0,700.004,502.548,1.0,846.802,341.74,1.0,840.368,348.735,1.0,827.412,354.888,1.0,821.245,358.968,1.0,809.637,360.754,1.0,,,,,,,,,,,,,,,,600.711,411.563,1.0,607.268,415.406,1.0,617.45,421.436,1.0,615.003,422.416,1.0,624.707,437.223,1.0
517,797.287,65.276,1.0,792.008,69.189,1.0,783.186,69.185,1.0,778.379,72.11,1.0,773.457,78.533,1.0,680.997,523.713,1.0,686.226,518.799,1.0,694.005,510.387,1.0,699.042,503.34,1.0,700.004,503.213,1.0,848.206,339.792,1.0,842.507,346.942,1.0,829.049,354.596,1.0,821.245,358.784,1.0,811.832,362.82,1.0,,,,,,,,,,,,,,,,608.807,411.563,1.0,609.425,417.314,1.0,617.915,421.436,1.0,615.589,425.242,1.0,619.416,437.223,1.0
518,794.996,64.77,1.0,791.372,68.673,1.0,782.971,70.014,1.0,778.379,72.68,1.0,772.771,80.397,1.0,680.978,524.966,1.0,686.34,519.347,1.0,693.891,510.575,1.0,697.961,504.764,1.0,701.089,505.305,1.0,850.16,338.591,1.0,843.265,345.075,1.0,829.232,354.586,1.0,821.245,358.449,1.0,813.68,365.941,1.0,,,,,,,,,,,,,,,,610.816,416.959,1.0,609.903,418.145,1.0,617.915,421.436,1.0,615.003,425.242,1.0,619.416,437.223,1.0
519,794.712,64.694,1.0,791.014,68.656,1.0,782.783,70.472,1.0,778.245,72.827,1.0,772.522,80.571,1.0,679.132,529.646,1.0,686.34,521.746,1.0,692.609,511.293,1.0,697.716,506.835,1.0,701.207,505.305,1.0,850.188,338.553,1.0,843.511,344.952,1.0,829.379,352.177,1.0,822.301,356.498,1.0,813.903,366.47,1.0,,,,,,,,,,,,,,,,615.486,414.848,1.0,610.248,418.145,1.0,617.45,421.859,1.0,614.939,425.242,1.0,619.416,437.778,1.0
520,793.866,64.504,1.0,790.632,68.307,1.0,782.783,70.632,1.0,777.833,72.965,1.0,772.522,80.571,1.0,678.979,529.812,1.0,686.34,521.778,1.0,691.874,511.408,1.0,697.359,506.97,1.0,701.583,505.305,1.0,850.188,338.553,1.0,843.511,344.833,1.0,830.033,351.739,1.0,822.301,356.242,1.0,814.08,366.47,1.0,,,,,,,,,,,,,,,,616.002,415.449,1.0,610.907,417.314,1.0,615.782,422.734,1.0,615.003,425.242,1.0,618.725,438.003,1.0
521,793.826,63.579,1.0,790.146,67.663,1.0,782.783,70.472,1.0,777.968,73.056,1.0,772.771,80.571,1.0,678.979,530.023,1.0,686.34,521.963,1.0,691.105,512.059,1.0,697.135,507.926,1.0,705.112,502.898,1.0,850.188,338.553,1.0,843.511,344.713,1.0,831.342,351.644,1.0,822.301,356.242,1.0,814.914,366.47,1.0,,,,,,,,,,,,,,,,616.002,415.449,1.0,610.907,417.314,1.0,615.782,422.734,1.0,615.292,425.242,1.0,618.725,437.778,1.0
522,793.642,62.705,1.0,789.986,65.811,1.0,782.783,70.632,1.0,777.943,73.125,1.0,773.023,78.997,1.0,678.979,530.342,1.0,686.34,522.018,1.0,690.915,512.099,1.0,696.97,508.081,1.0,705.112,502.795,1.0,850.188,338.553,1.0,843.575,343.745,1.0,831.919,351.276,1.0,823.149,356.498,1.0,815.761,366.056,1.0,,,,,,,,,,,,,,,,616.002,415.06,1.0,610.907,417.212,1.0,615.782,423.596,1.0,615.292,425.548,1.0,619.266,436.693,1.0
523,793.741,62.668,1.0,789.791,65.686,1.0,782.972,70.632,1.0,777.943,73.125,1.0,773.098,78.29,1.0,678.967,530.342,1.0,686.48,522.098,1.0,690.798,512.448,1.0,696.904,508.085,1.0,705.112,502.642,1.0,850.188,336.52,1.0,844.039,342.987,1.0,835.159,351.276,1.0,828.844,358.358,1.0,819.616,363.156,1.0,,,,,,,,,,,,,,,,613.154,414.874,1.0,610.817,414.765,1.0,615.782,423.932,1.0,615.292,425.548,1.0,618.52,436.693,1.0
524,793.693,62.371,1.0,789.72,65.631,1.0,782.972,71.39,1.0,777.943,73.224,1.0,773.098,78.155,1.0,678.967,530.342,1.0,686.48,522.098,1.0,690.483,512.725,1.0,696.452,508.352,1.0,704.878,502.755,1.0,855.581,334.448,1.0,848.857,342.857,1.0,838.104,351.276,1.0,830.985,358.831,1.0,821.206,362.612,1.0,,,,,,,,,,,,,,,,604.665,414.874,1.0,608.033,415.145,1.0,615.782,423.826,1.0,615.39,425.548,1.0,618.867,436.067,1.0
525,793.693,62.371,1.0,789.72,65.631,1.0,782.972,70.856,1.0,777.943,73.198,1.0,773.023,78.155,1.0,679.065,529.038,1.0,686.622,522.018,1.0,690.483,513.808,1.0,696.452,508.352,1.0,704.878,502.755,1.0,858.03,334.362,1.0,851.05,342.857,1.0,838.593,351.455,1.0,831.39,359.405,1.0,821.47,362.612,1.0,,,,,,,,,,,,,,,,604.526,413.781,1.0,606.735,415.431,1.0,615.06,423.932,1.0,615.39,425.666,1.0,619.266,436.025,1.0
526,793.693,62.371,1.0,788.996,65.631,1.0,782.972,71.521,1.0,777.306,73.198,1.0,772.722,78.155,1.0,679.065,524.633,1.0,686.793,521.831,1.0,690.483,514.459,1.0,696.236,508.352,1.0,704.591,502.642,1.0,858.081,333.446,1.0,851.548,342.857,1.0,838.913,352.018,1.0,831.519,359.119,1.0,821.789,362.726,1.0,,,,,,,,,,,,,,,,604.255,413.781,1.0,606.735,415.431,1.0,615.06,424.485,1.0,615.152,425.666,1.0,618.889,436.025,1.0
527,793.693,62.453,1.0,787.743,66.245,1.0,782.895,70.856,1.0,777.306,73.013,1.0,772.177,78.66,1.0,680.426,514.325,1.0,690.405,519.331,1.0,691.012,515.066,1.0,693.918,508.792,1.0,704.594,502.512,1.0,858.081,333.457,1.0,851.548,342.857,1.0,839.013,352.024,1.0,831.609,359.119,1.0,821.944,362.726,1.0,,,,,,,,,,,,,,,,604.526,413.781,1.0,606.735,415.431,1.0,615.06,424.928,1.0,615.152,425.666,1.0,618.889,436.067,1.0
528,793.693,64.319,0.9990000128746033,787.743,66.861,1.0,782.895,70.856,1.0,777.306,73.013,1.0,772.009,78.66,1.0,681.007,513.377,1.0,691.267,516.74,1.0,691.012,515.456,1.0,693.918,508.792,1.0,704.878,502.26,1.0,858.03,334.164,1.0,851.384,342.857,1.0,839.683,352.024,1.0,831.768,359.119,1.0,821.944,362.612,1.0,,,,,,,,,,,,,,,,604.526,414.962,1.0,609.129,418.106,1.0,617.307,425.852,1.0,615.39,430.577,1.0,619.347,441.794,1.0
529,794.389,66.472,0.9660000205039978,787.743,67.376,0.9760000109672546,782.895,70.437,1.0,776.219,70.501,1.0,772.009,78.66,0.9990000128746033,685.72,510.363,1.0,691.267,513.633,1.0,691.012,515.456,1.0,692.959,508.792,1.0,704.6,502.231,1.0,857.449,333.457,1.0,851.384,342.637,1.0,839.683,352.018,1.0,831.609,359.076,1.0,822.341,362.726,1.0,,,,,,,,,,,,,,,,605.883,415.436,1.0,611.466,421.468,1.0,617.586,426.759,1.0,618.877,438.003,1.0,621.862,442.977,1.0
530,795.365,67.513,1.0,788.227,68.382,1.0,782.895,68.714,1.0,777.906,70.501,1.0,772.177,78.162,1.0,687.934,504.502,1.0,691.267,511.398,1.0,689.721,515.88,1.0,692.86,514.363,1.0,704.594,502.074,1.0,849.524,333.446,1.0,849.81,342.637,1.0,839.683,351.055,1.0,831.609,358.463,1.0,822.372,362.573,1.0,,,,,,,,,,,,,,,,606.834,417.706,1.0,612.497,421.873,1.0,618.125,427.362,1.0,619.667,438.003,1.0,624.082,442.977,1.0
531,797.223,67.812,1.0,790.156,68.455,1.0,782.036,68.714,1.0,777.906,70.501,1.0,772.271,77.713,1.0,689.263,502.562,1.0,691.241,509.911,1.0,689.535,515.88,1.0,692.815,514.502,1.0,704.594,502.074,1.0,849.524,332.109,1.0,848.163,340.272,1.0,839.683,350.973,1.0,831.609,356.986,1.0,823.822,362.49,1.0,,,,,,,,,,,,,,,,608.017,419.4,1.0,612.497,421.873,1.0,618.176,427.362,1.0,619.767,438.003,1.0,624.254,442.977,1.0
532,797.629,67.824,1.0,790.156,69.158,1.0,781.626,68.253,1.0,776.763,70.694,1.0,772.271,77.713,1.0,689.263,498.758,1.0,690.379,507.965,1.0,689.227,515.88,1.0,691.71,514.674,1.0,704.001,502.231,1.0,847.605,332.109,1.0,847.661,340.272,1.0,840.882,350.893,1.0,831.609,356.986,1.0,823.822,362.49,1.0,,,,,,,,,,,,,,,,609.348,429.44,1.0,612.497,421.873,1.0,618.176,427.362,1.0,620.501,437.708,1.0,624.695,441.683,1.0
533,797.629,67.812,1.0,790.156,69.158,1.0,781.227,68.253,1.0,775.591,72.432,1.0,772.271,77.713,1.0,687.934,498.194,1.0,689.765,506.728,1.0,687.944,514.722,1.0,691.582,514.674,1.0,703.682,502.231,1.0,846.254,332.109,1.0,847.27,338.961,1.0,839.414,349.982,1.0,831.269,356.986,1.0,823.822,362.48,1.0,,,,,,,,,,,,,,,,609.348,433.057,1.0,610.075,419.707,1.0,617.856,427.362,1.0,620.251,437.112,1.0,624.695,441.683,1.0
534,798.498,67.824,1.0,792.788,70.314,1.0,781.2,67.523,1.0,775.591,72.44,1.0,769.711,80.496,1.0,687.496,497.565,1.0,689.243,505.077,1.0,687.426,512.556,1.0,690.719,516.033,1.0,703.483,503.288,1.0,846.254,336.292,1.0,846.593,338.505,1.0,839.476,349.982,1.0,831.048,359.278,1.0,822.666,362.48,1.0,,,,,,,,,,,,,,,,609.348,433.057,1.0,609.548,419.707,1.0,617.856,427.5,1.0,620.251,436.093,1.0,626.036,441.672,1.0
535,802.872,69.718,1.0,793.317,70.357,1.0,781.2,67.208,1.0,775.454,72.582,1.0,769.711,80.496,1.0,685.135,497.36,1.0,689.238,505.009,1.0,687.274,512.556,1.0,690.673,516.903,1.0,702.867,505.883,1.0,847.605,337.767,1.0,847.27,338.505,1.0,839.476,350.893,1.0,830.474,360.908,1.0,820.995,362.302,1.0,,,,,,,,,,,,,,,,604.607,433.817,1.0,609.233,419.502,1.0,616.894,427.5,1.0,620.251,436.093,1.0,624.695,441.683,1.0
536,802.62,69.718,1.0,793.332,70.555,1.0,781.2,67.208,1.0,775.454,72.582,1.0,769.711,80.496,1.0,685.088,497.36,1.0,689.006,504.881,1.0,687.274,512.49,1.0,690.467,518.417,1.0,702.867,511.581,1.0,847.605,345.841,1.0,847.27,341.922,1.0,839.476,350.893,1.0,830.474,360.908,1.0,820.995,362.302,1.0,,,,,,,,,,,,,,,,604.147,433.817,1.0,609.233,419.502,1.0,616.557,427.941,1.0,620.251,436.675,1.0,620.049,444.239,1.0
537,802.872,69.743,1.0,793.752,70.584,1.0,783.567,67.208,1.0,775.454,72.582,1.0,771.634,77.195,1.0,684.79,497.36,1.0,689.006,504.881,1.0,687.274,512.49,1.0,690.673,518.417,1.0,702.867,511.581,1.0,850.494,349.522,1.0,847.007,341.922,1.0,839.476,349.869,1.0,829.852,360.908,1.0,820.995,362.302,1.0,,,,,,,,,,,,,,,,604.147,431.842,1.0,609.548,419.409,1.0,616.557,427.962,1.0,619.847,437.112,1.0,619.955,444.702,1.0
538,802.964,70.973,1.0,794.629,71.898,1.0,785.107,67.505,1.0,775.927,69.648,1.0,771.634,74.899,1.0,684.119,497.355,1.0,688.496,504.635,1.0,686.823,512.453,1.0,690.719,518.417,1.0,702.867,511.78,1.0,850.494,349.522,1.0,847.007,341.922,1.0,839.476,350.271,1.0,829.852,360.908,1.0,820.995,362.409,1.0,,,,,,,,,,,,,,,,604.147,425.55,1.0,610.82,419.409,1.0,616.437,429.603,1.0,618.855,439.164,1.0,619.857,444.73,1.0
539,802.98,71.278,1.0,796.437,73.058,1.0,785.172,68.009,1.0,776.157,69.392,1.0,771.634,74.899,1.0,683.704,496.947,1.0,688.363,503.787,1.0,686.823,510.17,1.0,690.673,515.154,1.0,702.524,512.834,1.0,850.494,349.671,1.0,847.007,341.922,1.0,839.19,350.222,1.0,829.852,360.908,1.0,820.995,362.409,1.0,,,,,,,,,,,,,,,,612.864,416.668,1.0,616.468,419.409,1.0,616.227,430.045,1.0,618.855,442.15,1.0,619.636,445.619,1.0
540,803.189,71.278,1.0,796.581,73.553,1.0,785.177,68.511,1.0,776.276,68.077,1.0,771.634,74.899,1.0,682.397,493.54,1.0,686.002,501.506,1.0,687.475,506.789,1.0,692.313,513.877,1.0,700.656,515.684,1.0,845.765,349.671,1.0,845.742,339.638,1.0,838.485,349.665,1.0,828.993,360.707,1.0,819.716,362.511,1.0,,,,,,,,,,,,,,,,613.547,416.668,1.0,618.388,424.378,1.0,616.094,430.045,1.0,618.226,442.15,1.0,619.406,446.088,1.0
541,803.633,71.492,1.0,796.846,73.861,1.0,785.265,68.799,1.0,776.357,67.464,1.0,771.634,74.899,1.0,682.085,493.16,1.0,685.954,500.642,1.0,688.837,505.675,1.0,692.313,513.528,1.0,700.067,516.595,1.0,845.765,349.671,1.0,845.141,339.638,1.0,838.319,350.222,1.0,828.901,360.707,1.0,819.716,362.511,1.0,,,,,,,,,,,,,,,,621.642,416.668,1.0,618.473,425.212,1.0,616.08,430.045,1.0,618.226,442.15,1.0,619.302,446.839,1.0
542,804.778,71.492,1.0,798.84,74.295,1.0,787.467,68.799,1.0,778.467,67.204,1.0,772.5,74.494,1.0,680.368,487.372,1.0,684.35,493.781,1.0,689.74,501.17,1.0,692.09,513.528,1.0,699.653,518.727,1.0,845.765,348.187,1.0,842.336,339.638,1.0,838.319,350.271,1.0,828.901,360.707,1.0,819.716,362.511,1.0,,,,,,,,,,,,,,,,629.268,417.805,1.0,623.879,425.274,1.0,616.016,429.381,1.0,616.779,441.217,1.0,619.302,446.839,1.0
543,806.193,72.198,1.0,799.909,74.315,1.0,790.458,68.799,1.0,780.06,66.896,1.0,773.866,67.714,1.0,680.324,487.034,1.0,683.573,493.591,1.0,689.74,501.17,1.0,691.841,513.396,1.0,699.607,518.727,1.0,845.765,349.671,1.0,842.336,339.202,1.0,838.035,350.263,1.0,828.901,360.707,1.0,819.716,362.643,1.0,,,,,,,,,,,,,,,,633.712,417.886,1.0,623.879,425.274,1.0,616.016,428.748,1.0,616.732,440.557,1.0,619.406,446.839,1.0
544,806.285,73.936,1.0,800.595,75.243,1.0,791.405,68.799,1.0,780.06,66.666,1.0,773.866,65.879,1.0,680.324,486.949,1.0,683.492,493.533,1.0,689.74,501.17,1.0,691.841,510.883,1.0,699.485,518.727,1.0,844.368,349.481,1.0,842.336,338.729,1.0,838.035,350.289,1.0,828.901,360.707,1.0,819.716,362.643,1.0,,,,,,,,,,,,,,,,634.151,418.151,1.0,623.879,425.212,1.0,616.016,428.159,1.0,616.456,439.938,1.0,619.769,446.715,1.0
545,809.413,73.936,1.0,800.916,75.243,1.0,791.562,68.719,1.0,780.06,66.242,1.0,773.866,65.475,1.0,680.368,486.301,1.0,683.088,493.229,1.0,685.673,501.17,1.0,690.35,508.706,1.0,699.306,517.959,1.0,847.175,348.161,1.0,842.97,340.037,1.0,838.035,350.305,1.0,828.901,361.487,1.0,820.781,362.678,1.0,,,,,,,,,,,,,,,,634.151,418.151,1.0,621.234,424.832,1.0,616.906,426.993,1.0,615.724,438.561,1.0,621.034,445.908,1.0
546,809.413,74.113,1.0,801.594,75.528,1.0,791.599,68.541,1.0,780.06,66.242,1.0,773.866,64.809,1.0,680.368,485.577,1.0,682.824,492.643,1.0,684.938,500.852,1.0,690.35,507.448,1.0,698.283,516.782,1.0,847.175,349.481,1.0,844.767,340.037,1.0,838.035,350.289,1.0,829.97,361.681,1.0,820.379,362.874,1.0,,,,,,,,,,,,,,,,636.36,418.224,1.0,621.234,424.832,1.0,617.112,426.512,1.0,615.686,438.554,1.0,621.38,445.528,1.0
547,809.492,74.228,1.0,801.739,75.528,1.0,791.599,68.38,1.0,780.06,66.242,1.0,773.866,64.212,1.0,679.376,478.447,1.0,682.664,490.482,1.0,684.279,499.629,1.0,687.991,503.26,1.0,691.153,513.236,1.0,844.368,351.548,1.0,845.003,343.409,1.0,838.035,350.289,1.0,828.486,361.681,1.0,819.463,362.874,1.0,,,,,,,,,,,,,,,,636.36,419.323,1.0,621.234,424.832,1.0,617.323,426.477,1.0,615.541,437.775,1.0,622.028,444.664,1.0
548,810.324,74.113,1.0,801.969,68.289,1.0,793.199,68.38,1.0,781.612,66.325,1.0,774.912,64.073,1.0,679.376,476.012,1.0,681.117,487.589,1.0,683.442,498.192,1.0,687.33,500.206,1.0,690.146,512.317,1.0,844.368,355.023,1.0,845.003,348.015,1.0,838.618,350.545,1.0,828.837,361.487,1.0,820.379,364.113,1.0,,,,,,,,,,,,,,,,636.319,421.84,1.0,622.728,425.756,1.0,618.404,422.777,1.0,613.991,434.809,1.0,624.584,443.65,1.0
549,812.186,73.419,1.0,805.696,67.858,1.0,795.368,68.38,1.0,784.099,66.926,1.0,775.991,63.791,1.0,679.308,475.78,1.0,680.58,487.177,1.0,683.442,497.915,1.0,686.962,500.206,1.0,689.74,511.886,1.0,841.164,362.96,1.0,844.767,354.177,1.0,838.971,350.996,1.0,828.837,359.203,1.0,820.781,365.187,1.0,,,,,,,,,,,,,,,,635.227,421.84,1.0,623.518,425.772,1.0,618.939,422.777,1.0,613.99,434.809,1.0,624.882,443.517,1.0
550,814.638,73.419,1.0,808.161,68.031,1.0,797.223,69.801,1.0,784.451,67.781,1.0,776.37,63.745,1.0,679.254,475.78,1.0,680.396,486.908,1.0,683.379,497.607,1.0,686.911,500.206,1.0,689.6,511.56,1.0,840.356,363.461,1.0,843.592,359.899,1.0,839.043,354.471,1.0,828.783,356.041,1.0,821.949,366.047,1.0,,,,,,,,,,,,,,,,635.596,421.84,1.0,623.76,425.772,1.0,619.32,422.777,1.0,613.468,434.662,1.0,624.882,443.517,1.0
551,814.838,73.419,1.0,808.294,67.858,1.0,797.337,69.801,1.0,784.451,68.086,1.0,776.37,63.745,1.0,678.796,475.78,1.0,679.277,484.56,1.0,683.191,494.953,1.0,685.663,502.481,1.0,686.5,511.178,1.0,840.356,364.758,1.0,843.592,359.899,1.0,839.659,354.471,1.0,828.783,355.837,1.0,822.07,366.441,1.0,,,,,,,,,,,,,,,,635.596,420.709,1.0,624.507,425.772,1.0,619.857,422.777,1.0,612.713,434.242,1.0,624.584,443.65,1.0
552,814.838,73.419,1.0,808.444,68.031,1.0,797.567,70.037,1.0,784.451,68.086,1.0,776.77,63.745,1.0,675.25,478.473,1.0,679.0,484.546,1.0,683.184,490.629,1.0,682.268,502.481,1.0,686.229,509.514,1.0,840.356,364.939,1.0,843.592,359.899,1.0,840.006,354.471,1.0,828.837,355.782,1.0,822.151,366.648,1.0,,,,,,,,,,,,,,,,635.596,419.709,1.0,624.684,425.772,1.0,620.457,422.783,1.0,612.713,432.831,1.0,622.312,444.518,1.0
553,814.838,73.485,1.0,808.294,68.031,1.0,797.567,70.205,1.0,785.449,68.086,1.0,777.423,63.745,1.0,675.25,478.493,1.0,678.693,483.076,1.0,683.184,488.922,1.0,681.872,502.481,1.0,686.162,508.722,1.0,841.259,365.936,1.0,843.638,361.073,1.0,842.861,349.859,1.0,828.845,355.782,1.0,822.151,366.817,1.0,,,,,,,,,,,,,,,,638.19,416.967,1.0,627.189,425.578,1.0,621.312,423.022,1.0,613.312,432.213,1.0,622.312,444.518,1.0
554,815.248,73.749,1.0,808.294,68.117,1.0,797.687,70.233,1.0,785.592,68.397,1.0,777.476,63.745,1.0,675.18,478.493,1.0,678.595,482.794,1.0,683.033,488.771,1.0,681.767,501.836,1.0,686.162,508.501,1.0,841.662,366.619,1.0,843.638,361.073,1.0,843.079,349.859,1.0,828.845,355.782,1.0,822.206,367.438,1.0,,,,,,,,,,,,,,,,643.249,414.867,1.0,635.069,424.265,1.0,623.2,423.022,1.0,613.312,432.213,1.0,622.312,444.518,1.0
555,817.289,75.424,1.0,807.909,71.121,1.0,800.147,72.803,1.0,789.04,69.177,1.0,778.425,65.314,1.0,675.004,478.473,1.0,678.585,482.526,1.0,682.817,488.704,1.0,680.946,500.539,1.0,686.229,506.957,1.0,842.381,367.491,1.0,843.638,361.073,1.0,843.088,349.859,1.0,828.845,355.882,1.0,822.151,367.835,1.0,,,,,,,,,,,,,,,,643.722,414.631,1.0,635.175,423.956,1.0,623.736,423.253,1.0,613.39,431.536,1.0,622.713,440.811,1.0
556,817.781,76.04,1.0,807.909,71.121,1.0,800.183,73.261,1.0,789.136,69.258,1.0,778.738,65.948,1.0,672.643,472.031,1.0,674.572,474.238,1.0,682.457,486.477,1.0,679.162,492.31,1.0,688.106,504.251,1.0,842.669,370.799,1.0,843.638,364.491,1.0,843.249,351.559,1.0,828.619,356.082,1.0,822.032,367.835,1.0,,,,,,,,,,,,,,,,644.222,414.421,1.0,635.574,423.956,1.0,623.736,423.318,1.0,613.443,431.435,1.0,622.845,440.245,1.0
557,817.929,76.423,1.0,807.909,71.121,1.0,800.328,73.999,1.0,789.362,69.552,1.0,778.843,65.951,1.0,670.395,467.152,1.0,673.068,471.615,1.0,682.352,482.285,1.0,678.518,488.463,1.0,688.53,501.567,1.0,842.727,381.142,1.0,843.638,365.073,1.0,843.249,353.233,1.0,828.435,356.082,1.0,822.032,367.835,1.0,,,,,,,,,,,,,,,,644.222,413.816,1.0,635.967,423.926,1.0,623.736,423.434,1.0,613.443,431.435,1.0,622.845,440.239,1.0
558,818.22,76.622,1.0,809.056,71.121,1.0,800.486,74.146,1.0,790.295,69.764,1.0,779.944,66.517,1.0,670.317,463.865,1.0,672.443,470.375,1.0,682.181,481.591,1.0,678.294,487.914,1.0,688.669,501.027,1.0,843.119,381.142,1.0,843.59,365.121,1.0,843.249,353.315,1.0,827.434,356.113,1.0,822.032,367.531,1.0,,,,,,,,,,,,,,,,644.461,413.816,1.0,636.747,423.743,1.0,624.079,423.538,1.0,614.962,429.298,1.0,622.713,439.435,1.0
559,818.816,76.777,1.0,810.341,71.247,1.0,802.733,74.146,1.0,791.184,69.764,1.0,781.465,66.731,1.0,670.317,463.845,1.0,672.32,470.132,1.0,682.181,481.091,1.0,677.921,487.914,1.0,688.53,500.83,1.0,843.521,380.783,1.0,844.21,365.121,1.0,842.408,354.159,1.0,827.248,356.113,1.0,821.89,367.451,1.0,,,,,,,,,,,,,,,,648.932,413.816,1.0,639.846,423.032,1.0,624.467,424.424,1.0,615.632,426.912,1.0,622.131,438.429,1.0
560,818.859,76.931,1.0,810.368,71.469,1.0,802.961,74.146,1.0,792.421,69.258,1.0,781.735,66.731,1.0,669.696,463.078,1.0,672.32,469.253,1.0,681.695,480.933,1.0,678.294,487.452,1.0,688.53,499.465,1.0,844.235,380.783,1.0,844.403,365.194,1.0,841.687,355.245,1.0,827.248,356.113,1.0,822.032,367.172,1.0,,,,,,,,,,,,,,,,650.799,415.991,1.0,641.968,422.18,1.0,628.299,424.558,1.0,616.02,426.912,1.0,621.83,437.793,1.0
561,818.96,77.19,1.0,811.069,71.469,1.0,803.341,73.993,1.0,793.11,69.764,1.0,781.853,66.517,1.0,669.373,462.942,1.0,672.443,469.253,1.0,676.498,479.54,1.0,678.483,485.218,1.0,685.472,491.782,1.0,844.235,381.142,1.0,847.008,368.543,1.0,841.687,355.967,1.0,827.434,356.534,1.0,822.074,367.021,1.0,,,,,,,,,,,,,,,,650.896,416.033,1.0,642.491,421.832,1.0,629.154,424.558,1.0,616.459,426.912,1.0,621.227,437.319,1.0
562,819.048,77.257,1.0,811.278,71.584,1.0,803.918,73.536,1.0,794.479,69.792,1.0,787.479,66.517,1.0,669.131,462.942,1.0,676.327,469.253,1.0,671.807,477.215,1.0,678.126,483.58,1.0,684.316,490.623,1.0,849.382,382.512,1.0,849.0,371.315,1.0,841.687,360.581,1.0,828.309,356.584,1.0,822.487,366.195,1.0,,,,,,,,,,,,,,,,651.558,416.063,1.0,643.777,420.69,1.0,631.032,424.599,1.0,616.562,427.793,1.0,620.157,436.888,1.0
563,826.562,77.849,1.0,816.919,71.73,1.0,805.494,73.536,1.0,796.259,69.986,1.0,788.178,66.967,1.0,668.936,461.855,1.0,676.327,469.137,1.0,671.617,476.595,1.0,678.126,483.302,1.0,683.847,490.591,1.0,849.517,384.121,1.0,849.108,372.814,1.0,843.778,361.013,1.0,831.776,356.914,1.0,822.609,361.981,1.0,,,,,,,,,,,,,,,,651.558,416.033,1.0,643.777,420.69,1.0,631.15,424.613,1.0,616.777,427.894,1.0,620.157,436.689,1.0
564,827.615,78.551,1.0,819.298,72.186,1.0,809.113,73.536,1.0,799.234,73.619,1.0,791.201,68.58,1.0,668.936,461.776,1.0,676.327,468.799,1.0,671.617,476.273,1.0,678.126,482.984,1.0,683.561,490.324,1.0,849.517,384.909,1.0,849.129,374.231,1.0,844.175,363.584,1.0,834.65,358.739,1.0,822.609,357.111,1.0,,,,,,,,,,,,,,,,651.558,416.033,1.0,643.777,420.69,1.0,631.15,424.613,1.0,616.777,427.894,1.0,620.157,436.401,1.0
565,827.755,78.653,1.0,819.982,72.851,1.0,810.971,75.487,1.0,799.994,73.87,1.0,792.374,68.659,1.0,668.707,461.564,1.0,675.314,468.028,1.0,671.751,472.738,1.0,677.351,480.069,1.0,682.896,490.272,1.0,849.517,384.909,1.0,849.428,374.247,1.0,844.482,364.108,1.0,835.176,359.076,1.0,822.487,354.073,1.0,,,,,,,,,,,,,,,,651.237,416.033,1.0,643.61,420.807,1.0,631.15,424.657,1.0,616.777,427.988,1.0,620.186,436.401,1.0
566,827.755,78.905,1.0,821.127,73.547,1.0,811.146,75.528,1.0,800.196,73.87,1.0,793.444,68.803,1.0,667.054,459.278,1.0,673.182,464.828,1.0,671.617,469.233,1.0,676.911,478.587,1.0,679.921,490.119,1.0,848.939,384.909,1.0,850.399,374.401,1.0,844.482,364.485,1.0,836.94,359.501,1.0,822.487,354.073,1.0,,,,,,,,,,,,,,,,638.836,416.112,1.0,638.149,421.103,1.0,624.172,424.613,1.0,616.562,428.203,1.0,620.186,436.689,1.0
567,828.459,79.039,1.0,821.209,73.563,1.0,811.273,75.77,1.0,800.196,74.184,1.0,793.498,68.896,1.0,663.544,454.807,1.0,668.977,462.448,1.0,671.243,468.351,1.0,676.651,475.783,1.0,677.392,486.433,1.0,848.939,384.858,1.0,850.399,374.247,1.0,844.482,364.987,1.0,836.963,359.914,1.0,823.161,354.073,1.0,,,,,,,,,,,,,,,,634.834,426.893,1.0,638.149,422.111,1.0,624.172,423.853,1.0,615.438,428.299,1.0,620.186,436.689,1.0
568,828.831,79.047,1.0,821.439,73.605,1.0,812.083,75.77,1.0,800.946,74.184,1.0,793.564,69.385,1.0,663.544,454.775,1.0,668.774,462.062,1.0,671.243,468.162,1.0,676.528,475.529,1.0,677.191,486.401,1.0,848.939,384.581,1.0,850.399,374.401,1.0,844.482,365.737,1.0,837.14,360.556,1.0,823.161,354.771,1.0,,,,,,,,,,,,,,,,634.08,426.893,1.0,638.149,423.139,1.0,623.659,423.839,1.0,615.438,428.203,1.0,620.186,436.649,1.0
569,830.624,80.282,1.0,821.632,74.864,1.0,812.577,75.528,1.0,802.445,73.485,1.0,793.574,69.916,1.0,663.303,454.242,1.0,668.473,462.048,1.0,670.432,467.347,1.0,676.479,475.529,1.0,675.883,483.529,1.0,849.258,384.581,1.0,847.581,374.926,1.0,844.482,367.542,1.0,838.067,360.584,1.0,826.641,354.771,1.0,,,,,,,,,,,,,,,,632.317,426.893,1.0,639.328,423.139,1.0,623.659,422.818,1.0,615.058,429.59,1.0,619.972,437.429,1.0
570,830.951,80.938,1.0,822.341,76.015,1.0,812.956,75.528,1.0,805.036,73.485,1.0,794.717,71.541,1.0,663.197,453.929,1.0,667.908,460.775,1.0,669.572,466.005,1.0,674.669,475.783,1.0,674.257,481.042,1.0,851.31,384.581,1.0,847.581,375.052,1.0,846.66,370.331,1.0,838.159,361.461,1.0,829.426,355.011,1.0,,,,,,,,,,,,,,,,,,0.0,639.328,423.139,1.0,624.392,422.818,1.0,614.472,430.61,1.0,619.637,437.988,1.0
571,831.499,81.092,1.0,822.417,76.462,1.0,815.007,75.77,1.0,806.28,74.184,1.0,796.3,71.828,1.0,662.098,451.531,1.0,665.434,454.701,1.0,666.913,466.005,1.0,672.371,476.026,1.0,671.939,480.062,1.0,853.475,385.478,1.0,847.581,376.268,1.0,846.708,370.534,1.0,838.306,361.961,1.0,830.117,355.592,1.0,,,,,,,,,,,,,,,,,,0.0,639.328,423.139,1.0,624.392,422.818,1.0,614.43,430.547,1.0,618.644,438.056,1.0
572,833.111,82.137,1.0,824.577,80.472,1.0,817.964,77.909,1.0,807.236,75.152,1.0,802.051,72.131,1.0,658.681,451.031,1.0,665.258,454.636,1.0,666.894,465.758,1.0,668.96,476.163,1.0,671.692,478.04,1.0,855.768,387.659,1.0,849.738,378.167,1.0,847.977,371.705,1.0,839.235,362.62,1.0,830.945,355.592,1.0,,,,,,,,,,,,,,,,,,0.0,633.565,418.892,1.0,623.659,422.677,1.0,614.43,430.679,1.0,617.919,439.076,1.0
573,833.13,82.732,1.0,824.907,80.472,1.0,818.243,77.909,1.0,807.984,75.152,1.0,802.165,72.222,1.0,658.58,449.524,1.0,665.101,454.149,1.0,666.483,465.758,1.0,668.919,476.163,1.0,671.692,477.827,1.0,855.86,387.659,1.0,850.02,378.167,1.0,847.977,372.035,1.0,839.596,362.689,1.0,831.133,355.592,1.0,,,,,,,,,,,,,,,,,,0.0,633.118,418.892,1.0,623.657,422.677,1.0,614.43,430.679,1.0,617.708,439.493,1.0
574,833.177,82.741,1.0,825.023,80.637,1.0,818.444,77.997,1.0,808.294,75.152,1.0,802.194,72.131,1.0,658.47,449.524,1.0,664.471,454.149,1.0,666.004,465.758,1.0,668.486,476.026,1.0,671.692,477.513,1.0,856.438,387.854,1.0,850.103,378.194,1.0,847.977,372.338,1.0,839.596,363.26,1.0,831.194,356.903,1.0,,,,,,,,,,,,,,,,,,0.0,633.118,418.892,1.0,623.657,422.962,1.0,615.822,430.629,1.0,617.708,439.493,1.0
575,833.407,83.093,1.0,825.061,80.753,1.0,818.782,78.258,1.0,808.479,75.084,1.0,802.621,72.131,1.0,658.681,449.191,1.0,664.108,452.391,1.0,666.004,463.059,1.0,667.094,473.742,1.0,670.243,476.854,1.0,856.541,387.954,1.0,850.481,378.312,1.0,847.977,373.309,1.0,839.656,363.734,1.0,831.243,357.951,1.0,,,,,,,,,,,,,,,,,,0.0,633.118,420.143,1.0,623.657,423.031,1.0,616.196,430.547,1.0,617.919,439.493,1.0
576,833.75,83.093,1.0,826.284,81.353,1.0,820.131,78.258,1.0,811.059,75.084,1.0,805.278,72.131,1.0,660.053,,0.0,668.523,,0.0,663.689,457.858,1.0,665.301,465.324,1.0,670.205,471.38,1.0,857.705,390.241,1.0,850.782,380.85,1.0,847.977,374.487,1.0,839.656,365.309,1.0,832.205,360.231,1.0,,,,,,,,,,,,,,,,634.343,431.974,1.0,633.118,420.143,1.0,627.027,422.677,1.0,621.754,427.673,1.0,618.25,436.931,1.0
577,837.049,83.398,1.0,829.986,82.887,1.0,821.757,77.487,1.0,813.278,75.084,1.0,806.586,71.387,1.0,661.055,440.61,1.0,,,0.0,663.689,457.12,1.0,665.301,464.483,1.0,670.205,470.453,1.0,858.401,397.501,1.0,853.734,383.501,1.0,849.42,375.141,1.0,838.561,366.55,1.0,834.028,361.978,1.0,,,,,,,,,,,,,,,,,,0.0,,,1.0,627.121,423.713,1.0,621.754,427.673,1.0,619.696,436.505,1.0
578,838.946,83.398,1.0,832.622,83.434,1.0,824.362,76.737,1.0,813.738,76.113,1.0,806.671,71.383,1.0,,442.073,1.0,668.523,,1.0,663.689,456.472,1.0,665.249,464.483,1.0,669.896,470.453,1.0,858.818,397.501,1.0,854.471,385.267,1.0,849.658,375.586,1.0,838.077,367.609,1.0,835.237,362.568,1.0,,,,,,,,,,,,,,,,,,0.0,,,0.0,627.121,423.713,1.0,621.933,426.946,1.0,619.802,436.386,1.0
579,840.306,81.511,1.0,833.402,83.663,1.0,824.362,76.737,1.0,813.789,76.406,1.0,807.456,71.387,1.0,660.828,442.073,0.0,,449.199,0.0,664.035,457.12,1.0,665.249,464.622,1.0,670.205,470.469,1.0,858.818,397.58,1.0,854.72,385.335,1.0,849.658,375.708,1.0,838.077,367.632,1.0,835.308,362.889,1.0,,,,,,,,,,,,,,,,658.843,442.419,1.0,667.701,447.824,1.0,627.027,423.713,1.0,621.933,427.673,1.0,619.802,436.356,1.0
580,841.046,80.984,1.0,833.411,83.814,1.0,824.362,76.737,1.0,814.405,76.489,1.0,808.083,71.941,1.0,660.828,450.627,1.0,668.061,450.583,1.0,666.102,456.355,1.0,665.013,464.483,1.0,670.246,470.469,1.0,859.105,397.58,1.0,854.918,385.796,1.0,849.658,375.89,1.0,838.077,367.669,1.0,835.719,362.889,1.0,,,,,,,,,,,,,,,,,,0.0,,,0.0,626.289,423.713,1.0,621.595,428.995,1.0,620.029,436.356,1.0
581,841.674,81.511,1.0,833.642,84.08,1.0,824.702,76.823,1.0,814.454,76.63,1.0,808.296,71.941,1.0,651.8,450.627,1.0,665.455,450.453,1.0,666.102,456.277,1.0,664.144,464.483,1.0,670.246,471.175,1.0,859.105,397.536,1.0,855.103,385.956,1.0,847.483,375.892,1.0,839.008,367.79,1.0,835.988,362.568,1.0,,,,,,,,,,,,,,,,,,0.0,,,0.0,625.611,425.123,1.0,621.032,428.995,1.0,620.029,436.505,1.0
582,841.764,81.511,1.0,834.387,84.523,1.0,824.702,77.506,1.0,814.788,76.707,1.0,808.319,73.076,1.0,648.849,450.627,1.0,660.673,449.576,1.0,666.102,456.249,1.0,663.618,464.202,1.0,669.839,471.191,1.0,859.105,397.475,1.0,856.078,386.223,1.0,847.483,377.106,1.0,839.284,369.124,1.0,838.375,362.889,1.0,,,,,,,,,,,,,,,,,,0.0,627.527,435.043,1.0,623.956,425.18,1.0,623.734,,1.0,620.39,436.884,1.0
583,843.548,82.261,1.0,836.66,86.229,1.0,827.674,79.223,1.0,819.021,76.707,1.0,811.264,76.302,1.0,637.96,450.627,1.0,659.913,449.576,1.0,665.322,452.573,1.0,663.618,460.664,1.0,670.058,471.191,1.0,859.105,396.783,1.0,857.677,388.012,1.0,847.483,378.528,1.0,840.17,371.08,1.0,839.097,363.578,1.0,,,,,,,,,,,,,,,,,,0.0,624.453,435.025,1.0,622.335,427.974,1.0,625.583,,0.0,620.215,437.772,1.0
584,846.363,82.772,1.0,839.058,87.017,1.0,832.086,81.92,1.0,820.903,76.707,1.0,812.976,76.555,1.0,637.584,450.648,1.0,658.187,449.576,1.0,664.097,452.019,1.0,663.286,460.392,1.0,670.058,471.308,1.0,862.431,396.783,1.0,857.734,388.89,1.0,850.783,383.716,1.0,842.402,375.164,1.0,841.889,365.027,1.0,,,,,,,,,,,,,,,,,,0.0,624.241,434.81,1.0,622.281,428.522,1.0,625.976,427.342,1.0,620.049,443.369,1.0
585,847.415,84.183,1.0,840.022,87.616,1.0,832.521,82.458,1.0,821.276,76.845,1.0,813.307,76.65,1.0,637.403,450.921,1.0,657.783,449.557,1.0,663.425,451.973,1.0,662.288,457.426,1.0,670.058,471.191,1.0,863.487,395.889,1.0,857.849,389.221,1.0,850.913,384.3,1.0,842.685,375.358,1.0,841.889,365.084,1.0,,,,,,,,,,,,,,,,,,0.0,623.866,434.81,1.0,622.281,429.176,1.0,625.583,427.342,1.0,620.049,443.369,1.0
586,847.582,84.183,1.0,840.358,87.616,1.0,832.86,82.582,1.0,821.932,76.707,1.0,813.397,76.691,1.0,635.679,450.921,1.0,638.052,444.417,1.0,661.996,451.232,1.0,662.99,457.426,1.0,675.085,470.853,1.0,863.498,395.307,1.0,857.929,389.61,1.0,851.099,384.513,1.0,842.786,375.358,1.0,841.91,365.467,1.0,,,,,,,,,,,,,,,,,,0.0,,,0.0,622.335,429.707,1.0,624.954,426.297,1.0,620.049,437.772,1.0
587,847.583,84.251,1.0,840.358,87.704,1.0,832.86,82.601,1.0,822.138,76.845,1.0,813.397,76.98,1.0,633.624,451.09,1.0,635.202,443.521,1.0,661.567,451.232,1.0,662.855,455.249,1.0,676.163,468.79,1.0,863.8,395.048,1.0,857.993,389.62,1.0,851.662,384.513,1.0,842.922,375.164,1.0,841.889,365.944,1.0,,,,,,,,,,,,,,,,,,0.0,,,0.0,627.898,430.33,1.0,624.642,426.297,1.0,616.689,435.049,1.0
588,847.68,84.251,1.0,840.39,87.704,1.0,832.86,82.702,1.0,822.241,76.976,1.0,813.92,77.131,1.0,633.014,451.237,1.0,635.202,443.521,1.0,661.417,451.232,1.0,662.288,454.236,1.0,676.183,468.4,1.0,864.237,395.307,1.0,857.993,389.689,1.0,852.006,384.802,1.0,847.637,375.164,1.0,841.91,366.818,1.0,,,,,,,,,,,,,,,,,,0.0,,,0.0,627.898,431.303,1.0,624.636,426.229,1.0,616.329,427.114,1.0
589,848.074,87.732,1.0,840.39,88.696,1.0,833.011,84.401,1.0,824.781,79.532,1.0,817.252,77.088,1.0,632.921,451.237,1.0,637.28,443.843,1.0,661.412,451.232,1.0,661.777,453.982,1.0,676.163,468.309,1.0,864.237,395.307,1.0,858.235,389.881,1.0,852.336,385.851,1.0,848.086,375.805,1.0,842.014,366.997,1.0,,,,,,,,,,,,,,,,,,0.0,,,0.0,627.898,431.303,1.0,624.462,426.219,1.0,616.31,427.114,1.0
590,849.41,88.22,1.0,841.876,88.696,1.0,836.007,84.579,1.0,826.551,79.532,1.0,818.522,77.329,1.0,632.675,451.237,1.0,636.672,443.843,1.0,661.412,451.232,1.0,661.777,453.982,1.0,676.163,468.017,1.0,869.746,400.634,1.0,861.351,392.408,1.0,855.321,388.162,1.0,848.705,381.823,1.0,843.477,371.26,1.0,,,,,,,,,,,,,,,,,,0.0,,,0.0,627.202,431.303,1.0,624.462,426.03,1.0,616.226,426.215,1.0
591,849.667,90.559,1.0,844.248,88.696,1.0,836.711,85.153,1.0,828.113,79.532,1.0,819.824,77.329,1.0,632.675,448.897,1.0,637.28,443.843,1.0,659.269,451.291,1.0,660.671,454.071,1.0,675.501,467.411,1.0,870.383,401.645,1.0,861.479,393.666,1.0,855.335,389.338,1.0,849.309,383.397,1.0,843.772,373.267,1.0,,,,,,,,,,,,,,,,,,0.0,,,0.0,626.896,429.435,1.0,,425.489,1.0,615.565,426.788,1.0
592,849.667,90.714,1.0,844.529,84.139,1.0,837.089,85.347,1.0,828.274,79.373,1.0,820.339,77.282,1.0,632.652,448.293,1.0,637.28,443.843,1.0,657.676,450.523,1.0,660.671,454.216,1.0,675.063,467.289,1.0,870.383,405.074,1.0,861.479,397.373,1.0,855.844,391.03,1.0,850.079,385.14,1.0,843.958,375.218,1.0,,,,,,,,,,,,,,,,,,,,,,,,,624.428,,,,426.788,
593,849.669,91.164,1.0,845.063,83.942,1.0,837.115,85.406,1.0,828.601,79.373,1.0,820.339,77.148,1.0,632.652,448.293,1.0,637.28,443.843,1.0,652.132,448.696,1.0,659.98,454.071,1.0,674.777,467.215,1.0,870.383,405.074,1.0,861.351,397.52,1.0,855.991,391.358,1.0,850.39,385.819,1.0,844.021,375.695,1.0,,,,,,,,,,,,,,,,,,0.0,,,0.0,625.361,,1.0,624.428,,1.0,615.057,,1.0
594,849.833,91.459,1.0,845.136,83.679,1.0,837.292,85.523,1.0,829.495,79.373,1.0,820.435,77.254,1.0,632.652,448.293,1.0,637.421,444.665,1.0,625.149,431.269,1.0,659.644,454.216,1.0,673.646,464.504,1.0,870.202,405.074,1.0,861.351,397.52,1.0,855.991,391.508,1.0,850.618,386.099,1.0,844.049,376.048,1.0,,,,,,,,,,,,,,,,,,,,,,,431.924,,,429.682,,,431.383,
595,852.061,92.744,1.0,846.875,83.942,1.0,838.566,85.534,1.0,831.584,80.404,1.0,820.566,77.254,1.0,633.224,452.809,1.0,640.727,446.243,1.0,624.587,431.733,1.0,659.297,454.216,1.0,669.226,459.61,1.0,870.202,405.869,1.0,861.479,397.54,1.0,855.991,391.536,1.0,850.618,386.473,1.0,844.082,376.048,1.0,,,,,,,,,,,,,,,,,,0.0,,,0.0,623.517,431.924,1.0,623.6,429.682,1.0,614.829,431.383,1.0
596,858.269,93.071,1.0,852.062,84.139,1.0,842.387,85.744,1.0,833.299,82.6,1.0,825.093,77.282,1.0,633.224,452.809,1.0,640.727,446.243,1.0,624.379,431.733,1.0,658.812,454.951,1.0,669.078,458.778,1.0,870.202,405.067,1.0,864.928,397.52,1.0,855.991,391.536,1.0,851.062,386.498,1.0,845.734,376.375,1.0,,,,,,,,,,,,,,,,,,,,,,,,,,,,,,
597,859.257,93.373,1.0,853.571,84.238,1.0,843.65,86.436,1.0,836.173,82.79,1.0,827.001,79.004,1.0,633.224,452.809,1.0,640.727,446.243,1.0,624.379,432.373,1.0,657.599,457.708,1.0,668.507,458.769,1.0,874.34,404.192,1.0,865.101,395.039,1.0,856.551,391.688,1.0,853.964,387.316,1.0,845.804,376.546,1.0,,,,,,,,,,,,,,,,,,,,,,,,,,,,,,
598,859.257,93.075,1.0,854.059,84.35,1.0,843.85,86.77,1.0,836.262,83.07,1.0,827.001,79.004,1.0,616.645,446.474,1.0,626.769,444.344,1.0,624.379,432.373,1.0,654.654,458.009,1.0,667.533,458.437,1.0,875.71,398.778,1.0,868.12,395.039,1.0,860.258,393.206,1.0,853.978,389.353,1.0,848.098,376.546,1.0,,,,,,,,,,,,,,,,,,,,,,,,,,,,,,
599,859.276,93.433,1.0,854.648,84.814,1.0,844.223,86.824,1.0,836.697,83.472,1.0,827.381,79.108,1.0,615.987,445.54,1.0,626.148,444.034,1.0,624.826,432.895,1.0,651.115,458.009,1.0,659.263,456.439,1.0,877.364,398.421,1.0,869.185,393.606,1.0,861.686,393.511,1.0,855.667,390.295,1.0,848.099,378.675,1.0,,,,,,,,,,,,,,,,,,,,,,,,,,,,,,
600,859.749,93.481,1.0,854.899,84.952,1.0,844.368,86.836,1.0,836.838,83.743,1.0,827.492,79.256,1.0,615.985,445.474,1.0,625.833,443.489,1.0,638.456,443.906,1.0,651.187,458.009,1.0,657.133,454.471,1.0,877.944,398.421,1.0,870.718,393.401,1.0,861.686,393.511,1.0,855.547,390.295,1.0,848.111,379.008,1.0,,,,,,,,,,,,,,,,,,,,,,,,,,,,,,
601,860.295,93.433,1.0,855.105,86.207,1.0,847.427,88.023,1.0,837.841,85.167,1.0,828.76,79.108,1.0,615.663,445.54,1.0,626.148,443.841,1.0,638.456,443.906,1.0,651.115,458.009,1.0,657.079,454.471,1.0,877.944,398.264,1.0,870.718,393.401,1.0,861.686,393.547,1.0,855.547,390.295,1.0,848.128,379.008,1.0,,,,,,,,,,,,,,,,,,,,,,,,,,,,,,
602,862.828,93.151,1.0,855.351,87.449,1.0,847.68,88.564,1.0,838.732,85.181,1.0,830.111,78.732,1.0,615.592,445.54,1.0,626.148,443.489,1.0,638.456,443.906,1.0,650.783,457.956,1.0,656.404,454.471,1.0,877.944,397.785,1.0,870.718,392.806,1.0,861.686,393.547,1.0,855.547,390.295,1.0,848.128,377.892,1.0,,,,,,,,,,,,,,,,,,,,,,,,,,,,,,
603,862.831,93.151,1.0,855.351,89.006,1.0,848.078,88.675,1.0,838.873,85.246,1.0,834.237,79.6,1.0,615.484,446.916,1.0,625.833,442.917,1.0,638.253,443.786,1.0,649.584,457.177,1.0,656.919,456.377,1.0,872.654,397.785,1.0,866.952,392.806,1.0,859.24,393.511,1.0,854.271,386.081,1.0,848.111,377.892,1.0,,,,,,,,,,,,,,,,,,,,,,,,,,,,,,
604,862.831,92.359,1.0,856.134,89.08,1.0,849.265,89.02,1.0,839.224,85.246,1.0,834.858,79.6,1.0,615.345,451.195,1.0,625.833,442.256,1.0,635.665,443.439,1.0,627.069,428.683,1.0,656.919,456.897,1.0,862.357,398.989,1.0,866.419,392.806,1.0,859.24,393.654,1.0,854.271,385.786,1.0,848.111,377.845,1.0,,,,,,,,,,,,,,,,,,,,,,,,,,,,,,
605,863.18,92.359,1.0,856.134,89.884,1.0,849.456,89.121,1.0,839.358,85.246,1.0,835.219,79.6,1.0,612.738,451.411,1.0,619.005,441.941,1.0,633.102,442.982,1.0,626.996,428.683,1.0,656.919,456.936,1.0,856.842,400.641,1.0,860.1,399.034,1.0,858.606,394.862,1.0,854.271,385.752,1.0,847.91,377.811,1.0,,,,,,,,,,,,,,,,,,,,,,,,,,,,,,
606,863.18,92.359,1.0,856.134,90.102,1.0,850.255,89.584,1.0,840.989,85.768,1.0,836.073,80.644,1.0,612.35,451.533,1.0,618.494,441.941,1.0,632.617,439.037,1.0,626.582,428.683,1.0,657.448,456.936,1.0,845.951,401.905,1.0,854.554,399.034,1.0,856.922,393.27,1.0,854.271,384.435,1.0,846.449,374.116,1.0,,,,,,,,,,,,,,,,,,,,,,,,,,,,,,
607,864.611,96.618,1.0,857.675,92.539,1.0,851.743,90.782,1.0,842.1,86.63,1.0,836.659,81.878,1.0,612.35,451.533,1.0,618.494,441.941,1.0,632.311,438.633,1.0,626.996,428.828,1.0,657.896,457.847,1.0,840.189,401.905,1.0,850.343,399.034,1.0,856.922,393.27,1.0,855.599,384.435,1.0,846.449,373.323,1.0,,,,,,,,,,,,,,,,,,,,,,,,,,,,,,
608,868.126,97.395,1.0,859.715,92.875,1.0,852.488,91.898,1.0,843.945,86.63,1.0,837.989,82.309,1.0,612.179,451.757,1.0,618.098,442.018,1.0,632.233,438.633,1.0,626.996,429.012,1.0,657.896,457.847,1.0,840.189,401.905,1.0,850.15,395.277,1.0,855.136,393.242,1.0,856.979,384.435,1.0,846.41,373.323,1.0,,,,,,,,,,,,,,,,,,,,,,,,,,,,,,
609,868.786,98.024,1.0,862.158,95.258,1.0,853.554,92.005,1.0,844.461,86.63,1.0,839.54,82.862,1.0,612.179,452.532,1.0,618.018,442.09,1.0,632.233,438.633,1.0,626.582,430.458,1.0,657.448,457.847,1.0,840.189,399.108,1.0,850.15,393.418,1.0,855.136,393.087,1.0,855.599,383.502,1.0,846.41,374.116,1.0,,,,,,,,,,,,,,,,,,,,,,,,,,,,,,
610,869.604,98.024,1.0,862.483,95.934,1.0,854.169,92.572,1.0,846.233,86.63,1.0,840.099,82.862,1.0,613.01,452.532,1.0,618.018,442.184,1.0,631.17,439.537,1.0,630.312,433.498,1.0,626.457,425.118,1.0,840.36,399.108,1.0,850.15,393.418,1.0,854.426,392.199,1.0,855.599,383.502,1.0,846.23,375.117,1.0,,,,,,,,,,,,,,,,,,,,,,,,,,,,,,
611,870.159,98.024,1.0,862.613,95.934,1.0,854.689,92.614,1.0,847.615,87.024,1.0,840.716,83.27,1.0,613.278,452.532,1.0,616.833,443.054,1.0,629.904,440.139,1.0,631.153,433.62,1.0,621.998,424.624,1.0,840.36,399.108,1.0,849.445,393.418,1.0,854.426,390.694,1.0,857.405,383.594,1.0,845.678,375.569,1.0,,,,,,,,,,,,,,,,,,,,,,,,,,,,,,
612,871.219,97.928,1.0,863.083,95.947,1.0,854.895,93.344,1.0,847.744,87.024,1.0,841.001,83.79,1.0,613.278,451.939,1.0,616.645,443.292,1.0,628.969,440.331,1.0,631.153,435.014,1.0,621.998,424.624,1.0,843.949,400.317,1.0,849.445,396.852,1.0,854.426,391.278,1.0,857.405,383.594,1.0,845.487,376.113,1.0,,,,,,,,,,,,,,,,,,,,,,,,,,,,,,
613,871.412,97.928,1.0,865.557,95.947,1.0,857.3,94.486,1.0,847.744,88.674,1.0,842.984,85.822,1.0,614.985,451.939,1.0,616.644,443.811,1.0,627.33,440.331,1.0,634.672,439.896,1.0,622.296,424.624,1.0,843.949,400.317,1.0,849.486,396.852,1.0,855.714,391.278,1.0,855.859,383.594,1.0,845.487,376.386,1.0,,,,,,,,,,,,,,,,,,,,,,,,,,,,,,
614,872.544,97.928,1.0,866.771,99.803,1.0,857.991,95.008,1.0,850.46,88.907,1.0,844.679,85.822,1.0,615.177,451.939,1.0,616.568,444.835,1.0,626.684,440.331,1.0,634.672,439.896,1.0,622.296,424.624,1.0,843.949,400.317,1.0,849.486,396.852,1.0,854.595,390.586,1.0,855.859,383.611,1.0,845.487,377.34,1.0,,,,,,,,,,,,,,,,,,,,,,,,,,,,,,
615,874.718,98.482,1.0,869.369,101.427,1.0,859.219,95.008,1.0,852.741,88.674,1.0,844.837,86.092,1.0,615.597,452.277,1.0,616.644,444.999,1.0,626.253,440.331,1.0,634.672,439.896,1.0,622.608,424.91,1.0,843.95,385.564,1.0,851.22,394.073,1.0,854.595,390.586,1.0,852.638,386.602,1.0,845.976,377.718,1.0,,,,,,,,,,,,,,,,,,,,,,,,,,,,,,
616,877.276,98.71,1.0,870.03,101.882,1.0,859.631,95.008,1.0,852.844,88.756,1.0,845.035,86.689,1.0,615.177,452.287,1.0,616.644,446.893,1.0,625.826,442.069,1.0,632.728,441.142,1.0,627.083,426.947,1.0,843.95,385.135,1.0,852.173,388.479,1.0,854.595,389.584,1.0,852.638,386.602,1.0,847.654,378.161,1.0,,,,,,,,,,,,,,,,,,,,,,,,,,,,,,
617,877.588,100.007,1.0,870.147,101.933,1.0,860.124,95.008,1.0,852.876,88.756,1.0,845.436,86.689,1.0,614.985,462.656,1.0,617.28,450.919,1.0,624.378,444.169,1.0,632.413,441.142,1.0,627.355,428.86,1.0,843.664,383.732,1.0,853.421,388.479,1.0,852.864,387.975,1.0,853.855,386.602,1.0,847.654,377.718,1.0,,,,,,,,,,,,,,,,,,,,,,,,,,,,,,
618,877.828,100.073,1.0,871.59,101.933,1.0,860.124,95.289,1.0,853.722,88.907,1.0,845.523,86.801,1.0,614.935,462.656,1.0,617.805,450.93,1.0,619.007,445.945,1.0,631.823,441.142,1.0,627.909,429.704,1.0,842.251,383.732,1.0,853.421,388.479,1.0,852.71,387.479,1.0,850.812,386.055,1.0,847.654,377.34,1.0,,,,,,,,,,,,,,,,,,,,,,,,,,,,,,
619,878.527,100.394,1.0,872.358,102.66,1.0,865.068,97.064,1.0,854.557,94.176,1.0,849.796,87.688,1.0,614.916,462.656,1.0,617.841,450.93,1.0,619.007,446.447,1.0,632.413,441.526,1.0,628.01,430.504,1.0,841.237,383.949,1.0,852.173,390.71,1.0,852.617,386.738,1.0,851.528,384.864,1.0,846.622,376.656,1.0,,,,,,,,,,,,,,,,,,,,,,,,,,,,,,
620,879.113,106.211,1.0,872.687,104.394,1.0,865.537,99.112,1.0,858.843,94.254,1.0,852.618,87.753,1.0,614.478,462.656,1.0,617.841,450.93,1.0,618.958,446.678,1.0,631.823,441.526,1.0,628.448,430.674,1.0,841.237,383.949,1.0,850.574,390.71,1.0,852.403,386.696,1.0,851.528,384.864,1.0,846.551,376.656,1.0,,,,,,,,,,,,,,,,,,,,,,,,,,,,,,
621,879.951,106.384,1.0,874.159,105.343,1.0,866.042,99.792,1.0,860.102,94.877,1.0,854.289,88.547,1.0,614.126,462.656,1.0,617.555,450.93,1.0,618.813,446.678,1.0,631.79,441.526,1.0,651.066,451.191,1.0,842.068,383.732,1.0,850.574,390.71,1.0,852.403,386.738,1.0,850.812,384.864,1.0,846.551,376.656,1.0,,,,,,,,,,,,,,,,,,,,,,,,,,,,,,
622,879.951,106.458,1.0,875.42,105.514,1.0,867.934,99.874,1.0,860.166,95.369,1.0,854.289,88.629,1.0,614.126,463.167,1.0,617.555,450.93,1.0,618.103,446.968,1.0,629.105,441.526,1.0,651.066,451.191,1.0,842.068,383.623,1.0,849.933,388.808,1.0,852.341,386.738,1.0,848.795,385.609,1.0,846.622,376.993,1.0,,,,,,,,,,,,,,,,,,,,,,,,,,,,,,
623,879.895,106.517,1.0,875.531,105.514,1.0,868.387,100.105,1.0,860.301,95.413,1.0,854.904,88.629,1.0,614.126,463.794,1.0,617.211,451.651,1.0,614.558,447.721,1.0,627.836,442.675,1.0,651.066,451.191,1.0,842.068,383.375,1.0,850.574,387.582,1.0,849.337,392.64,1.0,848.755,386.33,1.0,846.759,377.601,1.0,,,,,,,,,,,,,,,,,,,,,,,,,,,,,,
624,879.951,106.878,1.0,875.858,105.343,1.0,869.284,100.105,1.0,861.731,95.633,1.0,854.993,89.878,1.0,614.571,464.526,1.0,617.211,451.651,1.0,614.558,448.422,1.0,627.836,442.675,1.0,651.066,451.143,1.0,842.092,383.134,1.0,850.821,386.907,1.0,849.337,392.64,1.0,848.571,386.418,1.0,846.759,377.61,1.0,,,,,,,,,,,,,,,,,,,,,,,,,,,,,,
625,880.31,109.755,1.0,876.205,103.021,1.0,870.221,101.682,1.0,862.806,95.633,1.0,855.778,90.72,1.0,614.571,465.183,1.0,616.278,452.411,1.0,614.558,448.733,1.0,629.105,443.037,1.0,650.817,449.875,1.0,842.269,382.709,1.0,851.153,386.852,1.0,849.278,392.64,1.0,847.84,386.53,1.0,846.759,377.614,1.0,,,,,,,,,,,,,,,,,,,,,,,,,,,,,,
626,883.728,109.755,1.0,878.461,102.506,1.0,871.038,102.241,1.0,863.244,95.633,1.0,857.113,92.111,1.0,614.571,465.183,1.0,615.867,452.665,1.0,614.596,449.338,1.0,629.105,448.548,1.0,650.647,449.338,1.0,842.269,382.311,1.0,851.24,386.852,1.0,848.937,392.158,1.0,847.059,386.706,1.0,846.397,377.61,1.0,,,,,,,,,,,,,,,,,,,,,,,,,,,,,,
627,885.573,109.755,1.0,882.124,102.078,1.0,871.336,102.383,1.0,864.214,95.597,1.0,857.743,92.567,1.0,612.223,480.723,1.0,615.584,458.816,1.0,614.596,451.676,1.0,626.222,448.907,1.0,650.817,449.875,1.0,842.449,382.188,1.0,853.041,386.191,1.0,848.656,391.947,1.0,845.747,386.876,1.0,846.271,377.61,1.0,,,,,,,,,,,,,,,,,,,,,,,,,,,,,,
628,890.61,109.613,1.0,882.952,102.078,1.0,871.92,102.503,1.0,864.356,95.597,1.0,857.85,92.625,1.0,612.096,480.723,1.0,611.791,467.673,1.0,614.596,452.569,1.0,612.609,450.334,1.0,651.111,451.045,1.0,842.732,381.255,1.0,853.307,384.862,1.0,848.934,391.691,1.0,845.709,386.876,1.0,846.096,376.831,1.0,,,,,,,,,,,,,,,,,,,,,,,,,,,,,,
629,890.61,109.613,1.0,883.537,102.078,1.0,872.647,102.695,1.0,864.356,95.597,1.0,858.493,93.07,1.0,612.096,480.723,1.0,611.791,467.798,1.0,614.535,455.47,1.0,611.506,450.554,1.0,647.416,448.593,1.0,842.826,380.967,1.0,853.041,384.718,1.0,848.535,391.072,1.0,844.805,386.876,1.0,845.832,376.561,1.0,,,,,,,,,,,,,,,,,,,,,,,,,,,,,,
630,890.61,109.613,1.0,885.848,103.166,1.0,873.942,103.946,1.0,868.224,99.315,1.0,859.941,93.897,1.0,612.096,480.723,1.0,611.791,467.823,1.0,614.535,455.47,1.0,611.148,452.069,1.0,648.771,450.409,1.0,842.826,380.444,1.0,851.914,384.718,1.0,848.535,390.412,1.0,844.805,386.964,1.0,845.79,376.513,1.0,,,,,,,,,,,,,,,,,,,,,,,,,,,,,,
631,889.447,111.908,1.0,887.586,107.093,1.0,877.818,104.834,1.0,870.443,102.116,1.0,860.511,94.276,1.0,612.096,480.723,1.0,612.35,467.798,1.0,614.535,455.47,1.0,611.148,450.554,1.0,648.771,450.409,1.0,842.826,380.245,1.0,851.914,384.849,1.0,848.535,390.412,1.0,844.805,386.964,1.0,845.79,376.513,1.0,,,,,,,,,,,,,,,,,,,,,,,,,,,,,,
632,889.064,112.268,1.0,888.254,107.093,1.0,879.312,104.908,1.0,871.239,102.163,1.0,860.731,95.056,1.0,612.096,481.816,1.0,613.073,467.673,1.0,614.535,456.429,1.0,611.148,453.835,1.0,648.479,450.35,1.0,841.461,379.499,1.0,849.262,384.862,1.0,848.934,391.072,1.0,847.402,388.327,1.0,845.832,376.513,1.0,,,,,,,,,,,,,,,,,,,,,,,,,,,,,,
633,889.064,112.268,1.0,888.254,107.093,1.0,879.355,105.278,1.0,871.471,102.163,1.0,861.025,94.955,1.0,611.725,481.974,1.0,616.177,467.823,1.0,614.535,456.429,1.0,630.585,454.003,1.0,617.351,450.187,1.0,840.12,379.047,1.0,845.2,384.849,1.0,850.121,391.92,1.0,858.941,389.785,1.0,853.131,377.43,1.0,,,,,,,,,,,,,,,,,,,,,,,,,,,,,,
634,889.064,112.016,1.0,888.621,107.093,1.0,879.655,105.278,1.0,871.471,102.163,1.0,861.128,94.955,1.0,611.725,481.974,1.0,622.258,470.825,1.0,615.94,462.379,1.0,632.316,454.003,1.0,614.676,450.187,1.0,840.093,378.879,1.0,844.302,384.849,1.0,851.032,391.92,1.0,859.424,389.785,1.0,854.141,377.5,1.0,,,,,,,,,,,,,,,,,,,,,,,,,,,,,,
635,891.044,112.016,1.0,889.107,107.093,1.0,879.862,105.441,1.0,871.615,102.755,1.0,861.924,95.056,1.0,610.691,482.037,1.0,622.258,470.825,1.0,615.331,463.704,1.0,632.316,452.552,1.0,614.676,449.968,1.0,839.629,378.76,1.0,842.337,384.542,1.0,851.242,391.92,1.0,859.882,389.785,1.0,854.449,377.695,1.0,,,,,,,,,,,,,,,,,,,,,,,,,,,,,,
636,892.367,112.268,1.0,889.107,108.567,1.0,880.198,105.804,1.0,871.748,102.755,1.0,867.378,96.554,1.0,610.691,482.348,1.0,616.177,471.516,1.0,610.363,466.101,1.0,630.585,454.003,1.0,614.461,449.968,1.0,839.3,378.76,1.0,842.065,384.542,1.0,851.455,390.796,1.0,859.882,389.175,1.0,854.449,377.859,1.0,,,,,,,,,,,,,,,,,,,,,,,,,,,,,,
637,892.469,113.146,1.0,890.256,110.527,1.0,882.737,105.961,1.0,872.92,102.195,1.0,868.887,98.25,1.0,614.234,483.45,1.0,614.543,476.369,1.0,610.363,467.484,1.0,609.971,454.745,1.0,614.374,449.968,1.0,838.856,378.76,1.0,840.248,381.416,1.0,851.242,390.237,1.0,859.424,389.175,1.0,854.485,377.915,1.0,,,,,,,,,,,,,,,,,,,,,,,,,,,,,,
638,895.185,114.439,1.0,890.648,114.631,1.0,884.326,108.238,1.0,876.915,102.195,1.0,869.353,98.299,1.0,616.478,494.039,1.0,613.969,480.379,1.0,609.575,470.877,1.0,609.971,458.672,1.0,613.994,453.382,1.0,837.932,378.205,1.0,839.881,381.158,1.0,851.242,390.21,1.0,859.373,389.175,1.0,854.449,377.859,1.0,,,,,,,,,,,,,,,,636.179,443.114,1.0,634.095,441.684,1.0,,,0.0,,,0.0,653.424,453.09,1.0
639,899.028,114.464,1.0,890.648,114.698,1.0,884.432,109.717,1.0,877.011,102.128,1.0,870.281,98.299,1.0,616.325,494.161,1.0,613.513,480.824,1.0,609.543,470.877,1.0,609.971,459.366,1.0,613.455,454.497,1.0,834.055,377.036,1.0,839.587,377.008,1.0,848.419,388.817,1.0,857.422,389.8,1.0,854.449,377.695,1.0,,,,,,,,,,,,,,,,636.179,435.993,1.0,631.763,441.122,1.0,,,0.0,,,0.0,652.939,452.996,1.0
640,899.593,114.955,1.0,890.69,115.535,1.0,884.47,109.946,1.0,877.134,102.064,1.0,870.296,98.25,1.0,616.325,494.283,1.0,612.992,480.981,1.0,608.903,472.945,1.0,610.115,459.469,1.0,612.769,454.833,1.0,832.411,372.049,1.0,838.768,375.177,1.0,844.954,386.934,1.0,854.816,391.215,1.0,854.627,377.859,1.0,,,,,,,,,,,,,,,,636.179,433.327,1.0,631.763,441.122,1.0,,,0.0,,,0.0,652.688,452.996,1.0
641,899.702,114.955,1.0,891.025,115.535,1.0,884.493,110.02,1.0,877.275,102.064,1.0,870.593,98.25,1.0,616.325,494.283,1.0,612.992,481.082,1.0,609.575,474.615,0.0,610.162,459.469,1.0,612.604,454.936,1.0,829.932,370.979,1.0,838.023,375.177,1.0,841.994,385.397,1.0,851.984,391.563,1.0,856.715,379.324,1.0,,,,,,,,,,,,,,,,636.262,433.327,1.0,631.763,441.122,1.0,640.369,,1.0,,,0.0,652.506,452.754,1.0
642,899.83,114.955,1.0,891.254,115.621,1.0,884.78,109.946,1.0,877.328,102.128,1.0,870.831,98.391,1.0,616.108,494.35,1.0,612.992,481.534,1.0,614.703,480.371,1.0,610.364,459.366,1.0,612.537,455.759,1.0,829.645,370.778,1.0,837.547,375.177,1.0,841.831,385.355,1.0,851.558,392.212,1.0,859.203,379.324,1.0,,,,,,,,,,,,,,,,637.21,433.327,1.0,632.119,442.403,1.0,,443.691,0.0,,,0.0,652.359,452.754,1.0
643,903.151,114.955,1.0,895.33,116.194,1.0,887.529,109.717,1.0,879.021,104.171,1.0,871.15,101.932,1.0,616.108,495.043,1.0,613.687,482.881,1.0,614.703,480.371,1.0,610.162,455.837,1.0,612.537,459.213,1.0,829.129,370.575,1.0,836.725,374.544,1.0,841.831,385.171,1.0,851.481,392.511,1.0,859.203,379.725,1.0,,,,,,,,,,,,,,,,637.574,433.327,1.0,633.443,442.403,1.0,632.272,447.78,1.0,,,0.0,652.296,452.877,1.0
644,904.029,113.611,1.0,898.23,116.67,1.0,889.205,109.946,1.0,879.409,106.588,1.0,873.676,104.778,1.0,616.108,495.35,1.0,614.879,488.496,1.0,614.703,480.371,1.0,610.162,454.828,1.0,612.537,463.556,1.0,829.129,370.353,1.0,836.725,374.672,1.0,841.827,384.52,1.0,851.37,392.212,1.0,859.225,379.738,1.0,,,,,,,,,,,,,,,,637.801,433.327,1.0,633.98,442.403,1.0,632.272,447.437,1.0,,,0.0,651.898,453.527,1.0
645,904.029,113.539,1.0,898.374,116.976,1.0,890.504,110.494,1.0,880.121,107.604,1.0,874.881,105.005,1.0,616.257,495.35,1.0,615.265,488.533,1.0,614.703,480.371,1.0,,,0.0,613.272,464.103,1.0,829.046,370.081,1.0,836.725,374.672,1.0,841.722,384.52,1.0,851.284,392.212,1.0,859.203,380.526,1.0,,,,,,,,,,,,,,,,637.637,431.556,1.0,634.564,440.674,1.0,632.272,447.338,1.0,638.72,452.594,1.0,651.131,453.527,1.0
646,904.029,113.539,1.0,898.374,117.209,1.0,890.504,110.494,1.0,881.343,108.195,1.0,875.017,105.045,1.0,616.257,495.371,1.0,615.296,488.671,1.0,614.703,480.413,1.0,,,0.0,613.272,464.532,1.0,828.985,369.802,1.0,836.725,374.397,1.0,841.722,384.52,1.0,850.761,391.88,1.0,859.192,380.526,1.0,,,,,,,,,,,,,,,,637.637,431.475,1.0,634.646,440.61,1.0,633.135,447.367,1.0,638.302,452.404,1.0,651.131,453.527,1.0
647,905.113,113.539,1.0,898.994,118.471,1.0,891.062,110.841,1.0,881.405,108.499,1.0,875.35,105.072,1.0,616.257,495.753,1.0,615.296,488.751,1.0,611.817,480.502,1.0,,,0.0,613.272,465.316,1.0,828.155,368.369,1.0,836.725,374.15,1.0,839.989,384.461,1.0,849.401,391.691,1.0,858.102,381.154,1.0,,,,,,,,,,,,,,,,637.637,431.42,1.0,635.033,440.59,1.0,633.135,447.367,1.0,638.206,452.306,1.0,651.131,453.527,1.0
648,905.555,119.82,1.0,898.994,118.537,1.0,891.216,111.767,1.0,881.427,108.788,1.0,876.114,105.072,1.0,615.671,497.449,1.0,614.879,492.085,1.0,611.644,484.818,1.0,612.055,478.362,1.0,610.344,470.874,1.0,823.977,363.577,1.0,835.112,374.15,1.0,838.207,384.461,1.0,845.574,390.694,1.0,857.103,383.432,1.0,,,,,,,,,,,,,,,,636.969,431.075,1.0,635.185,440.345,1.0,633.425,447.338,1.0,638.206,452.294,1.0,651.09,453.062,1.0
649,905.555,122.298,1.0,898.994,119.658,1.0,892.132,111.808,1.0,881.932,108.836,1.0,876.436,105.072,1.0,614.322,504.623,1.0,613.347,495.766,1.0,610.749,488.305,1.0,612.055,478.362,1.0,610.344,475.59,1.0,823.977,363.534,1.0,834.869,374.15,1.0,838.207,384.658,1.0,845.043,390.694,1.0,856.135,387.171,1.0,,,,,,,,,,,,,,,,636.211,422.735,1.0,635.185,434.253,1.0,633.457,443.308,1.0,637.181,450.618,1.0,651.09,452.575,1.0
650,905.727,122.977,1.0,899.71,121.304,1.0,892.538,113.384,1.0,882.328,108.836,1.0,876.484,104.354,1.0,614.025,509.7,1.0,613.253,496.655,1.0,610.749,488.332,1.0,612.016,478.362,1.0,610.26,476.342,1.0,823.977,363.534,1.0,834.869,374.15,1.0,838.207,384.734,1.0,844.211,391.591,1.0,855.79,387.171,1.0,,,,,,,,,,,,,,,,636.211,422.564,1.0,635.185,433.378,1.0,633.457,441.647,1.0,636.251,449.502,1.0,647.301,452.575,1.0
651,906.576,123.077,1.0,900.947,121.304,1.0,894.161,114.278,1.0,883.18,108.886,1.0,876.557,104.354,1.0,613.959,509.738,1.0,613.252,496.818,1.0,610.749,488.95,1.0,612.055,479.336,1.0,610.26,476.342,1.0,824.012,363.577,1.0,834.869,374.15,1.0,838.207,384.658,1.0,844.211,390.694,1.0,855.489,387.171,1.0,,,,,,,,,,,,,,,,636.191,422.357,1.0,633.868,430.114,1.0,633.986,438.244,1.0,635.282,448.078,1.0,640.977,452.295,1.0
652,906.915,123.077,1.0,901.605,121.304,1.0,894.985,114.839,1.0,884.111,109.086,1.0,877.317,104.354,1.0,614.025,510.379,1.0,613.203,497.962,1.0,611.259,489.862,1.0,612.268,480.093,1.0,610.344,476.342,1.0,824.012,364.22,1.0,834.173,374.056,1.0,837.962,384.658,1.0,844.206,390.694,1.0,854.587,387.171,1.0,,,,,,,,,,,,,,,,636.105,422.032,1.0,633.033,429.379,1.0,634.391,438.044,1.0,634.92,447.881,1.0,640.539,451.411,1.0
653,908.192,122.977,1.0,904.373,119.692,1.0,896.075,115.893,1.0,885.627,109.086,1.0,878.509,106.036,1.0,614.322,510.691,1.0,613.203,498.902,1.0,611.738,489.915,1.0,612.536,481.707,1.0,611.821,474.94,1.0,824.012,364.631,1.0,833.992,373.486,1.0,837.922,383.403,1.0,842.152,389.812,1.0,851.857,387.171,1.0,,,,,,,,,,,,,,,,636.211,421.905,1.0,633.033,429.207,1.0,634.391,438.044,1.0,634.479,447.231,1.0,639.955,451.411,1.0
654,910.051,122.583,1.0,904.549,119.574,1.0,896.143,116.872,1.0,885.658,109.647,1.0,878.53,106.203,1.0,618.182,510.691,1.0,613.203,500.398,1.0,612.501,492.257,1.0,613.083,485.189,1.0,613.654,474.94,1.0,821.155,369.142,1.0,831.141,370.758,1.0,833.553,377.732,1.0,836.646,378.607,1.0,846.311,387.177,1.0,,,,,,,,,,,,,,,,636.099,421.421,1.0,633.033,428.879,1.0,634.391,438.244,1.0,634.071,447.231,1.0,639.955,451.078,1.0
655,910.244,122.57,1.0,904.723,119.545,1.0,896.189,116.924,1.0,886.119,109.661,1.0,882.036,106.542,1.0,619.971,510.379,1.0,613.715,502.535,1.0,613.189,493.393,1.0,613.179,486.457,1.0,613.759,474.94,1.0,819.847,369.154,1.0,830.313,370.344,1.0,833.553,376.2,1.0,836.223,377.986,1.0,844.638,387.774,1.0,,,,,,,,,,,,,,,,636.007,416.063,1.0,632.828,427.057,1.0,631.54,437.979,1.0,631.971,443.398,1.0,640.464,450.635,1.0
656,910.309,122.57,1.0,904.869,119.574,1.0,896.433,117.375,1.0,886.381,109.761,1.0,882.063,106.542,1.0,620.111,510.045,1.0,614.662,502.788,1.0,613.219,493.608,1.0,613.179,486.693,1.0,613.759,475.864,1.0,817.616,369.154,1.0,827.149,368.286,1.0,833.013,376.2,1.0,836.19,377.669,1.0,844.263,387.774,1.0,,,,,,,,,,,,,,,,634.864,415.984,1.0,632.881,427.032,1.0,631.54,437.738,1.0,631.665,442.774,1.0,640.464,450.486,1.0
657,910.882,122.583,1.0,904.894,119.574,1.0,896.433,117.443,1.0,887.059,109.849,1.0,882.253,107.431,1.0,620.111,510.045,1.0,614.867,502.88,1.0,613.445,493.918,1.0,613.083,487.154,1.0,613.654,476.18,1.0,817.527,369.142,1.0,827.091,368.079,1.0,833.181,374.973,1.0,836.19,377.285,1.0,844.246,387.774,1.0,,,,,,,,,,,,,,,,633.83,412.807,1.0,632.992,425.213,1.0,631.5,437.738,1.0,631.369,442.157,1.0,640.387,450.033,1.0
658,911.931,125.528,1.0,905.062,120.388,1.0,898.667,119.096,1.0,889.915,112.33,1.0,884.476,107.431,1.0,619.971,510.045,1.0,614.867,502.88,1.0,613.616,494.582,1.0,612.623,487.286,1.0,613.512,477.201,1.0,817.527,369.051,1.0,826.413,368.023,1.0,833.181,374.307,1.0,836.19,377.13,1.0,844.246,387.091,1.0,,,,,,,,,,,,,,,,633.819,412.125,1.0,632.881,424.476,1.0,631.5,437.357,1.0,631.247,441.39,1.0,640.387,449.803,1.0
659,911.949,126.832,1.0,906.379,121.154,1.0,899.061,119.2,1.0,891.184,113.529,1.0,884.948,108.129,1.0,620.178,510.713,1.0,615.296,503.319,1.0,613.616,495.334,1.0,612.136,488.382,1.0,613.059,478.637,1.0,817.451,368.035,1.0,826.413,368.023,1.0,832.671,373.597,1.0,836.19,376.894,1.0,843.62,387.027,1.0,,,,,,,,,,,,,,,,633.804,412.026,1.0,632.828,423.59,1.0,631.5,436.098,1.0,630.874,440.293,1.0,640.387,449.803,1.0
660,912.431,126.846,1.0,906.706,121.838,1.0,899.114,119.437,1.0,892.303,115.215,1.0,886.511,108.129,1.0,620.239,513.441,1.0,615.333,506.818,1.0,613.698,499.823,1.0,611.369,491.809,1.0,610.255,484.315,1.0,817.336,365.035,1.0,821.703,364.04,1.0,830.974,373.178,1.0,835.946,376.894,1.0,843.62,386.998,1.0,,,,,,,,,,,,,,,,633.804,410.801,1.0,632.881,420.673,1.0,631.062,433.607,1.0,630.297,438.196,1.0,640.387,450.486,1.0
661,912.457,127.012,1.0,906.954,121.838,1.0,899.676,119.437,1.0,892.469,115.602,1.0,886.754,108.129,1.0,619.854,513.441,1.0,615.333,506.818,1.0,613.698,499.823,1.0,610.502,491.809,1.0,609.838,484.315,1.0,811.3,362.862,1.0,817.499,363.814,1.0,826.27,369.664,1.0,833.824,376.894,1.0,843.771,382.56,1.0,,,,,,,,,,,,,,,,633.83,410.187,1.0,632.992,420.231,1.0,629.827,433.387,1.0,629.857,437.905,1.0,643.684,451.758,1.0
662,913.137,127.815,1.0,907.624,121.838,1.0,900.239,119.437,1.0,892.611,115.673,1.0,886.944,108.129,1.0,618.607,513.441,1.0,615.333,506.818,1.0,613.999,499.823,1.0,610.25,491.809,1.0,609.633,484.315,1.0,809.384,358.082,1.0,817.132,363.015,1.0,826.18,369.068,1.0,831.537,380.268,1.0,843.836,382.357,1.0,,,,,,,,,,,,,,,,633.804,410.187,1.0,632.701,420.231,1.0,629.827,432.813,1.0,629.524,437.152,1.0,643.684,451.758,1.0
663,913.16,128.053,1.0,908.477,122.077,1.0,900.239,119.437,1.0,892.9,116.346,1.0,887.135,108.697,1.0,618.245,511.517,1.0,615.093,504.801,1.0,614.009,498.084,1.0,610.502,490.168,1.0,608.676,484.068,1.0,809.384,358.057,1.0,817.132,362.912,1.0,826.071,368.148,1.0,831.113,380.268,1.0,843.771,382.268,1.0,,,,,,,,,,,,,,,,633.911,410.187,1.0,631.999,420.231,1.0,629.806,432.717,1.0,629.295,436.943,1.0,643.753,451.78,1.0
664,913.778,128.053,1.0,909.715,122.705,1.0,901.159,120.076,1.0,893.423,117.758,1.0,887.174,110.479,1.0,617.59,510.924,1.0,615.018,500.919,1.0,614.084,497.037,1.0,610.502,486.593,1.0,608.676,481.638,1.0,809.144,357.966,1.0,816.613,362.232,1.0,825.601,368.148,1.0,830.81,380.268,1.0,843.771,381.729,1.0,,,,,,,,,,,,,,,,634.075,414.598,1.0,631.993,420.816,1.0,629.827,432.342,1.0,629.295,436.237,1.0,643.848,451.878,1.0
665,918.411,128.053,1.0,911.277,123.647,1.0,903.337,123.186,1.0,894.313,119.854,1.0,888.261,112.357,1.0,609.767,510.486,1.0,612.061,500.919,1.0,614.084,493.892,1.0,610.868,486.593,1.0,608.676,481.638,1.0,809.144,357.14,1.0,816.533,361.479,1.0,822.779,368.148,1.0,828.854,377.898,1.0,842.013,381.086,1.0,,,,,,,,,,,,,,,,634.075,414.598,1.0,631.628,421.068,1.0,629.888,431.625,1.0,629.145,435.601,1.0,643.848,451.78,1.0
666,919.869,128.2,1.0,916.015,123.895,1.0,907.311,125.056,1.0,895.976,121.946,1.0,890.198,113.805,1.0,609.767,510.486,1.0,612.061,500.919,1.0,614.084,493.892,1.0,610.868,486.593,1.0,608.754,481.638,1.0,808.203,352.957,1.0,815.145,360.607,1.0,820.861,367.969,1.0,827.435,376.244,1.0,835.008,379.303,1.0,,,,,,,,,,,,,,,,634.055,414.598,1.0,631.446,421.492,1.0,629.91,431.588,1.0,629.145,435.281,1.0,643.848,451.673,1.0
667,920.451,128.186,1.0,916.131,124.563,1.0,908.418,125.529,1.0,897.926,121.956,1.0,891.786,113.805,1.0,609.767,510.485,1.0,612.061,500.919,1.0,613.033,493.892,1.0,610.868,488.404,1.0,608.754,482.447,1.0,806.104,350.93,1.0,814.633,360.494,1.0,820.031,367.969,1.0,825.026,374.821,1.0,834.609,378.096,1.0,,,,,,,,,,,,,,,,634.055,414.598,1.0,631.445,421.068,1.0,629.91,431.505,1.0,629.145,435.17,1.0,643.848,451.673,1.0
668,921.666,127.46,1.0,916.131,126.867,1.0,908.418,126.101,1.0,899.075,122.257,1.0,892.197,113.988,1.0,616.119,507.387,1.0,613.71,502.578,1.0,612.84,499.878,1.0,610.501,490.124,1.0,608.754,483.431,1.0,802.218,350.566,1.0,813.773,359.264,1.0,818.356,367.969,1.0,824.617,372.271,1.0,834.373,377.728,1.0,,,,,,,,,,,,,,,,627.197,414.598,1.0,630.949,420.816,1.0,629.916,431.501,1.0,630.459,434.904,1.0,643.824,451.116,1.0
669,921.666,128.063,1.0,916.131,126.867,1.0,908.866,126.101,1.0,899.648,121.956,1.0,892.3,114.018,1.0,619.478,502.727,1.0,617.541,503.029,1.0,610.208,499.878,1.0,609.639,491.209,1.0,608.926,483.431,1.0,801.857,350.53,1.0,813.714,359.264,1.0,817.911,367.237,1.0,824.574,372.191,1.0,834.252,377.386,1.0,,,,,,,,,,,,,,,,621.378,417.625,1.0,628.566,421.068,1.0,629.916,431.293,1.0,630.459,434.904,1.0,643.572,450.629,1.0
670,922.556,128.186,1.0,916.131,127.342,1.0,908.866,126.253,1.0,899.679,121.946,1.0,892.746,114.107,1.0,623.648,495.531,1.0,627.504,503.029,1.0,610.208,499.878,1.0,609.639,491.209,1.0,609.622,483.431,1.0,801.811,350.53,1.0,813.5,359.264,1.0,817.873,365.977,1.0,823.103,371.062,1.0,831.539,375.852,1.0,,,,,,,,,,,,,,,,619.116,418.691,1.0,627.085,421.476,1.0,630.208,430.821,1.0,630.459,434.904,1.0,642.541,450.266,1.0
671,922.556,128.186,1.0,916.182,127.359,1.0,908.066,126.569,1.0,899.679,121.934,1.0,892.894,114.107,1.0,623.648,495.264,1.0,628.848,503.029,1.0,610.208,499.595,1.0,609.452,490.455,1.0,607.174,482.747,1.0,801.377,350.566,1.0,811.843,357.962,1.0,815.747,362.251,1.0,822.032,368.03,1.0,831.284,375.182,1.0,,,,,,,,,,,,,,,,617.278,418.691,1.0,624.812,420.626,1.0,630.208,430.334,1.0,629.495,438.324,1.0,641.704,446.932,1.0
672,922.556,139.405,1.0,916.429,131.086,1.0,907.974,126.253,1.0,900.482,118.02,1.0,893.092,114.601,1.0,623.648,495.264,1.0,628.848,504.504,1.0,610.707,499.423,1.0,609.452,490.455,1.0,607.896,482.676,1.0,796.036,350.986,1.0,800.999,354.811,1.0,814.666,361.434,1.0,821.092,364.21,1.0,831.241,373.094,1.0,,,,,,,,,,,,,,,,615.46,418.691,1.0,623.629,420.895,1.0,633.218,429.937,1.0,629.38,438.324,1.0,639.404,443.16,1.0
673,923.941,139.709,1.0,916.54,132.695,1.0,907.989,126.253,1.0,900.694,118.02,1.0,893.29,115.311,1.0,619.751,495.264,1.0,628.848,503.029,1.0,613.238,496.979,1.0,609.725,488.322,1.0,607.896,481.591,1.0,795.587,351.163,1.0,799.968,354.015,1.0,812.041,359.773,1.0,820.551,364.068,1.0,830.858,372.821,1.0,,,,,,,,,,,,,,,,615.46,418.691,1.0,623.629,421.476,1.0,633.218,428.944,1.0,629.096,438.324,1.0,639.313,443.112,1.0
674,924.501,140.99,1.0,918.551,134.774,1.0,907.989,126.253,1.0,901.612,118.02,1.0,893.421,116.264,1.0,618.449,503.953,1.0,622.169,502.596,1.0,613.24,495.687,1.0,612.196,486.638,1.0,607.896,479.747,1.0,795.587,351.163,1.0,799.638,353.837,1.0,811.879,359.612,1.0,820.551,363.178,1.0,830.858,371.524,1.0,,,,,,,,,,,,,,,,615.46,418.573,1.0,623.629,421.476,1.0,633.218,428.733,1.0,629.088,437.89,1.0,638.919,442.982,1.0
675,924.606,140.99,1.0,918.693,134.97,1.0,907.989,126.117,1.0,901.636,118.571,1.0,893.747,116.624,1.0,616.627,503.953,1.0,613.899,500.951,1.0,613.728,493.975,1.0,612.324,485.616,1.0,607.896,479.728,1.0,795.478,351.163,1.0,799.141,353.477,1.0,809.98,359.612,1.0,818.984,363.178,1.0,830.145,371.456,1.0,,,,,,,,,,,,,,,,615.18,418.274,1.0,623.191,421.81,1.0,631.191,428.46,1.0,627.997,437.886,1.0,638.757,442.982,1.0
676,924.767,140.99,1.0,918.805,135.528,1.0,910.377,125.696,1.0,903.84,120.266,1.0,896.879,116.911,1.0,613.459,503.953,1.0,611.905,500.951,1.0,613.24,491.819,1.0,612.631,484.659,1.0,608.836,479.728,1.0,795.261,350.986,1.0,797.206,352.593,1.0,807.541,357.602,1.0,817.105,363.178,1.0,825.469,367.063,1.0,,,,,,,,,,,,,,,,614.519,416.583,1.0,622.364,421.81,1.0,628.247,426.185,1.0,627.997,434.127,1.0,638.644,442.735,1.0
677,924.772,140.619,1.0,918.923,135.582,1.0,910.45,125.626,1.0,904.57,120.266,1.0,898.2,117.022,1.0,605.661,503.1,1.0,611.905,500.951,1.0,613.238,491.819,1.0,612.976,484.659,1.0,608.836,479.747,1.0,787.549,347.804,1.0,795.251,351.608,1.0,807.054,351.653,1.0,811.561,366.25,1.0,818.895,366.699,1.0,,,,,,,,,,,,,,,,613.099,416.257,1.0,622.364,421.81,1.0,626.592,424.289,1.0,627.997,431.746,1.0,638.644,441.962,1.0
678,925.007,140.475,1.0,919.105,135.667,1.0,911.069,125.626,1.0,904.672,120.704,1.0,898.356,117.022,1.0,603.115,498.685,1.0,611.887,500.416,1.0,612.851,491.819,1.0,614.911,484.659,1.0,608.836,479.875,1.0,786.752,347.57,1.0,795.251,350.471,1.0,806.757,350.536,1.0,811.507,366.25,1.0,818.895,366.683,1.0,,,,,,,,,,,,,,,,610.188,414.353,1.0,619.595,421.214,1.0,626.592,424.174,1.0,632.546,427.894,1.0,638.596,440.898,1.0
679,925.085,140.08,1.0,919.185,135.805,1.0,910.45,125.696,1.0,904.841,121.91,1.0,898.545,116.911,1.0,600.413,498.039,1.0,611.444,500.752,1.0,612.244,493.578,1.0,614.911,485.704,1.0,608.786,481.268,1.0,786.752,347.538,1.0,795.129,350.265,1.0,806.688,350.169,1.0,811.504,366.25,1.0,818.63,366.601,1.0,,,,,,,,,,,,,,,,610.122,414.281,1.0,619.391,419.986,1.0,626.318,423.804,1.0,632.546,426.897,1.0,638.488,440.693,1.0
680,925.618,140.475,1.0,920.146,135.805,1.0,910.45,125.826,1.0,904.911,122.546,1.0,899.479,116.911,1.0,600.37,494.579,1.0,611.444,500.752,1.0,612.244,495.072,1.0,615.344,487.446,1.0,608.062,481.515,1.0,786.682,347.57,1.0,795.129,349.764,1.0,806.675,349.288,1.0,811.504,365.796,1.0,818.63,366.54,1.0,,,,,,,,,,,,,,,,610.122,414.01,1.0,619.141,419.986,1.0,625.829,423.496,1.0,632.546,426.311,1.0,638.488,440.5,1.0
681,927.441,140.475,1.0,920.203,135.805,1.0,911.252,128.011,1.0,907.89,122.765,1.0,900.524,117.022,1.0,600.37,494.486,1.0,611.444,500.512,1.0,612.244,495.072,1.0,615.685,487.571,1.0,608.054,481.601,1.0,786.318,347.804,1.0,794.749,349.719,1.0,806.387,348.623,1.0,811.019,364.918,1.0,818.356,365.657,1.0,,,,,,,,,,,,,,,,610.122,414.01,1.0,619.141,419.767,1.0,625.829,423.496,1.0,632.445,425.847,1.0,638.488,439.758,1.0
682,927.486,141.552,1.0,922.327,133.474,1.0,914.839,131.126,1.0,909.81,124.161,1.0,901.143,120.456,1.0,599.124,494.486,1.0,610.287,500.416,1.0,612.223,495.235,1.0,615.429,488.08,1.0,607.985,481.652,1.0,780.12,350.192,1.0,790.129,349.69,1.0,799.674,348.623,1.0,804.85,360.799,1.0,817.745,364.291,1.0,,,,,,,,,,,,,,,,610.188,414.353,1.0,615.091,419.312,1.0,623.961,423.496,1.0,631.955,425.781,1.0,637.561,439.258,1.0
683,928.691,141.552,1.0,925.629,133.248,1.0,916.594,132.151,1.0,911.329,124.755,1.0,904.807,120.613,1.0,598.951,494.579,1.0,609.921,499.454,1.0,611.9,495.284,1.0,615.429,488.33,1.0,607.929,481.728,1.0,779.776,350.848,1.0,789.329,349.348,1.0,798.252,348.623,1.0,802.67,358.743,1.0,814.845,361.943,1.0,,,,,,,,,,,,,,,,610.642,414.394,1.0,613.167,417.75,1.0,623.16,423.476,1.0,631.955,425.052,1.0,636.675,439.258,1.0
684,928.915,141.976,1.0,925.629,133.194,1.0,916.71,132.151,1.0,911.329,124.919,1.0,905.086,120.794,1.0,596.078,495.116,1.0,608.215,498.912,1.0,611.477,495.815,1.0,615.429,490.189,1.0,606.126,483.755,1.0,778.172,350.864,1.0,787.186,349.089,1.0,797.911,349.028,1.0,802.67,356.836,1.0,814.515,361.943,1.0,,,,,,,,,,,,,,,,610.642,414.394,1.0,612.974,416.616,1.0,623.112,423.476,1.0,631.751,424.738,1.0,636.242,438.997,1.0
685,929.52,142.227,1.0,925.987,133.132,1.0,917.228,133.315,1.0,911.785,125.632,1.0,905.288,120.997,1.0,590.569,496.91,1.0,604.77,498.912,1.0,609.546,495.815,1.0,615.265,491.637,1.0,605.88,484.557,1.0,778.172,350.848,1.0,786.876,348.388,1.0,796.171,352.971,1.0,802.67,356.462,1.0,813.835,361.943,1.0,,,,,,,,,,,,,,,,609.31,414.394,1.0,612.974,416.555,1.0,622.474,423.092,1.0,631.689,424.536,1.0,635.525,438.848,1.0
686,930.325,142.227,1.0,927.695,131.507,1.0,917.504,133.556,1.0,911.785,125.632,1.0,905.569,122.476,1.0,590.569,496.91,1.0,604.087,498.805,1.0,609.089,495.815,1.0,613.774,491.637,1.0,605.856,484.557,1.0,777.985,350.848,1.0,786.203,348.238,1.0,795.033,353.232,1.0,801.519,354.116,1.0,813.649,361.943,1.0,,,,,,,,,,,,,,,,609.31,411.48,1.0,612.751,414.83,1.0,621.092,422.471,1.0,630.434,424.379,1.0,634.687,438.373,1.0
687,930.722,142.902,1.0,929.283,131.507,1.0,920.482,133.808,1.0,912.5,126.279,1.0,907.105,124.149,1.0,590.569,496.91,1.0,603.856,498.903,1.0,609.089,494.948,1.0,613.589,491.637,1.0,605.856,484.557,1.0,777.985,350.848,1.0,785.208,347.291,1.0,794.231,353.232,1.0,801.017,352.779,1.0,811.848,360.663,1.0,,,,,,,,,,,,,,,,609.159,405.158,1.0,612.751,411.001,1.0,618.048,419.283,1.0,627.863,422.708,1.0,633.98,433.029,1.0
688,931.774,143.139,1.0,929.382,131.507,1.0,921.568,134.184,1.0,912.561,127.301,1.0,907.738,126.134,1.0,590.976,496.91,1.0,603.856,498.912,1.0,609.089,494.463,1.0,613.55,491.264,1.0,605.88,484.476,1.0,773.636,350.862,1.0,781.738,346.914,1.0,790.085,352.971,1.0,798.323,350.469,1.0,811.148,357.853,1.0,,,,,,,,,,,,,,,,608.967,405.129,1.0,612.522,410.978,1.0,618.043,419.28,1.0,627.63,422.577,1.0,633.375,432.73,1.0
689,931.774,143.462,1.0,929.382,131.507,1.0,921.568,134.184,1.0,912.966,128.297,1.0,908.005,126.835,1.0,592.477,496.91,1.0,603.856,499.133,1.0,608.984,494.211,1.0,613.55,491.098,1.0,605.883,484.368,1.0,773.03,350.862,1.0,781.376,346.335,1.0,789.625,352.623,1.0,797.29,349.236,1.0,810.568,357.716,1.0,,,,,,,,,,,,,,,,608.967,405.079,1.0,612.522,410.939,1.0,617.331,419.2,1.0,627.502,422.577,1.0,633.192,432.697,1.0
690,930.722,143.462,1.0,929.382,132.394,1.0,920.516,134.184,1.0,912.966,128.574,1.0,908.005,126.928,1.0,594.385,496.612,1.0,604.617,499.661,1.0,608.984,494.211,1.0,613.589,490.677,1.0,606.834,484.079,1.0,772.848,350.862,1.0,780.988,345.83,1.0,789.395,349.292,1.0,795.695,349.099,1.0,809.909,357.592,1.0,,,,,,,,,,,,,,,,608.423,404.898,1.0,612.41,409.771,1.0,617.331,419.2,1.0,626.384,422.708,1.0,631.08,431.049,1.0
691,932.2,143.929,1.0,930.19,132.891,1.0,922.778,134.401,1.0,913.578,128.637,1.0,908.005,126.928,1.0,600.448,496.164,1.0,610.006,500.326,1.0,608.967,493.997,1.0,615.751,489.045,1.0,608.169,482.982,1.0,772.738,350.829,1.0,780.789,344.481,1.0,788.313,348.812,1.0,794.387,348.151,1.0,809.859,355.91,1.0,,,,,,,,,,,,,,,,603.81,402.148,1.0,609.642,407.22,1.0,616.162,419.2,1.0,621.977,426.464,1.0,627.826,431.028,1.0
692,933.624,144.169,1.0,930.773,133.455,1.0,923.225,134.649,1.0,913.578,129.192,1.0,906.355,126.928,1.0,600.989,497.184,1.0,610.071,501.009,1.0,608.814,493.987,1.0,615.751,488.77,1.0,608.384,482.297,1.0,771.92,349.016,1.0,779.597,344.115,1.0,787.916,347.106,1.0,790.926,347.456,1.0,801.425,353.796,1.0,,,,,,,,,,,,,,,,601.97,400.886,1.0,609.006,405.988,1.0,614.998,419.581,1.0,620.117,426.631,1.0,626.046,430.188,1.0
693,933.624,143.462,1.0,930.773,133.786,1.0,923.225,134.729,1.0,913.578,129.192,1.0,906.355,126.648,1.0,600.989,497.184,1.0,610.238,501.009,1.0,608.051,493.987,1.0,616.237,488.77,1.0,608.81,482.216,1.0,763.657,345.796,1.0,771.312,342.596,1.0,783.151,346.337,1.0,789.963,345.124,1.0,798.848,352.789,1.0,,,,,,,,,,,,,,,,600.69,400.67,1.0,608.782,405.36,1.0,614.998,419.618,1.0,617.528,426.737,1.0,625.37,429.59,1.0
694,933.84,142.456,1.0,930.921,133.791,1.0,923.311,134.838,1.0,914.17,129.192,1.0,906.355,126.624,1.0,600.989,498.27,1.0,610.927,501.231,1.0,608.051,494.879,1.0,616.336,488.638,1.0,608.81,482.202,1.0,763.584,345.796,1.0,770.941,342.362,1.0,782.877,346.337,1.0,789.963,344.642,1.0,797.998,352.711,1.0,,,,,,,,,,,,,,,,600.455,400.309,1.0,608.782,405.27,1.0,614.998,419.618,1.0,617.52,426.631,1.0,625.326,429.514,1.0
695,936.121,142.798,1.0,931.442,135.682,1.0,924.157,135.012,1.0,914.624,129.192,1.0,906.836,126.624,1.0,602.674,498.27,1.0,611.17,501.305,1.0,608.253,494.879,1.0,616.336,488.638,1.0,608.81,481.696,1.0,763.584,345.641,1.0,770.848,342.253,1.0,782.462,346.337,1.0,789.947,344.642,1.0,797.731,352.445,1.0,,,,,,,,,,,,,,,,600.455,400.1,1.0,609.006,405.27,1.0,614.555,419.581,1.0,617.441,426.464,1.0,624.9,429.511,1.0
696,938.293,142.798,1.0,931.587,135.942,1.0,924.614,135.532,1.0,914.65,129.432,1.0,906.945,126.648,1.0,603.114,498.27,1.0,612.136,501.009,1.0,608.253,496.694,1.0,617.622,488.761,1.0,607.377,481.696,1.0,763.584,345.554,1.0,770.74,342.253,1.0,781.771,346.263,1.0,789.947,344.642,1.0,797.63,352.133,1.0,,,,,,,,,,,,,,,,599.6,400.309,1.0,608.782,405.27,1.0,614.555,418.754,1.0,616.246,426.322,1.0,624.689,429.482,1.0
697,938.293,142.798,1.0,931.762,137.124,1.0,925.024,135.689,1.0,915.236,130.603,1.0,907.172,127.208,1.0,605.23,498.134,1.0,612.931,500.499,1.0,608.051,497.731,1.0,617.622,490.074,1.0,607.097,481.696,1.0,764.697,342.675,1.0,770.74,341.425,1.0,781.706,346.178,1.0,789.503,347.109,1.0,797.369,352.04,1.0,,,,,,,,,,,,,,,,599.6,400.67,1.0,609.03,405.36,1.0,612.371,417.267,1.0,614.649,424.306,1.0,624.601,428.093,1.0
698,938.456,145.78,1.0,932.51,140.474,1.0,926.637,136.778,1.0,917.086,132.291,1.0,907.384,127.31,1.0,606.245,496.161,1.0,612.931,499.997,1.0,607.646,500.418,1.0,617.622,490.898,1.0,606.356,481.809,1.0,765.249,335.379,1.0,770.74,340.969,1.0,780.965,345.202,1.0,788.994,347.109,1.0,796.922,351.862,1.0,,,,,,,,,,,,,,,,601.883,400.1,1.0,609.03,407.94,1.0,612.371,417.267,1.0,614.649,424.306,1.0,624.601,428.093,1.0
699,938.697,146.53,1.0,932.855,141.514,1.0,926.656,137.683,1.0,918.627,133.705,1.0,908.962,127.636,1.0,606.245,496.161,1.0,612.988,499.431,1.0,607.289,500.418,1.0,617.572,490.898,1.0,606.356,482.334,1.0,768.143,327.316,1.0,770.74,336.775,1.0,780.285,342.275,1.0,787.355,347.236,1.0,796.883,350.672,1.0,,,,,,,,,,,,,,,,602.527,398.838,1.0,608.208,407.94,1.0,612.371,416.523,1.0,614.649,424.306,1.0,624.336,428.093,1.0
700,938.612,146.551,1.0,933.283,141.514,1.0,926.92,137.683,1.0,920.034,134.598,1.0,909.67,127.636,1.0,606.245,496.161,1.0,613.913,499.431,1.0,607.289,500.418,1.0,617.326,490.898,1.0,606.356,482.334,1.0,768.143,326.454,1.0,768.332,336.775,1.0,780.285,342.052,1.0,787.355,347.109,1.0,796.138,350.672,1.0,,,,,,,,,,,,,,,,609.926,396.751,1.0,607.398,406.879,1.0,612.382,416.523,1.0,615.072,425.443,1.0,624.032,428.666,1.0
701,939.015,146.709,1.0,934.572,142.359,1.0,926.815,137.773,1.0,920.034,134.598,1.0,909.915,127.636,1.0,604.656,496.794,1.0,614.004,499.431,1.0,607.289,499.097,1.0,616.688,490.136,1.0,606.736,481.809,1.0,768.143,326.281,1.0,768.158,336.673,1.0,780.285,342.032,1.0,787.355,346.959,1.0,795.827,350.672,1.0,,,,,,,,,,,,,,,,609.926,396.751,1.0,608.208,407.616,1.0,612.672,416.819,1.0,615.334,425.91,1.0,624.032,428.666,1.0
702,939.246,146.709,1.0,934.579,142.359,1.0,926.815,137.773,1.0,920.365,134.598,1.0,911.492,127.636,1.0,604.299,498.302,1.0,613.913,500.891,1.0,608.249,496.136,1.0,613.999,489.635,1.0,608.531,481.793,1.0,768.012,325.872,1.0,768.059,335.867,1.0,780.395,341.917,1.0,787.355,346.959,1.0,795.827,350.672,1.0,,,,,,,,,,,,,,,,609.926,396.751,1.0,608.208,407.616,1.0,612.672,416.819,1.0,615.536,425.922,1.0,624.032,428.78,1.0
703,939.246,146.551,1.0,934.579,142.359,1.0,926.826,137.773,1.0,920.365,134.418,1.0,917.232,127.867,1.0,601.855,504.536,1.0,613.913,502.612,1.0,608.767,496.136,1.0,613.842,489.635,1.0,608.531,481.793,1.0,767.883,325.872,1.0,768.031,335.867,1.0,780.395,342.032,1.0,787.355,346.959,1.0,795.824,350.672,1.0,,,,,,,,,,,,,,,,608.229,400.976,1.0,608.208,407.616,1.0,612.672,416.471,1.0,618.109,426.489,1.0,624.032,428.822,1.0
704,939.246,146.551,1.0,934.991,142.359,1.0,926.826,138.021,1.0,920.655,134.418,1.0,917.232,127.977,1.0,601.611,507.357,1.0,608.183,502.612,1.0,609.453,496.136,1.0,610.786,489.635,1.0,608.956,481.793,1.0,767.554,325.775,1.0,768.003,335.725,1.0,780.395,342.052,1.0,787.075,346.759,1.0,795.736,350.991,1.0,,,,,,,,,,,,,,,,602.914,403.476,1.0,609.175,407.67,1.0,615.74,416.819,1.0,618.889,427.042,1.0,624.538,429.329,1.0
705,940.05,146.709,1.0,935.596,142.489,1.0,926.826,138.3,1.0,920.655,134.418,1.0,917.232,127.977,1.0,601.042,513.472,1.0,608.018,502.25,1.0,609.913,496.136,1.0,610.786,489.635,1.0,608.531,481.618,1.0,766.473,324.408,1.0,768.003,333.925,1.0,775.015,342.316,1.0,785.43,346.444,1.0,795.574,350.513,1.0,,,,,,,,,,,,,,,,600.465,403.597,1.0,609.175,407.704,1.0,615.924,415.162,1.0,619.657,427.241,1.0,624.752,429.473,1.0
706,941.119,147.132,1.0,936.045,144.483,1.0,927.024,138.403,1.0,920.881,134.59,1.0,917.077,128.141,1.0,601.042,513.521,1.0,608.018,502.25,1.0,610.632,496.136,1.0,610.786,489.635,1.0,608.531,481.618,1.0,766.318,324.188,1.0,768.003,333.746,1.0,774.314,342.316,1.0,784.976,345.786,1.0,795.193,350.08,1.0,,,,,,,,,,,,,,,,600.465,404.208,1.0,609.175,409.364,1.0,615.74,414.692,1.0,619.773,427.597,1.0,624.538,429.473,1.0
707,941.124,149.439,1.0,936.374,147.402,1.0,930.251,140.546,1.0,921.451,136.341,1.0,917.077,128.476,1.0,601.042,513.472,1.0,608.018,502.612,1.0,610.935,496.006,1.0,612.28,488.801,1.0,608.956,479.914,1.0,766.211,324.188,1.0,766.753,333.725,1.0,774.154,342.316,1.0,784.369,345.781,1.0,794.724,350.08,1.0,,,,,,,,,,,,,,,,600.465,405.64,1.0,609.18,409.884,1.0,617.399,415.162,1.0,620.266,427.241,1.0,624.752,429.511,1.0
708,941.146,150.628,1.0,936.54,147.991,1.0,932.044,140.585,1.0,921.335,136.525,1.0,917.077,129.354,1.0,602.116,513.472,1.0,608.183,502.25,1.0,611.922,495.03,1.0,613.665,488.627,1.0,609.698,479.611,1.0,766.088,324.166,1.0,766.753,332.878,1.0,773.721,342.107,1.0,783.434,345.551,1.0,794.528,350.08,1.0,,,,,,,,,,,,,,,,603.454,405.762,1.0,609.256,409.884,1.0,617.399,418.626,1.0,621.597,427.042,1.0,625.864,429.731,1.0
709,944.646,153.272,1.0,937.004,148.042,1.0,932.263,141.338,1.0,921.335,136.525,1.0,917.695,129.437,1.0,604.544,513.346,1.0,609.541,501.889,1.0,612.291,493.406,1.0,613.665,487.275,1.0,610.635,476.883,1.0,765.37,323.958,1.0,766.753,331.775,1.0,773.65,340.859,1.0,780.088,338.05,1.0,794.162,350.08,1.0,,,,,,,,,,,,,,,,610.07,417.543,1.0,613.741,415.761,1.0,618.363,418.626,1.0,624.746,424.292,1.0,630.326,429.731,1.0
710,944.911,153.272,1.0,937.345,148.329,1.0,932.316,141.453,1.0,921.451,136.341,1.0,917.902,129.539,1.0,608.685,509.854,1.0,611.504,499.489,1.0,612.665,490.131,1.0,613.665,485.006,1.0,610.635,474.691,1.0,759.949,321.63,1.0,766.793,329.328,1.0,771.568,339.504,1.0,779.098,336.358,1.0,793.089,350.08,1.0,,,,,,,,,,,,,,,,612.605,417.882,1.0,613.819,416.713,1.0,617.399,420.091,1.0,625.302,423.286,1.0,630.83,429.527,1.0
711,945.062,153.299,1.0,938.543,148.376,1.0,932.442,142.143,1.0,923.444,134.259,1.0,917.955,129.66,1.0,614.774,508.725,1.0,611.504,496.954,1.0,612.291,488.075,1.0,612.739,485.006,1.0,610.635,474.058,1.0,759.528,317.86,1.0,766.894,329.326,1.0,769.528,337.898,1.0,778.339,336.358,1.0,789.565,350.34,1.0,,,,,,,,,,,,,,,,612.936,430.464,1.0,615.659,419.355,1.0,617.399,420.431,1.0,625.563,422.817,1.0,630.83,430.479,1.0
712,945.615,153.272,1.0,938.914,148.908,1.0,932.93,142.311,1.0,923.812,134.078,1.0,917.991,129.539,1.0,616.23,502.55,1.0,613.412,496.954,1.0,611.922,488.075,1.0,612.135,485.006,1.0,610.479,474.058,1.0,759.132,317.052,1.0,766.894,328.421,1.0,769.528,337.145,1.0,778.286,336.292,1.0,789.399,350.691,1.0,,,,,,,,,,,,,,,,612.936,433.276,1.0,615.779,419.41,1.0,616.497,420.595,1.0,625.563,423.286,1.0,630.83,430.479,1.0
713,945.962,153.272,1.0,939.272,150.077,1.0,933.46,142.311,1.0,924.717,134.078,1.0,918.31,129.66,1.0,619.617,498.892,1.0,616.575,496.419,1.0,610.197,488.075,1.0,612.071,486.141,1.0,610.479,474.058,1.0,759.132,316.762,1.0,766.793,327.333,1.0,769.528,336.486,1.0,778.263,336.358,1.0,789.274,350.707,1.0,,,,,,,,,,,,,,,,612.936,433.276,1.0,615.779,420.947,1.0,616.241,420.431,1.0,626.222,422.817,1.0,629.401,430.102,1.0
714,946.612,153.299,1.0,940.807,151.199,1.0,934.388,142.311,1.0,925.708,134.259,1.0,918.568,129.677,1.0,622.838,495.368,1.0,619.767,495.83,1.0,609.514,490.419,1.0,612.071,489.425,1.0,610.479,474.495,1.0,759.033,316.762,1.0,766.52,327.333,1.0,769.528,335.75,1.0,777.167,336.533,1.0,788.352,351.6,1.0,,,,,,,,,,,,,,,,611.793,433.276,1.0,615.659,421.958,1.0,616.008,420.102,1.0,626.592,422.092,1.0,629.336,430.102,1.0
715,946.761,154.012,1.0,940.807,151.982,1.0,935.204,142.311,1.0,926.995,135.136,1.0,919.325,129.823,1.0,625.935,495.368,1.0,620.674,495.83,1.0,609.514,490.419,1.0,612.071,489.425,1.0,611.595,474.817,1.0,758.984,316.333,1.0,766.444,326.115,1.0,769.592,333.89,1.0,774.787,350.22,1.0,783.684,352.323,1.0,,,,,,,,,,,,,,,,609.781,429.126,1.0,615.828,423.357,1.0,615.842,420.431,1.0,627.04,421.712,1.0,629.336,430.102,1.0
716,946.772,155.678,1.0,943.244,152.459,1.0,936.063,142.624,1.0,927.271,135.625,1.0,921.333,134.424,1.0,625.935,495.368,1.0,620.674,495.726,1.0,609.514,490.419,1.0,612.133,489.425,1.0,613.56,474.817,1.0,758.984,316.333,1.0,766.32,326.1,1.0,769.592,333.386,1.0,774.373,350.22,1.0,783.151,352.496,1.0,,,,,,,,,,,,,,,,609.597,429.126,1.0,615.211,423.357,1.0,614.059,421.369,1.0,627.04,421.712,1.0,628.854,429.136,1.0
717,947.809,156.317,1.0,943.244,153.707,1.0,936.714,142.624,1.0,928.461,137.73,1.0,921.943,135.835,1.0,625.935,494.604,1.0,620.674,495.367,1.0,609.993,488.769,1.0,612.237,488.601,1.0,613.56,474.859,1.0,758.992,316.311,1.0,766.17,326.1,1.0,769.332,333.386,1.0,774.247,350.22,1.0,783.151,352.496,1.0,,,,,,,,,,,,,,,,604.956,429.126,1.0,613.928,423.357,1.0,614.059,421.996,1.0,626.592,421.712,1.0,628.854,428.444,1.0
718,948.631,156.657,1.0,941.366,156.368,1.0,936.953,142.807,1.0,929.027,137.831,1.0,922.835,135.835,1.0,622.327,495.457,1.0,619.27,492.626,1.0,610.234,487.438,1.0,612.987,485.114,1.0,613.56,474.502,1.0,758.992,316.311,1.0,765.887,326.115,1.0,769.267,333.805,1.0,774.247,350.155,1.0,782.956,352.496,1.0,,,,,,,,,,,,,,,,603.043,429.292,1.0,613.928,426.951,1.0,614.059,423.581,1.0,619.37,421.871,1.0,628.854,426.427,1.0
719,948.631,156.657,1.0,941.366,156.368,1.0,936.953,143.286,1.0,929.027,137.96,1.0,923.192,135.835,1.0,619.947,495.703,1.0,616.167,493.015,1.0,610.824,485.609,1.0,612.987,484.923,1.0,612.772,474.502,1.0,758.984,316.647,1.0,765.183,326.115,1.0,768.938,333.805,1.0,774.247,349.203,1.0,782.956,352.369,1.0,,,,,,,,,,,,,,,,601.694,434.05,1.0,604.922,429.982,1.0,614.094,423.798,1.0,615.341,422.601,1.0,627.48,426.316,1.0
720,947.94,156.617,1.0,945.045,153.707,1.0,936.138,143.286,1.0,929.027,137.96,1.0,923.479,135.743,1.0,619.088,495.703,1.0,615.243,492.942,1.0,610.824,484.374,1.0,613.146,483.312,1.0,612.037,473.885,1.0,755.869,319.841,1.0,762.361,326.1,1.0,766.626,333.386,1.0,773.433,342.991,1.0,783.032,346.367,1.0,,,,,,,,,,,,,,,,601.669,434.444,1.0,604.922,430.32,1.0,614.094,423.864,1.0,615.27,422.775,1.0,627.305,427.014,1.0
721,947.94,156.778,1.0,945.045,153.766,1.0,936.138,143.914,1.0,928.849,138.48,1.0,923.479,135.465,1.0,617.77,495.703,1.0,615.106,492.942,1.0,610.824,484.374,1.0,613.146,483.258,1.0,611.959,472.993,1.0,754.725,320.14,1.0,759.49,324.277,1.0,766.596,333.068,1.0,772.862,341.456,1.0,783.171,346.367,1.0,,,,,,,,,,,,,,,,601.669,434.462,1.0,604.922,430.674,1.0,614.094,424.364,1.0,614.911,423.182,1.0,626.638,426.316,1.0
722,946.475,156.839,1.0,945.045,153.297,1.0,936.138,143.932,1.0,928.849,138.48,1.0,923.718,135.465,1.0,617.77,496.877,1.0,615.106,493.015,1.0,611.112,484.006,1.0,613.146,483.05,1.0,611.436,472.481,1.0,754.35,320.14,1.0,758.142,323.603,1.0,766.596,331.784,1.0,771.463,337.671,1.0,783.032,346.367,1.0,,,,,,,,,,,,,,,,601.356,435.802,1.0,606.132,432.566,1.0,614.043,424.622,1.0,614.465,422.775,1.0,625.548,426.013,1.0
723,944.74,158.294,1.0,945.045,153.249,1.0,936.138,144.013,1.0,928.849,138.596,1.0,924.002,135.465,1.0,617.77,496.877,1.0,614.905,493.177,1.0,611.2,484.006,1.0,613.146,483.05,1.0,611.393,472.481,1.0,753.773,319.841,1.0,757.625,322.987,1.0,766.275,331.606,1.0,771.255,337.613,1.0,783.032,346.683,1.0,,,,,,,,,,,,,,,,601.242,446.589,1.0,611.63,434.474,1.0,612.173,424.622,1.0,613.981,422.775,1.0,622.497,423.106,1.0
724,944.74,160.892,1.0,945.154,153.297,1.0,939.067,147.75,1.0,930.466,140.384,1.0,925.143,135.891,1.0,617.885,496.7,1.0,614.639,494.24,1.0,611.306,484.916,1.0,613.658,483.233,1.0,611.136,472.503,1.0,753.653,319.432,1.0,757.197,322.987,1.0,766.626,331.156,1.0,771.192,337.278,1.0,782.946,346.683,1.0,,,,,,,,,,,,,,,,598.403,447.334,1.0,611.63,438.33,1.0,607.29,424.622,1.0,613.981,421.33,1.0,620.075,421.126,1.0
725,944.74,162.007,1.0,945.154,153.766,1.0,939.551,149.269,1.0,930.856,141.7,1.0,926.199,136.366,1.0,617.885,496.7,1.0,614.602,494.796,1.0,611.626,486.926,1.0,614.082,483.233,1.0,611.136,472.503,1.0,753.773,319.332,1.0,757.048,322.987,1.0,766.731,330.652,1.0,771.255,336.802,1.0,782.694,346.683,1.0,,,,,,,,,,,,,,,,598.291,447.74,1.0,611.822,438.451,1.0,607.288,424.622,1.0,613.852,421.33,1.0,619.448,421.126,1.0
726,946.512,163.48,1.0,944.153,155.231,1.0,940.525,150.743,1.0,931.763,142.135,1.0,927.261,136.366,1.0,617.885,495.811,1.0,614.577,494.796,1.0,611.626,486.926,1.0,614.354,484.502,1.0,611.136,472.629,1.0,753.653,319.315,1.0,756.576,322.789,1.0,766.731,330.192,1.0,770.768,336.11,1.0,782.357,346.508,1.0,,,,,,,,,,,,,,,,598.291,447.78,1.0,611.63,438.477,1.0,607.101,424.622,1.0,613.852,421.33,1.0,619.448,421.126,1.0
727,947.098,164.124,1.0,944.153,155.963,1.0,940.554,151.342,1.0,932.951,143.183,1.0,929.665,136.319,1.0,617.175,494.724,1.0,613.604,494.796,1.0,611.626,487.132,1.0,614.354,486.868,1.0,611.139,473.023,1.0,753.382,318.084,1.0,756.061,321.782,1.0,766.526,328.154,1.0,770.768,335.767,1.0,782.204,344.344,1.0,,,,,,,,,,,,,,,,598.291,447.78,1.0,611.468,438.477,1.0,607.101,424.625,1.0,613.841,421.514,1.0,620.075,422.154,1.0
728,947.541,165.098,1.0,944.777,156.367,1.0,940.626,151.626,1.0,933.16,143.38,1.0,930.32,135.891,1.0,616.217,487.727,1.0,613.063,494.123,1.0,611.337,487.48,1.0,614.354,486.983,1.0,611.349,473.159,1.0,751.147,317.883,1.0,754.822,321.317,1.0,766.526,328.154,1.0,770.615,335.252,1.0,780.175,343.972,1.0,,,,,,,,,,,,,,,,598.301,447.788,1.0,610.301,438.684,1.0,607.288,428.244,1.0,613.278,423.004,1.0,624.061,422.613,1.0
729,947.917,165.44,1.0,944.777,156.513,1.0,940.724,151.75,1.0,933.174,143.523,1.0,930.345,136.319,1.0,616.217,487.727,1.0,612.97,493.554,1.0,609.927,487.48,1.0,613.579,486.983,1.0,611.452,473.261,1.0,750.056,317.883,1.0,754.081,321.317,1.0,766.362,328.154,1.0,770.615,334.292,1.0,780.175,343.972,1.0,,,,,,,,,,,,,,,,598.301,449.354,1.0,604.209,439.909,1.0,607.288,432.454,1.0,612.461,429.505,1.0,624.061,422.7,1.0
730,949.394,165.747,1.0,944.777,156.523,1.0,941.114,152.063,1.0,934.359,146.211,1.0,930.345,136.319,1.0,616.166,487.727,1.0,612.962,493.554,1.0,609.927,487.132,1.0,613.579,486.983,1.0,611.473,473.542,1.0,746.676,317.883,1.0,751.809,320.693,1.0,764.617,327.942,1.0,768.687,333.857,1.0,779.877,343.972,1.0,,,,,,,,,,,,,,,,598.301,449.354,1.0,603.134,439.909,1.0,607.201,432.864,1.0,612.031,430.138,1.0,624.061,422.705,1.0
731,949.95,165.783,1.0,945.454,157.246,1.0,941.234,152.499,1.0,935.27,146.978,1.0,932.01,137.006,1.0,615.821,498.028,1.0,612.902,493.554,1.0,609.927,486.785,1.0,613.543,486.119,1.0,611.549,474.307,1.0,745.132,318.868,1.0,751.809,320.693,1.0,764.42,327.942,1.0,768.687,333.545,1.0,779.745,344.914,1.0,,,,,,,,,,,,,,,,598.301,448.972,1.0,602.308,439.474,1.0,607.47,433.115,1.0,611.935,430.666,1.0,623.584,422.972,1.0
732,950.261,169.36,1.0,946.669,161.423,1.0,941.393,153.937,1.0,936.004,148.188,1.0,932.22,140.175,1.0,615.821,499.736,1.0,612.008,496.559,1.0,609.927,486.785,1.0,613.543,485.567,1.0,611.549,474.307,1.0,745.132,318.868,1.0,751.809,321.317,1.0,764.42,328.71,1.0,768.687,333.545,1.0,779.63,345.59,1.0,,,,,,,,,,,,,,,,598.256,449.536,1.0,602.308,439.909,1.0,607.201,433.166,1.0,611.462,430.848,1.0,623.375,423.249,1.0
733,955.215,170.393,1.0,947.49,162.87,1.0,941.437,154.849,1.0,936.019,150.421,1.0,932.744,141.663,1.0,615.406,502.527,1.0,611.485,496.873,1.0,609.569,486.785,1.0,613.808,484.88,1.0,615.461,479.326,1.0,745.132,321.611,1.0,751.809,321.774,1.0,764.42,329.235,1.0,769.01,334.292,1.0,779.63,345.59,1.0,,,,,,,,,,,,,,,,598.087,449.536,1.0,602.117,440.291,1.0,606.24,433.495,1.0,611.283,430.848,1.0,623.251,423.421,1.0
734,955.458,170.632,1.0,947.715,163.471,1.0,941.562,155.151,1.0,937.122,150.923,1.0,933.954,142.0,1.0,614.175,510.066,1.0,610.745,496.873,1.0,609.446,487.492,1.0,613.964,484.616,1.0,616.025,479.326,1.0,751.48,319.854,1.0,758.145,324.037,1.0,765.914,330.268,1.0,773.04,338.34,1.0,779.63,345.59,1.0,,,,,,,,,,,,,,,,598.087,449.673,1.0,602.117,441.294,1.0,606.24,435.27,1.0,610.801,430.848,1.0,622.69,424.075,1.0
735,955.673,170.632,1.0,948.611,164.532,1.0,941.622,155.151,1.0,937.291,150.923,1.0,934.264,142.131,1.0,613.861,510.066,1.0,610.745,496.559,1.0,609.36,487.492,1.0,613.808,482.86,1.0,616.025,479.326,1.0,761.482,318.868,1.0,764.334,324.455,1.0,765.914,331.857,1.0,773.04,339.172,1.0,782.595,345.876,1.0,,,,,,,,,,,,,,,,597.755,449.673,1.0,600.949,443.411,1.0,604.502,437.681,1.0,607.807,431.933,1.0,618.716,424.945,1.0
736,955.81,170.819,1.0,948.769,164.752,1.0,942.082,155.359,1.0,938.258,150.923,1.0,934.384,142.0,1.0,613.861,510.066,1.0,610.745,496.507,1.0,609.21,488.055,1.0,613.808,481.395,1.0,615.461,478.66,1.0,765.32,317.269,1.0,765.167,325.56,1.0,766.339,331.857,1.0,773.04,339.172,1.0,783.489,345.99,1.0,,,,,,,,,,,,,,,,597.652,449.762,1.0,600.949,443.411,1.0,604.502,437.681,1.0,607.807,432.125,1.0,618.716,426.907,1.0
737,956.299,170.858,1.0,950.206,164.766,1.0,942.717,155.423,1.0,939.301,150.923,1.0,935.044,142.0,1.0,613.861,509.976,1.0,611.247,496.413,1.0,609.21,487.492,1.0,613.447,479.713,1.0,616.286,477.946,1.0,776.461,317.269,1.0,766.822,326.59,1.0,766.706,331.857,1.0,770.62,339.172,1.0,783.806,350.329,1.0,,,,,,,,,,,,,,,,597.652,449.762,1.0,600.949,443.411,1.0,604.502,437.681,1.0,607.807,432.125,1.0,618.484,427.279,1.0
738,958.79,170.858,1.0,952.547,164.766,1.0,946.444,157.524,1.0,941.453,150.923,1.0,939.0,142.615,1.0,613.861,509.084,1.0,611.975,494.556,1.0,609.36,487.027,1.0,613.447,477.993,1.0,615.375,475.874,1.0,778.424,316.143,1.0,768.927,326.59,1.0,767.201,331.658,1.0,769.244,338.645,1.0,784.31,350.329,1.0,,,,,,,,,,,,,,,,597.652,448.734,1.0,603.242,440.113,1.0,605.013,435.944,1.0,609.825,432.125,1.0,618.716,427.279,1.0
739,959.198,171.459,1.0,953.312,164.766,1.0,947.246,161.611,1.0,943.72,151.752,1.0,939.103,146.343,1.0,612.829,500.453,1.0,612.044,491.837,1.0,611.832,486.462,1.0,613.447,477.291,1.0,614.519,468.841,1.0,778.742,315.969,1.0,771.809,326.59,1.0,766.706,330.678,1.0,768.546,338.332,1.0,784.444,350.329,1.0,,,,,,,,,,,,,,,,598.673,446.952,1.0,608.104,440.006,1.0,605.013,434.189,1.0,610.123,431.409,1.0,619.337,426.907,1.0
740,960.887,172.118,1.0,955.676,164.485,1.0,947.53,162.657,1.0,944.491,152.704,1.0,939.452,147.556,1.0,610.628,497.706,1.0,612.628,490.771,1.0,612.565,482.486,1.0,613.564,477.291,1.0,613.029,468.841,1.0,781.165,316.143,1.0,771.809,326.59,1.0,766.706,329.618,1.0,768.155,337.669,1.0,785.274,348.862,1.0,,,,,,,,,,,,,,,,605.851,446.012,1.0,609.873,438.559,1.0,605.013,431.454,1.0,611.447,428.518,1.0,620.018,426.231,1.0
741,961.41,172.567,1.0,955.841,164.485,1.0,947.609,162.928,1.0,944.775,153.019,1.0,939.493,147.989,1.0,608.699,495.65,1.0,612.628,489.168,1.0,613.062,480.277,1.0,615.07,476.318,1.0,611.984,468.841,1.0,781.723,316.143,1.0,775.691,326.59,1.0,767.201,328.793,1.0,768.155,337.427,1.0,785.386,347.329,1.0,,,,,,,,,,,,,,,,613.195,443.739,1.0,610.723,438.559,1.0,601.789,431.292,1.0,611.871,427.067,1.0,621.655,425.218,1.0
742,961.524,173.11,1.0,956.608,164.485,1.0,948.363,163.439,1.0,944.97,154.256,1.0,939.706,149.447,1.0,606.207,487.293,1.0,612.044,488.0,1.0,613.062,480.155,1.0,615.482,472.779,1.0,609.414,470.207,1.0,788.057,320.86,1.0,779.248,327.213,1.0,767.543,327.218,1.0,768.155,336.182,1.0,785.956,345.581,1.0,,,,,,,,,,,,,,,,619.522,442.607,1.0,611.221,438.559,1.0,601.789,431.292,1.0,612.526,427.067,1.0,621.703,425.218,1.0
743,963.38,173.477,1.0,959.155,167.404,1.0,952.907,166.326,1.0,945.702,159.145,1.0,940.777,151.355,1.0,604.709,481.821,1.0,610.156,487.86,1.0,613.062,479.539,1.0,615.482,466.331,1.0,606.153,471.53,1.0,788.084,320.86,1.0,780.869,327.113,1.0,767.543,327.167,1.0,769.441,335.998,1.0,785.956,345.437,1.0,,,,,,,,,,,,,,,,622.996,442.607,1.0,615.204,436.454,1.0,601.789,431.454,1.0,612.828,427.067,1.0,621.703,425.218,1.0
744,968.015,180.742,1.0,963.718,170.285,1.0,956.425,167.64,1.0,948.792,165.27,1.0,942.253,154.35,1.0,604.0,480.834,1.0,610.156,487.86,1.0,612.912,479.539,1.0,615.482,466.331,1.0,603.017,471.924,1.0,788.281,320.86,1.0,780.869,326.38,1.0,769.123,327.167,1.0,769.441,335.986,1.0,785.956,345.385,1.0,,,,,,,,,,,,,,,,623.924,442.607,1.0,615.941,438.787,1.0,602.828,432.356,1.0,612.828,428.089,1.0,621.703,425.615,1.0
745,968.862,180.972,1.0,963.804,171.387,1.0,957.206,168.834,1.0,949.686,166.228,1.0,942.325,156.094,1.0,603.028,479.492,1.0,610.156,486.958,1.0,612.912,479.539,1.0,615.141,466.207,1.0,601.199,473.141,1.0,789.837,319.69,1.0,781.02,325.705,1.0,769.685,327.167,1.0,769.441,334.003,1.0,785.588,345.385,1.0,,,,,,,,,,,,,,,,624.853,448.394,1.0,616.349,439.312,1.0,603.531,434.517,1.0,613.123,429.592,1.0,621.011,427.039,1.0
746,968.862,180.972,1.0,964.289,174.48,1.0,957.246,169.21,1.0,950.769,166.599,1.0,942.998,157.028,1.0,599.279,479.492,1.0,611.847,484.427,1.0,612.912,480.12,1.0,615.092,466.331,1.0,601.124,473.363,1.0,795.875,316.491,1.0,781.02,322.407,1.0,770.911,327.208,1.0,769.054,333.595,1.0,780.264,345.385,1.0,,,,,,,,,,,,,,,,625.041,449.194,1.0,620.889,438.787,1.0,605.738,434.611,1.0,613.123,429.619,1.0,620.51,428.749,1.0
747,969.357,180.972,1.0,964.802,174.879,1.0,957.458,169.61,1.0,951.579,167.032,1.0,945.57,158.935,1.0,599.279,479.492,1.0,611.847,484.427,1.0,612.966,480.12,1.0,614.749,466.331,1.0,600.499,473.363,1.0,796.151,316.491,1.0,780.749,320.46,1.0,773.866,327.208,1.0,768.661,333.578,1.0,772.779,346.608,1.0,,,,,,,,,,,,,,,,625.194,449.354,1.0,621.713,436.764,1.0,607.473,435.05,1.0,612.752,430.078,1.0,620.199,428.749,1.0
748,970.541,180.426,1.0,966.029,175.32,1.0,959.001,169.944,1.0,952.206,167.032,1.0,948.128,159.53,1.0,599.279,480.668,1.0,611.847,484.427,1.0,612.966,480.12,1.0,614.683,466.61,1.0,600.478,473.141,1.0,796.243,315.878,1.0,780.749,320.46,1.0,773.866,327.208,1.0,768.487,333.552,1.0,772.635,346.608,1.0,,,,,,,,,,,,,,,,629.345,449.774,1.0,623.047,437.144,1.0,610.112,438.475,1.0,609.227,430.298,1.0,618.679,428.749,1.0
749,971.144,180.426,1.0,966.761,177.38,1.0,961.558,170.354,1.0,952.758,167.032,1.0,949.931,160.644,1.0,604.574,482.078,1.0,609.159,484.302,1.0,612.966,478.422,1.0,614.53,466.85,1.0,600.261,471.725,1.0,796.243,315.878,1.0,781.012,320.46,1.0,771.51,325.739,1.0,768.661,333.552,1.0,772.345,346.608,1.0,,,,,,,,,,,,,,,,633.435,450.477,1.0,625.113,437.144,1.0,613.04,438.587,1.0,608.63,433.687,1.0,609.533,424.347,1.0
750,971.751,180.426,1.0,968.909,178.937,1.0,962.175,171.474,1.0,954.064,166.021,1.0,949.973,161.444,1.0,604.7,482.121,1.0,609.159,487.039,1.0,613.174,478.422,1.0,614.48,466.91,1.0,600.261,471.632,1.0,796.243,315.878,1.0,781.012,319.836,1.0,774.672,325.739,1.0,768.661,332.031,1.0,772.345,344.324,1.0,,,,,,,,,,,,,,,,633.529,450.477,1.0,626.266,437.144,1.0,613.824,438.587,1.0,608.63,434.319,1.0,609.274,424.347,1.0
751,973.676,181.51,1.0,968.972,179.604,1.0,962.313,172.484,1.0,954.395,166.021,1.0,950.187,161.573,1.0,605.205,486.997,1.0,609.159,487.039,1.0,613.238,478.422,1.0,612.407,467.12,1.0,600.499,471.237,1.0,796.279,316.493,1.0,783.173,319.836,1.0,774.672,325.357,1.0,768.862,331.98,1.0,772.32,342.832,1.0,,,,,,,,,,,,,,,,633.529,450.477,1.0,626.43,437.878,1.0,614.116,438.723,1.0,608.63,434.635,1.0,609.247,424.347,1.0
752,977.594,183.405,1.0,971.748,179.802,1.0,964.317,173.26,1.0,955.921,166.021,1.0,950.766,162.692,1.0,611.004,490.755,1.0,614.556,485.621,1.0,613.38,480.784,1.0,610.631,477.593,1.0,610.765,467.661,1.0,796.279,316.074,1.0,790.495,315.394,1.0,775.444,322.642,1.0,772.922,331.842,1.0,769.239,342.746,1.0,,,,,,,,,,,,,,,,633.731,449.793,1.0,626.563,438.132,1.0,615.594,439.454,1.0,609.373,434.923,1.0,609.009,424.312,1.0
753,977.605,183.788,1.0,973.449,180.532,1.0,965.613,174.355,1.0,957.04,166.119,1.0,952.46,164.0,1.0,613.553,490.755,1.0,615.485,485.621,1.0,613.606,480.975,1.0,610.311,478.585,1.0,611.111,467.656,1.0,796.004,317.067,1.0,790.495,315.394,1.0,775.444,322.626,1.0,772.922,331.842,1.0,768.248,342.575,1.0,,,,,,,,,,,,,,,,633.937,449.476,1.0,627.336,438.976,1.0,619.377,442.216,1.0,612.389,437.111,1.0,608.856,424.071,1.0
754,977.933,183.833,1.0,974.267,180.946,1.0,965.708,174.643,1.0,957.229,166.368,1.0,952.46,164.285,1.0,617.433,490.755,1.0,619.199,486.747,1.0,613.696,481.934,1.0,609.203,479.634,1.0,612.098,466.88,1.0,796.059,318.042,1.0,790.495,315.394,1.0,775.444,322.626,1.0,772.922,331.837,1.0,768.248,342.452,1.0,,,,,,,,,,,,,,,,633.937,448.056,1.0,628.993,440.014,1.0,621.822,442.472,1.0,615.848,437.562,1.0,,,0.0
755,978.315,183.904,1.0,975.453,181.199,1.0,966.226,174.643,1.0,957.827,166.6,1.0,952.46,167.376,1.0,618.961,489.53,1.0,622.339,485.621,1.0,613.696,482.345,1.0,609.203,478.585,1.0,612.205,466.88,1.0,796.059,318.23,1.0,787.426,319.313,1.0,775.444,322.642,1.0,772.597,331.837,1.0,768.248,342.452,1.0,,,,,,,,,,,,,,,,633.071,446.756,1.0,628.993,440.014,1.0,622.05,442.536,1.0,616.333,437.562,1.0,,,0.0
756,978.56,187.128,1.0,976.133,181.629,1.0,967.204,174.405,1.0,957.873,167.076,1.0,952.093,167.656,1.0,630.284,483.653,1.0,623.015,485.621,1.0,613.38,482.345,1.0,609.203,477.593,1.0,612.205,466.88,1.0,796.059,318.23,1.0,787.426,319.513,1.0,775.444,323.175,1.0,772.597,331.842,1.0,768.467,342.019,1.0,,,,,,,,,,,,,,,,,,0.0,629.049,440.379,1.0,622.337,442.472,1.0,616.333,437.111,1.0,,,0.0
757,978.564,187.128,1.0,976.133,181.796,1.0,967.204,174.405,1.0,958.179,167.076,1.0,951.938,167.656,1.0,630.284,482.879,1.0,626.288,485.504,1.0,610.514,482.345,1.0,609.774,473.531,1.0,612.098,466.88,1.0,797.0,318.23,1.0,787.426,320.386,1.0,775.735,323.175,1.0,772.597,331.837,1.0,768.47,341.572,1.0,,,,,,,,,,,,,,,,,,0.0,629.049,440.379,1.0,622.591,442.472,1.0,616.333,437.562,1.0,,,0.0
758,978.564,187.128,1.0,976.133,181.796,1.0,967.204,174.643,1.0,958.491,167.637,1.0,951.938,167.656,1.0,636.359,,1.0,627.074,485.376,1.0,609.934,480.97,1.0,610.283,472.831,1.0,612.205,,1.0,797.755,318.032,1.0,788.033,320.386,1.0,776.374,323.175,1.0,773.161,331.611,1.0,768.524,341.514,1.0,,,,,,,,,,,,,,,,,,0.0,631.36,440.8,1.0,623.91,441.86,1.0,617.245,437.562,1.0,,,0.0
759,978.564,187.413,1.0,975.924,181.796,1.0,967.285,174.405,1.0,958.806,167.39,1.0,951.938,167.896,1.0,644.176,,0.0,627.347,485.018,1.0,609.934,479.511,1.0,610.493,472.831,1.0,612.769,,0.0,800.361,316.032,1.0,793.311,320.386,1.0,777.82,322.578,1.0,774.376,331.223,1.0,768.485,341.326,1.0,,,,,,,,,,,,,,,,643.406,448.546,1.0,638.114,445.612,1.0,627.673,441.655,1.0,618.331,437.892,1.0,615.862,436.34,1.0
760,975.432,187.413,1.0,975.439,182.391,1.0,967.285,174.753,1.0,959.054,167.736,1.0,952.07,167.82,1.0,644.418,480.289,1.0,627.074,482.806,1.0,609.934,478.901,1.0,610.796,472.831,1.0,614.316,469.123,1.0,805.521,316.032,1.0,795.933,320.095,1.0,784.204,319.198,1.0,774.691,331.163,1.0,768.47,340.901,1.0,,,,,,,,,,,,,,,,,,0.0,638.185,445.701,1.0,627.738,441.655,1.0,618.732,438.199,1.0,,,0.0
761,975.432,187.413,1.0,975.439,181.988,1.0,967.285,174.968,1.0,960.333,167.736,1.0,952.166,167.82,1.0,644.176,479.568,1.0,626.288,481.987,1.0,610.037,478.901,1.0,610.805,472.933,1.0,613.856,469.123,1.0,806.282,316.032,1.0,795.933,319.724,1.0,785.513,319.003,1.0,776.19,330.878,1.0,768.485,338.92,1.0,,,,,,,,,,,,,,,,,,0.0,638.185,445.701,1.0,627.886,441.86,1.0,618.739,438.231,1.0,,,0.0
762,975.432,189.672,1.0,975.439,182.391,1.0,968.234,174.968,1.0,960.651,169.533,1.0,953.204,167.896,1.0,633.904,478.621,1.0,624.767,478.979,1.0,612.753,478.901,1.0,610.892,473.586,1.0,612.769,469.123,1.0,806.55,320.74,1.0,796.968,315.434,1.0,785.906,319.003,1.0,777.783,329.933,1.0,768.967,338.111,1.0,,,,,,,,,,,,,,,,644.53,449.704,1.0,638.662,446.943,1.0,629.225,441.917,1.0,619.55,439.709,1.0,,,0.0
763,978.07,190.561,1.0,975.439,182.391,1.0,968.673,175.791,1.0,962.119,172.083,1.0,953.566,167.896,1.0,633.904,478.956,1.0,624.767,478.674,1.0,614.547,486.439,1.0,611.46,473.586,1.0,609.063,469.126,1.0,807.279,321.028,1.0,797.756,315.03,1.0,786.109,319.003,1.0,777.963,329.303,1.0,770.742,333.265,1.0,,,,,,,,,,,,,,,,,,0.0,641.48,450.383,0.0,634.492,441.917,1.0,625.384,440.565,1.0,617.703,437.732,1.0
764,978.325,190.886,1.0,975.439,181.988,1.0,970.487,178.071,1.0,963.656,174.146,1.0,957.532,167.82,1.0,633.904,479.389,1.0,624.767,478.072,1.0,615.955,486.439,1.0,611.46,473.586,1.0,608.828,469.706,1.0,807.279,321.028,1.0,797.756,315.03,1.0,787.315,319.146,1.0,779.029,329.303,1.0,771.064,332.818,1.0,,,,,,,,,,,,,,,,,,0.0,642.28,450.705,1.0,634.553,441.917,1.0,627.042,440.93,1.0,617.703,437.732,1.0
765,979.356,191.01,1.0,975.479,181.988,1.0,971.179,179.159,1.0,963.759,174.52,1.0,958.884,167.969,1.0,634.152,478.956,1.0,624.99,478.386,1.0,616.166,486.439,1.0,611.704,473.586,1.0,608.828,469.706,1.0,806.55,320.74,1.0,798.082,315.03,1.0,787.395,319.342,1.0,779.795,329.303,1.0,771.324,332.818,1.0,,,,,,,,,,,,,,,,,,0.0,642.28,450.705,1.0,635.483,441.917,1.0,627.08,441.587,1.0,617.638,437.66,1.0
766,979.793,191.399,1.0,975.479,182.635,1.0,971.195,179.874,1.0,963.853,174.873,1.0,959.144,167.969,1.0,634.204,478.956,1.0,625.339,478.386,1.0,616.593,485.659,1.0,611.783,473.586,1.0,608.828,469.706,1.0,805.59,320.732,1.0,798.082,320.618,1.0,787.395,320.053,1.0,779.795,329.303,1.0,772.222,333.265,1.0,,,,,,,,,,,,,,,,,,0.0,642.057,450.433,1.0,635.483,441.898,1.0,627.08,441.587,1.0,617.638,437.66,1.0
767,981.327,192.032,1.0,975.479,183.759,1.0,971.351,181.823,1.0,963.891,175.999,1.0,959.328,167.969,1.0,641.835,479.389,1.0,626.803,477.99,1.0,618.024,483.722,1.0,611.768,473.635,1.0,609.161,469.126,1.0,804.129,316.596,1.0,798.082,320.618,1.0,787.395,320.186,1.0,779.795,328.792,1.0,772.222,333.328,1.0,,,,,,,,,,,,,,,,,,0.0,641.48,450.433,1.0,634.553,441.108,1.0,627.042,440.93,1.0,,,0.0
768,984.549,195.649,1.0,977.238,187.489,1.0,972.668,183.761,1.0,967.542,179.879,1.0,960.126,169.629,1.0,643.725,479.888,1.0,634.479,476.56,1.0,621.174,483.722,1.0,611.959,475.028,1.0,618.825,446.164,1.0,797.91,316.55,1.0,797.918,320.618,1.0,787.395,320.486,1.0,776.663,328.486,1.0,772.222,333.328,1.0,,,,,,,,,,,,,,,,,,,,,,,,,,,,,,
769,984.639,195.649,1.0,978.58,192.051,1.0,973.036,185.3,1.0,968.076,181.525,1.0,963.537,171.702,1.0,644.235,480.332,1.0,635.263,476.56,1.0,623.051,483.722,1.0,612.646,477.014,1.0,618.825,446.164,1.0,797.387,315.904,1.0,795.221,320.214,1.0,787.395,320.486,1.0,776.663,329.484,1.0,771.718,333.328,1.0,,,,,,,,,,,,,,,,,,,,,,,,,,,,,,
770,985.147,195.649,1.0,979.117,193.383,1.0,973.485,185.883,1.0,968.224,182.03,1.0,965.294,171.939,1.0,645.204,480.332,1.0,635.901,476.56,1.0,623.441,484.095,1.0,612.646,477.364,1.0,611.22,472.312,1.0,793.134,308.142,1.0,792.422,313.748,1.0,788.684,320.053,1.0,776.663,329.619,1.0,771.718,333.953,1.0,,,,,,,,,,,,,,,,,,,,,,,,,,,,,,
771,985.339,196.371,1.0,980.233,193.471,1.0,973.558,185.985,1.0,968.813,182.983,1.0,965.435,172.466,1.0,645.704,480.332,1.0,635.263,476.56,1.0,624.064,484.095,1.0,612.646,478.711,1.0,612.231,472.845,1.0,793.134,305.673,1.0,791.531,312.633,1.0,789.659,320.686,1.0,779.987,329.619,1.0,771.718,334.02,1.0,,,,,,,,,,,,,,,,,,,,,,,,,,,,,,
772,985.893,196.371,1.0,980.245,193.684,1.0,973.958,186.047,1.0,968.813,182.983,1.0,966.211,172.731,1.0,651.621,475.939,1.0,635.901,476.56,1.0,625.722,484.095,1.0,614.281,478.757,1.0,612.231,472.893,1.0,790.85,302.655,1.0,791.32,312.633,1.0,789.659,321.109,1.0,780.66,329.619,1.0,771.718,334.807,1.0,,,,,,,,,,,,,,,,,,,,,,,,,,,,,,
773,986.987,196.371,1.0,984.026,194.106,1.0,978.145,186.123,1.0,969.817,182.983,1.0,967.788,172.823,1.0,652.589,475.939,1.0,636.066,474.622,1.0,626.668,484.095,1.0,615.177,479.095,1.0,612.231,473.328,1.0,790.736,302.655,1.0,791.063,312.633,1.0,789.659,317.844,1.0,780.66,329.619,1.0,771.741,334.807,1.0,,,,,,,,,,,,,,,,,,,,,,,,,,,,,,
774,993.786,200.725,1.0,988.18,198.553,1.0,979.876,189.746,1.0,971.626,182.764,1.0,967.788,177.407,1.0,652.789,475.939,1.0,636.601,474.622,1.0,629.059,484.095,1.0,618.273,479.102,1.0,613.406,474.88,1.0,783.797,302.655,1.0,788.452,312.633,1.0,787.789,318.428,1.0,780.66,329.175,1.0,771.887,334.807,1.0,,,,,,,,,,,,,,,,,,,,,,,,,,,,,,
775,993.948,201.063,1.0,989.249,198.553,1.0,981.543,189.786,1.0,972.658,182.764,1.0,967.788,178.587,1.0,652.74,476.973,1.0,640.122,474.622,1.0,629.866,484.773,1.0,623.334,479.34,1.0,614.072,477.677,1.0,783.797,310.64,1.0,788.452,312.633,1.0,787.265,319.689,1.0,779.594,329.175,1.0,771.901,333.255,1.0,,,,,,,,,,,,,,,,,,,,,,,,,,,,,,
776,994.182,201.063,1.0,989.87,199.296,1.0,981.543,190.369,1.0,972.844,182.764,1.0,967.704,179.415,1.0,652.74,477.181,1.0,640.174,474.622,1.0,630.143,484.832,1.0,623.868,479.732,1.0,614.112,477.677,1.0,783.797,319.933,1.0,788.452,313.883,1.0,787.265,319.386,1.0,779.503,329.069,1.0,771.887,333.255,1.0,,,,,,,,,,,,,,,,,,,,,,,,,,,,,,
777,994.278,200.759,1.0,990.489,199.412,1.0,981.874,190.581,1.0,974.35,183.378,1.0,967.704,179.671,1.0,652.74,477.468,1.0,640.487,474.622,1.0,630.271,484.861,1.0,623.93,479.732,1.0,614.112,477.677,1.0,805.072,320.242,1.0,796.45,321.49,1.0,787.265,319.386,1.0,779.196,328.08,1.0,771.887,333.255,1.0,,,,,,,,,,,,,,,,,,,,,,,,,,,,,,
778,995.316,200.759,1.0,991.88,199.555,1.0,982.568,190.581,1.0,974.35,184.216,1.0,967.704,180.138,1.0,652.74,477.643,1.0,654.366,467.83,1.0,631.314,484.861,1.0,624.312,479.732,1.0,618.45,477.677,1.0,805.072,321.171,1.0,796.45,321.49,1.0,787.265,319.689,1.0,779.046,328.08,1.0,770.529,333.96,1.0,,,,,,,,,,,,,,,,,,,,,,,,,,,,,,
779,995.316,201.07,1.0,993.487,200.271,1.0,982.221,190.581,1.0,974.35,184.321,1.0,968.397,181.195,1.0,652.111,477.794,1.0,654.662,467.037,1.0,633.097,484.861,1.0,624.853,478.299,1.0,620.412,477.836,1.0,805.072,321.8,1.0,796.45,322.254,1.0,787.265,319.718,1.0,779.046,329.649,1.0,770.318,334.233,1.0,,,,,,,,,,,,,,,,,,,,,,,,,,,,,,
780,994.427,202.357,1.0,993.487,200.271,1.0,981.874,190.629,1.0,974.35,184.339,1.0,968.397,181.196,1.0,652.023,477.947,1.0,654.662,465.667,1.0,637.827,481.119,1.0,625.402,478.299,1.0,620.412,478.253,1.0,800.91,321.8,1.0,793.897,323.011,1.0,781.593,321.501,1.0,775.46,328.08,1.0,770.318,334.233,1.0,,,,,,,,,,,,,,,,,,,,,,,,,,,,,,
781,995.917,202.357,1.0,993.487,200.271,1.0,982.221,190.84,1.0,974.35,185.038,1.0,968.397,181.766,1.0,652.023,477.794,1.0,654.662,465.667,1.0,638.905,481.119,1.0,626.329,478.299,1.0,618.45,478.834,1.0,800.91,321.171,1.0,793.897,322.254,1.0,781.593,321.501,1.0,775.46,328.537,1.0,770.318,333.96,1.0,,,,,,,,,,,,,,,,,,,,,,,,,,,,,,
782,996.248,202.357,1.0,992.95,195.124,1.0,982.653,191.241,1.0,975.679,187.055,1.0,968.847,181.766,1.0,652.023,477.947,1.0,654.662,465.667,1.0,640.394,479.409,1.0,626.093,478.299,1.0,618.45,482.229,1.0,800.91,316.164,1.0,793.897,320.932,1.0,781.593,321.501,1.0,775.46,328.703,1.0,771.061,333.632,1.0,,,,,,,,,,,,,,,,,,,,,,,,,,,,,,
783,997.249,205.909,1.0,992.449,194.309,1.0,983.753,193.158,1.0,975.778,189.017,1.0,968.946,184.431,1.0,652.902,477.947,1.0,655.209,466.475,1.0,640.394,479.409,1.0,626.329,478.299,1.0,619.76,482.229,1.0,800.91,316.164,1.0,794.065,320.747,1.0,786.232,320.711,1.0,773.638,328.537,1.0,771.312,333.632,1.0,,,,,,,,,,,,,,,,,,,,,,,,,,,,,,
784,997.249,208.158,1.0,992.357,193.947,1.0,983.753,193.842,1.0,975.778,189.544,1.0,968.74,184.431,1.0,657.364,477.138,1.0,656.109,467.545,1.0,640.394,479.409,1.0,626.443,478.231,1.0,619.76,482.229,1.0,797.231,316.164,1.0,794.065,320.747,1.0,786.232,319.713,1.0,773.638,325.26,1.0,771.312,333.632,1.0,,,,,,,,,,,,,,,,,,,,,,,,,,,,,,
785,997.286,208.9,1.0,992.449,194.309,1.0,983.899,194.001,1.0,976.033,189.954,1.0,969.177,180.435,1.0,658.858,477.01,1.0,656.179,470.093,1.0,644.861,475.471,1.0,626.741,477.294,1.0,642.337,451.813,1.0,797.231,316.5,1.0,794.065,320.747,1.0,786.232,319.689,1.0,774.205,328.537,1.0,771.312,333.736,1.0,,,,,,,,,,,,,,,,,,,,,,,,,,,,,,
786,997.504,208.962,1.0,992.95,195.124,1.0,984.649,194.204,1.0,976.174,190.009,1.0,969.622,180.435,1.0,662.088,476.946,1.0,657.251,470.67,1.0,644.861,475.471,1.0,627.591,476.789,1.0,644.645,451.543,1.0,794.434,325.959,1.0,790.755,323.074,1.0,785.236,319.713,1.0,773.638,325.592,1.0,769.12,333.736,1.0,,,,,,,,,,,,,,,,,,,,,,,,,,,,,,
787,997.504,209.001,1.0,993.189,195.157,1.0,984.848,195.419,1.0,976.505,191.084,1.0,970.116,181.028,1.0,662.712,476.946,1.0,657.251,470.927,1.0,644.861,475.47,1.0,627.695,476.775,1.0,644.895,451.543,1.0,793.836,325.959,1.0,789.763,323.074,1.0,785.079,319.647,1.0,772.603,325.05,1.0,767.959,333.736,1.0,,,,,,,,,,,,,,,,,,,,,,,,,,,,,,
788,1000.685,209.592,1.0,994.542,199.551,1.0,986.832,198.027,1.0,978.782,192.346,1.0,971.485,181.028,1.0,663.03,477.01,1.0,657.251,470.927,1.0,644.861,475.47,1.0,627.695,476.775,1.0,645.131,451.543,1.0,793.836,325.959,1.0,787.141,323.074,1.0,781.613,319.647,1.0,772.603,325.592,1.0,767.959,333.075,1.0,,,,,,,,,,,,,,,,,,,,,,,,,,,,,,
789,1000.685,210.916,1.0,996.531,202.471,1.0,989.176,198.813,1.0,985.142,195.797,1.0,973.285,185.434,1.0,663.077,477.038,1.0,657.665,471.451,1.0,644.861,475.47,1.0,627.695,476.692,1.0,646.264,452.533,1.0,794.434,318.112,1.0,787.141,315.091,1.0,781.613,319.647,1.0,774.205,326.862,1.0,767.959,332.736,1.0,,,,,,,,,,,,,,,,,,,,,,,,,,,,,,
790,1000.685,210.916,1.0,996.531,205.395,1.0,989.176,199.076,1.0,986.225,196.291,1.0,978.474,186.39,1.0,664.648,479.246,1.0,658.491,473.262,1.0,651.556,473.876,1.0,627.695,476.692,1.0,648.849,453.307,1.0,797.119,309.864,1.0,787.141,312.795,1.0,781.613,319.647,1.0,777.762,326.384,1.0,771.776,332.736,1.0,,,,,,,,,,,,,,,,,,,,,,,,,,,,,,
791,1000.887,210.916,1.0,996.531,205.567,1.0,989.176,200.18,1.0,986.225,196.665,1.0,979.182,187.108,1.0,666.121,485.193,1.0,662.539,478.87,1.0,653.177,473.656,1.0,651.818,463.037,1.0,651.119,457.184,1.0,800.451,303.455,1.0,795.692,310.469,1.0,787.191,318.208,1.0,781.773,326.384,1.0,772.652,333.075,1.0,,,,,,,,,,,,,,,,,,,,,,,,,,,,,,
792,1000.887,211.497,1.0,996.531,205.593,1.0,989.345,200.18,1.0,986.225,196.976,1.0,979.673,187.31,1.0,666.121,485.193,1.0,662.562,479.469,1.0,653.44,473.416,1.0,651.818,463.037,1.0,651.14,457.428,1.0,800.451,303.28,1.0,795.692,310.469,1.0,787.191,318.208,1.0,781.773,326.56,1.0,772.88,333.075,1.0,,,,,,,,,,,,,,,,,,,,,,,,,,,,,,
793,1000.887,211.497,1.0,996.531,205.666,1.0,989.605,200.404,1.0,986.218,197.724,1.0,980.131,187.69,1.0,667.255,487.327,1.0,662.887,479.469,1.0,653.869,473.656,1.0,651.818,463.037,1.0,652.283,458.187,1.0,802.114,299.901,1.0,796.082,312.29,1.0,787.684,318.208,1.0,782.008,326.56,1.0,772.909,333.24,1.0,,,,,,,,,,,,,,,,,,,,,,,,,,,,,,
794,1002.753,212.297,1.0,999.393,209.725,1.0,990.298,200.464,1.0,986.218,198.343,1.0,980.224,187.702,1.0,667.255,487.327,1.0,663.342,479.469,1.0,653.869,473.656,1.0,651.556,463.496,1.0,652.809,458.258,1.0,802.92,299.65,1.0,797.158,309.293,1.0,787.975,317.82,1.0,782.017,326.384,1.0,772.931,333.26,1.0,,,,,,,,,,,,,,,,,,,,,,,,,,,,,,
795,1003.326,213.052,1.0,999.908,212.671,1.0,993.262,202.417,1.0,986.218,199.704,1.0,981.493,189.171,1.0,667.9,487.454,1.0,663.468,479.501,1.0,653.933,475.934,1.0,641.666,475.106,1.0,654.345,459.482,1.0,803.425,297.713,1.0,797.807,309.147,1.0,788.123,317.82,1.0,782.021,326.024,1.0,773.099,333.349,1.0,,,,,,,,,,,,,,,,,,,,,,,,,,,,,,
796,1006.251,214.833,1.0,1000.82,213.19,1.0,996.249,202.417,1.0,986.631,199.704,1.0,984.406,189.868,1.0,668.679,496.099,1.0,667.004,485.774,1.0,654.392,476.759,1.0,641.628,475.237,1.0,657.877,459.567,1.0,802.114,297.713,1.0,798.146,307.717,1.0,789.491,316.511,1.0,782.153,324.691,1.0,773.599,333.739,1.0,,,,,,,,,,,,,,,,,,,,,,,,,,,,,,
797,1006.251,214.833,1.0,1000.82,213.19,1.0,996.249,202.417,1.0,986.997,199.704,1.0,984.609,189.868,1.0,668.679,496.427,1.0,667.772,486.222,1.0,654.392,476.884,1.0,641.561,475.438,1.0,658.21,459.637,1.0,803.481,297.713,1.0,798.984,307.717,1.0,789.491,316.511,1.0,782.234,324.691,1.0,773.599,333.739,1.0,,,,,,,,,,,,,,,,,,,,,,,,,,,,,,
798,1006.251,214.833,1.0,1000.969,213.623,1.0,996.453,202.417,1.0,987.001,199.704,1.0,985.414,190.072,1.0,669.35,496.616,1.0,667.772,486.296,1.0,653.933,476.901,1.0,641.628,475.237,1.0,658.21,459.637,1.0,803.481,298.9,1.0,798.984,307.717,1.0,789.491,316.511,1.0,782.234,324.691,1.0,773.599,333.739,1.0,,,,,,,,,,,,,,,,,,,,,,,,,,,,,,
799,1006.251,214.833,1.0,1000.969,213.623,1.0,996.853,202.417,1.0,987.383,199.704,1.0,984.609,190.072,1.0,669.586,496.718,1.0,668.202,487.549,1.0,662.423,477.027,1.0,641.628,475.106,1.0,658.21,460.017,1.0,802.57,301.251,1.0,798.146,308.935,1.0,789.078,317.417,1.0,782.153,325.585,1.0,773.325,333.739,1.0,,,,,,,,,,,,,,,,,,,,,,,,,,,,,,
800,1009.847,217.616,1.0,1001.675,213.623,1.0,997.094,202.471,1.0,987.412,199.351,1.0,985.414,190.298,1.0,669.674,497.828,1.0,668.202,488.311,1.0,662.675,481.3,1.0,652.155,474.574,1.0,653.522,465.577,1.0,802.57,304.336,1.0,797.602,311.438,1.0,789.078,317.866,1.0,781.805,325.585,1.0,773.325,333.798,1.0,,,,,,,,,,,,,,,,,,,,,,,,,,,,,,
801,1009.847,218.319,1.0,1003.446,214.9,1.0,998.078,204.722,1.0,987.751,199.198,1.0,986.262,193.348,1.0,670.297,499.079,1.0,669.757,490.641,1.0,662.941,485.422,1.0,667.783,474.416,1.0,653.368,470.362,1.0,803.481,321.617,1.0,797.602,314.429,1.0,789.078,318.151,1.0,781.006,325.585,1.0,773.325,333.947,1.0,,,,,,,,,,,,,,,,,,,,,,,,,,,,,,
802,1009.907,218.37,1.0,1003.732,215.336,1.0,998.34,206.114,1.0,990.151,198.747,1.0,986.54,194.689,1.0,670.808,499.255,1.0,670.543,490.931,1.0,662.941,485.695,1.0,668.312,474.416,1.0,653.368,470.509,1.0,810.545,321.617,1.0,797.602,314.429,1.0,790.734,318.151,1.0,781.006,323.275,1.0,774.337,335.032,1.0,,,,,,,,,,,,,,,,,,,,,,,,,,,,,,
803,1010.399,219.251,1.0,1004.632,215.413,1.0,998.34,207.345,1.0,990.588,198.747,1.0,987.332,196.742,1.0,671.293,500.28,1.0,670.851,491.317,1.0,662.941,485.695,1.0,668.312,474.574,1.0,653.522,470.947,1.0,810.769,321.617,1.0,801.361,313.388,1.0,793.303,317.866,1.0,781.006,323.016,1.0,774.337,335.129,1.0,,,,,,,,,,,,,,,,,,,,,,,,,,,,,,
804,1009.907,219.463,1.0,1005.49,215.59,1.0,998.34,208.212,1.0,990.854,198.747,1.0,987.523,196.945,1.0,671.293,500.563,1.0,670.851,492.35,1.0,662.941,485.695,1.0,667.783,476.125,1.0,654.196,471.6,1.0,812.572,320.122,1.0,804.56,313.388,1.0,793.487,317.773,1.0,781.156,323.004,1.0,774.337,335.129,1.0,,,,,,,,,,,,,,,,,,,,,,,,,,,,,,
805,1009.907,220.129,1.0,1005.49,216.026,1.0,996.602,208.247,1.0,990.693,200.253,1.0,987.523,197.082,1.0,671.548,502.374,1.0,671.354,494.575,1.0,663.689,487.913,1.0,665.949,480.206,1.0,658.011,472.704,1.0,810.769,320.122,1.0,804.56,313.388,1.0,793.487,317.773,1.0,781.156,323.004,1.0,774.24,335.032,1.0,,,,,,,,,,,,,,,,,,,,,,,,,,,,,,
806,1009.777,220.422,1.0,1005.49,216.026,1.0,995.873,210.161,1.0,991.236,200.267,1.0,987.896,197.896,1.0,674.558,510.786,1.0,677.79,498.712,1.0,666.644,491.726,1.0,665.949,481.59,1.0,658.02,474.66,1.0,810.769,317.908,1.0,804.56,312.873,1.0,793.487,317.773,1.0,781.156,323.004,1.0,774.012,334.961,1.0,,,,,,,,,,,,,,,,,,,,,,,,,,,,,,
807,1008.257,221.853,1.0,1002.96,216.026,1.0,994.865,210.567,1.0,991.614,200.599,1.0,987.523,198.026,1.0,674.558,510.786,1.0,677.79,498.712,1.0,666.644,491.726,1.0,665.404,481.59,1.0,658.02,474.66,1.0,809.829,320.122,1.0,799.908,312.873,1.0,789.865,318.128,1.0,780.898,324.724,1.0,773.552,334.961,1.0,,,,,,,,,,,,,,,,,,,,,,,,,,,,,,
808,1005.343,221.947,1.0,1000.893,216.41,1.0,994.865,210.968,1.0,991.703,202.09,1.0,987.513,199.113,1.0,674.558,510.786,1.0,677.79,498.712,1.0,666.644,491.726,1.0,665.404,481.59,1.0,658.02,474.66,1.0,792.613,323.527,1.0,798.672,313.557,1.0,789.183,319.726,1.0,777.728,326.722,1.0,772.267,334.961,1.0,,,,,,,,,,,,,,,,,,,,,,,,,,,,,,
809,1002.831,223.283,1.0,1000.893,216.41,1.0,994.865,211.283,1.0,991.703,202.804,1.0,987.513,199.117,1.0,,,,,,,,,,,,,,,,660.593,474.738,1.0,655.06,479.141,1.0,670.562,491.975,1.0,626.679,477.469,1.0,618.81,476.078,1.0,,,,,,,,,,,,,,,,,,,,,,,,,,,,,,
810,1001.93,224.182,1.0,1000.893,216.41,1.0,995.132,211.482,1.0,991.703,202.851,1.0,987.617,199.318,1.0,,,,,,,,,,,,,,,,659.384,475.792,1.0,653.385,479.141,1.0,669.775,493.418,1.0,626.523,478.033,1.0,618.489,476.181,1.0,,,,,,,,,,,,,,,,,,,,,,,,,,,,,,
811,1001.917,224.525,1.0,1000.893,216.41,1.0,995.132,211.482,1.0,991.454,206.384,1.0,987.513,199.614,1.0,,,,,,,,,,,,,,,,657.528,476.833,1.0,653.385,480.283,1.0,668.513,493.418,1.0,626.427,478.258,1.0,618.476,476.202,1.0,,,,,,,,,,,,,,,,,,,,,,,,,,,,,,
812,1001.802,226.139,1.0,1000.752,217.993,1.0,995.132,212.677,1.0,991.255,208.273,1.0,987.496,200.374,1.0,,,,,,,,,,,,,,,,659.384,475.792,1.0,653.385,479.141,1.0,669.775,493.418,1.0,626.523,478.033,1.0,618.489,476.202,1.0,,,,,,,,,,,,,,,,,,,,,,,,,,,,,,
813,1001.802,226.714,1.0,1002.515,224.117,0.0,996.43,216.082,0.0,991.255,208.403,1.0,987.617,201.211,1.0,,,,,,,,,,,,,,,,660.593,474.738,1.0,682.909,472.4,1.0,670.562,492.563,1.0,626.679,477.469,1.0,618.81,476.181,1.0,,,,,,,,,,,,,,,,,,,,,,,,,,,,,,
814,1001.917,228.508,1.0,1004.178,500.725,1.0,998.44,489.931,1.0,991.454,208.403,1.0,987.617,202.112,1.0,,,,,,,,,,,,,,,,796.303,339.685,1.0,791.226,329.656,1.0,786.352,328.587,1.0,780.621,325.405,1.0,774.019,337.22,1.0,,,,,,,,,,,,,,,,,,,,,,,,,,,,,,
815,1002.568,234.496,1.0,1004.126,227.265,1.0,998.44,216.082,1.0,992.79,209.52,1.0,991.569,202.112,1.0,,,,,,,,,,,,,,,,797.522,338.107,1.0,791.638,327.427,1.0,787.116,325.947,1.0,780.941,324.376,1.0,774.253,336.868,1.0,,,,,,,,,,,,,,,,651.862,479.12,1.0,675.04,498.855,1.0,670.258,489.368,1.0,622.029,479.593,1.0,661.142,477.4,1.0
816,1004.278,233.761,1.0,1004.126,227.265,1.0,998.44,216.082,1.0,993.549,209.52,1.0,992.35,201.798,1.0,688.894,494.689,1.0,681.02,498.364,1.0,672.778,493.879,1.0,668.631,489.365,1.0,661.565,478.138,1.0,797.522,335.978,1.0,792.088,327.427,1.0,787.389,323.873,1.0,780.941,324.222,1.0,774.254,336.787,1.0,,,,,,,,,,,,,,,,651.829,478.566,1.0,649.531,477.273,1.0,,,0.0,622.029,479.253,1.0,661.142,477.4,1.0
817,1007.219,233.761,1.0,1004.178,227.265,1.0,999.324,216.082,1.0,994.697,209.52,1.0,993.079,201.798,1.0,688.894,493.658,1.0,681.02,498.364,1.0,672.778,493.879,1.0,668.27,488.969,1.0,661.565,478.138,1.0,796.303,335.978,1.0,792.604,327.734,1.0,790.167,315.196,1.0,780.941,324.04,1.0,774.425,336.787,1.0,,,,,,,,,,,,,,,,651.829,478.079,1.0,648.993,476.843,1.0,,,0.0,622.029,479.099,1.0,617.118,476.938,1.0
818,1007.219,234.496,1.0,1006.86,228.922,1.0,1001.025,220.94,1.0,996.507,213.284,1.0,993.116,202.112,1.0,688.894,493.658,1.0,681.02,498.364,1.0,672.778,493.879,1.0,664.411,485.418,1.0,661.565,478.138,1.0,796.012,335.978,1.0,794.088,328.028,1.0,791.12,315.196,1.0,778.648,322.584,1.0,774.425,335.896,1.0,,,,,,,,,,,,,,,,651.829,477.588,1.0,648.46,476.789,1.0,635.486,474.931,1.0,622.316,478.955,1.0,617.118,476.667,1.0
819,1007.246,238.989,1.0,1008.268,231.504,1.0,1001.247,221.001,1.0,997.446,213.383,1.0,993.605,204.017,1.0,690.777,494.504,1.0,683.013,497.87,1.0,673.036,493.879,1.0,662.574,484.843,1.0,661.327,478.138,1.0,796.012,336.335,1.0,794.32,328.028,1.0,791.332,315.196,1.0,778.618,322.507,1.0,774.373,335.886,1.0,,,,,,,,,,,,,,,,652.602,477.588,1.0,648.993,476.789,1.0,635.204,474.612,1.0,622.316,478.955,1.0,617.142,476.938,1.0
820,1008.021,240.302,1.0,1008.578,232.27,1.0,1001.247,221.47,1.0,997.706,213.938,1.0,994.143,204.137,1.0,690.863,494.504,1.0,683.576,497.87,1.0,673.104,494.063,1.0,662.574,484.843,1.0,661.725,479.657,1.0,796.012,337.669,1.0,794.32,329.132,1.0,791.332,316.318,1.0,777.897,322.507,1.0,774.254,335.695,1.0,,,,,,,,,,,,,,,,652.602,476.945,1.0,649.531,476.789,1.0,634.181,474.103,1.0,622.316,478.914,1.0,621.994,477.762,1.0
821,1007.925,240.302,1.0,1008.578,232.27,1.0,1001.397,221.758,1.0,997.896,213.938,1.0,994.192,204.39,1.0,691.476,493.658,1.0,684.121,497.87,1.0,673.104,494.408,1.0,662.574,485.418,1.0,662.472,479.676,1.0,796.817,338.132,1.0,794.32,330.33,1.0,791.129,318.799,1.0,777.897,322.507,1.0,774.373,335.299,1.0,,,,,,,,,,,,,,,,652.602,476.938,1.0,649.989,477.083,1.0,634.181,474.103,1.0,622.265,478.914,1.0,621.994,477.777,1.0
822,1007.925,240.302,1.0,1008.827,232.27,1.0,1001.397,222.401,1.0,997.896,214.573,1.0,994.279,204.882,1.0,694.015,493.405,1.0,686.263,497.87,1.0,673.585,494.408,1.0,665.636,486.271,1.0,668.847,483.222,1.0,797.432,338.503,1.0,794.968,330.98,1.0,791.346,320.542,1.0,777.897,322.797,1.0,774.015,334.566,1.0,,,,,,,,,,,,,,,,652.514,476.945,1.0,650.356,477.987,1.0,634.181,473.627,1.0,622.265,477.791,1.0,621.994,477.974,1.0
823,1008.021,240.051,1.0,1008.827,232.08,1.0,1001.977,225.113,1.0,998.465,214.779,1.0,994.36,212.257,1.0,694.662,493.405,1.0,687.25,497.87,1.0,677.149,496.287,1.0,666.222,487.424,1.0,668.847,486.84,1.0,798.246,340.014,1.0,797.388,335.584,1.0,791.346,323.315,1.0,777.582,323.319,1.0,773.55,334.273,1.0,,,,,,,,,,,,,,,,652.514,478.746,1.0,650.482,478.191,1.0,634.181,473.627,1.0,622.265,477.732,1.0,622.52,478.086,1.0
824,1010.757,240.051,1.0,1007.654,232.08,1.0,1002.497,227.48,1.0,999.554,217.269,1.0,994.573,215.807,1.0,696.864,493.405,1.0,687.81,499.978,1.0,677.649,497.068,1.0,666.222,488.573,1.0,668.847,487.385,1.0,800.729,349.803,1.0,798.414,338.853,1.0,791.386,325.547,1.0,777.579,323.319,1.0,773.47,329.819,1.0,,,,,,,,,,,,,,,,652.514,478.746,1.0,652.246,479.579,1.0,635.18,473.627,1.0,622.779,477.693,1.0,621.994,478.086,1.0
825,1012.246,240.051,1.0,1007.654,232.08,1.0,1002.694,228.838,1.0,999.654,219.075,1.0,995.147,216.335,1.0,697.504,493.489,1.0,687.869,499.978,1.0,681.522,497.068,1.0,667.22,490.222,1.0,669.51,488.71,1.0,800.729,349.803,1.0,798.785,338.943,1.0,791.386,326.262,1.0,777.08,323.319,1.0,772.377,324.293,1.0,,,,,,,,,,,,,,,,654.033,479.018,1.0,653.303,481.183,1.0,635.94,474.289,1.0,625.019,477.446,1.0,621.46,477.974,1.0
826,1013.862,240.596,1.0,1008.827,232.492,1.0,1002.952,229.22,1.0,999.897,219.494,1.0,995.262,216.335,1.0,697.526,494.126,1.0,687.869,499.978,1.0,682.583,497.068,1.0,667.862,490.719,1.0,669.51,488.821,1.0,800.729,349.803,1.0,799.103,338.972,1.0,791.553,326.792,1.0,776.938,323.091,1.0,772.377,324.293,1.0,,,,,,,,,,,,,,,,655.634,479.018,1.0,653.865,481.927,1.0,636.407,474.85,1.0,625.767,477.335,1.0,621.46,476.727,1.0
827,1015.517,241.277,1.0,1009.614,233.806,1.0,1003.717,231.47,1.0,1001.043,222.16,1.0,995.983,216.643,1.0,698.27,494.149,1.0,689.381,499.128,1.0,685.871,496.616,1.0,667.982,490.889,1.0,670.17,489.257,1.0,800.729,349.795,1.0,799.103,339.159,1.0,791.553,326.924,1.0,776.938,323.091,1.0,772.377,324.293,1.0,,,,,,,,,,,,,,,,657.422,479.096,1.0,655.998,481.927,1.0,638.39,475.027,1.0,626.895,477.28,1.0,623.375,476.474,1.0
828,1016.83,242.368,1.0,1011.215,239.307,1.0,1005.835,232.279,1.0,1002.549,223.351,1.0,998.571,217.361,1.0,701.075,494.776,1.0,692.311,499.095,1.0,686.881,495.952,1.0,679.126,491.684,1.0,671.579,491.276,1.0,800.729,349.795,1.0,799.136,339.239,1.0,791.647,327.168,1.0,776.938,323.091,1.0,772.577,324.325,1.0,,,,,,,,,,,,,,,,663.795,479.096,1.0,655.998,481.941,1.0,643.878,475.855,1.0,630.581,477.28,1.0,624.038,476.474,1.0
829,1017.607,243.482,1.0,1013.621,242.861,1.0,1006.638,232.453,1.0,1002.75,225.809,1.0,999.321,217.756,1.0,705.53,495.453,1.0,699.248,497.327,1.0,687.044,495.952,1.0,683.534,495.25,1.0,673.626,493.173,1.0,801.307,349.795,1.0,799.859,340.564,1.0,792.458,328.003,1.0,778.182,324.058,1.0,773.137,324.641,1.0,,,,,,,,,,,,,,,,666.361,479.096,1.0,655.998,482.132,1.0,646.041,475.924,1.0,632.312,477.28,1.0,626.412,476.727,1.0
830,1019.598,250.804,1.0,1013.659,243.431,1.0,1006.77,232.459,1.0,1002.81,225.923,1.0,1001.678,219.05,1.0,705.765,495.781,1.0,700.218,497.217,1.0,688.008,495.604,1.0,683.534,495.25,1.0,674.058,494.089,1.0,801.434,349.302,1.0,799.859,341.445,1.0,795.048,333.201,1.0,787.214,327.186,1.0,775.024,324.641,1.0,,,,,,,,,,,,,,,,667.606,479.096,1.0,650.712,483.621,1.0,646.977,476.189,1.0,632.726,479.776,1.0,626.653,478.993,1.0
831,1019.674,251.776,1.0,1014.574,244.711,1.0,1006.845,232.581,1.0,1002.81,227.331,1.0,1002.959,219.179,1.0,706.436,495.825,1.0,700.437,497.217,1.0,688.008,495.604,1.0,683.534,495.25,1.0,675.524,495.166,1.0,802.226,350.141,1.0,799.663,341.778,1.0,795.198,334.137,1.0,788.156,328.926,1.0,775.08,324.325,1.0,,,,,,,,,,,,,,,,667.699,479.671,1.0,650.712,483.877,1.0,646.977,476.189,1.0,632.83,479.883,1.0,626.929,478.993,1.0
832,1019.674,251.776,1.0,1014.574,244.711,1.0,1006.77,232.581,1.0,1002.81,227.331,1.0,1002.959,219.179,1.0,706.488,495.825,1.0,700.522,497.327,1.0,688.008,495.555,1.0,681.445,496.242,1.0,675.524,495.166,1.0,802.652,350.141,1.0,799.663,341.836,1.0,795.199,334.41,1.0,789.297,329.541,1.0,776.585,321.487,1.0,,,,,,,,,,,,,,,,667.699,479.697,1.0,650.712,484.568,1.0,647.222,476.189,1.0,632.867,479.883,1.0,626.939,478.993,1.0
833,1019.598,251.776,1.0,1014.574,244.711,1.0,1006.638,232.581,1.0,1002.17,227.331,1.0,1002.959,219.179,1.0,709.889,495.781,1.0,702.882,497.88,1.0,690.832,495.604,1.0,681.445,497.045,1.0,675.524,495.166,1.0,803.937,349.832,1.0,799.663,341.778,1.0,795.199,334.764,1.0,790.507,329.686,1.0,777.684,321.487,1.0,,,,,,,,,,,,,,,,667.699,480.616,1.0,652.653,486.142,1.0,647.342,476.274,1.0,633.221,479.954,1.0,629.025,478.579,1.0
834,,,,,,,,,,,,,,,,710.0,491.731,1.0,703.003,498.007,1.0,693.67,495.604,1.0,681.445,497.045,1.0,678.076,495.166,1.0,803.937,349.153,1.0,799.663,341.445,1.0,795.199,334.764,1.0,790.697,330.082,1.0,777.923,321.487,1.0,,,,,,,,,,,,,,,,667.499,480.845,1.0,656.251,486.142,1.0,648.856,476.95,1.0,642.396,480.348,1.0,630.649,478.37,1.0
835,,,,,,,,,,,,,,,,710.677,491.731,1.0,703.914,499.593,1.0,695.25,495.555,1.0,681.788,498.144,1.0,678.076,494.662,1.0,804.112,349.832,1.0,799.835,340.882,1.0,795.462,334.865,1.0,790.947,329.686,1.0,778.06,321.75,1.0,,,,,,,,,,,,,,,,667.408,480.899,1.0,658.483,486.142,1.0,650.464,479.164,1.0,644.384,480.465,1.0,633.523,477.32,1.0
836,,,,,,,,,,,,,,,,710.884,491.731,1.0,704.46,500.469,1.0,695.323,495.107,1.0,681.851,498.887,1.0,678.971,494.17,1.0,804.112,349.832,1.0,800.167,340.882,1.0,796.674,334.964,1.0,790.947,330.359,1.0,779.712,322.072,1.0,,,,,,,,,,,,,,,,667.408,481.254,1.0,659.544,486.141,1.0,651.68,479.947,1.0,644.62,480.465,1.0,633.849,477.754,1.0
837,,,,,,,,,,,,,,,,710.884,491.736,1.0,704.46,500.539,1.0,696.055,495.614,1.0,682.356,498.913,1.0,679.85,494.17,1.0,806.433,350.86,1.0,801.447,340.882,1.0,798.108,337.763,1.0,790.697,331.463,1.0,783.467,323.552,1.0,,,,,,,,,,,,,,,,667.499,481.254,1.0,659.591,485.956,1.0,651.807,480.222,1.0,644.622,480.681,1.0,633.957,477.754,1.0
838,,,,,,,,,,,,,,,,712.501,493.58,1.0,706.249,500.994,1.0,697.428,496.132,1.0,684.341,499.517,1.0,680.582,495.796,1.0,808.198,356.264,1.0,804.145,347.608,1.0,800.19,341.598,1.0,790.562,332.555,1.0,783.839,327.113,1.0,,,,,,,,,,,,,,,,667.597,481.522,1.0,660.465,485.956,1.0,652.631,480.844,1.0,645.228,480.761,1.0,634.456,477.754,1.0
839,1034.529,256.782,0.5170000195503235,1025.875,250.859,0.41999998688697815,1018.008,247.262,0.6949999928474426,1013.037,246.201,0.6610000133514404,,,0.0,716.411,499.501,1.0,708.973,501.086,1.0,699.146,496.132,1.0,692.105,501.15,1.0,681.11,496.149,1.0,808.242,356.355,1.0,804.944,348.064,1.0,800.19,342.064,1.0,790.516,333.148,1.0,784.427,327.343,1.0,,,,,,,,,,,,,,,,668.372,481.522,1.0,661.396,486.141,1.0,653.335,480.844,1.0,645.228,480.761,1.0,635.209,478.102,1.0
840,1032.116,254.739,1.0,1025.875,246.023,1.0,1018.008,247.262,1.0,1013.037,243.006,1.0,1008.75,234.319,0.9990000128746033,718.651,505.11,1.0,709.382,501.316,1.0,699.354,496.37,1.0,692.36,501.15,1.0,681.339,496.481,1.0,808.242,356.355,1.0,805.593,348.064,1.0,800.19,342.486,1.0,790.516,333.216,1.0,784.581,327.85,1.0,,,,,,,,,,,,,,,,671.974,492.844,1.0,668.513,488.108,1.0,655.602,480.87,1.0,645.682,480.761,1.0,635.956,478.102,1.0
841,1032.116,254.384,1.0,1025.875,245.822,1.0,1018.008,247.262,1.0,1013.037,242.773,1.0,1008.75,234.03,1.0,720.343,505.11,1.0,713.181,501.225,1.0,701.952,497.152,1.0,694.736,501.205,1.0,683.049,497.497,1.0,808.198,356.264,1.0,805.698,348.768,1.0,800.19,342.56,1.0,790.562,333.228,1.0,784.715,327.85,1.0,,,,,,,,,,,,,,,,675.095,496.518,1.0,670.643,488.108,1.0,656.39,481.658,1.0,646.596,480.097,1.0,638.676,478.102,1.0
842,1033.192,254.384,1.0,1028.077,245.776,1.0,1018.998,247.397,1.0,1015.131,242.773,1.0,1008.75,234.03,1.0,720.893,505.11,1.0,713.323,501.316,1.0,704.041,497.412,1.0,697.473,501.15,1.0,685.43,497.497,1.0,809.009,356.757,1.0,806.574,349.341,1.0,800.307,343.001,1.0,790.623,333.336,1.0,784.88,328.247,1.0,,,,,,,,,,,,,,,,677.031,497.264,1.0,671.541,488.865,1.0,660.047,481.679,1.0,647.037,479.768,1.0,640.478,477.689,1.0
843,1033.192,253.315,1.0,1028.192,245.776,1.0,1019.049,247.736,1.0,1015.14,242.662,1.0,1008.834,234.319,1.0,721.465,504.967,1.0,713.598,501.316,1.0,704.246,497.554,1.0,697.473,500.934,1.0,685.541,497.497,1.0,809.009,356.757,1.0,806.608,349.767,1.0,800.583,344.794,1.0,791.091,333.987,1.0,787.182,328.537,1.0,,,,,,,,,,,,,,,,677.935,497.286,1.0,673.076,488.865,1.0,660.705,481.679,1.0,646.814,479.768,1.0,640.964,477.395,1.0
844,1033.419,253.093,1.0,1028.227,245.776,1.0,1019.049,247.736,1.0,1015.14,242.773,1.0,1008.834,234.394,1.0,722.214,504.967,1.0,714.366,501.51,1.0,705.148,497.578,1.0,697.473,500.1,1.0,691.401,496.065,1.0,813.45,362.119,1.0,809.653,355.589,1.0,801.66,345.771,1.0,794.248,338.168,1.0,791.958,329.16,1.0,,,,,,,,,,,,,,,,678.486,497.286,1.0,674.226,488.529,1.0,661.326,482.069,1.0,647.037,479.864,1.0,641.678,476.799,1.0
845,1035.067,252.756,1.0,1028.227,245.776,1.0,1019.049,247.736,1.0,1015.131,242.662,1.0,1008.834,234.621,1.0,722.287,504.967,1.0,715.258,502.009,1.0,706.063,497.999,1.0,697.002,496.067,1.0,692.625,495.65,1.0,817.593,362.119,1.0,811.197,356.928,1.0,802.385,346.158,1.0,794.343,339.128,1.0,791.995,329.983,1.0,,,,,,,,,,,,,,,,678.486,497.264,1.0,674.871,488.529,1.0,662.109,482.069,1.0,647.251,479.864,1.0,642.494,476.451,1.0
846,1035.067,252.756,1.0,1028.227,245.443,1.0,1019.113,247.421,1.0,1015.14,242.647,1.0,1008.772,234.751,1.0,722.494,506.893,1.0,716.829,502.264,1.0,708.551,498.829,1.0,697.002,496.067,1.0,693.231,494.913,1.0,817.593,362.119,1.0,811.223,357.27,1.0,802.737,346.158,1.0,794.399,339.686,1.0,792.281,330.825,1.0,,,,,,,,,,,,,,,,678.486,496.17,1.0,675.557,488.529,1.0,662.887,482.069,1.0,647.267,480.106,1.0,643.092,476.451,1.0
847,1035.067,252.756,1.0,1028.227,245.443,1.0,1019.113,247.375,1.0,1015.226,242.05,1.0,1008.252,234.751,1.0,728.877,507.852,1.0,717.441,505.761,1.0,712.18,499.095,1.0,697.002,496.067,1.0,695.14,493.516,1.0,817.646,363.27,1.0,812.528,357.27,1.0,804.287,346.498,1.0,795.264,341.421,1.0,793.249,332.203,1.0,,,,,,,,,,,,,,,,678.761,494.914,1.0,675.956,488.113,1.0,663.214,483.222,1.0,647.827,480.173,1.0,643.224,476.451,1.0
848,1034.08,254.833,1.0,1028.176,245.443,1.0,1019.375,247.375,1.0,1015.733,241.975,1.0,1008.252,234.751,1.0,729.331,507.951,1.0,717.441,506.849,1.0,712.294,499.201,1.0,698.255,496.234,1.0,695.196,493.516,1.0,817.849,363.27,1.0,815.57,357.524,1.0,804.403,349.647,1.0,796.244,343.788,1.0,793.734,332.211,1.0,,,,,,,,,,,,,,,,680.837,483.284,1.0,675.956,488.529,1.0,663.214,483.222,1.0,647.92,480.247,1.0,643.294,476.768,1.0
849,1030.806,257.621,1.0,1027.912,246.995,1.0,1021.44,247.375,1.0,1015.733,241.975,1.0,1008.037,233.154,1.0,730.331,508.917,1.0,717.441,507.416,1.0,712.811,499.276,1.0,698.467,496.339,1.0,695.196,493.516,1.0,819.398,363.965,1.0,815.814,357.609,1.0,806.139,350.398,1.0,799.965,344.321,1.0,794.569,335.05,1.0,,,,,,,,,,,,,,,,682.499,482.262,1.0,675.956,489.179,1.0,663.214,483.222,1.0,647.965,480.705,1.0,643.68,476.824,1.0
850,1030.469,259.805,1.0,1028.176,247.898,1.0,1021.468,247.842,1.0,1017.93,242.05,1.0,1008.756,,1.0,730.342,508.917,1.0,717.441,507.416,1.0,712.811,499.276,1.0,698.537,497.288,1.0,695.196,494.303,1.0,820.315,367.823,1.0,816.503,357.709,1.0,809.875,353.988,1.0,802.129,348.087,1.0,794.857,339.649,1.0,,,,,,,,,,,,,,,,682.698,481.581,1.0,672.86,489.819,1.0,662.786,482.753,1.0,649.559,481.539,1.0,645.485,476.836,1.0
851,1030.029,259.968,0.8870000243186951,1027.912,249.439,0.9150000214576721,1021.468,247.842,0.9990000128746033,1018.439,244.941,1.0,1009.407,233.154,0.0,730.395,508.917,1.0,718.065,507.416,1.0,712.811,499.386,1.0,699.232,498.231,1.0,695.196,496.535,1.0,820.315,368.66,1.0,817.863,358.403,1.0,809.973,354.604,1.0,802.345,349.189,1.0,794.857,340.564,1.0,,,,,,,,,,,,,,,,682.698,481.581,1.0,672.677,490.019,1.0,662.786,482.548,1.0,656.665,482.327,1.0,646.712,478.449,1.0
852,1029.477,259.968,0.9819999933242798,1026.938,250.071,0.984000027179718,1021.832,248.154,1.0,1017.93,245.552,1.0,1010.864,233.41,1.0,734.165,506.282,1.0,726.803,497.835,1.0,712.811,499.599,1.0,701.872,499.067,1.0,695.196,496.789,1.0,820.315,368.66,1.0,817.941,358.403,1.0,809.976,354.674,1.0,802.501,349.305,1.0,795.213,340.631,1.0,,,,,,,,,,,,,,,,682.698,481.581,1.0,672.677,490.019,1.0,662.786,482.548,1.0,657.365,482.943,1.0,646.725,478.768,1.0
853,1030.029,261.565,0.9990000128746033,1026.446,257.192,0.9990000128746033,1021.832,247.842,1.0,1017.388,245.696,1.0,1010.82,233.41,1.0,736.366,505.927,1.0,729.191,497.835,1.0,713.42,500.661,1.0,708.463,501.575,1.0,696.041,496.894,1.0,820.315,368.66,1.0,818.236,358.403,1.0,810.055,354.759,1.0,802.535,349.604,1.0,795.213,340.861,1.0,,,,,,,,,,,,,,,,682.811,481.581,1.0,672.86,490.019,1.0,663.01,482.753,1.0,657.696,483.071,1.0,647.565,478.794,1.0
854,1030.703,266.881,0.0,1026.446,257.626,0.6579999923706055,1022.795,249.074,0.9959999918937683,1017.388,245.791,1.0,1010.82,233.41,1.0,736.525,505.663,1.0,729.433,497.835,1.0,714.464,502.266,1.0,710.533,502.335,1.0,699.051,497.555,1.0,820.315,368.56,1.0,818.495,358.345,1.0,810.639,354.789,1.0,803.098,349.608,1.0,795.413,341.138,1.0,,,,,,,,,,,,,,,,682.811,481.581,1.0,674.533,490.019,1.0,664.872,483.153,1.0,658.904,483.076,1.0,648.687,481.589,1.0
855,1035.785,269.097,1.0,1026.446,260.025,1.0,1021.69,249.074,1.0,1017.388,245.912,1.0,1010.864,238.246,1.0,737.38,505.647,1.0,729.588,498.164,1.0,715.707,503.246,1.0,711.308,503.102,1.0,699.99,498.788,1.0,820.397,368.288,1.0,819.7,358.304,1.0,811.129,355.34,1.0,803.098,349.608,1.0,796.047,342.241,1.0,,,,,,,,,,,,,,,,685.172,481.417,1.0,683.141,489.796,1.0,668.122,484.286,1.0,659.207,483.076,1.0,651.716,481.602,1.0
856,1035.785,268.972,1.0,1028.149,261.223,1.0,1021.69,249.429,1.0,1017.388,247.328,1.0,1013.592,239.439,1.0,737.38,505.647,1.0,729.955,498.744,1.0,716.5,503.445,1.0,711.419,503.421,1.0,700.243,499.521,1.0,824.848,366.928,1.0,819.884,358.304,1.0,811.25,355.621,1.0,803.187,349.608,1.0,796.386,342.758,1.0,,,,,,,,,,,,,,,,689.705,479.908,1.0,687.187,489.663,1.0,670.123,486.249,1.0,659.627,483.54,1.0,654.557,481.625,1.0
857,1035.785,268.711,0.9990000128746033,1029.156,261.223,1.0,1021.69,254.929,1.0,1017.795,247.704,1.0,1013.975,241.749,1.0,737.38,505.647,1.0,729.588,499.107,1.0,716.936,503.612,1.0,711.932,503.516,1.0,700.815,499.521,1.0,828.424,358.812,1.0,820.506,358.304,1.0,812.392,355.654,1.0,803.552,349.024,1.0,796.386,343.154,1.0,,,,,,,,,,,,,,,,690.936,479.908,1.0,687.374,489.103,1.0,670.875,486.249,1.0,659.668,483.54,1.0,655.348,481.75,1.0
858,1036.024,268.972,1.0,1030.409,261.561,1.0,1021.754,255.118,1.0,1018.225,247.77,1.0,1015.346,242.8,1.0,737.195,505.647,1.0,729.433,499.194,1.0,718.328,503.805,1.0,713.641,503.721,1.0,701.765,499.521,1.0,830.317,351.301,1.0,823.164,362.026,1.0,812.672,356.561,1.0,803.808,348.564,1.0,796.386,343.441,1.0,,,,,,,,,,,,,,,,691.942,479.908,1.0,687.42,489.103,1.0,670.884,486.466,1.0,659.668,483.54,1.0,655.348,481.94,1.0
859,1036.745,269.097,1.0,1031.218,261.561,1.0,1021.754,255.607,1.0,1018.834,247.77,1.0,1015.353,243.007,1.0,735.585,510.121,1.0,729.588,499.755,1.0,718.637,503.827,1.0,714.095,503.945,1.0,703.765,497.845,1.0,831.189,350.679,1.0,824.827,362.232,1.0,814.437,356.722,1.0,805.476,348.564,1.0,796.586,343.865,1.0,,,,,,,,,,,,,,,,692.193,481.028,1.0,687.954,488.96,1.0,671.451,486.249,1.0,659.871,483.687,1.0,655.446,482.257,1.0
860,1037.456,269.262,1.0,1031.316,261.561,1.0,1022.09,255.795,1.0,1019.79,248.422,1.0,1016.456,243.386,1.0,731.956,510.81,1.0,728.234,502.371,1.0,720.609,504.902,1.0,716.416,504.659,1.0,703.765,497.831,1.0,831.832,350.671,1.0,825.88,362.868,1.0,814.801,357.676,1.0,805.768,348.564,1.0,798.106,344.082,1.0,,,,,,,,,,,,,,,,692.275,481.402,1.0,687.954,488.69,1.0,672.517,486.114,1.0,661.176,483.721,1.0,655.673,482.29,1.0
861,1038.328,272.619,0.9990000128746033,1037.214,264.558,1.0,1028.005,263.202,1.0,1022.196,255.327,1.0,1019.332,246.211,1.0,731.956,514.282,1.0,728.234,507.857,1.0,720.609,504.902,1.0,716.464,504.703,1.0,703.765,497.831,1.0,832.364,350.679,1.0,827.826,362.232,1.0,815.009,358.136,1.0,809.413,355.195,1.0,798.333,344.311,1.0,,,,,,,,,,,,,,,,697.609,481.402,1.0,687.42,488.689,1.0,676.919,485.378,1.0,664.032,483.913,1.0,657.764,482.481,1.0
862,1041.586,272.667,1.0,1037.493,264.804,1.0,1029.727,264.224,1.0,1022.218,255.919,1.0,1019.4,247.072,1.0,731.551,514.282,1.0,727.724,507.857,1.0,720.609,504.902,1.0,716.464,504.744,1.0,702.288,497.845,1.0,832.579,350.679,1.0,827.978,362.026,1.0,815.246,358.849,1.0,809.413,355.737,1.0,799.882,344.311,1.0,,,,,,,,,,,,,,,,697.609,481.402,1.0,685.63,488.599,1.0,676.919,485.011,1.0,665.014,484.523,1.0,659.965,482.734,1.0
863,1042.0,272.667,1.0,1037.834,265.073,1.0,1029.94,264.224,1.0,1022.468,256.935,1.0,1019.739,248.757,1.0,731.551,514.282,1.0,727.724,507.857,1.0,720.436,503.803,1.0,716.464,504.744,1.0,702.056,498.613,1.0,833.029,350.502,1.0,828.106,361.006,1.0,816.177,358.849,1.0,809.413,355.75,1.0,800.925,344.311,1.0,,,,,,,,,,,,,,,,699.55,481.853,1.0,685.63,488.223,1.0,678.132,481.266,1.0,665.59,484.61,1.0,660.75,482.734,1.0
864,1042.36,272.619,1.0,1038.002,265.073,1.0,1030.569,264.895,1.0,1022.468,256.935,1.0,1019.739,248.757,1.0,,,0.0,726.822,498.25,1.0,719.456,503.438,1.0,715.192,504.744,1.0,701.804,498.613,1.0,838.718,350.502,1.0,828.861,358.441,1.0,818.906,358.136,1.0,807.597,357.963,1.0,801.697,347.285,1.0,,,,,,,,,,,,,,,,700.464,482.064,1.0,685.63,487.907,1.0,678.955,481.266,1.0,665.775,485.034,1.0,661.597,483.035,1.0
865,1045.188,271.637,1.0,1038.951,265.821,1.0,1031.682,264.895,1.0,1025.47,260.672,1.0,1021.957,251.035,1.0,,,0.0,,,0.0,717.879,502.87,1.0,713.216,504.744,1.0,701.39,498.613,1.0,841.115,350.502,1.0,829.101,358.076,1.0,821.0,357.377,1.0,807.596,358.99,1.0,802.62,350.767,1.0,,,,,,,,,,,,,,,,707.946,492.875,1.0,686.142,487.907,1.0,678.955,481.266,1.0,672.767,487.802,1.0,663.152,483.491,1.0
866,1046.523,271.395,1.0,1039.474,266.304,1.0,1032.637,263.151,1.0,1026.063,261.746,1.0,1021.984,251.196,1.0,,,,,,,,,,,,,,,,841.115,349.926,1.0,829.921,357.797,1.0,822.307,356.804,1.0,807.596,359.456,1.0,803.389,351.996,1.0,,,,,,,,,,,,,,,,709.191,493.1,1.0,695.675,487.907,1.0,692.869,490.266,1.0,678.967,488.582,1.0,664.968,484.779,1.0
867,1046.523,271.395,1.0,1039.542,266.304,1.0,1032.637,263.151,1.0,1026.063,261.746,1.0,1021.984,251.667,1.0,,,,,,,,,,,,,,,,841.115,349.926,1.0,829.921,357.78,1.0,822.454,356.533,1.0,807.597,360.291,1.0,803.389,352.263,1.0,,,,,,,,,,,,,,,,713.398,493.1,1.0,704.845,487.907,1.0,694.248,490.528,1.0,710.237,502.518,1.0,666.222,487.01,1.0
868,1046.523,271.395,1.0,1039.566,266.486,1.0,1031.78,264.389,1.0,1026.063,261.746,1.0,1021.984,251.733,1.0,,,,,,,,,,,,,,,,841.243,349.926,1.0,829.921,357.78,1.0,823.685,356.449,1.0,808.536,360.306,1.0,804.775,352.407,1.0,,,,,,,,,,,,,,,,714.768,492.875,1.0,709.568,489.548,1.0,694.248,490.528,1.0,710.237,502.518,1.0,668.136,487.01,1.0
869,1043.779,272.982,1.0,1039.566,266.304,1.0,1031.78,263.151,1.0,1025.901,261.04,1.0,1021.185,252.711,1.0,,,,,,,,,,,,,,,,844.66,350.347,1.0,834.987,356.974,1.0,825.31,355.177,1.0,817.658,361.97,1.0,808.826,352.407,1.0,,,,,,,,,,,,,,,,715.134,491.483,1.0,709.977,489.877,1.0,694.248,490.528,1.0,710.237,502.518,1.0,668.136,487.394,1.0
870,1043.098,272.982,1.0,1039.566,266.068,1.0,1031.78,263.151,1.0,1025.901,261.04,1.0,1021.185,252.722,1.0,,,,,,,,,,,,,,,,848.98,350.347,1.0,841.325,356.547,1.0,829.169,355.177,1.0,822.459,362.311,1.0,809.835,355.965,1.0,,,,,,,,,,,,,,,,715.134,491.479,1.0,709.977,489.877,1.0,715.155,499.426,1.0,692.341,491.709,1.0,673.96,487.394,1.0
871,1041.044,273.455,1.0,1039.566,266.068,1.0,1031.78,263.251,1.0,1025.901,261.04,1.0,1021.185,252.747,1.0,,,,,,,,,,,,,,,,849.087,350.347,1.0,841.951,356.547,1.0,829.456,355.177,1.0,823.488,362.311,1.0,810.15,356.912,1.0,,,,,,,,,,,,,,,,714.768,487.064,1.0,719.733,490.874,1.0,715.155,499.426,1.0,692.341,491.642,1.0,684.575,490.718,1.0
872,1035.256,273.674,1.0,1039.415,266.951,1.0,1033.002,263.251,1.0,1028.2,261.04,1.0,1021.507,252.964,1.0,,,,,,,,,,,,,,,,849.317,350.068,1.0,842.414,356.524,1.0,829.71,356.08,1.0,823.488,361.97,1.0,810.283,357.22,1.0,,,,,,,,,,,,,,,,714.596,485.5,1.0,720.616,490.874,1.0,714.097,498.648,1.0,692.341,491.579,1.0,684.818,491.061,1.0
873,1035.256,273.674,1.0,1039.18,267.164,1.0,1033.002,263.251,1.0,1028.263,260.595,1.0,1021.809,253.007,1.0,,,,,,,,,,,,,,,,849.741,350.068,1.0,844.202,356.524,1.0,831.116,356.08,1.0,823.691,361.512,1.0,811.835,357.22,1.0,,,,,,,,,,,,,,,,714.514,484.786,1.0,721.098,490.874,1.0,714.097,498.648,1.0,692.341,491.642,1.0,684.876,491.109,1.0
874,1035.256,275.054,1.0,1038.722,271.935,1.0,1033.418,263.595,1.0,1028.307,260.626,1.0,1021.809,253.37,1.0,,,,,,,,,,,,,,,,854.348,350.068,1.0,845.557,356.031,1.0,834.868,356.08,1.0,824.951,361.482,1.0,815.372,357.22,1.0,,,,,,,,,,,,,,,,714.405,484.739,1.0,720.689,490.599,1.0,713.986,498.589,1.0,692.591,491.579,1.0,684.818,491.061,1.0
875,1035.782,275.835,1.0,1038.722,273.545,1.0,1033.002,263.695,1.0,1028.758,260.626,1.0,1021.957,253.375,1.0,,,,,,,,,,,,,,,,857.282,353.721,1.0,846.514,353.483,1.0,839.246,353.059,1.0,825.495,359.24,1.0,817.395,357.22,1.0,,,,,,,,,,,,,,,,714.403,484.651,1.0,720.689,490.551,1.0,713.717,498.526,1.0,692.591,491.642,1.0,684.818,491.102,1.0
876,1037.648,284.282,1.0,1038.842,274.937,1.0,1033.418,263.695,1.0,1028.822,260.626,1.0,1021.957,254.262,1.0,,,,,,,,,,,,,,,,857.896,353.853,1.0,846.994,353.198,1.0,839.815,353.059,1.0,825.576,359.209,1.0,817.564,357.446,1.0,,,,,,,,,,,,,,,,714.403,484.056,1.0,720.689,490.502,1.0,713.601,498.371,1.0,692.591,491.834,1.0,684.778,491.102,1.0
877,1038.233,284.773,1.0,1038.842,277.557,1.0,1033.418,263.878,1.0,1030.083,261.891,1.0,1022.476,254.829,1.0,,,,,,,,,,,,,,,,858.612,354.078,1.0,847.504,353.198,1.0,840.053,352.779,1.0,825.958,359.13,1.0,817.769,357.58,1.0,,,,,,,,,,,,,,,,713.51,483.711,1.0,720.597,490.452,1.0,710.626,498.095,1.0,692.771,491.834,1.0,684.586,491.101,1.0
878,1041.046,284.842,1.0,1040.36,278.374,1.0,1034.044,265.198,1.0,1032.806,262.321,1.0,1025.182,255.875,1.0,,,,,,,,,,,,,,,,858.612,354.078,1.0,847.912,353.363,1.0,840.053,352.779,1.0,826.062,359.13,1.0,818.242,357.58,1.0,,,,,,,,,,,,,,,,713.51,482.268,1.0,719.681,490.053,1.0,710.626,497.91,1.0,692.836,491.398,1.0,684.586,491.028,1.0
879,1041.046,285.383,1.0,1040.36,278.651,1.0,1034.131,265.673,1.0,1032.806,262.321,1.0,1025.21,256.698,1.0,,,,,,,,,,,,,,,,858.757,354.09,1.0,848.096,353.363,1.0,840.331,352.758,1.0,826.082,359.209,1.0,818.51,357.446,1.0,,,,,,,,,,,,,,,,713.448,482.268,1.0,719.681,490.048,1.0,710.084,497.59,1.0,692.771,491.398,1.0,684.577,491.101,1.0
880,1041.046,285.383,1.0,1040.36,279.112,1.0,1034.16,266.789,1.0,1032.806,262.82,1.0,1025.444,256.866,1.0,,,,,,,,,,,,,,,,858.612,354.327,1.0,848.573,353.923,1.0,840.872,349.691,1.0,826.994,359.209,1.0,820.846,356.013,1.0,,,,,,,,,,,,,,,,713.31,482.268,1.0,719.409,490.048,1.0,710.626,497.59,1.0,692.771,491.087,1.0,684.412,491.101,1.0
881,1041.046,286.409,1.0,1038.867,279.675,1.0,1035.254,273.892,1.0,1032.806,262.82,1.0,1025.444,259.739,1.0,,,,,,,,,,,,,,,,858.612,362.17,1.0,851.893,356.714,1.0,840.886,349.691,1.0,832.851,359.551,1.0,822.617,355.716,1.0,,,,,,,,,,,,,,,,712.536,489.653,1.0,718.896,490.048,1.0,711.129,497.59,1.0,690.505,491.087,1.0,684.4,491.677,1.0
882,1041.046,288.6,1.0,1038.867,281.661,1.0,1035.532,275.533,1.0,1032.7,264.164,1.0,1026.209,259.972,1.0,,,,,,,,,,,,,,,,859.21,364.53,1.0,853.853,359.609,1.0,841.769,349.691,1.0,832.88,359.551,1.0,822.617,355.716,1.0,,,,,,,,,,,,,,,,711.496,493.148,1.0,714.76,490.835,1.0,711.129,496.914,1.0,689.894,491.087,1.0,684.412,492.035,1.0
883,1041.7,289.379,0.9990000128746033,1037.801,281.661,0.9990000128746033,1036.559,275.533,1.0,1032.7,264.164,1.0,1026.209,260.408,1.0,,,,,,,,,,,,,,,,859.21,364.53,1.0,853.853,359.609,1.0,841.769,351.043,1.0,832.88,359.62,1.0,822.617,355.716,1.0,,,,,,,,,,,,,,,,710.298,493.148,1.0,710.994,490.835,1.0,712.808,497.948,1.0,689.894,491.243,1.0,684.412,492.576,1.0
884,1041.7,289.379,0.9990000128746033,1037.801,281.661,0.9990000128746033,1036.559,275.533,1.0,1032.7,264.164,1.0,1026.209,260.408,1.0,,,,,,,,,,,,,,,,857.638,364.53,1.0,851.893,359.609,1.0,842.229,351.667,1.0,832.88,359.723,1.0,822.607,356.103,1.0,,,,,,,,,,,,,,,,709.561,493.148,1.0,710.929,490.835,1.0,712.808,497.948,1.0,689.894,492.309,1.0,685.217,492.796,1.0
885,1041.7,289.379,0.29499998688697815,,,0.0,1036.559,275.133,0.984000027179718,1032.7,263.573,0.9900000095367432,1025.801,259.972,0.9879999756813049,,,,,,,,,,,,,,,,855.372,352.998,1.0,849.224,356.043,1.0,842.229,351.667,1.0,825.463,359.723,1.0,819.812,356.137,1.0,,,,,,,,,,,,,,,,709.02,492.697,1.0,709.362,490.112,1.0,712.808,497.948,1.0,689.906,493.032,1.0,685.911,492.796,1.0
886,,,,,,,,,,,,,,,,,,,,,,,,,,,,,,,844.709,352.939,1.0,846.271,344.774,1.0,841.483,351.667,1.0,825.463,359.765,1.0,819.506,356.137,1.0,,,,,,,,,,,,,,,,709.071,492.697,1.0,710.068,489.596,1.0,710.773,497.764,1.0,690.47,493.032,1.0,685.911,493.091,1.0
887,,,,,,,,,,,,,,,,,,,,,,,,,,,,,,,836.923,348.281,1.0,842.199,343.743,1.0,840.995,351.509,1.0,825.463,362.397,1.0,819.49,356.103,1.0,,,,,,,,,,,,,,,,709.02,492.697,1.0,708.806,489.596,1.0,712.808,497.948,1.0,690.47,493.032,1.0,685.911,493.091,1.0
888,,,,,,,,,,,,,,,,,,,,,,,,,,,,,,,836.127,343.402,1.0,842.16,343.743,1.0,840.458,351.416,1.0,825.652,362.397,1.0,818.36,355.82,1.0,,,,,,,,,,,,,,,,708.954,492.626,1.0,708.806,489.454,1.0,711.689,497.764,1.0,689.906,493.032,1.0,685.708,493.443,1.0
889,,,,,,,,,,,,,,,,,,,,,,,,,,,,,,,833.546,340.003,1.0,839.488,343.764,1.0,839.768,351.416,1.0,825.652,362.397,1.0,817.823,355.803,1.0,,,,,,,,,,,,,,,,708.709,492.626,1.0,708.823,489.596,1.0,713.313,498.417,1.0,689.426,493.022,1.0,685.62,493.443,1.0
890,,,,,,,,,,,,,,,,,,,,,,,,,,,,,,,832.159,340.003,1.0,838.546,344.246,1.0,839.18,351.416,1.0,826.053,362.581,1.0,817.823,355.065,1.0,,,,,,,,,,,,,,,,708.709,491.615,1.0,709.465,489.811,1.0,714.79,499.293,1.0,689.426,492.356,1.0,685.62,493.571,1.0
891,1056.81,299.21,1.0,1052.48,292.063,1.0,1044.561,283.408,1.0,1036.328,281.117,1.0,,,0.8949999809265137,,,,,,,,,,,,,,,,832.159,340.003,1.0,838.175,344.246,1.0,837.969,350.885,1.0,826.259,362.378,1.0,817.849,355.353,1.0,,,,,,,,,,,,,,,,708.709,490.843,1.0,709.465,490.38,1.0,714.79,499.293,1.0,689.426,492.293,1.0,685.223,493.083,1.0
892,1056.656,294.224,1.0,1052.403,291.738,1.0,1043.184,283.075,1.0,1035.695,280.481,0.9950000047683716,1034.442,277.07,0.0,,,,,,,,,,,,,,,,825.883,346.667,1.0,835.045,344.246,1.0,837.711,350.862,1.0,826.259,362.047,1.0,817.823,355.353,1.0,,,,,,,,,,,,,,,,715.236,484.116,1.0,722.117,490.434,1.0,713.058,498.266,1.0,691.551,492.075,1.0,685.223,492.772,1.0
893,1055.6,294.224,1.0,1052.111,291.738,1.0,1043.184,283.075,1.0,1035.695,280.36,1.0,1034.945,277.07,0.9760000109672546,,,,,,,,,,,,,,,,825.06,346.667,1.0,834.881,344.393,1.0,837.678,350.047,1.0,827.056,361.976,1.0,817.849,355.353,1.0,,,,,,,,,,,,,,,,719.947,484.116,1.0,722.906,490.949,1.0,713.058,498.695,1.0,691.983,490.663,1.0,684.942,491.49,1.0
894,1055.6,299.21,1.0,1052.057,292.063,1.0,1044.561,283.206,1.0,1035.67,279.964,1.0,1034.442,274.993,0.9990000128746033,,,,,,,,,,,,,,,,825.06,346.667,1.0,834.868,345.076,1.0,837.337,348.75,1.0,827.235,361.173,1.0,818.002,355.353,1.0,,,,,,,,,,,,,,,,719.947,484.116,1.0,722.906,491.498,1.0,713.058,498.695,1.0,691.983,490.27,1.0,683.693,490.72,1.0
895,1055.6,299.626,1.0,1052.057,293.292,1.0,1045.338,283.408,1.0,1036.328,278.824,1.0,1034.442,274.993,1.0,,,,,,,,,,,,,,,,824.543,342.73,1.0,833.318,345.164,1.0,836.916,348.235,1.0,827.88,361.009,1.0,818.061,355.546,1.0,,,,,,,,,,,,,,,,720.696,486.202,1.0,722.906,491.498,1.0,713.058,498.695,1.0,692.002,490.226,1.0,682.438,490.54,1.0
896,1055.768,301.441,1.0,1052.057,293.78,1.0,1045.731,284.849,1.0,1036.944,278.702,1.0,1034.945,274.945,1.0,,,,,,,,,,,,,,,,823.603,342.011,1.0,833.489,345.164,1.0,836.011,348.235,1.0,828.185,360.463,1.0,818.587,355.546,1.0,,,,,,,,,,,,,,,,720.696,489.698,1.0,722.906,492.931,1.0,712.819,499.874,1.0,692.002,490.226,1.0,682.438,490.659,1.0
897,1055.82,303.218,1.0,1053.992,294.746,1.0,1046.965,285.02,1.0,1037.447,278.208,1.0,1034.989,274.945,1.0,,,,,,,,,,,,,,,,822.95,340.981,1.0,833.318,345.272,1.0,835.678,348.235,1.0,828.399,359.399,1.0,818.986,355.546,1.0,,,,,,,,,,,,,,,,720.696,490.013,1.0,714.419,492.931,1.0,712.819,499.874,1.0,691.983,489.692,1.0,682.366,490.521,1.0
898,1055.866,303.218,1.0,1053.992,294.746,1.0,1046.965,285.02,1.0,1037.447,278.702,1.0,1034.989,274.945,1.0,,,,,,,,,,,,,,,,822.177,339.727,1.0,833.158,345.3,1.0,834.257,348.235,1.0,828.633,359.185,1.0,819.591,355.617,1.0,,,,,,,,,,,,,,,,719.188,490.679,1.0,712.109,492.931,1.0,712.819,499.874,1.0,691.975,489.692,1.0,682.366,490.521,1.0
899,1055.866,303.218,1.0,1053.992,294.746,1.0,1046.965,285.02,1.0,1037.447,278.012,1.0,1034.989,274.945,1.0,,,,,,,,,,,,,,,,819.244,336.158,1.0,829.596,345.3,1.0,833.11,347.861,1.0,828.633,358.93,1.0,819.591,355.617,1.0,,,,,,,,,,,,,,,,710.505,490.679,1.0,705.533,488.131,1.0,698.442,490.759,1.0,690.018,488.623,1.0,682.366,490.446,1.0
900,1055.866,302.681,1.0,1052.362,294.472,1.0,1045.972,283.96,1.0,1036.532,277.897,1.0,1034.22,274.426,1.0,,,,,,,,,,,,,,,,818.661,336.013,1.0,828.99,345.3,1.0,831.635,347.693,1.0,828.633,356.618,1.0,819.591,353.133,1.0,,,,,,,,,,,,,,,,709.836,490.679,1.0,704.855,485.264,1.0,698.367,488.967,1.0,689.499,487.008,1.0,680.203,483.201,1.0
