scorer,DLC_dlcrnetms5_basler-larval-tracking-metforminMay6shuffle1_200000,DLC_dlcrnetms5_basler-larval-tracking-metforminMay6shuffle1_200000,DLC_dlcrnetms5_basler-larval-tracking-metforminMay6shuffle1_200000,DLC_dlcrnetms5_basler-larval-tracking-metforminMay6shuffle1_200000,DLC_dlcrnetms5_basler-larval-tracking-metforminMay6shuffle1_200000,DLC_dlcrnetms5_basler-larval-tracking-metforminMay6shuffle1_200000,DLC_dlcrnetms5_basler-larval-tracking-metforminMay6shuffle1_200000,DLC_dlcrnetms5_basler-larval-tracking-metforminMay6shuffle1_200000,DLC_dlcrnetms5_basler-larval-tracking-metforminMay6shuffle1_200000,DLC_dlcrnetms5_basler-larval-tracking-metforminMay6shuffle1_200000,DLC_dlcrnetms5_basler-larval-tracking-metforminMay6shuffle1_200000,DLC_dlcrnetms5_basler-larval-tracking-metforminMay6shuffle1_200000,DLC_dlcrnetms5_basler-larval-tracking-metforminMay6shuffle1_200000,DLC_dlcrnetms5_basler-larval-tracking-metforminMay6shuffle1_200000,DLC_dlcrnetms5_basler-larval-tracking-metforminMay6shuffle1_200000,DLC_dlcrnetms5_basler-larval-tracking-metforminMay6shuffle1_200000,DLC_dlcrnetms5_basler-larval-tracking-metforminMay6shuffle1_200000,DLC_dlcrnetms5_basler-larval-tracking-metforminMay6shuffle1_200000,DLC_dlcrnetms5_basler-larval-tracking-metforminMay6shuffle1_200000,DLC_dlcrnetms5_basler-larval-tracking-metforminMay6shuffle1_200000,DLC_dlcrnetms5_basler-larval-tracking-metforminMay6shuffle1_200000,DLC_dlcrnetms5_basler-larval-tracking-metforminMay6shuffle1_200000,DLC_dlcrnetms5_basler-larval-tracking-metforminMay6shuffle1_200000,DLC_dlcrnetms5_basler-larval-tracking-metforminMay6shuffle1_200000,DLC_dlcrnetms5_basler-larval-tracking-metforminMay6shuffle1_200000,DLC_dlcrnetms5_basler-larval-tracking-metforminMay6shuffle1_200000,DLC_dlcrnetms5_basler-larval-tracking-metforminMay6shuffle1_200000,DLC_dlcrnetms5_basler-larval-tracking-metforminMay6shuffle1_200000,DLC_dlcrnetms5_basler-larval-tracking-metforminMay6shuffle1_200000,DLC_dlcrnetms5_basler-larval-tracking-metforminMay6shuffle1_200000,DLC_dlcrnetms5_basler-larval-tracking-metforminMay6shuffle1_200000,DLC_dlcrnetms5_basler-larval-tracking-metforminMay6shuffle1_200000,DLC_dlcrnetms5_basler-larval-tracking-metforminMay6shuffle1_200000,DLC_dlcrnetms5_basler-larval-tracking-metforminMay6shuffle1_200000,DLC_dlcrnetms5_basler-larval-tracking-metforminMay6shuffle1_200000,DLC_dlcrnetms5_basler-larval-tracking-metforminMay6shuffle1_200000,DLC_dlcrnetms5_basler-larval-tracking-metforminMay6shuffle1_200000,DLC_dlcrnetms5_basler-larval-tracking-metforminMay6shuffle1_200000,DLC_dlcrnetms5_basler-larval-tracking-metforminMay6shuffle1_200000,DLC_dlcrnetms5_basler-larval-tracking-metforminMay6shuffle1_200000,DLC_dlcrnetms5_basler-larval-tracking-metforminMay6shuffle1_200000,DLC_dlcrnetms5_basler-larval-tracking-metforminMay6shuffle1_200000,DLC_dlcrnetms5_basler-larval-tracking-metforminMay6shuffle1_200000,DLC_dlcrnetms5_basler-larval-tracking-metforminMay6shuffle1_200000,DLC_dlcrnetms5_basler-larval-tracking-metforminMay6shuffle1_200000,DLC_dlcrnetms5_basler-larval-tracking-metforminMay6shuffle1_200000,DLC_dlcrnetms5_basler-larval-tracking-metforminMay6shuffle1_200000,DLC_dlcrnetms5_basler-larval-tracking-metforminMay6shuffle1_200000,DLC_dlcrnetms5_basler-larval-tracking-metforminMay6shuffle1_200000,DLC_dlcrnetms5_basler-larval-tracking-metforminMay6shuffle1_200000,DLC_dlcrnetms5_basler-larval-tracking-metforminMay6shuffle1_200000,DLC_dlcrnetms5_basler-larval-tracking-metforminMay6shuffle1_200000,DLC_dlcrnetms5_basler-larval-tracking-metforminMay6shuffle1_200000,DLC_dlcrnetms5_basler-larval-tracking-metforminMay6shuffle1_200000,DLC_dlcrnetms5_basler-larval-tracking-metforminMay6shuffle1_200000,DLC_dlcrnetms5_basler-larval-tracking-metforminMay6shuffle1_200000,DLC_dlcrnetms5_basler-larval-tracking-metforminMay6shuffle1_200000,DLC_dlcrnetms5_basler-larval-tracking-metforminMay6shuffle1_200000,DLC_dlcrnetms5_basler-larval-tracking-metforminMay6shuffle1_200000,DLC_dlcrnetms5_basler-larval-tracking-metforminMay6shuffle1_200000,DLC_dlcrnetms5_basler-larval-tracking-metforminMay6shuffle1_200000,DLC_dlcrnetms5_basler-larval-tracking-metforminMay6shuffle1_200000,DLC_dlcrnetms5_basler-larval-tracking-metforminMay6shuffle1_200000,DLC_dlcrnetms5_basler-larval-tracking-metforminMay6shuffle1_200000,DLC_dlcrnetms5_basler-larval-tracking-metforminMay6shuffle1_200000,DLC_dlcrnetms5_basler-larval-tracking-metforminMay6shuffle1_200000,DLC_dlcrnetms5_basler-larval-tracking-metforminMay6shuffle1_200000,DLC_dlcrnetms5_basler-larval-tracking-metforminMay6shuffle1_200000,DLC_dlcrnetms5_basler-larval-tracking-metforminMay6shuffle1_200000,DLC_dlcrnetms5_basler-larval-tracking-metforminMay6shuffle1_200000,DLC_dlcrnetms5_basler-larval-tracking-metforminMay6shuffle1_200000,DLC_dlcrnetms5_basler-larval-tracking-metforminMay6shuffle1_200000,DLC_dlcrnetms5_basler-larval-tracking-metforminMay6shuffle1_200000,DLC_dlcrnetms5_basler-larval-tracking-metforminMay6shuffle1_200000,DLC_dlcrnetms5_basler-larval-tracking-metforminMay6shuffle1_200000
individuals,larva1,larva1,larva1,larva1,larva1,larva1,larva1,larva1,larva1,larva1,larva1,larva1,larva1,larva1,larva1,larva2,larva2,larva2,larva2,larva2,larva2,larva2,larva2,larva2,larva2,larva2,larva2,larva2,larva2,larva2,larva3,larva3,larva3,larva3,larva3,larva3,larva3,larva3,larva3,larva3,larva3,larva3,larva3,larva3,larva3,larva4,larva4,larva4,larva4,larva4,larva4,larva4,larva4,larva4,larva4,larva4,larva4,larva4,larva4,larva4,larva5,larva5,larva5,larva5,larva5,larva5,larva5,larva5,larva5,larva5,larva5,larva5,larva5,larva5,larva5
bodyparts,mouth,mouth,mouth,midfront,midfront,midfront,mid,mid,mid,midrear,midrear,midrear,rear,rear,rear,mouth,mouth,mouth,midfront,midfront,midfront,mid,mid,mid,midrear,midrear,midrear,rear,rear,rear,mouth,mouth,mouth,midfront,midfront,midfront,mid,mid,mid,midrear,midrear,midrear,rear,rear,rear,mouth,mouth,mouth,midfront,midfront,midfront,mid,mid,mid,midrear,midrear,midrear,rear,rear,rear,mouth,mouth,mouth,midfront,midfront,midfront,mid,mid,mid,midrear,midrear,midrear,rear,rear,rear
coords,x,y,likelihood,x,y,likelihood,x,y,likelihood,x,y,likelihood,x,y,likelihood,x,y,likelihood,x,y,likelihood,x,y,likelihood,x,y,likelihood,x,y,likelihood,x,y,likelihood,x,y,likelihood,x,y,likelihood,x,y,likelihood,x,y,likelihood,x,y,likelihood,x,y,likelihood,x,y,likelihood,x,y,likelihood,x,y,likelihood,x,y,likelihood,x,y,likelihood,x,y,likelihood,x,y,likelihood,x,y,likelihood
0,663.643,484.795,1.0,653.129,478.126,1.0,650.381,473.623,1.0,644.281,468.075,1.0,637.502,453.057,1.0,522.697,666.955,1.0,529.775,662.269,1.0,536.058,654.392,1.0,542.082,648.556,1.0,552.606,638.983,1.0,682.991,573.09,1.0,679.482,566.451,1.0,668.528,568.937,1.0,661.379,570.662,1.0,648.693,564.286,1.0,638.392,280.007,1.0,646.35,280.783,1.0,648.026,294.329,1.0,646.766,301.489,1.0,657.111,314.937,1.0,669.55,336.011,1.0,667.834,343.016,1.0,659.251,354.079,1.0,658.712,361.521,1.0,665.832,371.943,1.0
1,664.583,492.034,1.0,655.198,479.708,1.0,652.837,473.64,1.0,646.122,469.868,1.0,637.637,454.566,1.0,522.697,667.366,1.0,529.775,662.382,1.0,536.058,655.054,1.0,542.082,649.157,1.0,552.606,639.649,1.0,684.331,573.733,1.0,680.775,566.62,1.0,670.001,569.615,1.0,662.651,570.662,1.0,650.662,564.594,1.0,638.711,280.007,1.0,646.35,280.783,1.0,650.117,294.329,1.0,646.766,301.489,1.0,657.481,314.937,1.0,669.67,336.011,1.0,667.834,344.688,1.0,659.251,354.079,1.0,658.712,361.521,1.0,665.832,372.243,1.0
2,665.078,492.685,1.0,656.554,481.865,1.0,653.657,474.067,1.0,647.608,470.418,1.0,637.734,456.337,1.0,522.697,667.734,1.0,529.775,664.941,1.0,536.058,655.221,1.0,542.082,650.454,1.0,552.606,643.159,1.0,686.616,574.056,1.0,681.24,566.904,1.0,670.129,570.867,1.0,663.867,570.662,1.0,651.303,566.309,1.0,638.711,280.007,1.0,646.35,280.783,1.0,650.117,294.329,1.0,646.989,301.489,1.0,657.481,314.937,1.0,669.67,336.011,1.0,670.216,344.688,1.0,661.552,354.079,1.0,659.959,361.521,1.0,669.733,372.243,1.0
3,665.27,492.834,1.0,657.263,482.801,1.0,653.848,474.36,1.0,647.608,470.418,1.0,642.084,459.962,1.0,521.651,669.82,1.0,529.75,665.678,1.0,533.959,659.231,1.0,538.034,650.64,1.0,549.772,648.549,1.0,692.419,576.734,1.0,682.749,567.891,1.0,674.073,571.416,1.0,664.284,566.786,1.0,655.671,566.797,1.0,638.392,272.604,1.0,643.851,279.416,1.0,648.026,290.752,1.0,646.989,298.98,1.0,657.111,311.898,1.0,669.67,335.167,1.0,670.398,343.575,1.0,661.606,352.844,1.0,659.959,360.852,1.0,670.05,371.943,1.0
4,665.719,492.866,1.0,658.279,484.004,1.0,653.848,474.433,1.0,647.608,470.418,1.0,642.185,461.68,1.0,521.095,672.266,1.0,527.953,665.707,1.0,532.331,660.868,1.0,536.874,653.438,1.0,547.473,650.019,1.0,695.864,577.482,1.0,685.93,574.886,1.0,677.87,571.524,1.0,666.299,566.781,1.0,657.648,568.588,1.0,637.503,271.985,1.0,641.385,279.416,1.0,642.622,288.103,1.0,645.961,298.237,1.0,654.303,305.593,1.0,669.67,334.847,1.0,671.038,343.575,1.0,662.954,351.431,1.0,660.504,356.775,1.0,669.733,369.04,1.0
5,665.942,493.017,1.0,658.279,484.104,1.0,653.73,474.479,1.0,648.224,470.418,1.0,642.273,461.913,1.0,519.603,672.9,1.0,527.294,666.017,1.0,532.018,661.896,1.0,536.236,654.313,1.0,547.177,650.445,1.0,696.343,579.058,1.0,687.428,578.562,1.0,678.91,576.072,1.0,667.238,566.486,1.0,660.59,570.248,1.0,637.182,271.985,1.0,638.726,279.158,1.0,642.622,287.719,1.0,644.966,296.406,1.0,653.624,301.821,1.0,673.888,328.516,1.0,674.572,338.673,1.0,667.436,345.896,1.0,663.054,356.38,1.0,669.611,363.085,1.0
6,665.965,493.217,1.0,658.279,484.297,1.0,653.657,474.534,1.0,642.5,469.852,1.0,642.558,461.978,1.0,519.603,675.573,1.0,525.606,668.579,1.0,530.642,665.451,1.0,530.44,655.858,1.0,546.424,651.549,1.0,696.37,579.205,1.0,690.058,578.968,1.0,679.537,576.072,1.0,667.363,566.781,1.0,662.336,570.248,1.0,636.17,271.985,1.0,638.488,279.158,1.0,640.882,286.818,1.0,644.966,294.732,1.0,652.701,300.673,1.0,673.956,327.912,1.0,674.658,331.366,1.0,667.436,345.157,1.0,663.054,350.704,1.0,669.611,362.786,1.0
7,665.942,493.222,1.0,657.736,484.297,1.0,653.73,474.628,1.0,642.5,469.852,1.0,642.608,461.993,1.0,518.328,685.194,1.0,522.931,674.601,1.0,525.915,669.392,1.0,529.098,662.299,1.0,540.306,652.473,1.0,697.099,579.359,1.0,690.058,580.047,1.0,681.644,576.072,1.0,674.057,566.786,1.0,662.934,570.248,1.0,631.556,271.876,1.0,637.897,275.694,1.0,638.194,280.194,1.0,640.616,284.421,1.0,645.635,297.614,1.0,675.45,326.509,1.0,674.658,330.574,1.0,668.371,343.023,1.0,663.405,350.194,1.0,669.611,362.594,1.0
8,665.942,493.27,1.0,657.66,484.398,1.0,653.73,474.7,1.0,642.734,470.251,1.0,642.608,461.993,1.0,517.307,685.477,1.0,518.185,677.138,1.0,523.575,669.835,1.0,527.412,663.294,1.0,537.666,654.139,1.0,704.217,588.169,1.0,697.5,580.965,1.0,690.045,576.072,1.0,678.253,570.849,1.0,668.823,569.576,1.0,625.866,262.22,1.0,632.231,264.846,1.0,636.738,276.881,1.0,640.223,282.819,1.0,643.654,295.454,1.0,675.504,324.633,1.0,674.658,329.579,1.0,668.601,341.203,1.0,664.286,348.564,1.0,669.611,359.443,1.0
9,663.226,493.27,1.0,657.66,484.467,1.0,653.835,475.12,1.0,644.072,470.251,1.0,642.706,462.123,1.0,516.937,685.545,1.0,518.095,677.953,1.0,523.352,671.439,1.0,527.094,664.06,1.0,534.713,655.194,1.0,706.347,589.697,1.0,700.361,583.359,1.0,690.44,576.072,1.0,680.192,572.142,1.0,670.657,569.576,1.0,625.832,260.146,1.0,632.188,262.381,1.0,635.958,275.536,1.0,639.278,280.559,1.0,643.147,293.077,1.0,675.522,320.306,1.0,672.377,327.808,1.0,669.391,335.993,1.0,664.84,346.123,1.0,670.695,353.944,1.0
10,661.941,493.222,1.0,657.66,484.468,1.0,654.462,475.136,1.0,644.072,470.251,1.0,642.706,463.303,1.0,516.116,686.115,1.0,517.41,678.919,1.0,523.012,671.666,1.0,526.386,664.415,1.0,534.252,655.194,1.0,706.762,589.697,1.0,701.233,583.359,1.0,691.563,576.893,1.0,681.279,572.234,1.0,673.403,569.576,1.0,625.832,259.789,1.0,632.176,262.373,1.0,634.178,274.336,1.0,638.965,280.559,1.0,641.692,291.612,1.0,675.522,314.853,1.0,672.377,324.693,1.0,668.841,331.96,1.0,667.186,345.201,1.0,671.695,349.106,1.0
11,655.038,493.264,1.0,658.152,484.895,1.0,655.088,477.183,1.0,649.167,471.031,1.0,642.706,465.013,1.0,508.291,686.229,1.0,513.268,680.075,1.0,518.247,674.022,1.0,524.087,665.668,1.0,533.228,663.552,1.0,708.431,589.697,1.0,702.742,583.359,1.0,693.438,577.935,1.0,682.241,573.263,1.0,675.646,570.138,1.0,625.832,254.178,1.0,631.891,261.53,1.0,631.619,271.542,1.0,635.224,280.559,1.0,638.956,289.003,1.0,675.504,313.493,1.0,672.377,323.8,1.0,671.639,331.456,1.0,667.929,342.804,1.0,671.695,348.594,1.0
12,655.038,493.264,1.0,658.152,485.133,1.0,655.088,477.183,1.0,649.167,471.031,1.0,642.627,465.013,1.0,505.784,687.236,1.0,513.089,683.125,1.0,517.56,677.81,1.0,521.825,669.199,1.0,532.544,664.356,1.0,717.899,588.108,1.0,708.549,579.87,1.0,693.503,578.918,1.0,684.434,575.688,1.0,680.053,571.551,1.0,626.822,252.969,1.0,627.616,261.51,1.0,631.547,271.535,1.0,634.141,278.772,1.0,638.956,288.574,1.0,675.742,312.6,1.0,673.583,323.406,1.0,672.372,329.29,1.0,667.929,342.804,1.0,671.695,347.399,1.0
13,655.038,492.89,1.0,658.152,485.133,1.0,655.088,477.183,1.0,649.167,471.031,1.0,642.556,465.013,1.0,501.849,690.599,1.0,512.652,683.2,1.0,517.465,677.938,1.0,521.525,669.51,1.0,531.944,665.189,1.0,719.034,587.181,1.0,711.726,579.795,1.0,697.48,581.032,1.0,690.733,578.324,1.0,681.171,573.377,1.0,626.822,252.58,1.0,626.693,259.887,1.0,630.03,270.743,1.0,633.697,275.753,1.0,638.603,286.956,1.0,675.742,310.455,1.0,674.014,312.745,1.0,673.134,326.699,1.0,667.852,334.122,1.0,672.118,345.991,1.0
14,659.555,492.89,1.0,656.89,485.193,1.0,653.808,476.312,1.0,647.492,471.104,1.0,642.514,464.966,1.0,500.761,690.599,1.0,511.71,684.251,1.0,516.664,680.021,1.0,515.453,672.281,1.0,531.258,666.086,1.0,719.498,587.181,1.0,712.504,579.795,1.0,698.34,581.045,1.0,692.228,578.7,1.0,681.659,573.377,1.0,626.822,250.079,1.0,625.534,259.887,1.0,629.554,268.026,1.0,632.548,275.753,1.0,638.603,283.81,1.0,678.276,304.148,1.0,675.846,312.745,1.0,673.969,321.687,1.0,667.852,330.172,1.0,673.776,342.502,1.0
15,662.446,492.89,1.0,656.89,485.672,1.0,653.006,476.312,1.0,646.259,471.031,1.0,641.899,464.778,1.0,500.761,691.833,1.0,510.171,688.974,1.0,514.341,680.973,1.0,514.687,674.045,1.0,530.416,668.471,1.0,720.107,587.181,1.0,713.664,579.87,1.0,699.87,582.727,1.0,693.962,580.446,1.0,683.857,574.306,1.0,623.321,244.579,1.0,623.174,250.507,1.0,628.531,266.202,1.0,631.572,269.078,1.0,639.001,282.458,1.0,680.724,301.795,1.0,676.254,309.147,1.0,673.969,321.304,1.0,667.852,330.158,1.0,674.157,342.45,1.0
16,663.754,484.12,1.0,656.89,485.974,1.0,652.204,476.312,1.0,646.259,468.739,1.0,641.59,464.778,1.0,499.75,698.254,1.0,505.82,692.402,1.0,511.07,686.959,1.0,513.962,678.583,1.0,524.563,669.449,1.0,724.219,590.498,1.0,715.73,580.122,1.0,706.765,584.005,1.0,694.828,580.592,1.0,687.374,575.569,1.0,618.978,239.86,1.0,622.302,249.436,1.0,627.719,260.823,1.0,630.547,266.069,1.0,639.001,279.709,1.0,681.384,301.474,1.0,676.435,308.957,1.0,673.65,319.376,1.0,667.852,328.474,1.0,674.157,341.242,1.0
17,665.781,481.243,1.0,657.522,485.974,1.0,652.112,476.524,1.0,646.259,468.384,1.0,641.579,464.154,1.0,498.787,698.764,1.0,501.418,693.733,1.0,508.937,687.226,1.0,513.459,679.964,1.0,520.779,669.808,1.0,731.142,591.851,1.0,722.091,580.62,1.0,710.573,584.231,1.0,696.166,582.282,1.0,692.503,576.31,1.0,618.547,239.86,1.0,621.941,249.034,1.0,625.664,260.603,1.0,629.994,265.356,1.0,638.603,279.692,1.0,681.673,301.003,1.0,677.473,308.117,1.0,673.303,318.392,1.0,668.308,328.229,1.0,674.157,333.396,1.0
18,667.571,481.234,1.0,658.689,485.974,1.0,652.112,476.524,1.0,646.259,468.384,1.0,641.579,464.009,1.0,498.334,699.301,1.0,501.389,694.681,1.0,508.378,687.441,1.0,513.031,680.76,1.0,520.536,671.56,1.0,731.167,591.851,1.0,722.759,581.425,1.0,710.751,585.667,1.0,696.663,582.491,1.0,692.567,576.937,1.0,617.495,239.86,1.0,621.461,248.061,1.0,624.934,258.472,1.0,629.994,264.249,1.0,638.402,277.491,1.0,684.993,297.336,1.0,681.008,304.181,1.0,673.65,314.685,1.0,671.205,322.294,1.0,673.295,333.371,1.0
19,668.722,481.234,1.0,659.97,484.054,1.0,652.112,476.524,1.0,646.259,468.384,1.0,641.579,464.091,1.0,495.596,702.498,1.0,500.786,695.58,1.0,506.732,687.841,1.0,510.889,681.931,1.0,520.075,672.475,1.0,731.248,591.851,1.0,723.869,581.479,1.0,711.815,584.552,1.0,697.326,582.491,1.0,693.863,577.877,1.0,613.206,239.815,1.0,619.842,246.962,1.0,622.041,252.867,1.0,622.287,263.734,1.0,632.973,269.497,1.0,684.993,296.366,1.0,681.008,301.519,1.0,673.65,314.232,1.0,671.987,322.066,1.0,672.988,333.32,1.0
20,669.125,481.234,1.0,662.713,483.002,1.0,652.588,476.524,1.0,646.535,470.519,1.0,642.19,464.154,1.0,490.926,703.333,1.0,496.684,697.092,1.0,504.138,693.625,1.0,506.718,682.63,1.0,517.134,680.628,1.0,735.527,589.726,1.0,728.267,581.614,1.0,716.553,586.572,1.0,708.388,582.491,1.0,696.081,581.39,1.0,609.176,239.815,1.0,616.545,242.571,1.0,621.556,249.397,1.0,620.987,260.978,1.0,627.881,266.024,1.0,684.993,295.9,1.0,681.008,300.617,1.0,676.878,312.027,1.0,672.224,318.475,1.0,672.715,331.857,1.0
21,669.708,480.547,1.0,664.599,482.986,1.0,654.536,476.524,1.0,646.535,471.162,1.0,644.19,464.154,1.0,490.926,703.923,1.0,496.684,697.574,1.0,502.8,693.978,1.0,506.658,683.502,1.0,516.955,680.912,1.0,736.18,588.786,1.0,729.425,584.409,1.0,720.143,586.572,1.0,709.803,580.193,1.0,700.17,582.857,1.0,608.638,239.815,1.0,614.816,241.982,1.0,620.81,248.495,1.0,619.239,257.783,1.0,627.324,265.73,1.0,684.858,289.574,1.0,680.897,297.584,1.0,680.679,307.463,1.0,677.124,315.132,1.0,671.553,327.839,1.0
22,677.621,480.113,1.0,669.681,482.986,1.0,658.324,477.32,1.0,650.681,471.392,1.0,645.506,465.828,1.0,490.836,704.151,1.0,495.766,697.626,1.0,502.146,694.881,1.0,506.453,684.886,1.0,515.935,682.768,1.0,736.482,588.717,1.0,729.879,584.646,1.0,720.52,586.572,1.0,713.121,580.193,1.0,701.06,583.473,1.0,605.622,237.716,1.0,612.034,239.651,1.0,620.025,245.421,1.0,618.914,255.511,1.0,626.972,264.658,1.0,684.799,289.484,1.0,680.897,296.621,1.0,680.679,307.048,1.0,677.124,313.429,1.0,671.553,324.911,1.0
23,679.471,479.673,1.0,670.75,483.002,1.0,658.754,477.856,1.0,651.137,471.392,1.0,646.032,467.261,1.0,490.836,706.152,1.0,495.269,701.264,1.0,500.122,694.986,1.0,500.725,690.463,1.0,514.461,683.345,1.0,737.015,588.532,1.0,730.453,584.646,1.0,721.813,586.572,1.0,713.733,580.193,1.0,702.197,583.63,1.0,602.13,227.726,1.0,607.901,231.916,1.0,614.953,243.749,1.0,615.097,247.06,1.0,626.926,261.725,1.0,684.799,289.242,1.0,680.897,295.973,1.0,680.679,304.702,1.0,677.315,313.169,1.0,671.553,324.717,1.0
24,679.878,479.673,1.0,670.783,483.916,1.0,659.653,479.666,1.0,651.137,471.266,1.0,646.317,468.62,1.0,486.871,717.414,1.0,494.838,707.679,1.0,498.177,698.695,1.0,499.658,692.359,1.0,513.182,686.52,1.0,744.351,588.532,1.0,733.925,584.646,1.0,725.082,586.709,1.0,713.963,581.413,1.0,702.528,584.153,1.0,601.781,225.996,1.0,607.542,231.845,1.0,614.626,241.961,1.0,614.059,247.06,1.0,621.285,260.431,1.0,684.858,289.042,1.0,682.8,295.973,1.0,680.596,302.356,1.0,677.315,312.135,1.0,673.324,322.994,1.0
25,680.25,480.113,1.0,670.9,483.916,1.0,660.49,479.112,1.0,651.137,471.392,1.0,646.521,468.926,1.0,486.492,718.482,1.0,492.716,710.492,1.0,495.105,702.168,1.0,499.303,695.725,1.0,506.255,686.801,1.0,745.006,588.786,1.0,739.58,584.549,1.0,728.358,587.452,1.0,716.432,581.597,1.0,708.091,584.195,1.0,600.224,225.958,1.0,605.621,231.596,1.0,611.763,241.698,1.0,613.674,244.484,1.0,620.39,256.949,1.0,687.692,284.938,1.0,685.483,292.306,1.0,680.596,299.418,1.0,678.997,305.512,1.0,673.656,314.507,1.0
26,680.25,480.392,1.0,670.783,484.27,1.0,660.743,477.856,1.0,651.65,471.396,1.0,646.528,469.209,1.0,485.734,718.482,1.0,489.736,710.492,1.0,494.384,703.558,1.0,498.38,696.926,1.0,506.235,686.985,1.0,749.672,590.895,1.0,741.228,584.549,1.0,728.804,589.996,1.0,716.489,582.078,1.0,711.645,585.356,1.0,599.622,222.156,1.0,605.621,231.387,1.0,608.52,240.902,1.0,612.399,242.784,1.0,620.39,250.589,1.0,691.082,280.642,1.0,687.049,283.348,1.0,680.415,295.715,1.0,678.997,305.085,1.0,674.283,312.951,1.0
27,680.498,480.463,1.0,670.783,484.851,1.0,662.298,477.978,1.0,651.65,471.771,1.0,647.639,469.763,1.0,484.987,718.517,1.0,488.067,710.492,1.0,493.964,704.437,1.0,497.843,697.253,1.0,505.599,687.987,1.0,750.326,591.711,1.0,741.766,584.549,1.0,729.589,589.996,1.0,720.506,582.08,1.0,712.124,585.356,1.0,599.601,220.133,1.0,603.342,228.7,1.0,607.817,234.224,1.0,609.638,239.353,1.0,618.523,250.494,1.0,691.513,280.117,1.0,687.298,283.348,1.0,680.596,294.764,1.0,679.624,303.996,1.0,674.393,312.758,1.0
28,680.498,482.873,1.0,670.783,487.702,1.0,662.837,477.978,1.0,651.65,473.766,1.0,647.906,472.335,1.0,476.319,718.517,1.0,481.264,709.757,1.0,492.106,704.995,1.0,495.954,696.926,1.0,505.374,689.93,1.0,751.532,592.313,1.0,743.742,585.197,1.0,732.146,590.201,1.0,723.669,582.422,1.0,713.358,585.356,1.0,599.601,220.091,1.0,602.879,225.746,1.0,607.022,230.467,1.0,609.327,239.066,1.0,615.711,249.539,1.0,692.39,277.815,1.0,687.645,282.889,1.0,680.652,292.906,1.0,682.387,300.251,1.0,674.628,311.812,1.0
29,681.352,482.961,1.0,672.034,488.312,1.0,662.899,477.9,1.0,651.855,474.183,1.0,648.011,472.843,1.0,473.625,718.618,1.0,479.479,709.211,1.0,486.775,705.105,1.0,494.338,697.167,1.0,502.304,696.009,1.0,756.272,592.313,1.0,746.021,585.409,1.0,735.895,589.996,1.0,727.677,583.563,1.0,717.807,585.147,1.0,598.876,220.091,1.0,602.715,225.643,1.0,606.741,229.764,1.0,608.494,235.177,1.0,613.459,248.365,1.0,694.097,270.727,1.0,688.646,281.782,1.0,681.056,288.564,1.0,682.123,295.722,1.0,675.11,307.102,1.0
30,681.352,483.29,1.0,672.034,488.312,1.0,663.898,477.9,1.0,656.797,476.403,1.0,649.239,474.484,1.0,473.598,718.618,1.0,479.478,709.087,1.0,486.775,705.105,1.0,492.031,697.167,1.0,502.211,696.681,1.0,761.042,593.596,1.0,749.569,585.409,1.0,739.947,589.503,1.0,729.634,585.136,1.0,719.582,584.786,1.0,596.542,210.875,1.0,597.824,217.981,1.0,603.354,228.68,1.0,605.733,230.725,1.0,607.059,243.059,1.0,694.448,270.046,1.0,688.896,278.624,1.0,686.631,286.678,1.0,682.123,294.634,1.0,677.45,300.807,1.0
31,682.588,483.02,1.0,673.933,488.315,1.0,666.113,477.978,1.0,658.96,477.397,1.0,650.006,474.484,1.0,472.773,719.121,1.0,478.57,709.087,1.0,486.524,706.166,1.0,491.872,697.167,1.0,502.211,696.681,1.0,762.343,593.596,1.0,749.928,585.409,1.0,740.681,589.503,1.0,729.818,585.485,1.0,721.338,584.154,1.0,587.906,207.959,1.0,594.168,214.178,1.0,601.011,221.997,1.0,603.48,230.725,1.0,606.814,240.464,1.0,694.602,269.688,1.0,689.203,278.135,1.0,686.942,285.831,1.0,683.102,294.462,1.0,678.036,300.769,1.0
32,682.759,483.29,1.0,674.379,488.315,1.0,666.548,478.404,1.0,659.03,477.638,1.0,650.548,474.484,1.0,472.773,718.618,1.0,478.57,709.211,1.0,486.045,706.166,1.0,491.13,697.167,1.0,501.881,698.083,1.0,762.844,593.596,1.0,750.775,584.949,1.0,741.896,590.168,1.0,731.176,585.513,1.0,722.792,584.786,1.0,587.291,207.375,1.0,593.074,214.178,1.0,599.449,221.997,1.0,602.351,227.316,1.0,606.637,239.917,1.0,694.704,269.688,1.0,691.023,278.022,1.0,687.234,282.989,1.0,683.413,293.59,1.0,683.403,298.841,1.0
33,682.906,483.347,1.0,674.408,488.173,1.0,666.773,478.71,1.0,659.446,477.898,1.0,651.347,470.7,1.0,472.773,718.618,1.0,478.57,710.698,1.0,485.036,707.64,1.0,490.917,698.063,1.0,501.881,698.484,1.0,764.376,592.115,1.0,757.482,584.097,1.0,742.651,589.503,1.0,732.406,585.583,1.0,725.838,585.147,1.0,587.248,206.818,1.0,591.375,212.857,1.0,599.338,221.808,1.0,599.705,225.531,1.0,606.563,238.599,1.0,697.79,261.95,1.0,696.373,264.467,1.0,691.415,278.094,1.0,684.285,285.833,1.0,683.762,296.741,1.0
34,682.929,483.365,1.0,674.893,487.771,1.0,667.313,478.912,1.0,659.794,478.141,1.0,651.868,470.528,1.0,472.934,720.619,1.0,478.442,712.543,1.0,484.752,708.465,1.0,489.749,699.766,1.0,501.705,698.547,1.0,764.376,592.115,1.0,761.586,584.097,1.0,748.902,589.445,1.0,741.675,586.476,1.0,730.916,586.376,1.0,583.764,207.375,1.0,591.181,212.857,1.0,594.338,221.808,1.0,597.438,224.745,1.0,605.789,233.838,1.0,698.782,257.91,1.0,697.912,262.125,1.0,692.239,273.816,1.0,685.319,282.757,1.0,687.063,292.469,1.0
35,682.906,483.651,1.0,674.906,487.771,1.0,667.521,479.171,1.0,659.83,478.274,1.0,652.104,470.528,1.0,473.126,722.919,1.0,478.442,714.528,1.0,482.244,709.856,1.0,482.13,705.91,1.0,499.677,700.785,1.0,764.718,591.08,1.0,761.847,584.097,1.0,749.413,590.168,1.0,741.675,586.935,1.0,731.025,587.275,1.0,578.442,207.959,1.0,587.444,212.572,1.0,591.663,218.061,1.0,596.574,223.017,1.0,604.845,233.063,1.0,698.853,257.121,1.0,697.912,262.125,1.0,693.269,272.852,1.0,685.814,282.202,1.0,687.339,292.423,1.0
36,682.906,483.777,1.0,674.906,487.771,1.0,667.557,479.286,1.0,659.879,478.349,1.0,652.292,470.455,1.0,473.224,723.041,1.0,478.476,716.929,1.0,481.434,710.224,1.0,481.469,706.612,1.0,499.27,701.075,1.0,764.718,590.897,1.0,762.619,584.938,1.0,750.144,590.168,1.0,741.836,587.436,1.0,731.797,587.275,1.0,577.522,207.375,1.0,586.353,211.828,1.0,591.289,217.454,1.0,594.838,221.735,1.0,604.713,232.578,1.0,699.103,256.803,1.0,697.912,262.125,1.0,693.552,272.261,1.0,686.433,281.021,1.0,687.997,291.201,1.0
37,682.906,483.791,1.0,674.906,487.758,1.0,667.826,479.485,1.0,659.911,478.423,1.0,652.544,470.528,1.0,473.224,724.375,1.0,478.442,718.804,1.0,480.681,710.847,1.0,481.174,706.879,1.0,498.344,701.219,1.0,771.256,591.08,1.0,763.456,590.671,1.0,755.478,590.793,1.0,742.965,587.593,1.0,733.356,587.275,1.0,575.76,203.452,1.0,583.111,210.433,1.0,590.623,214.204,1.0,594.212,221.599,1.0,603.086,230.074,1.0,702.125,256.006,1.0,697.029,262.135,1.0,694.356,271.58,1.0,687.781,277.409,1.0,689.504,286.577,1.0
38,682.929,483.821,1.0,675.18,487.758,1.0,668.246,479.585,1.0,660.12,478.427,1.0,652.724,470.61,1.0,473.126,730.653,1.0,478.026,720.627,1.0,479.209,713.84,1.0,480.598,707.58,1.0,497.908,702.965,1.0,775.468,591.389,1.0,765.15,593.14,1.0,759.933,591.075,1.0,746.382,587.764,1.0,738.988,586.995,1.0,574.293,203.452,1.0,576.616,203.811,1.0,585.537,213.558,1.0,591.381,217.069,1.0,597.692,223.584,1.0,703.03,254.905,1.0,697.029,262.135,1.0,694.493,271.389,1.0,687.818,277.187,1.0,689.504,286.577,1.0
39,683.16,485.525,1.0,675.536,487.696,1.0,668.985,480.309,1.0,660.457,478.52,1.0,652.843,470.683,1.0,472.158,734.548,1.0,476.131,725.995,1.0,476.192,718.358,1.0,480.431,713.753,1.0,493.017,703.676,1.0,776.007,591.335,1.0,765.754,594.994,1.0,759.933,591.751,1.0,746.565,588.152,1.0,739.954,586.995,1.0,570.05,197.255,1.0,576.385,201.588,1.0,584.667,209.868,1.0,589.044,217.069,1.0,594.246,223.584,1.0,703.138,253.803,1.0,697.029,262.135,1.0,694.493,270.888,1.0,687.843,276.799,1.0,689.504,285.98,1.0
40,688.367,488.025,1.0,677.516,487.696,1.0,669.568,481.791,1.0,660.569,478.751,1.0,653.047,470.782,1.0,471.791,735.104,1.0,471.969,727.329,1.0,475.533,719.987,1.0,479.41,714.508,1.0,489.998,705.667,1.0,776.662,591.389,1.0,766.07,595.209,1.0,761.054,591.751,1.0,746.906,588.386,1.0,740.104,586.995,1.0,570.025,197.255,1.0,574.331,200.895,1.0,584.295,208.944,1.0,588.473,210.482,1.0,593.271,222.179,1.0,703.138,253.701,1.0,697.822,259.526,1.0,694.493,269.931,1.0,688.338,275.813,1.0,689.445,285.98,1.0
41,688.6,489.008,1.0,679.851,487.696,1.0,670.994,482.506,1.0,660.797,478.885,1.0,654.095,472.14,1.0,471.43,736.011,1.0,471.065,729.128,1.0,475.221,720.539,1.0,479.381,714.508,1.0,487.434,706.669,1.0,777.969,591.417,1.0,767.83,595.374,1.0,761.522,591.751,1.0,747.315,588.409,1.0,741.639,587.156,1.0,569.353,196.388,1.0,573.288,200.842,1.0,581.592,206.637,1.0,583.914,209.483,1.0,591.403,221.319,1.0,704.284,253.679,1.0,699.193,259.293,1.0,693.932,268.102,1.0,688.758,274.073,1.0,689.129,285.765,1.0
42,688.735,493.824,1.0,681.426,488.973,1.0,672.9,482.554,1.0,662.203,479.113,1.0,657.073,475.048,1.0,471.364,736.172,1.0,471.04,729.826,1.0,475.165,721.783,1.0,479.231,715.469,1.0,487.222,709.287,1.0,781.366,593.359,1.0,774.671,595.569,1.0,765.359,591.327,1.0,757.483,589.129,1.0,745.257,587.428,1.0,563.578,195.998,1.0,571.922,200.084,1.0,576.627,205.738,1.0,582.386,209.472,1.0,591.156,217.88,1.0,704.284,250.212,1.0,700.453,251.546,1.0,693.69,263.356,1.0,695.355,270.836,1.0,687.811,285.431,1.0
43,689.789,494.398,1.0,682.918,489.493,1.0,674.517,483.216,1.0,662.348,479.265,1.0,658.597,476.151,1.0,467.086,742.487,1.0,470.342,736.282,1.0,471.903,726.39,1.0,477.364,715.7,1.0,484.874,714.214,1.0,787.905,594.045,1.0,779.534,595.751,1.0,765.695,591.327,1.0,757.483,589.512,1.0,748.401,588.398,1.0,563.506,195.899,1.0,570.464,199.675,1.0,574.462,204.731,1.0,580.932,208.541,1.0,590.868,217.194,1.0,704.284,240.284,1.0,703.946,248.833,1.0,693.263,260.219,1.0,696.5,269.653,1.0,687.811,279.818,1.0
44,689.833,494.479,1.0,683.324,489.493,1.0,674.53,483.216,1.0,662.348,479.336,1.0,659.092,476.151,1.0,463.374,747.915,1.0,465.54,739.789,1.0,471.768,733.308,1.0,472.826,724.246,1.0,483.178,717.126,1.0,788.725,594.045,1.0,780.357,595.751,1.0,765.702,591.327,1.0,760.376,589.869,1.0,749.567,588.767,1.0,562.951,195.611,1.0,569.626,199.675,1.0,574.248,203.968,1.0,580.392,207.183,1.0,590.66,216.922,1.0,704.278,240.278,1.0,703.985,248.833,1.0,693.263,259.68,1.0,696.5,269.389,1.0,687.811,279.567,1.0
45,689.833,494.744,1.0,683.351,489.493,1.0,674.994,483.33,1.0,662.541,479.336,1.0,659.148,476.151,1.0,463.12,747.977,1.0,464.955,740.254,1.0,471.441,733.354,1.0,472.219,724.983,1.0,482.815,717.321,1.0,789.055,594.045,1.0,781.071,596.134,1.0,767.202,591.327,1.0,761.137,590.064,1.0,749.698,589.504,1.0,558.422,190.74,1.0,563.99,194.124,1.0,573.034,196.756,1.0,578.229,205.988,1.0,586.424,213.262,1.0,704.278,239.14,1.0,705.167,248.229,1.0,693.69,258.933,1.0,696.5,267.429,1.0,688.161,277.702,1.0
46,689.833,494.869,1.0,684.513,489.039,1.0,676.405,483.33,1.0,663.27,479.443,1.0,659.769,476.387,1.0,463.12,749.929,1.0,464.955,740.361,1.0,471.384,734.409,1.0,471.635,724.984,1.0,482.692,718.036,1.0,791.966,592.148,1.0,783.452,597.974,1.0,770.225,591.327,1.0,761.137,590.165,1.0,753.202,589.504,1.0,554.693,187.19,1.0,560.728,187.967,1.0,568.955,196.051,1.0,573.345,198.018,1.0,577.236,209.404,1.0,704.262,237.253,1.0,706.166,247.699,1.0,699.356,257.567,1.0,696.5,263.15,1.0,690.631,268.682,1.0
47,689.833,495.46,1.0,684.842,488.854,1.0,677.233,483.33,1.0,663.581,479.698,1.0,660.512,476.387,1.0,463.12,749.929,1.0,464.955,741.92,1.0,471.389,736.074,1.0,471.635,725.973,1.0,482.692,718.687,1.0,793.518,592.148,1.0,783.746,599.475,1.0,775.027,591.11,1.0,761.137,590.668,1.0,756.125,589.504,1.0,553.443,186.455,1.0,559.642,186.131,1.0,567.069,195.877,1.0,572.258,198.018,1.0,577.203,209.05,1.0,703.438,237.105,1.0,706.6,245.413,1.0,700.286,252.565,1.0,694.781,259.106,1.0,690.991,266.854,1.0
48,695.537,495.46,1.0,689.006,485.507,1.0,677.802,483.741,1.0,666.213,481.871,1.0,662.281,476.453,1.0,463.12,750.852,1.0,465.03,741.92,1.0,471.103,736.074,1.0,471.635,726.405,1.0,482.737,719.043,1.0,795.675,592.148,1.0,786.796,599.546,1.0,776.501,591.11,1.0,764.021,592.274,1.0,759.716,589.652,1.0,551.666,186.241,1.0,557.602,185.744,1.0,565.727,195.405,1.0,570.46,196.623,1.0,575.233,208.322,1.0,703.438,236.179,1.0,706.6,244.204,1.0,700.286,250.637,1.0,694.781,257.028,1.0,690.995,266.54,1.0
49,698.07,495.482,1.0,691.822,485.145,1.0,678.356,484.861,1.0,671.861,485.397,1.0,662.325,478.736,1.0,463.587,750.852,1.0,465.252,741.964,1.0,471.103,736.074,1.0,471.504,726.439,1.0,482.815,719.22,1.0,796.039,592.545,1.0,787.434,599.546,1.0,777.931,591.11,1.0,767.989,592.506,1.0,760.281,589.652,1.0,551.656,179.763,1.0,555.247,185.004,1.0,561.187,195.099,1.0,569.54,195.603,1.0,575.04,202.15,1.0,703.438,234.726,1.0,706.166,242.597,1.0,700.286,248.736,1.0,695.038,254.934,1.0,691.016,266.399,1.0
50,698.514,495.482,1.0,692.606,485.079,1.0,678.877,485.147,1.0,673.331,485.853,1.0,663.404,478.878,1.0,467.245,749.644,1.0,465.388,741.964,1.0,471.103,735.209,1.0,471.504,726.717,1.0,482.999,719.479,1.0,797.107,592.742,1.0,789.933,599.546,1.0,779.78,591.764,1.0,771.14,593.895,1.0,760.545,589.463,1.0,550.065,177.501,1.0,552.894,183.236,1.0,558.662,191.815,1.0,566.305,195.36,1.0,574.487,201.713,1.0,704.282,227.748,1.0,705.386,234.138,1.0,699.218,246.221,1.0,696.135,254.518,1.0,695.161,266.387,1.0
51,698.514,495.46,1.0,692.606,485.145,1.0,678.877,485.412,1.0,673.692,486.042,1.0,663.404,479.102,1.0,474.125,749.644,1.0,465.921,742.429,1.0,471.309,735.074,1.0,471.646,727.958,1.0,483.018,720.039,1.0,804.292,598.628,1.0,797.801,600.206,1.0,784.994,594.467,1.0,773.267,594.188,1.0,764.765,589.652,1.0,548.803,176.503,1.0,552.81,182.647,1.0,557.368,190.601,1.0,563.67,195.131,1.0,574.466,201.312,1.0,708.879,224.229,1.0,705.386,233.316,1.0,699.218,242.073,1.0,696.135,249.889,1.0,700.15,259.55,1.0
52,698.514,495.482,1.0,692.612,485.507,1.0,679.012,485.503,1.0,674.471,486.399,1.0,663.735,479.433,1.0,474.241,750.852,1.0,470.801,742.785,1.0,471.309,735.074,1.0,471.307,728.058,1.0,483.062,720.094,1.0,805.116,604.196,1.0,800.107,598.053,1.0,790.0,595.104,1.0,774.086,595.744,1.0,767.339,591.121,1.0,548.533,173.988,1.0,549.81,179.8,1.0,554.681,189.815,1.0,558.943,192.331,1.0,570.327,201.28,1.0,709.895,222.188,1.0,705.386,230.037,1.0,699.218,241.638,1.0,696.672,249.605,1.0,701.057,259.226,1.0
53,698.514,495.826,1.0,692.683,486.2,1.0,679.772,487.067,1.0,675.6,487.652,1.0,665.34,479.929,1.0,474.611,752.627,1.0,471.314,743.908,1.0,471.309,735.209,1.0,471.288,728.159,1.0,483.278,720.278,1.0,805.72,604.415,1.0,802.466,597.256,1.0,790.0,596.461,1.0,775.476,596.931,1.0,768.984,591.121,1.0,539.123,173.988,1.0,546.216,178.928,1.0,551.63,184.829,1.0,558.325,186.96,1.0,562.889,195.014,1.0,710.032,222.173,1.0,705.977,226.667,1.0,702.665,240.758,1.0,697.281,246.824,1.0,701.153,257.47,1.0
54,698.514,496.992,1.0,695.4,489.304,1.0,686.174,487.68,1.0,676.457,487.652,1.0,668.158,481.426,1.0,474.79,754.031,1.0,471.812,744.547,1.0,471.309,735.72,1.0,471.307,728.829,1.0,483.278,721.345,1.0,806.456,605.03,1.0,802.962,595.833,1.0,790.491,596.603,1.0,775.476,597.097,1.0,770.666,591.121,1.0,538.119,173.988,1.0,544.59,176.479,1.0,549.346,184.0,1.0,556.869,186.012,1.0,561.96,194.174,1.0,714.642,222.188,1.0,707.86,226.342,1.0,702.665,237.413,1.0,702.09,246.626,1.0,702.162,252.479,1.0
55,700.437,497.131,1.0,697.045,493.543,1.0,688.31,488.987,1.0,677.134,487.652,1.0,671.074,481.516,1.0,474.79,755.441,1.0,472.279,745.15,1.0,470.559,736.514,1.0,471.389,728.829,1.0,483.278,721.345,1.0,813.57,605.03,1.0,805.975,595.833,1.0,791.48,596.701,1.0,782.847,600.723,1.0,775.245,591.407,1.0,537.589,173.15,1.0,541.749,176.287,1.0,548.022,182.875,1.0,555.773,184.827,1.0,560.287,193.911,1.0,717.16,222.188,1.0,709.356,226.342,1.0,702.749,233.87,1.0,702.214,243.092,1.0,702.162,252.409,1.0
56,701.458,502.128,1.0,697.329,495.57,1.0,690.34,490.432,1.0,677.372,487.652,1.0,671.248,482.486,1.0,474.79,755.441,1.0,472.303,745.15,1.0,470.559,737.032,1.0,471.389,730.058,1.0,483.044,721.345,1.0,816.232,605.089,1.0,806.244,595.833,1.0,795.21,599.11,1.0,791.132,601.991,1.0,777.949,596.03,1.0,533.484,172.207,1.0,538.77,172.747,1.0,545.55,180.899,1.0,552.509,184.827,1.0,557.894,191.11,1.0,717.56,222.173,1.0,710.436,225.144,1.0,703.554,232.853,1.0,702.629,242.309,1.0,702.372,252.389,1.0
57,701.687,502.169,1.0,697.679,495.574,1.0,690.401,490.772,1.0,677.372,487.652,1.0,671.943,482.689,1.0,474.79,755.441,1.0,472.303,745.15,1.0,470.559,737.032,1.0,471.524,730.058,1.0,483.044,721.848,1.0,816.359,605.03,1.0,806.323,595.833,1.0,798.303,599.131,1.0,791.47,601.991,1.0,778.506,596.251,1.0,527.072,170.112,1.0,533.883,168.922,1.0,544.315,175.07,1.0,548.323,184.308,1.0,557.806,189.241,1.0,719.48,217.992,1.0,711.692,219.199,1.0,705.983,229.787,1.0,702.691,238.843,1.0,703.459,252.09,1.0
58,701.806,502.295,1.0,697.913,496.306,1.0,690.638,491.053,1.0,677.729,487.269,1.0,672.014,482.689,1.0,473.207,755.129,1.0,472.303,744.921,1.0,470.888,737.032,1.0,471.93,728.783,1.0,482.599,720.961,1.0,816.445,604.882,1.0,807.714,595.833,1.0,799.024,600.695,1.0,791.47,601.991,1.0,779.583,596.4,1.0,526.553,169.535,1.0,533.089,168.83,1.0,543.324,175.07,1.0,548.091,181.479,1.0,557.12,188.304,1.0,719.48,213.37,1.0,712.344,217.117,1.0,710.077,226.9,1.0,705.201,234.478,1.0,704.145,247.649,1.0
59,702.823,502.295,1.0,698.044,496.545,1.0,691.157,491.804,1.0,677.763,487.157,1.0,672.39,483.176,1.0,472.813,750.044,1.0,469.252,740.023,1.0,472.335,737.032,1.0,471.93,728.783,1.0,482.599,720.12,1.0,820.265,601.216,1.0,809.632,594.757,1.0,801.268,600.695,1.0,791.844,601.907,1.0,782.064,596.403,1.0,525.043,165.717,1.0,530.408,168.83,1.0,539.888,175.025,1.0,544.032,181.191,1.0,556.26,188.16,1.0,719.787,209.983,1.0,713.07,216.871,1.0,710.69,226.9,1.0,705.201,233.343,1.0,704.193,245.632,1.0
60,703.156,502.295,1.0,698.922,497.772,1.0,692.614,491.856,1.0,681.351,485.84,1.0,672.476,484.188,1.0,464.063,744.173,1.0,467.218,739.814,1.0,472.335,734.913,1.0,471.93,729.197,1.0,482.599,720.12,1.0,827.856,595.472,1.0,814.931,593.737,1.0,804.621,602.434,1.0,792.655,600.933,1.0,784.295,596.673,1.0,520.839,164.797,1.0,528.776,168.922,1.0,536.001,175.014,1.0,542.885,181.191,1.0,548.394,187.914,1.0,720.33,207.537,1.0,714.596,216.516,1.0,711.327,222.287,1.0,705.931,232.954,1.0,704.54,243.87,1.0
61,710.758,500.477,1.0,703.459,501.041,1.0,695.346,493.339,1.0,684.862,485.602,1.0,676.457,485.779,1.0,463.567,734.821,1.0,467.218,738.318,1.0,472.335,733.545,1.0,471.912,729.197,1.0,482.599,720.12,1.0,827.856,595.472,1.0,816.214,593.417,1.0,805.271,602.757,1.0,793.328,600.933,1.0,787.074,596.91,1.0,519.773,164.351,1.0,527.744,168.314,1.0,533.518,174.463,1.0,540.993,180.113,1.0,547.076,184.219,1.0,720.33,205.705,1.0,714.596,214.64,1.0,711.93,220.547,1.0,706.435,230.381,1.0,704.54,242.121,1.0
62,711.011,499.808,1.0,703.459,501.162,1.0,696.334,493.718,1.0,685.106,485.602,1.0,679.233,486.242,1.0,460.78,721.283,1.0,467.218,727.048,1.0,469.046,731.811,1.0,469.551,730.081,1.0,481.77,716.244,1.0,827.856,595.285,1.0,817.957,593.308,1.0,805.551,603.237,1.0,793.328,600.758,1.0,787.28,599.131,1.0,518.98,163.909,1.0,526.147,167.481,1.0,531.963,174.463,1.0,539.566,178.594,1.0,544.364,181.659,1.0,719.83,204.885,1.0,718.324,214.64,1.0,712.724,220.181,1.0,708.514,223.955,1.0,704.193,234.119,1.0
63,712.367,499.808,1.0,704.855,502.31,1.0,696.334,495.115,1.0,685.151,485.84,1.0,680.77,486.242,1.0,460.45,721.187,1.0,466.97,726.827,1.0,467.637,731.811,1.0,468.927,731.17,1.0,480.256,715.625,1.0,828.234,595.168,1.0,819.866,593.308,1.0,807.072,603.237,1.0,794.536,600.758,1.0,788.357,600.004,1.0,513.724,160.984,1.0,520.457,167.481,1.0,528.219,170.506,1.0,533.311,173.475,1.0,542.109,180.299,1.0,720.663,202.496,1.0,719.647,211.164,1.0,713.619,216.655,1.0,710.759,223.955,1.0,704.137,234.119,1.0
64,712.367,500.01,1.0,704.855,502.507,1.0,696.334,495.115,1.0,687.263,485.94,1.0,681.089,486.242,1.0,460.035,720.112,1.0,466.97,726.491,1.0,467.574,730.979,1.0,468.927,731.17,1.0,479.545,715.625,1.0,828.234,594.161,1.0,822.615,593.737,1.0,809.053,602.757,1.0,795.659,600.946,1.0,789.862,600.5,1.0,508.169,160.706,1.0,514.496,165.017,1.0,525.949,168.169,1.0,532.123,172.706,1.0,541.554,180.026,1.0,720.663,200.873,1.0,719.647,210.403,1.0,714.029,216.046,1.0,711.24,223.596,1.0,704.137,233.622,1.0
65,711.772,500.01,1.0,705.418,502.689,1.0,696.082,495.115,1.0,688.375,486.295,1.0,681.089,486.56,1.0,459.615,720.112,1.0,466.878,725.152,1.0,466.577,729.668,1.0,468.927,731.17,1.0,479.333,715.625,1.0,828.234,592.815,1.0,823.303,601.803,1.0,812.955,601.71,1.0,804.193,602.69,1.0,789.864,600.878,1.0,507.706,159.872,1.0,512.548,163.792,1.0,523.966,167.918,1.0,529.409,172.521,1.0,541.526,177.515,1.0,723.428,200.873,1.0,720.126,208.032,1.0,714.136,215.881,1.0,712.837,222.31,1.0,704.137,232.826,1.0
66,711.772,500.012,1.0,705.418,502.689,1.0,696.082,494.868,1.0,688.375,486.447,1.0,681.123,486.56,1.0,457.588,720.112,1.0,466.878,725.152,1.0,466.577,729.668,1.0,469.476,730.927,1.0,479.333,715.732,1.0,832.244,592.815,1.0,827.691,601.893,1.0,813.315,599.946,1.0,807.702,602.69,1.0,794.029,600.906,1.0,507.541,159.138,1.0,511.477,162.97,1.0,522.442,167.832,1.0,528.019,172.153,1.0,540.184,176.756,1.0,726.824,202.496,1.0,720.591,207.127,1.0,714.519,215.649,1.0,712.837,222.31,1.0,704.301,232.826,1.0
67,711.772,506.156,1.0,705.451,502.31,1.0,696.082,494.868,1.0,689.266,486.7,1.0,681.142,487.849,1.0,457.386,720.112,1.0,466.78,725.152,1.0,466.577,729.668,1.0,470.471,729.389,1.0,479.333,715.874,1.0,833.039,592.815,1.0,829.215,601.893,1.0,815.308,599.705,1.0,808.905,602.69,1.0,794.914,601.057,1.0,505.113,155.994,1.0,511.131,159.022,1.0,516.222,164.813,1.0,525.548,171.709,1.0,532.568,176.663,1.0,731.683,202.512,1.0,720.885,206.458,1.0,715.037,214.476,1.0,712.837,222.31,1.0,704.693,232.423,1.0
68,708.305,506.748,1.0,705.657,501.42,1.0,697.227,494.868,1.0,691.188,491.957,1.0,682.256,487.849,1.0,457.386,721.509,1.0,466.296,726.064,1.0,468.592,730.516,1.0,470.641,726.418,1.0,479.444,716.159,1.0,833.039,592.835,1.0,829.215,601.803,1.0,815.684,599.591,1.0,810.373,602.69,1.0,795.591,601.063,1.0,502.843,151.802,1.0,506.785,156.896,1.0,514.198,161.989,1.0,520.692,171.699,1.0,529.861,174.613,1.0,731.836,207.327,1.0,722.465,206.458,1.0,715.037,212.276,1.0,709.365,219.844,1.0,705.576,229.368,1.0
69,708.305,507.835,1.0,707.066,501.42,1.0,697.594,496.345,1.0,691.935,493.319,1.0,683.146,487.849,1.0,457.588,725.23,1.0,466.78,728.204,1.0,470.642,730.516,1.0,471.574,726.418,1.0,481.429,717.478,1.0,833.447,596.764,1.0,829.215,601.22,1.0,816.821,599.517,1.0,810.373,602.553,1.0,796.271,601.35,1.0,502.493,151.705,1.0,506.08,156.556,1.0,514.04,161.989,1.0,520.412,167.537,1.0,529.704,174.593,1.0,736.221,207.327,1.0,727.799,203.762,1.0,715.695,211.709,1.0,709.365,217.225,1.0,705.875,228.796,1.0
70,708.305,510.554,1.0,707.066,501.42,1.0,700.339,500.143,1.0,693.982,495.285,1.0,686.162,487.721,1.0,458.028,738.311,1.0,467.109,731.732,1.0,470.642,730.883,1.0,471.574,728.469,1.0,482.235,718.84,1.0,833.458,604.067,1.0,830.664,601.078,1.0,820.576,598.433,1.0,810.373,602.126,1.0,796.625,601.544,1.0,499.498,150.179,1.0,503.072,153.821,1.0,513.163,161.989,1.0,519.041,167.537,1.0,527.859,172.339,1.0,736.789,205.812,1.0,728.432,203.355,1.0,716.185,211.339,1.0,709.365,217.225,1.0,706.527,228.008,1.0
71,709.758,512.657,1.0,707.968,503.938,1.0,701.251,501.095,1.0,695.075,495.285,1.0,686.395,487.721,1.0,463.582,740.745,1.0,467.109,733.462,1.0,470.642,731.315,1.0,471.574,727.88,1.0,482.478,719.275,1.0,833.458,604.187,1.0,830.664,598.452,1.0,822.436,598.433,1.0,810.373,602.038,1.0,796.651,601.544,1.0,492.665,150.179,1.0,498.657,151.298,1.0,505.468,162.0,1.0,513.51,164.973,1.0,523.664,170.24,1.0,740.66,205.812,1.0,731.276,201.313,1.0,721.905,208.067,1.0,712.155,216.655,1.0,706.527,225.679,1.0
72,710.372,512.992,1.0,708.562,504.074,1.0,701.512,501.281,1.0,695.1,495.541,1.0,686.567,487.469,1.0,476.121,741.167,1.0,468.4,735.255,1.0,470.624,731.315,1.0,471.305,727.191,1.0,482.478,719.577,1.0,833.458,606.379,1.0,830.118,598.165,1.0,824.945,598.433,1.0,810.115,601.602,1.0,797.643,601.544,1.0,490.29,150.179,1.0,497.082,150.673,1.0,504.942,162.0,1.0,513.51,163.471,1.0,522.706,169.079,1.0,746.632,204.026,1.0,735.076,200.666,1.0,726.339,208.067,1.0,716.076,216.004,1.0,711.436,221.841,1.0
73,710.392,513.154,1.0,708.67,504.206,1.0,701.564,501.385,1.0,695.338,495.632,1.0,687.27,487.721,1.0,476.16,743.228,1.0,472.195,737.341,1.0,470.624,731.315,1.0,470.085,727.191,1.0,482.254,719.626,1.0,835.841,607.863,1.0,830.654,598.165,1.0,824.945,599.126,1.0,809.992,600.427,1.0,803.023,599.445,1.0,490.097,150.537,1.0,496.965,150.673,1.0,504.906,162.0,1.0,510.788,163.333,1.0,522.047,168.85,1.0,747.123,203.921,1.0,736.029,198.489,1.0,729.157,208.067,1.0,719.434,215.805,1.0,712.742,221.316,1.0
74,710.7,513.154,1.0,708.832,504.859,1.0,702.071,501.96,1.0,695.1,495.541,1.0,688.645,489.014,1.0,477.126,746.947,1.0,476.393,740.289,1.0,470.624,731.398,1.0,470.085,727.236,1.0,482.254,719.774,1.0,836.152,607.866,1.0,831.283,598.452,1.0,824.945,599.174,1.0,810.115,599.132,1.0,804.161,599.445,1.0,487.101,154.316,1.0,496.759,150.673,1.0,504.491,157.678,1.0,509.514,163.253,1.0,520.414,166.545,1.0,747.544,203.745,1.0,738.377,196.322,1.0,730.07,208.305,1.0,719.492,214.724,1.0,713.791,220.099,1.0
75,714.276,513.154,1.0,708.864,505.138,1.0,702.495,503.347,1.0,695.075,495.05,1.0,689.664,490.274,1.0,481.756,748.103,1.0,477.732,741.438,1.0,472.116,731.398,1.0,470.085,727.236,1.0,482.126,719.774,1.0,837.884,608.227,1.0,832.409,599.272,1.0,825.959,599.588,1.0,810.742,598.956,1.0,804.272,599.445,1.0,484.341,154.316,1.0,492.633,151.782,1.0,499.968,155.707,1.0,508.291,161.326,1.0,514.406,164.192,1.0,748.154,196.052,1.0,741.728,196.051,1.0,730.302,208.305,1.0,720.209,213.31,1.0,714.447,220.09,1.0
76,717.054,512.44,1.0,708.864,505.383,1.0,703.353,503.347,1.0,695.718,495.632,1.0,691.802,490.274,1.0,484.07,750.042,1.0,480.603,742.298,1.0,472.198,732.283,1.0,470.565,727.236,1.0,482.096,719.774,1.0,840.453,609.794,1.0,833.066,602.068,1.0,826.191,604.414,1.0,811.899,598.762,1.0,805.962,600.939,1.0,484.341,154.316,1.0,491.736,151.782,1.0,499.129,154.774,1.0,505.476,157.362,1.0,513.289,162.803,1.0,750.489,194.516,1.0,744.3,195.396,1.0,733.627,208.305,1.0,723.485,210.835,1.0,715.789,219.491,1.0
77,717.975,512.44,1.0,709.159,506.885,1.0,703.501,504.599,1.0,695.718,495.632,1.0,691.812,490.358,1.0,484.338,750.042,1.0,481.476,742.298,1.0,473.656,735.558,1.0,470.685,727.974,1.0,481.759,719.626,1.0,842.17,611.582,1.0,833.972,607.946,1.0,826.191,604.414,1.0,817.268,597.677,1.0,807.404,601.109,1.0,483.423,149.382,1.0,491.704,151.782,1.0,498.943,154.278,1.0,504.073,156.673,1.0,512.762,162.542,1.0,751.367,194.14,1.0,744.3,195.396,1.0,733.977,206.831,1.0,726.651,209.874,1.0,718.919,219.491,1.0
78,718.459,512.44,1.0,710.971,507.129,1.0,704.841,505.237,1.0,695.718,495.888,1.0,692.4,490.616,1.0,485.498,750.042,1.0,481.938,742.298,1.0,475.967,735.571,1.0,470.689,729.492,1.0,477.685,717.268,1.0,842.574,612.903,1.0,836.497,609.571,1.0,828.631,604.414,1.0,820.223,597.668,1.0,808.794,601.171,1.0,483.423,145.699,1.0,488.508,150.632,1.0,496.201,151.612,1.0,501.874,156.136,1.0,511.367,162.279,1.0,751.566,193.887,1.0,744.3,195.396,1.0,734.386,205.892,1.0,726.651,209.61,1.0,718.919,218.551,1.0
79,718.987,514.848,1.0,713.254,511.345,1.0,704.956,505.237,1.0,696.306,497.98,1.0,693.703,491.695,1.0,485.74,750.49,1.0,482.363,742.37,1.0,476.059,736.468,1.0,471.193,729.492,1.0,477.079,717.268,1.0,846.494,617.615,1.0,839.058,609.571,1.0,830.584,603.121,1.0,822.567,597.668,1.0,809.28,601.741,1.0,479.1,139.066,1.0,483.88,145.775,1.0,493.837,150.127,1.0,499.557,155.333,1.0,510.625,161.966,1.0,751.77,193.887,1.0,743.489,197.676,1.0,734.57,205.238,1.0,726.689,209.275,1.0,718.938,217.254,1.0
80,718.987,515.026,1.0,713.254,511.539,1.0,705.215,505.237,1.0,696.694,499.439,1.0,694.19,491.837,1.0,485.74,749.973,1.0,482.363,742.37,1.0,476.059,736.468,1.0,471.444,729.492,1.0,477.079,716.761,1.0,846.62,617.657,1.0,839.553,609.571,1.0,830.758,602.996,1.0,823.211,597.677,1.0,809.315,601.784,1.0,478.829,138.384,1.0,482.619,144.218,1.0,492.83,150.068,1.0,498.502,155.333,1.0,509.413,160.803,1.0,751.77,190.974,1.0,743.45,198.304,1.0,737.112,203.981,1.0,726.772,208.322,1.0,718.938,217.162,1.0
81,718.696,515.12,1.0,713.626,513.389,1.0,705.343,506.028,1.0,696.736,500.262,1.0,694.447,492.678,1.0,485.498,749.722,1.0,482.449,742.439,1.0,476.059,736.468,1.0,471.725,729.288,1.0,477.079,716.399,1.0,846.94,617.856,1.0,840.017,609.812,1.0,830.861,602.683,1.0,823.633,597.918,1.0,810.236,602.519,1.0,478.799,137.804,1.0,481.087,142.401,1.0,491.055,148.793,1.0,496.111,154.334,1.0,506.65,159.307,1.0,751.77,190.209,1.0,743.45,198.304,1.0,737.914,198.62,1.0,730.426,204.648,1.0,719.433,212.296,1.0
82,718.987,517.847,1.0,714.245,513.413,1.0,705.405,506.279,1.0,696.736,500.835,1.0,694.447,492.874,1.0,484.583,749.653,1.0,482.623,742.579,1.0,475.237,735.011,1.0,471.725,729.016,1.0,477.568,716.399,1.0,847.363,617.657,1.0,840.02,609.812,1.0,831.782,602.531,1.0,825.022,598.889,1.0,811.236,602.519,1.0,475.506,132.247,1.0,479.949,138.161,1.0,485.319,146.075,1.0,493.456,153.567,1.0,500.965,158.546,1.0,752.052,187.752,1.0,743.489,197.676,1.0,738.098,198.549,1.0,730.849,204.595,1.0,720.151,211.841,1.0
83,719.562,520.284,1.0,714.595,514.188,1.0,706.772,506.282,1.0,696.983,500.835,1.0,695.476,493.136,1.0,481.233,749.221,1.0,483.729,742.579,1.0,475.219,734.033,1.0,471.725,728.691,1.0,477.594,714.174,1.0,848.181,617.657,1.0,841.657,610.952,1.0,831.782,602.531,1.0,825.754,598.889,1.0,811.531,602.519,1.0,473.871,130.262,1.0,477.281,137.641,1.0,482.002,145.718,1.0,489.605,151.413,1.0,499.474,157.155,1.0,752.507,185.744,1.0,745.401,195.523,1.0,739.328,198.523,1.0,731.435,204.575,1.0,720.74,211.403,1.0
84,719.562,521.165,1.0,717.701,516.429,1.0,709.799,507.161,1.0,697.942,500.601,1.0,696.938,495.305,1.0,478.869,746.036,1.0,483.729,742.439,1.0,474.606,733.959,1.0,471.725,728.767,1.0,478.183,714.174,1.0,848.331,615.983,1.0,841.78,610.952,1.0,832.983,602.531,1.0,825.851,598.889,1.0,812.036,602.519,1.0,473.422,130.105,1.0,475.961,135.229,1.0,481.726,144.853,1.0,488.147,150.778,1.0,499.034,157.065,1.0,753.479,183.826,1.0,747.174,191.622,1.0,743.028,197.824,1.0,731.981,204.135,1.0,722.205,210.03,1.0
85,724.981,525.805,1.0,721.885,518.947,1.0,712.743,511.219,1.0,703.752,501.071,1.0,697.073,498.437,1.0,478.869,746.036,1.0,482.449,742.115,1.0,474.473,733.928,1.0,471.762,728.691,1.0,478.346,714.174,1.0,848.506,605.685,1.0,842.166,610.952,1.0,832.983,602.575,1.0,826.159,597.687,1.0,812.036,602.168,1.0,469.772,128.907,1.0,474.13,133.183,1.0,480.275,143.563,1.0,487.509,148.379,1.0,497.52,155.811,1.0,757.766,183.01,1.0,749.741,185.724,1.0,744.999,196.591,1.0,732.672,203.205,1.0,723.874,207.631,1.0
86,725.04,526.074,1.0,722.318,519.653,1.0,713.07,512.313,1.0,705.065,501.122,1.0,697.275,499.687,1.0,478.869,746.036,1.0,482.339,742.115,1.0,474.473,733.928,1.0,471.762,728.581,1.0,481.025,720.369,1.0,852.803,605.685,1.0,843.377,609.422,1.0,832.306,603.223,1.0,827.202,597.234,1.0,812.086,601.402,1.0,466.36,128.907,1.0,472.677,131.903,1.0,479.786,141.45,1.0,485.536,141.317,1.0,495.432,153.448,1.0,761.62,181.866,1.0,751.558,184.706,1.0,745.167,194.374,1.0,735.503,201.854,1.0,727.212,207.158,1.0
87,725.04,526.082,1.0,722.318,519.994,1.0,713.116,512.728,1.0,705.072,501.122,1.0,697.454,499.687,1.0,478.869,747.472,1.0,481.439,741.99,1.0,473.949,733.928,1.0,471.773,728.014,1.0,481.025,720.369,1.0,852.99,605.685,1.0,844.12,609.086,1.0,832.252,607.243,1.0,827.202,597.156,1.0,812.086,601.402,1.0,465.739,130.105,1.0,471.309,131.903,1.0,479.277,141.45,1.0,485.041,141.317,1.0,494.381,153.347,1.0,761.62,180.804,1.0,751.558,183.547,1.0,745.167,194.374,1.0,735.503,200.25,1.0,728.415,206.865,1.0
88,724.981,526.082,1.0,722.508,520.105,1.0,713.116,512.728,1.0,705.137,501.25,1.0,698.187,499.768,1.0,478.869,747.472,1.0,480.292,741.99,1.0,473.949,733.928,1.0,471.812,727.165,1.0,481.403,720.683,1.0,853.031,607.549,1.0,844.322,608.728,1.0,832.306,607.259,1.0,827.202,597.156,1.0,812.086,601.402,1.0,465.095,130.105,1.0,470.932,131.903,1.0,479.003,139.765,1.0,485.041,141.161,1.0,494.159,152.704,1.0,761.62,180.046,1.0,751.558,183.18,1.0,745.761,193.434,1.0,735.524,198.008,1.0,728.542,206.647,1.0
89,724.981,526.082,1.0,722.508,520.105,1.0,713.116,512.951,1.0,705.301,501.28,1.0,698.187,499.827,1.0,477.423,747.472,1.0,477.523,741.585,1.0,473.949,733.857,1.0,471.812,727.165,1.0,481.403,720.481,1.0,853.074,607.555,1.0,844.378,608.527,1.0,832.306,607.357,1.0,827.083,597.156,1.0,812.213,601.434,1.0,462.697,137.215,1.0,470.279,134.712,1.0,477.927,139.765,1.0,484.898,141.317,1.0,494.071,151.596,1.0,756.364,175.575,1.0,751.787,181.076,1.0,745.167,193.434,1.0,735.524,198.008,1.0,733.519,205.194,1.0
90,725.153,526.576,1.0,722.508,519.994,1.0,713.43,513.3,1.0,706.462,504.012,1.0,699.04,500.284,1.0,473.267,744.727,1.0,476.439,741.585,1.0,474.586,732.343,1.0,471.812,727.165,1.0,481.495,720.369,1.0,853.903,607.563,1.0,845.493,607.511,1.0,832.921,607.259,1.0,824.05,597.99,1.0,812.848,601.502,1.0,460.242,137.804,1.0,467.571,136.501,1.0,477.704,139.765,1.0,483.58,142.649,1.0,493.748,151.153,1.0,756.364,175.575,1.0,751.551,181.076,1.0,743.872,193.434,1.0,733.951,198.008,1.0,733.708,205.033,1.0
91,726.043,528.306,1.0,722.683,519.994,1.0,714.644,513.869,1.0,708.113,508.572,1.0,700.69,501.172,1.0,468.082,741.308,1.0,474.53,741.585,1.0,476.021,732.343,1.0,471.812,727.957,1.0,481.495,720.076,1.0,855.282,607.797,1.0,846.792,607.511,1.0,834.425,607.243,1.0,824.05,598.783,1.0,813.283,601.563,1.0,457.188,139.515,1.0,466.522,136.539,1.0,475.214,139.215,1.0,481.079,144.033,1.0,493.431,148.147,1.0,752.813,175.575,1.0,751.551,181.076,1.0,743.872,193.434,1.0,733.62,198.008,1.0,733.708,205.033,1.0
92,728.188,530.347,1.0,722.823,520.214,1.0,715.787,516.703,1.0,710.028,510.591,1.0,702.659,502.988,1.0,468.082,736.945,1.0,471.414,741.585,1.0,476.021,732.343,1.0,471.578,728.336,1.0,481.495,720.076,1.0,855.655,607.833,1.0,847.395,607.404,1.0,835.259,606.989,1.0,824.05,599.642,1.0,814.251,601.64,1.0,455.344,139.515,1.0,463.547,136.539,1.0,473.325,138.849,1.0,480.086,144.033,1.0,492.791,146.055,1.0,752.813,190.18,1.0,751.551,185.883,1.0,745.761,192.163,1.0,732.746,197.976,1.0,733.708,204.848,1.0
93,728.401,530.351,1.0,723.103,520.214,1.0,716.251,517.472,1.0,710.795,511.435,1.0,702.969,502.988,1.0,467.682,736.555,1.0,470.44,741.585,1.0,476.021,733.12,1.0,471.578,728.336,1.0,478.544,719.708,1.0,857.344,609.095,1.0,848.04,607.291,1.0,836.374,606.88,1.0,825.369,599.976,1.0,814.392,601.737,1.0,452.747,137.804,1.0,463.452,136.539,1.0,470.115,136.406,1.0,478.204,144.033,1.0,491.218,145.528,1.0,757.557,196.715,1.0,751.101,190.46,1.0,743.581,190.962,1.0,732.746,196.914,1.0,733.32,204.799,1.0
94,728.55,530.46,1.0,723.96,520.376,1.0,717.074,517.516,1.0,711.061,511.574,1.0,703.693,503.966,1.0,466.665,736.555,1.0,468.798,740.242,1.0,475.844,733.12,1.0,471.578,728.336,1.0,477.783,719.239,1.0,857.41,609.432,1.0,848.834,607.248,1.0,836.582,606.109,1.0,825.482,599.976,1.0,814.392,601.737,1.0,449.704,137.327,1.0,458.063,133.979,1.0,467.646,136.406,1.0,476.026,135.994,1.0,483.321,145.187,1.0,758.798,203.865,1.0,751.101,193.756,1.0,743.808,190.667,1.0,732.746,196.914,1.0,733.32,204.828,1.0
95,728.782,530.46,1.0,724.188,521.394,1.0,717.12,518.115,1.0,711.356,511.574,1.0,703.889,503.966,1.0,464.706,728.559,1.0,467.259,736.221,1.0,473.659,733.314,1.0,474.474,723.486,1.0,477.4,717.806,1.0,857.902,609.432,1.0,850.574,606.65,1.0,837.626,605.575,1.0,826.797,599.976,1.0,815.28,601.737,1.0,443.919,136.366,1.0,451.759,133.911,1.0,464.79,136.406,1.0,475.073,135.994,1.0,483.158,145.094,1.0,762.94,203.865,1.0,753.465,194.247,1.0,748.167,190.962,1.0,733.255,196.914,1.0,733.32,204.828,1.0
96,729.184,530.42,1.0,724.33,521.94,1.0,717.563,518.115,1.0,711.356,511.827,1.0,704.975,504.735,1.0,464.706,726.82,1.0,466.875,731.564,1.0,472.908,733.574,1.0,474.474,723.486,1.0,477.361,716.83,1.0,857.902,609.432,1.0,851.613,606.374,1.0,838.844,605.564,1.0,827.734,599.96,1.0,818.301,599.169,1.0,443.878,136.294,1.0,451.028,133.911,1.0,463.817,136.406,1.0,473.966,135.994,1.0,482.965,144.378,1.0,766.029,204.355,1.0,753.465,194.247,1.0,748.246,192.163,1.0,735.817,197.488,1.0,733.47,204.799,1.0
97,729.607,530.693,1.0,724.534,522.254,1.0,717.8,518.512,1.0,712.027,511.865,1.0,706.181,504.735,1.0,464.106,722.52,1.0,466.875,729.716,1.0,472.775,734.95,1.0,474.474,723.486,1.0,477.217,716.038,1.0,857.902,610.074,1.0,851.613,606.374,1.0,840.811,605.411,1.0,827.734,599.96,1.0,818.649,599.169,1.0,440.009,135.145,1.0,449.811,133.979,1.0,460.418,136.861,1.0,465.394,135.95,1.0,475.423,144.286,1.0,766.349,205.25,1.0,759.912,194.302,1.0,748.246,194.461,1.0,741.039,197.784,1.0,733.604,204.558,1.0
98,731.696,530.693,1.0,725.712,524.954,1.0,721.003,518.852,1.0,712.7,512.477,1.0,708.322,506.914,1.0,463.493,722.52,1.0,467.259,727.738,1.0,471.67,734.95,1.0,473.218,724.638,1.0,477.361,716.038,1.0,857.605,610.074,1.0,851.613,606.374,1.0,841.047,605.129,1.0,827.734,599.96,1.0,818.755,599.169,1.0,439.666,135.145,1.0,444.879,134.531,1.0,452.507,136.861,1.0,461.975,135.95,1.0,471.865,143.733,1.0,768.096,204.355,1.0,760.367,194.302,1.0,751.397,195.303,1.0,743.606,197.979,1.0,734.333,204.183,1.0
99,732.246,531.885,1.0,728.227,528.415,1.0,721.544,520.957,1.0,712.7,515.062,1.0,709.853,508.215,1.0,460.812,722.52,1.0,467.896,727.533,1.0,470.665,734.95,1.0,472.836,724.638,1.0,477.4,716.038,1.0,855.555,610.417,1.0,845.796,608.647,1.0,841.09,605.411,1.0,826.827,600.275,1.0,818.81,599.339,1.0,438.169,132.875,1.0,443.665,135.687,1.0,451.685,136.561,1.0,461.386,134.703,1.0,471.821,142.827,1.0,769.067,207.314,1.0,761.674,194.302,1.0,753.814,197.791,1.0,744.187,198.58,1.0,734.369,203.797,1.0
100,732.398,532.066,1.0,728.479,528.687,1.0,721.682,521.474,1.0,712.648,515.804,1.0,710.719,508.359,1.0,458.623,722.726,1.0,467.923,726.824,1.0,470.535,732.244,1.0,472.836,724.638,1.0,478.614,716.261,1.0,855.293,610.417,1.0,845.711,608.647,1.0,841.09,604.931,1.0,826.827,600.275,1.0,818.81,599.339,1.0,434.357,132.875,1.0,442.477,136.337,1.0,450.63,136.183,1.0,460.956,134.527,1.0,470.788,142.5,1.0,771.631,207.314,1.0,766.169,197.25,1.0,758.506,198.409,1.0,745.605,198.58,1.0,737.768,200.757,1.0
101,732.697,532.845,1.0,728.866,529.301,1.0,721.992,521.579,1.0,712.7,516.307,1.0,710.838,508.542,1.0,458.623,722.726,1.0,467.923,726.824,1.0,470.535,731.241,1.0,472.836,724.638,1.0,478.614,716.261,1.0,854.868,610.417,1.0,845.711,608.647,1.0,841.09,604.912,1.0,826.749,600.275,1.0,818.755,599.484,1.0,428.041,135.435,1.0,434.589,136.579,1.0,448.59,136.183,1.0,458.474,134.527,1.0,467.714,142.5,1.0,777.237,207.314,1.0,766.942,198.638,1.0,758.731,199.604,1.0,745.956,199.152,1.0,738.858,200.155,1.0
102,732.697,533.444,1.0,728.604,531.174,1.0,722.095,522.149,1.0,712.714,517.004,1.0,710.919,508.542,1.0,458.623,722.726,1.0,467.896,726.824,1.0,470.535,731.241,1.0,472.627,723.916,1.0,478.635,716.261,1.0,853.274,608.633,1.0,845.796,607.94,1.0,839.493,604.931,1.0,826.176,599.748,1.0,818.125,599.484,1.0,426.811,135.435,1.0,434.436,137.139,1.0,447.83,136.183,1.0,458.243,134.703,1.0,467.714,142.36,1.0,778.218,207.314,1.0,770.017,198.809,1.0,760.752,200.977,1.0,746.161,199.152,1.0,739.125,200.155,1.0
103,732.697,536.753,1.0,728.604,531.944,1.0,722.218,522.426,1.0,712.714,517.059,1.0,711.222,508.542,1.0,462.251,722.61,1.0,464.803,726.518,1.0,470.535,731.241,1.0,472.627,723.848,1.0,478.635,714.929,1.0,854.868,606.999,1.0,846.977,607.834,1.0,838.259,605.88,1.0,826.749,599.287,1.0,816.017,601.052,1.0,426.723,135.551,1.0,434.376,137.139,1.0,447.725,136.015,1.0,458.039,135.371,1.0,467.665,142.328,1.0,779.638,207.836,1.0,770.223,199.985,1.0,762.318,202.756,1.0,747.688,198.469,1.0,741.503,200.155,1.0
104,731.722,541.266,1.0,728.604,532.644,1.0,724.681,523.898,1.0,713.214,518.014,1.0,712.791,508.978,1.0,471.244,721.619,1.0,464.129,726.426,1.0,470.535,731.421,1.0,471.29,723.646,1.0,478.614,714.929,1.0,854.868,598.284,1.0,847.388,599.496,1.0,838.259,607.695,1.0,826.849,598.565,1.0,815.969,601.13,1.0,426.144,135.551,1.0,434.329,137.139,1.0,445.196,136.015,1.0,449.671,135.472,1.0,465.511,140.675,1.0,780.707,208.903,1.0,774.839,201.323,1.0,764.621,202.828,1.0,756.733,196.481,1.0,744.441,200.642,1.0
105,731.122,541.73,1.0,728.604,533.857,1.0,725.223,525.573,1.0,713.299,519.369,1.0,712.791,511.064,1.0,471.45,720.238,1.0,464.129,726.426,1.0,469.347,731.421,1.0,471.218,723.646,1.0,478.143,714.929,1.0,855.107,598.284,1.0,847.989,598.532,1.0,838.259,608.02,1.0,826.851,598.126,1.0,815.931,601.254,1.0,425.781,134.9,1.0,433.386,136.145,1.0,442.125,136.015,1.0,447.524,135.472,1.0,460.438,139.263,1.0,781.488,208.903,1.0,776.696,206.137,1.0,766.001,202.839,1.0,758.614,196.481,1.0,746.395,200.846,1.0
106,731.122,541.809,1.0,728.604,533.985,1.0,725.731,527.248,1.0,717.048,519.369,1.0,713.178,511.25,1.0,472.327,716.763,1.0,464.803,724.756,1.0,467.871,731.421,1.0,471.218,723.646,1.0,477.731,717.416,1.0,855.107,598.284,1.0,847.989,598.532,1.0,838.259,608.02,1.0,826.851,598.126,1.0,815.931,601.254,1.0,425.757,133.801,1.0,432.946,136.011,1.0,440.09,136.586,1.0,447.406,135.51,1.0,460.146,138.321,1.0,781.621,209.876,1.0,777.215,206.666,1.0,766.003,204.211,1.0,759.459,196.481,1.0,747.36,200.846,1.0
107,731.122,541.809,1.0,728.564,533.985,1.0,725.731,527.292,1.0,718.523,519.19,1.0,713.572,514.028,1.0,472.499,714.963,1.0,465.343,721.414,1.0,465.651,728.086,1.0,470.815,725.172,1.0,476.606,719.419,1.0,855.107,598.379,1.0,847.989,598.532,1.0,838.259,608.02,1.0,826.851,598.126,1.0,815.771,601.298,1.0,423.911,131.562,1.0,431.077,135.683,1.0,436.931,136.343,1.0,445.898,135.51,1.0,457.892,137.824,1.0,785.353,210.381,1.0,777.625,208.534,1.0,769.531,204.852,1.0,761.716,197.882,1.0,749.445,200.642,1.0
108,731.182,541.872,1.0,728.564,533.985,1.0,726.156,527.789,1.0,718.905,519.19,1.0,713.572,514.144,1.0,473.31,712.779,1.0,466.58,716.958,1.0,464.933,726.551,1.0,469.747,728.194,1.0,476.437,729.338,1.0,854.339,607.117,1.0,845.428,599.515,1.0,836.353,604.628,1.0,825.436,598.493,1.0,815.169,601.476,1.0,420.414,126.522,1.0,427.34,134.239,1.0,435.552,136.586,1.0,443.81,135.51,1.0,453.926,137.785,1.0,790.931,211.464,1.0,779.715,210.674,1.0,774.993,205.283,1.0,762.884,200.359,1.0,755.128,199.804,1.0
109,731.322,542.108,1.0,728.765,534.441,1.0,726.156,527.789,1.0,719.312,519.369,1.0,713.769,514.22,1.0,473.31,710.269,1.0,467.189,716.652,1.0,464.933,726.551,1.0,467.324,729.423,1.0,476.606,732.224,1.0,845.789,609.755,1.0,842.206,601.665,1.0,835.775,604.218,1.0,823.945,598.692,1.0,813.656,602.221,1.0,417.153,125.718,1.0,425.843,133.154,1.0,435.5,136.343,1.0,443.409,140.696,1.0,452.81,137.513,1.0,790.931,214.703,1.0,779.958,212.653,1.0,774.993,206.128,1.0,764.046,200.474,1.0,756.385,199.804,1.0
110,731.514,542.277,1.0,729.115,535.205,1.0,726.156,528.801,1.0,719.312,522.266,1.0,714.238,515.249,1.0,473.325,709.621,1.0,467.36,716.036,1.0,464.933,726.551,1.0,467.324,729.8,1.0,476.437,733.588,1.0,845.71,610.467,1.0,841.724,607.567,1.0,835.773,604.218,1.0,823.945,599.288,1.0,813.656,602.221,1.0,416.503,125.718,1.0,425.085,133.081,1.0,435.32,136.343,1.0,443.02,140.696,1.0,452.795,137.5,1.0,794.28,215.378,1.0,783.069,212.653,1.0,776.491,206.292,1.0,764.081,200.588,1.0,756.475,199.804,1.0
111,733.21,543.733,1.0,729.137,537.613,1.0,726.156,531.476,1.0,719.384,526.372,1.0,714.8,516.93,1.0,473.325,709.113,1.0,468.042,715.314,1.0,467.856,725.882,1.0,467.324,729.8,1.0,476.118,734.282,1.0,839.032,619.535,1.0,839.959,608.961,1.0,835.64,604.218,1.0,823.945,599.868,1.0,813.656,602.221,1.0,413.584,125.718,1.0,422.658,132.942,1.0,434.626,135.253,1.0,442.328,140.594,1.0,452.603,136.879,1.0,794.618,221.581,1.0,783.069,212.653,1.0,776.626,208.85,1.0,764.504,202.499,1.0,758.937,200.131,1.0
112,734.794,546.897,1.0,731.0,540.671,1.0,727.196,534.958,1.0,721.885,529.852,1.0,716.654,517.823,1.0,472.983,705.79,1.0,471.013,714.282,1.0,469.599,725.332,1.0,468.942,730.073,1.0,476.437,734.627,1.0,833.944,619.936,1.0,838.721,611.373,1.0,835.64,606.899,1.0,825.162,599.868,1.0,813.434,602.221,1.0,408.277,130.222,1.0,418.361,132.882,1.0,433.25,133.352,1.0,440.556,140.248,1.0,451.82,136.879,1.0,796.708,221.829,1.0,790.577,212.447,1.0,779.68,210.329,1.0,772.534,207.863,1.0,762.494,200.31,1.0
113,734.912,552.794,1.0,735.118,545.776,1.0,727.33,536.256,1.0,725.192,530.357,1.0,718.682,518.948,1.0,472.983,705.597,1.0,471.013,713.447,1.0,469.599,721.658,1.0,469.403,730.073,1.0,476.619,734.843,1.0,832.069,621.403,1.0,837.416,612.225,1.0,835.64,607.043,1.0,825.536,599.868,1.0,816.161,601.458,1.0,407.405,130.242,1.0,417.675,131.065,1.0,432.399,132.421,1.0,440.125,140.248,1.0,451.575,136.522,1.0,797.344,221.896,1.0,791.359,212.447,1.0,780.866,211.61,1.0,773.12,208.347,1.0,763.233,200.527,1.0
114,736.797,555.079,1.0,736.154,546.081,1.0,728.038,537.042,1.0,725.881,530.496,1.0,719.177,518.974,1.0,473.098,704.996,1.0,471.013,712.682,1.0,470.368,720.348,1.0,469.403,731.116,1.0,476.718,736.314,1.0,830.537,620.181,1.0,835.043,613.544,1.0,834.597,607.212,1.0,826.139,599.516,1.0,816.222,601.458,1.0,407.405,130.322,1.0,417.31,130.908,1.0,430.844,130.722,1.0,438.535,138.213,1.0,449.827,136.522,1.0,797.594,222.007,1.0,791.447,212.447,1.0,781.214,211.61,1.0,773.687,208.397,1.0,764.718,201.434,1.0
115,736.797,555.38,1.0,736.154,546.41,1.0,728.26,537.506,1.0,726.376,531.105,1.0,719.572,519.22,1.0,472.885,704.643,1.0,470.651,712.682,1.0,470.368,720.348,1.0,469.403,731.116,1.0,476.718,736.314,1.0,830.372,622.653,1.0,833.691,615.087,1.0,834.596,607.212,1.0,828.248,599.516,1.0,817.772,602.673,1.0,407.405,130.713,1.0,417.199,130.236,1.0,429.561,129.113,1.0,437.347,134.152,1.0,446.102,136.558,1.0,797.745,222.334,1.0,792.123,215.437,1.0,786.1,214.138,1.0,773.723,208.406,1.0,765.904,205.466,1.0
116,736.797,555.504,1.0,736.165,546.433,1.0,728.442,538.618,1.0,726.552,532.547,1.0,719.677,520.703,1.0,472.612,703.993,1.0,470.651,712.607,1.0,469.798,720.348,1.0,469.139,731.116,1.0,476.718,736.314,1.0,828.927,622.963,1.0,832.948,615.892,1.0,834.592,607.212,1.0,829.713,599.516,1.0,818.611,602.974,1.0,407.504,130.837,1.0,416.765,130.236,1.0,429.126,127.527,1.0,436.303,134.152,1.0,445.911,136.617,1.0,803.917,224.717,1.0,795.101,217.916,1.0,788.172,214.455,1.0,777.401,212.512,1.0,774.703,206.043,1.0
117,736.797,556.786,1.0,736.269,549.206,1.0,729.974,540.909,1.0,727.115,533.466,1.0,719.79,525.036,1.0,473.098,703.246,1.0,470.651,711.437,1.0,469.509,719.086,1.0,469.139,728.905,1.0,474.231,734.112,1.0,827.984,622.963,1.0,831.25,616.656,1.0,834.399,606.949,1.0,830.077,601.083,1.0,818.825,602.977,1.0,407.593,131.593,1.0,416.665,129.961,1.0,427.779,127.527,1.0,435.063,133.928,1.0,445.856,136.617,1.0,805.675,225.156,1.0,795.867,218.326,1.0,788.493,214.93,1.0,778.026,213.213,1.0,774.852,206.161,1.0
118,736.797,556.786,1.0,736.974,550.585,1.0,730.753,542.053,1.0,727.121,533.466,1.0,720.182,527.827,1.0,472.612,700.053,1.0,470.863,709.665,1.0,468.19,718.369,1.0,468.007,726.529,1.0,470.62,731.918,1.0,827.984,622.963,1.0,831.019,616.66,1.0,833.791,606.949,1.0,830.186,601.333,1.0,819.058,602.977,1.0,407.593,133.215,1.0,415.593,129.961,1.0,426.521,127.527,1.0,434.424,133.928,1.0,445.609,136.65,1.0,806.257,225.261,1.0,796.603,218.54,1.0,789.041,215.497,1.0,778.044,213.213,1.0,775.064,208.065,1.0
119,737.37,557.472,1.0,737.198,550.656,1.0,732.782,544.777,1.0,727.588,534.239,1.0,721.989,529.34,1.0,472.48,698.486,1.0,470.889,709.165,1.0,468.19,717.686,1.0,467.639,725.474,1.0,469.935,731.85,1.0,827.984,623.719,1.0,831.019,616.66,1.0,832.759,606.949,1.0,830.263,601.421,1.0,819.335,602.974,1.0,407.593,133.797,1.0,415.187,130.473,1.0,424.167,127.564,1.0,432.841,133.774,1.0,443.89,136.65,1.0,807.801,227.231,1.0,798.937,223.454,1.0,792.827,219.294,1.0,784.316,213.213,1.0,775.306,208.565,1.0
120,737.501,557.472,1.0,737.227,550.712,1.0,733.079,544.824,1.0,727.827,534.422,1.0,723.447,530.488,1.0,472.48,698.486,1.0,471.206,709.165,1.0,468.19,717.232,1.0,467.315,723.589,1.0,469.081,731.565,1.0,829.584,627.502,1.0,831.019,621.12,1.0,831.751,611.417,1.0,830.263,602.807,1.0,820.329,602.184,1.0,403.103,137.183,1.0,411.726,132.004,1.0,420.816,127.905,1.0,431.427,133.717,1.0,441.474,136.65,1.0,810.1,228.28,1.0,803.575,225.982,1.0,796.167,219.294,1.0,789.675,212.97,1.0,779.035,212.357,1.0
121,737.521,557.472,1.0,737.198,550.712,1.0,733.112,545.353,1.0,727.827,534.422,1.0,723.491,530.533,1.0,472.48,698.821,1.0,471.389,709.472,1.0,468.289,717.232,1.0,467.315,723.589,1.0,468.91,731.316,1.0,830.62,629.62,1.0,830.78,621.912,1.0,831.557,612.952,1.0,830.263,602.807,1.0,821.419,602.184,1.0,403.052,137.183,1.0,411.627,132.177,1.0,420.422,127.984,1.0,430.574,133.516,1.0,439.965,136.835,1.0,810.266,228.388,1.0,804.342,226.025,1.0,797.089,219.904,1.0,790.294,212.97,1.0,779.16,212.493,1.0
122,737.687,557.924,1.0,737.198,550.763,1.0,733.593,546.231,1.0,727.929,536.314,1.0,723.492,533.575,1.0,472.48,698.821,1.0,471.96,709.472,1.0,468.468,716.991,1.0,467.639,723.589,1.0,468.91,730.794,1.0,830.62,630.874,1.0,833.74,622.221,1.0,831.134,613.86,1.0,829.686,603.077,1.0,822.979,602.184,1.0,401.978,137.212,1.0,410.372,132.929,1.0,419.948,128.534,1.0,429.076,132.301,1.0,439.133,135.278,1.0,812.449,230.743,1.0,808.448,226.082,1.0,798.734,219.904,1.0,790.481,212.97,1.0,779.776,213.355,1.0
123,739.494,563.008,1.0,736.59,553.543,1.0,733.967,550.11,1.0,728.064,541.254,1.0,726.24,537.314,1.0,472.392,698.821,1.0,473.087,709.472,1.0,468.814,716.93,1.0,467.315,723.589,1.0,469.081,730.705,1.0,830.942,637.445,1.0,835.454,624.114,1.0,831.134,613.869,1.0,829.686,603.104,1.0,822.979,602.796,1.0,401.978,137.212,1.0,409.29,133.747,1.0,418.353,129.277,1.0,428.954,131.53,1.0,438.909,134.83,1.0,813.851,236.124,1.0,809.089,229.096,1.0,800.488,220.303,1.0,791.591,216.311,1.0,781.662,215.037,1.0
124,742.034,572.116,1.0,736.59,559.887,1.0,735.462,551.492,1.0,728.363,542.171,1.0,727.722,537.314,1.0,478.124,706.241,1.0,474.095,709.67,1.0,468.838,716.76,1.0,467.174,723.067,1.0,470.491,730.631,1.0,830.942,637.647,1.0,835.473,624.183,1.0,831.134,614.732,1.0,829.686,603.257,1.0,823.597,602.871,1.0,401.526,137.212,1.0,407.907,133.747,1.0,417.661,131.791,1.0,424.75,131.53,1.0,436.488,134.796,1.0,814.088,236.748,1.0,809.127,230.992,1.0,801.897,221.404,1.0,791.591,218.368,1.0,781.823,216.4,1.0
125,742.034,572.242,1.0,736.59,559.904,1.0,736.489,551.651,1.0,729.015,542.324,1.0,727.722,537.787,1.0,488.17,720.249,0.0,478.911,709.903,1.0,469.545,712.745,1.0,465.012,717.463,1.0,473.146,730.485,1.0,830.942,637.445,1.0,835.454,626.713,1.0,833.617,615.536,1.0,829.88,605.708,1.0,823.752,602.871,1.0,396.742,140.415,1.0,407.293,133.747,1.0,417.487,131.911,1.0,421.652,130.801,1.0,432.372,132.444,0.984000027179718,814.551,240.774,1.0,809.191,230.992,1.0,801.984,221.456,1.0,791.677,218.556,1.0,782.327,216.492,1.0
126,742.034,572.76,1.0,736.777,560.499,1.0,737.153,551.909,1.0,729.342,542.515,1.0,729.121,539.352,1.0,494.09,720.86,1.0,479.534,709.903,1.0,470.279,712.641,1.0,464.673,717.414,1.0,473.146,729.787,1.0,829.691,637.445,1.0,835.454,629.626,1.0,833.617,617.859,1.0,830.303,609.318,1.0,826.476,602.871,1.0,395.857,140.87,1.0,405.12,133.517,1.0,417.276,132.106,1.0,421.652,130.576,1.0,432.222,129.727,1.0,815.107,240.774,1.0,809.825,230.992,1.0,802.351,221.456,1.0,791.677,218.635,1.0,782.327,216.492,1.0
127,742.034,573.142,1.0,737.371,560.531,1.0,737.162,552.876,1.0,729.566,543.209,1.0,729.149,539.352,1.0,494.09,720.249,1.0,482.928,710.111,1.0,471.738,712.641,1.0,464.525,716.033,1.0,473.146,728.607,1.0,828.34,637.233,1.0,834.593,632.634,1.0,833.617,618.954,1.0,830.303,611.036,1.0,827.69,602.871,1.0,395.348,140.997,1.0,404.529,133.237,1.0,417.276,132.517,1.0,421.491,130.313,1.0,431.093,129.32,1.0,817.632,240.774,1.0,812.74,228.005,1.0,805.268,224.547,1.0,795.72,220.272,1.0,786.265,216.492,1.0
128,742.034,574.145,1.0,737.838,562.291,1.0,737.162,552.876,1.0,731.112,545.844,1.0,729.239,540.444,1.0,494.09,718.781,1.0,483.731,710.111,1.0,471.999,712.745,1.0,464.018,715.144,1.0,466.408,728.601,1.0,828.34,637.233,1.0,834.57,632.634,1.0,833.037,619.646,1.0,830.634,613.882,1.0,828.363,602.934,1.0,395.257,141.169,1.0,404.414,133.175,1.0,417.276,132.517,1.0,421.491,128.353,1.0,431.093,129.251,1.0,822.667,238.478,1.0,814.654,228.005,1.0,805.268,224.677,1.0,795.982,220.272,1.0,790.514,216.492,1.0
129,745.63,574.182,1.0,739.781,566.073,1.0,737.162,557.968,1.0,732.323,549.779,1.0,729.912,541.693,1.0,494.601,718.086,1.0,484.352,710.176,1.0,472.046,713.852,1.0,464.018,715.144,1.0,461.889,727.499,1.0,828.34,637.233,1.0,834.526,632.729,1.0,833.037,619.962,1.0,830.752,614.038,1.0,828.363,603.632,1.0,395.099,141.353,1.0,403.248,133.154,1.0,414.224,132.528,1.0,420.808,127.463,1.0,428.524,128.624,1.0,824.417,237.504,1.0,815.562,228.005,1.0,805.268,225.185,1.0,795.982,220.272,1.0,791.251,217.732,1.0
130,745.63,575.859,1.0,741.274,566.668,1.0,736.56,559.787,1.0,734.225,550.161,1.0,733.008,542.052,1.0,494.644,717.943,1.0,484.442,710.176,1.0,472.046,713.852,1.0,464.018,715.225,1.0,461.889,726.74,1.0,828.481,637.697,1.0,832.022,632.755,1.0,832.343,620.264,1.0,830.736,614.973,1.0,828.363,604.487,1.0,394.852,142.119,1.0,402.614,133.154,1.0,412.727,132.54,1.0,419.849,127.463,1.0,427.84,128.226,1.0,824.417,229.32,1.0,815.974,233.623,1.0,804.815,225.435,1.0,795.982,218.705,1.0,791.252,216.956,1.0
131,745.63,575.881,1.0,741.56,567.113,1.0,736.56,559.872,1.0,734.345,550.758,1.0,733.079,542.121,1.0,494.719,717.698,1.0,484.601,710.142,1.0,472.129,713.852,1.0,464.479,715.225,1.0,461.889,726.104,1.0,828.877,639.963,1.0,831.921,634.12,1.0,832.343,624.086,1.0,830.634,614.973,1.0,828.363,604.749,1.0,394.699,142.241,1.0,402.502,133.175,1.0,412.382,132.602,1.0,419.14,127.463,1.0,427.187,128.226,1.0,825.994,229.32,1.0,815.974,233.976,1.0,804.815,225.185,1.0,795.974,218.705,1.0,791.738,217.732,1.0
132,745.518,576.812,1.0,741.826,567.364,1.0,736.56,561.289,1.0,735.378,554.264,1.0,733.676,543.74,1.0,496.291,717.698,1.0,487.582,710.142,1.0,476.827,713.511,1.0,467.958,715.546,1.0,461.889,724.293,1.0,828.877,641.437,1.0,831.76,634.986,1.0,832.259,625.856,1.0,830.736,614.973,1.0,828.363,605.687,1.0,394.699,142.408,1.0,401.844,134.115,1.0,410.808,132.692,1.0,417.457,128.07,1.0,426.901,127.951,1.0,825.994,229.32,1.0,816.02,234.127,1.0,804.815,224.677,1.0,795.488,218.705,1.0,793.176,218.149,1.0
133,745.518,577.76,1.0,741.936,568.996,1.0,736.578,563.387,1.0,735.378,555.125,1.0,734.788,545.401,1.0,498.018,717.592,1.0,489.047,710.142,1.0,479.707,712.669,1.0,472.06,715.546,1.0,461.889,720.275,1.0,828.877,642.094,1.0,831.76,635.33,1.0,832.108,626.38,1.0,830.736,615.79,1.0,830.235,605.905,1.0,394.775,143.205,1.0,401.844,134.184,1.0,409.895,132.692,1.0,416.562,129.052,1.0,426.082,127.951,1.0,824.216,234.699,1.0,816.02,233.976,1.0,806.383,223.981,1.0,795.459,219.381,1.0,793.176,218.175,1.0
134,745.518,579.117,1.0,742.929,572.578,1.0,737.678,565.827,1.0,735.378,558.434,1.0,736.173,547.569,1.0,499.007,717.592,1.0,489.729,709.644,1.0,480.275,712.655,1.0,472.5,715.666,1.0,460.756,718.187,1.0,827.625,642.094,1.0,831.487,635.33,1.0,832.101,626.38,1.0,829.358,615.084,1.0,831.277,605.944,1.0,394.775,143.205,1.0,401.844,134.723,1.0,409.849,132.775,1.0,416.373,129.256,1.0,424.286,128.425,1.0,816.204,238.896,1.0,813.5,233.623,1.0,807.404,223.822,1.0,795.459,220.174,1.0,793.176,218.175,1.0
135,747.291,588.476,1.0,745.815,574.981,1.0,740.252,566.031,1.0,736.903,561.072,1.0,737.116,552.796,1.0,499.452,717.901,1.0,490.322,709.445,1.0,480.643,712.655,1.0,472.901,715.546,1.0,460.756,717.402,1.0,827.566,642.475,1.0,831.336,635.33,1.0,832.101,626.38,1.0,829.358,614.808,1.0,831.522,606.022,1.0,396.002,142.96,1.0,402.131,134.723,1.0,409.849,132.692,1.0,416.357,129.256,1.0,424.032,129.028,1.0,807.52,240.841,1.0,813.343,233.976,1.0,807.404,223.822,1.0,795.459,220.397,1.0,792.443,218.175,1.0
136,747.572,589.005,1.0,745.942,575.713,1.0,740.544,566.292,1.0,736.941,561.571,1.0,737.116,552.984,1.0,499.452,717.901,1.0,490.396,709.282,1.0,480.643,712.238,1.0,472.901,714.61,1.0,460.756,717.346,1.0,825.743,642.475,1.0,831.299,634.513,1.0,832.108,626.327,1.0,829.358,615.084,1.0,832.023,606.547,1.0,396.009,142.53,1.0,402.245,134.184,1.0,409.895,132.408,1.0,416.357,129.219,1.0,424.032,129.028,1.0,802.147,241.748,1.0,805.249,234.65,1.0,807.404,223.981,1.0,796.105,221.25,1.0,792.443,215.167,1.0
137,747.572,589.092,1.0,746.002,576.737,1.0,740.639,566.7,1.0,737.745,562.517,1.0,737.341,552.984,1.0,504.708,717.848,1.0,494.115,708.412,1.0,484.006,712.655,1.0,473.217,714.328,1.0,463.484,717.277,1.0,822.693,642.087,1.0,829.273,631.541,1.0,832.165,626.327,1.0,829.345,615.726,1.0,832.023,606.547,1.0,396.009,142.53,1.0,402.245,133.725,1.0,410.141,132.391,1.0,416.357,129.219,1.0,424.032,129.195,1.0,801.826,242.578,1.0,803.8,235.03,1.0,806.654,224.988,1.0,796.355,221.287,1.0,792.443,214.679,1.0
138,747.921,589.102,1.0,746.281,578.584,1.0,741.237,567.32,1.0,738.146,563.584,1.0,737.341,553.188,1.0,506.031,717.848,1.0,494.417,708.289,1.0,484.507,712.709,1.0,473.415,713.905,1.0,463.951,717.277,1.0,821.499,642.087,1.0,827.757,631.541,1.0,832.165,626.327,1.0,828.898,615.726,1.0,831.737,606.769,1.0,396.009,141.569,1.0,402.155,133.281,1.0,410.289,132.291,1.0,416.357,128.867,1.0,423.936,129.298,1.0,801.776,250.797,1.0,802.207,237.983,1.0,804.931,226.83,1.0,796.355,222.344,1.0,792.636,214.483,1.0
139,748.04,589.597,1.0,746.3,579.941,1.0,742.08,568.544,1.0,739.368,564.989,1.0,736.37,557.659,1.0,506.934,717.435,1.0,497.143,707.772,1.0,485.192,712.854,1.0,474.655,713.656,1.0,466.204,717.148,1.0,813.818,642.087,1.0,825.776,631.541,1.0,832.165,627.047,1.0,828.523,618.439,1.0,831.737,607.183,1.0,396.139,141.569,1.0,402.208,133.281,1.0,410.289,132.145,1.0,416.357,128.867,1.0,423.927,129.195,1.0,801.776,251.576,1.0,801.072,239.477,1.0,803.676,228.842,1.0,796.355,221.465,1.0,793.09,214.483,1.0
140,748.756,589.694,1.0,748.017,583.178,1.0,742.74,573.178,1.0,740.811,567.834,1.0,735.907,558.206,1.0,506.934,717.435,1.0,497.143,707.671,1.0,485.411,712.878,1.0,475.065,713.376,1.0,466.461,716.834,1.0,813.314,642.006,1.0,821.856,635.355,1.0,831.333,627.172,1.0,828.523,618.439,1.0,830.946,608.921,1.0,396.652,141.569,1.0,402.155,133.281,1.0,410.289,132.027,1.0,416.194,128.799,1.0,423.502,129.195,1.0,801.776,251.576,1.0,801.048,242.764,1.0,801.299,230.946,1.0,796.355,222.344,1.0,793.561,214.679,1.0
141,749.539,589.694,1.0,748.099,583.178,1.0,742.74,574.168,1.0,741.49,569.856,1.0,736.37,558.206,1.0,507.303,717.302,1.0,497.437,707.34,1.0,485.411,713.187,1.0,475.098,713.264,1.0,466.635,716.834,1.0,810.373,634.116,1.0,820.028,636.2,1.0,828.589,628.219,1.0,828.523,619.805,1.0,830.946,610.111,1.0,397.638,141.741,1.0,402.138,133.825,1.0,410.31,131.93,1.0,416.328,128.785,1.0,423.502,129.195,1.0,801.098,254.433,1.0,798.623,242.872,1.0,800.835,232.936,1.0,796.355,222.376,1.0,793.593,214.679,1.0
142,749.633,589.832,1.0,748.148,583.229,1.0,742.937,574.65,1.0,741.49,569.856,1.0,736.37,559.086,1.0,506.934,716.925,1.0,497.143,707.34,1.0,485.192,713.187,1.0,475.098,713.134,1.0,466.635,717.148,1.0,810.185,634.116,1.0,819.407,637.434,1.0,828.062,628.219,1.0,828.922,619.805,1.0,830.882,611.077,1.0,397.638,141.907,1.0,402.065,133.825,1.0,410.178,131.802,1.0,416.194,128.785,1.0,423.502,129.011,1.0,798.674,255.086,1.0,798.623,248.046,1.0,800.835,234.671,1.0,796.404,226.373,1.0,794.119,220.002,1.0
143,749.633,589.832,1.0,748.692,583.229,1.0,742.937,574.997,1.0,741.712,570.007,1.0,736.422,559.69,1.0,506.47,708.522,1.0,496.944,707.34,1.0,485.411,715.024,1.0,475.098,712.14,1.0,466.68,717.27,1.0,810.185,634.116,1.0,819.105,637.434,1.0,828.062,628.699,1.0,828.922,619.05,1.0,830.946,611.613,1.0,397.638,141.914,1.0,401.849,134.046,1.0,410.125,131.802,1.0,416.194,128.785,1.0,423.756,128.967,1.0,798.674,257.795,1.0,798.623,248.806,1.0,800.304,240.501,1.0,797.466,230.673,1.0,796.655,221.765,1.0
144,749.666,590.067,1.0,748.714,583.305,1.0,743.405,576.377,1.0,741.712,570.05,1.0,736.581,563.714,1.0,502.763,705.429,1.0,496.944,707.788,1.0,485.411,715.373,1.0,475.125,711.814,1.0,467.032,717.392,1.0,810.185,634.407,1.0,819.06,637.532,1.0,827.126,628.78,1.0,828.922,619.05,1.0,830.998,612.039,1.0,396.373,141.914,1.0,401.371,134.324,1.0,410.08,131.802,1.0,416.192,128.785,1.0,424.139,128.827,1.0,798.674,259.176,1.0,798.862,249.082,1.0,800.304,241.893,1.0,797.49,231.452,1.0,796.726,222.523,1.0
145,749.666,592.809,1.0,749.502,585.231,1.0,745.321,579.253,1.0,741.045,571.538,1.0,737.494,567.874,1.0,495.829,704.889,1.0,498.601,708.071,1.0,488.575,719.123,1.0,475.125,711.61,1.0,467.032,717.785,1.0,809.948,635.042,1.0,818.753,637.609,1.0,825.883,628.78,1.0,828.449,623.125,1.0,830.998,612.709,1.0,394.366,141.946,1.0,400.084,135.274,1.0,408.971,133.102,1.0,415.443,128.927,1.0,424.139,128.785,1.0,799.548,260.519,1.0,798.862,251.12,1.0,800.304,242.768,1.0,797.49,232.256,1.0,796.836,222.85,1.0
146,751.266,602.418,1.0,752.734,593.83,1.0,746.427,585.43,1.0,740.956,574.477,1.0,740.872,570.781,1.0,495.29,704.889,1.0,495.436,708.071,1.0,488.575,719.123,1.0,475.104,711.61,1.0,467.032,718.481,1.0,809.948,641.132,1.0,817.788,638.829,1.0,824.338,634.163,1.0,824.998,624.766,1.0,830.882,614.452,1.0,390.311,142.814,1.0,399.662,136.118,1.0,408.121,133.459,1.0,414.881,129.168,1.0,424.139,128.775,1.0,799.944,265.15,1.0,798.862,254.821,1.0,800.548,244.059,1.0,796.404,233.897,1.0,797.56,226.566,1.0
147,751.266,602.649,1.0,753.017,594.682,1.0,747.79,586.183,1.0,740.081,575.018,1.0,741.996,570.781,1.0,495.116,705.429,1.0,494.953,710.132,1.0,488.575,719.123,1.0,474.128,711.814,1.0,467.053,718.757,1.0,810.216,642.947,1.0,817.623,639.115,1.0,823.875,635.077,1.0,822.913,627.642,1.0,830.998,615.155,1.0,390.311,142.814,1.0,398.541,136.846,1.0,407.529,134.558,1.0,414.515,129.212,1.0,424.002,128.226,1.0,800.156,270.094,1.0,798.631,257.895,1.0,800.492,249.045,1.0,796.229,236.386,1.0,797.56,229.213,1.0
148,751.28,602.99,1.0,753.395,594.691,1.0,747.981,586.317,1.0,740.081,575.175,1.0,742.159,570.781,1.0,494.485,715.687,1.0,492.691,712.363,1.0,486.234,713.642,1.0,473.01,713.481,1.0,467.0,719.515,1.0,812.09,644.58,1.0,817.019,639.977,1.0,823.657,635.077,1.0,822.815,627.885,1.0,830.782,615.167,1.0,389.495,142.814,1.0,398.509,138.383,1.0,406.782,135.128,1.0,413.89,129.626,1.0,423.79,127.962,1.0,800.156,270.094,1.0,798.631,257.968,1.0,800.548,249.235,1.0,796.229,236.788,1.0,798.233,229.259,1.0
149,751.266,602.99,1.0,753.395,595.322,1.0,747.981,587.119,1.0,740.081,576.167,1.0,742.159,571.665,1.0,492.107,716.231,1.0,491.852,712.363,1.0,484.313,711.793,1.0,473.01,714.2,1.0,466.789,719.566,1.0,812.09,644.67,1.0,816.067,640.482,1.0,823.557,635.281,1.0,822.694,628.352,1.0,830.628,616.227,1.0,389.256,144.235,1.0,396.879,139.578,1.0,405.003,135.805,1.0,411.61,134.873,1.0,422.364,127.657,1.0,800.156,270.573,1.0,798.631,259.32,1.0,800.548,249.527,1.0,796.229,239.705,1.0,798.233,231.819,1.0
150,750.626,604.123,1.0,753.535,596.843,1.0,747.981,587.825,1.0,740.966,579.424,1.0,742.397,572.117,1.0,491.977,718.904,1.0,491.445,712.363,1.0,484.313,711.793,1.0,473.01,714.658,1.0,466.587,720.283,1.0,812.09,645.253,1.0,816.067,640.71,1.0,822.424,635.287,1.0,822.001,628.549,1.0,830.628,617.956,1.0,388.645,145.181,1.0,396.053,140.918,1.0,403.685,136.913,1.0,410.148,135.118,1.0,419.937,127.518,1.0,796.828,271.298,1.0,798.769,262.912,1.0,800.492,251.303,1.0,796.82,243.753,1.0,798.233,234.927,1.0
151,749.421,605.787,1.0,753.535,599.006,1.0,748.928,591.821,1.0,743.36,583.546,1.0,742.648,573.047,1.0,491.719,719.601,1.0,490.746,715.274,1.0,484.313,711.793,1.0,473.808,714.2,1.0,466.452,719.566,1.0,809.893,645.876,1.0,813.622,641.28,1.0,821.136,635.487,1.0,822.001,628.549,1.0,829.597,620.025,1.0,388.358,145.406,1.0,395.808,141.177,1.0,403.612,137.279,1.0,409.568,135.131,1.0,419.603,127.518,1.0,796.237,273.108,1.0,799.789,265.465,1.0,798.086,257.341,1.0,797.321,245.246,1.0,798.233,236.884,1.0
152,749.162,607.848,1.0,753.535,600.069,1.0,749.617,594.478,1.0,747.544,583.836,1.0,743.291,575.459,1.0,484.436,723.309,1.0,490.212,719.045,1.0,484.313,715.254,1.0,475.064,713.895,1.0,466.02,719.515,1.0,805.676,653.728,1.0,813.622,643.919,1.0,819.065,637.053,1.0,822.001,628.549,1.0,828.761,623.102,1.0,387.623,145.531,1.0,395.289,141.499,1.0,403.358,137.445,1.0,409.381,135.131,1.0,419.264,127.657,1.0,796.237,273.257,1.0,799.789,266.327,1.0,796.917,257.713,1.0,797.321,247.938,1.0,799.533,238.331,1.0
153,749.114,608.258,1.0,753.535,600.076,1.0,749.742,594.794,1.0,747.544,584.211,1.0,743.386,576.084,1.0,484.214,726.91,1.0,488.536,721.194,1.0,484.313,715.784,1.0,475.88,713.895,1.0,465.901,712.166,1.0,805.676,653.738,1.0,813.384,644.703,1.0,818.473,637.053,1.0,823.532,628.926,1.0,828.512,625.14,1.0,384.923,147.254,1.0,392.946,143.427,1.0,401.881,138.996,1.0,408.847,135.35,1.0,418.266,128.55,1.0,796.237,275.565,1.0,799.789,266.496,1.0,796.917,259.772,1.0,797.654,248.215,1.0,800.043,238.49,1.0
154,749.162,609.737,1.0,753.999,600.103,1.0,749.943,595.128,1.0,747.544,584.211,1.0,743.401,576.559,1.0,484.214,733.955,1.0,486.469,722.767,1.0,484.091,716.33,1.0,476.453,713.749,1.0,465.852,712.166,1.0,805.674,653.738,1.0,812.593,644.763,1.0,818.119,637.091,1.0,823.532,628.926,1.0,828.511,626.035,1.0,383.806,148.278,1.0,391.878,146.507,1.0,399.749,139.333,1.0,407.293,136.526,1.0,415.441,128.71,1.0,806.78,284.047,1.0,799.781,269.721,1.0,798.086,263.377,1.0,798.473,253.342,1.0,800.303,243.474,1.0
155,749.421,611.884,1.0,753.999,601.456,1.0,750.626,597.164,1.0,747.276,586.171,1.0,745.425,579.314,1.0,484.214,735.525,1.0,485.483,724.313,1.0,484.056,716.497,1.0,476.585,713.749,1.0,465.758,712.166,1.0,805.514,653.892,1.0,812.557,644.934,1.0,817.724,637.7,1.0,823.532,628.926,1.0,827.876,626.331,1.0,378.89,149.861,1.0,389.398,147.527,1.0,398.163,143.651,1.0,401.777,137.32,1.0,412.172,130.207,1.0,806.78,285.641,1.0,799.781,273.957,1.0,799.914,265.134,1.0,798.23,257.557,1.0,800.303,247.416,1.0
156,750.198,619.13,1.0,753.999,610.864,1.0,751.584,601.107,1.0,747.276,590.26,1.0,746.153,583.44,1.0,485.216,737.187,1.0,484.7,724.686,1.0,483.806,716.806,1.0,476.8,713.749,1.0,465.852,712.407,1.0,805.514,653.892,1.0,810.812,645.719,1.0,815.634,641.009,1.0,821.613,636.009,1.0,826.81,626.413,1.0,378.715,150.051,1.0,388.971,148.279,1.0,397.89,143.732,1.0,401.765,137.525,1.0,411.76,130.231,1.0,806.917,285.819,1.0,799.781,274.931,1.0,800.411,265.621,1.0,798.23,257.828,1.0,800.303,248.044,1.0
157,750.208,619.959,1.0,751.018,611.887,1.0,751.997,601.613,1.0,747.276,593.33,1.0,747.137,586.443,1.0,485.474,737.292,1.0,483.811,725.612,1.0,483.806,717.069,1.0,476.818,714.464,1.0,465.901,712.523,1.0,799.326,654.075,1.0,803.568,648.125,1.0,809.55,641.391,1.0,819.021,638.739,1.0,826.603,626.996,1.0,377.757,150.051,1.0,388.734,148.65,1.0,397.43,143.732,1.0,401.448,138.014,1.0,411.57,130.246,1.0,807.392,286.85,1.0,801.928,275.78,1.0,800.529,266.945,1.0,798.65,260.597,1.0,800.289,248.123,1.0
158,750.321,620.369,1.0,751.018,611.922,1.0,751.997,601.975,1.0,747.516,593.517,1.0,747.406,586.975,1.0,485.709,737.292,1.0,483.531,727.734,1.0,483.806,717.069,1.0,477.278,714.464,1.0,467.114,713.138,1.0,797.279,659.048,1.0,803.248,648.125,1.0,808.954,642.079,1.0,818.763,639.118,1.0,826.579,629.488,1.0,377.657,153.057,1.0,386.803,149.444,1.0,395.99,143.732,1.0,400.057,138.014,1.0,410.902,130.376,1.0,809.431,289.457,1.0,806.294,280.208,1.0,801.945,272.613,1.0,799.358,265.537,1.0,800.289,254.449,1.0
159,750.321,621.858,1.0,751.018,612.454,1.0,751.997,602.213,1.0,747.851,593.884,1.0,747.406,587.454,1.0,486.358,737.292,1.0,483.531,728.747,1.0,485.129,717.069,1.0,477.924,714.464,1.0,468.403,718.385,1.0,797.109,659.048,1.0,802.442,648.125,1.0,808.746,642.703,1.0,818.246,639.442,1.0,826.579,629.667,1.0,377.622,155.277,1.0,385.299,152.484,1.0,391.953,143.261,1.0,398.262,138.014,1.0,407.257,132.686,1.0,810.194,290.824,1.0,806.793,283.592,1.0,802.927,276.591,1.0,800.008,265.751,1.0,799.397,255.725,1.0
160,750.321,623.165,1.0,751.123,614.25,1.0,752.339,603.282,1.0,747.923,596.129,1.0,747.907,589.091,1.0,486.38,735.752,1.0,483.531,728.88,1.0,485.228,717.446,1.0,478.055,714.464,1.0,468.805,718.385,1.0,796.118,658.645,1.0,802.442,648.208,1.0,808.272,642.874,1.0,818.103,639.561,1.0,825.505,630.825,1.0,373.123,157.611,1.0,385.026,152.484,1.0,391.136,143.261,1.0,396.557,138.569,1.0,406.804,136.294,1.0,810.684,292.503,1.0,806.797,284.196,1.0,803.794,276.708,1.0,800.34,266.389,1.0,799.397,257.65,1.0
161,747.078,623.696,1.0,751.125,615.952,1.0,751.997,608.312,1.0,747.923,600.493,1.0,747.947,589.251,1.0,486.38,735.752,1.0,483.821,729.074,1.0,485.82,717.446,1.0,478.101,714.464,1.0,468.922,718.385,1.0,793.398,659.357,1.0,802.342,648.208,1.0,806.81,644.409,1.0,817.028,639.779,1.0,823.006,635.745,1.0,373.11,158.172,1.0,382.296,152.549,1.0,390.668,143.261,1.0,396.465,138.569,1.0,406.605,136.759,1.0,811.784,292.997,1.0,809.497,284.811,1.0,803.957,278.432,1.0,800.34,269.813,1.0,800.738,262.433,1.0
162,746.943,627.842,1.0,752.424,618.594,1.0,754.06,610.636,1.0,749.442,600.591,1.0,749.743,593.777,1.0,486.642,735.752,1.0,484.71,729.074,1.0,485.82,717.642,1.0,478.101,714.529,1.0,468.922,718.019,1.0,793.398,659.049,1.0,802.218,652.679,1.0,803.571,648.927,1.0,806.525,644.007,1.0,819.85,636.114,1.0,371.8,158.569,1.0,380.363,152.898,1.0,388.474,147.614,1.0,396.143,138.569,1.0,405.813,138.746,1.0,813.226,301.63,1.0,811.315,293.508,1.0,807.748,280.869,1.0,806.794,275.893,1.0,802.276,262.588,1.0
163,746.943,628.293,1.0,752.474,618.818,1.0,754.207,610.664,1.0,749.442,600.662,1.0,750.081,593.925,1.0,487.959,737.416,1.0,485.506,731.685,1.0,485.298,721.22,1.0,478.186,714.964,1.0,470.729,717.504,1.0,793.398,659.049,1.0,802.218,652.82,1.0,803.233,649.084,1.0,806.449,644.313,1.0,819.773,636.935,1.0,369.622,158.569,1.0,375.918,152.898,1.0,385.173,151.236,1.0,388.288,145.159,1.0,403.532,139.107,1.0,813.226,302.135,1.0,811.6,294.847,1.0,808.435,284.687,1.0,807.934,276.058,1.0,802.307,262.958,1.0
164,747.078,628.427,1.0,752.474,619.046,1.0,754.316,612.132,1.0,749.706,600.717,1.0,750.081,594.442,1.0,490.521,740.645,1.0,485.786,732.403,1.0,485.82,723.934,1.0,479.572,717.242,1.0,470.748,713.356,1.0,793.398,659.267,1.0,802.453,653.08,1.0,803.044,649.094,1.0,805.728,644.781,1.0,819.525,637.233,1.0,368.342,159.193,1.0,374.416,154.526,1.0,383.658,152.581,1.0,388.288,145.791,1.0,402.296,139.703,1.0,813.318,302.653,1.0,813.381,295.386,1.0,810.153,285.065,1.0,807.934,277.006,1.0,802.898,263.719,1.0
165,747.64,629.314,1.0,752.474,619.252,1.0,754.316,614.926,1.0,749.706,602.003,1.0,750.161,595.884,1.0,490.521,740.959,1.0,486.325,734.945,1.0,485.955,723.934,1.0,479.875,717.242,1.0,471.929,712.409,1.0,793.456,659.357,1.0,802.218,653.945,1.0,802.631,649.095,1.0,804.611,645.246,1.0,818.377,637.393,1.0,366.038,159.193,1.0,374.303,154.83,1.0,383.429,153.092,1.0,387.598,145.885,1.0,401.794,139.931,1.0,813.318,303.105,1.0,815.792,296.201,1.0,810.371,288.232,1.0,808.532,281.08,1.0,803.764,268.898,1.0
166,751.111,636.268,1.0,750.638,625.513,1.0,754.316,616.241,1.0,749.442,606.291,1.0,750.195,599.777,1.0,490.521,740.959,1.0,486.559,735.127,1.0,485.955,723.934,1.0,480.631,717.242,1.0,472.053,712.409,1.0,793.456,660.696,1.0,801.979,654.963,1.0,802.181,649.492,1.0,803.602,645.415,1.0,817.488,637.642,1.0,364.514,159.685,1.0,373.361,158.689,1.0,383.264,153.14,1.0,387.009,146.093,1.0,397.2,141.181,1.0,813.318,310.854,1.0,817.514,300.071,1.0,811.986,292.525,1.0,807.934,281.251,1.0,806.573,276.269,1.0
167,751.181,638.609,1.0,750.638,628.775,1.0,753.892,618.092,1.0,748.833,610.511,1.0,750.64,603.236,1.0,490.176,740.959,1.0,486.877,735.127,1.0,486.621,723.532,1.0,480.631,717.129,1.0,472.047,712.397,1.0,793.314,669.459,1.0,800.102,658.472,1.0,802.181,650.482,1.0,803.602,646.628,1.0,816.053,639.168,1.0,360.37,159.685,1.0,372.583,159.3,1.0,383.239,155.523,1.0,386.926,146.831,1.0,395.784,142.426,1.0,813.733,311.992,1.0,817.514,301.119,1.0,812.234,292.714,1.0,807.566,281.833,1.0,806.609,278.137,1.0
168,751.313,639.272,1.0,750.638,628.977,1.0,749.928,618.663,1.0,749.706,611.65,1.0,750.914,603.782,1.0,490.176,740.292,1.0,486.877,735.127,1.0,486.621,723.532,1.0,480.631,717.129,1.0,472.047,712.409,1.0,792.817,670.369,1.0,799.714,659.668,1.0,802.181,651.509,1.0,803.602,648.406,1.0,811.957,641.107,1.0,358.968,162.084,1.0,368.968,160.82,1.0,379.931,157.517,1.0,384.262,147.927,1.0,392.37,144.973,1.0,813.953,313.85,1.0,817.514,303.674,1.0,813.483,293.832,1.0,807.566,283.315,1.0,806.819,279.87,1.0
169,751.468,639.272,1.0,751.453,628.977,1.0,749.928,619.622,1.0,750.265,613.051,1.0,750.96,604.215,1.0,490.176,738.297,1.0,487.24,732.96,1.0,486.621,723.532,1.0,480.404,717.127,1.0,472.047,712.613,1.0,791.562,670.369,1.0,797.709,661.171,1.0,801.248,657.362,1.0,803.724,648.406,1.0,811.864,641.25,1.0,358.968,162.346,1.0,368.747,160.84,1.0,379.58,157.53,1.0,384.071,148.183,1.0,392.37,144.973,1.0,817.967,314.36,1.0,815.442,307.322,1.0,815.042,297.93,1.0,808.532,288.736,1.0,808.431,283.255,1.0
170,751.531,639.427,1.0,751.601,628.992,1.0,749.514,620.59,1.0,750.265,613.88,1.0,750.96,604.226,1.0,497.396,732.876,1.0,490.224,730.478,1.0,486.156,724.106,1.0,480.404,717.129,1.0,472.053,713.679,1.0,791.35,670.369,1.0,797.461,661.658,1.0,801.248,657.362,1.0,803.724,649.803,1.0,810.893,641.751,1.0,358.946,162.762,1.0,368.637,161.192,1.0,379.078,157.573,1.0,384.058,148.411,1.0,392.174,145.182,1.0,821.117,314.387,1.0,815.442,310.71,1.0,815.549,298.74,1.0,809.615,291.096,1.0,808.556,283.333,1.0
171,752.604,639.999,1.0,753.699,629.234,1.0,749.514,623.091,1.0,750.265,615.48,1.0,750.914,605.047,1.0,497.584,731.428,1.0,490.857,730.036,1.0,486.037,724.428,1.0,480.404,717.181,1.0,472.168,713.711,1.0,791.294,670.448,1.0,796.94,662.702,1.0,801.248,657.477,1.0,803.724,650.742,1.0,810.834,641.751,1.0,358.946,163.95,1.0,368.637,161.58,1.0,378.229,157.573,1.0,381.917,148.593,1.0,392.174,145.254,1.0,821.705,317.486,1.0,815.442,310.959,1.0,815.549,298.761,1.0,809.697,291.251,1.0,808.914,284.52,1.0
172,756.69,641.712,1.0,754.72,631.787,1.0,749.78,628.449,1.0,750.265,617.27,1.0,748.109,611.492,1.0,500.512,731.428,1.0,491.978,730.036,1.0,486.037,724.631,1.0,480.433,717.488,1.0,472.168,713.921,1.0,784.527,670.448,1.0,791.957,666.636,1.0,796.937,657.477,1.0,800.335,652.527,1.0,810.585,642.486,1.0,358.946,168.371,1.0,368.039,163.768,1.0,374.524,158.735,1.0,379.055,149.765,1.0,387.367,145.271,1.0,822.804,317.486,1.0,817.811,311.323,1.0,815.549,304.552,1.0,810.646,295.17,1.0,809.352,286.044,1.0
173,757.202,643.432,1.0,755.84,633.136,1.0,749.694,629.062,1.0,750.062,618.661,1.0,748.085,614.005,1.0,502.019,731.304,1.0,492.389,729.994,1.0,486.156,724.637,1.0,480.548,717.745,1.0,472.192,713.921,1.0,784.239,670.325,1.0,788.762,669.209,1.0,793.83,659.237,1.0,798.659,654.206,1.0,809.87,646.465,1.0,356.574,171.167,1.0,367.07,165.791,1.0,373.949,160.886,1.0,378.96,149.913,1.0,386.03,146.309,1.0,822.808,327.567,1.0,820.872,317.775,1.0,814.53,310.059,1.0,812.743,297.526,1.0,812.184,290.263,1.0
174,757.202,644.112,1.0,756.62,634.374,1.0,749.694,629.301,1.0,749.975,618.809,1.0,748.085,614.466,1.0,504.064,731.029,1.0,493.04,730.036,1.0,486.332,724.637,1.0,481.078,717.837,1.0,472.168,713.947,1.0,784.044,670.325,1.0,788.138,669.209,1.0,793.698,659.308,1.0,798.608,654.206,1.0,806.056,647.911,1.0,356.246,171.456,1.0,366.849,166.071,1.0,373.66,160.886,1.0,378.96,149.958,1.0,385.916,146.49,1.0,823.156,333.247,1.0,821.112,318.125,1.0,814.53,312.015,1.0,812.911,298.397,1.0,813.903,291.879,1.0
175,757.202,644.36,1.0,756.62,634.457,1.0,749.78,629.691,1.0,749.975,619.36,1.0,748.109,615.515,1.0,504.064,731.029,1.0,493.04,729.994,1.0,486.613,724.637,1.0,481.097,717.837,1.0,472.118,713.947,1.0,779.198,673.769,1.0,787.849,669.251,1.0,792.801,660.22,1.0,797.91,654.385,1.0,805.209,648.475,1.0,356.063,172.12,1.0,366.382,166.071,1.0,373.616,161.095,1.0,378.96,149.969,1.0,385.845,146.53,1.0,823.181,334.192,1.0,821.118,318.808,1.0,814.53,312.664,1.0,813.101,298.752,1.0,813.903,292.52,1.0
176,755.235,646.496,1.0,756.62,635.214,1.0,750.346,630.526,1.0,749.975,621.35,1.0,748.136,617.833,1.0,504.064,731.928,1.0,493.04,729.994,1.0,486.613,724.597,1.0,481.097,717.837,1.0,471.996,713.947,1.0,778.343,670.325,1.0,787.849,669.364,1.0,792.143,661.113,1.0,797.37,654.385,1.0,804.385,649.778,1.0,355.395,172.12,1.0,365.354,166.555,1.0,369.422,160.886,1.0,378.89,150.478,1.0,384.062,148.68,1.0,823.447,336.627,1.0,822.473,322.89,1.0,818.124,313.631,1.0,814.428,307.57,1.0,814.104,298.632,1.0
177,753.74,646.781,1.0,754.238,645.264,1.0,750.61,634.503,1.0,751.524,628.689,1.0,749.025,620.053,1.0,501.922,731.928,1.0,492.461,729.988,1.0,486.785,724.455,1.0,481.097,717.31,1.0,471.942,713.903,1.0,777.646,669.891,1.0,787.849,670.101,1.0,792.119,667.924,1.0,792.878,656.567,1.0,804.288,650.398,1.0,354.361,172.603,1.0,362.68,167.917,1.0,368.824,160.886,1.0,374.011,159.563,1.0,383.594,149.806,1.0,824.263,337.096,1.0,822.622,327.703,1.0,820.061,319.711,1.0,817.456,312.963,1.0,814.183,300.425,1.0
178,747.171,646.969,1.0,754.087,646.347,1.0,750.803,635.726,1.0,751.539,630.553,1.0,754.883,620.142,1.0,491.115,732.08,1.0,488.867,729.704,1.0,486.785,722.684,1.0,479.72,716.114,1.0,471.942,713.37,1.0,,,0.0,787.651,671.557,1.0,786.361,668.585,1.0,789.65,659.657,1.0,803.216,652.053,1.0,353.767,173.023,1.0,360.003,168.486,1.0,367.504,161.114,1.0,373.977,159.713,1.0,382.179,150.689,1.0,824.591,337.28,1.0,823.253,327.737,1.0,820.589,319.757,1.0,817.456,313.253,1.0,814.183,300.719,1.0
179,746.855,647.157,1.0,754.087,646.347,1.0,751.537,635.841,1.0,753.243,630.868,1.0,754.883,620.668,1.0,487.602,732.08,1.0,486.973,728.994,1.0,486.49,721.026,1.0,479.597,714.168,1.0,471.805,713.313,1.0,,,0.0,787.651,672.151,1.0,786.325,668.597,1.0,789.455,659.906,1.0,802.892,652.604,1.0,351.027,176.521,1.0,357.243,168.927,1.0,366.779,164.683,1.0,373.856,160.343,1.0,380.466,151.475,1.0,824.895,338.032,1.0,823.291,329.285,1.0,821.046,321.151,1.0,817.807,314.442,1.0,814.183,302.543,1.0
180,746.51,647.157,1.0,754.087,646.347,1.0,751.886,636.27,1.0,753.272,631.162,1.0,754.883,620.142,1.0,476.305,732.08,1.0,482.478,728.994,1.0,486.469,720.303,1.0,479.313,713.922,1.0,471.659,713.313,1.0,,,0.0,787.651,672.671,1.0,785.826,669.058,1.0,789.4,660.089,1.0,802.714,652.704,1.0,350.797,176.521,1.0,356.691,169.232,1.0,366.779,165.253,1.0,373.13,160.343,1.0,378.883,152.435,1.0,827.99,340.032,1.0,823.635,332.251,1.0,821.348,326.097,1.0,817.892,317.458,1.0,814.465,310.808,1.0
181,746.51,647.794,1.0,754.759,646.55,1.0,751.886,636.376,1.0,753.272,631.632,1.0,754.595,620.668,1.0,475.742,730.847,1.0,482.478,727.768,1.0,485.411,720.159,1.0,479.313,713.922,1.0,471.255,713.37,1.0,,,0.0,787.145,672.759,1.0,785.467,669.435,1.0,789.1,660.551,1.0,802.325,653.465,1.0,349.692,176.687,1.0,355.401,170.273,1.0,366.307,165.933,1.0,372.501,160.762,1.0,377.933,153.547,1.0,831.714,348.316,1.0,828.676,340.067,1.0,823.949,327.58,1.0,821.989,322.213,1.0,815.192,310.808,1.0
182,746.51,650.828,1.0,754.917,647.057,1.0,751.886,637.113,1.0,753.272,634.078,1.0,750.346,621.169,1.0,472.988,728.387,1.0,482.478,727.481,1.0,484.695,719.835,1.0,479.72,714.168,1.0,471.255,713.477,1.0,,,0.0,786.863,672.759,1.0,785.294,669.461,1.0,787.608,663.65,1.0,796.481,656.631,1.0,343.082,176.687,1.0,353.504,170.823,1.0,363.9,165.937,1.0,368.179,160.762,1.0,377.232,155.199,1.0,831.714,348.435,1.0,829.623,340.674,1.0,824.829,330.859,1.0,824.003,322.364,1.0,816.287,314.697,1.0
183,771.622,686.565,1.0,755.209,649.6,1.0,752.431,643.94,1.0,750.215,634.217,1.0,750.346,627.895,1.0,472.291,726.417,1.0,482.5,727.481,1.0,484.388,719.835,1.0,480.0,715.239,1.0,471.255,714.277,1.0,,,0.0,780.616,672.759,1.0,784.754,671.979,1.0,785.193,666.796,1.0,796.189,656.788,1.0,342.836,174.92,1.0,353.353,171.208,1.0,363.898,168.72,1.0,366.47,160.762,1.0,375.186,156.098,1.0,831.714,348.672,1.0,829.623,342.243,1.0,825.934,332.69,1.0,824.003,323.886,1.0,818.234,315.846,1.0
184,771.622,686.792,1.0,778.712,680.535,1.0,752.431,645.272,1.0,750.188,636.112,1.0,750.346,630.8,1.0,471.059,726.417,1.0,482.5,728.296,1.0,484.136,720.159,1.0,480.36,715.91,1.0,471.487,714.418,1.0,,,0.0,,,0.0,783.936,672.086,1.0,784.283,669.069,1.0,795.874,656.888,1.0,342.352,174.92,1.0,353.222,171.258,1.0,363.459,169.828,1.0,366.449,160.762,1.0,375.186,156.22,1.0,825.184,348.782,1.0,830.123,345.931,1.0,825.938,334.005,1.0,824.542,325.29,1.0,819.046,315.846,1.0
185,771.622,686.977,1.0,778.712,680.535,1.0,751.639,645.351,1.0,749.982,636.669,1.0,751.009,631.333,1.0,468.667,726.417,1.0,482.5,728.296,1.0,483.264,721.69,1.0,480.819,717.419,1.0,472.129,715.627,1.0,,,0.0,,,0.0,783.471,673.645,1.0,784.102,669.862,1.0,795.553,657.139,1.0,342.352,176.687,1.0,352.378,171.719,1.0,363.459,169.828,1.0,366.433,160.813,1.0,374.925,156.684,1.0,825.184,353.886,1.0,830.292,346.289,1.0,826.696,337.808,1.0,825.017,326.527,1.0,819.43,317.83,1.0
186,771.321,686.977,1.0,778.712,680.535,1.0,751.584,645.585,1.0,750.188,636.98,1.0,751.051,632.425,1.0,468.3,733.588,1.0,481.822,728.373,1.0,482.412,722.314,1.0,480.819,717.419,1.0,472.129,716.623,1.0,,,0.0,,,0.0,782.814,673.645,1.0,784.102,669.862,1.0,795.553,657.539,1.0,342.836,176.701,1.0,352.209,173.56,1.0,361.237,169.736,1.0,364.353,162.506,1.0,374.813,158.621,1.0,825.184,354.217,1.0,830.568,346.813,1.0,826.696,338.151,1.0,824.542,327.704,1.0,820.212,318.155,1.0
187,770.242,686.565,1.0,753.67,660.158,1.0,751.841,647.487,1.0,750.215,639.14,1.0,751.316,634.133,1.0,467.225,733.588,1.0,479.532,728.448,1.0,480.325,722.645,1.0,481.015,717.469,1.0,472.129,716.623,1.0,,,0.0,,,0.0,780.773,676.148,1.0,784.102,669.164,1.0,795.543,659.631,1.0,343.326,177.419,1.0,352.209,174.119,1.0,359.614,169.828,1.0,364.097,167.804,1.0,374.813,159.215,1.0,825.378,355.778,1.0,830.568,347.912,1.0,828.187,339.708,1.0,823.727,329.957,1.0,822.239,320.929,1.0
188,770.242,687.167,1.0,752.372,660.158,1.0,751.841,651.14,1.0,753.072,644.224,1.0,754.877,634.63,1.0,466.674,733.911,1.0,477.915,728.448,1.0,478.286,723.644,1.0,481.015,718.383,1.0,472.708,716.623,1.0,777.486,695.448,1.0,775.317,688.621,1.0,780.773,679.079,1.0,784.778,669.862,1.0,792.144,665.894,1.0,343.44,178.537,1.0,352.209,175.719,1.0,358.827,169.736,1.0,363.367,168.785,1.0,373.4,160.972,1.0,826.872,364.77,1.0,830.815,354.426,1.0,828.365,343.063,1.0,822.546,332.082,1.0,823.492,327.097,1.0
189,770.242,689.747,1.0,752.372,660.158,1.0,751.841,651.486,1.0,753.817,646.003,1.0,754.877,636.069,1.0,465.841,734.081,1.0,476.554,728.448,1.0,477.814,723.837,1.0,480.802,718.425,1.0,472.771,713.106,1.0,776.916,695.026,1.0,775.111,688.42,1.0,780.773,679.896,1.0,784.794,670.762,1.0,792.002,665.894,1.0,344.122,178.735,1.0,352.401,175.85,1.0,358.811,169.736,1.0,362.78,168.894,1.0,373.311,161.036,1.0,828.175,364.822,1.0,830.844,357.253,1.0,828.365,347.457,1.0,822.276,335.93,1.0,823.693,328.878,1.0
190,765.405,687.803,1.0,752.372,661.257,1.0,752.796,651.633,1.0,753.817,646.136,1.0,754.877,636.482,1.0,461.67,737.921,1.0,466.568,728.328,1.0,476.311,723.939,1.0,480.456,721.27,1.0,477.154,713.106,1.0,,,0.0,,,0.0,781.244,680.836,1.0,784.794,670.363,1.0,790.978,666.005,1.0,344.122,179.337,1.0,352.401,175.85,1.0,358.723,169.779,1.0,362.774,169.085,1.0,373.178,161.036,1.0,828.328,365.227,1.0,830.991,357.261,1.0,827.913,347.956,1.0,822.276,336.123,1.0,823.981,330.24,1.0
191,765.405,687.803,1.0,753.149,661.473,1.0,752.796,651.633,1.0,753.817,646.136,1.0,754.813,636.773,1.0,461.443,737.987,1.0,466.353,728.328,1.0,474.821,724.682,1.0,480.456,721.441,1.0,477.349,713.106,1.0,,,0.0,,,0.0,781.244,680.836,1.0,784.778,670.363,1.0,790.522,665.894,1.0,344.282,179.719,1.0,352.401,175.997,1.0,358.721,169.939,1.0,362.74,169.085,1.0,372.808,161.036,1.0,828.465,365.427,1.0,831.11,358.434,1.0,828.365,348.479,1.0,822.276,337.658,1.0,823.981,330.999,1.0
192,766.841,694.381,1.0,770.155,687.724,1.0,752.796,652.224,1.0,753.236,646.277,1.0,754.161,637.194,1.0,461.346,738.209,1.0,466.122,728.149,1.0,474.255,725.03,1.0,480.426,721.441,1.0,477.349,715.286,1.0,,,0.0,,,0.0,781.244,680.836,1.0,783.599,670.363,1.0,789.637,665.552,1.0,345.828,180.939,1.0,351.974,177.208,1.0,358.383,170.267,1.0,362.345,169.085,1.0,372.548,160.576,1.0,829.866,368.094,1.0,831.346,360.723,1.0,828.365,352.239,1.0,823.384,343.449,1.0,824.187,333.979,1.0
193,765.405,694.116,1.0,773.135,687.724,1.0,751.994,653.922,1.0,752.28,646.739,1.0,753.247,639.666,1.0,461.242,737.987,1.0,466.122,728.328,1.0,474.136,725.47,1.0,479.853,721.536,1.0,477.349,715.286,1.0,,,,,,,,,,,,,,,,346.812,185.345,1.0,351.974,177.701,1.0,357.728,170.965,1.0,361.098,169.004,1.0,371.911,160.404,1.0,829.866,371.734,1.0,832.298,363.528,1.0,828.861,355.323,1.0,826.032,343.893,1.0,824.25,333.986,1.0
194,764.228,694.116,1.0,772.364,687.724,1.0,751.342,660.208,1.0,752.28,650.719,1.0,753.062,643.237,1.0,461.009,737.987,1.0,466.035,728.549,1.0,472.613,726.469,1.0,479.083,721.633,1.0,477.349,715.286,1.0,,,,,,,,,,,,,,,,347.301,187.416,1.0,351.974,179.627,1.0,356.748,171.533,1.0,359.702,169.004,1.0,370.992,159.129,1.0,830.839,372.486,1.0,832.576,363.997,1.0,829.225,355.697,1.0,826.032,344.161,1.0,824.25,334.185,1.0
195,764.094,694.381,1.0,772.364,688.466,1.0,751.204,661.815,1.0,751.899,652.257,1.0,752.738,646.705,1.0,458.909,734.937,1.0,465.883,731.197,1.0,471.832,729.74,1.0,473.182,724.226,1.0,481.876,714.764,1.0,,,,,,,,,,,,,,,,347.301,187.745,1.0,351.974,180.682,1.0,356.233,171.75,1.0,359.702,168.951,1.0,368.906,160.404,1.0,830.885,376.741,1.0,832.999,365.181,1.0,829.319,356.697,1.0,826.329,344.793,1.0,824.25,336.55,1.0
196,763.277,698.604,1.0,771.696,689.928,1.0,751.163,662.025,1.0,751.866,653.14,1.0,752.267,646.994,1.0,457.644,734.325,1.0,465.727,731.226,1.0,471.257,729.912,1.0,473.14,725.188,1.0,482.387,714.764,1.0,,,,,,,,,,,,,,,,347.301,187.745,1.0,351.974,181.872,1.0,355.345,172.074,1.0,359.702,168.893,1.0,366.935,160.576,1.0,831.617,382.247,1.0,836.347,371.444,1.0,831.453,361.769,1.0,826.329,350.994,1.0,826.339,342.756,1.0
197,762.738,698.604,1.0,771.696,689.928,1.0,751.163,662.081,1.0,752.273,653.874,1.0,752.738,647.341,1.0,457.644,734.238,1.0,465.205,731.318,1.0,470.927,730.032,1.0,472.998,725.569,1.0,482.387,714.764,1.0,,,,,,,,,,,,,,,,347.1,188.069,1.0,351.769,182.213,1.0,355.256,172.412,1.0,359.702,168.737,1.0,366.329,161.849,1.0,831.617,382.247,1.0,836.347,373.908,1.0,831.453,362.064,1.0,826.329,352.624,1.0,826.593,344.774,1.0
198,762.13,698.604,1.0,770.884,689.955,1.0,751.163,662.538,1.0,751.866,653.874,1.0,752.738,648.534,1.0,457.644,734.325,1.0,465.168,731.35,1.0,470.799,730.032,1.0,472.408,725.7,1.0,482.387,715.07,1.0,,,,,,,,,,,,,,,,347.1,188.069,1.0,351.769,182.213,1.0,354.855,172.412,1.0,359.666,165.522,1.0,366.329,162.52,1.0,831.617,383.736,1.0,836.347,374.895,1.0,832.071,362.423,1.0,826.351,353.213,1.0,827.104,344.831,1.0
199,757.119,692.282,1.0,770.67,690.792,1.0,762.618,676.256,1.0,751.866,657.213,1.0,753.765,649.063,1.0,457.293,734.325,1.0,464.843,731.442,1.0,470.448,730.121,1.0,472.408,725.807,1.0,482.255,715.372,1.0,,,,,,,,,,,,,,,,347.1,187.512,1.0,351.769,182.213,1.0,354.82,172.54,1.0,359.666,165.522,1.0,366.292,162.808,1.0,829.985,384.117,1.0,832.896,375.534,1.0,832.689,363.57,1.0,827.353,355.512,1.0,827.58,347.747,1.0
200,756.158,692.282,1.0,770.126,692.025,1.0,769.418,685.08,1.0,752.273,660.281,1.0,753.765,652.097,1.0,457.293,734.87,1.0,464.843,731.864,1.0,469.733,730.121,1.0,471.004,725.984,1.0,482.223,716.155,1.0,,,,,,,,,,,,,,,,350.453,187.512,1.0,353.928,182.213,1.0,354.682,173.977,1.0,359.055,168.117,1.0,366.203,163.018,1.0,829.985,386.478,1.0,832.896,379.091,1.0,832.689,370.463,1.0,828.967,359.102,1.0,827.651,349.452,1.0
201,755.276,692.282,1.0,768.346,692.025,1.0,769.418,686.37,1.0,752.532,660.371,1.0,754.16,652.422,1.0,453.827,740.613,1.0,460.964,736.512,1.0,468.131,730.151,1.0,469.866,725.999,1.0,481.962,716.383,1.0,,,,,,,,,,,,,,,,356.766,188.112,1.0,353.928,181.887,1.0,352.967,174.95,1.0,357.412,168.737,1.0,365.968,163.018,1.0,829.985,387.846,1.0,832.103,379.815,1.0,832.965,371.512,1.0,828.967,360.117,1.0,828.456,351.477,1.0
202,755.276,693.169,1.0,766.855,693.789,1.0,768.157,688.048,1.0,752.532,661.748,1.0,754.16,652.969,1.0,453.025,740.705,1.0,460.797,736.923,1.0,467.625,730.281,1.0,469.274,726.681,1.0,481.962,717.104,1.0,,,,,,,,,,,,,,,,356.766,187.637,1.0,353.928,181.796,1.0,352.565,174.95,1.0,357.412,168.308,1.0,366.022,163.075,1.0,830.273,390.046,1.0,832.896,380.84,1.0,833.274,373.266,1.0,829.609,360.466,1.0,828.745,351.859,1.0
203,755.276,694.376,1.0,761.215,695.949,1.0,765.45,688.048,1.0,753.09,665.179,1.0,754.16,664.213,1.0,453.007,742.979,1.0,460.076,737.218,1.0,466.564,730.697,1.0,469.248,726.969,1.0,481.962,717.433,1.0,,,,,,,,,,,,,,,,356.766,188.112,1.0,354.047,181.796,1.0,352.565,174.95,1.0,357.412,168.308,1.0,366.022,163.082,1.0,830.552,396.015,1.0,833.373,383.047,1.0,833.04,373.956,1.0,828.967,362.496,1.0,829.451,354.891,1.0
204,757.142,705.853,1.0,760.431,697.866,1.0,765.45,688.048,1.0,758.139,674.318,1.0,753.642,664.897,1.0,453.025,742.979,1.0,460.076,737.594,1.0,466.539,730.665,1.0,469.241,727.343,1.0,478.709,717.549,1.0,,,,,,,,,,,,,,,,353.868,188.326,1.0,353.658,181.796,1.0,352.967,173.889,1.0,357.415,168.314,1.0,366.022,163.092,1.0,830.552,397.95,1.0,835.907,390.913,1.0,833.04,378.496,1.0,828.943,369.416,1.0,829.521,360.304,1.0
205,757.142,707.594,1.0,759.926,697.922,1.0,763.317,687.941,1.0,758.139,675.158,1.0,752.838,664.897,1.0,453.007,742.979,1.0,460.076,737.594,1.0,466.45,730.435,1.0,469.208,728.008,1.0,477.977,718.467,1.0,,,,,,,,,,,,,,,,350.58,188.326,1.0,353.658,181.772,1.0,354.025,172.911,1.0,358.332,168.308,1.0,366.152,163.092,1.0,830.4,398.607,1.0,835.907,392.479,1.0,833.04,378.715,1.0,828.577,370.749,1.0,829.985,361.464,1.0
206,757.142,707.89,1.0,759.926,698.656,1.0,763.317,687.941,1.0,757.469,675.158,1.0,752.606,664.897,1.0,453.007,742.933,1.0,460.078,737.594,1.0,466.379,730.665,1.0,469.208,728.495,1.0,477.294,718.467,1.0,,,,,,,,,,,,,,,,349.151,188.326,1.0,353.658,181.796,1.0,354.025,172.829,1.0,358.332,168.308,1.0,366.152,163.261,1.0,830.552,399.732,1.0,835.907,393.152,1.0,832.958,379.247,1.0,828.943,371.665,1.0,830.208,361.962,1.0
207,755.352,707.89,1.0,759.519,699.186,1.0,762.927,687.941,1.0,758.139,676.789,1.0,752.606,664.897,1.0,453.007,741.674,1.0,460.078,737.279,1.0,466.014,730.697,1.0,468.808,728.716,1.0,477.052,718.6,1.0,,,,,,,,,,,,,,,,346.47,188.867,1.0,353.658,182.099,1.0,354.025,172.829,1.0,358.332,168.314,1.0,366.152,163.261,1.0,830.552,402.046,1.0,835.116,393.217,1.0,832.958,385.294,1.0,828.507,374.698,1.0,830.881,365.476,1.0
208,753.762,708.346,1.0,755.237,700.204,1.0,760.606,689.75,1.0,758.139,678.879,1.0,752.838,665.039,1.0,452.365,738.467,1.0,460.078,736.041,1.0,465.828,732.477,1.0,468.686,729.672,1.0,477.052,719.036,1.0,,,,,,,,,,,,,,,,341.268,189.552,1.0,351.934,182.687,1.0,353.77,172.911,1.0,357.055,170.179,1.0,365.927,163.315,1.0,830.735,408.953,1.0,833.504,398.854,1.0,832.174,388.364,1.0,828.382,378.559,1.0,831.573,371.015,1.0
209,748.648,708.349,1.0,755.122,700.434,1.0,759.995,690.236,1.0,760.664,682.48,1.0,763.334,673.069,1.0,451.968,724.078,1.0,453.853,731.516,1.0,464.58,732.477,1.0,468.686,732.086,1.0,477.294,719.155,1.0,,,,,,,,,,,,,,,,340.515,190.988,1.0,347.052,183.958,1.0,352.633,175.14,1.0,356.526,171.637,1.0,365.407,163.376,1.0,834.029,413.572,1.0,831.754,399.125,1.0,832.073,389.429,1.0,828.382,379.671,1.0,831.594,372.005,1.0
210,748.631,709.267,1.0,754.684,701.539,1.0,759.995,690.96,1.0,760.664,682.927,1.0,763.334,673.552,1.0,451.826,721.468,1.0,452.71,728.381,1.0,463.474,732.477,1.0,467.966,732.205,1.0,477.294,719.155,1.0,,,,,,,,,,,,,,,,336.491,191.485,1.0,344.624,185.079,1.0,352.448,180.295,1.0,354.458,174.017,1.0,364.949,163.376,1.0,834.029,414.498,1.0,831.754,400.505,1.0,832.754,393.478,1.0,828.798,382.872,1.0,831.594,372.705,1.0
211,748.585,709.566,1.0,754.631,702.409,1.0,759.385,693.175,1.0,760.664,683.314,1.0,764.03,674.951,1.0,450.401,721.468,1.0,452.06,727.749,1.0,462.85,731.873,1.0,467.924,732.614,1.0,476.8,719.155,1.0,,,,,,,,,,,,,,,,336.491,191.741,1.0,344.132,185.215,1.0,352.448,180.576,1.0,354.434,174.017,1.0,364.709,163.603,1.0,834.029,414.562,1.0,831.754,404.568,1.0,830.556,394.774,1.0,828.798,387.109,1.0,831.594,378.268,1.0
212,748.585,710.099,1.0,754.557,702.846,1.0,759.385,694.774,1.0,760.084,684.17,1.0,763.334,674.951,1.0,447.974,721.468,1.0,450.728,727.357,1.0,462.329,731.293,1.0,467.924,732.614,1.0,476.602,722.007,1.0,,,,,,,,,,,,,,,,336.02,191.976,1.0,343.404,185.292,1.0,352.448,180.781,1.0,354.201,174.445,1.0,364.542,163.667,1.0,830.277,414.915,1.0,832.509,407.247,1.0,830.556,399.667,1.0,829.73,392.139,1.0,831.424,381.451,1.0
213,747.9,711.597,1.0,754.367,703.582,1.0,757.531,696.397,1.0,759.857,684.756,1.0,763.295,674.951,1.0,446.853,721.595,1.0,450.669,726.786,1.0,462.121,731.125,1.0,467.924,732.614,1.0,476.341,722.205,1.0,,,,,,,,,,,,,,,,335.674,192.684,1.0,342.937,185.292,1.0,352.041,180.781,1.0,353.219,174.758,1.0,363.948,164.364,1.0,828.712,415.961,1.0,832.509,408.702,1.0,830.635,400.085,1.0,829.909,392.139,1.0,831.424,381.451,1.0
214,747.882,716.566,1.0,751.497,704.864,1.0,757.531,697.924,1.0,758.859,692.774,1.0,763.295,676.397,1.0,445.43,721.701,1.0,449.837,726.342,1.0,461.906,731.125,1.0,467.866,729.945,1.0,476.232,722.699,1.0,,,,,,,,,,,,,,,,329.998,193.276,1.0,340.741,187.61,1.0,348.658,180.854,1.0,351.429,175.237,1.0,361.588,166.313,1.0,828.712,416.27,1.0,832.737,409.563,1.0,830.635,400.454,1.0,830.026,393.314,1.0,831.424,381.451,1.0
215,746.722,716.759,1.0,751.158,707.155,1.0,756.978,698.054,1.0,758.197,694.773,1.0,764.03,677.713,1.0,445.336,721.79,1.0,449.711,725.682,1.0,460.055,731.293,1.0,467.638,729.945,1.0,474.561,723.74,1.0,,,,,,,,,,,,,,,,327.639,193.473,1.0,338.053,188.995,1.0,346.939,181.308,1.0,350.117,175.351,1.0,361.239,170.651,1.0,828.712,417.554,1.0,832.737,409.843,1.0,830.635,401.932,1.0,830.133,393.621,1.0,831.291,382.416,1.0
216,746.253,716.759,1.0,750.818,707.155,1.0,756.978,698.358,1.0,757.76,695.249,1.0,764.426,683.717,1.0,443.289,722.592,1.0,449.551,725.473,1.0,458.906,731.293,1.0,467.615,729.945,1.0,473.981,724.724,1.0,,,,,,,,,,,,,,,,327.639,193.745,1.0,337.539,189.076,1.0,346.59,181.308,1.0,347.958,175.453,1.0,360.685,171.477,1.0,839.397,420.824,1.0,834.052,413.201,1.0,830.828,406.024,1.0,830.133,396.897,1.0,831.291,386.068,1.0
217,746.253,716.566,1.0,750.818,708.272,1.0,757.33,699.193,1.0,757.672,695.249,1.0,764.426,683.717,1.0,442.786,722.592,1.0,449.276,724.536,1.0,458.625,731.051,1.0,467.42,730.911,1.0,473.156,725.507,1.0,,,,,,,,,,,,,,,,327.639,193.745,1.0,337.334,189.382,1.0,346.24,184.221,1.0,347.613,175.717,1.0,360.271,171.477,1.0,839.45,430.056,1.0,834.788,417.078,1.0,831.99,407.673,1.0,830.133,400.831,1.0,829.863,395.192,1.0
218,744.797,716.566,1.0,748.816,709.353,1.0,757.33,702.37,1.0,756.811,695.249,1.0,764.426,683.717,1.0,442.67,722.828,1.0,449.276,724.536,1.0,458.43,731.021,1.0,467.41,730.987,1.0,473.156,725.554,1.0,,,,,,,,,,,,,,,,327.771,193.745,1.0,336.795,189.683,1.0,346.041,185.871,1.0,347.613,175.717,1.0,360.186,171.486,1.0,839.544,430.105,1.0,834.995,417.843,1.0,833.255,408.11,1.0,830.584,400.978,1.0,829.863,395.192,1.0
219,744.797,699.391,1.0,748.816,713.264,1.0,756.765,702.924,1.0,756.539,681.981,1.0,755.582,666.114,1.0,442.526,723.052,1.0,449.276,725.473,1.0,458.366,730.568,1.0,467.41,731.048,1.0,473.232,725.556,1.0,,,,,,,,,,,,,,,,327.827,193.745,1.0,336.795,189.683,1.0,345.891,186.197,1.0,347.958,175.803,1.0,360.013,171.533,1.0,839.544,430.336,1.0,836.532,418.133,1.0,833.773,409.101,1.0,830.896,401.313,1.0,829.863,395.412,1.0
220,744.797,699.391,1.0,750.818,713.264,1.0,754.033,702.976,1.0,756.243,680.623,1.0,755.582,666.114,1.0,442.023,722.901,1.0,449.276,727.672,1.0,457.078,730.406,1.0,465.68,731.048,1.0,473.232,725.557,1.0,,,,,,,,,,,,,,,,327.861,195.358,1.0,334.19,191.945,1.0,345.547,186.392,1.0,347.958,179.488,1.0,360.013,171.663,1.0,840.841,430.809,1.0,837.933,421.234,1.0,835.732,411.308,1.0,833.672,406.078,1.0,831.246,396.47,1.0
221,743.742,696.382,1.0,751.044,713.264,1.0,753.012,704.125,1.0,755.398,680.53,1.0,754.922,666.114,1.0,441.143,723.02,1.0,449.276,727.88,1.0,456.327,730.382,1.0,464.952,730.987,1.0,473.232,725.645,1.0,,,,,,,,,,,,,,,,328.448,196.74,1.0,334.077,192.313,1.0,345.097,186.583,1.0,347.993,180.038,1.0,359.96,171.533,1.0,840.841,433.696,1.0,838.672,424.693,1.0,837.256,415.663,1.0,834.674,409.07,1.0,831.246,396.895,1.0
222,740.713,687.07,1.0,748.957,685.497,1.0,752.959,704.125,1.0,755.398,680.414,1.0,754.922,666.539,1.0,437.756,723.02,1.0,446.796,728.49,1.0,451.663,730.324,1.0,462.112,729.352,1.0,473.515,727.134,1.0,,,,,,,,,,,,,,,,328.448,196.74,1.0,334.077,192.313,1.0,345.097,186.849,1.0,348.636,180.197,1.0,359.96,171.663,1.0,840.981,434.25,1.0,838.819,425.783,1.0,837.898,415.861,1.0,834.674,409.385,1.0,831.246,397.58,1.0
223,736.562,686.532,1.0,748.957,685.497,1.0,752.347,704.125,1.0,753.809,680.109,1.0,754.536,670.138,1.0,437.756,722.963,1.0,446.689,728.49,1.0,451.598,730.047,1.0,461.965,729.158,1.0,473.515,727.796,1.0,,,,,,,,,,,,,,,,328.448,196.74,1.0,334.077,192.313,1.0,345.046,186.849,1.0,348.636,180.263,1.0,360.013,171.663,1.0,840.841,435.448,1.0,839.596,426.681,1.0,838.713,416.538,1.0,835.269,410.088,1.0,831.246,398.923,1.0
224,733.203,684.211,1.0,748.957,685.497,1.0,751.736,702.774,1.0,751.894,679.139,1.0,753.491,670.138,1.0,437.756,722.909,1.0,446.584,728.668,1.0,450.626,729.881,1.0,459.278,725.258,1.0,473.131,727.796,1.0,,,,,,,,,,,,,,,,325.271,191.396,1.0,335.785,188.752,1.0,344.662,186.849,1.0,348.813,180.263,1.0,360.438,172.067,1.0,840.981,436.834,1.0,841.439,428.127,1.0,838.919,420.707,1.0,835.762,412.123,1.0,831.246,405.217,1.0
225,732.281,684.189,1.0,745.53,685.733,1.0,746.441,686.848,1.0,751.65,678.039,1.0,752.092,669.698,1.0,437.756,722.963,1.0,446.584,728.891,1.0,450.548,729.646,1.0,458.618,725.258,1.0,472.823,728.416,1.0,,,,,,,,,,,,,,,,324.997,189.667,1.0,335.785,187.762,1.0,344.662,182.316,1.0,348.93,180.197,1.0,360.814,172.067,1.0,840.993,448.488,1.0,842.732,434.546,1.0,838.919,424.451,1.0,835.762,417.089,1.0,831.838,412.041,1.0
226,728.54,683.996,1.0,739.236,685.733,1.0,743.633,686.68,1.0,751.146,675.958,1.0,751.951,669.976,1.0,437.616,722.909,1.0,446.549,728.891,1.0,450.531,729.458,1.0,458.573,725.221,1.0,472.508,729.998,1.0,,,,,,,,,,,,,,,,324.824,189.667,1.0,335.785,187.38,1.0,344.639,182.197,1.0,349.042,180.04,1.0,360.971,172.123,1.0,841.439,448.488,1.0,842.732,434.693,1.0,838.919,425.288,1.0,835.828,417.61,1.0,831.85,412.041,1.0
227,728.161,683.385,1.0,737.457,685.733,1.0,743.413,685.963,1.0,750.849,675.633,1.0,751.316,669.698,1.0,437.25,722.909,1.0,445.785,728.891,1.0,450.425,729.126,1.0,458.482,725.221,1.0,469.239,729.998,1.0,,,,,,,,,,,,,,,,324.824,189.393,1.0,335.785,187.38,1.0,344.639,182.094,1.0,349.042,180.005,1.0,360.971,172.123,1.0,841.464,448.638,1.0,842.732,435.175,1.0,838.906,426.158,1.0,838.319,418.329,1.0,832.432,412.167,1.0
228,727.438,683.344,1.0,737.457,685.211,1.0,742.038,685.963,1.0,750.611,675.027,1.0,751.014,669.137,1.0,431.197,722.909,1.0,436.33,727.633,1.0,448.73,727.284,1.0,456.904,723.991,1.0,467.868,730.132,1.0,,,,,,,,,,,,,,,,324.824,189.667,1.0,335.785,187.364,1.0,344.639,182.063,1.0,349.042,179.967,1.0,360.814,172.123,1.0,842.526,448.996,1.0,842.732,436.026,1.0,838.919,427.451,1.0,838.319,420.723,1.0,833.895,412.745,1.0
229,,,,,,,,,,,,,,,,430.153,723.196,1.0,435.795,727.633,1.0,448.132,727.211,1.0,456.828,723.428,1.0,467.151,730.135,1.0,,,,,,,,,,,,,,,,326.374,189.848,1.0,337.994,187.21,1.0,345.845,181.65,1.0,349.377,179.967,1.0,360.762,172.648,1.0,844.441,449.304,1.0,842.732,441.568,1.0,839.505,431.891,1.0,839.721,424.15,1.0,835.774,412.972,1.0
230,,,,,,,,,,,,,,,,430.146,724.188,1.0,433.679,727.633,1.0,446.369,727.211,1.0,456.819,723.428,1.0,466.045,730.602,1.0,,,,,,,,,,,,,,,,332.334,190.063,1.0,339.267,186.232,1.0,346.527,181.312,1.0,350.709,179.461,1.0,360.418,172.648,1.0,844.71,450.569,1.0,843.7,442.721,1.0,840.207,434.415,1.0,838.797,424.598,1.0,837.442,416.426,1.0
231,,,,,,,,,,,,,,,,429.444,724.188,1.0,433.252,727.891,1.0,446.313,727.197,1.0,456.523,723.991,1.0,465.326,730.602,1.0,,,,,,,,,,,,,,,,332.334,190.814,1.0,339.458,185.883,1.0,346.564,181.264,1.0,350.709,175.877,1.0,360.181,173.289,1.0,844.734,451.972,1.0,844.355,443.17,1.0,841.608,435.429,1.0,838.319,424.722,1.0,837.842,416.704,1.0
232,,,,,,,,,,,,,,,,429.444,724.296,1.0,433.252,728.122,1.0,446.313,727.007,1.0,456.523,724.514,1.0,465.099,730.644,1.0,,,,,,,,,,,,,,,,332.581,190.814,1.0,339.458,185.679,1.0,346.682,181.155,1.0,350.709,175.877,1.0,360.132,173.29,1.0,845.198,459.694,1.0,844.549,447.155,1.0,841.792,437.199,1.0,838.034,429.314,1.0,838.245,421.786,1.0
233,,,,,,,,,,,,,,,,430.153,724.34,1.0,433.679,728.502,1.0,446.313,727.007,1.0,456.486,724.531,1.0,465.058,730.644,1.0,,,,,,,,,,,,,,,,332.706,190.063,1.0,339.267,185.629,1.0,346.743,181.155,1.0,350.709,175.877,1.0,360.132,173.371,1.0,845.922,461.63,1.0,846.004,451.75,1.0,842.975,443.37,1.0,838.034,431.503,1.0,838.553,421.79,1.0
234,,,,,,,,,,,,,,,,431.339,733.94,1.0,438.264,729.337,1.0,446.225,727.38,1.0,456.259,724.655,1.0,464.76,730.549,1.0,,,,,,,,,,,,,,,,332.779,189.96,1.0,339.178,185.629,1.0,346.798,181.155,1.0,349.01,174.734,1.0,360.132,173.371,1.0,845.922,461.63,1.0,846.004,453.979,1.0,844.156,444.167,1.0,835.923,432.276,1.0,838.553,422.921,1.0
235,735.51,736.453,1.0,739.063,730.377,1.0,745.355,724.286,1.0,745.402,718.267,1.0,757.266,708.956,1.0,435.781,739.377,1.0,438.534,731.496,1.0,443.915,729.54,1.0,452.061,725.408,1.0,464.76,728.539,1.0,,,,,,,,,,,,,,,,332.779,189.852,1.0,338.963,185.629,1.0,346.929,181.363,1.0,348.954,174.499,1.0,360.132,173.371,1.0,845.922,461.63,1.0,846.004,454.049,1.0,844.156,444.238,1.0,835.733,433.209,1.0,838.553,426.692,1.0
236,734.918,736.453,1.0,738.826,730.353,1.0,744.118,724.021,1.0,745.186,718.267,1.0,756.908,707.509,1.0,439.509,747.487,1.0,439.596,732.006,1.0,441.27,729.965,1.0,450.866,726.069,1.0,464.76,728.539,1.0,,,,,,,,,,,,,,,,332.928,189.203,1.0,338.963,185.563,1.0,347.148,181.832,1.0,349.01,174.734,1.0,359.829,173.29,1.0,842.122,461.922,1.0,845.937,454.609,1.0,844.156,444.763,1.0,835.733,433.829,1.0,838.696,427.187,1.0
237,734.833,736.453,1.0,738.609,729.902,1.0,744.118,723.915,1.0,745.057,718.057,1.0,756.559,706.373,1.0,440.793,747.995,1.0,439.596,733.62,1.0,440.897,730.934,1.0,450.636,726.563,1.0,464.761,728.539,1.0,,,,,,,,,,,,,,,,333.302,188.003,1.0,338.963,185.629,1.0,347.379,182.133,1.0,349.278,174.499,1.0,359.791,172.756,1.0,838.703,461.922,1.0,842.638,455.129,1.0,842.107,445.974,1.0,835.923,437.545,1.0,839.105,429.299,1.0
238,734.818,738.278,1.0,736.773,730.353,1.0,744.118,723.872,1.0,743.723,717.634,1.0,756.559,706.167,1.0,441.41,747.995,1.0,439.785,732.006,1.0,440.897,730.934,1.0,450.56,726.563,1.0,464.914,728.968,1.0,,,,,,,,,,,,,,,,334.002,187.891,1.0,339.362,185.527,1.0,348.13,182.133,1.0,349.278,174.359,1.0,359.472,172.724,1.0,837.285,463.43,1.0,842.479,458.313,1.0,841.507,449.943,1.0,836.623,438.956,1.0,838.696,429.337,1.0
239,734.552,738.278,1.0,736.319,730.353,1.0,734.598,689.672,1.0,,,0.0,,,0.0,441.41,747.487,1.0,439.785,732.006,1.0,441.224,730.934,1.0,450.56,726.563,1.0,464.914,728.968,1.0,,,,,,,,,,,,,,,,338.306,187.795,1.0,339.404,185.109,1.0,348.191,182.183,1.0,349.549,173.648,1.0,359.443,172.155,1.0,837.132,464.782,1.0,842.334,459.166,1.0,841.501,450.817,1.0,838.392,440.074,1.0,838.696,430.202,1.0
240,734.526,738.278,1.0,736.051,729.212,1.0,729.876,689.25,1.0,735.496,687.519,1.0,748.078,686.907,1.0,441.41,747.396,1.0,439.785,732.006,1.0,441.224,730.934,1.0,450.56,726.563,1.0,464.914,728.968,1.0,,,,,,,,,,,,,,,,338.714,187.447,1.0,339.615,185.109,1.0,348.191,182.133,1.0,349.81,173.622,1.0,359.443,171.964,1.0,837.112,466.228,1.0,839.982,462.245,1.0,841.304,451.758,1.0,842.727,441.881,1.0,839.48,430.968,1.0
241,716.998,701.996,1.0,735.885,730.485,1.0,728.014,689.25,1.0,733.981,686.069,1.0,745.486,685.139,1.0,441.272,744.3,1.0,440.698,731.627,1.0,443.525,729.468,1.0,454.904,725.816,1.0,464.595,729.076,1.0,,,,,,,,,,,,,,,,339.15,187.447,1.0,339.792,185.108,1.0,348.46,182.183,1.0,349.811,173.184,1.0,359.375,171.496,1.0,836.428,478.804,1.0,838.762,466.294,1.0,840.637,457.524,1.0,842.727,445.796,1.0,839.84,441.076,1.0
242,716.468,701.996,1.0,732.665,730.485,1.0,728.014,689.25,1.0,733.827,685.983,1.0,745.486,685.139,1.0,441.272,737.153,1.0,442.265,730.649,1.0,449.879,729.468,1.0,455.019,725.744,1.0,464.233,729.102,1.0,,,,,,,,,,,,,,,,339.15,186.854,1.0,339.988,185.09,1.0,348.571,182.495,1.0,349.883,173.184,1.0,359.472,171.448,1.0,835.169,479.124,1.0,838.585,469.34,1.0,837.971,460.571,1.0,842.182,449.564,1.0,839.84,441.388,1.0
243,716.468,701.996,1.0,721.892,698.996,1.0,728.014,689.672,1.0,733.827,685.983,1.0,745.486,685.139,1.0,439.32,735.122,1.0,444.59,728.866,1.0,449.879,729.2,1.0,455.42,725.744,1.0,463.436,729.952,1.0,,,,,,,,,,,,,,,,338.714,186.615,1.0,339.988,185.09,1.0,348.79,182.577,1.0,349.883,173.184,1.0,359.375,171.448,1.0,835.094,479.282,1.0,837.586,470.248,1.0,837.264,460.652,1.0,840.363,449.758,1.0,839.84,442.532,1.0
244,716.24,701.996,1.0,721.892,697.876,1.0,728.014,695.811,1.0,733.981,685.983,1.0,748.263,699.47,1.0,439.32,722.913,1.0,447.663,726.612,1.0,450.646,727.823,1.0,455.42,725.744,1.0,463.436,730.297,1.0,732.481,747.284,1.0,739.087,738.207,1.0,738.094,732.423,1.0,,,0.0,,,0.0,338.458,186.215,1.0,340.499,185.09,1.0,349.294,182.577,1.0,349.89,173.184,1.0,359.529,171.351,1.0,834.554,479.338,1.0,836.108,470.527,1.0,836.482,462.016,1.0,840.363,451.945,1.0,839.84,443.851,1.0
245,715.54,702.068,1.0,721.892,697.876,1.0,727.957,695.953,1.0,733.081,685.679,1.0,748.263,699.47,1.0,440.895,722.427,1.0,449.125,726.612,1.0,451.588,727.953,1.0,455.019,726.917,1.0,463.436,730.415,1.0,732.329,744.331,1.0,739.051,737.638,1.0,738.042,732.405,1.0,,,0.0,,,0.0,338.457,186.21,1.0,340.499,185.069,1.0,349.294,182.784,1.0,349.89,173.184,1.0,359.46,171.351,1.0,831.846,479.364,1.0,834.57,472.611,1.0,835.249,463.49,1.0,837.847,456.056,1.0,839.911,447.407,1.0
246,713.217,702.068,1.0,721.691,697.234,1.0,727.957,695.953,1.0,732.823,685.514,1.0,748.263,699.47,1.0,442.585,721.831,1.0,449.403,726.612,1.0,450.646,727.823,1.0,454.767,726.971,1.0,463.399,730.415,1.0,731.491,743.456,1.0,738.776,737.083,1.0,738.042,732.405,1.0,,,0.0,,,0.0,338.457,186.12,1.0,340.8,185.066,1.0,349.574,183.015,1.0,349.89,172.729,1.0,359.529,170.092,1.0,830.886,484.698,1.0,834.189,475.523,1.0,834.436,467.724,1.0,835.583,459.747,1.0,841.433,447.755,1.0
247,712.508,701.317,1.0,721.691,695.606,1.0,725.344,695.953,1.0,,,0.0,,,0.0,444.126,721.042,1.0,452.167,725.455,1.0,449.794,727.767,1.0,454.575,727.186,1.0,462.625,730.415,1.0,730.831,743.456,1.0,738.353,737.083,1.0,736.887,732.405,1.0,744.675,723.122,1.0,745.541,701.291,1.0,338.457,185.794,1.0,340.851,185.069,1.0,350.078,183.015,1.0,349.838,172.648,1.0,359.529,169.761,1.0,830.886,485.82,1.0,834.023,476.678,1.0,834.392,468.544,1.0,835.583,460.962,1.0,841.433,448.592,1.0
248,,,,,,,,,,,,,,,,449.382,717.398,1.0,452.167,725.455,1.0,449.794,727.767,1.0,454.452,727.869,1.0,461.398,730.415,1.0,724.789,743.329,1.0,736.892,737.638,1.0,736.887,732.405,1.0,744.675,723.122,1.0,745.541,701.291,1.0,338.457,185.794,1.0,340.851,185.069,1.0,350.078,183.015,1.0,349.89,172.396,1.0,359.529,169.761,1.0,830.523,487.685,1.0,834.003,477.204,1.0,833.805,470.034,1.0,834.777,463.378,1.0,841.433,451.344,1.0
249,,,,,,,,,,,,,,,,449.403,715.994,1.0,452.167,724.663,1.0,449.427,727.556,1.0,454.452,727.869,1.0,461.398,730.477,1.0,716.277,709.132,1.0,733.183,736.414,1.0,726.34,698.835,1.0,741.425,714.005,1.0,745.541,701.291,1.0,336.912,185.459,1.0,340.851,185.066,1.0,350.078,183.015,1.0,350.189,172.396,1.0,359.47,170.092,1.0,830.523,494.451,1.0,832.716,482.791,1.0,833.78,473.989,1.0,834.777,466.807,1.0,838.948,457.306,1.0
250,,,,,,,,,,,,,,,,449.637,713.049,1.0,450.61,722.309,1.0,448.226,726.649,1.0,454.452,727.869,1.0,461.398,730.228,1.0,712.781,709.132,1.0,720.372,705.07,1.0,724.535,698.835,1.0,741.425,723.122,1.0,745.311,701.272,1.0,336.912,185.424,1.0,340.144,184.792,1.0,349.7,182.197,1.0,350.189,172.729,1.0,359.518,170.683,1.0,830.523,495.942,1.0,832.716,485.924,1.0,833.706,476.595,1.0,835.126,466.87,1.0,837.767,458.066,1.0
251,,,,,,,,,,,,,,,,449.637,712.931,1.0,450.302,722.123,1.0,447.98,726.649,1.0,454.452,727.837,1.0,461.735,730.085,1.0,712.463,711.349,1.0,719.462,705.07,1.0,722.569,698.835,1.0,739.669,723.582,1.0,738.579,697.581,1.0,336.814,185.424,1.0,340.108,183.767,1.0,348.758,182.197,1.0,350.189,172.437,1.0,359.518,170.683,1.0,830.474,495.942,1.0,832.456,485.951,1.0,833.706,476.971,1.0,835.126,466.94,1.0,837.088,459.385,1.0
252,,,,,,,,,,,,,,,,449.403,711.896,1.0,450.185,720.755,1.0,447.265,726.649,1.0,454.023,726.75,1.0,462.523,729.339,1.0,707.05,711.349,1.0,715.615,705.755,1.0,719.166,698.886,1.0,739.119,724.696,1.0,738.22,697.581,1.0,336.814,185.424,1.0,340.108,183.767,1.0,348.758,182.197,1.0,350.189,172.437,1.0,359.518,170.683,1.0,830.206,495.965,1.0,832.078,486.33,1.0,833.706,477.733,1.0,834.681,467.834,1.0,836.948,459.974,1.0
253,,,,,,,,,,,,,,,,449.403,705.369,1.0,450.032,715.034,1.0,447.782,727.196,1.0,454.241,726.138,1.0,462.523,729.339,1.0,707.05,711.351,1.0,715.615,705.755,1.0,719.166,699.015,1.0,739.077,725.488,1.0,731.646,689.766,1.0,336.75,185.638,1.0,340.009,183.692,1.0,348.758,182.197,1.0,350.22,173.196,1.0,359.518,170.892,1.0,824.112,496.832,1.0,832.078,486.682,1.0,833.706,479.53,1.0,834.648,470.798,1.0,836.459,461.236,1.0
254,,,,,,,,,,,,,,,,448.165,701.939,1.0,449.801,714.043,1.0,447.782,727.196,1.0,454.21,726.053,1.0,462.523,729.339,1.0,707.05,712.095,1.0,714.932,705.755,1.0,719.071,701.104,1.0,739.077,725.488,1.0,731.076,689.766,1.0,336.814,185.751,1.0,339.977,183.692,1.0,348.758,181.782,1.0,350.22,173.196,1.0,359.518,170.724,1.0,824.045,499.066,1.0,831.161,489.946,1.0,829.796,483.021,1.0,830.672,472.513,1.0,834.872,462.373,1.0
255,,,,,,,,,,,,,,,,447.849,701.939,1.0,449.233,713.159,1.0,447.782,727.196,1.0,454.023,725.594,1.0,461.981,732.072,1.0,707.05,713.238,1.0,714.15,705.755,1.0,719.071,702.289,1.0,738.572,725.488,1.0,730.827,689.601,1.0,337.218,186.231,1.0,340.108,183.692,1.0,349.005,181.148,1.0,351.334,175.569,1.0,359.994,170.452,1.0,824.045,499.655,1.0,831.161,490.13,1.0,829.569,483.033,1.0,830.161,472.563,1.0,834.676,463.522,1.0
256,,,,,,,,,,,,,,,,447.842,702.3,1.0,449.206,712.834,1.0,447.835,726.754,1.0,454.023,725.507,1.0,461.981,732.494,1.0,707.05,713.238,1.0,710.041,704.107,1.0,717.62,702.289,1.0,723.139,695.357,1.0,730.827,689.601,1.0,337.364,186.291,1.0,339.71,183.629,1.0,349.005,180.923,1.0,351.334,175.569,1.0,359.471,170.628,1.0,824.112,499.97,1.0,831.161,490.282,1.0,829.317,483.142,1.0,830.161,472.8,1.0,834.676,465.687,1.0
257,,,,,,,,,,,,,,,,447.382,702.3,1.0,449.146,712.752,1.0,447.915,725.471,1.0,453.902,725.507,1.0,461.68,732.494,1.0,705.59,713.238,1.0,709.884,703.391,1.0,715.933,702.289,1.0,722.204,691.123,1.0,730.776,689.601,1.0,338.561,186.291,1.0,339.69,183.482,1.0,348.758,180.575,1.0,351.334,175.659,1.0,359.379,170.724,1.0,831.066,500.079,1.0,833.83,491.231,1.0,829.317,483.486,1.0,830.161,473.792,1.0,834.684,466.237,1.0
258,713.14,744.818,1.0,721.77,742.734,1.0,728.921,743.154,1.0,727.283,736.28,1.0,741.145,729.712,1.0,443.648,703.408,1.0,449.107,712.443,1.0,447.928,721.206,1.0,453.815,725.184,1.0,461.68,732.072,1.0,,,0.0,,,0.0,715.92,697.796,1.0,718.906,690.719,1.0,730.635,689.601,1.0,338.561,186.373,1.0,339.71,183.482,1.0,349.005,180.575,1.0,351.233,175.732,1.0,359.471,170.628,1.0,840.621,501.986,1.0,833.83,493.422,1.0,829.569,486.806,1.0,831.208,480.109,1.0,834.684,470.431,1.0
259,713.14,744.818,1.0,721.431,742.609,1.0,728.753,742.969,1.0,727.283,727.013,1.0,740.296,729.712,1.0,443.003,703.964,1.0,448.346,712.351,1.0,448.014,721.206,1.0,452.678,725.184,1.0,462.169,731.196,1.0,,,,,,,,,,,,,,,,338.585,186.291,1.0,340.322,183.447,1.0,348.793,180.923,1.0,351.233,175.732,1.0,360.868,170.364,1.0,840.621,507.976,1.0,833.83,495.868,1.0,829.659,488.506,1.0,832.074,481.635,1.0,834.684,473.462,1.0
260,712.692,744.818,1.0,720.704,742.609,1.0,728.008,741.896,1.0,727.283,727.013,1.0,739.56,729.712,1.0,442.916,704.112,1.0,448.257,712.351,1.0,448.014,720.87,1.0,452.374,732.277,1.0,462.332,731.014,1.0,,,,,,,,,,,,,,,,338.613,186.291,1.0,340.831,183.447,1.0,348.793,181.608,1.0,351.208,175.529,1.0,361.039,170.295,1.0,840.675,508.358,1.0,833.557,497.077,1.0,831.263,488.529,1.0,832.074,482.115,1.0,834.684,473.497,1.0
261,712.692,745.117,1.0,720.704,742.734,1.0,727.609,741.896,1.0,727.798,727.013,1.0,737.809,729.712,1.0,442.834,703.979,1.0,447.879,711.926,1.0,448.568,720.87,1.0,452.357,732.277,1.0,462.332,730.925,1.0,,,,,,,,,,,,,,,,338.613,186.373,1.0,341.057,183.808,1.0,349.363,181.608,1.0,351.093,175.856,1.0,361.203,169.972,1.0,840.675,508.453,1.0,833.557,497.678,1.0,831.268,490.371,1.0,832.416,482.144,1.0,834.372,473.504,1.0
262,709.105,750.723,1.0,717.033,744.094,1.0,724.323,741.423,1.0,727.798,730.062,1.0,736.318,729.712,1.0,442.834,703.979,1.0,447.545,711.926,1.0,448.568,720.87,1.0,452.214,730.761,1.0,462.332,730.925,1.0,,,0.0,711.101,708.534,1.0,714.981,700.493,1.0,719.97,697.705,1.0,726.774,694.679,1.0,338.706,187.188,1.0,341.253,183.925,1.0,349.405,181.773,1.0,350.82,175.405,1.0,361.228,169.972,1.0,840.675,508.896,1.0,833.557,499.747,1.0,831.485,490.427,1.0,832.416,482.163,1.0,834.372,473.65,1.0
263,704.434,751.624,1.0,711.577,744.717,1.0,716.677,741.325,1.0,727.798,737.722,1.0,735.803,726.68,1.0,442.83,703.979,1.0,447.152,711.423,1.0,448.647,718.601,1.0,451.929,730.761,1.0,462.332,730.853,1.0,702.275,714.085,1.0,710.568,707.983,1.0,714.371,700.064,1.0,719.97,697.337,1.0,725.436,693.148,1.0,339.05,187.435,1.0,341.391,183.925,1.0,349.591,181.773,1.0,348.319,171.613,1.0,361.555,170.112,1.0,840.728,509.847,1.0,834.664,500.033,1.0,833.312,491.281,1.0,833.27,483.048,1.0,834.137,473.833,1.0
264,704.321,751.935,1.0,711.351,745.089,1.0,,,0.0,727.769,738.06,1.0,735.381,726.68,1.0,440.62,701.951,1.0,445.823,706.179,1.0,450.674,713.323,1.0,448.025,723.978,1.0,460.232,730.736,1.0,699.674,702.919,1.0,710.176,707.818,1.0,714.361,700.036,1.0,719.739,697.236,1.0,725.436,693.113,1.0,339.134,187.905,1.0,341.391,183.925,1.0,349.591,181.462,1.0,348.319,171.613,1.0,361.555,170.036,1.0,841.226,510.752,1.0,837.25,501.455,1.0,835.185,493.319,1.0,833.852,485.886,1.0,834.048,474.021,1.0
265,703.719,752.273,1.0,710.764,745.164,1.0,,,0.0,727.473,738.363,1.0,735.381,726.68,1.0,439.825,697.476,1.0,441.764,702.519,1.0,450.674,710.479,1.0,447.28,718.665,1.0,456.177,729.697,1.0,698.973,701.878,1.0,710.176,707.65,1.0,714.361,698.957,1.0,719.739,697.047,1.0,725.436,692.785,1.0,339.135,188.435,1.0,341.057,183.955,1.0,349.363,181.349,1.0,350.82,175.099,1.0,361.459,170.112,1.0,841.367,511.254,1.0,837.309,502.587,1.0,835.471,493.484,1.0,834.547,486.906,1.0,832.87,474.997,1.0
266,703.507,752.273,1.0,710.478,745.089,1.0,716.083,742.965,1.0,725.795,739.858,1.0,732.057,729.947,1.0,439.74,697.265,1.0,441.639,702.26,1.0,450.674,710.479,1.0,447.137,718.42,1.0,454.532,729.697,1.0,698.865,701.097,1.0,710.176,706.778,1.0,714.359,697.382,1.0,719.739,696.559,1.0,725.436,690.439,1.0,339.149,188.96,1.0,340.774,183.955,1.0,348.423,181.013,1.0,350.433,174.818,1.0,361.555,170.112,1.0,842.034,511.532,1.0,837.826,503.304,1.0,836.834,493.887,1.0,834.854,486.969,1.0,832.643,475.089,1.0
267,702.68,752.432,1.0,710.168,745.089,1.0,714.959,742.965,1.0,723.414,740.919,1.0,730.505,730.002,1.0,439.708,696.991,1.0,441.498,702.078,1.0,450.561,710.061,1.0,447.137,717.483,1.0,452.627,729.677,1.0,698.865,701.097,1.0,710.176,706.083,1.0,714.277,696.762,1.0,719.646,696.201,1.0,725.148,690.054,1.0,339.525,188.96,1.0,340.73,184.04,1.0,348.204,180.551,1.0,350.84,174.907,1.0,361.459,170.134,1.0,842.106,513.034,1.0,839.05,504.479,1.0,836.984,495.071,1.0,834.854,487.586,1.0,832.643,475.159,1.0
268,697.716,753.17,1.0,705.165,744.951,1.0,711.945,742.681,1.0,720.744,740.919,1.0,730.338,732.544,1.0,439.655,696.907,1.0,441.195,701.873,1.0,446.837,709.601,1.0,447.137,715.619,1.0,452.526,728.901,1.0,698.865,701.878,1.0,710.176,706.083,1.0,713.618,695.063,1.0,719.38,695.362,1.0,728.913,689.195,1.0,339.525,189.071,1.0,340.73,184.04,1.0,347.645,180.188,1.0,350.858,174.907,1.0,361.353,170.134,1.0,842.359,513.034,1.0,839.098,505.591,1.0,837.217,497.727,1.0,834.547,488.99,1.0,832.487,477.574,1.0
269,694.849,755.946,1.0,703.982,743.455,1.0,711.037,742.965,1.0,719.788,740.919,1.0,730.205,734.3,1.0,436.577,690.223,1.0,441.093,696.273,1.0,444.644,707.724,1.0,446.963,713.038,1.0,449.236,724.908,1.0,700.933,704.356,1.0,710.966,706.083,1.0,713.618,694.759,1.0,719.253,695.034,1.0,728.913,689.836,1.0,339.525,189.167,1.0,340.73,184.04,1.0,346.992,180.07,1.0,350.858,174.873,1.0,359.352,170.256,1.0,842.481,513.034,1.0,839.799,505.591,1.0,837.217,497.727,1.0,834.547,489.02,1.0,832.661,477.944,1.0
270,693.91,756.288,1.0,703.264,742.9,1.0,710.955,743.615,1.0,719.289,741.862,1.0,727.898,735.274,1.0,436.022,685.241,1.0,439.798,694.63,1.0,441.73,704.834,1.0,445.891,708.885,1.0,447.064,723.49,1.0,711.897,707.513,1.0,716.771,707.215,1.0,713.618,694.256,1.0,719.253,694.162,1.0,728.913,689.836,1.0,338.301,190.15,1.0,340.911,184.04,1.0,346.98,180.07,1.0,350.573,174.818,1.0,359.352,170.877,1.0,843.114,512.957,1.0,840.552,505.603,1.0,836.984,497.727,1.0,835.278,490.717,1.0,832.661,478.499,1.0
271,693.832,756.288,1.0,703.255,743.455,1.0,710.461,743.709,1.0,719.289,742.644,1.0,727.898,735.469,1.0,436.022,684.722,1.0,439.798,694.506,1.0,441.699,704.64,1.0,445.891,708.574,1.0,447.029,723.155,1.0,720.985,712.13,1.0,719.951,708.106,1.0,714.741,694.256,1.0,719.253,692.924,1.0,730.15,689.836,1.0,334.54,191.704,1.0,341.01,184.104,1.0,346.432,179.917,1.0,350.843,174.649,1.0,359.186,170.877,1.0,846.12,506.788,1.0,841.898,505.591,1.0,837.217,496.327,1.0,835.801,491.32,1.0,833.198,478.499,1.0
272,693.027,756.288,1.0,703.155,744.951,1.0,709.611,745.666,1.0,715.881,744.489,1.0,726.067,736.002,1.0,436.022,684.231,1.0,439.798,694.252,1.0,441.486,704.021,1.0,445.818,708.188,1.0,446.64,723.092,1.0,725.467,712.13,1.0,719.951,708.254,1.0,714.756,694.759,1.0,719.253,692.924,1.0,730.86,689.836,1.0,334.516,191.925,1.0,341.01,183.976,1.0,346.203,179.917,1.0,350.843,174.589,1.0,359.054,170.852,1.0,852.796,504.108,1.0,846.351,503.396,1.0,837.558,495.685,1.0,837.22,491.32,1.0,833.198,478.499,1.0
273,685.587,752.045,1.0,693.489,750.896,1.0,703.828,748.585,1.0,713.086,745.603,1.0,720.067,738.645,1.0,436.022,684.231,1.0,439.798,694.121,1.0,441.699,703.163,1.0,445.721,708.188,1.0,446.501,722.99,1.0,729.102,711.193,1.0,721.203,709.511,1.0,715.432,694.966,1.0,719.393,692.627,1.0,731.608,691.088,1.0,334.54,191.704,1.0,341.01,183.663,1.0,346.203,179.913,1.0,350.843,174.38,1.0,359.046,170.877,1.0,858.662,502.41,1.0,848.719,503.352,1.0,839.055,495.008,1.0,838.061,491.32,1.0,834.275,478.237,1.0
274,685.458,751.049,1.0,693.23,751.854,1.0,702.694,748.585,1.0,712.225,745.756,1.0,717.769,738.87,1.0,436.022,684.231,1.0,439.798,693.819,1.0,441.699,702.623,1.0,445.702,708.188,1.0,446.132,720.366,1.0,730.086,711.193,1.0,721.717,709.814,1.0,716.61,695.175,1.0,719.393,692.924,1.0,731.608,691.939,1.0,334.472,191.704,1.0,340.743,182.373,1.0,346.177,179.27,1.0,350.843,174.321,1.0,359.046,170.877,1.0,858.662,497.645,1.0,848.719,502.57,1.0,839.752,495.008,1.0,839.19,491.32,1.0,835.721,478.237,1.0
275,685.322,751.049,1.0,693.23,752.029,1.0,701.36,748.585,1.0,711.905,745.861,1.0,717.769,739.592,1.0,431.611,685.771,1.0,434.805,692.749,1.0,441.06,701.8,1.0,442.102,710.25,1.0,445.936,720.11,1.0,730.714,712.13,1.0,721.767,711.221,1.0,717.287,695.767,1.0,718.799,693.388,1.0,730.86,691.997,1.0,334.54,191.389,1.0,340.221,182.14,1.0,345.987,178.874,1.0,350.843,174.38,1.0,359.01,171.349,1.0,858.895,497.645,1.0,848.29,502.57,1.0,842.453,494.296,1.0,839.253,490.282,1.0,837.251,478.114,1.0
276,685.322,751.223,1.0,693.039,752.074,1.0,701.002,748.585,1.0,711.445,745.861,1.0,717.769,739.592,1.0,428.49,685.771,1.0,433.115,691.139,1.0,439.577,701.223,1.0,440.888,710.25,1.0,445.936,718.923,1.0,731.254,714.124,1.0,721.685,711.789,1.0,718.062,696.213,1.0,718.304,694.577,1.0,730.603,692.24,1.0,334.917,189.308,1.0,340.221,181.774,1.0,345.987,178.78,1.0,350.85,174.38,1.0,358.963,171.624,1.0,858.662,497.645,1.0,847.311,502.57,1.0,843.561,494.296,1.0,839.387,490.243,1.0,837.251,477.573,1.0
277,683.953,752.045,1.0,693.037,752.074,1.0,700.86,748.585,1.0,708.859,745.861,1.0,717.053,739.095,1.0,428.216,685.771,1.0,432.657,690.799,1.0,438.906,701.068,1.0,440.349,710.25,1.0,445.613,718.543,1.0,731.806,714.915,1.0,721.685,712.104,1.0,718.079,697.72,1.0,718.282,694.944,1.0,730.426,692.781,1.0,334.917,189.308,1.0,340.395,181.774,1.0,345.987,178.78,1.0,350.85,174.448,1.0,358.923,171.624,1.0,858.507,497.645,1.0,847.311,503.866,1.0,843.561,494.296,1.0,839.41,490.243,1.0,837.251,477.049,1.0
278,683.134,752.575,1.0,693.037,752.074,1.0,700.262,749.1,1.0,707.73,745.199,1.0,717.053,739.139,1.0,428.174,685.324,1.0,432.657,689.736,1.0,438.906,700.785,1.0,439.897,709.532,1.0,445.613,717.376,1.0,731.806,715.25,1.0,721.685,712.884,1.0,718.554,698.737,1.0,718.282,695.147,1.0,730.307,692.781,1.0,334.264,189.308,1.0,340.395,181.774,1.0,345.987,178.874,1.0,350.545,174.448,1.0,358.963,171.624,1.0,858.507,498.289,1.0,847.311,503.866,1.0,842.957,494.296,1.0,839.41,490.282,1.0,836.981,477.049,1.0
279,680.971,754.103,1.0,686.667,752.433,1.0,698.121,750.628,1.0,702.316,743.584,1.0,716.897,739.139,1.0,428.174,685.043,1.0,432.529,689.313,1.0,438.854,700.356,1.0,439.856,708.076,1.0,446.932,715.257,1.0,731.806,715.25,1.0,721.636,712.884,1.0,718.554,699.47,1.0,718.282,695.913,1.0,730.307,692.781,1.0,334.264,192.697,1.0,340.153,182.223,1.0,346.039,178.997,1.0,350.853,174.448,1.0,358.963,170.688,1.0,857.854,499.859,1.0,847.311,503.866,1.0,842.957,494.296,1.0,839.387,490.3,1.0,836.796,477.049,1.0
280,679.343,755.918,1.0,686.667,752.478,1.0,696.937,751.088,1.0,701.88,743.426,1.0,715.739,739.139,1.0,428.027,684.899,1.0,432.223,688.473,1.0,438.854,698.861,1.0,439.691,705.901,1.0,446.932,714.751,1.0,731.803,715.25,1.0,721.366,712.884,1.0,718.079,699.47,1.0,718.385,695.913,1.0,730.378,692.542,1.0,333.86,192.697,1.0,340.153,183.273,1.0,346.039,178.997,1.0,350.853,174.402,1.0,359.128,170.688,1.0,856.113,499.859,1.0,846.482,500.761,1.0,838.055,493.965,1.0,838.626,490.811,1.0,835.948,477.779,1.0
281,679.343,757.286,1.0,686.667,752.764,1.0,696.554,751.406,1.0,701.468,742.96,1.0,715.024,739.447,1.0,428.174,684.645,1.0,432.529,687.366,1.0,438.671,696.132,1.0,436.825,702.516,1.0,446.932,714.581,1.0,730.578,715.371,1.0,721.366,712.657,1.0,718.001,699.47,1.0,719.244,695.913,1.0,730.378,692.453,1.0,332.886,192.697,1.0,339.325,183.469,1.0,345.602,178.997,1.0,350.545,174.271,1.0,359.378,170.688,1.0,851.222,499.859,1.0,845.603,500.543,1.0,837.625,492.905,1.0,835.05,490.811,1.0,832.639,477.779,1.0
282,679.063,758.158,1.0,685.71,752.786,1.0,695.019,753.307,1.0,699.63,743.426,1.0,707.366,742.752,1.0,428.174,675.72,1.0,432.516,683.557,1.0,438.509,694.129,1.0,435.502,698.839,1.0,447.663,711.204,1.0,726.088,715.371,1.0,720.012,712.242,1.0,716.878,699.47,1.0,719.658,697.009,1.0,730.378,692.129,1.0,330.547,191.104,1.0,339.281,185.125,1.0,345.277,178.997,1.0,350.319,174.21,1.0,359.722,172.266,1.0,848.963,502.279,1.0,844.143,500.543,1.0,837.576,492.905,1.0,834.561,490.811,1.0,832.623,477.779,1.0
283,678.564,759.054,1.0,685.782,753.955,1.0,694.695,753.307,1.0,696.667,743.584,1.0,705.908,746.103,1.0,427.967,674.504,1.0,432.503,683.183,1.0,437.929,693.759,1.0,435.502,698.144,1.0,447.663,710.707,1.0,716.725,713.874,1.0,719.88,708.259,1.0,716.878,699.499,1.0,721.984,697.009,1.0,730.378,690.198,1.0,328.493,190.072,1.0,338.534,185.125,1.0,344.986,178.997,1.0,349.859,174.125,1.0,359.646,172.378,1.0,842.08,502.279,1.0,842.154,500.761,1.0,837.539,493.965,1.0,834.561,488.352,1.0,832.623,477.103,1.0
284,675.2,759.054,1.0,685.782,757.102,1.0,692.13,753.307,1.0,696.18,743.618,1.0,704.762,746.103,1.0,427.877,671.743,1.0,432.516,682.273,1.0,437.902,692.673,1.0,435.502,696.542,1.0,447.784,710.327,1.0,711.683,711.209,1.0,718.38,707.445,1.0,716.878,700.103,1.0,722.946,696.886,1.0,727.309,690.141,1.0,327.807,189.806,1.0,337.469,185.125,1.0,344.945,179.321,1.0,349.859,174.125,1.0,359.608,172.378,1.0,834.599,505.362,1.0,839.981,501.164,1.0,836.563,493.965,1.0,834.561,488.09,1.0,832.639,477.103,1.0
285,673.305,759.054,1.0,685.71,758.022,1.0,689.361,749.424,1.0,695.889,744.201,1.0,703.878,742.752,1.0,427.877,671.097,1.0,432.516,681.5,1.0,437.769,692.122,1.0,435.591,696.258,1.0,447.784,710.121,1.0,711.683,710.019,1.0,717.527,704.934,1.0,718.888,702.958,1.0,724.501,697.877,1.0,727.309,690.141,1.0,327.807,189.758,1.0,337.469,184.674,1.0,344.945,179.321,1.0,349.859,174.125,1.0,359.608,172.266,1.0,827.853,508.43,1.0,838.073,501.61,1.0,836.739,494.283,1.0,836.183,488.09,1.0,832.639,477.103,1.0
286,670.219,756.597,1.0,677.505,759.128,1.0,687.906,749.424,1.0,695.627,744.941,1.0,703.347,742.752,1.0,427.317,671.097,1.0,432.503,680.901,1.0,437.592,690.944,1.0,435.591,695.227,1.0,447.663,709.356,1.0,711.683,701.833,1.0,716.655,704.539,1.0,720.294,703.127,1.0,725.462,697.895,1.0,727.148,690.141,1.0,327.807,189.152,1.0,337.167,184.548,1.0,344.741,179.321,1.0,350.048,174.101,1.0,359.646,172.134,1.0,825.2,508.43,1.0,835.884,501.951,1.0,836.54,494.949,1.0,837.372,488.352,1.0,832.623,477.289,1.0
287,670.197,756.597,1.0,677.273,759.567,1.0,687.887,749.424,1.0,694.941,745.326,1.0,700.285,744.858,1.0,426.731,671.097,1.0,432.464,680.364,1.0,437.37,689.001,1.0,435.591,693.667,1.0,447.107,707.28,1.0,712.59,693.824,1.0,714.916,704.159,1.0,721.506,703.127,1.0,725.665,698.978,1.0,726.934,690.746,1.0,327.807,189.152,1.0,337.167,184.548,1.0,344.741,179.14,1.0,350.048,174.125,1.0,359.646,172.134,1.0,824.295,508.926,1.0,833.71,502.615,1.0,836.502,495.441,1.0,837.753,488.475,1.0,832.237,477.469,1.0
288,669.246,756.597,1.0,675.153,760.338,1.0,687.169,750.793,1.0,694.07,752.21,1.0,700.285,744.858,1.0,423.661,672.573,1.0,430.773,677.92,1.0,429.779,687.895,1.0,434.153,693.667,1.0,442.625,701.062,1.0,712.59,692.719,1.0,714.766,703.577,1.0,721.506,703.638,1.0,725.665,699.933,1.0,726.61,693.107,1.0,327.807,189.152,1.0,337.167,184.548,1.0,344.741,179.14,1.0,350.048,174.101,1.0,359.686,172.134,1.0,823.075,509.523,1.0,830.799,503.16,1.0,833.113,495.697,1.0,837.753,488.475,1.0,831.969,477.707,1.0
289,668.783,765.431,1.0,674.549,759.624,1.0,685.126,752.538,1.0,692.625,752.21,1.0,698.934,746.127,1.0,423.647,673.147,1.0,430.773,677.859,1.0,429.779,687.383,1.0,433.803,693.625,1.0,442.376,700.716,1.0,712.59,691.662,1.0,714.257,701.361,1.0,721.506,703.638,1.0,725.665,701.28,1.0,726.16,694.309,1.0,327.143,190.017,1.0,336.439,184.745,1.0,344.213,179.14,1.0,349.808,174.214,1.0,359.866,172.36,1.0,822.863,510.133,1.0,830.799,503.968,1.0,832.861,495.938,1.0,837.372,490.594,1.0,831.576,477.729,1.0
290,666.123,767.356,1.0,673.329,759.624,1.0,680.192,754.69,1.0,689.613,752.21,1.0,698.696,748.324,1.0,423.64,673.42,1.0,430.576,677.849,1.0,429.779,687.373,1.0,433.678,693.475,1.0,442.269,700.585,1.0,709.462,691.662,1.0,714.128,697.173,1.0,715.655,702.861,1.0,724.709,701.28,1.0,726.16,696.76,1.0,327.143,191.033,1.0,335.438,185.352,1.0,343.48,179.603,1.0,348.65,174.214,1.0,360.133,172.423,1.0,822.863,510.133,1.0,830.799,503.968,1.0,832.631,495.938,1.0,836.439,490.594,1.0,831.047,478.129,1.0
291,665.282,768.352,1.0,673.329,760.118,1.0,677.667,755.667,1.0,684.825,752.002,1.0,696.94,751.75,1.0,423.439,673.42,1.0,430.512,677.483,1.0,429.833,686.243,1.0,433.678,692.422,1.0,442.098,700.507,1.0,708.104,691.662,1.0,713.656,697.071,1.0,715.655,702.015,1.0,724.653,701.28,1.0,726.16,696.798,1.0,327.143,193.509,1.0,334.089,186.532,1.0,342.735,180.644,1.0,348.593,174.214,1.0,360.173,172.471,1.0,823.075,512.1,1.0,832.45,505.369,1.0,832.382,497.409,1.0,833.289,488.328,1.0,830.945,478.514,1.0
292,663.639,772.335,1.0,673.329,760.216,1.0,677.667,756.833,1.0,684.686,752.002,1.0,696.757,751.75,1.0,422.989,673.42,1.0,430.294,676.063,1.0,429.833,681.138,1.0,433.678,689.459,1.0,437.716,697.404,1.0,707.763,691.662,1.0,712.9,695.769,1.0,715.655,701.786,1.0,724.085,701.089,1.0,725.827,696.868,1.0,326.631,193.509,1.0,334.089,186.532,1.0,342.735,180.644,1.0,348.447,171.117,1.0,360.309,172.485,1.0,829.093,513.898,1.0,833.775,506.793,1.0,831.206,497.741,1.0,831.953,488.328,1.0,830.511,479.046,1.0
293,663.59,772.335,1.0,673.329,760.216,1.0,677.323,757.696,1.0,683.677,752.002,1.0,696.495,751.75,1.0,421.242,667.395,1.0,424.597,670.403,1.0,429.833,680.254,1.0,433.406,687.452,1.0,436.251,697.246,1.0,707.417,691.662,1.0,712.704,695.48,1.0,716.091,699.396,1.0,723.128,701.066,1.0,727.218,697.644,1.0,326.812,193.509,1.0,334.089,186.532,1.0,342.735,180.644,1.0,348.447,171.117,1.0,360.47,172.69,1.0,829.093,515.826,1.0,833.795,508.184,1.0,830.316,499.672,1.0,831.185,490.077,1.0,830.334,479.132,1.0
294,663.547,772.335,1.0,672.909,760.346,1.0,677.268,757.97,1.0,682.871,756.159,1.0,693.418,751.75,1.0,420.876,660.611,1.0,424.597,665.615,1.0,428.838,677.024,1.0,432.183,683.617,1.0,434.213,693.475,1.0,705.018,688.276,1.0,711.926,689.276,1.0,716.434,693.449,1.0,722.197,698.168,1.0,727.576,699.311,1.0,326.812,193.853,1.0,333.712,186.487,1.0,342.601,182.797,1.0,348.447,171.036,1.0,360.47,172.726,1.0,829.093,515.826,1.0,833.795,508.184,1.0,830.316,499.672,1.0,830.733,488.76,1.0,830.334,480.079,1.0
295,662.57,769.029,1.0,670.784,760.686,1.0,676.298,759.123,1.0,680.41,757.673,1.0,691.551,752.443,1.0,420.876,658.473,1.0,424.597,665.551,1.0,428.477,676.978,1.0,431.961,682.956,1.0,434.099,692.9,1.0,704.573,687.358,1.0,711.551,688.51,1.0,716.434,693.449,1.0,721.338,696.681,1.0,728.603,699.311,1.0,326.454,192.613,1.0,334.402,186.295,1.0,342.601,180.429,1.0,348.447,171.036,1.0,360.47,172.73,1.0,828.412,515.826,1.0,833.825,508.184,1.0,830.316,499.672,1.0,830.733,488.76,1.0,830.334,480.079,1.0
296,659.05,768.983,1.0,666.399,763.901,1.0,673.25,759.622,1.0,678.063,759.283,1.0,688.233,752.443,1.0,420.617,657.965,1.0,424.518,664.844,1.0,428.215,675.903,1.0,431.932,682.871,1.0,433.482,692.857,1.0,704.573,687.358,1.0,711.14,688.51,1.0,716.434,693.449,1.0,721.338,696.681,1.0,728.64,699.311,1.0,326.454,192.613,1.0,334.402,186.295,1.0,342.601,180.429,1.0,348.424,171.036,1.0,360.222,172.924,1.0,828.412,513.978,1.0,833.825,506.362,1.0,830.392,498.837,1.0,830.733,488.76,1.0,831.359,479.132,1.0
297,659.05,768.958,1.0,666.242,764.547,1.0,672.851,759.662,1.0,677.978,759.316,1.0,687.993,752.457,1.0,420.617,657.0,1.0,424.518,663.476,1.0,428.016,674.947,1.0,431.706,682.871,1.0,432.567,691.747,1.0,704.573,687.496,1.0,711.14,689.276,1.0,716.481,694.089,1.0,722.197,697.256,1.0,731.6,699.339,1.0,326.812,193.853,1.0,334.402,186.487,1.0,342.591,181.939,1.0,348.024,171.135,1.0,360.051,173.361,1.0,828.412,513.361,1.0,833.938,506.334,1.0,833.127,495.16,1.0,832.239,488.76,1.0,833.225,478.996,1.0
298,658.775,768.983,1.0,662.024,768.602,1.0,672.606,759.662,1.0,677.329,759.494,1.0,687.264,752.758,1.0,418.686,655.345,1.0,423.526,662.8,1.0,425.941,673.097,1.0,430.537,682.871,1.0,431.396,690.645,1.0,708.077,687.815,1.0,711.14,692.489,1.0,716.481,694.953,1.0,722.754,698.101,1.0,731.6,699.783,1.0,329.058,196.057,1.0,334.402,187.984,1.0,342.071,182.52,1.0,347.325,179.659,1.0,359.864,174.169,1.0,830.198,511.398,1.0,834.039,505.963,1.0,833.965,494.699,1.0,832.708,488.76,1.0,833.225,478.89,1.0
299,658.549,768.958,1.0,661.981,768.602,1.0,670.709,761.523,1.0,677.283,759.968,1.0,686.139,753.356,1.0,411.996,651.332,1.0,419.367,662.22,1.0,425.128,671.485,1.0,427.495,683.443,1.0,430.161,687.394,1.0,713.493,687.496,1.0,711.14,692.489,1.0,715.638,695.646,1.0,722.754,697.256,1.0,731.6,699.864,1.0,329.579,196.374,1.0,335.51,188.772,1.0,341.762,182.52,1.0,344.677,180.886,1.0,358.472,175.847,1.0,830.198,499.341,1.0,834.039,504.282,1.0,834.135,494.699,1.0,832.718,490.031,1.0,833.436,478.241,1.0
300,656.827,768.843,1.0,660.878,768.602,1.0,668.667,763.2,1.0,677.053,760.147,1.0,683.586,753.527,1.0,411.038,651.281,1.0,418.761,662.053,1.0,425.121,671.384,1.0,427.3,683.996,1.0,430.161,687.122,1.0,715.373,687.496,1.0,711.14,692.489,1.0,715.638,695.746,1.0,722.754,697.256,1.0,731.058,700.087,1.0,329.79,196.393,1.0,335.638,189.131,1.0,341.585,182.52,1.0,343.885,181.444,1.0,356.279,175.94,1.0,830.198,499.341,1.0,834.039,504.282,1.0,833.994,494.462,1.0,832.744,490.031,1.0,833.549,478.107,1.0
301,646.085,768.843,1.0,654.823,768.258,1.0,665.287,765.176,1.0,671.199,760.804,1.0,682.831,753.527,1.0,410.979,651.156,1.0,418.761,661.623,1.0,425.025,671.37,1.0,426.92,683.996,1.0,430.161,687.122,1.0,715.373,683.996,1.0,711.11,686.72,1.0,712.017,695.884,1.0,720.872,696.912,1.0,729.348,700.637,1.0,329.985,196.393,1.0,335.638,189.17,1.0,341.585,182.391,1.0,343.885,181.475,1.0,356.279,175.964,1.0,830.198,497.255,1.0,835.181,504.647,1.0,833.965,494.134,1.0,833.998,490.031,1.0,833.549,477.975,1.0
302,646.085,769.027,1.0,654.812,768.258,1.0,665.144,765.271,1.0,670.5,760.837,1.0,681.391,753.549,1.0,411.038,651.156,1.0,418.761,661.576,1.0,425.025,671.119,1.0,426.628,683.996,1.0,430.208,687.122,1.0,715.373,676.119,1.0,711.018,686.013,1.0,711.207,695.884,1.0,714.999,691.916,1.0,729.348,700.637,1.0,329.985,196.393,1.0,335.729,189.17,1.0,341.585,182.391,1.0,343.885,181.475,1.0,356.279,175.964,1.0,838.127,499.341,1.0,835.181,504.282,1.0,833.965,493.823,1.0,834.758,489.979,1.0,833.238,477.752,1.0
303,646.085,769.027,1.0,654.812,768.036,1.0,665.144,765.296,1.0,670.19,760.837,1.0,681.295,753.549,1.0,411.038,651.281,1.0,418.761,661.576,1.0,425.025,670.687,1.0,426.628,683.99,1.0,430.286,687.539,1.0,714.373,676.119,1.0,710.8,686.013,1.0,711.207,697.347,1.0,714.999,691.916,1.0,729.348,700.637,1.0,329.985,196.175,1.0,335.645,189.131,1.0,342.074,182.259,1.0,344.705,181.475,1.0,357.498,175.874,1.0,838.127,496.456,1.0,835.181,504.282,1.0,833.89,494.134,1.0,833.998,489.979,1.0,833.238,477.975,1.0
304,649.301,769.22,1.0,654.823,768.036,1.0,663.751,765.296,1.0,669.537,760.837,1.0,681.198,753.549,1.0,412.437,653.124,1.0,418.761,661.33,1.0,425.025,670.687,1.0,426.909,683.527,1.0,430.411,687.558,1.0,714.354,674.889,1.0,711.018,684.425,1.0,711.207,695.884,1.0,714.999,691.657,1.0,731.523,697.308,1.0,329.529,196.175,1.0,335.729,189.131,1.0,342.074,182.259,1.0,344.705,181.278,1.0,357.533,175.874,1.0,841.62,497.916,1.0,836.008,503.805,1.0,833.498,493.962,1.0,833.998,489.979,1.0,833.238,477.975,1.0
305,649.301,769.549,1.0,654.077,768.175,1.0,663.457,766.638,1.0,669.488,759.935,1.0,680.794,754.684,1.0,418.022,653.124,1.0,418.76,661.175,1.0,425.025,670.687,1.0,426.764,682.858,1.0,430.411,687.697,1.0,713.277,674.808,1.0,711.018,684.066,1.0,711.581,695.874,1.0,715.624,691.576,1.0,731.523,697.308,1.0,329.158,196.175,1.0,335.729,189.35,1.0,342.074,182.259,1.0,344.705,181.005,1.0,357.533,175.831,1.0,841.984,496.456,1.0,840.454,503.213,1.0,833.498,493.962,1.0,834.382,491.373,1.0,833.238,478.381,1.0
306,649.301,769.612,1.0,654.036,768.485,1.0,663.108,767.489,1.0,666.457,758.828,1.0,677.116,758.708,1.0,420.961,653.124,1.0,418.76,659.561,1.0,425.025,672.123,1.0,426.764,682.479,1.0,430.411,688.311,1.0,711.652,674.889,1.0,711.446,684.425,1.0,711.773,694.82,1.0,716.653,691.657,1.0,731.523,697.308,1.0,327.779,196.75,1.0,335.729,191.365,1.0,341.88,183.044,1.0,344.642,180.928,1.0,357.498,175.732,1.0,852.242,495.493,1.0,848.756,500.289,1.0,833.89,493.962,1.0,834.382,491.373,1.0,833.822,478.381,1.0
307,646.58,770.505,1.0,654.036,769.934,1.0,662.336,767.734,1.0,666.378,758.239,1.0,674.716,759.816,1.0,420.961,652.547,1.0,418.917,659.102,1.0,425.025,672.123,1.0,426.764,682.368,1.0,430.411,688.392,1.0,711.149,675.704,1.0,711.672,684.792,1.0,712.236,694.088,1.0,719.935,694.236,1.0,731.344,697.689,1.0,327.372,197.136,1.0,335.645,191.836,1.0,341.209,183.321,1.0,343.823,180.714,1.0,357.387,175.67,1.0,853.185,492.835,1.0,849.646,497.483,1.0,834.587,493.962,1.0,833.462,491.373,1.0,834.643,478.381,1.0
308,642.731,770.866,1.0,650.978,770.228,1.0,661.532,769.182,1.0,666.378,758.239,1.0,673.195,760.43,1.0,420.961,651.829,1.0,418.452,658.015,1.0,424.199,672.123,1.0,426.605,681.467,1.0,430.431,688.392,1.0,711.031,675.704,1.0,711.917,684.792,1.0,712.346,694.088,1.0,719.935,694.236,1.0,731.325,697.715,1.0,325.993,199.353,1.0,333.986,193.946,1.0,341.049,184.297,1.0,342.966,180.249,1.0,357.113,175.437,1.0,853.89,488.23,1.0,849.646,491.911,1.0,836.868,493.389,1.0,831.14,486.851,1.0,834.778,477.832,1.0
309,642.731,770.927,1.0,650.978,770.69,1.0,661.532,769.292,1.0,666.378,758.424,1.0,672.784,760.457,1.0,420.183,651.077,1.0,418.452,657.829,1.0,424.066,671.516,1.0,426.515,681.077,1.0,430.559,688.392,1.0,711.022,677.294,1.0,711.917,685.103,1.0,713.916,694.088,1.0,720.679,695.371,1.0,731.325,697.771,1.0,325.993,199.353,1.0,333.986,193.946,1.0,341.049,184.297,1.0,342.966,180.249,1.0,356.968,175.396,1.0,854.697,487.007,1.0,849.75,490.143,1.0,837.25,493.389,1.0,831.019,486.776,1.0,834.808,477.756,1.0
310,642.731,772.479,1.0,650.427,771.112,1.0,661.461,769.292,1.0,666.354,758.748,1.0,672.529,760.86,1.0,418.176,645.896,1.0,418.17,653.184,1.0,422.322,667.487,1.0,425.186,676.334,1.0,432.271,683.912,1.0,709.851,685.54,1.0,711.672,686.905,1.0,713.916,694.41,1.0,721.603,695.906,1.0,731.344,698.252,1.0,325.993,199.353,1.0,333.986,193.946,1.0,341.049,184.297,1.0,342.966,180.249,1.0,356.968,175.396,1.0,854.697,486.495,1.0,849.75,490.006,1.0,838.023,493.389,1.0,831.019,486.776,1.0,834.778,477.631,1.0
311,642.927,772.487,1.0,650.427,771.214,1.0,661.461,769.182,1.0,666.335,758.748,1.0,672.62,760.86,1.0,417.322,643.995,1.0,418.115,652.756,1.0,421.471,665.922,1.0,422.838,672.568,1.0,432.271,683.905,1.0,706.533,687.19,1.0,711.863,687.099,1.0,714.429,694.741,1.0,721.839,696.177,1.0,731.759,698.426,1.0,327.312,199.106,1.0,335.739,192.504,1.0,341.115,183.543,1.0,343.419,180.6,1.0,356.968,175.437,1.0,856.37,486.468,1.0,849.646,488.711,1.0,838.023,495.675,1.0,831.019,486.851,1.0,834.778,477.284,1.0
312,643.291,778.04,1.0,649.398,771.351,1.0,659.55,769.112,1.0,665.652,760.08,1.0,672.485,760.86,1.0,417.308,643.504,1.0,418.087,652.393,1.0,421.471,664.852,1.0,422.356,671.437,1.0,432.271,683.821,1.0,704.218,688.138,1.0,711.104,687.54,1.0,714.358,695.658,1.0,721.839,696.518,1.0,731.787,698.832,1.0,327.312,195.94,1.0,335.739,190.53,1.0,341.115,182.689,1.0,343.794,180.788,1.0,357.349,175.627,1.0,858.942,486.468,1.0,849.022,488.711,1.0,837.946,495.675,1.0,831.844,491.304,1.0,834.778,477.284,1.0
313,643.291,781.879,1.0,645.178,772.707,1.0,654.726,769.112,1.0,662.392,762.923,1.0,670.509,760.613,1.0,417.307,643.433,1.0,418.087,652.365,1.0,422.322,663.973,1.0,422.287,671.217,1.0,432.166,683.821,1.0,703.307,690.951,1.0,710.37,689.915,1.0,713.916,695.913,1.0,721.603,697.788,1.0,731.787,699.692,1.0,327.559,193.266,1.0,335.739,188.774,1.0,341.249,182.504,1.0,344.293,180.943,1.0,357.538,175.673,1.0,858.942,486.468,1.0,848.76,488.711,1.0,839.017,495.675,1.0,832.388,491.661,1.0,834.876,477.284,1.0
314,642.927,782.667,1.0,645.118,773.726,1.0,653.229,769.112,1.0,661.518,765.243,1.0,668.922,760.613,1.0,417.307,643.268,1.0,417.648,651.086,1.0,422.632,663.819,1.0,421.676,670.782,1.0,432.121,683.821,1.0,702.026,690.951,1.0,708.773,689.968,1.0,713.871,695.913,1.0,721.39,698.022,1.0,731.787,700.172,1.0,327.312,192.777,1.0,335.459,188.501,1.0,341.165,182.504,1.0,344.407,180.981,1.0,357.722,175.718,1.0,858.942,493.956,1.0,848.76,492.035,1.0,839.093,493.451,1.0,832.646,491.661,1.0,834.876,477.284,1.0
315,641.684,782.904,1.0,643.144,775.681,1.0,650.546,769.421,1.0,660.597,765.243,1.0,667.776,760.613,1.0,416.922,642.946,1.0,417.009,649.796,1.0,422.917,663.599,1.0,421.673,669.411,1.0,432.121,683.132,1.0,702.026,692.135,1.0,708.422,690.038,1.0,713.871,695.913,1.0,721.177,698.022,1.0,731.708,700.58,1.0,327.161,192.744,1.0,335.459,188.496,1.0,341.165,182.504,1.0,344.407,180.981,1.0,357.722,175.748,1.0,854.446,496.332,1.0,848.285,494.472,1.0,840.503,491.813,1.0,833.506,491.304,1.0,834.876,477.012,1.0
316,641.409,783.106,1.0,642.884,776.541,1.0,650.1,770.345,1.0,659.621,767.911,1.0,667.623,760.861,1.0,414.655,638.569,1.0,415.328,647.448,1.0,422.917,659.772,1.0,420.898,667.692,1.0,432.166,681.145,1.0,698.886,692.338,1.0,706.679,691.902,1.0,713.635,695.719,1.0,720.653,697.873,1.0,731.666,700.935,1.0,327.161,192.777,1.0,335.459,187.016,1.0,341.249,182.156,1.0,344.539,180.943,1.0,357.722,175.815,1.0,854.351,500.043,1.0,847.439,496.064,1.0,840.953,491.813,1.0,833.9,490.463,1.0,834.876,476.327,1.0
317,641.395,783.127,1.0,642.667,777.12,1.0,649.857,770.405,1.0,658.95,769.845,1.0,667.587,761.129,1.0,411.76,638.114,1.0,414.622,646.614,1.0,423.032,658.728,1.0,420.452,666.469,1.0,432.303,680.257,1.0,698.49,692.338,1.0,705.764,692.308,1.0,713.438,695.505,1.0,720.554,697.873,1.0,731.665,701.152,1.0,327.559,192.305,1.0,335.649,184.896,1.0,343.094,181.01,1.0,345.45,180.395,1.0,358.087,175.859,1.0,848.753,506.516,1.0,843.915,499.552,1.0,840.953,491.813,1.0,834.454,488.199,1.0,832.721,475.888,1.0
318,640.913,783.306,1.0,642.554,777.771,1.0,649.463,770.62,1.0,658.843,766.224,1.0,667.384,761.203,1.0,411.76,638.114,1.0,414.622,646.614,1.0,423.032,658.023,1.0,420.452,665.895,1.0,432.303,680.253,1.0,697.043,692.654,1.0,704.691,692.696,1.0,713.267,695.159,1.0,720.336,697.547,1.0,731.52,701.217,1.0,331.347,190.705,1.0,337.042,184.129,1.0,344.02,180.116,1.0,346.233,180.323,1.0,358.087,175.921,1.0,841.053,507.139,1.0,843.915,503.715,1.0,840.953,494.522,1.0,836.495,488.177,1.0,832.421,475.34,1.0
319,640.748,783.55,1.0,642.408,778.295,1.0,648.951,770.62,1.0,658.532,769.845,1.0,667.384,761.706,1.0,411.76,638.114,1.0,414.622,646.614,1.0,422.834,656.893,1.0,420.898,664.581,1.0,432.303,678.354,1.0,697.043,692.876,1.0,704.141,693.215,1.0,712.213,695.0,1.0,719.78,697.386,1.0,731.354,701.368,1.0,332.882,190.705,1.0,337.792,183.127,1.0,344.02,179.29,1.0,347.068,179.91,1.0,358.087,175.921,1.0,840.92,508.996,1.0,840.736,504.356,1.0,840.918,494.984,1.0,836.672,487.995,1.0,832.194,475.34,1.0
320,640.32,785.638,1.0,641.889,779.182,1.0,646.989,772.308,1.0,653.815,770.158,1.0,665.786,763.782,1.0,412.475,640.651,1.0,414.384,649.434,1.0,421.668,654.357,1.0,423.758,664.581,1.0,431.163,676.061,1.0,696.678,693.453,1.0,703.25,694.01,1.0,711.029,694.932,1.0,719.395,697.04,1.0,730.854,701.566,1.0,333.979,190.705,1.0,337.792,182.048,1.0,344.02,178.521,1.0,347.622,179.358,1.0,357.538,175.921,1.0,840.92,510.315,1.0,839.894,504.554,1.0,840.918,494.984,1.0,836.89,487.995,1.0,831.842,475.34,1.0
321,634.979,786.688,1.0,639.557,781.979,1.0,646.508,777.343,1.0,650.443,772.712,1.0,664.544,767.816,1.0,412.475,640.799,1.0,419.827,649.434,1.0,421.595,654.135,1.0,424.068,664.26,1.0,431.027,675.956,1.0,696.27,694.555,1.0,701.55,695.153,1.0,711.028,693.715,1.0,718.679,696.331,1.0,729.49,702.015,1.0,334.858,190.154,1.0,337.792,182.048,1.0,342.667,178.521,1.0,347.622,179.217,1.0,357.454,175.181,1.0,841.053,510.404,1.0,839.374,505.259,1.0,840.891,495.577,1.0,836.89,487.995,1.0,831.481,475.428,1.0
322,634.86,787.497,1.0,639.557,783.436,1.0,645.842,777.385,1.0,648.859,772.715,1.0,661.726,768.092,1.0,412.475,640.848,1.0,419.827,649.434,1.0,421.548,654.135,1.0,424.068,664.208,1.0,430.758,675.934,1.0,696.27,694.555,1.0,701.55,695.153,1.0,711.028,693.715,1.0,718.679,696.331,1.0,729.49,702.015,1.0,337.659,189.931,1.0,337.792,181.995,1.0,342.667,178.521,1.0,347.622,179.217,1.0,357.454,175.093,1.0,841.053,510.513,1.0,838.265,504.356,1.0,838.537,495.994,1.0,836.672,488.901,1.0,831.481,476.76,1.0
323,634.694,787.525,1.0,639.557,783.436,1.0,645.571,777.647,1.0,648.242,773.094,1.0,660.832,768.115,1.0,412.462,640.848,1.0,419.708,649.371,1.0,421.437,654.357,1.0,424.068,664.143,1.0,430.722,675.932,1.0,697.418,694.555,1.0,701.55,695.153,1.0,711.028,693.715,1.0,718.679,696.331,1.0,729.49,702.015,1.0,338.349,189.708,1.0,337.707,182.048,1.0,342.667,178.807,1.0,347.042,179.217,1.0,357.39,174.833,1.0,840.912,510.513,1.0,837.537,504.356,1.0,838.537,496.051,1.0,836.672,489.261,1.0,831.222,476.859,1.0
324,634.69,787.528,1.0,640.677,783.634,1.0,645.203,777.899,1.0,647.539,773.203,1.0,660.016,768.092,1.0,412.343,640.799,1.0,418.838,649.331,1.0,418.645,656.096,1.0,423.677,664.143,1.0,430.722,675.574,1.0,697.418,692.558,1.0,704.546,692.826,1.0,711.27,696.398,1.0,719.715,698.552,1.0,730.197,701.895,1.0,338.715,189.887,1.0,337.615,182.103,1.0,342.856,178.807,1.0,347.042,179.483,1.0,357.39,174.833,1.0,830.733,510.513,1.0,836.697,503.788,1.0,838.537,496.847,1.0,837.051,489.261,1.0,831.22,478.051,1.0
325,634.69,788.147,1.0,640.677,784.518,1.0,644.906,778.138,1.0,646.546,773.408,1.0,659.709,768.092,1.0,412.343,639.618,1.0,419.382,647.599,1.0,417.665,656.096,1.0,423.35,664.143,1.0,430.409,675.159,1.0,702.243,691.001,1.0,708.868,692.826,1.0,712.802,696.398,1.0,721.889,698.583,1.0,730.471,701.895,1.0,338.84,189.931,1.0,337.707,182.113,1.0,342.856,178.807,1.0,346.8,179.656,1.0,357.271,174.833,1.0,827.425,497.354,1.0,833.257,499.92,1.0,838.865,497.018,1.0,840.571,489.38,1.0,831.22,478.779,1.0
326,634.413,794.416,1.0,640.677,785.709,1.0,643.594,779.367,1.0,645.025,774.003,1.0,656.256,768.233,1.0,412.343,639.618,1.0,418.838,647.599,1.0,417.665,656.8,1.0,423.35,664.07,1.0,430.285,675.159,1.0,710.731,690.64,1.0,714.185,692.826,1.0,715.26,696.398,1.0,723.56,699.897,1.0,731.004,701.588,1.0,339.703,189.931,1.0,337.719,182.567,1.0,342.896,178.807,1.0,346.567,179.731,1.0,356.791,175.127,1.0,825.005,495.325,1.0,833.257,496.91,1.0,838.865,497.26,1.0,841.976,489.38,1.0,830.421,479.112,1.0
327,630.698,798.73,1.0,640.089,789.089,1.0,642.466,782.648,1.0,645.025,776.212,1.0,654.426,768.646,1.0,411.699,639.618,1.0,418.838,646.594,1.0,417.665,656.8,1.0,423.314,663.649,1.0,429.898,675.159,1.0,714.686,690.64,1.0,715.381,692.162,1.0,717.29,695.677,1.0,723.56,699.897,1.0,731.174,701.27,1.0,339.743,190.083,1.0,337.694,182.567,1.0,342.856,178.789,1.0,346.567,179.673,1.0,356.78,175.332,1.0,825.005,493.778,1.0,833.124,496.233,1.0,838.865,497.018,1.0,843.318,491.0,1.0,830.328,479.196,1.0
328,630.189,799.004,1.0,639.998,789.135,1.0,642.05,782.747,1.0,645.025,776.789,1.0,652.931,769.764,1.0,411.176,639.634,1.0,414.633,646.085,1.0,418.2,657.018,1.0,423.127,665.019,1.0,429.898,675.52,1.0,725.375,690.64,1.0,718.263,692.162,1.0,717.29,695.669,1.0,723.56,698.552,1.0,733.039,701.192,1.0,339.743,190.38,1.0,337.719,182.567,1.0,342.633,178.789,1.0,346.567,179.656,1.0,356.684,175.332,1.0,825.005,491.048,1.0,832.603,495.265,1.0,838.441,496.847,1.0,843.668,491.0,1.0,829.884,479.196,1.0
329,630.116,799.3,1.0,637.581,790.348,1.0,640.467,783.138,1.0,645.732,776.802,1.0,652.784,769.764,1.0,409.972,642.292,1.0,414.517,646.594,1.0,418.397,657.1,1.0,422.342,665.019,1.0,429.992,675.637,1.0,727.574,690.14,1.0,718.263,692.162,1.0,717.29,695.101,1.0,722.273,698.49,1.0,733.301,700.86,1.0,339.703,190.637,1.0,337.969,182.553,1.0,342.386,178.848,1.0,346.564,179.673,1.0,356.569,175.332,1.0,825.005,491.048,1.0,828.764,494.759,1.0,838.043,496.319,1.0,843.668,491.0,1.0,829.884,479.112,1.0
330,630.08,799.3,1.0,637.581,790.348,1.0,640.467,783.138,1.0,646.357,776.802,1.0,652.593,769.996,1.0,405.139,653.991,1.0,414.074,647.005,1.0,418.504,657.58,1.0,422.289,665.019,1.0,430.039,676.338,1.0,728.701,690.14,1.0,720.206,691.501,1.0,716.608,694.87,1.0,721.486,696.306,1.0,733.301,699.332,1.0,339.204,191.309,1.0,337.969,182.502,1.0,341.314,179.02,1.0,346.35,179.907,1.0,356.486,175.426,1.0,818.982,491.048,1.0,828.299,491.46,1.0,837.882,492.3,1.0,843.413,490.146,1.0,829.884,478.443,1.0
331,630.052,799.3,1.0,637.5,790.348,1.0,640.467,783.138,1.0,646.357,777.012,1.0,652.583,769.786,1.0,405.139,654.355,1.0,413.96,647.005,1.0,419.959,658.001,1.0,422.289,665.019,1.0,430.027,676.339,1.0,729.241,689.625,1.0,720.206,691.501,1.0,716.608,693.863,1.0,721.251,696.238,1.0,733.301,699.332,1.0,339.066,191.455,1.0,338.37,182.058,1.0,341.132,179.063,1.0,346.35,179.901,1.0,356.177,175.893,1.0,814.299,492.744,1.0,825.485,490.095,1.0,836.794,492.053,1.0,843.318,490.146,1.0,830.072,478.019,1.0
332,629.827,799.166,1.0,636.881,789.198,1.0,640.968,783.012,1.0,646.357,777.062,1.0,652.307,769.996,1.0,405.139,654.355,1.0,413.96,647.005,1.0,419.959,658.997,1.0,421.756,665.019,1.0,430.039,676.339,1.0,729.942,689.625,1.0,720.206,691.501,1.0,716.608,692.835,1.0,720.161,696.211,1.0,731.685,699.332,1.0,338.664,191.524,1.0,338.569,181.865,1.0,341.132,179.214,1.0,346.14,179.907,1.0,355.988,175.946,1.0,813.621,493.408,1.0,821.148,488.195,1.0,833.157,491.012,1.0,842.078,489.771,1.0,831.169,478.019,1.0
333,625.387,786.421,1.0,634.632,788.748,1.0,640.968,782.378,1.0,645.553,778.628,1.0,652.077,770.344,1.0,406.241,654.355,1.0,413.96,647.538,1.0,420.24,658.997,1.0,421.756,665.071,1.0,430.039,676.339,1.0,730.712,687.843,1.0,721.268,692.156,1.0,716.608,692.439,1.0,720.161,695.031,1.0,731.685,699.332,1.0,337.961,191.992,1.0,338.569,181.09,1.0,340.72,179.248,1.0,346.116,179.958,1.0,355.871,175.988,1.0,811.382,495.759,1.0,818.853,487.991,1.0,829.478,490.608,1.0,840.263,489.771,1.0,831.851,478.443,1.0
334,620.595,786.087,1.0,631.944,788.037,1.0,640.968,781.971,1.0,644.988,779.095,1.0,652.041,770.344,1.0,417.665,651.593,1.0,417.354,648.459,1.0,420.24,658.194,1.0,422.327,665.071,1.0,430.039,676.163,1.0,731.419,688.469,1.0,722.216,692.178,1.0,717.24,691.853,1.0,720.161,694.03,1.0,731.685,699.332,1.0,337.527,191.992,1.0,338.668,181.09,1.0,340.692,179.444,1.0,345.735,180.112,1.0,355.114,176.318,1.0,808.928,496.994,1.0,817.463,487.991,1.0,826.642,490.608,1.0,833.977,489.268,1.0,833.201,478.57,1.0
335,619.208,786.087,1.0,629.566,787.109,1.0,640.815,781.955,1.0,644.583,779.107,1.0,651.728,770.327,1.0,426.261,649.363,1.0,421.662,648.614,1.0,420.24,658.001,1.0,424.965,667.271,1.0,430.384,675.006,1.0,732.927,688.469,1.0,722.377,692.178,1.0,717.24,691.463,1.0,720.562,693.555,1.0,733.909,699.3,1.0,337.492,191.992,1.0,338.895,180.978,1.0,340.488,181.548,1.0,345.136,180.465,1.0,354.843,176.65,1.0,808.801,496.994,1.0,816.412,487.991,1.0,826.642,490.608,1.0,833.977,488.821,1.0,834.829,478.57,1.0
336,618.444,786.087,1.0,628.781,786.888,1.0,640.726,781.86,1.0,644.396,779.279,1.0,651.496,770.344,1.0,431.22,648.571,1.0,422.154,648.911,1.0,420.01,657.214,1.0,425.125,667.898,1.0,430.849,674.21,1.0,733.661,687.756,1.0,722.735,692.156,1.0,716.997,691.283,1.0,720.562,693.002,1.0,733.909,699.3,1.0,336.968,191.992,1.0,338.895,180.934,1.0,340.488,181.548,1.0,345.119,180.465,1.0,354.843,176.824,1.0,808.801,495.828,1.0,816.412,487.991,1.0,826.642,490.342,1.0,833.977,488.608,1.0,834.829,478.57,1.0
337,618.409,785.993,1.0,628.639,786.652,1.0,640.505,781.86,1.0,644.378,779.279,1.0,651.442,770.327,1.0,433.08,649.363,1.0,423.642,648.911,1.0,419.846,657.191,1.0,425.125,667.898,1.0,430.849,674.21,1.0,734.515,687.373,1.0,724.749,692.156,1.0,716.997,691.105,1.0,720.562,693.002,1.0,733.909,699.3,1.0,337.371,192.023,1.0,338.715,180.934,1.0,340.488,181.561,1.0,345.044,180.577,1.0,354.696,176.824,1.0,808.801,495.828,1.0,817.463,487.915,1.0,826.213,489.713,1.0,834.147,488.821,1.0,834.829,478.1,1.0
338,617.741,785.993,1.0,627.846,786.652,1.0,640.277,781.86,1.0,644.296,779.279,1.0,651.4,770.226,1.0,433.374,650.635,1.0,424.252,648.861,1.0,419.846,656.117,1.0,424.965,667.898,1.0,430.849,674.21,1.0,734.766,685.142,1.0,728.082,692.272,1.0,717.24,691.105,1.0,714.095,693.002,1.0,722.612,703.108,1.0,336.67,192.023,1.0,338.895,180.934,1.0,340.397,181.561,1.0,344.811,180.577,1.0,354.684,177.099,1.0,813.011,484.843,1.0,817.488,486.454,1.0,825.918,487.699,1.0,834.147,488.608,1.0,834.206,478.1,1.0
339,617.559,785.884,1.0,627.62,786.248,1.0,640.238,781.874,1.0,644.202,779.418,1.0,651.381,770.221,1.0,437.395,649.608,1.0,426.469,648.861,1.0,420.01,655.701,1.0,423.774,667.531,1.0,431.229,674.21,1.0,735.447,683.715,1.0,728.476,692.272,1.0,719.7,691.105,1.0,714.095,694.037,1.0,722.033,704.395,1.0,334.613,191.674,1.0,338.899,180.934,1.0,340.401,181.561,1.0,344.7,180.64,1.0,354.616,177.229,1.0,823.105,479.554,1.0,818.158,484.273,1.0,824.9,486.308,1.0,834.147,486.553,1.0,833.974,478.1,1.0
340,617.484,785.491,1.0,626.237,785.858,1.0,639.544,782.066,1.0,643.567,780.229,1.0,650.345,770.221,1.0,437.839,649.608,1.0,427.092,648.823,1.0,420.225,655.701,1.0,423.764,667.343,1.0,431.255,674.203,1.0,735.682,683.715,1.0,728.563,692.272,1.0,720.262,691.598,1.0,714.095,694.083,1.0,722.017,704.444,1.0,329.913,190.714,1.0,338.899,181.617,1.0,340.401,181.662,1.0,344.286,181.254,1.0,354.367,177.445,1.0,823.105,474.765,1.0,821.902,481.315,1.0,824.9,485.078,1.0,831.739,483.701,1.0,833.645,478.63,1.0
341,617.484,785.057,1.0,624.316,785.858,1.0,637.364,782.48,1.0,641.618,780.893,1.0,649.468,770.221,1.0,438.619,649.608,1.0,427.096,648.563,1.0,421.741,655.672,1.0,423.627,667.104,1.0,431.381,673.976,1.0,736.972,683.715,1.0,729.765,692.272,1.0,721.939,691.977,1.0,714.398,694.083,1.0,721.313,704.395,1.0,329.74,189.548,1.0,338.86,181.772,1.0,340.398,181.662,1.0,344.046,181.627,1.0,354.367,177.445,1.0,823.105,472.934,1.0,822.068,478.308,1.0,824.9,484.668,1.0,827.101,480.923,1.0,831.917,479.097,1.0
342,617.218,785.057,1.0,623.815,785.858,1.0,636.771,782.48,1.0,641.308,781.087,1.0,648.877,770.23,1.0,439.83,645.633,1.0,430.1,646.392,1.0,421.741,655.701,1.0,423.215,666.362,1.0,431.381,673.002,1.0,739.895,687.485,1.0,731.362,692.193,1.0,723.801,692.204,1.0,714.802,694.849,1.0,720.107,704.395,1.0,329.74,189.548,1.0,338.899,181.772,1.0,340.324,181.571,1.0,343.981,181.627,1.0,354.367,177.445,1.0,821.96,472.216,1.0,822.254,477.652,1.0,824.9,484.668,1.0,826.818,480.923,1.0,831.917,479.308,1.0
343,617.228,784.818,1.0,623.294,786.218,1.0,636.43,782.48,1.0,641.279,781.384,1.0,648.362,771.045,1.0,440.742,642.997,1.0,430.374,646.392,1.0,422.851,655.701,1.0,419.792,663.494,1.0,431.381,671.797,1.0,744.653,688.006,1.0,736.833,690.148,1.0,727.104,692.251,1.0,716.37,694.849,1.0,718.291,704.368,1.0,329.913,190.714,1.0,338.899,181.772,1.0,340.398,181.662,1.0,343.846,181.627,1.0,354.367,177.269,1.0,821.628,471.59,1.0,822.254,477.096,1.0,824.9,484.668,1.0,826.457,480.923,1.0,831.917,479.308,1.0
344,617.218,784.818,1.0,623.286,786.218,1.0,636.119,781.964,1.0,641.24,781.577,1.0,648.362,771.566,1.0,440.742,642.008,1.0,430.374,646.392,1.0,423.071,655.672,1.0,419.364,662.117,1.0,428.276,670.797,1.0,746.268,688.006,1.0,739.22,689.836,1.0,728.844,692.592,1.0,719.238,698.191,1.0,717.481,701.711,1.0,333.541,192.088,1.0,338.86,181.294,1.0,340.185,181.662,1.0,343.481,181.319,1.0,354.367,177.245,1.0,821.327,468.304,1.0,822.068,475.693,1.0,825.077,484.668,1.0,826.457,481.868,1.0,836.355,481.0,1.0
345,617.153,785.164,1.0,623.286,786.218,1.0,634.76,781.37,1.0,641.171,781.612,1.0,648.362,771.972,1.0,440.476,639.311,1.0,430.472,648.897,1.0,423.071,655.672,1.0,419.364,661.308,1.0,427.208,670.746,1.0,746.268,688.006,1.0,739.236,689.836,1.0,729.188,692.602,1.0,719.238,698.191,1.0,717.374,701.706,1.0,338.709,192.301,1.0,339.2,181.294,1.0,340.398,182.017,1.0,343.114,180.854,1.0,354.153,175.385,1.0,820.255,467.637,1.0,822.068,475.462,1.0,825.212,483.944,1.0,826.356,481.908,1.0,839.966,490.412,1.0
346,616.804,785.261,1.0,623.294,785.641,1.0,634.194,780.78,1.0,640.94,781.612,1.0,647.809,772.088,1.0,440.274,639.281,1.0,430.444,648.897,1.0,423.071,655.882,1.0,419.489,660.681,1.0,427.086,670.219,1.0,746.493,688.072,1.0,739.236,689.786,1.0,729.196,692.602,1.0,719.238,698.271,1.0,717.481,701.549,1.0,339.468,192.301,1.0,339.2,181.294,1.0,340.903,182.682,1.0,341.849,180.656,1.0,353.606,175.311,1.0,819.808,466.12,1.0,821.889,474.905,1.0,825.081,483.237,1.0,825.936,483.186,1.0,839.966,490.412,1.0
347,616.596,787.584,1.0,623.761,784.235,1.0,634.194,780.702,1.0,639.758,781.577,1.0,647.719,774.891,1.0,440.476,639.281,1.0,430.444,648.897,1.0,423.627,655.269,1.0,419.624,660.587,1.0,426.395,670.157,1.0,746.268,688.072,1.0,739.22,689.724,1.0,729.241,692.602,1.0,718.942,698.271,1.0,717.481,701.376,1.0,339.752,192.417,1.0,339.451,181.558,1.0,340.903,182.985,1.0,341.517,180.249,1.0,353.336,174.662,1.0,817.304,464.403,1.0,821.589,474.159,1.0,825.081,482.121,1.0,825.805,483.682,1.0,839.966,490.412,1.0
348,616.307,787.994,1.0,623.761,784.235,1.0,633.878,780.702,1.0,639.498,781.504,1.0,647.567,774.983,1.0,440.476,639.195,1.0,430.472,648.649,1.0,424.1,655.269,1.0,419.624,660.587,1.0,425.877,670.157,1.0,745.725,688.072,1.0,739.236,689.786,1.0,729.241,692.602,1.0,717.339,699.562,1.0,718.297,701.376,1.0,339.752,192.417,1.0,339.451,181.679,1.0,340.903,182.985,1.0,341.517,180.108,1.0,353.336,172.152,1.0,814.412,464.403,1.0,820.033,472.612,1.0,825.081,482.121,1.0,823.073,493.12,1.0,837.283,490.412,1.0
349,615.987,788.214,1.0,623.761,784.235,1.0,630.891,780.78,1.0,639.32,781.493,1.0,647.489,775.12,1.0,441.059,639.195,1.0,433.003,646.857,1.0,426.84,654.345,1.0,420.223,660.523,1.0,425.813,669.583,1.0,744.58,688.808,1.0,733.315,690.233,1.0,729.188,692.631,1.0,717.339,699.562,1.0,718.511,701.116,1.0,339.587,192.573,1.0,339.461,181.679,1.0,340.903,182.985,1.0,341.464,180.108,1.0,353.206,172.152,1.0,813.695,464.403,1.0,815.579,472.525,1.0,820.569,482.121,1.0,821.568,493.12,1.0,832.047,490.412,1.0
350,613.392,788.73,1.0,620.292,785.231,1.0,630.891,781.21,1.0,635.038,779.345,1.0,645.357,778.284,1.0,442.259,639.095,1.0,434.557,646.031,1.0,428.833,653.195,1.0,421.396,659.221,1.0,425.489,669.167,1.0,743.896,693.075,1.0,733.315,690.737,1.0,729.099,692.592,1.0,717.339,699.852,1.0,718.511,701.116,1.0,339.587,192.573,1.0,339.611,181.679,1.0,340.884,182.99,1.0,341.221,180.249,1.0,353.206,172.462,1.0,813.488,464.403,1.0,815.433,472.525,1.0,820.423,482.121,1.0,821.333,493.12,1.0,831.335,490.664,1.0
351,613.392,788.73,1.0,620.292,785.674,1.0,629.818,782.029,1.0,634.26,779.17,1.0,644.67,778.643,1.0,443.035,639.162,1.0,435.859,645.773,1.0,430.578,652.038,1.0,422.271,658.73,1.0,422.463,665.711,1.0,742.312,701.445,1.0,739.188,691.184,1.0,729.025,692.631,1.0,718.467,699.585,1.0,718.297,701.521,1.0,339.921,192.573,1.0,339.611,181.742,1.0,340.615,183.415,1.0,341.076,180.316,1.0,353.317,172.371,1.0,813.466,464.403,1.0,815.411,472.277,1.0,820.245,482.121,1.0,821.132,493.068,1.0,831.335,491.748,1.0
352,613.022,788.799,1.0,619.97,786.165,1.0,629.78,783.217,1.0,634.234,778.924,1.0,644.567,779.508,1.0,444.356,639.116,1.0,437.022,644.37,1.0,432.272,649.773,1.0,423.231,658.73,1.0,421.071,665.612,1.0,742.312,701.445,1.0,739.188,694.12,1.0,729.025,693.089,1.0,718.835,699.585,1.0,718.297,701.521,1.0,340.562,192.316,1.0,339.611,181.742,1.0,340.425,183.618,1.0,340.286,180.527,1.0,353.344,172.462,1.0,812.757,463.918,1.0,815.411,471.349,1.0,819.787,480.566,1.0,821.232,491.37,1.0,831.177,491.748,1.0
353,612.823,788.73,1.0,619.767,786.562,1.0,629.699,783.217,1.0,634.123,779.17,1.0,644.156,779.508,1.0,444.687,639.116,1.0,437.371,644.311,1.0,432.368,649.525,1.0,423.411,658.73,1.0,421.023,665.337,1.0,742.312,701.445,1.0,739.188,694.12,1.0,729.025,693.089,1.0,719.399,699.201,1.0,718.02,701.492,1.0,340.671,192.316,1.0,339.267,181.865,1.0,340.244,183.623,1.0,340.258,180.527,1.0,353.317,172.635,1.0,811.048,461.596,1.0,815.433,465.085,1.0,818.005,475.642,1.0,821.052,484.872,1.0,831.177,491.671,1.0
354,612.766,788.73,1.0,619.633,786.601,1.0,628.483,783.341,1.0,634.123,779.345,1.0,643.233,779.65,1.0,444.853,638.935,1.0,437.505,643.563,1.0,432.368,649.525,1.0,423.546,657.946,1.0,421.023,665.195,1.0,744.904,700.718,1.0,739.188,694.12,1.0,729.025,693.089,1.0,718.835,699.201,1.0,717.892,702.123,1.0,340.704,192.316,1.0,339.267,181.935,1.0,340.244,183.623,1.0,340.187,180.527,1.0,353.317,172.826,1.0,808.909,459.637,1.0,815.433,462.17,1.0,816.15,472.942,1.0,821.049,480.739,1.0,831.177,491.348,1.0
355,607.608,788.799,1.0,617.326,787.225,1.0,625.469,783.757,1.0,633.733,779.496,1.0,642.321,779.65,1.0,444.853,638.803,1.0,437.793,642.598,1.0,433.204,649.464,1.0,424.548,657.345,1.0,421.023,665.058,1.0,744.904,695.398,1.0,735.821,693.147,1.0,728.818,693.126,1.0,718.835,698.586,1.0,716.32,702.612,1.0,340.717,192.497,1.0,338.906,182.05,1.0,340.114,183.946,1.0,339.756,180.358,1.0,353.314,173.247,1.0,808.909,459.532,1.0,815.12,461.744,1.0,816.15,472.776,1.0,821.052,478.598,1.0,831.053,491.348,1.0
356,602.849,794.001,1.0,608.272,788.881,1.0,621.121,783.757,1.0,633.399,783.122,1.0,641.594,779.65,1.0,445.397,637.878,1.0,438.469,641.549,1.0,433.281,648.995,1.0,425.646,655.402,1.0,421.96,665.006,1.0,744.904,685.912,1.0,734.383,692.202,1.0,727.634,693.433,1.0,716.604,695.716,1.0,715.593,702.676,1.0,340.717,192.87,0.9990000128746033,338.906,182.05,1.0,340.063,184.06,1.0,339.756,180.358,1.0,352.848,173.247,1.0,808.898,459.234,1.0,815.12,461.605,1.0,816.065,472.143,1.0,821.052,478.58,1.0,830.868,489.649,1.0
357,602.731,794.073,1.0,608.147,789.565,1.0,620.323,784.081,1.0,632.2,783.77,1.0,636.412,782.309,1.0,448.03,627.455,1.0,438.562,631.806,1.0,435.798,644.328,1.0,426.479,652.41,1.0,423.81,664.665,1.0,737.556,684.819,1.0,733.892,691.783,1.0,727.634,693.433,1.0,716.604,694.76,1.0,715.593,702.676,1.0,340.717,192.892,1.0,338.906,182.016,1.0,340.063,184.06,1.0,339.756,180.358,1.0,352.771,173.536,1.0,808.58,455.473,1.0,813.604,460.559,1.0,815.551,471.331,1.0,820.734,478.578,1.0,829.662,488.489,1.0
358,602.086,794.203,1.0,607.05,790.467,1.0,619.576,784.85,1.0,630.961,783.805,1.0,636.394,783.757,1.0,448.529,627.362,1.0,439.198,631.797,1.0,436.012,644.26,1.0,426.784,651.877,1.0,424.844,663.639,1.0,735.495,682.779,1.0,733.147,691.71,1.0,727.634,693.433,1.0,716.604,694.3,1.0,715.593,702.676,1.0,340.551,193.066,1.0,339.499,182.016,1.0,340.063,184.348,1.0,340.547,181.414,1.0,352.305,173.536,1.0,804.746,450.947,1.0,811.773,458.876,1.0,815.498,467.15,1.0,819.174,474.706,1.0,827.269,485.589,1.0
359,601.992,794.747,1.0,606.884,791.071,1.0,619.485,785.394,1.0,629.627,783.805,1.0,636.365,784.006,1.0,448.633,626.504,1.0,439.198,631.797,1.0,436.487,643.231,1.0,427.012,651.687,1.0,425.982,661.559,1.0,735.495,677.874,1.0,733.147,682.587,1.0,730.079,692.761,1.0,716.724,694.3,1.0,716.824,701.905,1.0,340.396,193.264,1.0,339.499,181.969,1.0,339.953,184.348,1.0,340.756,181.414,1.0,352.305,172.928,1.0,804.402,450.67,1.0,811.575,458.854,1.0,815.498,466.967,1.0,818.579,474.659,1.0,826.419,485.275,1.0
360,601.817,794.876,1.0,606.881,791.332,1.0,618.619,785.467,1.0,628.352,784.172,1.0,635.349,784.006,1.0,448.529,626.504,1.0,439.198,631.797,1.0,437.057,642.858,1.0,428.229,651.67,1.0,426.094,660.207,1.0,735.495,677.094,1.0,733.147,682.054,1.0,730.079,691.732,1.0,717.013,694.3,1.0,717.183,701.905,1.0,340.272,193.468,1.0,339.682,181.663,1.0,339.939,184.348,1.0,340.789,181.508,1.0,352.174,172.195,1.0,804.237,450.67,1.0,811.366,458.78,1.0,815.403,466.258,1.0,818.246,473.948,1.0,826.312,485.043,1.0
361,601.21,796.165,1.0,606.413,791.891,1.0,614.916,786.606,1.0,624.552,784.172,1.0,634.845,784.006,1.0,448.529,626.26,1.0,439.294,631.565,1.0,437.207,642.82,1.0,428.338,651.503,1.0,426.914,659.865,1.0,735.495,674.914,1.0,733.888,681.557,1.0,730.079,691.654,1.0,718.932,699.07,1.0,717.621,701.802,1.0,339.91,193.066,1.0,339.728,181.258,1.0,339.953,183.792,1.0,341.673,181.508,1.0,352.305,172.308,1.0,804.237,450.947,1.0,810.646,458.15,1.0,814.873,465.777,1.0,818.235,474.659,1.0,826.104,484.775,1.0
362,597.919,801.563,1.0,606.002,791.891,1.0,613.867,788.293,1.0,621.514,788.529,1.0,633.412,782.197,1.0,448.161,625.884,1.0,439.303,631.565,1.0,437.532,642.77,1.0,428.535,651.363,1.0,427.136,659.605,1.0,735.495,673.093,1.0,733.888,679.782,1.0,730.871,690.591,1.0,718.932,700.212,1.0,717.621,701.905,1.0,339.91,193.066,1.0,339.753,181.258,1.0,339.953,183.564,1.0,341.673,181.31,1.0,352.156,172.308,1.0,802.634,454.737,1.0,810.111,456.926,1.0,811.689,465.632,1.0,816.245,472.905,1.0,819.529,481.339,1.0
363,597.776,801.582,1.0,604.968,791.891,1.0,613.608,789.11,1.0,620.745,788.529,1.0,631.962,782.197,1.0,448.161,626.504,1.0,439.303,631.565,1.0,437.778,642.48,1.0,429.27,650.464,1.0,427.382,659.035,1.0,735.96,672.536,1.0,733.888,679.672,1.0,730.876,690.016,1.0,718.932,700.212,1.0,717.621,701.493,1.0,339.91,192.944,1.0,340.062,181.258,1.0,340.566,183.262,1.0,341.673,180.654,1.0,351.851,171.579,1.0,795.278,460.621,1.0,803.143,455.543,1.0,808.641,465.081,1.0,815.805,472.905,1.0,818.859,479.912,1.0
364,597.374,801.582,1.0,604.575,791.891,1.0,613.479,789.772,1.0,620.041,788.703,1.0,630.681,782.197,1.0,448.161,624.559,1.0,439.599,631.524,1.0,438.469,642.461,1.0,430.082,650.42,1.0,428.497,656.665,1.0,735.96,672.536,1.0,733.643,679.533,1.0,730.876,689.603,1.0,719.116,699.07,1.0,715.834,701.493,1.0,341.175,192.03,0.9990000128746033,340.062,182.573,1.0,340.666,183.262,1.0,339.404,,1.0,,174.753,1.0,794.715,460.621,1.0,801.996,454.782,1.0,808.443,465.081,1.0,815.65,474.766,1.0,818.342,479.652,1.0
365,597.219,801.582,1.0,604.446,791.935,1.0,613.182,790.013,1.0,619.265,788.781,1.0,630.681,782.912,1.0,449.342,624.559,1.0,447.019,631.482,1.0,439.81,641.59,1.0,430.539,647.805,1.0,430.656,653.889,1.0,735.768,672.536,1.0,733.643,679.533,1.0,731.014,689.651,1.0,719.116,699.07,1.0,715.834,701.4,1.0,341.175,192.03,1.0,340.062,182.573,1.0,340.666,183.262,1.0,340.906,180.654,0.0,352.516,174.753,0.0,793.862,460.621,1.0,801.953,454.741,1.0,807.637,464.445,1.0,815.647,474.766,1.0,818.036,479.04,1.0
366,597.02,801.582,1.0,604.316,792.384,1.0,612.363,791.455,1.0,617.918,788.948,1.0,628.424,784.376,1.0,452.138,624.749,1.0,449.611,630.983,1.0,439.923,641.496,1.0,432.198,647.42,1.0,431.254,653.872,1.0,735.96,673.216,1.0,733.643,679.652,1.0,731.121,689.651,1.0,718.188,698.028,1.0,715.834,701.324,1.0,341.175,192.019,1.0,339.869,182.573,1.0,340.666,182.854,1.0,340.906,181.306,1.0,353.576,174.753,1.0,793.699,461.427,1.0,801.301,454.233,1.0,807.637,463.266,1.0,815.159,472.389,1.0,817.533,478.341,1.0
367,588.55,801.599,1.0,596.014,797.56,1.0,608.038,792.839,1.0,616.233,789.728,1.0,624.961,785.596,1.0,452.664,624.779,1.0,450.886,630.104,1.0,440.093,641.432,1.0,432.501,647.262,1.0,431.307,653.745,1.0,735.988,673.216,1.0,734.289,679.295,1.0,731.121,689.651,1.0,720.552,697.243,1.0,716.666,701.262,1.0,340.92,192.795,1.0,340.572,,1.0,341.055,,1.0,341.39,181.428,1.0,,172.46,1.0,792.957,460.621,1.0,801.301,454.741,1.0,807.264,463.266,1.0,812.392,472.389,1.0,816.923,478.209,1.0
368,587.386,801.599,1.0,594.298,797.56,1.0,607.394,794.745,1.0,613.712,789.728,1.0,623.05,786.086,1.0,452.664,624.779,1.0,450.886,630.104,1.0,440.093,641.155,1.0,432.642,646.686,1.0,431.309,653.745,1.0,737.539,673.216,1.0,734.799,679.152,1.0,731.121,689.651,1.0,720.552,696.904,1.0,717.683,700.781,1.0,,193.787,,340.373,182.613,,340.719,183.557,,341.39,181.384,,353.272,172.704,,791.055,460.498,1.0,801.301,454.782,1.0,806.489,462.475,1.0,809.447,469.589,1.0,816.923,477.454,1.0
369,586.825,801.599,1.0,594.263,797.56,1.0,607.126,795.48,1.0,612.817,789.728,1.0,620.897,786.601,1.0,452.664,624.779,1.0,450.886,630.104,1.0,440.093,641.095,1.0,433.196,646.426,1.0,431.307,653.745,1.0,745.301,670.589,1.0,735.037,676.947,1.0,730.406,691.224,1.0,722.805,695.837,1.0,718.002,700.501,1.0,340.302,193.787,1.0,340.572,182.613,1.0,341.607,183.713,1.0,342.508,181.436,1.0,353.272,172.723,1.0,790.323,451.237,1.0,801.415,455.407,1.0,805.728,460.453,1.0,809.277,468.187,1.0,816.923,476.838,1.0
370,586.825,801.599,1.0,594.111,797.003,1.0,607.04,795.616,1.0,612.182,789.072,1.0,619.749,786.601,1.0,451.402,624.749,1.0,449.471,630.541,1.0,440.144,640.59,1.0,433.377,646.209,1.0,431.307,653.538,1.0,745.591,670.064,1.0,735.037,676.947,1.0,730.406,691.224,1.0,723.265,695.172,1.0,718.855,700.231,1.0,339.577,193.787,1.0,340.373,182.516,1.0,340.889,183.557,1.0,342.508,181.428,1.0,352.517,172.704,1.0,790.036,451.115,1.0,801.415,455.407,1.0,805.691,460.412,1.0,808.759,466.882,1.0,816.923,476.633,1.0
371,586.825,801.694,1.0,594.099,797.003,1.0,606.548,795.693,1.0,611.86,789.072,1.0,619.358,786.601,1.0,444.894,624.047,1.0,447.314,630.541,1.0,440.3,640.286,1.0,433.823,645.01,1.0,431.307,653.503,1.0,745.671,667.885,1.0,735.037,676.947,1.0,730.406,691.224,1.0,723.396,695.15,1.0,719.011,700.231,1.0,339.259,193.787,1.0,340.333,182.185,1.0,340.719,183.453,1.0,342.508,181.428,1.0,352.127,171.829,1.0,790.036,450.903,1.0,801.415,455.759,1.0,805.018,460.412,1.0,807.644,466.882,1.0,815.14,475.888,1.0
372,586.28,801.694,1.0,593.69,797.003,1.0,604.403,796.314,1.0,610.317,789.072,1.0,618.675,786.601,1.0,444.894,622.308,1.0,445.685,630.541,1.0,440.707,639.067,1.0,435.444,643.846,1.0,431.25,653.358,1.0,745.706,667.885,1.0,735.037,676.408,1.0,730.476,691.224,1.0,723.687,695.15,1.0,719.489,700.231,1.0,339.259,193.787,1.0,340.237,182.185,1.0,339.991,183.557,1.0,342.508,181.398,1.0,352.012,171.514,1.0,790.323,450.478,1.0,801.127,455.759,1.0,805.018,460.412,1.0,807.342,467.042,1.0,815.119,475.425,1.0
373,585.941,803.973,1.0,593.69,797.038,1.0,600.755,797.106,1.0,607.86,790.855,1.0,618.653,786.601,1.0,444.894,616.548,1.0,445.675,626.511,1.0,442.214,635.595,1.0,438.11,640.37,1.0,430.997,651.99,1.0,746.088,667.808,1.0,735.037,673.561,1.0,730.884,691.224,1.0,723.769,694.968,1.0,719.704,700.231,1.0,339.577,193.587,1.0,340.175,182.185,1.0,339.991,183.713,1.0,341.897,181.398,1.0,352.01,171.514,1.0,792.217,447.232,1.0,800.823,455.882,1.0,805.018,462.279,1.0,807.342,467.042,1.0,815.093,475.425,1.0
374,585.941,804.319,1.0,593.69,797.329,1.0,600.085,797.111,1.0,606.32,792.059,1.0,618.489,786.976,1.0,447.044,614.4,1.0,445.657,620.626,1.0,442.428,632.044,1.0,441.684,640.37,1.0,430.212,651.898,1.0,746.088,667.808,1.0,734.805,673.957,1.0,730.884,691.233,1.0,723.769,694.89,1.0,719.716,700.144,1.0,340.142,193.281,1.0,339.799,182.681,1.0,339.991,184.096,1.0,341.481,181.343,1.0,351.964,171.514,1.0,794.703,447.232,1.0,799.451,455.882,1.0,808.892,462.848,1.0,807.342,469.195,1.0,814.571,475.22,1.0
375,585.941,810.607,1.0,595.591,797.617,1.0,599.552,797.245,1.0,605.974,792.059,1.0,617.894,788.396,1.0,447.847,613.525,1.0,445.489,620.521,1.0,442.428,631.763,1.0,441.829,640.269,1.0,430.025,651.669,1.0,745.706,667.988,1.0,735.136,673.957,1.0,730.476,691.233,1.0,723.769,694.89,1.0,719.825,700.144,1.0,340.142,193.281,0.9980000257492065,339.799,182.962,1.0,340.198,184.44,1.0,341.727,,0.0,351.964,171.477,1.0,803.856,447.232,1.0,799.451,455.882,1.0,808.892,463.162,1.0,808.532,469.195,1.0,814.24,475.146,1.0
376,586.172,810.607,1.0,595.644,797.617,1.0,599.163,797.501,1.0,605.813,792.059,1.0,617.341,788.525,1.0,447.847,613.061,1.0,445.132,620.035,1.0,442.214,631.227,1.0,442.255,640.269,1.0,430.025,651.31,1.0,744.562,669.669,1.0,735.703,673.957,1.0,729.875,691.233,1.0,723.42,694.89,1.0,720.007,699.362,1.0,340.142,193.281,1.0,339.799,183.127,1.0,340.767,184.44,1.0,342.879,181.5,1.0,352.012,172.399,1.0,804.368,452.692,1.0,799.451,453.322,1.0,808.892,463.201,1.0,808.794,470.347,1.0,813.431,474.439,1.0
377,585.941,810.678,1.0,595.644,797.617,1.0,599.104,797.558,1.0,603.726,790.192,1.0,616.899,788.568,1.0,447.847,612.579,1.0,445.489,619.19,1.0,441.868,630.714,1.0,442.255,640.209,1.0,430.212,650.587,1.0,741.462,674.098,1.0,735.703,679.205,1.0,729.875,687.667,1.0,722.213,694.89,1.0,720.007,699.362,1.0,339.598,192.74,1.0,339.882,183.127,1.0,340.767,184.096,1.0,342.837,181.5,1.0,351.514,172.455,1.0,804.368,458.218,1.0,803.87,452.667,1.0,807.868,463.223,1.0,810.113,470.347,1.0,813.431,474.044,1.0
378,585.809,810.678,1.0,595.591,798.403,1.0,598.917,798.028,1.0,603.164,790.192,1.0,615.843,792.275,1.0,447.736,612.322,1.0,445.657,618.672,1.0,440.519,629.653,1.0,442.255,639.413,1.0,430.301,648.093,1.0,741.462,677.354,1.0,736.359,679.904,1.0,724.544,685.352,1.0,721.696,694.968,1.0,720.007,699.362,1.0,339.598,193.501,1.0,339.882,183.161,1.0,340.533,184.457,1.0,341.727,181.415,1.0,352.285,172.455,1.0,804.478,458.433,1.0,803.989,452.596,1.0,807.868,463.223,1.0,810.483,470.347,1.0,813.431,474.044,1.0
379,585.058,810.678,1.0,593.105,801.235,1.0,596.117,798.028,1.0,601.635,790.192,1.0,613.634,792.275,1.0,447.679,609.163,1.0,446.294,618.403,1.0,440.519,627.121,1.0,440.926,633.441,1.0,431.612,644.921,1.0,741.462,678.803,1.0,736.4,679.904,1.0,724.089,685.027,1.0,721.362,696.075,1.0,719.509,699.578,1.0,338.048,193.501,1.0,339.882,183.161,1.0,340.533,184.421,1.0,342.548,181.5,1.0,352.285,172.399,1.0,804.368,460.025,1.0,803.989,452.433,1.0,807.817,463.7,1.0,810.724,470.443,1.0,813.694,474.044,1.0
380,584.493,815.248,1.0,592.341,803.843,1.0,595.818,798.028,1.0,601.216,790.693,1.0,612.169,792.275,1.0,447.679,608.296,1.0,446.324,617.14,1.0,440.519,624.875,1.0,440.926,633.441,1.0,432.911,641.049,1.0,744.866,681.283,1.0,736.4,680.856,1.0,723.709,684.844,1.0,721.081,696.265,1.0,719.272,699.688,1.0,330.417,190.557,1.0,339.357,183.198,1.0,340.419,184.24,1.0,342.837,181.848,1.0,351.567,172.399,1.0,803.669,460.025,1.0,803.989,452.426,1.0,807.684,463.7,1.0,810.802,470.919,1.0,813.928,474.159,1.0
381,583.459,816.069,1.0,589.948,807.526,1.0,590.647,795.829,1.0,601.2,792.87,1.0,611.111,792.625,1.0,447.449,608.296,1.0,447.519,617.014,1.0,442.359,624.802,1.0,440.926,633.172,1.0,434.193,640.65,1.0,745.791,681.283,1.0,736.906,680.856,1.0,724.089,684.694,1.0,720.523,697.21,1.0,719.272,699.85,1.0,329.529,190.557,1.0,339.335,183.935,1.0,340.419,184.304,1.0,342.837,181.869,1.0,351.567,171.994,1.0,801.629,460.025,1.0,803.989,452.426,1.0,807.451,463.223,1.0,811.069,470.987,1.0,814.973,474.728,1.0
382,583.364,816.456,1.0,589.713,807.677,1.0,590.647,795.829,1.0,601.2,793.063,1.0,610.375,791.708,1.0,447.449,608.41,1.0,447.842,617.014,1.0,443.22,624.71,1.0,441.523,632.173,1.0,434.652,640.25,1.0,746.716,678.803,1.0,737.781,679.245,1.0,724.089,684.485,1.0,720.426,697.252,1.0,719.254,699.85,1.0,329.409,190.557,1.0,339.335,184.288,1.0,340.533,184.421,1.0,343.331,182.274,1.0,351.973,171.994,1.0,801.03,448.827,1.0,803.989,452.426,1.0,807.451,463.07,1.0,810.802,473.088,1.0,814.973,476.231,1.0
383,583.177,816.658,1.0,589.161,808.025,1.0,590.647,795.829,1.0,601.182,793.142,1.0,608.846,791.708,1.0,447.251,608.296,1.0,448.596,616.988,1.0,443.736,624.362,1.0,441.523,632.173,1.0,435.512,637.607,1.0,746.716,682.132,1.0,737.781,679.245,1.0,724.089,684.485,1.0,720.215,697.268,1.0,719.165,699.954,1.0,329.354,190.494,1.0,339.196,184.288,1.0,340.529,184.304,1.0,343.463,182.31,1.0,351.973,171.994,1.0,801.03,448.601,1.0,804.303,452.442,1.0,807.04,462.313,1.0,810.802,474.91,1.0,814.98,476.785,1.0
384,582.952,816.658,1.0,588.896,808.129,1.0,590.62,797.268,1.0,599.857,794.19,1.0,606.214,791.963,1.0,447.217,608.08,1.0,448.906,616.472,1.0,444.964,622.553,1.0,441.523,630.266,1.0,435.874,635.975,1.0,745.791,682.132,1.0,736.906,680.931,1.0,724.293,684.694,1.0,719.933,698.616,1.0,718.244,700.491,1.0,329.354,190.494,1.0,338.979,184.288,1.0,340.529,184.304,1.0,343.463,182.31,1.0,352.256,174.016,1.0,801.03,443.419,1.0,805.402,452.508,1.0,807.04,462.313,1.0,809.859,474.91,1.0,815.237,477.763,1.0
385,582.481,817.215,1.0,586.753,808.675,1.0,590.434,802.019,1.0,597.887,798.791,1.0,606.031,794.223,1.0,447.207,600.765,1.0,448.906,604.65,1.0,445.898,617.034,1.0,441.201,625.666,1.0,436.226,634.931,1.0,745.721,682.616,1.0,736.264,680.931,1.0,724.78,684.739,1.0,719.727,697.268,1.0,717.571,700.491,1.0,329.354,190.712,1.0,338.946,183.921,1.0,340.529,184.304,1.0,343.463,182.274,1.0,352.256,176.273,1.0,801.12,443.419,1.0,805.577,452.798,1.0,806.461,462.313,1.0,809.859,474.91,1.0,815.237,477.763,1.0
386,577.695,818.519,1.0,579.848,815.762,1.0,588.329,803.948,1.0,594.885,801.42,1.0,604.034,794.314,1.0,447.022,598.715,1.0,448.954,603.866,1.0,446.053,616.708,1.0,441.201,623.975,1.0,442.092,634.003,1.0,739.974,682.811,1.0,732.755,683.031,1.0,724.293,691.416,1.0,718.717,697.252,1.0,715.73,701.836,1.0,329.887,190.833,1.0,338.946,183.879,1.0,340.041,184.477,1.0,343.128,182.075,1.0,352.256,176.273,1.0,801.131,443.419,1.0,805.577,452.798,1.0,808.317,463.625,1.0,809.859,472.564,1.0,815.442,477.763,1.0
387,577.259,818.519,1.0,579.822,815.762,1.0,587.947,803.983,1.0,594.705,801.42,1.0,602.686,794.399,1.0,447.207,598.277,1.0,448.876,603.772,1.0,446.053,616.071,1.0,441.201,623.182,1.0,443.124,633.897,1.0,739.222,687.958,1.0,732.203,689.92,1.0,723.372,692.316,1.0,718.44,696.272,1.0,713.88,703.459,1.0,329.903,190.833,1.0,338.364,183.223,1.0,340.041,184.301,1.0,342.285,182.075,1.0,352.163,174.016,1.0,801.329,445.102,1.0,806.418,454.003,1.0,808.317,464.998,1.0,810.106,472.564,1.0,817.972,477.291,1.0
388,577.228,818.519,1.0,579.751,815.863,1.0,587.691,804.311,1.0,594.648,801.42,1.0,602.232,794.401,1.0,447.217,597.566,1.0,448.954,603.659,1.0,445.898,615.979,1.0,441.948,622.266,1.0,443.891,633.639,1.0,737.545,688.838,1.0,732.2,691.08,1.0,723.727,692.316,1.0,717.507,693.764,1.0,713.88,703.459,1.0,329.903,191.066,1.0,338.323,183.223,1.0,339.987,184.301,1.0,342.069,182.075,1.0,351.803,173.596,1.0,807.266,452.68,1.0,809.413,458.728,1.0,808.317,469.691,1.0,816.685,472.564,1.0,825.5,476.94,1.0
389,572.283,817.589,1.0,579.127,815.863,1.0,587.117,804.775,1.0,593.355,801.198,1.0,601.889,794.522,1.0,449.016,597.413,1.0,448.876,602.633,1.0,445.529,614.541,1.0,442.009,622.119,1.0,443.846,632.457,1.0,732.89,698.781,1.0,731.585,692.965,1.0,723.727,692.316,1.0,716.019,693.583,1.0,713.88,703.459,1.0,329.903,191.066,1.0,338.196,183.223,1.0,339.987,178.161,1.0,342.127,182.086,1.0,351.803,173.269,1.0,811.013,460.649,1.0,810.446,464.588,1.0,807.03,469.977,1.0,816.685,473.535,1.0,826.064,476.105,1.0
390,572.023,817.589,1.0,579.031,816.115,1.0,586.926,804.917,1.0,593.064,801.198,1.0,601.075,795.29,1.0,456.682,595.875,1.0,448.954,596.688,1.0,445.529,611.158,1.0,442.023,619.809,1.0,443.846,631.9,1.0,732.89,701.845,1.0,731.585,694.882,1.0,723.727,690.654,1.0,716.902,693.583,1.0,715.058,703.122,1.0,329.903,191.639,1.0,337.65,183.504,1.0,339.987,178.161,1.0,342.127,182.277,1.0,351.803,173.235,1.0,820.672,463.613,1.0,814.01,465.163,1.0,807.329,469.977,1.0,816.685,473.535,1.0,827.298,475.493,1.0
391,571.352,817.589,1.0,578.947,816.227,1.0,586.72,806.095,1.0,589.382,801.198,1.0,600.32,796.331,1.0,456.682,594.364,1.0,448.986,596.43,1.0,445.529,610.722,1.0,442.092,619.564,1.0,443.846,631.745,1.0,732.122,701.845,1.0,731.424,694.882,1.0,724.787,689.52,1.0,716.902,693.583,1.0,715.61,703.122,1.0,329.512,191.476,1.0,336.648,184.689,1.0,339.987,178.161,1.0,342.285,182.883,1.0,351.803,173.235,1.0,823.407,463.613,1.0,815.535,465.163,1.0,807.329,469.977,1.0,816.68,473.535,1.0,827.604,475.0,1.0
392,568.761,820.73,1.0,574.423,817.06,1.0,583.19,810.896,1.0,587.184,803.748,1.0,599.72,800.188,1.0,456.71,594.256,1.0,449.124,596.019,1.0,446.215,610.596,1.0,442.092,619.564,1.0,443.891,631.624,1.0,732.122,701.845,1.0,731.424,694.882,1.0,725.51,689.09,1.0,716.902,693.593,1.0,717.012,703.122,1.0,328.943,191.476,1.0,336.648,184.693,1.0,339.987,178.802,1.0,342.593,183.007,1.0,351.888,172.527,1.0,825.698,463.613,1.0,816.568,464.588,1.0,807.329,468.986,1.0,816.526,472.619,1.0,828.064,474.455,1.0
393,568.608,821.165,1.0,574.312,817.223,1.0,582.039,811.573,1.0,586.175,804.434,1.0,597.912,800.467,1.0,456.682,593.854,1.0,448.986,596.019,1.0,446.215,610.722,1.0,442.023,619.573,1.0,443.846,631.551,1.0,732.607,700.784,1.0,731.424,694.802,1.0,725.797,689.09,1.0,720.978,697.528,1.0,718.447,703.273,1.0,328.596,191.476,1.0,336.359,185.709,1.0,339.829,180.351,1.0,342.689,183.138,1.0,352.04,172.527,1.0,826.811,462.613,1.0,818.374,459.918,1.0,807.952,466.304,1.0,814.108,468.306,1.0,828.838,474.455,1.0
394,568.608,822.47,1.0,573.665,817.478,1.0,581.672,811.602,1.0,585.605,804.577,1.0,596.845,800.616,1.0,455.618,594.256,1.0,448.986,596.019,1.0,446.224,610.722,1.0,442.092,619.573,1.0,443.844,631.584,1.0,733.252,699.266,1.0,731.628,694.572,1.0,726.945,689.09,1.0,720.978,697.528,1.0,719.8,703.861,1.0,327.873,190.801,1.0,336.522,185.709,1.0,339.868,180.351,1.0,342.689,183.138,1.0,352.255,172.527,1.0,827.077,462.114,1.0,819.299,459.48,1.0,808.946,466.225,1.0,813.836,468.184,1.0,828.838,474.455,1.0
395,568.496,824.185,1.0,573.665,817.763,1.0,581.623,812.272,1.0,585.249,804.593,1.0,596.296,800.969,1.0,452.759,594.256,1.0,447.521,596.616,1.0,446.256,612.654,1.0,442.202,620.793,1.0,443.685,631.417,1.0,733.252,699.266,1.0,731.659,694.572,1.0,727.467,690.411,1.0,720.978,697.528,1.0,720.281,704.189,1.0,327.873,190.801,1.0,336.522,185.709,1.0,339.868,180.351,1.0,342.6,183.138,1.0,352.264,172.184,1.0,828.145,461.35,1.0,820.074,458.871,1.0,810.04,466.105,1.0,813.227,467.863,1.0,828.838,475.105,1.0
396,568.495,824.603,1.0,573.665,818.416,1.0,581.471,812.528,1.0,584.549,805.406,1.0,596.187,800.616,1.0,449.206,596.13,1.0,447.289,597.922,1.0,446.579,612.666,1.0,442.206,621.264,1.0,443.78,631.417,1.0,736.147,699.753,1.0,732.572,694.802,1.0,727.708,691.332,1.0,717.794,693.639,1.0,720.281,704.189,1.0,328.596,190.801,1.0,336.685,184.485,1.0,340.23,178.709,1.0,342.6,182.645,1.0,352.264,173.61,1.0,829.555,457.458,1.0,821.328,459.459,1.0,811.613,466.105,1.0,813.227,468.184,1.0,828.72,475.614,1.0
397,568.418,824.902,1.0,573.665,818.721,1.0,581.226,813.136,1.0,584.549,805.611,1.0,596.076,800.969,1.0,441.708,596.13,1.0,447.173,603.003,1.0,446.503,612.666,1.0,442.206,621.264,1.0,443.78,631.417,1.0,736.884,700.784,1.0,732.576,695.547,1.0,728.114,693.53,1.0,716.998,693.061,1.0,720.281,704.189,1.0,329.727,192.153,0.9990000128746033,336.522,184.485,1.0,339.868,176.324,1.0,340.846,182.64,1.0,352.264,173.61,1.0,829.555,457.347,1.0,822.385,458.767,1.0,811.614,466.011,1.0,813.227,467.863,1.0,827.822,475.876,1.0
398,568.418,825.793,1.0,574.652,819.618,1.0,580.675,813.99,1.0,584.549,805.883,1.0,593.171,801.216,1.0,441.561,596.13,1.0,447.173,603.003,1.0,446.503,612.666,1.0,442.206,621.264,1.0,443.78,631.417,1.0,737.324,700.882,1.0,732.576,696.574,1.0,729.333,693.53,1.0,716.76,693.061,1.0,719.985,703.76,1.0,329.727,192.722,0.996999979019165,336.522,184.485,1.0,339.868,176.324,1.0,340.846,182.64,1.0,351.845,172.661,1.0,829.555,457.219,1.0,822.403,458.559,1.0,812.037,466.105,1.0,813.704,467.863,1.0,827.822,476.228,1.0
399,568.418,832.479,1.0,574.652,823.877,1.0,574.009,813.99,1.0,584.572,806.637,1.0,592.246,801.301,1.0,441.148,596.036,1.0,447.173,603.003,1.0,446.503,612.292,1.0,442.161,621.094,1.0,444.385,630.94,1.0,740.563,702.47,1.0,734.232,697.439,1.0,729.333,694.596,1.0,716.76,693.639,1.0,719.523,702.486,1.0,330.006,193.026,1.0,335.361,184.783,1.0,339.698,176.324,1.0,340.321,182.45,1.0,351.845,172.661,1.0,828.53,457.219,1.0,822.385,458.559,1.0,812.037,466.308,1.0,814.519,468.186,1.0,828.118,475.876,1.0
400,571.953,832.505,1.0,574.273,823.877,1.0,574.009,813.99,1.0,584.69,806.679,1.0,592.206,801.861,1.0,441.074,594.482,1.0,446.594,600.648,1.0,444.359,609.391,1.0,440.533,617.817,1.0,446.008,628.218,1.0,743.048,704.983,1.0,736.405,697.655,1.0,729.333,696.558,1.0,716.998,698.425,1.0,717.803,701.295,1.0,330.006,193.026,1.0,335.361,186.505,1.0,339.698,177.642,1.0,340.321,182.645,1.0,351.845,172.794,1.0,827.439,457.458,1.0,821.328,458.494,1.0,812.09,466.587,1.0,816.296,471.361,1.0,828.118,476.228,1.0
401,572.154,832.505,1.0,574.273,823.877,1.0,574.009,813.99,1.0,584.727,806.884,1.0,592.185,801.914,1.0,441.074,586.898,1.0,446.476,600.646,1.0,444.312,608.874,1.0,440.533,616.691,1.0,446.008,627.309,1.0,743.048,704.983,1.0,736.427,697.655,1.0,725.892,699.371,1.0,718.652,699.504,1.0,714.938,698.796,1.0,329.727,193.176,1.0,335.034,186.664,1.0,339.311,177.73,1.0,340.846,182.822,1.0,351.827,172.661,1.0,825.793,460.282,1.0,818.516,458.319,1.0,812.09,470.112,1.0,818.304,471.361,1.0,827.755,476.522,1.0
402,572.154,832.505,1.0,574.457,823.877,1.0,574.197,813.99,1.0,584.69,806.884,1.0,592.185,801.993,1.0,441.074,586.886,1.0,446.374,600.641,1.0,444.138,608.791,1.0,440.527,616.643,1.0,446.008,626.906,1.0,743.301,704.993,1.0,736.501,697.94,1.0,725.892,699.38,1.0,718.85,699.901,1.0,714.938,697.944,1.0,329.055,193.106,0.9990000128746033,335.017,187.037,1.0,338.963,178.907,1.0,341.19,183.233,1.0,350.57,172.593,1.0,823.918,463.426,1.0,816.592,458.319,1.0,812.036,470.801,1.0,818.68,471.98,1.0,826.13,477.572,1.0
403,572.154,832.505,1.0,574.457,823.877,1.0,574.197,814.247,1.0,584.69,807.163,1.0,591.365,802.204,1.0,441.074,586.886,1.0,446.099,600.641,1.0,444.312,608.612,1.0,440.533,616.643,1.0,445.439,626.558,1.0,743.464,705.234,1.0,736.427,698.156,1.0,725.892,699.893,1.0,719.046,699.901,1.0,714.938,697.668,1.0,328.827,193.026,1.0,335.034,187.232,1.0,338.963,179.557,1.0,341.19,183.242,1.0,352.555,172.593,1.0,822.457,463.426,1.0,814.951,458.494,1.0,811.912,472.569,1.0,818.809,473.268,1.0,826.13,477.83,1.0
404,572.113,832.505,1.0,574.663,824.412,1.0,574.276,815.373,1.0,584.604,807.626,1.0,590.486,803.74,1.0,441.074,586.886,1.0,445.917,600.635,1.0,444.359,608.612,1.0,440.59,616.691,1.0,445.121,626.495,1.0,744.122,705.234,1.0,736.567,699.743,1.0,726.996,700.976,1.0,720.371,699.901,1.0,715.459,697.566,1.0,328.827,192.989,1.0,335.034,187.232,1.0,338.963,179.557,1.0,341.19,183.242,1.0,352.555,172.593,1.0,821.842,463.426,1.0,813.79,458.494,1.0,811.912,472.569,1.0,818.81,473.562,1.0,826.13,478.08,1.0
405,572.113,832.693,1.0,574.663,825.843,1.0,574.654,817.722,1.0,582.796,812.402,1.0,590.091,803.886,1.0,440.714,589.425,1.0,445.353,599.468,1.0,444.398,606.8,1.0,443.56,616.691,1.0,445.069,625.691,1.0,744.269,705.812,1.0,737.116,704.922,1.0,729.587,701.109,1.0,724.574,693.176,1.0,716.199,697.566,1.0,328.551,192.989,1.0,335.017,187.232,1.0,338.894,179.557,1.0,341.19,183.242,1.0,350.255,172.443,1.0,817.897,455.697,1.0,813.574,462.071,1.0,811.912,472.589,1.0,818.81,473.809,1.0,826.699,478.08,1.0
406,571.458,833.926,1.0,574.663,826.953,1.0,576.724,820.934,1.0,581.3,815.132,1.0,589.307,804.262,1.0,440.671,589.425,1.0,445.314,596.939,1.0,445.907,604.751,1.0,443.56,616.022,1.0,445.069,620.671,1.0,744.269,705.944,1.0,737.442,706.445,1.0,731.75,702.09,1.0,726.799,693.035,1.0,717.483,695.225,1.0,329.874,192.292,1.0,334.844,186.367,1.0,339.276,,1.0,340.632,182.566,1.0,,172.763,1.0,817.609,455.697,1.0,813.412,462.352,1.0,812.036,472.589,1.0,818.935,474.542,1.0,828.097,482.01,1.0
407,570.009,835.38,1.0,573.629,828.969,1.0,576.724,821.566,1.0,580.123,816.407,1.0,589.006,805.338,1.0,440.671,589.425,1.0,445.314,596.802,1.0,446.524,604.189,1.0,443.56,615.956,1.0,445.069,619.381,1.0,744.269,705.961,1.0,737.442,707.096,1.0,731.75,702.17,1.0,726.799,692.6,1.0,718.03,693.771,1.0,338.976,192.989,,,,,339.276,179.214,,,183.265,,,175.034,,815.345,455.425,1.0,812.046,462.352,1.0,811.912,472.589,1.0,818.935,474.731,1.0,828.336,482.253,1.0
408,568.994,836.417,1.0,572.892,829.376,1.0,576.843,821.566,1.0,580.123,816.453,1.0,588.949,805.512,1.0,440.671,588.875,1.0,444.603,595.954,1.0,447.027,602.468,1.0,443.379,613.868,1.0,445.461,619.381,1.0,744.269,705.961,1.0,737.737,707.127,1.0,731.75,702.204,1.0,726.834,693.035,1.0,718.246,693.771,1.0,348.368,194.461,0.9929999709129333,,,0.0,340.211,179.214,1.0,339.666,184.595,1.0,352.424,177.433,0.9980000257492065,815.345,452.413,1.0,811.659,462.071,1.0,812.319,472.438,1.0,818.935,474.731,1.0,828.721,482.253,1.0
409,568.921,836.417,1.0,572.548,830.267,1.0,576.843,821.72,1.0,580.074,816.908,1.0,588.582,805.675,1.0,440.671,588.875,1.0,445.353,595.573,1.0,447.188,602.468,1.0,443.083,613.044,1.0,446.124,619.223,1.0,744.289,705.961,1.0,738.08,707.307,1.0,731.766,702.17,1.0,726.941,693.035,1.0,718.258,693.771,1.0,339.495,194.003,1.0,335.433,187.508,1.0,339.201,178.983,1.0,339.278,184.379,1.0,352.424,176.312,1.0,815.331,452.413,1.0,811.659,462.071,1.0,812.45,472.522,1.0,818.935,474.941,1.0,828.935,482.253,1.0
410,568.859,836.551,1.0,572.548,830.286,1.0,576.843,821.782,1.0,580.074,817.118,1.0,588.395,805.781,1.0,439.92,588.875,1.0,445.441,595.048,1.0,447.19,602.375,1.0,443.026,612.738,1.0,446.344,619.223,1.0,744.289,706.007,1.0,738.08,707.906,1.0,732.051,702.09,1.0,726.941,694.046,1.0,718.258,693.996,1.0,338.976,193.01,1.0,335.433,187.508,1.0,338.622,178.983,1.0,339.222,183.769,1.0,352.424,176.068,1.0,813.054,458.46,1.0,811.686,465.856,1.0,812.486,472.039,1.0,818.867,474.731,1.0,829.477,482.471,1.0
411,568.859,836.551,1.0,572.388,830.659,1.0,576.843,822.365,1.0,580.074,817.39,1.0,585.005,807.786,1.0,439.92,588.875,1.0,445.441,594.663,1.0,447.19,602.372,1.0,442.997,612.646,1.0,446.344,619.381,1.0,745.28,706.114,1.0,739.998,708.521,1.0,732.826,701.554,1.0,727.366,695.378,1.0,718.558,694.794,1.0,331.32,193.01,1.0,335.433,187.508,1.0,338.493,178.983,1.0,339.278,183.769,1.0,352.424,175.645,1.0,813.054,459.274,1.0,811.686,466.377,1.0,813.995,471.789,1.0,818.867,474.618,1.0,829.477,482.471,1.0
412,568.75,836.551,1.0,572.252,831.641,1.0,576.843,823.209,1.0,579.806,817.606,1.0,584.936,808.721,1.0,439.125,584.23,1.0,444.213,594.431,1.0,447.19,601.511,1.0,442.868,610.917,1.0,446.124,619.438,1.0,746.646,707.317,1.0,743.097,708.829,1.0,735.268,700.521,1.0,727.366,696.08,1.0,718.925,696.093,1.0,331.256,193.01,1.0,336.736,193.216,1.0,338.493,180.147,1.0,339.278,183.753,1.0,352.625,175.645,1.0,810.427,462.98,1.0,814.631,468.323,1.0,817.379,471.829,1.0,819.749,474.436,1.0,829.477,483.145,1.0
413,568.198,838.906,1.0,570.271,833.68,1.0,574.937,826.564,1.0,575.405,818.02,1.0,584.767,812.029,1.0,439.024,582.471,1.0,441.551,588.257,1.0,444.828,601.138,1.0,442.563,607.964,1.0,446.004,619.438,1.0,751.572,712.708,1.0,744.54,709.771,1.0,737.191,700.206,1.0,726.739,697.299,1.0,718.564,696.244,1.0,330.127,193.01,1.0,336.736,193.216,1.0,338.406,181.17,1.0,340.081,183.753,1.0,352.842,175.521,1.0,808.803,464.331,1.0,814.631,469.808,1.0,817.631,471.28,1.0,820.363,473.948,1.0,827.361,483.583,1.0
414,567.735,838.906,1.0,569.459,834.11,1.0,574.863,826.682,1.0,575.074,818.023,1.0,584.308,814.682,1.0,439.024,582.118,1.0,441.551,587.983,1.0,444.306,600.678,1.0,442.444,606.795,1.0,445.922,619.438,1.0,751.572,713.211,1.0,745.392,710.07,1.0,737.446,700.206,1.0,726.739,697.696,1.0,718.558,696.395,1.0,328.999,193.7,1.0,336.736,193.216,1.0,338.254,181.932,1.0,340.461,183.735,1.0,352.842,175.057,1.0,807.728,467.486,1.0,814.631,470.263,1.0,817.631,471.076,1.0,822.697,473.851,1.0,826.806,483.887,1.0
415,564.7,838.906,1.0,569.07,834.504,1.0,574.735,827.491,1.0,574.02,818.225,1.0,582.51,814.793,1.0,439.024,582.118,1.0,441.551,587.983,1.0,444.306,600.509,1.0,442.444,606.795,1.0,445.922,619.438,1.0,751.572,714.478,1.0,745.392,711.034,1.0,737.446,700.206,1.0,726.785,697.696,1.0,718.558,696.395,1.0,328.537,194.248,1.0,336.679,192.567,1.0,338.254,182.14,1.0,340.461,183.735,1.0,352.486,175.057,1.0,802.003,469.767,1.0,813.828,470.527,1.0,817.631,471.076,1.0,823.114,472.97,1.0,826.806,483.809,1.0
416,564.49,838.677,1.0,568.687,835.181,1.0,574.735,827.651,1.0,574.02,818.313,1.0,581.727,814.977,1.0,444.929,582.118,1.0,441.763,587.983,1.0,443.993,600.493,1.0,442.444,606.795,1.0,445.922,619.41,1.0,751.493,714.478,1.0,744.54,711.034,1.0,737.191,700.797,1.0,726.739,697.696,1.0,718.353,696.49,1.0,328.537,194.248,1.0,336.489,192.567,1.0,338.254,182.14,1.0,340.461,183.792,1.0,352.486,175.057,1.0,801.541,470.75,1.0,812.847,470.626,1.0,817.631,471.076,1.0,823.315,472.948,1.0,826.849,483.809,1.0
417,564.388,838.677,1.0,567.426,835.251,1.0,574.115,828.031,1.0,573.957,818.37,1.0,581.698,815.137,1.0,448.397,587.985,1.0,446.429,593.884,1.0,443.708,600.493,1.0,442.727,609.007,1.0,447.019,619.41,1.0,751.129,714.478,1.0,744.459,711.034,1.0,736.734,700.797,1.0,726.785,697.191,1.0,718.113,696.49,1.0,328.537,194.248,1.0,336.489,192.567,1.0,337.731,182.14,1.0,340.157,183.836,1.0,352.418,175.088,1.0,800.849,470.75,1.0,811.986,471.091,1.0,816.809,471.076,1.0,823.315,472.948,1.0,826.806,484.054,1.0
418,562.261,838.677,1.0,565.404,835.251,1.0,573.55,828.362,1.0,573.941,818.877,1.0,581.182,815.226,1.0,453.671,589.115,1.0,449.682,594.158,1.0,443.708,600.493,1.0,442.727,610.574,1.0,447.167,619.41,1.0,751.113,713.837,1.0,743.593,710.444,1.0,736.223,700.797,1.0,727.285,696.868,1.0,717.855,696.49,1.0,328.668,194.102,1.0,336.679,192.959,1.0,337.384,181.327,1.0,339.819,183.886,1.0,352.267,175.339,1.0,800.849,470.75,1.0,811.595,471.091,1.0,816.775,471.052,1.0,823.315,472.97,1.0,826.647,484.145,1.0
419,557.346,842.532,1.0,563.497,836.682,1.0,572.442,830.009,1.0,573.201,819.746,1.0,580.639,815.226,1.0,460.162,593.913,1.0,450.505,594.158,1.0,444.517,600.493,1.0,442.727,610.574,1.0,447.167,621.318,1.0,747.711,708.238,1.0,741.672,708.621,1.0,734.651,700.797,1.0,728.552,696.167,1.0,717.833,696.414,1.0,329.837,194.102,1.0,338.537,193.32,1.0,336.293,181.327,1.0,339.066,184.025,1.0,352.028,175.425,1.0,802.003,464.993,1.0,805.445,471.091,1.0,816.302,470.773,1.0,823.672,473.717,1.0,826.373,484.78,1.0
420,556.563,843.675,1.0,561.854,837.473,1.0,570.268,830.026,1.0,573.071,822.296,1.0,579.209,815.332,1.0,461.594,593.913,1.0,451.985,593.884,1.0,444.517,599.498,1.0,442.382,609.007,1.0,447.019,621.318,1.0,747.711,706.215,1.0,741.672,707.662,1.0,734.343,700.797,1.0,728.552,696.167,1.0,718.109,696.398,1.0,329.865,193.941,1.0,338.537,193.32,1.0,336.043,181.327,1.0,339.066,184.031,1.0,351.384,175.795,1.0,805.111,464.993,1.0,805.445,469.517,1.0,816.775,471.211,1.0,821.241,474.292,1.0,826.373,484.807,1.0
421,554.288,844.157,1.0,559.842,839.793,1.0,568.346,830.974,1.0,571.429,822.325,1.0,579.026,815.137,1.0,462.451,593.913,1.0,451.985,593.332,1.0,444.604,599.455,1.0,442.047,608.153,1.0,447.016,621.318,1.0,747.711,700.178,1.0,741.672,707.642,1.0,734.189,700.8,1.0,728.552,696.167,1.0,717.946,695.767,1.0,330.339,194.102,1.0,338.537,193.32,1.0,335.204,182.057,1.0,339.066,184.031,1.0,350.963,175.795,1.0,805.924,464.993,1.0,811.595,469.517,1.0,816.775,471.211,1.0,819.721,474.686,1.0,826.373,484.807,1.0
422,554.288,844.363,1.0,559.842,839.793,1.0,568.346,830.974,1.0,571.429,823.472,1.0,579.026,815.62,1.0,462.614,593.654,1.0,452.717,592.993,1.0,444.981,599.039,1.0,442.0,607.45,1.0,446.818,620.083,1.0,749.727,699.443,1.0,745.24,703.672,1.0,733.682,701.958,1.0,725.742,697.343,1.0,717.759,694.323,1.0,331.732,194.315,1.0,337.97,192.372,1.0,334.828,183.527,1.0,342.546,184.647,1.0,350.903,175.795,1.0,806.225,467.168,1.0,814.203,469.517,1.0,817.169,469.899,1.0,819.721,474.686,1.0,826.991,484.807,1.0
423,554.288,844.363,1.0,559.842,839.793,1.0,568.346,830.974,1.0,571.429,822.958,1.0,579.026,815.62,1.0,463.562,590.946,1.0,454.47,591.047,1.0,446.207,598.031,1.0,441.808,605.646,1.0,446.796,619.53,1.0,750.416,699.187,1.0,745.66,703.296,1.0,733.682,702.408,1.0,725.389,697.607,1.0,717.946,694.286,1.0,331.86,195.291,1.0,337.017,191.909,1.0,334.828,183.593,1.0,343.276,185.004,1.0,349.606,175.516,1.0,809.553,468.277,1.0,815.273,470.486,1.0,820.31,471.211,1.0,819.721,475.464,1.0,827.529,485.022,1.0
424,558.251,844.627,1.0,561.605,837.357,1.0,568.75,830.311,1.0,573.088,822.982,1.0,580.768,817.425,1.0,463.736,590.253,1.0,454.896,591.047,1.0,446.247,597.86,1.0,441.737,605.371,1.0,445.651,619.059,1.0,750.774,698.918,1.0,746.12,702.727,1.0,733.614,702.831,1.0,725.389,697.607,1.0,718.109,694.277,1.0,331.996,195.291,1.0,337.017,191.909,1.0,334.828,183.954,1.0,343.276,185.071,1.0,348.888,175.195,1.0,809.553,473.263,0.9990000128746033,815.273,470.486,1.0,822.36,471.942,1.0,819.17,479.444,1.0,827.529,486.713,1.0
425,567.295,845.181,1.0,565.317,837.357,1.0,568.857,830.311,1.0,573.088,823.171,1.0,581.538,818.087,1.0,463.888,589.924,1.0,456.119,591.047,1.0,446.652,597.556,1.0,441.737,605.366,1.0,445.034,618.326,1.0,750.965,698.781,1.0,745.66,702.244,1.0,733.614,702.831,1.0,725.389,697.802,1.0,718.265,694.205,1.0,331.86,195.291,1.0,337.017,192.372,1.0,334.983,184.411,1.0,342.819,185.071,1.0,348.316,175.178,1.0,809.553,473.263,1.0,815.273,472.208,1.0,822.604,474.696,1.0,819.606,480.952,1.0,827.986,487.336,1.0
426,567.991,845.181,1.0,567.327,837.357,1.0,568.905,830.311,1.0,573.088,823.171,1.0,581.661,818.277,1.0,463.888,589.924,1.0,456.446,590.243,1.0,447.762,597.162,1.0,441.808,605.366,1.0,445.034,618.142,1.0,751.006,698.69,1.0,745.708,701.937,1.0,734.029,703.007,1.0,725.8,697.802,1.0,718.638,694.126,1.0,331.86,195.131,1.0,336.772,191.909,1.0,335.486,185.337,1.0,342.546,185.071,1.0,348.316,174.991,1.0,809.553,473.263,1.0,814.914,470.613,1.0,822.604,474.504,1.0,819.606,481.411,1.0,827.817,487.582,1.0
427,577.773,844.196,1.0,572.086,837.567,1.0,570.028,831.241,1.0,573.85,823.171,1.0,581.67,818.455,1.0,464.523,587.287,1.0,456.745,589.735,1.0,449.329,596.794,1.0,442.496,604.839,1.0,445.034,616.392,1.0,751.609,696.643,1.0,746.507,697.673,1.0,734.939,703.067,1.0,726.477,697.966,1.0,719.233,694.126,1.0,331.688,195.068,1.0,337.04,192.845,1.0,336.226,185.337,1.0,342.819,185.467,1.0,348.299,174.991,1.0,809.553,468.755,1.0,814.087,470.613,1.0,822.604,474.696,1.0,819.606,481.411,1.0,827.817,487.582,1.0
428,582.372,842.092,1.0,572.086,838.902,1.0,570.028,831.527,1.0,573.813,823.992,1.0,581.83,818.455,1.0,471.867,582.858,1.0,460.563,584.632,1.0,452.904,594.358,1.0,443.983,602.042,1.0,447.271,614.391,1.0,751.609,696.431,1.0,746.504,697.529,1.0,735.664,703.135,1.0,727.173,697.802,1.0,720.374,694.126,1.0,330.838,195.068,1.0,337.04,192.845,1.0,336.378,185.337,1.0,342.819,185.071,1.0,348.299,174.991,1.0,812.599,465.473,1.0,814.087,471.912,1.0,823.006,476.066,1.0,819.829,481.411,1.0,827.927,487.336,1.0
429,583.321,839.327,1.0,573.746,839.442,1.0,570.752,831.527,1.0,573.51,824.165,1.0,581.83,818.792,1.0,472.216,582.827,1.0,460.563,584.417,1.0,453.847,593.194,1.0,444.669,600.612,1.0,447.271,612.696,1.0,751.609,696.431,1.0,745.708,697.529,1.0,736.402,703.135,1.0,727.173,697.802,1.0,720.374,694.246,1.0,330.093,194.956,0.9980000257492065,336.772,191.501,0.9990000128746033,336.378,184.875,1.0,342.977,184.577,1.0,348.299,175.669,1.0,812.97,465.02,1.0,814.087,471.916,1.0,823.006,476.066,1.0,820.308,481.411,1.0,828.393,486.629,1.0
430,584.153,838.654,1.0,574.97,839.442,1.0,571.169,831.527,1.0,573.768,824.183,1.0,581.913,818.792,1.0,473.013,581.233,1.0,460.572,583.837,1.0,454.057,592.477,1.0,444.866,600.42,1.0,447.271,612.66,1.0,751.496,696.431,1.0,745.708,697.673,1.0,736.402,703.135,1.0,727.173,697.717,1.0,720.374,694.412,1.0,329.897,194.956,1.0,336.604,191.501,1.0,336.378,184.745,1.0,342.977,184.319,1.0,348.299,175.669,1.0,812.97,465.02,1.0,814.189,471.916,1.0,823.034,476.066,1.0,820.916,481.411,1.0,828.575,486.629,1.0
431,583.321,838.5,1.0,573.948,838.909,1.0,572.088,831.217,1.0,573.813,824.183,1.0,582.043,818.792,1.0,473.013,581.233,1.0,460.626,583.837,1.0,454.18,592.477,1.0,444.945,600.281,1.0,447.222,612.391,1.0,750.82,700.498,1.0,745.516,702.637,1.0,736.402,700.594,1.0,727.679,696.59,1.0,719.354,694.561,1.0,329.629,194.956,1.0,336.604,191.789,1.0,336.007,184.201,1.0,342.977,183.908,1.0,347.901,175.669,1.0,812.952,465.02,1.0,814.287,471.916,1.0,823.494,476.118,1.0,821.228,481.507,1.0,829.286,486.629,1.0
432,584.153,838.151,1.0,573.948,838.909,1.0,572.088,830.947,1.0,573.813,824.183,1.0,582.055,815.512,1.0,473.013,581.233,1.0,460.572,583.837,1.0,454.18,592.477,1.0,444.945,600.281,1.0,447.197,612.317,1.0,749.762,703.064,1.0,743.064,704.08,1.0,734.957,700.009,1.0,727.718,695.333,1.0,718.344,695.235,1.0,329.627,194.956,1.0,336.604,191.789,1.0,335.507,184.201,1.0,342.266,183.863,1.0,347.901,175.669,1.0,812.599,465.071,1.0,814.479,471.912,1.0,823.494,476.118,1.0,821.228,481.507,1.0,829.286,486.629,1.0
433,584.445,837.529,1.0,573.948,838.149,1.0,572.139,830.947,1.0,573.768,824.183,1.0,583.218,815.512,1.0,472.606,581.719,1.0,460.455,583.865,1.0,454.18,592.718,1.0,444.866,600.281,1.0,446.998,611.99,1.0,747.068,703.694,1.0,740.681,704.82,1.0,734.957,700.009,1.0,726.262,695.311,1.0,717.202,695.338,1.0,329.365,194.913,1.0,336.78,192.04,1.0,335.507,184.201,1.0,342.003,183.682,1.0,347.837,175.669,1.0,812.146,465.071,1.0,815.602,471.34,1.0,823.494,476.05,1.0,821.228,481.507,1.0,829.286,486.629,1.0
434,585.153,833.706,1.0,574.97,835.052,1.0,572.839,830.821,1.0,573.768,824.466,1.0,583.218,815.512,1.0,468.43,581.944,1.0,458.962,584.513,1.0,454.18,593.944,1.0,444.866,600.796,1.0,447.197,611.806,1.0,742.351,715.088,1.0,737.116,705.788,1.0,734.957,700.009,1.0,725.934,695.311,1.0,716.555,695.499,1.0,329.365,194.913,1.0,336.896,192.11,1.0,335.507,184.201,1.0,340.994,183.682,1.0,347.613,176.303,1.0,812.146,465.071,1.0,819.501,470.71,1.0,821.731,475.131,1.0,820.227,481.775,1.0,827.869,486.813,1.0
435,586.171,832.641,1.0,577.86,833.71,1.0,573.497,829.752,1.0,573.761,824.466,1.0,582.395,816.16,1.0,464.24,581.944,1.0,457.641,584.513,1.0,454.357,593.944,1.0,445.196,600.796,1.0,447.222,611.635,1.0,737.368,715.654,1.0,737.116,707.186,1.0,735.256,700.903,1.0,728.158,695.333,1.0,716.555,695.912,1.0,329.365,194.97,1.0,336.896,192.331,1.0,335.109,184.268,1.0,340.871,183.863,1.0,347.613,176.303,1.0,811.989,463.86,1.0,819.501,470.438,1.0,818.165,475.131,1.0,818.933,482.751,1.0,826.855,486.813,1.0
436,586.812,831.014,1.0,577.892,830.93,1.0,574.242,829.613,1.0,573.147,824.466,1.0,582.395,816.16,1.0,459.911,581.944,1.0,457.641,584.513,1.0,456.271,593.944,1.0,445.369,600.796,1.0,447.305,611.635,1.0,733.434,715.91,1.0,737.116,708.253,1.0,737.296,701.186,1.0,728.158,696.812,1.0,716.555,696.002,1.0,330.218,195.379,1.0,336.78,192.968,1.0,335.197,185.657,1.0,340.411,184.628,1.0,347.611,176.303,1.0,811.989,463.215,1.0,819.501,470.438,1.0,818.155,475.131,1.0,817.814,482.751,1.0,826.403,486.813,1.0
437,586.812,832.413,1.0,577.892,829.751,1.0,574.879,828.241,1.0,573.147,823.554,1.0,583.088,816.605,1.0,459.911,575.599,1.0,457.641,582.555,1.0,456.54,592.814,1.0,445.674,600.235,1.0,447.438,611.589,1.0,730.223,717.762,1.0,739.518,711.167,1.0,737.296,701.367,1.0,728.158,696.948,1.0,716.884,695.499,1.0,330.218,195.639,1.0,336.432,193.551,1.0,335.347,185.968,1.0,340.411,184.74,1.0,347.503,175.723,1.0,811.664,462.91,1.0,819.322,469.843,1.0,816.777,476.327,1.0,817.814,483.481,1.0,826.403,487.475,1.0
438,586.917,831.014,1.0,577.995,829.105,1.0,575.29,827.703,1.0,572.857,823.554,1.0,583.088,816.605,1.0,459.911,574.056,1.0,458.712,582.481,1.0,456.54,592.549,1.0,445.928,600.017,1.0,447.438,611.589,1.0,730.085,717.961,1.0,739.518,711.604,1.0,737.296,701.471,1.0,728.691,696.957,1.0,716.936,695.499,1.0,330.85,195.715,1.0,336.324,193.578,1.0,335.197,186.628,1.0,340.122,185.321,1.0,347.215,175.657,1.0,811.559,462.697,1.0,819.201,469.843,1.0,816.777,476.475,1.0,817.814,483.713,1.0,826.403,487.475,1.0
439,586.917,830.245,1.0,577.995,828.956,1.0,575.693,827.703,1.0,572.69,823.378,1.0,583.088,816.246,1.0,462.407,573.945,1.0,459.214,582.481,1.0,456.54,592.549,1.0,446.253,599.787,1.0,447.438,611.557,1.0,729.834,719.454,1.0,739.518,712.195,1.0,734.736,703.797,1.0,729.945,697.464,1.0,719.9,695.204,1.0,331.024,195.748,1.0,336.324,193.645,1.0,335.109,187.058,1.0,340.122,185.375,1.0,346.721,175.278,1.0,811.559,462.697,1.0,818.734,469.843,1.0,816.777,476.546,1.0,817.989,484.022,1.0,826.747,488.127,1.0
440,586.917,829.224,1.0,578.165,828.523,1.0,575.759,827.703,1.0,572.569,823.176,1.0,583.088,816.246,1.0,463.342,573.399,1.0,459.482,581.949,1.0,456.54,591.98,1.0,446.275,599.738,1.0,447.358,611.517,1.0,728.02,719.657,1.0,733.859,713.154,1.0,734.736,705.861,1.0,730.956,699.325,1.0,722.652,695.204,1.0,331.024,195.949,1.0,336.432,194.634,1.0,334.661,187.581,1.0,340.122,185.375,1.0,346.453,175.251,1.0,811.559,461.963,1.0,818.665,469.212,1.0,817.905,477.702,1.0,819.42,485.202,1.0,827.686,488.403,1.0
441,586.917,828.46,1.0,579.445,828.092,1.0,576.21,828.453,1.0,571.481,822.973,1.0,582.76,816.42,1.0,464.487,573.142,1.0,459.654,581.727,1.0,456.282,591.7,1.0,446.323,599.381,1.0,446.996,611.517,1.0,727.682,720.628,1.0,733.859,713.594,1.0,734.736,706.871,1.0,731.282,699.325,1.0,722.923,695.204,1.0,330.209,195.949,1.0,336.493,194.634,1.0,334.655,188.125,1.0,340.122,185.375,1.0,346.453,175.251,1.0,813.591,462.697,1.0,818.665,470.111,1.0,820.444,477.702,1.0,822.454,487.875,1.0,831.105,488.403,1.0
442,587.35,822.392,1.0,579.562,825.378,1.0,576.586,828.718,1.0,570.834,822.924,1.0,582.242,816.246,1.0,466.828,573.142,1.0,459.654,581.727,1.0,456.235,591.7,1.0,446.323,599.381,1.0,446.963,611.517,1.0,727.682,720.652,1.0,733.859,713.594,1.0,734.841,706.871,1.0,731.553,699.325,1.0,723.629,696.452,1.0,330.362,195.722,1.0,336.64,194.634,1.0,334.427,188.125,1.0,338.65,183.349,1.0,346.453,175.251,1.0,818.132,463.899,1.0,819.201,470.465,1.0,825.091,477.702,1.0,825.107,488.637,1.0,831.158,489.623,1.0
443,587.35,821.634,1.0,579.885,823.735,1.0,576.972,829.186,1.0,570.834,822.924,1.0,581.783,816.127,1.0,467.142,573.142,1.0,459.214,582.6,1.0,455.581,592.715,1.0,446.253,599.787,1.0,446.812,612.111,1.0,727.984,720.713,1.0,733.563,713.795,1.0,735.251,707.115,1.0,731.553,698.303,1.0,724.158,696.894,1.0,330.362,196.093,1.0,336.64,194.139,1.0,334.427,188.125,1.0,338.65,183.349,1.0,346.568,175.824,1.0,825.33,464.459,1.0,820.152,470.465,1.0,825.091,480.312,1.0,825.107,488.973,1.0,831.929,490.05,1.0
444,587.416,821.465,1.0,580.253,823.735,1.0,577.286,829.254,1.0,570.834,822.924,1.0,582.242,816.276,1.0,468.908,582.867,1.0,459.348,584.179,1.0,454.205,593.755,1.0,445.458,601.675,1.0,446.303,612.387,1.0,728.02,720.887,1.0,733.563,713.795,1.0,735.251,707.241,1.0,731.847,698.303,1.0,724.158,697.295,1.0,330.362,196.093,1.0,336.837,193.534,1.0,334.655,187.6,1.0,338.65,183.349,1.0,346.844,176.351,1.0,825.591,467.445,1.0,821.961,470.465,1.0,825.091,477.356,1.0,825.107,489.613,1.0,835.296,490.05,1.0
445,588.49,820.826,1.0,580.732,823.735,1.0,577.511,829.254,1.0,570.883,823.665,1.0,582.242,816.276,1.0,469.399,583.354,1.0,459.179,586.243,1.0,453.806,593.755,1.0,444.556,602.621,1.0,445.651,612.505,1.0,728.661,721.035,1.0,733.563,714.209,1.0,735.251,707.586,1.0,731.847,698.303,1.0,724.677,697.295,1.0,330.762,196.073,1.0,337.444,193.498,1.0,334.752,186.744,1.0,339.846,184.734,1.0,346.926,177.095,1.0,831.832,474.583,1.0,822.786,470.465,1.0,822.849,477.036,1.0,824.159,489.66,1.0,835.296,489.63,1.0
446,588.702,820.189,1.0,581.404,825.132,1.0,577.511,829.313,1.0,571.995,823.665,1.0,582.559,815.871,1.0,468.908,583.649,1.0,459.009,586.275,1.0,453.742,593.755,1.0,444.424,602.761,1.0,445.544,612.879,1.0,728.72,721.451,1.0,733.322,714.927,1.0,734.889,708.458,1.0,731.847,699.121,1.0,725.805,697.295,1.0,330.762,196.093,1.0,337.444,193.498,1.0,335.453,186.744,1.0,339.846,185.193,1.0,346.926,177.095,1.0,835.449,475.512,1.0,824.122,471.001,1.0,821.942,477.036,1.0,823.864,489.66,1.0,836.673,489.623,1.0
447,589.185,820.189,1.0,581.771,825.132,1.0,577.511,829.529,1.0,571.995,823.665,1.0,582.559,815.871,1.0,468.908,583.677,1.0,459.009,586.56,1.0,452.996,593.901,1.0,444.256,602.913,1.0,445.446,613.0,1.0,730.064,722.613,1.0,733.322,716.133,1.0,734.106,709.654,1.0,731.565,700.091,1.0,726.406,697.295,1.0,330.762,196.273,1.0,336.837,193.498,1.0,335.453,186.693,1.0,339.846,185.25,1.0,346.926,177.095,1.0,836.478,476.406,1.0,825.936,471.001,1.0,821.942,477.036,1.0,823.864,489.613,1.0,836.733,489.423,1.0
448,591.607,820.189,1.0,582.544,825.132,1.0,577.367,829.752,1.0,571.995,821.233,1.0,582.559,814.319,1.0,467.88,585.25,1.0,458.399,586.56,1.0,452.65,593.901,1.0,444.256,603.533,1.0,445.446,613.814,1.0,731.204,726.087,1.0,733.322,721.038,1.0,733.839,711.597,1.0,731.526,701.729,1.0,728.29,696.752,1.0,330.3,196.537,1.0,336.837,194.086,1.0,335.453,186.693,1.0,339.403,185.25,1.0,346.371,176.89,1.0,839.006,475.512,1.0,828.181,471.001,1.0,821.942,476.392,1.0,823.705,489.037,1.0,836.733,488.055,1.0
449,591.788,820.189,1.0,583.726,824.212,1.0,576.829,829.752,1.0,569.94,821.233,1.0,574.098,813.644,1.0,465.756,588.51,1.0,457.618,592.229,1.0,452.58,595.94,1.0,443.7,604.837,1.0,443.701,613.897,1.0,732.0,731.546,1.0,733.817,722.077,1.0,733.839,712.635,1.0,731.526,701.736,1.0,730.725,696.581,1.0,329.699,196.571,1.0,336.475,194.569,1.0,333.846,186.995,1.0,338.491,185.193,1.0,346.017,176.51,1.0,839.703,475.512,1.0,829.441,470.266,1.0,822.53,476.261,1.0,823.674,489.002,1.0,836.733,487.85,1.0
450,592.1,820.189,1.0,584.299,823.991,1.0,576.554,829.752,1.0,569.57,821.233,1.0,574.098,813.611,1.0,460.553,588.939,1.0,454.117,594.747,1.0,447.637,598.351,1.0,443.389,607.765,1.0,442.873,615.904,1.0,732.0,731.636,1.0,733.982,722.077,1.0,733.701,712.635,1.0,731.457,701.745,1.0,731.515,695.676,1.0,329.271,196.878,1.0,335.875,195.206,1.0,333.116,187.69,1.0,338.431,185.193,1.0,345.801,176.463,1.0,840.024,474.783,1.0,832.241,469.041,1.0,823.261,475.858,1.0,823.674,487.808,1.0,836.716,487.607,1.0
451,592.381,820.071,1.0,585.41,823.4,1.0,576.554,828.418,1.0,566.842,826.37,1.0,574.064,813.644,1.0,455.44,590.734,1.0,453.448,595.09,1.0,447.51,600.811,1.0,443.389,607.77,1.0,442.492,616.593,1.0,732.0,731.636,1.0,734.139,722.077,1.0,734.106,713.599,1.0,731.457,701.847,1.0,731.753,695.676,1.0,329.271,196.987,1.0,335.464,195.369,1.0,332.385,187.871,1.0,338.01,185.122,1.0,345.322,176.463,1.0,843.42,473.233,1.0,835.159,469.041,1.0,823.413,475.153,1.0,823.961,486.976,1.0,836.319,487.607,1.0
452,592.622,819.55,1.0,585.471,823.4,1.0,576.829,827.03,1.0,566.842,826.37,1.0,574.098,813.644,1.0,442.502,590.734,1.0,452.542,595.114,1.0,447.038,600.859,1.0,443.714,607.77,1.0,439.761,617.116,1.0,731.998,731.546,1.0,734.139,722.045,1.0,734.137,713.599,1.0,731.457,701.847,1.0,731.753,695.676,1.0,329.699,198.793,1.0,334.916,196.084,1.0,331.93,188.859,1.0,337.707,185.02,1.0,344.775,176.503,1.0,843.746,472.781,1.0,835.404,469.041,1.0,824.37,475.145,1.0,823.964,486.497,1.0,836.319,487.607,1.0
453,593.971,818.669,1.0,585.79,823.4,1.0,577.228,826.597,1.0,566.842,826.37,1.0,574.064,813.772,1.0,440.431,588.51,1.0,451.909,595.565,1.0,446.985,601.08,1.0,443.389,607.77,1.0,436.891,618.82,1.0,731.955,731.228,1.0,734.139,722.02,1.0,734.215,713.599,1.0,731.562,702.589,1.0,731.753,696.255,1.0,329.699,199.118,1.0,334.916,196.093,1.0,331.93,189.398,1.0,336.524,184.779,1.0,343.418,176.503,1.0,844.337,472.3,1.0,836.127,469.173,1.0,825.146,474.948,1.0,823.964,486.379,1.0,835.993,489.208,1.0
454,597.394,815.293,1.0,591.661,822.446,1.0,577.729,826.223,1.0,570.835,822.917,1.0,573.68,814.194,1.0,439.977,590.734,1.0,450.962,595.565,1.0,446.985,601.08,1.0,443.389,607.369,1.0,436.773,618.857,1.0,731.684,731.119,1.0,734.09,722.02,1.0,734.137,713.642,1.0,731.348,702.59,1.0,731.655,696.468,1.0,328.997,199.371,1.0,334.916,196.157,1.0,331.816,190.148,1.0,336.423,184.537,1.0,343.137,176.515,1.0,845.258,470.863,1.0,837.684,469.173,1.0,826.564,474.948,1.0,823.964,486.379,1.0,835.993,489.619,1.0
455,597.432,815.207,1.0,591.678,822.641,1.0,579.123,826.223,1.0,570.889,822.917,1.0,571.937,814.321,1.0,439.438,586.79,1.0,450.962,595.175,1.0,446.241,601.08,1.0,443.714,607.369,1.0,436.773,618.857,1.0,730.698,731.119,1.0,733.871,722.045,1.0,734.137,713.658,1.0,731.215,702.813,1.0,730.165,697.925,1.0,328.669,199.371,1.0,335.394,196.739,1.0,331.546,190.546,1.0,336.409,184.537,1.0,342.646,178.962,1.0,848.419,469.6,1.0,838.826,469.173,1.0,828.136,475.124,1.0,823.375,483.821,1.0,834.584,489.619,1.0
456,599.445,815.152,1.0,593.77,822.682,1.0,581.686,826.365,1.0,572.149,822.917,1.0,570.906,818.336,1.0,438.202,586.664,1.0,450.418,595.565,1.0,446.241,600.859,1.0,443.714,607.369,1.0,436.773,619.452,1.0,730.698,731.047,1.0,733.871,722.527,1.0,733.718,714.074,1.0,731.215,702.836,1.0,730.065,697.925,1.0,328.587,199.118,1.0,335.585,196.739,1.0,331.93,190.576,1.0,336.401,184.779,1.0,341.709,178.962,1.0,850.611,469.333,1.0,839.405,468.968,1.0,829.473,475.124,1.0,823.375,483.628,1.0,833.242,489.942,1.0
457,599.445,815.207,1.0,593.925,822.641,1.0,581.75,826.365,1.0,572.216,823.363,1.0,568.674,819.112,1.0,433.516,586.664,1.0,447.41,595.565,1.0,446.145,600.322,1.0,443.163,608.402,1.0,440.069,620.781,1.0,730.698,731.047,1.0,734.09,722.527,1.0,733.718,714.074,1.0,731.215,702.881,1.0,729.999,697.925,1.0,328.587,199.118,1.0,335.585,196.739,1.0,331.787,190.576,1.0,336.352,184.779,1.0,340.776,178.259,1.0,852.438,467.966,1.0,839.734,467.251,1.0,829.536,475.124,1.0,823.375,482.65,1.0,833.139,489.942,1.0
458,599.47,815.243,1.0,593.925,822.045,1.0,582.01,826.142,1.0,572.307,823.363,1.0,568.674,819.443,1.0,432.877,586.664,1.0,447.122,595.38,1.0,446.361,600.322,1.0,443.128,608.402,1.0,440.069,620.967,1.0,730.902,731.047,1.0,734.316,722.527,1.0,733.71,714.074,1.0,731.124,702.881,1.0,730.065,697.925,1.0,328.587,199.371,0.9990000128746033,335.585,196.575,1.0,331.506,190.546,1.0,336.195,184.537,1.0,340.776,178.259,1.0,852.486,467.677,1.0,839.749,466.818,1.0,829.644,475.844,1.0,823.899,482.359,1.0,833.058,489.942,1.0
459,599.47,815.243,1.0,593.925,822.045,1.0,582.01,825.354,1.0,572.307,823.373,1.0,568.674,819.77,1.0,432.877,586.664,1.0,445.81,595.38,1.0,446.361,600.322,1.0,443.128,608.402,1.0,440.069,620.967,1.0,732.522,731.047,1.0,734.773,721.875,1.0,733.718,713.462,1.0,730.91,702.881,1.0,730.065,697.865,1.0,329.882,200.961,1.0,334.583,196.387,1.0,331.506,190.238,1.0,335.942,184.098,1.0,340.776,178.259,1.0,853.115,467.336,1.0,840.71,466.818,1.0,830.554,475.945,1.0,823.989,482.28,1.0,833.058,488.764,1.0
460,599.533,815.243,1.0,594.265,820.948,1.0,582.16,824.951,1.0,572.785,823.607,1.0,569.369,819.833,1.0,433.516,586.664,1.0,445.782,595.768,1.0,449.117,600.995,1.0,441.554,607.364,1.0,439.933,620.781,1.0,735.647,730.26,1.0,735.136,721.544,1.0,733.71,713.258,1.0,730.91,702.586,1.0,731.452,696.872,1.0,329.882,201.341,1.0,334.471,196.047,1.0,331.205,188.947,1.0,335.811,182.513,1.0,341.085,178.259,1.0,854.08,467.136,1.0,841.573,467.251,1.0,832.314,475.945,1.0,824.87,481.94,1.0,831.62,488.764,1.0
461,600.612,815.243,1.0,594.569,818.584,1.0,582.905,822.791,1.0,576.873,823.607,1.0,570.508,820.781,1.0,434.93,588.853,1.0,441.416,597.637,1.0,449.303,601.391,1.0,441.554,607.364,1.0,438.753,620.486,1.0,735.647,729.013,1.0,735.136,720.035,1.0,733.693,712.362,1.0,730.731,701.341,1.0,731.631,695.856,1.0,329.905,201.341,1.0,334.289,196.047,1.0,330.849,188.421,1.0,335.942,182.513,1.0,341.091,178.311,1.0,861.084,464.127,1.0,843.725,472.197,1.0,835.897,475.845,1.0,828.226,476.666,1.0,830.73,487.35,1.0
462,601.354,815.098,1.0,595.232,816.451,1.0,586.067,820.246,1.0,579.505,824.221,1.0,570.86,822.914,1.0,434.93,593.477,1.0,441.416,598.903,1.0,449.562,602.085,1.0,441.375,607.364,1.0,438.573,620.282,1.0,734.085,724.953,1.0,735.136,717.459,1.0,732.95,711.224,1.0,730.731,700.947,1.0,732.159,695.493,1.0,330.384,201.045,1.0,334.067,196.047,1.0,330.79,188.358,1.0,335.942,182.513,1.0,341.091,178.707,1.0,861.847,462.949,1.0,844.013,472.291,1.0,836.3,475.845,1.0,828.453,476.508,1.0,829.713,487.291,1.0
463,603.787,814.567,1.0,596.893,815.247,1.0,587.128,820.017,1.0,581.965,824.988,1.0,572.837,826.881,1.0,434.93,593.477,1.0,441.416,598.903,1.0,449.708,602.384,1.0,440.306,607.406,1.0,438.392,619.969,1.0,732.522,721.566,1.0,734.191,715.006,1.0,732.95,709.359,1.0,730.91,699.242,1.0,732.159,694.099,1.0,330.384,201.09,1.0,334.067,196.103,1.0,330.756,188.358,1.0,335.694,181.844,1.0,341.085,178.874,1.0,861.847,462.949,1.0,844.055,472.962,1.0,836.685,475.845,1.0,828.682,476.426,1.0,829.713,486.759,1.0
464,603.916,814.376,1.0,597.039,815.094,1.0,587.383,819.956,1.0,582.048,825.569,1.0,572.948,827.629,1.0,433.668,593.477,1.0,440.048,598.903,1.0,449.786,602.206,1.0,440.347,607.632,1.0,438.392,619.969,1.0,731.557,721.566,1.0,734.191,715.006,1.0,732.95,709.128,1.0,731.086,699.053,1.0,732.159,693.82,1.0,330.417,201.09,1.0,334.067,196.833,1.0,330.478,188.358,1.0,335.692,181.844,1.0,340.966,179.057,1.0,861.847,462.949,1.0,844.055,472.291,1.0,836.81,475.826,1.0,828.9,476.508,1.0,829.713,486.759,1.0
465,603.988,814.26,1.0,597.185,814.92,1.0,587.551,819.578,1.0,582.077,825.569,1.0,573.121,827.638,1.0,433.668,591.964,1.0,440.048,596.868,1.0,449.786,602.384,1.0,440.347,607.707,1.0,438.378,619.969,1.0,730.921,721.566,1.0,734.044,715.006,1.0,734.054,709.128,1.0,731.578,699.053,1.0,732.283,693.774,1.0,330.417,201.09,1.0,333.982,196.956,1.0,330.4,189.112,1.0,335.362,182.015,1.0,340.453,179.531,1.0,859.607,464.658,1.0,847.991,472.291,1.0,836.842,475.826,1.0,829.012,476.666,1.0,830.701,486.151,1.0
466,604.176,813.943,1.0,597.344,814.92,1.0,587.616,819.578,1.0,582.787,825.569,1.0,574.201,827.638,1.0,433.668,591.819,1.0,446.432,596.15,1.0,450.046,602.384,1.0,440.347,607.707,1.0,438.236,619.969,1.0,730.166,722.086,1.0,734.044,715.325,1.0,734.641,709.128,1.0,731.915,699.053,1.0,732.234,693.67,1.0,330.563,201.338,1.0,333.793,197.18,1.0,330.4,189.153,1.0,335.356,182.015,1.0,340.315,179.765,1.0,856.623,474.215,1.0,848.219,471.756,1.0,836.92,474.699,1.0,829.496,476.508,1.0,830.861,486.151,1.0
467,605.112,813.148,1.0,597.89,814.085,1.0,587.616,819.343,1.0,582.84,825.009,1.0,575.394,827.629,1.0,437.818,591.561,1.0,446.888,595.948,1.0,450.046,602.206,1.0,441.931,607.993,1.0,436.061,618.944,1.0,730.166,722.105,1.0,734.191,715.325,1.0,735.007,709.128,1.0,731.578,698.794,1.0,732.085,693.462,1.0,330.563,201.483,1.0,333.793,197.455,1.0,330.4,189.817,1.0,335.126,182.015,1.0,340.251,180.213,1.0,854.882,477.285,1.0,848.786,471.756,1.0,837.062,472.343,1.0,829.837,476.211,1.0,831.251,485.965,1.0
468,606.411,805.913,1.0,599.162,811.026,1.0,593.268,815.589,1.0,585.446,824.431,1.0,578.765,824.112,1.0,437.94,591.819,1.0,446.928,595.948,1.0,450.046,602.206,1.0,441.931,608.176,1.0,436.061,618.886,1.0,729.254,722.105,1.0,734.266,715.325,1.0,735.007,709.05,1.0,731.71,698.794,1.0,731.954,693.368,1.0,330.435,201.718,1.0,333.793,197.463,1.0,330.913,191.944,1.0,335.112,182.997,1.0,339.792,180.54,1.0,854.882,479.553,1.0,848.219,471.756,1.0,838.756,472.343,1.0,829.98,475.846,1.0,831.396,485.965,1.0
469,607.811,804.692,1.0,599.621,808.442,1.0,594.464,814.884,1.0,587.484,822.963,1.0,579.963,824.112,1.0,438.284,591.964,1.0,446.932,595.948,1.0,449.95,602.385,1.0,441.931,608.488,1.0,436.032,618.886,1.0,729.254,722.105,1.0,734.266,715.246,1.0,735.007,709.05,1.0,731.71,698.794,1.0,730.78,692.873,1.0,330.222,201.851,1.0,333.825,197.898,1.0,331.028,192.174,1.0,335.065,183.079,1.0,338.82,180.702,1.0,854.882,483.36,1.0,848.219,474.427,1.0,840.711,472.343,1.0,830.009,474.13,1.0,831.396,485.965,1.0
470,609.063,804.237,1.0,600.054,808.385,1.0,594.494,814.884,1.0,588.788,821.903,1.0,580.28,824.112,1.0,438.586,591.819,1.0,446.98,596.025,1.0,449.424,602.385,1.0,441.587,608.625,1.0,436.032,618.944,1.0,729.254,718.694,1.0,735.332,711.952,1.0,733.42,706.939,1.0,731.44,697.379,1.0,729.153,690.475,1.0,330.171,201.851,1.0,333.935,197.93,1.0,331.153,193.38,1.0,334.908,183.915,1.0,337.276,180.714,1.0,859.591,492.843,1.0,846.677,479.124,1.0,840.949,471.839,1.0,832.156,473.445,1.0,831.251,485.965,1.0
471,609.063,804.082,1.0,600.054,808.326,1.0,594.859,814.884,1.0,588.85,821.63,1.0,580.366,824.171,1.0,439.284,591.561,1.0,447.825,597.098,1.0,448.156,604.02,1.0,441.442,611.718,1.0,435.414,620.167,1.0,734.307,716.97,1.0,735.332,711.952,1.0,733.42,704.242,1.0,731.354,694.942,1.0,729.065,689.814,1.0,330.143,202.004,1.0,333.935,197.898,1.0,331.153,193.38,1.0,334.83,183.997,1.0,337.276,180.736,1.0,859.795,493.118,1.0,846.677,479.205,1.0,841.075,471.839,1.0,832.211,473.065,1.0,831.251,485.308,1.0
472,609.272,803.771,1.0,600.132,808.25,1.0,597.168,815.263,1.0,589.739,821.512,1.0,580.366,824.433,1.0,442.871,592.754,1.0,448.923,598.318,1.0,447.068,607.679,1.0,440.175,614.226,1.0,435.356,621.995,1.0,736.146,713.682,1.0,735.943,711.952,1.0,733.42,704.242,1.0,728.644,694.942,1.0,728.488,689.814,1.0,330.143,203.308,1.0,333.935,197.93,1.0,331.028,193.38,1.0,334.67,184.509,1.0,337.276,180.891,1.0,859.944,493.463,1.0,846.677,479.342,1.0,843.737,471.938,1.0,833.954,472.93,1.0,830.931,482.551,1.0
473,609.851,803.771,1.0,600.132,807.967,1.0,597.203,815.263,1.0,590.211,820.603,1.0,580.696,824.433,1.0,452.74,594.597,1.0,448.923,598.465,1.0,437.753,607.679,1.0,436.729,615.564,1.0,434.808,626.679,1.0,741.583,713.132,1.0,738.117,711.952,1.0,733.993,704.038,1.0,728.327,694.942,1.0,728.364,689.814,1.0,330.143,203.308,1.0,333.035,197.97,1.0,331.028,192.629,1.0,334.638,184.509,1.0,337.379,180.736,1.0,860.422,494.142,1.0,848.468,479.546,1.0,845.971,471.938,1.0,834.363,473.042,1.0,830.062,481.072,1.0
474,612.11,803.425,1.0,602.549,806.948,1.0,597.271,815.263,1.0,590.827,820.351,1.0,581.466,824.433,1.0,458.398,603.179,1.0,448.923,599.396,1.0,437.753,608.473,1.0,436.729,615.588,1.0,434.808,626.679,1.0,744.586,706.273,1.0,738.117,711.843,1.0,734.455,704.038,1.0,727.95,697.712,1.0,728.364,691.908,1.0,330.298,203.308,1.0,332.346,198.155,1.0,330.598,192.366,1.0,334.636,184.509,1.0,337.56,180.714,1.0,860.508,494.471,1.0,849.583,479.697,1.0,845.971,471.938,1.0,834.895,473.065,1.0,830.062,479.682,1.0
475,616.394,802.887,1.0,606.094,806.762,1.0,598.329,814.171,1.0,591.174,818.37,1.0,584.452,824.433,1.0,458.752,606.966,1.0,448.923,602.478,1.0,437.753,608.506,1.0,436.729,615.94,1.0,434.808,626.679,1.0,746.578,702.132,1.0,738.117,711.843,1.0,734.517,704.038,1.0,726.789,698.75,1.0,728.466,691.908,1.0,330.298,203.018,1.0,332.265,198.155,1.0,329.055,189.802,1.0,334.636,182.678,1.0,337.56,179.978,1.0,860.549,494.471,1.0,849.785,480.168,1.0,846.078,472.193,1.0,834.996,473.065,1.0,830.062,479.308,1.0
476,616.932,802.135,1.0,612.444,806.748,1.0,598.329,814.044,1.0,591.433,817.963,1.0,585.69,823.242,1.0,458.752,617.788,1.0,448.985,606.598,1.0,440.894,608.868,1.0,439.997,615.94,1.0,441.584,622.9,1.0,747.0,702.107,1.0,740.573,707.275,1.0,736.152,704.038,1.0,726.789,698.75,1.0,728.466,691.908,1.0,330.352,202.887,1.0,332.265,198.155,1.0,328.979,189.522,1.0,334.319,182.359,1.0,337.379,179.978,1.0,861.518,494.471,1.0,850.734,481.266,1.0,846.078,472.789,1.0,835.59,474.066,1.0,830.499,479.27,1.0
477,616.932,800.65,1.0,612.964,806.265,1.0,598.329,813.555,1.0,591.467,817.145,1.0,586.038,822.914,1.0,458.398,620.629,1.0,448.985,609.052,1.0,440.894,608.473,1.0,439.997,615.958,1.0,443.084,621.815,1.0,747.0,702.036,1.0,740.655,705.804,1.0,736.152,704.038,1.0,726.789,698.795,1.0,728.993,691.256,1.0,330.298,202.564,1.0,332.265,197.97,1.0,328.423,189.433,1.0,334.144,182.359,1.0,337.235,179.978,1.0,862.002,492.895,1.0,852.953,483.887,1.0,847.401,474.849,1.0,838.841,475.258,1.0,830.881,479.27,1.0
478,616.932,798.993,1.0,612.964,805.98,1.0,598.518,813.4,1.0,591.467,814.813,1.0,586.087,822.48,1.0,458.398,620.927,1.0,449.767,610.615,1.0,440.894,608.473,1.0,439.997,615.94,1.0,443.246,621.682,1.0,748.945,702.036,1.0,742.048,705.619,1.0,736.152,705.083,1.0,726.789,699.088,1.0,729.135,691.256,1.0,330.189,202.264,1.0,332.64,198.155,1.0,328.4,189.433,1.0,334.058,182.678,1.0,337.033,180.357,1.0,864.416,491.182,1.0,855.981,483.887,1.0,848.557,475.387,1.0,839.955,475.484,1.0,831.43,479.308,1.0
479,616.932,798.831,1.0,612.444,805.418,1.0,599.279,812.243,1.0,591.467,814.696,1.0,587.47,821.989,1.0,458.441,620.927,1.0,449.78,610.768,1.0,441.094,606.884,1.0,439.997,615.371,1.0,443.246,621.474,1.0,751.247,699.405,1.0,745.609,698.922,1.0,734.495,704.715,1.0,727.131,698.795,1.0,730.802,691.089,1.0,329.95,201.945,1.0,332.798,198.168,1.0,328.4,189.522,1.0,333.844,182.926,1.0,336.915,180.596,1.0,864.459,490.704,1.0,856.453,483.887,1.0,849.101,475.485,1.0,839.955,476.212,1.0,831.43,479.438,1.0
480,619.726,798.993,1.0,612.444,805.339,1.0,599.595,811.709,1.0,592.762,814.518,1.0,588.461,821.229,1.0,458.441,620.927,1.0,450.759,610.768,1.0,440.217,606.884,1.0,439.997,615.349,1.0,443.484,621.28,1.0,751.553,699.405,1.0,745.609,698.922,1.0,733.704,704.715,1.0,727.131,698.263,1.0,730.802,691.083,1.0,329.95,201.593,1.0,332.851,198.168,1.0,328.4,189.786,1.0,333.504,183.352,1.0,336.81,180.958,1.0,864.731,490.512,1.0,856.526,483.93,1.0,849.767,475.776,1.0,839.955,476.242,1.0,831.43,479.506,1.0
481,619.726,798.993,1.0,612.185,803.685,1.0,604.216,809.801,1.0,596.396,813.87,1.0,590.554,820.631,1.0,459.845,619.894,1.0,454.874,610.768,1.0,439.947,606.884,1.0,439.74,615.349,1.0,443.709,621.474,1.0,751.597,699.405,1.0,745.609,698.743,1.0,733.704,704.715,1.0,726.971,698.259,1.0,730.802,691.069,1.0,329.95,201.593,1.0,332.851,198.77,1.0,329.143,193.35,1.0,332.713,184.472,1.0,336.222,181.342,1.0,864.784,490.367,1.0,857.236,483.93,1.0,850.164,477.432,1.0,838.752,476.338,1.0,832.152,479.506,1.0
482,621.0,801.439,1.0,612.185,802.613,1.0,605.55,807.981,1.0,599.03,813.328,1.0,592.143,820.096,1.0,460.372,619.723,1.0,455.011,610.768,1.0,440.217,609.089,1.0,440.028,615.349,1.0,443.484,621.28,1.0,751.927,699.51,1.0,745.609,698.619,1.0,734.483,704.137,1.0,726.971,697.915,1.0,730.893,691.083,1.0,330.312,202.032,1.0,332.798,198.77,1.0,329.143,193.69,1.0,331.54,185.565,1.0,336.105,181.787,1.0,864.984,490.367,1.0,857.595,486.192,1.0,850.745,479.345,1.0,838.752,476.756,1.0,832.152,479.438,1.0
483,622.197,801.439,1.0,612.185,801.911,1.0,605.55,806.662,1.0,599.295,812.977,1.0,592.292,819.403,1.0,460.67,619.723,1.0,455.14,610.768,1.0,440.7,611.174,1.0,440.028,615.349,1.0,443.012,621.28,1.0,752.007,699.875,1.0,745.674,698.547,1.0,734.495,703.543,1.0,727.131,697.915,1.0,730.722,691.083,1.0,330.635,202.032,1.0,332.256,199.358,1.0,329.143,194.194,1.0,331.189,186.202,1.0,335.027,181.845,1.0,865.095,490.367,1.0,858.352,486.486,1.0,851.158,479.697,1.0,838.752,477.172,1.0,832.152,479.063,1.0
484,622.227,801.439,1.0,612.21,801.127,1.0,605.55,806.05,1.0,599.731,812.977,1.0,592.651,818.863,1.0,461.043,619.723,1.0,455.167,611.67,1.0,440.7,611.625,1.0,440.028,615.349,1.0,442.933,621.28,1.0,752.675,700.954,1.0,745.722,698.462,1.0,735.798,702.697,1.0,727.552,697.915,1.0,730.67,691.55,1.0,330.726,202.082,1.0,329.837,199.358,1.0,329.082,194.604,1.0,330.974,186.437,1.0,334.326,181.884,1.0,865.368,490.367,1.0,859.257,486.622,1.0,851.158,479.345,1.0,840.368,477.172,1.0,833.072,477.924,1.0
485,622.37,801.434,1.0,612.338,800.178,1.0,605.55,805.376,1.0,599.731,812.446,1.0,592.651,818.775,1.0,463.441,621.77,1.0,457.039,616.225,1.0,451.053,613.066,1.0,439.146,613.479,1.0,436.348,620.416,1.0,755.944,703.221,1.0,748.843,696.737,1.0,737.362,701.325,1.0,728.711,698.126,1.0,730.67,692.1,1.0,330.635,202.379,1.0,329.504,199.358,1.0,328.993,195.45,1.0,330.974,186.458,1.0,334.014,181.884,1.0,867.6,489.973,1.0,859.395,486.622,1.0,850.164,479.021,1.0,840.368,477.172,1.0,833.072,477.778,1.0
486,622.503,801.123,1.0,613.962,799.288,1.0,605.55,805.339,1.0,599.983,812.429,1.0,592.73,818.749,1.0,465.437,625.994,1.0,459.226,617.317,1.0,453.893,615.701,1.0,439.146,612.417,1.0,433.94,617.806,1.0,756.822,703.655,1.0,748.878,696.655,1.0,738.803,701.325,1.0,728.965,698.126,1.0,730.232,693.011,1.0,330.635,202.663,1.0,329.418,199.358,1.0,328.993,195.45,1.0,330.974,186.458,1.0,333.886,181.845,1.0,867.952,486.641,1.0,859.597,486.622,1.0,849.54,479.345,1.0,840.368,476.321,1.0,833.072,477.778,1.0
487,622.825,798.471,1.0,615.679,798.997,1.0,609.855,803.485,1.0,600.267,809.376,1.0,594.562,817.686,1.0,465.437,625.994,1.0,459.226,617.793,1.0,453.893,616.114,1.0,438.895,612.417,1.0,433.94,617.433,1.0,758.601,703.747,1.0,750.689,696.539,1.0,740.115,700.711,1.0,729.822,698.126,1.0,729.463,694.184,1.0,329.87,203.3,1.0,329.418,200.038,1.0,328.993,195.45,1.0,331.23,186.437,1.0,333.353,181.845,1.0,867.952,482.789,1.0,859.395,485.868,1.0,849.158,479.021,1.0,839.542,475.446,1.0,832.144,477.778,1.0
488,624.616,786.146,1.0,617.322,793.976,1.0,614.306,802.439,1.0,601.711,808.378,1.0,597.57,812.758,1.0,465.552,625.994,1.0,459.765,618.135,1.0,453.987,616.408,1.0,438.895,612.417,1.0,433.93,617.19,1.0,759.041,704.042,1.0,750.763,696.539,1.0,740.126,700.419,1.0,729.951,698.147,1.0,728.656,695.174,1.0,329.648,204.262,1.0,329.349,200.078,1.0,329.66,195.457,1.0,331.292,186.256,1.0,333.351,181.401,1.0,867.6,479.232,1.0,859.257,485.364,1.0,848.209,479.021,1.0,839.303,475.446,1.0,831.732,478.024,1.0
489,624.616,785.654,1.0,618.806,793.976,1.0,614.855,802.393,1.0,605.868,807.253,1.0,597.85,811.081,1.0,465.552,625.994,1.0,459.878,618.135,1.0,454.206,616.678,1.0,438.895,612.579,1.0,433.94,617.068,1.0,759.041,704.052,1.0,750.763,696.539,1.0,740.126,700.419,1.0,729.986,698.009,1.0,727.791,695.857,1.0,329.648,204.262,1.0,329.349,200.078,1.0,329.964,195.371,1.0,331.292,186.256,1.0,333.353,181.122,1.0,867.952,477.115,1.0,859.395,485.29,1.0,848.209,479.431,1.0,839.303,475.443,1.0,831.377,478.169,1.0
490,624.616,785.654,1.0,618.807,793.976,1.0,614.855,802.092,1.0,605.877,806.596,1.0,597.878,811.081,1.0,470.197,626.236,1.0,460.2,623.11,1.0,454.787,616.766,1.0,440.0,612.585,1.0,434.281,615.939,1.0,759.069,704.064,1.0,750.763,697.215,1.0,740.126,700.444,1.0,730.143,697.933,1.0,727.789,696.063,1.0,329.87,204.262,1.0,329.349,200.038,1.0,329.964,195.327,1.0,331.292,186.256,1.0,333.535,181.122,1.0,866.093,471.776,1.0,858.75,477.541,1.0,848.311,479.735,1.0,839.303,475.446,1.0,830.911,478.911,1.0
491,624.421,785.654,1.0,618.807,793.976,1.0,614.855,802.084,1.0,605.978,806.351,1.0,597.878,811.081,1.0,471.349,626.399,1.0,464.207,624.115,1.0,457.298,617.225,1.0,441.442,613.143,1.0,435.844,614.529,1.0,759.416,704.214,1.0,750.604,697.518,1.0,739.997,700.444,1.0,730.143,697.714,1.0,727.789,696.139,1.0,330.883,203.384,1.0,329.349,198.997,1.0,329.964,195.155,1.0,331.202,186.662,1.0,333.535,181.122,1.0,866.028,471.776,1.0,858.75,472.535,1.0,848.311,479.735,1.0,840.033,475.401,1.0,830.911,479.119,1.0
492,624.421,785.654,1.0,619.262,793.961,1.0,614.855,802.014,1.0,606.98,806.094,1.0,598.598,811.182,1.0,473.718,626.949,1.0,464.207,624.585,1.0,457.298,617.225,1.0,441.46,613.203,1.0,436.635,613.464,1.0,759.493,704.549,1.0,750.604,697.518,1.0,739.997,704.898,1.0,730.179,697.714,1.0,727.777,696.281,1.0,331.534,202.696,1.0,329.337,197.552,1.0,328.884,194.328,1.0,330.453,186.667,1.0,334.27,181.708,1.0,866.028,471.133,1.0,859.045,472.045,1.0,848.552,479.735,1.0,840.639,475.347,1.0,831.377,479.119,1.0
493,624.421,785.654,1.0,619.262,793.069,1.0,614.855,801.017,1.0,607.402,805.823,1.0,598.995,811.182,1.0,473.718,627.719,1.0,468.88,625.651,1.0,457.4,617.692,1.0,441.803,613.515,1.0,436.7,612.34,1.0,759.553,704.685,1.0,750.604,697.518,1.0,739.997,704.898,1.0,730.647,697.714,1.0,727.777,696.063,1.0,331.876,201.481,1.0,329.064,197.02,1.0,328.016,194.011,1.0,329.854,186.667,1.0,334.719,182.0,1.0,868.397,470.933,1.0,860.648,471.375,1.0,852.078,479.431,1.0,840.742,475.347,1.0,831.491,478.911,1.0
494,628.725,784.974,1.0,620.851,790.516,1.0,616.001,800.966,1.0,608.741,805.43,1.0,600.953,811.182,1.0,473.718,629.161,1.0,468.88,625.651,1.0,457.298,618.019,1.0,441.46,613.573,1.0,436.73,612.34,1.0,762.178,704.685,1.0,755.294,696.971,1.0,742.022,705.275,1.0,731.173,699.285,1.0,727.908,696.147,1.0,331.876,201.481,1.0,329.056,196.897,1.0,328.016,194.007,1.0,329.286,186.667,1.0,334.719,182.056,1.0,868.704,470.913,1.0,861.761,471.041,1.0,853.252,478.025,1.0,843.264,475.551,1.0,834.481,476.933,1.0
495,629.212,781.985,1.0,621.133,790.408,1.0,618.231,800.194,1.0,608.846,801.492,1.0,602.759,809.783,1.0,473.499,629.161,1.0,466.849,625.806,1.0,457.005,618.262,1.0,441.803,613.62,1.0,436.904,612.34,1.0,763.764,704.549,1.0,756.733,696.971,1.0,743.421,705.275,1.0,732.051,699.561,1.0,728.966,696.457,1.0,331.876,201.129,1.0,329.056,196.897,1.0,327.983,193.972,1.0,329.227,186.649,1.0,334.719,182.061,1.0,869.844,470.665,1.0,862.758,471.041,1.0,853.268,477.612,1.0,843.264,475.777,1.0,835.399,475.226,1.0
496,631.574,781.937,1.0,621.799,789.304,1.0,620.001,799.253,1.0,609.57,801.013,1.0,603.837,808.012,1.0,473.499,629.693,1.0,466.084,626.824,1.0,457.005,618.301,1.0,442.102,613.868,1.0,437.033,612.614,1.0,765.762,704.045,1.0,757.915,696.913,1.0,744.596,707.038,1.0,734.996,701.068,1.0,728.966,696.731,1.0,331.421,201.129,1.0,328.94,196.897,1.0,327.744,193.972,1.0,329.227,186.622,1.0,334.514,182.078,1.0,870.318,470.647,1.0,862.758,470.48,1.0,853.252,477.612,1.0,843.264,476.534,1.0,835.693,475.169,1.0
497,632.039,781.985,1.0,621.799,788.586,1.0,620.252,798.875,1.0,609.73,800.811,1.0,604.75,807.729,1.0,472.343,629.693,1.0,466.084,626.824,1.0,457.645,618.301,1.0,442.383,614.535,1.0,438.105,612.768,1.0,766.076,704.045,1.0,757.934,696.788,1.0,744.596,707.381,1.0,734.996,701.081,1.0,728.966,696.731,1.0,331.421,201.992,1.0,328.555,197.336,1.0,327.744,194.007,1.0,328.974,186.622,1.0,334.479,182.091,1.0,870.735,470.448,1.0,863.215,470.48,1.0,853.268,478.025,1.0,843.264,476.675,1.0,836.045,475.118,1.0
498,632.621,781.937,1.0,621.799,787.998,1.0,620.313,797.182,1.0,611.064,799.995,1.0,606.532,807.23,1.0,472.343,638.152,1.0,465.316,630.433,1.0,458.316,622.487,1.0,453.493,615.643,1.0,440.669,613.993,1.0,766.076,703.436,1.0,757.934,696.725,1.0,744.596,707.435,1.0,734.996,701.249,1.0,728.536,696.768,1.0,331.394,202.613,1.0,328.319,197.975,1.0,327.923,194.506,1.0,328.973,186.622,1.0,334.479,182.701,1.0,871.24,470.2,1.0,863.563,470.12,1.0,853.67,482.68,1.0,843.264,476.817,1.0,837.448,474.333,1.0
499,632.761,781.724,1.0,622.092,786.375,1.0,620.682,795.049,1.0,614.668,799.293,1.0,608.252,805.627,1.0,472.798,638.799,1.0,465.316,631.498,1.0,458.442,622.487,1.0,454.026,615.874,1.0,443.034,613.993,1.0,765.762,703.929,1.0,757.915,696.788,1.0,744.295,707.435,1.0,732.254,701.375,1.0,728.476,696.768,1.0,331.394,202.915,1.0,328.127,198.992,1.0,327.923,196.051,1.0,328.545,187.494,1.0,333.989,183.562,1.0,872.479,468.689,1.0,863.848,468.531,1.0,854.179,482.68,1.0,844.235,476.895,1.0,838.787,474.333,1.0
500,632.789,780.253,1.0,625.097,783.253,1.0,620.713,790.52,1.0,615.489,798.746,1.0,609.659,804.807,1.0,472.837,639.877,1.0,465.13,631.842,1.0,461.058,622.487,1.0,454.118,617.186,1.0,443.543,614.206,1.0,760.331,703.929,1.0,757.317,696.788,1.0,744.295,707.435,1.0,731.949,702.155,1.0,728.476,696.987,1.0,331.394,203.068,1.0,327.956,198.992,1.0,327.923,197.083,1.0,328.557,188.11,1.0,333.503,184.811,1.0,872.602,467.913,1.0,866.921,465.687,1.0,858.117,483.035,1.0,847.782,476.895,1.0,838.96,474.333,1.0
501,636.62,773.45,1.0,631.205,780.542,1.0,621.157,789.077,1.0,615.849,794.622,1.0,610.815,804.234,1.0,472.837,639.877,1.0,465.13,632.13,1.0,461.555,622.487,1.0,454.118,617.264,1.0,444.026,614.206,1.0,759.431,704.282,1.0,755.627,697.263,1.0,743.74,707.034,1.0,731.44,702.171,1.0,728.476,696.987,1.0,331.012,203.068,1.0,327.75,200.042,1.0,328.321,198.513,1.0,328.557,189.265,1.0,333.094,185.649,1.0,872.754,466.509,1.0,867.895,465.461,1.0,858.849,482.832,1.0,848.326,477.33,1.0,839.355,474.597,1.0
502,636.62,773.327,1.0,631.525,780.067,1.0,621.506,788.935,1.0,616.43,794.483,1.0,610.889,803.785,1.0,472.869,639.877,1.0,465.13,632.494,1.0,461.775,622.487,1.0,454.194,617.439,1.0,444.288,614.206,1.0,758.695,705.172,1.0,751.503,705.433,1.0,743.74,703.906,1.0,731.184,702.301,1.0,728.476,697.139,1.0,330.868,203.068,1.0,327.75,200.042,1.0,328.599,199.204,1.0,328.545,189.545,1.0,333.326,186.842,1.0,873.346,466.509,1.0,868.001,465.439,1.0,858.926,482.832,1.0,848.542,477.378,1.0,839.759,474.597,1.0
503,636.678,773.233,1.0,631.674,779.784,1.0,624.923,787.63,1.0,616.714,794.251,1.0,611.319,803.775,1.0,474.666,638.527,1.0,465.13,632.13,1.0,461.938,623.75,1.0,454.197,618.078,1.0,444.5,614.572,1.0,758.115,705.172,1.0,751.224,706.833,1.0,745.55,703.906,1.0,731.096,702.171,1.0,728.476,697.139,1.0,,203.998,1.0,327.75,200.25,1.0,328.599,199.204,1.0,328.557,189.545,1.0,332.941,186.842,1.0,873.994,466.509,1.0,868.277,465.439,1.0,859.302,482.134,1.0,849.54,477.378,1.0,840.585,474.597,1.0
504,636.714,772.364,1.0,632.194,779.784,1.0,626.308,786.076,1.0,618.103,793.884,1.0,611.459,802.835,1.0,474.884,638.527,1.0,465.13,631.842,1.0,462.184,624.771,1.0,454.197,619.185,1.0,445.844,615.254,1.0,758.115,705.172,1.0,750.985,706.925,1.0,745.66,703.906,1.0,731.096,702.171,1.0,727.707,697.981,1.0,330.612,204.038,0.0,328.021,200.25,1.0,328.843,199.204,1.0,328.693,189.545,1.0,332.941,186.842,1.0,873.994,466.509,1.0,869.418,465.687,1.0,860.222,480.536,1.0,851.296,477.378,1.0,842.732,474.697,1.0
505,637.15,770.133,1.0,632.448,777.584,1.0,627.572,784.738,1.0,619.883,792.433,1.0,615.563,797.518,1.0,476.812,637.857,1.0,470.373,629.795,1.0,463.349,627.343,1.0,454.197,619.543,1.0,445.844,616.937,1.0,758.364,705.102,1.0,750.985,707.094,1.0,745.66,698.815,1.0,731.184,701.989,1.0,727.707,698.063,1.0,330.612,204.394,1.0,328.489,200.246,1.0,329.079,198.792,1.0,328.756,189.239,1.0,333.326,186.674,1.0,875.039,466.509,1.0,869.594,470.655,1.0,863.193,476.1,1.0,855.028,477.513,1.0,845.392,474.697,1.0
506,637.499,769.93,1.0,633.051,777.547,1.0,629.009,784.733,1.0,623.573,789.746,1.0,616.164,797.24,1.0,478.33,637.857,1.0,471.25,629.771,1.0,464.847,628.862,1.0,455.04,620.254,1.0,446.313,617.502,1.0,758.364,705.102,1.0,750.985,707.153,1.0,745.677,698.815,1.0,731.184,701.989,1.0,727.707,698.465,1.0,330.44,204.394,1.0,328.489,200.246,1.0,328.843,197.957,1.0,329.291,189.163,1.0,333.358,185.403,1.0,876.327,464.764,1.0,870.038,471.218,1.0,863.409,474.459,1.0,855.028,477.513,1.0,845.392,476.228,1.0
507,637.499,769.93,1.0,633.862,777.382,1.0,629.582,784.266,1.0,623.573,789.454,1.0,616.903,797.223,1.0,480.604,641.515,1.0,471.882,629.771,1.0,464.922,629.451,1.0,455.262,620.656,1.0,446.313,617.531,1.0,760.331,705.102,1.0,753.396,707.802,1.0,745.677,698.974,1.0,737.203,701.989,1.0,728.597,698.882,1.0,330.44,204.113,1.0,328.489,200.246,1.0,328.843,197.957,1.0,329.738,189.008,1.0,333.44,185.336,1.0,877.715,464.764,1.0,872.577,471.885,1.0,863.409,474.443,1.0,855.029,477.805,1.0,845.392,476.602,1.0
508,637.63,769.93,1.0,634.422,777.382,1.0,630.385,784.266,1.0,623.648,789.005,1.0,618.49,796.706,1.0,480.77,641.515,1.0,471.882,629.795,1.0,464.934,629.687,1.0,455.358,620.782,1.0,446.313,617.755,1.0,761.246,705.671,1.0,756.703,707.802,1.0,748.089,698.974,1.0,739.71,702.258,1.0,730.241,699.427,1.0,330.44,204.113,1.0,328.63,200.136,1.0,329.158,197.957,1.0,329.738,189.008,1.0,333.44,185.135,1.0,878.408,464.764,1.0,874.121,471.885,1.0,863.407,473.966,1.0,855.293,477.949,1.0,845.605,477.343,1.0
509,637.645,769.802,1.0,635.585,776.836,1.0,630.599,783.109,1.0,623.723,786.369,1.0,619.398,796.372,1.0,481.117,641.299,1.0,471.882,629.857,1.0,465.015,629.687,1.0,455.417,620.782,1.0,446.313,617.531,1.0,761.634,705.79,1.0,757.418,707.802,1.0,748.676,698.974,1.0,740.545,702.479,1.0,731.071,699.793,1.0,330.368,204.113,1.0,328.942,200.136,1.0,329.321,198.153,1.0,329.738,189.008,1.0,333.44,184.93,1.0,878.619,464.812,1.0,874.202,472.141,1.0,863.407,473.966,1.0,855.293,477.949,1.0,845.605,477.343,1.0
510,639.077,767.135,1.0,636.809,774.471,1.0,632.325,781.46,1.0,624.003,783.492,1.0,620.168,796.06,1.0,481.28,641.515,1.0,472.289,630.643,1.0,465.094,629.845,1.0,456.235,621.545,1.0,447.683,617.755,1.0,762.976,705.84,1.0,758.765,707.263,1.0,749.093,700.456,1.0,742.308,702.627,1.0,732.049,700.115,1.0,330.368,198.541,1.0,329.365,199.591,1.0,329.321,198.55,1.0,328.799,189.375,1.0,333.268,184.93,1.0,879.092,464.812,1.0,874.99,472.141,1.0,863.409,471.937,1.0,856.051,477.949,1.0,845.605,477.343,1.0
511,645.698,762.57,1.0,640.56,769.295,1.0,632.379,777.091,1.0,630.69,783.141,1.0,622.438,791.367,1.0,481.425,641.428,1.0,472.797,631.783,1.0,465.116,630.383,1.0,458.3,623.188,1.0,454.125,617.818,1.0,763.153,705.84,1.0,759.101,707.263,1.0,749.442,701.047,1.0,742.621,703.355,1.0,732.494,700.435,1.0,330.726,198.541,1.0,329.365,199.343,1.0,329.321,198.55,1.0,328.537,189.375,1.0,333.2,184.814,1.0,880.325,464.812,1.0,876.11,472.141,1.0,864.543,471.509,1.0,856.544,477.731,1.0,846.514,477.147,1.0
512,647.243,762.496,1.0,641.302,766.519,1.0,632.949,776.564,1.0,631.012,782.959,1.0,623.533,790.758,1.0,485.32,641.299,1.0,476.283,634.684,1.0,468.759,630.42,1.0,458.519,625.841,1.0,457.19,618.094,1.0,763.153,705.84,1.0,759.101,707.26,1.0,749.613,701.264,1.0,742.621,703.667,1.0,732.733,700.846,1.0,330.368,198.541,1.0,329.365,198.95,1.0,326.911,198.55,1.0,327.339,189.375,1.0,333.004,184.738,1.0,885.286,464.173,1.0,880.07,472.655,1.0,867.232,470.428,1.0,857.079,475.511,1.0,851.521,476.432,1.0
513,647.243,762.116,1.0,641.302,766.188,1.0,632.949,775.447,1.0,631.326,782.425,1.0,624.052,790.515,1.0,486.11,641.106,1.0,476.283,635.686,1.0,468.759,630.679,1.0,458.974,627.336,1.0,457.263,618.193,1.0,763.153,705.702,1.0,759.101,707.26,1.0,749.613,701.471,1.0,742.833,703.669,1.0,732.818,700.846,1.0,330.379,198.718,1.0,329.323,198.431,1.0,326.89,197.874,1.0,326.725,189.188,1.0,333.162,184.71,1.0,885.286,464.173,1.0,880.07,472.782,1.0,867.232,470.428,1.0,857.079,475.511,1.0,851.521,476.432,1.0
514,647.649,761.073,1.0,642.582,766.188,1.0,633.665,774.679,1.0,631.326,782.105,1.0,624.314,790.086,1.0,486.504,640.606,1.0,476.667,636.359,1.0,469.135,631.697,1.0,459.42,627.667,1.0,457.284,618.679,1.0,763.119,705.56,1.0,759.101,707.315,1.0,749.613,701.529,1.0,742.959,703.667,1.0,732.818,700.863,1.0,330.833,198.718,1.0,329.215,198.431,1.0,326.713,197.874,1.0,326.621,189.188,1.0,333.162,184.71,1.0,885.286,464.173,1.0,880.07,471.571,1.0,867.232,470.428,1.0,857.22,475.511,1.0,851.521,476.432,1.0
515,647.845,760.41,1.0,643.109,761.906,1.0,633.861,773.364,1.0,631.326,780.855,1.0,624.91,789.094,1.0,488.083,640.606,1.0,476.283,636.516,1.0,469.566,632.649,1.0,459.483,627.748,1.0,457.284,618.989,1.0,763.119,705.56,1.0,759.152,707.71,1.0,750.072,701.774,1.0,743.17,703.758,1.0,733.687,700.896,1.0,330.833,198.718,1.0,329.154,198.431,1.0,326.546,197.874,1.0,326.577,189.188,1.0,333.127,184.71,1.0,880.707,470.982,1.0,875.541,470.587,1.0,865.071,470.568,1.0,857.079,475.793,1.0,847.115,477.554,1.0
516,649.71,754.793,1.0,644.731,761.904,1.0,633.947,770.139,1.0,631.528,775.386,1.0,625.691,787.185,1.0,488.083,640.606,1.0,476.283,636.516,1.0,469.566,632.65,1.0,459.483,627.748,1.0,457.753,619.717,1.0,763.119,705.56,1.0,759.152,708.155,1.0,750.072,701.878,1.0,743.399,703.771,1.0,733.766,700.964,1.0,330.379,198.718,1.0,328.947,198.532,1.0,326.593,198.311,1.0,326.621,189.267,1.0,333.127,185.147,1.0,880.707,475.169,1.0,875.459,467.829,1.0,864.374,471.302,1.0,856.319,477.096,1.0,847.039,477.808,1.0
517,652.488,753.496,1.0,645.354,761.904,1.0,635.323,769.902,1.0,634.541,774.9,1.0,630.12,780.06,1.0,488.422,641.117,1.0,476.667,640.123,1.0,472.626,633.996,1.0,462.806,628.628,1.0,458.463,621.588,1.0,764.168,706.502,1.0,759.685,708.214,1.0,750.548,702.591,1.0,744.121,703.771,1.0,733.929,700.995,1.0,330.833,198.819,1.0,328.762,199.259,1.0,326.593,199.042,1.0,326.621,189.773,1.0,333.127,186.083,1.0,878.798,475.169,1.0,874.222,465.383,1.0,863.754,471.749,1.0,855.337,478.796,1.0,846.485,478.189,1.0
518,652.935,752.897,1.0,645.527,761.904,1.0,639.335,769.375,1.0,634.614,774.831,1.0,630.234,779.822,1.0,489.181,645.621,1.0,480.257,644.628,1.0,472.784,638.456,1.0,468.33,628.901,1.0,461.629,624.931,1.0,764.432,710.551,1.0,761.062,708.256,1.0,751.953,703.01,1.0,744.121,703.758,1.0,734.585,701.88,1.0,330.833,198.3,1.0,327.919,199.259,1.0,326.242,199.042,1.0,326.621,189.773,1.0,332.692,186.083,1.0,878.43,475.169,1.0,873.947,465.099,1.0,863.204,472.54,1.0,855.337,478.867,1.0,846.366,478.189,1.0
519,652.935,752.882,1.0,645.568,761.904,1.0,639.487,768.817,1.0,635.307,774.677,1.0,630.292,779.589,1.0,491.055,646.123,1.0,480.622,645.23,1.0,473.173,638.456,1.0,468.33,629.408,1.0,461.831,625.758,1.0,766.855,710.551,1.0,761.384,708.661,1.0,752.684,703.419,1.0,744.121,703.758,1.0,735.561,702.566,1.0,329.882,198.122,1.0,329.154,199.259,1.0,326.128,199.042,1.0,,190.108,1.0,332.183,186.083,1.0,877.606,470.762,1.0,873.947,465.383,1.0,864.374,475.72,1.0,855.337,478.796,1.0,846.36,478.189,1.0
520,653.456,752.882,1.0,646.527,761.505,1.0,639.487,768.755,1.0,636.113,773.575,1.0,630.292,779.421,1.0,493.347,647.798,1.0,481.3,645.811,1.0,473.827,638.689,1.0,468.612,629.408,1.0,461.898,626.461,1.0,771.622,710.551,1.0,765.298,709.21,1.0,755.181,704.18,1.0,742.523,702.664,1.0,738.27,702.653,1.0,,,,332.134,,,331.458,,,326.848,195.6,,,199.959,,871.658,467.303,1.0,870.092,465.383,1.0,864.299,475.72,1.0,855.337,478.796,1.0,846.239,478.001,1.0
521,653.456,750.186,1.0,646.527,761.505,1.0,643.001,768.624,1.0,636.808,772.533,1.0,630.897,779.255,1.0,493.748,648.052,1.0,481.531,646.089,1.0,474.346,639.145,1.0,468.754,631.75,1.0,461.831,627.05,1.0,772.178,710.347,1.0,765.623,709.331,1.0,755.229,704.208,1.0,742.414,702.664,1.0,738.543,702.653,1.0,329.513,196.069,1.0,332.65,194.067,1.0,,,0.0,327.237,197.651,0.9990000128746033,,,0.0,868.803,466.82,1.0,867.921,472.663,1.0,863.187,475.72,1.0,855.337,478.12,1.0,845.715,477.39,1.0
522,652.106,749.956,1.0,646.527,758.58,1.0,644.675,765.746,1.0,636.849,770.586,1.0,630.927,779.122,1.0,494.35,648.052,1.0,481.531,646.089,1.0,476.847,639.658,1.0,468.99,631.814,1.0,461.898,627.428,1.0,772.178,709.963,1.0,765.812,709.72,1.0,755.491,704.221,1.0,742.374,702.664,1.0,738.543,702.566,1.0,329.205,195.776,1.0,332.614,192.88,1.0,331.816,196.171,1.0,326.902,197.446,0.9990000128746033,331.118,200.081,0.8730000257492065,861.605,466.526,1.0,865.65,472.663,1.0,863.743,474.881,1.0,854.765,476.98,1.0,844.76,477.074,1.0
523,652.106,748.833,1.0,646.193,758.447,1.0,644.675,765.197,1.0,636.849,770.163,1.0,630.938,779.122,1.0,494.511,648.402,1.0,484.424,646.089,1.0,480.184,639.658,1.0,471.009,634.714,1.0,462.662,630.21,1.0,771.678,709.832,1.0,765.623,709.331,1.0,755.229,704.359,1.0,742.374,702.672,1.0,738.556,702.27,1.0,329.08,195.776,1.0,332.556,192.88,1.0,331.458,196.171,1.0,326.848,196.213,0.9990000128746033,331.118,199.959,0.9150000214576721,860.602,465.831,1.0,865.501,472.663,1.0,863.743,474.881,1.0,854.524,474.92,1.0,844.676,476.6,1.0
524,652.254,747.336,1.0,646.193,757.08,1.0,644.675,764.391,1.0,636.808,769.052,1.0,632.917,779.122,1.0,497.508,653.811,1.0,488.039,643.551,1.0,480.565,642.83,1.0,471.251,636.36,1.0,462.899,632.04,1.0,771.939,709.832,1.0,765.812,709.72,1.0,755.491,704.406,1.0,742.414,702.773,1.0,738.556,702.16,1.0,329.08,195.653,1.0,332.556,192.657,1.0,331.003,196.103,1.0,326.848,196.213,0.9990000128746033,331.04,199.704,0.8370000123977661,858.376,465.756,1.0,862.118,471.015,1.0,863.241,474.697,1.0,854.333,474.49,1.0,844.527,476.539,1.0
525,652.254,747.33,1.0,646.193,756.826,1.0,644.308,764.336,1.0,636.808,768.789,1.0,632.917,778.798,1.0,498.089,653.811,1.0,488.201,642.886,1.0,480.923,643.562,1.0,472.06,636.373,1.0,463.162,632.664,1.0,771.939,709.963,1.0,766.019,709.813,1.0,755.601,704.644,1.0,742.441,702.81,1.0,738.76,701.933,1.0,329.264,194.93,1.0,332.65,193.24,1.0,324.755,195.365,1.0,326.78,,1.0,333.195,,1.0,858.37,465.756,1.0,862.118,470.654,1.0,863.241,474.694,1.0,854.524,474.06,1.0,844.527,476.43,1.0
526,652.26,747.258,1.0,646.416,756.03,1.0,644.308,763.344,1.0,636.849,768.773,1.0,632.997,778.211,1.0,499.02,653.811,1.0,488.731,642.886,1.0,480.923,643.727,1.0,472.38,636.409,1.0,463.406,633.322,1.0,771.939,710.417,1.0,766.045,710.423,1.0,755.655,705.015,1.0,743.159,702.82,1.0,738.838,701.922,1.0,329.205,,,332.697,193.314,,,,,,195.103,,334.46,187.9,,858.223,465.306,1.0,862.118,469.967,1.0,863.559,474.407,1.0,854.524,473.902,1.0,844.527,476.406,1.0
527,652.328,744.707,1.0,647.137,754.523,1.0,644.308,761.948,1.0,638.234,768.217,1.0,633.26,776.378,1.0,499.663,653.156,1.0,489.005,642.886,1.0,480.923,645.232,1.0,472.38,636.819,1.0,463.406,633.372,1.0,773.178,710.988,1.0,766.709,710.593,1.0,756.346,705.057,1.0,743.723,702.842,1.0,738.921,701.92,1.0,329.264,194.375,1.0,333.012,194.324,1.0,,,0.0,326.747,195.103,1.0,334.601,187.9,0.949999988079071,857.079,463.965,1.0,865.741,467.62,1.0,863.241,474.385,1.0,854.649,473.858,1.0,844.835,476.29,1.0
528,656.98,740.59,1.0,649.364,746.198,1.0,649.027,756.844,1.0,639.886,766.126,1.0,635.367,773.391,1.0,499.663,653.156,1.0,489.523,643.155,1.0,480.923,645.485,1.0,472.918,636.965,1.0,463.734,633.372,1.0,773.182,711.414,1.0,767.05,710.84,1.0,757.282,705.275,1.0,744.24,702.92,1.0,739.337,701.922,1.0,329.025,194.375,1.0,332.717,194.324,1.0,323.762,198.815,1.0,326.747,194.942,1.0,334.46,187.714,0.9490000009536743,856.804,463.628,1.0,865.741,467.455,1.0,863.559,473.854,1.0,854.649,473.234,1.0,845.175,475.59,1.0
529,658.312,738.898,1.0,649.818,746.198,1.0,650.409,756.161,1.0,643.909,762.644,1.0,637.678,772.26,1.0,499.663,653.156,1.0,489.741,643.371,1.0,481.674,645.555,1.0,473.816,636.98,1.0,465.712,633.372,1.0,773.794,717.543,1.0,767.05,712.433,1.0,760.555,705.275,1.0,744.691,703.443,1.0,740.418,701.933,1.0,329.025,194.34,1.0,332.697,194.324,1.0,323.609,198.815,1.0,326.747,193.947,1.0,334.434,187.619,0.9990000128746033,856.569,460.739,1.0,865.741,463.876,1.0,863.559,472.742,1.0,854.649,472.6,1.0,846.65,475.024,1.0
530,658.312,738.898,1.0,650.327,746.121,1.0,650.826,756.07,1.0,644.224,762.306,1.0,638.323,772.139,1.0,497.549,655.731,1.0,492.065,646.136,1.0,484.211,645.697,1.0,473.851,638.629,1.0,470.741,632.542,1.0,774.507,717.855,1.0,767.05,713.114,1.0,761.007,705.319,1.0,744.957,703.589,1.0,740.905,701.666,1.0,329.025,194.375,1.0,332.697,195.806,1.0,323.609,198.815,1.0,326.747,193.454,1.0,333.786,187.603,1.0,856.569,460.379,1.0,865.328,463.499,1.0,863.559,472.333,1.0,854.904,472.6,1.0,846.65,474.36,1.0
531,658.312,738.85,1.0,651.99,746.091,1.0,651.323,755.718,1.0,644.619,761.884,1.0,639.326,771.93,1.0,496.983,657.091,1.0,492.065,646.89,1.0,485.912,645.697,1.0,473.952,638.629,1.0,470.741,632.542,1.0,775.495,717.855,1.0,766.501,715.446,1.0,761.889,705.316,1.0,745.372,703.774,1.0,741.37,701.666,1.0,330.713,194.496,1.0,332.654,197.137,1.0,323.762,199.766,1.0,326.747,192.96,1.0,332.288,187.02,1.0,856.569,460.33,1.0,864.902,463.365,1.0,863.309,472.263,1.0,854.721,472.6,1.0,846.65,473.916,1.0
532,658.882,738.145,1.0,652.657,746.091,1.0,651.323,755.718,1.0,645.089,761.884,1.0,639.645,771.873,1.0,492.81,657.091,1.0,492.065,646.89,1.0,485.912,645.697,1.0,473.851,638.634,1.0,470.741,632.542,1.0,775.564,717.855,1.0,766.479,715.746,1.0,762.092,705.316,1.0,746.048,704.201,1.0,744.113,699.254,1.0,330.713,194.496,1.0,332.654,197.137,1.0,323.762,199.766,1.0,326.569,191.542,1.0,332.288,186.796,1.0,858.384,457.043,1.0,864.128,462.707,1.0,863.34,472.224,1.0,854.721,472.762,1.0,847.347,473.916,1.0
533,659.226,736.618,1.0,653.088,745.549,1.0,651.936,754.566,1.0,645.114,761.884,1.0,640.098,771.063,1.0,492.81,655.731,1.0,489.799,646.89,1.0,485.912,644.279,1.0,473.816,638.634,1.0,470.299,632.542,1.0,775.564,717.375,1.0,766.479,715.746,1.0,762.232,705.593,1.0,746.175,704.218,1.0,744.138,699.221,1.0,330.713,195.201,1.0,332.654,197.137,1.0,324.001,199.766,1.0,326.569,191.542,1.0,332.288,186.796,1.0,858.474,453.075,1.0,864.112,462.177,1.0,863.309,471.1,1.0,855.192,473.279,1.0,847.283,474.36,1.0
534,660.652,736.618,1.0,653.855,743.62,1.0,651.936,752.683,1.0,645.3,759.493,1.0,640.895,767.649,1.0,492.81,657.091,1.0,489.799,646.416,1.0,484.544,644.279,1.0,473.243,639.125,1.0,469.729,632.542,1.0,775.973,717.359,1.0,766.501,715.446,1.0,762.298,705.744,1.0,746.238,704.259,1.0,744.174,699.123,1.0,329.88,195.201,1.0,332.675,197.061,1.0,324.001,199.399,1.0,326.103,191.542,1.0,332.595,186.796,1.0,858.905,452.049,1.0,864.112,461.571,1.0,862.474,470.771,1.0,855.255,473.279,1.0,847.283,474.33,1.0
535,662.861,736.618,1.0,654.665,742.784,1.0,652.1,752.158,1.0,645.361,756.711,1.0,643.011,761.669,1.0,493.652,654.803,1.0,489.799,645.481,1.0,484.149,644.279,1.0,473.238,639.125,1.0,469.669,632.284,1.0,776.134,717.359,1.0,766.501,715.446,1.0,762.298,705.744,1.0,746.358,704.428,1.0,744.228,699.123,1.0,329.88,195.157,1.0,332.654,196.616,1.0,324.001,199.114,1.0,326.103,192.508,1.0,332.595,187.068,1.0,858.986,451.755,1.0,864.112,460.992,1.0,861.426,470.727,1.0,855.255,473.115,1.0,847.712,474.624,1.0
536,664.403,737.129,1.0,655.149,742.131,1.0,652.1,751.714,1.0,645.979,756.329,1.0,643.186,760.643,1.0,496.556,654.286,1.0,490.827,645.481,1.0,484.08,645.942,1.0,472.86,639.125,1.0,469.331,632.284,1.0,776.134,717.28,1.0,767.089,715.861,1.0,762.232,705.794,1.0,746.905,704.452,1.0,744.228,699.123,1.0,329.88,195.157,1.0,332.558,194.985,1.0,324.001,198.087,1.0,326.521,194.119,1.0,332.595,188.032,0.9959999918937683,858.995,451.522,1.0,864.451,460.54,1.0,861.045,470.165,1.0,855.279,473.448,1.0,847.921,474.624,1.0
537,664.749,737.129,1.0,655.149,742.02,1.0,652.611,751.218,1.0,647.112,755.347,1.0,643.585,760.441,1.0,496.556,653.628,1.0,491.246,646.416,1.0,482.491,646.191,1.0,472.86,638.857,1.0,469.21,632.284,1.0,776.134,717.272,1.0,767.089,717.001,1.0,759.183,706.043,1.0,747.554,705.019,1.0,744.174,699.123,1.0,329.69,195.344,1.0,332.41,194.985,1.0,330.763,194.899,1.0,326.93,196.848,0.9990000128746033,331.129,199.97,0.9210000038146973,859.074,451.377,1.0,864.714,460.155,1.0,860.98,470.165,1.0,855.279,473.513,1.0,847.712,474.51,1.0
538,664.749,737.129,1.0,655.711,741.611,1.0,652.933,750.417,1.0,647.112,754.67,1.0,643.629,760.04,1.0,496.556,644.829,1.0,491.622,650.956,1.0,480.314,646.201,1.0,470.312,638.857,1.0,468.821,632.752,1.0,779.4,717.272,1.0,767.089,717.001,1.0,759.183,706.385,1.0,751.534,706.232,1.0,745.043,701.584,1.0,329.69,197.858,1.0,332.156,194.985,1.0,331.536,192.29,1.0,327.79,196.938,1.0,326.774,202.159,0.9929999709129333,861.101,450.311,1.0,865.58,459.756,1.0,860.754,469.779,1.0,855.255,473.115,1.0,847.712,474.51,1.0
539,664.749,736.763,1.0,655.711,741.506,1.0,653.283,749.765,1.0,647.112,753.195,1.0,643.724,760.04,1.0,494.004,640.578,1.0,491.246,650.956,1.0,479.383,647.08,1.0,469.948,638.857,1.0,468.695,633.006,1.0,779.468,716.994,1.0,767.089,717.001,1.0,759.183,706.533,1.0,752.846,706.898,1.0,745.843,701.861,1.0,329.88,198.066,1.0,332.156,195.476,1.0,331.628,192.29,1.0,327.79,197.146,1.0,326.419,202.26,0.9980000257492065,864.766,447.696,1.0,866.071,456.947,1.0,860.274,468.629,1.0,855.093,473.115,1.0,847.696,474.624,1.0
540,663.777,733.981,1.0,655.711,741.074,1.0,653.562,748.042,1.0,647.112,752.985,1.0,643.724,759.587,1.0,494.004,639.0,1.0,491.622,650.956,1.0,479.383,647.842,1.0,468.855,639.149,1.0,468.695,633.006,1.0,782.378,716.834,1.0,774.964,706.924,1.0,762.475,708.907,1.0,757.289,708.851,1.0,746.673,703.14,1.0,329.69,198.092,1.0,332.156,195.616,1.0,331.671,191.494,1.0,327.79,196.938,1.0,325.785,202.26,0.9990000128746033,871.433,447.696,1.0,866.071,456.156,1.0,860.274,467.681,1.0,855.093,472.558,1.0,847.696,475.267,1.0
541,659.33,728.977,1.0,655.711,740.7,1.0,654.465,745.406,1.0,647.757,752.07,1.0,643.724,759.372,1.0,494.004,637.544,1.0,492.338,648.602,1.0,479.639,647.842,1.0,468.641,639.326,1.0,468.821,633.006,1.0,783.642,716.774,1.0,776.24,706.841,1.0,764.434,709.726,1.0,759.172,708.89,1.0,747.529,703.198,1.0,329.69,198.092,1.0,332.376,195.62,1.0,331.881,191.494,1.0,327.557,197.146,1.0,325.646,202.159,0.996999979019165,873.761,447.696,1.0,866.507,455.767,1.0,860.274,467.102,1.0,855.093,471.12,1.0,847.696,475.54,1.0
542,657.82,728.977,1.0,654.669,736.144,1.0,654.909,744.838,1.0,648.264,752.07,1.0,642.964,759.32,1.0,494.795,638.065,1.0,492.934,646.889,1.0,479.639,647.842,1.0,468.641,639.326,1.0,468.857,632.798,1.0,783.652,716.479,1.0,776.459,706.667,1.0,764.434,709.726,1.0,759.172,708.89,1.0,747.598,703.325,1.0,329.675,198.092,1.0,332.636,195.647,1.0,331.891,191.927,1.0,327.557,197.159,1.0,325.646,202.113,0.9980000257492065,873.761,448.805,1.0,866.507,455.505,1.0,860.635,467.102,1.0,855.093,471.12,1.0,847.852,475.645,1.0
543,656.672,728.977,1.0,654.669,736.144,1.0,655.474,744.838,1.0,648.264,751.556,1.0,642.933,759.32,1.0,495.258,637.544,1.0,492.956,646.857,1.0,479.683,647.465,1.0,468.641,639.596,1.0,468.863,632.703,1.0,783.718,716.189,1.0,776.597,706.667,1.0,764.546,709.735,1.0,759.214,708.89,1.0,747.633,703.325,1.0,329.675,198.19,1.0,332.636,195.62,1.0,331.891,192.186,1.0,327.557,197.246,1.0,325.718,202.113,0.9959999918937683,873.761,450.034,1.0,865.995,455.505,1.0,861.082,467.102,1.0,855.297,471.12,1.0,847.852,476.052,1.0
544,656.672,732.467,1.0,654.485,736.144,1.0,655.474,744.838,1.0,648.264,751.556,1.0,642.93,759.32,1.0,495.311,637.485,1.0,493.215,646.377,1.0,479.741,646.694,1.0,468.645,639.648,1.0,469.047,632.67,1.0,783.719,715.972,1.0,776.597,706.841,1.0,764.827,709.758,1.0,759.214,708.89,1.0,747.769,703.199,1.0,329.642,197.916,1.0,332.376,195.62,1.0,331.881,192.186,1.0,327.724,197.246,1.0,325.718,202.06,0.996999979019165,864.781,450.337,1.0,862.01,455.505,1.0,861.26,469.394,1.0,855.297,473.338,1.0,847.852,476.313,1.0
545,656.672,732.467,1.0,654.485,739.516,1.0,655.474,746.49,1.0,644.8,751.556,1.0,642.662,760.819,1.0,499.293,635.327,1.0,494.51,644.011,1.0,479.829,645.948,1.0,469.226,639.702,1.0,469.053,632.347,1.0,784.0,715.931,1.0,776.727,706.841,1.0,765.151,710.043,1.0,759.769,709.197,1.0,748.431,703.325,1.0,329.473,197.818,0.9990000128746033,332.246,194.137,1.0,331.777,192.248,1.0,327.808,197.259,1.0,326.411,202.045,0.9929999709129333,864.781,458.04,1.0,861.946,457.863,1.0,861.859,471.114,1.0,855.116,474.294,1.0,847.74,479.686,1.0
546,657.611,732.467,1.0,654.906,739.516,1.0,656.205,746.49,1.0,644.8,751.753,1.0,642.662,760.819,1.0,500.782,635.327,1.0,495.803,642.023,1.0,480.501,645.673,1.0,470.068,640.439,1.0,469.436,632.059,1.0,784.0,715.896,1.0,776.924,706.936,1.0,765.609,710.671,1.0,760.456,709.197,1.0,748.947,703.199,1.0,329.473,196.462,1.0,332.176,193.563,1.0,331.572,193.106,1.0,327.808,197.25,1.0,331.049,200.358,0.9909999966621399,864.781,458.114,1.0,861.946,464.045,1.0,861.859,472.175,1.0,854.629,475.032,1.0,846.564,480.609,1.0
547,659.335,731.834,1.0,654.906,739.516,1.0,656.215,746.49,1.0,644.8,751.753,1.0,642.085,760.819,1.0,502.366,635.327,1.0,496.65,641.18,1.0,480.918,645.202,1.0,470.291,640.439,1.0,469.945,631.623,1.0,784.05,715.931,1.0,776.924,707.061,1.0,766.825,711.586,1.0,760.456,709.197,1.0,749.301,703.199,1.0,329.324,196.411,0.9990000128746033,332.168,193.561,1.0,331.572,194.211,1.0,327.808,197.36,0.9980000257492065,331.328,199.981,0.890999972820282,867.745,458.638,1.0,862.01,464.433,1.0,864.305,472.763,1.0,853.04,475.985,1.0,845.67,481.197,1.0
548,659.335,731.834,1.0,654.485,739.516,1.0,656.215,746.49,1.0,644.561,751.753,1.0,642.028,761.455,1.0,503.106,635.359,1.0,496.65,640.431,1.0,481.291,644.776,1.0,470.724,640.439,1.0,470.082,631.516,1.0,784.209,715.931,1.0,777.7,707.965,1.0,767.462,712.404,1.0,760.456,708.786,1.0,749.898,703.313,1.0,329.173,196.399,0.9990000128746033,331.882,193.322,1.0,331.646,194.211,1.0,327.808,197.448,0.9959999918937683,331.328,199.981,0.8209999799728394,871.436,459.846,1.0,864.049,467.171,1.0,864.305,472.763,1.0,853.04,477.569,1.0,845.204,481.298,1.0
549,659.335,731.834,1.0,654.015,739.516,1.0,656.215,746.49,1.0,644.982,751.833,1.0,641.782,761.455,1.0,503.106,635.386,1.0,496.65,640.431,1.0,481.406,643.958,1.0,470.934,639.991,1.0,470.255,631.244,1.0,784.484,719.247,1.0,777.917,708.343,1.0,770.44,712.404,1.0,758.861,708.786,1.0,752.306,703.39,1.0,329.324,196.368,0.9990000128746033,331.902,193.322,1.0,331.646,194.211,1.0,327.808,197.36,0.9959999918937683,331.482,199.981,0.8009999990463257,875.772,467.102,1.0,865.08,467.216,1.0,864.305,472.763,1.0,853.04,477.569,1.0,845.204,481.699,1.0
550,659.335,735.724,1.0,652.416,742.398,1.0,656.215,747.279,1.0,646.262,751.753,1.0,641.102,762.212,1.0,503.106,635.46,1.0,496.379,640.431,1.0,481.617,643.075,1.0,470.941,639.514,1.0,470.422,631.244,1.0,786.033,721.716,1.0,780.541,708.943,1.0,772.434,712.404,1.0,758.777,708.786,1.0,754.784,704.941,1.0,329.569,196.362,1.0,332.168,192.716,1.0,331.646,194.211,1.0,327.433,197.25,1.0,331.547,199.981,0.9649999737739563,876.189,474.861,1.0,867.388,468.87,1.0,860.981,472.335,1.0,853.523,477.569,1.0,845.204,481.801,1.0
551,659.335,735.86,1.0,652.416,743.664,1.0,655.834,747.784,1.0,644.982,751.72,1.0,640.813,762.212,1.0,503.147,635.66,1.0,496.379,640.431,1.0,481.88,642.985,1.0,471.171,639.514,1.0,470.611,631.244,1.0,786.183,721.716,1.0,780.541,708.943,1.0,772.449,712.348,1.0,758.777,708.91,1.0,755.064,704.997,1.0,329.569,196.326,1.0,331.902,192.694,1.0,331.646,194.443,1.0,327.309,197.165,0.9990000128746033,331.496,199.981,0.9570000171661377,879.135,475.812,1.0,869.677,469.992,1.0,860.981,471.52,1.0,855.011,476.489,1.0,845.204,481.885,1.0
552,659.89,744.201,1.0,652.416,743.664,1.0,655.653,747.784,1.0,644.982,751.72,1.0,640.813,762.212,1.0,503.147,636.22,1.0,496.379,640.431,1.0,481.981,642.567,1.0,471.539,639.514,1.0,471.101,631.244,1.0,786.187,721.716,1.0,780.541,708.943,1.0,772.449,712.348,1.0,758.861,708.91,1.0,755.145,705.106,1.0,329.878,196.326,1.0,331.902,192.694,1.0,331.325,193.683,1.0,326.416,196.45,0.9980000257492065,331.496,199.925,0.8059999942779541,879.225,476.152,1.0,869.863,470.693,1.0,860.899,471.52,1.0,855.468,476.162,1.0,845.204,481.885,1.0
553,662.374,748.182,1.0,655.464,743.664,1.0,655.574,747.784,1.0,645.435,751.833,1.0,641.102,761.986,1.0,504.014,640.634,1.0,496.484,640.006,1.0,483.297,641.484,1.0,472.077,639.928,1.0,471.336,631.284,1.0,786.417,722.057,1.0,780.9,709.034,1.0,772.449,712.348,1.0,758.912,709.019,1.0,755.604,705.106,1.0,329.944,196.368,0.9990000128746033,332.277,192.694,1.0,331.124,193.696,1.0,326.137,196.364,0.9980000257492065,331.496,199.919,0.8009999990463257,880.733,476.27,1.0,871.308,470.693,1.0,860.899,472.335,1.0,855.606,476.089,1.0,844.798,481.885,1.0
554,663.468,748.182,1.0,661.561,739.132,1.0,653.826,746.484,1.0,645.654,751.72,1.0,641.352,761.57,1.0,508.787,640.634,1.0,499.061,634.365,1.0,485.83,641.399,1.0,472.886,641.403,1.0,472.345,631.606,1.0,786.522,722.057,1.0,780.9,709.129,1.0,772.484,712.348,1.0,759.077,709.019,1.0,755.672,704.997,1.0,329.944,196.601,0.9980000257492065,332.512,192.986,0.9990000128746033,324.152,193.799,1.0,325.197,196.057,0.9959999918937683,,,0.0,880.934,476.487,1.0,871.8,470.693,1.0,865.788,472.335,1.0,855.664,476.089,1.0,844.798,481.885,1.0
555,665.159,748.182,1.0,661.561,739.132,1.0,653.826,746.484,1.0,645.654,751.72,1.0,641.352,761.383,1.0,509.781,640.634,1.0,499.082,634.137,1.0,485.947,641.294,1.0,473.239,641.8,1.0,472.562,631.706,1.0,786.931,722.444,1.0,780.9,709.16,1.0,772.764,712.348,1.0,759.515,709.147,1.0,756.774,704.873,1.0,330.057,196.601,0.996999979019165,332.512,192.986,0.9990000128746033,324.152,193.799,1.0,325.197,196.057,0.9959999918937683,,,0.0,881.179,476.488,1.0,872.698,467.796,1.0,866.077,472.872,1.0,855.706,475.077,1.0,844.798,481.885,1.0
556,665.732,745.936,1.0,661.561,739.132,1.0,653.826,746.484,1.0,645.654,751.96,1.0,641.352,761.383,1.0,511.02,639.302,1.0,500.852,634.126,1.0,487.084,641.128,1.0,473.861,641.986,1.0,472.598,631.961,1.0,788.288,722.444,1.0,782.031,709.222,1.0,773.298,712.41,1.0,760.202,710.638,1.0,757.018,704.873,1.0,330.059,197.146,0.9980000257492065,332.641,193.04,1.0,324.152,193.799,1.0,325.197,196.057,0.9980000257492065,,,0.0,881.179,480.44,1.0,874.788,467.688,1.0,866.777,472.884,1.0,855.852,474.926,1.0,845.228,482.502,1.0
557,665.732,743.621,1.0,656.232,741.562,1.0,654.084,747.807,1.0,645.895,751.96,1.0,640.657,761.57,1.0,511.178,639.141,1.0,501.009,634.126,1.0,487.1,641.044,1.0,473.897,641.986,1.0,472.562,632.002,1.0,789.102,722.444,1.0,783.695,709.846,1.0,774.074,712.532,1.0,760.934,711.42,1.0,758.613,704.873,1.0,330.162,197.259,0.9990000128746033,332.641,193.351,1.0,330.903,193.799,1.0,326.006,196.67,0.9980000257492065,331.584,201.927,0.7720000147819519,881.179,480.44,1.0,874.966,467.688,1.0,866.777,472.872,1.0,855.874,474.926,1.0,845.416,482.502,1.0
558,665.732,738.983,1.0,656.232,741.562,1.0,654.184,747.807,1.0,647.01,751.96,1.0,640.657,762.124,1.0,511.252,638.98,1.0,501.617,634.137,1.0,487.131,636.209,1.0,475.739,641.986,1.0,472.562,632.774,1.0,792.976,720.076,1.0,786.203,710.757,1.0,776.298,713.828,1.0,762.322,711.759,1.0,758.673,706.575,1.0,330.162,197.259,0.9980000257492065,332.641,193.351,0.9990000128746033,331.187,193.799,1.0,326.334,197.396,0.9980000257492065,331.308,201.927,0.8149999976158142,881.179,480.44,1.0,875.137,467.688,1.0,866.777,471.794,1.0,856.297,474.255,1.0,845.668,482.502,1.0
559,665.732,734.34,1.0,656.232,741.562,1.0,654.468,747.807,1.0,646.688,752.137,1.0,640.657,763.341,1.0,511.252,638.522,1.0,501.798,634.25,1.0,487.72,636.209,1.0,476.618,641.986,1.0,472.343,635.812,1.0,794.825,719.997,1.0,788.443,710.794,1.0,777.482,717.739,1.0,768.432,717.6,1.0,758.679,709.703,1.0,330.162,197.259,0.9990000128746033,332.641,194.183,1.0,331.823,192.273,1.0,326.793,197.44,1.0,326.102,201.927,0.9919999837875366,881.179,480.174,1.0,875.137,467.688,1.0,866.777,470.639,1.0,856.485,474.255,1.0,845.668,482.197,1.0
560,665.858,734.338,1.0,656.295,739.65,1.0,654.468,745.917,1.0,646.449,752.251,1.0,642.865,763.341,1.0,511.252,638.522,1.0,501.798,634.491,1.0,487.834,636.209,1.0,476.618,641.493,1.0,472.265,636.429,1.0,796.099,719.52,1.0,788.542,710.794,1.0,777.482,717.883,1.0,768.614,717.706,1.0,758.679,709.858,1.0,329.408,197.465,1.0,332.654,194.94,1.0,332.019,192.273,1.0,327.626,197.555,1.0,325.813,202.192,0.9980000257492065,887.855,480.174,1.0,877.705,468.128,1.0,866.777,470.328,1.0,856.9,474.305,1.0,847.045,482.058,1.0
561,665.858,734.338,1.0,656.295,739.65,1.0,654.418,745.917,1.0,646.449,752.358,1.0,642.865,763.419,1.0,511.242,638.522,1.0,502.218,634.738,1.0,488.008,636.519,1.0,476.702,641.493,1.0,472.265,636.429,1.0,796.483,719.52,1.0,788.576,710.794,1.0,777.524,717.956,1.0,768.644,717.965,1.0,758.679,709.858,1.0,329.407,197.465,1.0,332.654,194.956,1.0,332.069,192.273,1.0,327.697,197.555,1.0,325.722,202.315,0.9980000257492065,887.855,480.174,1.0,878.27,468.361,1.0,868.048,470.328,1.0,857.499,474.305,1.0,847.801,482.058,1.0
562,665.858,734.338,1.0,656.873,739.65,1.0,654.418,745.917,1.0,646.688,752.672,1.0,642.865,763.341,1.0,511.195,638.841,1.0,502.482,634.738,1.0,488.159,636.721,1.0,476.702,641.988,1.0,472.265,636.479,1.0,796.483,719.69,1.0,788.576,710.794,1.0,777.524,718.062,1.0,768.644,717.9,1.0,758.769,709.858,1.0,329.239,197.465,1.0,332.482,195.02,1.0,332.174,192.442,1.0,327.721,197.793,1.0,325.642,202.488,0.9980000257492065,888.132,479.601,1.0,878.346,468.361,1.0,868.048,470.307,1.0,857.687,474.305,1.0,848.467,481.776,1.0
563,665.233,734.34,1.0,656.873,739.856,1.0,653.834,746.444,1.0,646.449,752.718,1.0,641.272,763.151,1.0,511.195,639.09,1.0,503.282,634.738,1.0,489.075,636.816,1.0,478.852,642.298,1.0,472.265,636.572,1.0,796.099,719.69,1.0,788.443,710.824,1.0,777.536,717.956,1.0,768.683,717.9,1.0,758.892,709.883,1.0,329.285,197.469,1.0,332.445,195.055,1.0,332.351,192.454,1.0,327.776,197.828,1.0,325.374,202.505,0.9980000257492065,888.398,479.601,1.0,879.395,468.901,1.0,868.072,470.141,1.0,858.216,474.434,1.0,849.038,481.424,1.0
564,662.009,734.644,1.0,656.093,742.61,1.0,648.565,750.087,1.0,645.805,755.641,1.0,641.272,763.151,1.0,511.195,639.126,1.0,504.565,633.764,1.0,491.026,637.543,1.0,483.824,642.59,1.0,473.756,636.574,1.0,796.483,719.52,1.0,788.576,710.824,1.0,777.569,717.956,1.0,769.305,717.9,1.0,759.427,709.883,1.0,329.239,197.469,1.0,332.424,195.055,1.0,332.351,192.925,1.0,327.816,198.275,1.0,325.017,202.547,0.9980000257492065,888.398,476.403,1.0,879.395,469.257,1.0,869.552,469.997,1.0,858.311,474.862,1.0,849.151,481.761,1.0
565,658.685,738.254,1.0,655.997,743.044,1.0,647.8,751.238,1.0,645.023,757.572,1.0,641.272,763.508,1.0,514.795,639.126,1.0,506.249,633.607,1.0,492.585,637.543,1.0,486.428,642.59,1.0,473.874,636.723,1.0,796.552,719.473,1.0,788.603,710.835,1.0,778.154,717.616,1.0,770.424,717.9,1.0,760.615,709.883,1.0,329.285,197.599,1.0,332.424,195.055,1.0,332.325,192.945,1.0,327.816,198.275,1.0,325.017,202.547,0.9980000257492065,889.975,476.025,1.0,879.484,470.641,1.0,869.552,470.141,1.0,858.311,474.869,1.0,849.151,481.761,1.0
566,658.513,738.254,1.0,655.997,743.044,1.0,647.8,753.478,1.0,644.357,758.665,1.0,641.209,763.508,1.0,516.789,639.126,1.0,507.7,633.607,1.0,493.204,637.543,1.0,488.122,642.298,1.0,473.974,637.799,1.0,796.074,719.167,1.0,789.183,710.891,1.0,779.211,717.266,1.0,771.23,717.777,1.0,761.618,710.027,1.0,329.239,197.625,1.0,332.318,194.832,1.0,332.174,192.945,1.0,327.816,197.793,1.0,325.374,202.547,0.9990000128746033,889.975,475.768,1.0,879.57,470.641,1.0,869.318,470.141,1.0,858.311,474.869,1.0,849.151,481.259,1.0
567,655.629,738.36,1.0,655.656,742.993,1.0,647.8,753.965,1.0,644.357,758.865,1.0,641.209,763.853,1.0,516.979,638.317,1.0,507.773,633.607,1.0,493.688,636.484,1.0,489.722,641.514,1.0,475.373,638.62,1.0,795.821,718.979,1.0,790.326,710.891,1.0,779.985,716.617,1.0,773.558,717.322,1.0,763.357,710.613,1.0,328.943,197.656,1.0,332.318,194.746,1.0,331.969,192.945,1.0,327.816,197.612,1.0,325.989,202.446,0.9980000257492065,889.975,475.768,1.0,879.57,470.641,1.0,869.318,470.733,1.0,857.75,475.179,1.0,849.371,481.06,1.0
568,655.629,738.254,1.0,655.656,742.993,1.0,648.211,754.117,1.0,644.357,759.049,1.0,641.209,763.997,1.0,517.005,637.944,1.0,507.773,633.637,1.0,493.688,636.484,1.0,490.659,641.514,1.0,477.551,639.384,1.0,796.268,718.894,1.0,792.963,711.827,1.0,781.56,715.566,1.0,775.341,710.584,1.0,764.977,712.864,1.0,328.943,197.656,0.9990000128746033,332.148,194.632,1.0,331.629,192.467,1.0,328.192,197.612,1.0,326.074,202.446,0.9919999837875366,889.975,475.261,1.0,879.621,470.641,1.0,869.318,470.985,1.0,857.517,475.179,1.0,849.371,481.06,1.0
569,649.167,738.254,1.0,654.931,741.461,1.0,649.629,754.117,1.0,645.301,759.764,1.0,640.724,763.997,1.0,517.238,637.927,1.0,508.031,634.021,1.0,493.754,636.484,1.0,490.659,641.355,1.0,477.78,640.101,1.0,796.268,717.942,1.0,793.567,712.186,1.0,782.261,715.311,1.0,776.28,710.584,1.0,765.861,712.972,1.0,328.983,197.69,0.9990000128746033,331.889,194.739,1.0,331.617,192.43,1.0,328.651,197.611,1.0,326.542,202.397,0.9700000286102295,889.851,475.261,1.0,879.621,470.777,1.0,869.318,471.248,1.0,857.517,475.179,1.0,849.371,480.792,1.0
570,647.138,738.254,1.0,652.331,741.461,1.0,649.629,754.279,1.0,646.295,759.858,1.0,640.105,763.997,1.0,517.286,637.927,1.0,508.381,634.021,1.0,494.821,637.613,1.0,490.659,641.355,1.0,477.78,640.101,1.0,796.268,717.875,1.0,794.15,712.468,1.0,782.485,714.959,1.0,776.335,710.584,1.0,765.905,713.459,1.0,328.983,197.69,1.0,331.846,194.739,1.0,331.562,192.43,1.0,328.651,197.488,1.0,326.713,201.893,0.996999979019165,889.826,475.261,1.0,879.676,471.183,1.0,869.665,471.548,1.0,857.517,474.545,1.0,850.392,479.723,1.0
571,646.626,738.623,1.0,651.31,741.385,1.0,649.985,754.117,1.0,646.551,759.858,1.0,639.144,763.53,1.0,517.462,637.927,1.0,508.796,634.021,1.0,495.672,637.613,1.0,486.841,641.355,1.0,478.036,640.101,1.0,796.745,717.696,1.0,794.15,712.611,1.0,782.556,714.949,1.0,776.346,710.79,1.0,765.905,713.543,1.0,329.267,197.69,1.0,331.692,194.632,1.0,331.562,192.467,1.0,328.651,197.612,1.0,326.713,202.397,0.9959999918937683,887.604,476.188,1.0,881.484,471.847,1.0,871.052,471.899,1.0,858.793,474.482,1.0,851.929,478.065,1.0
572,641.906,739.537,1.0,651.014,741.385,1.0,649.985,754.117,1.0,646.628,759.764,1.0,638.822,763.035,1.0,517.765,638.232,1.0,509.486,633.986,1.0,497.491,637.617,1.0,486.841,641.355,1.0,478.78,639.381,1.0,796.797,717.443,1.0,794.253,712.774,1.0,782.678,714.932,1.0,776.488,710.834,1.0,765.905,713.576,1.0,329.759,198.23,0.9990000128746033,331.508,194.376,1.0,331.562,192.5,1.0,328.366,197.664,1.0,326.713,202.397,0.9679999947547913,887.168,476.188,1.0,881.913,472.0,1.0,871.377,472.426,1.0,860.132,473.712,1.0,851.929,477.789,1.0
573,636.795,740.966,1.0,646.025,741.525,1.0,649.789,753.767,1.0,646.888,759.39,1.0,638.818,762.766,1.0,522.792,639.912,1.0,512.334,633.636,1.0,501.299,637.617,1.0,486.841,641.247,1.0,480.292,639.358,1.0,797.043,717.443,1.0,794.386,712.913,1.0,782.678,714.813,1.0,776.577,710.901,1.0,765.905,713.576,1.0,329.759,198.23,1.0,331.581,194.021,1.0,331.58,192.695,1.0,328.364,197.488,1.0,326.713,202.216,0.9929999709129333,887.168,476.188,1.0,882.353,472.0,1.0,871.58,472.833,1.0,860.142,473.705,1.0,851.929,476.902,1.0
574,636.121,740.966,1.0,645.035,741.53,1.0,649.695,753.767,1.0,647.005,759.063,1.0,638.383,762.588,1.0,526.226,640.2,1.0,515.939,632.535,1.0,502.586,636.608,1.0,487.971,640.903,1.0,480.595,639.289,1.0,797.096,717.236,1.0,794.253,712.913,1.0,782.94,714.932,1.0,776.723,710.999,1.0,765.905,713.576,1.0,330.006,198.23,0.9990000128746033,331.692,193.993,1.0,331.584,192.87,1.0,328.072,197.52,1.0,326.517,201.832,0.9710000157356262,887.604,474.863,1.0,882.759,471.847,1.0,871.749,473.311,1.0,860.142,473.498,1.0,851.603,476.902,1.0
575,635.49,740.987,1.0,644.585,741.53,1.0,649.695,753.762,1.0,647.005,758.971,1.0,638.383,762.537,1.0,527.314,640.2,1.0,516.17,632.309,1.0,503.152,636.608,1.0,488.812,640.775,1.0,481.873,639.035,1.0,797.592,717.228,1.0,792.93,713.25,1.0,783.205,714.932,1.0,776.723,711.356,1.0,765.846,713.659,1.0,330.006,198.23,0.9990000128746033,331.581,193.957,1.0,331.686,192.87,1.0,327.92,197.52,1.0,326.142,202.216,0.984000027179718,888.582,474.637,1.0,883.075,471.616,1.0,871.749,476.749,1.0,860.132,473.436,1.0,851.5,476.902,1.0
576,635.49,740.987,1.0,643.781,741.635,1.0,649.022,753.762,1.0,647.108,758.801,1.0,637.803,761.936,1.0,527.355,640.2,1.0,516.549,631.729,1.0,503.333,641.31,1.0,488.998,640.757,1.0,482.058,639.035,1.0,799.142,717.228,1.0,794.253,713.559,1.0,785.767,716.428,1.0,776.769,712.293,1.0,766.099,713.659,1.0,330.144,198.509,0.9929999709129333,331.581,193.839,0.9990000128746033,331.725,193.642,1.0,327.893,197.52,0.9959999918937683,326.098,202.058,0.9190000295639038,889.215,474.614,1.0,883.625,471.222,1.0,872.296,476.838,1.0,859.97,473.0,1.0,851.5,476.902,1.0
577,635.49,740.966,1.0,642.719,741.641,1.0,648.999,753.687,1.0,647.155,757.991,1.0,637.803,761.821,1.0,528.189,638.629,1.0,518.162,631.777,1.0,503.152,635.924,1.0,491.8,640.55,1.0,484.815,639.035,1.0,800.008,717.228,1.0,794.669,714.042,1.0,786.409,716.821,1.0,777.042,712.363,1.0,766.979,713.562,1.0,330.961,198.608,0.9980000257492065,331.763,193.993,1.0,331.776,194.063,1.0,327.333,197.491,1.0,326.089,202.058,0.9879999756813049,889.215,474.589,1.0,883.742,471.087,1.0,872.622,477.135,1.0,859.97,472.577,1.0,851.5,476.743,1.0
578,635.668,740.359,1.0,641.75,741.832,1.0,648.67,753.687,1.0,647.947,757.718,1.0,637.803,760.63,1.0,528.189,638.467,1.0,518.215,631.777,1.0,503.152,635.666,1.0,491.861,640.298,1.0,485.305,639.191,1.0,805.005,716.769,1.0,795.777,714.633,1.0,788.984,717.438,1.0,778.295,712.915,1.0,771.464,711.68,1.0,331.166,198.657,0.9929999709129333,332.236,193.993,0.9990000128746033,331.832,194.063,1.0,326.969,197.491,0.9980000257492065,325.96,202.025,0.9610000252723694,889.215,474.582,1.0,883.944,471.087,1.0,872.637,476.994,1.0,859.97,472.465,1.0,851.599,476.635,1.0
579,635.668,739.906,1.0,641.548,741.852,1.0,648.558,753.668,1.0,648.519,757.651,1.0,637.803,759.362,1.0,528.189,638.26,1.0,518.683,631.777,1.0,503.333,634.314,1.0,491.941,640.298,1.0,485.384,639.191,1.0,807.094,716.317,1.0,796.91,715.429,1.0,790.017,717.465,1.0,778.295,713.507,1.0,772.306,711.68,1.0,331.166,198.903,0.9959999918937683,332.392,194.204,0.9990000128746033,331.776,193.252,1.0,326.969,197.459,0.9980000257492065,326.06,202.025,0.9559999704360962,889.406,474.589,1.0,883.946,471.087,1.0,872.797,476.91,1.0,860.162,472.325,1.0,852.249,476.632,1.0
580,635.668,739.507,1.0,641.265,742.376,1.0,648.55,753.318,1.0,648.822,757.373,1.0,637.803,759.362,1.0,528.189,638.223,1.0,519.039,632.663,1.0,503.45,634.314,1.0,492.172,640.55,1.0,485.631,639.191,1.0,807.548,716.239,1.0,799.955,719.669,1.0,790.067,717.559,1.0,778.435,713.507,1.0,772.306,711.68,1.0,331.298,198.903,0.9980000257492065,332.419,194.434,1.0,331.725,193.252,1.0,326.903,197.459,0.9990000128746033,326.06,201.881,0.9850000143051147,889.406,474.614,1.0,884.138,471.324,1.0,873.797,476.91,1.0,860.692,472.08,1.0,853.0,476.521,1.0
581,635.369,739.409,1.0,640.997,742.563,1.0,648.423,752.89,1.0,649.099,757.316,1.0,637.831,759.362,1.0,528.014,638.095,1.0,519.041,632.663,1.0,503.45,634.314,1.0,494.539,641.385,1.0,486.678,639.191,1.0,807.548,715.47,1.0,800.031,719.812,1.0,790.067,717.631,1.0,778.758,713.507,1.0,772.306,711.893,1.0,331.298,198.975,0.9909999966621399,333.287,194.702,0.9990000128746033,332.368,194.263,0.0,326.24,197.459,0.9959999918937683,326.053,201.837,0.9160000085830688,889.563,474.727,1.0,884.88,471.781,1.0,874.965,476.91,1.0,864.982,471.271,1.0,858.221,476.28,1.0
582,634.63,738.41,1.0,640.426,742.858,1.0,647.747,751.8,1.0,649.284,754.882,1.0,638.647,759.72,1.0,527.728,637.625,1.0,519.541,632.663,1.0,505.95,641.425,1.0,495.987,641.544,1.0,486.792,639.227,1.0,807.548,715.47,1.0,800.257,719.87,1.0,790.067,717.631,1.0,778.758,713.462,1.0,772.511,711.893,1.0,331.298,199.008,0.9959999918937683,333.465,195.008,0.9990000128746033,,,0.0,326.053,197.572,0.9959999918937683,325.975,201.837,0.878000020980835,889.563,479.561,1.0,884.88,474.078,1.0,874.965,476.032,1.0,865.799,470.718,1.0,858.221,476.28,1.0
583,632.539,734.127,1.0,639.5,743.082,1.0,644.871,749.41,1.0,649.284,751.636,1.0,639.071,759.991,1.0,525.804,634.258,1.0,519.758,632.613,1.0,509.039,641.471,1.0,500.18,641.902,1.0,486.792,640.301,1.0,807.705,715.47,1.0,800.257,719.87,1.0,790.105,717.631,1.0,778.758,713.462,1.0,772.478,711.927,1.0,331.267,199.008,0.996999979019165,333.605,195.093,1.0,332.368,194.263,1.0,326.053,197.656,0.9990000128746033,325.975,201.833,0.9599999785423279,889.563,481.02,1.0,885.612,477.937,1.0,875.332,476.032,1.0,865.799,470.166,1.0,858.221,476.28,1.0
584,631.678,733.71,1.0,639.255,743.082,1.0,644.492,749.103,1.0,649.511,751.621,1.0,640.391,760.944,1.0,525.743,634.008,1.0,520.043,629.56,1.0,509.846,641.471,1.0,500.214,642.004,1.0,486.833,640.301,1.0,807.705,715.835,1.0,800.031,719.87,1.0,790.143,717.631,1.0,778.708,713.462,1.0,772.478,711.893,1.0,331.212,199.189,0.9990000128746033,333.663,195.188,1.0,332.368,193.625,1.0,326.222,197.658,1.0,325.814,201.837,0.9850000143051147,889.413,481.187,1.0,885.612,477.972,1.0,875.332,476.032,1.0,865.861,470.166,1.0,858.22,475.662,1.0
585,631.196,733.447,1.0,639.22,743.082,1.0,643.047,749.059,1.0,649.511,751.381,1.0,640.462,760.944,1.0,525.681,633.442,1.0,520.043,629.535,1.0,509.887,641.425,1.0,501.135,642.004,1.0,486.833,640.301,1.0,808.914,715.835,1.0,799.007,715.108,1.0,790.266,717.648,1.0,778.708,713.547,1.0,772.608,711.718,1.0,331.169,199.214,1.0,333.793,195.376,1.0,332.368,193.176,1.0,326.24,197.705,1.0,325.804,201.905,0.9959999918937683,876.878,491.085,1.0,883.234,482.184,1.0,875.138,477.213,1.0,865.799,470.166,1.0,855.774,475.662,1.0
586,631.11,732.463,1.0,638.718,742.821,1.0,642.266,748.694,1.0,649.175,751.219,1.0,640.673,760.669,1.0,525.681,631.606,1.0,520.048,629.518,1.0,510.765,641.401,1.0,501.611,642.004,1.0,487.191,640.201,1.0,808.914,716.167,1.0,799.007,714.644,1.0,790.321,717.808,1.0,778.708,713.547,1.0,772.766,711.718,1.0,331.169,199.214,1.0,333.793,195.439,1.0,332.301,192.763,1.0,326.341,197.755,1.0,325.489,201.982,0.9900000095367432,875.328,491.86,1.0,881.575,482.184,1.0,874.071,477.213,1.0,865.442,470.166,1.0,854.782,473.433,1.0
587,630.606,732.463,1.0,638.12,741.773,1.0,641.406,747.912,1.0,648.555,751.219,1.0,640.684,760.944,1.0,525.804,631.606,1.0,520.048,629.518,1.0,510.799,641.38,1.0,502.175,641.79,1.0,487.543,640.043,1.0,809.763,716.253,1.0,799.007,714.644,1.0,790.918,717.92,1.0,779.374,713.781,1.0,774.645,711.908,1.0,331.169,199.536,1.0,333.793,195.54,1.0,332.353,192.763,1.0,326.362,197.755,1.0,325.489,201.905,0.9980000257492065,875.328,491.86,1.0,881.575,482.184,1.0,873.727,477.213,1.0,860.115,472.951,1.0,854.657,473.433,1.0
588,629.96,732.463,1.0,637.189,741.332,1.0,641.406,746.41,1.0,647.893,750.567,1.0,640.827,760.669,1.0,528.519,631.606,1.0,520.772,629.518,1.0,512.125,640.6,1.0,503.811,640.613,1.0,489.977,639.863,1.0,810.564,716.287,1.0,802.876,715.108,1.0,791.284,721.248,1.0,782.964,713.808,1.0,775.482,711.908,1.0,331.169,201.25,1.0,333.793,195.713,1.0,332.375,193.051,1.0,326.605,197.897,1.0,325.489,202.179,0.9980000257492065,876.878,491.86,1.0,879.727,482.048,1.0,872.187,477.156,1.0,859.231,473.555,1.0,854.328,473.433,1.0
589,629.474,736.252,1.0,636.465,741.098,1.0,640.569,745.28,1.0,647.481,749.242,1.0,641.869,760.408,1.0,528.763,631.757,1.0,521.043,629.826,1.0,513.578,640.006,1.0,507.204,638.693,1.0,493.129,639.863,1.0,810.876,716.34,1.0,803.505,721.194,1.0,793.239,721.439,1.0,786.498,714.472,1.0,777.984,713.415,1.0,331.132,201.25,0.9990000128746033,333.242,195.713,1.0,332.414,193.051,1.0,326.9,198.104,1.0,325.22,202.191,0.9879999756813049,878.045,482.334,1.0,879.727,480.109,1.0,871.77,477.011,1.0,859.231,473.606,1.0,854.167,473.441,1.0
590,628.05,736.252,1.0,635.16,739.957,1.0,640.458,744.521,1.0,646.505,748.243,1.0,643.726,760.246,1.0,530.896,631.757,1.0,521.683,630.223,1.0,514.436,639.924,1.0,507.438,638.693,1.0,493.18,639.863,1.0,810.876,716.34,1.0,803.505,721.294,1.0,793.348,721.462,1.0,787.148,714.931,1.0,778.863,713.847,1.0,331.132,201.25,1.0,333.208,195.713,1.0,332.353,193.239,1.0,327.234,198.287,1.0,325.22,202.671,0.9990000128746033,879.403,482.096,1.0,879.727,472.436,1.0,871.063,472.882,1.0,859.231,474.152,1.0,852.717,476.982,1.0
591,627.454,736.252,1.0,634.523,737.349,1.0,638.813,744.39,1.0,645.807,745.984,1.0,645.046,757.961,1.0,530.912,631.757,1.0,521.805,630.243,1.0,514.468,639.924,1.0,507.935,638.672,1.0,493.893,640.05,1.0,810.876,716.361,1.0,803.206,721.455,1.0,793.348,721.462,1.0,787.249,715.0,1.0,778.907,713.897,1.0,330.948,199.564,1.0,333.089,194.991,1.0,332.353,193.399,1.0,327.45,198.287,1.0,325.736,202.671,0.9950000047683716,884.332,474.994,1.0,879.186,469.298,1.0,869.255,472.882,1.0,859.431,474.152,1.0,852.113,477.397,1.0
592,626.716,735.733,1.0,631.432,735.674,1.0,638.813,743.021,1.0,645.772,745.505,1.0,648.537,757.92,1.0,530.912,631.757,1.0,521.945,630.341,1.0,514.761,639.64,1.0,507.935,638.664,1.0,494.41,640.05,1.0,810.965,716.546,1.0,803.505,721.646,1.0,793.406,721.462,1.0,787.459,715.077,1.0,778.927,714.007,1.0,330.646,199.355,1.0,333.064,194.813,1.0,332.203,193.623,1.0,327.722,198.322,1.0,325.717,202.671,0.9959999918937683,885.8,472.273,1.0,877.107,466.78,1.0,867.932,472.882,1.0,859.871,474.152,1.0,852.104,477.799,1.0
593,626.566,735.651,1.0,631.198,735.494,1.0,638.638,742.961,1.0,645.443,745.382,1.0,648.572,757.821,1.0,530.912,632.128,1.0,522.168,630.731,1.0,515.227,639.614,1.0,507.935,638.451,1.0,494.628,640.05,1.0,810.965,716.361,1.0,803.505,721.646,1.0,793.406,721.462,1.0,787.459,715.289,1.0,779.002,714.007,1.0,330.483,198.676,0.9959999918937683,332.63,194.813,1.0,332.054,193.623,1.0,327.943,198.287,0.9990000128746033,326.047,202.402,0.9860000014305115,885.981,464.842,1.0,877.107,466.78,1.0,867.932,474.807,1.0,860.242,473.985,1.0,851.898,477.754,1.0
594,626.418,735.371,1.0,631.039,732.755,1.0,638.037,742.688,1.0,644.997,745.329,1.0,648.572,757.353,1.0,531.119,635.182,1.0,523.554,631.054,1.0,515.307,639.225,1.0,501.145,638.286,1.0,494.937,639.549,1.0,811.244,716.309,1.0,803.889,721.3,1.0,793.796,721.668,1.0,787.898,715.372,1.0,779.234,714.051,1.0,328.814,197.775,0.9980000257492065,332.241,194.813,0.9990000128746033,331.825,193.623,1.0,328.471,197.972,0.9990000128746033,326.069,202.402,0.9850000143051147,886.701,462.568,1.0,877.107,466.78,1.0,867.932,474.853,1.0,860.246,473.985,1.0,851.898,477.754,1.0
595,626.418,735.371,1.0,631.039,732.52,1.0,638.037,741.974,1.0,644.997,745.162,1.0,648.572,756.645,1.0,534.672,635.384,1.0,528.091,634.177,1.0,517.948,638.505,1.0,501.145,638.286,1.0,495.016,639.247,1.0,811.435,716.546,1.0,804.492,721.3,1.0,794.291,721.668,1.0,788.307,715.634,1.0,779.876,714.051,1.0,328.577,197.588,0.9990000128746033,331.713,194.878,1.0,331.792,193.511,1.0,328.873,197.972,1.0,326.069,202.402,0.9909999966621399,889.475,461.294,1.0,884.587,472.114,1.0,867.961,474.853,1.0,860.246,473.985,1.0,851.898,477.754,1.0
596,626.418,734.058,1.0,631.039,732.202,1.0,636.613,741.156,1.0,644.368,744.587,1.0,647.046,752.281,1.0,535.097,635.93,1.0,528.256,634.177,1.0,518.13,638.505,1.0,501.145,638.286,1.0,495.125,639.017,1.0,812.371,716.546,1.0,806.547,720.108,1.0,795.502,721.388,1.0,790.647,716.397,1.0,782.071,714.722,1.0,328.577,197.588,0.9990000128746033,331.713,195.05,1.0,331.76,193.058,1.0,328.873,197.916,1.0,326.161,202.552,0.9959999918937683,890.684,461.142,1.0,884.929,472.114,1.0,868.077,474.853,1.0,860.242,474.061,1.0,851.93,477.651,1.0
597,626.418,733.727,1.0,631.039,731.719,1.0,636.355,740.521,1.0,643.917,744.44,1.0,645.646,751.916,1.0,536.416,635.93,1.0,528.333,634.177,1.0,518.13,638.505,1.0,501.916,638.445,1.0,495.125,638.778,1.0,813.761,721.957,1.0,808.902,720.108,1.0,798.785,721.227,1.0,791.778,717.575,1.0,782.944,715.055,1.0,328.814,197.775,0.9990000128746033,331.713,195.05,1.0,331.76,193.058,1.0,328.873,197.814,1.0,326.351,202.552,0.9950000047683716,890.996,460.974,1.0,884.929,472.114,1.0,868.149,473.585,1.0,859.756,474.507,1.0,852.313,477.533,1.0
598,625.649,732.012,1.0,630.489,731.517,1.0,634.664,739.696,1.0,643.454,743.729,1.0,645.603,751.31,1.0,536.948,635.93,1.0,529.026,633.445,1.0,518.792,638.559,1.0,504.541,639.099,1.0,497.171,638.778,1.0,814.015,724.273,1.0,809.446,720.108,1.0,799.565,719.362,1.0,791.778,717.937,1.0,783.198,715.525,1.0,330.054,198.528,1.0,331.755,194.878,1.0,331.708,193.072,1.0,328.57,197.814,1.0,326.351,202.552,0.9980000257492065,890.996,460.974,1.0,884.794,471.211,1.0,868.149,472.814,1.0,859.532,475.492,1.0,852.708,477.164,1.0
599,626.016,720.29,1.0,629.408,729.975,1.0,633.215,737.807,1.0,642.245,743.234,1.0,645.603,749.709,1.0,537.05,636.016,1.0,531.772,632.63,1.0,519.392,638.97,1.0,506.516,639.311,1.0,498.504,638.886,1.0,814.03,724.648,1.0,810.052,720.792,1.0,799.801,718.8,1.0,791.778,718.534,1.0,783.33,716.544,1.0,330.054,198.528,0.9990000128746033,331.755,194.861,1.0,331.708,193.072,1.0,328.57,197.655,1.0,326.351,202.461,0.9829999804496765,890.996,461.294,1.0,884.587,471.211,1.0,867.961,472.814,1.0,859.439,475.53,1.0,852.817,477.077,1.0
600,627.78,720.29,1.0,631.405,729.975,1.0,633.215,737.807,1.0,642.245,742.758,1.0,645.603,749.709,1.0,537.175,635.93,1.0,531.777,632.63,1.0,521.164,639.102,1.0,506.636,639.37,1.0,498.769,638.838,1.0,814.273,724.701,1.0,810.239,720.833,1.0,799.828,716.828,1.0,788.717,718.623,1.0,783.754,718.02,1.0,330.054,198.528,0.9990000128746033,331.755,194.644,1.0,331.708,193.068,1.0,328.57,197.599,1.0,326.351,202.404,0.9919999837875366,889.76,461.323,1.0,882.812,471.211,1.0,867.534,472.814,1.0,859.386,475.59,1.0,852.817,476.621,1.0
601,627.78,720.29,1.0,631.405,729.975,1.0,633.215,737.807,1.0,641.066,742.758,1.0,646.298,749.709,1.0,537.175,635.868,1.0,531.779,632.63,1.0,521.164,639.475,1.0,506.675,639.469,1.0,498.967,638.838,1.0,814.511,724.701,1.0,810.402,721.143,1.0,800.554,716.828,1.0,788.545,718.623,1.0,783.99,718.122,1.0,329.184,197.315,1.0,331.827,194.413,1.0,331.893,193.072,1.0,328.418,197.655,1.0,326.215,202.194,0.9959999918937683,879.45,462.605,1.0,878.118,471.211,1.0,867.534,473.218,1.0,858.331,475.749,1.0,852.817,476.561,1.0
602,627.558,737.292,1.0,629.144,735.612,1.0,635.598,738.693,1.0,641.06,742.758,1.0,648.194,749.502,1.0,537.175,635.868,1.0,531.779,632.761,1.0,521.164,639.475,1.0,506.986,639.469,1.0,498.967,638.838,1.0,814.896,724.648,1.0,810.406,721.282,1.0,800.498,716.828,1.0,788.545,718.548,1.0,784.345,718.127,1.0,328.521,197.315,0.9990000128746033,331.839,194.413,1.0,331.933,193.193,1.0,328.186,197.599,1.0,326.073,202.194,0.9940000176429749,872.267,463.013,1.0,873.699,471.211,1.0,867.534,473.218,1.0,856.835,475.59,1.0,851.234,475.664,1.0
603,627.558,740.439,1.0,628.897,735.642,1.0,635.598,738.693,1.0,641.06,742.809,1.0,648.194,750.295,1.0,537.209,636.016,1.0,532.428,633.29,1.0,521.164,640.637,1.0,507.391,639.469,1.0,499.538,638.475,1.0,814.978,724.648,1.0,810.981,721.302,1.0,800.554,716.997,1.0,788.545,718.623,1.0,784.786,718.131,1.0,328.521,197.315,0.9990000128746033,331.839,194.519,1.0,332.046,193.193,1.0,328.011,197.599,1.0,326.015,202.146,0.9900000095367432,869.618,463.013,1.0,873.16,470.261,1.0,869.361,473.218,1.0,856.835,475.59,1.0,850.561,475.664,1.0
604,627.558,740.877,1.0,628.897,737.316,1.0,635.598,738.693,1.0,641.06,742.962,1.0,648.194,750.295,1.0,539.001,636.323,1.0,532.454,639.876,1.0,521.164,640.637,1.0,512.985,638.088,1.0,502.866,637.966,1.0,815.689,724.701,1.0,811.224,721.353,1.0,800.628,717.451,1.0,789.171,718.623,1.0,785.326,718.131,1.0,328.521,197.747,0.9990000128746033,332.186,194.519,1.0,332.063,193.193,1.0,327.628,197.599,0.9990000128746033,326.015,202.146,0.9879999756813049,866.698,464.2,1.0,871.113,467.358,1.0,869.361,472.725,1.0,856.835,475.382,1.0,849.961,475.529,1.0
605,627.558,747.337,1.0,628.897,739.341,1.0,635.246,738.693,1.0,641.06,743.571,1.0,648.07,749.932,1.0,543.248,636.323,1.0,536.401,639.876,1.0,527.195,640.637,1.0,519.93,638.088,1.0,505.763,637.371,1.0,817.161,724.631,1.0,812.534,721.849,1.0,802.122,717.454,1.0,790.309,718.548,1.0,785.908,718.127,1.0,330.588,198.906,0.996999979019165,332.43,194.656,1.0,332.1,193.459,1.0,327.582,197.558,0.9990000128746033,325.992,202.065,0.9860000014305115,858.637,464.2,1.0,866.359,465.527,1.0,869.361,472.031,1.0,858.072,475.235,1.0,849.427,475.529,1.0
606,627.558,747.337,1.0,628.897,739.643,1.0,635.246,738.693,1.0,640.29,743.78,1.0,647.778,749.932,1.0,545.764,636.323,1.0,538.122,639.876,1.0,528.525,640.557,1.0,520.055,638.088,1.0,507.342,637.371,1.0,818.028,724.631,1.0,813.666,721.945,1.0,802.871,717.451,1.0,790.913,718.431,1.0,786.902,717.79,1.0,330.797,198.906,0.9990000128746033,332.726,194.892,1.0,332.1,193.193,1.0,327.136,197.454,1.0,326.073,202.065,0.9940000176429749,858.528,463.013,1.0,865.274,465.083,1.0,868.55,471.955,1.0,858.14,475.186,1.0,849.36,475.529,1.0
607,628.033,746.876,1.0,631.222,739.643,1.0,635.246,740.478,1.0,641.096,743.848,1.0,647.778,750.295,1.0,547.218,635.818,1.0,538.976,639.292,1.0,528.974,640.474,1.0,521.838,638.39,1.0,508.602,637.966,1.0,821.15,721.978,1.0,815.329,722.264,1.0,804.654,717.451,1.0,792.582,718.19,1.0,787.362,717.177,1.0,331.338,198.906,0.9990000128746033,333.164,195.227,1.0,332.1,193.459,1.0,326.476,197.348,1.0,326.067,202.065,0.9850000143051147,857.39,462.297,1.0,863.25,463.678,1.0,868.55,471.955,1.0,858.145,475.064,1.0,848.983,475.529,1.0
608,629.601,746.876,1.0,633.471,739.643,1.0,637.768,742.026,1.0,641.74,744.217,1.0,647.778,752.0,1.0,547.255,635.569,1.0,539.02,639.292,1.0,529.043,640.474,1.0,521.952,638.39,1.0,508.723,639.126,1.0,827.677,721.978,1.0,817.684,721.945,1.0,805.436,717.316,1.0,793.909,717.982,1.0,787.476,716.045,1.0,331.876,198.961,0.9860000014305115,334.013,195.762,0.996999979019165,323.967,193.459,0.9990000128746033,324.858,197.301,0.9819999933242798,326.127,201.661,0.5569999814033508,857.032,461.969,1.0,863.25,463.565,1.0,868.55,471.955,1.0,858.145,474.657,1.0,848.897,475.391,1.0
609,629.916,739.913,1.0,635.012,738.788,1.0,637.768,742.635,1.0,642.338,744.334,1.0,648.028,752.148,1.0,547.363,635.569,1.0,540.023,639.292,1.0,529.466,640.557,1.0,521.952,638.39,1.0,509.34,639.154,1.0,827.677,721.962,1.0,817.684,721.945,1.0,805.651,717.296,1.0,793.913,717.982,1.0,787.836,716.045,1.0,331.975,198.904,0.9649999737739563,334.013,196.09,0.9919999837875366,323.938,193.565,0.996999979019165,324.847,197.301,0.968999981880188,331.449,199.621,0.6389999985694885,856.953,461.967,1.0,863.25,463.522,1.0,868.33,471.641,1.0,858.14,473.687,1.0,848.897,475.013,1.0
610,632.974,739.168,1.0,635.408,738.232,1.0,637.768,743.205,1.0,642.338,745.649,1.0,648.958,753.388,1.0,547.494,635.818,1.0,540.352,640.323,1.0,529.779,640.686,1.0,521.838,638.357,1.0,509.566,639.201,1.0,827.677,721.962,1.0,817.684,722.342,1.0,806.1,717.207,1.0,794.068,717.982,1.0,788.181,716.045,1.0,331.975,198.904,0.996999979019165,334.013,196.339,0.9990000128746033,323.938,193.638,1.0,324.769,197.301,0.9919999837875366,331.449,199.621,0.546999990940094,856.889,461.363,1.0,863.541,461.722,1.0,868.132,471.193,1.0,858.034,473.512,1.0,848.897,474.178,1.0
611,637.739,738.813,1.0,636.063,738.144,1.0,636.039,743.205,1.0,642.338,745.908,1.0,649.594,753.388,1.0,547.494,637.179,1.0,541.51,641.207,1.0,530.981,640.686,1.0,519.39,637.914,1.0,509.91,639.525,1.0,826.66,722.056,1.0,814.246,722.178,1.0,806.87,717.207,1.0,794.205,718.254,1.0,788.844,716.358,1.0,331.876,198.961,0.9990000128746033,334.045,196.746,1.0,323.967,193.638,1.0,324.527,197.301,0.9909999966621399,326.067,201.661,0.6079999804496765,856.953,455.301,1.0,863.541,461.35,1.0,868.132,471.193,1.0,857.353,472.894,1.0,849.124,474.103,1.0
612,648.741,732.583,1.0,640.891,737.09,1.0,633.98,743.205,1.0,640.561,745.908,1.0,649.623,753.388,1.0,548.199,644.231,1.0,544.431,641.655,1.0,533.66,640.686,1.0,518.809,637.776,1.0,510.357,639.525,1.0,826.66,722.161,1.0,814.19,722.178,1.0,807.715,717.207,1.0,794.153,719.071,1.0,789.456,717.325,1.0,331.539,201.504,0.9980000257492065,334.011,196.738,1.0,324.045,193.635,1.0,324.527,197.235,0.9980000257492065,331.449,199.621,0.8830000162124634,856.953,454.407,1.0,863.541,460.99,1.0,867.046,471.193,1.0,857.29,472.593,1.0,849.136,474.001,1.0
613,648.826,738.614,1.0,641.209,732.023,1.0,633.883,739.8,1.0,639.053,745.908,1.0,649.623,753.388,1.0,548.502,654.184,1.0,545.616,645.639,1.0,534.582,636.861,1.0,518.057,637.775,1.0,510.508,640.263,1.0,826.66,722.161,1.0,813.981,722.402,1.0,807.797,717.135,1.0,794.196,719.184,1.0,789.71,717.484,1.0,331.539,201.721,0.9959999918937683,334.011,196.765,1.0,324.217,193.635,1.0,324.527,197.235,0.9900000095367432,325.652,201.762,0.7039999961853027,857.056,453.903,1.0,863.183,460.99,1.0,866.15,470.781,1.0,857.21,472.43,1.0,849.256,473.528,1.0
614,649.574,738.614,1.0,642.625,732.023,1.0,633.883,738.553,1.0,638.915,745.398,1.0,649.623,753.388,1.0,549.681,654.184,1.0,546.041,645.639,1.0,534.582,636.691,1.0,518.057,637.536,1.0,510.508,640.263,1.0,826.686,722.186,1.0,814.19,722.402,1.0,807.984,717.128,1.0,794.264,719.25,1.0,789.987,717.586,1.0,331.539,201.761,0.9980000257492065,334.032,196.765,1.0,324.217,193.663,1.0,324.612,197.255,0.9959999918937683,325.652,201.762,0.6169999837875366,857.45,453.657,1.0,863.177,460.99,1.0,864.92,470.781,1.0,857.237,471.753,1.0,849.256,473.516,1.0
615,649.887,737.625,1.0,642.922,732.023,1.0,633.98,738.553,1.0,638.915,745.302,1.0,649.717,753.669,1.0,549.681,654.184,1.0,546.132,645.639,1.0,534.582,636.691,1.0,518.057,637.501,1.0,510.508,640.647,1.0,826.749,722.277,1.0,814.19,722.178,1.0,807.797,717.046,1.0,794.264,719.693,1.0,789.987,717.586,1.0,331.911,201.761,1.0,334.037,196.738,1.0,324.067,193.663,1.0,324.551,197.255,1.0,331.351,199.743,0.9710000157356262,858.974,453.097,1.0,863.087,460.99,1.0,864.903,470.781,1.0,857.21,471.106,1.0,849.226,473.516,1.0
616,650.872,737.625,1.0,643.412,732.046,1.0,634.698,738.553,1.0,638.915,745.302,1.0,649.717,753.767,1.0,549.681,653.735,1.0,546.132,644.94,1.0,534.058,636.691,1.0,518.057,637.501,1.0,510.508,639.758,1.0,826.754,722.277,1.0,814.221,721.885,1.0,807.715,716.794,1.0,794.292,719.693,1.0,790.809,717.68,1.0,331.911,201.721,0.9990000128746033,334.037,196.605,1.0,324.045,193.663,1.0,324.551,197.273,0.9980000257492065,331.351,199.743,0.7710000276565552,858.974,451.706,1.0,863.177,460.99,1.0,864.01,470.497,1.0,857.21,471.106,1.0,849.357,473.516,1.0
617,650.97,737.625,1.0,643.836,732.289,1.0,635.185,738.553,1.0,638.915,745.04,1.0,650.133,754.053,1.0,549.681,653.61,1.0,546.132,644.811,1.0,534.039,636.793,1.0,518.057,637.501,1.0,510.349,639.758,1.0,827.062,722.277,1.0,814.873,721.455,1.0,807.797,716.794,1.0,794.606,719.693,1.0,791.277,717.794,1.0,331.911,199.317,0.9980000257492065,334.085,196.531,1.0,324.027,193.663,1.0,324.612,197.382,0.9929999709129333,331.314,199.786,0.5450000166893005,858.974,442.362,1.0,863.183,456.706,1.0,863.946,466.946,1.0,857.237,471.106,1.0,849.397,474.065,1.0
618,651.182,737.323,1.0,644.031,732.488,1.0,635.534,738.526,1.0,638.802,745.024,1.0,650.158,754.273,1.0,542.039,640.156,1.0,538.894,640.988,1.0,529.081,640.372,1.0,522.781,639.093,1.0,510.267,638.538,1.0,827.515,721.974,1.0,816.042,721.119,1.0,808.8,716.133,1.0,800.714,719.781,1.0,792.713,717.794,1.0,331.858,199.08,0.9990000128746033,334.096,196.53,1.0,324.067,193.909,1.0,324.612,197.273,0.9959999918937683,331.351,199.743,0.6759999990463257,858.368,441.876,1.0,863.177,456.706,1.0,862.367,465.44,1.0,857.837,471.106,1.0,849.589,475.749,1.0
619,654.314,735.929,1.0,645.638,732.488,1.0,636.887,739.068,1.0,639.053,745.024,1.0,650.221,754.649,1.0,540.202,639.033,1.0,537.254,640.802,1.0,528.281,641.015,1.0,522.781,639.129,1.0,510.024,638.977,1.0,830.695,720.898,1.0,823.135,715.081,1.0,809.993,716.133,1.0,803.743,719.933,1.0,795.299,718.076,1.0,331.858,199.08,0.9890000224113464,334.096,196.53,0.9980000257492065,324.067,193.909,0.0,324.986,197.382,0.9919999837875366,331.314,199.786,0.7519999742507935,858.368,441.743,1.0,862.818,456.663,1.0,861.197,465.391,1.0,857.989,471.106,1.0,849.357,475.749,1.0
620,654.986,735.092,1.0,646.056,732.289,1.0,637.458,738.526,1.0,639.171,745.024,1.0,650.561,754.649,1.0,539.304,630.109,1.0,536.298,635.302,1.0,528.11,641.015,1.0,522.781,639.99,1.0,508.94,638.977,1.0,830.695,720.297,1.0,823.853,715.081,1.0,811.22,717.259,1.0,804.375,719.942,1.0,796.308,718.092,1.0,331.858,199.074,0.9990000128746033,334.096,196.488,1.0,331.924,194.129,1.0,325.14,197.586,0.9990000128746033,326.243,201.43,0.8820000290870667,858.368,441.518,1.0,862.818,456.663,1.0,861.027,465.341,1.0,858.046,471.255,1.0,849.473,475.749,1.0
621,655.876,733.9,1.0,647.472,732.271,1.0,637.967,738.495,1.0,638.865,744.275,1.0,650.904,754.649,1.0,536.99,625.984,1.0,535.406,630.792,1.0,528.11,641.173,1.0,522.052,640.043,1.0,508.224,638.977,1.0,830.695,719.407,1.0,824.68,715.081,1.0,813.658,717.274,1.0,806.64,720.065,1.0,796.898,718.281,1.0,331.858,199.26,0.9449999928474426,334.096,196.358,0.9890000224113464,,,0.0,325.142,197.586,0.9779999852180481,326.146,201.43,0.75,858.368,441.518,1.0,862.529,456.663,1.0,860.733,464.649,1.0,858.41,471.255,1.0,849.589,475.749,1.0
622,655.897,733.046,1.0,647.679,731.82,1.0,639.498,737.203,1.0,639.05,744.275,1.0,650.904,753.144,1.0,533.655,625.984,1.0,534.193,630.792,1.0,528.281,643.49,1.0,522.052,640.043,1.0,508.166,639.138,1.0,831.01,718.864,1.0,825.216,715.753,1.0,813.694,717.274,1.0,806.764,720.397,1.0,797.191,718.448,1.0,332.35,199.074,0.847000002861023,334.081,196.226,0.9570000171661377,,,0.0,325.354,198.02,0.9150000214576721,326.321,,0.5899999737739563,858.368,441.518,1.0,861.636,456.663,1.0,860.552,464.311,1.0,860.315,473.808,1.0,849.589,475.581,1.0
623,656.895,732.408,1.0,648.888,731.166,1.0,639.7,735.636,1.0,639.05,744.275,1.0,650.904,752.162,1.0,533.196,620.247,1.0,533.345,629.146,1.0,528.281,643.49,1.0,522.052,640.043,1.0,508.0,639.138,1.0,831.01,718.864,1.0,825.216,717.961,1.0,813.771,717.817,1.0,806.802,720.631,1.0,797.313,718.729,1.0,332.35,199.049,0.6340000033378601,333.846,196.226,0.7929999828338623,,,0.9010000228881836,325.354,198.02,0.6800000071525574,326.243,,0.0,858.852,443.736,1.0,860.17,454.983,1.0,859.968,462.335,1.0,860.315,473.808,1.0,851.538,475.566,1.0
624,663.755,732.408,1.0,653.829,730.432,1.0,643.564,733.84,1.0,639.05,744.275,1.0,647.253,752.162,1.0,533.124,620.247,1.0,533.345,629.146,1.0,528.042,640.891,1.0,522.052,639.57,1.0,507.618,639.138,1.0,831.01,719.082,1.0,825.216,717.961,1.0,813.987,717.817,1.0,807.133,720.631,1.0,797.313,718.729,1.0,332.523,198.998,0.7120000123977661,334.55,196.105,0.906000018119812,331.692,194.805,0.0,325.479,198.432,0.8759999871253967,326.321,201.269,0.5429999828338623,858.79,444.39,1.0,859.932,454.467,1.0,859.968,460.902,1.0,860.315,473.808,1.0,858.382,475.566,1.0
625,664.266,732.19,1.0,653.956,729.966,1.0,644.054,733.76,1.0,639.05,744.275,1.0,646.632,752.162,1.0,527.104,620.548,1.0,533.345,630.251,1.0,528.042,640.891,1.0,521.848,639.183,1.0,507.261,638.863,1.0,831.245,719.082,1.0,825.216,715.753,1.0,814.118,717.817,1.0,807.336,720.631,1.0,797.325,718.775,1.0,332.366,199.049,0.6159999966621399,334.55,,0.0,331.692,194.805,0.9010000228881836,325.598,198.432,0.0,326.168,201.269,0.3529999852180481,858.79,444.39,1.0,858.926,454.08,1.0,860.412,459.906,1.0,860.24,473.466,1.0,858.613,475.915,1.0
626,664.48,732.104,1.0,654.332,729.966,1.0,644.068,733.76,1.0,640.483,744.32,1.0,645.424,752.405,1.0,527.058,626.141,1.0,535.113,630.757,1.0,528.042,640.891,1.0,522.3,639.183,1.0,507.261,638.863,1.0,831.701,719.084,1.0,825.145,715.727,1.0,814.118,717.794,1.0,807.828,720.597,1.0,797.325,718.775,1.0,332.366,198.691,0.5669999718666077,334.554,195.715,0.7910000085830688,,,0.0,326.199,198.576,0.7749999761581421,326.152,201.269,0.48899999260902405,858.852,443.736,1.0,858.258,453.925,1.0,860.552,459.172,1.0,859.388,472.307,1.0,859.663,475.915,1.0
627,665.294,731.982,1.0,654.522,729.954,1.0,645.471,733.76,1.0,640.483,745.317,1.0,645.424,752.405,1.0,524.107,624.909,1.0,535.113,630.757,1.0,528.042,640.891,1.0,522.3,639.183,1.0,507.261,638.863,1.0,832.044,719.446,1.0,825.145,714.128,1.0,814.672,717.746,1.0,807.828,719.992,1.0,797.486,718.775,1.0,331.913,198.691,0.921999990940094,333.842,195.497,0.9829999804496765,,,0.0,326.866,,0.9710000157356262,326.115,201.436,0.7429999709129333,858.852,441.491,1.0,858.042,452.455,1.0,860.706,457.888,1.0,859.015,471.772,1.0,860.229,476.164,1.0
628,665.294,731.916,1.0,655.43,729.758,1.0,645.471,733.76,1.0,640.483,745.317,1.0,645.424,752.405,1.0,524.107,624.909,1.0,535.113,632.396,1.0,529.478,641.127,1.0,521.704,639.628,1.0,507.355,639.694,1.0,832.399,719.45,1.0,826.365,714.098,1.0,815.35,715.795,1.0,807.828,719.084,1.0,797.517,717.142,1.0,332.142,198.994,0.8980000019073486,,195.54,0.0,331.828,194.434,0.9890000224113464,326.441,198.414,0.0,326.152,201.436,0.8040000200271606,858.967,441.45,1.0,858.042,451.929,1.0,860.706,457.465,1.0,858.713,471.337,1.0,860.328,476.164,1.0
629,665.31,730.651,1.0,656.63,729.752,1.0,646.87,735.002,1.0,641.298,745.317,1.0,645.098,749.857,1.0,524.107,624.909,1.0,526.491,633.767,1.0,529.575,641.162,1.0,521.704,639.66,1.0,507.355,640.174,1.0,834.929,719.446,1.0,826.477,713.996,1.0,815.722,715.795,1.0,804.536,717.767,1.0,797.517,717.032,1.0,331.913,198.994,0.9160000085830688,333.085,195.631,0.9860000014305115,,,0.0,326.895,198.414,0.9879999756813049,326.115,201.438,0.878000020980835,859.077,440.999,1.0,858.042,451.816,1.0,860.829,457.339,1.0,858.706,471.296,1.0,860.328,476.164,1.0
630,666.086,726.064,1.0,659.455,728.222,1.0,649.701,735.654,1.0,641.397,743.43,1.0,645.098,748.134,1.0,525.576,624.782,1.0,526.491,633.882,1.0,529.575,641.219,1.0,521.704,639.744,1.0,507.355,640.174,1.0,835.043,719.446,1.0,826.48,713.715,1.0,815.722,715.795,1.0,804.536,717.767,1.0,796.75,716.892,1.0,331.913,198.994,0.9449999928474426,333.052,195.54,0.9900000095367432,,,0.0,326.866,198.208,0.9860000014305115,326.152,201.436,0.8799999952316284,858.967,440.974,1.0,858.042,451.362,1.0,860.829,457.339,1.0,858.706,471.247,1.0,860.575,475.996,1.0
631,668.64,724.343,1.0,662.099,726.549,1.0,650.034,737.344,1.0,642.57,739.49,1.0,643.375,748.134,1.0,525.709,624.151,1.0,526.34,633.882,1.0,529.575,641.503,1.0,521.024,639.744,1.0,507.342,640.174,1.0,835.043,719.112,1.0,826.717,713.715,1.0,815.876,715.876,1.0,804.299,717.767,1.0,797.517,717.032,1.0,332.082,199.02,0.9789999723434448,332.866,195.515,0.9950000047683716,331.871,194.352,0.9990000128746033,326.518,198.04,0.9929999709129333,326.169,201.436,0.9330000281333923,858.964,440.777,1.0,858.679,450.836,1.0,860.644,457.306,1.0,858.149,468.145,1.0,861.941,475.609,1.0
632,668.7,724.343,1.0,662.423,726.09,1.0,650.034,737.587,1.0,642.742,739.441,1.0,641.458,745.407,1.0,525.924,624.151,1.0,526.34,633.882,1.0,528.013,641.652,1.0,518.875,639.66,1.0,505.957,640.174,1.0,835.043,711.731,1.0,826.717,711.646,1.0,817.614,717.475,1.0,804.204,718.418,1.0,797.517,717.032,1.0,332.142,199.163,0.9610000252723694,332.866,195.54,0.9929999709129333,331.833,194.352,0.9980000257492065,326.508,197.81,0.9900000095367432,326.171,201.58,0.9039999842643738,859.077,437.293,1.0,858.679,445.075,1.0,856.458,456.763,1.0,857.323,462.527,1.0,863.796,475.002,1.0
633,668.72,724.333,1.0,662.516,725.616,1.0,650.522,737.587,1.0,643.421,738.553,1.0,641.458,745.366,1.0,530.029,624.782,1.0,526.34,632.645,1.0,523.384,641.652,1.0,513.134,639.891,1.0,501.981,640.174,1.0,832.371,711.731,1.0,826.717,711.346,1.0,817.614,717.475,1.0,804.299,718.45,1.0,798.437,719.821,1.0,332.082,199.173,0.9509999752044678,332.866,195.631,0.9919999837875366,331.833,194.352,0.9980000257492065,326.508,197.81,0.9919999837875366,326.171,201.584,0.9200000166893005,859.077,436.163,1.0,855.973,443.363,1.0,856.411,456.444,1.0,857.323,462.012,1.0,864.507,473.884,1.0
634,668.99,724.333,1.0,662.846,725.165,1.0,650.655,737.344,1.0,643.867,738.387,1.0,641.133,745.407,1.0,532.817,631.09,1.0,525.845,632.645,1.0,518.325,641.652,1.0,505.307,640.464,1.0,499.782,642.523,1.0,831.234,711.731,1.0,826.116,711.346,1.0,817.614,721.536,1.0,804.544,718.872,1.0,798.534,719.821,1.0,332.082,199.418,0.9539999961853027,332.987,195.857,0.9909999966621399,331.833,194.352,0.996999979019165,326.066,197.611,0.9879999756813049,326.326,201.721,0.8420000076293945,860.544,435.461,1.0,855.566,443.334,1.0,856.411,455.317,1.0,857.275,461.873,1.0,864.507,473.884,1.0
635,669.507,724.286,1.0,664.689,725.165,1.0,653.197,735.54,1.0,645.399,736.627,1.0,641.133,744.314,1.0,532.817,637.607,1.0,525.845,632.645,1.0,518.325,641.086,1.0,505.261,640.606,1.0,499.782,643.069,1.0,831.204,714.009,1.0,825.499,711.346,1.0,814.961,717.475,1.0,806.608,718.881,1.0,798.534,719.821,1.0,332.212,199.418,0.9750000238418579,333.067,195.922,0.9959999918937683,331.828,194.352,0.9990000128746033,325.865,197.6,0.9919999837875366,326.326,201.721,0.8579999804496765,861.706,435.252,1.0,855.973,443.275,1.0,856.458,455.313,1.0,857.323,461.829,1.0,864.507,473.884,1.0
636,673.259,721.113,1.0,664.799,725.616,1.0,656.727,730.993,1.0,645.563,735.202,1.0,640.947,743.963,1.0,532.817,642.348,1.0,526.682,633.454,1.0,518.325,639.823,1.0,505.027,640.662,1.0,499.782,643.08,1.0,828.848,717.472,1.0,824.631,712.644,1.0,814.44,716.923,1.0,807.551,719.566,1.0,798.437,719.006,1.0,332.031,199.505,0.9710000157356262,333.171,196.402,0.9950000047683716,331.79,193.99,0.9990000128746033,325.704,197.539,0.9919999837875366,326.171,201.732,0.8500000238418579,863.243,435.461,1.0,855.765,443.275,1.0,857.075,455.313,1.0,857.446,461.829,1.0,864.221,474.73,1.0
637,673.941,720.895,1.0,668.48,727.545,1.0,656.948,730.775,1.0,647.372,734.68,1.0,640.947,743.418,1.0,527.556,642.59,1.0,526.682,641.019,1.0,518.686,639.115,1.0,505.018,640.96,1.0,501.035,643.397,1.0,825.559,717.536,1.0,822.823,715.461,1.0,814.44,716.541,1.0,808.066,720.278,1.0,797.835,718.861,1.0,331.073,201.13,0.9369999766349792,333.296,196.435,0.984000027179718,331.771,193.99,0.9959999918937683,325.544,197.6,0.9670000076293945,326.17,201.757,0.7059999704360962,863.488,435.461,1.0,855.765,442.887,1.0,857.075,454.923,1.0,857.446,461.774,1.0,864.193,474.73,1.0
638,674.059,720.637,1.0,668.895,728.006,1.0,657.043,730.775,1.0,648.435,734.376,1.0,640.526,742.967,1.0,524.386,645.971,1.0,525.845,641.747,1.0,518.857,639.115,1.0,505.018,640.96,1.0,501.092,643.68,1.0,823.582,723.462,1.0,820.297,723.123,1.0,814.44,716.541,1.0,808.066,720.761,1.0,796.711,718.861,1.0,330.82,201.537,0.9909999966621399,333.492,196.547,0.9990000128746033,324.043,193.762,1.0,325.316,197.6,0.9959999918937683,326.326,201.757,0.9150000214576721,863.488,435.461,1.0,855.765,442.887,1.0,857.075,454.923,1.0,857.446,461.306,1.0,864.184,474.73,1.0
639,675.292,720.895,1.0,669.706,728.1,1.0,657.437,730.593,1.0,648.567,734.23,1.0,640.526,742.314,1.0,520.761,647.674,1.0,525.279,644.319,1.0,519.334,639.115,1.0,505.027,640.96,1.0,502.274,644.803,1.0,822.208,733.589,1.0,819.429,725.146,1.0,814.739,716.541,1.0,809.141,721.065,1.0,796.572,718.685,1.0,330.817,201.585,0.9890000224113464,333.565,196.65,0.9990000128746033,324.043,193.762,1.0,325.287,197.721,0.996999979019165,326.369,201.717,0.9110000133514404,863.488,435.252,1.0,855.876,442.887,1.0,856.925,454.907,1.0,857.528,461.306,1.0,864.193,474.315,1.0
640,675.292,721.113,1.0,669.706,728.006,1.0,657.437,730.46,1.0,648.567,734.23,1.0,640.526,742.059,1.0,520.761,652.476,1.0,523.329,646.517,1.0,519.334,641.967,1.0,507.416,640.743,1.0,502.694,645.376,1.0,821.807,734.477,1.0,818.296,725.8,1.0,814.739,716.923,1.0,809.141,720.893,1.0,796.572,718.861,1.0,330.468,202.371,0.9800000190734863,333.583,197.002,0.9959999918937683,324.484,194.229,0.9980000257492065,324.786,197.736,0.9710000157356262,326.093,201.526,0.42100000381469727,861.961,435.039,1.0,855.876,443.166,1.0,856.925,454.712,1.0,857.528,461.214,1.0,864.193,473.583,1.0
641,675.292,721.417,1.0,669.706,727.545,1.0,657.437,730.46,1.0,648.567,734.23,1.0,641.003,741.888,1.0,519.928,652.476,1.0,523.193,647.081,1.0,519.347,642.232,1.0,508.715,640.416,1.0,502.694,646.134,1.0,821.807,735.05,1.0,816.325,727.613,1.0,814.739,717.01,1.0,810.029,720.893,1.0,796.572,719.084,1.0,330.241,202.371,0.9459999799728394,333.583,197.002,0.9829999804496765,324.484,194.229,0.9929999709129333,324.743,197.736,0.8920000195503235,325.888,199.623,0.2280000001192093,859.211,435.039,1.0,855.876,443.591,1.0,856.925,454.907,1.0,857.592,460.849,1.0,864.184,473.583,1.0
642,674.299,724.352,1.0,665.358,728.006,1.0,657.583,730.46,1.0,648.642,734.23,1.0,641.373,741.846,1.0,519.711,648.759,1.0,522.662,647.942,1.0,519.233,642.508,1.0,509.379,640.416,1.0,502.905,646.933,1.0,821.807,735.05,1.0,816.325,727.613,1.0,814.739,718.016,1.0,810.029,720.761,1.0,796.621,719.315,1.0,330.129,202.371,0.8650000095367432,333.583,197.002,0.9350000023841858,323.946,193.762,0.9509999752044678,324.697,197.721,0.7070000171661377,325.361,199.511,0.28200000524520874,859.211,435.83,1.0,856.254,444.109,1.0,857.14,455.369,1.0,857.61,459.157,1.0,864.184,472.845,1.0
643,671.083,728.357,1.0,665.358,728.1,1.0,657.821,730.378,1.0,648.599,734.02,1.0,641.402,741.107,1.0,519.711,648.759,1.0,522.626,649.561,1.0,519.347,643.941,1.0,510.433,640.339,1.0,503.32,649.291,1.0,822.336,735.05,1.0,816.325,727.613,1.0,814.739,719.024,1.0,810.029,719.41,1.0,797.402,719.315,1.0,,,,,,,,,,,,,,,,859.211,441.136,1.0,856.633,445.585,1.0,859.059,456.009,1.0,857.62,456.953,1.0,861.877,472.596,1.0
644,671.083,735.905,1.0,665.358,730.942,1.0,660.477,730.378,1.0,648.599,733.907,1.0,642.991,740.911,1.0,519.711,648.915,1.0,522.023,649.561,1.0,519.233,643.941,1.0,511.204,640.315,1.0,502.905,649.542,1.0,823.176,733.324,1.0,821.164,723.459,1.0,815.381,720.28,1.0,810.029,719.351,1.0,797.496,719.315,1.0,,,,,,,,,,,,,,,,858.386,441.136,0.996999979019165,860.301,445.585,1.0,859.059,456.009,1.0,857.65,456.953,1.0,861.877,472.596,0.9980000257492065
645,671.083,738.767,1.0,669.19,733.757,1.0,660.98,730.528,1.0,648.868,733.874,1.0,643.368,740.739,1.0,518.849,648.915,1.0,521.675,649.561,1.0,518.932,643.941,1.0,512.142,640.008,1.0,502.905,649.602,1.0,823.176,733.324,1.0,821.358,723.398,1.0,815.479,720.407,1.0,810.029,719.343,1.0,797.496,719.293,1.0,,,,,,,,,,,,,,,,858.386,441.136,1.0,860.301,445.585,1.0,859.059,456.009,1.0,857.62,456.953,1.0,861.877,472.721,0.9959999918937683
646,676.069,738.767,1.0,669.19,733.757,1.0,660.98,730.528,1.0,648.868,733.874,1.0,643.368,740.739,1.0,516.44,652.468,1.0,519.917,648.268,1.0,518.932,636.641,1.0,512.275,640.315,1.0,503.32,649.664,1.0,823.176,733.324,1.0,821.84,723.398,1.0,815.592,720.407,1.0,806.176,718.891,1.0,797.496,719.264,1.0,,,,,,,,,,,,,,,,858.386,439.874,1.0,860.301,441.526,1.0,859.365,455.3,1.0,857.62,458.266,1.0,863.014,472.721,1.0
647,676.069,738.767,1.0,669.19,733.757,1.0,660.98,730.566,1.0,648.599,733.874,1.0,643.368,740.739,1.0,516.44,652.764,1.0,519.389,648.132,1.0,521.25,636.641,1.0,512.275,640.315,1.0,504.265,649.677,1.0,822.788,733.834,1.0,822.282,723.398,1.0,815.949,720.28,1.0,806.176,718.41,1.0,797.478,719.01,1.0,,,,,,,,,,,,,,,,854.34,439.874,1.0,858.044,441.526,1.0,859.365,454.427,1.0,857.62,459.004,1.0,863.385,473.377,1.0
648,676.069,734.295,1.0,668.482,730.014,1.0,660.086,731.097,1.0,648.522,734.067,1.0,642.381,741.404,1.0,516.44,654.109,1.0,519.389,648.132,1.0,521.25,636.641,1.0,512.142,640.662,1.0,505.312,650.748,1.0,822.762,734.094,1.0,822.282,723.863,1.0,817.697,720.28,1.0,806.176,718.397,1.0,797.478,716.947,1.0,,,,,,,,,,,,,,,,852.16,439.874,1.0,856.422,441.526,1.0,858.498,454.427,1.0,857.849,459.061,1.0,863.903,474.256,1.0
649,670.633,729.04,1.0,665.398,729.101,1.0,659.158,731.285,1.0,648.522,734.095,1.0,640.258,743.44,1.0,517.375,654.397,1.0,519.405,648.132,1.0,521.25,637.315,1.0,512.142,640.758,1.0,505.312,650.748,1.0,822.762,735.302,1.0,822.48,725.586,1.0,818.892,720.407,1.0,807.249,718.41,1.0,797.478,716.947,1.0,,,,,,,,,,,,,,,,848.825,439.943,1.0,855.847,448.014,1.0,858.498,455.3,1.0,858.654,460.782,1.0,863.903,474.256,1.0
650,665.523,719.561,1.0,664.6,728.491,1.0,658.65,731.664,1.0,648.474,736.058,1.0,640.181,743.867,1.0,518.133,654.754,1.0,519.405,649.352,1.0,521.25,638.958,1.0,511.052,640.829,1.0,505.312,650.748,1.0,822.788,735.302,1.0,822.48,725.586,1.0,818.892,720.868,1.0,807.709,718.41,1.0,797.55,716.768,1.0,,,,,,,,,,,,,,,,843.65,446.396,1.0,853.481,449.361,1.0,858.095,455.975,1.0,860.379,462.85,1.0,864.098,474.256,1.0
651,662.889,719.2,1.0,663.758,728.194,1.0,658.639,731.893,1.0,648.474,736.326,1.0,640.174,744.031,1.0,518.565,669.729,1.0,519.701,654.123,1.0,520.971,643.225,1.0,507.425,640.829,1.0,502.521,646.37,1.0,823.877,735.309,1.0,823.011,726.286,1.0,819.307,721.636,1.0,808.169,718.585,1.0,797.659,716.768,1.0,,,,,,,,,,,,,,,,843.336,447.399,1.0,852.959,449.472,1.0,857.666,455.975,1.0,860.379,462.85,1.0,864.098,474.256,1.0
652,662.027,718.288,1.0,662.086,728.194,1.0,658.639,731.664,1.0,648.635,736.904,1.0,640.174,744.031,1.0,519.904,669.803,1.0,519.988,654.188,1.0,520.925,644.914,1.0,507.137,640.829,1.0,501.745,645.695,1.0,823.963,735.309,1.0,823.196,726.534,1.0,819.466,721.859,1.0,808.169,718.585,1.0,797.947,716.768,1.0,,,,,,,,,,,,,,,,843.201,449.305,1.0,852.104,449.938,1.0,857.295,455.975,1.0,860.379,462.85,1.0,864.098,474.256,1.0
653,661.902,717.729,1.0,661.544,728.145,1.0,658.639,731.322,1.0,648.995,736.989,1.0,640.174,743.867,1.0,520.106,670.102,1.0,520.045,654.599,1.0,520.657,645.72,1.0,506.427,641.609,1.0,500.95,645.35,1.0,824.185,735.658,1.0,823.196,726.551,1.0,819.466,722.17,1.0,808.169,718.585,1.0,798.268,716.479,1.0,330.524,203.042,0.8130000233650208,333.927,197.326,0.9110000133514404,,,0.0,325.467,199.106,0.7720000147819519,,,0.0,842.112,459.175,1.0,848.225,452.428,1.0,854.987,454.435,1.0,858.346,461.627,1.0,862.758,474.711,1.0
654,661.769,717.318,1.0,661.357,727.124,1.0,658.477,731.322,1.0,649.032,737.141,1.0,640.2,743.467,1.0,520.106,670.224,1.0,520.045,655.592,1.0,519.146,647.161,1.0,506.045,642.5,1.0,500.82,645.005,1.0,824.549,735.658,1.0,823.196,727.138,1.0,818.984,722.618,1.0,808.169,718.536,1.0,798.406,716.479,1.0,330.477,202.843,0.800000011920929,333.657,197.268,0.9089999794960022,,,0.0,325.256,198.775,0.8019999861717224,,,0.0,841.929,459.484,1.0,848.091,452.519,1.0,854.827,454.435,1.0,857.806,460.996,1.0,862.519,474.894,1.0
655,661.179,715.589,1.0,660.335,725.493,1.0,658.035,731.017,1.0,649.032,736.989,1.0,640.2,742.453,1.0,520.106,670.224,1.0,520.045,655.727,1.0,519.014,647.967,1.0,506.045,642.807,1.0,500.82,645.005,1.0,824.741,736.56,1.0,822.629,728.115,1.0,818.984,724.027,1.0,808.246,718.536,1.0,798.864,716.479,1.0,330.432,202.62,0.7260000109672546,333.555,196.935,0.890999972820282,,,0.0,325.24,198.447,0.7950000166893005,,,0.0,841.195,459.831,1.0,847.039,454.494,1.0,854.424,454.435,1.0,855.602,460.783,1.0,862.008,475.589,1.0
656,659.469,715.033,1.0,659.361,723.828,1.0,657.375,730.198,1.0,649.037,736.904,1.0,640.248,742.279,1.0,520.554,670.317,1.0,519.471,656.077,1.0,518.896,648.782,1.0,506.045,642.836,1.0,500.82,644.636,1.0,825.307,737.153,1.0,822.629,729.248,1.0,818.984,725.064,1.0,808.246,718.536,1.0,799.937,716.908,1.0,,,,,,,,,,,,,,,,840.45,459.484,1.0,847.039,454.509,1.0,853.964,454.435,1.0,855.412,460.315,1.0,861.685,475.589,1.0
657,659.455,714.907,1.0,658.775,723.787,1.0,657.375,730.177,1.0,649.123,736.652,1.0,640.3,742.259,1.0,520.759,670.403,1.0,518.407,659.878,1.0,518.896,650.789,1.0,512.382,642.913,1.0,503.562,644.547,1.0,825.901,737.841,1.0,822.629,730.327,1.0,818.984,726.443,1.0,809.053,718.979,1.0,800.714,717.322,1.0,,,,,,,,,,,,,,,,840.19,459.175,1.0,847.039,454.63,1.0,853.408,453.949,1.0,855.205,460.066,1.0,861.508,475.589,1.0
658,659.374,714.463,1.0,658.775,722.484,1.0,657.375,729.314,1.0,649.032,736.116,1.0,640.647,740.888,1.0,520.978,670.403,1.0,518.407,660.409,1.0,519.014,652.864,1.0,513.963,644.545,1.0,505.276,642.459,1.0,826.195,737.849,1.0,823.395,732.737,1.0,819.081,726.526,1.0,809.521,720.575,1.0,801.636,717.322,1.0,,,,,,,,,,,,,,,,840.058,451.281,1.0,847.521,454.758,1.0,850.153,453.949,1.0,855.205,458.599,1.0,861.508,472.577,1.0
659,658.564,708.039,1.0,658.775,713.723,1.0,658.992,726.468,1.0,648.923,734.618,1.0,640.681,740.888,1.0,521.19,670.648,1.0,518.407,661.522,1.0,519.024,653.894,1.0,515.162,646.725,1.0,507.336,638.901,1.0,826.195,738.737,1.0,823.755,733.57,1.0,819.457,726.537,1.0,810.268,720.901,1.0,802.897,717.335,1.0,,,,,,,,,,,,,,,,839.991,451.281,1.0,847.784,454.63,1.0,850.153,453.691,1.0,855.205,458.599,1.0,861.508,471.525,1.0
660,658.358,706.473,1.0,658.85,712.812,1.0,658.992,725.397,1.0,649.123,733.53,1.0,641.929,740.888,1.0,521.463,670.695,1.0,518.456,664.016,1.0,519.641,654.402,1.0,515.902,647.293,1.0,508.488,638.647,1.0,826.175,739.447,1.0,823.943,734.822,1.0,819.457,726.537,1.0,810.845,720.901,1.0,805.765,717.335,1.0,,,,,,,,,,,,,,,,837.962,451.281,1.0,847.784,454.509,1.0,850.153,453.659,1.0,855.491,457.909,1.0,861.744,470.831,1.0
661,658.358,706.156,1.0,658.85,712.435,1.0,658.992,724.482,1.0,649.205,733.258,1.0,642.176,740.402,1.0,521.463,671.066,1.0,518.456,664.476,1.0,520.689,655.414,1.0,516.119,647.657,1.0,508.778,638.647,1.0,826.175,739.842,1.0,823.981,734.875,1.0,819.836,726.443,1.0,811.939,720.901,1.0,808.115,716.702,1.0,326.324,198.106,0.7289999723434448,,,0.0,331.616,194.57,0.9259999990463257,,,0.0,325.972,201.364,0.48899999260902405,837.58,451.469,1.0,847.715,454.116,1.0,858.8,451.93,1.0,855.927,457.674,1.0,864.87,470.789,1.0
662,658.492,705.05,1.0,658.85,711.493,1.0,658.893,724.224,1.0,649.373,733.123,1.0,642.467,740.402,1.0,521.479,671.664,1.0,518.54,665.16,1.0,520.689,656.538,1.0,516.119,648.604,1.0,509.267,638.647,1.0,826.159,739.842,1.0,824.025,734.875,1.0,819.836,726.34,1.0,812.459,720.901,1.0,808.494,716.702,1.0,326.324,197.985,0.6600000262260437,,,0.0,331.595,194.561,0.8930000066757202,,,0.0,325.972,201.364,0.48100000619888306,836.821,451.469,1.0,847.521,454.116,1.0,858.8,451.93,1.0,855.927,457.674,1.0,864.87,470.745,1.0
663,658.492,704.406,1.0,658.529,711.493,1.0,658.719,723.322,1.0,649.621,732.561,1.0,642.7,739.406,1.0,522.119,672.435,1.0,518.54,665.739,1.0,520.689,657.051,1.0,516.119,648.986,1.0,509.539,639.519,1.0,826.159,739.888,1.0,824.453,735.249,1.0,819.836,726.34,1.0,812.459,720.901,1.0,808.725,716.954,1.0,326.324,197.985,0.8119999766349792,,,0.0,331.533,194.511,0.9549999833106995,,,0.0,325.956,201.139,0.5,836.774,451.469,1.0,847.487,454.116,1.0,858.8,451.93,1.0,855.927,457.679,1.0,864.87,470.745,1.0
664,658.794,704.393,1.0,658.2,711.493,1.0,658.49,721.703,1.0,649.877,731.315,1.0,642.712,737.193,1.0,523.608,675.318,1.0,518.942,669.597,1.0,518.075,660.076,1.0,516.119,649.681,1.0,509.995,640.985,1.0,826.159,739.888,1.0,824.453,735.249,1.0,819.836,726.34,1.0,812.477,721.078,1.0,808.725,716.954,1.0,326.564,198.106,0.7720000147819519,,,0.0,331.616,194.561,0.9380000233650208,,,0.0,326.077,201.382,0.5699999928474426,836.688,451.154,1.0,847.218,454.314,1.0,858.36,453.795,1.0,855.124,457.679,1.0,864.87,470.737,1.0
665,659.633,703.734,1.0,657.987,711.398,1.0,658.26,720.255,1.0,650.789,728.216,1.0,646.338,734.119,1.0,523.608,675.776,1.0,519.321,669.597,1.0,518.075,661.789,1.0,516.119,652.604,1.0,510.3,645.854,1.0,826.263,740.694,1.0,824.866,736.448,1.0,820.344,726.436,1.0,812.632,722.195,1.0,808.725,716.954,1.0,330.269,201.69,0.7080000042915344,334.077,196.734,0.8740000128746033,331.595,194.511,0.0,325.482,198.406,0.7889999747276306,326.174,201.42,0.0,836.676,451.154,1.0,846.864,455.82,1.0,858.154,454.81,1.0,854.683,457.679,1.0,864.87,470.485,1.0
666,659.914,702.333,1.0,657.987,711.775,1.0,657.975,720.007,1.0,651.016,728.067,1.0,647.461,733.467,1.0,523.608,683.485,1.0,520.062,669.597,1.0,517.823,663.212,1.0,516.321,653.905,1.0,513.055,647.63,1.0,828.346,744.64,1.0,825.436,739.735,1.0,820.669,728.044,1.0,813.2,724.125,1.0,809.082,717.678,1.0,330.269,202.882,0.9100000262260437,333.843,196.734,0.9800000190734863,331.877,194.735,0.9940000176429749,325.347,198.406,0.9760000109672546,326.211,201.537,0.7910000085830688,836.355,451.154,1.0,846.7,456.117,1.0,856.472,455.302,1.0,854.683,457.679,1.0,865.303,470.185,1.0
667,660.15,702.393,1.0,657.987,711.775,1.0,656.807,719.281,1.0,656.218,727.856,1.0,654.116,733.426,1.0,522.789,683.564,1.0,521.25,669.331,1.0,518.075,663.27,1.0,516.75,654.178,1.0,513.563,647.852,1.0,830.246,744.869,1.0,826.222,741.261,1.0,822.155,731.182,1.0,813.623,726.412,1.0,809.371,718.822,1.0,330.269,203.383,0.7580000162124634,333.843,196.734,0.875,324.205,194.156,0.9710000157356262,325.216,198.301,0.8759999871253967,326.107,201.42,0.5389999747276306,831.302,452.054,1.0,837.534,456.57,1.0,850.809,455.323,1.0,855.124,454.164,1.0,865.303,467.745,1.0
668,660.157,702.313,1.0,658.493,711.592,1.0,656.469,719.281,1.0,656.218,727.843,1.0,655.102,733.35,1.0,522.789,683.564,1.0,521.309,669.331,1.0,518.079,663.356,1.0,516.968,654.4,1.0,513.626,648.328,1.0,832.444,749.758,1.0,829.426,742.682,1.0,823.701,734.212,1.0,816.392,730.805,1.0,812.125,718.922,1.0,330.219,203.378,0.6909999847412109,333.843,196.758,0.8560000061988831,324.172,194.116,0.949999988079071,325.126,198.301,0.781000018119812,326.077,201.419,0.46299999952316284,830.92,452.054,1.0,836.094,456.57,1.0,848.925,455.323,1.0,855.424,451.599,1.0,865.303,465.367,1.0
669,660.157,702.3,1.0,658.493,711.398,1.0,656.463,719.281,1.0,656.218,727.843,1.0,656.257,733.067,1.0,522.593,683.564,1.0,521.785,669.331,1.0,518.105,663.508,1.0,516.976,654.4,1.0,513.626,648.39,1.0,832.508,750.499,1.0,829.695,743.049,1.0,824.036,734.277,1.0,816.839,731.074,1.0,813.276,718.822,1.0,330.219,203.378,0.7089999914169312,333.843,196.848,0.8130000233650208,324.129,194.053,0.9290000200271606,325.126,198.406,0.7059999704360962,326.061,201.384,0.33500000834465027,828.24,452.054,1.0,833.251,456.57,1.0,848.173,455.302,1.0,855.539,451.308,1.0,862.544,462.07,1.0
670,660.157,702.184,1.0,658.493,710.709,1.0,656.469,717.995,1.0,654.545,727.478,1.0,656.257,732.082,1.0,522.593,683.485,1.0,521.503,670.403,1.0,518.169,665.085,1.0,517.737,655.267,1.0,514.19,649.691,1.0,832.508,750.517,1.0,829.943,743.049,1.0,824.25,734.688,1.0,817.54,731.204,1.0,813.678,718.922,1.0,330.219,203.378,0.781000018119812,333.843,196.848,0.8809999823570251,323.957,193.925,0.9639999866485596,325.126,198.471,0.8069999814033508,325.98,201.294,0.3619999885559082,828.229,451.693,1.0,833.223,455.821,1.0,847.973,455.221,1.0,855.566,450.813,1.0,862.479,461.102,1.0
671,659.649,698.843,1.0,657.259,708.304,1.0,656.469,715.859,1.0,654.545,723.183,1.0,656.465,731.094,1.0,521.963,683.574,1.0,521.862,674.511,1.0,518.624,665.189,1.0,520.073,658.457,1.0,514.617,651.725,1.0,832.582,750.517,1.0,829.988,743.031,1.0,824.343,734.816,1.0,817.668,731.259,1.0,813.967,718.877,1.0,330.183,202.947,0.8730000257492065,333.817,196.831,0.9570000171661377,,,0.0,325.008,198.034,0.9399999976158142,325.98,201.163,0.578000009059906,828.027,451.587,1.0,833.193,455.397,1.0,847.733,455.221,1.0,855.539,450.813,1.0,861.994,461.102,1.0
672,659.051,693.229,1.0,657.259,697.243,1.0,657.498,714.149,1.0,654.545,718.234,1.0,656.475,730.979,1.0,518.914,685.223,1.0,521.864,676.811,1.0,518.821,666.616,1.0,520.628,659.073,1.0,514.617,652.351,1.0,832.508,750.517,1.0,830.004,743.075,1.0,824.37,734.94,1.0,817.668,731.259,1.0,814.172,718.922,1.0,330.107,202.131,0.7390000224113464,333.616,196.831,0.875,,,0.0,325.008,198.034,0.8679999709129333,,,0.0,827.757,451.587,1.0,832.704,455.056,1.0,846.845,455.221,1.0,855.424,450.813,1.0,861.961,461.102,1.0
673,659.037,692.499,1.0,657.259,697.013,1.0,658.015,713.426,1.0,655.259,717.15,1.0,656.465,730.804,1.0,518.914,688.734,1.0,521.864,677.492,1.0,518.899,667.062,1.0,520.922,659.366,1.0,514.865,652.604,1.0,832.468,750.517,1.0,830.393,743.075,1.0,824.722,734.816,1.0,817.668,731.204,1.0,814.495,718.941,1.0,,,,,,,,,,,,,,,,827.598,451.628,1.0,832.349,454.691,1.0,846.044,455.221,1.0,855.04,451.449,1.0,861.709,461.102,1.0
674,659.037,689.133,1.0,657.751,696.532,1.0,659.24,712.402,1.0,657.71,716.084,1.0,655.691,729.91,1.0,518.914,688.76,1.0,521.57,677.517,1.0,519.197,667.367,1.0,520.957,659.377,1.0,514.865,652.99,1.0,832.468,749.714,1.0,830.51,743.231,1.0,824.744,734.942,1.0,817.722,731.259,1.0,815.991,720.145,1.0,,,,,,,,,,,,,,,,826.9,451.088,1.0,832.349,454.304,1.0,843.184,455.221,1.0,850.728,455.232,1.0,861.339,461.096,1.0
675,659.037,688.982,1.0,657.824,696.062,1.0,659.769,712.286,1.0,658.005,715.575,1.0,656.465,729.868,1.0,519.238,689.05,1.0,521.57,677.492,1.0,519.197,667.367,1.0,520.974,659.377,1.0,514.865,652.604,1.0,832.582,749.295,1.0,830.962,743.231,1.0,825.108,737.805,1.0,818.555,731.434,1.0,816.221,721.959,1.0,,,,,,,,,,,,,,,,826.501,451.02,1.0,832.349,453.719,1.0,841.295,454.364,1.0,849.545,457.486,1.0,861.32,460.339,1.0
676,659.584,688.802,1.0,657.824,696.062,1.0,659.775,711.609,1.0,658.259,714.6,1.0,652.962,729.812,1.0,519.338,689.05,1.0,521.288,677.072,1.0,519.222,667.367,1.0,520.974,660.085,1.0,514.985,652.604,1.0,832.787,749.295,1.0,831.442,743.231,1.0,825.31,738.106,1.0,819.006,731.801,1.0,816.308,724.507,1.0,,,,,,,,,,,,,,,,825.153,450.531,1.0,834.794,451.894,1.0,839.443,453.918,1.0,847.779,457.518,1.0,861.178,460.284,1.0
677,660.446,688.37,1.0,657.824,695.471,1.0,659.775,709.524,1.0,658.54,714.187,1.0,652.868,726.584,1.0,519.77,689.05,1.0,521.288,677.517,1.0,519.356,667.506,1.0,520.974,660.101,1.0,516.715,648.718,1.0,834.509,748.652,1.0,831.371,743.231,1.0,825.31,739.102,1.0,819.104,732.474,1.0,816.308,725.381,1.0,,,,,,,,,,,,,,,,824.461,450.21,1.0,834.794,451.651,1.0,839.403,453.829,1.0,847.552,457.518,1.0,861.149,459.704,1.0
678,660.58,687.485,1.0,657.59,695.016,1.0,659.769,705.452,1.0,659.312,711.131,1.0,652.832,723.96,1.0,523.418,686.92,1.0,521.288,677.644,1.0,519.517,667.566,1.0,520.725,660.221,1.0,516.865,648.718,1.0,835.595,748.652,1.0,831.371,743.231,1.0,825.67,739.503,1.0,819.72,732.513,1.0,816.308,726.204,1.0,331.263,,0.9430000185966492,334.772,197.467,0.9879999756813049,331.871,195.686,0.9980000257492065,325.602,198.88,0.984000027179718,,201.273,0.7429999709129333,824.276,450.21,1.0,834.794,451.608,1.0,839.283,453.785,1.0,847.153,457.486,1.0,861.149,459.704,1.0
679,662.141,687.467,1.0,657.59,694.479,1.0,658.899,705.184,1.0,659.439,710.947,1.0,652.832,722.414,1.0,530.647,685.691,1.0,525.271,679.272,1.0,519.677,667.762,1.0,520.176,662.192,1.0,517.125,648.718,1.0,835.595,748.652,1.0,831.371,743.211,1.0,825.67,739.624,1.0,819.882,732.534,1.0,812.059,728.692,1.0,,202.965,0.0,333.888,197.195,0.30000001192092896,324.363,194.595,0.4300000071525574,325.562,198.585,0.16200000047683716,331.856,,0.0,824.461,450.278,1.0,834.839,451.265,1.0,838.912,453.778,1.0,846.865,457.095,1.0,861.149,459.704,1.0
680,662.796,687.485,1.0,657.59,694.479,1.0,658.646,705.153,1.0,659.439,710.801,1.0,652.308,722.258,1.0,533.352,685.012,1.0,528.374,679.272,1.0,520.368,668.678,1.0,520.176,663.364,1.0,517.125,650.064,1.0,836.088,749.601,1.0,831.442,743.284,1.0,826.192,739.699,1.0,819.991,732.564,1.0,812.059,729.015,1.0,331.03,202.965,0.9129999876022339,333.888,197.195,0.9710000157356262,,194.809,0.0,325.257,198.561,0.9710000157356262,331.856,201.204,0.6320000290870667,824.199,450.278,1.0,834.604,450.571,1.0,838.912,453.751,1.0,846.713,457.085,1.0,861.066,460.213,1.0
681,663.19,687.467,1.0,657.737,694.428,1.0,658.501,705.153,1.0,659.312,710.801,1.0,652.817,721.999,1.0,533.59,684.55,1.0,528.577,679.312,1.0,520.495,668.678,1.0,520.13,663.563,1.0,517.281,650.134,1.0,836.088,749.877,1.0,831.371,743.284,1.0,826.253,739.861,1.0,820.313,732.646,1.0,812.059,729.157,1.0,330.481,204.03,0.7149999737739563,334.352,197.467,0.8119999766349792,324.275,194.815,0.9380000233650208,324.617,198.349,0.7239999771118164,326.103,199.011,0.1809999942779541,823.795,450.278,1.0,834.269,450.237,1.0,838.847,453.74,1.0,846.642,457.085,1.0,860.437,460.238,1.0
682,663.19,687.467,1.0,657.737,694.14,1.0,658.501,704.763,1.0,659.162,710.947,1.0,652.832,721.545,1.0,533.847,684.413,1.0,528.958,679.312,1.0,520.495,668.75,1.0,520.037,663.574,1.0,517.641,650.27,1.0,838.497,751.582,1.0,831.729,743.284,1.0,827.115,740.6,1.0,822.012,733.878,1.0,812.453,729.157,1.0,,202.965,0.0,333.888,197.085,0.5640000104904175,324.134,194.809,0.7870000004768372,324.617,198.316,0.36800000071525574,,,0.0,824.199,450.278,1.0,834.604,449.6,1.0,838.837,453.778,1.0,846.642,457.085,1.0,859.409,460.373,1.0
683,663.19,687.409,1.0,657.737,694.069,1.0,657.926,704.221,1.0,655.388,710.801,1.0,652.869,720.25,1.0,535.299,684.413,1.0,531.963,679.561,1.0,520.807,668.867,1.0,520.013,663.885,1.0,517.641,651.097,1.0,838.497,752.626,1.0,832.21,743.504,1.0,827.215,741.532,1.0,822.012,735.491,1.0,813.462,729.015,1.0,330.318,204.03,0.43700000643730164,,,0.5339999794960022,324.275,194.815,0.6909999847412109,324.331,198.247,0.2879999876022339,,,0.0,823.924,450.085,1.0,834.972,449.591,1.0,837.802,453.778,1.0,846.389,457.095,1.0,859.378,460.373,1.0
684,658.837,682.295,1.0,656.84,693.764,1.0,656.425,701.256,1.0,655.337,710.339,1.0,653.191,717.497,1.0,536.092,684.413,1.0,531.963,679.561,1.0,522.17,672.252,1.0,519.381,664.357,1.0,517.641,651.992,1.0,838.497,754.856,1.0,833.872,745.51,1.0,827.37,743.501,1.0,822.012,735.652,1.0,819.405,728.696,1.0,,,,,,,324.138,194.993,,,,,,,,822.739,447.02,1.0,834.269,448.849,1.0,837.422,453.74,1.0,845.1,460.067,1.0,859.129,460.341,1.0
685,655.587,681.141,1.0,656.817,692.004,1.0,656.229,699.529,1.0,655.337,707.971,1.0,653.384,715.524,1.0,536.241,684.843,1.0,531.963,679.561,1.0,522.17,672.573,1.0,518.974,665.508,1.0,517.244,653.504,1.0,835.942,759.729,1.0,832.21,748.915,1.0,830.179,744.794,1.0,820.35,736.38,1.0,819.454,728.696,1.0,330.555,203.551,0.4309999942779541,334.261,197.48,0.5649999976158142,324.336,195.375,0.75,324.191,198.205,0.2590000033378601,,,0.0,822.739,446.27,1.0,834.055,448.527,1.0,836.772,453.74,1.0,843.351,460.067,1.0,858.552,460.341,1.0
686,655.489,677.932,1.0,655.813,681.048,1.0,656.229,697.603,1.0,655.388,703.474,1.0,654.076,714.5,1.0,536.464,685.062,1.0,530.614,676.618,1.0,522.17,672.692,1.0,518.842,665.508,1.0,516.718,653.685,1.0,835.942,760.362,1.0,832.21,748.984,1.0,830.179,744.805,1.0,820.255,736.597,1.0,819.454,728.696,1.0,330.506,203.443,0.7699999809265137,333.922,197.48,0.8989999890327454,324.138,195.071,0.9490000009536743,324.172,198.023,0.4909999966621399,331.382,199.72,0.25600001215934753,822.739,445.98,1.0,834.033,446.687,1.0,836.458,452.676,1.0,841.467,459.813,1.0,852.982,459.103,1.0
687,655.489,676.345,1.0,655.813,680.86,1.0,656.425,696.2,1.0,655.498,702.527,1.0,654.697,714.5,1.0,536.738,685.062,1.0,529.73,676.506,1.0,522.379,673.612,1.0,518.548,665.508,1.0,516.718,654.711,1.0,835.942,761.226,1.0,831.749,751.661,1.0,830.179,744.805,1.0,820.19,737.481,1.0,819.405,729.529,1.0,330.256,203.443,0.8399999737739563,333.922,197.48,0.9269999861717224,324.08,195.071,0.9729999899864197,324.17,197.999,0.6660000085830688,330.395,199.556,0.12800000607967377,822.731,445.831,1.0,828.509,446.687,1.0,836.458,452.1,1.0,841.209,459.813,1.0,851.722,459.103,1.0
688,655.587,675.728,1.0,655.675,680.228,1.0,658.07,696.156,1.0,656.655,701.05,1.0,654.697,714.164,1.0,536.464,685.265,1.0,529.65,676.506,1.0,522.379,673.629,1.0,518.548,665.508,1.0,516.718,655.131,1.0,836.068,761.226,1.0,831.749,751.661,1.0,830.01,744.805,1.0,820.255,737.684,1.0,819.454,729.66,1.0,330.348,203.443,0.7599999904632568,333.922,197.47,0.8360000252723694,323.943,195.055,0.9200000166893005,323.996,197.631,0.5260000228881836,,,0.0,822.659,445.831,1.0,828.342,446.687,1.0,836.396,452.1,1.0,841.202,459.813,1.0,851.559,459.103,1.0
689,655.587,675.435,1.0,655.813,680.228,1.0,658.84,695.112,1.0,657.739,700.266,1.0,654.697,714.164,1.0,536.738,685.513,1.0,529.65,676.618,1.0,523.736,673.974,1.0,518.548,665.894,1.0,519.127,656.539,1.0,836.272,761.226,1.0,831.749,751.661,1.0,830.01,744.726,1.0,820.35,737.731,1.0,819.324,729.731,1.0,330.506,203.443,0.3700000047683716,334.188,197.47,0.48899999260902405,323.943,195.055,0.6069999933242798,324.089,197.674,0.1469999998807907,,,0.0,822.455,445.831,1.0,828.179,446.687,1.0,836.396,452.025,1.0,840.759,459.813,1.0,851.492,459.137,1.0
690,655.489,674.044,1.0,655.813,680.228,1.0,658.84,694.536,1.0,658.515,699.188,1.0,654.231,713.007,1.0,537.008,687.58,1.0,530.614,677.419,1.0,524.121,674.591,1.0,518.833,665.894,1.0,519.127,657.312,1.0,836.701,760.223,1.0,832.264,751.714,1.0,830.01,744.726,1.0,820.741,737.805,1.0,819.324,729.762,1.0,330.506,203.57,0.5929999947547913,334.188,197.681,0.7139999866485596,324.056,195.055,0.8370000123977661,324.089,197.979,0.3240000009536743,,,0.0,822.325,445.831,1.0,828.179,446.687,1.0,836.396,452.025,1.0,840.759,459.813,1.0,851.492,459.601,1.0
691,655.353,672.744,1.0,655.675,679.779,1.0,658.84,687.621,1.0,658.846,696.478,1.0,654.231,709.078,1.0,537.356,690.095,1.0,532.033,679.961,1.0,524.719,676.878,1.0,518.833,668.776,1.0,519.127,660.081,1.0,836.752,760.207,1.0,832.79,751.723,1.0,830.011,744.726,1.0,821.19,738.165,1.0,819.422,729.891,1.0,330.535,203.764,0.5899999737739563,334.208,197.681,0.7099999785423279,324.08,195.055,0.8299999833106995,323.996,197.979,0.35499998927116394,,,0.0,822.298,445.801,1.0,828.076,445.924,1.0,836.032,451.273,1.0,839.247,459.592,1.0,850.716,459.601,1.0
692,654.72,672.73,1.0,655.643,679.779,1.0,657.189,687.575,1.0,659.137,696.214,1.0,654.231,707.629,1.0,537.36,690.266,1.0,532.216,680.013,1.0,524.954,677.241,1.0,518.833,669.314,1.0,519.09,660.846,1.0,836.843,760.207,1.0,833.646,751.835,1.0,830.145,744.809,1.0,822.273,739.067,1.0,819.519,730.146,1.0,330.546,203.764,0.4659999907016754,334.208,197.47,0.5669999718666077,324.082,195.055,0.6790000200271606,323.996,197.805,0.2590000033378601,,,0.0,822.178,445.088,1.0,827.956,444.768,1.0,835.714,449.112,1.0,839.247,458.725,1.0,849.303,459.601,1.0
693,654.118,672.28,1.0,655.155,679.779,1.0,656.668,687.52,1.0,659.137,696.2,1.0,654.915,706.77,1.0,539.366,690.412,1.0,532.598,683.576,1.0,525.502,680.641,1.0,518.882,670.883,1.0,519.022,664.181,1.0,840.244,760.207,1.0,833.71,752.773,1.0,830.324,744.893,1.0,822.273,739.081,1.0,820.763,731.509,1.0,330.546,203.57,0.24500000476837158,334.208,197.285,0.29600000381469727,324.082,195.012,0.3700000047683716,323.917,197.805,0.10499999672174454,,,0.0,819.918,439.184,1.0,826.843,442.859,1.0,833.218,447.16,1.0,838.092,457.365,1.0,849.23,458.757,1.0
694,654.118,672.197,1.0,655.036,679.373,1.0,655.479,686.385,1.0,658.846,695.57,1.0,655.404,704.883,1.0,539.366,690.412,1.0,532.598,683.604,1.0,525.502,680.864,1.0,518.728,671.402,1.0,518.111,665.204,1.0,842.101,760.223,1.0,835.238,754.882,1.0,831.877,744.894,1.0,823.463,740.762,1.0,822.206,732.561,1.0,330.535,203.57,0.3499999940395355,334.169,197.285,0.4410000145435333,324.056,195.012,0.5759999752044678,323.817,197.805,0.17599999904632568,,,0.0,816.682,436.281,1.0,823.835,440.611,1.0,832.771,445.604,1.0,836.51,455.851,1.0,847.711,458.757,1.0
695,654.118,671.78,1.0,655.028,679.123,1.0,655.355,685.597,1.0,656.837,693.942,1.0,655.489,702.103,1.0,539.587,690.412,1.0,532.598,684.303,1.0,525.502,681.835,1.0,518.637,671.948,1.0,517.742,666.311,1.0,842.572,760.036,1.0,835.811,754.896,1.0,831.921,745.006,1.0,824.242,740.931,1.0,822.84,732.83,1.0,,,,,,,,,,,,,,,,816.682,436.281,1.0,823.835,440.385,1.0,832.771,445.582,1.0,834.897,455.851,1.0,847.661,458.757,1.0
696,654.601,668.652,1.0,653.683,677.202,1.0,655.355,682.545,1.0,656.542,690.754,1.0,655.781,699.26,1.0,539.62,690.383,1.0,531.637,684.365,1.0,525.502,682.425,1.0,518.637,671.948,1.0,517.742,666.799,1.0,845.084,760.681,1.0,837.218,756.8,1.0,832.519,745.425,1.0,824.394,743.617,1.0,825.714,733.157,1.0,,,,,,,,,,,,,,,,816.301,435.748,1.0,823.318,440.261,1.0,832.427,445.474,1.0,834.897,455.371,1.0,847.276,458.977,1.0
697,654.605,660.83,1.0,652.954,664.714,1.0,655.355,681.469,1.0,656.542,684.718,1.0,656.16,699.122,1.0,539.69,690.383,1.0,531.637,684.68,1.0,525.603,682.425,1.0,518.882,672.496,1.0,517.742,666.799,1.0,846.696,760.681,1.0,838.75,757.54,1.0,833.173,746.203,1.0,824.394,744.313,1.0,825.895,733.19,1.0,,,,,,,,,,,,,,,,816.266,435.748,1.0,823.318,440.261,1.0,832.427,445.582,1.0,834.791,455.699,1.0,847.276,459.249,1.0
698,654.605,658.174,1.0,652.908,664.478,1.0,655.853,681.334,1.0,656.837,684.498,1.0,656.16,698.94,1.0,539.69,690.383,1.0,531.637,685.331,1.0,525.603,682.012,1.0,518.936,672.676,1.0,518.52,666.799,1.0,846.696,761.1,1.0,838.75,757.627,1.0,833.173,746.704,1.0,824.394,744.415,1.0,825.913,733.268,1.0,330.611,203.428,0.7540000081062317,334.057,198.125,0.8550000190734863,323.928,195.065,0.9290000200271606,324.097,197.655,0.5189999938011169,331.566,199.748,0.12700000405311584,816.266,433.93,1.0,822.224,439.835,1.0,831.961,445.53,1.0,834.791,455.699,1.0,847.245,459.249,1.0
699,654.605,656.795,1.0,652.903,663.998,1.0,656.61,680.065,1.0,658.463,683.812,1.0,656.16,698.443,1.0,543.188,693.669,1.0,536.823,688.787,1.0,527.946,682.425,1.0,520.254,674.812,1.0,520.526,666.832,1.0,846.697,761.025,1.0,838.801,757.744,1.0,833.366,746.795,1.0,824.259,744.865,1.0,825.895,733.372,1.0,330.466,203.262,0.6890000104904175,333.785,197.827,0.7879999876022339,323.928,194.936,0.8989999890327454,324.097,197.635,0.42800000309944153,331.574,,0.0,815.952,433.852,1.0,822.224,439.783,1.0,831.896,445.53,1.0,834.897,455.404,1.0,846.924,458.977,1.0
700,654.601,656.63,1.0,652.908,663.998,1.0,656.61,679.024,1.0,658.463,683.812,1.0,655.775,697.709,1.0,544.18,693.95,1.0,536.986,688.855,1.0,528.227,682.569,1.0,520.38,675.649,1.0,521.749,666.832,1.0,846.697,761.025,1.0,838.86,757.856,1.0,833.366,746.795,1.0,824.058,744.891,1.0,825.895,733.372,1.0,330.466,203.138,0.9150000214576721,333.785,197.827,0.9660000205039978,323.852,194.762,0.9900000095367432,324.097,197.635,0.8339999914169312,331.635,199.645,0.24500000476837158,815.696,433.794,1.0,822.185,439.563,1.0,831.782,445.697,1.0,838.162,454.147,1.0,846.924,458.977,1.0
701,654.415,654.965,1.0,652.954,663.332,1.0,656.61,676.427,1.0,658.463,682.287,1.0,655.493,695.305,1.0,546.878,695.018,1.0,539.413,689.9,1.0,530.382,682.569,1.0,520.562,677.146,1.0,521.749,666.832,1.0,846.782,761.025,1.0,839.119,758.119,1.0,833.173,746.795,1.0,824.058,744.891,1.0,825.787,733.709,1.0,330.466,203.138,0.8809999823570251,333.785,197.678,0.9380000233650208,323.852,194.615,0.9779999852180481,324.124,197.585,0.7559999823570251,331.588,199.645,0.21699999272823334,815.624,433.794,1.0,822.185,439.563,1.0,828.914,447.966,1.0,836.084,454.147,1.0,846.599,458.919,1.0
702,652.219,654.965,1.0,657.356,662.778,1.0,655.906,670.519,1.0,657.768,681.625,1.0,655.385,691.723,1.0,546.878,695.018,1.0,539.616,691.372,1.0,530.85,683.589,1.0,521.354,677.309,1.0,521.764,668.043,1.0,846.913,761.025,1.0,839.661,758.217,1.0,833.366,749.754,1.0,824.058,744.891,1.0,825.787,734.409,1.0,330.422,203.029,0.800000011920929,333.722,197.593,0.878000020980835,323.852,194.519,0.949999988079071,324.215,197.585,0.6589999794960022,331.588,199.625,0.16699999570846558,815.428,433.607,1.0,821.691,439.563,1.0,827.307,447.966,1.0,836.084,453.545,1.0,845.709,458.174,1.0
703,651.675,654.906,1.0,657.5,662.248,1.0,654.255,670.281,1.0,654.347,681.096,1.0,655.127,688.194,1.0,547.062,695.297,1.0,540.1,691.401,1.0,531.367,683.845,1.0,521.635,677.393,1.0,520.526,668.183,1.0,847.107,761.025,1.0,840.293,758.119,1.0,834.54,750.701,1.0,829.544,745.183,1.0,825.787,734.529,1.0,330.422,203.029,0.7279999852180481,333.815,197.324,0.8230000138282776,323.901,194.501,0.9139999747276306,324.215,197.63,0.5090000033378601,331.635,199.563,0.11699999868869781,815.115,433.029,1.0,821.323,439.563,1.0,826.32,447.966,1.0,836.084,452.269,1.0,845.652,457.467,1.0
704,651.453,654.567,1.0,657.517,662.248,1.0,653.609,670.236,1.0,654.142,680.727,1.0,654.577,687.993,1.0,547.131,695.398,1.0,540.311,692.058,1.0,531.592,683.845,1.0,521.751,677.787,1.0,521.348,668.538,1.0,848.656,765.335,1.0,843.543,758.011,1.0,834.822,753.007,1.0,830.6,745.735,1.0,826.373,739.177,1.0,330.422,202.997,0.9440000057220459,333.815,197.593,0.9769999980926514,323.852,194.5,0.9919999837875366,324.324,197.63,0.8820000290870667,331.635,199.541,0.28600001335144043,809.474,433.029,1.0,817.032,439.595,1.0,825.599,447.433,1.0,831.89,449.653,1.0,844.382,456.561,1.0
705,651.402,654.567,1.0,657.517,662.071,1.0,653.609,670.073,1.0,654.055,680.727,1.0,654.97,687.736,1.0,547.155,695.398,1.0,540.311,692.609,1.0,531.592,683.845,1.0,521.976,677.393,1.0,520.429,669.197,1.0,849.293,767.86,1.0,843.543,758.011,1.0,836.334,754.799,1.0,831.462,746.154,1.0,827.462,742.418,1.0,330.422,202.997,0.7149999737739563,333.514,197.324,0.8309999704360962,323.752,194.201,0.9089999794960022,324.334,197.566,0.5040000081062317,331.614,199.451,0.13600000739097595,808.586,433.029,1.0,815.986,439.886,1.0,825.579,447.433,1.0,831.527,449.638,1.0,843.552,456.561,1.0
706,651.402,654.567,1.0,657.517,661.83,1.0,654.255,669.008,1.0,654.055,679.031,1.0,654.97,686.485,1.0,547.364,695.493,1.0,540.376,692.735,1.0,532.118,683.856,1.0,521.992,677.393,1.0,521.348,669.657,1.0,849.368,767.906,1.0,843.548,758.011,1.0,836.334,754.816,1.0,831.506,746.635,1.0,827.584,742.523,1.0,330.422,202.997,0.9610000252723694,333.514,197.429,0.9879999756813049,323.752,194.201,0.996999979019165,324.334,197.63,0.9559999704360962,331.614,199.358,0.42800000309944153,808.389,433.092,1.0,815.862,439.901,1.0,825.287,447.433,1.0,831.52,449.522,1.0,843.515,456.561,1.0
707,651.402,653.923,1.0,656.525,660.517,1.0,655.172,664.485,1.0,654.055,674.477,1.0,654.97,684.134,1.0,551.469,700.029,1.0,545.976,692.735,1.0,535.219,687.119,1.0,526.81,677.787,1.0,521.348,669.75,1.0,849.393,768.162,1.0,843.766,758.011,1.0,836.513,754.963,1.0,831.506,746.747,1.0,827.587,742.634,1.0,330.281,202.797,0.9819999933242798,333.409,197.299,0.996999979019165,323.749,194.255,0.9990000128746033,324.623,197.676,0.9789999723434448,331.677,199.363,0.49300000071525574,808.389,433.096,1.0,815.862,439.959,1.0,825.2,447.652,1.0,831.52,449.638,1.0,843.469,456.978,1.0
708,651.887,643.318,1.0,653.765,652.39,1.0,655.587,662.18,1.0,655.558,669.26,1.0,655.023,682.569,1.0,551.469,700.266,1.0,545.976,694.733,1.0,535.219,687.119,1.0,527.394,678.31,1.0,523.509,670.709,1.0,849.368,767.906,1.0,843.766,758.284,1.0,836.513,755.068,1.0,831.462,747.793,1.0,827.587,743.103,1.0,330.697,202.388,0.5509999990463257,333.338,197.299,0.6790000200271606,323.726,194.034,0.796999990940094,324.728,197.519,0.31700000166893005,331.614,199.358,0.0,808.364,433.096,1.0,815.798,439.959,1.0,825.102,447.652,1.0,831.52,449.638,1.0,843.466,456.978,1.0
709,651.887,642.695,1.0,653.765,651.816,1.0,655.843,661.792,1.0,655.558,668.397,1.0,655.044,681.313,1.0,552.149,702.483,1.0,545.976,694.733,1.0,535.219,687.427,1.0,528.623,681.496,1.0,523.998,673.908,1.0,849.408,767.906,1.0,844.53,758.354,1.0,837.035,755.598,1.0,831.462,747.944,1.0,827.876,743.787,1.0,330.708,201.971,0.9100000262260437,333.331,197.299,0.9599999785423279,323.715,194.017,0.9860000014305115,324.728,197.676,0.8560000061988831,331.803,199.363,0.26899999380111694,808.364,433.092,1.0,815.741,439.959,1.0,825.072,447.652,1.0,831.335,449.638,1.0,843.342,456.978,1.0
710,651.887,642.37,1.0,653.765,651.632,1.0,655.587,661.533,1.0,655.558,668.338,1.0,655.044,681.18,1.0,552.149,702.523,1.0,545.667,690.62,1.0,535.843,687.427,1.0,529.176,681.63,1.0,524.531,674.749,1.0,849.428,768.162,1.0,845.71,758.693,1.0,838.025,755.601,1.0,832.195,754.573,1.0,828.286,743.915,1.0,330.533,201.829,0.9860000014305115,333.145,197.299,0.996999979019165,323.715,194.126,0.9990000128746033,324.788,197.676,0.9869999885559082,331.677,199.227,0.5699999928474426,808.327,432.628,1.0,815.741,439.678,1.0,825.034,447.595,1.0,831.324,449.409,1.0,843.327,454.742,1.0
711,651.517,641.092,1.0,653.765,651.103,1.0,655.172,661.27,1.0,655.512,667.591,1.0,655.023,680.213,1.0,552.85,702.523,1.0,545.519,690.063,1.0,535.84,687.427,1.0,529.453,682.597,1.0,524.55,675.164,1.0,855.048,768.483,1.0,848.514,759.123,1.0,838.385,756.8,1.0,833.087,754.718,1.0,829.005,744.539,1.0,330.533,201.829,0.9779999852180481,333.145,197.215,0.9940000176429749,323.715,194.126,0.9990000128746033,324.937,197.617,0.9800000190734863,331.628,199.227,0.5540000200271606,807.695,432.628,1.0,816.372,438.977,1.0,824.679,446.561,1.0,830.482,448.106,1.0,842.931,452.556,1.0
712,650.616,640.709,1.0,653.765,650.402,1.0,654.882,660.584,1.0,654.163,666.419,1.0,654.757,678.427,1.0,552.85,702.51,1.0,545.519,690.014,1.0,535.84,687.865,1.0,529.453,683.248,1.0,524.55,675.511,1.0,855.197,769.055,1.0,849.767,761.021,1.0,841.482,759.243,1.0,837.806,755.16,1.0,830.505,746.311,1.0,330.753,201.607,0.9869999885559082,333.145,197.089,0.996999979019165,323.776,194.126,0.9990000128746033,325.093,197.358,0.9879999756813049,331.628,199.166,0.5600000023841858,806.903,432.628,1.0,817.426,437.997,1.0,820.957,445.366,1.0,826.415,443.905,1.0,837.614,450.717,1.0
713,649.107,638.669,1.0,653.556,649.087,1.0,654.882,656.964,1.0,653.577,666.419,1.0,653.947,675.005,1.0,552.991,702.483,1.0,545.667,690.014,1.0,535.843,688.678,1.0,529.505,683.397,1.0,524.55,675.554,1.0,855.531,769.725,1.0,850.537,761.704,1.0,841.67,760.471,1.0,838.589,756.09,1.0,830.505,747.867,1.0,330.76,201.537,0.9010000228881836,333.401,197.044,0.9639999866485596,323.925,194.229,0.9890000224113464,325.093,197.617,0.871999979019165,331.628,199.227,0.2770000100135803,806.903,435.973,1.0,817.633,437.402,1.0,820.131,443.854,1.0,824.628,442.955,1.0,833.82,450.616,1.0
714,648.901,638.669,1.0,653.345,645.955,1.0,654.882,653.351,1.0,653.43,666.042,1.0,653.056,670.595,1.0,553.424,702.51,1.0,545.943,690.014,1.0,536.895,689.583,1.0,530.333,684.047,1.0,525.123,676.052,1.0,857.624,769.745,1.0,850.537,761.745,1.0,841.739,760.498,1.0,838.708,756.155,1.0,830.505,748.123,1.0,330.647,201.537,0.9750000238418579,333.417,196.718,0.9929999709129333,324.0,194.396,0.9980000257492065,324.937,197.418,0.9739999771118164,331.628,199.227,0.47099998593330383,806.769,435.973,1.0,817.633,437.07,1.0,820.053,443.691,1.0,824.135,442.611,1.0,833.717,450.616,1.0
715,648.373,638.669,1.0,653.345,645.664,1.0,655.428,653.228,1.0,653.31,665.928,1.0,653.056,670.556,1.0,553.649,702.37,1.0,546.953,690.884,1.0,538.017,690.742,1.0,531.178,685.252,1.0,525.123,676.863,1.0,855.531,769.745,1.0,850.537,761.745,1.0,842.531,760.498,1.0,839.315,756.155,1.0,830.505,748.226,1.0,330.647,202.137,0.8399999737739563,333.439,196.436,0.9229999780654907,324.091,194.416,0.9599999785423279,324.923,197.477,0.7770000100135803,331.676,199.262,0.23100000619888306,806.68,435.973,1.0,817.426,436.6,1.0,819.177,442.92,1.0,823.854,442.411,1.0,833.525,450.69,1.0
716,648.373,638.39,1.0,653.127,644.759,1.0,655.457,652.451,1.0,652.805,665.928,1.0,653.047,670.024,1.0,556.837,701.906,1.0,549.172,693.773,1.0,539.142,693.279,1.0,533.136,686.164,1.0,525.215,680.953,1.0,855.531,769.725,1.0,850.505,761.704,1.0,842.817,760.498,1.0,839.406,756.346,1.0,830.505,748.319,1.0,330.647,202.137,0.8610000014305115,333.723,196.396,0.9369999766349792,324.091,194.419,0.9800000190734863,324.864,197.477,0.8259999752044678,331.676,199.262,0.2639999985694885,806.645,435.973,1.0,816.965,436.458,1.0,818.434,441.905,1.0,823.216,442.411,1.0,832.774,450.71,1.0
717,648.168,638.39,1.0,653.127,644.738,1.0,655.457,651.769,1.0,652.805,665.145,1.0,653.056,669.585,1.0,557.952,701.785,1.0,549.728,694.519,1.0,540.274,694.409,1.0,533.507,686.655,1.0,525.215,681.633,1.0,858.002,769.415,1.0,850.505,762.389,1.0,846.136,760.498,1.0,840.187,756.437,1.0,831.07,749.488,1.0,330.605,202.137,0.7889999747276306,333.723,196.396,0.8730000257492065,324.091,194.419,0.9369999766349792,324.864,197.477,0.652999997138977,331.676,199.262,0.18000000715255737,806.472,435.955,1.0,816.352,436.151,1.0,817.908,441.26,1.0,822.549,442.112,1.0,832.46,450.69,1.0
718,648.166,638.39,1.0,652.604,643.849,1.0,655.428,649.684,1.0,652.805,660.957,1.0,653.516,667.777,1.0,558.389,700.947,1.0,550.346,694.562,1.0,540.565,694.409,1.0,533.545,686.655,1.0,524.496,683.179,1.0,858.002,768.768,1.0,850.505,762.478,1.0,846.267,760.635,1.0,840.187,756.437,1.0,831.88,750.173,1.0,330.605,202.137,0.800000011920929,333.439,196.396,0.8790000081062317,324.091,194.419,0.9440000057220459,324.923,197.477,0.7289999723434448,331.676,199.262,0.2160000056028366,806.384,435.866,1.0,816.038,435.393,1.0,817.648,441.26,1.0,821.322,441.781,1.0,831.785,450.69,1.0
719,647.258,630.472,1.0,650.638,636.773,1.0,652.383,646.986,1.0,652.971,654.981,1.0,653.516,665.969,1.0,558.389,700.93,1.0,550.346,694.562,1.0,540.565,694.409,1.0,533.545,686.655,1.0,524.101,683.204,1.0,858.19,768.272,1.0,853.036,767.596,1.0,846.907,761.677,1.0,840.187,756.935,1.0,834.99,750.739,1.0,330.605,201.422,0.9810000061988831,333.378,196.396,0.9950000047683716,324.091,194.397,0.9990000128746033,325.109,197.477,0.9819999933242798,331.771,199.262,0.5879999995231628,806.344,435.866,1.0,815.651,435.178,1.0,817.542,440.342,1.0,821.322,441.781,1.0,830.558,449.715,1.0
720,647.04,623.3,1.0,649.583,634.276,1.0,651.693,644.347,1.0,652.971,652.042,1.0,652.696,663.489,1.0,558.389,700.93,1.0,550.287,694.562,1.0,540.521,694.409,1.0,533.561,686.655,1.0,524.023,683.368,1.0,859.945,768.768,1.0,853.846,768.996,1.0,848.994,761.867,1.0,837.202,759.827,1.0,835.919,751.805,1.0,330.64,201.416,0.8999999761581421,333.22,196.64,0.9589999914169312,323.973,194.325,0.9850000143051147,325.309,197.473,0.8450000286102295,331.614,199.208,0.30799999833106995,804.729,435.69,1.0,814.774,433.974,1.0,816.766,439.861,1.0,821.322,441.781,1.0,829.344,449.159,1.0
721,647.04,622.957,1.0,649.583,633.509,1.0,651.581,643.865,1.0,652.971,651.973,1.0,658.071,663.476,1.0,558.389,700.93,1.0,550.346,694.996,1.0,540.565,694.724,1.0,533.661,686.861,1.0,524.023,683.505,1.0,860.198,768.768,1.0,853.846,769.161,1.0,849.223,761.89,1.0,837.158,760.23,1.0,835.959,751.963,1.0,330.64,201.344,0.9819999933242798,333.149,196.697,0.9959999918937683,323.973,194.121,0.9990000128746033,325.356,197.473,0.9850000143051147,331.614,199.141,0.5569999814033508,799.657,435.031,1.0,811.654,432.942,1.0,814.818,438.56,1.0,822.5,442.1,1.0,829.005,449.024,1.0
722,647.04,622.511,1.0,649.505,632.841,1.0,651.12,643.406,1.0,652.971,651.311,1.0,658.733,662.691,1.0,558.249,701.213,1.0,550.287,695.026,1.0,540.521,694.724,1.0,533.72,687.019,1.0,524.023,683.505,1.0,863.186,771.782,1.0,856.082,770.004,1.0,849.663,761.932,1.0,837.052,760.328,1.0,835.968,752.01,1.0,330.64,201.118,0.984000027179718,332.965,196.798,0.996999979019165,323.938,194.044,0.9990000128746033,325.356,197.57,0.9869999885559082,331.771,199.141,0.6119999885559082,798.828,435.031,1.0,811.468,432.942,1.0,814.44,438.56,1.0,823.052,443.051,1.0,828.938,449.024,1.0
723,647.176,622.511,1.0,649.079,632.841,1.0,649.535,642.291,1.0,652.34,650.543,1.0,657.201,662.156,1.0,558.245,701.298,1.0,550.287,695.505,1.0,540.521,694.868,1.0,534.001,687.059,1.0,524.46,683.73,1.0,863.186,771.782,1.0,856.475,770.004,1.0,849.663,762.021,1.0,837.158,760.543,1.0,835.985,752.437,1.0,330.64,201.14,0.9890000224113464,332.965,196.894,0.9980000257492065,323.938,194.044,1.0,325.443,197.605,0.9909999966621399,331.771,199.101,0.7009999752044678,797.971,435.031,1.0,807.537,430.141,1.0,814.393,438.218,1.0,823.153,443.051,1.0,828.791,449.024,1.0
724,648.114,621.471,1.0,648.782,632.409,1.0,648.205,640.237,1.0,651.839,648.943,1.0,657.48,660.153,1.0,554.184,703.39,1.0,550.37,695.558,1.0,541.276,694.924,1.0,534.384,687.341,1.0,525.141,683.941,1.0,863.248,772.677,1.0,855.449,771.439,1.0,849.663,764.343,1.0,837.202,760.543,1.0,835.985,752.477,1.0,330.64,201.14,0.9869999885559082,332.965,196.845,0.996999979019165,323.938,194.044,1.0,325.538,197.625,0.9929999709129333,331.614,199.035,0.6899999976158142,797.815,435.172,1.0,806.088,430.167,1.0,814.02,438.356,1.0,823.626,443.13,1.0,828.791,449.211,1.0
725,649.848,620.353,1.0,648.782,627.329,1.0,648.205,637.693,1.0,649.592,648.799,1.0,657.608,652.081,1.0,553.787,709.573,1.0,550.643,700.736,1.0,541.62,695.189,1.0,538.354,689.398,1.0,526.33,684.16,1.0,863.248,772.687,1.0,856.708,771.439,1.0,849.786,764.922,1.0,837.837,760.328,1.0,836.136,753.319,1.0,330.593,201.14,0.9829999804496765,332.965,196.845,0.996999979019165,324.008,194.349,0.9990000128746033,325.538,197.639,0.9890000224113464,331.682,199.035,0.6119999885559082,797.638,435.355,1.0,804.861,430.167,1.0,813.635,438.356,1.0,823.626,443.225,1.0,828.728,449.358,1.0
726,649.848,619.304,1.0,648.749,626.339,1.0,648.017,637.648,1.0,649.573,648.683,1.0,657.608,651.745,1.0,553.787,715.194,1.0,550.958,701.393,1.0,542.216,695.189,1.0,538.354,690.185,1.0,526.769,684.16,1.0,863.284,773.718,1.0,856.819,772.123,1.0,850.425,765.23,1.0,842.56,759.718,1.0,836.819,753.473,1.0,330.742,201.278,0.9940000176429749,333.15,196.845,0.9990000128746033,324.057,194.349,1.0,325.537,197.639,0.9959999918937683,331.614,198.949,0.7960000038146973,797.292,435.355,1.0,804.861,430.141,1.0,813.504,438.277,1.0,823.518,443.225,1.0,828.565,449.495,1.0
727,649.848,619.266,1.0,648.749,625.645,1.0,648.205,636.996,1.0,649.514,648.683,1.0,657.56,651.618,1.0,554.184,716.002,1.0,551.435,702.344,1.0,544.526,696.688,1.0,538.354,690.34,1.0,526.772,684.16,1.0,863.47,778.706,1.0,858.413,773.904,1.0,852.487,766.01,1.0,843.174,759.718,1.0,837.947,754.093,1.0,330.746,201.278,0.824999988079071,333.15,196.845,0.8960000276565552,324.057,194.349,0.9539999961853027,325.537,197.647,0.7519999742507935,331.614,198.949,0.23199999332427979,797.292,435.355,1.0,804.665,430.107,1.0,813.455,438.133,1.0,823.153,443.13,1.0,828.44,449.57,1.0
728,649.848,619.258,1.0,648.957,625.493,1.0,647.922,636.612,1.0,649.044,647.748,1.0,657.56,651.534,1.0,554.514,716.263,1.0,551.535,702.888,1.0,544.939,696.688,1.0,535.243,690.843,1.0,532.286,684.288,1.0,863.752,779.561,1.0,858.912,774.859,1.0,852.487,766.261,1.0,843.969,759.718,1.0,838.069,755.007,1.0,330.746,201.59,0.9819999933242798,333.15,196.785,0.9959999918937683,324.095,194.349,0.9990000128746033,325.537,197.708,0.9900000095367432,331.682,198.898,0.656000018119812,797.292,435.278,1.0,804.665,430.107,1.0,813.366,438.133,1.0,823.107,443.13,1.0,828.423,449.57,1.0
729,649.848,618.471,1.0,649.679,625.049,1.0,647.922,635.46,1.0,648.638,645.508,1.0,657.56,650.922,1.0,554.691,717.734,1.0,553.288,705.121,1.0,545.555,697.288,1.0,535.243,693.702,1.0,532.979,684.67,1.0,863.985,779.615,1.0,859.453,774.933,1.0,852.487,766.337,1.0,844.151,760.048,1.0,838.403,755.564,1.0,330.601,202.415,0.972000002861023,333.507,196.67,0.9919999837875366,324.155,194.235,0.9980000257492065,325.497,197.647,0.9750000238418579,331.682,199.049,0.5419999957084656,797.307,435.182,1.0,804.606,430.107,1.0,813.237,438.099,1.0,822.701,442.917,1.0,828.127,449.57,1.0
730,651.468,614.225,1.0,649.679,620.401,1.0,644.961,633.019,1.0,646.621,638.919,1.0,656.373,650.853,1.0,554.726,717.734,1.0,553.745,705.161,1.0,546.191,697.548,1.0,535.243,694.375,1.0,533.452,684.871,1.0,863.985,781.122,1.0,859.93,775.263,1.0,852.439,766.423,1.0,844.151,760.589,1.0,839.012,756.281,1.0,330.671,201.59,0.7559999823570251,333.259,196.741,0.8500000238418579,324.095,194.235,0.9440000057220459,325.529,197.576,0.7739999890327454,331.635,199.004,0.24300000071525574,797.183,435.044,1.0,802.886,429.87,1.0,812.508,437.989,1.0,821.699,441.968,1.0,827.877,449.202,1.0
731,652.267,608.993,1.0,651.411,617.549,1.0,644.961,630.682,1.0,646.037,638.852,1.0,654.458,647.174,1.0,555.212,717.734,1.0,553.745,705.826,1.0,546.191,697.949,1.0,535.303,694.375,1.0,534.086,684.935,1.0,864.118,781.289,1.0,859.938,775.349,1.0,852.319,766.423,1.0,844.288,760.737,1.0,839.014,756.359,1.0,330.601,202.415,0.9440000057220459,333.507,196.741,0.984000027179718,324.155,194.33,0.9959999918937683,325.497,197.647,0.9520000219345093,331.686,199.004,0.4699999988079071,797.172,434.896,1.0,802.848,429.87,1.0,812.054,437.874,1.0,820.686,441.134,1.0,827.877,448.261,1.0
732,652.267,608.737,1.0,651.411,617.324,1.0,644.763,630.585,1.0,645.818,638.688,1.0,654.458,647.084,1.0,555.268,717.613,1.0,553.288,705.826,1.0,546.259,698.381,1.0,535.859,694.502,1.0,534.687,685.209,1.0,864.15,781.289,1.0,860.102,775.359,1.0,852.319,766.423,1.0,844.625,760.815,1.0,839.167,756.48,1.0,330.601,202.415,0.9760000109672546,333.507,196.709,0.9940000176429749,324.205,194.54,0.9990000128746033,325.497,197.603,0.9810000061988831,331.635,198.984,0.5809999704360962,797.172,432.133,1.0,802.057,429.234,1.0,810.737,436.127,1.0,819.315,441.07,1.0,827.877,445.946,1.0
733,652.267,608.637,1.0,649.024,617.324,1.0,644.64,629.55,1.0,645.523,638.456,1.0,654.458,645.789,1.0,555.668,717.612,1.0,552.675,706.845,1.0,546.259,699.187,1.0,536.66,694.502,1.0,534.703,686.059,1.0,864.245,781.197,1.0,860.499,775.467,1.0,852.319,766.624,1.0,844.625,760.815,1.0,839.267,756.48,1.0,330.563,202.427,0.8169999718666077,333.507,196.741,0.8970000147819519,324.205,194.54,0.9649999737739563,325.307,197.603,0.824999988079071,331.514,198.984,0.2849999964237213,797.793,428.792,1.0,802.057,429.042,1.0,810.737,435.889,1.0,819.315,440.906,1.0,827.979,445.473,1.0
734,651.598,608.39,1.0,649.024,617.324,1.0,644.763,628.225,1.0,645.101,636.498,1.0,654.335,644.457,1.0,557.061,717.612,1.0,552.675,708.999,1.0,546.852,701.201,1.0,537.214,695.01,1.0,534.948,686.878,1.0,864.421,781.122,1.0,861.266,776.059,1.0,852.876,767.443,1.0,845.338,761.39,1.0,839.455,756.619,1.0,330.334,202.594,0.9629999995231628,333.717,196.793,0.9900000095367432,324.205,195.015,0.996999979019165,325.236,198.169,0.9789999723434448,331.44,198.778,0.5529999732971191,800.354,421.475,1.0,802.057,426.818,1.0,810.737,435.775,1.0,819.022,440.639,1.0,828.174,445.047,1.0
735,650.346,605.918,1.0,649.745,616.425,1.0,646.211,627.133,1.0,644.809,634.148,1.0,654.244,642.947,1.0,558.78,717.612,1.0,552.675,710.029,1.0,547.752,703.751,1.0,542.611,695.653,1.0,534.967,687.292,1.0,866.17,780.843,1.0,862.389,776.984,1.0,853.201,768.005,1.0,845.997,761.39,1.0,839.903,757.119,1.0,330.314,202.594,0.3059999942779541,334.64,197.87,0.3610000014305115,324.304,195.096,0.5389999747276306,324.117,198.263,0.1679999977350235,,,0.0,800.523,419.649,1.0,804.384,426.636,1.0,810.737,435.769,1.0,819.022,440.095,1.0,828.329,444.562,1.0
736,650.271,605.198,1.0,649.743,612.676,1.0,646.211,622.444,1.0,645.101,632.535,1.0,652.553,636.736,1.0,558.78,719.46,1.0,553.214,712.723,1.0,549.231,705.917,1.0,542.973,697.295,1.0,536.726,691.62,1.0,868.277,779.355,1.0,863.115,776.984,1.0,853.201,768.227,1.0,845.997,761.39,1.0,840.472,757.285,1.0,330.646,,0.3230000138282776,334.64,197.87,0.3580000102519989,324.304,195.096,0.4880000054836273,324.117,198.192,0.1469999998807907,,,0.0,801.424,419.268,1.0,804.384,425.995,1.0,810.737,435.157,1.0,819.022,440.095,1.0,828.643,444.329,1.0
737,650.197,604.964,1.0,649.745,612.676,1.0,646.691,621.267,1.0,645.523,630.331,1.0,652.426,635.686,1.0,558.832,719.66,1.0,553.828,712.787,1.0,549.461,707.054,1.0,543.393,701.385,1.0,537.591,692.887,1.0,872.77,771.536,1.0,863.801,776.984,1.0,853.392,768.354,1.0,846.287,761.269,1.0,840.968,757.287,1.0,330.646,,0.0,334.64,197.87,0.32600000500679016,324.196,195.015,0.5419999957084656,324.117,198.192,0.1589999943971634,,,0.0,801.548,418.833,1.0,804.384,425.399,1.0,809.658,433.877,1.0,817.201,439.839,1.0,828.643,444.329,1.0
738,650.197,604.755,1.0,650.206,612.459,1.0,649.175,620.621,1.0,648.768,628.925,1.0,652.388,635.668,1.0,558.879,719.676,1.0,554.36,713.159,1.0,549.461,707.213,1.0,543.393,701.641,1.0,538.517,692.966,1.0,872.77,771.438,1.0,864.153,776.92,1.0,853.41,768.762,1.0,846.438,761.269,1.0,841.174,757.894,1.0,330.676,203.67,0.5950000286102295,334.342,197.817,0.6850000023841858,324.141,194.989,0.8920000195503235,324.034,198.192,0.47200000286102295,331.417,201.056,0.10400000214576721,801.548,415.815,1.0,803.479,424.628,1.0,809.34,433.148,1.0,816.438,439.839,1.0,828.643,444.371,1.0
739,649.582,602.957,1.0,650.206,612.226,1.0,649.175,620.481,1.0,648.768,626.849,1.0,651.76,635.64,1.0,558.78,720.705,1.0,554.36,713.369,1.0,549.461,708.278,1.0,543.393,702.679,1.0,538.608,693.164,1.0,872.77,770.525,1.0,864.153,776.774,1.0,853.516,769.194,1.0,846.568,761.269,1.0,841.185,759.043,1.0,330.659,203.67,0.6299999952316284,334.342,197.817,0.7409999966621399,324.118,194.938,0.9100000262260437,324.034,198.209,0.49399998784065247,332.145,213.42,0.20399999618530273,801.548,415.781,1.0,803.239,424.628,1.0,809.206,433.148,1.0,816.176,438.359,1.0,828.323,444.371,1.0
740,649.582,601.839,1.0,650.549,611.683,1.0,649.594,620.481,1.0,648.768,625.446,1.0,651.639,635.576,1.0,558.906,721.178,1.0,554.511,714.908,1.0,549.479,709.308,1.0,543.437,703.901,1.0,538.918,694.182,1.0,872.77,768.715,1.0,863.801,776.698,1.0,854.139,769.412,1.0,846.966,765.966,1.0,842.657,760.337,1.0,330.646,203.67,0.43799999356269836,334.342,197.817,0.4830000102519989,323.9,194.5,0.7009999752044678,324.034,198.209,0.24199999868869781,332.048,213.42,0.0,801.599,415.526,1.0,803.239,424.276,1.0,808.931,433.148,1.0,815.447,438.224,1.0,828.174,444.371,1.0
741,649.582,599.548,1.0,650.549,604.247,1.0,649.594,616.005,1.0,643.807,622.697,1.0,651.639,634.577,1.0,559.07,725.815,1.0,555.781,715.519,1.0,549.479,710.026,1.0,543.53,705.204,1.0,539.249,694.498,1.0,872.712,768.216,1.0,863.148,776.698,1.0,854.868,769.467,1.0,848.458,766.525,1.0,843.085,761.18,1.0,330.566,204.069,0.23100000619888306,334.473,197.946,0.29600000381469727,324.369,195.133,0.0,324.034,198.47,0.10599999874830246,332.145,213.542,0.11299999803304672,801.599,415.781,1.0,803.175,424.276,1.0,808.651,432.875,1.0,815.447,438.224,1.0,828.07,444.371,1.0
742,650.111,587.288,1.0,650.41,598.051,1.0,652.463,611.096,1.0,643.807,622.697,1.0,651.639,630.213,1.0,559.24,729.965,1.0,558.187,721.854,1.0,551.205,712.919,1.0,545.191,707.065,1.0,539.948,695.441,1.0,872.712,767.853,1.0,863.132,776.774,1.0,854.868,769.695,1.0,848.458,766.663,1.0,843.085,761.57,1.0,330.412,204.069,0.2549999952316284,334.473,197.946,0.3070000112056732,,,0.0,323.998,198.47,0.11299999803304672,332.048,213.42,0.12399999797344208,801.599,415.815,1.0,802.901,423.898,1.0,808.344,432.825,1.0,814.234,443.867,1.0,828.021,444.293,1.0
743,650.187,586.455,1.0,650.409,598.051,1.0,653.416,610.604,1.0,643.807,622.697,1.0,652.945,628.366,1.0,559.337,734.841,1.0,560.154,725.431,1.0,553.83,714.654,1.0,549.163,708.999,1.0,540.992,697.375,1.0,872.731,767.848,1.0,863.122,776.774,1.0,854.868,769.784,1.0,848.458,766.716,1.0,843.085,761.708,1.0,330.407,204.069,0.3100000023841858,,197.946,0.35499998927116394,324.369,195.133,0.5400000214576721,324.142,,0.17499999701976776,,,0.0,801.106,415.781,1.0,803.101,423.898,1.0,808.311,433.37,1.0,813.641,442.891,1.0,827.592,444.247,1.0
744,650.187,586.455,1.0,650.409,598.051,1.0,653.585,610.293,1.0,648.143,622.619,1.0,653.409,627.946,1.0,559.337,736.477,1.0,560.26,726.412,1.0,554.55,715.337,1.0,549.59,709.878,1.0,541.704,698.134,1.0,872.777,767.769,1.0,863.132,777.099,1.0,855.041,769.695,1.0,848.581,766.837,1.0,843.019,761.976,1.0,,,,334.63,,,,,,324.142,,,,,,794.629,415.366,1.0,803.101,423.898,1.0,806.553,433.37,1.0,813.072,442.928,1.0,826.319,443.914,1.0
745,650.187,586.455,1.0,648.657,598.701,1.0,653.585,609.452,1.0,648.451,622.619,1.0,653.409,627.578,1.0,559.24,736.477,1.0,560.269,726.412,1.0,554.984,716.216,1.0,550.428,710.874,1.0,541.965,698.367,1.0,872.777,767.746,1.0,863.148,777.156,1.0,855.127,769.467,1.0,848.581,767.189,1.0,843.019,761.976,1.0,,,0.0,,,0.414000004529953,,,0.625,324.301,,0.2370000034570694,,,0.0,793.832,414.837,1.0,802.461,423.858,1.0,806.173,433.393,1.0,811.697,442.928,1.0,825.533,443.731,1.0
746,649.94,585.671,1.0,648.289,598.701,1.0,653.585,609.257,1.0,648.759,622.619,1.0,652.945,626.605,1.0,559.008,736.356,1.0,560.657,726.334,1.0,554.984,716.297,1.0,550.572,711.002,1.0,542.074,698.628,1.0,872.98,767.769,1.0,863.336,777.156,1.0,855.722,768.775,1.0,849.209,767.23,1.0,843.019,761.57,1.0,,,,334.798,197.843,,324.518,195.132,,,198.586,,,,,791.122,413.816,1.0,802.461,423.889,1.0,805.449,433.393,1.0,811.386,442.891,1.0,821.354,442.769,1.0
747,649.835,588.261,1.0,648.269,598.701,1.0,650.611,607.58,1.0,648.759,617.474,1.0,650.276,623.983,1.0,559.008,736.356,1.0,560.871,726.528,1.0,555.197,716.744,1.0,550.616,711.11,1.0,542.074,698.677,1.0,874.673,767.848,1.0,866.047,777.156,1.0,858.693,768.775,1.0,850.743,767.378,1.0,844.82,761.976,1.0,,204.075,0.2809999883174896,334.798,197.843,0.32600000500679016,324.518,195.132,0.4569999873638153,,198.586,0.1589999943971634,,,0.0,791.122,413.816,1.0,802.461,423.889,1.0,804.743,433.584,1.0,809.103,441.272,1.0,819.084,442.769,1.0
748,645.644,588.261,1.0,648.289,595.383,1.0,647.728,604.126,1.0,648.759,608.895,1.0,650.276,619.044,1.0,559.008,734.945,1.0,560.871,726.665,1.0,555.216,716.959,1.0,550.679,711.627,1.0,542.074,699.11,1.0,875.14,768.338,1.0,867.295,776.947,1.0,859.867,768.775,1.0,851.928,768.056,1.0,846.086,762.232,1.0,330.875,,,,,,,,,324.573,,,,,,791.702,414.837,1.0,802.172,423.816,1.0,804.545,433.775,1.0,808.362,441.272,1.0,817.533,443.25,1.0
749,642.788,584.329,1.0,648.269,594.663,1.0,647.58,603.849,1.0,648.15,608.605,1.0,650.276,619.044,1.0,564.808,734.945,1.0,560.871,726.334,1.0,555.228,717.207,1.0,551.513,711.849,1.0,542.45,699.18,1.0,876.932,769.251,1.0,871.152,776.03,1.0,862.978,770.944,1.0,855.337,768.072,1.0,847.409,762.412,1.0,330.875,203.779,0.6100000143051147,334.525,197.809,0.6600000262260437,324.263,195.125,0.8669999837875366,324.573,198.304,0.48500001430511475,331.585,199.618,0.12099999934434891,791.707,421.003,1.0,802.172,423.465,1.0,804.183,433.775,1.0,808.183,440.995,1.0,817.272,443.25,1.0
750,642.447,584.128,1.0,647.694,594.411,1.0,647.58,602.847,1.0,647.878,607.679,1.0,650.452,619.044,1.0,568.511,734.945,1.0,561.863,727.057,1.0,555.314,717.451,1.0,551.514,712.385,1.0,542.803,699.32,1.0,877.037,769.407,1.0,872.104,776.03,1.0,863.319,771.909,1.0,856.659,768.721,1.0,847.409,764.537,1.0,330.558,203.186,0.6959999799728394,334.106,197.416,0.7850000262260437,324.214,195.125,0.8830000162124634,324.494,197.893,0.4440000057220459,331.404,199.394,0.10899999737739563,791.707,421.003,1.0,802.11,423.294,1.0,804.182,433.775,1.0,807.848,440.508,1.0,817.272,443.25,1.0
751,642.447,583.891,1.0,647.623,586.003,1.0,647.728,601.782,1.0,647.878,607.679,1.0,650.452,619.044,1.0,569.661,735.181,1.0,562.115,727.071,1.0,555.518,718.06,1.0,551.666,712.681,1.0,543.643,701.182,1.0,877.219,769.407,1.0,872.104,776.03,1.0,863.319,772.197,1.0,856.659,768.975,1.0,847.409,765.32,1.0,330.558,202.988,0.3709999918937683,334.088,197.389,0.4449999928474426,324.158,195.084,0.5989999771118164,324.259,197.884,0.13500000536441803,,199.724,0.0,791.707,421.208,1.0,802.076,423.278,1.0,803.702,433.775,1.0,807.636,440.337,1.0,817.272,443.25,1.0
752,641.83,583.343,1.0,646.786,584.902,1.0,648.937,599.529,1.0,647.515,606.746,1.0,650.452,619.044,1.0,569.661,736.075,1.0,562.115,727.057,1.0,558.019,719.773,1.0,551.666,713.398,1.0,543.863,701.645,1.0,877.219,769.407,1.0,872.104,776.045,1.0,863.319,772.204,1.0,857.148,769.154,1.0,847.409,765.639,1.0,330.558,202.743,0.7329999804496765,333.759,197.389,0.8600000143051147,324.006,194.951,0.9300000071525574,324.089,197.615,0.42399999499320984,,,0.0,791.707,421.208,1.0,801.421,423.278,1.0,803.231,433.4,1.0,807.205,440.086,1.0,817.272,442.584,1.0
753,641.758,581.527,1.0,646.064,583.46,1.0,649.657,596.924,1.0,647.515,606.222,1.0,649.903,617.856,1.0,569.661,736.075,1.0,562.115,726.909,1.0,558.019,719.773,1.0,551.514,713.398,1.0,543.863,701.645,1.0,877.219,769.493,1.0,872.104,776.12,1.0,863.319,772.212,1.0,856.659,769.538,1.0,847.409,765.777,1.0,330.866,202.692,0.9589999914169312,333.48,197.071,0.9869999885559082,323.956,195.125,0.9959999918937683,323.894,197.359,0.8740000128746033,331.424,199.724,0.23199999332427979,791.493,421.003,1.0,801.256,422.79,1.0,802.71,432.566,1.0,806.298,439.301,1.0,817.272,441.829,1.0
754,641.1,574.24,1.0,644.242,581.717,1.0,651.587,595.145,1.0,647.515,606.115,1.0,645.626,616.128,1.0,569.463,736.075,1.0,561.797,727.027,1.0,558.019,719.773,1.0,551.514,713.398,1.0,543.863,701.919,1.0,877.219,769.574,1.0,872.104,776.316,1.0,863.319,772.245,1.0,856.628,769.699,1.0,847.515,765.962,1.0,331.107,198.732,0.9419999718666077,333.207,196.912,0.9789999723434448,323.931,194.886,0.9890000224113464,323.894,197.287,0.6800000071525574,,,0.0,791.234,420.898,1.0,800.267,421.445,1.0,801.676,430.146,1.0,803.742,437.555,1.0,813.336,440.486,1.0
755,641.1,568.161,1.0,644.242,579.237,1.0,652.065,593.272,1.0,647.515,606.115,1.0,644.784,614.032,1.0,564.963,734.326,1.0,561.514,726.909,1.0,555.723,717.438,1.0,551.804,713.398,1.0,543.758,701.919,1.0,879.214,773.103,1.0,875.522,776.316,1.0,865.005,774.295,1.0,856.628,770.444,1.0,848.782,767.926,1.0,331.239,198.708,0.8960000276565552,333.207,196.911,0.9629999995231628,323.931,194.886,0.9819999933242798,323.894,197.198,0.6299999952316284,,,0.0,788.28,420.035,1.0,798.142,419.29,1.0,801.513,425.992,1.0,801.016,433.088,1.0,810.875,440.245,1.0
756,641.1,568.038,1.0,643.971,579.237,1.0,652.065,592.341,1.0,647.515,606.032,1.0,644.617,613.837,1.0,557.047,731.716,1.0,560.921,725.196,1.0,555.394,717.438,1.0,551.975,712.663,1.0,543.758,701.919,1.0,881.47,774.231,1.0,876.846,776.837,1.0,866.658,774.295,1.0,856.649,771.376,1.0,850.522,767.926,1.0,331.239,198.708,0.9860000014305115,333.207,196.712,0.9959999918937683,323.931,194.996,0.9990000128746033,323.76,197.1,0.9269999861717224,330.84,199.938,0.2709999978542328,787.684,418.974,1.0,797.028,418.931,1.0,801.513,424.315,1.0,800.4,432.306,1.0,810.7,440.193,1.0
757,641.197,568.038,1.0,643.693,579.237,1.0,652.065,592.186,1.0,646.984,605.87,1.0,644.297,612.22,1.0,552.497,723.151,1.0,558.595,725.087,1.0,555.27,717.438,1.0,553.209,712.207,1.0,543.758,701.919,1.0,886.273,774.231,1.0,879.413,779.559,1.0,868.813,774.437,1.0,856.649,772.103,1.0,852.306,767.926,1.0,331.107,198.708,0.9369999766349792,333.162,196.705,0.9769999980926514,323.83,195.044,0.9890000224113464,323.76,196.986,0.6899999976158142,,,0.0,787.618,418.88,1.0,797.028,418.931,1.0,801.513,424.315,1.0,800.4,432.306,1.0,810.7,440.193,1.0
758,641.197,567.939,1.0,643.637,578.746,1.0,646.587,590.98,1.0,647.161,602.713,1.0,644.297,608.845,1.0,539.746,722.086,1.0,549.577,724.587,1.0,554.667,718.619,1.0,553.951,712.171,1.0,544.072,701.919,1.0,889.689,774.231,1.0,882.115,779.609,1.0,870.536,774.437,1.0,856.839,772.217,1.0,853.601,767.277,1.0,331.048,198.708,0.9940000176429749,333.162,196.524,0.9980000257492065,323.83,195.044,0.9990000128746033,323.685,196.863,0.9520000219345093,,,0.0,787.618,418.88,1.0,797.028,418.931,1.0,801.513,424.315,1.0,800.4,432.291,1.0,810.7,440.193,1.0
759,641.197,568.161,1.0,643.24,578.947,1.0,644.499,589.905,1.0,647.501,598.232,1.0,643.928,604.335,1.0,537.114,722.086,1.0,547.352,724.253,1.0,552.62,718.814,1.0,554.286,712.171,1.0,544.36,701.665,1.0,889.689,773.807,1.0,882.115,779.968,1.0,870.536,774.437,1.0,857.027,772.499,1.0,853.628,767.097,1.0,330.925,198.555,0.9980000257492065,333.155,196.503,0.9990000128746033,323.732,195.045,1.0,323.685,196.863,0.9810000061988831,,,0.0,787.684,418.897,1.0,797.028,418.931,1.0,801.463,424.315,1.0,800.4,432.291,1.0,810.61,440.271,1.0
760,641.197,567.341,1.0,642.097,578.947,1.0,643.645,586.982,1.0,647.25,592.94,1.0,643.928,602.141,1.0,537.114,722.086,1.0,545.987,724.253,1.0,552.075,718.899,1.0,554.611,711.751,1.0,544.36,701.462,1.0,889.689,773.807,1.0,882.115,780.065,1.0,870.536,775.474,1.0,857.103,773.535,1.0,853.757,767.096,1.0,330.907,198.555,0.9900000095367432,333.14,196.438,0.996999979019165,323.547,195.252,0.9980000257492065,323.671,196.863,0.8930000066757202,,,0.0,787.787,418.897,1.0,797.028,418.931,1.0,801.463,424.315,1.0,800.48,432.291,1.0,810.7,440.319,1.0
761,640.883,566.253,1.0,641.903,578.253,1.0,643.34,585.742,1.0,647.161,592.089,1.0,643.895,601.818,1.0,537.114,725.373,1.0,545.987,723.439,1.0,552.075,718.899,1.0,554.611,711.671,1.0,544.411,701.248,1.0,889.689,773.807,1.0,882.115,780.416,1.0,870.33,776.274,1.0,857.103,773.557,1.0,853.757,767.096,1.0,330.882,198.457,0.9990000128746033,333.012,196.172,1.0,323.536,195.253,1.0,323.671,197.035,0.9850000143051147,,,0.0,787.787,418.88,1.0,797.034,418.712,1.0,800.983,423.798,1.0,800.661,431.848,1.0,810.79,440.319,1.0
762,640.883,565.709,1.0,641.803,578.119,1.0,643.34,585.727,1.0,647.161,591.526,1.0,643.895,601.818,1.0,537.366,725.373,1.0,545.987,723.439,1.0,552.075,718.899,1.0,554.611,711.356,1.0,544.353,701.248,1.0,889.689,773.955,1.0,881.924,780.416,1.0,870.33,777.282,1.0,857.403,773.777,1.0,853.808,766.957,1.0,330.869,198.277,0.996999979019165,333.011,196.155,0.9990000128746033,323.426,195.328,1.0,323.635,197.035,0.9480000138282776,,,0.0,787.787,418.453,1.0,796.88,418.584,1.0,800.922,422.914,1.0,805.249,430.413,1.0,814.563,440.271,1.0
763,640.939,565.442,1.0,641.454,570.982,1.0,643.645,583.432,1.0,646.543,589.74,1.0,643.895,601.818,1.0,542.455,725.373,1.0,547.558,723.876,1.0,552.665,718.322,1.0,553.768,711.356,1.0,544.353,701.341,1.0,890.493,773.958,1.0,881.749,780.47,1.0,870.33,777.282,1.0,858.338,773.777,1.0,853.808,766.957,1.0,330.869,198.14,0.9990000128746033,332.843,196.024,1.0,323.288,195.348,1.0,323.671,197.09,0.9769999980926514,330.769,199.056,0.8820000290870667,786.946,417.992,1.0,796.671,417.87,1.0,800.632,422.914,1.0,805.897,428.065,1.0,815.003,439.336,1.0
764,640.939,563.905,1.0,641.006,570.982,1.0,644.956,582.509,1.0,646.087,587.989,1.0,643.895,601.818,1.0,545.508,725.883,1.0,551.457,723.876,1.0,554.005,716.842,1.0,551.774,711.34,1.0,544.019,701.341,1.0,890.493,773.97,1.0,880.311,780.503,1.0,870.918,777.282,1.0,860.665,773.777,1.0,854.147,766.957,1.0,330.906,198.14,0.9980000257492065,332.708,196.007,0.9990000128746033,323.188,195.348,1.0,323.56,197.035,0.953000009059906,,,0.0,786.784,412.055,1.0,788.96,411.834,1.0,797.793,422.473,1.0,805.897,427.821,1.0,815.089,439.336,1.0
765,640.714,561.551,1.0,639.494,569.019,1.0,644.956,578.201,1.0,645.024,587.515,1.0,643.895,596.045,1.0,546.394,725.883,1.0,552.08,723.876,1.0,554.348,716.842,1.0,550.625,711.356,1.0,543.845,700.898,1.0,890.493,773.97,1.0,880.311,780.621,1.0,872.087,773.396,1.0,863.331,773.866,1.0,855.01,768.974,1.0,330.906,198.024,1.0,332.593,195.991,1.0,323.15,195.328,1.0,323.696,197.181,0.9879999756813049,,,0.0,786.784,407.512,1.0,788.96,410.906,1.0,797.595,422.473,1.0,805.897,427.716,1.0,815.089,439.307,1.0
766,639.61,555.459,1.0,639.415,567.241,1.0,644.956,577.153,1.0,644.415,587.477,1.0,644.207,596.038,1.0,562.241,731.248,1.0,557.977,724.762,1.0,554.358,716.842,1.0,550.127,711.418,1.0,542.501,699.034,1.0,889.347,773.97,1.0,880.311,780.621,1.0,873.539,773.396,1.0,865.769,774.649,1.0,855.928,769.451,1.0,330.906,197.485,1.0,332.593,195.797,1.0,323.136,195.191,1.0,323.596,197.11,0.9890000224113464,331.217,199.349,0.9110000133514404,786.784,406.21,1.0,788.96,410.615,1.0,797.485,422.473,1.0,805.632,427.429,1.0,815.089,439.015,1.0
767,638.947,555.459,1.0,639.201,569.882,1.0,644.956,577.032,1.0,643.93,587.376,1.0,643.39,595.196,1.0,563.169,734.415,1.0,561.984,725.874,1.0,554.358,716.87,1.0,549.987,712.319,1.0,541.347,697.868,1.0,889.347,773.478,1.0,881.369,780.621,1.0,874.851,773.396,1.0,867.182,775.661,1.0,857.5,769.903,1.0,330.906,196.972,1.0,332.593,195.575,1.0,323.121,195.116,1.0,323.596,197.11,0.9879999756813049,330.944,198.816,0.9279999732971191,789.289,404.102,1.0,790.469,410.372,1.0,797.485,422.473,1.0,805.632,427.096,1.0,815.089,439.015,1.0
768,638.07,555.459,1.0,639.415,565.96,1.0,644.934,576.978,1.0,643.834,587.196,1.0,643.478,594.917,1.0,563.892,734.996,1.0,562.212,726.631,1.0,554.59,716.87,1.0,549.893,712.379,1.0,541.262,697.371,1.0,889.197,772.602,1.0,881.785,780.257,1.0,875.764,774.091,1.0,867.731,776.644,1.0,858.286,770.249,1.0,330.906,196.967,1.0,332.543,195.55,1.0,322.976,195.116,1.0,323.57,197.013,0.9789999723434448,,,0.0,789.289,402.553,1.0,790.597,409.998,1.0,796.644,421.846,1.0,805.264,426.491,1.0,815.089,438.511,1.0
769,634.987,555.459,1.0,639.494,565.237,1.0,644.514,575.096,1.0,643.702,585.242,1.0,643.709,593.376,1.0,565.584,734.996,1.0,562.273,726.631,1.0,554.59,716.87,1.0,549.987,712.379,1.0,541.262,697.28,1.0,889.197,772.539,1.0,881.785,779.61,1.0,875.764,774.421,1.0,867.731,778.053,1.0,858.378,770.261,1.0,330.884,196.949,1.0,332.43,195.55,1.0,322.976,195.191,1.0,323.57,197.11,0.9829999804496765,,,0.0,789.289,401.519,1.0,790.597,409.355,1.0,796.143,420.883,1.0,803.65,426.196,1.0,813.8,437.389,1.0
770,634.171,556.884,1.0,639.418,565.237,1.0,644.934,575.096,1.0,643.702,583.929,1.0,643.537,591.503,1.0,563.892,734.996,1.0,562.212,726.631,1.0,554.59,716.82,1.0,549.893,712.319,1.0,541.262,697.172,1.0,889.197,772.539,1.0,882.219,779.561,1.0,875.817,774.421,1.0,867.75,778.124,1.0,858.427,770.261,1.0,330.884,196.862,1.0,332.371,195.519,1.0,322.992,195.191,1.0,323.57,197.107,0.9950000047683716,331.194,198.857,0.9700000286102295,788.852,399.76,1.0,790.469,408.83,1.0,796.031,420.264,1.0,803.387,425.941,1.0,813.365,437.382,1.0
771,634.171,559.913,1.0,640.369,565.237,1.0,645.055,575.096,1.0,643.702,583.477,1.0,643.537,591.503,1.0,563.892,734.698,1.0,561.984,726.003,1.0,554.009,716.486,1.0,549.794,711.93,1.0,541.525,696.603,1.0,888.955,772.185,1.0,881.785,779.022,1.0,875.817,774.421,1.0,867.75,778.124,1.0,858.651,770.249,1.0,330.884,196.862,1.0,332.368,195.55,1.0,322.992,195.025,1.0,323.57,197.02,0.9909999966621399,331.087,198.677,0.9309999942779541,788.337,399.572,1.0,789.986,408.83,1.0,795.72,420.177,1.0,803.252,425.941,1.0,813.258,437.329,1.0
772,634.171,559.913,1.0,640.435,565.237,1.0,643.409,575.281,1.0,643.821,583.477,1.0,643.537,591.503,1.0,561.57,725.91,1.0,558.12,721.27,1.0,552.612,711.699,1.0,546.755,708.423,1.0,541.525,696.398,1.0,888.955,772.009,1.0,881.785,778.144,1.0,876.302,773.685,1.0,868.257,778.124,1.0,859.116,770.213,1.0,330.761,196.862,1.0,332.332,195.543,1.0,322.828,195.199,1.0,323.57,197.107,0.984000027179718,331.322,199.216,0.0,788.337,399.453,1.0,789.986,408.676,1.0,795.72,419.783,1.0,803.245,425.941,1.0,813.076,437.191,1.0
773,639.879,554.985,1.0,640.435,565.237,1.0,644.473,575.302,1.0,643.897,583.477,1.0,643.537,592.628,1.0,554.364,720.902,1.0,554.782,716.976,1.0,549.888,709.602,1.0,544.362,705.952,1.0,541.525,694.761,1.0,888.955,771.206,1.0,882.36,776.805,1.0,876.393,773.685,1.0,868.803,777.623,1.0,859.399,770.213,1.0,330.761,197.042,0.996999979019165,332.332,195.629,0.9990000128746033,322.93,195.173,1.0,323.61,197.232,0.9399999976158142,,,0.0,788.337,399.319,1.0,789.986,408.672,1.0,795.666,419.737,1.0,803.113,425.475,1.0,812.944,437.086,1.0
774,649.213,560.526,1.0,640.732,565.85,1.0,644.702,575.756,1.0,643.905,585.788,1.0,643.537,593.674,1.0,551.574,720.902,1.0,553.26,714.324,1.0,549.843,709.518,1.0,543.576,704.424,1.0,540.683,694.461,1.0,890.798,769.533,1.0,882.735,776.106,1.0,878.005,773.685,1.0,870.683,777.623,1.0,860.318,770.213,1.0,330.835,197.072,1.0,332.368,195.767,1.0,322.992,195.025,1.0,323.688,197.381,0.9919999837875366,331.322,,0.9210000038146973,788.072,398.707,1.0,790.44,407.849,1.0,795.143,419.288,1.0,801.973,425.081,1.0,812.539,436.541,1.0
775,649.599,560.526,1.0,641.796,566.495,1.0,644.473,575.756,1.0,643.997,586.575,1.0,643.601,594.535,1.0,548.492,720.292,1.0,551.984,714.282,1.0,549.843,709.165,1.0,543.576,703.29,1.0,539.988,694.461,1.0,893.444,768.061,1.0,885.417,776.106,1.0,878.185,774.531,1.0,870.683,777.623,1.0,860.318,770.464,1.0,330.835,197.615,1.0,332.368,196.249,1.0,323.276,195.025,1.0,323.885,197.48,0.9850000143051147,,200.101,0.0,788.026,398.302,1.0,790.44,407.705,1.0,795.101,419.198,1.0,801.953,424.763,1.0,812.392,436.05,1.0
776,652.643,560.526,1.0,644.025,566.495,1.0,643.409,575.302,1.0,643.997,586.575,1.0,643.601,595.38,1.0,542.447,720.292,1.0,549.552,713.471,1.0,549.843,709.165,1.0,543.576,703.29,1.0,539.641,694.461,1.0,893.523,767.579,1.0,885.8,776.106,1.0,878.367,775.314,1.0,870.715,777.826,1.0,860.318,770.908,1.0,331.462,198.428,0.9950000047683716,333.024,196.314,0.9990000128746033,323.746,194.754,0.9990000128746033,324.198,197.769,0.9300000071525574,331.277,201.44,0.34200000762939453,786.642,397.547,1.0,790.44,407.583,1.0,794.511,418.303,1.0,800.666,422.727,1.0,810.808,434.871,1.0
777,653.819,569.302,1.0,644.876,566.027,1.0,641.681,575.126,1.0,644.186,586.575,1.0,643.776,595.77,1.0,540.02,718.564,1.0,547.058,711.729,1.0,549.888,709.165,1.0,543.576,703.29,1.0,537.714,695.352,1.0,893.523,767.579,1.0,885.839,776.642,1.0,878.367,775.387,1.0,870.715,777.826,1.0,859.883,770.908,1.0,331.462,201.561,0.9990000128746033,333.637,196.618,1.0,323.746,194.534,1.0,325.978,198.566,0.9919999837875366,331.06,201.293,0.6970000267028809,783.151,397.547,1.0,788.983,407.465,1.0,793.652,417.23,1.0,799.473,421.959,1.0,810.606,433.608,1.0
778,653.819,569.302,1.0,645.354,565.85,1.0,641.365,574.107,1.0,644.048,586.575,1.0,643.922,595.77,1.0,539.112,715.605,1.0,544.436,711.729,1.0,550.101,711.329,1.0,543.576,703.796,1.0,536.497,695.352,1.0,893.444,767.704,1.0,885.839,776.89,1.0,878.291,775.387,1.0,870.671,777.826,1.0,859.883,770.908,1.0,331.733,201.561,0.9990000128746033,333.865,196.894,1.0,323.746,194.05,1.0,326.981,199.936,0.9959999918937683,325.831,200.926,0.9319999814033508,779.609,397.547,1.0,786.536,407.066,1.0,793.652,417.165,1.0,799.473,421.792,1.0,810.606,433.608,1.0
779,654.646,569.302,1.0,646.23,565.606,1.0,641.365,574.107,1.0,643.997,586.439,1.0,644.049,595.77,1.0,538.151,715.009,1.0,544.167,711.491,1.0,550.101,711.329,1.0,543.472,703.796,1.0,535.867,695.352,1.0,893.133,768.061,1.0,885.8,776.916,1.0,878.185,775.387,1.0,870.483,777.492,1.0,859.879,770.857,1.0,331.733,201.561,0.9929999709129333,333.885,196.894,1.0,,,0.0,327.018,199.936,0.9929999709129333,325.819,201.1,0.8870000243186951,779.609,398.917,1.0,786.536,407.465,1.0,793.652,417.165,1.0,799.473,421.792,1.0,810.606,433.608,1.0
780,655.076,568.845,1.0,646.601,565.606,1.0,641.365,574.107,1.0,643.9,586.265,1.0,644.143,595.743,1.0,537.689,715.009,1.0,543.028,711.491,1.0,549.708,711.329,1.0,543.087,703.796,1.0,535.594,694.002,1.0,891.032,768.145,1.0,884.513,777.121,1.0,878.118,774.319,1.0,869.597,777.334,1.0,859.606,770.476,1.0,331.72,199.067,0.8999999761581421,334.025,196.935,0.9890000224113464,,,0.0,327.321,199.936,0.9340000152587891,325.705,201.1,0.6930000185966492,779.609,400.792,1.0,786.536,407.583,1.0,793.715,417.165,1.0,799.531,421.792,1.0,810.941,433.96,1.0
781,660.435,565.935,1.0,648.762,565.606,1.0,642.886,574.322,1.0,637.949,583.616,1.0,644.164,594.6,1.0,537.628,715.009,1.0,543.028,711.491,1.0,549.708,711.329,1.0,543.087,703.796,1.0,535.594,693.668,1.0,891.025,771.601,1.0,882.058,778.118,1.0,876.296,772.84,1.0,868.62,777.242,1.0,858.975,770.476,1.0,331.463,199.061,0.890999972820282,334.025,196.894,0.9890000224113464,,,0.0,331.012,198.063,0.8090000152587891,325.603,201.1,0.7509999871253967,788.825,410.267,1.0,793.423,414.518,1.0,796.701,420.531,1.0,803.578,424.97,1.0,811.015,434.071,1.0
782,661.034,565.135,1.0,654.78,567.075,1.0,643.184,574.323,1.0,637.949,583.082,1.0,644.325,593.719,1.0,537.124,715.009,1.0,543.028,711.491,1.0,549.633,711.329,1.0,543.087,704.501,1.0,535.979,693.246,1.0,891.025,779.071,1.0,881.593,778.732,1.0,875.682,772.646,1.0,868.484,777.242,1.0,858.626,770.476,1.0,331.463,198.966,0.8080000281333923,333.885,196.89,0.9729999899864197,,,0.0,331.105,197.857,0.6690000295639038,325.539,200.926,0.5929999947547913,788.971,413.943,1.0,796.721,416.848,1.0,797.559,423.753,1.0,803.921,428.97,1.0,811.131,434.448,1.0
783,661.882,564.789,1.0,655.919,567.35,1.0,643.189,574.331,1.0,637.949,582.484,1.0,644.339,593.527,1.0,535.493,709.741,1.0,543.918,710.583,1.0,548.753,710.596,1.0,543.199,705.837,1.0,535.594,692.855,1.0,891.025,779.461,1.0,881.509,778.839,1.0,875.663,772.646,1.0,868.484,777.079,1.0,858.56,770.476,1.0,330.705,198.966,0.9409999847412109,333.73,196.855,0.9789999723434448,331.453,196.451,0.9879999756813049,331.105,197.788,0.6909999847412109,325.493,201.1,0.6480000019073486,792.293,413.943,1.0,796.721,418.93,1.0,797.559,425.369,1.0,804.224,428.97,1.0,811.39,434.741,1.0
784,663.099,563.435,1.0,656.047,567.35,1.0,643.898,574.438,1.0,638.064,580.146,1.0,644.339,588.961,1.0,535.016,709.741,1.0,544.782,712.09,1.0,548.358,709.37,1.0,543.199,705.837,1.0,535.433,692.855,1.0,891.025,779.53,1.0,881.483,778.839,1.0,875.607,772.646,1.0,868.484,777.079,1.0,858.542,770.476,1.0,330.705,198.966,0.9449999928474426,333.455,196.855,0.9829999804496765,331.229,196.382,0.9929999709129333,331.105,197.857,0.7580000162124634,325.416,201.127,0.703000009059906,792.293,413.943,1.0,797.52,419.099,1.0,797.667,425.848,1.0,804.828,428.986,1.0,811.444,434.696,1.0
785,665.159,560.811,1.0,657.428,567.075,1.0,645.588,574.481,1.0,638.419,580.146,1.0,644.325,588.416,1.0,534.712,709.149,1.0,544.782,712.739,1.0,547.415,710.045,1.0,543.199,705.942,1.0,535.589,692.276,1.0,886.301,779.672,1.0,881.483,778.732,1.0,874.992,772.755,1.0,868.006,776.016,1.0,858.496,770.489,1.0,330.705,199.213,0.9789999723434448,333.455,196.855,0.9990000128746033,,,0.0,330.539,197.857,0.9350000023841858,325.319,201.211,0.9039999842643738,791.678,413.943,1.0,798.475,419.099,1.0,798.249,425.369,1.0,804.828,429.103,1.0,811.449,434.741,1.0
786,665.332,560.606,1.0,658.057,567.26,1.0,646.158,574.53,1.0,638.6,580.097,1.0,643.378,587.495,1.0,534.444,709.147,1.0,543.918,712.614,1.0,546.37,710.045,1.0,542.647,705.986,1.0,535.589,692.047,1.0,885.019,781.723,1.0,881.307,772.468,1.0,873.732,772.832,1.0,867.409,776.016,1.0,857.122,770.208,1.0,331.233,200.915,0.972000002861023,333.582,196.901,0.9990000128746033,,,0.0,327.62,199.762,0.9919999837875366,325.129,201.211,0.8960000276565552,791.678,414.323,1.0,798.475,419.172,1.0,798.249,425.369,1.0,804.828,429.103,1.0,811.449,434.894,1.0
787,665.332,560.606,1.0,658.057,566.337,1.0,646.641,574.53,1.0,638.675,579.212,1.0,643.169,587.495,1.0,528.763,708.111,1.0,543.197,712.739,1.0,544.33,709.642,1.0,542.539,706.661,1.0,535.189,691.139,1.0,883.924,783.128,1.0,880.766,772.468,1.0,873.732,773.651,1.0,867.409,776.016,1.0,857.122,770.208,1.0,331.233,201.164,0.9509999752044678,333.224,196.921,0.9959999918937683,,,0.0,327.62,199.85,0.9860000014305115,324.899,201.321,0.7910000085830688,791.678,413.183,1.0,797.52,419.099,1.0,799.382,421.13,1.0,804.817,429.993,1.0,811.685,435.028,1.0
788,665.159,560.606,1.0,657.428,566.022,1.0,647.782,574.53,1.0,639.596,579.12,1.0,643.136,587.173,1.0,528.196,707.593,1.0,542.08,712.739,1.0,543.81,709.711,1.0,542.539,706.661,1.0,535.428,690.44,1.0,881.473,783.909,1.0,880.766,772.186,1.0,873.732,773.831,1.0,867.409,776.299,1.0,857.122,770.489,1.0,331.304,201.164,0.9629999995231628,332.706,197.033,0.996999979019165,,,0.0,327.545,199.85,0.9850000143051147,324.764,201.439,0.800000011920929,789.96,413.183,1.0,797.52,419.172,1.0,799.397,421.046,1.0,804.734,429.993,1.0,811.685,435.049,1.0
789,665.159,560.464,1.0,654.889,563.405,1.0,647.993,573.183,1.0,640.611,575.597,1.0,642.984,587.126,1.0,528.178,707.537,1.0,534.798,712.614,1.0,543.81,709.711,1.0,542.539,706.661,1.0,535.428,690.44,1.0,881.178,783.909,1.0,880.76,772.215,1.0,874.43,773.831,1.0,867.912,776.363,1.0,857.114,770.827,1.0,331.233,201.164,0.9980000257492065,332.723,197.353,0.9990000128746033,331.345,196.119,1.0,327.014,199.85,0.9950000047683716,324.692,201.211,0.9229999780654907,789.896,412.528,1.0,797.315,419.172,1.0,799.573,421.046,1.0,804.734,429.993,1.0,811.685,435.228,1.0
790,665.445,561.152,1.0,654.24,563.405,1.0,648.151,572.918,1.0,640.863,575.134,1.0,642.961,586.932,1.0,528.047,707.437,1.0,533.671,712.614,1.0,543.81,709.642,1.0,542.432,702.851,1.0,535.189,690.44,1.0,879.895,783.128,1.0,880.438,772.215,1.0,874.625,773.831,1.0,868.275,776.56,1.0,857.114,770.829,1.0,326.547,203.521,0.9869999885559082,332.248,197.404,0.9990000128746033,331.205,,1.0,327.508,199.762,0.9950000047683716,324.67,201.674,0.9190000295639038,789.232,412.528,1.0,797.245,419.357,1.0,799.397,421.13,1.0,804.373,428.138,1.0,813.195,435.418,1.0
791,665.095,561.332,1.0,654.24,563.405,1.0,648.151,572.918,1.0,641.511,575.134,1.0,642.917,586.567,1.0,527.96,707.537,1.0,532.054,710.464,1.0,542.706,708.027,1.0,542.145,702.798,1.0,535.189,690.495,1.0,879.789,782.948,1.0,880.385,772.327,1.0,874.625,773.766,1.0,868.299,776.609,1.0,857.005,770.94,1.0,326.685,203.521,0.0,331.857,197.404,0.9810000061988831,,196.119,0.0,327.508,199.712,0.9670000076293945,324.581,201.674,0.621999979019165,788.6,412.528,1.0,797.106,419.428,1.0,799.397,421.427,1.0,804.734,428.138,1.0,813.819,435.763,1.0
792,665.031,561.152,1.0,654.24,563.408,1.0,648.151,572.918,1.0,641.511,575.134,1.0,642.784,585.873,1.0,527.907,707.537,1.0,531.692,710.464,1.0,542.676,708.027,1.0,542.246,702.798,1.0,535.428,691.187,1.0,879.454,782.929,1.0,880.174,772.327,1.0,874.625,773.766,1.0,868.299,776.649,1.0,856.992,770.982,1.0,326.685,203.521,0.9980000257492065,332.723,197.353,0.9990000128746033,331.187,196.53,1.0,326.665,199.431,0.9929999709129333,324.67,201.084,0.8859999775886536,788.584,419.544,1.0,796.988,419.811,1.0,798.464,424.272,1.0,804.819,428.138,1.0,814.179,436.018,1.0
793,664.247,560.464,1.0,654.24,566.682,1.0,648.476,575.54,1.0,641.629,578.539,1.0,642.694,585.873,1.0,524.392,709.406,1.0,529.707,714.328,1.0,542.676,708.027,1.0,542.246,702.851,1.0,536.232,694.247,1.0,879.203,782.929,1.0,880.022,772.445,1.0,874.582,773.766,1.0,868.299,776.846,1.0,856.912,771.288,1.0,326.436,202.223,0.9810000061988831,332.723,,0.0,331.119,195.965,0.996999979019165,326.665,199.431,0.9610000252723694,325.036,201.13,0.0,788.481,431.861,1.0,796.867,421.041,1.0,797.752,424.634,1.0,804.922,429.41,1.0,814.411,436.052,1.0
794,653.182,561.54,1.0,651.77,567.076,1.0,648.476,575.54,1.0,641.629,581.487,1.0,641.809,585.873,1.0,524.35,711.133,1.0,529.707,714.328,1.0,541.052,711.37,1.0,542.432,706.748,1.0,537.188,696.225,1.0,879.203,782.948,1.0,880.022,772.751,1.0,874.421,773.766,1.0,867.911,776.866,1.0,856.912,771.402,1.0,,,0.0,332.823,196.797,0.9829999804496765,331.324,,0.0,326.669,199.214,0.9610000252723694,325.169,201.507,0.6850000023841858,786.944,432.745,1.0,796.785,424.126,1.0,797.574,424.855,1.0,804.922,429.41,1.0,814.411,436.081,1.0
795,649.983,561.937,1.0,651.178,567.427,1.0,648.764,575.669,1.0,641.511,581.905,1.0,641.22,585.999,1.0,519.988,712.554,1.0,529.707,713.875,1.0,539.89,711.37,1.0,543.511,707.336,1.0,541.444,696.658,1.0,879.203,783.131,1.0,880.022,772.78,1.0,873.746,773.772,1.0,867.565,776.921,1.0,856.795,771.408,1.0,,,0.0,332.563,196.67,0.9789999723434448,,,0.0,326.669,199.214,0.9679999947547913,325.144,201.507,0.6679999828338623,786.028,433.297,1.0,791.909,424.126,1.0,797.395,425.503,1.0,805.552,429.456,1.0,814.411,436.493,1.0
796,646.496,558.694,1.0,650.255,567.784,1.0,648.982,575.98,1.0,640.945,582.416,1.0,641.131,586.184,1.0,519.939,718.389,1.0,530.061,713.875,1.0,538.02,711.37,1.0,543.959,708.683,1.0,546.243,697.343,1.0,879.203,783.131,1.0,879.994,776.618,1.0,873.519,776.392,1.0,865.996,778.526,1.0,856.551,771.408,1.0,331.165,199.219,0.9700000286102295,331.922,196.299,0.9919999837875366,331.404,195.876,0.9980000257492065,327.003,199.504,0.9679999947547913,325.144,201.13,0.7699999809265137,785.769,433.725,1.0,791.679,424.126,1.0,797.239,425.915,1.0,805.629,429.456,1.0,814.223,436.575,1.0
797,646.313,559.718,1.0,649.174,567.784,1.0,649.886,575.98,1.0,641.311,582.818,1.0,640.741,587.524,1.0,519.848,718.624,1.0,530.061,710.077,1.0,537.954,710.487,1.0,543.968,708.683,1.0,546.963,698.015,1.0,880.963,783.131,1.0,879.994,776.894,1.0,871.663,777.024,1.0,864.057,778.526,1.0,856.467,771.793,1.0,331.165,199.219,0.9929999709129333,331.826,196.299,0.9990000128746033,331.324,195.762,1.0,327.934,199.7,0.9929999709129333,325.144,201.507,0.9279999732971191,785.364,433.725,1.0,791.679,424.569,1.0,796.996,426.066,1.0,805.747,429.456,1.0,813.55,437.026,1.0
798,643.626,560.683,1.0,648.169,567.784,1.0,649.886,575.98,1.0,641.311,582.818,1.0,640.566,587.524,1.0,519.527,718.793,1.0,530.061,710.006,1.0,537.364,710.487,1.0,543.959,708.683,1.0,546.963,698.381,1.0,880.963,781.94,1.0,879.994,777.388,1.0,870.928,777.787,1.0,863.245,778.526,1.0,856.231,772.302,1.0,330.692,199.219,0.9760000109672546,331.826,196.24,0.9980000257492065,331.272,195.385,0.9990000128746033,327.934,199.74,0.9929999709129333,325.144,202.02,0.8289999961853027,785.364,433.725,1.0,791.679,422.885,1.0,796.967,426.401,1.0,806.114,429.397,1.0,813.186,437.881,1.0
799,637.25,560.683,1.0,646.45,567.79,1.0,648.982,575.98,1.0,641.311,582.818,1.0,639.887,587.524,1.0,519.483,718.82,1.0,529.685,709.91,1.0,537.364,710.487,1.0,543.959,709.0,1.0,546.963,698.669,1.0,880.963,780.946,1.0,879.776,778.531,1.0,870.863,778.297,1.0,861.885,775.653,1.0,856.231,773.792,1.0,331.118,199.308,0.9850000143051147,331.459,196.24,0.9990000128746033,331.404,195.576,1.0,328.082,199.745,0.996999979019165,325.144,202.074,0.9570000171661377,785.364,429.51,1.0,791.587,422.885,1.0,794.942,426.401,1.0,806.434,429.202,1.0,813.186,438.128,1.0
800,635.058,559.718,1.0,644.114,567.79,1.0,648.287,575.669,1.0,641.731,582.425,1.0,639.233,586.51,1.0,519.201,718.793,1.0,529.304,709.37,1.0,537.348,713.582,1.0,543.113,709.052,1.0,546.894,698.706,1.0,879.011,780.946,1.0,878.599,780.525,1.0,870.6,779.776,1.0,861.87,775.653,1.0,856.231,773.792,1.0,331.118,199.308,0.9929999709129333,331.826,196.177,1.0,331.272,195.762,0.0,328.082,199.771,0.996999979019165,325.079,202.02,0.9340000152587891,789.137,429.51,1.0,791.6,425.007,1.0,794.121,426.401,1.0,806.49,428.947,1.0,813.151,438.346,1.0
801,634.766,559.742,1.0,642.513,567.79,1.0,646.965,575.395,1.0,642.474,582.079,1.0,638.275,586.51,1.0,518.473,718.793,1.0,527.506,709.302,1.0,533.263,713.582,1.0,539.547,711.787,1.0,546.345,698.706,1.0,878.864,778.618,1.0,877.686,780.785,1.0,869.528,779.776,1.0,861.87,775.653,1.0,857.398,773.792,1.0,331.011,199.308,0.9890000224113464,331.96,196.177,1.0,331.422,195.838,1.0,327.803,200.003,0.9980000257492065,325.079,202.02,0.9660000205039978,789.427,429.51,1.0,791.587,425.007,1.0,793.729,426.611,1.0,806.809,427.985,1.0,812.925,438.77,1.0
802,634.51,559.742,1.0,642.216,567.654,1.0,645.65,575.181,1.0,643.436,581.907,1.0,637.21,586.51,1.0,513.813,717.45,1.0,522.86,709.302,1.0,532.794,713.582,1.0,537.13,712.485,1.0,546.345,700.331,1.0,878.174,778.478,1.0,877.422,780.785,1.0,868.532,779.78,1.0,861.885,776.601,1.0,861.261,773.792,1.0,330.692,199.306,0.9760000109672546,332.131,196.161,0.9950000047683716,331.507,195.576,0.9990000128746033,327.77,200.204,0.9860000014305115,325.139,201.905,0.8560000061988831,789.427,432.481,1.0,791.6,425.291,1.0,793.729,426.333,1.0,807.132,426.712,1.0,812.648,438.916,1.0
803,634.379,559.742,1.0,640.148,567.796,1.0,644.355,574.915,1.0,644.568,581.546,1.0,637.21,586.465,1.0,513.781,717.45,1.0,522.56,709.37,1.0,528.895,709.708,1.0,536.858,714.348,1.0,546.345,703.689,1.0,874.614,778.478,1.0,874.017,780.785,1.0,867.871,779.776,1.0,861.87,776.601,1.0,861.261,771.524,1.0,330.765,199.306,0.9829999804496765,331.96,196.161,0.9990000128746033,331.462,195.59,0.0,327.77,200.211,0.9940000176429749,325.139,201.905,0.9110000133514404,789.427,432.742,1.0,791.6,425.682,1.0,793.729,426.137,1.0,806.809,426.301,1.0,812.648,439.091,1.0
804,634.379,559.742,1.0,639.157,567.268,1.0,643.355,574.345,1.0,644.834,581.457,1.0,637.21,586.465,1.0,513.563,717.45,1.0,522.307,709.481,1.0,528.876,709.292,1.0,536.453,714.396,1.0,546.345,704.668,1.0,873.531,,1.0,870.649,778.973,1.0,867.228,779.366,1.0,866.105,779.002,1.0,877.082,774.955,0.9800000190734863,330.765,199.048,0.9909999966621399,332.219,196.059,0.9990000128746033,331.507,196.026,1.0,327.607,200.211,0.9929999709129333,325.347,201.827,0.9259999990463257,789.995,432.997,1.0,791.733,426.993,1.0,794.528,425.193,1.0,806.49,426.068,1.0,812.581,439.091,1.0
805,629.216,560.025,1.0,639.157,566.944,1.0,641.774,574.133,1.0,644.834,578.628,1.0,637.236,586.681,1.0,512.319,717.662,1.0,522.173,710.59,1.0,528.16,709.222,1.0,536.453,714.589,1.0,546.07,705.184,1.0,873.731,778.478,,,779.104,,,,,867.825,779.002,,878.877,775.903,,330.765,199.048,0.9890000224113464,332.219,196.059,0.9990000128746033,331.462,196.026,1.0,328.461,200.204,0.996999979019165,325.459,201.746,0.9639999866485596,790.903,438.866,1.0,791.733,430.828,1.0,794.528,425.193,1.0,804.796,425.98,1.0,812.233,439.091,1.0
806,625.783,560.025,1.0,635.912,566.575,1.0,639.853,571.867,1.0,644.568,576.753,1.0,637.818,586.681,1.0,511.135,717.833,1.0,517.594,711.377,1.0,528.124,709.292,1.0,536.453,714.589,1.0,545.233,705.416,1.0,880.717,782.628,1.0,874.765,781.499,1.0,865.339,779.535,1.0,870.505,779.184,1.0,880.461,779.209,1.0,327.611,199.498,0.9169999957084656,332.939,196.161,0.9879999756813049,331.297,196.026,0.9950000047683716,330.356,,0.0,329.7,201.746,0.6840000152587891,790.903,445.233,1.0,791.733,432.497,1.0,794.528,425.193,1.0,803.011,425.264,1.0,812.011,439.091,1.0
807,625.563,560.025,1.0,635.868,566.82,1.0,639.853,571.593,1.0,643.012,576.753,1.0,638.466,587.028,1.0,510.657,718.608,1.0,517.408,711.506,1.0,527.973,709.708,1.0,536.004,714.589,1.0,544.43,706.306,1.0,877.942,782.313,1.0,874.765,781.181,1.0,865.339,779.207,1.0,867.825,778.335,1.0,878.877,775.903,0.996999979019165,,202.336,0.0,332.964,196.62,0.9940000176429749,331.289,196.679,0.9980000257492065,330.783,197.477,0.8920000195503235,331.716,198.976,0.8270000219345093,790.903,445.584,1.0,791.733,432.791,1.0,793.783,425.705,1.0,802.832,425.264,1.0,812.001,439.104,1.0
808,625.546,559.798,1.0,635.603,566.82,1.0,639.853,571.299,1.0,642.933,576.563,1.0,638.466,587.028,1.0,510.317,718.951,1.0,515.114,712.129,1.0,526.523,711.461,1.0,533.47,713.806,1.0,542.468,707.745,1.0,875.699,781.401,1.0,870.749,781.177,1.0,865.226,778.856,1.0,865.52,778.157,1.0,878.085,775.727,1.0,326.939,202.423,0.9620000123977661,333.106,196.62,0.9869999885559082,331.154,196.759,0.9929999709129333,330.783,197.477,0.8159999847412109,331.716,198.846,0.7200000286102295,790.881,445.82,1.0,791.511,432.977,1.0,793.671,426.198,1.0,802.791,425.264,1.0,811.852,439.423,1.0
809,625.251,559.395,1.0,634.813,566.575,1.0,638.758,570.52,1.0,642.933,576.563,1.0,638.588,587.028,1.0,506.531,718.951,1.0,511.552,712.192,1.0,521.575,714.067,1.0,527.897,711.875,1.0,540.637,709.667,1.0,875.699,782.131,1.0,870.749,781.177,1.0,865.013,778.941,1.0,865.52,778.157,1.0,878.085,775.727,1.0,326.837,202.336,0.9589999914169312,332.964,196.726,0.9819999933242798,331.07,196.873,0.9900000095367432,330.717,197.477,0.7710000276565552,329.7,198.846,0.675000011920929,790.753,445.82,1.0,791.346,433.531,1.0,793.621,427.318,1.0,802.768,426.014,1.0,811.755,439.423,1.0
810,624.547,559.395,1.0,632.096,566.196,1.0,638.12,570.271,1.0,642.634,576.563,1.0,638.588,586.775,1.0,505.434,718.951,1.0,510.848,712.402,1.0,521.372,714.067,1.0,527.703,711.619,1.0,540.555,711.177,1.0,875.699,782.274,1.0,870.749,781.177,1.0,865.013,778.941,1.0,865.52,777.786,1.0,878.085,775.727,0.9440000057220459,326.585,202.336,0.6439999938011169,332.939,196.62,0.6869999766349792,331.07,196.873,0.7950000166893005,330.717,197.656,0.3100000023841858,,,0.0,790.67,445.82,1.0,791.267,434.897,1.0,793.621,427.532,1.0,802.658,426.014,1.0,811.289,439.423,1.0
811,620.797,559.238,1.0,627.711,564.923,1.0,638.111,569.704,1.0,642.634,575.763,1.0,639.195,586.348,1.0,500.404,715.882,1.0,510.475,712.418,1.0,520.695,714.067,1.0,527.26,711.258,1.0,540.497,711.424,1.0,875.699,782.131,1.0,870.749,781.137,1.0,865.007,777.946,1.0,865.81,777.33,1.0,878.379,775.867,0.9990000128746033,325.464,202.072,0.9269999861717224,333.331,,0.9589999914169312,331.07,196.962,0.9779999852180481,330.783,198.576,0.7009999752044678,,,0.0,786.54,446.988,1.0,790.855,439.022,1.0,793.671,429.977,1.0,801.462,426.014,1.0,810.433,438.524,1.0
812,618.607,559.395,1.0,624.201,562.834,1.0,631.921,568.72,1.0,641.21,573.394,1.0,639.616,581.849,1.0,500.366,715.72,1.0,510.475,712.533,1.0,520.632,714.067,1.0,527.032,711.484,1.0,540.455,711.424,1.0,875.699,782.131,1.0,870.749,781.137,1.0,865.007,777.946,1.0,866.951,777.33,1.0,878.379,775.867,0.9860000014305115,325.424,197.128,0.5260000228881836,333.331,196.699,0.0,330.978,196.962,0.6930000185966492,330.717,198.576,0.46000000834465027,,,0.0,785.535,446.988,1.0,790.623,439.022,1.0,793.686,430.777,1.0,801.308,426.227,1.0,810.143,437.795,1.0
813,618.607,560.85,1.0,623.812,562.741,1.0,631.726,568.118,1.0,641.198,571.569,1.0,641.176,580.695,1.0,500.366,715.72,1.0,510.475,713.054,1.0,520.615,714.278,1.0,526.758,711.217,1.0,540.451,711.574,1.0,876.143,782.274,1.0,870.822,781.137,1.0,865.007,778.941,1.0,866.951,778.493,1.0,878.379,776.326,0.9490000009536743,325.302,196.775,0.3840000033378601,333.394,196.699,0.43700000643730164,330.964,196.71,0.5040000081062317,329.267,197.656,0.1289999932050705,,,0.0,785.27,446.988,1.0,790.404,439.022,1.0,793.686,431.11,1.0,801.19,426.227,1.0,810.143,437.634,1.0
814,618.607,560.85,1.0,623.28,561.572,1.0,631.694,568.018,1.0,640.921,571.457,1.0,641.176,580.337,1.0,499.905,715.72,1.0,510.475,715.277,1.0,520.14,714.079,1.0,526.703,711.08,1.0,540.451,711.734,1.0,881.16,782.591,1.0,873.046,782.338,1.0,865.007,779.44,1.0,865.81,778.493,1.0,878.379,776.326,1.0,,,,,,,,,,,,,,,,778.884,442.869,1.0,787.051,436.057,1.0,793.686,432.492,1.0,800.818,427.098,1.0,810.16,437.125,1.0
815,618.607,560.85,1.0,623.28,561.271,1.0,631.694,568.018,1.0,640.12,571.088,1.0,641.176,578.819,1.0,499.859,715.882,1.0,510.475,715.277,1.0,519.228,714.25,1.0,525.958,711.028,1.0,539.376,711.742,1.0,881.414,782.591,1.0,874.068,782.379,1.0,867.398,779.627,1.0,865.348,779.064,1.0,868.541,776.639,1.0,,,,,,,,,,,,,,,,778.564,442.443,1.0,787.051,435.951,1.0,793.291,432.492,1.0,800.818,428.65,1.0,810.433,437.063,1.0
816,618.607,561.099,1.0,622.115,561.125,1.0,631.077,567.729,1.0,637.192,566.778,1.0,639.423,577.485,1.0,499.758,722.113,1.0,508.25,715.277,1.0,515.271,714.25,1.0,522.59,708.002,1.0,536.475,713.227,1.0,881.414,782.591,1.0,874.555,782.379,1.0,867.607,784.134,1.0,865.045,780.584,1.0,867.41,777.138,0.9660000205039978,,,,,,,,,,,,,,,,778.564,442.143,1.0,787.034,435.868,1.0,792.965,432.492,1.0,800.818,430.144,1.0,810.667,436.94,1.0
817,614.561,563.799,1.0,621.586,561.125,1.0,629.71,564.785,1.0,635.03,564.503,1.0,639.423,576.823,1.0,499.006,722.501,1.0,507.678,713.519,1.0,515.122,714.079,1.0,522.575,708.002,1.0,534.826,713.227,1.0,881.16,782.343,1.0,874.425,782.379,1.0,867.612,784.134,1.0,863.477,786.765,1.0,863.597,792.744,1.0,,,,,,,,,,,,,,,,778.564,442.126,1.0,787.051,435.75,1.0,789.939,427.546,1.0,800.818,430.149,1.0,810.667,436.876,1.0
818,612.142,564.058,1.0,620.654,558.879,1.0,629.477,563.795,1.0,634.467,561.354,1.0,639.423,576.803,1.0,498.976,722.476,1.0,507.567,712.864,1.0,514.698,713.189,1.0,522.544,708.002,1.0,534.578,713.227,1.0,880.94,782.228,1.0,874.425,781.29,1.0,867.946,784.134,1.0,863.477,788.191,1.0,862.226,793.881,1.0,,,,,,,,,,,,,,,,778.564,441.929,1.0,787.117,435.75,1.0,789.745,427.546,1.0,800.818,430.175,1.0,810.667,436.662,1.0
819,612.014,564.362,1.0,620.064,558.612,1.0,629.448,563.795,1.0,634.134,561.163,1.0,639.302,576.441,1.0,498.976,722.476,1.0,507.567,712.839,1.0,514.686,713.065,1.0,522.161,707.239,1.0,534.158,713.227,1.0,880.94,781.902,1.0,874.757,781.29,1.0,867.946,783.74,1.0,863.477,788.191,1.0,861.695,793.881,1.0,325.165,197.984,0.7450000047683716,333.318,196.501,0.7699999809265137,331.025,196.912,0.8809999823570251,331.463,198.409,0.39500001072883606,,,0.0,778.564,441.929,1.0,787.117,435.75,1.0,789.745,427.546,1.0,800.647,430.175,1.0,810.201,436.268,1.0
820,611.824,564.642,1.0,619.759,558.583,1.0,628.569,563.715,1.0,634.132,560.874,1.0,639.302,575.826,1.0,498.836,722.113,1.0,507.248,712.839,1.0,514.563,713.065,1.0,522.07,707.649,1.0,533.909,713.086,1.0,880.589,782.228,1.0,874.757,781.29,1.0,867.946,783.507,1.0,864.103,788.191,1.0,861.695,793.881,1.0,324.911,197.72,0.8809999823570251,333.018,196.153,0.9070000052452087,331.025,196.874,0.9599999785423279,331.348,198.404,0.6159999966621399,327.681,210.683,0.7739999890327454,778.178,442.126,1.0,786.767,436.64,1.0,789.745,429.344,1.0,799.397,430.175,1.0,808.929,434.346,1.0
821,611.824,564.642,1.0,619.088,558.583,1.0,628.569,563.715,1.0,633.805,560.874,1.0,639.302,575.826,1.0,498.82,721.773,1.0,506.404,712.839,1.0,514.523,713.065,1.0,521.638,709.665,1.0,533.396,713.077,1.0,880.94,781.793,1.0,874.831,781.29,1.0,867.428,783.453,1.0,864.103,786.985,1.0,859.63,793.27,1.0,324.875,197.501,0.6790000200271606,332.815,196.153,0.7099999785423279,330.986,196.805,0.8529999852180481,331.348,198.404,0.3449999988079071,,,0.0,775.941,442.948,1.0,785.947,439.746,1.0,794.384,432.354,1.0,796.274,426.619,1.0,808.929,431.453,1.0
822,611.782,564.362,1.0,618.467,558.568,1.0,628.271,563.715,1.0,633.567,561.354,1.0,639.082,575.744,1.0,491.582,721.633,1.0,499.019,716.847,1.0,510.446,714.378,1.0,521.499,709.665,1.0,529.839,713.086,1.0,881.73,781.793,1.0,875.184,781.29,1.0,867.428,782.909,1.0,864.103,786.62,1.0,859.63,793.139,1.0,324.817,197.501,0.8149999976158142,332.72,196.123,0.828000009059906,330.885,196.757,0.9290000200271606,331.235,198.172,0.5120000243186951,,,0.0,774.801,443.331,1.0,785.583,439.746,1.0,794.384,432.642,1.0,795.733,426.03,1.0,808.56,430.714,1.0
823,611.07,563.811,1.0,618.359,558.513,1.0,627.035,563.403,1.0,631.331,568.887,1.0,639.008,575.454,1.0,491.227,721.37,1.0,498.826,716.847,1.0,509.15,715.511,1.0,520.411,709.665,1.0,527.855,713.28,1.0,881.73,782.737,1.0,875.184,780.996,1.0,867.121,782.429,1.0,864.103,786.2,1.0,859.984,791.642,1.0,324.875,197.72,0.7279999852180481,332.72,,0.7630000114440918,330.775,196.662,0.8679999709129333,331.235,198.172,0.33799999952316284,,,0.0,774.214,443.7,1.0,784.929,439.746,1.0,794.384,432.838,1.0,795.733,425.801,1.0,808.56,430.274,1.0
824,605.729,558.447,1.0,613.104,557.043,1.0,621.294,559.436,1.0,627.991,568.887,1.0,638.48,570.543,1.0,490.215,721.03,1.0,498.203,716.847,1.0,506.444,716.333,1.0,512.64,713.074,1.0,525.257,713.086,1.0,881.129,782.737,1.0,,779.855,1.0,866.731,782.168,1.0,863.949,783.877,1.0,859.984,788.273,1.0,325.184,198.021,,,196.035,,,,,,198.505,,,,,773.49,443.691,1.0,784.196,439.727,1.0,793.597,432.838,1.0,795.733,425.751,1.0,809.324,430.274,1.0
825,604.822,556.735,1.0,612.513,555.501,1.0,619.576,558.772,1.0,627.968,568.887,1.0,638.185,570.515,1.0,490.078,720.836,1.0,498.107,716.529,1.0,506.437,716.333,1.0,512.238,713.074,1.0,524.954,713.049,1.0,881.129,782.679,0.9980000257492065,,,0.0,866.791,781.536,1.0,863.637,785.125,1.0,858.126,789.437,0.9980000257492065,326.305,202.578,0.9610000252723694,331.778,196.035,0.984000027179718,330.815,196.575,0.9959999918937683,330.024,200.082,0.8140000104904175,331.539,199.101,0.7429999709129333,773.49,443.7,1.0,784.019,439.608,1.0,793.524,432.893,1.0,795.688,425.751,1.0,809.452,430.518,1.0
826,604.385,556.437,1.0,611.001,555.185,1.0,619.548,558.649,1.0,627.139,568.408,1.0,638.14,570.032,1.0,489.946,720.721,1.0,498.102,716.338,1.0,505.859,716.507,1.0,511.539,713.249,1.0,524.448,713.049,1.0,880.839,782.679,1.0,875.159,779.806,1.0,866.731,781.333,1.0,861.611,785.125,1.0,858.126,789.437,1.0,326.305,198.217,0.8159999847412109,,,0.0,330.776,196.347,0.9319999814033508,330.024,199.935,0.7749999761581421,,,0.0,773.485,443.734,1.0,784.008,439.608,1.0,793.383,433.023,1.0,795.662,425.751,1.0,809.452,430.518,1.0
827,604.147,556.243,1.0,610.712,555.096,1.0,619.278,558.264,1.0,627.061,568.028,1.0,638.14,569.924,1.0,488.318,715.753,1.0,497.199,716.338,1.0,505.156,716.507,1.0,510.902,713.074,1.0,524.343,713.049,1.0,880.837,781.784,1.0,875.159,779.802,1.0,865.39,781.277,1.0,861.611,785.125,1.0,857.366,789.437,1.0,326.305,198.021,0.6669999957084656,,,0.0,330.776,196.25,0.8029999732971191,330.024,197.166,0.6029999852180481,,,0.0,773.485,443.831,1.0,783.789,439.608,1.0,792.901,433.689,1.0,795.629,425.845,1.0,809.452,430.742,1.0
828,603.933,555.991,1.0,609.824,555.035,1.0,619.21,557.374,1.0,626.29,567.36,1.0,638.14,569.813,1.0,485.271,715.753,1.0,496.052,716.338,1.0,504.646,716.578,1.0,510.536,713.069,1.0,524.181,713.049,1.0,880.839,781.421,1.0,875.156,779.675,1.0,865.39,780.965,1.0,861.611,785.351,1.0,857.366,789.921,1.0,326.004,197.724,0.9789999723434448,331.407,196.068,0.9940000176429749,330.776,196.096,0.9980000257492065,330.126,197.598,0.8629999756813049,331.796,199.212,0.8560000061988831,773.485,443.881,1.0,783.387,439.754,1.0,791.675,434.539,1.0,794.726,426.038,1.0,808.874,430.995,1.0
829,603.933,555.991,1.0,609.821,554.928,1.0,618.254,557.374,1.0,625.527,566.562,1.0,637.935,569.813,1.0,485.271,715.753,1.0,495.152,717.41,1.0,503.158,716.578,1.0,509.417,712.736,1.0,523.156,713.308,1.0,880.837,781.421,1.0,875.156,779.802,1.0,864.974,780.965,1.0,861.611,785.351,1.0,857.366,789.921,1.0,326.523,197.114,0.9879999756813049,331.253,195.628,0.996999979019165,330.786,195.869,0.9980000257492065,330.126,197.377,0.8769999742507935,331.628,199.212,0.859000027179718,773.555,444.188,1.0,783.316,439.835,1.0,790.445,435.316,1.0,793.531,426.256,1.0,807.713,431.039,1.0
830,602.931,549.88,1.0,608.585,554.452,1.0,615.777,557.374,1.0,623.72,566.156,1.0,636.167,569.525,1.0,485.248,721.165,1.0,491.996,717.638,1.0,500.99,716.705,1.0,505.237,709.868,1.0,517.341,714.609,1.0,880.837,781.421,1.0,874.425,779.802,1.0,864.974,780.965,1.0,863.851,785.351,1.0,858.763,789.921,1.0,326.728,197.114,0.9769999980926514,331.064,195.611,0.9929999709129333,330.786,195.76,0.9940000176429749,330.126,197.377,0.7369999885559082,331.593,199.212,0.6980000138282776,774.313,451.74,1.0,783.03,444.534,1.0,789.501,438.439,1.0,792.036,429.582,1.0,805.976,431.802,1.0
831,602.25,548.347,1.0,607.35,553.942,1.0,614.212,562.728,1.0,623.401,565.383,1.0,632.332,569.048,1.0,484.638,722.051,1.0,490.572,717.77,1.0,500.818,716.578,1.0,505.101,709.868,1.0,517.293,714.996,1.0,855.565,789.733,0.9980000257492065,861.362,783.268,1.0,864.974,781.402,1.0,872.609,,0.0,876.698,777.237,0.9200000166893005,326.656,197.09,0.9959999918937683,331.064,195.303,0.9990000128746033,331.041,195.467,0.9990000128746033,330.126,197.377,0.9290000200271606,331.379,199.237,0.9570000171661377,775.676,451.74,1.0,782.652,444.534,1.0,789.01,438.439,1.0,792.036,429.682,1.0,805.946,432.187,1.0
832,599.85,547.238,1.0,606.567,552.576,1.0,611.968,562.728,1.0,620.158,564.434,1.0,628.7,568.896,1.0,483.79,722.074,1.0,490.164,717.77,1.0,500.425,716.471,1.0,505.095,709.868,1.0,516.957,715.008,1.0,855.173,791.758,1.0,860.036,783.393,1.0,866.115,782.247,1.0,874.785,776.323,1.0,877.159,775.071,1.0,326.728,196.557,0.9950000047683716,331.229,195.228,0.9990000128746033,331.089,195.467,1.0,330.075,197.377,0.9919999837875366,331.142,199.459,0.9139999747276306,775.676,451.74,1.0,782.255,444.771,1.0,788.696,439.996,1.0,791.995,431.505,1.0,805.58,432.117,1.0
833,599.079,546.569,1.0,606.178,551.652,1.0,611.532,562.728,1.0,620.126,564.387,1.0,628.382,567.991,1.0,483.526,722.074,1.0,489.667,717.638,1.0,500.278,716.235,1.0,505.09,709.949,1.0,516.297,715.008,1.0,855.005,792.031,1.0,860.036,783.393,1.0,866.741,782.247,1.0,874.333,775.29,1.0,878.21,774.215,1.0,326.98,196.448,0.9950000047683716,331.097,194.557,0.9990000128746033,331.115,195.467,0.9990000128746033,330.016,197.265,0.902999997138977,328.829,202.141,0.925000011920929,775.433,452.64,1.0,782.19,444.987,1.0,788.339,440.055,1.0,787.759,432.113,1.0,804.811,431.802,1.0
834,599.079,546.569,1.0,606.097,551.652,1.0,611.359,562.558,1.0,619.258,564.074,1.0,627.301,567.296,1.0,483.268,722.13,1.0,489.469,717.638,1.0,500.192,716.235,1.0,505.09,709.965,1.0,515.326,715.42,1.0,855.005,792.031,1.0,860.036,783.268,1.0,867.43,782.247,1.0,874.131,775.29,1.0,877.159,775.071,1.0,326.98,196.448,0.9990000128746033,331.097,194.326,1.0,331.115,195.508,1.0,329.888,196.87,0.9810000061988831,328.929,202.296,0.9710000157356262,774.313,452.837,1.0,780.255,447.827,1.0,788.339,439.996,1.0,787.759,432.113,1.0,804.811,431.802,1.0
835,598.505,546.569,1.0,605.642,551.252,1.0,611.351,560.975,1.0,617.648,562.979,1.0,624.844,566.675,1.0,483.268,722.13,1.0,488.987,717.807,1.0,499.504,716.235,1.0,505.082,710.097,1.0,514.987,715.45,1.0,855.005,791.758,1.0,861.287,783.194,1.0,867.691,781.665,1.0,874.131,775.29,1.0,876.698,775.071,1.0,326.94,196.448,0.9980000257492065,331.097,194.326,1.0,331.115,195.543,1.0,329.888,196.663,0.9729999899864197,328.829,206.818,0.9589999914169312,772.026,452.784,1.0,780.071,448.413,1.0,785.916,439.697,1.0,785.943,432.53,1.0,803.6,430.21,1.0
836,598.425,547.216,1.0,605.635,550.017,1.0,611.229,556.319,1.0,616.566,562.772,1.0,621.169,566.405,1.0,478.206,722.272,1.0,484.955,717.807,1.0,493.462,717.419,1.0,505.071,710.911,1.0,514.63,715.45,1.0,881.873,769.116,1.0,871.112,779.723,1.0,869.022,781.118,1.0,866.125,780.178,1.0,858.109,787.965,1.0,326.94,196.273,0.9950000047683716,331.081,194.326,0.9990000128746033,331.089,195.879,1.0,329.668,196.391,0.9369999766349792,328.829,207.392,0.8659999966621399,771.846,452.784,1.0,779.928,448.443,1.0,785.916,439.918,1.0,785.606,432.64,1.0,803.399,429.763,1.0
837,596.615,547.216,1.0,597.102,549.229,1.0,607.118,552.206,1.0,616.325,556.477,1.0,619.557,563.956,1.0,473.807,723.325,1.0,481.034,720.358,1.0,490.35,718.81,1.0,498.768,717.649,1.0,513.353,715.45,1.0,881.873,769.116,1.0,871.112,779.723,1.0,869.022,781.118,1.0,866.125,780.178,1.0,858.109,787.965,1.0,326.929,196.731,0.9980000257492065,330.851,194.326,1.0,330.749,196.045,1.0,329.343,196.366,0.9860000014305115,328.139,208.303,0.9919999837875366,771.836,452.837,1.0,779.79,448.546,1.0,785.495,439.918,1.0,785.606,432.934,1.0,803.389,429.763,1.0
838,595.155,547.216,1.0,596.338,549.132,1.0,606.622,552.172,1.0,615.858,556.345,1.0,619.343,563.439,1.0,473.605,723.325,1.0,480.809,720.67,1.0,489.645,719.266,1.0,496.174,718.32,1.0,509.17,714.913,1.0,881.873,769.116,1.0,871.112,779.723,1.0,869.022,781.118,1.0,866.125,780.178,1.0,858.109,787.965,0.9850000143051147,,197.289,0.0,,195.237,0.9980000257492065,330.673,196.12,1.0,328.928,196.328,0.9409999847412109,327.93,207.902,0.9769999980926514,771.836,452.827,1.0,779.79,448.603,1.0,785.444,439.87,1.0,785.606,432.934,1.0,803.255,429.763,1.0
839,595.027,546.876,1.0,596.129,548.901,1.0,606.622,552.112,1.0,615.858,556.345,1.0,619.256,563.418,1.0,472.731,723.325,1.0,479.548,720.878,1.0,489.356,719.501,1.0,495.401,718.515,1.0,509.088,714.497,1.0,881.873,769.116,1.0,871.112,779.723,1.0,869.022,781.377,1.0,866.125,780.178,1.0,858.886,787.932,0.9959999918937683,326.558,197.756,0.9789999723434448,330.751,195.237,0.0,330.613,196.396,0.9990000128746033,,,0.0,327.879,207.902,0.9580000042915344,771.741,452.827,1.0,779.595,448.609,1.0,785.109,439.87,1.0,785.643,433.497,1.0,802.978,429.763,1.0
840,595.027,546.361,1.0,595.801,548.901,1.0,606.622,551.643,1.0,615.688,556.195,1.0,619.256,563.418,1.0,472.711,723.325,1.0,479.355,721.084,1.0,489.204,719.928,1.0,495.213,718.829,1.0,508.986,714.497,1.0,881.873,769.116,1.0,871.112,779.723,1.0,869.022,781.377,1.0,866.125,780.178,1.0,858.886,785.006,1.0,326.163,197.756,0.9879999756813049,,,0.9980000257492065,330.613,196.713,1.0,,,0.9599999785423279,327.879,207.902,0.9649999737739563,771.673,452.827,1.0,779.313,448.783,1.0,784.722,439.918,1.0,785.665,433.552,1.0,802.823,429.861,1.0
841,594.422,546.361,1.0,595.784,548.183,1.0,606.622,551.568,1.0,615.462,556.195,1.0,619.343,563.439,1.0,472.221,723.481,1.0,479.355,721.907,1.0,489.184,719.928,1.0,495.124,718.515,1.0,508.812,714.497,1.0,884.725,768.954,1.0,881.595,775.896,1.0,869.938,781.377,1.0,866.177,780.798,1.0,858.886,784.532,1.0,326.096,197.756,0.9430000185966492,332.458,196.286,0.0,330.613,196.773,0.9909999966621399,330.959,197.844,0.0,327.879,207.902,0.9010000228881836,771.181,452.937,1.0,779.024,449.048,1.0,783.978,440.04,1.0,785.668,435.146,1.0,797.971,430.002,1.0
842,594.39,546.041,1.0,595.784,548.089,1.0,606.622,551.568,1.0,615.385,556.071,1.0,621.282,563.439,1.0,472.221,724.713,1.0,479.355,722.78,1.0,488.813,719.501,1.0,494.867,718.32,1.0,508.45,715.925,1.0,886.509,768.767,1.0,881.595,775.883,1.0,871.056,781.083,1.0,866.177,781.417,1.0,858.886,784.532,1.0,325.422,197.898,0.7870000004768372,334.528,201.887,0.8970000147819519,330.623,196.821,0.953000009059906,330.959,200.241,0.5849999785423279,331.273,209.511,0.5519999861717224,766.71,452.827,1.0,774.485,449.943,1.0,782.915,445.594,1.0,785.665,437.309,1.0,797.129,430.002,1.0
843,594.273,545.839,1.0,595.696,547.839,1.0,605.967,551.248,1.0,614.088,556.014,1.0,621.282,563.36,1.0,470.129,730.882,1.0,479.27,724.283,1.0,486.613,718.043,1.0,489.565,713.691,1.0,505.647,717.661,1.0,887.713,768.341,1.0,881.595,774.962,1.0,875.057,780.777,1.0,866.177,781.739,1.0,858.886,785.006,1.0,325.184,197.898,0.8379999995231628,332.458,196.286,0.906000018119812,330.623,196.821,0.9490000009536743,330.573,197.844,0.5569999814033508,331.273,209.511,0.0,766.704,451.493,1.0,774.316,450.163,1.0,782.443,446.039,1.0,785.643,437.6,1.0,796.694,430.481,1.0
844,590.018,545.839,1.0,593.644,545.481,1.0,600.359,551.066,1.0,610.814,554.946,1.0,621.282,561.484,1.0,468.746,730.919,1.0,478.929,724.513,1.0,483.963,717.551,1.0,488.745,713.09,1.0,501.866,718.005,1.0,889.407,768.151,1.0,879.542,772.101,1.0,876.756,780.713,1.0,867.816,781.739,1.0,859.076,785.006,1.0,325.081,197.898,0.36800000071525574,332.184,196.115,0.35899999737739563,330.623,196.713,0.49799999594688416,329.119,197.704,0.33899998664855957,331.273,214.421,0.2029999941587448,764.088,451.163,1.0,772.541,451.515,1.0,782.035,446.04,1.0,784.965,437.6,1.0,793.944,431.044,1.0
845,586.827,543.792,1.0,589.359,541.6,1.0,599.268,550.227,1.0,606.88,553.534,1.0,618.876,560.771,1.0,468.534,731.319,1.0,478.929,724.513,1.0,483.746,716.725,1.0,488.741,713.09,1.0,500.996,718.177,1.0,889.593,768.151,1.0,879.095,772.074,1.0,876.818,780.713,1.0,867.999,781.739,1.0,859.227,785.116,1.0,,,,,,,,,,,,,,,,763.577,451.14,1.0,772.541,451.673,1.0,782.035,446.039,1.0,784.965,437.309,1.0,793.907,431.09,1.0
846,586.827,543.723,1.0,589.359,541.476,1.0,599.195,549.862,1.0,606.859,553.271,1.0,618.516,560.63,1.0,468.478,731.319,1.0,478.363,725.462,1.0,482.834,717.551,1.0,488.732,713.691,1.0,500.37,718.177,1.0,889.593,768.151,1.0,879.006,772.074,1.0,876.935,780.777,1.0,868.749,781.937,1.0,860.172,785.144,1.0,,,,,,,,,,,,,,,,762.735,450.425,1.0,772.541,452.179,1.0,781.903,446.052,1.0,784.851,437.579,1.0,793.879,431.559,1.0
847,586.827,543.723,1.0,589.359,541.373,1.0,599.012,549.836,1.0,606.82,552.986,1.0,618.017,560.599,1.0,468.306,731.319,1.0,476.396,725.462,1.0,482.144,717.551,1.0,488.133,714.209,1.0,499.915,718.177,1.0,889.677,768.498,1.0,879.006,772.082,1.0,877.031,780.616,1.0,869.047,781.937,1.0,861.269,785.144,1.0,,,,,,,,,,,,,,,,762.329,449.487,1.0,772.541,452.37,1.0,781.903,446.069,1.0,784.755,437.579,1.0,793.879,431.559,1.0
848,586.827,543.354,1.0,589.72,541.373,1.0,599.195,549.778,1.0,606.543,552.962,1.0,617.56,560.285,1.0,467.632,732.661,1.0,475.326,725.462,1.0,480.208,717.587,1.0,487.613,716.504,1.0,499.801,718.213,1.0,889.705,768.498,1.0,879.144,772.101,1.0,877.062,780.616,1.0,869.047,781.937,1.0,861.606,785.116,1.0,,,,,,,,,,,,,,,,762.022,449.487,1.0,772.541,452.665,1.0,781.878,446.069,1.0,784.621,437.579,1.0,793.716,431.644,1.0
849,586.827,543.354,1.0,589.72,541.373,1.0,598.818,549.69,1.0,606.048,552.962,1.0,614.493,559.366,1.0,462.155,737.688,1.0,468.603,726.971,1.0,476.072,721.102,1.0,487.497,717.869,1.0,498.471,718.816,1.0,889.912,768.498,1.0,879.144,772.082,1.0,877.635,780.38,1.0,869.225,781.715,1.0,861.692,785.097,1.0,,,,,,,,,,,,,,,,761.237,449.487,1.0,772.087,452.724,1.0,781.415,447.089,1.0,784.512,438.299,1.0,793.564,431.559,1.0
850,586.515,543.055,1.0,589.72,541.373,1.0,598.154,546.368,1.0,603.589,552.986,1.0,610.611,558.34,1.0,461.985,738.187,1.0,466.383,726.971,1.0,475.611,721.572,1.0,487.016,718.264,1.0,497.964,718.889,1.0,889.912,767.299,1.0,879.487,772.082,1.0,877.968,778.057,1.0,869.821,780.336,1.0,861.721,784.679,1.0,,,,,,,,,,,,,,,,760.989,449.529,1.0,771.148,452.726,1.0,780.97,447.203,1.0,783.758,438.622,1.0,793.564,431.48,1.0
851,581.308,541.828,1.0,588.614,539.647,1.0,596.085,543.443,1.0,598.537,554.548,1.0,608.14,558.34,1.0,461.817,738.418,1.0,466.383,727.091,1.0,475.169,721.572,1.0,485.759,718.408,1.0,497.172,719.42,1.0,890.09,767.299,1.0,880.906,770.745,1.0,877.988,776.644,1.0,869.9,779.62,1.0,862.554,783.823,1.0,,,,,,,,,,,,,,,,760.989,453.462,1.0,771.148,452.724,1.0,780.583,447.203,1.0,783.758,438.622,1.0,793.374,431.48,1.0
852,581.053,540.835,1.0,588.004,539.012,1.0,594.563,542.266,1.0,597.136,554.548,1.0,607.94,558.34,1.0,461.817,738.418,1.0,466.383,727.091,1.0,475.061,721.572,1.0,485.712,718.419,1.0,497.169,718.889,1.0,890.513,767.246,1.0,882.563,769.409,1.0,878.591,775.985,1.0,870.046,779.397,1.0,862.581,783.823,1.0,,,,,,,,,,,,,,,,761.237,453.462,1.0,771.148,452.665,1.0,780.583,447.089,1.0,783.758,439.47,1.0,793.223,431.812,1.0
853,580.198,532.898,1.0,587.387,537.125,1.0,593.382,542.266,1.0,597.136,554.548,1.0,607.462,558.249,1.0,461.206,738.418,1.0,465.997,728.939,1.0,475.061,721.394,1.0,484.887,718.419,1.0,496.074,718.876,1.0,891.032,767.175,1.0,883.224,769.409,1.0,878.848,775.985,1.0,870.449,779.62,1.0,863.166,783.968,1.0,,,,,,,,,,,,,,,,769.966,453.462,1.0,774.939,452.26,1.0,780.583,444.559,1.0,784.011,440.039,1.0,792.479,432.843,1.0
854,580.197,532.715,1.0,586.777,536.246,1.0,592.911,541.594,1.0,597.136,553.415,1.0,607.443,558.249,1.0,461.206,737.007,1.0,465.997,728.939,1.0,474.887,721.394,1.0,484.741,718.264,1.0,493.013,718.889,1.0,891.07,767.246,1.0,883.224,769.409,1.0,878.848,775.985,1.0,870.703,779.284,1.0,864.213,783.71,1.0,,,,,,,,,,,,,,,,774.887,449.574,1.0,780.934,451.478,1.0,781.733,442.094,1.0,785.359,440.039,1.0,792.479,432.843,1.0
855,580.181,531.983,1.0,586.234,535.909,1.0,592.065,540.866,1.0,596.861,550.125,1.0,607.443,552.994,1.0,459.58,723.993,1.0,465.187,728.939,1.0,474.806,721.394,1.0,483.762,717.986,1.0,493.013,719.236,1.0,891.441,767.253,1.0,883.295,769.509,1.0,879.038,776.095,1.0,870.868,779.265,1.0,864.863,783.592,1.0,,,,,,,,,,,,,,,,774.887,449.574,1.0,781.777,451.295,1.0,782.42,440.968,1.0,786.972,439.47,1.0,792.479,433.017,1.0
856,579.394,531.873,1.0,585.243,535.137,1.0,590.659,539.758,1.0,596.146,547.795,1.0,606.419,552.511,1.0,457.2,722.326,1.0,461.012,727.612,1.0,474.405,722.045,1.0,483.236,717.952,1.0,493.013,719.236,1.0,891.441,767.253,1.0,883.295,769.598,1.0,879.133,776.095,1.0,871.728,779.265,1.0,865.532,783.592,1.0,,,,,,,,,,,,,,,,775.365,449.574,1.0,782.606,451.295,1.0,782.42,440.968,1.0,786.972,440.039,1.0,793.268,433.11,1.0
857,579.338,529.991,1.0,580.596,534.785,1.0,588.366,540.067,1.0,593.425,544.168,1.0,603.888,552.475,1.0,457.046,722.015,1.0,460.843,726.917,1.0,474.166,722.276,1.0,482.899,717.722,1.0,493.284,719.341,1.0,891.07,767.3,1.0,882.895,769.635,1.0,879.133,776.095,1.0,872.436,778.804,1.0,865.883,783.312,1.0,,,,,,,,,,,,,,,,775.365,450.375,1.0,782.797,451.295,1.0,782.42,440.968,1.0,786.972,440.039,1.0,793.344,433.11,1.0
858,579.338,529.56,1.0,580.19,534.919,1.0,587.921,540.067,1.0,592.944,544.126,1.0,603.709,551.864,1.0,454.333,721.066,1.0,460.538,726.785,1.0,474.041,722.404,1.0,482.691,717.952,1.0,493.44,719.388,1.0,866.508,781.691,1.0,871.859,780.607,1.0,879.038,775.632,1.0,877.403,771.39,1.0,887.275,763.187,0.996999979019165,,,,,,,,,,,,,,,,783.139,458.145,1.0,782.797,451.295,1.0,780.001,443.411,1.0,783.929,440.151,1.0,795.126,433.178,1.0
859,579.394,529.56,1.0,580.039,534.919,1.0,587.346,540.067,1.0,592.203,544.126,1.0,603.703,551.619,1.0,457.046,718.884,1.0,460.538,725.573,1.0,474.041,722.404,1.0,482.603,717.986,1.0,493.44,719.461,1.0,866.508,783.369,1.0,871.575,780.607,1.0,879.459,774.942,1.0,882.892,770.041,1.0,889.665,762.047,1.0,,,,,,,,,,,,,,,,783.623,458.281,1.0,782.797,451.082,1.0,780.001,443.411,1.0,783.929,439.98,1.0,795.156,433.357,1.0
860,579.394,529.154,1.0,579.549,534.919,1.0,587.346,540.067,1.0,592.185,543.977,1.0,603.43,551.326,1.0,454.52,718.884,1.0,461.012,725.483,1.0,473.892,722.404,1.0,482.603,718.02,1.0,493.284,719.461,1.0,866.508,783.369,1.0,871.311,780.607,1.0,880.072,774.942,1.0,884.764,768.713,1.0,889.677,762.047,1.0,,,,,,,,,,,,,,,,786.14,458.281,1.0,784.546,451.082,1.0,780.001,443.411,1.0,783.929,439.98,1.0,795.242,433.357,1.0
861,579.338,528.722,1.0,579.292,534.675,1.0,586.912,540.067,1.0,592.166,543.7,1.0,603.053,551.058,1.0,454.52,718.663,1.0,465.123,723.544,1.0,471.328,723.252,1.0,479.634,719.712,1.0,490.227,719.461,1.0,867.169,782.831,1.0,871.311,778.765,1.0,880.339,774.942,1.0,884.764,768.713,1.0,889.677,762.572,1.0,,,,,,,,,,,,,,,,788.378,458.145,1.0,784.699,450.079,1.0,781.597,442.982,1.0,783.93,439.98,1.0,796.621,433.372,1.0
862,575.779,527.142,1.0,579.006,533.571,1.0,586.559,537.929,1.0,590.481,541.579,1.0,602.459,549.343,1.0,456.375,715.695,1.0,465.356,723.544,1.0,470.819,725.149,1.0,477.336,720.668,1.0,486.704,719.483,1.0,867.217,782.831,1.0,871.575,778.402,1.0,880.339,774.738,1.0,886.417,768.713,1.0,889.677,761.796,1.0,,,,,,,,,,,,,,,,788.913,454.752,1.0,786.347,449.418,1.0,781.981,442.632,1.0,784.303,439.874,1.0,798.0,434.167,1.0
863,574.752,526.178,1.0,576.939,529.755,1.0,586.286,535.68,1.0,587.099,536.998,1.0,596.809,544.432,1.0,456.375,714.71,1.0,465.356,723.02,1.0,470.716,725.149,1.0,477.203,721.049,1.0,486.175,719.483,1.0,867.381,782.831,1.0,872.168,778.131,1.0,880.339,773.897,1.0,886.595,768.713,1.0,889.755,762.098,1.0,,,,,,,,,,,,,,,,792.565,452.565,1.0,787.639,448.924,1.0,782.579,442.273,1.0,784.852,439.658,1.0,798.214,436.097,1.0
864,573.584,517.149,1.0,573.808,524.933,1.0,580.653,535.68,1.0,584.013,536.451,1.0,593.995,543.546,1.0,455.66,714.71,1.0,465.123,723.02,1.0,470.461,725.149,1.0,476.589,721.263,1.0,486.175,719.261,1.0,867.489,782.831,1.0,872.269,778.068,1.0,877.716,773.525,1.0,886.417,768.494,1.0,890.165,762.098,1.0,,,,,,,,,,,,,,,,794.624,452.565,1.0,787.738,448.924,1.0,783.205,442.632,1.0,784.852,439.658,1.0,798.214,436.628,1.0
865,573.529,517.027,1.0,573.808,524.105,1.0,580.653,535.288,1.0,583.588,535.787,1.0,593.163,543.393,1.0,455.66,714.71,1.0,464.828,723.02,1.0,470.461,724.074,1.0,476.589,721.263,1.0,486.704,719.261,1.0,867.502,782.997,1.0,872.269,778.034,1.0,877.716,773.525,1.0,886.89,767.753,1.0,890.173,761.664,1.0,,,,,,,,,,,,,,,,794.781,452.565,1.0,787.738,449.418,1.0,783.516,442.934,1.0,784.852,439.541,1.0,798.0,436.849,1.0
866,573.374,516.994,1.0,573.808,524.072,1.0,580.653,535.288,1.0,583.483,535.638,1.0,592.921,543.001,1.0,454.404,717.906,1.0,463.812,721.978,1.0,470.396,723.096,1.0,475.45,726.05,1.0,486.154,717.826,1.0,867.502,783.144,1.0,872.269,778.034,1.0,877.716,773.525,1.0,887.443,767.366,1.0,890.267,761.48,0.9980000257492065,,,,,,,,,,,,,,,,797.063,453.234,1.0,791.635,449.782,1.0,783.516,442.632,1.0,784.92,439.449,1.0,797.193,436.849,1.0
867,572.801,516.934,1.0,574.364,523.245,1.0,580.653,534.091,1.0,583.18,535.499,1.0,592.448,543.393,1.0,444.96,718.289,1.0,453.659,719.634,1.0,466.526,722.382,1.0,473.667,726.05,1.0,486.103,717.826,1.0,867.706,783.144,1.0,873.104,777.762,1.0,877.999,773.01,1.0,887.443,767.242,1.0,890.45,760.879,1.0,,,,,,,,,,,,,,,,797.177,453.291,1.0,792.835,450.031,1.0,784.488,442.273,1.0,785.0,439.449,1.0,797.094,436.849,1.0
868,572.483,516.226,1.0,574.494,521.11,1.0,579.881,533.372,1.0,583.18,535.787,1.0,592.167,542.854,1.0,444.347,718.289,1.0,452.439,719.634,1.0,465.51,721.656,1.0,471.874,726.05,1.0,483.431,717.826,1.0,867.706,782.997,1.0,873.33,776.761,1.0,879.404,772.364,1.0,887.949,766.412,1.0,891.381,760.879,1.0,,,,,,,,,,,,,,,,797.936,453.949,1.0,794.393,450.385,1.0,784.488,441.537,1.0,785.0,439.449,1.0,796.982,436.516,1.0
869,570.344,513.504,1.0,574.494,520.088,1.0,578.755,529.74,1.0,582.766,533.318,1.0,590.344,541.216,1.0,443.225,718.194,1.0,450.165,719.634,1.0,462.608,721.559,1.0,468.806,725.463,1.0,479.807,720.146,1.0,868.42,782.709,1.0,874.13,776.396,1.0,879.657,771.69,1.0,887.949,766.412,1.0,890.45,760.924,1.0,,,,,,,,,,,,,,,,800.639,461.64,1.0,796.467,453.058,1.0,784.714,441.233,1.0,785.0,439.784,1.0,796.691,436.441,1.0
870,570.179,509.743,1.0,574.364,520.088,1.0,576.928,529.74,1.0,582.368,533.318,1.0,590.212,540.516,1.0,443.162,718.019,1.0,450.121,719.875,1.0,462.456,721.559,1.0,468.533,725.457,1.0,479.476,720.865,1.0,868.48,782.211,1.0,875.28,774.942,1.0,880.56,770.712,1.0,887.949,767.242,1.0,890.45,760.924,1.0,,,,,,,,,,,,,,,,800.639,461.961,1.0,796.467,453.112,1.0,784.714,441.112,1.0,784.946,439.784,1.0,796.691,436.441,1.0
871,569.634,509.431,1.0,574.191,520.088,1.0,576.928,529.602,1.0,582.368,539.421,1.0,589.843,540.395,1.0,442.89,718.019,1.0,450.05,720.959,1.0,461.9,721.482,1.0,468.494,725.333,1.0,479.387,721.184,1.0,898.873,758.377,1.0,891.551,762.605,1.0,882.673,769.728,1.0,882.491,770.618,1.0,874.524,776.913,1.0,,,,,,,,,,,,,,,,800.639,462.065,1.0,796.63,453.272,1.0,784.766,441.112,1.0,784.923,439.784,1.0,796.691,436.516,1.0
872,570.015,508.742,1.0,574.077,517.592,1.0,576.928,528.416,1.0,582.368,539.421,1.0,589.843,540.001,1.0,443.162,717.999,1.0,449.892,721.832,1.0,461.9,721.482,1.0,468.494,725.139,1.0,479.387,721.425,1.0,900.688,756.779,1.0,893.8,762.351,1.0,884.158,769.262,1.0,880.596,774.864,1.0,874.337,778.05,0.9990000128746033,,,0.0,332.529,196.068,0.8259999752044678,,,0.8769999742507935,,199.886,0.7400000095367432,331.605,198.887,0.4449999928474426,800.578,462.347,1.0,796.63,453.272,1.0,785.058,441.112,1.0,784.797,439.784,1.0,796.691,436.789,1.0
873,569.634,508.267,1.0,574.021,520.726,1.0,576.928,528.416,1.0,581.496,538.499,1.0,589.667,539.593,1.0,443.162,717.638,1.0,449.874,721.832,1.0,461.9,721.501,1.0,467.862,724.43,1.0,478.914,721.521,1.0,903.797,754.213,1.0,895.71,760.45,1.0,887.74,769.262,1.0,878.002,775.344,1.0,874.337,778.751,1.0,,,,,,,330.491,196.54,,328.573,,,,,,800.578,462.499,1.0,796.63,453.359,1.0,785.196,441.112,1.0,784.797,439.784,1.0,796.569,436.789,1.0
874,569.45,508.267,1.0,572.666,520.726,1.0,576.72,528.416,1.0,581.496,538.499,1.0,589.525,538.978,1.0,442.89,716.997,1.0,449.874,721.832,1.0,461.549,721.482,1.0,467.191,723.656,1.0,478.203,721.952,1.0,903.797,753.987,1.0,895.71,760.45,1.0,888.355,769.262,1.0,877.413,775.344,1.0,874.524,778.28,1.0,325.403,202.894,0.4320000112056732,,,0.0,330.491,196.54,0.675000011920929,328.573,199.816,0.5249999761581421,,,0.0,800.578,462.786,1.0,797.408,453.892,1.0,786.145,442.566,1.0,784.716,440.181,1.0,796.298,436.789,1.0
875,568.648,508.742,1.0,572.112,516.399,1.0,576.72,525.727,1.0,578.385,536.088,1.0,589.022,538.695,1.0,442.538,716.99,1.0,449.715,721.099,1.0,454.995,721.313,1.0,466.164,722.451,1.0,475.771,722.338,1.0,903.797,753.987,1.0,895.71,760.45,1.0,888.355,767.388,1.0,877.413,775.344,1.0,874.337,778.683,1.0,325.038,196.704,0.5659999847412109,,,0.0,330.43,196.359,0.7139999866485596,328.403,199.744,0.5400000214576721,,,0.0,800.465,463.904,1.0,799.275,456.921,1.0,787.673,447.017,1.0,784.716,440.741,1.0,795.805,435.473,1.0
876,561.609,513.728,1.0,566.953,515.163,1.0,574.867,521.404,1.0,574.948,528.355,1.0,585.745,537.387,1.0,440.9,716.609,1.0,449.771,721.099,1.0,453.975,721.187,1.0,465.972,722.043,1.0,475.234,722.79,1.0,901.883,754.213,1.0,895.558,760.608,1.0,887.889,767.388,1.0,878.002,774.864,1.0,874.65,778.683,1.0,325.432,,,,,,,,,,,,,,,800.465,464.025,1.0,799.324,456.964,1.0,788.018,447.017,1.0,784.739,441.113,1.0,795.066,433.491,1.0
877,561.609,513.78,1.0,566.605,515.1,1.0,573.969,520.642,1.0,574.278,527.259,1.0,584.919,537.387,1.0,440.9,715.259,1.0,449.771,720.738,1.0,453.975,721.236,1.0,465.297,721.616,1.0,475.082,722.79,1.0,901.883,753.482,1.0,894.913,760.608,1.0,887.889,769.79,1.0,882.043,772.071,1.0,874.66,778.683,0.9779999852180481,,,,,,,,,,,,,,,,800.135,464.07,1.0,799.324,457.02,1.0,788.887,447.017,1.0,784.94,442.444,1.0,794.702,432.961,1.0
878,561.537,513.78,1.0,566.554,514.894,1.0,573.781,520.268,1.0,574.028,527.168,1.0,584.888,536.354,1.0,441.215,715.259,1.0,449.638,720.586,1.0,453.975,721.162,1.0,464.931,721.448,1.0,475.081,722.744,1.0,901.883,753.478,0.9980000257492065,894.913,761.22,0.9980000257492065,887.889,769.03,1.0,882.676,770.94,1.0,875.029,778.28,0.7960000038146973,326.027,198.269,0.7419999837875366,332.687,195.675,0.7990000247955322,330.381,196.326,0.8569999933242798,330.582,200.11,0.6069999933242798,,,0.0,800.135,464.557,1.0,799.275,456.964,1.0,789.552,447.017,1.0,784.94,442.501,1.0,794.688,432.961,1.0
879,561.26,513.78,1.0,566.428,514.894,1.0,573.567,519.187,1.0,573.486,525.763,1.0,583.167,536.323,1.0,440.9,715.259,1.0,449.309,720.586,1.0,453.134,720.96,1.0,463.657,721.448,1.0,474.221,722.744,1.0,905.491,753.478,1.0,894.913,761.22,1.0,887.889,767.388,1.0,884.876,770.844,1.0,877.5,775.065,1.0,325.676,198.202,0.9070000052452087,331.906,195.66,0.9390000104904175,330.357,196.312,0.9769999980926514,326.678,200.11,0.6759999990463257,331.378,199.159,0.6420000195503235,800.051,464.557,1.0,798.893,456.921,1.0,789.793,447.017,1.0,784.944,442.576,1.0,794.688,432.961,1.0
880,559.923,511.49,1.0,564.313,514.602,1.0,572.975,516.92,1.0,572.737,524.869,1.0,579.343,533.388,1.0,440.9,715.288,1.0,448.827,720.582,1.0,453.134,720.723,1.0,462.786,721.448,1.0,473.37,722.382,1.0,906.219,751.73,1.0,898.112,760.246,1.0,893.326,767.449,1.0,884.943,770.164,1.0,878.927,775.037,1.0,325.676,198.189,0.9390000104904175,331.625,195.578,0.9670000076293945,330.357,196.157,0.9919999837875366,326.654,199.999,0.9570000171661377,331.165,199.159,0.777999997138977,800.051,464.557,1.0,798.893,455.004,1.0,789.868,447.192,1.0,784.989,442.501,1.0,794.688,433.694,1.0
881,559.273,500.483,1.0,558.894,504.992,1.0,567.651,515.996,1.0,569.079,519.105,1.0,575.498,530.092,1.0,436.013,716.801,1.0,442.166,720.582,1.0,451.781,719.075,1.0,459.912,725.784,1.0,472.741,722.382,1.0,906.219,751.73,1.0,899.293,760.246,1.0,894.199,768.318,1.0,886.052,769.455,1.0,879.488,774.913,1.0,325.882,198.202,0.9039999842643738,331.412,195.66,0.9440000057220459,330.381,196.103,0.9850000143051147,326.654,199.999,0.9390000104904175,331.163,199.159,0.7409999966621399,800.051,464.852,1.0,798.893,455.004,1.0,790.947,447.519,1.0,785.409,442.587,1.0,794.688,434.276,1.0
882,559.19,497.51,1.0,558.721,504.497,1.0,567.651,515.358,1.0,568.759,517.568,1.0,575.323,527.288,1.0,434.489,725.346,1.0,442.09,720.586,1.0,451.238,719.075,1.0,458.933,725.944,1.0,470.085,722.382,1.0,905.645,751.11,1.0,899.31,760.503,1.0,894.358,768.318,1.0,886.363,769.455,1.0,879.6,774.604,1.0,326.027,198.189,0.9919999837875366,330.977,195.578,0.9980000257492065,330.439,195.479,1.0,326.368,199.999,0.9959999918937683,331.073,199.537,0.9539999961853027,799.682,465.307,1.0,798.97,455.004,1.0,791.628,448.613,1.0,785.874,443.157,1.0,794.681,434.455,1.0
883,558.627,497.32,1.0,558.721,504.477,1.0,567.651,515.238,1.0,568.759,516.872,1.0,575.152,527.182,1.0,434.475,725.346,1.0,439.193,721.989,1.0,450.846,718.543,1.0,457.753,725.944,1.0,467.59,723.04,1.0,905.645,751.11,1.0,899.444,760.246,1.0,894.358,767.449,1.0,886.461,769.455,1.0,879.999,774.524,1.0,326.163,197.789,0.9890000224113464,330.796,195.559,0.9959999918937683,330.522,194.999,0.9990000128746033,326.305,199.628,0.9940000176429749,330.811,199.585,0.9309999942779541,799.682,466.41,1.0,800.624,457.575,1.0,791.658,451.25,1.0,787.355,444.928,1.0,789.087,438.945,1.0
884,558.627,497.32,1.0,558.894,503.999,1.0,567.179,514.923,1.0,568.727,516.872,1.0,575.152,527.182,1.0,434.475,725.346,1.0,438.573,722.267,1.0,450.145,718.142,1.0,457.48,725.891,1.0,467.136,723.481,1.0,905.046,751.735,1.0,899.708,760.503,1.0,894.358,767.449,1.0,886.93,769.455,1.0,880.084,774.411,1.0,326.163,197.789,0.9710000157356262,330.68,195.578,0.9929999709129333,330.761,194.865,0.9990000128746033,326.247,199.551,0.9869999885559082,330.633,199.673,0.9359999895095825,800.815,467.012,1.0,800.888,458.8,1.0,791.658,452.343,1.0,787.355,445.572,1.0,786.369,439.032,1.0
885,558.234,497.51,1.0,558.933,503.474,1.0,567.179,514.923,1.0,568.43,517.568,1.0,575.057,526.471,1.0,431.534,724.474,1.0,437.545,722.577,1.0,450.035,718.543,1.0,457.066,725.784,1.0,466.54,723.566,1.0,905.013,751.838,1.0,899.831,760.728,1.0,894.358,766.92,1.0,888.12,769.455,1.0,880.084,774.482,1.0,325.898,197.879,0.9829999804496765,330.662,195.387,0.996999979019165,330.63,194.865,0.9990000128746033,326.305,199.551,0.9940000176429749,326.258,201.747,0.9610000252723694,801.707,467.065,1.0,800.904,458.831,1.0,791.658,452.425,1.0,787.355,445.705,1.0,786.109,439.498,1.0
886,551.342,497.907,1.0,558.933,502.95,1.0,566.832,514.387,1.0,566.988,518.863,1.0,574.945,525.672,1.0,431.245,724.111,1.0,436.51,722.919,1.0,449.032,719.06,1.0,455.66,724.214,1.0,465.248,723.697,1.0,904.75,751.838,1.0,899.843,760.646,1.0,894.373,766.516,1.0,888.12,768.515,1.0,879.999,773.8,1.0,325.898,197.789,0.9929999709129333,330.662,195.22,0.9980000257492065,330.604,194.764,1.0,326.321,199.628,0.9980000257492065,326.258,201.802,0.9539999961853027,802.209,467.559,1.0,800.888,458.905,1.0,791.658,452.927,1.0,787.355,446.123,1.0,785.874,439.995,1.0
887,550.966,499.201,1.0,558.933,500.627,1.0,563.067,513.074,1.0,566.83,519.473,1.0,574.886,523.391,1.0,430.815,724.111,1.0,436.51,723.641,1.0,448.575,719.06,1.0,455.118,723.846,1.0,464.721,723.889,1.0,904.75,752.019,1.0,900.692,760.739,1.0,894.592,765.797,1.0,888.12,768.515,1.0,880.8,773.296,1.0,325.852,197.879,0.9710000157356262,330.643,195.162,0.9929999709129333,330.604,194.764,0.9990000128746033,326.321,199.741,0.9869999885559082,326.47,201.802,0.9359999895095825,802.245,467.811,1.0,800.888,459.178,1.0,791.749,452.952,1.0,787.355,446.212,1.0,785.874,440.073,1.0
888,549.243,499.201,1.0,557.305,500.627,1.0,561.54,512.893,1.0,566.274,519.531,1.0,574.848,523.391,1.0,430.282,724.111,1.0,436.157,724.931,1.0,445.036,719.274,1.0,452.44,723.524,1.0,462.754,723.889,1.0,905.046,752.019,1.0,900.832,760.739,1.0,894.98,765.008,1.0,888.037,768.515,1.0,881.388,773.296,1.0,325.803,198.546,0.9710000157356262,330.618,195.63,0.9919999837875366,330.604,194.768,0.9990000128746033,326.521,199.741,0.9879999756813049,326.47,201.802,0.9470000267028809,802.642,467.975,1.0,800.888,459.289,1.0,791.842,453.532,1.0,787.948,446.713,1.0,785.83,440.527,1.0
889,549.243,497.907,1.0,557.305,500.627,1.0,560.861,513.074,1.0,566.83,519.531,1.0,574.848,523.391,1.0,427.094,724.849,1.0,436.154,725.562,1.0,439.648,720.0,1.0,450.544,720.076,1.0,459.704,723.889,1.0,908.336,752.308,1.0,902.898,760.646,1.0,896.289,763.105,1.0,888.037,768.25,1.0,881.506,771.305,1.0,325.683,198.528,0.9160000085830688,,195.22,0.0,330.46,194.831,0.9940000176429749,326.555,199.747,0.9580000042915344,326.038,201.802,0.8820000290870667,803.226,469.068,1.0,800.353,460.481,1.0,792.559,455.084,1.0,790.009,447.648,1.0,785.874,441.338,1.0
890,549.243,499.201,1.0,557.305,503.192,1.0,560.861,513.074,1.0,566.988,519.473,1.0,574.75,523.391,1.0,427.094,726.404,1.0,436.154,725.632,1.0,438.554,720.099,1.0,449.676,719.318,1.0,459.59,722.405,1.0,909.615,753.08,1.0,904.92,759.837,1.0,897.249,761.78,1.0,888.037,768.169,1.0,881.793,770.873,1.0,325.803,198.528,0.9810000061988831,,195.63,0.9950000047683716,330.46,194.768,0.9990000128746033,326.555,199.741,0.9919999837875366,326.232,201.802,0.9369999766349792,803.226,469.068,1.0,800.172,460.481,1.0,792.559,455.084,1.0,790.009,447.648,1.0,785.83,441.353,1.0
891,553.641,498.972,1.0,560.484,503.192,1.0,560.861,514.392,1.0,566.83,519.473,1.0,574.231,523.422,1.0,426.854,726.404,1.0,436.154,725.632,1.0,438.554,720.64,1.0,448.106,718.959,1.0,459.082,722.397,1.0,909.683,753.247,1.0,904.92,759.837,1.0,897.978,761.78,1.0,889.288,768.351,1.0,882.562,770.873,1.0,325.803,198.546,0.875,330.923,,0.0,330.423,194.831,0.9950000047683716,326.521,199.519,0.953000009059906,326.038,201.882,0.8349999785423279,803.226,475.381,1.0,800.172,463.882,1.0,792.559,456.122,1.0,790.288,447.951,1.0,785.83,441.353,1.0
892,559.135,496.905,1.0,561.099,503.843,1.0,560.861,514.392,1.0,566.274,519.531,1.0,574.016,523.432,1.0,426.289,726.404,1.0,435.565,725.632,1.0,437.809,720.654,1.0,447.901,718.959,1.0,458.912,722.397,1.0,909.941,753.08,1.0,905.04,759.754,1.0,897.978,761.78,1.0,889.288,768.351,1.0,882.562,770.873,1.0,325.803,198.528,0.9559999704360962,330.923,195.438,0.9900000095367432,330.41,195.034,0.9980000257492065,326.521,199.519,0.9850000143051147,326.038,202.031,0.9279999732971191,797.042,475.571,1.0,799.848,464.955,1.0,795.104,457.552,1.0,790.357,448.428,1.0,785.735,442.599,1.0
893,565.868,498.295,1.0,561.316,504.049,1.0,560.861,514.392,1.0,565.946,521.784,1.0,571.682,528.486,1.0,426.289,726.642,1.0,435.565,725.632,1.0,437.143,720.773,1.0,446.93,718.959,1.0,457.988,722.397,1.0,909.966,753.08,1.0,905.04,759.47,1.0,897.979,761.777,1.0,889.417,768.169,1.0,882.592,770.875,1.0,325.929,198.528,0.9679999947547913,330.888,195.535,0.9919999837875366,330.41,195.034,0.9990000128746033,326.459,199.647,0.9890000224113464,325.95,202.031,0.9340000152587891,795.971,476.233,1.0,800.172,465.679,1.0,795.104,457.787,1.0,790.288,448.569,1.0,785.687,442.599,1.0
894,569.974,498.295,1.0,562.75,505.212,1.0,560.221,512.637,1.0,565.946,523.256,1.0,570.286,528.632,1.0,422.031,733.688,1.0,433.127,727.158,1.0,437.143,722.746,1.0,442.989,723.368,1.0,454.263,722.447,1.0,910.063,752.534,1.0,905.04,759.206,1.0,897.979,761.777,1.0,889.392,768.134,1.0,882.592,770.875,1.0,325.929,202.977,0.8889999985694885,,195.438,0.0,330.441,194.914,0.9909999966621399,326.397,199.647,0.9470000267028809,325.95,202.129,0.9210000038146973,795.971,477.469,1.0,800.564,467.591,1.0,795.104,458.569,1.0,790.217,449.573,1.0,785.539,442.599,1.0
895,573.492,496.577,1.0,565.098,505.212,1.0,559.788,512.637,1.0,562.813,526.677,1.0,570.218,529.423,1.0,417.857,733.688,1.0,424.072,728.548,1.0,434.623,724.001,1.0,441.22,723.859,1.0,449.909,723.726,1.0,910.283,752.193,1.0,904.489,758.369,1.0,898.253,761.777,1.0,889.392,768.134,1.0,882.592,770.875,1.0,325.763,203.033,0.968999981880188,330.626,195.85,0.9929999709129333,330.441,195.034,0.9990000128746033,326.017,199.825,0.9919999837875366,325.668,202.166,0.9620000123977661,795.971,477.862,1.0,800.914,467.88,1.0,795.525,458.809,1.0,790.288,449.938,1.0,785.503,442.637,1.0
896,573.734,496.044,1.0,566.411,505.499,1.0,559.747,512.637,1.0,562.813,526.747,1.0,569.832,529.942,1.0,416.847,733.889,1.0,423.005,728.642,1.0,434.128,724.001,1.0,441.032,723.859,1.0,449.882,723.814,1.0,910.283,752.193,1.0,904.867,758.369,1.0,898.289,761.411,1.0,890.194,767.495,1.0,882.713,770.817,1.0,325.763,203.033,0.9760000109672546,330.626,195.535,0.9950000047683716,330.532,195.129,0.9990000128746033,326.017,199.835,0.9929999709129333,325.63,202.166,0.9610000252723694,796.104,478.041,1.0,800.914,468.12,1.0,795.7,459.047,1.0,790.357,450.0,1.0,785.503,442.637,1.0
897,573.786,496.044,1.0,566.794,505.499,1.0,559.656,512.637,1.0,562.833,526.677,1.0,569.543,530.196,1.0,416.739,733.889,1.0,422.896,728.926,1.0,433.881,724.185,1.0,440.026,723.859,1.0,449.063,724.216,1.0,910.283,752.534,1.0,904.867,758.369,1.0,898.323,761.051,1.0,890.611,767.194,1.0,882.872,770.381,1.0,325.891,203.033,0.9729999899864197,330.434,195.517,0.9940000176429749,330.532,195.129,0.9990000128746033,326.017,199.835,0.9909999966621399,325.63,202.129,0.949999988079071,797.243,478.55,1.0,800.934,468.825,1.0,796.139,459.351,1.0,792.534,450.02,1.0,785.503,442.637,1.0
898,573.734,495.755,1.0,567.086,505.499,1.0,559.747,512.535,1.0,567.684,523.489,1.0,569.454,530.196,1.0,416.7,734.01,1.0,422.65,728.642,1.0,430.881,724.324,1.0,438.719,723.859,1.0,448.193,724.364,1.0,910.348,753.259,1.0,905.109,758.473,1.0,898.323,760.66,1.0,890.63,766.688,1.0,882.886,770.135,1.0,325.763,202.943,0.9509999752044678,330.214,195.411,0.9869999885559082,330.532,195.201,0.9980000257492065,326.378,199.934,0.9800000190734863,325.668,202.166,0.9240000247955322,798.317,479.617,1.0,801.634,469.877,1.0,796.936,459.477,1.0,793.061,452.163,1.0,786.64,438.041,1.0
899,573.559,495.118,1.0,567.086,504.192,1.0,559.747,512.535,1.0,562.833,523.489,1.0,569.441,530.196,1.0,416.421,734.01,1.0,421.977,728.642,1.0,430.353,724.185,1.0,437.925,723.763,1.0,447.291,724.364,1.0,910.16,753.259,1.0,904.867,758.473,1.0,898.323,760.429,1.0,890.63,766.541,1.0,882.886,769.87,1.0,325.465,202.497,0.9129999876022339,,,0.0,330.426,195.201,0.9940000176429749,326.378,199.934,0.9580000042915344,325.556,201.975,0.8730000257492065,798.317,479.617,1.0,801.634,469.877,1.0,796.936,459.477,1.0,793.061,452.163,1.0,786.64,437.986,1.0
900,573.559,494.397,1.0,567.086,503.578,1.0,559.656,512.47,1.0,562.833,523.271,1.0,568.075,529.608,1.0,412.263,734.01,1.0,417.78,726.387,1.0,426.993,723.939,1.0,434.892,722.682,1.0,444.923,724.364,1.0,909.845,753.259,1.0,904.867,758.473,1.0,898.19,759.557,1.0,890.63,765.975,1.0,882.886,769.87,1.0,325.027,197.967,0.8730000257492065,,,0.0,329.678,195.129,0.9869999885559082,326.378,199.486,0.9300000071525574,325.556,201.681,0.9279999732971191,798.317,479.617,1.0,801.634,469.877,1.0,796.936,459.477,1.0,793.061,452.163,1.0,786.64,437.85,1.0
