scorer,DLC_dlcrnetms5_basler-larval-tracking-metforminMay6shuffle1_200000,DLC_dlcrnetms5_basler-larval-tracking-metforminMay6shuffle1_200000,DLC_dlcrnetms5_basler-larval-tracking-metforminMay6shuffle1_200000,DLC_dlcrnetms5_basler-larval-tracking-metforminMay6shuffle1_200000,DLC_dlcrnetms5_basler-larval-tracking-metforminMay6shuffle1_200000,DLC_dlcrnetms5_basler-larval-tracking-metforminMay6shuffle1_200000,DLC_dlcrnetms5_basler-larval-tracking-metforminMay6shuffle1_200000,DLC_dlcrnetms5_basler-larval-tracking-metforminMay6shuffle1_200000,DLC_dlcrnetms5_basler-larval-tracking-metforminMay6shuffle1_200000,DLC_dlcrnetms5_basler-larval-tracking-metforminMay6shuffle1_200000,DLC_dlcrnetms5_basler-larval-tracking-metforminMay6shuffle1_200000,DLC_dlcrnetms5_basler-larval-tracking-metforminMay6shuffle1_200000,DLC_dlcrnetms5_basler-larval-tracking-metforminMay6shuffle1_200000,DLC_dlcrnetms5_basler-larval-tracking-metforminMay6shuffle1_200000,DLC_dlcrnetms5_basler-larval-tracking-metforminMay6shuffle1_200000,DLC_dlcrnetms5_basler-larval-tracking-metforminMay6shuffle1_200000,DLC_dlcrnetms5_basler-larval-tracking-metforminMay6shuffle1_200000,DLC_dlcrnetms5_basler-larval-tracking-metforminMay6shuffle1_200000,DLC_dlcrnetms5_basler-larval-tracking-metforminMay6shuffle1_200000,DLC_dlcrnetms5_basler-larval-tracking-metforminMay6shuffle1_200000,DLC_dlcrnetms5_basler-larval-tracking-metforminMay6shuffle1_200000,DLC_dlcrnetms5_basler-larval-tracking-metforminMay6shuffle1_200000,DLC_dlcrnetms5_basler-larval-tracking-metforminMay6shuffle1_200000,DLC_dlcrnetms5_basler-larval-tracking-metforminMay6shuffle1_200000,DLC_dlcrnetms5_basler-larval-tracking-metforminMay6shuffle1_200000,DLC_dlcrnetms5_basler-larval-tracking-metforminMay6shuffle1_200000,DLC_dlcrnetms5_basler-larval-tracking-metforminMay6shuffle1_200000,DLC_dlcrnetms5_basler-larval-tracking-metforminMay6shuffle1_200000,DLC_dlcrnetms5_basler-larval-tracking-metforminMay6shuffle1_200000,DLC_dlcrnetms5_basler-larval-tracking-metforminMay6shuffle1_200000,DLC_dlcrnetms5_basler-larval-tracking-metforminMay6shuffle1_200000,DLC_dlcrnetms5_basler-larval-tracking-metforminMay6shuffle1_200000,DLC_dlcrnetms5_basler-larval-tracking-metforminMay6shuffle1_200000,DLC_dlcrnetms5_basler-larval-tracking-metforminMay6shuffle1_200000,DLC_dlcrnetms5_basler-larval-tracking-metforminMay6shuffle1_200000,DLC_dlcrnetms5_basler-larval-tracking-metforminMay6shuffle1_200000,DLC_dlcrnetms5_basler-larval-tracking-metforminMay6shuffle1_200000,DLC_dlcrnetms5_basler-larval-tracking-metforminMay6shuffle1_200000,DLC_dlcrnetms5_basler-larval-tracking-metforminMay6shuffle1_200000,DLC_dlcrnetms5_basler-larval-tracking-metforminMay6shuffle1_200000,DLC_dlcrnetms5_basler-larval-tracking-metforminMay6shuffle1_200000,DLC_dlcrnetms5_basler-larval-tracking-metforminMay6shuffle1_200000,DLC_dlcrnetms5_basler-larval-tracking-metforminMay6shuffle1_200000,DLC_dlcrnetms5_basler-larval-tracking-metforminMay6shuffle1_200000,DLC_dlcrnetms5_basler-larval-tracking-metforminMay6shuffle1_200000,DLC_dlcrnetms5_basler-larval-tracking-metforminMay6shuffle1_200000,DLC_dlcrnetms5_basler-larval-tracking-metforminMay6shuffle1_200000,DLC_dlcrnetms5_basler-larval-tracking-metforminMay6shuffle1_200000,DLC_dlcrnetms5_basler-larval-tracking-metforminMay6shuffle1_200000,DLC_dlcrnetms5_basler-larval-tracking-metforminMay6shuffle1_200000,DLC_dlcrnetms5_basler-larval-tracking-metforminMay6shuffle1_200000,DLC_dlcrnetms5_basler-larval-tracking-metforminMay6shuffle1_200000,DLC_dlcrnetms5_basler-larval-tracking-metforminMay6shuffle1_200000,DLC_dlcrnetms5_basler-larval-tracking-metforminMay6shuffle1_200000,DLC_dlcrnetms5_basler-larval-tracking-metforminMay6shuffle1_200000,DLC_dlcrnetms5_basler-larval-tracking-metforminMay6shuffle1_200000,DLC_dlcrnetms5_basler-larval-tracking-metforminMay6shuffle1_200000,DLC_dlcrnetms5_basler-larval-tracking-metforminMay6shuffle1_200000,DLC_dlcrnetms5_basler-larval-tracking-metforminMay6shuffle1_200000,DLC_dlcrnetms5_basler-larval-tracking-metforminMay6shuffle1_200000,DLC_dlcrnetms5_basler-larval-tracking-metforminMay6shuffle1_200000,DLC_dlcrnetms5_basler-larval-tracking-metforminMay6shuffle1_200000,DLC_dlcrnetms5_basler-larval-tracking-metforminMay6shuffle1_200000,DLC_dlcrnetms5_basler-larval-tracking-metforminMay6shuffle1_200000,DLC_dlcrnetms5_basler-larval-tracking-metforminMay6shuffle1_200000,DLC_dlcrnetms5_basler-larval-tracking-metforminMay6shuffle1_200000,DLC_dlcrnetms5_basler-larval-tracking-metforminMay6shuffle1_200000,DLC_dlcrnetms5_basler-larval-tracking-metforminMay6shuffle1_200000,DLC_dlcrnetms5_basler-larval-tracking-metforminMay6shuffle1_200000,DLC_dlcrnetms5_basler-larval-tracking-metforminMay6shuffle1_200000,DLC_dlcrnetms5_basler-larval-tracking-metforminMay6shuffle1_200000,DLC_dlcrnetms5_basler-larval-tracking-metforminMay6shuffle1_200000,DLC_dlcrnetms5_basler-larval-tracking-metforminMay6shuffle1_200000,DLC_dlcrnetms5_basler-larval-tracking-metforminMay6shuffle1_200000,DLC_dlcrnetms5_basler-larval-tracking-metforminMay6shuffle1_200000
individuals,larva1,larva1,larva1,larva1,larva1,larva1,larva1,larva1,larva1,larva1,larva1,larva1,larva1,larva1,larva1,larva2,larva2,larva2,larva2,larva2,larva2,larva2,larva2,larva2,larva2,larva2,larva2,larva2,larva2,larva2,larva3,larva3,larva3,larva3,larva3,larva3,larva3,larva3,larva3,larva3,larva3,larva3,larva3,larva3,larva3,larva4,larva4,larva4,larva4,larva4,larva4,larva4,larva4,larva4,larva4,larva4,larva4,larva4,larva4,larva4,larva5,larva5,larva5,larva5,larva5,larva5,larva5,larva5,larva5,larva5,larva5,larva5,larva5,larva5,larva5
bodyparts,mouth,mouth,mouth,midfront,midfront,midfront,mid,mid,mid,midrear,midrear,midrear,rear,rear,rear,mouth,mouth,mouth,midfront,midfront,midfront,mid,mid,mid,midrear,midrear,midrear,rear,rear,rear,mouth,mouth,mouth,midfront,midfront,midfront,mid,mid,mid,midrear,midrear,midrear,rear,rear,rear,mouth,mouth,mouth,midfront,midfront,midfront,mid,mid,mid,midrear,midrear,midrear,rear,rear,rear,mouth,mouth,mouth,midfront,midfront,midfront,mid,mid,mid,midrear,midrear,midrear,rear,rear,rear
coords,x,y,likelihood,x,y,likelihood,x,y,likelihood,x,y,likelihood,x,y,likelihood,x,y,likelihood,x,y,likelihood,x,y,likelihood,x,y,likelihood,x,y,likelihood,x,y,likelihood,x,y,likelihood,x,y,likelihood,x,y,likelihood,x,y,likelihood,x,y,likelihood,x,y,likelihood,x,y,likelihood,x,y,likelihood,x,y,likelihood,x,y,likelihood,x,y,likelihood,x,y,likelihood,x,y,likelihood,x,y,likelihood
0,569.109,414.541,1.0,579.036,411.46,1.0,587.825,420.012,1.0,588.094,421.373,1.0,,,0.0,546.596,333.149,1.0,555.372,343.392,1.0,557.926,351.993,1.0,565.369,356.312,1.0,570.346,370.533,1.0,632.846,485.565,1.0,629.38,475.848,1.0,622.028,470.546,1.0,613.728,460.467,1.0,624.769,447.86,1.0,564.697,493.977,1.0,573.084,487.436,1.0,575.294,478.2,1.0,580.524,472.349,1.0,587.577,466.492,1.0,698.696,397.614,1.0,693.681,396.102,1.0,677.502,395.308,1.0,670.261,406.616,1.0,667.563,411.626,1.0
1,569.109,414.541,1.0,579.036,411.46,1.0,587.825,420.012,1.0,588.094,421.373,1.0,,,0.0,546.596,333.149,1.0,555.372,343.392,1.0,557.926,351.993,1.0,565.369,356.312,1.0,570.346,370.533,1.0,632.846,485.565,1.0,629.38,475.848,1.0,622.028,470.546,1.0,613.728,460.467,1.0,624.769,447.86,1.0,564.697,493.977,1.0,573.084,487.436,1.0,575.294,478.2,1.0,580.524,472.349,1.0,587.577,466.492,1.0,698.696,397.614,1.0,693.681,396.102,1.0,677.502,395.308,1.0,670.261,406.616,1.0,667.563,411.626,1.0
2,569.109,414.541,1.0,579.036,411.46,1.0,587.825,420.012,1.0,588.094,421.373,1.0,,,0.0,546.596,333.149,1.0,555.372,343.392,1.0,557.926,351.993,1.0,565.369,356.312,1.0,570.346,370.533,1.0,632.846,485.565,1.0,629.38,475.848,1.0,622.028,470.546,1.0,613.728,460.467,1.0,624.769,447.86,1.0,564.697,493.977,1.0,573.084,487.436,1.0,575.294,478.2,1.0,580.524,472.349,1.0,587.577,466.492,1.0,698.696,397.614,1.0,693.681,396.102,1.0,677.502,395.308,1.0,670.261,406.616,1.0,667.563,411.626,1.0
3,569.196,414.606,1.0,579.058,411.614,1.0,587.982,420.012,1.0,588.094,421.373,1.0,,,0.0,547.157,333.149,1.0,555.372,343.392,1.0,557.926,351.689,1.0,565.207,356.312,1.0,570.346,370.334,1.0,632.846,485.565,1.0,629.599,476.001,1.0,622.14,470.756,1.0,613.641,460.78,1.0,624.769,447.86,1.0,564.289,494.0,1.0,572.739,487.436,1.0,574.508,478.241,1.0,580.351,472.712,1.0,587.577,466.517,1.0,698.696,397.614,1.0,693.681,395.826,1.0,677.557,395.308,1.0,670.261,406.516,1.0,667.563,411.451,1.0
4,569.445,414.634,1.0,579.389,411.614,1.0,587.982,420.012,1.0,588.094,421.373,1.0,,,0.0,552.404,332.402,1.0,555.704,343.267,1.0,557.948,351.012,1.0,563.909,356.218,1.0,570.336,369.604,1.0,632.939,485.565,1.0,630.016,476.084,1.0,622.44,471.124,1.0,613.641,460.882,1.0,624.947,448.025,1.0,563.598,494.373,1.0,572.292,487.48,1.0,573.844,479.851,1.0,580.351,473.729,1.0,587.577,467.946,1.0,700.632,397.614,1.0,694.402,395.826,1.0,680.559,395.858,1.0,670.319,405.746,1.0,667.563,411.015,1.0
5,570.977,414.753,1.0,580.122,411.614,1.0,587.982,420.127,1.0,588.185,421.494,1.0,623.735,448.185,1.0,557.633,331.591,1.0,555.704,341.336,1.0,559.716,347.393,1.0,563.9,356.082,1.0,569.47,366.01,1.0,637.511,485.631,1.0,631.026,476.261,1.0,622.44,471.124,1.0,613.641,461.734,1.0,627.034,455.706,0.0,563.451,495.019,1.0,567.884,487.926,1.0,573.159,480.313,1.0,580.351,474.842,1.0,587.667,469.977,1.0,700.711,397.422,1.0,696.211,395.138,1.0,681.565,396.434,1.0,673.941,405.453,1.0,670.007,411.002,1.0
6,573.704,414.84,1.0,582.124,411.614,1.0,583.242,421.706,1.0,591.508,422.045,1.0,,,0.0,557.633,324.702,1.0,555.704,333.618,1.0,559.716,345.136,1.0,561.89,347.803,1.0,563.789,363.817,1.0,639.137,485.945,1.0,632.275,476.288,1.0,622.754,471.937,1.0,614.004,462.952,1.0,627.496,457.94,1.0,563.059,496.76,1.0,565.872,489.553,1.0,572.706,482.61,1.0,580.416,477.68,1.0,587.944,472.016,1.0,709.172,395.982,1.0,702.582,395.138,1.0,688.557,398.254,1.0,680.247,401.946,1.0,670.338,409.928,1.0
7,575.907,415.62,1.0,583.551,411.614,1.0,583.242,423.402,1.0,592.691,422.256,1.0,,,0.0,557.831,324.299,1.0,555.704,333.078,1.0,557.948,343.353,1.0,561.89,347.803,1.0,563.789,363.503,1.0,639.682,488.758,1.0,634.224,479.959,1.0,622.754,472.756,1.0,616.066,463.781,1.0,627.185,457.94,1.0,562.327,497.379,1.0,565.616,490.433,1.0,572.565,482.886,1.0,580.416,477.68,1.0,587.944,472.016,1.0,713.689,395.956,1.0,702.582,395.858,1.0,692.878,398.254,1.0,681.391,401.55,1.0,670.34,408.778,1.0
8,576.779,415.752,1.0,583.662,414.111,1.0,583.242,424.596,1.0,592.977,422.893,1.0,,,0.0,557.831,324.042,1.0,555.704,332.576,1.0,557.829,341.764,1.0,561.89,347.778,1.0,562.857,363.466,1.0,641.282,491.253,1.0,634.224,481.48,1.0,621.941,472.756,1.0,617.883,464.114,1.0,627.034,457.94,1.0,562.242,497.602,1.0,565.295,490.433,1.0,572.565,482.886,1.0,580.416,477.68,1.0,587.944,472.016,1.0,714.14,395.956,1.0,702.671,399.208,1.0,694.689,400.219,1.0,682.32,400.752,1.0,672.983,408.423,1.0
9,578.409,417.559,1.0,584.338,414.768,1.0,583.349,425.608,1.0,593.093,422.893,1.0,,,0.0,557.633,321.083,1.0,556.602,331.719,1.0,556.77,340.231,1.0,561.281,347.778,1.0,562.536,362.542,1.0,641.464,491.616,1.0,634.224,481.922,1.0,621.716,472.756,1.0,617.883,464.223,1.0,626.546,458.445,1.0,562.127,497.643,1.0,565.104,490.433,1.0,571.363,483.258,1.0,579.028,477.147,1.0,587.407,471.384,1.0,715.673,395.956,1.0,702.671,398.379,1.0,697.356,400.472,1.0,683.755,399.844,1.0,674.329,408.39,1.0
10,578.409,417.559,1.0,584.667,414.768,1.0,583.349,425.608,1.0,593.138,423.498,1.0,,,0.0,557.248,320.733,1.0,556.602,331.521,1.0,556.651,339.821,1.0,559.942,344.928,1.0,561.017,357.663,1.0,641.537,492.213,1.0,634.048,482.504,1.0,621.905,473.004,1.0,617.883,464.223,1.0,626.016,458.752,1.0,561.745,497.643,1.0,564.646,490.433,1.0,570.009,483.258,1.0,578.191,477.147,1.0,586.597,471.384,1.0,717.968,396.375,1.0,709.07,398.379,1.0,699.435,400.472,1.0,686.358,399.414,1.0,680.281,408.114,1.0
11,578.409,417.559,1.0,584.667,414.851,1.0,583.349,425.608,1.0,593.256,424.018,1.0,,,0.0,556.352,317.61,1.0,556.602,328.092,1.0,556.224,335.771,1.0,559.942,344.928,1.0,561.017,356.839,1.0,641.537,492.213,1.0,633.831,482.568,1.0,621.905,473.078,1.0,617.883,464.4,1.0,625.738,459.057,1.0,561.364,497.379,1.0,563.963,490.239,1.0,569.55,483.258,1.0,577.682,477.147,1.0,586.313,471.384,1.0,718.586,396.375,1.0,710.638,398.379,1.0,701.221,400.219,1.0,691.176,398.881,1.0,682.306,404.975,1.0
12,575.45,414.729,1.0,584.667,414.938,1.0,582.528,425.317,1.0,593.27,424.056,1.0,603.504,423.597,1.0,554.9,316.788,1.0,554.877,327.301,1.0,554.143,335.376,1.0,555.383,344.928,1.0,559.87,355.538,1.0,641.556,492.213,1.0,633.831,482.766,1.0,621.905,473.078,1.0,617.883,464.653,1.0,625.738,459.123,1.0,554.24,489.676,1.0,562.853,490.023,1.0,568.989,484.91,1.0,577.491,478.69,1.0,586.165,471.384,1.0,719.819,396.375,1.0,711.678,393.028,1.0,701.296,399.266,1.0,693.63,398.881,1.0,682.588,404.313,1.0
13,575.359,414.729,1.0,584.604,414.851,1.0,582.3,425.301,1.0,593.365,424.056,1.0,603.471,423.597,1.0,554.9,316.678,1.0,554.877,326.766,1.0,554.143,334.701,1.0,555.383,346.612,1.0,558.5,355.514,1.0,641.571,492.217,1.0,633.831,482.86,1.0,622.849,473.117,1.0,618.096,465.761,1.0,625.738,459.918,1.0,554.24,489.676,1.0,561.972,489.987,1.0,567.745,486.742,1.0,577.116,479.828,1.0,585.172,472.202,1.0,719.945,396.375,1.0,711.736,393.028,1.0,701.787,398.871,1.0,694.366,398.881,1.0,683.476,404.313,1.0
14,575.357,414.729,1.0,584.259,414.938,1.0,582.073,424.487,1.0,593.365,424.079,1.0,603.431,423.597,1.0,554.9,316.372,1.0,554.877,325.341,1.0,554.143,333.291,1.0,554.657,346.612,1.0,558.5,352.616,1.0,642.122,492.217,1.0,635.499,483.408,1.0,624.583,473.117,1.0,619.591,467.459,1.0,625.659,459.918,1.0,553.003,489.676,1.0,561.268,490.239,1.0,566.709,487.842,1.0,573.075,479.986,1.0,580.186,472.759,1.0,720.659,397.472,1.0,713.119,392.673,1.0,703.514,398.871,1.0,694.739,397.64,1.0,684.639,404.095,1.0
15,575.356,415.177,1.0,583.3,414.938,1.0,581.688,424.314,1.0,593.416,424.243,1.0,603.471,423.737,1.0,556.718,315.382,1.0,555.377,324.341,1.0,554.98,331.986,1.0,554.643,346.612,1.0,559.274,351.493,1.0,643.981,494.02,1.0,639.87,485.772,1.0,627.052,476.122,1.0,621.577,468.595,1.0,625.659,459.918,1.0,553.003,490.546,1.0,561.268,490.239,1.0,566.529,488.913,1.0,569.853,481.716,1.0,577.223,473.548,1.0,725.505,397.074,1.0,715.709,392.673,1.0,706.097,398.871,1.0,696.049,397.64,1.0,687.415,404.095,1.0
16,574.67,417.712,1.0,582.115,415.74,1.0,581.688,423.988,1.0,593.561,424.682,1.0,603.504,423.829,1.0,557.661,309.781,1.0,555.404,318.341,1.0,554.98,328.971,1.0,554.643,344.489,1.0,559.274,351.372,1.0,645.815,494.656,1.0,641.164,485.772,1.0,629.641,478.491,1.0,622.471,469.993,1.0,623.011,461.121,1.0,553.383,491.198,1.0,560.6,490.749,1.0,566.102,488.913,1.0,569.548,482.739,1.0,576.807,474.461,1.0,730.518,397.074,1.0,718.742,392.673,1.0,707.954,398.871,1.0,696.405,396.863,1.0,687.672,404.095,1.0
17,574.61,417.789,1.0,582.088,415.838,1.0,581.688,423.971,1.0,593.651,424.747,1.0,603.567,423.83,1.0,560.874,307.044,1.0,555.404,316.119,1.0,554.98,328.026,1.0,554.509,338.472,1.0,560.261,348.996,1.0,646.13,495.209,1.0,641.164,485.772,1.0,630.602,479.553,1.0,626.284,470.049,1.0,622.648,461.207,1.0,553.685,491.328,1.0,560.495,491.197,1.0,566.313,489.086,1.0,569.548,482.833,1.0,576.807,476.679,1.0,730.68,397.074,1.0,722.076,392.673,1.0,708.484,398.871,1.0,697.308,396.863,1.0,687.989,404.095,1.0
18,574.574,417.789,1.0,582.088,415.838,1.0,581.771,423.908,1.0,593.924,424.747,1.0,603.619,423.83,1.0,560.874,307.044,1.0,555.404,315.677,1.0,554.204,327.733,1.0,553.946,336.405,1.0,560.263,348.266,1.0,647.254,495.209,1.0,641.316,484.69,1.0,630.876,479.956,1.0,626.284,470.942,1.0,622.359,461.207,1.0,553.383,491.328,1.0,561.268,492.904,1.0,566.529,489.089,1.0,568.996,485.115,1.0,575.758,479.042,1.0,731.096,396.979,1.0,723.813,391.402,1.0,709.433,399.232,1.0,697.308,396.863,1.0,688.349,402.707,1.0
19,574.574,417.789,1.0,582.115,415.74,1.0,581.791,423.908,1.0,594.06,424.734,1.0,603.619,423.83,1.0,560.874,305.615,1.0,555.005,315.091,1.0,551.043,326.62,1.0,551.098,335.196,1.0,560.263,346.388,1.0,647.397,496.135,1.0,641.164,484.523,1.0,630.979,480.386,1.0,626.468,470.942,1.0,621.998,461.449,1.0,553.383,491.344,1.0,560.82,492.904,1.0,566.313,489.306,1.0,568.996,485.115,1.0,575.734,479.042,1.0,731.573,396.979,1.0,725.018,390.547,1.0,710.747,397.745,1.0,698.14,396.863,1.0,689.957,402.565,1.0
20,574.574,415.54,1.0,582.356,415.657,1.0,582.26,423.908,1.0,594.306,424.734,1.0,603.619,423.83,1.0,559.785,306.867,1.0,555.005,314.728,1.0,551.043,326.62,1.0,551.098,333.857,1.0,560.261,345.796,1.0,647.397,496.135,1.0,640.59,484.523,1.0,630.979,480.825,1.0,626.791,471.411,1.0,621.998,462.343,1.0,552.875,491.583,1.0,560.451,492.919,1.0,566.039,489.306,1.0,568.996,485.115,1.0,575.734,479.042,1.0,734.727,396.979,1.0,727.353,390.547,1.0,713.566,397.745,1.0,700.841,396.908,1.0,692.482,401.227,1.0
21,574.7,415.54,1.0,583.525,415.657,1.0,582.402,424.441,1.0,594.629,424.446,1.0,603.625,423.861,1.0,559.022,306.867,1.0,555.005,314.021,1.0,551.043,326.208,1.0,551.098,333.753,1.0,556.618,345.188,1.0,647.397,496.284,1.0,640.59,484.69,1.0,630.979,480.841,1.0,626.791,471.975,1.0,620.767,463.266,1.0,552.552,491.691,1.0,560.451,493.343,1.0,565.536,489.306,1.0,566.882,484.77,1.0,575.654,477.5,1.0,737.752,399.167,1.0,728.829,390.547,1.0,719.098,396.783,1.0,710.324,396.908,1.0,698.758,400.283,1.0
22,575.102,415.54,1.0,583.525,415.657,1.0,582.723,424.736,1.0,595.207,424.362,1.0,603.988,423.861,1.0,558.928,305.586,1.0,558.628,313.809,1.0,552.677,323.781,1.0,552.253,330.666,1.0,556.618,343.817,1.0,648.025,496.87,1.0,641.316,484.9,1.0,631.394,481.533,1.0,627.042,472.059,1.0,621.75,463.959,1.0,551.785,491.691,1.0,560.451,494.933,1.0,563.838,489.027,1.0,566.37,484.77,1.0,574.133,477.5,1.0,738.085,399.167,1.0,729.246,390.495,1.0,719.769,396.407,1.0,711.79,396.908,1.0,698.779,399.362,1.0
23,579.259,417.146,1.0,583.525,417.027,1.0,584.284,425.382,1.0,595.966,424.257,1.0,604.566,423.861,1.0,558.928,303.55,1.0,558.628,312.607,1.0,552.677,320.945,1.0,552.253,328.528,1.0,556.618,341.343,1.0,649.084,499.063,1.0,642.45,487.707,1.0,633.641,483.615,1.0,628.048,476.097,1.0,621.998,467.507,1.0,548.395,496.176,1.0,556.638,495.337,1.0,561.559,489.027,1.0,564.359,484.77,1.0,573.086,477.5,1.0,738.459,399.167,1.0,730.63,390.466,1.0,720.525,395.418,1.0,711.79,396.424,1.0,698.854,399.362,1.0
24,580.726,417.146,1.0,583.415,417.666,1.0,584.284,425.571,1.0,595.966,423.64,1.0,604.566,423.861,1.0,558.021,302.592,1.0,558.628,311.636,1.0,552.677,319.339,1.0,552.253,328.528,1.0,558.525,341.162,1.0,649.386,499.842,1.0,643.326,488.63,1.0,635.441,485.498,1.0,629.321,477.753,1.0,622.441,470.744,1.0,547.212,500.703,1.0,552.957,495.702,1.0,559.128,489.027,1.0,563.79,486.173,1.0,571.867,478.876,1.0,738.459,400.225,1.0,732.964,390.25,1.0,721.387,395.418,1.0,712.11,396.207,1.0,700.753,399.134,1.0
25,580.767,417.146,1.0,582.298,417.666,1.0,584.284,425.571,1.0,595.966,423.608,1.0,604.566,422.947,1.0,557.749,302.234,1.0,555.951,311.571,1.0,553.771,318.951,1.0,552.253,328.528,1.0,560.009,340.709,1.0,649.938,500.864,1.0,644.216,491.356,1.0,635.441,487.205,1.0,629.852,479.174,1.0,622.934,472.246,1.0,546.892,502.862,1.0,551.423,497.036,1.0,558.457,492.462,1.0,561.807,486.978,1.0,570.265,479.375,1.0,741.293,399.587,1.0,734.205,389.924,1.0,722.957,395.418,1.0,712.285,396.207,1.0,702.1,399.134,1.0
26,581.984,415.322,1.0,582.298,417.666,1.0,583.933,425.545,1.0,595.959,423.502,1.0,604.277,422.714,1.0,557.749,301.321,1.0,555.951,310.215,1.0,554.047,318.062,1.0,552.253,327.101,1.0,560.74,339.277,1.0,649.938,502.302,1.0,644.216,492.721,1.0,635.441,487.667,1.0,629.852,481.025,1.0,623.463,472.925,1.0,546.621,506.881,1.0,549.892,498.505,1.0,556.686,492.543,1.0,561.631,487.684,1.0,570.265,480.384,1.0,748.165,398.554,1.0,738.138,390.25,1.0,725.969,397.446,1.0,714.487,397.242,1.0,703.569,399.134,1.0
27,583.105,413.848,1.0,582.298,417.123,1.0,583.587,425.509,1.0,595.793,423.316,1.0,604.087,422.21,1.0,557.581,300.352,1.0,555.951,309.251,1.0,554.047,316.089,1.0,550.589,326.356,1.0,560.009,337.493,1.0,649.084,503.489,1.0,643.326,493.081,1.0,635.901,487.68,1.0,629.944,481.025,1.0,623.463,473.201,1.0,546.84,507.058,1.0,548.24,498.508,1.0,555.005,493.024,1.0,559.973,487.684,1.0,570.265,480.812,1.0,752.116,398.554,1.0,740.82,389.924,1.0,726.41,397.907,1.0,714.487,397.668,1.0,706.379,399.023,1.0
28,584.717,413.668,1.0,582.706,415.876,1.0,583.439,425.509,1.0,595.759,423.286,1.0,604.087,422.169,1.0,557.521,292.284,1.0,556.274,300.838,1.0,554.047,312.364,1.0,550.405,325.649,1.0,559.37,332.503,1.0,649.938,503.489,1.0,642.955,493.202,1.0,635.901,487.766,1.0,629.944,481.028,1.0,623.253,474.112,1.0,546.892,508.303,1.0,547.115,498.508,1.0,553.49,493.218,1.0,558.806,486.443,1.0,570.659,481.419,1.0,752.697,398.554,1.0,742.295,389.775,1.0,727.613,399.663,1.0,714.557,397.673,1.0,706.48,398.621,1.0
29,585.227,411.323,1.0,583.628,415.748,1.0,583.42,424.495,1.0,595.682,423.255,1.0,604.087,421.921,1.0,557.123,288.68,1.0,556.324,298.466,1.0,554.047,310.955,1.0,550.405,318.909,1.0,559.37,332.233,1.0,650.052,507.103,1.0,642.955,493.579,1.0,636.356,488.271,1.0,629.852,481.709,1.0,623.463,474.16,1.0,546.84,508.39,1.0,546.55,498.508,1.0,553.36,493.218,1.0,558.589,487.684,1.0,570.659,481.968,1.0,753.299,398.352,1.0,743.006,389.775,1.0,728.395,399.663,1.0,715.334,397.673,1.0,707.32,398.36,1.0
30,586.463,410.765,1.0,585.301,415.217,1.0,583.251,423.6,1.0,595.436,423.016,1.0,604.076,421.921,1.0,557.108,288.44,1.0,556.692,298.219,1.0,553.581,310.888,1.0,550.405,318.231,1.0,558.707,331.607,1.0,650.582,507.317,1.0,642.955,494.06,1.0,636.591,488.476,1.0,629.95,481.755,1.0,623.463,474.16,1.0,546.785,508.47,1.0,546.534,499.367,1.0,552.926,493.289,1.0,558.577,488.582,1.0,570.659,482.184,1.0,753.814,398.352,1.0,743.941,390.317,1.0,729.696,399.663,1.0,717.323,398.069,1.0,709.322,398.305,1.0
31,586.521,408.785,1.0,586.0,414.849,1.0,583.126,423.388,1.0,594.926,422.757,1.0,604.076,421.921,1.0,556.89,287.161,1.0,556.692,297.277,1.0,552.525,310.053,1.0,550.405,317.459,1.0,558.707,331.045,1.0,652.877,507.317,1.0,644.68,498.059,1.0,639.518,488.754,1.0,630.038,483.438,1.0,624.84,474.16,1.0,546.785,508.47,1.0,546.508,499.465,1.0,552.926,493.49,1.0,558.577,487.773,1.0,569.658,482.331,1.0,758.39,398.352,1.0,746.41,392.109,1.0,736.435,399.537,1.0,722.569,398.069,1.0,713.749,398.305,1.0
32,587.08,404.62,1.0,587.691,414.849,1.0,583.06,423.388,1.0,594.227,422.635,1.0,604.034,428.51,1.0,556.89,287.16,1.0,557.283,297.171,1.0,552.525,309.83,1.0,550.439,317.086,1.0,558.707,328.513,1.0,655.565,505.309,1.0,647.066,500.469,1.0,639.559,489.227,1.0,630.989,485.404,1.0,629.204,473.904,1.0,544.406,508.778,1.0,546.418,502.776,1.0,552.621,494.319,1.0,557.938,488.582,1.0,569.594,483.338,1.0,759.188,398.434,1.0,747.72,393.078,1.0,737.342,398.776,1.0,723.095,398.844,1.0,717.112,398.36,1.0
33,587.08,403.444,1.0,587.8,414.216,1.0,583.06,423.388,1.0,594.036,422.558,1.0,603.977,428.51,1.0,556.89,287.089,1.0,558.439,296.171,1.0,552.525,308.297,1.0,550.558,316.238,1.0,559.42,327.09,1.0,656.429,505.309,1.0,647.586,500.612,1.0,639.659,489.899,1.0,631.707,485.743,1.0,629.419,473.904,1.0,540.369,509.979,1.0,544.63,503.686,1.0,550.53,496.627,1.0,555.067,488.632,1.0,565.535,487.85,1.0,761.026,398.434,1.0,749.846,395.302,1.0,737.996,398.235,1.0,724.344,398.844,1.0,717.382,398.86,1.0
34,587.08,401.758,1.0,588.02,413.35,1.0,583.06,423.578,1.0,593.802,422.635,1.0,603.492,428.516,1.0,561.023,285.302,1.0,561.943,294.78,1.0,554.39,304.792,1.0,552.025,314.717,1.0,559.42,326.056,1.0,656.429,503.881,1.0,648.378,501.126,1.0,639.659,489.933,1.0,632.084,486.094,1.0,629.419,473.904,1.0,540.369,510.113,1.0,544.193,503.686,1.0,550.457,499.498,1.0,554.113,489.084,1.0,561.865,488.156,1.0,761.402,399.242,1.0,753.128,395.302,1.0,738.319,398.776,1.0,724.344,398.844,1.0,717.502,398.86,1.0
35,586.205,401.452,1.0,588.02,411.303,1.0,583.287,423.578,1.0,593.599,422.558,1.0,602.573,428.629,1.0,561.588,285.072,1.0,561.943,294.409,1.0,556.69,302.937,1.0,554.079,313.882,1.0,559.42,323.744,1.0,657.354,503.881,1.0,648.799,502.368,1.0,639.659,490.41,1.0,632.548,486.413,1.0,629.419,474.75,1.0,540.369,510.113,1.0,544.162,503.686,1.0,550.457,499.866,1.0,553.803,489.557,1.0,561.422,488.156,1.0,762.917,399.242,1.0,753.151,395.302,1.0,738.319,398.776,1.0,724.344,398.844,1.0,717.644,398.86,1.0
36,586.005,399.911,1.0,588.02,410.061,1.0,583.287,423.578,1.0,593.038,422.558,1.0,602.271,428.629,1.0,562.665,283.509,1.0,562.378,292.149,1.0,557.033,300.883,1.0,554.128,312.931,1.0,559.331,322.195,1.0,657.395,503.881,1.0,648.799,502.368,1.0,640.222,491.564,1.0,632.564,486.413,1.0,629.419,475.459,1.0,540.836,510.299,1.0,543.175,503.031,1.0,549.06,499.871,1.0,553.803,490.138,1.0,560.021,488.156,1.0,765.002,399.089,1.0,756.303,392.919,1.0,743.834,401.359,1.0,728.36,398.844,1.0,720.747,397.592,1.0
37,584.666,398.019,1.0,587.272,409.464,1.0,583.287,422.918,1.0,592.495,422.22,1.0,601.463,428.604,1.0,563.822,282.732,1.0,562.378,291.648,1.0,557.881,300.152,1.0,554.128,312.148,1.0,559.331,320.246,1.0,657.72,508.566,1.0,649.45,501.904,1.0,642.082,494.034,1.0,633.134,486.413,1.0,629.419,476.48,1.0,540.836,510.584,1.0,543.175,503.031,1.0,548.947,500.025,1.0,553.831,490.192,1.0,558.763,488.807,1.0,765.959,398.842,1.0,759.665,391.765,1.0,744.505,401.359,1.0,731.56,398.308,1.0,723.779,397.542,1.0
38,584.666,396.64,1.0,587.272,408.042,1.0,583.287,422.019,1.0,591.737,421.99,1.0,601.004,428.604,1.0,563.827,282.38,1.0,561.853,290.97,1.0,557.973,299.78,1.0,554.44,311.86,1.0,559.3,317.802,1.0,659.33,509.837,1.0,651.657,501.904,1.0,644.459,497.442,1.0,638.982,487.044,1.0,630.126,479.205,1.0,540.836,510.635,1.0,543.175,503.031,1.0,548.649,500.386,1.0,553.831,490.385,1.0,558.763,488.101,1.0,767.429,398.913,1.0,761.043,391.68,1.0,746.851,401.359,1.0,732.57,398.308,1.0,726.061,396.595,1.0
39,584.666,396.343,1.0,586.709,407.947,1.0,583.473,421.454,1.0,591.3,421.596,1.0,600.577,428.094,1.0,563.865,279.074,1.0,561.635,283.644,1.0,557.973,295.394,1.0,554.44,307.755,1.0,558.527,317.762,1.0,659.53,510.819,1.0,652.366,502.766,1.0,644.579,497.442,1.0,639.945,488.388,1.0,630.895,479.763,1.0,540.081,510.635,1.0,543.265,504.313,1.0,548.117,501.426,1.0,553.704,491.564,1.0,558.663,488.101,1.0,767.489,398.913,1.0,761.563,391.669,1.0,748.469,400.846,1.0,738.887,398.378,1.0,726.174,396.595,1.0
40,583.533,396.343,1.0,586.364,407.947,1.0,583.274,419.52,1.0,587.671,417.069,1.0,599.522,428.094,1.0,565.946,270.96,1.0,559.059,277.017,1.0,557.973,293.001,1.0,554.44,302.292,1.0,558.527,317.133,1.0,660.659,512.105,1.0,654.86,502.766,1.0,646.236,498.812,1.0,640.112,490.878,1.0,632.385,482.106,1.0,538.021,515.565,1.0,545.981,512.438,1.0,547.637,503.438,1.0,546.198,495.493,1.0,558.663,488.959,1.0,767.489,398.949,1.0,761.761,391.669,1.0,748.677,400.509,1.0,739.773,398.378,1.0,728.3,396.595,1.0
41,582.971,396.64,1.0,586.039,407.947,1.0,583.274,419.283,1.0,587.639,416.863,1.0,599.503,428.094,1.0,566.167,270.599,1.0,559.059,276.566,1.0,557.94,292.65,1.0,554.064,301.783,1.0,557.447,315.559,1.0,661.022,510.92,1.0,655.541,502.766,1.0,647.333,498.812,1.0,640.625,491.785,1.0,633.21,482.582,1.0,537.911,523.188,1.0,546.416,513.946,1.0,546.251,504.881,1.0,545.307,496.435,1.0,556.921,490.497,1.0,769.073,398.949,1.0,762.171,390.983,1.0,751.125,399.322,1.0,741.223,397.407,1.0,728.99,398.548,1.0
42,582.155,401.81,1.0,583.208,407.049,1.0,583.274,418.049,1.0,587.074,416.602,1.0,599.503,427.981,1.0,567.805,269.723,1.0,559.059,275.953,1.0,557.94,292.116,1.0,554.454,300.654,1.0,557.447,313.391,1.0,661.143,510.92,1.0,655.951,503.096,1.0,647.397,498.979,1.0,641.055,493.384,1.0,633.818,484.707,1.0,536.801,523.479,1.0,546.416,515.603,1.0,544.805,504.881,1.0,545.307,498.722,1.0,556.3,493.014,1.0,774.13,398.949,1.0,765.101,390.983,1.0,755.634,399.216,1.0,742.205,398.378,1.0,732.838,398.872,1.0
43,581.836,401.81,1.0,583.178,407.049,1.0,583.082,417.87,1.0,586.812,416.602,1.0,598.682,427.981,1.0,567.805,269.723,1.0,559.345,275.953,1.0,557.94,291.886,1.0,554.064,300.062,1.0,557.447,313.132,1.0,661.702,512.105,1.0,656.798,503.369,1.0,648.079,499.148,1.0,641.482,494.376,1.0,634.155,485.388,1.0,536.754,523.479,1.0,546.416,515.605,1.0,544.678,505.369,1.0,545.307,499.209,1.0,556.3,493.511,1.0,777.785,398.949,1.0,767.667,391.673,1.0,756.571,398.877,1.0,742.855,399.259,1.0,733.921,400.168,1.0
44,581.207,401.81,1.0,583.11,407.254,1.0,583.082,416.754,1.0,585.834,416.19,1.0,598.597,427.799,1.0,567.805,269.05,1.0,560.065,275.953,1.0,558.415,291.105,1.0,554.064,299.368,1.0,559.098,311.973,1.0,664.329,513.668,1.0,657.605,505.463,1.0,649.32,501.806,1.0,643.058,497.418,1.0,635.695,485.388,1.0,536.101,523.479,1.0,546.621,515.783,1.0,544.678,505.479,1.0,548.773,501.589,1.0,556.238,493.714,1.0,778.488,398.564,1.0,767.886,391.673,1.0,757.97,398.877,1.0,742.855,399.259,1.0,734.866,400.168,1.0
45,581.187,401.773,1.0,582.71,407.254,1.0,583.082,415.626,1.0,584.77,415.342,1.0,598.047,427.799,1.0,561.368,268.801,1.0,560.734,275.924,1.0,558.973,287.657,1.0,554.707,297.348,1.0,560.378,309.127,1.0,664.465,518.02,1.0,658.933,511.274,1.0,654.623,503.486,1.0,648.529,498.702,1.0,638.069,487.156,1.0,536.101,523.479,1.0,546.913,516.494,1.0,544.805,506.341,1.0,548.773,501.825,1.0,556.238,494.512,1.0,779.385,398.538,1.0,769.525,390.967,1.0,758.504,399.322,1.0,742.855,397.752,1.0,735.169,400.168,1.0
46,580.987,401.603,1.0,582.608,407.254,1.0,585.505,415.626,1.0,583.863,415.342,1.0,596.329,425.589,1.0,560.807,268.801,1.0,561.177,275.924,1.0,558.973,285.687,1.0,555.675,296.504,1.0,561.993,305.891,1.0,668.666,524.01,1.0,660.606,514.103,1.0,655.118,504.455,1.0,650.176,500.884,1.0,639.341,488.151,1.0,536.096,523.479,1.0,546.621,517.885,1.0,544.678,509.326,1.0,548.773,503.528,1.0,553.005,495.345,1.0,780.446,397.977,1.0,771.678,390.273,1.0,758.627,397.284,1.0,744.298,397.752,1.0,736.607,398.976,1.0
47,580.904,401.518,1.0,582.539,407.542,1.0,585.74,415.626,1.0,583.743,429.335,1.0,596.298,425.49,1.0,560.807,265.818,1.0,561.177,275.924,1.0,559.143,283.578,1.0,556.154,296.487,1.0,562.046,304.358,1.0,668.666,524.01,1.0,661.141,514.103,1.0,655.571,504.455,1.0,650.176,500.884,1.0,639.426,488.539,1.0,536.101,525.429,1.0,546.621,519.925,1.0,544.678,510.891,1.0,546.941,505.079,1.0,552.715,495.642,1.0,783.466,393.964,1.0,774.076,389.291,1.0,762.456,399.022,1.0,747.821,397.54,1.0,739.913,398.976,1.0
48,580.775,400.709,1.0,582.539,407.656,1.0,585.858,417.731,1.0,583.266,429.392,1.0,596.329,423.607,1.0,560.807,263.264,1.0,560.734,275.444,1.0,559.143,283.249,1.0,556.199,296.487,1.0,561.993,301.04,1.0,668.688,524.11,1.0,662.199,514.301,1.0,655.907,504.74,1.0,650.176,500.985,1.0,642.284,488.539,1.0,536.155,527.465,1.0,541.52,519.937,1.0,543.099,512.981,1.0,544.88,506.295,1.0,552.092,497.177,1.0,785.126,393.67,1.0,775.401,389.291,1.0,765.331,399.728,1.0,756.017,397.54,1.0,744.286,398.976,1.0
49,580.678,400.668,1.0,582.539,407.656,1.0,585.74,417.731,1.0,583.178,429.392,1.0,596.59,421.78,1.0,559.143,261.71,1.0,559.548,272.914,1.0,557.555,280.419,1.0,556.154,293.323,1.0,561.993,300.307,1.0,668.688,524.18,1.0,662.715,514.353,1.0,656.562,504.998,1.0,648.902,501.38,1.0,643.734,488.568,1.0,536.845,529.356,1.0,540.19,520.953,1.0,541.78,513.929,1.0,544.329,507.981,1.0,551.61,497.706,1.0,786.123,392.827,1.0,776.531,389.291,1.0,766.357,399.022,1.0,758.421,397.54,1.0,744.708,398.372,1.0
50,580.678,400.645,1.0,582.515,407.542,1.0,585.74,417.731,1.0,583.07,429.392,1.0,596.329,421.667,1.0,558.606,256.916,1.0,558.272,268.975,1.0,557.401,276.941,1.0,556.154,285.833,1.0,562.046,300.045,1.0,668.735,525.155,1.0,664.593,515.241,1.0,656.695,505.262,1.0,648.902,501.38,1.0,644.837,489.701,1.0,537.999,529.434,1.0,539.266,520.979,1.0,540.889,514.101,1.0,544.234,508.823,1.0,550.411,500.992,1.0,788.006,393.67,1.0,777.381,388.575,1.0,768.353,398.818,1.0,759.623,397.039,1.0,745.412,398.372,1.0
51,580.678,400.645,1.0,582.389,407.429,1.0,585.667,417.466,1.0,583.07,429.37,1.0,596.298,421.185,1.0,558.606,256.402,1.0,558.272,267.144,1.0,557.555,275.897,1.0,555.248,283.424,1.0,562.48,295.51,1.0,673.278,527.548,1.0,666.226,515.266,1.0,659.828,510.93,1.0,648.902,501.411,1.0,646.155,493.664,1.0,538.542,530.895,1.0,538.324,521.952,1.0,540.889,514.535,1.0,544.234,509.072,1.0,549.909,501.287,1.0,789.383,393.964,1.0,778.823,388.575,1.0,769.552,398.818,1.0,759.65,397.54,1.0,748.481,399.667,1.0
52,580.707,400.622,1.0,582.327,407.36,1.0,585.487,417.257,1.0,582.91,429.196,1.0,596.204,421.131,1.0,558.606,255.727,1.0,558.272,264.544,1.0,557.555,274.129,1.0,555.244,282.281,1.0,562.532,295.101,1.0,674.548,528.446,1.0,666.432,516.736,1.0,659.857,511.226,1.0,654.569,502.366,1.0,648.604,493.703,1.0,538.542,530.96,1.0,538.02,522.073,1.0,540.458,514.555,1.0,543.903,509.355,1.0,549.526,501.654,1.0,796.581,397.88,1.0,785.463,389.936,1.0,774.097,398.818,1.0,762.578,398.109,1.0,751.118,399.667,1.0
53,581.047,400.6,1.0,582.198,407.223,1.0,585.364,417.097,1.0,582.78,428.813,1.0,596.144,421.076,1.0,558.606,255.727,1.0,558.995,264.544,1.0,558.663,272.436,1.0,555.244,281.058,1.0,562.532,294.928,1.0,674.857,529.05,1.0,667.295,516.736,1.0,660.696,511.793,1.0,654.777,502.723,1.0,648.758,495.218,1.0,538.542,531.145,1.0,537.914,523.058,1.0,540.458,515.792,1.0,543.524,510.534,1.0,549.462,503.797,1.0,798.66,398.014,1.0,789.165,389.948,1.0,774.716,398.521,1.0,762.62,398.109,1.0,753.316,400.849,1.0
54,581.854,397.221,1.0,581.88,405.775,1.0,584.236,417.074,1.0,582.686,428.542,1.0,595.279,421.076,1.0,559.146,255.727,1.0,559.347,264.544,1.0,559.555,271.279,1.0,554.878,279.942,1.0,562.532,293.264,1.0,675.209,529.289,1.0,667.839,516.736,1.0,661.035,512.167,1.0,654.963,502.723,1.0,648.758,495.554,1.0,536.764,532.846,1.0,536.892,525.085,1.0,540.458,517.844,1.0,543.524,510.731,1.0,549.259,504.421,1.0,799.383,398.014,1.0,790.054,390.345,1.0,775.101,398.818,1.0,762.62,398.109,1.0,754.273,400.849,1.0
55,581.854,397.048,1.0,581.435,405.631,1.0,584.172,416.684,1.0,582.637,428.4,1.0,595.187,421.131,1.0,561.292,245.337,1.0,559.347,257.48,1.0,560.154,265.981,1.0,554.878,278.541,1.0,562.169,285.001,1.0,676.093,529.426,1.0,668.206,516.91,1.0,661.317,512.344,1.0,654.964,503.198,1.0,648.758,496.218,1.0,530.682,534.838,1.0,534.907,528.556,1.0,539.647,521.693,1.0,541.392,512.824,1.0,547.605,505.63,1.0,799.392,397.88,1.0,790.916,390.345,1.0,775.936,398.521,1.0,762.824,398.109,1.0,754.931,400.849,1.0
56,581.854,394.021,1.0,581.415,403.74,1.0,583.859,416.668,1.0,582.459,428.106,1.0,594.548,421.498,1.0,561.476,243.5,1.0,559.347,252.822,1.0,560.154,264.968,1.0,554.806,274.42,1.0,562.169,283.871,1.0,677.026,529.469,1.0,669.825,517.32,1.0,662.084,513.809,1.0,655.693,505.017,1.0,648.921,501.043,1.0,528.861,536.01,1.0,533.124,530.354,1.0,538.077,522.929,1.0,539.184,514.723,1.0,547.233,507.99,1.0,802.021,396.174,1.0,792.694,390.345,1.0,778.997,396.912,1.0,769.161,396.366,1.0,759.402,400.647,1.0
57,581.012,393.909,1.0,581.215,403.45,1.0,583.098,415.826,1.0,581.48,427.269,1.0,593.226,422.231,1.0,561.476,242.925,1.0,559.262,252.69,1.0,560.154,262.363,1.0,554.878,273.634,1.0,561.798,283.529,1.0,677.572,529.989,1.0,672.787,521.309,1.0,663.046,516.564,1.0,656.483,513.19,1.0,648.921,503.758,1.0,527.183,538.861,1.0,531.751,531.66,1.0,537.309,523.412,1.0,539.184,515.176,1.0,547.233,508.516,1.0,802.964,391.606,1.0,792.961,388.406,1.0,784.582,396.491,1.0,772.292,396.304,1.0,762.273,400.647,1.0
58,579.98,391.064,1.0,581.161,401.745,1.0,581.96,413.455,1.0,581.48,425.771,1.0,591.526,422.815,1.0,561.476,242.874,1.0,558.326,252.569,1.0,556.904,262.031,1.0,554.65,272.804,1.0,562.169,283.091,1.0,677.623,531.545,1.0,672.787,523.089,1.0,664.03,518.114,1.0,658.624,513.655,1.0,650.629,505.398,1.0,527.183,539.19,1.0,531.688,532.451,1.0,536.349,523.928,1.0,538.007,516.705,1.0,546.639,509.786,1.0,806.052,389.878,1.0,794.081,387.868,1.0,786.196,396.491,1.0,774.152,395.691,1.0,765.209,400.647,1.0
59,579.965,390.363,1.0,580.149,400.844,1.0,580.68,412.548,1.0,581.307,424.937,1.0,589.417,422.815,1.0,561.204,241.484,1.0,558.085,250.229,1.0,555.482,261.899,1.0,553.536,270.179,1.0,562.293,282.166,1.0,677.623,534.499,1.0,672.787,524.906,1.0,665.792,518.834,1.0,660.2,513.655,1.0,651.38,506.322,1.0,527.105,540.064,1.0,530.979,532.587,1.0,536.08,524.109,1.0,536.735,517.85,1.0,546.395,511.9,1.0,807.499,389.015,1.0,795.368,387.853,1.0,787.413,396.455,1.0,776.757,395.691,1.0,766.337,400.647,1.0
60,579.965,390.306,1.0,580.084,400.839,1.0,580.646,412.386,1.0,581.307,424.578,1.0,589.042,422.815,1.0,555.853,238.089,1.0,558.085,249.238,1.0,555.482,256.262,1.0,553.134,264.663,1.0,563.118,279.128,1.0,677.572,538.406,1.0,674.023,525.174,1.0,665.98,519.026,1.0,660.407,513.868,1.0,651.513,506.322,1.0,527.105,540.821,1.0,531.688,532.644,1.0,535.94,524.648,1.0,536.545,518.043,1.0,546.3,512.361,1.0,807.993,388.568,1.0,795.906,387.853,1.0,788.166,395.876,1.0,778.174,394.81,1.0,767.713,400.647,1.0
61,579.98,390.22,1.0,579.962,396.559,1.0,580.646,411.754,1.0,581.609,423.699,1.0,588.585,422.78,1.0,554.966,237.92,1.0,558.053,247.594,1.0,555.482,256.2,1.0,553.134,263.516,1.0,563.684,278.252,1.0,677.572,540.068,1.0,674.569,526.282,1.0,666.793,519.065,1.0,660.407,513.868,1.0,652.44,506.815,1.0,524.581,541.786,1.0,530.64,533.108,1.0,535.608,524.705,1.0,536.508,518.194,1.0,545.073,512.553,1.0,809.575,387.037,1.0,803.561,385.343,1.0,789.822,395.812,1.0,778.174,393.487,1.0,769.195,400.204,1.0
62,579.98,389.597,1.0,579.894,396.25,1.0,580.474,411.315,1.0,581.609,423.315,1.0,588.585,421.537,1.0,554.926,237.92,1.0,558.053,247.563,1.0,555.884,255.465,1.0,553.134,263.516,1.0,563.684,277.644,1.0,677.623,540.833,1.0,674.569,528.586,1.0,670.601,520.58,1.0,660.407,517.12,1.0,653.965,507.49,1.0,521.879,541.786,1.0,528.446,533.48,1.0,530.576,526.116,1.0,535.333,518.919,1.0,541.053,514.02,1.0,811.457,387.037,1.0,808.136,385.343,1.0,794.446,395.11,1.0,783.948,393.681,1.0,773.703,399.412,1.0
63,579.965,389.424,1.0,579.894,396.079,1.0,579.828,411.242,1.0,581.157,422.837,1.0,588.569,420.785,1.0,553.443,237.594,1.0,557.492,246.038,1.0,557.212,254.832,1.0,552.835,263.042,1.0,563.118,277.42,1.0,677.912,540.944,1.0,675.157,531.63,1.0,671.146,522.296,1.0,660.706,518.738,1.0,657.024,508.044,1.0,521.569,541.786,1.0,526.488,533.998,1.0,529.353,526.636,1.0,534.488,520.087,1.0,541.053,514.656,1.0,814.658,387.037,1.0,809.033,385.343,1.0,795.48,394.747,1.0,786.251,393.575,1.0,774.694,399.364,1.0
64,579.232,386.959,1.0,578.451,394.492,1.0,579.322,409.363,1.0,580.558,419.633,1.0,588.395,419.875,1.0,552.766,237.594,1.0,557.492,243.667,1.0,557.212,252.483,1.0,552.835,261.59,1.0,562.524,275.3,1.0,680.053,541.053,1.0,677.486,531.688,1.0,671.33,523.229,1.0,660.706,519.37,1.0,658.339,508.792,1.0,521.54,538.602,1.0,526.488,535.067,1.0,529.353,526.636,1.0,533.664,521.971,1.0,541.053,514.695,1.0,814.89,387.431,1.0,810.323,385.508,1.0,796.963,394.234,1.0,787.58,393.487,1.0,776.046,399.188,1.0
65,574.737,386.959,1.0,577.841,392.751,1.0,578.941,408.245,1.0,579.472,418.291,1.0,587.542,419.875,1.0,552.686,232.487,1.0,554.006,238.173,1.0,557.212,249.048,1.0,551.979,260.975,1.0,561.263,268.27,1.0,680.162,541.154,1.0,679.035,531.799,1.0,671.913,523.697,1.0,660.706,519.37,1.0,659.453,508.966,1.0,521.569,538.602,1.0,526.195,535.067,1.0,529.194,528.403,1.0,533.395,525.35,1.0,539.806,518.002,1.0,815.424,387.894,1.0,810.323,392.814,1.0,798.954,393.228,1.0,790.204,393.575,1.0,780.012,398.758,1.0
66,573.381,386.959,1.0,575.239,391.962,1.0,578.765,407.777,1.0,579.472,416.582,1.0,587.542,419.875,1.0,552.444,226.964,1.0,553.871,236.065,1.0,555.384,248.59,1.0,550.893,256.25,1.0,560.745,267.977,1.0,680.342,541.154,1.0,679.427,531.799,1.0,672.201,525.468,1.0,662.064,519.443,1.0,661.038,508.971,1.0,521.569,538.602,1.0,525.111,535.374,1.0,527.934,529.779,1.0,531.828,526.858,1.0,539.781,518.435,1.0,824.025,387.894,1.0,810.323,393.527,1.0,804.136,391.112,1.0,790.667,393.681,1.0,782.11,397.78,1.0
67,571.087,386.959,1.0,574.408,391.117,1.0,578.473,407.777,1.0,579.472,416.273,1.0,588.395,420.0,1.0,552.444,226.05,1.0,553.276,235.903,1.0,554.519,247.811,1.0,550.884,254.104,1.0,560.508,267.231,1.0,680.783,541.227,1.0,679.427,532.21,1.0,672.356,529.124,1.0,666.725,519.941,1.0,661.359,511.19,1.0,521.54,545.094,1.0,523.658,537.892,1.0,527.934,531.694,1.0,531.828,527.016,1.0,539.781,519.331,1.0,824.786,387.752,1.0,810.592,393.527,1.0,805.671,391.112,1.0,793.5,393.62,1.0,785.645,396.868,1.0
68,568.812,385.378,1.0,573.181,390.869,1.0,578.453,407.61,1.0,580.681,412.939,1.0,592.053,420.847,1.0,552.301,225.97,1.0,553.018,235.272,1.0,554.265,247.507,1.0,550.827,252.124,1.0,560.508,266.715,1.0,683.338,543.656,1.0,679.643,534.432,1.0,672.536,529.746,1.0,667.689,520.458,1.0,662.841,512.915,1.0,520.478,549.804,1.0,520.827,542.315,1.0,525.356,536.185,1.0,527.804,528.688,1.0,536.458,519.428,1.0,825.386,387.431,1.0,812.158,393.154,1.0,806.291,391.024,1.0,793.994,393.62,1.0,786.068,396.797,1.0
69,568.67,385.378,1.0,572.09,390.204,1.0,578.109,406.11,1.0,580.94,412.381,1.0,592.053,420.847,1.0,549.841,224.527,1.0,552.273,232.502,1.0,553.555,242.212,1.0,550.827,250.58,1.0,560.311,261.781,1.0,685.257,545.632,1.0,679.643,539.546,1.0,673.592,532.562,1.0,668.054,523.247,1.0,663.298,515.436,1.0,520.257,552.657,1.0,520.8,542.549,1.0,524.571,537.18,1.0,526.885,529.954,1.0,534.937,524.112,1.0,825.386,387.236,1.0,812.158,393.154,1.0,806.534,390.784,1.0,795.265,393.62,1.0,786.158,396.042,1.0
70,568.327,383.107,1.0,571.92,389.033,1.0,577.603,404.786,1.0,581.354,411.838,1.0,592.057,420.847,1.0,549.47,222.471,1.0,552.072,229.636,1.0,551.622,241.181,1.0,550.77,250.533,1.0,559.485,259.981,1.0,685.28,548.016,1.0,682.691,542.511,1.0,674.309,533.103,1.0,669.141,525.056,1.0,664.2,518.187,1.0,519.627,556.336,1.0,520.781,542.921,1.0,524.017,537.383,1.0,525.786,530.029,1.0,534.874,524.319,1.0,830.695,383.77,1.0,820.485,391.998,1.0,808.616,390.378,1.0,801.845,388.964,1.0,789.756,395.83,1.0
71,567.891,382.771,1.0,571.92,389.033,1.0,577.315,403.999,1.0,581.354,410.634,1.0,592.053,420.51,1.0,549.164,222.389,1.0,551.943,228.921,1.0,551.414,237.169,1.0,550.439,249.708,1.0,558.933,258.312,1.0,686.641,552.91,1.0,683.311,544.266,1.0,676.2,533.334,1.0,669.141,526.299,1.0,664.2,518.542,1.0,519.338,556.518,1.0,519.938,544.508,1.0,522.842,537.995,1.0,525.242,530.171,1.0,534.042,524.358,1.0,830.695,381.168,1.0,824.823,391.998,1.0,811.346,390.378,1.0,805.507,388.964,1.0,794.418,396.042,1.0
72,567.533,382.771,1.0,571.92,389.033,1.0,577.111,403.256,1.0,580.958,409.342,1.0,591.83,420.241,1.0,549.069,222.362,1.0,551.01,228.735,1.0,551.622,236.923,1.0,549.876,244.586,1.0,557.351,257.127,1.0,688.023,555.081,1.0,683.354,544.367,1.0,676.513,533.334,1.0,669.141,527.07,1.0,664.2,518.563,1.0,516.945,557.191,1.0,518.353,545.347,1.0,522.129,538.969,1.0,524.821,533.455,1.0,533.055,524.933,1.0,831.519,381.168,1.0,826.565,391.433,1.0,812.114,390.046,1.0,805.507,388.964,1.0,794.63,396.541,1.0
73,567.533,382.287,1.0,573.972,391.568,1.0,577.111,403.054,1.0,580.958,409.202,1.0,591.787,420.084,1.0,548.765,213.966,1.0,550.871,218.894,1.0,551.622,235.034,1.0,548.321,242.624,1.0,556.26,252.059,1.0,688.023,555.255,1.0,685.127,545.409,1.0,677.258,533.334,1.0,669.62,529.391,1.0,664.373,518.755,1.0,512.046,560.071,1.0,514.716,549.535,1.0,521.795,541.452,1.0,522.417,535.495,1.0,531.11,525.536,1.0,831.519,381.151,1.0,828.431,391.433,1.0,813.844,390.046,1.0,807.197,389.107,1.0,797.049,396.042,1.0
74,567.405,382.287,1.0,573.972,391.854,1.0,576.491,402.589,1.0,580.958,408.8,1.0,591.061,419.697,1.0,548.123,205.852,1.0,549.177,214.723,1.0,554.431,228.435,1.0,547.864,238.736,1.0,556.26,249.458,1.0,688.023,556.731,1.0,686.069,548.85,1.0,677.967,534.51,1.0,669.954,530.418,1.0,664.75,519.431,1.0,508.751,561.113,1.0,514.228,550.913,1.0,521.769,541.452,1.0,522.417,535.495,1.0,524.967,526.871,1.0,838.891,380.167,1.0,829.63,389.916,1.0,819.46,389.613,1.0,808.922,390.964,1.0,798.613,395.773,1.0
75,567.259,383.417,1.0,573.972,391.854,1.0,576.288,400.212,1.0,579.925,408.8,1.0,589.856,418.678,1.0,548.001,205.852,1.0,548.806,214.324,1.0,554.67,227.83,1.0,547.864,237.833,1.0,556.26,248.187,1.0,687.112,556.731,1.0,686.405,549.596,1.0,679.895,535.832,1.0,674.025,533.757,1.0,666.162,521.65,1.0,508.449,561.365,1.0,513.804,550.913,1.0,520.999,542.934,1.0,522.353,535.964,1.0,524.468,526.871,1.0,840.007,378.301,1.0,832.114,387.034,1.0,822.432,388.8,1.0,810.811,391.728,1.0,801.801,394.296,1.0
76,565.736,386.024,1.0,573.942,391.854,1.0,576.288,398.355,1.0,579.878,407.693,1.0,588.538,417.942,1.0,547.691,205.682,1.0,548.679,214.324,1.0,554.67,227.734,1.0,547.864,237.651,1.0,555.937,246.737,1.0,684.548,556.976,1.0,686.771,549.596,1.0,682.935,540.77,1.0,677.254,535.575,1.0,667.475,522.842,1.0,508.382,561.365,1.0,513.628,551.569,1.0,520.999,546.143,1.0,522.113,537.136,1.0,524.468,526.871,1.0,841.802,378.301,1.0,832.629,387.018,1.0,823.477,386.817,1.0,813.315,391.728,1.0,803.638,394.151,1.0
77,565.238,386.024,1.0,573.727,389.945,1.0,576.093,396.775,1.0,575.688,407.553,1.0,585.585,414.5,1.0,547.175,204.435,1.0,547.88,213.349,1.0,554.67,223.753,1.0,549.303,237.577,1.0,555.937,244.123,1.0,683.817,556.976,1.0,686.771,549.596,1.0,683.523,540.892,1.0,678.831,535.705,1.0,668.595,523.472,1.0,508.067,561.875,1.0,512.375,551.984,1.0,519.191,546.254,1.0,522.113,537.136,1.0,524.468,529.856,1.0,842.847,378.301,1.0,834.314,386.844,1.0,823.865,384.265,1.0,814.488,391.728,1.0,804.74,393.666,1.0
78,565.179,386.024,1.0,573.717,389.534,1.0,576.093,395.735,1.0,574.545,407.553,1.0,584.776,413.076,1.0,542.53,204.112,1.0,544.96,212.708,1.0,548.262,222.542,1.0,549.398,230.161,1.0,556.228,238.167,1.0,683.817,556.731,1.0,687.623,549.586,1.0,683.639,541.673,1.0,678.844,536.285,1.0,668.595,523.636,1.0,507.591,562.39,1.0,512.027,552.616,1.0,517.287,548.506,1.0,522.113,538.783,1.0,524.295,534.38,1.0,843.554,377.555,1.0,834.58,385.251,1.0,826.037,383.469,1.0,815.925,391.728,1.0,805.488,393.566,1.0
79,564.981,385.762,1.0,573.717,389.41,1.0,576.093,395.104,1.0,574.33,407.553,1.0,584.776,412.649,1.0,541.937,202.576,1.0,544.749,210.986,1.0,548.031,220.662,1.0,549.398,227.98,1.0,554.704,236.357,1.0,683.817,556.976,1.0,688.376,549.586,1.0,684.006,542.12,1.0,678.844,536.713,1.0,668.923,524.714,1.0,507.307,563.368,1.0,512.027,557.773,1.0,515.058,552.424,1.0,520.783,543.696,1.0,523.863,535.663,1.0,844.329,377.555,1.0,839.463,384.617,1.0,828.249,383.469,1.0,819.611,392.321,1.0,808.88,393.001,1.0
80,564.817,385.54,1.0,573.361,388.863,1.0,576.093,394.836,1.0,573.004,407.207,1.0,582.41,412.291,1.0,541.937,202.422,1.0,544.578,210.986,1.0,547.504,219.622,1.0,549.303,226.425,1.0,551.565,236.33,1.0,691.266,557.217,1.0,688.376,549.586,1.0,684.556,543.565,1.0,678.973,538.278,1.0,669.02,525.549,1.0,506.589,564.068,1.0,512.027,559.162,1.0,514.996,552.511,1.0,518.832,543.696,1.0,521.329,535.97,1.0,852.581,377.609,1.0,845.442,384.499,1.0,830.933,384.265,1.0,820.324,392.321,1.0,812.974,392.83,1.0
81,564.753,385.178,1.0,573.253,388.863,1.0,576.085,394.836,1.0,572.588,407.165,1.0,582.41,412.291,1.0,541.937,202.009,1.0,544.749,202.094,1.0,547.504,216.874,1.0,548.776,222.893,1.0,551.565,234.434,1.0,696.981,563.977,1.0,690.002,554.381,1.0,687.869,548.058,1.0,678.973,538.657,1.0,670.171,529.923,1.0,506.589,564.457,1.0,512.335,560.691,1.0,514.764,553.724,1.0,518.742,544.587,1.0,521.272,536.838,1.0,855.244,377.609,1.0,845.442,383.905,1.0,833.576,384.82,1.0,822.801,392.321,1.0,813.041,392.484,1.0
82,564.654,385.057,1.0,573.149,388.849,1.0,576.039,394.791,1.0,572.56,406.827,1.0,582.41,412.291,1.0,542.977,192.02,1.0,544.749,202.094,1.0,547.504,214.557,1.0,548.776,221.768,1.0,549.056,234.19,1.0,697.867,564.102,1.0,690.944,555.082,1.0,688.053,549.369,1.0,678.844,540.495,1.0,673.061,533.842,1.0,505.338,566.222,1.0,512.335,561.797,1.0,513.387,553.751,1.0,517.546,544.902,1.0,521.156,537.511,1.0,856.625,377.609,1.0,847.0,383.417,1.0,835.074,384.82,1.0,824.919,392.318,1.0,813.834,392.417,1.0
83,564.244,385.023,1.0,572.092,388.588,1.0,576.039,394.384,1.0,572.56,406.827,1.0,581.262,412.558,1.0,543.347,191.447,1.0,546.13,201.556,1.0,547.245,211.857,1.0,548.437,218.91,1.0,546.614,229.245,1.0,698.55,564.552,1.0,691.356,557.196,1.0,688.053,550.345,1.0,678.973,541.101,1.0,673.95,533.97,1.0,505.048,571.093,1.0,512.335,563.045,1.0,511.586,554.779,1.0,515.035,547.631,1.0,520.833,540.319,1.0,858.576,383.051,1.0,848.804,383.291,1.0,838.062,384.82,1.0,824.919,390.753,1.0,814.525,392.09,1.0
84,563.089,382.703,1.0,569.649,386.084,1.0,575.432,393.848,1.0,572.339,406.827,1.0,581.028,412.855,1.0,543.534,191.283,1.0,546.13,201.014,1.0,547.245,208.446,1.0,548.437,218.846,1.0,546.614,227.442,1.0,698.604,564.607,1.0,693.127,557.377,1.0,688.053,550.614,1.0,679.128,541.319,1.0,674.181,534.63,1.0,505.009,572.871,1.0,509.206,566.462,1.0,510.243,558.62,1.0,513.02,552.355,1.0,520.244,540.827,1.0,861.884,383.051,1.0,855.094,379.681,1.0,838.113,382.234,1.0,828.052,389.731,1.0,820.648,391.408,1.0
85,561.327,378.505,1.0,568.583,383.48,1.0,575.222,392.764,1.0,571.572,405.78,1.0,580.535,412.855,1.0,543.534,189.112,1.0,546.13,201.014,1.0,547.038,207.229,1.0,548.437,217.503,1.0,546.45,227.198,1.0,698.741,564.832,1.0,693.532,557.444,1.0,688.053,552.209,1.0,679.722,543.016,1.0,674.252,536.848,1.0,503.687,573.258,1.0,508.4,568.494,1.0,508.945,559.046,1.0,512.751,552.355,1.0,519.499,541.125,1.0,862.357,383.051,1.0,855.685,379.332,1.0,839.207,382.234,1.0,829.313,389.089,1.0,822.419,390.943,1.0
86,561.327,375.895,1.0,563.507,379.522,1.0,571.725,391.944,1.0,571.572,402.012,1.0,579.167,412.855,1.0,543.534,187.442,1.0,544.79,201.014,1.0,545.728,206.524,1.0,548.437,214.879,1.0,546.45,224.847,1.0,702.581,569.08,1.0,696.302,561.609,1.0,688.053,552.242,1.0,680.985,543.95,1.0,678.33,537.218,1.0,503.599,573.392,1.0,508.3,568.494,1.0,508.584,559.21,1.0,511.17,552.922,1.0,517.565,541.883,1.0,862.792,381.891,1.0,856.564,378.716,1.0,840.823,382.234,1.0,831.697,388.313,1.0,823.801,390.22,1.0
87,561.201,372.642,1.0,563.507,378.491,1.0,571.725,390.514,1.0,572.339,395.53,1.0,579.167,409.472,1.0,543.229,180.426,1.0,543.68,188.291,1.0,542.691,200.579,1.0,544.777,207.78,1.0,546.613,219.763,1.0,703.28,572.402,1.0,697.512,566.937,1.0,691.174,553.416,1.0,682.645,546.951,1.0,678.904,538.28,1.0,503.599,573.985,1.0,505.93,569.386,1.0,508.46,559.372,1.0,511.136,553.034,1.0,515.967,541.883,1.0,863.433,380.779,1.0,856.887,378.716,1.0,842.082,382.234,1.0,834.232,388.313,1.0,824.827,390.689,1.0
88,561.201,372.462,1.0,563.507,378.29,1.0,571.491,390.491,1.0,572.339,395.242,1.0,578.609,407.3,1.0,542.075,179.74,1.0,543.219,187.39,1.0,542.691,199.916,1.0,544.777,205.585,1.0,546.877,219.205,1.0,703.28,573.447,1.0,698.666,568.304,1.0,693.283,554.848,1.0,683.388,549.1,1.0,679.191,539.349,1.0,503.687,575.777,1.0,505.93,569.572,1.0,507.877,561.133,1.0,511.034,554.126,1.0,514.135,545.648,1.0,866.758,380.779,1.0,857.436,375.663,1.0,846.393,382.347,1.0,837.113,388.313,1.0,827.273,390.689,1.0
89,561.201,372.124,1.0,562.598,377.479,1.0,569.721,389.794,1.0,571.572,394.561,1.0,577.589,407.164,1.0,542.075,179.285,1.0,543.68,186.83,1.0,542.691,199.175,1.0,544.777,204.136,1.0,546.613,219.042,1.0,703.28,573.768,1.0,698.733,568.304,1.0,693.304,556.258,1.0,683.51,550.061,1.0,679.305,539.349,1.0,503.137,581.133,1.0,505.217,571.982,1.0,507.011,563.918,1.0,510.882,556.981,1.0,512.831,549.633,1.0,872.564,380.779,1.0,861.071,375.368,1.0,849.839,382.83,1.0,837.785,386.347,1.0,830.58,390.439,1.0
90,560.74,372.124,1.0,562.598,377.479,1.0,569.172,389.794,1.0,571.546,394.561,1.0,577.589,406.57,1.0,542.075,179.261,1.0,543.219,186.448,1.0,542.741,196.137,1.0,546.137,202.547,1.0,546.613,218.739,1.0,703.28,573.771,1.0,699.868,568.746,1.0,693.755,557.567,1.0,684.033,550.367,1.0,679.305,539.902,1.0,503.726,583.301,1.0,504.51,574.862,1.0,507.011,567.472,1.0,508.17,557.42,1.0,511.568,552.702,1.0,873.918,381.052,1.0,862.071,375.341,1.0,852.496,383.091,1.0,839.711,384.716,1.0,831.945,390.439,1.0
91,560.238,371.65,1.0,561.954,377.456,1.0,570.367,388.942,1.0,571.546,393.846,1.0,576.477,406.358,1.0,543.51,176.93,1.0,543.177,184.978,1.0,543.346,194.698,1.0,546.137,202.042,1.0,544.538,214.292,1.0,703.28,574.323,1.0,700.861,569.12,1.0,695.148,560.236,1.0,687.691,551.428,1.0,681.279,542.544,1.0,503.726,584.317,1.0,504.51,576.362,1.0,506.733,567.974,1.0,507.813,557.724,1.0,511.568,553.306,1.0,874.85,381.618,1.0,862.46,374.562,1.0,853.766,384.693,1.0,839.711,383.617,1.0,832.953,390.439,1.0
92,558.364,371.451,1.0,560.901,377.279,1.0,570.367,388.36,1.0,570.888,393.846,1.0,575.537,405.897,1.0,543.51,174.649,1.0,542.639,184.684,1.0,543.475,191.081,1.0,546.137,200.62,1.0,542.679,212.561,1.0,711.84,577.518,1.0,702.703,569.159,1.0,695.148,564.027,1.0,689.836,556.417,1.0,684.277,546.634,1.0,503.076,589.584,1.0,505.483,576.481,1.0,505.91,568.287,1.0,507.451,557.846,1.0,511.568,553.313,1.0,876.202,381.618,1.0,868.012,373.86,1.0,854.3,384.95,1.0,841.289,383.617,1.0,833.764,388.494,1.0
93,553.381,371.227,1.0,558.404,377.127,1.0,569.821,386.551,1.0,568.564,393.846,1.0,574.727,405.13,1.0,543.569,174.473,1.0,542.522,183.627,1.0,543.623,190.69,1.0,545.728,200.544,1.0,542.679,211.201,1.0,713.212,578.777,1.0,703.767,569.997,1.0,695.918,565.339,1.0,689.876,558.58,1.0,684.47,549.431,1.0,502.792,589.584,1.0,505.305,578.584,1.0,505.284,570.149,1.0,506.208,560.779,1.0,513.282,554.358,1.0,876.79,381.618,1.0,871.441,373.86,1.0,856.419,385.933,1.0,844.457,384.716,1.0,837.479,387.059,1.0
94,553.381,369.284,1.0,558.404,377.127,1.0,569.821,385.541,1.0,568.414,392.997,1.0,574.727,405.13,1.0,543.51,174.009,1.0,542.274,183.627,1.0,543.623,190.002,1.0,540.296,199.518,1.0,542.679,209.577,1.0,713.353,578.959,1.0,703.767,571.974,1.0,697.058,566.117,1.0,690.331,560.258,1.0,685.684,550.964,1.0,502.792,588.389,1.0,505.305,580.176,1.0,505.118,570.973,1.0,506.013,563.468,1.0,513.282,556.637,1.0,877.271,379.665,1.0,872.696,373.86,1.0,858.868,386.243,1.0,850.485,386.227,1.0,840.074,385.518,1.0
95,553.381,368.73,1.0,558.404,376.774,1.0,569.821,385.541,1.0,568.414,390.522,1.0,572.64,404.638,1.0,543.427,170.83,1.0,542.125,181.752,1.0,544.008,188.111,1.0,540.296,199.257,1.0,543.998,207.439,1.0,713.353,579.217,1.0,704.267,572.131,1.0,697.058,566.294,1.0,691.091,560.569,1.0,686.045,550.964,1.0,502.792,589.822,1.0,505.305,581.321,1.0,504.462,572.96,1.0,505.92,566.642,1.0,513.282,557.927,1.0,877.993,379.319,1.0,873.474,374.614,1.0,860.478,386.243,1.0,851.884,386.227,1.0,841.112,385.518,1.0
96,555.687,368.715,1.0,558.415,376.213,1.0,569.277,385.541,1.0,568.238,390.522,1.0,572.211,403.924,1.0,538.82,166.756,1.0,541.035,173.817,1.0,544.008,184.081,1.0,540.296,193.039,1.0,545.666,206.261,1.0,713.466,583.365,1.0,704.322,575.87,1.0,700.362,567.984,1.0,690.331,561.739,1.0,686.045,551.136,1.0,504.154,589.822,1.0,504.943,582.006,1.0,503.457,573.558,1.0,505.649,567.429,1.0,510.142,559.346,1.0,877.993,379.319,1.0,873.807,374.614,1.0,861.316,386.243,1.0,853.36,386.227,1.0,841.588,385.518,1.0
97,555.687,368.715,1.0,559.053,376.774,1.0,566.724,386.605,1.0,567.811,388.509,1.0,572.211,403.924,1.0,538.569,166.007,1.0,540.043,172.602,1.0,544.042,183.978,1.0,541.88,191.838,1.0,546.314,205.474,1.0,713.233,589.279,1.0,704.74,578.735,1.0,702.384,569.218,1.0,690.331,564.937,1.0,690.777,553.571,1.0,504.284,591.21,1.0,504.943,585.531,1.0,502.764,574.518,1.0,505.649,568.068,1.0,509.749,559.346,1.0,884.262,379.319,1.0,873.904,374.614,1.0,863.933,384.312,1.0,853.94,384.63,1.0,844.949,385.796,1.0
98,555.687,368.73,1.0,559.109,376.974,1.0,566.245,386.605,1.0,567.579,388.509,1.0,578.416,404.114,1.0,538.196,165.858,1.0,539.671,172.361,1.0,544.08,183.349,1.0,542.787,191.209,1.0,546.314,204.212,1.0,713.233,591.394,1.0,707.125,580.21,1.0,702.384,569.948,1.0,692.244,564.937,1.0,690.871,553.571,1.0,504.473,591.548,1.0,504.811,585.607,1.0,502.764,574.939,1.0,505.649,568.068,1.0,509.083,560.468,1.0,888.717,379.319,1.0,877.093,373.99,1.0,868.63,384.295,1.0,854.893,382.574,1.0,847.472,386.432,1.0
99,555.326,368.73,1.0,561.898,376.774,1.0,564.958,386.605,1.0,566.682,396.626,1.0,577.782,403.633,1.0,536.712,165.137,1.0,539.474,171.418,1.0,544.042,182.314,1.0,542.787,190.111,1.0,546.314,203.566,1.0,711.949,591.394,1.0,707.997,580.6,1.0,702.968,570.291,1.0,692.003,565.02,1.0,691.137,553.894,1.0,505.116,591.621,1.0,504.279,585.616,1.0,502.764,575.404,1.0,505.92,568.486,1.0,509.083,560.697,1.0,889.888,379.279,1.0,878.207,373.386,1.0,868.865,384.295,1.0,855.954,382.574,1.0,848.546,386.432,1.0
100,555.231,368.715,1.0,561.898,376.213,1.0,564.652,386.236,1.0,564.884,396.626,1.0,577.782,403.633,1.0,535.804,163.288,1.0,539.38,171.273,1.0,543.097,181.63,1.0,542.651,188.818,1.0,545.237,199.686,1.0,711.949,591.394,1.0,709.956,580.663,1.0,703.462,570.867,1.0,692.003,565.144,1.0,691.46,554.186,1.0,505.742,594.237,1.0,504.279,587.76,1.0,502.764,577.676,1.0,505.013,568.766,1.0,509.026,561.195,1.0,889.996,374.036,1.0,882.071,373.089,1.0,870.267,384.295,1.0,855.954,381.266,1.0,849.041,386.432,1.0
101,550.881,368.586,1.0,561.898,373.563,1.0,563.12,384.953,1.0,564.884,396.084,1.0,577.782,403.633,1.0,535.194,160.011,1.0,536.222,169.376,1.0,542.325,180.192,1.0,541.88,187.463,1.0,545.237,197.21,1.0,711.949,591.757,1.0,710.865,580.6,1.0,703.462,574.503,1.0,692.115,565.579,1.0,691.616,555.201,1.0,505.938,600.736,1.0,504.652,590.324,1.0,502.764,580.989,1.0,505.013,570.711,1.0,509.016,564.099,1.0,891.434,372.929,1.0,885.257,372.95,1.0,872.837,383.671,1.0,858.354,381.109,1.0,850.317,385.36,1.0
102,550.182,368.781,1.0,561.459,373.211,1.0,562.571,384.394,1.0,564.884,396.084,1.0,577.068,402.878,1.0,532.229,159.535,1.0,536.222,167.065,1.0,539.176,175.058,1.0,540.762,187.275,1.0,543.635,195.756,1.0,715.382,590.417,1.0,710.989,580.21,1.0,703.398,575.306,1.0,692.244,567.254,1.0,692.0,557.194,1.0,505.938,604.16,1.0,504.02,590.764,1.0,502.89,583.82,1.0,505.013,574.002,1.0,507.827,566.422,1.0,893.585,372.451,1.0,886.3,370.803,1.0,875.621,380.679,1.0,866.339,378.83,1.0,856.563,385.36,1.0
103,549.921,371.968,1.0,560.503,372.724,1.0,561.859,383.582,1.0,564.09,390.291,1.0,573.541,397.653,1.0,532.229,159.137,1.0,536.222,166.493,1.0,538.934,174.643,1.0,539.418,186.26,1.0,542.377,195.74,1.0,722.714,590.417,1.0,712.287,579.931,1.0,703.462,576.8,1.0,694.501,567.254,1.0,692.816,557.472,1.0,505.938,604.522,1.0,504.15,590.86,1.0,502.89,583.908,1.0,504.835,575.48,1.0,507.09,567.887,1.0,895.425,372.451,1.0,888.443,370.551,1.0,877.427,378.382,1.0,868.21,378.83,1.0,858.297,385.033,1.0
104,548.171,371.968,1.0,559.037,371.933,1.0,559.566,381.588,1.0,563.925,389.935,1.0,573.541,397.439,1.0,532.042,158.771,1.0,534.709,164.291,1.0,538.934,174.315,1.0,538.521,184.153,1.0,542.377,193.551,1.0,723.243,591.757,1.0,712.359,579.931,1.0,704.049,576.8,1.0,695.748,567.799,1.0,694.546,559.169,1.0,505.938,604.596,1.0,504.15,590.86,1.0,505.06,585.026,1.0,503.899,575.827,1.0,506.107,567.974,1.0,897.392,372.929,1.0,888.692,369.809,1.0,879.554,377.789,1.0,869.729,378.443,1.0,861.464,383.819,1.0
105,548.144,372.083,1.0,558.798,371.742,1.0,558.939,381.406,1.0,564.226,388.945,1.0,573.541,397.364,1.0,532.042,157.217,1.0,534.408,163.767,1.0,538.574,173.81,1.0,538.309,181.832,1.0,543.605,190.168,1.0,724.03,592.007,1.0,714.276,579.931,1.0,705.497,578.96,1.0,702.341,568.286,1.0,695.032,559.299,1.0,505.938,605.417,1.0,504.15,590.996,1.0,505.7,586.373,1.0,503.353,576.182,1.0,506.107,568.221,1.0,899.677,373.447,1.0,889.074,369.809,1.0,880.561,377.428,1.0,872.047,378.443,1.0,862.198,383.819,1.0
106,547.982,372.083,1.0,558.631,371.618,1.0,558.939,380.538,1.0,563.925,388.712,1.0,574.029,396.815,1.0,532.229,149.283,1.0,534.516,156.837,1.0,538.574,169.54,1.0,536.553,179.656,1.0,543.237,188.574,1.0,725.211,592.336,1.0,714.748,580.395,1.0,706.116,579.105,1.0,702.524,569.175,1.0,695.902,560.394,1.0,505.844,605.509,1.0,504.131,593.843,1.0,505.7,586.81,1.0,500.776,578.354,1.0,505.824,571.716,1.0,902.449,380.784,1.0,893.913,369.809,1.0,883.313,377.428,1.0,873.033,378.946,1.0,864.126,383.221,1.0
107,547.779,371.968,1.0,558.426,371.044,1.0,558.939,380.195,1.0,563.459,387.067,1.0,574.029,396.815,1.0,532.373,148.704,1.0,534.516,155.202,1.0,535.925,168.346,1.0,534.917,176.658,1.0,543.237,188.186,1.0,725.301,592.336,1.0,714.895,581.843,1.0,706.356,579.516,1.0,702.682,569.175,1.0,696.56,562.465,1.0,502.204,606.154,1.0,504.131,599.833,1.0,505.084,590.537,1.0,500.776,583.046,1.0,504.956,572.837,1.0,910.084,381.381,1.0,899.819,369.809,1.0,886.364,377.428,1.0,874.569,379.905,1.0,866.413,380.871,1.0
108,548.144,371.569,1.0,557.302,370.925,1.0,560.974,377.404,1.0,562.8,386.673,1.0,574.029,396.759,1.0,532.767,147.277,1.0,534.516,154.778,1.0,535.925,167.693,1.0,534.917,176.412,1.0,543.605,187.866,1.0,725.87,593.611,1.0,716.093,581.877,1.0,706.969,579.945,1.0,702.853,570.753,1.0,696.701,564.15,1.0,501.156,606.389,1.0,503.819,601.267,1.0,505.084,592.274,1.0,500.776,583.279,1.0,503.598,573.985,1.0,910.827,381.381,1.0,900.735,370.024,1.0,887.064,379.414,1.0,874.793,380.007,1.0,867.134,380.871,1.0
109,547.682,368.544,1.0,553.56,369.73,1.0,561.012,377.363,1.0,561.671,385.823,1.0,573.043,396.739,1.0,532.819,147.046,1.0,534.516,153.447,1.0,535.922,166.032,1.0,534.803,175.104,1.0,543.296,186.906,1.0,729.511,593.884,1.0,719.355,584.116,1.0,709.743,581.314,1.0,703.124,577.639,1.0,697.193,564.865,1.0,499.679,607.19,1.0,503.819,602.814,1.0,505.084,593.262,1.0,504.199,583.593,1.0,503.123,574.369,1.0,911.209,381.381,1.0,901.775,370.024,1.0,887.284,379.414,1.0,875.261,380.007,1.0,867.344,380.871,1.0
110,547.339,366.616,1.0,553.383,369.305,1.0,561.669,376.43,1.0,561.671,384.284,1.0,572.628,396.815,1.0,533.144,143.323,1.0,534.516,149.299,1.0,535.63,161.316,1.0,534.803,172.332,1.0,543.237,181.608,1.0,729.542,595.466,1.0,719.355,589.654,1.0,714.681,584.274,1.0,707.598,577.9,1.0,698.502,565.241,1.0,499.112,608.839,1.0,503.283,603.595,1.0,504.929,593.316,1.0,504.199,584.257,1.0,503.123,574.369,1.0,911.659,378.697,1.0,902.573,369.775,1.0,890.597,379.414,1.0,877.825,379.905,1.0,869.599,380.872,1.0
111,547.129,360.09,1.0,552.709,367.238,1.0,561.669,376.43,1.0,561.671,382.213,1.0,572.457,396.739,1.0,533.144,139.386,1.0,532.747,149.22,1.0,535.462,161.191,1.0,534.803,168.742,1.0,542.566,179.151,1.0,729.568,596.213,1.0,719.457,590.52,1.0,715.45,584.432,1.0,708.521,579.769,1.0,699.734,566.124,1.0,499.112,609.643,1.0,503.283,603.615,1.0,504.275,594.147,1.0,504.199,584.257,1.0,503.123,575.267,1.0,914.445,375.97,1.0,904.751,369.961,1.0,894.009,378.432,1.0,884.961,379.375,1.0,873.134,381.12,1.0
112,547.129,359.852,1.0,552.493,367.093,1.0,561.669,375.508,1.0,562.042,381.401,1.0,569.958,396.59,1.0,533.041,138.779,1.0,532.747,149.005,1.0,535.451,160.632,1.0,535.082,168.329,1.0,540.274,176.895,1.0,729.568,596.434,1.0,720.248,591.088,1.0,716.409,584.714,1.0,710.058,580.771,1.0,699.769,566.124,1.0,499.112,611.002,1.0,503.439,605.448,1.0,502.638,597.826,1.0,503.318,590.694,1.0,503.123,577.424,1.0,915.896,374.788,1.0,906.06,369.713,1.0,896.688,378.303,1.0,887.927,379.092,1.0,875.265,381.207,1.0
113,546.101,358.381,1.0,548.752,364.385,1.0,558.279,375.224,1.0,563.139,381.216,1.0,569.821,396.409,1.0,532.819,138.647,1.0,532.607,149.005,1.0,535.08,160.414,1.0,534.971,168.224,1.0,538.396,175.965,1.0,729.675,597.444,1.0,721.903,592.436,1.0,717.135,584.772,1.0,710.058,582.445,1.0,700.001,566.124,1.0,504.076,611.868,1.0,503.283,606.377,1.0,502.638,599.608,1.0,503.221,590.694,1.0,502.658,579.366,1.0,917.876,374.208,1.0,907.641,369.687,1.0,897.574,378.303,1.0,890.203,379.092,1.0,875.972,381.12,1.0
114,544.901,357.178,1.0,548.326,363.391,1.0,556.473,374.318,1.0,563.139,381.101,1.0,568.982,392.742,1.0,530.966,135.378,1.0,532.117,145.452,1.0,533.715,157.474,1.0,534.971,163.031,1.0,538.13,173.304,1.0,730.458,597.942,1.0,723.482,593.178,1.0,717.66,585.101,1.0,708.521,583.444,1.0,700.64,568.473,1.0,504.977,611.868,1.0,503.382,606.377,1.0,502.597,599.608,1.0,502.637,591.648,1.0,502.497,579.934,1.0,919.701,374.208,1.0,908.153,369.334,1.0,899.286,378.432,1.0,891.187,379.375,1.0,877.42,381.418,1.0
115,543.543,355.798,1.0,548.317,362.27,1.0,556.393,374.343,1.0,563.139,380.613,1.0,568.859,391.471,1.0,528.617,131.694,1.0,531.121,137.177,1.0,533.269,149.865,1.0,534.397,160.708,1.0,537.435,171.689,1.0,732.898,606.716,1.0,726.398,599.335,1.0,720.346,586.207,1.0,706.866,583.913,1.0,706.547,572.837,1.0,506.287,611.868,1.0,503.382,606.377,1.0,502.441,600.384,1.0,502.637,591.648,1.0,502.497,580.295,1.0,922.405,374.208,1.0,915.433,369.269,1.0,901.909,378.697,1.0,891.335,379.599,1.0,883.482,381.628,1.0
116,543.452,355.798,1.0,548.025,362.174,1.0,556.096,374.144,1.0,562.726,380.408,1.0,568.913,391.424,1.0,528.237,131.295,1.0,530.379,136.74,1.0,533.269,149.689,1.0,533.892,160.145,1.0,537.435,169.729,1.0,732.898,606.833,1.0,726.693,600.492,1.0,720.565,587.211,1.0,706.866,584.654,1.0,706.547,574.652,1.0,507.588,610.191,1.0,503.271,604.472,1.0,502.441,600.973,1.0,502.637,589.587,1.0,502.497,580.65,1.0,927.117,374.317,1.0,918.989,369.269,1.0,904.387,380.013,1.0,892.192,379.599,1.0,884.873,381.628,1.0
117,543.168,355.542,1.0,547.643,362.174,1.0,555.78,374.01,1.0,562.458,379.935,1.0,568.913,391.266,1.0,527.238,129.096,1.0,530.282,135.425,1.0,533.204,149.453,1.0,533.142,159.646,1.0,537.184,166.861,1.0,732.997,606.833,1.0,726.954,600.644,1.0,721.042,590.865,1.0,706.866,584.654,1.0,706.96,575.188,1.0,509.878,610.191,1.0,503.271,604.472,1.0,502.958,601.804,1.0,502.637,589.587,1.0,502.668,581.512,1.0,928.296,374.317,1.0,920.203,369.269,1.0,905.769,380.013,1.0,892.76,379.599,1.0,885.026,380.839,1.0
118,542.759,355.476,1.0,547.134,362.174,1.0,554.904,374.01,1.0,561.5,379.935,1.0,568.859,390.708,1.0,527.238,128.041,1.0,529.129,135.138,1.0,533.204,148.892,1.0,533.051,158.912,1.0,536.832,165.234,1.0,732.997,606.904,1.0,727.351,600.644,1.0,721.248,591.461,1.0,707.473,584.654,1.0,707.35,575.37,1.0,510.203,610.191,1.0,503.382,604.472,1.0,503.023,602.385,1.0,502.637,591.902,1.0,503.011,582.092,1.0,929.279,374.317,1.0,920.626,369.269,1.0,906.42,380.013,1.0,895.842,377.558,1.0,887.404,381.831,1.0
119,541.738,355.299,1.0,544.505,361.934,1.0,553.646,372.943,1.0,555.981,373.277,1.0,566.311,388.948,1.0,527.238,126.02,1.0,529.073,135.004,1.0,530.846,143.781,1.0,532.54,155.603,1.0,535.115,163.63,1.0,734.256,606.833,1.0,727.959,600.644,1.0,722.845,592.121,1.0,715.359,583.296,1.0,708.614,575.48,1.0,512.718,611.037,1.0,504.389,605.612,1.0,503.252,602.385,1.0,502.132,590.942,1.0,503.226,582.314,1.0,929.717,371.466,1.0,921.446,369.269,1.0,912.049,377.397,1.0,902.22,376.62,1.0,890.137,381.831,1.0
120,539.519,354.848,1.0,544.505,361.894,1.0,553.409,371.854,1.0,552.888,371.516,1.0,565.605,387.839,1.0,527.497,124.239,1.0,527.763,134.588,1.0,529.772,143.171,1.0,531.67,151.511,1.0,533.336,160.262,1.0,740.45,606.33,1.0,730.902,594.843,1.0,723.131,592.32,1.0,717.54,582.378,1.0,710.494,575.37,1.0,512.718,611.333,1.0,504.911,605.953,1.0,504.542,602.385,1.0,501.7,590.942,1.0,503.785,582.411,1.0,935.528,370.938,1.0,923.922,369.643,1.0,914.643,375.772,1.0,902.959,375.754,1.0,893.43,380.839,1.0
121,538.371,354.026,1.0,544.505,361.18,1.0,552.252,371.119,1.0,552.547,371.438,1.0,563.933,386.935,1.0,527.805,121.967,1.0,527.15,132.391,1.0,527.994,140.341,1.0,530.635,149.244,1.0,533.285,157.119,1.0,742.202,605.595,1.0,732.548,594.661,1.0,724.241,592.321,1.0,718.711,582.378,1.0,712.157,575.753,1.0,512.956,614.83,1.0,509.729,608.648,1.0,504.674,603.076,1.0,501.296,593.888,1.0,503.765,582.532,1.0,937.146,370.644,1.0,925.259,369.643,1.0,915.938,375.772,1.0,903.849,375.754,1.0,894.182,380.447,1.0
122,537.919,354.026,1.0,545.141,359.852,1.0,552.127,369.018,1.0,552.547,371.185,1.0,562.366,384.435,1.0,527.805,119.111,1.0,527.15,131.128,1.0,527.994,139.331,1.0,530.635,147.008,1.0,533.336,155.846,1.0,743.781,605.491,1.0,733.724,594.661,1.0,724.555,592.321,1.0,719.338,582.447,1.0,712.923,575.753,1.0,514.173,619.613,1.0,509.911,609.836,1.0,505.162,603.076,1.0,500.974,593.888,1.0,503.765,582.656,1.0,937.194,370.482,1.0,928.381,377.522,1.0,916.396,375.772,1.0,906.966,375.541,1.0,897.116,382.171,1.0
123,537.43,354.115,1.0,545.141,358.666,1.0,551.977,368.256,1.0,552.547,370.874,1.0,561.301,383.684,1.0,527.682,117.656,1.0,527.15,124.641,1.0,527.994,134.681,1.0,530.542,142.614,1.0,533.285,155.78,1.0,743.781,605.491,1.0,734.158,594.661,1.0,725.107,592.853,1.0,719.792,583.296,1.0,713.043,576.241,1.0,515.463,622.339,1.0,513.757,612.795,1.0,505.162,604.741,1.0,500.974,594.013,1.0,503.765,585.213,1.0,939.044,370.482,1.0,931.865,377.522,1.0,919.343,375.772,1.0,907.675,374.903,1.0,899.596,380.447,1.0
124,537.341,354.026,1.0,545.141,358.666,1.0,551.67,367.701,1.0,552.909,370.715,1.0,561.194,383.475,1.0,527.682,113.132,1.0,526.428,122.086,1.0,528.623,134.277,1.0,530.542,141.915,1.0,533.285,153.017,1.0,743.781,605.491,1.0,734.269,594.843,1.0,725.456,592.958,1.0,719.792,584.049,1.0,713.043,577.89,1.0,514.879,622.833,1.0,513.757,613.989,1.0,505.162,606.115,1.0,500.974,597.731,1.0,502.904,585.623,1.0,939.753,370.482,1.0,932.571,377.522,1.0,920.894,375.479,1.0,913.575,374.334,1.0,902.713,379.915,1.0
125,536.614,353.402,1.0,544.955,358.258,1.0,551.67,367.701,1.0,552.909,370.874,1.0,560.468,382.428,1.0,527.582,111.91,1.0,526.555,121.111,1.0,528.623,131.95,1.0,530.463,140.322,1.0,530.731,150.086,1.0,742.436,606.588,1.0,734.818,595.575,1.0,725.499,593.23,1.0,719.792,584.194,1.0,712.923,578.532,1.0,515.463,622.833,1.0,513.757,613.989,1.0,504.595,606.126,1.0,500.351,599.864,1.0,501.97,587.842,1.0,940.36,370.752,1.0,933.209,376.776,1.0,923.395,376.014,1.0,914.662,374.178,1.0,905.112,379.915,1.0
126,536.001,353.112,1.0,544.264,358.258,1.0,549.669,367.701,1.0,552.909,370.874,1.0,559.545,382.428,1.0,527.336,111.181,1.0,526.555,120.745,1.0,529.088,130.324,1.0,530.189,139.31,1.0,529.073,150.002,1.0,741.808,609.37,1.0,734.818,600.384,1.0,725.499,594.284,1.0,719.725,590.799,1.0,711.699,581.74,1.0,515.463,622.919,1.0,511.111,613.989,1.0,504.551,606.895,1.0,500.52,599.864,1.0,501.97,588.624,1.0,943.185,370.891,1.0,934.232,376.065,1.0,925.483,376.014,1.0,915.623,373.318,1.0,906.459,379.693,1.0
127,533.182,350.505,1.0,542.449,358.239,1.0,546.455,366.535,1.0,549.838,374.109,1.0,558.626,381.93,1.0,527.269,111.065,1.0,526.153,119.736,1.0,529.368,129.156,1.0,529.896,139.153,1.0,529.073,149.477,1.0,733.411,610.382,1.0,734.269,601.457,1.0,725.499,594.284,1.0,719.792,591.313,1.0,711.241,581.74,1.0,515.897,622.833,1.0,511.111,615.913,1.0,504.551,607.218,1.0,501.982,600.002,1.0,501.97,588.715,1.0,946.781,371.005,1.0,942.402,375.322,1.0,926.402,375.238,1.0,919.53,373.318,1.0,908.913,379.139,1.0
128,531.649,347.674,1.0,540.453,357.761,1.0,543.455,366.143,1.0,549.377,374.585,1.0,558.324,381.088,1.0,522.954,107.304,1.0,525.713,116.883,1.0,530.134,125.747,1.0,528.824,136.448,1.0,529.073,148.168,1.0,728.666,611.176,1.0,734.256,602.25,1.0,725.436,594.637,1.0,719.958,591.497,1.0,711.241,581.821,1.0,516.209,622.833,1.0,511.111,614.753,1.0,504.551,606.895,1.0,501.982,599.864,1.0,502.2,589.375,1.0,951.992,371.427,1.0,947.652,375.322,1.0,933.59,375.238,1.0,920.275,373.35,1.0,912.79,378.153,1.0
129,527.133,347.459,1.0,536.154,357.674,1.0,542.352,365.346,1.0,549.337,374.585,1.0,558.324,379.884,1.0,522.011,105.724,1.0,525.288,112.225,1.0,531.208,122.589,1.0,526.619,133.588,1.0,530.958,143.034,1.0,728.666,613.484,1.0,734.256,602.39,1.0,725.38,595.1,1.0,720.022,592.097,1.0,711.648,581.928,1.0,516.209,622.296,1.0,512.245,614.657,1.0,505.65,606.895,1.0,501.982,599.727,1.0,504.611,589.761,1.0,952.307,371.427,1.0,947.652,375.322,1.0,933.59,375.238,1.0,920.791,373.35,1.0,913.203,378.031,1.0
130,527.118,347.459,1.0,535.833,357.374,1.0,542.31,365.332,1.0,549.337,374.109,1.0,558.324,379.114,1.0,520.761,105.181,1.0,523.496,111.374,1.0,531.492,122.05,1.0,526.619,130.763,1.0,531.398,142.076,1.0,728.666,620.063,1.0,734.256,608.968,1.0,725.38,595.637,1.0,720.335,593.29,1.0,711.648,582.99,1.0,515.897,621.33,1.0,512.245,614.657,1.0,505.89,606.693,1.0,501.982,599.516,1.0,504.611,589.84,1.0,954.875,370.891,1.0,949.076,375.322,1.0,935.21,375.207,1.0,921.21,373.401,1.0,913.741,378.031,1.0
131,527.108,347.304,1.0,535.782,357.001,1.0,542.018,365.008,1.0,549.337,373.998,1.0,558.856,378.182,1.0,520.146,104.774,1.0,522.36,110.579,1.0,531.492,121.043,1.0,526.619,128.192,1.0,532.048,141.841,1.0,731.342,622.022,1.0,735.211,611.161,1.0,725.38,598.074,1.0,721.742,593.54,1.0,714.805,585.612,1.0,512.881,619.924,1.0,512.245,614.657,1.0,505.946,605.598,1.0,501.982,598.751,1.0,504.611,590.743,1.0,954.875,367.197,1.0,949.248,375.096,1.0,935.793,371.358,1.0,924.821,376.635,1.0,915.4,377.352,1.0
132,526.847,347.459,1.0,535.782,356.584,1.0,541.867,365.006,1.0,548.918,372.374,1.0,558.856,378.182,1.0,519.034,104.287,1.0,520.203,108.591,1.0,531.208,119.309,1.0,527.04,128.011,1.0,532.993,141.782,1.0,731.525,622.6,1.0,735.385,611.58,1.0,727.814,598.406,1.0,724.306,594.163,1.0,716.712,585.814,1.0,502.73,619.924,1.0,508.171,611.457,1.0,505.946,605.598,1.0,501.312,598.751,1.0,504.272,590.751,1.0,955.692,365.693,1.0,950.53,374.676,1.0,937.812,371.206,1.0,929.806,377.311,1.0,920.675,377.976,1.0
133,526.628,347.737,1.0,534.266,356.123,1.0,541.374,364.616,1.0,548.413,371.75,1.0,558.856,378.182,1.0,518.288,101.655,1.0,520.168,107.224,1.0,528.488,116.162,1.0,527.257,126.879,1.0,532.993,141.651,1.0,731.987,622.937,1.0,735.385,613.026,1.0,730.579,601.445,1.0,725.353,595.721,1.0,718.007,585.814,1.0,500.645,604.943,1.0,506.097,611.399,1.0,505.946,605.598,1.0,500.76,598.751,1.0,503.499,590.751,1.0,956.426,365.693,1.0,950.749,374.291,1.0,938.175,370.898,1.0,930.412,377.311,1.0,920.935,377.976,1.0
134,526.371,349.879,1.0,532.863,355.85,1.0,541.374,364.379,1.0,547.094,371.42,1.0,558.418,378.754,1.0,518.288,99.629,1.0,520.099,107.114,1.0,527.881,115.546,1.0,527.257,125.601,1.0,532.993,139.635,1.0,731.987,623.499,1.0,735.385,614.01,1.0,730.579,602.101,1.0,725.892,595.721,1.0,718.366,585.814,1.0,495.994,604.52,1.0,501.012,610.065,1.0,505.946,607.204,1.0,499.189,600.823,1.0,503.303,590.743,1.0,957.895,365.693,1.0,952.21,373.007,1.0,940.288,370.876,1.0,934.324,376.635,1.0,922.643,377.976,1.0
135,524.655,349.879,1.0,530.216,355.083,1.0,541.152,363.426,1.0,545.657,368.63,1.0,556.934,378.754,1.0,518.288,98.521,1.0,519.702,105.877,1.0,526.026,114.341,1.0,527.04,122.453,1.0,528.924,133.157,1.0,732.402,623.772,1.0,734.732,616.021,1.0,731.188,603.813,1.0,726.118,598.168,1.0,718.642,587.005,1.0,493.24,603.373,1.0,500.176,605.208,1.0,504.68,608.195,1.0,499.189,601.827,1.0,501.939,589.084,1.0,965.994,366.179,1.0,958.241,371.896,1.0,944.593,370.718,1.0,936.256,375.196,1.0,925.693,377.799,1.0
136,524.578,349.879,1.0,529.407,354.028,1.0,541.152,362.251,1.0,544.314,368.234,1.0,555.239,378.754,1.0,518.295,95.569,1.0,519.702,104.95,1.0,525.659,113.446,1.0,526.745,122.198,1.0,528.893,132.794,1.0,732.51,624.682,1.0,734.732,618.295,1.0,731.188,607.477,1.0,727.5,598.168,1.0,719.358,587.598,1.0,491.888,598.265,1.0,497.222,604.999,1.0,504.543,608.195,1.0,498.092,602.632,1.0,501.776,586.817,1.0,968.345,366.179,1.0,958.241,371.554,1.0,949.617,370.822,1.0,937.213,375.097,1.0,926.394,377.799,1.0
137,523.481,349.431,1.0,526.639,352.855,1.0,540.561,359.379,1.0,542.669,366.724,1.0,552.612,377.136,1.0,518.496,95.231,1.0,519.702,104.309,1.0,524.886,112.159,1.0,526.566,122.013,1.0,528.0,132.789,1.0,732.402,625.42,1.0,734.732,618.833,1.0,732.227,609.509,1.0,727.512,598.168,1.0,720.102,589.168,1.0,490.764,598.114,1.0,496.091,602.66,1.0,504.118,608.195,1.0,498.05,603.147,1.0,501.776,586.725,1.0,969.487,366.697,1.0,959.528,371.554,1.0,951.052,370.822,1.0,938.084,375.083,1.0,926.937,377.674,1.0
138,521.901,349.071,1.0,525.611,351.118,1.0,540.512,358.024,1.0,541.953,363.166,1.0,552.612,375.252,1.0,519.115,94.574,1.0,520.262,98.679,1.0,523.775,111.485,1.0,524.426,120.437,1.0,528.0,128.331,1.0,731.621,625.582,1.0,734.732,618.933,1.0,733.533,610.205,1.0,727.512,600.885,1.0,721.363,589.58,1.0,489.932,588.708,1.0,495.739,600.791,1.0,501.108,605.612,1.0,498.05,603.147,1.0,501.776,586.725,1.0,970.996,366.697,1.0,963.063,371.554,1.0,952.494,370.822,1.0,938.084,375.097,1.0,930.102,376.044,1.0
139,521.866,349.07,1.0,525.437,350.86,1.0,540.116,358.024,1.0,541.762,362.781,1.0,552.56,375.14,1.0,519.371,90.811,1.0,521.059,96.139,1.0,523.775,108.591,1.0,523.518,118.713,1.0,528.0,128.015,1.0,731.208,625.998,1.0,735.367,618.951,1.0,733.533,610.662,1.0,727.512,601.254,1.0,721.998,590.416,1.0,489.777,588.708,1.0,495.634,600.396,1.0,500.645,604.029,1.0,498.47,602.632,1.0,502.261,586.725,1.0,970.996,368.412,1.0,965.31,372.196,1.0,953.922,370.822,1.0,938.862,375.196,1.0,932.324,375.505,1.0
140,521.774,349.045,1.0,525.437,350.86,1.0,540.076,358.024,1.0,541.324,362.359,1.0,552.56,374.645,1.0,519.371,86.325,1.0,521.15,95.741,1.0,523.315,106.91,1.0,523.325,116.111,1.0,527.93,124.763,1.0,731.208,628.267,1.0,736.726,620.62,1.0,735.293,612.066,1.0,727.47,601.254,1.0,721.998,594.198,1.0,485.94,588.708,1.0,494.102,598.479,1.0,498.658,598.186,1.0,498.47,602.027,1.0,506.429,588.2,1.0,973.371,370.616,1.0,966.392,372.381,1.0,954.252,370.848,1.0,946.554,375.97,1.0,937.035,374.948,1.0
141,521.742,349.045,1.0,525.611,350.86,1.0,535.407,358.454,1.0,540.704,361.796,1.0,548.755,374.458,1.0,519.371,86.275,1.0,521.15,95.356,1.0,523.315,106.443,1.0,523.048,115.189,1.0,528.199,124.431,1.0,731.208,636.883,1.0,736.726,626.151,1.0,734.657,613.542,1.0,726.96,603.727,1.0,721.998,597.022,1.0,483.456,592.358,1.0,492.27,597.484,1.0,498.006,598.186,1.0,499.624,601.486,1.0,506.429,588.412,1.0,976.967,370.895,1.0,969.993,372.553,1.0,956.033,371.143,1.0,950.066,375.97,1.0,937.86,374.933,1.0
142,521.701,348.957,1.0,527.651,351.956,1.0,535.04,358.454,1.0,540.405,361.699,1.0,548.739,374.458,1.0,518.374,83.903,1.0,520.262,93.205,1.0,522.109,102.973,1.0,522.07,111.15,1.0,528.338,124.322,1.0,735.808,636.883,1.0,736.726,627.18,1.0,734.639,616.695,1.0,726.405,604.083,1.0,721.998,598.925,1.0,479.982,592.448,1.0,487.891,596.217,1.0,496.442,598.186,1.0,500.007,601.219,1.0,506.429,589.434,1.0,978.197,370.895,1.0,971.438,372.783,1.0,957.567,371.143,1.0,951.194,375.97,1.0,938.22,373.904,1.0
143,517.786,348.957,1.0,527.651,351.956,1.0,534.711,358.454,1.0,539.587,361.451,1.0,548.189,373.623,1.0,515.068,80.404,1.0,518.777,87.022,1.0,521.644,98.746,1.0,521.883,107.03,1.0,528.199,117.675,1.0,737.948,636.883,1.0,736.726,627.18,1.0,734.639,616.695,1.0,726.379,604.527,1.0,722.349,598.925,1.0,478.928,593.888,1.0,486.65,595.957,1.0,493.863,599.575,1.0,501.463,601.219,1.0,504.394,592.584,1.0,981.358,370.616,1.0,972.337,373.1,1.0,962.087,371.502,1.0,952.505,375.406,1.0,940.519,373.904,1.0
144,516.392,355.187,1.0,527.651,351.956,1.0,533.353,356.895,1.0,538.792,360.823,1.0,548.151,373.623,1.0,514.203,79.766,1.0,518.489,86.912,1.0,521.644,98.445,1.0,521.728,106.244,1.0,528.199,116.975,1.0,743.244,635.793,1.0,738.464,627.18,1.0,734.657,616.695,1.0,726.379,604.527,1.0,722.688,598.925,1.0,477.566,593.975,1.0,484.26,595.957,1.0,491.839,599.949,1.0,501.463,601.408,1.0,504.394,592.85,1.0,985.349,367.992,1.0,974.575,374.879,1.0,967.47,371.502,1.0,953.957,375.191,1.0,943.801,373.904,1.0
145,515.776,355.187,1.0,527.284,351.63,1.0,533.083,356.726,1.0,537.183,359.885,1.0,545.086,373.623,1.0,513.901,79.633,1.0,517.788,86.849,1.0,520.388,97.723,1.0,521.31,105.341,1.0,528.199,116.663,1.0,744.845,625.01,1.0,739.226,624.632,1.0,734.657,615.072,1.0,726.405,604.083,1.0,723.084,598.048,1.0,476.275,593.975,1.0,482.504,594.801,1.0,491.232,599.949,1.0,501.463,601.219,1.0,504.394,593.804,1.0,986.515,367.924,1.0,975.572,375.887,1.0,967.47,371.412,1.0,954.319,374.32,1.0,947.275,374.923,1.0
146,514.193,354.721,1.0,522.484,350.651,1.0,531.852,356.024,1.0,536.015,358.72,1.0,542.157,372.222,1.0,511.523,79.209,1.0,516.044,85.625,1.0,520.251,96.077,1.0,521.31,105.233,1.0,527.941,116.266,1.0,747.965,623.908,1.0,739.36,618.527,1.0,736.02,614.593,1.0,729.302,602.983,1.0,724.433,596.291,1.0,476.062,593.888,1.0,482.483,594.11,1.0,489.97,599.575,1.0,501.033,600.465,1.0,504.631,593.804,1.0,987.197,367.748,1.0,976.549,375.887,1.0,969.208,371.057,1.0,954.319,374.32,1.0,948.715,374.923,1.0
147,514.193,354.721,1.0,522.484,349.928,1.0,530.912,356.02,1.0,536.015,358.141,1.0,542.157,370.112,1.0,509.355,79.2,1.0,513.936,85.526,1.0,519.81,94.836,1.0,521.31,104.529,1.0,525.684,112.784,1.0,748.144,623.908,1.0,739.36,618.527,1.0,736.365,614.593,1.0,730.027,602.983,1.0,724.433,596.291,1.0,475.86,593.877,1.0,481.592,593.644,1.0,489.268,598.071,1.0,500.882,600.465,1.0,504.849,593.804,1.0,987.316,366.095,1.0,978.938,375.887,1.0,970.281,370.666,1.0,956.022,374.017,1.0,950.269,374.923,1.0
148,514.001,354.512,1.0,522.207,349.207,1.0,530.468,355.751,1.0,535.963,357.836,1.0,541.95,368.72,1.0,508.924,78.69,1.0,512.275,85.525,1.0,518.332,93.316,1.0,521.31,101.796,1.0,525.092,110.543,1.0,749.756,623.908,1.0,739.36,618.527,1.0,736.496,614.593,1.0,730.027,602.983,1.0,724.433,596.291,1.0,475.281,593.877,1.0,481.485,591.378,1.0,489.244,595.286,1.0,498.067,600.988,1.0,504.849,593.804,1.0,991.84,365.757,1.0,985.865,374.907,1.0,972.442,370.522,1.0,965.899,374.017,1.0,952.346,374.923,1.0
149,510.184,354.469,1.0,521.626,348.677,1.0,529.774,354.502,1.0,535.417,357.648,1.0,541.95,368.72,1.0,508.924,78.69,1.0,511.858,85.525,1.0,518.202,93.316,1.0,520.796,101.259,1.0,524.775,110.122,1.0,749.756,625.639,1.0,739.447,619.754,1.0,736.496,615.306,1.0,730.027,604.074,1.0,723.317,597.468,1.0,472.926,593.877,1.0,481.301,590.406,1.0,486.546,595.055,1.0,493.803,600.465,1.0,504.631,593.804,1.0,996.457,365.757,1.0,989.506,373.5,1.0,974.463,370.522,1.0,965.899,374.191,1.0,956.482,375.498,1.0
150,509.849,354.469,1.0,521.626,348.677,1.0,529.236,354.502,1.0,535.203,357.648,1.0,541.95,368.72,1.0,508.924,78.69,1.0,511.858,85.522,1.0,517.74,92.978,1.0,520.796,100.419,1.0,524.176,110.122,1.0,749.756,626.363,1.0,739.571,620.207,1.0,736.365,616.824,1.0,729.998,605.251,1.0,723.317,598.884,1.0,469.86,594.151,1.0,478.453,589.22,1.0,486.308,594.492,1.0,493.049,598.417,1.0,501.187,594.246,1.0,997.587,365.757,1.0,989.578,373.121,1.0,975.528,370.522,1.0,969.82,374.191,1.0,956.956,374.702,1.0
151,509.536,353.03,1.0,518.674,348.677,1.0,527.866,354.422,1.0,534.811,357.648,1.0,541.95,369.26,1.0,508.924,78.677,1.0,511.858,85.522,1.0,516.679,92.978,1.0,520.199,100.078,1.0,522.446,109.889,1.0,749.756,626.676,1.0,739.898,620.941,1.0,736.365,616.824,1.0,729.998,606.922,1.0,723.317,600.11,1.0,469.858,595.202,1.0,478.453,588.149,1.0,485.065,594.492,1.0,493.018,597.858,1.0,500.102,594.585,1.0,1001.232,367.629,1.0,990.704,372.444,1.0,979.735,370.41,1.0,970.513,373.604,1.0,959.786,374.702,1.0
152,507.165,351.508,1.0,515.141,348.677,1.0,525.018,354.304,1.0,533.462,359.583,1.0,540.251,369.26,1.0,508.924,78.712,1.0,512.533,85.263,1.0,516.176,92.839,1.0,518.928,99.409,1.0,520.921,109.588,1.0,749.937,627.059,1.0,745.241,621.012,1.0,736.38,616.994,1.0,729.998,607.081,1.0,724.201,600.11,1.0,469.712,595.202,1.0,478.358,586.811,1.0,484.893,594.88,1.0,491.267,597.166,1.0,499.702,594.585,1.0,1001.24,368.777,1.0,992.843,372.444,1.0,981.498,370.41,1.0,970.776,373.604,1.0,962.411,374.178,1.0
153,506.24,349.383,1.0,514.195,348.645,1.0,524.021,354.304,1.0,531.373,360.215,1.0,540.251,369.26,1.0,509.314,78.949,1.0,512.885,85.424,1.0,515.463,91.939,1.0,518.928,98.468,1.0,519.029,107.526,1.0,750.016,632.048,1.0,747.589,623.961,1.0,736.38,617.368,1.0,730.833,607.921,1.0,727.457,600.822,1.0,469.586,595.202,1.0,477.666,586.525,1.0,484.68,594.88,1.0,491.185,596.903,1.0,498.729,594.585,1.0,1003.935,369.24,1.0,994.056,372.444,1.0,983.044,367.617,1.0,970.776,373.502,1.0,964.532,374.071,1.0
154,506.216,348.13,1.0,513.82,348.262,1.0,523.805,352.875,1.0,530.636,363.262,1.0,540.486,367.26,1.0,509.314,78.949,1.0,512.885,85.424,1.0,515.086,91.939,1.0,518.627,98.468,1.0,517.774,107.526,1.0,756.334,634.617,1.0,747.732,627.459,1.0,739.088,617.575,1.0,730.833,613.106,1.0,728.002,602.475,1.0,467.929,592.088,1.0,475.694,584.773,1.0,482.805,592.676,1.0,487.066,596.646,1.0,495.821,594.916,1.0,1004.129,369.612,1.0,994.218,372.444,1.0,984.155,367.617,1.0,971.199,373.502,1.0,965.298,373.967,1.0
155,506.025,347.765,1.0,513.82,348.072,1.0,523.501,352.875,1.0,530.103,363.262,1.0,541.964,366.609,1.0,509.924,78.178,1.0,512.548,85.424,1.0,514.887,91.788,1.0,518.321,98.468,1.0,517.666,107.526,1.0,757.227,635.673,1.0,750.569,628.6,1.0,740.831,619.097,1.0,730.833,613.457,1.0,728.195,603.305,1.0,465.772,578.765,1.0,472.46,584.097,1.0,480.411,592.714,1.0,485.426,593.851,1.0,494.699,595.088,1.0,1004.356,369.612,1.0,997.449,372.444,1.0,985.361,367.617,1.0,976.235,373.502,1.0,966.77,373.967,1.0
156,506.023,347.708,1.0,513.343,346.518,1.0,522.834,352.806,1.0,529.585,363.262,1.0,541.257,366.404,1.0,510.14,77.641,1.0,512.651,85.425,1.0,514.382,91.788,1.0,517.237,98.468,1.0,516.599,107.512,1.0,758.191,635.673,1.0,751.088,630.356,1.0,741.123,621.096,1.0,731.178,613.996,1.0,728.195,602.475,1.0,465.735,578.765,1.0,470.454,584.097,1.0,476.668,592.714,1.0,484.274,592.137,1.0,494.429,596.758,1.0,1004.569,369.66,1.0,999.724,372.332,1.0,987.979,368.498,1.0,980.32,373.502,1.0,967.158,373.967,1.0
157,506.023,347.708,1.0,513.343,346.235,1.0,522.502,351.16,1.0,529.158,362.663,1.0,541.257,366.404,1.0,513.907,77.23,1.0,512.651,85.425,1.0,513.901,91.7,1.0,516.41,98.468,1.0,516.507,107.512,1.0,759.217,635.673,1.0,750.569,630.488,1.0,741.123,621.096,1.0,731.178,613.996,1.0,728.271,603.498,1.0,465.631,578.533,1.0,470.064,583.139,1.0,474.251,592.181,1.0,483.744,592.006,1.0,492.49,596.758,1.0,1009.16,369.66,1.0,1003.966,372.332,1.0,991.904,369.555,1.0,985.408,373.556,1.0,970.659,373.967,1.0
158,505.978,347.657,1.0,513.343,346.087,1.0,522.294,351.16,1.0,528.7,361.822,1.0,541.257,366.404,1.0,514.637,77.183,1.0,512.651,85.425,1.0,512.598,91.495,1.0,516.015,98.225,1.0,516.219,107.425,1.0,760.079,635.673,1.0,751.088,630.488,1.0,742.62,621.344,1.0,732.077,614.786,1.0,728.271,603.719,1.0,465.631,578.391,1.0,469.333,582.908,1.0,474.228,592.181,1.0,483.744,592.006,1.0,491.907,596.758,1.0,1013.167,369.612,1.0,1005.082,372.332,1.0,992.303,369.622,1.0,985.408,373.556,1.0,971.503,373.967,1.0
159,505.685,346.819,1.0,512.736,346.006,1.0,521.967,350.875,1.0,527.873,361.806,1.0,541.187,366.985,1.0,514.637,77.16,1.0,512.99,84.146,1.0,512.598,90.788,1.0,516.015,97.709,1.0,516.219,107.224,1.0,762.919,636.689,1.0,752.483,630.488,1.0,744.402,622.058,1.0,737.631,615.014,1.0,730.473,603.719,1.0,461.491,578.533,1.0,466.787,582.882,1.0,473.669,592.181,1.0,482.455,592.006,1.0,491.698,595.35,1.0,1015.035,369.014,1.0,1007.114,372.701,1.0,994.226,369.622,1.0,985.408,373.426,1.0,973.157,373.183,1.0
160,505.685,342.063,1.0,512.736,346.006,1.0,521.967,350.576,1.0,527.288,360.25,1.0,540.563,367.015,1.0,514.637,75.673,1.0,512.99,84.146,1.0,512.737,90.788,1.0,516.015,97.037,1.0,516.219,106.945,1.0,763.711,638.155,1.0,755.709,628.411,1.0,747.094,623.095,1.0,738.636,616.484,1.0,732.422,609.013,1.0,460.792,579.434,1.0,466.495,582.258,1.0,473.113,592.048,1.0,481.979,589.479,1.0,490.881,592.969,1.0,1017.561,367.827,1.0,1008.695,372.701,1.0,999.048,369.555,1.0,985.075,372.87,1.0,974.586,373.131,1.0
161,505.685,339.404,1.0,512.736,344.369,1.0,521.967,349.918,1.0,527.288,360.163,1.0,540.563,367.015,1.0,514.215,75.215,1.0,513.321,84.146,1.0,513.197,90.695,1.0,516.541,96.658,1.0,516.83,106.667,1.0,763.732,638.354,1.0,756.231,628.411,1.0,748.257,624.46,1.0,739.876,618.012,1.0,733.015,611.002,1.0,460.576,581.852,1.0,466.407,581.428,1.0,472.364,590.444,1.0,476.809,587.092,1.0,490.836,592.664,1.0,1020.277,367.606,1.0,1010.93,372.701,1.0,999.316,366.549,1.0,985.075,370.86,1.0,979.11,371.157,1.0
162,512.446,336.962,1.0,513.53,343.451,1.0,521.248,349.918,1.0,526.763,359.961,1.0,540.563,367.015,1.0,513.48,75.215,1.0,513.321,84.195,1.0,513.197,90.788,1.0,516.859,96.658,1.0,517.073,106.667,1.0,763.732,638.433,1.0,756.318,628.411,1.0,748.506,625.624,1.0,739.981,620.107,1.0,733.325,612.29,1.0,456.677,581.852,1.0,464.968,581.428,1.0,468.737,589.095,1.0,474.351,586.576,1.0,485.772,591.512,1.0,1020.402,367.606,1.0,1011.177,372.615,1.0,999.884,366.035,1.0,985.075,370.597,1.0,979.311,371.157,1.0
163,514.708,335.366,1.0,514.596,343.451,1.0,521.248,349.918,1.0,526.763,359.961,1.0,540.916,366.293,1.0,513.309,75.673,1.0,511.712,84.195,1.0,513.341,90.788,1.0,517.286,96.488,1.0,517.429,106.667,1.0,763.732,639.634,1.0,757.47,629.863,1.0,749.088,627.149,1.0,740.706,620.794,1.0,733.479,612.706,1.0,455.969,581.852,1.0,462.976,582.258,1.0,468.522,589.095,1.0,474.304,586.359,1.0,484.362,591.419,1.0,1020.976,367.827,1.0,1012.258,371.79,1.0,1000.332,366.035,1.0,986.253,370.597,1.0,979.75,371.157,1.0
164,518.011,334.166,1.0,515.117,343.227,1.0,519.88,352.764,1.0,526.763,358.661,1.0,540.916,366.075,1.0,509.449,76.737,1.0,511.712,84.195,1.0,516.866,90.68,1.0,519.318,96.421,1.0,518.123,107.516,1.0,763.732,640.543,1.0,758.419,630.028,1.0,749.312,627.884,1.0,741.439,621.249,1.0,734.081,613.066,1.0,455.848,581.34,1.0,462.444,581.022,1.0,468.52,589.094,1.0,473.858,585.858,1.0,483.362,590.978,1.0,1021.221,368.409,1.0,1012.949,371.417,1.0,1000.891,366.035,1.0,986.756,370.86,1.0,979.937,371.24,1.0
165,518.011,334.166,1.0,515.117,342.672,1.0,519.88,352.764,1.0,526.547,357.818,1.0,540.916,366.053,1.0,507.765,77.51,1.0,512.222,83.354,1.0,518.1,89.963,1.0,520.475,96.012,1.0,518.639,107.556,1.0,763.732,640.707,1.0,759.613,631.589,1.0,750.837,629.739,1.0,742.282,622.296,1.0,734.147,615.488,1.0,453.921,581.34,1.0,462.199,581.022,1.0,467.192,588.281,1.0,473.626,585.665,1.0,483.126,590.978,1.0,1021.783,370.6,1.0,1014.473,371.25,1.0,1002.624,366.197,1.0,992.575,370.894,1.0,981.564,371.282,1.0
166,518.011,334.166,1.0,514.89,342.244,1.0,519.88,352.764,1.0,526.547,357.818,1.0,539.506,365.91,1.0,507.765,78.178,1.0,512.222,83.354,1.0,518.155,89.963,1.0,520.475,96.012,1.0,518.696,107.629,1.0,766.191,644.217,1.0,759.964,635.899,1.0,751.703,630.014,1.0,743.276,623.507,1.0,736.438,616.191,1.0,452.221,581.34,1.0,459.36,581.022,1.0,466.348,588.085,1.0,472.223,585.665,1.0,482.742,591.419,1.0,1024.093,377.149,1.0,1016.756,371.25,1.0,1004.661,367.292,1.0,996.866,370.894,1.0,983.677,372.143,1.0
167,515.822,333.846,1.0,514.596,342.244,1.0,520.268,351.334,1.0,526.547,357.818,1.0,536.338,364.648,1.0,507.765,78.178,1.0,512.392,83.354,1.0,518.155,89.963,1.0,521.1,96.012,1.0,518.8,107.629,1.0,766.975,644.838,1.0,760.027,636.922,1.0,751.725,630.014,1.0,743.3,624.383,1.0,741.169,616.462,1.0,448.668,583.403,1.0,458.748,580.673,1.0,466.311,586.909,1.0,471.137,585.665,1.0,480.292,590.978,1.0,1024.69,377.572,1.0,1016.926,371.417,1.0,1007.063,367.493,1.0,999.721,371.0,1.0,984.488,374.278,1.0
168,514.855,333.097,1.0,513.794,341.659,1.0,520.268,350.911,1.0,527.014,359.077,1.0,532.878,363.835,1.0,510.223,78.178,1.0,512.78,83.354,1.0,518.155,91.569,1.0,521.1,97.499,1.0,519.228,107.919,1.0,767.059,645.732,1.0,763.231,638.399,1.0,752.15,630.014,1.0,743.3,624.551,1.0,741.211,616.462,1.0,444.661,589.04,1.0,452.684,580.615,1.0,461.738,586.895,1.0,467.529,590.462,1.0,479.373,590.442,1.0,1024.811,378.141,1.0,1017.372,371.788,1.0,1007.171,368.213,1.0,1000.324,371.239,1.0,984.78,374.318,1.0
169,514.692,332.7,1.0,513.794,341.567,1.0,520.277,350.901,1.0,527.331,359.077,1.0,531.24,363.835,1.0,516.201,79.333,1.0,513.142,83.354,1.0,517.536,91.569,1.0,520.761,97.499,1.0,520.513,107.919,1.0,767.345,645.732,1.0,763.643,638.718,1.0,752.901,630.014,1.0,743.775,624.716,1.0,741.841,616.462,1.0,444.542,589.04,1.0,452.206,580.577,1.0,461.046,586.72,1.0,467.309,590.462,1.0,479.308,590.403,1.0,1024.811,379.552,1.0,1017.415,372.094,1.0,1008.395,368.213,1.0,1001.453,371.239,1.0,984.886,374.644,1.0
170,513.959,332.398,1.0,513.439,341.282,1.0,520.268,350.006,1.0,527.331,359.077,1.0,531.24,363.835,1.0,519.813,79.874,1.0,513.562,84.422,1.0,516.029,91.569,1.0,520.222,97.499,1.0,520.513,107.602,1.0,770.726,645.732,1.0,764.237,641.32,1.0,756.354,632.527,1.0,745.296,627.212,1.0,742.116,618.262,1.0,444.437,589.04,1.0,452.068,580.615,1.0,460.366,586.72,1.0,466.225,590.462,1.0,478.549,590.403,1.0,1024.69,379.671,1.0,1018.114,373.157,1.0,1009.327,368.268,1.0,1002.234,371.239,1.0,985.189,375.139,1.0
171,513.9,332.319,1.0,512.909,339.373,1.0,520.094,347.037,1.0,527.014,357.824,1.0,531.24,363.835,1.0,524.15,79.874,1.0,515.737,83.283,1.0,515.792,89.42,1.0,520.222,96.068,1.0,520.602,107.099,1.0,774.846,645.447,1.0,764.722,645.341,1.0,759.633,635.86,1.0,750.276,635.288,1.0,742.858,619.771,1.0,444.312,589.494,1.0,452.058,580.673,1.0,459.699,586.909,1.0,465.429,590.266,1.0,478.003,589.694,1.0,1023.907,384.358,1.0,1019.659,375.539,1.0,1009.752,368.999,1.0,1003.792,371.29,1.0,985.586,376.13,1.0
172,510.356,326.536,1.0,511.121,332.549,1.0,518.326,345.433,1.0,525.703,355.071,1.0,531.179,363.835,1.0,525.9,79.333,1.0,517.794,83.283,1.0,515.704,87.771,1.0,519.692,94.591,1.0,520.899,107.073,1.0,774.883,645.447,1.0,765.205,646.234,1.0,760.657,638.596,1.0,752.798,635.288,1.0,742.98,620.602,1.0,442.368,589.562,1.0,449.596,582.066,1.0,457.223,587.764,1.0,463.668,589.799,1.0,474.358,589.694,1.0,1023.881,384.358,1.0,1019.676,375.539,1.0,1010.964,369.059,1.0,1004.556,371.819,1.0,986.343,376.438,1.0
173,510.068,325.121,1.0,511.121,331.348,1.0,518.314,343.704,1.0,521.34,347.623,1.0,531.179,363.479,1.0,530.424,75.91,1.0,520.153,83.283,1.0,515.686,87.413,1.0,519.352,93.461,1.0,522.041,107.051,1.0,775.164,645.447,1.0,765.205,648.106,1.0,760.955,638.614,1.0,753.007,635.288,1.0,742.98,623.407,1.0,438.649,594.195,1.0,447.551,583.371,1.0,453.392,587.764,1.0,459.683,585.002,1.0,470.975,589.694,1.0,1023.803,384.358,1.0,1019.955,375.539,1.0,1011.612,369.149,1.0,1004.556,372.009,1.0,986.882,376.438,1.0
174,509.644,322.492,1.0,511.121,329.553,1.0,518.314,341.587,1.0,519.716,345.822,1.0,526.534,357.994,1.0,531.49,75.91,1.0,520.782,83.283,1.0,515.704,87.365,1.0,519.352,93.461,1.0,522.779,107.048,1.0,779.421,650.444,1.0,766.888,648.106,1.0,761.238,639.81,1.0,754.98,635.852,1.0,744.919,625.406,1.0,437.905,594.195,1.0,445.887,583.971,1.0,452.431,587.764,1.0,458.082,584.166,1.0,467.31,589.694,1.0,1023.591,378.656,1.0,1020.614,370.297,1.0,1012.217,369.902,1.0,1004.556,372.075,1.0,987.085,376.438,1.0
175,508.44,321.23,1.0,510.453,329.473,1.0,518.314,339.626,1.0,519.716,344.861,1.0,524.699,357.577,1.0,531.742,75.91,1.0,521.265,82.455,1.0,515.704,87.365,1.0,519.352,93.434,1.0,523.4,106.982,1.0,780.56,652.414,1.0,769.629,648.106,1.0,765.027,640.507,1.0,756.6,635.852,1.0,748.244,627.332,1.0,437.215,594.195,1.0,445.072,584.009,1.0,452.123,587.231,1.0,457.813,583.549,1.0,466.02,589.694,1.0,1023.591,378.656,1.0,1020.614,370.083,1.0,1012.217,370.026,1.0,1005.26,373.1,1.0,987.573,375.719,1.0
176,507.884,321.23,1.0,510.018,329.458,1.0,518.442,339.531,1.0,519.71,344.689,1.0,524.194,357.365,1.0,533.198,76.039,1.0,524.003,82.455,1.0,516.731,87.655,1.0,520.88,92.451,1.0,523.579,106.756,1.0,780.603,653.975,1.0,775.043,646.263,1.0,766.858,643.235,1.0,758.806,635.852,1.0,749.446,629.886,1.0,436.62,593.82,1.0,445.037,584.009,1.0,452.089,587.231,1.0,457.767,583.549,1.0,464.866,588.367,1.0,1023.591,378.656,1.0,1020.715,370.083,1.0,1012.217,370.412,1.0,1004.327,373.346,1.0,987.573,375.719,1.0
177,507.353,320.256,1.0,513.387,329.44,1.0,518.442,338.771,1.0,519.71,344.419,1.0,524.194,357.318,1.0,533.674,76.039,1.0,524.284,81.324,1.0,517.707,87.365,1.0,520.88,92.451,1.0,523.653,106.599,1.0,780.648,654.353,1.0,775.043,646.263,1.0,767.147,643.567,1.0,759.456,636.407,1.0,751.519,630.861,1.0,432.888,593.075,1.0,439.233,584.293,1.0,449.698,587.231,1.0,456.304,583.549,1.0,463.621,588.095,1.0,1023.849,380.243,1.0,1020.614,370.297,1.0,1011.772,371.164,1.0,1003.436,373.694,1.0,987.573,375.719,1.0
178,506.167,320.212,1.0,513.387,328.49,1.0,518.442,338.426,1.0,519.468,344.689,1.0,524.194,356.872,1.0,534.427,76.211,1.0,526.837,79.165,1.0,518.631,85.715,1.0,520.88,93.03,1.0,524.343,105.579,1.0,780.848,654.522,1.0,775.44,646.263,1.0,768.03,644.984,1.0,759.558,637.374,1.0,751.742,630.861,1.0,427.871,593.075,1.0,436.257,585.798,1.0,444.624,588.427,1.0,449.566,590.309,1.0,462.875,587.859,1.0,1023.895,380.243,1.0,1020.614,377.543,1.0,1011.141,372.24,1.0,1003.436,373.828,1.0,987.536,376.04,1.0
179,506.036,318.897,1.0,513.15,327.76,1.0,515.739,336.817,1.0,517.799,344.689,1.0,526.315,356.572,1.0,536.972,76.488,1.0,527.613,77.854,1.0,518.944,85.549,1.0,520.915,93.03,1.0,524.343,104.132,1.0,780.848,655.3,1.0,775.44,648.707,1.0,768.03,645.015,1.0,759.559,638.204,1.0,751.748,633.665,1.0,427.214,592.874,1.0,435.623,585.939,1.0,443.424,588.909,1.0,448.418,590.309,1.0,462.352,587.324,1.0,1024.812,380.243,1.0,1020.715,377.658,1.0,1010.084,372.887,1.0,1003.436,374.028,1.0,987.536,376.402,1.0
180,505.418,317.568,1.0,513.15,327.642,1.0,512.549,336.608,1.0,515.842,345.422,1.0,526.525,353.294,1.0,540.4,76.039,1.0,532.757,74.447,1.0,520.601,84.502,1.0,520.541,94.495,1.0,523.653,99.854,1.0,781.619,662.005,1.0,777.929,651.887,1.0,770.782,647.133,1.0,760.133,638.866,1.0,759.037,633.807,1.0,427.129,592.874,1.0,435.017,586.069,1.0,442.803,589.032,1.0,447.658,590.309,1.0,462.054,587.324,1.0,1025.032,379.158,1.0,1020.775,377.658,1.0,1010.084,372.887,1.0,1003.436,374.028,1.0,987.536,376.739,1.0
181,505.418,317.568,1.0,513.187,326.696,1.0,512.003,336.595,1.0,515.842,345.422,1.0,526.643,349.458,1.0,540.796,75.941,1.0,532.824,74.108,1.0,520.858,83.666,1.0,520.337,94.905,1.0,523.522,99.561,1.0,786.491,663.195,1.0,784.272,656.945,1.0,773.279,648.071,1.0,761.76,642.356,1.0,759.782,633.978,1.0,426.374,592.195,1.0,434.624,586.358,1.0,442.173,589.132,1.0,447.486,590.118,1.0,461.779,587.324,1.0,1025.543,379.043,1.0,1020.787,377.658,1.0,1010.084,372.887,1.0,1003.436,374.087,1.0,987.944,376.846,1.0
182,505.418,317.568,1.0,513.15,326.639,1.0,511.936,336.595,1.0,515.842,345.422,1.0,526.564,349.285,1.0,540.942,75.941,1.0,533.212,74.108,1.0,521.039,83.658,1.0,520.153,94.495,1.0,523.377,99.561,1.0,786.79,663.376,1.0,784.272,657.574,1.0,773.56,648.586,1.0,762.225,643.97,1.0,759.782,634.737,1.0,425.227,588.808,1.0,433.249,588.422,1.0,439.511,589.132,1.0,446.255,588.394,1.0,458.183,588.238,1.0,1025.543,378.733,1.0,1020.815,377.313,1.0,1009.845,372.832,1.0,1003.382,374.268,1.0,987.944,376.846,1.0
183,505.397,317.568,1.0,512.952,326.56,1.0,511.936,335.938,1.0,515.632,343.353,1.0,526.525,349.095,1.0,541.347,75.221,1.0,533.334,74.07,1.0,521.116,83.544,1.0,520.153,94.495,1.0,523.336,99.561,1.0,787.128,663.91,1.0,784.771,658.056,1.0,774.451,648.657,1.0,763.623,644.102,1.0,759.921,635.362,1.0,421.794,588.529,1.0,429.106,588.422,1.0,437.615,589.132,1.0,441.933,584.064,1.0,453.783,588.238,1.0,1025.543,376.433,1.0,1020.815,376.998,1.0,1009.266,372.832,1.0,1003.275,374.308,1.0,987.996,376.739,1.0
184,504.712,318.056,1.0,512.632,324.535,1.0,511.936,334.44,1.0,515.302,340.752,1.0,526.525,348.983,1.0,543.306,74.964,1.0,534.163,73.813,1.0,521.508,82.544,1.0,519.896,94.378,1.0,523.336,99.636,1.0,793.55,667.47,1.0,784.899,658.402,1.0,776.402,654.433,1.0,769.494,648.275,1.0,761.412,636.944,1.0,421.223,588.314,1.0,428.735,588.939,1.0,437.606,589.661,1.0,441.688,583.738,1.0,451.397,588.393,1.0,1025.452,376.245,1.0,1020.815,376.806,1.0,1008.657,372.832,1.0,1003.103,374.087,1.0,988.104,376.504,1.0
185,503.088,318.084,1.0,511.084,321.479,1.0,512.003,328.782,1.0,514.537,335.039,1.0,525.077,348.359,1.0,544.795,74.816,1.0,535.031,73.813,1.0,522.689,81.451,1.0,518.959,90.669,1.0,523.336,99.789,1.0,795.898,669.871,1.0,785.101,659.209,1.0,781.936,655.071,1.0,773.406,649.234,1.0,765.314,642.489,1.0,420.474,588.529,1.0,428.564,588.939,1.0,437.357,589.661,1.0,441.047,583.738,1.0,449.909,588.97,1.0,1021.95,370.78,1.0,1019.652,376.75,1.0,1008.439,373.058,1.0,1002.898,374.087,1.0,988.104,376.329,1.0
186,500.555,318.135,1.0,505.304,318.979,1.0,513.65,327.83,1.0,511.827,333.68,1.0,523.279,346.729,1.0,544.795,73.015,1.0,535.031,72.652,1.0,525.128,80.703,1.0,518.959,89.83,1.0,523.421,99.789,1.0,796.358,670.032,1.0,789.489,660.965,1.0,782.246,656.039,1.0,773.656,649.923,1.0,765.676,643.448,1.0,419.876,588.529,1.0,427.685,588.944,1.0,436.559,589.661,1.0,440.678,583.738,1.0,448.829,589.115,1.0,1021.95,368.56,1.0,1018.377,376.521,1.0,1008.439,373.058,1.0,1002.463,373.839,1.0,988.544,376.326,1.0
187,499.625,319.319,1.0,505.108,318.711,1.0,513.871,326.556,1.0,511.627,333.142,1.0,523.134,346.504,1.0,544.795,73.015,1.0,534.678,72.152,1.0,525.265,80.028,1.0,518.959,89.244,1.0,523.421,99.789,1.0,796.358,670.218,1.0,789.544,660.965,1.0,782.899,656.731,1.0,774.267,649.923,1.0,766.843,644.44,1.0,410.727,588.934,1.0,421.567,589.215,1.0,429.059,590.097,1.0,439.516,585.648,1.0,447.89,589.115,1.0,1021.387,363.79,1.0,1018.354,372.202,1.0,1008.439,373.058,1.0,993.018,373.538,1.0,988.608,376.192,1.0
188,499.605,319.319,1.0,504.846,318.705,1.0,513.65,326.556,1.0,511.627,333.142,1.0,522.952,346.504,1.0,544.895,73.015,1.0,534.678,72.152,1.0,525.265,80.028,1.0,518.959,89.244,1.0,523.421,99.776,1.0,796.358,671.415,1.0,790.287,660.965,1.0,783.425,658.788,1.0,774.744,651.669,1.0,767.658,646.64,1.0,408.705,591.825,1.0,419.99,589.486,1.0,425.605,590.097,1.0,432.437,590.522,1.0,445.902,589.115,1.0,1021.386,358.152,1.0,1018.354,367.935,1.0,1009.383,372.215,1.0,993.018,372.473,1.0,988.863,375.962,1.0
189,499.598,319.319,1.0,504.806,318.705,1.0,513.65,326.556,1.0,511.627,333.68,1.0,522.833,345.71,1.0,544.506,73.311,1.0,534.678,72.152,1.0,525.265,80.0,1.0,518.959,89.241,1.0,523.273,99.448,1.0,795.853,673.278,1.0,791.59,664.911,1.0,783.864,661.046,1.0,774.867,653.928,1.0,767.839,650.048,1.0,407.911,591.825,1.0,416.681,591.094,1.0,425.581,590.426,1.0,431.612,591.07,1.0,445.705,588.916,1.0,1021.386,357.811,1.0,1018.051,362.497,1.0,1009.581,372.066,1.0,993.018,372.284,1.0,988.88,375.839,1.0
190,498.817,319.184,1.0,504.806,318.241,1.0,510.34,326.556,1.0,513.975,333.68,1.0,522.361,345.639,1.0,544.506,74.577,1.0,534.678,73.53,1.0,525.265,80.0,1.0,518.993,89.241,1.0,522.944,99.284,1.0,795.527,674.331,1.0,792.126,666.573,1.0,785.561,661.759,1.0,775.196,654.022,1.0,770.548,651.549,1.0,407.911,591.825,1.0,416.681,591.133,1.0,425.335,591.76,1.0,431.29,591.07,1.0,445.653,588.916,1.0,1019.976,356.698,1.0,1018.051,361.487,1.0,1011.071,371.488,1.0,994.826,372.249,1.0,990.567,375.595,1.0
191,496.94,310.276,1.0,501.827,314.913,1.0,509.297,325.632,1.0,513.975,332.227,1.0,521.701,345.566,1.0,544.895,74.577,1.0,537.314,73.53,1.0,525.265,80.028,1.0,518.993,87.838,1.0,522.603,98.76,1.0,795.527,674.833,1.0,793.001,667.238,1.0,786.504,661.759,1.0,775.714,654.101,1.0,771.794,651.549,1.0,407.911,591.825,1.0,416.187,591.341,1.0,425.239,590.097,1.0,430.816,590.522,1.0,444.139,588.916,1.0,1018.753,354.98,1.0,1018.012,360.771,1.0,1011.418,369.749,1.0,995.601,372.249,1.0,990.567,373.941,1.0
192,492.911,309.082,1.0,497.248,314.475,1.0,506.837,325.632,1.0,513.975,332.227,1.0,520.272,344.002,1.0,546.73,74.577,1.0,537.905,73.53,1.0,526.16,80.286,1.0,523.145,87.782,1.0,522.348,98.563,1.0,795.853,675.276,1.0,793.512,667.491,1.0,786.922,661.759,1.0,776.755,654.455,1.0,774.197,651.549,1.0,406.483,591.825,1.0,415.774,592.454,1.0,423.28,591.797,1.0,425.842,585.049,1.0,441.473,589.63,1.0,1018.597,354.826,1.0,1018.012,360.771,1.0,1012.34,369.397,1.0,995.778,372.249,1.0,991.653,372.727,1.0
193,492.384,307.924,1.0,496.625,312.92,1.0,506.491,324.115,1.0,509.254,326.462,1.0,514.149,339.45,1.0,548.639,72.731,1.0,539.337,72.457,1.0,530.235,80.286,1.0,525.055,86.568,1.0,522.346,93.869,1.0,796.263,682.995,1.0,797.962,672.809,1.0,787.212,661.759,1.0,776.979,655.368,1.0,775.576,647.723,1.0,405.593,593.978,1.0,414.105,592.74,1.0,421.982,591.828,1.0,424.697,584.489,1.0,435.398,589.89,1.0,1018.345,352.155,1.0,1018.012,360.771,1.0,1012.772,369.397,1.0,997.136,372.249,1.0,991.794,370.281,1.0
194,491.793,307.138,1.0,495.809,312.137,1.0,505.317,323.216,1.0,507.208,326.087,1.0,512.947,337.374,1.0,548.983,72.547,1.0,539.638,72.325,1.0,530.504,80.404,1.0,525.055,86.154,1.0,522.187,93.441,1.0,798.602,682.995,1.0,798.34,672.968,1.0,787.549,661.759,1.0,777.621,656.149,1.0,775.576,647.723,1.0,405.491,594.357,1.0,413.785,592.803,1.0,421.223,592.095,1.0,424.345,584.489,1.0,434.206,589.983,1.0,1018.104,352.096,1.0,1017.502,360.62,1.0,1013.772,369.397,1.0,1000.559,372.638,1.0,992.227,369.429,1.0
195,491.35,306.624,1.0,495.692,311.915,1.0,505.261,322.5,1.0,506.937,325.615,1.0,512.412,337.212,1.0,550.219,72.547,1.0,540.371,72.325,1.0,530.833,80.67,1.0,525.055,86.088,1.0,522.346,93.336,1.0,803.699,682.995,1.0,798.34,672.968,1.0,787.212,661.394,1.0,777.621,655.628,1.0,775.576,647.439,1.0,404.872,594.941,1.0,412.675,593.573,1.0,421.216,591.797,1.0,424.215,584.489,1.0,434.206,590.487,1.0,1018.083,351.449,1.0,1017.502,360.519,1.0,1015.775,369.1,1.0,1002.246,372.638,1.0,994.195,368.231,1.0
196,490.701,306.618,1.0,495.692,311.727,1.0,505.261,322.331,1.0,506.899,324.322,1.0,511.873,336.44,1.0,550.622,72.477,1.0,540.713,71.988,1.0,530.933,80.404,1.0,525.143,85.981,1.0,522.346,93.194,1.0,804.565,678.228,1.0,798.34,672.809,1.0,786.976,661.394,1.0,777.975,655.628,1.0,775.439,647.439,1.0,404.626,595.409,1.0,412.587,593.573,1.0,421.216,591.797,1.0,424.208,585.065,1.0,434.113,589.983,1.0,1018.083,351.855,1.0,1017.502,360.971,1.0,1015.775,369.1,1.0,1002.315,372.554,1.0,994.368,368.231,1.0
197,490.351,305.509,1.0,495.45,311.727,1.0,504.262,322.331,1.0,505.832,324.322,1.0,511.752,335.935,1.0,551.544,71.563,1.0,541.695,71.413,1.0,531.207,80.404,1.0,525.16,85.099,1.0,522.834,93.194,1.0,808.465,673.104,1.0,799.064,666.702,1.0,787.643,661.394,1.0,777.999,656.016,1.0,775.439,646.916,1.0,404.37,603.419,1.0,409.157,594.236,1.0,415.361,589.969,1.0,423.026,587.088,1.0,434.058,589.983,1.0,1017.831,350.998,1.0,1017.502,360.519,1.0,1015.775,369.1,1.0,1002.328,372.423,1.0,994.418,368.063,1.0
198,488.952,303.915,1.0,495.246,312.137,1.0,501.615,322.331,1.0,504.612,324.322,1.0,510.219,335.935,1.0,556.846,69.768,1.0,548.897,70.049,1.0,538.934,78.506,1.0,525.951,82.163,1.0,523.211,91.259,1.0,809.333,671.957,1.0,798.177,666.702,1.0,787.643,661.394,1.0,778.615,656.016,1.0,775.439,646.916,1.0,402.905,603.816,1.0,406.689,595.069,1.0,413.85,589.969,1.0,422.187,587.995,1.0,433.974,589.942,1.0,1017.733,350.846,1.0,1017.502,360.452,1.0,1015.447,368.962,1.0,1002.758,372.423,1.0,994.841,368.063,1.0
199,486.88,301.158,1.0,494.52,313.224,1.0,497.683,322.115,1.0,500.764,333.127,1.0,510.062,336.44,1.0,557.873,69.768,1.0,550.732,70.049,1.0,540.904,76.989,1.0,527.529,80.007,1.0,524.15,90.794,1.0,809.677,670.658,1.0,798.177,666.702,1.0,788.31,661.394,1.0,779.571,656.016,1.0,775.439,646.916,1.0,401.465,604.02,1.0,404.533,595.131,1.0,411.233,589.969,1.0,418.717,592.937,1.0,429.146,588.841,1.0,1016.704,349.047,1.0,1018.604,356.35,1.0,1015.447,366.79,1.0,1004.383,372.238,1.0,995.801,367.222,1.0
200,485.963,300.532,1.0,493.114,313.224,1.0,496.782,322.131,1.0,500.764,333.127,1.0,510.062,335.935,1.0,558.815,69.768,1.0,550.776,70.037,1.0,541.313,76.368,1.0,527.926,79.911,1.0,524.404,86.141,1.0,809.337,671.161,1.0,798.861,670.16,1.0,792.576,662.457,1.0,782.915,662.001,1.0,775.713,649.036,1.0,399.643,607.06,1.0,403.422,596.685,1.0,408.687,589.969,1.0,416.913,592.938,1.0,429.075,588.841,1.0,1016.704,346.929,1.0,1018.662,353.751,1.0,1015.314,364.813,1.0,1006.785,370.122,1.0,996.079,367.222,1.0
201,485.32,300.464,1.0,492.703,313.224,1.0,496.437,322.131,1.0,500.764,333.127,1.0,510.062,332.06,1.0,558.815,69.972,1.0,550.776,69.911,1.0,541.394,76.213,1.0,529.358,78.774,1.0,524.478,85.794,1.0,809.677,670.922,1.0,799.006,671.393,1.0,792.914,668.18,1.0,785.824,664.112,1.0,775.713,651.943,1.0,399.166,607.06,1.0,402.342,596.717,1.0,408.268,591.004,1.0,416.869,593.754,1.0,428.621,588.841,1.0,1016.533,346.929,1.0,1018.662,353.751,1.0,1015.014,364.813,1.0,1006.785,370.122,1.0,996.612,367.222,1.0
202,485.21,300.532,1.0,491.61,310.425,1.0,496.208,322.115,1.0,502.666,330.035,1.0,510.358,332.812,1.0,558.922,70.031,1.0,550.732,69.79,1.0,541.912,75.282,1.0,530.63,78.774,1.0,525.744,85.137,1.0,809.706,670.922,1.0,799.006,672.913,1.0,793.89,668.479,1.0,786.899,664.507,1.0,775.713,653.143,1.0,399.166,605.755,1.0,402.342,596.717,1.0,408.268,592.054,1.0,416.806,592.938,1.0,428.287,588.886,1.0,1016.267,346.283,1.0,1018.604,353.748,1.0,1015.014,364.796,1.0,1007.057,370.013,1.0,996.612,367.531,1.0
203,485.207,300.464,1.0,491.384,309.745,1.0,496.18,321.581,1.0,502.666,329.443,1.0,510.508,332.812,1.0,559.109,70.031,1.0,550.776,69.614,1.0,542.763,74.179,1.0,532.415,78.774,1.0,526.438,84.881,1.0,809.741,671.161,1.0,799.509,672.913,1.0,793.974,668.479,1.0,787.589,666.702,1.0,775.713,654.35,1.0,395.897,606.655,1.0,402.342,599.649,1.0,407.913,592.054,1.0,416.122,592.938,1.0,427.599,590.426,1.0,1014.974,345.417,1.0,1018.566,353.42,1.0,1015.265,364.701,1.0,1007.219,369.463,1.0,996.774,367.531,1.0
204,479.943,300.464,1.0,488.319,309.525,1.0,493.083,319.252,1.0,502.666,328.645,1.0,510.508,331.752,1.0,561.848,70.031,1.0,551.672,69.312,1.0,543.58,72.833,1.0,533.026,78.022,1.0,529.396,84.791,1.0,812.253,671.776,1.0,802.793,672.99,1.0,794.886,668.852,1.0,788.192,666.702,1.0,775.741,656.421,1.0,391.164,606.655,1.0,402.307,599.649,1.0,407.913,591.049,1.0,410.739,587.396,1.0,424.658,590.426,1.0,1013.851,345.417,1.0,1017.607,353.42,1.0,1015.265,364.461,1.0,1007.219,369.281,1.0,996.868,367.531,1.0
205,478.983,300.852,1.0,486.971,309.525,1.0,492.699,317.705,1.0,499.263,326.874,1.0,510.508,331.752,1.0,563.524,68.713,1.0,551.672,68.507,1.0,543.794,72.819,1.0,533.026,77.393,1.0,529.397,84.658,1.0,812.574,672.055,1.0,808.43,673.463,1.0,798.207,668.996,1.0,790.15,666.702,1.0,780.104,657.673,1.0,390.73,606.655,1.0,402.307,599.649,1.0,407.144,591.049,1.0,409.189,587.396,1.0,421.774,590.426,1.0,1013.851,339.978,1.0,1014.309,349.215,1.0,1015.265,361.827,1.0,1009.739,368.074,1.0,997.396,367.531,1.0
206,475.909,305.16,1.0,484.29,307.402,1.0,492.653,317.302,1.0,495.937,323.352,1.0,509.367,331.752,1.0,563.525,68.526,1.0,551.935,68.424,1.0,543.794,72.819,1.0,533.913,76.511,1.0,529.738,84.256,1.0,819.961,673.615,1.0,813.116,673.463,1.0,800.801,670.64,1.0,791.292,663.092,1.0,781.199,658.665,1.0,390.307,606.655,1.0,402.307,599.16,1.0,405.738,592.054,1.0,408.352,587.396,1.0,421.498,590.718,1.0,1013.851,337.037,1.0,1014.246,347.684,1.0,1015.265,359.839,1.0,1012.312,366.505,1.0,998.222,367.531,1.0
207,475.467,305.16,1.0,483.874,306.725,1.0,491.991,317.302,1.0,494.2,323.213,1.0,508.152,329.201,1.0,563.702,68.462,1.0,551.969,68.296,1.0,544.039,72.819,1.0,533.913,76.396,1.0,529.818,84.073,1.0,820.529,674.714,1.0,813.818,674.085,1.0,802.847,670.775,1.0,791.41,663.092,1.0,781.616,659.183,1.0,389.926,606.655,1.0,399.239,599.16,1.0,403.224,592.763,1.0,408.315,587.628,1.0,420.786,590.718,1.0,1013.942,337.037,1.0,1014.225,347.388,1.0,1015.21,359.738,1.0,1012.677,365.522,1.0,1000.897,369.595,1.0
208,475.467,305.16,1.0,483.834,306.673,1.0,491.991,317.055,1.0,493.713,323.156,1.0,507.995,329.201,1.0,565.309,68.462,1.0,554.025,68.296,1.0,545.777,72.819,1.0,537.342,76.306,1.0,529.818,82.42,1.0,821.211,674.714,1.0,813.818,675.107,1.0,803.72,670.813,1.0,791.41,663.092,1.0,782.624,662.562,1.0,388.484,603.802,1.0,399.008,599.16,1.0,403.091,592.763,1.0,407.16,591.156,1.0,419.38,590.292,1.0,1014.173,337.037,1.0,1014.225,346.907,1.0,1015.21,359.738,1.0,1012.746,365.189,1.0,1001.246,369.595,1.0
209,475.453,305.075,1.0,483.133,306.624,1.0,491.991,316.703,1.0,493.622,321.324,1.0,507.709,328.99,1.0,568.799,67.25,1.0,558.107,68.507,1.0,547.877,72.964,1.0,537.621,76.306,1.0,530.917,81.75,1.0,822.857,676.355,1.0,814.082,675.43,1.0,805.274,670.813,1.0,792.353,663.632,1.0,782.624,662.571,1.0,383.19,596.52,1.0,389.009,599.691,1.0,399.309,592.913,1.0,405.397,591.156,1.0,418.418,591.131,1.0,1014.245,336.666,1.0,1014.309,346.829,1.0,1015.21,359.363,1.0,1012.82,365.008,1.0,1001.479,369.595,1.0
210,475.34,304.994,1.0,482.061,306.555,1.0,492.015,315.814,1.0,493.622,319.726,1.0,507.111,328.158,1.0,570.791,66.562,1.0,561.587,74.154,1.0,549.324,72.984,1.0,539.152,76.057,1.0,532.465,81.198,1.0,826.453,677.226,1.0,816.37,677.0,1.0,807.623,670.813,1.0,794.716,664.465,1.0,785.648,662.58,1.0,380.069,596.52,1.0,386.681,600.156,1.0,396.607,592.958,1.0,404.672,591.156,1.0,413.214,591.685,1.0,1015.865,336.006,1.0,1014.323,346.54,1.0,1018.33,359.226,1.0,1016.072,364.886,1.0,1001.884,369.595,1.0
211,475.453,303.352,1.0,479.622,305.231,1.0,492.015,313.373,1.0,493.622,317.446,1.0,505.907,328.158,1.0,570.824,66.534,1.0,561.998,74.229,1.0,549.362,73.204,1.0,539.486,76.057,1.0,532.538,80.227,1.0,827.085,677.588,1.0,817.586,678.976,1.0,808.365,666.858,1.0,794.856,665.413,1.0,791.827,665.729,1.0,379.782,596.52,1.0,386.378,601.119,1.0,395.796,592.994,1.0,404.267,591.156,1.0,412.536,592.307,1.0,1015.865,333.584,1.0,1014.323,345.032,1.0,1019.02,358.647,1.0,1016.454,363.726,1.0,1002.723,369.595,1.0
212,475.585,299.438,1.0,478.776,302.333,1.0,492.015,310.867,1.0,492.632,315.824,1.0,505.644,328.158,1.0,571.138,66.501,1.0,562.413,74.229,1.0,549.476,73.204,1.0,539.539,76.057,1.0,532.561,80.167,1.0,827.3,677.75,1.0,819.063,678.976,1.0,809.324,666.858,1.0,801.025,667.082,1.0,791.888,667.312,1.0,379.545,596.706,1.0,386.378,601.119,1.0,395.223,593.253,1.0,404.267,591.316,1.0,412.051,592.307,1.0,1015.865,331.664,1.0,1014.457,343.6,1.0,1019.026,357.155,1.0,1016.625,363.252,1.0,1004.975,369.78,1.0
213,476.406,292.655,1.0,478.776,301.072,1.0,486.842,310.564,1.0,491.813,312.509,1.0,500.546,325.213,1.0,571.138,66.501,1.0,563.505,74.154,1.0,553.389,73.204,1.0,540.104,75.677,1.0,532.565,79.95,1.0,827.344,677.75,1.0,819.182,678.976,1.0,809.777,666.858,1.0,801.232,667.254,1.0,793.166,667.869,1.0,376.929,597.894,1.0,386.378,601.119,1.0,392.205,594.391,1.0,400.574,591.316,1.0,411.595,592.307,1.0,1015.349,331.664,1.0,1014.364,343.483,1.0,1019.026,356.649,1.0,1016.625,362.514,1.0,1006.249,370.604,1.0
214,476.406,292.121,1.0,478.776,299.64,1.0,485.918,309.866,1.0,490.595,310.602,1.0,496.585,323.407,1.0,572.818,66.501,1.0,565.9,74.229,1.0,555.525,72.984,1.0,540.821,75.113,1.0,533.565,79.541,1.0,829.04,677.75,1.0,822.909,679.102,1.0,813.246,669.327,1.0,803.314,668.656,1.0,793.413,667.869,1.0,375.671,607.436,1.0,386.048,600.602,1.0,392.002,594.391,1.0,396.401,594.013,1.0,406.89,589.547,1.0,1015.005,331.664,1.0,1014.323,343.171,1.0,1019.026,356.573,1.0,1016.454,362.496,1.0,1006.249,370.604,1.0
215,476.422,291.582,1.0,480.642,298.643,1.0,485.918,308.646,1.0,490.061,310.602,1.0,495.57,323.378,1.0,575.863,67.169,1.0,567.739,74.034,1.0,556.003,72.247,1.0,544.781,73.905,1.0,533.596,79.166,1.0,832.924,676.503,1.0,823.2,679.102,1.0,813.846,669.872,1.0,803.772,668.656,1.0,793.628,667.869,1.0,374.58,607.866,1.0,384.645,600.092,1.0,391.479,594.391,1.0,394.579,595.538,1.0,405.612,589.547,1.0,1013.945,336.178,1.0,1014.189,343.171,1.0,1018.632,355.428,1.0,1016.335,361.046,1.0,1006.249,370.604,1.0
216,476.406,291.495,1.0,480.642,298.505,1.0,485.918,308.618,1.0,489.543,310.547,1.0,494.918,323.307,1.0,576.266,67.994,1.0,567.86,74.034,1.0,556.86,71.648,1.0,546.517,73.905,1.0,539.197,78.346,1.0,836.564,675.704,1.0,828.142,679.519,1.0,813.932,672.861,1.0,807.038,668.656,1.0,797.941,666.381,1.0,373.863,607.866,1.0,384.639,600.092,1.0,388.489,594.391,1.0,393.268,595.575,1.0,405.499,589.547,1.0,1011.28,336.178,1.0,1010.65,343.6,1.0,1017.216,354.108,1.0,1014.839,357.774,1.0,1005.681,369.418,1.0
217,476.377,291.379,1.0,480.642,298.312,1.0,485.918,308.301,1.0,488.68,309.294,1.0,494.327,322.532,1.0,576.266,68.358,1.0,567.86,74.237,1.0,556.86,71.648,1.0,546.517,73.905,1.0,539.197,78.159,1.0,837.241,675.54,1.0,828.942,679.671,1.0,816.731,672.949,1.0,807.038,668.656,1.0,798.187,666.381,1.0,373.788,607.866,1.0,384.124,600.021,1.0,387.745,594.391,1.0,393.062,595.538,1.0,404.798,589.862,1.0,1011.198,336.178,1.0,1010.279,344.218,1.0,1016.955,353.061,1.0,1013.791,357.088,1.0,1004.783,368.306,1.0
218,473.779,291.316,1.0,479.471,297.48,1.0,485.636,308.124,1.0,488.628,310.602,1.0,494.327,321.997,1.0,576.266,68.358,1.0,567.86,74.374,1.0,556.86,71.648,1.0,546.517,74.147,1.0,539.197,78.159,1.0,839.885,675.54,1.0,830.707,680.878,1.0,817.346,674.447,1.0,808.425,668.656,1.0,799.134,666.381,1.0,371.29,608.675,1.0,382.363,599.26,1.0,386.368,596.636,1.0,390.641,595.206,1.0,401.723,591.635,1.0,1010.51,335.347,1.0,1009.928,344.218,1.0,1016.081,353.061,1.0,1013.791,355.72,1.0,1004.783,368.306,1.0
219,473.166,289.653,1.0,479.072,296.919,1.0,482.006,306.174,1.0,487.089,310.965,1.0,494.327,318.459,1.0,575.08,68.358,1.0,567.059,74.374,1.0,556.307,72.528,1.0,545.658,74.354,1.0,538.901,78.159,1.0,840.431,675.704,1.0,831.302,682.844,1.0,817.346,674.447,1.0,808.476,669.426,1.0,799.223,666.381,1.0,365.942,608.675,1.0,372.286,599.236,1.0,381.395,597.512,1.0,390.289,595.206,1.0,397.6,591.803,1.0,1010.51,334.843,1.0,1009.928,344.218,1.0,1015.171,353.051,1.0,1013.963,355.311,1.0,1004.524,367.87,1.0
220,472.393,289.526,1.0,478.868,295.106,1.0,480.538,304.237,1.0,487.089,309.265,1.0,495.2,316.312,1.0,571.593,67.637,1.0,565.503,74.374,1.0,555.947,74.618,1.0,544.251,74.354,1.0,538.66,78.533,1.0,841.664,676.032,1.0,831.662,682.844,1.0,818.96,674.526,1.0,808.476,670.025,1.0,801.209,667.088,1.0,365.784,609.447,1.0,371.737,599.097,1.0,380.094,597.579,1.0,387.707,594.346,1.0,394.257,591.828,1.0,1010.51,333.855,1.0,1009.928,344.203,1.0,1012.85,352.552,1.0,1013.77,355.311,1.0,1004.447,367.717,1.0
221,472.179,288.927,1.0,478.79,295.047,1.0,478.988,303.477,1.0,485.916,309.175,1.0,495.2,316.312,1.0,567.719,67.637,1.0,562.149,68.178,1.0,554.856,75.179,1.0,544.214,74.47,1.0,538.66,78.533,1.0,841.672,676.27,1.0,832.329,682.844,1.0,823.446,675.527,1.0,809.781,671.732,1.0,805.184,667.262,1.0,365.067,609.775,1.0,371.658,597.945,1.0,378.43,597.887,1.0,386.113,593.277,1.0,393.413,592.235,1.0,1010.51,333.771,1.0,1009.932,344.04,1.0,1012.554,352.405,1.0,1013.77,355.311,1.0,1004.106,367.489,1.0
222,472.179,288.927,1.0,478.79,295.047,1.0,478.972,303.477,1.0,484.414,309.175,1.0,495.2,316.312,1.0,565.25,67.216,1.0,561.268,67.501,1.0,554.527,75.567,1.0,543.749,75.01,1.0,538.614,78.533,1.0,848.179,681.957,1.0,835.322,682.411,1.0,823.958,675.527,1.0,815.042,673.226,1.0,806.858,668.519,1.0,364.912,609.775,1.0,370.754,597.945,1.0,376.379,598.703,1.0,383.964,593.277,1.0,392.886,592.747,1.0,1010.51,333.771,1.0,1010.157,343.704,1.0,1012.536,352.405,1.0,1013.77,355.448,1.0,1004.106,367.489,1.0
223,472.044,288.927,1.0,478.539,294.641,1.0,478.972,302.791,1.0,484.414,307.845,1.0,494.233,316.608,1.0,561.525,67.216,1.0,561.201,67.463,1.0,554.419,75.639,1.0,543.749,75.16,1.0,538.614,78.363,1.0,848.179,682.025,1.0,836.806,682.135,1.0,824.709,675.734,1.0,816.389,674.962,1.0,808.107,669.999,1.0,363.765,609.775,1.0,370.006,597.945,1.0,375.406,598.703,1.0,382.925,593.277,1.0,392.718,592.747,1.0,1010.401,333.583,1.0,1010.157,343.682,1.0,1012.437,351.489,1.0,1013.726,359.62,1.0,1004.106,366.218,1.0
224,471.544,288.872,1.0,478.315,293.894,1.0,478.972,302.074,1.0,484.414,307.84,1.0,493.328,316.608,1.0,560.452,66.71,1.0,559.644,67.288,1.0,554.401,76.014,1.0,544.186,75.169,1.0,538.62,78.349,1.0,848.185,682.327,1.0,839.159,675.638,1.0,826.048,675.781,1.0,818.62,675.547,1.0,809.027,670.262,1.0,361.585,604.693,1.0,368.541,602.055,1.0,373.032,600.175,1.0,378.301,600.862,1.0,391.767,593.241,1.0,1010.401,333.249,1.0,1010.157,343.163,1.0,1012.433,351.309,1.0,1013.726,359.62,1.0,1004.438,366.183,1.0
225,471.528,281.382,1.0,476.335,290.653,1.0,478.763,296.637,1.0,482.774,302.524,1.0,491.327,316.608,1.0,560.452,66.526,1.0,559.599,67.11,1.0,554.419,76.014,1.0,544.214,75.493,1.0,538.62,78.349,1.0,848.413,684.81,1.0,840.219,675.239,1.0,829.425,678.224,1.0,819.915,677.318,1.0,811.92,670.564,1.0,361.306,603.973,1.0,368.485,602.055,1.0,372.725,600.308,1.0,377.643,601.272,1.0,388.148,593.448,1.0,1007.272,330.165,1.0,1009.99,340.891,1.0,1011.649,350.283,1.0,1013.726,359.62,1.0,1005.183,363.223,1.0
226,467.76,279.346,1.0,472.624,286.44,1.0,478.162,296.159,1.0,482.533,302.524,1.0,489.535,316.247,1.0,560.452,66.461,1.0,559.599,67.11,1.0,554.419,76.014,1.0,544.234,75.493,1.0,538.62,78.349,1.0,853.508,687.693,1.0,845.813,675.239,1.0,835.651,679.618,1.0,820.924,677.657,1.0,814.572,671.082,1.0,359.32,603.973,1.0,367.26,602.055,1.0,371.363,600.308,1.0,377.241,601.287,1.0,387.361,593.866,1.0,1006.22,327.027,1.0,1009.165,338.322,1.0,1010.722,348.703,1.0,1014.473,355.726,1.0,1008.095,363.08,1.0
227,463.555,278.181,1.0,469.768,282.07,1.0,477.622,294.766,1.0,482.366,302.516,1.0,489.535,313.485,1.0,561.549,65.829,1.0,559.299,67.463,1.0,554.746,75.993,1.0,545.465,75.493,1.0,538.829,78.349,1.0,854.476,688.705,1.0,846.828,675.239,1.0,837.432,679.618,1.0,821.831,677.657,1.0,814.724,671.778,1.0,359.124,604.693,1.0,366.742,602.055,1.0,371.154,600.308,1.0,377.141,601.287,1.0,386.599,594.188,1.0,1006.22,326.097,1.0,1008.593,337.765,1.0,1010.379,347.631,1.0,1014.55,354.255,1.0,1009.238,363.08,1.0
228,463.555,278.181,1.0,469.768,281.656,1.0,477.088,294.615,1.0,482.111,301.955,1.0,489.361,312.752,1.0,561.742,65.829,1.0,559.146,71.312,1.0,555.335,75.993,1.0,546.359,75.493,1.0,538.829,78.512,1.0,854.86,688.705,1.0,847.467,675.638,1.0,838.297,680.074,1.0,821.831,677.747,1.0,816.091,672.187,1.0,354.926,607.969,1.0,364.262,602.055,1.0,369.529,600.308,1.0,375.968,601.272,1.0,385.545,594.747,1.0,1006.22,325.751,1.0,1008.444,336.852,1.0,1009.724,347.442,1.0,1014.55,353.747,1.0,1009.764,363.08,1.0
229,463.555,278.14,1.0,469.768,281.502,1.0,476.86,294.371,1.0,482.111,301.955,1.0,489.057,312.015,1.0,561.859,65.782,1.0,559.599,71.794,1.0,555.335,75.991,1.0,546.359,75.523,1.0,538.829,78.512,1.0,858.509,688.705,1.0,848.193,677.139,1.0,839.336,680.188,1.0,822.383,677.747,1.0,817.291,672.197,1.0,350.98,608.368,1.0,357.611,602.958,1.0,367.262,601.587,1.0,374.584,601.272,1.0,383.44,596.029,1.0,1010.677,325.526,1.0,1006.864,331.298,1.0,1009.372,346.865,1.0,1014.473,353.372,1.0,1010.066,363.08,1.0
230,464.142,277.651,1.0,470.142,280.977,1.0,476.816,293.697,1.0,481.804,300.296,1.0,489.057,311.54,1.0,562.459,65.829,1.0,563.354,73.498,1.0,555.335,75.993,1.0,546.359,75.656,1.0,538.615,78.512,1.0,860.629,688.563,1.0,852.423,678.125,1.0,839.733,682.167,1.0,825.192,678.446,1.0,821.37,672.585,1.0,349.591,608.904,1.0,357.36,603.245,1.0,366.166,601.953,1.0,373.811,599.927,1.0,380.886,598.303,1.0,1010.677,323.611,1.0,1006.834,330.685,1.0,1008.915,345.489,1.0,1014.362,351.255,1.0,1010.066,363.08,1.0
231,464.866,272.681,1.0,470.142,280.175,1.0,476.005,291.437,1.0,480.909,298.563,1.0,484.665,309.204,1.0,564.473,66.022,1.0,560.34,71.794,1.0,555.204,75.991,1.0,545.766,75.656,1.0,538.598,78.366,1.0,863.735,685.703,1.0,856.06,678.138,1.0,843.957,682.167,1.0,835.398,684.034,1.0,822.363,675.785,1.0,349.08,608.904,1.0,357.223,603.582,1.0,365.548,602.722,1.0,373.39,599.635,1.0,380.346,598.303,1.0,1010.677,321.54,1.0,1006.834,330.062,1.0,1008.915,344.938,1.0,1014.362,350.886,1.0,1010.227,362.443,1.0
232,464.866,272.348,1.0,470.142,279.67,1.0,473.087,288.903,1.0,479.202,298.563,1.0,480.232,306.084,1.0,565.643,68.42,1.0,560.34,71.312,1.0,554.544,75.991,1.0,544.712,75.656,1.0,537.533,78.512,1.0,863.735,685.229,1.0,856.107,678.404,1.0,844.326,682.167,1.0,835.527,684.119,1.0,822.943,675.998,1.0,348.984,608.904,1.0,357.176,603.627,1.0,365.51,602.843,1.0,372.858,599.635,1.0,380.293,598.303,1.0,1008.936,321.54,1.0,1006.834,330.032,1.0,1008.915,344.373,1.0,1014.358,349.721,1.0,1011.271,361.527,1.0
233,464.866,272.15,1.0,467.338,279.67,1.0,471.835,288.903,1.0,478.06,298.563,1.0,479.633,305.074,1.0,566.256,68.483,1.0,560.34,68.048,1.0,550.456,74.711,1.0,542.02,75.226,1.0,535.312,78.575,1.0,864.136,685.068,1.0,856.775,678.404,1.0,845.155,682.167,1.0,836.762,684.119,1.0,823.738,676.705,1.0,347.908,609.011,1.0,356.899,603.892,1.0,364.924,603.228,1.0,370.51,599.91,1.0,379.521,598.134,1.0,1007.362,321.54,1.0,1008.401,329.789,1.0,1009.48,341.75,1.0,1014.358,349.221,1.0,1012.44,361.095,1.0
234,464.747,272.15,1.0,467.286,279.631,1.0,471.835,288.899,1.0,477.555,300.513,1.0,479.081,304.944,1.0,566.256,68.728,1.0,559.879,67.537,1.0,549.663,74.704,1.0,542.02,74.981,1.0,534.97,78.387,1.0,864.164,685.068,1.0,857.321,678.903,1.0,845.733,682.167,1.0,837.681,684.034,1.0,824.691,676.705,1.0,347.765,609.543,1.0,355.204,605.255,1.0,361.239,604.696,1.0,367.025,599.91,1.0,378.495,598.134,1.0,1006.426,319.13,1.0,1008.517,328.423,1.0,1009.507,339.69,1.0,1014.123,349.221,1.0,1014.322,360.642,1.0
235,464.747,272.15,1.0,467.07,279.631,1.0,471.512,288.171,1.0,476.992,300.513,1.0,478.974,304.418,1.0,566.256,70.164,1.0,559.843,67.537,1.0,549.663,73.634,1.0,542.02,74.981,1.0,534.97,78.575,1.0,868.282,685.229,1.0,858.407,679.123,1.0,848.245,681.755,1.0,840.516,683.725,1.0,828.319,677.959,1.0,347.533,609.703,1.0,355.204,605.76,1.0,360.836,604.808,1.0,366.124,599.635,1.0,376.849,598.134,1.0,1006.27,321.111,1.0,1008.58,327.972,1.0,1009.507,339.499,1.0,1014.072,349.221,1.0,1014.322,360.495,1.0
236,464.651,272.127,1.0,467.034,278.83,1.0,471.35,288.171,1.0,476.195,300.513,1.0,478.658,303.919,1.0,562.87,76.992,1.0,558.802,68.048,1.0,549.663,72.458,1.0,542.148,74.645,1.0,534.97,78.994,1.0,873.909,689.492,1.0,862.447,679.349,1.0,853.127,681.755,1.0,841.521,677.732,1.0,829.364,679.309,1.0,347.213,609.857,1.0,353.953,606.122,1.0,360.562,606.189,1.0,365.901,599.467,1.0,374.594,599.329,1.0,1005.875,321.111,1.0,1008.517,327.972,1.0,1009.48,339.244,1.0,1013.976,348.989,1.0,1014.322,360.419,1.0
237,464.747,270.192,1.0,466.142,278.052,1.0,471.244,287.825,1.0,474.969,300.192,1.0,478.658,303.892,1.0,559.099,82.481,1.0,558.038,72.184,1.0,551.5,72.458,1.0,542.305,74.451,1.0,535.076,78.994,1.0,873.909,689.492,1.0,863.812,680.147,1.0,854.54,682.011,1.0,841.999,677.732,1.0,830.224,679.745,1.0,347.213,610.592,1.0,354.196,607.07,1.0,359.563,606.196,1.0,362.733,596.18,1.0,374.54,599.646,1.0,1005.766,321.014,1.0,1008.576,328.423,1.0,1009.375,338.522,1.0,1013.797,348.489,1.0,1014.141,358.977,1.0
238,465.345,266.484,1.0,464.308,274.399,1.0,468.954,285.499,1.0,474.205,294.931,1.0,479.081,303.616,1.0,555.912,83.493,1.0,555.823,75.686,1.0,551.8,72.458,1.0,542.397,74.355,1.0,535.554,78.387,1.0,875.06,691.47,1.0,863.882,680.533,1.0,854.54,682.011,1.0,842.037,677.732,1.0,830.377,679.875,1.0,345.782,610.606,1.0,354.196,607.343,1.0,359.553,606.853,1.0,361.963,596.18,1.0,374.213,599.719,1.0,1005.194,319.073,1.0,1008.576,328.423,1.0,1008.538,338.006,1.0,1013.367,346.812,1.0,1012.84,356.764,1.0
239,465.527,262.186,1.0,464.308,272.759,1.0,468.954,284.045,1.0,473.713,292.839,1.0,479.149,303.165,1.0,551.249,92.002,1.0,554.295,81.079,1.0,553.256,74.92,1.0,543.129,73.174,1.0,536.413,75.144,1.0,875.513,691.775,1.0,864.654,681.238,1.0,855.085,682.011,1.0,842.892,678.698,1.0,832.805,679.875,1.0,345.762,610.889,1.0,353.953,607.747,1.0,358.747,606.853,1.0,360.902,596.18,1.0,373.362,600.206,1.0,1005.19,319.073,1.0,1008.2,326.987,1.0,1008.538,335.941,1.0,1013.116,345.688,1.0,1011.489,354.463,1.0
240,465.527,262.163,1.0,464.064,272.632,1.0,468.753,283.486,1.0,473.367,292.028,1.0,479.206,302.296,1.0,548.013,92.408,1.0,553.346,84.351,1.0,553.256,75.214,1.0,544.229,73.107,1.0,536.413,75.144,1.0,876.121,692.199,1.0,864.864,688.707,1.0,856.183,688.055,1.0,843.175,680.066,1.0,836.164,679.875,1.0,345.572,613.705,1.0,353.036,609.6,1.0,357.431,606.853,1.0,360.879,597.422,1.0,372.451,601.205,1.0,1004.168,317.862,1.0,1007.653,327.027,1.0,1008.538,334.32,1.0,1009.358,345.654,1.0,1011.458,351.691,1.0
241,465.527,262.131,1.0,463.821,271.766,1.0,468.718,282.017,1.0,472.903,290.753,1.0,479.307,301.413,1.0,548.013,92.947,1.0,551.713,86.083,1.0,553.256,75.214,1.0,544.826,72.973,1.0,536.413,75.144,1.0,877.086,698.936,1.0,869.648,691.117,1.0,858.771,688.055,1.0,850.809,681.047,1.0,838.988,678.499,1.0,345.568,620.464,1.0,352.528,609.886,1.0,357.284,606.853,1.0,359.995,598.298,1.0,371.876,601.205,1.0,1004.106,317.572,1.0,1007.492,326.759,1.0,1008.538,334.008,1.0,1008.906,344.949,1.0,1011.458,351.54,1.0
242,464.044,261.461,1.0,463.821,267.226,1.0,468.327,280.719,1.0,471.51,288.011,1.0,479.432,299.445,1.0,548.013,92.947,1.0,551.284,87.357,1.0,552.062,75.214,1.0,544.952,72.641,1.0,536.013,76.449,1.0,877.141,699.043,1.0,870.533,691.355,1.0,860.122,688.055,1.0,852.509,681.795,1.0,839.986,678.499,1.0,344.162,621.232,1.0,351.221,610.738,1.0,356.838,606.853,1.0,359.995,599.295,1.0,370.759,601.205,1.0,1004.05,317.381,1.0,1007.19,326.688,1.0,1008.538,333.684,1.0,1008.856,344.874,1.0,1011.458,351.252,1.0
243,457.279,260.714,1.0,464.334,265.512,1.0,468.327,278.307,1.0,467.878,283.036,1.0,481.243,298.018,1.0,550.145,94.968,1.0,550.757,87.504,1.0,551.821,74.591,1.0,544.952,72.505,1.0,535.963,76.89,1.0,877.213,699.084,1.0,871.484,691.793,1.0,860.368,687.715,1.0,852.952,681.907,1.0,840.758,678.499,1.0,344.735,621.41,1.0,351.221,610.954,1.0,354.159,608.075,1.0,359.995,600.798,1.0,370.174,601.205,1.0,1004.106,317.381,1.0,1007.061,326.343,1.0,1008.707,333.048,1.0,1008.856,344.223,1.0,1011.458,350.865,1.0
244,454.174,258.468,1.0,464.82,264.737,1.0,468.327,274.797,1.0,467.878,279.802,1.0,481.948,294.92,1.0,551.841,96.302,1.0,550.705,88.444,1.0,551.449,74.451,1.0,544.952,72.505,1.0,535.963,77.194,1.0,878.995,700.529,1.0,873.761,692.4,1.0,862.013,687.715,1.0,855.885,684.392,1.0,842.426,679.868,1.0,344.162,622.348,1.0,349.971,611.903,1.0,353.541,601.401,1.0,359.911,601.148,1.0,369.138,600.996,1.0,1004.106,314.983,1.0,1005.873,323.546,1.0,1008.759,331.699,1.0,1008.235,341.671,1.0,1010.028,349.493,1.0
245,454.174,257.888,1.0,464.836,264.516,1.0,468.722,273.775,1.0,467.699,279.306,1.0,481.948,294.297,1.0,552.505,97.218,1.0,549.862,88.926,1.0,550.592,74.451,1.0,544.952,72.505,1.0,535.963,78.909,1.0,879.079,703.001,1.0,874.134,695.151,1.0,863.72,687.715,1.0,855.885,685.099,1.0,844.133,681.997,1.0,343.745,622.68,1.0,349.585,612.021,1.0,352.24,601.401,1.0,359.911,601.221,1.0,368.907,600.401,1.0,1004.672,310.334,1.0,1003.504,319.087,1.0,1008.759,328.733,1.0,1006.854,338.695,1.0,1009.948,348.396,1.0
246,454.166,257.888,1.0,464.836,264.026,1.0,468.722,273.775,1.0,467.699,279.304,1.0,481.577,293.596,1.0,553.338,97.218,1.0,549.857,89.799,1.0,550.503,74.451,1.0,545.117,72.511,1.0,536.015,80.023,1.0,881.314,704.095,1.0,876.778,697.384,1.0,869.142,689.232,1.0,855.885,685.729,1.0,848.874,681.997,1.0,341.866,622.348,1.0,346.177,614.077,1.0,350.345,608.128,1.0,359.283,601.721,1.0,368.76,600.401,1.0,1004.672,310.254,1.0,1003.504,319.013,1.0,1008.759,328.198,1.0,1006.646,338.071,1.0,1009.948,348.334,1.0
247,454.077,257.888,1.0,464.82,263.6,1.0,468.722,272.531,1.0,467.672,279.304,1.0,481.243,292.677,1.0,553.338,97.325,1.0,549.857,89.799,1.0,549.614,74.859,1.0,545.117,74.183,1.0,536.015,80.08,1.0,881.426,704.123,1.0,877.398,697.662,1.0,869.292,689.232,1.0,855.989,685.808,1.0,849.86,681.997,1.0,338.717,621.41,1.0,344.567,615.676,1.0,349.647,608.348,1.0,357.119,604.039,1.0,364.746,601.745,1.0,1004.672,310.016,1.0,1003.444,318.727,1.0,1008.759,328.175,1.0,1006.595,337.933,1.0,1009.948,348.334,1.0
248,453.634,257.949,1.0,462.8,262.953,1.0,463.677,271.468,1.0,467.603,279.137,1.0,479.953,291.028,1.0,553.427,97.453,1.0,549.857,89.799,1.0,548.664,75.578,1.0,545.117,75.048,1.0,536.066,80.228,1.0,881.668,704.123,1.0,879.404,697.662,1.0,869.934,689.419,1.0,855.989,686.21,1.0,850.693,681.997,1.0,333.961,622.293,1.0,340.79,617.522,1.0,347.298,610.862,1.0,355.801,607.383,1.0,364.08,601.745,1.0,1004.669,310.016,1.0,1003.444,318.579,1.0,1008.76,328.175,1.0,1006.595,337.933,1.0,1010.028,348.366,1.0
249,452.523,258.308,1.0,460.622,262.678,1.0,463.148,270.068,1.0,464.387,279.137,1.0,475.509,285.464,1.0,553.466,97.912,1.0,553.983,91.735,1.0,548.578,75.928,1.0,545.117,75.403,1.0,536.015,80.228,1.0,882.491,704.095,1.0,880.425,697.384,1.0,869.934,689.419,1.0,857.325,686.379,1.0,851.485,681.997,1.0,333.961,621.388,1.0,340.663,618.125,1.0,345.845,612.359,1.0,355.066,607.383,1.0,363.619,602.596,1.0,1004.495,310.016,1.0,1003.015,318.579,1.0,1008.76,327.676,1.0,1006.155,337.866,1.0,1010.05,348.366,1.0
250,450.907,258.308,1.0,459.727,262.055,1.0,462.514,269.21,1.0,463.04,279.137,1.0,475.509,285.207,1.0,554.443,98.615,1.0,553.983,92.173,1.0,548.578,76.182,1.0,545.117,75.86,1.0,536.015,80.08,0.9990000128746033,889.928,701.272,1.0,880.476,692.084,1.0,871.006,689.668,1.0,858.198,687.425,1.0,852.411,682.14,1.0,333.509,620.723,1.0,340.111,618.125,1.0,345.212,612.53,1.0,353.846,608.041,1.0,363.435,602.727,1.0,1002.464,310.016,1.0,1002.899,318.549,1.0,1008.706,327.676,1.0,1006.045,336.616,1.0,1010.213,348.352,1.0
251,450.871,258.246,1.0,459.397,261.235,1.0,462.42,268.737,1.0,462.827,279.137,1.0,475.305,284.39,1.0,554.441,106.223,1.0,553.983,92.173,1.0,548.6,84.482,1.0,545.231,76.516,1.0,536.031,77.979,1.0,893.499,700.644,1.0,884.834,691.635,1.0,871.128,690.178,1.0,860.197,687.425,1.0,855.106,683.399,1.0,332.904,621.157,1.0,340.034,618.208,1.0,344.752,612.864,1.0,353.514,608.041,1.0,363.133,602.856,1.0,1000.001,310.016,1.0,1001.881,318.314,1.0,1008.706,327.676,1.0,1006.045,336.002,1.0,1010.363,348.352,1.0
252,450.871,257.949,1.0,458.806,260.704,1.0,462.42,268.381,1.0,462.478,276.392,1.0,475.305,283.48,1.0,554.443,106.494,1.0,553.537,92.411,1.0,548.6,84.919,1.0,545.714,77.064,1.0,536.066,77.979,1.0,893.792,700.467,1.0,886.39,691.635,1.0,871.541,690.547,1.0,863.419,688.085,1.0,855.106,684.144,1.0,329.865,621.157,1.0,338.841,618.677,1.0,343.947,614.946,1.0,350.129,608.715,1.0,363.032,605.412,1.0,998.489,309.447,1.0,1001.881,317.702,1.0,1006.549,327.297,1.0,1005.942,334.754,1.0,1011.416,348.188,1.0
253,450.871,257.231,1.0,457.172,258.715,1.0,462.42,267.128,1.0,461.467,274.721,1.0,475.305,283.376,1.0,554.656,107.27,1.0,553.32,93.032,1.0,549.456,85.398,1.0,545.899,78.292,1.0,536.188,77.979,1.0,894.539,699.791,1.0,886.579,692.084,1.0,873.004,691.965,1.0,864.2,688.808,1.0,856.089,684.491,1.0,329.865,621.157,1.0,337.419,618.85,1.0,343.355,616.994,1.0,347.417,610.693,1.0,361.6,605.412,1.0,998.348,306.824,1.0,1001.86,317.317,1.0,1006.324,327.297,1.0,1005.942,333.828,1.0,1011.755,348.11,1.0
254,450.674,251.889,1.0,455.464,256.642,1.0,462.42,264.228,1.0,460.854,269.765,1.0,471.467,282.157,1.0,555.43,107.591,1.0,553.238,93.789,1.0,549.658,85.975,1.0,545.899,78.894,1.0,536.23,77.979,1.0,895.619,699.791,1.0,888.34,693.035,1.0,874.04,692.278,1.0,866.266,689.119,1.0,856.59,684.568,1.0,329.865,622.688,1.0,337.123,620.553,1.0,342.284,617.662,1.0,346.395,614.24,1.0,359.714,605.412,1.0,998.348,303.265,1.0,1001.668,316.167,1.0,1005.984,327.297,1.0,1005.928,333.489,1.0,1011.755,348.025,1.0
255,448.737,245.926,1.0,451.981,250.863,1.0,458.184,263.609,1.0,460.516,267.384,1.0,467.686,279.933,1.0,555.545,107.695,1.0,553.16,95.712,1.0,550.338,86.252,1.0,545.714,79.182,1.0,537.228,77.979,1.0,895.96,700.644,1.0,889.185,693.147,1.0,875.142,693.726,1.0,868.236,690.848,1.0,856.836,685.006,1.0,330.501,624.008,1.0,336.875,620.553,1.0,341.541,617.662,1.0,345.392,614.54,1.0,358.056,604.435,1.0,998.348,300.531,1.0,1001.668,314.658,1.0,1005.468,325.907,1.0,1005.928,332.564,1.0,1011.755,346.719,1.0
256,448.737,244.535,1.0,451.753,250.407,1.0,457.867,263.58,1.0,460.422,267.002,1.0,467.415,279.495,1.0,558.959,107.799,1.0,553.042,99.998,1.0,550.62,88.125,1.0,545.714,80.502,1.0,537.436,77.778,1.0,898.912,701.156,1.0,889.342,695.317,1.0,879.65,693.986,1.0,868.781,692.176,1.0,859.415,685.006,1.0,330.501,624.008,1.0,336.84,620.553,1.0,341.541,617.662,1.0,344.877,615.326,1.0,356.19,604.435,1.0,998.158,299.268,1.0,1001.668,313.736,1.0,1004.875,324.704,1.0,1005.911,330.978,1.0,1010.0,342.001,1.0
257,448.737,244.514,1.0,451.575,250.271,1.0,457.867,263.58,1.0,460.23,266.984,1.0,467.027,278.751,1.0,558.959,108.465,1.0,551.821,99.998,1.0,551.042,88.125,1.0,545.799,80.502,1.0,537.436,77.363,1.0,899.128,702.107,1.0,891.366,696.54,1.0,881.439,693.986,1.0,869.154,692.484,1.0,861.206,685.006,1.0,330.501,624.008,1.0,336.577,620.561,1.0,341.25,617.494,1.0,344.495,615.456,1.0,355.203,604.435,1.0,998.137,299.078,1.0,1001.363,313.314,1.0,1004.802,324.364,1.0,1005.587,330.946,1.0,1009.759,341.162,1.0
258,448.737,244.465,1.0,451.536,249.925,1.0,457.867,263.233,1.0,459.837,265.618,1.0,465.901,277.733,1.0,558.959,108.465,1.0,553.042,99.998,1.0,551.335,88.125,1.0,545.799,80.502,1.0,537.436,77.171,1.0,899.652,702.107,1.0,891.712,696.54,1.0,882.226,694.691,1.0,869.347,692.606,1.0,861.672,686.169,1.0,326.266,621.993,1.0,335.281,620.625,1.0,339.416,617.405,1.0,343.894,615.537,1.0,354.278,605.618,1.0,997.975,299.078,1.0,1001.363,313.161,1.0,1004.584,324.255,1.0,1005.587,330.195,1.0,1009.737,340.738,1.0
259,448.737,241.185,1.0,450.792,249.334,1.0,458.208,258.347,1.0,459.301,263.177,1.0,463.187,275.759,1.0,552.682,108.465,1.0,553.042,96.837,1.0,551.042,87.033,1.0,545.799,79.359,1.0,537.28,77.171,1.0,899.926,702.088,1.0,892.774,696.687,1.0,883.351,694.691,1.0,869.347,692.606,1.0,862.918,686.169,1.0,323.086,621.993,1.0,333.299,621.32,1.0,338.611,617.405,1.0,343.081,615.787,1.0,353.231,606.918,1.0,997.975,299.078,1.0,1001.134,313.135,1.0,1004.564,324.173,1.0,1006.036,330.064,1.0,1009.513,340.73,1.0
260,447.031,241.185,1.0,450.225,249.334,1.0,458.208,258.347,1.0,458.729,259.934,1.0,461.459,274.335,1.0,548.884,99.137,1.0,551.088,92.993,1.0,551.042,87.033,1.0,545.799,79.284,1.0,536.706,77.136,1.0,904.291,702.107,1.0,894.502,696.835,1.0,885.928,695.898,1.0,871.437,693.237,1.0,866.687,686.169,1.0,316.921,621.993,1.0,329.504,622.247,1.0,336.184,617.405,1.0,341.355,616.003,1.0,350.196,609.993,1.0,998.158,305.856,1.0,1001.115,312.223,1.0,1004.492,323.708,1.0,1005.587,329.991,1.0,1009.333,340.73,1.0
261,446.054,240.83,1.0,448.956,248.721,1.0,458.208,258.347,1.0,458.346,259.934,1.0,461.026,273.806,1.0,543.242,98.006,1.0,550.521,91.166,1.0,550.11,87.033,1.0,545.889,79.284,1.0,536.465,77.136,1.0,904.871,703.051,1.0,899.681,696.835,1.0,888.071,700.509,1.0,875.251,695.231,1.0,870.516,686.705,1.0,316.113,622.393,1.0,329.025,622.567,1.0,334.857,620.286,1.0,340.866,616.596,1.0,348.608,612.843,1.0,998.478,305.856,1.0,1000.944,311.399,1.0,1004.474,323.692,1.0,1005.587,329.991,1.0,1009.333,340.669,1.0
262,445.838,240.83,1.0,448.482,248.721,1.0,454.909,257.594,1.0,457.981,259.934,1.0,460.074,273.306,1.0,542.233,91.609,1.0,548.155,90.792,1.0,549.854,87.421,1.0,545.827,79.359,1.0,536.364,76.806,1.0,906.048,703.488,1.0,900.149,697.117,1.0,889.369,700.509,1.0,876.907,695.543,1.0,870.516,687.988,1.0,315.997,622.555,1.0,327.056,622.779,1.0,333.999,620.451,1.0,340.465,616.807,1.0,348.289,612.843,1.0,999.031,305.856,1.0,1000.554,310.519,1.0,1003.419,323.007,1.0,1004.888,328.412,1.0,1009.061,340.649,1.0
263,445.012,240.83,1.0,448.482,248.721,1.0,454.39,257.594,1.0,456.118,265.82,1.0,460.074,271.733,1.0,540.348,90.809,1.0,547.378,90.415,1.0,549.841,87.421,1.0,545.578,79.413,1.0,536.364,76.789,1.0,906.064,703.86,1.0,900.64,697.475,1.0,889.874,700.509,1.0,880.9,695.543,1.0,871.472,689.112,1.0,315.997,623.626,1.0,325.411,623.074,1.0,333.269,620.537,1.0,339.849,616.807,1.0,347.868,612.843,1.0,999.031,302.05,1.0,999.772,308.887,1.0,1003.263,320.292,1.0,1004.807,324.787,1.0,1009.005,338.204,1.0
264,444.527,240.781,1.0,448.482,248.249,1.0,452.774,257.594,1.0,454.72,265.82,1.0,460.074,268.753,1.0,540.348,89.905,1.0,547.378,90.133,1.0,549.687,87.421,1.0,544.802,79.413,1.0,536.364,76.326,1.0,907.197,704.339,1.0,901.45,697.497,1.0,891.279,700.509,1.0,882.584,695.497,1.0,872.784,693.381,1.0,315.997,627.401,1.0,321.792,625.08,1.0,330.872,621.928,1.0,336.566,617.469,1.0,347.472,612.646,1.0,999.031,302.05,1.0,999.649,308.28,1.0,1002.469,319.702,1.0,1004.286,324.179,1.0,1007.487,337.921,1.0
265,441.748,240.781,1.0,449.321,244.498,1.0,450.872,254.653,1.0,454.618,265.82,1.0,463.752,268.317,1.0,535.103,89.631,1.0,546.584,89.077,1.0,549.633,85.652,1.0,545.203,79.413,1.0,537.316,76.117,1.0,908.597,705.999,1.0,904.512,703.552,1.0,894.127,700.509,1.0,885.41,696.436,1.0,873.655,694.176,1.0,316.268,635.663,1.0,319.642,626.853,1.0,328.717,622.226,1.0,334.897,617.469,1.0,346.551,612.178,1.0,998.973,301.75,1.0,999.332,308.253,1.0,1002.313,319.543,1.0,1004.233,324.169,1.0,1007.227,336.736,1.0
266,440.637,240.781,1.0,449.43,243.706,1.0,450.407,253.409,1.0,454.618,262.089,1.0,463.889,268.077,1.0,535.103,88.608,1.0,546.584,88.859,1.0,549.107,85.149,1.0,545.203,79.1,1.0,537.316,75.338,1.0,916.282,706.511,1.0,909.274,705.474,1.0,899.117,701.794,1.0,886.045,696.436,1.0,879.576,695.389,1.0,316.291,636.862,1.0,319.412,627.585,1.0,328.062,622.641,1.0,334.378,617.848,1.0,345.512,612.178,1.0,998.735,301.75,1.0,999.302,308.253,1.0,1002.206,319.543,1.0,1004.286,323.711,1.0,1007.227,336.736,1.0
267,439.033,241.24,1.0,449.43,243.293,1.0,448.84,252.67,1.0,453.621,260.144,1.0,464.06,267.985,1.0,535.103,88.338,1.0,546.584,88.645,1.0,548.996,84.797,1.0,545.203,79.1,1.0,537.412,74.989,1.0,916.643,706.64,1.0,909.967,705.838,1.0,900.051,702.117,1.0,886.368,696.436,1.0,879.576,696.873,1.0,316.368,638.471,1.0,319.342,627.994,1.0,327.723,623.019,1.0,334.232,618.461,1.0,344.915,612.178,1.0,998.663,301.75,1.0,998.926,308.062,1.0,1002.206,319.48,1.0,1004.193,323.711,1.0,1007.245,336.713,1.0
268,439.033,241.24,1.0,449.43,243.293,1.0,448.695,252.489,1.0,452.467,259.68,1.0,464.016,267.788,1.0,534.634,87.711,1.0,545.121,85.654,1.0,548.287,84.764,1.0,545.301,79.1,1.0,537.316,74.735,1.0,917.084,706.894,1.0,910.775,706.224,1.0,900.733,702.117,1.0,886.512,697.107,1.0,880.239,698.049,1.0,316.368,639.304,1.0,319.131,628.119,1.0,327.723,623.019,1.0,334.181,618.493,1.0,344.884,612.693,1.0,998.351,301.007,1.0,998.919,307.884,1.0,1001.846,319.48,1.0,1004.003,324.179,1.0,1007.415,336.713,1.0
269,439.033,241.24,1.0,449.355,242.771,1.0,448.429,252.336,1.0,452.013,258.748,1.0,463.889,267.481,1.0,534.181,86.938,1.0,544.435,83.963,1.0,547.881,84.797,1.0,545.764,79.444,1.0,537.316,74.728,1.0,917.276,709.038,1.0,911.812,706.909,1.0,901.882,701.794,1.0,888.817,697.385,1.0,881.218,698.049,1.0,316.368,639.382,1.0,319.131,628.623,1.0,327.49,622.226,1.0,334.03,618.493,1.0,344.75,613.31,1.0,997.016,300.743,1.0,998.238,307.204,1.0,1001.832,318.43,1.0,1002.782,327.846,1.0,1007.245,336.162,1.0
270,444.019,236.484,1.0,449.355,242.767,1.0,448.429,251.829,1.0,451.397,257.946,1.0,463.889,267.406,1.0,533.127,86.233,1.0,543.361,83.963,1.0,547.402,85.149,1.0,547.2,79.732,1.0,537.298,74.674,1.0,924.097,714.392,1.0,913.237,712.646,1.0,902.943,700.071,1.0,890.733,699.165,1.0,885.713,698.099,1.0,315.18,639.591,1.0,319.131,630.412,1.0,327.419,623.448,1.0,332.511,618.493,1.0,343.549,616.969,1.0,995.911,300.171,1.0,998.236,306.153,1.0,1001.832,317.116,1.0,1002.3,327.846,1.0,1007.245,334.361,1.0
271,445.95,229.009,1.0,448.819,237.215,1.0,447.707,249.995,1.0,451.397,256.355,1.0,463.309,267.037,1.0,532.006,86.125,1.0,542.298,83.963,1.0,546.916,85.491,1.0,547.954,80.403,1.0,537.298,74.674,1.0,925.644,714.663,1.0,914.352,712.839,1.0,904.371,700.071,1.0,896.633,700.741,1.0,887.967,698.099,1.0,311.576,642.26,1.0,319.131,630.412,1.0,326.264,623.506,1.0,330.636,618.586,1.0,342.526,616.969,1.0,992.301,296.562,1.0,997.405,304.391,1.0,1001.705,315.141,1.0,1001.827,327.846,1.0,1006.101,333.956,1.0
272,446.791,228.594,1.0,448.629,236.458,1.0,447.359,248.254,1.0,452.013,255.17,1.0,462.544,266.889,1.0,531.757,86.125,1.0,541.906,84.537,1.0,546.481,85.82,1.0,547.954,80.796,1.0,537.298,74.674,1.0,926.139,714.762,1.0,915.148,713.395,1.0,905.067,700.071,1.0,896.997,701.123,1.0,888.027,698.284,1.0,310.636,642.26,1.0,317.494,630.412,1.0,324.404,624.128,1.0,329.715,618.586,1.0,340.112,616.969,1.0,992.118,295.619,1.0,997.336,304.176,1.0,1001.832,313.903,1.0,1001.205,326.302,1.0,1005.758,333.956,1.0
273,446.891,226.136,1.0,448.384,235.592,1.0,447.359,247.661,1.0,455.564,254.228,1.0,460.681,266.446,1.0,531.04,86.125,1.0,539.685,84.694,1.0,546.065,85.82,1.0,547.954,81.34,1.0,537.213,74.895,1.0,927.42,714.933,1.0,917.408,713.475,1.0,908.04,702.534,1.0,899.234,702.21,1.0,889.498,698.284,1.0,310.467,642.26,1.0,317.494,628.309,1.0,324.049,624.28,1.0,329.485,618.586,1.0,339.527,616.969,1.0,992.01,295.48,1.0,997.335,304.148,1.0,1002.134,313.642,1.0,1001.2,325.788,1.0,1005.723,333.956,1.0
274,446.891,223.182,1.0,447.915,233.874,1.0,447.707,245.932,1.0,455.564,252.253,1.0,460.362,264.246,1.0,531.04,86.161,1.0,539.567,84.78,1.0,545.591,85.82,1.0,547.41,81.777,1.0,537.051,74.91,1.0,929.741,714.933,1.0,921.293,713.827,1.0,912.177,706.171,1.0,899.283,702.277,1.0,892.258,699.758,1.0,309.67,641.62,1.0,316.854,628.007,1.0,323.953,624.468,1.0,329.393,618.774,1.0,339.37,616.969,1.0,992.01,295.467,1.0,997.22,304.05,1.0,1002.235,313.454,1.0,1000.839,325.755,1.0,1005.723,333.844,1.0
275,446.891,222.309,1.0,447.915,233.106,1.0,448.069,245.452,1.0,455.564,251.733,1.0,459.845,263.7,1.0,530.922,86.161,1.0,539.11,84.833,1.0,544.923,85.668,1.0,546.827,81.777,1.0,537.051,74.91,1.0,930.995,716.5,1.0,923.913,713.827,1.0,913.071,707.104,1.0,899.805,702.297,1.0,893.002,699.758,1.0,309.082,641.376,1.0,316.349,627.891,1.0,323.509,624.745,1.0,328.815,619.322,1.0,339.363,616.957,1.0,991.93,295.467,1.0,996.958,304.05,1.0,1002.182,313.296,1.0,1000.839,325.491,1.0,1005.723,333.637,1.0
276,446.891,222.309,1.0,447.915,233.106,1.0,449.045,244.472,1.0,455.014,251.408,1.0,459.845,263.22,1.0,530.922,86.161,1.0,538.954,84.983,1.0,544.68,85.668,1.0,546.374,81.777,1.0,537.426,74.91,1.0,931.264,716.577,1.0,924.837,713.827,1.0,913.501,707.318,1.0,900.375,702.418,1.0,893.702,699.952,1.0,306.712,639.184,1.0,315.083,627.891,1.0,322.889,626.101,1.0,328.225,619.96,1.0,339.259,616.913,1.0,991.824,293.306,1.0,995.263,300.808,1.0,1002.182,312.674,1.0,1000.839,324.583,1.0,1005.758,333.24,1.0
277,446.473,222.059,1.0,450.056,232.233,1.0,449.045,243.445,1.0,453.898,250.361,1.0,459.592,261.882,1.0,526.766,86.163,1.0,536.45,86.981,1.0,543.44,85.664,1.0,545.709,80.555,1.0,537.169,71.839,1.0,932.319,716.841,1.0,924.968,705.936,1.0,915.244,707.318,1.0,900.375,703.369,1.0,894.541,700.097,1.0,305.847,637.168,1.0,314.962,628.007,1.0,322.7,626.236,1.0,327.924,619.979,1.0,339.079,617.193,1.0,991.662,292.253,1.0,994.933,299.653,1.0,1002.182,310.791,1.0,1000.321,321.867,1.0,1005.778,331.337,1.0
278,446.311,221.883,1.0,450.453,232.179,1.0,449.045,239.268,1.0,453.281,248.896,1.0,458.689,259.882,1.0,526.766,86.163,1.0,536.45,89.645,1.0,542.58,85.664,1.0,545.709,80.156,1.0,537.249,70.818,1.0,932.515,717.125,1.0,926.205,705.936,1.0,915.952,707.448,1.0,901.452,703.705,1.0,898.308,701.156,1.0,301.843,637.168,1.0,307.624,630.386,1.0,319.968,627.552,1.0,326.676,620.894,1.0,337.752,617.474,1.0,991.648,289.226,1.0,994.062,298.986,1.0,1000.215,310.586,1.0,998.274,318.91,1.0,1008.211,330.761,1.0
279,446.311,221.883,1.0,450.453,231.26,1.0,448.476,238.976,1.0,453.115,247.375,1.0,458.128,256.574,1.0,526.386,92.151,1.0,535.408,89.713,1.0,542.517,85.664,1.0,545.709,79.153,1.0,537.702,70.818,1.0,940.165,717.613,1.0,931.025,705.936,1.0,916.552,707.863,1.0,905.089,705.544,1.0,901.071,701.92,1.0,300.79,637.168,1.0,306.518,630.473,1.0,317.9,627.893,1.0,324.505,627.687,1.0,332.739,617.711,1.0,991.321,288.202,1.0,994.03,297.938,1.0,999.747,309.905,1.0,998.076,318.121,1.0,1008.263,330.47,1.0
280,446.195,218.917,1.0,450.558,229.506,1.0,448.112,237.627,1.0,449.278,246.632,1.0,452.971,254.167,1.0,525.963,92.861,1.0,535.408,89.742,1.0,542.517,85.664,1.0,545.709,79.153,1.0,537.702,70.818,1.0,941.234,717.694,1.0,932.811,707.071,1.0,918.403,707.897,1.0,907.292,705.604,1.0,902.296,702.747,1.0,300.79,637.365,1.0,306.518,630.771,1.0,316.512,627.893,1.0,324.505,627.687,1.0,332.483,618.604,1.0,991.208,287.775,1.0,993.922,297.359,1.0,999.562,309.606,1.0,998.076,318.121,1.0,1008.341,330.47,1.0
281,446.195,218.808,1.0,450.558,229.249,1.0,447.52,237.502,1.0,449.215,246.46,1.0,452.971,253.705,1.0,525.963,93.496,1.0,534.872,89.788,1.0,542.517,85.664,1.0,545.668,79.112,1.0,537.702,70.414,1.0,941.234,717.694,1.0,932.936,707.251,1.0,918.787,708.012,1.0,907.726,705.899,1.0,902.56,703.009,1.0,300.79,637.365,1.0,306.518,630.771,1.0,315.822,627.893,1.0,323.872,627.687,1.0,332.443,619.216,1.0,991.305,287.769,1.0,993.901,297.359,1.0,999.562,309.513,1.0,998.076,318.121,1.0,1008.341,330.465,1.0
282,446.195,218.527,1.0,450.412,228.885,1.0,447.245,237.041,1.0,448.767,245.851,1.0,452.644,252.629,1.0,525.595,94.513,1.0,532.875,90.096,1.0,544.529,86.13,1.0,545.668,79.15,1.0,539.784,71.101,1.0,941.234,717.699,1.0,934.017,707.52,1.0,918.96,708.131,1.0,912.526,707.749,1.0,902.64,703.762,1.0,301.063,637.949,1.0,306.535,631.236,1.0,315.772,627.893,1.0,322.493,623.028,1.0,332.443,619.646,1.0,991.056,287.769,1.0,993.922,297.359,1.0,999.635,309.513,1.0,998.105,317.997,1.0,1008.54,330.335,1.0
283,445.924,214.627,1.0,449.43,221.86,1.0,446.969,234.103,1.0,449.215,241.788,1.0,452.602,251.471,1.0,525.309,94.513,1.0,532.358,90.274,1.0,544.529,86.13,1.0,545.754,79.153,1.0,541.311,71.147,1.0,938.531,720.073,1.0,935.122,709.22,1.0,921.916,710.41,1.0,917.335,710.758,1.0,903.752,704.6,1.0,301.063,637.949,1.0,306.539,633.739,1.0,315.128,628.009,1.0,322.38,623.028,1.0,332.353,619.708,1.0,991.056,287.775,1.0,993.922,297.377,1.0,999.635,309.606,1.0,998.125,317.997,1.0,1008.55,330.335,1.0
284,444.088,213.459,1.0,447.968,220.134,1.0,446.969,233.735,1.0,449.278,238.095,1.0,452.557,250.761,1.0,525.309,94.513,1.0,532.258,90.308,1.0,544.529,86.13,1.0,545.78,79.197,1.0,542.466,73.57,1.0,938.131,720.121,1.0,937.139,710.347,1.0,925.802,710.931,1.0,920.682,711.903,1.0,905.888,705.999,1.0,301.063,639.277,1.0,306.539,635.54,1.0,313.028,628.992,1.0,321.726,623.028,1.0,332.073,619.708,1.0,991.305,288.879,1.0,994.148,297.574,1.0,999.811,309.856,1.0,998.147,317.997,1.0,1008.54,330.195,1.0
285,443.238,210.677,1.0,447.968,218.667,1.0,446.969,231.241,1.0,449.668,237.698,1.0,452.557,250.754,1.0,525.309,94.513,1.0,532.194,90.274,1.0,544.123,85.953,1.0,545.821,79.197,1.0,542.974,73.68,1.0,937.371,720.193,1.0,937.139,710.428,1.0,926.83,710.931,1.0,921.017,711.903,1.0,906.473,706.058,1.0,298.992,639.115,1.0,306.722,635.867,1.0,313.028,631.274,1.0,318.427,625.23,1.0,332.019,619.829,1.0,993.545,292.406,1.0,995.371,298.918,1.0,999.811,310.501,1.0,998.125,317.924,1.0,1008.54,329.897,1.0
286,443.235,210.189,1.0,447.968,218.304,1.0,448.271,230.44,1.0,449.668,237.374,1.0,452.557,250.728,1.0,525.247,94.513,1.0,532.152,90.274,1.0,543.558,85.953,1.0,545.821,79.419,1.0,543.556,73.68,1.0,937.371,720.193,1.0,937.139,710.549,1.0,928.357,711.188,1.0,921.29,711.937,1.0,906.822,706.087,1.0,298.985,639.492,1.0,306.535,636.109,1.0,313.028,633.523,1.0,317.338,627.532,1.0,330.733,621.819,1.0,995.439,292.406,1.0,995.696,299.45,1.0,1001.094,311.619,1.0,998.147,317.696,1.0,1008.43,329.897,1.0
287,442.614,210.171,1.0,448.07,218.017,1.0,448.601,230.17,1.0,449.668,237.374,1.0,452.374,250.171,1.0,525.138,94.632,1.0,531.327,85.027,1.0,542.88,85.953,1.0,545.821,79.43,1.0,543.633,73.57,1.0,937.165,720.331,1.0,935.77,712.635,1.0,927.983,711.118,1.0,922.26,712.138,1.0,907.756,706.593,1.0,297.954,639.492,1.0,306.535,636.754,1.0,313.028,633.978,1.0,316.359,628.29,1.0,328.663,621.819,1.0,995.817,292.406,1.0,995.733,299.45,1.0,1001.094,311.689,1.0,998.61,317.696,1.0,1008.428,329.846,1.0
288,442.614,210.091,1.0,448.07,218.017,1.0,448.601,228.528,1.0,448.543,237.115,1.0,452.062,249.139,1.0,523.894,94.781,1.0,531.309,85.027,1.0,542.81,87.442,1.0,544.83,79.445,1.0,543.851,71.541,1.0,937.165,720.331,1.0,935.162,713.687,1.0,927.983,711.275,1.0,922.406,712.967,1.0,908.198,707.875,1.0,297.22,639.732,1.0,306.102,637.351,1.0,313.028,634.244,1.0,316.078,628.454,1.0,328.074,621.442,1.0,995.817,292.693,1.0,995.733,299.517,1.0,1001.094,311.689,1.0,998.61,317.696,1.0,1008.428,329.846,1.0
289,442.614,207.005,1.0,448.07,218.017,1.0,448.601,225.091,1.0,448.199,234.454,1.0,449.487,245.174,1.0,523.519,94.781,1.0,530.741,85.027,1.0,542.131,87.442,1.0,544.83,79.543,1.0,543.889,71.541,1.0,937.165,720.331,1.0,935.141,713.687,1.0,928.357,711.275,1.0,922.406,712.969,1.0,908.198,708.058,1.0,297.22,640.099,1.0,306.102,637.88,1.0,312.155,634.297,1.0,315.401,631.134,1.0,326.722,621.442,1.0,995.817,292.845,1.0,995.733,299.993,1.0,1001.081,311.413,1.0,998.47,317.696,1.0,1008.43,329.683,1.0
290,443.961,206.394,1.0,445.62,217.2,1.0,447.813,224.21,1.0,448.199,232.814,1.0,448.286,244.589,1.0,517.517,94.768,1.0,526.926,85.064,1.0,537.493,87.442,1.0,544.83,79.734,1.0,547.141,71.541,1.0,937.755,720.198,1.0,935.162,713.687,1.0,928.357,711.279,1.0,922.26,713.163,1.0,908.198,708.84,1.0,297.16,643.39,1.0,306.102,639.205,1.0,311.894,635.437,1.0,314.368,631.134,1.0,325.62,623.154,1.0,991.279,301.165,1.0,995.083,300.065,1.0,1001.394,311.689,1.0,998.47,317.965,1.0,1008.428,329.83,1.0
291,444.075,206.365,1.0,445.616,217.809,1.0,446.668,223.243,1.0,448.543,232.254,1.0,448.218,243.739,1.0,517.517,94.781,1.0,526.926,85.064,1.0,536.569,86.409,1.0,545.073,82.035,1.0,547.141,73.609,1.0,938.351,719.854,1.0,935.162,713.637,1.0,927.983,712.105,1.0,921.943,714.221,1.0,908.066,709.958,1.0,297.16,653.23,1.0,305.978,642.82,1.0,309.534,637.576,1.0,313.271,631.134,1.0,321.413,623.154,1.0,989.903,301.165,1.0,994.621,300.297,1.0,1001.081,311.413,1.0,998.109,318.616,1.0,1008.411,329.731,1.0
292,444.093,206.075,1.0,445.421,217.809,1.0,446.655,223.212,1.0,448.543,232.254,1.0,448.218,242.342,1.0,517.517,94.794,1.0,526.926,88.057,1.0,536.156,86.289,1.0,545.214,82.63,1.0,547.37,73.62,1.0,938.402,718.492,1.0,935.345,711.548,1.0,928.66,713.044,1.0,921.943,714.614,1.0,907.952,709.958,1.0,297.16,653.887,1.0,305.981,644.245,1.0,309.064,637.687,1.0,313.114,630.968,1.0,317.737,625.479,1.0,989.186,301.165,1.0,992.974,300.386,1.0,1000.982,311.219,1.0,997.555,318.616,1.0,1008.411,329.683,1.0
293,444.213,205.635,1.0,445.243,217.136,1.0,446.639,223.212,1.0,447.965,231.414,1.0,448.218,242.096,1.0,517.648,94.794,1.0,526.926,88.057,1.0,535.717,86.289,1.0,545.214,82.642,1.0,547.37,73.793,1.0,942.94,716.17,1.0,936.462,711.336,1.0,928.66,713.522,1.0,921.692,715.059,1.0,907.952,709.958,1.0,296.953,654.233,1.0,306.165,645.115,1.0,308.888,637.687,1.0,313.114,630.968,1.0,317.138,626.379,1.0,989.186,301.165,1.0,992.942,300.386,1.0,1000.633,311.41,1.0,997.555,318.784,1.0,1008.411,329.731,1.0
294,445.973,205.604,1.0,444.866,216.419,1.0,446.639,221.442,1.0,443.387,231.168,1.0,448.286,239.741,1.0,517.815,95.441,1.0,526.926,88.057,1.0,535.717,86.289,1.0,545.214,82.643,1.0,547.37,73.905,1.0,943.54,712.516,1.0,937.91,709.462,1.0,928.66,713.646,1.0,920.781,715.059,1.0,907.952,709.73,1.0,296.428,654.233,1.0,305.981,645.886,1.0,308.626,639.663,1.0,313.271,630.968,1.0,317.138,627.108,1.0,989.186,302.229,1.0,992.942,300.84,1.0,1000.982,311.41,1.0,997.555,319.074,1.0,1007.983,329.83,1.0
295,446.868,202.967,1.0,444.762,213.701,1.0,446.655,219.476,1.0,443.387,229.749,1.0,448.218,238.62,1.0,517.815,95.441,1.0,525.142,88.375,1.0,534.263,88.39,1.0,543.648,83.16,1.0,547.422,74.407,1.0,949.985,708.012,1.0,940.124,707.809,1.0,931.095,713.646,1.0,915.846,715.041,1.0,908.967,709.027,1.0,295.835,654.233,1.0,305.978,646.344,1.0,305.777,639.67,1.0,313.271,631.855,1.0,317.138,628.275,1.0,989.186,302.586,1.0,992.942,302.255,1.0,1000.882,311.41,1.0,997.656,319.885,1.0,1007.571,330.266,1.0
296,446.868,196.243,1.0,444.656,205.076,1.0,447.482,216.129,1.0,443.387,225.167,1.0,448.393,237.995,1.0,517.815,95.445,1.0,524.644,88.375,1.0,534.176,88.588,1.0,543.443,83.251,1.0,547.703,74.407,1.0,951.341,707.633,1.0,941.041,706.63,1.0,931.571,713.646,1.0,915.846,714.614,1.0,911.222,707.944,1.0,293.976,654.709,1.0,299.117,647.354,1.0,304.39,640.004,1.0,313.114,633.974,1.0,317.138,631.005,1.0,989.387,302.586,1.0,994.604,302.858,1.0,1000.982,311.849,1.0,999.727,324.158,1.0,1007.521,330.743,1.0
297,446.894,196.068,1.0,444.272,204.457,1.0,447.797,214.275,1.0,443.616,223.387,1.0,448.393,237.551,1.0,517.116,95.613,1.0,524.644,88.375,1.0,534.176,88.588,1.0,543.122,83.251,1.0,547.703,74.407,1.0,951.37,707.587,1.0,941.041,706.63,1.0,931.86,713.411,1.0,915.846,714.585,1.0,911.724,706.591,1.0,292.023,656.923,1.0,296.188,649.68,1.0,302.954,643.893,1.0,309.271,642.909,1.0,317.138,631.077,1.0,989.387,302.63,1.0,994.604,304.876,1.0,1000.882,313.623,1.0,999.74,324.781,1.0,1007.516,330.934,1.0
298,446.894,195.895,1.0,444.272,204.202,1.0,447.797,214.275,1.0,443.872,223.387,1.0,448.964,237.551,1.0,517.116,95.613,1.0,524.644,88.209,1.0,534.176,88.588,1.0,543.122,83.16,1.0,547.432,74.32,1.0,952.387,707.587,1.0,941.376,706.63,1.0,931.894,712.784,1.0,916.244,714.342,1.0,911.972,706.347,1.0,291.888,657.768,1.0,295.641,650.44,1.0,301.768,644.625,1.0,308.926,643.282,1.0,314.364,632.299,1.0,989.387,303.11,1.0,994.604,305.014,1.0,1000.882,314.027,1.0,1000.64,325.551,1.0,1006.897,331.769,1.0
299,447.091,195.878,1.0,444.272,204.093,1.0,447.797,214.275,1.0,444.258,223.236,1.0,449.154,237.422,1.0,517.116,95.613,1.0,525.168,88.209,1.0,534.965,88.235,1.0,543.122,82.92,1.0,547.432,73.389,1.0,952.496,705.481,1.0,942.332,713.188,1.0,933.551,712.784,1.0,918.312,714.154,1.0,912.818,705.942,1.0,291.888,657.776,1.0,295.569,651.019,1.0,301.724,644.873,1.0,308.189,643.282,1.0,314.364,632.324,1.0,987.03,303.11,1.0,994.201,305.078,1.0,1000.856,314.456,1.0,1001.156,326.92,1.0,1006.634,333.096,1.0
300,447.091,195.542,1.0,444.719,202.764,1.0,447.551,214.058,1.0,447.033,223.236,1.0,449.723,237.422,1.0,518.394,95.613,1.0,526.697,88.209,1.0,535.314,86.171,1.0,544.739,82.331,1.0,547.432,72.865,1.0,954.149,703.335,1.0,942.503,713.845,1.0,934.792,712.784,1.0,920.114,713.671,1.0,914.962,705.942,1.0,291.391,657.82,1.0,295.247,652.431,1.0,300.737,646.134,1.0,307.952,643.282,1.0,314.159,632.706,1.0,985.404,302.967,1.0,993.737,305.242,1.0,1000.017,314.7,1.0,1001.211,326.987,1.0,1005.712,334.011,1.0
301,447.091,193.731,1.0,444.762,202.058,1.0,447.536,213.474,1.0,447.033,222.315,1.0,449.723,237.222,1.0,521.903,94.117,1.0,527.651,89.403,1.0,536.574,86.151,1.0,546.147,82.1,1.0,547.417,72.701,1.0,954.874,702.297,1.0,944.975,713.845,1.0,937.755,714.675,1.0,922.001,713.538,1.0,917.212,706.591,1.0,291.675,660.969,1.0,295.247,657.184,1.0,299.087,648.546,1.0,303.742,643.543,1.0,314.159,634.446,1.0,985.404,302.967,1.0,992.822,305.242,1.0,999.863,314.863,1.0,1001.557,327.167,1.0,1005.41,334.208,1.0
302,446.322,192.331,1.0,444.762,202.058,1.0,446.918,213.156,1.0,447.777,220.958,1.0,449.723,235.147,1.0,523.303,83.114,1.0,529.145,89.403,1.0,538.274,86.151,1.0,546.655,81.858,1.0,547.107,72.444,1.0,954.874,701.996,1.0,945.504,713.188,1.0,937.874,714.675,1.0,922.593,712.986,1.0,917.926,707.008,1.0,291.358,666.085,1.0,292.491,657.378,1.0,299.087,651.008,1.0,300.863,643.543,1.0,312.621,637.687,1.0,984.136,302.967,1.0,992.423,305.372,1.0,999.821,314.885,1.0,1001.616,327.299,1.0,1005.712,334.557,1.0
303,446.02,192.245,1.0,444.719,202.058,1.0,446.157,210.277,1.0,447.777,217.424,1.0,446.397,230.514,1.0,526.093,81.691,1.0,529.463,89.403,1.0,538.314,86.151,1.0,547.015,81.858,1.0,547.107,71.627,1.0,955.357,701.996,1.0,945.8,713.042,1.0,939.259,714.675,1.0,925.521,708.2,1.0,918.492,708.546,1.0,291.358,666.085,1.0,292.491,658.507,1.0,299.06,651.317,1.0,300.203,643.543,1.0,312.211,640.816,1.0,984.136,302.506,1.0,991.806,306.07,1.0,999.644,316.28,1.0,1001.63,327.463,1.0,1005.973,334.557,1.0
304,446.02,192.084,1.0,444.034,203.9,1.0,445.707,209.024,1.0,447.533,217.179,1.0,446.397,230.514,1.0,528.186,80.665,1.0,529.909,89.188,1.0,538.659,86.735,1.0,547.015,81.858,1.0,547.089,71.158,1.0,955.401,702.297,1.0,945.895,711.838,1.0,939.287,714.569,1.0,925.635,708.168,1.0,918.955,708.623,1.0,291.277,666.558,1.0,292.34,658.507,1.0,298.849,651.42,1.0,300.02,643.887,1.0,312.181,640.856,1.0,983.72,302.434,1.0,991.702,306.379,1.0,999.547,316.472,1.0,1001.63,327.463,1.0,1005.712,334.497,1.0
305,446.02,192.084,1.0,444.034,203.9,1.0,445.449,208.707,1.0,446.407,216.777,1.0,444.916,230.29,1.0,528.186,78.26,1.0,530.276,87.587,1.0,538.789,88.26,1.0,547.008,82.439,1.0,547.089,70.708,1.0,957.028,704.562,1.0,947.534,711.06,1.0,939.339,712.632,1.0,928.943,706.813,1.0,920.203,708.787,1.0,290.703,666.581,1.0,291.765,658.704,1.0,298.508,651.857,1.0,299.837,644.114,1.0,312.109,640.856,1.0,986.823,302.363,1.0,991.702,306.446,1.0,999.547,316.701,1.0,1001.88,327.543,1.0,1005.655,334.497,1.0
306,446.014,191.801,1.0,443.609,203.9,1.0,445.707,208.141,1.0,444.761,216.777,1.0,443.53,230.074,1.0,528.186,77.192,1.0,530.276,86.321,1.0,538.789,88.28,1.0,547.008,83.238,1.0,547.089,70.708,1.0,957.298,704.562,1.0,947.683,711.046,1.0,939.495,712.553,1.0,928.997,706.6,1.0,920.384,708.922,1.0,285.116,666.581,1.0,290.484,660.079,1.0,298.434,652.286,1.0,299.217,645.682,1.0,311.089,640.816,1.0,986.846,302.27,1.0,991.702,306.473,1.0,999.821,316.894,1.0,1002.526,327.897,1.0,1005.973,334.497,1.0
307,445.877,191.717,1.0,443.593,203.554,1.0,446.157,207.86,1.0,444.676,217.179,1.0,443.53,228.876,1.0,528.09,76.966,1.0,530.387,84.388,1.0,539.383,88.28,1.0,547.015,83.43,1.0,547.279,70.627,1.0,958.772,704.562,1.0,949.228,708.678,1.0,941.25,710.657,1.0,930.335,706.458,1.0,920.384,709.202,1.0,283.605,667.888,1.0,289.574,661.07,1.0,296.973,653.215,1.0,298.35,648.748,1.0,307.152,638.088,1.0,989.422,302.256,1.0,993.897,309.225,1.0,999.757,317.804,1.0,1002.573,328.701,1.0,1005.655,334.497,1.0
308,439.266,190.618,1.0,443.593,198.94,1.0,446.751,205.605,1.0,444.273,217.179,1.0,444.058,223.784,1.0,527.321,76.966,1.0,530.387,83.464,1.0,539.737,88.28,1.0,547.065,83.43,1.0,547.279,70.627,1.0,959.371,703.8,1.0,949.49,707.813,1.0,941.25,710.657,1.0,930.38,706.458,1.0,921.699,709.245,1.0,283.393,668.49,1.0,288.172,661.133,1.0,296.656,653.28,1.0,296.872,648.748,1.0,302.742,638.088,1.0,996.856,302.256,1.0,998.755,309.332,1.0,999.757,319.377,1.0,1004.532,328.701,1.0,1005.655,334.532,1.0
309,438.732,189.815,1.0,443.157,197.662,1.0,446.751,204.549,1.0,444.108,215.588,1.0,444.058,223.417,1.0,527.321,76.966,1.0,530.635,83.464,1.0,539.737,88.238,1.0,547.066,83.387,1.0,547.279,70.627,1.0,959.478,703.188,1.0,950.732,707.667,1.0,941.25,710.657,1.0,933.151,706.458,1.0,921.76,710.966,1.0,282.658,668.747,1.0,287.442,661.949,1.0,296.031,656.036,1.0,296.679,648.748,1.0,302.045,638.088,1.0,1000.508,302.27,1.0,1000.25,311.243,1.0,999.886,319.661,1.0,1005.063,328.701,1.0,1006.29,334.945,1.0
310,438.501,189.666,1.0,443.087,196.388,1.0,446.944,203.177,1.0,444.108,215.588,1.0,445.613,223.308,1.0,527.321,76.966,1.0,530.635,83.464,1.0,539.737,88.238,1.0,547.066,83.516,1.0,546.99,70.627,1.0,959.573,702.753,1.0,950.783,707.304,1.0,941.98,711.405,1.0,933.896,707.578,1.0,921.828,711.325,1.0,282.658,669.063,1.0,285.966,662.024,1.0,295.155,656.302,1.0,296.668,646.148,1.0,301.427,639.544,1.0,1001.436,303.669,1.0,1000.996,313.227,1.0,999.886,322.595,1.0,1005.562,324.798,1.0,1008.039,335.157,1.0
311,438.332,189.029,1.0,442.999,195.767,1.0,446.944,202.769,1.0,444.108,215.156,1.0,446.638,222.931,1.0,527.403,76.966,1.0,530.989,83.26,1.0,539.585,88.238,1.0,547.065,83.525,1.0,546.99,70.385,1.0,959.621,702.692,1.0,951.057,707.156,1.0,942.002,711.407,1.0,934.132,707.913,1.0,921.784,711.483,1.0,282.658,669.518,1.0,285.966,662.024,1.0,295.155,656.302,1.0,296.679,646.148,1.0,301.427,639.611,1.0,1001.518,307.818,1.0,1000.997,313.507,1.0,999.886,322.595,1.0,1005.562,324.798,1.0,1008.133,335.157,1.0
312,438.332,188.817,1.0,442.633,195.507,1.0,446.944,201.756,1.0,443.759,214.39,1.0,446.638,222.931,1.0,533.095,74.553,1.0,531.144,83.26,1.0,538.258,88.905,1.0,546.561,83.525,1.0,546.99,70.369,1.0,959.737,702.554,1.0,951.236,706.083,1.0,942.296,711.615,1.0,934.494,707.913,1.0,921.784,711.532,1.0,283.011,670.733,1.0,285.925,661.949,1.0,294.491,656.302,1.0,296.872,646.148,1.0,301.327,639.866,1.0,1002.201,309.171,1.0,1002.083,313.507,1.0,1000.056,322.595,1.0,1005.562,324.422,1.0,1008.354,334.872,1.0
313,438.1,188.502,1.0,439.154,189.852,1.0,446.944,200.988,1.0,443.759,212.916,1.0,446.638,222.796,1.0,533.774,74.42,1.0,531.285,83.085,1.0,538.136,88.943,1.0,546.561,83.583,1.0,547.064,70.141,1.0,959.737,700.996,1.0,951.474,705.134,1.0,942.296,711.615,1.0,934.494,707.936,1.0,921.763,711.811,1.0,286.18,670.797,1.0,285.925,660.909,1.0,289.103,656.465,1.0,297.325,646.718,1.0,301.427,640.613,1.0,1003.836,315.302,1.0,1002.368,313.507,1.0,1000.161,322.242,1.0,1004.815,324.422,1.0,1008.611,334.872,1.0
314,438.1,182.984,1.0,439.154,188.518,1.0,446.944,200.341,1.0,443.259,210.426,1.0,446.603,222.394,1.0,533.774,74.289,1.0,531.661,82.905,1.0,538.136,88.943,1.0,546.561,83.583,1.0,547.064,70.08,1.0,959.737,700.996,1.0,951.474,705.134,1.0,942.296,711.417,1.0,934.494,707.936,1.0,921.763,711.811,1.0,287.04,673.095,1.0,286.389,660.832,1.0,289.103,656.465,1.0,298.26,647.785,1.0,301.327,641.254,1.0,1004.352,316.912,1.0,1005.204,310.5,1.0,1001.678,318.966,1.0,1004.317,324.798,1.0,1008.792,333.79,1.0
315,438.1,180.794,1.0,439.154,187.888,1.0,444.752,199.757,1.0,441.847,208.982,1.0,446.349,221.51,1.0,533.774,74.014,1.0,531.82,82.905,1.0,538.136,88.943,1.0,546.608,83.525,1.0,547.064,69.877,1.0,959.42,700.996,1.0,951.474,705.134,1.0,942.216,711.417,1.0,934.439,707.915,1.0,921.763,711.811,1.0,287.593,674.967,1.0,286.481,660.832,1.0,289.103,657.909,1.0,298.26,649.144,1.0,301.327,643.602,1.0,1004.357,316.947,1.0,1005.204,310.333,1.0,1001.678,318.206,1.0,1004.294,324.979,1.0,1008.862,333.786,1.0
316,438.35,179.148,1.0,441.154,186.651,1.0,444.588,199.213,1.0,441.75,207.494,1.0,445.93,220.071,1.0,533.219,74.014,1.0,531.82,83.085,1.0,538.307,88.94,1.0,546.843,83.277,1.0,547.064,69.877,1.0,959.357,704.427,1.0,949.946,707.785,1.0,941.799,711.219,1.0,933.756,707.915,1.0,921.658,711.38,1.0,287.946,675.406,1.0,287.483,660.909,1.0,289.131,660.161,1.0,298.26,651.566,1.0,301.327,648.171,1.0,1008.268,316.947,1.0,1005.204,310.333,1.0,1001.678,318.206,1.0,1004.294,330.384,1.0,1008.993,333.282,1.0
317,438.606,178.805,1.0,441.373,186.109,1.0,444.325,198.774,1.0,441.75,207.302,1.0,445.861,218.381,1.0,532.16,74.014,1.0,531.661,83.254,1.0,538.559,87.997,1.0,547.257,82.363,1.0,547.642,69.898,1.0,959.304,706.006,1.0,948.641,708.331,1.0,941.202,711.082,1.0,933.267,707.915,1.0,921.658,710.714,1.0,288.337,676.383,1.0,287.536,662.383,1.0,289.131,661.345,1.0,297.997,652.5,1.0,301.649,648.352,1.0,1008.268,316.912,1.0,1005.179,310.5,1.0,1001.665,318.206,1.0,1004.317,330.384,1.0,1008.993,333.282,1.0
318,438.606,177.145,1.0,441.373,185.106,1.0,443.867,197.99,1.0,441.75,207.095,1.0,445.625,217.199,1.0,528.172,78.776,1.0,531.532,86.051,1.0,539.174,87.003,1.0,547.371,80.596,1.0,548.809,69.641,1.0,959.304,706.006,1.0,948.641,708.331,1.0,941.202,711.006,1.0,933.267,707.846,1.0,921.658,710.714,1.0,288.711,676.71,1.0,287.869,662.735,1.0,289.131,661.512,1.0,297.12,652.985,1.0,303.633,648.59,1.0,1008.268,316.81,1.0,1004.532,310.875,1.0,1001.278,318.75,1.0,1004.294,330.384,1.0,1008.862,333.282,1.0
319,438.516,177.145,1.0,441.316,184.547,1.0,443.41,197.855,1.0,441.895,206.506,1.0,445.085,216.678,1.0,527.79,80.011,1.0,531.282,87.119,1.0,540.412,86.719,1.0,547.588,80.596,1.0,549.06,69.898,1.0,959.357,706.006,1.0,948.641,708.331,1.0,941.202,710.945,1.0,933.267,707.71,1.0,921.658,710.714,1.0,289.084,677.341,1.0,288.098,663.649,1.0,288.193,662.116,1.0,296.527,653.71,1.0,303.633,648.59,1.0,1007.694,315.434,1.0,1003.6,311.972,1.0,1000.286,320.401,1.0,1004.434,323.983,1.0,1008.913,333.995,1.0
320,438.35,177.134,1.0,441.205,184.531,1.0,443.028,197.654,1.0,442.231,206.506,1.0,444.133,216.602,1.0,527.329,81.888,1.0,531.281,87.443,1.0,540.412,86.554,1.0,547.622,80.512,1.0,549.06,69.898,1.0,959.53,704.979,1.0,949.948,706.871,1.0,941.462,710.338,1.0,933.51,707.392,1.0,921.545,710.727,1.0,289.398,677.403,1.0,288.098,663.985,1.0,288.175,662.531,1.0,296.442,654.159,1.0,303.928,648.59,1.0,1007.193,315.427,1.0,1003.492,311.975,1.0,1000.286,320.415,1.0,1004.434,323.879,1.0,1008.913,334.059,1.0
321,438.269,176.788,1.0,441.205,184.377,1.0,442.647,197.549,1.0,442.231,206.064,1.0,444.133,215.84,1.0,525.917,84.718,1.0,531.281,88.264,1.0,540.412,85.386,1.0,547.672,80.596,1.0,549.095,69.898,1.0,959.57,703.616,1.0,951.249,705.711,1.0,941.805,710.082,1.0,933.753,707.188,1.0,921.505,710.966,1.0,295.059,685.823,1.0,288.098,666.469,1.0,288.175,662.531,1.0,296.164,655.441,1.0,303.633,648.59,1.0,1007.193,315.098,1.0,1003.418,312.133,1.0,1000.239,320.431,1.0,1004.114,323.852,1.0,1008.803,334.234,1.0
322,436.756,176.46,1.0,439.831,183.7,1.0,441.25,194.778,1.0,442.231,203.421,1.0,444.133,214.727,1.0,523.03,90.412,1.0,530.441,88.264,1.0,540.035,85.052,1.0,547.811,80.512,1.0,549.095,69.975,1.0,960.3,702.777,1.0,951.808,705.702,1.0,942.11,710.019,1.0,933.862,707.166,1.0,921.505,711.23,1.0,295.271,686.612,1.0,287.902,672.565,1.0,288.175,663.403,1.0,295.926,655.839,1.0,303.63,649.027,1.0,1007.297,312.748,1.0,1002.855,312.513,1.0,1000.239,321.713,1.0,1004.114,323.852,1.0,1008.6,334.257,1.0
323,436.756,174.892,1.0,438.923,182.066,1.0,441.249,193.912,1.0,441.762,201.243,1.0,450.783,214.076,1.0,522.934,90.412,1.0,530.09,88.264,1.0,539.701,85.052,1.0,547.811,80.908,1.0,549.138,69.985,1.0,959.57,701.142,1.0,951.808,705.609,1.0,942.33,710.019,1.0,934.332,707.166,1.0,921.545,711.324,1.0,295.498,686.738,1.0,287.902,672.909,1.0,289.086,663.424,1.0,294.223,656.432,1.0,299.767,649.729,1.0,1007.297,310.562,1.0,1002.855,313.651,1.0,1000.318,323.121,1.0,1004.114,323.437,1.0,1008.6,334.778,1.0
324,436.756,173.416,1.0,438.702,181.944,1.0,440.848,193.834,1.0,440.648,198.889,1.0,450.783,213.122,1.0,522.165,90.412,1.0,530.025,88.129,1.0,539.492,85.052,1.0,547.672,80.908,1.0,549.024,70.849,1.0,959.57,701.142,1.0,951.808,705.609,1.0,942.33,710.082,1.0,934.56,707.188,1.0,921.559,711.324,1.0,296.111,686.738,1.0,287.565,673.103,1.0,289.086,663.403,1.0,293.389,657.922,1.0,299.461,650.564,1.0,1007.297,310.562,1.0,1002.855,313.672,1.0,1000.34,323.121,1.0,1004.114,323.321,1.0,1008.6,334.778,1.0
325,436.756,173.416,1.0,438.702,182.066,1.0,440.446,193.041,1.0,440.605,198.594,1.0,450.783,212.547,1.0,521.191,87.55,1.0,528.689,87.612,1.0,539.362,85.149,1.0,547.64,80.935,1.0,548.905,71.237,1.0,959.215,701.12,1.0,951.788,705.609,1.0,942.33,710.019,1.0,934.56,707.234,1.0,921.669,711.324,1.0,296.111,686.612,1.0,287.565,673.103,1.0,289.086,662.521,1.0,293.389,658.693,1.0,299.461,650.968,1.0,1007.297,310.382,1.0,1002.814,313.891,1.0,1000.359,323.225,1.0,1004.19,323.321,1.0,1008.153,335.653,1.0
326,436.756,173.416,1.0,438.629,182.066,1.0,440.446,193.041,1.0,440.507,197.963,1.0,450.61,212.117,1.0,519.928,87.29,1.0,528.378,87.472,1.0,538.778,85.165,1.0,547.596,81.317,1.0,548.355,71.237,1.0,955.85,701.142,1.0,949.015,710.423,1.0,941.663,710.004,1.0,934.56,717.425,1.0,921.669,710.401,1.0,296.111,685.723,1.0,287.902,673.103,1.0,289.592,662.811,1.0,293.389,658.693,1.0,299.761,651.064,1.0,1005.144,309.433,1.0,1002.814,313.891,1.0,1000.513,323.641,1.0,1004.204,323.975,1.0,1008.153,335.975,1.0
327,436.131,173.156,1.0,438.428,181.944,1.0,440.446,193.209,1.0,440.507,197.231,1.0,450.61,211.932,1.0,519.698,87.074,1.0,528.187,87.472,1.0,537.586,85.171,1.0,547.565,82.146,1.0,547.571,72.135,1.0,954.059,702.575,1.0,946.62,710.67,1.0,939.954,709.819,1.0,933.774,718.045,1.0,921.669,710.395,1.0,290.343,680.092,1.0,287.983,671.516,1.0,289.592,662.811,1.0,292.866,658.693,1.0,299.761,652.532,1.0,1001.146,308.605,1.0,1002.442,313.891,1.0,1001.028,323.641,1.0,1004.721,325.549,1.0,1008.153,336.828,1.0
328,435.957,173.049,1.0,438.428,181.755,1.0,439.381,193.041,1.0,440.507,197.231,1.0,450.61,211.633,1.0,519.571,86.948,1.0,528.077,87.542,1.0,537.396,85.728,1.0,546.986,82.152,1.0,547.355,72.977,1.0,954.059,704.134,1.0,945.985,711.036,1.0,939.555,709.819,1.0,933.765,718.106,1.0,921.41,710.395,1.0,290.333,679.173,1.0,291.187,669.61,1.0,290.341,662.811,1.0,289.749,658.693,1.0,301.154,653.698,1.0,999.829,306.051,1.0,1001.136,313.717,1.0,1000.631,323.105,1.0,1004.763,326.779,1.0,1007.372,337.621,1.0
329,435.957,173.652,1.0,438.448,182.075,1.0,439.381,192.906,1.0,440.51,196.743,1.0,450.623,211.633,1.0,518.499,86.948,1.0,527.179,87.542,1.0,536.962,85.728,1.0,546.78,82.258,1.0,547.269,73.08,1.0,954.003,704.134,1.0,945.281,711.697,1.0,939.415,709.64,1.0,933.017,718.229,1.0,920.81,710.401,1.0,290.062,678.603,1.0,293.144,669.61,1.0,291.668,663.174,1.0,289.749,659.264,1.0,301.841,654.375,1.0,999.829,306.051,1.0,1001.072,313.717,1.0,1000.631,323.105,1.0,1004.763,326.779,1.0,1006.799,337.621,1.0
330,435.957,172.879,1.0,438.448,182.075,1.0,439.337,192.852,1.0,440.51,196.743,1.0,450.753,211.627,1.0,518.499,86.948,1.0,527.179,87.807,1.0,536.962,85.791,1.0,546.744,82.324,1.0,547.132,72.977,1.0,953.475,706.067,1.0,944.729,713.143,1.0,938.982,709.64,1.0,932.132,718.229,1.0,920.486,710.597,1.0,285.826,673.395,1.0,293.166,669.61,1.0,292.909,663.493,1.0,289.749,659.66,1.0,302.171,654.624,1.0,999.829,303.737,1.0,1000.934,312.813,1.0,1001.028,323.045,1.0,1004.763,326.805,1.0,1006.799,337.621,1.0
331,436.277,172.879,1.0,438.448,182.109,1.0,439.337,192.852,1.0,440.997,197.211,1.0,450.783,211.534,1.0,518.499,89.343,1.0,527.179,87.867,1.0,536.962,85.791,1.0,546.744,82.736,1.0,547.132,72.977,1.0,951.802,706.147,1.0,944.299,713.356,1.0,938.982,713.209,1.0,932.132,718.229,1.0,920.486,710.659,1.0,284.933,672.493,1.0,293.166,669.61,1.0,292.992,663.493,1.0,290.355,659.66,1.0,302.269,654.624,1.0,1000.309,303.737,1.0,1000.934,312.813,1.0,1001.262,323.045,1.0,1004.763,326.858,1.0,1006.799,337.621,1.0
332,436.576,173.724,1.0,438.448,182.109,1.0,439.951,192.852,1.0,440.997,197.241,1.0,451.1,211.442,1.0,524.321,91.559,1.0,529.059,87.867,1.0,538.061,85.762,1.0,546.986,82.736,1.0,547.132,72.593,1.0,951.717,707.041,1.0,944.299,713.356,1.0,938.982,713.209,1.0,932.132,718.229,1.0,920.434,710.734,1.0,284.121,671.825,1.0,293.144,669.61,1.0,292.992,663.708,1.0,290.355,659.66,1.0,302.269,654.624,1.0,1000.63,304.142,1.0,1000.74,312.813,1.0,1002.029,323.045,1.0,1004.763,327.954,1.0,1006.831,338.678,1.0
333,437.992,173.724,1.0,438.732,182.109,1.0,441.08,193.111,1.0,440.997,197.241,1.0,451.151,211.438,1.0,524.321,91.559,1.0,529.059,87.892,1.0,538.061,85.636,1.0,546.729,82.863,1.0,546.726,72.593,1.0,951.717,707.151,1.0,944.729,713.143,1.0,938.184,709.23,1.0,931.944,718.229,1.0,920.434,710.734,1.0,283.957,671.735,1.0,292.62,669.36,1.0,292.992,663.708,1.0,290.355,659.649,1.0,302.269,654.363,1.0,1000.63,306.265,1.0,1000.934,316.357,1.0,1002.348,325.555,1.0,1005.197,327.985,1.0,1008.348,339.022,1.0
334,440.872,173.662,1.0,439.42,181.65,1.0,441.08,193.111,1.0,440.782,197.637,1.0,451.21,211.329,1.0,524.321,91.559,1.0,529.059,87.867,1.0,538.061,85.682,1.0,546.729,82.863,1.0,546.726,72.593,1.0,951.717,707.976,1.0,944.811,713.112,1.0,938.686,709.1,1.0,932.353,718.379,1.0,920.434,710.734,1.0,283.957,671.735,1.0,291.864,669.152,1.0,292.91,663.538,1.0,290.333,659.34,1.0,302.195,654.195,1.0,1002.4,308.489,1.0,1001.762,317.366,1.0,1003.116,326.753,1.0,1005.197,327.985,1.0,1008.348,339.022,1.0
335,442.832,173.662,1.0,439.654,179.582,1.0,441.08,193.111,1.0,440.556,201.732,1.0,451.21,210.243,1.0,522.063,91.505,1.0,528.555,87.59,1.0,537.067,85.682,1.0,546.647,82.736,1.0,546.613,73.474,1.0,955.153,715.002,1.0,944.905,713.112,1.0,938.318,709.1,1.0,932.863,718.722,1.0,920.287,710.765,1.0,283.957,671.735,1.0,290.579,668.691,1.0,292.319,663.33,1.0,289.769,659.184,1.0,301.692,653.829,1.0,1000.63,316.234,1.0,1005.783,320.377,1.0,1004.893,328.428,1.0,1005.433,328.856,1.0,1008.706,341.195,1.0
336,442.841,172.263,1.0,439.87,178.869,1.0,441.005,192.725,1.0,440.552,201.732,1.0,451.21,209.501,1.0,517.082,91.505,1.0,526.872,87.557,1.0,536.14,85.682,1.0,545.879,82.681,1.0,546.613,73.474,1.0,955.153,716.505,1.0,944.905,713.112,1.0,938.318,709.1,1.0,932.863,718.722,1.0,920.057,711.01,1.0,285.66,673.117,1.0,288.39,668.783,1.0,291.536,662.364,1.0,288.881,658.758,1.0,301.636,653.142,1.0,999.688,316.485,1.0,1005.879,320.377,1.0,1005.566,329.053,1.0,1005.433,328.786,1.0,1008.87,343.577,1.0
337,442.841,168.21,1.0,440.836,176.964,1.0,439.546,190.466,1.0,440.552,201.732,1.0,448.571,205.729,1.0,515.869,91.505,1.0,526.252,87.463,1.0,535.095,86.522,1.0,544.978,82.681,1.0,546.606,73.474,1.0,955.153,717.087,1.0,945.171,712.541,1.0,938.686,709.801,1.0,931.661,707.817,1.0,920.057,711.013,1.0,286.819,673.889,1.0,288.39,668.783,1.0,291.035,662.279,1.0,287.802,657.995,1.0,301.329,652.838,1.0,999.367,322.405,1.0,1005.879,320.653,1.0,1006.067,329.424,1.0,1006.686,328.786,1.0,1009.458,346.527,1.0
338,442.841,168.148,1.0,440.836,176.488,1.0,439.533,188.3,1.0,440.552,197.619,1.0,448.372,205.247,1.0,515.81,91.69,1.0,525.724,87.463,1.0,535.064,86.522,1.0,543.711,82.681,1.0,546.613,73.843,1.0,951.121,718.975,1.0,945.171,712.541,1.0,941.717,711.265,1.0,930.987,707.817,1.0,920.015,711.059,1.0,287.264,675.361,1.0,288.39,668.783,1.0,290.446,662.265,1.0,287.802,657.995,1.0,301.217,652.567,1.0,999.367,325.022,1.0,1005.783,321.121,1.0,1006.067,329.053,1.0,1006.78,328.861,1.0,1009.458,346.602,1.0
339,442.841,167.225,1.0,440.894,172.629,1.0,439.533,186.833,1.0,440.519,195.453,1.0,447.28,205.21,1.0,515.767,91.846,1.0,525.724,87.463,1.0,533.677,86.522,1.0,540.643,83.255,1.0,546.68,73.843,1.0,951.121,718.975,1.0,949.451,706.257,1.0,941.717,711.867,1.0,930.817,707.44,1.0,920.007,711.403,1.0,287.264,675.361,1.0,287.771,668.783,1.0,290.072,662.265,1.0,286.965,657.297,1.0,300.893,652.398,1.0,999.333,325.022,1.0,1004.235,321.121,1.0,1006.067,329.053,1.0,1007.064,329.846,1.0,1009.549,346.602,1.0
340,442.815,167.225,1.0,440.836,172.501,1.0,439.533,186.536,1.0,440.471,195.358,1.0,446.488,205.17,1.0,514.892,91.882,1.0,525.49,88.534,1.0,533.214,86.267,1.0,540.443,84.768,1.0,547.207,77.259,1.0,951.121,718.975,1.0,949.464,706.257,1.0,941.717,712.403,1.0,930.745,707.314,1.0,920.007,711.625,1.0,287.264,675.361,1.0,289.69,668.783,1.0,290.072,662.279,1.0,286.965,656.798,1.0,300.893,652.248,1.0,997.155,335.058,1.0,999.834,322.974,1.0,1004.164,328.706,1.0,1007.469,332.558,1.0,1009.549,346.602,1.0
341,442.126,167.004,1.0,440.836,172.435,1.0,441.321,185.473,1.0,439.065,194.866,1.0,446.351,205.21,1.0,514.562,92.116,1.0,525.367,88.57,1.0,533.204,86.267,1.0,540.234,85.184,1.0,547.318,77.933,1.0,955.685,717.742,1.0,949.548,706.257,1.0,941.717,712.415,1.0,930.817,707.44,1.0,920.024,711.683,1.0,287.193,673.704,1.0,290.9,666.447,1.0,290.072,662.327,1.0,288.289,656.798,1.0,300.893,652.248,1.0,994.363,337.905,1.0,999.371,324.037,1.0,1003.087,328.136,1.0,1009.214,333.151,1.0,1009.549,346.602,1.0
342,441.885,166.769,1.0,441.647,172.005,1.0,441.339,184.175,1.0,439.04,194.39,1.0,445.59,205.081,1.0,514.562,92.327,1.0,525.367,89.794,1.0,533.185,86.06,1.0,540.234,85.351,1.0,547.857,78.005,1.0,955.969,717.669,1.0,949.747,706.429,1.0,941.713,712.567,1.0,930.817,707.44,1.0,920.024,711.688,1.0,283.881,670.777,1.0,289.69,666.217,1.0,291.886,662.861,1.0,290.133,658.137,1.0,300.45,652.248,1.0,994.243,338.955,1.0,998.835,325.001,1.0,1002.698,328.136,1.0,1009.321,333.254,1.0,1009.428,346.602,1.0
343,440.409,162.193,1.0,441.647,169.223,1.0,441.747,182.81,1.0,438.44,190.903,1.0,446.351,205.068,1.0,514.534,92.492,1.0,525.144,89.794,1.0,533.147,86.06,1.0,539.987,85.459,1.0,547.857,78.038,1.0,956.029,717.476,1.0,949.871,706.536,1.0,941.713,713.444,1.0,931.057,707.09,1.0,920.024,711.818,1.0,283.228,670.73,1.0,288.544,665.763,1.0,291.886,664.273,1.0,290.133,658.333,1.0,300.441,652.248,1.0,988.418,338.991,1.0,997.058,326.4,1.0,1002.11,328.136,1.0,1011.327,333.151,1.0,1007.955,346.469,1.0
344,440.004,159.507,1.0,440.859,169.223,1.0,442.335,179.774,1.0,438.151,189.925,1.0,446.351,199.248,1.0,514.534,92.492,1.0,523.721,89.794,1.0,531.842,86.267,1.0,539.45,85.459,1.0,547.994,78.005,1.0,956.029,717.476,1.0,949.871,706.536,1.0,941.713,713.725,1.0,931.057,708.882,1.0,920.024,712.095,1.0,283.228,668.409,1.0,289.04,665.763,1.0,291.886,664.273,1.0,290.348,659.446,1.0,300.028,652.248,1.0,987.693,338.991,1.0,996.945,326.4,1.0,1001.96,328.521,1.0,1011.679,333.151,1.0,1007.951,346.469,1.0
345,437.731,159.496,1.0,441.138,168.778,1.0,442.335,178.612,1.0,438.151,189.566,1.0,446.858,198.094,1.0,514.534,92.959,1.0,523.509,89.518,1.0,531.732,86.213,1.0,539.346,85.459,1.0,547.994,78.005,1.0,955.969,717.278,1.0,949.871,706.536,1.0,941.713,713.744,1.0,931.057,709.755,1.0,919.911,712.155,1.0,282.729,662.603,1.0,288.856,665.763,1.0,290.657,663.675,1.0,298.463,659.446,1.0,299.888,650.706,1.0,985.701,338.991,1.0,996.019,326.4,1.0,1001.96,328.521,1.0,1011.679,332.748,1.0,1007.951,344.905,1.0
346,437.653,159.496,1.0,440.859,168.422,1.0,442.335,177.714,1.0,438.571,189.528,1.0,447.025,197.899,1.0,514.534,93.613,1.0,520.719,85.34,1.0,530.864,86.147,1.0,538.984,85.411,1.0,547.994,78.344,1.0,953.349,717.203,1.0,948.235,705.229,1.0,941.094,714.904,1.0,930.757,709.755,1.0,919.05,712.68,1.0,282.729,660.51,1.0,288.856,664.53,1.0,290.409,663.675,1.0,298.841,659.53,1.0,299.278,649.819,1.0,985.391,338.991,1.0,995.712,327.012,1.0,1001.96,328.521,1.0,1011.679,332.449,1.0,1007.955,344.79,1.0
347,437.558,159.496,1.0,440.716,168.422,1.0,440.933,177.714,1.0,438.151,189.51,1.0,447.133,197.751,1.0,514.254,93.978,1.0,520.377,85.34,1.0,530.743,86.213,1.0,538.572,85.459,1.0,547.932,78.344,1.0,950.564,716.939,1.0,947.309,704.788,1.0,940.049,716.717,1.0,929.294,709.755,1.0,917.972,713.483,1.0,282.729,656.002,1.0,289.04,663.733,1.0,289.201,663.675,1.0,299.205,659.53,1.0,297.728,647.949,1.0,984.578,338.991,1.0,993.774,329.537,1.0,1002.066,328.521,1.0,1010.736,330.947,1.0,1008.13,343.732,1.0
348,437.653,159.496,1.0,440.682,166.321,1.0,438.691,177.714,1.0,437.976,188.771,1.0,447.133,197.329,1.0,514.04,94.544,1.0,519.724,85.34,1.0,530.015,86.397,1.0,538.015,85.411,1.0,547.932,78.385,1.0,948.531,708.86,1.0,947.309,704.788,1.0,939.906,718.325,1.0,929.294,709.755,1.0,917.972,714.152,1.0,280.89,654.35,1.0,289.04,662.789,1.0,289.201,663.675,1.0,298.841,659.588,1.0,297.423,646.966,1.0,984.077,339.59,1.0,993.746,329.784,1.0,1002.066,328.445,1.0,1010.634,330.88,1.0,1008.13,342.929,1.0
349,437.653,158.034,1.0,440.451,163.848,1.0,438.439,177.714,1.0,438.184,185.577,1.0,447.133,196.558,1.0,510.208,94.875,1.0,517.976,88.696,1.0,529.018,87.305,1.0,537.51,85.635,1.0,545.614,79.758,1.0,946.69,707.483,1.0,947.309,704.788,1.0,939.906,718.325,1.0,929.294,709.755,1.0,917.972,714.152,1.0,280.89,651.967,1.0,288.856,661.283,1.0,289.201,663.031,1.0,298.463,659.53,1.0,297.257,646.943,1.0,984.077,339.59,1.0,993.508,329.912,1.0,1002.066,328.158,1.0,1010.634,330.88,1.0,1008.13,342.929,1.0
350,437.308,153.79,1.0,440.049,163.848,1.0,438.691,175.351,1.0,438.184,184.321,1.0,444.74,192.364,1.0,509.336,95.269,1.0,517.213,89.122,1.0,528.766,88.069,1.0,537.256,85.323,1.0,545.131,79.758,1.0,941.351,706.041,1.0,950.765,707.973,1.0,939.906,718.325,1.0,931.403,708.006,1.0,917.55,714.152,1.0,280.89,650.442,1.0,287.11,656.272,1.0,289.147,662.365,1.0,297.887,659.53,1.0,297.186,646.489,1.0,984.578,339.59,1.0,993.508,329.912,1.0,1002.066,328.158,1.0,1010.634,330.947,1.0,1008.13,342.929,1.0
351,437.308,153.787,1.0,439.797,163.581,1.0,438.691,174.943,1.0,438.184,183.651,1.0,444.734,191.278,1.0,509.099,95.348,1.0,517.21,89.369,1.0,528.74,88.188,1.0,536.78,85.304,1.0,544.748,79.782,1.0,940.773,703.413,1.0,950.765,708.829,1.0,942.433,717.08,1.0,933.687,706.566,1.0,918.07,713.728,1.0,280.89,650.304,1.0,285.577,655.598,1.0,289.147,660.76,1.0,297.795,659.588,1.0,297.257,646.489,1.0,986.286,331.487,1.0,993.774,329.912,1.0,1001.789,328.158,1.0,1010.036,331.369,1.0,1008.13,343.692,1.0
352,437.195,153.441,1.0,439.772,163.404,1.0,438.439,174.741,1.0,438.733,182.525,1.0,444.335,190.274,1.0,509.09,95.381,1.0,517.208,89.369,1.0,528.344,88.188,1.0,536.756,85.288,1.0,544.644,79.758,1.0,939.873,702.896,1.0,950.765,708.829,1.0,942.667,715.099,1.0,935.389,706.173,1.0,918.233,713.171,1.0,277.087,648.516,1.0,280.525,653.716,1.0,285.785,660.76,1.0,296.299,659.588,1.0,297.423,646.943,1.0,986.628,331.487,1.0,996.242,327.705,1.0,1001.284,328.158,1.0,1009.614,331.637,1.0,1007.83,344.417,1.0
353,437.195,153.149,1.0,439.466,163.04,1.0,438.439,174.501,1.0,438.733,179.598,1.0,444.047,189.911,1.0,509.059,95.381,1.0,517.144,89.122,1.0,528.344,88.275,1.0,536.756,85.304,1.0,544.491,79.758,1.0,939.873,702.849,1.0,948.391,707.973,1.0,942.667,715.015,1.0,936.288,706.173,1.0,918.233,712.497,1.0,273.896,644.845,1.0,280.388,649.539,1.0,282.555,657.959,1.0,292.245,660.214,1.0,297.257,647.276,1.0,997.007,331.487,1.0,996.351,327.258,1.0,1000.229,330.347,1.0,1009.589,332.581,1.0,1007.962,345.618,1.0
354,437.195,151.151,1.0,439.466,162.169,1.0,438.472,173.258,1.0,438.733,177.75,1.0,443.915,188.996,1.0,508.587,95.402,1.0,516.41,89.1,1.0,528.309,88.379,1.0,536.171,85.304,1.0,543.897,79.703,1.0,939.873,696.923,1.0,946.265,705.654,1.0,942.667,711.848,1.0,936.965,706.173,1.0,918.319,712.399,1.0,273.471,640.953,1.0,278.656,649.431,1.0,280.203,656.302,1.0,289.042,660.241,1.0,296.578,650.721,1.0,1001.988,331.524,1.0,996.61,324.887,1.0,999.857,330.83,1.0,1008.438,332.581,1.0,1007.962,345.618,1.0
355,441.867,150.737,1.0,439.466,155.226,1.0,438.472,166.727,1.0,437.043,176.439,1.0,443.617,188.8,1.0,507.879,95.402,1.0,515.365,89.1,1.0,527.987,88.379,1.0,536.165,85.723,1.0,543.815,79.782,1.0,940.626,693.221,1.0,942.902,701.728,1.0,938.826,709.85,1.0,938.506,705.98,1.0,918.71,712.399,1.0,273.062,640.73,1.0,278.656,648.577,1.0,279.64,655.857,1.0,288.781,661.845,1.0,296.578,655.201,1.0,1002.051,331.627,1.0,996.699,324.887,1.0,999.683,331.416,1.0,1008.255,332.508,1.0,1007.911,344.644,1.0
356,442.282,148.61,1.0,439.52,152.684,1.0,438.722,164.767,1.0,437.043,176.439,1.0,443.292,188.478,1.0,507.879,95.402,1.0,515.268,89.048,1.0,527.563,88.379,1.0,535.783,85.723,1.0,543.388,79.703,1.0,940.777,690.523,1.0,941.769,700.469,1.0,937.851,708.21,1.0,938.839,705.98,1.0,919.342,712.399,1.0,273.053,640.422,1.0,278.609,648.128,1.0,279.043,655.805,1.0,288.24,661.845,1.0,296.183,655.201,1.0,1002.051,332.624,1.0,996.842,324.887,1.0,999.66,331.699,1.0,1008.161,332.42,1.0,1007.466,344.622,1.0
357,442.282,148.61,1.0,439.841,152.618,1.0,438.877,164.291,1.0,437.043,176.439,1.0,443.144,187.895,1.0,505.798,95.402,1.0,513.748,89.1,1.0,526.919,88.379,1.0,535.433,85.723,1.0,543.33,80.226,1.0,941.016,690.146,1.0,941.614,699.854,1.0,936.936,707.588,1.0,938.839,706.438,1.0,919.893,712.497,1.0,272.453,640.413,1.0,278.602,647.662,1.0,278.409,655.805,1.0,287.433,661.845,1.0,296.07,655.201,1.0,1001.988,333.324,1.0,997.158,325.48,1.0,999.616,331.699,1.0,1008.161,332.42,1.0,1007.466,344.622,1.0
358,442.282,148.511,1.0,439.866,152.366,1.0,438.877,164.171,1.0,436.306,176.439,1.0,442.433,187.838,1.0,505.798,95.402,1.0,513.748,89.048,1.0,526.427,88.453,1.0,535.264,85.181,1.0,542.037,80.281,1.0,941.016,688.99,1.0,941.173,698.669,1.0,936.563,707.449,1.0,938.839,706.438,1.0,920.582,712.578,1.0,272.453,640.413,1.0,278.551,647.662,1.0,278.409,655.805,1.0,286.816,661.845,1.0,295.901,655.201,1.0,1000.329,334.011,1.0,997.339,326.573,1.0,998.859,331.699,1.0,1008.117,331.967,1.0,1007.087,343.56,1.0
359,442.049,148.132,1.0,439.866,152.142,1.0,439.415,164.164,1.0,438.03,176.439,1.0,442.433,187.323,1.0,505.798,95.578,1.0,513.684,89.142,1.0,526.177,88.721,1.0,534.383,84.985,1.0,541.361,81.877,1.0,941.105,688.299,1.0,941.173,698.128,1.0,936.563,707.247,1.0,937.55,713.691,1.0,922.851,713.812,1.0,271.854,640.422,1.0,278.486,647.662,1.0,278.409,655.857,1.0,285.51,661.948,1.0,295.293,655.198,1.0,1000.2,335.947,1.0,998.811,328.408,1.0,998.859,331.699,1.0,1008.117,330.281,1.0,1006.571,342.99,1.0
360,439.903,145.958,1.0,439.866,151.553,1.0,439.875,164.008,1.0,438.03,176.263,1.0,442.433,187.237,1.0,505.939,95.719,1.0,513.67,89.142,1.0,526.041,88.848,1.0,534.166,84.779,1.0,540.92,81.928,1.0,941.105,687.789,1.0,940.839,697.263,1.0,936.563,706.454,1.0,936.957,713.691,1.0,924.465,715.436,1.0,268.731,642.549,1.0,272.574,647.682,1.0,278.751,658.257,1.0,281.377,663.385,1.0,294.457,653.021,1.0,1000.2,337.007,1.0,1000.343,330.044,1.0,998.859,331.668,1.0,1007.706,329.67,1.0,1005.228,342.185,1.0
361,432.95,144.987,1.0,436.522,151.553,1.0,440.569,162.884,1.0,437.773,175.43,1.0,443.538,182.751,1.0,505.939,95.719,1.0,513.67,89.226,1.0,526.008,88.848,1.0,534.027,84.779,1.0,540.148,81.928,1.0,941.337,687.612,1.0,940.839,697.142,1.0,936.778,704.964,1.0,936.957,713.691,1.0,925.395,715.436,1.0,268.731,642.549,1.0,272.574,648.117,1.0,279.065,658.283,1.0,281.377,663.456,1.0,294.457,652.934,1.0,1000.329,338.008,1.0,1000.462,330.349,1.0,1001.308,325.72,1.0,1007.706,329.258,1.0,1004.87,342.078,1.0
362,432.479,144.24,1.0,436.098,151.553,1.0,440.628,162.539,1.0,436.851,175.427,1.0,444.086,182.195,1.0,505.939,95.707,1.0,513.751,89.23,1.0,525.653,88.848,1.0,533.989,84.779,1.0,540.065,81.942,1.0,941.738,687.266,1.0,941.173,696.61,1.0,937.171,704.964,1.0,936.393,711.855,1.0,925.995,715.436,1.0,268.727,642.549,1.0,272.426,648.117,1.0,279.065,658.283,1.0,281.199,663.456,1.0,294.294,652.815,1.0,1000.672,338.567,1.0,1000.904,331.058,1.0,1001.308,325.72,1.0,1007.703,328.666,1.0,1004.855,340.314,1.0
363,430.895,144.052,1.0,434.983,151.769,1.0,440.628,160.778,1.0,436.935,174.414,1.0,445.539,180.553,1.0,505.772,95.707,1.0,513.751,89.23,1.0,525.566,88.623,1.0,533.947,84.779,1.0,540.042,82.014,1.0,943.114,684.358,1.0,942.162,693.499,1.0,937.327,700.849,1.0,936.319,708.52,1.0,927.551,714.592,1.0,268.591,642.442,1.0,272.426,648.117,1.0,279.065,658.257,1.0,281.199,663.456,1.0,294.294,652.815,1.0,1002.351,348.928,1.0,1000.904,337.221,1.0,1001.308,325.72,1.0,1007.706,326.927,1.0,1004.855,339.87,1.0
364,430.821,143.247,1.0,434.855,151.769,1.0,440.628,160.778,1.0,436.935,172.457,1.0,445.633,179.217,1.0,505.566,95.707,1.0,513.751,89.243,1.0,525.566,88.545,1.0,533.947,84.745,1.0,540.042,82.022,1.0,943.781,678.342,1.0,942.162,684.997,1.0,937.647,697.478,1.0,930.751,704.46,1.0,930.339,713.725,1.0,268.328,640.638,1.0,271.138,646.45,1.0,278.207,655.852,1.0,279.712,661.876,1.0,293.255,652.934,1.0,1002.402,349.338,1.0,1000.837,337.237,1.0,1001.324,326.029,1.0,1007.706,326.48,1.0,1004.855,339.341,1.0
365,430.815,143.046,1.0,434.777,151.769,1.0,437.546,160.778,1.0,436.935,172.28,1.0,445.839,179.163,1.0,505.543,95.707,1.0,513.751,89.23,1.0,525.566,88.545,1.0,533.901,84.745,1.0,540.065,82.014,1.0,943.781,677.651,1.0,942.385,684.877,1.0,937.815,696.908,1.0,930.751,703.614,1.0,931.008,713.725,1.0,267.365,640.175,1.0,271.138,642.906,1.0,275.755,652.719,1.0,279.712,658.608,1.0,290.256,655.29,1.0,1002.402,349.781,1.0,1001.222,337.411,1.0,1001.38,326.65,1.0,1007.981,326.092,1.0,1005.575,339.341,1.0
366,430.815,143.028,1.0,434.636,151.313,1.0,437.424,160.778,1.0,438.25,171.055,1.0,445.633,179.083,1.0,505.322,95.703,1.0,513.201,89.23,1.0,525.542,88.545,1.0,533.706,84.745,1.0,540.042,82.022,1.0,943.781,677.457,1.0,942.438,684.722,1.0,937.963,695.442,1.0,930.751,703.493,1.0,931.1,713.489,1.0,265.742,640.175,1.0,269.083,639.693,1.0,274.38,650.204,1.0,277.266,653.026,1.0,287.299,658.32,1.0,1002.351,350.586,1.0,1001.474,337.463,1.0,1001.38,327.404,1.0,1008.064,326.092,1.0,1005.575,339.341,1.0
367,430.63,142.635,1.0,433.147,151.004,1.0,436.651,160.778,1.0,438.25,170.31,1.0,445.633,179.083,1.0,505.322,95.991,1.0,513.201,89.037,1.0,525.542,88.537,1.0,533.706,85.007,1.0,540.203,82.162,1.0,943.781,676.868,1.0,942.438,684.179,1.0,937.963,694.592,1.0,931.146,702.69,1.0,931.1,713.489,1.0,265.704,639.573,1.0,267.849,639.133,1.0,274.237,649.993,1.0,276.463,651.517,1.0,287.236,660.88,1.0,1001.713,351.45,1.0,1001.474,339.132,1.0,1001.968,327.664,1.0,1008.064,326.092,1.0,1005.62,339.341,1.0
368,430.034,141.612,1.0,433.107,150.73,1.0,435.327,159.687,1.0,438.25,169.263,1.0,443.653,176.748,1.0,505.322,95.703,1.0,513.201,88.944,1.0,525.592,88.537,1.0,533.901,85.173,1.0,540.213,82.213,1.0,943.818,674.949,1.0,942.438,683.13,1.0,937.815,693.535,1.0,932.408,700.155,1.0,931.008,710.421,1.0,265.156,639.119,1.0,267.849,638.589,1.0,274.168,649.082,1.0,276.463,651.397,1.0,287.117,660.88,1.0,1001.295,352.994,1.0,1001.474,341.324,1.0,1001.968,328.122,1.0,1008.064,325.352,1.0,1006.119,338.568,1.0
369,428.798,139.21,1.0,433.107,145.637,1.0,434.77,157.434,1.0,436.471,163.89,1.0,442.517,174.293,1.0,507.189,96.287,1.0,513.803,88.769,1.0,526.259,88.182,1.0,534.243,85.181,1.0,540.291,82.213,1.0,944.038,674.376,1.0,942.741,679.609,1.0,937.713,692.332,1.0,933.338,697.938,1.0,930.935,709.662,1.0,265.146,637.896,1.0,270.236,638.449,1.0,273.759,649.082,1.0,277.558,651.191,1.0,287.117,660.88,1.0,1001.295,352.994,1.0,1001.474,342.259,1.0,1001.968,329.217,1.0,1006.783,324.873,1.0,1006.197,336.053,1.0
370,428.647,139.049,1.0,433.107,144.329,1.0,434.208,156.399,1.0,435.868,162.821,1.0,442.246,173.768,1.0,508.936,96.603,1.0,515.934,88.944,1.0,526.288,87.293,1.0,534.745,85.854,1.0,540.508,82.326,1.0,946.075,674.277,1.0,944.634,679.609,1.0,937.513,692.332,1.0,933.562,697.938,1.0,930.935,709.662,1.0,265.156,637.79,1.0,270.236,637.876,1.0,273.708,647.728,1.0,276.387,649.996,1.0,286.429,660.093,1.0,1000.198,353.358,1.0,1001.355,342.526,1.0,1001.425,329.822,1.0,1006.225,324.731,1.0,1006.786,335.762,1.0
371,428.438,138.6,1.0,433.107,144.023,1.0,434.084,156.198,1.0,435.586,162.308,1.0,442.172,173.768,1.0,512.279,96.912,1.0,515.934,88.944,1.0,526.288,87.293,1.0,534.745,85.998,1.0,540.508,82.342,1.0,948.433,674.277,1.0,944.225,679.609,1.0,937.452,692.332,1.0,933.576,697.938,1.0,930.935,709.263,1.0,265.204,628.191,1.0,270.365,634.995,1.0,273.124,643.838,1.0,276.387,648.058,1.0,284.76,659.331,1.0,1000.198,353.358,1.0,1001.188,342.593,1.0,1001.161,329.988,1.0,1005.724,324.731,1.0,1007.081,335.215,1.0
372,427.836,138.046,1.0,431.844,143.807,1.0,433.551,154.509,1.0,435.586,160.806,1.0,441.879,173.367,1.0,512.505,97.899,1.0,515.934,89.222,1.0,526.288,87.293,1.0,534.745,86.105,1.0,540.689,82.572,1.0,949.027,674.376,1.0,944.634,680.985,1.0,937.063,692.332,1.0,933.886,697.938,1.0,931.91,709.146,1.0,265.204,626.013,1.0,270.511,634.14,1.0,272.476,641.84,1.0,276.387,647.457,1.0,283.616,658.462,1.0,999.808,353.711,1.0,1001.028,342.604,1.0,1001.161,330.056,1.0,1005.258,324.731,1.0,1007.24,334.222,1.0
373,426.969,137.532,1.0,430.974,142.73,1.0,433.551,151.409,1.0,435.375,158.46,1.0,438.886,171.443,1.0,512.505,100.387,1.0,515.15,91.018,1.0,525.131,87.373,1.0,534.227,86.105,1.0,540.508,82.523,1.0,950.501,676.665,1.0,944.712,680.985,1.0,937.063,692.332,1.0,934.255,697.938,1.0,932.25,709.146,1.0,265.204,625.723,1.0,270.365,634.057,1.0,271.081,641.242,1.0,276.376,647.176,1.0,283.183,658.273,1.0,1000.394,349.339,1.0,1001.028,342.604,1.0,1001.161,331.088,1.0,1004.607,324.731,1.0,1007.686,333.947,1.0
374,424.205,135.004,1.0,427.156,140.56,1.0,433.551,151.274,1.0,435.375,158.417,1.0,438.78,170.632,1.0,512.279,100.531,1.0,515.113,91.036,1.0,524.692,87.38,1.0,533.975,86.283,1.0,540.468,82.556,1.0,953.491,677.214,1.0,944.712,680.985,1.0,937.063,691.789,1.0,934.528,696.948,1.0,933.187,708.579,1.0,265.204,625.533,1.0,270.382,633.561,1.0,270.94,640.948,1.0,276.271,647.136,1.0,282.845,658.267,1.0,1000.394,353.711,1.0,1001.028,343.255,1.0,1001.156,331.12,1.0,1002.93,324.831,1.0,1008.77,332.843,1.0
375,423.688,132.681,1.0,427.114,139.923,1.0,433.84,147.771,1.0,434.077,157.036,1.0,438.109,167.582,1.0,511.637,102.132,1.0,514.879,92.3,1.0,523.865,87.909,1.0,533.479,86.292,1.0,540.403,82.556,1.0,953.995,677.214,1.0,944.993,677.452,1.0,937.182,690.282,1.0,934.849,696.337,1.0,933.187,708.579,1.0,265.565,625.533,1.0,270.382,633.561,1.0,270.94,640.859,1.0,275.851,647.136,1.0,282.829,657.68,1.0,1000.999,352.622,1.0,1000.36,343.46,1.0,1001.156,331.423,1.0,1001.023,325.228,1.0,1008.77,332.843,1.0
376,423.488,132.466,1.0,427.051,139.663,1.0,433.84,147.581,1.0,433.745,156.306,1.0,437.296,166.356,1.0,511.637,102.132,1.0,514.818,93.097,1.0,523.815,88.387,1.0,533.424,86.452,1.0,540.468,82.523,1.0,954.554,677.214,1.0,945.129,677.451,1.0,937.623,690.158,1.0,934.888,696.272,1.0,933.187,708.568,1.0,261.929,625.723,1.0,270.241,633.561,1.0,271.081,640.859,1.0,275.762,646.944,1.0,282.238,656.836,1.0,1000.999,354.494,1.0,999.958,344.605,1.0,1000.541,335.705,1.0,998.731,325.362,1.0,1009.329,332.11,1.0
377,423.398,132.198,1.0,426.992,139.595,1.0,433.84,147.51,1.0,433.46,156.01,1.0,436.745,166.348,1.0,511.556,102.132,1.0,514.56,93.724,1.0,523.436,88.907,1.0,533.154,86.489,1.0,540.468,82.451,1.0,955.652,676.082,1.0,946.314,677.168,1.0,938.08,689.248,1.0,934.888,695.523,1.0,932.961,708.423,1.0,261.672,625.723,1.0,269.58,633.039,1.0,271.741,640.743,1.0,272.123,646.944,1.0,282.177,650.788,1.0,1000.999,354.649,1.0,999.323,346.347,1.0,999.894,335.705,1.0,997.424,325.403,1.0,1009.745,332.11,1.0
378,423.245,130.378,1.0,425.486,138.664,1.0,431.413,146.351,1.0,432.572,153.528,1.0,433.151,164.269,1.0,511.427,102.921,1.0,514.167,94.02,1.0,523.188,89.206,1.0,532.949,86.586,1.0,540.711,82.274,1.0,956.052,675.57,1.0,947.169,677.168,1.0,938.484,689.248,1.0,935.041,694.853,1.0,932.471,708.318,1.0,260.784,628.955,1.0,268.482,630.851,1.0,271.945,637.224,1.0,271.6,647.034,1.0,280.773,650.082,1.0,1000.999,354.65,1.0,998.796,346.502,1.0,999.374,335.705,1.0,997.119,325.838,1.0,1009.632,335.015,1.0
379,420.249,127.032,1.0,424.525,133.705,1.0,428.121,144.324,1.0,432.572,153.42,1.0,432.415,164.017,1.0,511.543,103.959,1.0,514.039,94.221,1.0,522.741,89.721,1.0,532.373,86.596,1.0,540.73,82.147,1.0,956.052,675.531,1.0,947.169,676.896,1.0,938.562,689.248,1.0,935.085,694.853,1.0,932.282,708.251,1.0,260.784,628.955,1.0,268.456,630.605,1.0,271.945,636.758,1.0,271.201,647.034,1.0,280.533,649.557,1.0,1000.89,354.649,1.0,999.165,346.929,1.0,998.995,335.705,1.0,996.954,325.838,1.0,1009.632,335.015,1.0
380,419.651,126.429,1.0,424.431,132.513,1.0,428.121,144.228,1.0,432.402,153.32,1.0,432.298,162.234,1.0,511.543,105.773,1.0,513.764,94.665,1.0,522.266,90.102,1.0,532.258,86.651,1.0,540.73,82.077,1.0,956.052,675.531,1.0,947.169,677.168,1.0,938.562,689.252,1.0,935.252,694.853,1.0,932.137,708.251,1.0,260.784,628.955,1.0,268.456,630.335,1.0,271.741,636.687,1.0,270.99,646.941,1.0,280.454,649.46,1.0,1000.866,354.849,1.0,999.165,347.063,1.0,998.359,332.778,1.0,996.954,325.838,1.0,1009.632,334.671,1.0
381,419.42,126.14,1.0,424.207,132.473,1.0,428.121,144.112,1.0,432.402,153.225,1.0,432.298,161.472,1.0,511.427,106.403,1.0,513.742,94.841,1.0,522.196,90.177,1.0,531.964,86.801,1.0,540.726,81.814,1.0,952.987,675.531,1.0,945.926,677.963,1.0,938.562,690.308,1.0,935.252,696.96,1.0,932.027,708.251,1.0,260.784,628.789,1.0,268.456,630.272,1.0,271.578,636.098,1.0,270.772,645.335,1.0,280.454,649.317,1.0,1000.866,354.881,1.0,999.129,347.274,1.0,997.842,332.778,1.0,996.954,325.79,1.0,1009.362,334.671,1.0
382,419.309,126.042,1.0,423.967,132.449,1.0,428.446,144.057,1.0,432.402,153.225,1.0,432.415,160.764,1.0,511.014,106.53,1.0,513.742,95.098,1.0,522.054,90.691,1.0,531.763,86.809,1.0,540.835,81.736,1.0,948.621,675.639,1.0,944.466,678.627,1.0,938.672,693.923,1.0,935.683,698.93,1.0,932.027,708.938,1.0,260.784,627.713,1.0,268.111,629.468,1.0,271.287,634.163,1.0,270.15,643.32,1.0,275.073,648.75,1.0,1000.866,354.881,1.0,999.165,347.274,1.0,997.842,333.579,1.0,997.727,325.79,1.0,1009.136,332.67,1.0
383,417.102,125.275,1.0,423.967,131.415,1.0,428.535,141.605,1.0,430.445,151.036,1.0,432.298,160.141,1.0,510.914,107.015,1.0,513.475,95.124,1.0,522.054,90.744,1.0,531.481,86.851,1.0,540.835,81.659,1.0,938.534,680.849,1.0,942.339,685.769,1.0,938.672,693.923,1.0,936.122,701.371,1.0,932.027,709.213,1.0,260.503,626.585,1.0,266.539,627.827,1.0,271.287,632.72,1.0,270.15,638.992,1.0,275.073,648.705,1.0,1001.168,356.155,1.0,999.482,348.107,1.0,998.995,335.109,1.0,997.753,325.79,1.0,1008.492,331.65,1.0
384,415.117,125.07,1.0,423.011,130.418,1.0,428.612,139.611,1.0,429.445,147.881,1.0,432.403,158.648,1.0,510.496,107.357,1.0,513.023,95.173,1.0,521.872,91.374,1.0,531.168,87.286,1.0,540.901,81.659,1.0,936.043,685.625,1.0,940.911,688.631,1.0,938.218,693.923,1.0,936.188,701.679,1.0,932.287,709.807,1.0,260.114,625.431,1.0,266.192,624.979,1.0,271.287,631.506,1.0,270.062,637.621,1.0,274.914,645.804,1.0,1001.336,357.097,1.0,999.685,348.948,1.0,999.015,335.109,1.0,997.753,326.185,1.0,1007.982,328.922,1.0
385,414.392,125.022,1.0,422.827,129.572,1.0,428.711,138.932,1.0,429.3,146.704,1.0,432.403,157.651,1.0,510.389,107.357,1.0,513.023,95.769,1.0,521.872,91.455,1.0,531.168,87.343,1.0,540.901,81.659,1.0,931.469,685.625,1.0,939.929,688.631,1.0,936.558,693.495,1.0,936.188,701.679,1.0,932.287,710.2,1.0,260.114,624.609,1.0,266.169,624.979,1.0,271.796,629.153,1.0,270.15,637.621,1.0,274.9,645.69,1.0,1001.336,357.633,1.0,1000.555,349.743,1.0,999.586,336.267,1.0,997.727,326.185,1.0,1005.582,325.616,1.0
386,414.392,125.022,1.0,422.733,129.407,1.0,428.711,138.828,1.0,429.3,146.429,1.0,432.396,157.466,1.0,510.379,107.357,1.0,512.941,95.769,1.0,521.872,91.463,1.0,531.141,87.362,1.0,540.901,81.566,1.0,921.508,685.625,1.0,934.474,688.631,1.0,935.283,692.304,1.0,936.188,701.371,1.0,932.287,710.2,1.0,260.114,624.417,1.0,265.711,624.979,1.0,271.796,629.112,1.0,270.15,637.621,1.0,274.9,645.69,1.0,1001.195,357.954,1.0,1000.73,349.827,1.0,1000.065,336.619,1.0,997.204,326.748,1.0,1005.353,322.952,1.0
387,414.373,125.022,1.0,422.728,129.381,1.0,428.711,138.594,1.0,429.3,146.28,1.0,432.396,157.433,1.0,510.379,107.249,1.0,510.154,95.228,1.0,521.855,91.465,1.0,531.076,87.362,1.0,540.837,81.497,1.0,921.508,685.173,1.0,932.818,688.161,1.0,934.776,691.633,1.0,935.307,701.25,1.0,930.949,710.2,1.0,261.586,624.417,1.0,266.169,626.636,1.0,271.796,629.112,1.0,270.132,637.621,1.0,274.9,645.804,1.0,1001.336,357.954,1.0,1000.867,349.827,1.0,1000.261,337.434,1.0,997.204,326.748,1.0,1004.78,322.952,1.0
388,414.345,125.095,1.0,422.728,129.13,1.0,428.711,138.188,1.0,429.3,146.12,1.0,432.403,157.372,1.0,509.731,107.016,1.0,510.154,95.228,1.0,521.855,91.587,1.0,530.766,87.343,1.0,540.707,81.406,1.0,921.508,683.915,1.0,930.316,688.116,1.0,934.594,691.216,1.0,934.393,700.066,1.0,930.574,709.225,1.0,261.586,624.417,1.0,266.169,626.636,1.0,271.208,629.112,1.0,270.132,637.566,1.0,274.9,646.001,1.0,1001.33,357.954,1.0,1001.177,349.914,1.0,1000.261,337.434,1.0,997.204,326.748,1.0,1004.588,322.952,1.0
389,412.195,127.616,1.0,421.596,128.34,1.0,428.539,137.769,1.0,429.102,145.586,1.0,432.874,156.758,1.0,508.809,107.008,1.0,509.891,95.228,1.0,521.659,91.836,1.0,529.926,87.372,1.0,539.401,80.643,1.0,921.151,682.16,1.0,930.095,687.786,1.0,934.594,691.078,1.0,933.315,698.981,1.0,930.574,709.2,1.0,261.586,625.963,1.0,266.407,626.735,1.0,271.149,629.153,1.0,270.26,637.48,1.0,275.096,646.595,1.0,1001.33,358.132,1.0,1002.515,349.914,1.0,1000.065,338.137,1.0,999.711,330.452,1.0,1004.56,323.497,1.0
390,411.493,128.225,1.0,421.323,128.337,1.0,428.37,137.67,1.0,429.037,145.411,1.0,433.172,156.521,1.0,508.391,107.016,1.0,509.356,95.228,1.0,520.785,92.186,1.0,529.13,87.401,1.0,537.24,80.634,1.0,920.661,682.16,1.0,929.863,687.376,1.0,934.594,690.907,1.0,933.105,698.725,1.0,930.574,708.601,1.0,261.923,625.963,1.0,266.888,626.735,1.0,271.087,629.547,1.0,270.359,637.421,1.0,275.32,646.792,1.0,1001.684,358.588,1.0,1003.021,350.108,1.0,999.934,340.031,1.0,999.929,331.665,1.0,1003.846,323.89,1.0
391,409.736,128.865,1.0,420.097,128.317,1.0,428.091,137.648,1.0,429.036,145.148,1.0,433.172,156.376,1.0,508.057,107.174,1.0,509.356,95.326,1.0,520.7,92.434,1.0,528.984,87.404,1.0,536.832,80.633,1.0,920.661,682.16,1.0,926.989,686.92,1.0,937.635,688.269,1.0,933.105,695.639,1.0,933.692,708.098,1.0,261.923,626.943,1.0,267.474,626.442,1.0,269.971,629.547,1.0,270.481,637.421,1.0,275.466,647.432,1.0,1001.707,362.601,1.0,1003.086,351.148,1.0,999.805,341.3,1.0,999.929,332.961,1.0,1002.664,324.347,1.0
392,408.493,129.012,1.0,417.988,128.213,1.0,424.668,136.086,1.0,428.432,143.523,1.0,433.172,155.399,1.0,507.81,107.124,1.0,509.356,95.326,1.0,520.7,92.476,1.0,527.663,87.898,1.0,536.832,80.633,1.0,917.802,694.326,1.0,925.6,686.889,1.0,937.635,687.702,1.0,933.105,695.533,1.0,938.631,707.553,1.0,262.386,626.946,1.0,267.493,626.228,1.0,269.075,629.547,1.0,270.559,637.421,1.0,275.466,647.676,1.0,1001.684,363.186,1.0,1003.31,351.913,1.0,999.713,341.68,1.0,999.929,333.572,1.0,1000.98,324.347,1.0
393,407.842,129.104,1.0,417.14,127.954,1.0,424.221,135.744,1.0,427.77,143.299,1.0,432.378,155.232,1.0,507.788,107.124,1.0,509.412,95.438,1.0,520.668,92.476,1.0,527.663,87.898,1.0,536.791,80.634,1.0,917.788,694.326,1.0,925.284,686.889,1.0,937.635,687.702,1.0,932.734,694.158,1.0,940.458,707.17,1.0,262.56,627.448,1.0,267.68,626.442,1.0,268.039,629.923,1.0,270.559,637.094,1.0,275.466,649.13,1.0,1001.684,363.216,1.0,1003.31,352.63,1.0,999.293,342.327,1.0,999.853,333.95,1.0,1000.856,324.347,1.0
394,407.717,129.104,1.0,416.72,127.954,1.0,423.769,135.628,1.0,426.622,143.299,1.0,431.907,154.53,1.0,507.736,107.124,1.0,509.436,95.543,1.0,520.668,92.476,1.0,527.663,87.898,1.0,536.791,80.821,1.0,917.303,694.326,1.0,925.034,686.798,1.0,937.427,687.183,1.0,932.734,694.158,1.0,940.458,707.17,1.0,262.56,627.448,1.0,268.056,626.442,1.0,268.036,629.547,1.0,270.7,636.235,1.0,275.466,649.55,1.0,1001.707,363.226,1.0,1003.31,352.63,1.0,998.856,342.327,1.0,999.255,333.95,1.0,1000.731,324.262,1.0
395,407.717,129.012,1.0,416.72,127.954,1.0,423.769,135.628,1.0,426.547,142.849,1.0,431.907,154.53,1.0,507.634,107.124,1.0,509.516,95.543,1.0,520.668,92.496,1.0,527.663,87.698,1.0,536.943,81.314,1.0,917.052,693.68,1.0,924.472,686.268,1.0,936.479,686.884,1.0,932.734,694.158,1.0,940.458,706.962,1.0,262.56,628.163,1.0,268.056,626.785,1.0,267.576,629.923,1.0,270.7,636.235,1.0,274.914,649.55,1.0,1001.707,363.226,1.0,1003.31,352.63,1.0,998.856,342.327,1.0,999.177,333.95,1.0,1000.566,324.258,1.0
396,407.717,128.793,1.0,416.72,128.34,1.0,423.974,135.628,1.0,426.126,142.875,1.0,431.907,154.53,1.0,507.458,107.124,1.0,509.978,96.669,1.0,520.472,92.496,1.0,527.663,87.698,1.0,537.015,81.314,1.0,909.902,687.674,1.0,921.663,684.921,1.0,930.082,686.018,1.0,929.316,697.325,1.0,940.458,706.424,1.0,261.47,628.283,1.0,268.056,627.764,1.0,267.576,629.923,1.0,270.559,636.235,1.0,274.801,649.55,1.0,1002.406,363.216,1.0,1003.078,351.205,1.0,998.856,341.231,1.0,998.883,333.375,1.0,1000.566,324.157,1.0
397,411.29,128.505,1.0,419.232,130.272,1.0,423.974,136.586,1.0,425.996,143.299,1.0,432.194,155.097,1.0,507.441,107.181,1.0,510.011,97.027,1.0,520.321,92.683,1.0,526.92,87.698,1.0,537.088,81.314,1.0,909.789,687.138,1.0,919.938,684.331,1.0,928.405,685.909,1.0,928.409,697.325,1.0,940.458,699.784,1.0,259.376,628.933,1.0,266.168,628.223,1.0,267.381,630.14,1.0,269.948,637.442,1.0,274.773,647.449,1.0,1003.605,354.536,1.0,1003.078,347.039,1.0,998.803,340.656,1.0,998.356,333.375,1.0,1000.396,324.157,1.0
398,413.387,126.012,1.0,419.3,131.358,1.0,424.624,137.683,1.0,425.404,143.374,1.0,432.577,155.097,1.0,505.214,107.326,1.0,510.011,98.994,1.0,518.514,94.024,1.0,526.265,87.763,1.0,537.417,81.322,1.0,909.313,686.563,1.0,919.223,684.169,1.0,927.667,685.781,1.0,928.148,697.325,1.0,940.563,699.179,1.0,258.836,628.969,1.0,265.387,628.223,1.0,267.381,630.14,1.0,269.948,637.856,1.0,274.773,647.449,1.0,1006.528,350.942,1.0,1003.334,344.332,1.0,999.755,340.163,1.0,998.158,333.375,1.0,1000.396,324.157,1.0
399,418.472,125.31,1.0,420.833,131.358,1.0,424.629,138.18,1.0,425.079,143.27,1.0,432.577,155.097,1.0,505.082,107.326,1.0,509.978,99.041,1.0,518.248,94.046,1.0,526.151,87.874,1.0,537.563,81.292,1.0,909.313,686.485,1.0,919.136,684.144,1.0,927.64,684.999,1.0,928.035,696.986,1.0,940.563,698.699,1.0,258.743,629.001,1.0,262.505,628.223,1.0,267.247,630.221,1.0,269.93,638.237,1.0,274.773,647.449,1.0,1010.786,350.298,1.0,1003.988,342.269,1.0,1000.633,340.163,1.0,998.158,333.565,1.0,999.431,324.562,1.0
400,420.643,124.266,1.0,421.62,131.358,1.0,424.702,138.18,1.0,425.079,143.27,1.0,432.715,154.326,1.0,502.243,107.451,1.0,509.195,99.127,1.0,517.965,94.187,1.0,525.826,87.874,1.0,537.563,81.229,1.0,909.164,686.127,1.0,918.848,683.881,1.0,927.553,684.456,1.0,928.148,696.795,1.0,940.563,698.66,1.0,257.914,629.001,1.0,262.458,627.98,1.0,267.247,630.565,1.0,269.93,638.027,1.0,274.83,646.983,1.0,1012.035,349.607,1.0,1005.181,341.456,1.0,1000.019,340.656,1.0,998.158,333.733,1.0,999.431,324.7,1.0
401,422.621,123.835,1.0,421.65,131.222,1.0,424.702,138.18,1.0,425.079,143.27,1.0,432.577,154.155,1.0,502.243,107.306,1.0,509.195,99.041,1.0,517.965,94.187,1.0,525.826,87.874,1.0,537.563,81.09,1.0,909.164,686.127,1.0,917.472,683.881,1.0,927.031,684.679,1.0,928.409,696.752,1.0,940.313,698.465,1.0,257.914,628.933,1.0,262.458,627.368,1.0,267.247,630.942,1.0,270.142,638.027,1.0,274.83,646.983,1.0,1015.187,348.728,1.0,1007.249,340.862,1.0,1000.019,341.313,1.0,998.508,334.047,1.0,999.431,324.863,1.0
402,425.013,121.446,1.0,424.112,129.69,1.0,424.702,137.067,1.0,425.256,143.136,1.0,432.298,153.903,1.0,502.243,107.451,1.0,509.195,99.041,1.0,517.965,94.187,1.0,525.826,87.871,1.0,537.374,80.926,1.0,909.313,686.127,1.0,917.472,684.169,1.0,926.98,684.456,1.0,934.697,695.274,1.0,940.313,698.293,1.0,256.614,627.834,1.0,261.859,627.008,1.0,266.593,631.127,1.0,270.599,638.027,1.0,274.83,646.556,1.0,1016.427,348.728,1.0,1008.407,340.715,1.0,1000.308,341.635,1.0,998.876,334.04,1.0,999.472,324.98,1.0
403,425.169,119.242,1.0,424.422,127.866,1.0,424.702,135.926,1.0,425.592,143.107,1.0,431.817,153.627,1.0,506.455,107.306,1.0,509.787,97.169,1.0,519.747,93.021,1.0,526.496,87.381,1.0,537.34,80.926,1.0,909.59,686.625,1.0,917.472,684.789,1.0,925.478,684.456,1.0,934.697,694.959,1.0,940.313,698.293,1.0,254.708,622.603,1.0,260.949,626.902,1.0,264.023,630.942,1.0,270.142,634.269,1.0,272.92,642.398,1.0,1016.44,348.728,1.0,1008.432,340.665,1.0,1000.461,341.668,1.0,998.876,334.047,1.0,999.472,325.411,1.0
404,426.033,119.242,1.0,425.642,127.798,1.0,424.522,135.618,1.0,425.592,142.807,1.0,431.324,153.561,1.0,509.81,106.98,1.0,510.759,96.534,1.0,520.91,92.164,1.0,529.117,87.33,1.0,537.149,80.922,1.0,910.576,688.126,1.0,918.803,687.215,1.0,924.758,682.379,1.0,934.697,694.55,1.0,941.605,698.293,1.0,253.803,622.313,1.0,259.822,626.581,1.0,262.762,630.565,1.0,270.417,631.827,1.0,270.948,641.599,1.0,1016.44,348.846,1.0,1008.994,340.665,1.0,1000.461,341.858,1.0,999.049,334.097,1.0,999.495,325.411,1.0
405,426.771,118.74,1.0,425.719,127.687,1.0,424.522,135.079,1.0,425.513,142.807,1.0,431.313,152.755,1.0,512.937,104.749,1.0,511.285,96.355,1.0,520.979,91.615,1.0,529.651,87.33,1.0,537.149,80.922,1.0,917.046,695.46,1.0,918.903,687.221,1.0,924.89,682.379,1.0,935.138,694.09,1.0,941.679,698.33,1.0,253.043,622.051,1.0,259.427,626.335,1.0,262.431,630.115,1.0,270.417,631.017,1.0,270.948,641.452,1.0,1016.922,349.378,1.0,1009.662,340.715,1.0,1000.56,341.979,1.0,999.115,334.126,1.0,999.495,325.411,1.0
406,429.899,118.739,1.0,425.719,126.132,1.0,424.522,134.602,1.0,425.764,142.59,1.0,431.313,152.707,1.0,513.095,103.756,1.0,515.653,93.788,1.0,521.457,90.367,1.0,530.938,87.33,1.0,537.149,81.04,1.0,917.046,701.987,1.0,918.903,689.094,1.0,925.478,682.379,1.0,935.138,693.911,1.0,941.679,698.712,1.0,252.625,622.051,1.0,259.1,626.191,1.0,261.979,630.016,1.0,269.735,630.464,1.0,270.948,640.914,1.0,1017.028,350.09,1.0,1009.869,343.311,1.0,1000.613,342.033,1.0,999.391,335.298,1.0,1000.467,325.008,1.0
407,431.874,118.739,1.0,425.642,125.326,1.0,423.018,133.796,1.0,425.764,142.579,1.0,431.817,152.269,1.0,517.12,101.315,1.0,516.372,92.982,1.0,521.457,90.367,1.0,530.938,87.33,1.0,537.266,81.065,1.0,917.046,704.396,1.0,918.903,692.683,1.0,925.478,683.118,1.0,934.647,693.911,1.0,941.605,698.829,1.0,252.614,621.729,1.0,258.966,625.639,1.0,261.849,629.707,1.0,269.698,629.957,1.0,271.312,640.247,1.0,1017.028,351.189,1.0,1010.038,343.727,1.0,1000.856,342.233,1.0,999.477,335.67,1.0,1000.598,324.916,1.0
408,431.923,117.437,1.0,423.405,122.801,1.0,421.487,132.495,1.0,426.313,141.791,1.0,432.61,152.021,1.0,522.331,101.315,1.0,518.76,92.982,1.0,521.457,90.367,1.0,530.938,88.18,1.0,537.761,81.996,1.0,915.743,704.703,1.0,918.672,693.746,1.0,925.742,683.271,1.0,934.294,693.911,1.0,941.292,698.829,1.0,252.28,622.051,1.0,258.727,624.97,1.0,261.364,629.624,1.0,268.944,629.815,1.0,271.451,640.185,1.0,1016.921,352.281,1.0,1010.329,344.148,1.0,1001.257,342.346,1.0,999.808,335.67,1.0,1000.617,324.833,1.0
409,432.013,117.158,1.0,423.405,122.751,1.0,421.37,132.155,1.0,426.358,141.297,1.0,433.133,150.791,1.0,523.689,101.315,1.0,520.313,92.982,1.0,520.84,91.992,1.0,530.229,88.18,1.0,537.978,82.023,1.0,914.419,704.703,1.0,918.506,694.76,1.0,926.173,683.744,1.0,928.815,694.59,1.0,941.256,698.829,1.0,252.199,622.051,1.0,258.192,623.889,1.0,261.364,628.61,1.0,268.322,627.986,1.0,271.748,638.325,1.0,1017.028,352.533,1.0,1010.354,345.263,1.0,1001.325,342.558,1.0,999.926,336.185,1.0,1000.742,324.833,1.0
410,432.494,117.062,1.0,423.405,122.372,1.0,421.187,130.502,1.0,426.358,139.222,1.0,433.133,150.377,1.0,526.19,102.531,1.0,521.229,93.391,1.0,520.84,92.533,1.0,530.229,88.248,1.0,538.65,82.095,1.0,914.419,704.396,1.0,918.506,694.76,1.0,926.428,684.05,1.0,928.815,695.085,1.0,941.074,699.027,1.0,251.395,625.114,1.0,256.314,623.646,1.0,261.364,625.249,1.0,267.356,625.582,1.0,271.756,636.368,1.0,1016.921,355.032,1.0,1010.658,345.918,1.0,1001.452,342.809,1.0,999.939,336.483,1.0,1000.936,324.748,1.0
411,433.192,116.975,1.0,424.317,121.451,1.0,421.185,129.296,1.0,426.358,137.656,1.0,433.133,149.402,1.0,526.19,103.09,1.0,521.229,94.33,1.0,520.84,92.748,1.0,530.046,88.248,1.0,538.875,82.144,1.0,914.419,700.918,1.0,918.506,694.76,1.0,927.286,684.597,1.0,928.815,695.427,1.0,941.074,699.065,1.0,251.395,625.417,1.0,256.314,623.646,1.0,263.341,625.249,1.0,267.356,625.582,1.0,271.906,636.368,1.0,1016.791,355.032,1.0,1010.658,345.918,1.0,1001.452,342.809,1.0,999.926,336.483,1.0,1000.936,324.74,1.0
412,433.192,116.975,1.0,424.317,121.451,1.0,421.071,129.296,1.0,426.012,137.656,1.0,434.257,148.525,1.0,526.939,103.207,1.0,521.48,95.961,1.0,521.197,92.818,1.0,529.969,88.248,1.0,539.268,82.144,1.0,914.419,699.638,1.0,918.506,690.102,1.0,928.078,684.597,1.0,929.071,697.081,1.0,941.006,699.065,1.0,251.395,625.611,1.0,256.314,623.646,1.0,263.465,625.249,1.0,267.356,625.582,1.0,272.204,636.368,1.0,1016.183,355.032,1.0,1010.658,345.918,1.0,1001.452,342.809,1.0,999.926,336.483,1.0,1000.936,324.684,1.0
413,433.295,116.887,1.0,424.332,121.346,1.0,420.748,129.062,1.0,425.873,137.633,1.0,434.849,148.525,1.0,527.245,105.656,1.0,522.156,99.513,1.0,521.197,92.818,1.0,529.969,88.205,1.0,539.268,82.418,1.0,911.265,689.681,1.0,917.832,688.893,1.0,928.078,685.204,1.0,930.033,697.081,1.0,940.789,699.065,1.0,254.064,626.2,1.0,259.932,626.223,1.0,263.794,629.484,1.0,268.31,628.561,1.0,273.117,637.905,1.0,1014.756,351.834,1.0,1008.648,344.153,1.0,1001.331,341.262,1.0,999.174,334.077,1.0,999.961,324.529,1.0
414,433.427,116.887,1.0,424.546,121.211,1.0,420.748,129.062,1.0,425.728,137.633,1.0,434.596,148.124,1.0,529.368,105.708,1.0,522.839,99.648,1.0,521.781,92.7,1.0,529.893,88.205,1.0,539.533,82.469,1.0,907.749,689.618,1.0,915.915,688.451,1.0,928.111,685.204,1.0,930.033,697.081,1.0,940.789,698.735,1.0,256.426,626.786,1.0,260.705,626.538,1.0,263.794,630.592,1.0,268.638,630.482,1.0,273.117,639.0,1.0,1011.741,350.212,1.0,1005.766,342.573,1.0,1000.049,340.135,1.0,998.707,333.543,1.0,999.779,324.334,1.0
415,433.449,116.887,1.0,424.615,121.095,1.0,420.748,128.227,1.0,425.728,137.151,1.0,434.721,148.124,1.0,530.511,108.042,1.0,523.208,99.648,1.0,521.899,92.7,1.0,529.893,88.205,1.0,539.731,82.766,1.0,907.749,689.618,1.0,915.915,686.867,1.0,928.111,685.204,1.0,930.795,697.081,1.0,940.848,698.603,1.0,257.311,626.786,1.0,261.067,626.538,1.0,263.794,630.718,1.0,269.006,630.752,1.0,273.23,639.74,1.0,1010.824,349.947,1.0,1005.451,341.348,1.0,1000.012,340.115,1.0,998.621,333.543,1.0,999.41,324.044,1.0
416,435.131,116.494,1.0,429.149,120.848,1.0,423.271,128.058,1.0,425.469,136.264,1.0,434.721,148.124,1.0,531.066,108.042,1.0,524.243,99.69,1.0,522.001,92.191,1.0,529.969,88.212,1.0,539.533,82.769,1.0,907.749,685.778,1.0,915.915,686.699,1.0,928.111,685.204,1.0,931.261,697.081,1.0,940.848,698.519,1.0,258.541,626.2,1.0,263.07,626.538,1.0,265.104,630.718,1.0,269.006,630.752,1.0,273.117,640.471,1.0,1010.824,347.134,1.0,1004.95,341.154,1.0,999.16,340.115,1.0,998.026,333.543,1.0,999.089,323.814,1.0
417,440.285,113.947,1.0,430.109,120.039,1.0,424.442,125.854,1.0,425.057,135.726,1.0,434.596,144.245,1.0,531.559,108.124,1.0,525.569,100.027,1.0,522.001,92.191,1.0,529.966,88.212,1.0,539.474,82.787,1.0,916.972,685.778,1.0,924.006,686.619,1.0,928.111,688.689,1.0,931.261,699.28,1.0,942.044,698.227,1.0,262.995,624.049,1.0,269.61,624.47,1.0,265.104,630.592,1.0,269.006,630.482,1.0,272.986,640.471,1.0,1011.108,346.358,1.0,1004.95,340.47,1.0,997.972,340.135,1.0,997.258,334.033,1.0,998.903,323.436,1.0
418,440.285,112.092,1.0,430.359,117.968,1.0,425.661,124.048,1.0,424.175,134.334,1.0,430.495,143.347,1.0,531.812,108.406,1.0,526.058,100.027,1.0,522.001,92.191,1.0,529.966,88.238,1.0,539.474,82.874,1.0,922.844,683.977,1.0,924.863,686.341,1.0,928.111,692.282,1.0,929.781,699.401,1.0,943.336,698.227,1.0,265.932,624.049,1.0,269.652,624.47,1.0,265.104,629.482,1.0,266.473,630.403,1.0,271.977,640.471,1.0,1011.108,343.518,1.0,1004.95,340.345,1.0,997.881,341.176,1.0,997.206,335.144,1.0,998.903,323.242,1.0
419,442.251,112.002,1.0,430.359,117.968,1.0,425.671,124.048,1.0,424.175,134.334,1.0,430.191,143.347,1.0,532.163,110.378,1.0,527.247,102.321,1.0,521.965,92.889,1.0,529.966,88.398,1.0,538.339,83.051,1.0,930.439,674.552,1.0,925.053,683.376,1.0,930.324,692.282,1.0,929.781,699.401,1.0,944.022,698.201,1.0,268.251,624.049,1.0,269.652,624.47,1.0,264.473,628.302,1.0,266.033,629.553,1.0,270.091,640.194,1.0,1011.344,342.09,1.0,1005.25,340.02,1.0,997.881,341.321,1.0,997.206,335.218,1.0,998.903,323.089,1.0
420,442.411,112.002,1.0,430.109,117.968,1.0,425.796,124.048,1.0,424.175,134.087,1.0,430.16,143.102,1.0,532.239,110.82,1.0,527.247,102.529,1.0,521.689,93.067,1.0,529.444,88.803,1.0,538.111,82.874,1.0,931.817,674.032,1.0,926.023,682.226,1.0,927.447,692.282,1.0,929.729,699.401,1.0,944.022,698.201,1.0,277.205,628.86,1.0,271.119,624.742,1.0,264.473,625.966,1.0,265.592,628.511,1.0,269.3,638.925,1.0,1011.855,339.998,1.0,1006.306,340.02,1.0,997.881,341.321,1.0,997.258,335.218,1.0,999.992,323.089,1.0
421,442.251,112.002,1.0,430.028,118.235,1.0,425.927,124.118,1.0,424.333,134.087,1.0,430.115,143.102,1.0,532.925,110.82,1.0,527.247,102.529,1.0,521.662,93.067,1.0,529.444,88.803,1.0,538.111,82.983,1.0,933.12,671.804,1.0,926.356,680.093,1.0,927.447,689.934,1.0,929.729,699.373,1.0,944.14,698.157,1.0,279.204,634.863,1.0,271.883,626.666,1.0,264.473,625.296,1.0,264.899,628.511,1.0,268.517,637.537,1.0,1013.035,337.002,1.0,1008.493,340.02,1.0,998.487,341.321,1.0,997.525,335.229,1.0,1000.017,322.942,1.0
422,439.938,111.839,1.0,429.736,118.235,1.0,425.927,124.128,1.0,424.396,134.243,1.0,429.79,143.171,1.0,532.239,110.82,1.0,527.182,102.529,1.0,521.662,93.067,1.0,529.317,88.893,1.0,538.111,82.983,1.0,935.475,671.804,1.0,926.801,680.056,1.0,928.34,689.159,1.0,929.584,699.401,1.0,944.14,698.201,1.0,281.056,634.863,1.0,273.24,627.974,1.0,265.238,625.296,1.0,264.899,628.511,1.0,268.517,637.537,1.0,1013.035,337.002,1.0,1015.206,344.876,1.0,999.528,341.321,1.0,997.688,335.233,1.0,1000.846,322.898,1.0
423,439.859,111.839,1.0,429.736,118.235,1.0,425.927,124.128,1.0,424.682,133.905,1.0,429.79,143.022,1.0,532.163,109.057,1.0,526.065,101.32,1.0,521.689,93.011,1.0,529.317,88.899,1.0,538.328,82.823,1.0,936.0,671.804,1.0,927.723,679.919,1.0,928.825,689.125,1.0,929.507,699.638,1.0,943.936,698.201,1.0,281.056,635.287,1.0,273.24,630.504,1.0,266.278,625.296,1.0,264.899,629.587,1.0,268.51,637.474,1.0,1013.619,334.478,1.0,1015.896,346.236,1.0,999.693,341.18,1.0,997.784,335.229,1.0,1001.044,322.753,1.0
424,439.79,111.697,1.0,429.736,117.966,1.0,426.07,124.118,1.0,424.7,133.905,1.0,429.79,143.022,1.0,529.687,104.222,1.0,526.013,99.502,1.0,522.799,91.963,1.0,529.504,88.899,1.0,540.098,82.774,1.0,936.0,671.804,1.0,927.723,679.691,1.0,928.825,689.125,1.0,929.584,699.638,1.0,943.608,698.474,1.0,281.264,635.595,1.0,273.889,631.169,1.0,266.448,625.807,1.0,265.115,629.587,1.0,268.51,637.296,1.0,1013.619,334.478,1.0,1015.896,346.236,1.0,999.693,341.023,1.0,997.784,335.158,1.0,1001.044,322.556,1.0
425,439.79,111.553,1.0,429.737,117.933,1.0,426.09,123.948,1.0,424.853,133.796,1.0,429.811,143.171,1.0,529.465,100.385,1.0,524.307,98.507,1.0,523.809,91.222,1.0,531.151,88.562,1.0,540.874,82.752,1.0,936.0,671.586,1.0,929.313,679.691,1.0,930.917,686.467,1.0,932.738,697.907,1.0,942.573,698.474,1.0,282.562,637.927,1.0,274.974,631.169,1.0,267.01,625.978,1.0,265.144,629.806,1.0,268.634,637.136,1.0,1011.904,338.131,1.0,1015.896,344.876,1.0,999.693,340.347,1.0,997.784,334.486,1.0,1001.044,322.484,1.0
426,439.79,111.553,1.0,430.081,117.899,1.0,426.34,123.904,1.0,424.983,133.796,1.0,430.102,143.171,1.0,529.465,100.311,1.0,524.307,98.248,1.0,524.181,91.056,1.0,531.551,88.876,1.0,541.133,82.752,1.0,934.345,668.797,1.0,930.578,676.495,1.0,930.934,684.758,1.0,932.639,695.556,1.0,941.301,698.497,1.0,281.264,638.744,1.0,275.248,630.504,1.0,267.856,626.196,1.0,265.412,631.005,1.0,268.761,636.733,1.0,1011.399,342.034,1.0,1005.341,343.583,1.0,999.778,340.272,1.0,997.405,334.126,1.0,999.213,322.189,1.0
427,439.79,111.553,1.0,430.081,117.899,1.0,426.34,123.904,1.0,424.983,133.796,1.0,430.102,143.067,1.0,529.687,99.967,1.0,524.176,98.227,1.0,524.418,90.626,1.0,531.551,88.805,1.0,541.422,82.752,1.0,933.489,664.109,1.0,930.578,674.163,1.0,930.934,682.858,1.0,932.639,693.65,1.0,940.48,698.497,1.0,281.779,639.404,1.0,278.395,627.269,1.0,269.034,627.295,1.0,266.796,631.005,1.0,269.099,636.733,1.0,1009.323,346.461,1.0,1003.374,343.583,1.0,999.778,338.092,1.0,997.149,331.493,1.0,999.023,320.509,1.0
428,439.79,111.835,1.0,430.383,117.933,1.0,426.34,123.904,1.0,425.049,134.073,1.0,430.102,143.067,1.0,531.322,99.314,1.0,524.061,98.227,1.0,524.418,90.626,1.0,531.551,88.805,1.0,541.469,82.718,1.0,933.146,664.109,1.0,931.073,674.147,1.0,930.934,682.795,1.0,932.676,692.91,1.0,940.446,698.497,1.0,281.779,639.404,1.0,278.395,627.269,1.0,270.313,627.295,1.0,268.052,631.343,1.0,270.329,636.733,1.0,1002.84,348.988,1.0,1002.023,343.583,1.0,1001.029,336.732,1.0,996.684,330.139,1.0,999.023,320.394,1.0
429,439.151,112.051,1.0,430.383,118.123,1.0,425.591,124.147,1.0,425.422,134.366,1.0,430.15,143.067,1.0,531.322,99.14,1.0,524.061,98.227,1.0,524.326,90.626,1.0,531.551,88.805,1.0,541.504,82.666,1.0,933.13,663.825,1.0,931.677,673.964,1.0,930.934,682.591,1.0,932.639,692.302,1.0,940.027,698.381,1.0,281.779,639.404,1.0,278.838,627.269,1.0,271.725,627.295,1.0,268.323,631.448,1.0,270.841,637.484,1.0,1001.259,349.645,1.0,1000.778,344.532,1.0,1001.643,336.732,1.0,996.684,330.139,1.0,999.023,320.394,1.0
430,439.075,116.908,1.0,429.841,119.062,1.0,424.868,125.773,1.0,425.481,135.542,1.0,430.673,143.067,1.0,531.322,99.063,1.0,524.061,98.227,1.0,524.326,90.626,1.0,531.551,88.805,1.0,541.422,82.572,1.0,933.13,663.825,1.0,932.034,673.964,1.0,932.302,682.591,1.0,932.317,692.302,1.0,939.93,698.381,1.0,281.779,639.404,1.0,278.906,628.102,1.0,272.049,627.295,1.0,268.323,632.148,1.0,270.841,637.633,1.0,1000.639,351.195,1.0,1000.778,344.643,1.0,1001.643,336.732,1.0,996.684,330.139,1.0,999.765,320.394,1.0
431,433.927,116.908,1.0,425.833,120.234,1.0,424.679,127.761,1.0,425.863,135.587,1.0,434.695,145.702,1.0,527.172,99.063,1.0,517.921,92.113,1.0,524.418,89.356,1.0,532.393,87.755,1.0,541.422,82.527,1.0,933.489,660.157,1.0,934.28,664.757,1.0,933.09,681.164,1.0,932.317,687.669,1.0,938.971,697.419,1.0,282.817,639.404,1.0,279.44,628.143,1.0,273.2,627.02,1.0,268.302,632.352,1.0,270.89,638.209,1.0,1000.384,351.667,1.0,1000.778,346.509,1.0,1001.643,338.064,1.0,996.838,331.527,1.0,999.765,320.878,1.0
432,431.596,116.908,1.0,424.18,121.287,1.0,422.72,128.816,1.0,426.329,136.404,1.0,434.695,145.702,1.0,525.431,99.063,1.0,517.921,91.957,1.0,525.083,89.128,1.0,532.863,87.071,1.0,540.614,82.527,1.0,934.061,660.157,1.0,934.28,664.406,1.0,933.09,680.1,1.0,932.676,687.542,1.0,936.242,697.419,1.0,282.817,635.964,1.0,279.44,628.241,1.0,273.2,626.98,1.0,268.697,632.508,1.0,270.89,638.241,1.0,1000.384,355.623,1.0,1000.778,347.896,1.0,1000.915,338.986,1.0,997.532,332.066,1.0,999.765,321.7,1.0
433,431.172,116.176,1.0,424.18,121.458,1.0,422.72,130.358,1.0,426.48,137.155,1.0,434.695,146.008,1.0,522.298,99.063,1.0,517.921,91.957,1.0,526.006,88.551,1.0,532.863,86.665,1.0,539.542,82.368,1.0,937.992,660.157,1.0,934.576,664.406,1.0,933.09,679.549,1.0,932.143,685.245,1.0,934.859,697.419,1.0,282.817,635.964,1.0,279.44,628.606,1.0,273.2,626.98,1.0,268.697,632.743,1.0,270.89,638.25,1.0,1000.384,357.104,1.0,1000.778,348.655,1.0,1000.625,340.125,1.0,997.925,332.41,1.0,999.765,322.133,1.0
434,427.523,116.176,1.0,424.18,122.254,1.0,422.72,130.358,1.0,428.359,137.155,1.0,434.618,146.038,1.0,516.194,100.761,1.0,517.522,91.957,1.0,526.006,88.551,1.0,532.863,85.588,1.0,539.437,82.368,1.0,938.602,661.705,1.0,934.73,664.406,1.0,931.977,679.158,1.0,932.695,687.542,1.0,934.859,697.657,1.0,282.439,635.964,1.0,278.792,628.621,1.0,271.77,627.02,1.0,270.097,632.743,1.0,271.004,639.244,1.0,1000.52,359.63,1.0,1000.767,349.649,1.0,1000.487,341.368,1.0,998.657,333.163,1.0,999.765,322.892,1.0
435,423.378,116.176,1.0,427.039,122.254,1.0,425.454,130.358,1.0,430.144,137.365,1.0,434.618,146.21,1.0,514.7,101.006,1.0,517.522,93.621,1.0,526.006,89.356,1.0,532.815,85.031,1.0,539.031,81.675,1.0,940.448,661.705,1.0,935.4,664.406,1.0,931.738,679.158,1.0,932.695,686.577,1.0,934.859,697.9,1.0,281.987,635.964,1.0,278.184,628.667,1.0,271.188,627.02,1.0,271.017,632.508,1.0,271.004,639.636,1.0,1000.52,363.232,1.0,1000.453,350.608,1.0,1000.425,342.735,1.0,999.037,333.954,1.0,999.796,323.634,1.0
436,421.922,119.714,1.0,427.039,121.458,1.0,427.505,130.281,1.0,430.144,137.365,1.0,434.618,146.498,1.0,512.577,101.006,1.0,516.851,95.649,1.0,525.438,89.678,1.0,532.087,85.031,1.0,538.907,81.675,1.0,941.276,661.705,1.0,934.577,664.638,1.0,931.738,679.158,1.0,932.143,686.079,1.0,935.141,697.9,1.0,277.821,636.279,1.0,275.931,629.24,1.0,270.545,628.552,1.0,272.908,632.014,1.0,271.099,641.097,1.0,1000.52,365.806,1.0,1000.012,352.748,1.0,998.779,342.834,1.0,999.826,334.662,1.0,1000.215,324.494,1.0
437,421.286,119.714,1.0,427.039,121.344,1.0,427.701,129.635,1.0,430.179,137.231,1.0,434.775,146.517,1.0,512.168,100.761,1.0,516.702,96.107,1.0,525.227,89.97,1.0,531.99,85.031,1.0,538.892,81.637,1.0,941.443,660.462,1.0,935.4,664.638,1.0,931.738,677.71,1.0,932.143,686.079,1.0,935.141,697.657,1.0,277.821,636.336,1.0,275.931,629.363,1.0,270.348,628.802,1.0,272.908,632.014,1.0,272.252,641.216,1.0,999.4,367.481,1.0,999.444,354.481,1.0,998.603,345.262,1.0,999.826,334.662,1.0,1000.215,324.494,1.0
438,421.922,119.714,1.0,426.777,121.344,1.0,427.701,129.635,1.0,430.179,137.231,1.0,434.889,146.517,1.0,510.47,100.106,1.0,515.491,96.144,1.0,525.031,90.202,1.0,531.546,85.377,1.0,538.892,81.404,1.0,943.279,659.777,1.0,937.107,664.384,1.0,932.662,677.405,1.0,932.185,686.079,1.0,935.141,697.411,1.0,276.793,636.8,1.0,275.839,630.094,1.0,270.339,629.51,1.0,273.214,632.014,1.0,272.252,641.434,1.0,999.31,367.686,1.0,999.444,354.851,1.0,998.337,345.382,1.0,999.826,334.662,1.0,1000.215,324.494,1.0
439,421.922,119.591,1.0,426.749,121.344,1.0,427.701,129.635,1.0,430.176,137.004,1.0,434.889,146.533,1.0,507.439,97.305,1.0,515.486,96.144,1.0,524.924,90.42,1.0,530.792,85.827,1.0,538.892,81.404,1.0,944.227,655.908,1.0,937.267,664.145,1.0,934.159,675.224,1.0,932.185,685.577,1.0,933.414,693.005,1.0,276.13,637.704,1.0,275.839,630.864,1.0,270.348,629.51,1.0,273.72,632.347,1.0,272.857,641.895,1.0,998.914,367.811,1.0,999.825,355.661,1.0,998.334,345.824,1.0,999.521,334.662,1.0,999.469,324.116,1.0
440,422.595,116.117,1.0,426.122,121.053,1.0,427.172,129.887,1.0,430.037,137.004,1.0,434.889,146.598,1.0,504.997,97.305,1.0,515.395,96.878,1.0,524.828,91.648,1.0,529.984,85.873,1.0,538.912,81.072,1.0,944.227,652.885,1.0,940.217,664.113,1.0,934.534,674.927,1.0,932.185,684.491,1.0,931.521,690.832,1.0,276.13,639.234,1.0,273.011,631.944,1.0,270.348,630.602,1.0,275.042,633.262,1.0,277.042,643.464,1.0,998.816,367.811,1.0,999.825,355.661,1.0,998.334,346.219,1.0,999.521,334.59,1.0,999.469,323.951,1.0
441,423.059,115.42,1.0,425.951,121.457,1.0,424.478,130.512,1.0,429.281,137.231,1.0,434.529,146.96,1.0,504.875,97.305,1.0,515.151,97.12,1.0,524.454,91.648,1.0,529.973,85.873,1.0,538.997,81.072,1.0,944.078,652.146,1.0,941.006,663.963,1.0,936.234,674.617,1.0,932.185,684.463,1.0,930.57,690.345,1.0,267.549,641.272,1.0,271.284,631.944,1.0,275.254,630.602,1.0,279.942,635.307,1.0,284.369,647.418,1.0,998.816,367.841,1.0,999.825,355.984,1.0,998.334,346.293,1.0,999.2,334.511,1.0,999.469,323.951,1.0
442,423.233,115.42,1.0,426.122,121.487,1.0,422.982,130.697,1.0,427.326,137.754,1.0,433.848,146.96,1.0,504.875,97.411,1.0,513.976,97.12,1.0,523.295,91.648,1.0,529.014,85.916,1.0,539.021,81.02,1.0,944.227,652.146,1.0,941.396,663.926,1.0,937.622,673.126,1.0,931.947,682.827,1.0,930.57,690.313,1.0,267.549,642.068,1.0,271.284,631.96,1.0,277.494,629.463,1.0,279.942,635.307,1.0,284.369,647.418,1.0,998.687,367.841,1.0,999.825,355.984,1.0,999.67,346.293,1.0,999.123,334.339,1.0,999.55,323.951,1.0
443,423.233,115.42,1.0,426.299,121.487,1.0,422.276,131.176,1.0,427.256,138.05,1.0,433.68,146.96,1.0,504.382,97.483,1.0,513.563,96.96,1.0,523.295,91.648,1.0,528.77,85.956,1.0,538.997,80.915,1.0,944.227,652.146,1.0,941.396,663.851,1.0,936.78,673.126,1.0,931.884,682.477,1.0,930.57,689.46,1.0,265.633,642.068,1.0,271.284,631.96,1.0,277.715,629.463,1.0,284.152,636.142,1.0,286.871,647.772,1.0,998.816,367.841,1.0,999.825,356.392,1.0,999.818,347.26,1.0,998.36,334.511,1.0,999.55,324.554,1.0
444,423.233,116.233,1.0,426.299,122.778,1.0,421.945,131.929,1.0,427.242,138.198,1.0,432.978,146.96,1.0,504.123,98.598,1.0,513.219,97.156,1.0,523.227,91.648,1.0,528.62,85.967,1.0,538.997,80.675,1.0,945.954,650.818,1.0,941.396,663.842,1.0,936.78,673.126,1.0,931.884,679.234,1.0,930.758,687.76,1.0,265.633,641.645,1.0,272.384,632.076,1.0,279.407,630.665,1.0,279.942,636.705,1.0,284.369,647.418,1.0,998.922,367.841,1.0,999.497,358.583,1.0,1000.605,349.365,1.0,998.119,334.59,1.0,999.55,324.687,1.0
445,423.48,116.957,1.0,426.511,123.489,1.0,421.945,133.132,1.0,426.94,138.218,1.0,432.719,146.96,1.0,504.382,98.797,1.0,512.589,97.156,1.0,523.227,92.624,1.0,528.41,86.408,1.0,539.145,80.662,1.0,950.821,650.213,1.0,941.396,660.267,1.0,937.622,668.178,1.0,931.947,673.073,1.0,930.758,682.706,1.0,266.656,642.955,1.0,277.298,634.544,1.0,279.455,630.665,1.0,277.28,636.142,1.0,274.994,641.468,1.0,999.285,367.841,1.0,999.493,360.018,1.0,1000.605,349.83,1.0,994.785,336.34,1.0,998.931,326.703,1.0
446,423.887,118.125,1.0,427.268,124.776,1.0,421.945,133.952,1.0,426.904,139.511,1.0,432.431,147.257,1.0,504.904,99.462,1.0,512.237,97.156,1.0,523.076,92.673,1.0,527.776,86.527,1.0,539.145,80.52,1.0,952.497,650.571,1.0,939.698,657.482,1.0,937.625,666.831,1.0,932.251,671.697,1.0,930.758,682.575,1.0,286.424,645.872,0.9990000128746033,284.976,643.168,1.0,280.149,637.539,1.0,275.076,634.625,1.0,,,0.0,1000.347,365.802,1.0,999.041,360.018,1.0,1000.605,349.83,1.0,994.785,338.597,1.0,997.515,328.275,1.0
447,424.103,118.125,1.0,427.435,124.776,1.0,422.453,134.189,1.0,425.61,141.461,1.0,431.82,149.725,1.0,503.934,106.888,1.0,511.486,99.171,1.0,520.372,93.335,1.0,527.657,86.827,1.0,538.995,80.361,1.0,952.497,650.125,1.0,939.698,657.114,1.0,937.962,666.8,1.0,932.435,671.664,1.0,930.291,682.487,1.0,294.027,651.949,1.0,287.818,647.522,1.0,280.336,637.627,1.0,275.189,634.204,1.0,272.04,632.024,1.0,1000.351,365.704,1.0,998.838,360.018,1.0,1000.463,349.83,1.0,994.785,339.758,1.0,997.398,328.799,1.0
448,426.539,118.125,1.0,427.435,124.776,1.0,422.711,134.189,1.0,425.286,141.883,1.0,431.511,150.426,1.0,503.934,107.193,1.0,511.184,99.508,1.0,519.862,93.859,1.0,527.2,86.835,1.0,538.705,80.361,1.0,952.497,649.907,1.0,939.698,657.114,1.0,938.236,666.555,1.0,932.7,671.393,1.0,930.268,682.238,1.0,294.444,651.951,1.0,293.283,647.735,1.0,280.336,637.644,1.0,275.076,632.922,1.0,271.096,627.627,1.0,1000.674,365.704,1.0,998.781,359.008,1.0,1000.463,349.83,1.0,995.451,340.156,1.0,997.287,328.799,1.0
449,430.575,118.012,1.0,427.268,124.46,1.0,424.869,134.189,1.0,425.286,141.883,1.0,431.511,150.426,1.0,503.061,107.193,1.0,510.11,100.528,1.0,519.233,95.719,1.0,525.218,86.835,1.0,538.612,80.361,1.0,952.356,649.907,1.0,940.001,657.106,1.0,938.236,666.226,1.0,932.848,670.914,1.0,930.268,682.238,1.0,294.444,652.165,1.0,293.283,647.867,1.0,280.152,637.846,1.0,275.076,632.763,1.0,270.849,627.603,1.0,1000.674,365.802,1.0,998.781,359.008,1.0,1000.463,349.838,1.0,995.584,340.384,1.0,996.997,328.939,1.0
450,431.138,117.866,1.0,421.067,122.855,1.0,425.209,133.708,1.0,425.286,141.883,1.0,431.511,150.426,1.0,503.061,107.193,1.0,510.11,100.528,1.0,519.233,95.719,1.0,525.218,87.308,1.0,537.765,80.561,1.0,946.537,648.015,1.0,941.88,656.798,1.0,938.499,666.121,1.0,934.275,669.046,1.0,930.291,682.238,1.0,294.444,652.165,1.0,293.348,647.867,1.0,280.152,638.226,1.0,275.189,632.763,1.0,271.096,627.603,1.0,1000.726,365.935,1.0,998.781,359.008,1.0,1000.463,350.0,1.0,995.584,340.684,1.0,996.997,329.417,1.0
451,431.138,117.866,1.0,421.067,122.855,1.0,425.209,133.708,1.0,425.286,141.883,1.0,432.233,150.426,1.0,502.904,107.193,1.0,510.11,100.528,1.0,519.233,95.719,1.0,525.218,88.077,1.0,537.618,80.807,1.0,946.537,648.015,1.0,941.88,657.106,1.0,938.499,666.121,1.0,934.275,669.046,1.0,930.466,682.101,1.0,294.444,652.982,1.0,293.283,647.867,1.0,280.322,638.383,1.0,275.189,632.763,1.0,271.096,627.627,1.0,1000.674,366.062,1.0,999.675,359.805,1.0,1000.497,350.174,1.0,995.628,341.208,1.0,996.767,329.85,1.0
452,431.138,118.012,1.0,421.067,122.855,1.0,425.209,133.708,1.0,425.468,141.883,1.0,432.827,150.426,1.0,502.977,107.542,1.0,510.11,100.472,1.0,519.347,95.531,1.0,525.536,87.726,1.0,537.618,80.807,1.0,946.537,648.015,1.0,943.44,657.347,1.0,938.499,666.121,1.0,934.275,669.046,1.0,930.493,682.101,1.0,294.444,652.982,1.0,293.248,647.867,1.0,280.152,638.383,1.0,275.211,633.117,1.0,271.109,627.679,1.0,1000.176,366.528,1.0,1000.24,360.131,1.0,1000.619,350.19,1.0,995.628,341.489,1.0,996.393,329.941,1.0
453,429.018,118.397,1.0,425.484,127.031,1.0,425.209,134.519,1.0,425.704,142.99,1.0,432.827,152.407,1.0,503.061,107.683,1.0,510.455,100.357,1.0,519.432,94.914,1.0,525.536,87.726,1.0,537.618,80.774,1.0,951.703,651.861,1.0,943.75,657.347,1.0,937.42,666.121,1.0,933.61,667.846,1.0,930.62,682.267,1.0,294.73,652.982,1.0,292.329,648.168,1.0,280.322,638.383,1.0,275.368,633.117,1.0,271.689,627.741,1.0,1000.176,370.478,1.0,1000.468,362.873,1.0,1001.654,352.052,1.0,995.628,343.232,1.0,996.037,330.904,1.0
454,425.266,122.906,1.0,425.484,129.475,1.0,426.079,138.761,1.0,426.769,145.918,1.0,432.233,153.844,1.0,502.977,107.683,1.0,510.455,100.202,1.0,519.432,94.914,1.0,525.536,87.726,1.0,537.618,80.774,1.0,951.703,653.978,1.0,949.137,658.403,1.0,937.42,666.121,1.0,933.518,667.846,1.0,930.62,682.267,1.0,294.73,652.735,1.0,286.621,650.044,1.0,281.033,638.298,1.0,275.368,633.117,1.0,271.689,627.741,1.0,1000.221,371.872,1.0,1000.611,363.602,1.0,1001.654,353.175,1.0,995.808,343.837,1.0,996.037,331.597,1.0
455,420.769,126.167,1.0,425.484,131.664,1.0,426.079,140.053,1.0,427.429,148.333,1.0,432.233,155.192,1.0,502.972,107.683,1.0,510.11,100.202,1.0,519.347,95.531,1.0,525.493,87.55,1.0,537.581,80.807,1.0,952.93,669.065,1.0,949.19,660.052,1.0,937.42,666.484,1.0,932.97,667.918,1.0,930.742,682.264,1.0,294.73,651.198,1.0,286.621,650.044,1.0,281.033,638.298,1.0,275.141,632.94,1.0,271.689,627.679,1.0,1000.221,372.281,1.0,1000.611,363.628,1.0,1001.654,353.67,1.0,996.024,343.837,1.0,996.037,332.281,1.0
456,415.456,128.833,1.0,423.345,132.395,1.0,426.079,140.546,1.0,427.479,148.333,1.0,433.157,155.66,1.0,502.972,107.683,1.0,509.274,100.202,1.0,518.292,95.665,1.0,523.763,87.55,1.0,537.501,81.34,1.0,953.505,670.95,1.0,949.217,661.106,1.0,937.616,665.866,1.0,932.674,667.846,1.0,931.161,682.473,1.0,294.419,648.532,1.0,286.621,647.133,1.0,279.934,638.298,1.0,275.139,632.64,1.0,271.471,627.354,1.0,1000.438,373.298,1.0,1000.611,363.628,1.0,1001.35,354.276,1.0,996.024,344.562,1.0,997.015,333.837,1.0
457,414.606,131.467,1.0,421.49,132.982,1.0,425.309,140.546,1.0,427.769,148.333,1.0,433.157,155.66,1.0,502.182,107.683,1.0,508.812,100.202,1.0,517.488,95.665,1.0,522.962,87.55,1.0,536.829,81.739,1.0,954.887,670.95,1.0,949.217,663.309,1.0,938.407,665.866,1.0,932.522,667.532,1.0,932.599,682.52,1.0,280.567,648.532,1.0,284.707,643.725,1.0,280.306,639.241,1.0,274.788,628.01,1.0,271.471,626.209,1.0,1000.438,373.423,1.0,1000.611,363.634,1.0,1001.241,354.406,1.0,996.268,345.815,1.0,997.043,334.301,1.0
458,414.519,138.177,1.0,421.472,133.312,1.0,425.309,140.546,1.0,428.274,147.774,1.0,433.764,155.192,1.0,500.22,110.195,1.0,508.191,102.855,1.0,515.826,95.665,1.0,522.962,88.674,1.0,534.988,85.333,1.0,955.938,671.138,1.0,949.238,663.31,1.0,938.823,666.484,1.0,932.522,667.532,1.0,934.147,682.902,1.0,276.091,648.532,1.0,281.85,643.725,1.0,280.306,639.241,1.0,274.178,626.393,1.0,271.471,625.809,1.0,1000.438,373.423,1.0,1000.611,363.662,1.0,1001.241,354.475,1.0,996.364,346.107,1.0,997.136,334.41,1.0
459,414.441,141.334,1.0,420.02,133.312,1.0,425.309,139.489,1.0,428.488,145.73,1.0,433.773,154.599,1.0,499.977,110.449,1.0,507.914,103.111,1.0,514.632,94.685,1.0,522.962,88.711,1.0,532.894,85.333,1.0,956.048,671.213,1.0,949.867,663.903,1.0,939.262,667.18,1.0,932.522,667.59,1.0,936.282,683.459,1.0,273.486,645.826,1.0,279.323,643.444,1.0,280.101,639.827,1.0,274.178,626.238,1.0,271.994,625.809,1.0,1000.326,373.34,1.0,1000.645,363.734,1.0,1001.241,354.694,1.0,996.364,346.107,1.0,997.328,334.431,1.0
460,413.913,142.722,1.0,419.57,133.312,1.0,425.309,139.489,1.0,428.551,145.73,1.0,433.801,154.531,1.0,499.876,110.501,1.0,507.865,103.589,1.0,514.587,94.474,1.0,523.201,89.212,1.0,532.06,85.333,1.0,956.356,671.213,1.0,950.39,664.49,1.0,939.262,667.583,1.0,933.725,667.59,1.0,936.68,683.562,1.0,269.962,641.813,1.0,278.763,642.591,1.0,280.306,639.827,1.0,274.178,625.983,1.0,271.994,626.083,1.0,1000.326,373.423,1.0,1001.111,363.847,1.0,1001.657,354.839,1.0,996.364,346.107,1.0,997.328,334.431,1.0
461,413.374,142.923,1.0,417.973,133.434,1.0,425.309,139.489,1.0,428.654,145.73,1.0,433.835,154.484,1.0,499.799,110.687,1.0,507.866,103.589,1.0,514.583,94.467,1.0,523.201,89.363,1.0,531.904,85.323,1.0,956.377,671.213,1.0,950.575,664.579,1.0,939.471,668.707,1.0,933.918,669.316,1.0,936.801,683.562,1.0,269.962,641.452,1.0,277.098,642.313,1.0,280.325,640.168,1.0,274.459,625.661,1.0,271.994,626.083,1.0,1000.182,373.511,1.0,1001.111,364.164,1.0,1001.743,355.062,1.0,1000.339,343.381,1.0,997.456,334.759,1.0
462,412.934,143.515,1.0,417.209,133.434,1.0,424.56,140.464,1.0,428.742,146.444,1.0,433.835,154.531,1.0,499.799,110.721,1.0,507.866,103.589,1.0,514.375,94.467,1.0,523.333,89.363,1.0,531.904,85.001,1.0,956.612,671.213,1.0,951.519,668.907,1.0,939.817,670.363,1.0,934.307,669.316,1.0,936.801,683.562,1.0,269.962,641.093,1.0,276.825,642.148,1.0,281.304,641.897,1.0,274.7,625.661,1.0,271.584,626.71,1.0,1000.182,373.511,1.0,1001.111,364.745,1.0,1001.743,355.49,1.0,1000.426,343.381,1.0,997.479,335.636,1.0
463,411.64,144.331,1.0,416.531,133.434,1.0,423.989,140.532,1.0,429.165,146.505,1.0,433.952,154.102,1.0,499.799,110.687,1.0,507.865,103.391,1.0,514.298,94.224,1.0,523.201,89.363,1.0,531.904,85.001,1.0,956.779,670.648,1.0,953.109,670.765,1.0,940.687,670.363,1.0,934.307,670.117,1.0,936.68,683.332,1.0,269.962,641.093,1.0,276.811,641.736,1.0,281.356,641.897,1.0,274.744,625.983,1.0,271.584,626.71,1.0,999.211,380.986,1.0,998.588,367.454,1.0,1001.743,356.477,1.0,1000.426,343.381,1.0,997.777,336.93,1.0
464,407.898,145.34,1.0,416.334,141.229,1.0,423.989,141.222,1.0,429.217,146.523,1.0,434.278,154.102,1.0,499.799,110.501,1.0,507.795,103.391,1.0,514.262,94.224,1.0,523.201,89.297,1.0,531.854,85.001,1.0,961.344,669.915,1.0,953.677,673.049,1.0,943.928,670.363,1.0,933.971,670.262,1.0,931.36,682.398,1.0,270.309,641.038,1.0,276.155,640.749,1.0,281.356,641.897,1.0,274.882,627.552,1.0,271.584,626.71,1.0,999.036,381.28,1.0,998.577,367.458,1.0,1001.482,356.741,1.0,1000.339,344.024,1.0,1000.017,337.345,1.0
465,407.65,145.728,1.0,416.331,141.308,1.0,423.989,141.222,1.0,429.217,146.523,1.0,434.278,153.984,1.0,499.615,110.721,1.0,507.781,103.314,1.0,514.142,94.224,1.0,523.333,89.297,1.0,531.854,85.048,1.0,963.082,669.509,1.0,956.012,673.049,1.0,946.246,669.698,1.0,933.971,670.117,1.0,930.585,680.117,1.0,270.309,639.83,1.0,275.595,639.848,1.0,281.304,640.072,1.0,274.978,630.174,1.0,272.399,626.394,1.0,999.036,382.374,1.0,998.51,369.268,1.0,1001.145,357.032,1.0,999.776,344.8,1.0,1000.017,338.732,1.0
466,407.124,145.728,1.0,415.724,141.308,1.0,422.89,141.222,1.0,429.165,146.505,1.0,433.693,153.984,1.0,499.56,110.679,1.0,507.734,103.204,1.0,514.057,94.298,1.0,523.365,89.297,1.0,531.537,85.153,1.0,963.969,669.224,1.0,957.1,673.287,1.0,947.206,669.372,1.0,933.971,669.82,1.0,927.14,676.633,1.0,268.843,639.197,1.0,275.576,639.03,1.0,281.239,639.022,1.0,274.978,630.251,1.0,272.399,626.394,1.0,999.036,382.374,1.0,998.51,369.268,1.0,1001.012,357.032,1.0,999.776,345.025,1.0,1000.017,339.444,1.0
467,406.388,145.728,1.0,414.836,141.308,1.0,422.89,141.222,1.0,427.984,145.114,1.0,433.693,153.354,1.0,498.604,110.679,1.0,504.03,102.214,1.0,513.274,96.15,1.0,523.467,89.297,1.0,531.445,85.796,1.0,964.835,669.224,1.0,957.718,673.287,1.0,947.497,669.372,1.0,933.971,670.262,1.0,927.14,675.974,1.0,,,0.0,275.595,638.898,1.0,281.112,638.152,1.0,274.882,630.443,1.0,272.399,626.394,1.0,1000.793,382.374,1.0,998.577,369.268,1.0,1001.012,357.032,1.0,999.776,345.125,1.0,999.338,339.444,1.0
468,404.631,143.922,1.0,413.283,141.163,1.0,422.89,141.22,1.0,426.875,144.716,1.0,433.428,153.293,1.0,498.376,110.892,1.0,503.785,102.214,1.0,512.935,96.509,1.0,523.467,89.43,1.0,531.202,85.816,1.0,965.679,668.093,1.0,958.599,673.049,1.0,948.1,669.372,1.0,934.12,669.82,1.0,927.14,674.955,1.0,,,0.0,275.595,637.303,1.0,280.027,638.13,1.0,274.829,630.776,1.0,272.008,627.06,1.0,1001.185,381.432,1.0,998.577,369.268,1.0,1001.145,356.831,1.0,1000.023,345.138,1.0,999.338,339.444,1.0
469,404.124,143.25,1.0,412.934,141.163,1.0,422.89,141.22,1.0,425.676,144.53,1.0,432.514,153.293,1.0,497.89,111.038,1.0,503.431,102.214,1.0,512.935,96.776,1.0,523.372,89.433,1.0,530.622,85.923,1.0,966.6,668.093,1.0,960.144,672.88,1.0,949.436,669.575,1.0,935.231,669.82,1.0,927.825,673.94,1.0,,,0.0,275.576,637.303,1.0,278.835,638.13,1.0,274.829,631.486,1.0,270.757,627.06,1.0,1002.607,381.432,1.0,999.854,369.268,1.0,1001.145,356.831,1.0,1000.023,345.17,1.0,999.304,339.437,1.0
470,404.124,143.19,1.0,412.874,141.163,1.0,422.89,141.252,1.0,425.498,144.45,1.0,431.924,153.009,1.0,495.26,111.125,1.0,503.431,102.676,1.0,512.935,96.829,1.0,523.372,89.706,1.0,530.212,86.038,1.0,969.94,668.403,1.0,960.258,672.88,1.0,951.147,670.823,1.0,938.504,670.205,1.0,929.649,672.138,1.0,,,0.0,275.088,636.676,1.0,278.425,637.365,1.0,274.829,631.818,1.0,270.757,627.061,1.0,1003.634,381.432,1.0,1000.377,370.05,1.0,1000.966,356.831,1.0,1000.023,345.283,1.0,999.338,339.437,1.0
471,404.097,143.19,1.0,412.846,141.28,1.0,422.879,141.252,1.0,425.337,144.299,1.0,431.786,153.009,1.0,495.26,111.128,1.0,503.431,102.993,1.0,513.112,97.375,1.0,523.342,89.794,1.0,529.837,86.107,1.0,970.382,670.355,1.0,961.34,672.726,1.0,951.942,674.072,1.0,938.67,670.275,1.0,930.821,672.138,1.0,266.998,635.204,1.0,272.905,635.955,1.0,278.383,636.873,1.0,275.24,632.213,1.0,270.757,627.459,1.0,1003.67,381.464,1.0,1000.665,370.514,1.0,1000.966,357.084,1.0,999.92,345.286,1.0,999.448,339.437,1.0
472,404.079,143.152,1.0,412.8,141.301,1.0,422.879,141.22,1.0,425.081,144.299,1.0,431.511,153.009,1.0,495.26,111.128,1.0,503.713,102.993,1.0,513.112,97.611,1.0,523.22,90.266,1.0,529.656,86.172,1.0,972.297,670.355,1.0,962.585,672.617,1.0,952.259,674.602,1.0,939.101,670.205,1.0,931.531,671.705,1.0,264.123,626.107,1.0,269.139,635.438,1.0,267.567,636.659,1.0,276.999,635.525,1.0,271.902,629.28,1.0,1004.041,381.859,1.0,1000.975,371.381,1.0,1000.782,357.699,1.0,999.779,345.507,1.0,999.448,339.527,1.0
473,403.628,143.15,1.0,411.758,141.301,1.0,422.261,141.326,1.0,423.649,143.254,1.0,431.511,153.009,1.0,498.023,111.125,1.0,504.056,103.175,1.0,513.166,97.611,1.0,523.22,90.266,1.0,529.621,86.21,1.0,972.613,670.413,1.0,962.658,672.617,1.0,952.373,674.602,1.0,939.387,670.205,1.0,931.803,671.705,1.0,262.851,626.023,1.0,268.364,635.327,1.0,267.567,636.873,1.0,277.759,635.525,1.0,277.237,629.28,1.0,1004.041,381.868,1.0,1001.133,371.657,1.0,1000.543,357.749,1.0,999.566,346.003,1.0,999.675,341.132,1.0
474,396.93,142.954,1.0,408.894,141.301,1.0,420.167,141.25,1.0,422.342,142.764,1.0,431.511,152.624,1.0,498.147,110.422,1.0,504.799,103.379,1.0,513.863,97.611,1.0,523.22,90.266,1.0,529.609,86.21,1.0,972.663,670.413,1.0,962.933,672.595,1.0,953.274,674.328,1.0,939.819,670.205,1.0,931.803,671.705,1.0,262.78,626.023,1.0,268.364,635.255,1.0,267.567,636.873,1.0,278.014,635.525,1.0,277.264,629.28,1.0,1004.041,382.016,1.0,1001.136,371.7,1.0,1000.543,357.853,1.0,999.549,346.114,1.0,999.811,341.522,1.0
475,396.05,142.83,1.0,408.207,141.354,1.0,418.573,141.25,1.0,421.871,142.627,1.0,431.99,151.54,1.0,498.147,109.772,1.0,504.799,103.379,1.0,513.863,97.074,1.0,523.22,89.803,1.0,529.609,86.226,1.0,973.115,670.355,1.0,963.815,672.284,1.0,954.424,674.328,1.0,946.58,670.275,1.0,934.09,670.99,1.0,262.368,626.023,1.0,268.027,634.76,1.0,271.014,636.604,1.0,278.014,636.391,1.0,277.385,629.28,1.0,1003.976,382.035,1.0,1001.136,371.7,1.0,1000.782,357.933,1.0,999.472,346.166,1.0,1000.099,341.522,1.0
476,396.01,142.83,1.0,408.207,141.42,1.0,418.573,141.326,1.0,421.871,142.501,1.0,432.079,150.761,1.0,498.147,108.734,1.0,504.799,101.995,1.0,513.863,97.023,1.0,523.769,89.759,1.0,529.621,86.255,1.0,974.559,669.491,1.0,967.533,670.799,1.0,958.926,672.942,1.0,952.351,670.478,1.0,938.447,669.465,1.0,262.002,625.638,1.0,267.888,634.612,1.0,271.014,636.474,1.0,277.759,636.018,1.0,277.539,629.28,1.0,1003.967,382.016,1.0,1001.428,371.7,1.0,1001.099,358.071,1.0,999.472,346.372,1.0,1000.099,341.522,1.0
477,395.725,142.83,1.0,407.934,141.452,1.0,418.418,141.752,1.0,421.792,142.501,1.0,432.093,152.318,1.0,496.811,107.92,1.0,508.5,103.627,1.0,513.868,96.738,1.0,523.832,89.608,1.0,529.625,86.255,1.0,976.267,669.036,1.0,967.533,670.799,1.0,959.303,672.286,1.0,952.509,670.478,1.0,939.192,669.307,1.0,260.025,622.664,1.0,265.031,634.583,1.0,271.014,635.056,1.0,277.382,635.395,1.0,278.462,631.886,1.0,1003.967,381.868,1.0,1001.436,371.7,1.0,1001.116,358.314,1.0,999.472,346.55,1.0,1000.122,341.522,1.0
478,395.112,142.824,1.0,407.576,141.637,1.0,418.418,141.975,1.0,421.792,142.501,1.0,432.079,152.318,1.0,496.811,107.721,1.0,508.5,101.515,1.0,513.583,96.436,1.0,523.769,89.608,1.0,529.904,86.255,1.0,976.491,668.949,1.0,967.854,670.799,1.0,959.725,671.306,1.0,952.997,670.478,1.0,939.43,669.307,1.0,258.441,621.128,1.0,264.634,634.335,1.0,270.044,634.365,1.0,277.157,634.905,1.0,279.077,631.886,1.0,1003.976,381.788,1.0,1002.475,371.701,1.0,1001.133,358.608,1.0,999.472,346.59,1.0,1000.122,341.68,1.0
479,395.028,142.66,1.0,407.092,142.991,1.0,416.545,142.081,1.0,421.792,142.572,1.0,431.99,150.662,1.0,496.754,104.224,1.0,508.519,100.936,1.0,513.279,96.436,1.0,523.133,89.759,1.0,529.965,86.255,1.0,976.853,668.836,1.0,967.854,670.799,1.0,959.725,671.139,1.0,953.224,670.141,1.0,939.584,669.439,1.0,258.074,621.128,1.0,264.578,634.335,1.0,269.905,633.785,1.0,277.03,634.905,1.0,279.077,632.258,1.0,1004.176,381.788,1.0,1002.608,372.143,1.0,1001.497,358.751,1.0,999.838,346.986,1.0,999.731,342.343,1.0
480,393.146,142.922,1.0,404.829,142.991,1.0,414.719,144.444,1.0,421.895,143.181,1.0,430.727,150.662,1.0,495.553,103.757,0.9900000095367432,508.519,100.936,0.9990000128746033,513.583,96.097,1.0,523.769,89.759,0.9990000128746033,529.968,86.292,0.9139999747276306,977.543,668.776,1.0,967.854,670.799,1.0,959.86,670.86,1.0,952.997,669.891,1.0,940.213,669.465,1.0,257.814,621.128,1.0,264.531,634.335,1.0,269.711,633.758,1.0,276.895,634.905,1.0,278.731,632.491,1.0,1004.176,381.689,1.0,1002.779,374.58,1.0,1002.003,363.889,1.0,1000.096,347.833,1.0,999.665,342.819,1.0
481,392.875,142.929,1.0,403.692,142.991,1.0,413.523,144.541,1.0,421.259,143.181,1.0,430.727,150.662,1.0,495.013,99.744,0.9990000128746033,508.519,102.409,0.9990000128746033,513.668,95.736,1.0,524.164,89.195,1.0,530.207,86.292,0.7129999995231628,978.144,668.01,1.0,971.655,666.232,1.0,960.368,670.86,1.0,952.997,669.734,1.0,940.806,670.623,1.0,257.814,621.128,1.0,264.578,634.022,1.0,269.711,633.395,1.0,276.624,634.841,1.0,279.077,632.258,1.0,1004.176,381.788,1.0,1002.779,375.415,1.0,1002.622,364.52,1.0,1000.103,348.401,1.0,999.665,342.829,1.0
482,392.762,143.125,1.0,403.653,142.502,1.0,413.523,144.541,1.0,420.277,142.572,1.0,430.256,149.646,1.0,494.881,98.396,1.0,505.902,102.409,1.0,513.668,96.025,1.0,523.766,88.742,1.0,530.278,86.55,1.0,981.53,667.667,1.0,974.854,665.945,1.0,962.161,669.364,1.0,950.149,669.734,1.0,941.391,671.281,1.0,257.814,621.128,1.0,264.578,633.831,1.0,269.671,633.301,1.0,276.196,634.481,1.0,278.826,632.258,1.0,1003.388,381.802,1.0,1002.74,375.785,1.0,1002.695,364.648,1.0,1000.103,348.814,1.0,999.6,343.676,1.0
483,392.762,143.158,1.0,403.513,142.502,1.0,413.523,144.472,1.0,420.51,139.915,1.0,429.87,149.314,1.0,494.827,98.117,1.0,505.399,102.409,1.0,513.668,95.736,1.0,524.121,88.607,1.0,530.207,86.665,1.0,983.336,667.52,1.0,976.051,665.945,1.0,964.064,669.364,1.0,950.037,669.734,1.0,944.811,671.347,1.0,259.233,621.261,1.0,264.578,632.775,1.0,269.309,632.337,1.0,276.171,634.481,1.0,278.826,632.258,1.0,1003.299,381.802,1.0,1002.74,375.785,1.0,1002.695,364.648,1.0,1000.096,348.814,1.0,999.582,343.677,1.0
484,392.638,143.192,1.0,403.513,142.502,1.0,413.709,144.472,1.0,420.51,139.582,1.0,429.753,148.424,1.0,494.705,98.117,1.0,504.965,102.468,1.0,513.668,95.736,1.0,524.121,88.598,1.0,530.189,86.769,1.0,983.706,667.52,1.0,976.297,666.232,1.0,964.123,669.364,1.0,950.037,670.325,1.0,945.038,671.347,1.0,260.438,620.262,1.0,264.447,632.084,1.0,269.118,632.04,1.0,276.069,634.032,1.0,279.579,632.172,1.0,1003.048,382.324,1.0,1002.613,375.785,1.0,1002.695,364.648,1.0,999.824,348.814,1.0,999.582,344.17,1.0
485,392.8,143.192,1.0,403.692,142.539,1.0,413.84,144.472,1.0,420.51,139.582,1.0,429.664,148.424,1.0,494.244,98.352,1.0,504.777,102.468,1.0,513.388,96.025,1.0,523.766,88.598,1.0,530.189,86.828,1.0,983.706,667.52,1.0,976.35,666.373,1.0,964.123,669.496,1.0,950.047,670.563,1.0,945.159,671.281,1.0,261.367,619.875,1.0,264.835,632.084,1.0,269.027,632.04,1.0,276.069,634.032,1.0,280.244,632.172,1.0,1003.048,382.362,1.0,1002.613,372.799,1.0,1002.695,362.855,1.0,999.346,347.567,1.0,999.582,344.17,1.0
486,392.8,143.192,1.0,403.802,142.842,1.0,413.865,144.358,1.0,420.566,139.582,1.0,429.654,148.424,1.0,493.539,98.396,1.0,501.541,104.622,1.0,513.21,96.294,1.0,523.735,88.598,1.0,530.037,86.903,1.0,983.336,667.52,1.0,976.35,666.436,1.0,964.123,669.952,1.0,950.047,670.563,1.0,945.538,671.191,1.0,261.707,620.262,1.0,264.835,632.084,1.0,269.027,632.04,1.0,276.069,634.032,1.0,280.244,632.426,1.0,998.81,382.362,1.0,1002.613,372.799,1.0,1003.104,362.855,1.0,999.346,347.461,1.0,999.516,344.17,1.0
487,395.282,146.636,1.0,405.755,143.055,1.0,414.798,144.025,1.0,421.728,140.13,1.0,429.654,148.427,1.0,491.951,98.654,1.0,500.424,104.622,1.0,512.645,96.712,1.0,523.247,89.116,1.0,529.605,86.903,1.0,983.336,667.52,1.0,976.388,666.436,1.0,964.123,669.952,1.0,950.047,670.563,1.0,945.568,671.191,1.0,264.51,620.748,1.0,266.724,632.811,1.0,269.027,633.484,1.0,276.704,634.242,1.0,281.044,632.426,1.0,998.81,382.362,1.0,1002.613,372.375,1.0,1002.21,362.042,1.0,999.224,347.367,1.0,999.516,343.038,1.0
488,406.018,153.578,1.0,408.604,143.313,1.0,414.816,141.293,1.0,421.729,140.291,1.0,429.664,148.801,1.0,491.951,98.916,1.0,500.424,104.667,1.0,512.599,96.762,1.0,523.044,89.174,1.0,529.605,86.835,1.0,984.374,667.299,1.0,976.82,666.373,1.0,964.145,669.952,1.0,950.076,670.558,1.0,945.67,671.162,1.0,266.892,620.748,1.0,270.038,632.811,1.0,269.28,634.81,1.0,278.48,635.285,1.0,283.44,633.149,1.0,998.81,382.362,1.0,1002.731,371.05,1.0,1002.32,358.872,1.0,999.346,347.013,1.0,999.408,342.803,1.0
489,407.949,153.578,1.0,410.97,143.362,1.0,414.843,140.13,1.0,421.8,140.313,1.0,430.277,148.801,1.0,491.951,98.916,1.0,500.424,104.667,1.0,512.599,96.762,1.0,523.044,89.249,1.0,529.605,86.828,1.0,985.417,659.878,1.0,976.388,663.915,1.0,966.827,669.952,1.0,951.912,670.439,1.0,946.289,671.112,1.0,271.842,620.748,1.0,272.239,632.811,1.0,269.609,635.173,1.0,278.81,636.313,1.0,286.058,633.998,1.0,1001.537,379.641,1.0,1002.734,369.873,1.0,1002.32,357.966,1.0,999.346,346.15,1.0,999.396,342.745,1.0
490,412.2,153.756,1.0,414.037,143.518,1.0,414.843,140.101,1.0,421.729,140.313,1.0,430.277,148.801,1.0,491.951,98.916,1.0,500.531,104.589,1.0,512.453,96.712,1.0,523.045,89.249,1.0,529.605,86.559,1.0,985.417,659.878,1.0,976.82,663.228,1.0,966.924,669.952,1.0,953.135,670.439,1.0,947.158,671.112,1.0,271.842,620.748,1.0,272.556,632.186,1.0,269.723,635.598,1.0,278.81,636.313,1.0,286.058,634.271,1.0,1005.792,370.889,1.0,1003.977,362.991,1.0,1001.647,357.474,1.0,999.147,346.15,1.0,999.408,341.672,1.0
491,418.364,153.929,1.0,416.273,143.572,1.0,414.843,140.101,1.0,421.729,140.291,1.0,430.277,148.089,1.0,491.521,98.916,1.0,500.531,104.479,1.0,512.256,96.402,1.0,523.022,89.535,1.0,529.628,86.559,1.0,985.417,659.395,1.0,976.885,660.611,1.0,967.513,677.194,1.0,955.239,670.558,1.0,948.688,671.138,1.0,271.842,619.376,1.0,272.556,632.041,1.0,269.723,635.568,1.0,278.5,636.313,1.0,286.058,634.271,1.0,1010.467,368.425,1.0,1004.449,360.053,1.0,1001.647,357.474,1.0,998.518,346.15,1.0,999.408,341.49,1.0
492,419.793,156.28,1.0,416.273,144.779,1.0,415.123,140.13,1.0,421.804,139.839,1.0,430.253,147.534,1.0,491.521,98.916,1.0,500.531,103.894,1.0,512.103,95.979,1.0,523.022,89.535,1.0,529.628,86.559,1.0,984.833,659.395,1.0,977.905,660.538,1.0,969.526,677.365,1.0,955.368,670.875,1.0,950.277,671.075,1.0,271.842,618.516,1.0,272.556,632.041,1.0,269.49,635.598,1.0,278.48,635.812,1.0,285.616,634.271,1.0,1012.805,368.056,1.0,1006.447,359.046,1.0,1001.891,357.474,1.0,997.634,346.731,1.0,999.971,341.49,1.0
493,420.745,157.026,1.0,417.886,145.387,1.0,415.123,142.165,1.0,421.701,139.339,1.0,430.21,147.316,1.0,491.221,99.42,1.0,499.505,103.831,1.0,512.103,95.979,1.0,522.991,89.562,1.0,529.291,86.661,1.0,984.72,659.334,1.0,977.905,660.277,1.0,969.536,677.43,1.0,958.422,671.352,1.0,950.474,670.912,1.0,271.842,618.516,1.0,272.543,632.041,1.0,269.49,635.598,1.0,277.091,634.752,1.0,283.96,632.345,1.0,1015.699,367.936,1.0,1009.07,359.017,1.0,1001.891,357.474,1.0,997.457,346.731,1.0,1000.627,341.672,1.0
494,421.445,157.54,1.0,417.886,146.731,1.0,415.123,142.409,1.0,421.701,139.339,1.0,430.21,147.276,1.0,490.654,99.619,1.0,498.986,103.755,1.0,512.103,95.979,1.0,522.64,89.679,1.0,529.16,87.081,1.0,984.486,659.512,1.0,977.905,660.188,1.0,969.69,677.365,1.0,959.817,672.647,1.0,950.921,669.251,1.0,276.404,618.516,1.0,271.569,631.637,1.0,269.49,635.568,1.0,272.705,631.166,1.0,279.984,632.345,1.0,1016.156,365.688,1.0,1009.102,357.694,1.0,1002.081,357.474,1.0,997.371,346.731,1.0,1000.627,341.692,1.0
495,421.802,159.711,1.0,417.886,147.302,1.0,415.5,143.23,1.0,421.804,139.339,1.0,430.253,147.146,1.0,489.075,100.953,1.0,497.478,103.559,1.0,511.282,98.018,1.0,521.872,90.65,1.0,529.089,87.129,1.0,984.486,659.334,1.0,977.759,660.05,1.0,969.777,677.249,1.0,960.073,672.773,1.0,951.239,669.251,1.0,276.704,618.821,1.0,271.569,630.64,1.0,269.242,635.264,1.0,271.828,630.452,1.0,277.179,625.219,1.0,1018.075,360.657,1.0,1009.392,355.623,1.0,1002.821,357.014,1.0,997.457,346.901,1.0,1000.627,341.736,1.0
496,421.813,160.079,1.0,417.886,148.725,1.0,415.806,143.421,1.0,424.949,140.351,1.0,435.917,146.678,1.0,489.075,101.843,1.0,497.451,103.559,1.0,511.282,98.041,1.0,521.094,90.997,1.0,528.348,87.129,1.0,984.486,659.334,1.0,977.393,660.05,1.0,970.011,677.249,1.0,960.791,672.773,1.0,951.521,669.251,1.0,276.947,620.561,1.0,271.569,630.975,1.0,269.242,635.264,1.0,271.066,630.385,1.0,277.049,620.141,1.0,1018.149,360.657,1.0,1010.577,354.315,1.0,1003.331,356.946,1.0,997.634,346.901,1.0,999.778,342.247,1.0
497,421.813,160.637,1.0,418.931,148.224,1.0,415.806,143.421,1.0,424.949,140.818,1.0,435.917,146.678,1.0,489.075,104.181,1.0,496.55,103.559,1.0,511.073,98.169,1.0,518.399,95.018,1.0,526.684,87.15,1.0,984.486,658.864,1.0,977.293,660.05,1.0,970.659,675.695,1.0,962.052,672.773,1.0,951.862,669.712,1.0,277.435,620.561,0.9890000224113464,272.286,629.152,1.0,269.663,630.884,1.0,270.681,629.481,1.0,273.856,625.219,0.9980000257492065,1020.152,360.657,1.0,1011.622,354.229,1.0,1003.398,356.333,1.0,1000.786,346.901,1.0,999.381,342.276,1.0
498,421.813,160.992,1.0,419.345,148.725,1.0,416.01,144.329,1.0,424.949,141.031,1.0,435.917,146.191,1.0,489.598,104.42,1.0,496.412,104.616,1.0,509.524,98.751,1.0,517.141,96.067,1.0,525.796,87.246,1.0,986.759,657.864,1.0,977.293,662.043,1.0,972.689,673.994,1.0,965.799,670.881,1.0,952.853,669.769,1.0,277.435,618.821,1.0,272.286,623.634,1.0,269.758,628.801,1.0,270.681,629.082,1.0,273.776,639.932,1.0,1021.607,361.486,1.0,1011.793,354.229,1.0,1003.794,356.333,1.0,1000.84,347.267,1.0,999.381,342.344,1.0
499,421.525,161.019,1.0,419.49,149.067,1.0,416.034,144.731,1.0,423.464,141.081,1.0,434.767,144.973,1.0,489.667,104.42,1.0,495.83,104.933,1.0,508.891,98.797,1.0,517.001,96.684,1.0,521.951,90.135,1.0,987.354,657.626,1.0,977.393,662.043,1.0,974.794,671.497,1.0,967.305,670.881,1.0,954.166,670.28,1.0,278.703,616.364,0.9990000128746033,272.522,617.865,1.0,269.699,628.801,1.0,270.358,628.882,1.0,273.156,641.227,1.0,1021.708,362.329,1.0,1012.69,354.229,1.0,1004.342,356.307,1.0,1001.267,347.771,1.0,999.381,342.344,1.0
500,420.118,163.624,1.0,420.571,151.472,1.0,419.126,144.828,1.0,419.414,141.259,1.0,432.369,143.548,1.0,489.667,104.476,1.0,495.83,105.103,1.0,508.891,98.797,1.0,517.001,97.156,1.0,521.816,91.247,1.0,987.414,657.864,1.0,978.238,662.043,1.0,974.794,670.452,1.0,967.819,670.881,1.0,955.233,670.975,1.0,280.352,608.944,1.0,272.522,617.784,1.0,269.699,628.675,1.0,270.358,628.829,1.0,273.107,641.826,1.0,1021.708,362.449,1.0,1012.931,354.971,1.0,1004.344,356.112,1.0,1001.267,347.771,1.0,999.509,342.344,1.0
501,419.992,163.867,1.0,420.69,151.568,1.0,419.409,145.513,1.0,418.861,141.447,1.0,429.204,143.157,1.0,489.598,104.407,1.0,495.754,105.103,1.0,508.732,98.751,1.0,516.869,97.437,1.0,521.816,91.247,1.0,987.414,658.198,1.0,978.238,662.043,1.0,974.794,670.452,1.0,968.054,672.072,1.0,955.415,671.668,1.0,281.551,607.208,1.0,272.599,613.536,1.0,269.699,625.974,1.0,270.417,628.829,1.0,269.283,642.57,1.0,1021.708,362.997,1.0,1013.074,355.021,1.0,1004.419,356.307,1.0,1001.267,347.771,1.0,999.55,342.344,1.0
502,419.909,163.958,1.0,420.69,151.628,1.0,419.486,145.685,1.0,418.859,141.502,1.0,428.17,142.891,1.0,489.582,104.407,1.0,495.754,104.933,1.0,508.494,98.744,1.0,516.854,97.448,1.0,521.951,91.247,1.0,987.354,657.879,1.0,978.238,661.819,1.0,974.571,670.452,1.0,969.61,673.542,1.0,955.637,671.797,1.0,281.808,606.174,1.0,273.299,612.211,1.0,270.597,625.572,1.0,269.394,628.829,1.0,269.283,642.57,1.0,1021.702,364.576,1.0,1013.963,356.733,1.0,1005.392,356.407,1.0,996.823,347.888,1.0,999.619,342.406,1.0
503,419.909,163.958,1.0,420.625,151.914,1.0,419.486,146.059,1.0,418.44,141.571,1.0,427.668,142.586,1.0,489.327,104.209,1.0,495.749,104.758,1.0,508.413,98.641,1.0,516.729,97.448,1.0,521.951,91.162,1.0,987.414,657.879,1.0,978.238,661.684,1.0,974.571,670.452,1.0,969.61,673.542,1.0,956.274,671.797,1.0,281.808,606.174,1.0,273.745,612.211,1.0,270.885,625.511,1.0,269.321,628.829,1.0,269.283,641.837,1.0,1020.695,367.81,1.0,1014.268,359.104,1.0,1005.581,356.721,1.0,996.823,347.888,1.0,1000.208,342.471,1.0
504,419.632,163.958,1.0,420.571,151.927,1.0,419.409,146.896,1.0,418.158,142.043,1.0,427.641,142.42,1.0,488.42,104.407,1.0,495.499,104.751,1.0,507.714,98.641,1.0,516.416,97.448,1.0,521.957,91.162,1.0,987.414,657.879,1.0,978.238,661.313,1.0,974.571,670.452,1.0,969.61,673.542,1.0,957.135,671.668,1.0,281.808,606.174,1.0,274.088,613.536,1.0,272.275,624.594,1.0,269.321,629.075,1.0,271.005,641.826,1.0,1019.443,367.81,1.0,1014.724,359.504,1.0,1006.065,357.977,1.0,996.823,348.765,1.0,1000.208,343.309,1.0
505,419.612,163.964,1.0,420.103,152.275,1.0,411.543,149.283,1.0,417.54,142.043,1.0,426.292,142.076,1.0,487.654,104.209,1.0,495.499,103.971,1.0,507.584,98.467,1.0,516.416,97.7,1.0,521.991,91.162,1.0,988.591,656.347,1.0,980.947,658.351,1.0,976.493,666.141,1.0,969.653,667.778,1.0,957.745,671.608,1.0,281.808,606.174,1.0,278.057,614.764,1.0,272.275,622.259,1.0,269.827,629.075,1.0,272.874,635.653,1.0,1019.443,368.052,1.0,1015.336,359.589,1.0,1006.347,359.061,1.0,997.325,349.49,1.0,1000.314,343.598,1.0
506,417.728,169.992,1.0,417.194,160.973,1.0,411.537,151.012,1.0,416.779,142.114,1.0,425.457,141.879,1.0,487.218,104.209,1.0,495.146,103.84,1.0,506.431,98.641,1.0,516.405,97.7,1.0,522.159,91.259,1.0,989.375,651.958,1.0,983.647,655.649,1.0,976.894,663.964,1.0,969.714,667.114,1.0,959.191,671.264,1.0,282.12,605.889,1.0,279.149,614.764,1.0,272.598,620.074,1.0,269.827,629.075,1.0,272.879,635.583,1.0,1020.695,368.327,1.0,1015.5,360.0,1.0,1007.029,359.326,1.0,997.875,349.594,1.0,1000.314,343.885,1.0
507,417.657,170.745,1.0,416.64,161.091,1.0,411.389,151.796,1.0,416.719,142.114,1.0,423.77,140.275,1.0,485.88,104.558,1.0,495.017,103.815,1.0,506.31,98.955,1.0,516.405,97.335,1.0,522.3,91.463,1.0,990.691,651.475,1.0,984.284,653.961,1.0,977.803,662.74,1.0,969.714,666.737,1.0,959.616,671.264,1.0,282.129,606.349,1.0,279.841,614.764,1.0,272.746,619.722,1.0,269.827,628.471,1.0,272.998,635.383,1.0,1020.695,369.44,1.0,1015.5,361.461,1.0,1007.029,360.415,1.0,998.86,349.594,1.0,1000.056,343.885,1.0
508,417.418,172.271,1.0,416.447,161.674,1.0,411.279,152.478,1.0,416.719,141.936,1.0,423.53,138.242,1.0,484.034,105.833,1.0,495.04,103.815,1.0,505.395,99.223,1.0,516.351,97.7,1.0,522.326,91.494,1.0,993.321,644.536,1.0,987.323,652.989,1.0,978.59,662.226,1.0,969.876,666.737,1.0,960.388,671.264,1.0,282.228,606.349,1.0,280.266,613.838,1.0,273.144,619.67,1.0,269.877,628.21,1.0,272.879,635.237,1.0,1020.398,369.511,1.0,1015.84,361.652,1.0,1007.194,360.526,1.0,998.972,349.594,1.0,1000.056,343.885,1.0
509,417.418,172.521,1.0,416.402,161.84,1.0,411.389,152.478,1.0,416.754,141.675,1.0,423.495,137.631,1.0,484.034,105.833,1.0,494.986,103.783,1.0,505.351,99.236,1.0,516.146,97.7,1.0,522.435,91.494,1.0,993.553,644.536,1.0,987.323,652.884,1.0,979.764,662.308,1.0,969.963,666.737,1.0,961.983,672.742,1.0,282.482,605.889,1.0,280.266,613.136,1.0,273.385,618.311,1.0,270.355,627.015,1.0,273.034,634.782,1.0,1020.398,369.511,1.0,1015.84,361.871,1.0,1007.029,360.526,1.0,999.116,349.624,1.0,1000.314,343.769,1.0
510,417.381,172.521,1.0,416.402,161.87,1.0,411.389,152.478,1.0,416.779,141.675,1.0,423.146,137.631,1.0,484.034,105.833,1.0,494.929,103.783,1.0,505.351,99.256,1.0,516.405,97.905,1.0,522.326,91.494,1.0,993.573,644.536,1.0,987.323,652.711,1.0,979.889,662.226,1.0,969.963,667.074,1.0,962.13,672.747,1.0,284.752,605.841,1.0,280.266,610.026,1.0,274.555,615.696,1.0,272.739,621.916,1.0,273.129,632.721,1.0,1020.398,369.511,1.0,1015.703,362.111,1.0,1007.029,360.415,1.0,998.98,349.624,1.0,1000.423,343.769,1.0
511,417.381,172.571,1.0,416.447,161.949,1.0,413.799,152.709,1.0,416.754,141.675,1.0,422.858,137.631,1.0,485.591,101.832,1.0,494.986,103.177,1.0,505.395,99.299,1.0,516.531,98.101,1.0,522.434,91.493,1.0,993.573,644.709,1.0,987.323,652.491,1.0,980.034,662.001,1.0,970.165,667.074,1.0,962.149,672.747,1.0,286.865,601.974,1.0,279.512,602.808,1.0,279.12,612.376,1.0,274.84,617.825,1.0,273.289,630.557,1.0,1020.398,369.511,1.0,1015.315,362.181,1.0,1007.194,359.463,1.0,999.116,349.681,1.0,1000.704,343.769,1.0
512,417.374,172.85,1.0,416.598,162.465,1.0,414.374,152.775,1.0,416.754,142.282,1.0,422.685,139.352,1.0,486.814,101.377,1.0,495.04,102.992,1.0,507.343,99.299,1.0,516.675,98.489,1.0,522.345,91.453,1.0,993.553,644.709,1.0,987.334,652.142,1.0,980.098,662.001,1.0,970.214,667.074,1.0,962.211,672.742,1.0,287.597,601.869,1.0,279.512,602.757,1.0,279.499,612.07,1.0,275.543,617.801,1.0,273.382,630.511,1.0,1021.179,370.34,1.0,1015.703,363.106,1.0,1007.366,359.463,1.0,999.159,351.14,1.0,1001.165,344.151,1.0
513,417.381,175.319,1.0,416.598,164.63,1.0,416.357,154.968,1.0,416.098,146.039,1.0,420.204,141.082,1.0,488.176,98.976,1.0,494.986,101.152,1.0,507.694,99.473,1.0,516.816,98.292,1.0,522.434,91.393,1.0,993.238,644.709,1.0,987.24,651.558,1.0,980.665,661.477,1.0,970.867,667.31,1.0,962.637,672.376,1.0,287.751,601.827,1.0,279.512,602.637,1.0,279.61,612.07,1.0,275.543,616.873,1.0,273.382,629.786,1.0,1022.008,371.409,1.0,1015.703,363.706,1.0,1007.475,359.463,1.0,999.317,351.615,1.0,1001.417,344.151,1.0
514,417.423,175.319,1.0,416.598,164.654,1.0,416.602,154.968,1.0,416.049,146.216,1.0,419.972,141.562,1.0,488.512,98.652,1.0,494.785,101.152,1.0,507.694,99.752,1.0,516.892,98.292,1.0,522.434,91.328,1.0,993.238,644.349,1.0,987.334,651.119,1.0,980.984,660.706,1.0,971.416,667.001,1.0,962.829,671.427,1.0,287.597,598.047,1.0,279.75,602.626,1.0,280.306,612.056,1.0,275.543,616.036,1.0,273.611,629.365,1.0,1022.791,372.32,1.0,1019.702,366.174,1.0,1008.848,359.463,1.0,1000.26,351.644,1.0,1001.417,344.212,1.0
515,418.681,175.319,1.0,416.562,164.826,1.0,416.904,155.005,1.0,415.961,147.524,1.0,419.562,141.562,1.0,490.334,95.237,1.0,495.736,101.123,1.0,507.343,99.752,1.0,516.99,98.292,1.0,522.568,90.291,1.0,993.238,641.48,1.0,987.492,649.301,1.0,981.841,658.831,1.0,972.654,666.853,1.0,963.702,671.427,1.0,287.597,593.144,1.0,280.141,601.839,1.0,280.306,612.002,1.0,275.511,615.32,1.0,273.382,627.459,1.0,1023.532,373.328,1.0,1019.823,366.297,1.0,1009.351,359.328,1.0,1000.293,351.933,1.0,1001.417,344.212,1.0
516,422.003,173.574,1.0,416.14,164.826,1.0,417.087,155.005,1.0,415.902,147.879,1.0,419.562,141.562,1.0,491.667,93.287,1.0,494.83,101.123,1.0,507.178,99.473,1.0,517.058,97.567,1.0,522.568,90.091,1.0,994.088,636.977,1.0,988.727,649.184,1.0,982.695,655.807,1.0,972.708,664.968,1.0,967.064,671.427,1.0,287.597,593.144,1.0,283.442,600.976,1.0,280.306,610.261,1.0,275.469,615.248,1.0,273.406,624.968,1.0,1025.571,377.819,1.0,1020.169,367.989,1.0,1009.967,359.045,1.0,1000.638,352.443,1.0,1001.365,344.212,1.0
517,422.003,173.574,1.0,415.888,164.826,1.0,417.087,154.875,1.0,415.902,147.879,1.0,419.562,141.013,1.0,492.449,93.274,1.0,494.785,101.123,1.0,507.074,99.397,1.0,517.104,97.463,1.0,522.568,90.091,1.0,994.088,636.977,1.0,988.727,648.829,1.0,982.851,655.807,1.0,977.813,660.709,1.0,970.482,673.514,1.0,287.525,593.144,1.0,283.973,600.874,1.0,277.751,609.553,1.0,275.267,614.563,1.0,273.14,618.166,1.0,1025.583,377.819,1.0,1020.169,368.494,1.0,1009.967,359.025,1.0,1000.644,352.443,1.0,1001.361,344.212,1.0
518,422.003,173.471,1.0,415.888,164.572,1.0,416.904,154.419,1.0,415.621,147.879,1.0,420.354,140.704,1.0,492.449,91.69,1.0,494.83,99.616,1.0,507.056,99.361,1.0,517.104,97.463,1.0,522.347,90.04,1.0,994.088,636.977,1.0,988.727,648.829,1.0,982.876,655.807,1.0,977.822,660.709,1.0,971.263,673.722,1.0,287.483,593.452,1.0,286.271,600.3,1.0,277.751,609.379,1.0,275.267,614.563,1.0,273.406,618.166,1.0,1025.661,377.819,1.0,1020.169,368.795,1.0,1009.967,359.025,1.0,1000.644,352.443,1.0,1001.204,344.212,1.0
519,419.909,172.979,1.0,415.852,163.765,1.0,416.904,154.368,1.0,415.468,146.153,1.0,420.806,140.704,1.0,492.449,91.356,1.0,494.83,98.378,1.0,507.056,99.361,1.0,517.104,97.523,1.0,522.317,89.924,1.0,994.088,636.977,1.0,988.727,648.829,1.0,982.965,655.895,1.0,977.962,660.585,1.0,971.641,673.879,1.0,287.525,593.452,1.0,286.286,600.3,1.0,277.751,609.379,1.0,275.267,614.201,1.0,273.406,618.166,1.0,1025.661,377.946,1.0,1020.164,368.896,1.0,1009.867,359.022,1.0,1000.654,352.27,1.0,1001.156,344.234,1.0
520,413.917,171.941,1.0,415.852,163.6,1.0,417.087,154.368,1.0,415.347,146.153,1.0,421.326,140.704,1.0,492.449,91.356,1.0,494.83,98.378,1.0,507.056,99.157,1.0,517.104,97.36,1.0,522.279,89.742,1.0,994.003,637.151,1.0,984.719,647.869,1.0,982.965,656.175,1.0,978.037,660.709,1.0,971.794,674.212,1.0,287.525,593.452,1.0,286.77,600.3,1.0,279.179,608.333,1.0,276.068,612.635,1.0,273.491,618.224,1.0,1025.672,378.046,1.0,1019.823,368.906,1.0,1009.867,359.045,1.0,1000.828,352.27,1.0,1001.156,344.234,1.0
521,408.95,168.032,1.0,415.805,162.818,1.0,417.158,154.368,1.0,415.347,146.153,1.0,421.38,140.735,1.0,492.481,91.356,1.0,495.129,98.378,1.0,507.074,98.462,1.0,516.968,97.106,1.0,522.279,89.742,1.0,992.938,637.989,1.0,984.719,647.855,1.0,982.965,656.977,1.0,978.108,661.231,1.0,971.836,674.212,1.0,288.868,589.062,1.0,288.551,597.366,1.0,282.381,606.174,1.0,276.068,610.685,1.0,273.71,618.299,1.0,1025.675,378.181,1.0,1019.823,369.191,1.0,1009.867,359.109,1.0,1001.311,352.27,1.0,1001.156,344.159,1.0
522,406.747,164.917,1.0,415.747,162.213,1.0,417.191,154.715,1.0,415.468,146.592,1.0,421.591,140.735,1.0,491.968,94.703,1.0,497.153,101.964,1.0,507.484,98.466,1.0,516.968,97.268,1.0,522.187,89.742,1.0,992.755,638.276,1.0,985.654,647.869,1.0,983.163,656.977,1.0,978.186,661.231,1.0,972.251,674.212,1.0,289.04,586.788,1.0,288.91,596.429,1.0,282.467,601.775,1.0,276.068,608.87,1.0,274.432,618.472,1.0,1025.672,379.924,1.0,1019.823,371.462,1.0,1011.062,359.411,1.0,1001.494,352.923,1.0,1001.816,344.084,1.0
523,406.747,160.8,1.0,415.747,160.995,1.0,418.066,154.715,1.0,415.948,147.187,1.0,421.584,140.834,1.0,491.795,95.162,1.0,497.742,102.011,1.0,509.619,98.019,1.0,516.998,97.106,1.0,522.187,89.975,1.0,991.331,638.381,1.0,987.497,648.389,1.0,983.353,656.977,1.0,978.323,660.585,1.0,973.048,673.291,1.0,289.04,586.788,1.0,288.91,592.945,1.0,283.673,599.255,1.0,275.536,607.381,1.0,275.247,618.472,1.0,1024.671,380.18,1.0,1020.355,372.181,1.0,1011.518,359.785,1.0,1001.918,353.684,1.0,1002.047,344.159,1.0
524,407.309,160.8,1.0,416.185,160.867,1.0,418.066,154.715,1.0,416.208,147.187,1.0,421.59,140.735,1.0,494.329,97.491,1.0,497.821,102.774,1.0,509.759,97.779,1.0,517.098,96.991,1.0,521.765,89.975,1.0,991.33,642.234,1.0,987.497,648.389,1.0,983.8,657.578,1.0,978.323,661.33,1.0,973.357,673.052,1.0,289.04,586.779,1.0,288.91,592.729,1.0,283.673,599.158,1.0,275.536,607.276,1.0,275.471,618.472,1.0,1024.679,385.155,1.0,1021.52,373.94,1.0,1011.801,360.802,1.0,1002.727,354.417,1.0,1002.047,344.159,1.0
525,407.309,160.8,1.0,416.185,160.852,1.0,418.066,154.425,1.0,416.955,147.187,1.0,421.591,140.268,1.0,495.41,106.398,1.0,498.519,103.318,1.0,510.085,97.779,1.0,517.098,96.573,1.0,521.765,89.975,1.0,991.33,642.234,1.0,988.141,648.389,1.0,984.242,657.041,1.0,978.323,661.646,1.0,973.544,672.426,1.0,289.04,586.779,1.0,289.882,589.698,1.0,283.673,598.583,1.0,275.536,606.471,1.0,275.471,616.968,1.0,1024.671,385.458,1.0,1021.56,373.98,1.0,1012.658,361.117,1.0,1003.377,355.144,1.0,1002.047,344.746,1.0
526,412.255,162.68,1.0,417.651,160.457,1.0,418.066,152.298,1.0,417.316,144.902,1.0,421.591,139.985,1.0,495.526,106.494,1.0,499.863,103.318,1.0,510.167,96.865,1.0,517.576,96.471,1.0,521.765,89.975,1.0,991.331,642.234,1.0,988.725,648.389,1.0,984.242,657.041,1.0,977.665,662.478,1.0,975.408,670.349,1.0,290.256,585.367,1.0,289.882,587.893,1.0,281.081,598.58,1.0,277.207,604.014,1.0,275.247,613.764,1.0,1024.549,386.204,1.0,1021.969,375.732,1.0,1013.903,363.289,1.0,1004.905,357.489,1.0,998.187,348.179,1.0
527,420.179,162.68,1.0,419.695,156.627,1.0,418.066,150.969,1.0,417.316,140.918,1.0,422.558,136.991,1.0,499.305,107.899,1.0,502.703,103.785,1.0,512.623,96.723,1.0,517.9,95.797,1.0,521.928,88.35,1.0,991.497,641.376,1.0,989.677,647.701,1.0,983.353,657.204,1.0,977.635,662.75,1.0,975.584,669.793,1.0,290.256,581.63,1.0,288.382,586.895,1.0,281.016,597.806,1.0,277.76,602.471,1.0,275.41,613.303,1.0,1024.429,386.264,1.0,1022.18,375.824,1.0,1014.124,363.873,1.0,1005.626,361.13,1.0,998.187,348.434,1.0
528,425.668,162.68,1.0,421.172,154.315,1.0,417.854,149.822,1.0,417.316,140.778,1.0,422.558,136.132,1.0,499.935,108.651,1.0,503.721,103.785,1.0,512.735,96.719,1.0,517.9,95.797,1.0,521.939,88.194,1.0,991.543,641.299,1.0,989.677,647.511,1.0,984.242,657.204,1.0,977.635,663.561,1.0,975.594,669.793,1.0,290.256,581.63,1.0,289.882,586.895,1.0,281.016,597.806,1.0,277.76,602.471,1.0,275.41,613.303,1.0,1024.549,386.439,1.0,1022.18,376.081,1.0,1014.124,364.232,1.0,1006.008,361.13,1.0,998.187,348.578,1.0
529,427.967,159.015,1.0,421.216,153.408,1.0,418.097,149.822,1.0,417.033,140.778,1.0,422.558,136.132,1.0,500.792,110.614,1.0,503.721,103.685,1.0,512.777,96.723,1.0,517.975,95.797,1.0,521.96,88.079,1.0,991.707,639.818,1.0,989.677,647.4,1.0,984.871,657.204,1.0,977.635,663.561,1.0,975.72,669.793,1.0,288.41,581.63,1.0,289.882,586.895,1.0,281.081,597.806,1.0,277.981,602.471,1.0,274.977,613.303,1.0,1024.429,386.439,1.0,1022.18,376.176,1.0,1014.145,364.288,1.0,1006.484,361.13,1.0,998.35,348.578,1.0
530,428.038,156.991,1.0,421.582,153.217,1.0,418.252,149.822,1.0,416.624,140.778,1.0,423.835,135.117,1.0,500.995,111.555,1.0,504.936,104.205,1.0,512.777,96.719,1.0,517.9,95.867,1.0,522.098,88.079,1.0,991.716,639.724,1.0,989.954,647.354,1.0,982.417,657.204,1.0,977.665,663.561,1.0,975.68,669.831,1.0,283.352,589.364,1.0,289.476,592.655,1.0,283.371,599.157,1.0,278.001,605.151,1.0,275.41,613.654,1.0,1024.244,386.343,1.0,1021.961,376.229,1.0,1014.145,364.325,1.0,1006.596,361.13,1.0,998.566,348.644,1.0
531,430.324,153.841,1.0,422.22,152.806,1.0,418.252,150.134,1.0,416.463,141.261,1.0,423.875,134.639,1.0,501.343,111.685,1.0,505.143,104.205,1.0,512.735,96.582,1.0,517.86,96.014,1.0,522.105,88.079,1.0,991.879,639.613,1.0,990.062,647.316,1.0,982.539,657.204,1.0,977.944,663.561,1.0,975.68,669.908,1.0,280.334,589.364,1.0,288.382,592.925,1.0,283.371,599.161,1.0,278.476,606.438,1.0,275.558,614.259,1.0,1024.185,386.264,1.0,1021.961,376.229,1.0,1014.218,364.536,1.0,1007.057,361.13,1.0,999.463,348.644,1.0
532,430.755,150.195,1.0,423.625,152.655,1.0,418.252,151.53,1.0,416.463,142.725,1.0,423.875,135.009,1.0,503.332,112.034,1.0,505.392,103.981,1.0,511.921,96.582,1.0,517.812,96.473,1.0,522.486,88.178,1.0,991.879,639.582,1.0,990.064,647.307,1.0,984.517,656.532,1.0,978.69,662.949,1.0,975.72,669.908,1.0,279.549,595.807,1.0,287.274,592.925,1.0,283.371,599.161,1.0,278.476,606.438,1.0,275.558,614.259,1.0,1024.072,383.913,1.0,1021.961,376.229,1.0,1014.653,365.118,1.0,1008.009,361.012,1.0,999.655,348.652,1.0
533,430.849,150.195,1.0,424.499,152.806,1.0,418.252,152.792,1.0,416.191,144.703,1.0,423.875,135.009,1.0,504.322,113.44,1.0,505.522,103.837,1.0,511.277,96.582,1.0,517.73,96.577,1.0,522.551,88.274,1.0,992.232,639.582,1.0,990.311,647.054,1.0,984.517,656.073,1.0,978.985,661.678,1.0,975.911,669.831,1.0,276.044,595.807,1.0,285.34,593.185,1.0,282.923,599.161,1.0,278.476,606.438,1.0,274.977,614.259,1.0,1024.072,383.913,1.0,1022.797,376.229,1.0,1016.373,366.412,1.0,1010.284,361.012,1.0,1000.132,349.089,1.0
534,430.861,149.791,1.0,424.787,152.806,1.0,413.085,154.544,1.0,416.534,145.635,1.0,423.989,135.009,1.0,506.363,114.317,1.0,505.522,103.981,1.0,509.856,96.582,1.0,517.242,96.768,1.0,522.822,88.399,1.0,995.212,637.41,1.0,990.892,645.036,1.0,984.517,654.162,1.0,979.756,658.461,1.0,976.525,669.645,1.0,269.507,595.807,1.0,282.181,592.925,1.0,281.07,599.161,1.0,277.818,606.304,1.0,274.939,613.832,1.0,1023.744,383.913,1.0,1023.563,376.874,1.0,1016.948,368.532,1.0,1010.88,360.515,1.0,1002.436,351.856,1.0
535,430.94,150.195,1.0,427.086,152.532,1.0,413.085,154.544,1.0,416.534,145.738,1.0,423.875,135.348,1.0,506.363,114.39,1.0,505.392,103.981,1.0,509.737,96.803,1.0,517.094,96.768,1.0,522.954,88.798,1.0,998.016,636.337,1.0,993.137,642.072,1.0,985.038,650.689,1.0,981.692,655.365,1.0,976.525,668.996,1.0,269.098,595.286,1.0,280.963,592.146,1.0,280.669,598.393,1.0,277.811,605.546,1.0,274.939,613.577,1.0,1023.744,384.777,1.0,1024.452,376.874,1.0,1018.678,368.816,1.0,1011.873,360.511,1.0,1002.9,354.654,1.0
536,433.581,150.246,1.0,430.095,152.532,1.0,413.085,154.544,1.0,416.621,147.235,1.0,423.351,136.759,1.0,506.363,116.036,1.0,505.348,104.664,1.0,509.737,96.961,1.0,517.094,96.768,1.0,523.18,88.966,1.0,999.093,635.693,1.0,993.754,641.39,1.0,985.498,650.571,1.0,982.374,655.32,1.0,976.525,667.641,1.0,266.827,595.286,1.0,277.967,591.464,1.0,280.669,597.216,1.0,277.768,604.303,1.0,274.939,611.698,1.0,1023.744,384.777,1.0,1024.625,376.988,1.0,1018.78,368.816,1.0,1012.099,360.354,1.0,1003.065,355.027,1.0
537,433.61,150.457,1.0,430.677,152.532,1.0,414.225,152.775,1.0,416.621,147.235,1.0,423.071,137.403,1.0,506.293,116.183,1.0,505.348,105.229,1.0,509.588,97.307,1.0,517.225,96.908,1.0,523.194,89.299,1.0,1000.348,635.223,1.0,994.383,640.452,1.0,985.498,649.304,1.0,983.319,654.395,1.0,975.426,664.064,1.0,263.774,593.885,1.0,271.047,590.095,1.0,281.07,593.143,1.0,277.502,600.072,1.0,275.92,610.276,1.0,1023.873,384.777,1.0,1024.625,377.225,1.0,1019.08,368.869,1.0,1012.264,360.354,1.0,1003.652,355.045,1.0
538,433.993,150.457,1.0,430.717,152.524,1.0,415.223,152.103,1.0,416.621,147.597,1.0,422.344,137.936,1.0,505.588,116.464,1.0,505.299,105.6,1.0,509.402,97.86,1.0,517.094,96.947,1.0,523.194,89.299,1.0,1001.14,634.765,1.0,994.848,639.966,1.0,985.737,649.255,1.0,983.319,654.395,1.0,975.426,664.064,1.0,263.759,593.501,1.0,271.047,589.898,1.0,283.918,591.662,1.0,277.449,600.036,1.0,277.628,610.066,1.0,1023.873,384.912,1.0,1024.625,377.409,1.0,1019.32,369.146,1.0,1012.46,360.511,1.0,1003.74,355.277,1.0
539,435.659,150.457,1.0,431.205,152.277,1.0,416.787,151.609,1.0,416.11,147.597,1.0,420.404,138.58,1.0,505.466,116.464,1.0,505.214,105.779,1.0,509.402,97.913,1.0,517.094,97.586,1.0,523.18,89.299,1.0,1001.266,633.737,1.0,994.848,639.496,1.0,986.022,649.001,1.0,983.319,654.395,1.0,975.426,664.064,1.0,263.749,593.2,1.0,271.008,589.086,1.0,283.918,591.254,1.0,277.353,600.036,1.0,278.069,610.066,1.0,1023.92,384.967,1.0,1024.074,377.741,1.0,1019.406,369.543,1.0,1012.729,360.511,1.0,1004.137,355.277,1.0
540,441.512,147.287,1.0,431.205,151.233,1.0,418.994,151.583,1.0,415.444,148.056,1.0,418.847,139.683,1.0,500.995,123.284,1.0,504.439,108.4,1.0,507.682,99.873,1.0,515.665,97.593,1.0,522.924,89.299,1.0,1001.266,633.517,1.0,994.832,639.262,1.0,986.184,649.001,1.0,982.706,654.395,1.0,977.634,667.735,1.0,263.383,592.864,1.0,270.623,589.01,1.0,283.918,591.254,1.0,277.449,600.036,1.0,278.547,610.066,1.0,1024.156,385.431,1.0,1024.074,377.997,1.0,1019.451,370.633,1.0,1012.897,361.046,1.0,1004.317,355.305,1.0
541,441.515,147.287,1.0,431.205,151.233,1.0,418.994,151.18,1.0,414.754,149.164,1.0,418.588,139.683,1.0,500.986,123.358,1.0,504.439,108.42,1.0,507.4,99.979,1.0,515.6,97.593,1.0,522.822,89.264,1.0,1001.266,633.517,1.0,994.832,639.262,1.0,986.287,649.001,1.0,982.706,654.395,1.0,977.634,667.735,1.0,262.975,591.692,1.0,270.497,588.708,1.0,279.688,591.662,1.0,277.353,599.597,1.0,283.372,609.452,1.0,1024.222,386.302,1.0,1024.074,378.367,1.0,1019.451,371.064,1.0,1013.149,361.107,1.0,1004.71,355.418,1.0
542,441.545,147.287,1.0,430.712,151.233,1.0,418.994,151.162,1.0,415.086,149.164,1.0,418.289,139.683,1.0,500.882,123.526,1.0,504.22,108.442,1.0,507.32,100.038,1.0,515.6,97.586,1.0,522.822,89.264,1.0,1000.784,633.517,1.0,994.728,639.496,1.0,986.287,649.001,1.0,982.706,654.258,1.0,977.634,667.735,1.0,261.924,580.484,1.0,268.668,586.38,1.0,274.746,593.963,1.0,277.353,599.346,1.0,284.625,602.682,1.0,1025.737,388.693,1.0,1024.741,381.185,1.0,1019.451,372.568,1.0,1013.817,362.877,1.0,1005.238,356.036,1.0
543,441.602,147.287,1.0,430.712,150.961,1.0,418.994,150.783,1.0,415.444,149.634,1.0,418.289,139.683,1.0,500.674,123.678,1.0,504.202,108.85,1.0,507.175,100.219,1.0,515.536,97.19,1.0,522.826,89.274,1.0,999.808,633.517,1.0,994.138,639.262,1.0,986.301,648.794,1.0,983.183,654.258,1.0,975.303,667.049,1.0,261.593,579.853,1.0,268.238,585.674,1.0,274.509,593.963,1.0,276.97,596.742,1.0,284.876,602.171,1.0,1026.642,397.524,1.0,1028.357,384.476,1.0,1019.201,374.134,1.0,1014.218,365.807,1.0,1005.54,358.462,1.0
544,441.632,147.287,1.0,430.712,150.961,1.0,418.994,150.775,1.0,415.086,149.164,1.0,418.289,139.683,1.0,500.528,123.993,1.0,504.031,109.255,1.0,507.168,100.429,1.0,515.22,97.151,1.0,522.822,89.274,1.0,995.369,633.517,1.0,993.982,638.68,1.0,986.396,648.644,1.0,983.368,654.258,1.0,975.131,665.758,1.0,261.321,579.75,1.0,268.231,585.191,1.0,274.438,593.963,1.0,276.97,595.638,1.0,284.876,601.832,1.0,1026.642,398.616,1.0,1028.357,385.876,1.0,1019.19,374.938,1.0,1014.773,366.874,1.0,1005.54,361.7,1.0
545,442.141,147.43,1.0,431.135,150.961,1.0,420.052,150.213,1.0,415.086,149.164,1.0,418.15,140.106,1.0,500.467,124.664,1.0,500.728,113.113,1.0,506.503,101.526,1.0,513.164,96.601,1.0,522.722,90.186,1.0,995.369,628.984,1.0,992.128,636.106,1.0,986.301,647.362,1.0,985.204,654.737,1.0,974.892,664.758,1.0,259.407,578.994,1.0,264.797,583.841,1.0,272.973,592.453,1.0,274.643,594.894,1.0,284.876,600.937,1.0,1026.642,398.758,1.0,1028.357,386.233,1.0,1019.129,374.988,1.0,1015.142,367.28,1.0,1005.478,362.05,1.0
546,442.816,147.575,1.0,431.858,150.237,1.0,421.905,150.157,1.0,415.308,149.634,1.0,417.132,142.512,1.0,500.163,124.742,1.0,500.572,113.121,1.0,506.195,101.68,1.0,512.837,96.601,1.0,522.554,90.237,1.0,995.369,628.485,1.0,991.388,632.783,1.0,986.138,646.995,1.0,985.204,654.737,1.0,974.892,664.758,1.0,257.692,578.768,1.0,263.941,583.667,1.0,269.808,590.296,1.0,274.643,592.557,1.0,282.85,600.757,1.0,1026.501,398.758,1.0,1028.267,386.24,1.0,1019.119,375.16,1.0,1015.23,367.28,1.0,1005.36,362.05,1.0
547,447.181,150.042,1.0,434.823,150.023,1.0,427.933,149.947,1.0,415.336,153.554,1.0,414.438,142.512,1.0,499.664,124.964,1.0,500.355,114.575,1.0,506.195,104.963,1.0,511.542,96.601,1.0,521.409,91.479,1.0,998.668,624.028,1.0,991.388,631.134,1.0,985.49,645.752,1.0,985.465,654.737,1.0,974.892,662.227,1.0,254.167,576.84,1.0,258.675,583.593,1.0,267.632,589.511,1.0,273.223,588.815,1.0,279.785,600.032,1.0,1026.501,398.709,1.0,1028.203,386.265,1.0,1018.972,375.356,1.0,1015.237,367.28,1.0,1005.36,362.05,1.0
548,447.181,150.284,1.0,435.441,149.964,1.0,428.253,149.947,1.0,415.336,153.743,1.0,414.239,142.512,1.0,499.664,124.964,1.0,500.26,114.575,1.0,506.195,105.072,1.0,511.422,96.648,1.0,520.693,91.957,1.0,999.191,623.839,1.0,991.397,630.318,1.0,984.75,644.895,1.0,985.465,653.143,1.0,976.609,660.1,1.0,253.838,576.84,1.0,258.63,583.593,1.0,267.054,588.628,1.0,272.816,588.815,1.0,279.282,599.94,1.0,1026.484,398.619,1.0,1027.816,386.294,1.0,1019.119,375.364,1.0,1015.31,367.28,1.0,1005.164,362.05,1.0
549,447.422,150.284,1.0,437.325,149.964,1.0,428.482,149.947,1.0,417.326,153.905,1.0,412.954,141.813,1.0,499.637,124.964,1.0,500.164,114.575,1.0,506.406,105.293,1.0,511.422,96.648,1.0,520.644,91.957,1.0,999.348,623.839,1.0,991.388,630.239,1.0,984.177,644.626,1.0,985.465,653.143,1.0,976.609,660.017,1.0,253.656,576.735,1.0,258.63,583.593,1.0,266.833,588.607,1.0,272.301,588.189,1.0,279.228,599.94,1.0,1026.441,398.709,1.0,1027.577,386.317,1.0,1019.119,375.491,1.0,1015.31,366.823,1.0,1005.164,362.05,1.0
550,447.181,150.284,1.0,437.341,149.964,1.0,428.886,150.495,1.0,417.397,153.915,1.0,411.436,141.813,1.0,499.637,124.913,1.0,499.337,114.823,1.0,506.386,105.425,1.0,511.542,96.852,1.0,519.993,91.88,1.0,999.504,623.839,1.0,991.388,629.52,1.0,983.622,644.347,1.0,985.465,653.143,1.0,976.609,660.015,1.0,251.279,576.687,1.0,258.63,583.229,1.0,266.316,586.236,1.0,272.265,587.748,1.0,277.153,596.629,1.0,1026.441,398.709,1.0,1027.159,386.974,1.0,1021.793,377.23,1.0,1015.237,366.823,1.0,1005.36,361.744,1.0
551,446.086,150.225,1.0,437.424,149.964,1.0,428.952,150.495,1.0,417.746,154.571,1.0,411.189,141.813,1.0,499.254,124.802,1.0,499.127,114.823,1.0,506.386,105.571,1.0,510.774,97.308,1.0,519.947,91.957,1.0,1000.2,623.839,1.0,990.77,629.308,1.0,983.137,644.331,1.0,985.465,653.143,1.0,976.609,659.794,1.0,248.902,574.322,1.0,258.633,580.676,1.0,264.254,584.646,1.0,267.612,582.881,1.0,271.492,592.262,1.0,1026.199,399.269,1.0,1026.786,388.231,1.0,1022.631,377.692,1.0,1013.495,366.988,1.0,1005.41,361.744,1.0
552,446.077,150.284,1.0,437.44,149.878,1.0,428.952,150.495,1.0,418.046,154.613,1.0,411.189,142.402,1.0,498.722,124.802,1.0,499.082,114.823,1.0,506.12,106.052,1.0,510.774,97.308,1.0,519.947,91.957,1.0,1000.2,623.973,1.0,990.77,629.148,1.0,983.137,644.268,1.0,985.284,653.143,1.0,976.6,659.461,1.0,248.781,574.266,1.0,258.701,580.476,1.0,264.254,584.394,1.0,267.303,582.041,1.0,271.394,592.262,1.0,1025.987,399.745,1.0,1026.708,388.831,1.0,1023.135,377.758,1.0,1013.221,367.372,1.0,1009.215,357.535,1.0
553,446.086,150.52,1.0,437.481,149.878,1.0,428.952,150.454,1.0,418.046,154.694,1.0,411.436,143.129,1.0,498.512,124.802,1.0,499.082,115.377,1.0,506.12,106.108,1.0,510.774,97.308,1.0,519.947,92.196,1.0,1000.435,624.633,1.0,990.77,629.148,1.0,983.137,643.455,1.0,981.461,647.859,1.0,976.57,658.953,1.0,247.435,573.827,1.0,258.701,579.32,1.0,264.13,584.394,1.0,267.233,581.598,1.0,270.823,592.255,1.0,1025.548,400.045,1.0,1026.653,389.229,1.0,1023.138,378.34,1.0,1011.014,368.422,1.0,1009.252,357.505,1.0
554,446.086,150.523,1.0,437.942,149.878,1.0,429.926,150.454,1.0,419.288,154.694,1.0,411.541,143.815,1.0,494.859,127.343,1.0,498.733,117.91,1.0,505.45,108.928,1.0,507.905,101.786,1.0,519.737,93.495,1.0,1000.435,625.222,1.0,991.104,629.148,1.0,984.361,642.923,1.0,981.461,646.706,1.0,976.6,658.433,1.0,246.973,573.827,1.0,258.633,579.237,1.0,264.13,584.635,1.0,266.845,581.162,1.0,270.637,592.071,1.0,1025.536,400.045,1.0,1026.525,390.351,1.0,1023.138,378.59,1.0,1010.946,368.867,1.0,1009.503,357.505,1.0
555,447.983,150.523,1.0,440.005,150.022,1.0,431.057,150.454,1.0,420.58,154.613,1.0,412.607,144.04,1.0,494.278,127.512,1.0,498.388,118.145,1.0,505.302,108.981,1.0,507.827,101.908,1.0,519.622,93.704,1.0,1002.372,625.265,1.0,993.991,630.888,1.0,989.29,641.385,1.0,981.461,646.706,1.0,976.631,657.919,1.0,246.589,573.827,1.0,257.396,579.152,1.0,263.626,584.635,1.0,266.086,580.964,1.0,270.474,592.262,1.0,1025.371,400.045,1.0,1026.388,391.18,1.0,1023.138,378.691,1.0,1010.946,369.256,1.0,1009.856,357.535,1.0
556,448.598,150.523,1.0,442.136,150.676,1.0,432.17,151.54,1.0,422.606,154.174,1.0,412.871,144.89,1.0,494.137,128.172,1.0,498.217,118.643,1.0,502.343,109.281,1.0,506.345,102.635,1.0,518.25,94.722,1.0,1002.512,625.265,1.0,994.373,630.888,1.0,989.68,641.308,1.0,982.964,646.706,1.0,977.863,656.402,1.0,244.467,581.607,1.0,254.619,578.688,1.0,262.189,584.599,1.0,265.825,580.615,1.0,270.474,592.244,1.0,1025.371,395.35,1.0,1026.388,392.565,1.0,1022.709,378.719,1.0,1011.014,369.867,1.0,1010.48,359.061,1.0
557,451.935,150.494,1.0,443.935,151.007,1.0,433.052,151.54,1.0,422.606,154.174,1.0,412.871,146.004,1.0,493.982,129.003,1.0,498.081,118.926,1.0,502.136,109.46,1.0,506.263,102.783,1.0,517.971,94.814,1.0,1002.618,625.222,1.0,994.721,630.888,1.0,990.661,640.219,1.0,986.597,649.424,1.0,979.293,654.737,1.0,244.252,581.607,1.0,253.918,577.901,1.0,261.586,584.599,1.0,265.423,580.418,1.0,270.281,592.244,1.0,1025.237,395.228,1.0,1026.421,392.797,1.0,1022.297,379.003,1.0,1011.188,369.867,1.0,1010.54,359.751,1.0
558,451.935,150.494,1.0,443.935,151.007,1.0,433.052,151.633,1.0,422.606,154.174,1.0,412.871,146.299,1.0,493.667,129.36,1.0,498.081,118.982,1.0,501.752,109.839,1.0,505.328,102.862,1.0,517.093,94.964,1.0,1002.825,625.153,1.0,995.366,629.791,1.0,991.3,638.511,1.0,987.184,649.424,1.0,980.831,653.463,1.0,244.252,581.607,1.0,253.829,577.627,1.0,261.447,584.599,1.0,265.325,580.418,1.0,270.109,592.447,1.0,1025.367,395.228,1.0,1026.481,392.855,1.0,1022.078,379.151,1.0,1011.499,369.867,1.0,1010.808,359.891,1.0
559,451.935,150.349,1.0,444.007,151.007,1.0,433.052,151.633,1.0,422.557,154.35,1.0,412.871,146.299,1.0,493.982,129.577,1.0,498.081,119.219,1.0,501.752,110.413,1.0,505.328,103.273,1.0,516.577,94.964,1.0,1002.839,625.153,1.0,995.573,629.791,1.0,991.351,638.511,1.0,987.396,649.424,1.0,980.89,653.372,1.0,244.252,581.228,1.0,253.829,577.627,1.0,261.06,584.599,1.0,265.083,580.418,1.0,270.099,592.447,1.0,1025.353,395.103,1.0,1026.421,392.973,1.0,1022.023,379.245,1.0,1011.946,369.778,1.0,1011.09,359.912,1.0
560,451.735,150.305,1.0,444.007,150.981,1.0,433.052,151.298,1.0,422.557,154.719,1.0,412.871,146.378,1.0,493.982,129.577,1.0,498.184,119.219,1.0,501.752,110.413,1.0,505.328,103.273,1.0,516.577,94.964,1.0,1002.923,625.047,1.0,995.752,629.791,1.0,991.421,638.511,1.0,987.517,649.424,1.0,980.92,653.243,1.0,244.541,580.896,1.0,253.829,577.518,1.0,260.511,584.973,1.0,264.718,580.436,1.0,270.058,592.434,1.0,1025.367,395.103,1.0,1026.421,393.064,1.0,1022.017,379.339,1.0,1012.13,369.756,1.0,1011.171,360.004,1.0
561,451.735,150.349,1.0,444.435,149.923,1.0,433.052,151.199,1.0,422.557,154.719,1.0,413.442,146.682,1.0,494.081,129.577,1.0,498.221,119.219,1.0,502.024,110.413,1.0,505.484,103.273,1.0,516.577,94.386,1.0,1002.839,625.153,1.0,995.752,629.819,1.0,991.421,638.695,1.0,987.757,649.316,1.0,980.92,653.243,1.0,247.706,574.031,1.0,253.829,577.282,1.0,257.485,584.973,1.0,263.464,580.436,1.0,270.058,592.434,1.0,1025.367,395.103,1.0,1026.406,392.973,1.0,1021.92,379.355,1.0,1012.189,369.756,1.0,1011.366,360.055,1.0
562,451.735,150.645,1.0,445.236,149.923,1.0,434.03,148.953,1.0,423.039,154.719,1.0,414.087,146.682,1.0,497.329,128.366,1.0,498.445,117.408,1.0,502.973,108.827,1.0,507.414,102.732,1.0,517.555,94.386,1.0,1002.839,625.153,1.0,995.462,630.264,1.0,991.401,638.834,1.0,987.913,649.213,1.0,981.077,653.243,1.0,247.706,567.193,1.0,251.28,574.178,1.0,257.174,584.973,1.0,263.066,580.442,1.0,270.055,591.979,1.0,1025.376,395.257,1.0,1026.156,392.973,1.0,1021.614,379.417,1.0,1012.482,369.778,1.0,1011.521,360.348,1.0
563,454.283,151.969,1.0,445.236,149.923,1.0,435.557,148.906,1.0,424.199,154.134,1.0,418.835,146.992,1.0,504.207,125.905,1.0,498.814,116.859,1.0,502.973,107.489,1.0,507.414,102.732,1.0,517.972,94.386,1.0,1002.433,625.074,1.0,995.562,630.519,1.0,991.569,638.834,1.0,987.913,649.083,1.0,981.261,653.243,1.0,247.706,563.978,1.0,251.094,574.046,1.0,256.637,580.36,1.0,262.009,580.964,1.0,269.301,586.421,1.0,1025.51,396.525,1.0,1025.697,393.034,1.0,1021.008,380.169,1.0,1012.713,370.583,1.0,1011.525,360.93,1.0
564,455.538,152.747,1.0,445.424,150.162,1.0,436.675,148.653,1.0,424.228,153.413,1.0,419.238,147.226,1.0,507.1,125.554,1.0,501.728,116.203,1.0,502.992,107.128,1.0,507.441,102.716,1.0,518.05,94.4,1.0,1002.082,624.789,1.0,995.562,630.519,1.0,991.554,638.695,1.0,987.859,648.676,1.0,981.343,653.191,1.0,247.393,560.999,1.0,251.094,572.246,1.0,255.692,578.056,1.0,261.003,584.889,1.0,269.259,585.541,1.0,1026.648,400.135,1.0,1025.503,392.859,1.0,1021.008,381.293,1.0,1013.786,372.207,1.0,1012.101,362.053,1.0
565,458.458,153.149,1.0,445.71,153.284,1.0,437.846,148.615,1.0,425.742,152.673,1.0,419.361,148.302,1.0,508.765,125.166,1.0,503.449,116.203,1.0,502.992,106.757,1.0,507.414,102.732,1.0,518.175,94.48,1.0,1002.082,623.636,1.0,995.562,630.519,1.0,991.554,638.273,1.0,987.859,647.695,1.0,982.193,652.897,1.0,246.905,556.113,1.0,251.057,568.991,1.0,252.435,575.403,1.0,255.908,585.907,1.0,269.185,585.541,1.0,1026.854,400.138,1.0,1024.698,392.115,1.0,1021.008,381.427,1.0,1014.24,373.21,1.0,1012.574,364.263,1.0
566,458.971,153.643,1.0,445.619,153.284,1.0,437.971,148.478,1.0,425.758,152.673,1.0,419.451,148.302,1.0,508.859,125.166,1.0,504.358,116.859,1.0,503.445,106.757,1.0,507.2,102.741,1.0,518.175,94.737,1.0,1002.082,620.627,1.0,995.978,627.046,1.0,991.619,634.352,1.0,987.94,646.626,1.0,983.225,652.896,1.0,246.905,555.826,1.0,248.844,567.642,1.0,252.235,575.127,1.0,255.824,585.907,1.0,268.578,585.016,1.0,1026.879,401.672,1.0,1022.124,392.382,1.0,1023.602,385.498,1.0,1014.571,375.851,1.0,1013.016,366.935,1.0
567,458.971,153.643,1.0,445.619,153.284,1.0,437.971,148.478,1.0,425.758,152.673,1.0,419.409,148.302,1.0,511.406,124.272,1.0,505.729,116.963,1.0,503.445,106.984,1.0,507.055,102.741,1.0,518.549,94.747,1.0,1002.205,620.557,1.0,996.343,626.247,1.0,991.705,633.595,1.0,988.864,645.599,1.0,986.155,652.896,1.0,246.749,555.826,1.0,248.502,567.637,1.0,251.755,574.814,1.0,255.009,584.889,1.0,267.899,585.016,1.0,1027.097,401.864,1.0,1022.092,392.115,1.0,1023.735,385.656,1.0,1014.844,376.341,1.0,1014.68,366.935,1.0
568,458.971,153.643,1.0,445.619,152.484,1.0,437.971,148.478,1.0,425.758,152.768,1.0,419.451,148.262,1.0,511.768,124.135,1.0,505.729,117.295,1.0,503.445,106.984,1.0,507.2,102.741,1.0,518.621,95.144,1.0,1003.861,619.139,1.0,997.964,624.21,1.0,991.705,631.668,1.0,988.903,643.734,1.0,986.725,652.819,1.0,246.573,556.113,1.0,247.755,566.183,1.0,250.84,574.657,1.0,254.39,583.689,1.0,267.372,585.016,1.0,1027.119,401.975,1.0,1021.997,391.906,1.0,1023.824,385.656,1.0,1014.948,376.341,1.0,1014.68,367.424,1.0
569,454.68,150.421,1.0,445.619,151.08,1.0,436.714,149.052,1.0,425.623,153.543,1.0,419.409,147.901,1.0,511.927,124.135,1.0,505.729,117.391,1.0,503.419,107.095,1.0,507.055,102.83,1.0,518.549,95.37,1.0,1005.714,614.388,1.0,998.348,624.197,1.0,991.823,631.467,1.0,988.981,643.606,1.0,987.058,652.819,1.0,243.552,560.211,1.0,246.735,566.153,1.0,249.876,573.476,1.0,253.921,582.049,1.0,262.991,585.016,1.0,1027.119,401.975,1.0,1021.997,392.11,1.0,1023.824,385.989,1.0,1015.124,376.341,1.0,1014.68,367.424,1.0
570,450.821,142.455,1.0,444.525,149.624,1.0,435.066,149.535,1.0,424.806,153.58,1.0,419.409,146.794,1.0,511.96,124.272,1.0,502.542,118.528,1.0,503.382,107.336,1.0,506.927,102.877,1.0,518.656,95.375,1.0,1006.21,614.292,1.0,998.443,623.876,1.0,992.008,631.467,1.0,989.113,643.54,1.0,987.268,652.819,1.0,242.372,561.066,1.0,245.722,566.058,1.0,249.876,572.969,1.0,253.233,582.049,1.0,260.052,583.021,1.0,1027.119,401.975,1.0,1021.987,392.11,1.0,1023.647,385.989,1.0,1015.124,376.126,1.0,1015.371,367.372,1.0
571,446.48,141.19,1.0,441.446,149.602,1.0,435.066,149.611,1.0,424.806,153.698,1.0,418.773,146.54,1.0,511.96,124.443,1.0,502.542,118.754,1.0,503.371,107.768,1.0,506.791,102.877,1.0,518.656,95.461,1.0,1006.42,614.233,1.0,1000.658,621.084,1.0,992.017,631.526,1.0,988.981,643.233,1.0,987.268,652.505,1.0,241.588,561.164,1.0,244.426,565.445,1.0,249.739,572.671,1.0,252.711,581.415,1.0,259.736,582.804,1.0,1027.241,401.979,1.0,1021.987,392.11,1.0,1023.647,385.989,1.0,1015.124,376.126,1.0,1015.371,366.779,1.0
572,446.081,140.879,1.0,441.385,149.319,1.0,435.066,149.611,1.0,424.806,153.662,1.0,418.669,146.313,1.0,511.96,124.801,1.0,502.542,118.945,1.0,503.342,107.882,1.0,506.787,102.985,1.0,518.2,95.633,1.0,1006.42,613.907,1.0,1001.181,620.276,1.0,993.625,631.526,1.0,989.302,641.742,1.0,987.058,652.378,1.0,241.176,561.066,1.0,243.859,564.979,1.0,249.739,572.491,1.0,252.711,581.415,1.0,259.425,582.278,1.0,1028.276,401.979,1.0,1021.987,392.641,1.0,1023.647,386.656,1.0,1015.31,375.876,1.0,1016.064,366.926,1.0
573,446.081,134.183,1.0,441.385,145.564,1.0,435.874,149.535,1.0,425.241,153.815,1.0,418.551,146.102,1.0,511.812,124.933,1.0,502.853,118.945,1.0,503.253,108.51,1.0,506.082,103.224,1.0,518.194,95.782,1.0,1006.521,613.636,1.0,1001.181,619.744,1.0,994.544,631.246,1.0,989.433,640.829,1.0,987.328,652.118,1.0,240.769,560.211,1.0,243.539,564.529,1.0,249.612,569.586,1.0,250.109,578.891,1.0,256.703,579.62,1.0,1028.404,402.391,1.0,1022.006,392.834,1.0,1023.479,386.925,1.0,1015.611,376.126,1.0,1016.15,366.926,1.0
574,446.081,133.796,1.0,441.446,144.99,1.0,436.246,149.328,1.0,425.86,153.878,1.0,418.395,145.902,1.0,511.666,125.085,1.0,502.935,118.945,1.0,503.222,108.537,1.0,506.082,103.481,1.0,518.194,95.857,1.0,1006.609,613.484,1.0,1000.658,618.945,1.0,995.57,630.048,1.0,991.126,637.501,1.0,987.685,648.121,1.0,238.177,558.331,1.0,241.852,561.028,1.0,247.354,568.823,1.0,248.583,574.981,1.0,256.403,578.708,1.0,1028.422,404.379,1.0,1022.498,393.647,1.0,1023.428,387.518,1.0,1017.889,376.801,1.0,1016.15,366.926,1.0
575,447.187,132.451,1.0,442.361,139.291,1.0,436.374,149.162,1.0,426.28,154.209,1.0,418.395,145.473,1.0,511.552,125.288,1.0,503.135,118.945,1.0,503.253,109.278,1.0,506.082,103.481,1.0,518.194,95.97,1.0,1008.611,610.344,1.0,998.12,615.747,1.0,997.277,626.76,1.0,991.878,635.561,1.0,988.417,646.014,1.0,237.506,557.955,1.0,241.835,560.869,1.0,246.849,568.529,1.0,247.76,572.281,1.0,255.53,578.655,1.0,1029.125,404.83,1.0,1022.775,393.711,1.0,1022.995,387.555,1.0,1018.193,377.355,1.0,1016.15,368.035,1.0
576,447.727,132.451,1.0,442.461,138.799,1.0,436.835,149.096,1.0,427.342,154.209,1.0,418.654,145.297,1.0,511.432,125.388,1.0,503.291,118.885,1.0,503.342,109.278,1.0,506.932,103.56,1.0,518.912,96.155,1.0,1008.866,608.803,1.0,998.096,615.684,1.0,997.356,625.705,1.0,992.388,632.708,1.0,991.468,645.347,1.0,237.137,557.931,1.0,241.041,560.604,1.0,246.448,567.985,1.0,247.506,572.281,1.0,255.481,578.618,1.0,1029.15,412.576,1.0,1022.775,399.31,1.0,1022.651,388.809,1.0,1018.218,377.889,1.0,1015.99,370.117,1.0
577,447.942,132.451,1.0,442.764,138.667,1.0,437.479,148.591,1.0,428.288,154.209,1.0,418.654,145.177,1.0,511.432,125.388,1.0,503.352,118.698,1.0,503.893,109.306,1.0,507.788,103.583,1.0,519.005,96.311,1.0,1009.299,608.653,1.0,998.096,615.483,1.0,997.437,625.677,1.0,993.195,632.701,1.0,991.724,645.284,1.0,237.137,557.325,1.0,241.041,560.604,1.0,246.334,567.936,1.0,247.39,571.829,1.0,255.307,578.228,1.0,1029.186,413.003,1.0,1022.775,399.746,1.0,1022.651,389.77,1.0,1018.425,378.554,1.0,1015.639,372.078,1.0
578,448.41,132.524,1.0,443.904,138.591,1.0,439.468,147.482,1.0,429.164,153.787,1.0,420.605,144.783,1.0,511.432,125.393,1.0,503.352,118.698,1.0,504.437,109.306,1.0,507.788,103.583,1.0,519.005,96.311,1.0,1009.299,608.648,1.0,998.096,615.165,1.0,997.462,625.096,1.0,993.357,632.275,1.0,991.835,645.284,1.0,237.137,556.293,1.0,241.041,559.804,1.0,246.01,567.985,1.0,246.701,571.829,1.0,255.248,578.14,1.0,1029.189,413.139,1.0,1022.775,399.81,1.0,1022.651,389.77,1.0,1018.462,378.554,1.0,1015.609,372.093,1.0
579,448.84,132.524,1.0,443.904,137.426,1.0,439.468,146.05,1.0,429.997,153.242,1.0,420.768,144.783,1.0,511.307,125.394,1.0,503.791,118.698,1.0,504.726,109.306,1.0,507.788,103.572,1.0,519.005,96.266,1.0,1009.299,608.53,1.0,998.096,615.165,1.0,997.675,625.096,1.0,993.369,632.184,1.0,991.896,645.284,1.0,246.363,555.358,1.0,242.397,559.804,1.0,246.01,567.936,1.0,246.08,571.829,1.0,254.758,578.14,1.0,1029.385,413.139,1.0,1022.775,399.81,1.0,1022.642,389.77,1.0,1018.462,378.554,1.0,1015.609,372.093,1.0
580,449.008,132.524,1.0,443.904,137.177,1.0,439.468,145.59,1.0,429.997,153.242,1.0,420.949,144.783,1.0,511.176,125.783,1.0,504.513,119.459,1.0,505.325,109.485,1.0,507.121,103.641,1.0,518.837,96.266,1.0,1009.028,608.53,1.0,998.096,615.165,1.0,997.821,625.096,1.0,993.369,632.184,1.0,992.02,645.358,1.0,248.577,548.199,1.0,244.712,556.926,1.0,246.267,567.936,1.0,245.825,571.707,1.0,253.921,578.14,1.0,1029.452,413.166,1.0,1022.696,399.81,1.0,1022.642,389.885,1.0,1018.598,378.554,1.0,1015.242,372.093,1.0
581,449.043,132.033,1.0,443.761,137.148,1.0,439.479,145.54,1.0,430.463,152.376,1.0,421.145,144.846,1.0,511.278,129.901,1.0,504.516,121.639,1.0,505.462,109.589,1.0,505.662,103.641,1.0,517.49,96.154,1.0,1009.028,608.53,1.0,998.216,615.299,1.0,998.203,625.116,1.0,993.369,632.184,1.0,992.057,645.358,1.0,248.577,546.161,1.0,245.015,554.373,1.0,246.267,567.08,1.0,245.666,571.484,1.0,253.62,578.14,1.0,1029.561,413.166,1.0,1022.696,399.81,1.0,1022.642,389.885,1.0,1018.598,378.43,1.0,1015.242,372.093,1.0
582,449.413,131.669,1.0,443.761,136.165,1.0,439.479,145.59,1.0,430.463,152.376,1.0,421.659,144.94,1.0,511.176,130.225,1.0,504.779,121.682,1.0,505.484,109.924,1.0,505.662,103.572,1.0,515.406,95.958,1.0,1008.998,608.53,1.0,998.542,615.325,1.0,998.265,625.116,1.0,993.415,632.134,1.0,992.112,645.358,1.0,248.577,543.854,1.0,245.015,552.916,1.0,245.82,567.043,1.0,245.665,570.958,1.0,253.429,578.171,1.0,1029.561,413.038,1.0,1022.323,399.956,1.0,1022.496,389.952,1.0,1018.598,378.43,1.0,1015.242,372.093,1.0
583,449.429,131.487,1.0,443.761,135.879,1.0,439.479,145.723,1.0,430.463,152.21,1.0,422.045,145.516,1.0,511.162,130.567,1.0,504.779,122.278,1.0,505.901,109.924,1.0,505.662,103.429,1.0,514.589,95.693,1.0,1007.196,608.53,1.0,999.043,615.613,1.0,998.653,625.116,1.0,993.613,632.0,1.0,992.135,645.144,1.0,246.806,541.725,1.0,245.015,552.916,1.0,245.505,567.043,1.0,245.375,570.958,1.0,253.429,578.334,1.0,1029.561,413.038,1.0,1022.323,400.033,1.0,1022.304,390.179,1.0,1018.714,378.576,1.0,1015.66,372.177,1.0
584,451.101,127.917,1.0,447.553,135.607,1.0,440.867,145.54,1.0,434.798,151.403,1.0,423.882,145.516,1.0,511.176,130.629,1.0,504.779,122.342,1.0,506.695,109.924,1.0,505.859,103.429,1.0,514.278,95.958,1.0,1006.229,608.878,1.0,1000.333,616.728,1.0,998.847,625.523,1.0,993.415,632.343,1.0,992.349,644.471,1.0,245.176,541.725,1.0,244.901,552.916,1.0,245.505,567.027,1.0,245.375,571.484,1.0,253.429,578.334,1.0,1029.219,413.178,1.0,1022.299,400.928,1.0,1022.304,390.772,1.0,1019.052,378.994,1.0,1016.129,372.459,1.0
585,451.431,127.052,1.0,447.801,135.399,1.0,441.199,144.982,1.0,435.492,150.782,1.0,424.063,145.623,1.0,511.235,130.862,1.0,504.779,122.54,1.0,506.837,110.293,1.0,505.859,103.429,1.0,513.771,95.958,1.0,1005.977,608.96,1.0,1000.333,616.728,1.0,999.387,625.523,1.0,993.578,632.612,1.0,992.744,643.427,1.0,244.301,541.725,1.0,244.147,553.274,1.0,245.505,567.08,1.0,245.375,571.644,1.0,253.683,578.352,1.0,1029.209,413.178,1.0,1022.299,401.986,1.0,1022.304,391.764,1.0,1019.131,379.558,1.0,1016.332,372.862,1.0
586,452.706,125.184,1.0,449.43,135.399,1.0,443.256,144.982,1.0,435.492,149.051,1.0,425.495,146.691,1.0,510.841,130.862,1.0,504.779,122.493,1.0,507.059,110.073,1.0,505.859,103.429,1.0,513.771,96.234,1.0,1005.918,608.96,1.0,1000.476,616.728,1.0,999.505,625.658,1.0,993.578,632.482,1.0,992.866,640.331,1.0,239.201,548.928,1.0,243.088,554.65,1.0,247.427,567.027,1.0,247.811,571.644,1.0,254.074,578.507,1.0,1028.072,413.441,1.0,1022.528,403.024,1.0,1023.518,393.09,1.0,1019.131,380.368,1.0,1016.627,373.572,1.0
587,452.881,125.136,1.0,449.893,135.366,1.0,443.456,144.961,1.0,435.492,148.8,1.0,425.625,149.479,1.0,511.235,130.978,1.0,504.97,122.493,1.0,507.071,110.073,1.0,505.844,103.531,1.0,513.72,96.234,1.0,1005.918,608.96,1.0,1000.476,616.391,1.0,999.505,625.658,1.0,993.168,632.482,1.0,992.889,639.343,1.0,237.623,559.695,1.0,243.088,559.355,1.0,247.427,566.698,1.0,248.815,571.645,1.0,254.602,578.507,1.0,1027.106,413.881,1.0,1023.081,404.567,1.0,1023.555,393.686,1.0,1019.161,382.184,1.0,1017.543,374.676,1.0
588,452.978,125.011,1.0,449.917,135.078,1.0,443.456,144.881,1.0,435.492,148.745,1.0,425.875,149.479,1.0,511.235,131.556,1.0,505.126,123.002,1.0,507.126,114.206,1.0,505.652,103.66,1.0,513.347,96.234,1.0,1005.977,608.869,1.0,1000.333,616.095,1.0,999.387,625.658,1.0,993.161,632.849,1.0,992.959,639.343,1.0,237.623,559.695,1.0,243.088,561.331,1.0,248.132,566.541,1.0,248.902,571.644,1.0,254.765,578.76,1.0,1027.106,413.881,1.0,1023.081,404.567,1.0,1023.555,393.686,1.0,1019.256,382.184,1.0,1017.545,374.867,1.0
589,453.26,124.487,1.0,450.161,135.01,1.0,443.468,144.75,1.0,435.492,148.526,1.0,425.938,149.479,1.0,510.673,134.124,1.0,506.276,124.294,1.0,509.057,115.662,1.0,505.256,104.921,1.0,511.626,95.603,1.0,1006.046,608.869,1.0,1000.258,615.749,1.0,998.697,625.614,1.0,993.043,632.849,1.0,992.959,639.343,1.0,237.623,560.232,1.0,243.165,561.331,1.0,248.132,566.698,1.0,249.02,571.339,1.0,254.765,579.633,1.0,1027.106,413.881,1.0,1023.081,404.567,1.0,1023.518,393.686,1.0,1019.281,382.184,1.0,1017.65,374.867,1.0
590,453.787,124.118,1.0,450.161,134.944,1.0,443.917,143.825,1.0,436.535,148.292,1.0,427.254,149.267,1.0,510.478,134.195,1.0,506.276,124.467,1.0,509.057,115.965,1.0,504.211,105.002,1.0,511.446,95.176,1.0,1006.33,608.845,1.0,1000.476,615.593,1.0,998.111,625.612,1.0,993.043,632.482,1.0,993.022,639.343,1.0,239.866,562.142,1.0,243.372,561.331,1.0,247.338,566.698,1.0,250.568,570.582,1.0,254.765,581.081,1.0,1027.29,413.125,1.0,1022.342,403.236,1.0,1023.429,393.017,1.0,1019.292,381.589,1.0,1017.65,374.867,1.0
591,454.135,123.903,1.0,449.917,134.833,1.0,443.992,143.433,1.0,437.746,148.019,1.0,428.602,148.636,1.0,510.415,137.519,1.0,506.573,125.166,1.0,509.057,116.464,1.0,504.063,105.002,1.0,511.192,95.176,1.0,1006.33,608.62,1.0,1000.61,615.431,1.0,998.111,625.441,1.0,993.161,632.325,1.0,993.022,639.343,1.0,239.866,562.142,1.0,243.372,561.088,1.0,247.132,567.431,1.0,250.878,570.52,1.0,254.152,581.081,1.0,1029.963,411.818,1.0,1022.342,402.942,1.0,1023.22,392.781,1.0,1019.292,381.296,1.0,1017.545,374.37,1.0
592,456.513,123.715,1.0,448.387,129.197,1.0,444.843,141.12,1.0,439.729,146.849,1.0,429.753,148.636,1.0,510.415,139.105,1.0,507.009,126.547,1.0,508.934,116.512,1.0,504.063,104.921,1.0,511.192,95.293,1.0,1006.247,608.62,1.0,1000.93,614.879,1.0,998.111,624.398,1.0,993.197,631.543,1.0,992.787,638.966,1.0,239.866,561.807,1.0,243.372,561.088,1.0,246.954,567.464,1.0,251.106,570.201,1.0,253.995,581.405,1.0,1030.637,411.818,1.0,1022.342,402.533,1.0,1022.929,392.366,1.0,1019.292,381.026,1.0,1017.336,373.665,1.0
593,456.709,123.028,1.0,448.387,128.949,1.0,445.563,140.013,1.0,440.537,145.528,1.0,431.807,148.636,1.0,510.415,139.644,1.0,509.451,127.532,1.0,508.934,116.512,1.0,504.063,104.867,1.0,511.303,95.603,1.0,1006.33,606.752,1.0,1001.023,613.854,1.0,998.403,623.021,1.0,993.609,629.554,1.0,992.787,638.966,1.0,236.973,561.807,1.0,242.913,561.088,1.0,246.479,567.464,1.0,251.106,570.02,1.0,253.838,581.405,1.0,1031.327,411.818,1.0,1022.369,402.533,1.0,1022.929,392.366,1.0,1019.148,381.026,1.0,1017.097,373.604,1.0
594,458.655,123.028,1.0,448.387,128.118,1.0,446.266,138.05,1.0,440.73,143.579,1.0,433.292,149.616,1.0,510.655,139.644,1.0,509.451,127.532,1.0,508.925,116.496,1.0,504.135,104.867,1.0,511.155,95.295,1.0,1006.477,598.743,1.0,1004.405,608.123,1.0,999.134,619.391,1.0,995.249,625.961,1.0,992.819,638.966,1.0,236.951,561.79,1.0,242.228,561.42,1.0,245.985,567.431,1.0,250.878,569.997,1.0,253.426,581.258,1.0,1031.327,412.116,1.0,1022.391,402.533,1.0,1022.929,392.744,1.0,1019.148,381.026,1.0,1017.036,373.6,1.0
595,458.915,123.028,1.0,448.715,127.793,1.0,446.528,137.936,1.0,440.815,143.43,1.0,433.405,149.69,1.0,510.655,139.644,1.0,509.451,127.532,1.0,508.925,116.496,1.0,504.151,104.776,1.0,511.303,95.85,1.0,1006.905,598.331,1.0,1004.627,605.346,1.0,999.966,618.849,1.0,995.303,625.345,1.0,991.323,637.58,1.0,235.224,561.79,1.0,241.712,561.572,1.0,245.418,567.046,1.0,250.798,569.997,1.0,253.426,581.011,1.0,1031.327,412.657,1.0,1022.41,402.533,1.0,1022.929,392.366,1.0,1019.144,381.026,1.0,1016.779,373.518,1.0
596,458.915,123.028,1.0,448.715,127.433,1.0,446.528,137.472,1.0,440.815,143.354,1.0,433.405,149.69,1.0,510.781,134.309,1.0,506.631,124.229,1.0,508.546,116.236,1.0,504.267,104.695,1.0,511.413,95.85,1.0,1006.945,597.872,1.0,1005.392,604.549,1.0,999.966,618.462,1.0,995.546,625.099,1.0,991.339,637.58,1.0,235.224,561.79,1.0,241.712,561.607,1.0,245.418,566.993,1.0,250.753,569.997,1.0,253.426,581.011,1.0,1031.059,412.657,1.0,1022.41,402.533,1.0,1022.831,392.366,1.0,1019.148,381.026,1.0,1016.77,373.471,1.0
597,459.193,123.028,1.0,449.31,127.433,1.0,446.528,136.821,1.0,440.73,143.114,1.0,433.405,149.69,1.0,510.781,128.849,1.0,505.929,120.317,1.0,507.588,109.597,1.0,505.45,103.921,1.0,513.871,95.93,1.0,1007.796,596.494,1.0,1005.571,603.905,1.0,999.134,617.714,1.0,996.125,624.038,1.0,992.757,636.632,1.0,235.224,561.686,1.0,241.712,561.702,1.0,245.418,566.993,1.0,250.293,570.074,1.0,253.52,580.837,1.0,1030.923,412.657,1.0,1022.505,402.152,1.0,1022.491,392.303,1.0,1019.158,380.55,1.0,1016.77,373.471,1.0
598,459.234,120.376,1.0,449.548,127.374,1.0,446.108,136.801,1.0,439.091,142.894,1.0,433.563,149.617,1.0,509.358,127.72,1.0,503.658,120.317,1.0,507.588,109.597,1.0,505.471,103.24,1.0,514.202,96.01,1.0,1007.796,595.992,1.0,1005.746,603.587,1.0,998.925,614.949,1.0,997.963,620.984,1.0,992.323,635.494,1.0,235.867,561.304,1.0,241.712,563.385,1.0,245.997,567.046,1.0,250.137,572.084,1.0,254.749,580.603,1.0,1028.616,406.795,1.0,1022.509,400.236,1.0,1021.991,390.352,1.0,1019.173,379.171,1.0,1016.779,373.146,1.0
599,459.358,117.798,1.0,453.837,122.123,1.0,446.108,132.626,1.0,439.091,139.637,1.0,433.563,148.059,1.0,504.498,127.72,1.0,502.689,120.124,1.0,506.934,109.38,1.0,505.471,102.642,1.0,514.202,96.01,1.0,1008.024,595.983,1.0,1005.983,603.366,1.0,998.642,614.012,1.0,998.753,620.984,1.0,992.323,635.321,1.0,236.381,560.14,1.0,241.889,564.868,1.0,246.539,569.774,1.0,250.137,577.353,1.0,256.869,580.177,1.0,1027.161,403.414,1.0,1023.532,394.065,1.0,1021.991,389.441,1.0,1019.479,378.091,1.0,1016.955,372.431,1.0
600,460.934,117.079,1.0,454.19,120.701,1.0,446.108,132.469,1.0,439.091,138.63,1.0,433.921,147.736,1.0,503.174,128.352,1.0,502.611,120.064,1.0,506.934,109.346,1.0,505.471,102.642,1.0,514.202,95.933,1.0,1008.281,595.983,1.0,1005.773,603.366,1.0,998.376,613.997,1.0,998.753,620.984,1.0,992.689,634.233,1.0,236.432,560.074,1.0,242.156,565.538,1.0,247.715,570.325,1.0,249.99,577.353,1.0,258.188,579.93,1.0,1027.161,402.453,1.0,1023.532,393.456,1.0,1021.764,389.441,1.0,1019.542,378.091,1.0,1016.955,372.431,1.0
601,462.204,117.077,1.0,454.275,120.512,1.0,446.108,132.021,1.0,440.739,138.083,1.0,434.101,147.511,1.0,503.174,128.352,1.0,502.611,120.064,1.0,506.287,109.113,1.0,505.471,102.642,1.0,514.08,95.933,1.0,1008.281,595.983,1.0,1005.746,603.366,1.0,998.272,613.997,1.0,998.753,618.505,1.0,992.757,632.664,1.0,236.661,559.961,1.0,242.186,566.45,1.0,247.715,571.245,1.0,249.99,577.353,1.0,258.802,579.93,1.0,1027.161,401.883,1.0,1023.532,393.255,1.0,1021.991,389.434,1.0,1019.542,377.928,1.0,1016.955,372.431,1.0
602,462.234,117.015,1.0,454.721,120.512,1.0,445.895,131.47,1.0,440.799,138.083,1.0,434.191,147.332,1.0,503.174,126.97,1.0,502.689,120.046,1.0,506.159,109.113,1.0,505.471,102.739,1.0,514.002,95.288,1.0,1008.527,596.217,1.0,1005.746,603.366,1.0,998.001,613.895,1.0,998.753,623.906,1.0,992.84,635.007,1.0,236.992,559.837,1.0,242.254,566.45,1.0,248.154,572.548,1.0,250.559,576.9,1.0,258.815,579.93,1.0,1028.552,401.883,1.0,1022.859,393.051,1.0,1021.991,389.433,1.0,1019.479,377.875,1.0,1016.864,372.468,1.0
603,462.434,117.015,1.0,455.058,120.435,1.0,445.895,130.83,1.0,441.25,138.071,1.0,434.349,147.332,1.0,508.853,126.837,1.0,503.681,118.472,1.0,505.746,109.113,1.0,505.649,103.052,1.0,513.619,95.204,1.0,1008.396,596.257,1.0,1005.709,603.366,1.0,998.001,613.813,1.0,998.753,623.912,1.0,993.045,635.007,1.0,238.681,559.837,1.0,243.464,566.536,1.0,248.795,572.883,1.0,251.136,576.9,1.0,259.338,580.079,1.0,1028.558,401.883,1.0,1022.859,393.051,1.0,1021.974,389.433,1.0,1019.328,377.928,1.0,1016.614,372.611,1.0
604,462.598,116.853,1.0,455.281,120.429,1.0,445.895,129.219,1.0,441.669,138.008,1.0,434.573,147.332,1.0,511.059,123.771,1.0,507.819,118.472,1.0,505.746,109.705,1.0,506.304,103.591,1.0,513.612,93.958,1.0,1008.396,596.257,1.0,1005.709,603.102,1.0,998.001,613.531,1.0,999.089,623.906,1.0,993.045,633.537,1.0,239.717,559.961,1.0,247.417,566.536,1.0,250.249,572.616,1.0,255.599,576.9,1.0,261.625,582.933,1.0,1028.558,402.11,1.0,1022.859,393.255,1.0,1021.764,389.434,1.0,1019.272,378.174,1.0,1016.593,372.637,1.0
605,462.598,116.597,1.0,455.058,120.429,1.0,445.895,129.041,1.0,442.713,138.008,1.0,434.868,146.939,1.0,515.737,123.771,1.0,510.284,118.472,1.0,505.746,111.451,1.0,506.304,104.93,1.0,513.612,93.879,1.0,1008.686,596.217,1.0,1005.709,602.735,1.0,998.268,613.352,1.0,999.324,622.99,1.0,992.985,633.537,1.0,241.56,561.489,1.0,247.417,566.954,1.0,250.249,572.707,1.0,255.599,578.301,1.0,262.374,585.413,1.0,1028.96,403.905,1.0,1022.859,393.815,1.0,1021.643,389.434,1.0,1019.057,378.233,1.0,1016.364,372.742,1.0
606,462.735,115.072,1.0,455.058,119.549,1.0,447.811,127.087,1.0,443.082,136.959,1.0,435.656,144.569,1.0,521.154,122.86,1.0,511.331,118.496,1.0,506.879,111.451,1.0,506.304,104.93,1.0,513.612,93.702,1.0,1009.463,594.244,1.0,1006.393,601.563,1.0,998.268,612.684,1.0,999.599,622.99,1.0,992.985,633.537,1.0,245.677,561.489,1.0,247.417,568.106,1.0,250.249,572.707,1.0,255.599,578.301,1.0,263.327,585.413,1.0,1028.558,404.845,1.0,1022.859,394.132,1.0,1021.643,389.765,1.0,1019.057,378.344,1.0,1016.276,372.788,1.0
607,464.395,114.259,1.0,455.475,115.879,1.0,451.561,126.311,1.0,447.979,135.078,1.0,437.944,143.15,1.0,521.154,122.86,1.0,514.94,118.601,1.0,507.107,111.451,1.0,506.005,104.93,1.0,513.612,93.46,1.0,1014.59,588.859,1.0,1009.431,601.421,1.0,998.268,609.73,1.0,999.763,620.13,1.0,992.985,630.03,1.0,246.207,561.489,1.0,247.887,568.106,1.0,248.258,572.707,1.0,253.551,578.301,1.0,263.673,585.413,1.0,1028.558,411.737,1.0,1022.371,400.218,1.0,1021.974,391.073,1.0,1018.981,379.526,1.0,1016.276,373.451,1.0
608,464.723,113.847,1.0,456.209,115.2,1.0,451.573,126.209,1.0,448.481,134.764,1.0,440.592,141.088,1.0,521.154,122.97,1.0,514.94,118.723,1.0,507.149,111.43,1.0,505.741,104.868,1.0,513.612,93.023,1.0,1016.28,588.348,1.0,1009.564,597.984,1.0,998.0,609.673,1.0,999.789,620.046,1.0,992.866,629.801,1.0,249.496,561.251,1.0,248.309,568.279,1.0,248.232,572.707,1.0,252.742,578.301,1.0,264.349,585.413,1.0,1028.486,412.784,1.0,1022.371,401.815,1.0,1022.958,392.616,1.0,1019.057,380.57,1.0,1016.364,374.255,1.0
609,465.007,113.847,1.0,456.24,115.076,1.0,451.573,126.209,1.0,448.601,134.732,1.0,440.946,140.882,1.0,520.996,123.4,1.0,514.94,118.601,1.0,507.414,111.199,1.0,505.741,104.578,1.0,513.632,91.741,1.0,1016.362,587.77,1.0,1009.608,597.984,1.0,997.928,609.667,1.0,999.997,620.046,1.0,992.866,629.41,1.0,250.863,560.533,1.0,248.309,568.522,1.0,248.072,572.729,1.0,252.742,578.197,1.0,264.468,585.388,1.0,1028.486,413.948,1.0,1022.371,403.797,1.0,1022.996,392.83,1.0,1019.145,381.937,1.0,1016.711,375.554,1.0
610,465.069,113.847,1.0,456.337,115.076,1.0,451.629,126.123,1.0,448.601,134.66,1.0,441.297,140.868,1.0,519.947,122.97,1.0,514.419,118.601,1.0,507.414,110.304,1.0,505.741,103.772,1.0,513.632,91.701,1.0,1016.362,588.348,1.0,1009.564,597.984,1.0,997.928,609.568,1.0,1000.032,620.13,1.0,992.83,628.443,1.0,259.163,560.533,1.0,251.524,568.522,1.0,248.072,575.838,1.0,252.742,577.916,1.0,265.898,585.33,1.0,1028.355,414.032,1.0,1023.01,404.215,1.0,1023.612,393.136,1.0,1019.262,382.328,1.0,1016.876,376.783,1.0
611,466.073,113.951,1.0,456.481,115.076,1.0,451.629,126.123,1.0,448.601,134.168,1.0,441.332,140.868,1.0,516.531,122.97,1.0,511.919,117.482,1.0,507.434,109.584,1.0,507.814,103.427,1.0,513.632,91.431,1.0,1016.689,587.832,1.0,1009.564,600.59,1.0,997.928,608.584,1.0,1000.032,620.13,1.0,992.771,627.76,1.0,259.98,558.597,1.0,254.41,571.043,1.0,248.232,575.838,1.0,254.339,577.425,1.0,266.078,584.58,1.0,1028.355,414.308,1.0,1023.372,404.25,1.0,1023.653,393.234,1.0,1019.262,383.052,1.0,1016.971,376.783,1.0
612,466.073,113.951,1.0,461.317,114.906,1.0,451.916,126.118,1.0,448.356,133.252,1.0,442.426,140.67,1.0,514.956,121.676,1.0,508.315,115.173,1.0,507.747,106.161,1.0,509.813,99.52,1.0,514.259,90.628,1.0,1016.28,587.832,1.0,1012.528,600.995,1.0,997.938,608.584,1.0,999.997,619.706,1.0,992.771,627.14,1.0,262.797,558.597,1.0,254.771,571.894,1.0,249.182,575.838,1.0,254.638,571.118,1.0,266.078,584.58,1.0,1028.355,414.397,1.0,1023.38,404.991,1.0,1023.828,393.803,1.0,1019.396,383.436,1.0,1017.148,376.783,1.0
613,466.073,113.951,1.0,461.317,114.391,1.0,452.251,125.724,1.0,448.356,131.038,1.0,443.586,140.504,1.0,507.942,121.202,1.0,506.914,111.04,1.0,508.55,106.161,1.0,510.825,98.921,1.0,514.259,88.336,1.0,1015.238,587.832,1.0,1012.528,600.995,1.0,998.582,608.584,1.0,996.647,616.085,1.0,992.83,626.916,1.0,262.797,571.832,1.0,255.34,572.913,1.0,249.489,575.653,1.0,254.638,570.165,1.0,266.078,568.244,1.0,1028.481,414.47,1.0,1023.514,404.991,1.0,1023.864,393.919,1.0,1019.539,383.455,1.0,1017.269,376.671,1.0
614,,,0.0,461.401,113.95,1.0,458.248,124.642,1.0,448.356,129.389,1.0,444.097,140.504,1.0,499.683,115.32,1.0,504.093,109.693,1.0,508.579,106.161,1.0,511.45,98.921,1.0,514.259,88.268,1.0,1015.238,587.832,1.0,1012.407,601.07,1.0,998.837,608.945,1.0,996.647,615.429,1.0,992.83,626.887,1.0,263.019,571.832,1.0,255.34,572.913,1.0,250.879,574.703,1.0,254.87,570.165,1.0,266.078,568.244,1.0,1028.481,414.47,1.0,1023.514,404.991,1.0,1023.864,393.919,1.0,1019.539,383.798,1.0,1017.269,376.661,1.0
615,,,0.0,461.681,113.263,1.0,458.718,123.896,1.0,449.57,126.665,1.0,445.82,137.872,1.0,487.044,113.243,1.0,501.273,107.918,1.0,508.55,105.691,1.0,511.45,98.921,1.0,514.129,88.264,1.0,1015.238,587.832,1.0,1012.528,600.793,1.0,998.837,608.959,1.0,996.647,614.96,1.0,992.859,626.774,1.0,263.59,559.327,1.0,255.34,571.894,1.0,252.062,574.673,1.0,254.87,570.165,1.0,260.916,568.993,1.0,1028.601,414.471,1.0,1023.514,404.889,1.0,1023.864,393.867,1.0,1019.533,383.874,1.0,1017.148,376.524,1.0
616,,,0.0,461.681,113.198,1.0,458.802,122.665,1.0,449.832,126.665,1.0,445.888,135.718,1.0,483.915,112.816,1.0,500.337,107.25,1.0,507.747,106.002,1.0,510.686,98.921,1.0,513.583,88.268,1.0,1012.774,593.155,1.0,1012.407,601.07,1.0,998.848,608.959,1.0,996.747,614.936,1.0,992.884,626.774,1.0,263.59,559.327,1.0,255.34,568.619,1.0,252.062,574.014,1.0,253.771,571.183,1.0,260.303,568.993,0.9990000128746033,1028.481,414.47,1.0,1023.283,404.889,1.0,1023.768,394.038,1.0,1019.539,383.874,1.0,1017.253,376.524,1.0
617,476.055,110.889,1.0,461.979,113.0,1.0,458.802,122.242,1.0,450.017,126.665,1.0,446.101,135.349,1.0,,,0.0,499.395,105.834,1.0,507.107,106.271,1.0,510.686,98.998,1.0,512.837,88.336,1.0,1011.309,593.155,1.0,1006.744,601.514,1.0,999.463,608.959,1.0,997.413,614.658,1.0,992.995,626.774,1.0,265.314,553.514,1.0,256.633,561.562,1.0,252.062,567.684,1.0,253.733,575.657,1.0,259.879,584.771,1.0,1028.356,414.483,1.0,1023.246,404.889,1.0,1023.768,394.038,1.0,1019.539,383.874,1.0,1017.269,376.524,1.0
618,475.943,110.619,1.0,462.587,112.909,1.0,458.924,121.758,1.0,451.046,126.248,1.0,446.206,135.159,1.0,,,0.0,499.392,105.695,1.0,504.548,106.002,1.0,509.732,98.998,1.0,511.499,88.785,1.0,1007.345,593.447,1.0,1006.553,602.724,1.0,999.68,609.343,1.0,997.415,614.547,1.0,993.403,627.199,1.0,267.325,553.133,1.0,256.753,561.362,1.0,252.033,566.831,1.0,253.733,575.874,1.0,254.063,584.861,1.0,1028.356,414.483,1.0,1023.246,405.69,1.0,1023.768,394.484,1.0,1019.797,383.878,1.0,1017.304,376.403,1.0
619,475.943,110.585,1.0,462.825,112.909,1.0,459.163,121.239,1.0,451.953,126.105,1.0,447.316,134.8,1.0,,,0.0,498.706,103.627,1.0,503.178,105.691,1.0,509.104,98.675,1.0,511.343,88.785,1.0,1006.247,593.447,1.0,1006.744,602.724,1.0,1004.186,609.674,1.0,997.518,614.497,1.0,993.462,627.199,1.0,267.325,552.953,1.0,257.518,561.034,1.0,252.033,566.831,1.0,253.733,575.874,1.0,253.867,584.861,1.0,1028.49,414.483,1.0,1023.246,405.69,1.0,1023.924,394.804,1.0,1020.433,384.173,1.0,1017.929,376.715,1.0
620,475.487,110.585,1.0,462.825,112.681,1.0,459.195,120.612,1.0,452.907,126.105,1.0,447.316,133.944,1.0,,,0.0,499.395,103.552,1.0,502.926,105.641,1.0,508.985,98.666,1.0,511.343,88.785,1.0,1006.213,593.155,1.0,1006.744,602.724,1.0,1004.448,609.674,1.0,997.729,614.458,1.0,993.493,627.199,1.0,267.523,552.953,1.0,258.047,560.836,1.0,252.033,566.368,1.0,253.771,575.657,1.0,253.867,584.771,1.0,1028.49,414.483,1.0,1023.722,406.047,1.0,1023.924,395.382,1.0,1020.433,384.484,1.0,1018.229,377.293,1.0
621,475.095,103.696,1.0,462.587,104.008,1.0,459.469,118.024,1.0,455.677,124.639,1.0,448.272,133.281,1.0,,,0.0,500.564,,0.0,502.926,104.557,1.0,508.366,97.024,1.0,511.343,88.522,1.0,1006.064,592.821,1.0,1007.017,601.686,1.0,1004.785,609.674,1.0,997.753,614.458,1.0,993.541,627.076,1.0,267.523,552.663,1.0,258.047,560.394,1.0,254.499,566.138,1.0,253.932,574.737,1.0,253.867,584.093,1.0,1029.543,414.946,1.0,1024.709,406.227,1.0,1023.924,395.765,1.0,1020.433,385.513,1.0,1018.734,377.877,1.0
622,,,0.0,466.027,,0.0,459.677,118.024,1.0,456.059,123.658,1.0,448.272,131.443,1.0,483.319,103.389,1.0,501.193,100.036,1.0,502.926,104.557,1.0,507.621,96.975,1.0,511.781,88.425,1.0,1005.959,592.315,1.0,1007.077,600.411,1.0,1005.819,608.762,1.0,997.944,614.272,1.0,993.963,625.462,1.0,267.487,547.181,1.0,263.773,551.926,1.0,258.076,564.599,1.0,253.932,571.305,1.0,257.688,581.896,1.0,1029.685,415.004,1.0,1024.845,406.047,1.0,1023.553,400.952,1.0,1019.792,387.024,1.0,1019.365,377.877,1.0
623,,,0.0,,,0.0,459.83,117.988,1.0,456.154,123.39,1.0,448.704,131.234,1.0,482.993,101.507,1.0,500.564,98.088,1.0,503.296,104.022,1.0,507.619,96.754,1.0,511.888,88.096,1.0,1005.75,591.293,1.0,1007.11,598.374,1.0,1007.434,607.937,1.0,1000.873,613.562,1.0,995.298,624.361,1.0,267.487,542.192,1.0,264.386,549.593,1.0,258.712,562.692,1.0,253.932,570.149,1.0,257.688,581.668,1.0,1030.243,415.04,1.0,1024.883,406.047,1.0,1023.332,400.952,1.0,1019.773,387.95,1.0,1019.835,378.875,1.0
624,,,0.0,466.243,104.156,1.0,460.005,118.024,1.0,456.168,123.361,1.0,448.704,130.857,1.0,482.855,100.959,1.0,,,0.0,504.493,103.114,1.0,507.621,96.667,1.0,512.07,88.022,1.0,1005.191,590.511,1.0,1011.346,597.622,1.0,1008.1,606.583,1.0,1001.002,613.48,1.0,995.45,621.807,1.0,267.487,541.847,1.0,264.386,549.072,1.0,259.302,562.056,1.0,253.857,569.48,1.0,257.688,580.448,1.0,1029.813,415.491,1.0,1024.845,406.227,1.0,1022.805,400.982,1.0,1019.534,387.95,1.0,1019.835,378.875,1.0
625,,,0.0,466.027,103.561,1.0,460.041,118.072,1.0,456.269,123.361,1.0,448.704,130.772,1.0,482.615,100.959,1.0,,,0.0,504.512,102.276,1.0,507.278,96.461,1.0,512.089,87.91,1.0,1004.984,589.049,1.0,1011.349,596.245,1.0,1008.1,604.88,1.0,1001.002,613.387,1.0,997.044,621.494,1.0,267.079,540.742,1.0,264.386,548.822,1.0,259.328,561.702,1.0,253.745,569.448,1.0,257.254,580.431,1.0,1030.014,417.097,1.0,1024.823,407.297,1.0,1022.805,400.982,1.0,1019.534,387.95,1.0,1019.835,378.875,1.0
626,,,0.0,465.704,102.931,1.0,460.317,118.072,1.0,456.154,123.082,1.0,448.704,130.488,1.0,482.538,100.88,1.0,,,0.0,504.604,102.495,1.0,507.205,96.341,1.0,512.686,87.883,1.0,1004.984,588.894,1.0,1011.349,596.035,1.0,1008.1,604.652,1.0,1000.873,613.335,1.0,997.044,621.494,1.0,267.077,539.168,1.0,264.091,548.096,1.0,259.509,560.889,1.0,253.745,568.861,1.0,257.254,579.58,1.0,1030.014,417.131,1.0,1024.883,407.364,1.0,1020.034,400.496,1.0,1019.435,387.352,1.0,1019.773,378.0,1.0
627,,,0.0,469.29,,0.0,461.023,117.769,1.0,456.269,121.811,1.0,448.796,129.166,1.0,482.423,100.88,1.0,497.507,95.383,1.0,504.604,102.154,1.0,507.205,96.205,1.0,512.768,87.883,1.0,1004.984,588.329,1.0,1011.346,595.879,1.0,1007.646,604.652,1.0,1000.587,613.335,1.0,997.044,621.496,1.0,266.787,539.168,1.0,264.077,548.096,1.0,259.577,560.889,1.0,253.684,568.861,1.0,257.254,578.988,1.0,1030.02,417.131,1.0,1024.823,407.364,1.0,1019.891,400.418,1.0,1019.435,387.229,1.0,1019.556,377.981,1.0
628,,,0.0,,,0.0,461.935,117.769,1.0,456.313,120.404,1.0,449.292,129.098,1.0,482.538,100.88,1.0,497.347,103.333,1.0,504.512,102.154,1.0,507.127,96.205,1.0,513.113,87.861,1.0,1005.232,587.922,1.0,1010.26,595.579,1.0,1006.954,604.642,1.0,1000.312,613.335,1.0,996.948,621.494,1.0,266.732,539.168,1.0,264.065,548.096,1.0,259.577,559.71,1.0,253.745,568.032,1.0,257.411,578.799,1.0,1030.014,417.182,1.0,1024.733,407.364,1.0,1019.825,400.12,1.0,1019.435,387.229,1.0,1019.556,377.981,1.0
629,485.873,96.134,1.0,,,1.0,463.985,112.178,1.0,457.068,119.613,1.0,450.26,128.622,1.0,482.538,,0.0,,95.383,0.0,504.381,102.089,1.0,506.347,96.341,1.0,513.9,87.843,1.0,1005.232,586.978,1.0,1009.777,594.969,1.0,1006.954,604.319,1.0,1000.312,613.182,1.0,996.948,621.494,1.0,265.745,540.827,1.0,263.427,551.143,1.0,259.509,559.71,1.0,255.393,567.176,1.0,257.511,572.639,1.0,1030.02,417.438,1.0,1024.733,407.419,1.0,1019.825,400.12,1.0,1019.422,387.283,1.0,1019.773,378.0,1.0
630,,,0.0,471.432,103.394,0.0,465.014,111.28,1.0,457.576,119.055,1.0,450.943,123.905,1.0,485.189,95.479,1.0,,,1.0,503.663,101.891,1.0,506.175,96.359,1.0,513.944,87.843,1.0,1005.232,586.344,1.0,1009.707,594.505,1.0,1006.24,603.828,1.0,1000.587,613.182,1.0,996.948,621.369,1.0,265.444,541.734,1.0,263.427,551.355,1.0,259.103,559.71,1.0,255.486,567.133,1.0,257.549,572.292,1.0,1030.02,417.438,1.0,1024.724,407.441,1.0,1019.825,400.496,1.0,1019.498,387.283,1.0,1019.633,378.188,1.0
631,484.239,92.963,1.0,471.432,103.394,1.0,465.172,110.774,1.0,457.966,119.055,1.0,451.027,123.881,1.0,,,0.0,482.192,103.648,0.0,503.257,101.421,1.0,506.097,96.597,1.0,514.979,87.418,1.0,1003.742,584.295,1.0,1005.579,590.367,1.0,1006.176,601.159,1.0,1001.207,610.58,1.0,998.128,620.476,1.0,265.426,541.734,1.0,263.389,551.355,1.0,259.103,559.555,1.0,255.486,567.133,1.0,257.586,572.185,1.0,1030.024,417.438,1.0,1024.724,407.559,1.0,1019.825,401.064,1.0,1019.498,387.672,1.0,1019.633,378.284,1.0
632,,,0.0,,,0.0,465.172,109.9,1.0,457.966,118.97,1.0,451.027,123.61,1.0,484.984,93.199,1.0,482.192,104.157,1.0,503.257,100.567,1.0,505.999,96.625,1.0,515.013,87.155,1.0,1002.261,581.393,1.0,1005.395,588.846,1.0,1006.24,598.866,1.0,1001.305,607.39,1.0,1000.039,620.472,1.0,265.426,541.451,1.0,263.389,551.344,1.0,259.103,559.423,1.0,255.57,567.133,1.0,257.586,572.156,1.0,1030.281,417.662,1.0,1024.724,407.789,1.0,1019.973,401.509,1.0,1019.498,388.061,1.0,1019.633,378.425,1.0
633,,,0.0,,,0.0,465.014,109.431,1.0,457.576,118.248,1.0,450.943,123.32,1.0,484.984,92.796,1.0,481.946,104.157,1.0,503.062,100.483,1.0,505.69,96.625,1.0,514.979,87.418,1.0,1002.245,579.555,1.0,1005.395,588.097,1.0,1006.176,597.979,1.0,1001.305,607.097,1.0,1001.859,618.545,1.0,265.426,541.451,1.0,263.688,551.344,1.0,259.103,559.21,1.0,255.68,567.133,1.0,257.586,572.059,1.0,1030.662,418.01,1.0,1025.035,407.94,1.0,1020.079,401.98,1.0,1019.505,388.651,1.0,1019.63,378.65,1.0
634,,,,,,,,,,,,,,,,484.984,92.589,1.0,481.795,103.648,1.0,503.062,100.172,1.0,464.471,118.754,1.0,515.013,87.402,1.0,1002.216,579.519,1.0,1005.579,587.993,1.0,1006.119,597.979,1.0,1001.305,606.336,1.0,1001.859,617.736,1.0,265.444,541.451,1.0,264.003,551.08,1.0,259.103,558.555,1.0,255.8,566.918,1.0,256.765,571.891,1.0,1031.827,418.845,1.0,1026.203,409.13,1.0,1020.387,403.597,1.0,1019.521,389.817,1.0,1019.577,378.824,1.0
635,,,,,,,,,,,,,,,,484.984,92.098,1.0,481.504,103.648,1.0,503.062,99.991,1.0,464.471,118.754,1.0,515.013,87.402,1.0,1002.216,579.095,1.0,1005.683,587.787,1.0,1006.119,597.859,1.0,1000.826,606.336,1.0,1001.908,617.403,1.0,268.113,540.822,1.0,266.207,546.062,1.0,258.615,556.318,1.0,256.316,566.06,1.0,253.731,570.123,1.0,1031.988,420.086,1.0,1026.731,409.714,1.0,1020.436,403.855,1.0,1019.521,390.049,1.0,1019.577,378.853,1.0
636,,,,,,,,,,,,,,,,484.984,90.481,1.0,481.795,103.597,1.0,503.052,99.98,1.0,462.576,118.754,1.0,515.408,87.247,1.0,1002.216,578.739,1.0,1005.725,587.787,1.0,1005.621,597.859,1.0,1000.826,606.103,1.0,1001.908,617.037,1.0,269.939,540.488,1.0,266.207,545.198,1.0,258.615,555.612,1.0,256.889,564.554,1.0,253.731,568.968,1.0,1032.303,420.13,1.0,1027.773,410.058,1.0,1020.761,404.291,1.0,1022.87,390.677,1.0,1019.577,380.138,1.0
637,,,,,,,,,,,,,,,,484.175,89.983,1.0,482.86,,0.0,502.156,99.946,1.0,464.471,114.424,1.0,515.587,87.247,1.0,1002.216,578.442,1.0,1006.748,587.323,1.0,1005.337,597.683,1.0,1000.82,606.095,1.0,1002.159,616.854,1.0,270.474,540.103,1.0,266.207,544.764,1.0,258.615,554.337,1.0,257.416,563.878,1.0,256.765,568.968,1.0,1032.303,420.343,1.0,1027.9,411.007,1.0,1021.037,405.152,1.0,1023.107,392.276,1.0,1020.388,382.587,1.0
638,,,,,,,,,,,,,,,,484.044,89.833,1.0,484.027,100.492,1.0,501.979,99.97,1.0,506.685,97.189,1.0,515.644,86.881,1.0,1002.216,577.944,1.0,1006.748,586.812,1.0,1005.149,597.261,1.0,1000.745,605.605,1.0,1002.722,616.235,1.0,271.472,540.103,1.0,262.984,540.73,1.0,260.271,552.594,1.0,259.08,559.032,1.0,256.899,568.813,1.0,1032.303,420.343,1.0,1027.959,411.045,1.0,1021.326,405.152,1.0,1023.302,392.276,1.0,1020.515,383.057,1.0
639,,,0.0,,,0.0,468.66,114.532,1.0,463.384,114.446,1.0,458.504,122.232,1.0,483.61,89.983,1.0,484.585,100.114,1.0,501.915,99.946,1.0,506.685,96.652,1.0,515.753,86.873,1.0,1002.363,577.764,1.0,1006.748,586.585,1.0,1004.224,597.177,1.0,1000.805,605.599,1.0,1003.367,615.724,1.0,271.776,538.667,1.0,262.984,539.996,1.0,260.384,552.038,1.0,259.1,558.413,1.0,257.198,568.968,1.0,1032.303,420.371,1.0,1028.04,411.045,1.0,1021.357,405.152,1.0,1023.302,392.276,1.0,1020.837,383.057,1.0
640,,,0.0,483.801,99.886,1.0,468.172,113.703,1.0,462.601,114.008,1.0,457.922,121.973,1.0,483.533,90.481,1.0,484.585,,0.0,501.805,99.82,1.0,506.669,96.652,1.0,515.753,86.873,1.0,1005.125,575.039,1.0,1006.393,585.945,1.0,1003.867,593.398,1.0,1000.805,603.05,1.0,1004.061,615.511,1.0,271.57,538.667,1.0,262.984,539.898,1.0,260.394,551.811,1.0,259.432,558.045,1.0,257.332,568.968,1.0,1032.272,420.343,1.0,1028.04,411.045,1.0,1021.386,404.971,1.0,1023.302,392.094,1.0,1020.878,383.057,1.0
641,,,,,,,,,,,,,,,,482.487,90.811,1.0,485.375,98.073,1.0,500.44,97.998,1.0,506.685,93.507,1.0,516.018,86.873,1.0,1007.899,574.521,1.0,1006.393,585.063,1.0,1003.777,593.377,1.0,1000.728,602.644,1.0,1004.485,615.286,1.0,271.57,538.463,1.0,262.984,539.707,1.0,261.523,550.836,1.0,259.507,558.045,1.0,257.478,569.156,1.0,1032.272,420.343,1.0,1028.05,411.045,1.0,1021.603,404.971,1.0,1023.302,392.094,1.0,1020.878,383.014,1.0
642,,,,,,,,,,,,,,,,482.203,91.421,1.0,484.95,97.955,1.0,500.347,96.229,1.0,506.685,92.709,1.0,516.052,86.873,1.0,1007.899,573.928,1.0,1006.056,583.674,1.0,1003.777,592.81,1.0,1000.528,602.429,1.0,1004.485,615.188,1.0,271.57,538.463,1.0,263.292,539.638,1.0,261.994,550.742,1.0,259.904,558.045,1.0,257.703,568.813,1.0,1032.272,420.371,1.0,1028.148,410.898,1.0,1021.603,404.971,1.0,1023.436,392.06,1.0,1020.837,382.995,1.0
643,,,,,,,,,,,,,,,,481.736,91.462,1.0,484.585,97.95,1.0,500.125,96.151,1.0,506.803,91.846,1.0,516.1,87.063,1.0,1007.899,573.928,1.0,1006.031,583.674,1.0,1003.639,592.81,1.0,1000.528,602.211,1.0,1004.57,614.587,1.0,270.916,533.972,1.0,263.46,538.747,1.0,262.141,550.364,1.0,260.415,557.607,1.0,257.703,568.593,1.0,1032.516,420.371,1.0,1028.211,410.865,1.0,1021.578,405.053,1.0,1023.53,392.094,1.0,1020.878,382.995,1.0
644,,,,,,,,,,,,,,,,480.91,91.497,1.0,484.855,97.95,1.0,498.998,95.42,1.0,507.023,91.846,1.0,516.221,87.148,1.0,1004.508,573.928,1.0,1005.851,583.674,1.0,1003.285,592.81,1.0,1000.528,602.143,1.0,1004.485,613.778,1.0,266.919,531.026,1.0,264.928,537.998,1.0,264.422,549.237,1.0,261.15,557.741,1.0,257.703,568.569,1.0,1032.754,420.175,1.0,1028.211,410.845,1.0,1021.578,405.101,1.0,1023.53,392.199,1.0,1020.929,383.014,1.0
645,,,,,,,,,,,,,,,,480.082,91.587,1.0,484.697,98.073,1.0,498.998,95.466,1.0,507.023,91.846,1.0,516.31,87.148,1.0,999.691,578.593,1.0,1005.54,583.945,1.0,1003.28,593.983,1.0,1000.533,601.752,1.0,1004.394,613.515,1.0,265.735,529.826,1.0,265.038,537.326,1.0,264.59,548.178,1.0,261.155,557.741,1.0,257.488,567.592,1.0,1032.754,420.502,1.0,1028.244,410.865,1.0,1021.296,405.244,1.0,1023.53,392.454,1.0,1021.035,383.405,1.0
646,,,,,,,,,,,,,,,,478.871,91.878,1.0,484.484,97.95,1.0,498.871,95.191,1.0,507.023,92.093,1.0,516.606,87.148,1.0,994.613,578.64,1.0,1005.199,584.854,1.0,1002.908,594.272,1.0,1001.433,601.752,1.0,1004.39,613.312,1.0,264.989,527.77,1.0,265.123,536.859,1.0,265.264,547.677,1.0,261.522,557.607,1.0,257.488,566.825,1.0,1032.516,420.502,1.0,1028.211,410.865,1.0,1021.125,405.247,1.0,1023.436,392.575,1.0,1021.039,383.704,1.0
647,,,,,,,,,,,,,,,,477.625,91.936,1.0,484.311,98.025,1.0,498.302,95.191,1.0,506.996,92.177,1.0,516.606,86.915,1.0,991.708,578.64,1.0,1002.745,584.854,1.0,1002.908,594.272,1.0,1001.592,602.075,1.0,1004.266,613.312,1.0,264.439,526.704,1.0,265.723,535.808,1.0,267.308,545.266,1.0,261.533,556.408,1.0,256.515,565.257,1.0,1032.505,422.308,1.0,1028.146,412.42,1.0,1021.125,405.973,1.0,1023.435,392.867,1.0,1021.067,383.94,1.0
648,,,,,,,,,,,,,,,,477.625,93.041,1.0,484.42,98.025,1.0,498.126,95.267,1.0,506.864,92.353,1.0,516.606,86.889,1.0,990.69,578.639,1.0,1002.72,584.854,1.0,1002.908,594.145,1.0,1001.677,602.075,1.0,1004.266,613.312,1.0,264.182,526.21,1.0,265.748,535.301,1.0,267.723,544.591,1.0,262.078,556.234,1.0,256.515,564.806,1.0,1032.286,427.33,1.0,1026.779,414.509,1.0,1021.296,406.823,1.0,1023.435,393.219,1.0,1021.223,384.449,1.0
649,,,,,,,,,,,,,,,,477.503,93.341,1.0,484.311,97.928,1.0,498.041,95.343,1.0,506.637,92.353,1.0,516.58,86.81,1.0,990.175,578.593,1.0,1002.327,584.328,1.0,1002.75,593.983,1.0,1001.677,602.075,1.0,1004.266,613.312,1.0,263.919,526.048,1.0,265.748,535.301,1.0,269.117,544.498,1.0,262.081,556.192,1.0,256.515,564.554,1.0,1032.046,428.087,1.0,1026.779,415.31,1.0,1021.383,407.013,1.0,1023.435,393.557,1.0,1021.267,384.808,1.0
650,,,,,,,,,,,,,,,,477.143,93.808,1.0,484.138,97.675,1.0,498.018,95.267,1.0,506.542,92.231,1.0,516.39,86.889,1.0,990.075,578.297,1.0,1002.251,584.133,1.0,1002.75,593.687,1.0,1001.592,602.075,1.0,1004.266,613.312,1.0,263.919,526.048,1.0,265.723,535.301,1.0,269.117,544.498,1.0,262.243,556.067,1.0,256.297,564.418,1.0,1032.046,428.835,1.0,1026.779,416.257,1.0,1021.906,407.013,1.0,1020.006,394.94,1.0,1021.378,384.841,1.0
651,,,,,,,,,,,,,,,,477.503,93.818,1.0,484.311,97.142,1.0,498.041,95.267,1.0,506.287,92.346,1.0,516.096,86.915,1.0,989.978,577.886,1.0,997.369,584.066,1.0,1002.133,592.906,1.0,1001.592,599.902,1.0,1004.854,611.233,1.0,264.182,525.512,1.0,264.843,534.815,1.0,269.117,543.76,1.0,262.679,555.288,1.0,256.297,563.187,1.0,1032.046,429.038,1.0,1026.81,416.936,1.0,1022.022,407.013,1.0,1020.006,394.979,1.0,1021.378,384.846,1.0
652,,,,,,,,,,,,,,,,477.223,94.409,1.0,484.076,97.004,1.0,498.018,94.56,1.0,506.025,92.346,1.0,515.818,87.374,1.0,989.978,577.561,1.0,997.162,583.861,1.0,1002.133,592.467,1.0,1001.677,599.902,1.0,1006.713,610.883,1.0,264.419,525.503,1.0,263.781,534.252,1.0,266.583,542.582,1.0,262.98,550.82,1.0,256.601,553.366,1.0,1032.167,429.274,1.0,1026.81,418.097,1.0,1023.479,407.326,1.0,1020.282,395.041,1.0,1021.427,385.304,1.0
653,,,,,,,,,,,,,,,,477.223,94.409,1.0,483.642,96.87,1.0,498.018,94.56,1.0,505.639,92.346,1.0,515.751,87.394,1.0,989.978,577.561,1.0,997.162,582.323,1.0,1002.133,592.442,1.0,1002.475,599.902,1.0,1006.713,610.536,1.0,264.675,524.824,1.0,263.781,533.961,1.0,266.067,541.985,1.0,263.361,547.212,1.0,256.601,552.848,1.0,1032.291,429.413,1.0,1026.81,418.413,1.0,1024.036,407.326,1.0,1020.282,396.389,1.0,1021.457,386.62,1.0
654,,,,,,,,,,,,,,,,477.446,94.409,1.0,483.642,96.764,1.0,498.018,94.56,1.0,503.887,93.186,1.0,515.721,89.33,1.0,990.185,577.561,1.0,997.237,582.323,1.0,1003.089,590.925,1.0,1004.456,602.943,1.0,1006.713,609.357,1.0,264.675,521.959,1.0,263.781,531.821,1.0,264.842,540.333,1.0,263.398,544.716,1.0,256.601,552.781,1.0,1032.332,429.465,1.0,1027.087,418.418,1.0,1024.168,407.326,1.0,1020.425,398.849,1.0,1021.441,387.921,1.0
655,,,,,,,,,,,,,,,,477.55,94.384,1.0,483.772,96.764,1.0,497.873,94.877,1.0,503.887,97.201,1.0,515.716,89.33,1.0,990.185,577.459,1.0,997.237,582.323,1.0,1003.089,590.925,1.0,1004.82,603.686,1.0,1006.713,609.357,1.0,264.442,521.919,1.0,264.02,531.635,1.0,264.42,539.758,1.0,263.633,543.948,1.0,257.529,552.589,1.0,1032.453,429.465,1.0,1027.191,418.472,1.0,1024.315,407.429,1.0,1020.452,398.849,1.0,1021.441,388.007,1.0
656,,,,,,,,,,,,,,,,477.446,94.319,1.0,483.772,96.764,1.0,497.873,94.916,1.0,503.887,97.451,1.0,515.716,89.33,1.0,990.185,577.435,1.0,997.162,582.323,1.0,1003.089,590.925,1.0,1004.981,603.721,1.0,1006.513,609.345,1.0,264.442,521.722,1.0,264.305,531.342,1.0,264.42,539.368,1.0,263.731,543.759,1.0,257.549,552.606,1.0,1032.453,429.628,1.0,1027.191,418.535,1.0,1024.426,407.527,1.0,1020.465,398.849,1.0,1021.441,388.134,1.0
657,,,,,,,,,,,,,,,,477.446,94.319,1.0,483.772,97.072,1.0,497.873,95.256,1.0,504.323,97.805,1.0,515.721,89.319,1.0,990.066,576.851,1.0,996.09,582.011,1.0,1001.818,590.633,1.0,1004.981,603.686,1.0,1006.513,609.132,1.0,264.442,521.475,1.0,266.431,531.034,1.0,264.842,537.7,1.0,264.254,543.759,1.0,257.549,552.606,1.0,1032.453,429.668,1.0,1027.217,418.57,1.0,1024.552,407.527,1.0,1020.465,398.665,1.0,1021.441,388.134,1.0
658,,,,,,,,,,,,,,,,477.55,94.319,1.0,483.778,97.176,1.0,497.873,95.451,1.0,504.603,97.805,1.0,515.716,88.93,1.0,988.933,576.636,1.0,995.661,581.976,1.0,1001.8,590.633,1.0,1004.82,603.686,1.0,1006.437,609.132,1.0,264.442,518.236,1.0,266.506,522.357,1.0,266.351,532.772,1.0,264.387,543.596,1.0,257.529,552.571,1.0,1032.453,429.729,1.0,1027.272,418.689,1.0,1024.552,407.527,1.0,1020.465,398.522,1.0,1021.424,388.007,1.0
659,,,,,,,,,,,,,,,,477.615,94.319,1.0,483.772,97.481,1.0,497.931,95.571,1.0,504.902,97.805,1.0,515.716,88.927,1.0,985.952,575.627,1.0,993.956,581.497,1.0,1001.8,590.03,1.0,1004.115,602.867,1.0,1006.402,609.132,1.0,264.437,509.464,1.0,266.506,519.103,1.0,269.439,531.854,1.0,264.507,543.596,1.0,257.444,550.03,1.0,1032.407,429.776,1.0,1027.417,418.648,1.0,1024.574,407.457,1.0,1020.42,398.522,1.0,1021.424,387.99,1.0
660,,,,,,,,,,,,,,,,479.459,94.319,1.0,483.729,98.32,1.0,497.931,95.861,1.0,504.902,98.031,1.0,515.538,88.559,1.0,985.773,574.453,1.0,991.678,581.014,1.0,1001.818,588.631,1.0,1002.729,599.775,1.0,1005.639,606.203,1.0,264.283,508.618,1.0,266.431,518.781,1.0,269.957,531.684,1.0,264.629,543.596,1.0,257.444,549.835,1.0,1032.407,429.779,1.0,1027.485,418.689,1.0,1024.574,407.457,1.0,1020.42,398.522,1.0,1021.364,387.975,1.0
661,,,,,,,,,,,,,,,,479.459,93.565,1.0,482.241,98.32,1.0,497.931,97.67,1.0,505.186,97.694,1.0,515.281,88.305,1.0,984.94,573.577,1.0,991.617,580.807,1.0,1001.993,588.047,1.0,1001.703,596.996,1.0,1005.639,605.021,1.0,264.283,507.311,1.0,266.43,518.433,1.0,270.575,531.248,1.0,264.708,543.596,1.0,257.444,549.656,1.0,1032.407,429.779,1.0,1027.417,418.691,1.0,1024.574,407.457,1.0,1020.381,398.522,1.0,1021.34,387.975,1.0
662,,,,,,,,,,,,,,,,489.827,,1.0,482.193,98.32,1.0,500.121,98.945,1.0,505.835,96.593,1.0,514.759,88.254,1.0,984.927,573.067,1.0,990.234,580.634,1.0,1002.136,587.112,1.0,1001.703,595.926,1.0,1005.639,604.851,1.0,264.283,507.311,1.0,266.067,518.433,1.0,270.575,530.379,1.0,264.708,543.414,1.0,257.62,549.179,1.0,1032.429,429.776,1.0,1027.817,418.706,1.0,1024.663,407.536,1.0,1020.381,398.599,1.0,1021.343,387.975,1.0
663,488.526,98.443,1.0,484.582,102.816,1.0,468.183,112.647,1.0,463.862,113.934,1.0,458.41,122.211,1.0,492.287,91.515,0.0,,,0.0,500.301,98.945,1.0,505.835,93.273,1.0,514.556,88.254,1.0,984.913,573.013,1.0,990.234,580.067,1.0,1002.308,586.689,1.0,1001.703,595.648,1.0,1006.155,604.651,1.0,264.231,507.311,1.0,266.029,518.247,1.0,270.575,529.489,1.0,265.033,542.502,1.0,258.02,548.566,1.0,1032.541,429.776,1.0,1027.844,419.426,1.0,1024.871,408.152,1.0,1020.471,398.661,1.0,1021.364,388.153,1.0
664,,,0.0,484.582,101.871,1.0,468.183,112.605,1.0,463.862,113.729,1.0,458.065,121.703,1.0,493.921,91.515,1.0,,,0.0,500.301,98.945,1.0,505.552,93.273,1.0,514.425,88.305,1.0,984.913,572.612,1.0,990.234,579.184,1.0,1002.308,586.019,1.0,1002.108,595.435,1.0,1006.155,604.651,1.0,263.122,512.309,1.0,263.417,518.033,1.0,270.277,527.082,1.0,265.21,540.101,1.0,259.173,545.107,1.0,1032.541,429.874,1.0,1028.128,420.844,1.0,1024.871,409.286,1.0,1020.471,399.755,1.0,1021.364,388.303,1.0
665,,,0.0,484.334,101.636,1.0,467.949,112.588,1.0,462.858,113.669,1.0,458.063,121.576,1.0,493.586,91.515,1.0,,,0.0,500.403,97.875,1.0,505.552,93.273,1.0,514.556,88.254,1.0,984.794,572.612,1.0,990.318,578.828,1.0,1002.273,585.993,1.0,1002.108,595.435,1.0,1006.155,604.651,1.0,260.208,512.37,1.0,263.211,518.033,1.0,265.188,526.25,1.0,265.21,533.272,1.0,259.22,538.773,1.0,1032.541,429.891,1.0,1028.128,420.958,1.0,1024.571,409.651,1.0,1020.471,399.872,1.0,1021.543,388.338,1.0
666,,,0.0,484.334,101.458,1.0,467.949,112.097,1.0,462.858,113.491,1.0,457.895,121.201,1.0,493.01,91.515,1.0,,,0.0,500.609,97.831,1.0,505.548,93.558,1.0,514.556,87.904,1.0,984.66,572.612,1.0,993.919,578.828,1.0,1002.273,585.993,1.0,1002.108,594.756,1.0,1006.006,604.626,1.0,260.167,512.451,1.0,262.877,518.103,1.0,265.125,525.838,1.0,265.21,531.986,1.0,259.343,537.836,1.0,1032.825,429.986,1.0,1028.31,422.183,1.0,1024.571,410.717,1.0,1020.594,400.108,1.0,1021.571,388.752,1.0
667,,,,,,,,,,,,,,,,493.118,98.102,1.0,487.952,99.197,1.0,500.817,97.299,1.0,505.548,95.9,1.0,514.425,87.788,1.0,984.66,572.797,1.0,994.534,578.828,1.0,1002.186,585.993,1.0,1000.653,594.721,1.0,1005.887,604.626,1.0,260.167,512.37,1.0,262.877,518.093,1.0,265.011,525.785,1.0,265.118,531.578,1.0,260.011,537.618,1.0,1032.825,430.116,1.0,1028.397,423.122,1.0,1024.563,411.509,1.0,1020.762,400.366,1.0,1021.624,389.313,1.0
668,,,,,,,,,,,,,,,,493.01,98.102,1.0,487.574,99.132,1.0,500.817,97.199,1.0,504.916,95.9,1.0,513.936,87.423,1.0,984.66,572.826,1.0,994.534,578.278,1.0,1002.186,585.993,1.0,999.897,594.289,1.0,1005.887,604.598,1.0,260.167,512.309,1.0,262.877,518.033,1.0,265.011,525.424,1.0,265.118,530.076,1.0,260.118,537.566,1.0,1032.843,430.262,1.0,1028.451,423.189,1.0,1024.563,411.572,1.0,1020.849,400.587,1.0,1021.653,389.6,1.0
669,,,,,,,,,,,,,,,,491.635,98.102,1.0,487.262,97.908,1.0,500.817,97.04,1.0,465.874,95.9,1.0,513.533,86.263,1.0,984.709,572.826,1.0,994.534,579.014,1.0,1002.186,586.379,1.0,999.897,594.289,1.0,1005.887,604.569,1.0,260.167,511.964,1.0,262.877,517.954,1.0,264.323,524.747,1.0,264.873,529.194,1.0,260.322,537.618,1.0,1032.843,430.262,1.0,1028.397,423.401,1.0,1024.563,411.681,1.0,1020.928,400.814,1.0,1021.829,389.697,1.0
670,,,,,,,,,,,,,,,,,,0.0,,,0.0,494.732,95.279,1.0,465.874,94.984,1.0,512.319,85.857,1.0,985.429,572.826,1.0,993.919,579.014,1.0,1000.716,586.379,1.0,999.703,594.289,1.0,1006.066,604.569,1.0,259.926,508.913,1.0,262.21,515.768,1.0,264.323,521.286,1.0,264.749,528.189,1.0,260.511,537.366,1.0,1032.843,430.453,1.0,1028.397,423.401,1.0,1024.648,412.078,1.0,1021.07,401.009,1.0,1021.843,389.967,1.0
671,490.852,108.367,1.0,487.859,105.803,1.0,493.822,112.599,1.0,466.219,113.258,1.0,460.346,122.402,1.0,,,,,,,,,,,,,,,,985.429,572.599,1.0,994.534,578.485,1.0,1000.938,586.061,1.0,999.703,594.289,1.0,1006.101,604.498,1.0,254.508,497.544,1.0,258.122,504.283,1.0,264.323,517.469,1.0,263.847,527.72,1.0,262.488,537.034,1.0,1032.386,430.851,1.0,1028.259,423.401,1.0,1024.648,412.158,1.0,1021.419,401.35,1.0,1022.131,390.502,1.0
672,490.77,107.155,1.0,486.941,105.803,1.0,469.557,112.599,1.0,465.637,113.258,1.0,458.551,122.341,1.0,,,,,,,,,,,,,,,,987.268,572.599,1.0,993.092,578.485,1.0,1001.381,586.061,1.0,999.703,594.545,1.0,1006.115,604.444,1.0,254.508,496.524,1.0,258.096,503.86,1.0,264.442,517.317,1.0,263.465,527.681,1.0,262.684,536.3,1.0,1030.495,430.851,1.0,1027.941,423.123,1.0,1024.648,412.158,1.0,1021.531,401.35,1.0,1022.371,391.236,1.0
673,490.766,104.236,1.0,479.68,100.557,1.0,466.518,112.599,1.0,463.561,113.258,1.0,458.22,121.636,1.0,,,,,,,,,,,,,,,,987.678,572.599,1.0,993.303,580.598,1.0,1000.938,586.783,1.0,1000.208,594.545,1.0,1006.115,604.444,1.0,254.508,494.33,1.0,257.859,503.399,1.0,264.54,516.985,1.0,263.46,527.681,1.0,264.151,536.107,1.0,1029.058,430.851,1.0,1027.812,422.917,1.0,1024.623,412.158,1.0,1021.531,401.849,1.0,1022.387,391.464,1.0
674,481.025,102.768,1.0,486.941,99.915,1.0,466.518,112.599,1.0,462.337,113.859,1.0,458.204,121.636,1.0,,,,,,,,,,,,,,,,987.678,578.068,1.0,993.303,580.546,1.0,1000.716,586.783,1.0,1000.687,594.545,1.0,1006.115,602.979,1.0,254.76,494.099,1.0,257.634,503.228,1.0,265.548,516.598,1.0,263.099,527.538,1.0,262.684,533.411,1.0,1028.5,430.851,1.0,1027.682,422.915,1.0,1024.183,411.304,1.0,1021.531,402.379,1.0,1022.48,391.464,1.0
675,475.88,100.932,1.0,479.68,,0.0,465.374,112.599,1.0,462.337,115.02,1.0,456.844,121.319,1.0,505.835,83.931,1.0,,104.57,1.0,500.733,98.487,1.0,504.977,98.039,1.0,512.745,90.908,1.0,994.638,578.068,1.0,994.565,580.546,1.0,1000.938,586.783,1.0,1000.722,593.861,1.0,1006.493,602.979,1.0,254.76,494.099,1.0,257.557,503.228,1.0,265.548,515.592,1.0,263.099,527.044,1.0,262.488,532.905,1.0,1027.269,430.653,1.0,1027.627,422.915,1.0,1024.183,411.304,1.0,1021.435,402.379,1.0,1022.665,391.679,1.0
676,473.216,100.69,1.0,497.595,105.707,1.0,461.341,97.828,1.0,462.337,115.034,1.0,456.323,120.984,1.0,505.196,83.186,1.0,503.397,,0.0,,,0.0,504.266,98.039,1.0,512.16,90.908,1.0,997.231,578.068,1.0,995.647,580.546,1.0,1000.711,586.783,1.0,1000.935,593.861,1.0,1006.493,602.979,1.0,254.76,494.099,1.0,257.557,502.662,1.0,265.548,514.385,1.0,263.099,525.588,1.0,260.538,532.095,1.0,1027.26,430.65,1.0,1027.659,422.915,1.0,1024.183,411.304,1.0,1021.347,402.729,1.0,1022.745,391.464,1.0
677,469.011,98.501,1.0,475.491,105.573,1.0,,,0.0,463.781,116.261,1.0,456.123,119.797,1.0,504.853,78.863,1.0,503.397,86.934,1.0,498.36,96.06,1.0,503.386,98.039,1.0,511.793,90.908,1.0,997.231,563.233,1.0,995.647,573.48,1.0,1000.658,583.738,1.0,1000.935,593.224,1.0,1006.028,603.663,1.0,252.784,495.975,1.0,257.557,502.25,1.0,258.861,512.2,1.0,261.692,519.959,1.0,260.453,527.798,1.0,1027.047,430.592,1.0,1027.659,423.425,1.0,1024.248,411.304,1.0,1021.18,402.739,1.0,1022.76,391.461,1.0
678,467.534,98.116,1.0,474.662,105.573,1.0,,,0.0,464.671,117.229,1.0,455.941,119.797,1.0,505.196,78.863,1.0,503.397,86.934,1.0,498.36,96.06,1.0,503.386,98.408,1.0,511.793,90.918,1.0,997.231,563.233,1.0,995.647,572.961,1.0,1000.658,583.738,1.0,1000.722,593.224,1.0,1005.539,604.377,1.0,252.066,496.319,1.0,257.345,502.25,1.0,258.802,510.726,1.0,261.382,516.992,1.0,260.442,522.834,1.0,1026.486,430.592,1.0,1027.627,423.43,1.0,1024.283,411.476,1.0,1021.347,402.729,1.0,1022.834,391.461,1.0
679,467.125,97.944,1.0,474.426,105.573,1.0,,,0.0,464.864,117.325,1.0,455.941,119.79,1.0,504.853,78.863,1.0,503.159,86.915,1.0,498.36,96.06,1.0,503.386,98.408,1.0,511.791,90.918,1.0,992.673,563.233,1.0,993.32,572.961,1.0,1002.168,583.738,1.0,1000.91,593.224,1.0,1005.539,604.96,1.0,251.673,496.319,1.0,259.457,502.25,1.0,258.576,510.474,1.0,261.134,516.396,1.0,260.344,522.197,1.0,1026.42,430.592,1.0,1027.627,423.727,1.0,1024.377,411.513,1.0,1021.347,402.739,1.0,1022.834,391.461,1.0
680,466.006,97.944,1.0,474.264,105.069,1.0,,,0.0,465.575,117.342,1.0,456.123,119.79,1.0,504.853,81.548,1.0,502.61,86.915,1.0,500.08,97.527,1.0,504.717,98.408,1.0,511.793,90.918,1.0,992.673,569.619,1.0,993.32,572.961,1.0,1002.168,584.629,1.0,1000.91,594.917,1.0,1005.539,604.96,1.0,251.602,496.248,1.0,259.693,501.613,1.0,257.661,510.211,1.0,260.909,516.231,1.0,259.818,521.896,1.0,1026.42,430.895,1.0,1027.651,423.727,1.0,1024.351,411.513,1.0,1020.943,403.01,1.0,1022.834,391.126,1.0
681,464.341,97.944,1.0,474.139,104.799,1.0,,,0.0,465.575,117.342,1.0,456.123,119.533,1.0,502.486,84.067,1.0,501.746,87.235,1.0,500.365,98.385,1.0,504.717,98.588,1.0,512.286,90.345,1.0,992.673,569.978,1.0,993.32,574.543,1.0,1002.569,585.015,1.0,1000.91,596.366,1.0,1005.966,604.96,1.0,251.581,496.234,1.0,259.693,501.311,1.0,257.566,510.041,1.0,260.245,515.559,1.0,259.818,521.792,1.0,1026.42,430.983,1.0,1027.651,423.43,1.0,1024.468,411.511,1.0,1020.912,402.782,1.0,1022.834,391.126,1.0
682,464.127,97.944,1.0,473.968,103.995,1.0,470.163,112.617,1.0,465.575,117.342,1.0,455.941,119.53,1.0,500.768,85.998,1.0,501.399,88.878,1.0,500.365,98.443,1.0,504.717,99.465,1.0,513.508,90.345,1.0,993.197,574.063,1.0,997.631,578.445,1.0,1002.569,586.751,1.0,1002.424,598.791,1.0,1007.126,604.607,1.0,251.446,496.234,1.0,258.039,501.077,1.0,257.543,508.144,1.0,260.206,513.324,1.0,260.056,521.471,1.0,1026.543,430.983,1.0,1027.651,423.197,1.0,1024.468,411.511,1.0,1020.943,402.782,1.0,1022.921,391.126,1.0
683,,,,,,,,,,,,,,,,487.543,91.309,1.0,474.83,104.524,1.0,501.525,99.593,1.0,464.91,116.802,1.0,514.372,90.08,1.0,996.615,574.063,1.0,999.35,579.211,1.0,1002.168,586.751,1.0,1002.424,598.791,1.0,1007.126,604.607,1.0,250.377,494.285,1.0,258.039,498.031,1.0,257.543,504.144,1.0,259.073,508.949,1.0,260.056,520.431,1.0,1027.108,430.895,1.0,1027.651,421.977,1.0,1024.351,411.325,1.0,1020.943,402.782,1.0,1022.75,391.08,1.0
684,,,,,,,,,,,,,,,,487.489,91.754,1.0,474.83,104.524,1.0,501.525,100.345,1.0,463.566,116.802,1.0,514.56,89.957,1.0,1000.024,574.063,1.0,1000.077,579.473,1.0,1001.934,587.092,1.0,1002.424,598.875,1.0,1007.126,604.207,1.0,249.225,485.833,1.0,253.773,492.603,1.0,257.543,503.287,1.0,259.065,508.904,1.0,260.046,520.418,1.0,1028.413,429.882,1.0,1027.614,420.537,1.0,1024.313,410.165,1.0,1021.006,401.457,1.0,1022.887,391.08,1.0
685,,,,,,,,,,,,,,,,486.512,91.754,1.0,473.909,104.524,1.0,468.391,112.834,1.0,463.547,116.802,1.0,514.56,90.08,1.0,1004.019,574.345,1.0,1001.84,579.768,1.0,1000.826,586.751,1.0,1002.535,599.199,1.0,1006.815,604.207,1.0,249.005,485.672,1.0,253.773,492.578,1.0,257.897,502.769,1.0,258.674,508.817,1.0,260.046,520.235,1.0,1030.79,429.026,1.0,1027.021,418.257,1.0,1024.187,408.476,1.0,1021.006,398.271,1.0,1022.887,391.038,1.0
686,,,,,,,,,,,,,,,,477.367,91.754,1.0,473.479,104.35,1.0,467.465,112.834,1.0,463.541,116.604,1.0,514.56,90.08,1.0,1005.233,574.345,1.0,1003.205,579.968,1.0,1000.573,586.265,1.0,1003.024,599.199,1.0,1006.815,603.754,1.0,248.903,484.745,1.0,253.773,492.01,1.0,258.067,501.683,1.0,258.656,508.518,1.0,260.046,519.466,1.0,1031.669,428.939,1.0,1026.966,418.257,1.0,1024.133,408.476,1.0,1021.166,398.271,1.0,1022.868,391.038,1.0
687,,,,,,,,,,,,,,,,,,0.0,,,0.0,467.465,100.345,1.0,463.053,116.252,1.0,454.836,89.957,1.0,1007.083,574.345,1.0,1003.39,579.968,1.0,1000.573,586.24,1.0,1003.024,598.875,1.0,1006.485,603.794,1.0,249.005,484.69,1.0,254.106,491.985,1.0,258.067,501.364,1.0,258.617,508.113,1.0,259.658,518.939,1.0,1032.445,428.88,1.0,1026.966,418.136,1.0,1024.187,408.46,1.0,1021.48,401.457,1.0,1022.868,391.038,1.0
688,480.642,94.716,1.0,482.275,103.612,1.0,502.088,98.77,1.0,463.892,116.707,1.0,515.248,89.974,1.0,,,,,,,,,,,,,,,,1009.111,574.345,1.0,1005.233,579.968,1.0,1000.826,585.9,1.0,1003.024,598.875,1.0,1006.485,603.752,1.0,248.903,484.575,1.0,254.106,491.921,1.0,258.067,500.306,1.0,258.559,507.051,1.0,258.745,518.149,1.0,1033.632,427.507,1.0,1027.021,418.136,1.0,1024.211,408.46,1.0,1021.568,401.523,1.0,1022.887,391.136,1.0
689,480.642,94.716,1.0,481.021,100.485,1.0,501.823,98.577,1.0,463.892,116.518,1.0,515.248,89.974,1.0,,,,,,,,,,,,,,,,1012.127,572.672,1.0,1006.179,577.355,1.0,1001.734,584.95,1.0,1003.514,598.733,1.0,1006.485,603.752,1.0,248.877,482.994,1.0,254.106,490.637,1.0,256.032,498.679,1.0,257.874,505.988,1.0,257.232,515.86,1.0,1033.954,427.507,1.0,1027.24,418.439,1.0,1024.211,408.892,1.0,1021.568,401.576,1.0,1022.868,391.146,1.0
690,480.642,94.716,1.0,481.021,100.485,1.0,501.713,98.233,1.0,463.892,116.474,1.0,515.02,89.766,1.0,,,,,,,,,,,,,,,,1012.598,572.256,1.0,1006.649,576.438,1.0,1002.191,584.132,1.0,1003.514,597.929,1.0,1006.485,603.794,1.0,248.903,481.785,1.0,252.202,489.602,1.0,254.467,495.135,1.0,257.257,505.369,1.0,256.635,514.227,1.0,1034.41,427.507,1.0,1027.788,419.049,1.0,1024.676,409.185,1.0,1021.568,401.585,1.0,1022.922,391.159,1.0
691,480.98,94.716,1.0,480.843,100.485,1.0,501.678,98.18,1.0,506.497,98.003,1.0,515.248,89.745,1.0,,,,,,,,,,,,,,,,1012.598,571.151,1.0,1006.778,575.934,1.0,1003.222,583.902,1.0,1002.716,597.38,1.0,1006.485,604.131,1.0,249.02,480.333,1.0,252.18,489.406,1.0,253.832,494.936,1.0,252.319,505.234,1.0,256.391,512.551,1.0,1034.41,428.244,1.0,1028.009,419.349,1.0,1024.89,409.235,1.0,1021.571,401.585,1.0,1022.929,391.159,1.0
692,480.98,95.201,1.0,481.021,99.078,1.0,501.678,98.039,1.0,506.924,98.003,1.0,515.601,89.698,1.0,,,0.0,,,0.0,467.082,114.194,1.0,462.774,116.02,1.0,457.861,121.91,1.0,1012.474,568.915,1.0,1007.664,575.459,1.0,1004.175,582.879,1.0,1002.476,595.642,1.0,1006.503,604.757,1.0,249.33,480.333,1.0,252.146,489.355,1.0,253.832,494.922,1.0,251.853,505.078,1.0,256.274,512.358,1.0,1034.462,429.064,1.0,1028.159,420.654,1.0,1025.018,410.444,1.0,1021.664,401.576,1.0,1022.929,391.252,1.0
693,480.98,95.201,1.0,481.267,99.078,1.0,501.129,96.758,1.0,506.924,97.978,1.0,515.622,89.546,1.0,,,0.0,,,0.0,465.493,113.888,1.0,462.62,115.618,1.0,457.616,121.838,1.0,1012.483,568.869,1.0,1007.664,573.298,1.0,1004.175,582.879,1.0,1002.476,595.583,1.0,1006.878,604.757,1.0,249.33,480.333,1.0,252.146,489.29,1.0,253.832,494.922,1.0,251.668,505.078,1.0,256.274,510.76,1.0,1034.501,429.366,1.0,1028.159,420.982,1.0,1025.018,410.8,1.0,1022.269,401.976,1.0,1022.991,391.47,1.0
694,480.04,93.757,1.0,482.324,98.262,1.0,500.765,96.65,1.0,506.502,98.003,1.0,515.601,89.546,1.0,,,0.0,,,0.0,465.239,113.837,1.0,461.94,115.502,1.0,456.991,121.666,1.0,1012.483,568.469,1.0,1008.981,573.054,1.0,1004.175,582.128,1.0,1002.417,595.257,1.0,1006.953,604.757,1.0,249.33,480.451,1.0,251.7,488.756,1.0,253.832,494.287,1.0,251.668,504.926,1.0,255.775,510.343,1.0,1034.501,429.693,1.0,1028.175,421.293,1.0,1025.133,411.823,1.0,1022.603,402.738,1.0,1023.023,391.47,1.0
695,479.929,93.636,1.0,482.324,97.129,1.0,500.575,96.155,1.0,506.502,98.016,1.0,515.622,89.633,1.0,,,,,,,,,,,,,,,,1012.483,566.753,1.0,1009.926,569.501,1.0,1003.443,582.128,1.0,1001.366,591.782,1.0,1006.953,602.704,1.0,247.94,480.451,1.0,251.358,488.067,1.0,253.372,492.907,1.0,251.668,503.414,1.0,255.775,509.091,1.0,1034.452,429.693,1.0,1028.175,421.762,1.0,1025.264,412.314,1.0,1022.87,403.042,1.0,1023.04,391.771,1.0
696,479.699,93.14,1.0,482.543,96.992,1.0,499.128,95.266,1.0,506.502,98.138,1.0,515.622,89.546,1.0,,,,,,,,,,,,,,,,1016.273,562.186,1.0,1011.276,566.708,1.0,1003.116,581.785,1.0,1001.366,588.048,1.0,1006.953,598.459,1.0,245.955,480.451,1.0,250.954,485.21,1.0,253.312,490.097,1.0,253.036,503.312,1.0,255.775,507.998,1.0,1034.452,429.693,1.0,1028.54,421.851,1.0,1025.846,413.102,1.0,1024.024,405.346,1.0,1023.04,393.294,1.0
697,479.699,92.672,1.0,482.543,96.94,1.0,498.836,95.266,1.0,506.487,98.133,1.0,515.596,89.577,1.0,,,,,,,,,,,,,,,,1018.717,561.984,1.0,1011.276,565.816,1.0,1003.116,580.998,1.0,1001.366,588.048,1.0,1005.898,598.459,1.0,242.78,480.46,1.0,249.595,482.034,1.0,253.067,487.295,1.0,253.036,499.201,1.0,256.253,507.667,1.0,1034.295,429.269,1.0,1029.77,422.04,1.0,1026.761,414.457,1.0,1024.977,406.847,1.0,1023.04,393.705,1.0
698,479.929,92.762,1.0,482.546,95.992,1.0,498.574,95.289,1.0,506.438,98.156,1.0,515.322,89.577,1.0,,,,,,,,,,,,,,,,1018.717,561.418,1.0,1011.488,565.769,1.0,1003.163,580.833,1.0,1001.654,587.786,1.0,1005.764,598.459,1.0,242.78,480.46,1.0,249.595,481.786,1.0,253.067,486.649,1.0,253.036,498.022,1.0,256.59,506.834,1.0,1034.216,429.181,1.0,1029.77,421.851,1.0,1026.841,414.457,1.0,1024.977,406.847,1.0,1023.017,393.759,1.0
699,480.0,92.65,1.0,483.868,94.529,1.0,497.914,95.289,1.0,506.438,98.234,1.0,515.175,89.577,1.0,,,,,,,,,,,,,,,,1018.599,560.819,1.0,1011.488,565.769,1.0,1003.443,580.833,1.0,1001.788,587.786,1.0,1005.764,598.459,1.0,242.78,480.403,1.0,249.209,481.486,1.0,252.829,486.561,1.0,252.886,497.945,1.0,256.687,506.719,1.0,1034.007,429.181,1.0,1030.026,421.802,1.0,1026.973,414.534,1.0,1024.977,407.088,1.0,1022.926,393.974,1.0
700,480.0,92.65,1.0,484.121,93.01,1.0,497.914,95.289,1.0,506.325,98.156,1.0,515.117,89.392,1.0,,,,,,,,,,,,,,,,1018.717,560.805,1.0,1011.488,565.769,1.0,1003.535,580.833,1.0,1002.192,587.786,1.0,1005.764,598.29,1.0,242.632,480.403,1.0,249.152,481.454,1.0,252.828,486.561,1.0,252.766,497.639,1.0,256.59,506.596,1.0,1033.866,429.181,1.0,1029.983,421.802,1.0,1026.973,414.589,1.0,1024.947,407.088,1.0,1022.883,394.037,1.0
701,480.0,92.427,1.0,484.268,92.93,1.0,497.914,95.296,1.0,505.868,98.156,1.0,515.071,89.577,1.0,,,,,,,,,,,,,,,,1018.717,560.168,1.0,1011.893,566.526,1.0,1004.093,580.833,1.0,1003.587,587.149,1.0,1007.704,597.39,1.0,242.632,479.36,1.0,248.519,481.412,1.0,252.25,486.534,1.0,252.58,497.458,1.0,256.59,506.138,1.0,1033.866,429.269,1.0,1029.966,421.802,1.0,1026.973,414.805,1.0,1024.947,407.302,1.0,1022.831,394.076,1.0
702,479.699,92.427,1.0,484.543,92.93,1.0,497.914,95.296,1.0,505.736,98.156,1.0,515.071,89.701,1.0,,,,,,,,,,,,,,,,1019.76,559.917,1.0,1014.357,566.526,1.0,1009.984,577.291,1.0,1004.416,586.485,1.0,1007.704,594.665,1.0,241.985,476.737,1.0,245.799,476.147,1.0,252.25,486.353,1.0,250.431,493.156,1.0,256.763,502.731,1.0,1033.76,429.202,1.0,1029.983,421.579,1.0,1026.973,414.589,1.0,1024.879,407.101,1.0,1022.831,394.272,1.0
703,479.264,92.326,1.0,484.717,92.93,1.0,497.92,95.305,1.0,505.699,98.11,1.0,515.117,89.881,1.0,,,,,,,,,,,,,,,,1020.483,559.793,1.0,1015.624,566.526,1.0,1010.008,575.949,1.0,1006.477,585.33,1.0,1007.704,592.592,1.0,240.584,468.014,1.0,242.739,474.266,1.0,252.25,485.994,1.0,250.216,489.781,1.0,256.763,501.753,1.0,1033.76,429.381,1.0,1030.077,421.802,1.0,1026.973,414.805,1.0,1024.879,407.302,1.0,1022.817,394.488,1.0
704,479.264,92.348,1.0,486.584,93.984,1.0,498.029,95.305,1.0,505.48,98.11,1.0,515.212,89.881,1.0,,,,,,,,,,,,,,,,1020.913,558.744,1.0,1015.928,564.672,1.0,1010.008,574.644,1.0,1006.984,585.33,1.0,1006.499,590.65,1.0,238.516,466.063,1.0,241.752,472.53,1.0,247.734,481.467,1.0,249.67,487.431,1.0,258.722,501.578,1.0,1034.182,429.507,1.0,1029.983,421.977,1.0,1026.563,414.805,1.0,1024.959,407.302,1.0,1022.789,394.498,1.0
705,479.264,92.149,1.0,486.584,93.984,1.0,498.029,95.305,1.0,505.48,98.11,1.0,515.221,89.881,1.0,,,,,,,,,,,,,,,,1021.007,558.628,1.0,1016.574,564.42,1.0,1009.984,574.482,1.0,1006.984,584.764,1.0,1006.499,590.58,1.0,236.58,464.922,1.0,241.567,471.306,1.0,246.103,480.275,1.0,249.657,486.618,1.0,258.887,501.243,1.0,1034.896,431.929,1.0,1030.077,423.925,1.0,1026.563,417.404,1.0,1025.614,408.659,1.0,1022.28,394.527,1.0
706,479.382,92.149,1.0,486.689,93.987,1.0,498.829,95.404,1.0,505.736,97.998,1.0,515.243,89.881,1.0,,,,,,,,,,,,,,,,1021.133,558.406,1.0,1017.28,563.913,1.0,1009.984,573.897,1.0,1006.984,584.031,1.0,1006.499,590.546,1.0,236.511,464.8,1.0,241.198,470.45,1.0,252.375,480.174,1.0,249.334,486.618,1.0,258.887,500.308,1.0,1034.896,431.981,1.0,1030.162,424.161,1.0,1026.339,417.795,1.0,1025.624,408.805,1.0,1022.27,394.672,1.0
707,480.076,92.348,1.0,486.689,94.29,1.0,499.009,95.638,1.0,506.987,97.998,1.0,515.513,90.158,1.0,,,,,,,,,,,,,,,,1021.133,558.129,1.0,1016.574,563.305,1.0,1010.211,573.004,1.0,1006.766,583.265,1.0,1006.748,590.511,1.0,235.996,464.36,1.0,241.11,470.201,1.0,247.314,480.174,1.0,249.158,486.618,1.0,258.722,499.776,1.0,1034.896,433.245,1.0,1030.162,424.358,1.0,1026.16,417.795,1.0,1025.624,408.948,1.0,1022.213,394.705,1.0
708,481.844,95.599,1.0,486.887,94.885,1.0,499.561,96.527,1.0,507.155,98.177,1.0,515.513,90.158,1.0,,,,,,,,,,,,,,,,1021.18,557.746,1.0,1016.568,562.501,1.0,1010.211,572.057,1.0,1006.766,581.624,1.0,1006.748,590.39,1.0,235.337,464.146,1.0,240.131,470.201,1.0,244.044,480.066,1.0,247.607,485.108,1.0,257.631,498.426,1.0,1034.67,433.635,1.0,1030.202,424.604,1.0,1026.16,418.574,1.0,1025.828,409.411,1.0,1022.174,394.783,1.0
709,484.962,96.082,1.0,487.013,96.582,1.0,499.561,97.246,1.0,507.155,98.521,1.0,515.696,90.158,1.0,,,,,,,,,,,,,,,,1022.953,549.055,1.0,1016.628,555.65,1.0,1011.862,568.562,1.0,1006.766,574.921,1.0,1006.748,589.163,1.0,233.031,464.009,1.0,239.991,470.201,1.0,243.562,478.348,1.0,247.607,484.524,1.0,254.887,490.956,1.0,1034.67,433.653,1.0,1030.318,424.613,1.0,1026.131,418.689,1.0,1025.889,409.512,1.0,1021.963,394.836,1.0
710,484.962,96.082,1.0,487.013,96.582,1.0,500.183,97.246,1.0,507.276,98.521,1.0,515.513,90.163,1.0,,,,,,,,,,,,,,,,1026.105,546.73,1.0,1016.568,553.263,1.0,1015.705,565.083,1.0,1010.44,573.083,1.0,1006.242,585.825,1.0,233.018,463.952,1.0,239.991,470.216,1.0,241.766,478.112,1.0,247.607,484.523,1.0,254.489,490.58,1.0,1034.67,433.855,1.0,1030.829,425.374,1.0,1026.131,418.713,1.0,1025.889,410.529,1.0,1021.834,394.836,1.0
711,484.962,95.599,1.0,487.013,96.582,1.0,500.183,97.246,1.0,507.276,98.521,1.0,515.448,90.163,1.0,,,,,,,,,,,,,,,,1026.213,546.121,1.0,1016.568,553.157,1.0,1016.34,564.875,1.0,1010.784,573.064,1.0,1006.242,585.402,1.0,232.855,463.952,1.0,240.131,470.216,1.0,241.766,476.958,1.0,247.887,480.838,1.0,254.482,490.509,1.0,1035.059,434.262,1.0,1030.982,425.735,1.0,1026.263,418.859,1.0,1026.203,410.669,1.0,1021.834,394.836,1.0
712,,,0.0,,,0.0,475.46,95.84,1.0,468.406,97.318,1.0,514.707,90.163,1.0,492.827,107.059,1.0,490.386,98.333,1.0,502.617,111.545,1.0,468.86,113.589,1.0,514.7,124.178,1.0,1026.381,546.019,1.0,1016.628,553.157,1.0,1016.537,564.441,1.0,1011.038,572.874,1.0,1006.242,585.043,1.0,232.848,464.009,1.0,240.439,470.216,1.0,241.732,476.551,1.0,247.887,480.233,1.0,254.464,489.977,1.0,1035.059,434.286,1.0,1031.205,425.994,1.0,1026.263,419.037,1.0,1026.203,410.812,1.0,1021.747,394.983,1.0
713,,,,,,,,,,,,,,,,489.128,107.059,1.0,487.399,98.333,1.0,476.315,111.072,1.0,467.314,113.589,1.0,465.25,124.178,1.0,1026.381,545.889,1.0,1016.885,553.1,1.0,1017.137,564.404,1.0,1011.183,572.159,1.0,1006.249,584.703,1.0,232.848,464.019,1.0,240.439,469.817,1.0,241.513,475.924,1.0,247.887,479.767,1.0,254.464,489.683,1.0,1035.059,434.286,1.0,1031.205,425.994,1.0,1026.263,419.037,1.0,1026.203,410.669,1.0,1021.834,394.835,1.0
714,,,,,,,,,,,,,,,,485.363,107.059,1.0,486.745,98.333,1.0,471.259,110.282,1.0,465.882,112.921,1.0,460.12,124.178,1.0,1026.381,545.689,1.0,1017.756,553.1,1.0,1017.137,564.045,1.0,1011.262,571.987,1.0,1007.133,583.73,1.0,232.615,464.019,1.0,240.439,469.452,1.0,241.477,474.658,1.0,247.324,478.241,1.0,253.844,489.16,1.0,1034.993,434.262,1.0,1031.205,425.994,1.0,1026.356,419.037,1.0,1025.979,410.669,1.0,1021.834,394.822,1.0
715,,,,,,,,,,,,,,,,485.363,110.279,1.0,482.007,100.82,1.0,471.259,110.282,1.0,465.467,112.921,1.0,459.932,124.235,1.0,1026.537,542.832,1.0,1020.556,553.178,1.0,1017.137,562.397,1.0,1011.913,570.558,1.0,1007.217,582.554,1.0,231.497,464.019,1.0,238.997,468.163,1.0,239.728,470.665,1.0,246.331,477.183,1.0,251.163,489.042,1.0,1024.769,430.82,1.0,1029.476,424.204,1.0,1026.646,419.125,1.0,1025.321,409.632,1.0,1022.506,394.835,1.0
716,,,,,,,,,,,,,,,,485.363,111.976,1.0,482.007,101.653,1.0,471.259,110.282,1.0,465.419,112.921,1.0,459.932,124.235,1.0,1027.111,540.187,1.0,1023.835,553.178,1.0,1013.437,562.22,1.0,1012.73,567.948,1.0,1007.217,580.334,1.0,231.497,453.683,1.0,234.987,461.905,1.0,239.728,470.276,1.0,245.621,476.991,1.0,251.163,485.84,1.0,1022.9,430.82,1.0,1028.047,424.204,1.0,1026.646,416.722,1.0,1025.256,409.632,1.0,1022.506,394.963,1.0
717,,,,,,,,,,,,,,,,487.141,113.163,1.0,482.007,102.106,1.0,472.044,108.863,1.0,465.419,112.769,1.0,459.932,124.424,1.0,1027.111,539.982,1.0,1023.835,552.606,1.0,1013.252,561.746,1.0,1012.821,567.872,1.0,1007.217,578.676,1.0,231.151,453.331,1.0,234.987,461.734,1.0,239.554,469.798,1.0,245.433,476.766,1.0,251.065,485.718,1.0,1022.9,430.82,1.0,1028.047,424.204,1.0,1026.646,416.722,1.0,1025.256,409.632,1.0,1022.506,394.963,1.0
718,,,,,,,,,,,,,,,,487.774,114.086,1.0,483.953,102.413,1.0,496.423,95.005,1.0,465.467,112.769,1.0,459.932,124.282,1.0,1027.198,539.982,1.0,1023.891,552.352,1.0,1013.252,561.514,1.0,1012.821,567.872,1.0,1006.403,577.264,1.0,231.497,452.942,1.0,234.987,461.589,1.0,239.553,469.091,1.0,245.43,476.766,1.0,251.065,485.663,1.0,1022.9,432.972,1.0,1028.046,424.83,1.0,1026.422,417.321,1.0,1025.256,409.678,1.0,1022.426,394.963,1.0
719,,,,,,,,,,,,,,,,488.443,114.338,1.0,484.824,102.413,1.0,496.581,95.005,1.0,465.513,112.511,1.0,459.767,124.235,1.0,1027.198,539.542,1.0,1023.835,552.007,1.0,1013.437,561.514,1.0,1012.821,567.872,1.0,1006.277,576.719,1.0,231.556,451.616,1.0,235.242,461.507,1.0,239.553,468.506,1.0,245.254,476.101,1.0,250.95,485.455,1.0,1022.9,432.972,1.0,1028.046,424.83,1.0,1026.422,417.321,1.0,1025.618,409.678,1.0,1022.391,395.04,1.0
720,,,,,,,,,,,,,,,,488.803,114.696,1.0,485.869,102.81,1.0,496.825,95.005,1.0,465.513,112.511,1.0,459.7,124.282,1.0,1025.614,539.542,1.0,1023.066,552.007,1.0,1014.369,561.368,1.0,1012.562,567.731,1.0,1006.01,576.329,1.0,231.556,451.249,1.0,235.242,461.471,1.0,239.153,467.754,1.0,244.944,474.714,1.0,250.559,485.073,1.0,1019.474,432.972,1.0,1026.857,424.83,1.0,1026.422,416.295,1.0,1025.618,409.678,1.0,1022.391,394.963,1.0
721,,,,,,,,,,,,,,,,488.803,114.696,1.0,486.569,103.425,1.0,496.865,95.461,1.0,465.557,112.657,1.0,459.7,124.329,1.0,1024.308,539.542,1.0,1023.066,551.968,1.0,1014.632,560.994,1.0,1012.562,567.731,1.0,1006.01,575.74,1.0,231.151,450.227,1.0,235.242,461.242,1.0,238.302,467.275,1.0,244.179,474.589,1.0,244.496,481.529,1.0,1018.236,429.989,1.0,1025.553,426.216,1.0,1026.422,416.295,1.0,1025.618,410.037,1.0,1022.391,395.04,1.0
722,,,,,,,,,,,,,,,,489.278,114.696,1.0,486.569,103.704,1.0,497.465,96.228,1.0,465.557,112.657,1.0,459.767,124.282,1.0,1023.701,539.542,1.0,1024.482,550.999,1.0,1015.295,560.809,1.0,1012.562,567.731,1.0,1006.01,575.734,1.0,230.723,450.227,1.0,234.082,457.348,1.0,236.66,464.856,1.0,241.661,473.392,1.0,243.794,479.12,1.0,1018.236,424.577,1.0,1025.123,424.159,1.0,1026.422,414.503,1.0,1025.186,409.605,1.0,1022.984,395.04,1.0
723,,,,,,,,,,,,,,,,492.791,115.405,1.0,486.569,104.153,1.0,497.465,96.334,1.0,465.519,112.568,1.0,459.999,123.978,1.0,1023.701,539.357,1.0,1024.482,547.536,1.0,1019.039,557.0,1.0,1013.887,563.139,1.0,1008.221,572.323,1.0,230.654,450.227,1.0,232.664,456.515,1.0,235.006,463.396,1.0,240.029,472.856,1.0,242.013,477.915,1.0,1018.236,424.577,1.0,1025.123,422.693,1.0,1025.832,414.225,1.0,1024.139,409.172,1.0,1023.723,395.476,1.0
724,,,,,,,,,,,,,,,,492.791,115.616,1.0,486.409,105.237,1.0,497.547,97.802,1.0,465.501,112.657,1.0,460.601,124.106,1.0,1023.701,538.924,1.0,1024.58,547.263,1.0,1019.453,556.7,1.0,1014.093,563.128,1.0,1008.339,572.305,1.0,228.154,452.038,1.0,232.664,455.782,1.0,233.992,462.869,1.0,239.673,472.731,1.0,241.542,476.317,1.0,1030.253,424.577,1.0,1025.123,419.665,1.0,1024.733,412.396,1.0,1021.592,408.152,1.0,1023.756,395.476,1.0
725,,,,,,,,,,,,,,,,492.756,115.616,1.0,486.105,105.293,1.0,497.465,99.056,1.0,465.501,112.657,1.0,460.601,124.106,1.0,1024.361,533.025,1.0,1024.993,546.477,1.0,1019.764,556.607,1.0,1014.788,562.523,1.0,1008.472,572.176,1.0,228.154,452.263,1.0,232.664,455.631,1.0,233.992,461.978,1.0,239.311,472.731,1.0,240.935,475.795,1.0,1030.253,427.74,1.0,1027.381,420.394,1.0,1024.733,411.405,1.0,1021.592,407.086,1.0,1023.756,395.476,1.0
726,,,,,,,,,,,,,,,,492.761,115.616,1.0,486.041,105.531,1.0,476.046,108.087,1.0,465.501,112.61,1.0,460.601,123.978,1.0,1024.974,532.371,1.0,1025.266,545.588,1.0,1019.983,555.902,1.0,1015.02,561.464,1.0,1008.928,572.176,1.0,228.154,452.263,1.0,232.792,455.782,1.0,233.992,461.975,1.0,239.311,472.472,1.0,240.622,475.693,1.0,1030.253,428.698,1.0,1027.641,420.394,1.0,1024.733,411.331,1.0,1021.592,405.837,1.0,1023.756,395.237,1.0
727,,,,,,,,,,,,,,,,492.761,115.424,1.0,486.041,105.531,1.0,472.744,111.32,1.0,465.501,112.61,1.0,460.545,124.106,1.0,1026.283,532.078,1.0,1025.357,544.24,1.0,1020.291,554.535,1.0,1016.142,559.948,1.0,1009.006,571.879,1.0,228.74,452.038,1.0,233.859,455.631,1.0,234.271,461.773,1.0,239.095,472.335,1.0,240.478,475.693,1.0,1030.253,429.579,1.0,1027.755,420.394,1.0,1025.08,411.03,1.0,1021.592,405.781,1.0,1023.402,394.414,1.0
728,,,,,,,,,,,,,,,,492.756,115.37,1.0,486.041,105.531,1.0,476.046,108.087,1.0,465.577,112.803,1.0,460.431,124.119,1.0,1026.302,532.078,1.0,1025.483,544.146,1.0,1020.291,553.585,1.0,1017.417,558.444,1.0,1009.527,569.767,1.0,236.952,449.252,1.0,233.961,455.623,1.0,234.473,461.106,1.0,238.805,471.97,1.0,240.201,475.551,1.0,1030.253,429.579,1.0,1027.641,420.888,1.0,1025.804,410.89,1.0,1021.634,405.766,1.0,1022.565,394.296,1.0
729,,,,,,,,,,,,,,,,492.761,115.149,1.0,486.719,105.293,1.0,476.046,108.087,1.0,465.676,112.61,1.0,460.319,124.119,1.0,1026.542,532.078,1.0,1025.483,544.146,1.0,1020.291,553.585,1.0,1017.417,558.444,1.0,1009.669,569.767,1.0,237.448,446.29,1.0,234.629,454.886,1.0,234.511,458.921,1.0,238.332,470.616,1.0,239.86,475.493,1.0,1032.616,429.579,1.0,1027.641,420.888,1.0,1025.804,411.073,1.0,1021.655,405.268,1.0,1022.565,394.258,1.0
730,,,,,,,,,,,,,,,,492.938,114.344,1.0,486.875,104.989,1.0,476.94,107.318,1.0,465.676,112.386,1.0,460.319,124.037,1.0,1026.542,532.078,1.0,1025.266,542.741,1.0,1019.998,552.871,1.0,1017.515,557.824,1.0,1009.669,569.739,1.0,237.822,442.67,1.0,234.629,451.629,1.0,234.552,456.332,1.0,236.599,467.991,1.0,239.689,475.049,1.0,1033.372,429.016,1.0,1027.641,420.888,1.0,1025.804,411.073,1.0,1021.655,405.268,1.0,1022.565,394.296,1.0
731,,,,,,,,,,,,,,,,493.982,114.229,1.0,486.932,104.695,1.0,477.447,107.175,1.0,465.73,112.176,1.0,460.319,124.136,1.0,1026.551,531.976,1.0,1023.695,542.741,1.0,1019.998,552.789,1.0,1017.76,557.824,1.0,1009.688,569.739,1.0,238.573,439.021,1.0,234.629,449.419,1.0,234.552,454.564,1.0,233.831,464.366,1.0,239.373,474.534,1.0,1033.831,428.858,1.0,1027.915,420.561,1.0,1025.74,411.073,1.0,1022.233,404.809,1.0,1022.709,394.267,1.0
732,,,,,,,,,,,,,,,,492.938,114.077,1.0,487.021,104.989,1.0,477.465,107.175,1.0,465.765,112.176,1.0,460.668,124.037,1.0,1026.757,531.976,1.0,1023.695,541.956,1.0,1019.921,552.396,1.0,1017.515,557.348,1.0,1009.688,569.534,1.0,238.573,439.021,1.0,233.862,446.385,1.0,234.511,454.564,1.0,232.843,463.063,1.0,239.373,474.0,1.0,1034.321,428.839,1.0,1028.045,419.879,1.0,1025.682,411.073,1.0,1022.287,404.259,1.0,1023.059,393.992,1.0
733,,,,,,,,,,,,,,,,492.938,114.077,1.0,487.021,104.989,1.0,477.465,107.228,1.0,465.765,112.176,1.0,460.668,124.008,1.0,1028.167,531.448,1.0,1023.695,540.764,1.0,1019.753,550.767,1.0,1017.312,557.348,1.0,1009.956,568.955,1.0,238.573,438.752,1.0,232.728,446.124,1.0,234.46,454.564,1.0,232.323,462.81,1.0,239.373,472.961,1.0,1034.321,428.839,1.0,1028.045,419.827,1.0,1024.639,411.073,1.0,1022.64,402.169,1.0,1023.571,393.835,1.0
734,,,,,,,,,,,,,,,,492.827,114.077,1.0,487.033,105.634,1.0,477.857,107.228,1.0,465.788,112.208,1.0,460.668,124.008,1.0,1028.596,527.512,1.0,1023.695,536.788,1.0,1018.153,548.86,1.0,1014.138,557.25,1.0,1011.685,568.567,1.0,237.712,438.724,1.0,232.252,445.704,1.0,231.887,455.377,1.0,232.323,462.801,1.0,239.644,472.04,1.0,1034.321,428.839,1.0,1028.045,419.665,1.0,1024.624,410.955,1.0,1022.64,401.04,1.0,1023.571,393.026,1.0
735,,,,,,,,,,,,,,,,492.419,116.881,1.0,487.396,106.69,1.0,479.472,106.986,1.0,465.82,112.419,1.0,460.318,124.008,1.0,1029.895,527.466,1.0,1023.473,536.683,1.0,1018.008,548.67,1.0,1014.138,555.845,1.0,1012.399,568.471,1.0,236.835,438.15,1.0,232.252,444.924,1.0,231.887,455.377,1.0,232.323,461.688,1.0,241.298,471.736,1.0,1031.856,428.839,1.0,1027.44,418.939,1.0,1024.388,409.695,1.0,1022.287,400.106,1.0,1023.059,392.791,1.0
736,,,,,,,,,,,,,,,,491.431,117.33,1.0,487.396,107.662,1.0,480.515,106.47,1.0,465.82,112.523,1.0,460.244,123.98,1.0,1030.734,524.851,1.0,1022.464,532.226,1.0,1018.008,547.497,1.0,1014.138,555.019,1.0,1012.715,566.075,1.0,231.967,437.051,1.0,232.252,444.427,1.0,231.776,455.377,1.0,233.669,461.061,1.0,241.417,469.98,1.0,1031.65,428.839,1.0,1027.278,417.766,1.0,1022.844,409.695,1.0,1020.872,399.026,1.0,1023.049,391.583,1.0
737,,,,,,,,,,,,,,,,491.503,117.33,1.0,487.396,107.662,1.0,480.515,106.135,1.0,465.941,112.523,1.0,460.222,123.98,1.0,1030.734,524.851,1.0,1022.329,532.226,1.0,1018.008,547.368,1.0,1015.323,554.86,1.0,1012.715,565.711,1.0,231.868,432.278,1.0,233.599,442.239,1.0,231.887,453.065,1.0,233.772,458.116,1.0,241.784,469.47,1.0,1031.65,422.915,1.0,1027.051,415.275,1.0,1020.065,409.695,1.0,1020.565,397.593,1.0,1022.739,390.697,1.0
738,,,,,,,,,,,,,,,,491.503,116.881,1.0,486.886,106.69,1.0,480.515,106.47,1.0,466.48,112.523,1.0,460.01,123.585,1.0,1030.93,524.203,1.0,1022.329,532.226,1.0,1018.08,547.368,1.0,1016.256,554.86,1.0,1012.773,565.262,1.0,231.868,428.989,1.0,233.599,441.524,1.0,231.887,452.091,1.0,233.772,458.006,1.0,241.784,468.865,1.0,1031.65,422.779,1.0,1027.051,415.247,1.0,1020.065,409.589,1.0,1020.561,397.552,1.0,1022.094,390.424,1.0
739,,,,,,,,,,,,,,,,491.503,112.138,1.0,486.886,105.051,1.0,,110.982,0.0,466.48,112.523,1.0,460.222,123.585,1.0,1030.93,524.851,1.0,1022.329,532.463,1.0,1018.08,547.368,1.0,1016.283,554.86,1.0,1012.857,565.234,1.0,231.285,428.989,1.0,233.599,440.62,1.0,231.776,451.063,1.0,233.669,456.868,1.0,241.784,468.543,1.0,1031.852,422.779,1.0,1027.027,415.247,1.0,1020.065,409.921,1.0,1020.291,397.552,1.0,1021.723,390.332,1.0
740,,,,,,,,,,,,,,,,493.08,112.138,1.0,486.83,104.09,1.0,473.182,111.838,1.0,466.48,112.32,1.0,460.162,123.535,1.0,1030.852,525.386,1.0,1022.329,533.173,1.0,1018.08,547.549,1.0,1016.283,555.258,1.0,1013.292,565.087,1.0,230.157,432.278,1.0,233.529,440.62,1.0,230.532,450.035,1.0,232.714,456.851,1.0,241.726,467.624,1.0,1031.852,422.915,1.0,1027.027,415.275,1.0,1020.106,409.921,1.0,1020.291,397.593,1.0,1021.681,390.424,1.0
741,,,,,,,,,,,,,,,,493.635,111.978,1.0,486.886,103.87,1.0,473.182,111.835,1.0,466.205,112.32,1.0,460.199,123.535,1.0,1030.308,525.386,1.0,1021.453,533.173,1.0,1018.446,547.549,1.0,1016.283,555.449,1.0,1019.309,565.087,1.0,230.157,429.348,1.0,232.467,440.62,1.0,229.41,450.035,1.0,232.714,456.576,1.0,241.708,467.624,1.0,1031.852,428.677,1.0,1026.951,416.531,1.0,1020.147,409.589,1.0,1020.561,397.782,1.0,1021.584,390.697,1.0
742,,,,,,,,,,,,,,,,493.635,111.978,1.0,486.971,103.87,1.0,473.182,111.835,1.0,466.205,112.585,1.0,460.199,123.535,1.0,1030.852,524.422,1.0,1022.326,532.774,1.0,1018.31,547.549,1.0,1016.353,555.449,1.0,1019.854,565.087,1.0,230.157,433.764,1.0,232.196,440.62,1.0,229.369,449.862,1.0,232.692,456.576,1.0,241.393,467.468,1.0,1031.84,428.75,1.0,1026.745,417.395,1.0,1022.979,407.506,1.0,1020.644,397.782,1.0,1021.584,390.346,1.0
743,,,,,,,,,,,,,,,,493.635,111.851,1.0,487.798,104.033,1.0,473.501,111.835,1.0,466.205,112.718,1.0,460.199,123.534,1.0,1030.554,524.422,1.0,1022.269,532.774,1.0,1018.31,547.526,1.0,1016.382,555.449,1.0,1020.292,565.048,1.0,230.157,433.764,1.0,231.782,440.62,1.0,229.234,449.407,1.0,232.092,456.222,1.0,240.277,467.468,1.0,1031.84,428.838,1.0,1026.7,417.395,1.0,1023.158,407.506,1.0,1021.116,398.169,1.0,1021.723,390.346,1.0
744,,,,,,,,,,,,,,,,493.08,111.851,1.0,487.798,104.09,1.0,473.501,111.835,1.0,466.264,112.756,1.0,460.162,123.534,1.0,1030.308,524.422,1.0,1022.269,532.774,1.0,1018.446,546.777,1.0,1016.59,554.695,1.0,1020.395,564.873,1.0,230.194,433.631,1.0,231.726,440.562,1.0,228.521,446.324,1.0,230.248,455.578,1.0,237.573,459.579,1.0,1031.826,428.838,1.0,1026.443,417.395,1.0,1023.158,407.506,1.0,1021.116,398.169,1.0,1022.019,390.346,1.0
745,,,,,,,,,,,,,,,,488.688,111.851,1.0,487.798,104.365,1.0,473.501,111.835,1.0,466.264,113.091,1.0,460.081,123.754,1.0,1030.308,524.422,1.0,1021.445,532.774,1.0,1018.476,546.749,1.0,1016.846,554.271,1.0,1020.609,564.76,1.0,230.467,432.306,1.0,231.175,440.393,1.0,228.521,445.754,1.0,229.696,455.509,1.0,237.525,458.784,1.0,1031.568,428.75,1.0,1026.443,417.22,1.0,1023.158,407.506,1.0,1021.845,397.422,1.0,1022.625,389.984,1.0
746,,,,,,,,,,,,,,,,488.36,112.406,1.0,487.059,105.056,1.0,473.501,112.058,1.0,466.264,113.091,1.0,460.022,123.843,1.0,1030.554,526.931,1.0,1022.269,533.253,1.0,1018.677,545.682,1.0,1016.914,553.55,1.0,1021.227,563.85,1.0,231.487,432.306,1.0,230.436,439.546,1.0,228.521,444.664,1.0,228.769,455.509,1.0,237.164,458.519,1.0,1031.466,427.873,1.0,1026.344,416.073,1.0,1020.209,407.354,1.0,1021.845,397.053,1.0,1022.625,389.539,1.0
747,,,,,,,,,,,,,,,,488.688,113.545,1.0,487.011,105.224,1.0,473.368,109.621,1.0,466.084,113.091,1.0,459.726,123.754,1.0,1030.554,526.931,1.0,1022.269,533.305,1.0,1021.084,544.595,1.0,1017.014,553.55,1.0,1021.597,562.56,1.0,232.174,430.871,1.0,229.711,438.967,1.0,229.023,444.664,1.0,228.621,454.704,1.0,237.164,458.519,1.0,1031.051,418.977,1.0,1026.02,408.992,1.0,1020.209,405.51,1.0,1021.116,394.014,1.0,1022.625,387.073,1.0
748,,,,,,,,,,,,,,,,488.688,113.672,1.0,487.011,105.448,1.0,473.368,109.621,1.0,465.871,113.091,1.0,459.686,123.843,1.0,1031.2,526.931,1.0,1022.409,533.305,1.0,1023.045,543.489,1.0,1020.226,553.55,1.0,1021.597,560.688,1.0,232.328,430.418,1.0,229.542,438.967,1.0,229.158,444.664,1.0,228.248,454.703,1.0,237.101,458.519,1.0,1030.828,416.2,1.0,1025.216,408.992,1.0,1020.209,404.64,1.0,1020.717,394.014,1.0,1021.551,385.04,1.0
749,,,,,,,,,,,,,,,,489.141,114.026,1.0,487.011,105.467,1.0,473.595,109.476,1.0,465.814,113.103,1.0,459.686,123.843,1.0,1031.2,526.826,1.0,1022.409,533.253,1.0,1023.09,543.289,1.0,1020.648,553.797,1.0,1021.645,560.244,1.0,232.328,430.418,1.0,229.407,438.967,1.0,233.921,446.644,1.0,226.946,454.389,1.0,236.035,459.015,1.0,1030.62,415.323,1.0,1024.841,408.992,1.0,1025.821,402.01,1.0,1020.082,394.014,1.0,1020.187,383.486,1.0
750,,,,,,,,,,,,,,,,489.145,114.026,1.0,487.011,105.606,1.0,473.595,109.387,1.0,465.794,112.979,1.0,459.565,123.745,1.0,1031.2,526.69,1.0,1022.409,533.253,1.0,1023.09,543.273,1.0,1020.986,553.797,1.0,1021.645,560.244,1.0,232.377,430.418,1.0,229.407,438.967,1.0,233.921,446.644,1.0,226.41,454.063,1.0,235.686,459.015,1.0,1030.828,413.685,1.0,1024.841,407.72,1.0,1025.821,401.353,1.0,1020.082,394.014,1.0,1020.002,383.486,1.0
751,,,,,,,,,,,,,,,,489.181,114.096,1.0,487.054,105.7,1.0,473.595,109.387,1.0,465.794,113.103,1.0,459.565,123.626,1.0,1031.154,526.69,1.0,1022.354,533.305,1.0,1023.09,543.088,1.0,1020.986,553.878,1.0,1021.743,560.244,1.0,232.377,430.925,1.0,229.407,438.967,1.0,233.921,446.644,1.0,226.41,454.063,1.0,235.524,459.015,1.0,1030.828,412.593,1.0,1023.863,409.857,1.0,1025.821,401.22,1.0,1020.082,394.014,1.0,1019.938,383.486,1.0
752,,,,,,,,,,,,,,,,489.301,114.026,1.0,487.09,105.7,1.0,473.724,109.357,1.0,465.794,113.628,1.0,459.577,123.626,1.0,1030.801,526.826,1.0,1022.292,533.317,1.0,1022.631,543.088,1.0,1020.986,553.942,1.0,1022.122,560.636,1.0,232.328,430.925,1.0,230.814,438.764,1.0,230.274,443.234,1.0,226.41,453.794,1.0,235.412,459.001,1.0,1032.369,411.51,1.0,1023.863,409.857,1.0,1025.781,401.059,1.0,1022.474,390.949,1.0,1020.002,384.164,1.0
753,,,,,,,,,,,,,,,,490.274,114.117,1.0,487.653,105.841,1.0,474.185,108.87,1.0,466.457,114.045,1.0,459.895,123.122,1.0,1030.332,527.839,1.0,1022.216,533.507,1.0,1022.631,542.998,1.0,1020.821,553.942,1.0,1022.389,560.636,1.0,232.377,430.925,1.0,231.512,437.941,1.0,230.274,442.099,1.0,226.41,452.415,1.0,235.304,458.824,1.0,1034.675,408.763,1.0,1025.198,400.487,1.0,1025.566,401.059,1.0,1022.474,390.949,1.0,1020.002,384.642,1.0
754,,,,,,,,,,,,,,,,490.274,114.117,1.0,487.725,105.841,1.0,475.064,108.427,1.0,467.15,114.1,1.0,459.895,123.039,1.0,1030.134,527.839,1.0,1022.216,533.507,1.0,1022.631,542.579,1.0,1020.461,553.942,1.0,1022.531,560.636,1.0,232.52,428.531,1.0,232.199,437.631,1.0,230.274,441.85,1.0,226.41,451.688,1.0,235.262,458.63,1.0,1035.77,406.239,1.0,1026.518,400.487,1.0,1025.566,401.353,1.0,1022.474,390.949,1.0,1021.722,385.388,1.0
755,,,,,,,,,,,,,,,,490.579,114.274,1.0,487.83,105.926,1.0,475.07,108.427,1.0,467.191,114.1,1.0,460.471,122.727,1.0,1028.059,527.839,1.0,1022.216,533.507,1.0,1022.82,542.176,1.0,1020.44,553.649,1.0,1022.629,560.051,1.0,235.346,421.673,1.0,232.363,429.722,1.0,230.274,440.645,1.0,226.369,449.507,1.0,235.194,458.557,1.0,1036.609,404.334,1.0,1027.461,401.082,1.0,1025.566,401.44,1.0,1022.474,391.696,1.0,1022.689,385.437,1.0
756,,,,,,,,,,,,,,,,490.579,114.545,1.0,488.215,105.926,1.0,475.709,108.468,1.0,468.75,114.045,1.0,461.669,121.695,1.0,1027.296,521.844,1.0,1023.38,530.295,1.0,1022.82,539.098,1.0,1019.204,552.577,1.0,1023.056,557.113,1.0,235.422,421.418,1.0,232.64,429.287,1.0,230.274,439.206,1.0,226.369,448.345,1.0,235.194,458.122,1.0,1036.609,403.627,1.0,1027.678,401.082,1.0,1025.25,401.695,1.0,1022.405,391.822,1.0,1022.899,385.675,1.0
757,,,,,,,,,,,,,,,,491.343,114.732,1.0,490.712,106.996,1.0,475.871,108.87,1.0,468.788,113.235,1.0,462.776,119.739,1.0,1027.296,520.857,1.0,1023.603,529.705,1.0,1024.549,537.518,1.0,1018.979,549.692,1.0,1023.241,556.635,1.0,235.422,420.088,1.0,232.64,428.303,1.0,228.178,439.206,1.0,226.298,447.143,1.0,235.186,455.693,1.0,1036.844,403.038,1.0,1027.687,401.187,1.0,1025.608,401.722,1.0,1022.198,391.885,1.0,1023.073,385.769,1.0
758,,,,,,,,,,,,,,,,491.657,114.799,1.0,491.118,116.166,1.0,476.898,109.464,1.0,469.095,112.417,1.0,463.598,117.499,1.0,1027.296,517.944,1.0,1024.317,522.629,1.0,1024.737,535.704,1.0,1018.819,547.698,1.0,1023.442,556.546,1.0,235.422,419.346,1.0,232.506,426.925,1.0,228.171,439.25,1.0,226.298,447.143,1.0,234.705,454.968,1.0,1036.609,403.038,1.0,1027.687,401.62,1.0,1025.608,401.722,1.0,1022.245,391.945,1.0,1023.495,385.96,1.0
759,,,,,,,,,,,,,,,,491.892,115.14,1.0,491.373,116.253,1.0,477.793,109.802,1.0,469.856,112.417,1.0,463.598,116.191,1.0,1028.07,517.521,1.0,1024.317,522.223,1.0,1025.127,534.546,1.0,1018.523,547.55,1.0,1023.442,556.484,1.0,235.412,419.346,1.0,232.506,426.925,1.0,228.171,439.25,1.0,226.369,447.139,1.0,234.705,454.817,1.0,1036.557,402.92,1.0,1027.678,401.729,1.0,1025.453,401.695,1.0,1022.183,391.945,1.0,1023.495,386.103,1.0
760,,,,,,,,,,,,,,,,492.09,115.14,1.0,491.702,116.29,1.0,477.903,110.229,1.0,469.882,112.417,1.0,463.712,116.161,1.0,1028.304,517.521,1.0,1024.317,522.004,1.0,1025.127,534.546,1.0,1018.523,546.478,1.0,1023.451,556.484,1.0,235.412,419.346,1.0,232.231,426.925,1.0,228.178,439.25,1.0,226.394,447.139,1.0,234.692,454.696,1.0,1035.848,402.92,1.0,1027.597,401.769,1.0,1025.105,401.346,1.0,1022.183,391.945,1.0,1023.495,386.103,1.0
761,,,,,,,,,,,,,,,,492.166,115.14,1.0,491.921,116.253,1.0,478.083,110.229,1.0,469.882,112.526,1.0,463.611,116.148,1.0,1029.775,517.521,1.0,1024.258,521.673,1.0,1025.127,534.546,1.0,1018.475,545.456,1.0,1023.442,556.546,1.0,234.018,419.346,1.0,232.231,427.029,1.0,228.283,439.299,1.0,226.394,447.139,1.0,234.692,454.353,1.0,1035.848,403.617,1.0,1025.965,411.038,1.0,1025.222,401.015,1.0,1022.183,391.541,1.0,1023.364,385.96,1.0
762,,,,,,,,,,,,,,,,492.451,115.048,1.0,492.127,116.253,1.0,478.512,110.042,1.0,469.882,112.526,1.0,463.611,116.147,1.0,1030.119,517.181,1.0,1023.712,521.188,1.0,1022.823,535.013,1.0,1018.475,545.0,1.0,1023.168,556.557,1.0,233.955,419.346,1.0,232.231,427.029,1.0,228.48,439.299,1.0,226.463,446.811,1.0,234.932,454.246,1.0,1034.424,406.024,1.0,1024.995,411.038,1.0,1024.991,400.508,1.0,1022.144,391.541,1.0,1023.033,385.477,1.0
763,,,,,,,,,,,,,,,,492.492,114.965,1.0,492.155,116.29,1.0,478.736,109.941,1.0,469.882,112.526,1.0,463.712,115.83,1.0,1030.391,516.906,1.0,1023.712,520.623,1.0,1022.739,535.013,1.0,1018.819,544.204,1.0,1023.153,556.557,1.0,233.686,419.001,1.0,233.129,427.029,1.0,229.201,439.087,1.0,227.182,445.522,1.0,234.977,453.933,1.0,1031.026,407.309,1.0,1024.332,411.038,1.0,1024.972,400.49,1.0,1022.067,391.541,1.0,1022.82,384.891,1.0
764,,,,,,,,,,,,,,,,492.586,114.948,1.0,492.645,116.3,1.0,488.212,110.042,1.0,470.387,112.407,1.0,464.065,114.407,1.0,1030.391,515.315,1.0,1023.712,520.623,1.0,1022.603,535.013,1.0,1020.05,543.731,1.0,1023.168,556.557,1.0,233.466,417.303,1.0,234.157,426.688,1.0,229.201,437.903,1.0,227.201,444.253,1.0,235.825,453.066,1.0,1028.903,413.178,1.0,1022.825,408.496,1.0,1022.117,398.108,1.0,1020.307,393.74,1.0,1022.129,383.435,1.0
765,,,,,,,,,,,,,,,,501.191,114.948,1.0,494.067,116.3,1.0,489.498,110.042,1.0,470.919,110.882,1.0,464.084,114.053,1.0,1030.119,513.807,1.0,1024.45,520.623,1.0,1022.739,531.887,1.0,1020.234,540.01,1.0,1023.168,552.194,1.0,233.466,415.767,1.0,234.161,425.625,1.0,229.201,436.703,1.0,227.486,441.938,1.0,235.825,451.6,1.0,1028.903,413.411,1.0,1022.825,408.496,1.0,1022.065,398.108,1.0,1019.848,393.77,1.0,1022.129,383.435,1.0
766,,,,,,,,,,,,,,,,502.654,114.965,1.0,494.744,116.3,1.0,489.658,110.309,1.0,471.517,110.782,1.0,464.99,112.57,1.0,1029.989,513.754,1.0,1025.043,520.043,1.0,1022.739,530.346,1.0,1020.244,539.638,1.0,1025.948,551.323,1.0,233.466,415.398,1.0,234.161,424.295,1.0,228.292,433.026,1.0,228.791,440.439,1.0,235.825,450.326,1.0,1028.903,414.085,1.0,1022.825,408.496,1.0,1021.748,398.01,1.0,1019.295,393.77,1.0,1022.081,383.435,1.0
767,,,,,,,,,,,,,,,,502.984,115.316,1.0,495.122,116.913,1.0,489.962,110.332,1.0,473.513,110.762,1.0,465.833,112.206,1.0,1029.949,512.568,1.0,1025.043,520.043,1.0,1023.105,527.249,1.0,1020.783,538.057,1.0,1026.329,550.005,1.0,233.517,415.239,1.0,234.162,424.206,1.0,228.292,432.258,1.0,228.824,439.325,1.0,235.3,448.935,1.0,1029.046,414.178,1.0,1022.872,408.522,1.0,1021.622,398.01,1.0,1019.021,393.74,1.0,1022.081,383.435,1.0
768,,,,,,,,,,,,,,,,503.235,115.53,1.0,495.122,116.769,1.0,489.962,110.332,1.0,473.787,110.782,1.0,465.833,111.745,1.0,1029.949,512.568,1.0,1024.5,520.043,1.0,1024.732,526.362,1.0,1020.783,537.63,1.0,1026.516,549.922,1.0,233.592,415.235,1.0,234.161,424.2,1.0,227.531,432.052,1.0,228.855,439.172,1.0,235.217,448.464,1.0,1029.139,414.236,1.0,1022.872,408.522,1.0,1021.622,397.73,1.0,1018.924,393.638,1.0,1022.129,383.436,1.0
769,,,,,,,,,,,,,,,,503.382,115.543,1.0,495.122,116.769,1.0,489.962,110.309,1.0,473.823,110.782,1.0,465.869,111.655,1.0,1029.949,512.522,1.0,1024.5,519.772,1.0,1024.971,526.362,1.0,1021.067,537.53,1.0,1026.516,549.743,1.0,233.592,415.235,1.0,234.162,424.13,1.0,227.502,432.052,1.0,228.873,439.172,1.0,235.111,448.456,1.0,1029.139,414.236,1.0,1023.016,408.522,1.0,1021.65,397.496,1.0,1018.898,393.013,1.0,1022.196,383.436,1.0
770,,,,,,,,,,,,,,,,503.619,115.926,1.0,495.122,116.807,1.0,489.962,110.309,1.0,473.787,110.791,1.0,465.833,111.655,1.0,1029.949,512.483,1.0,1024.068,519.156,1.0,1024.971,526.362,1.0,1025.254,536.138,1.0,1026.454,549.603,1.0,233.517,415.192,1.0,234.162,424.065,1.0,227.497,432.258,1.0,228.873,439.172,1.0,234.909,448.395,1.0,1029.139,414.364,1.0,1022.872,408.176,1.0,1021.65,396.97,1.0,1018.714,391.717,1.0,1022.081,382.343,1.0
771,,,,,,,,,,,,,,,,503.838,115.947,1.0,495.129,116.913,1.0,489.915,110.332,1.0,473.823,110.969,1.0,465.707,111.655,1.0,1030.187,512.342,1.0,1024.068,518.945,1.0,1025.032,527.758,1.0,1025.254,536.138,1.0,1026.454,549.389,1.0,233.517,414.705,1.0,234.786,424.062,1.0,227.502,432.258,1.0,229.009,439.172,1.0,234.801,448.276,1.0,1028.389,414.241,1.0,1022.862,407.553,1.0,1022.126,396.654,1.0,1018.685,391.262,1.0,1021.041,382.22,1.0
772,,,,,,,,,,,,,,,,503.861,115.961,1.0,495.757,116.807,1.0,489.77,110.382,1.0,473.852,110.989,1.0,464.924,111.965,1.0,1030.53,512.201,1.0,1024.068,518.358,1.0,1025.032,527.758,1.0,1025.254,536.015,1.0,1026.092,547.827,1.0,233.592,414.668,1.0,234.973,424.049,1.0,227.502,431.569,1.0,229.189,439.172,1.0,234.731,448.108,1.0,1028.028,414.236,1.0,1022.407,407.544,1.0,1022.132,395.481,1.0,1018.685,388.011,1.0,1020.211,379.344,1.0
773,,,,,,,,,,,,,,,,504.076,115.969,1.0,495.779,116.807,1.0,489.77,110.839,1.0,474.015,110.989,1.0,464.924,111.969,1.0,1031.123,511.648,1.0,1024.853,517.386,1.0,1024.165,527.758,1.0,1022.582,533.904,1.0,1025.562,545.608,1.0,237.757,414.018,1.0,235.637,423.861,1.0,229.708,431.569,1.0,229.342,439.103,1.0,234.731,447.859,1.0,1027.38,413.51,1.0,1022.407,405.794,1.0,1022.294,394.858,1.0,1018.714,387.016,1.0,1020.15,378.598,1.0
774,,,,,,,,,,,,,,,,504.903,116.63,1.0,495.943,115.559,1.0,490.148,110.839,1.0,474.377,110.989,1.0,464.924,112.41,1.0,1033.359,505.049,1.0,1026.362,514.251,1.0,1024.034,524.566,1.0,1022.582,533.903,1.0,1025.306,542.022,1.0,239.169,413.81,1.0,236.573,422.969,1.0,231.621,430.549,1.0,229.342,438.384,1.0,234.909,447.014,1.0,1027.017,413.405,1.0,1022.407,404.788,1.0,1022.54,394.427,1.0,1019.711,386.971,1.0,1020.099,378.598,1.0
775,,,,,,,,,,,,,,,,506.5,116.923,1.0,496.604,114.072,1.0,490.623,110.839,1.0,475.691,110.969,1.0,466.062,112.346,1.0,1034.789,502.953,1.0,1028.146,513.167,1.0,1024.034,522.992,1.0,1022.582,532.344,1.0,1025.208,541.876,1.0,239.318,411.259,1.0,236.658,421.893,1.0,231.876,428.631,1.0,229.289,436.631,1.0,234.771,442.67,1.0,1026.637,412.885,1.0,1023.171,404.788,1.0,1022.885,394.354,1.0,1019.75,386.971,1.0,1020.099,378.506,1.0
776,,,,,,,,,,,,,,,,508.017,117.421,1.0,496.808,114.072,1.0,490.969,110.425,1.0,477.167,109.815,1.0,466.877,112.346,1.0,1034.789,501.732,1.0,1030.33,506.991,1.0,1024.034,522.235,1.0,1023.725,531.346,1.0,1025.093,541.876,1.0,239.677,409.939,1.0,236.658,420.622,1.0,232.245,425.778,1.0,229.289,434.304,1.0,234.771,441.275,1.0,1026.57,412.512,1.0,1023.171,404.788,1.0,1023.875,394.354,1.0,1020.04,387.016,1.0,1019.92,378.506,1.0
777,,,,,,,,,,,,,,,,508.578,117.421,1.0,497.636,114.072,1.0,491.601,110.072,1.0,478.467,109.815,1.0,467.638,112.376,1.0,1034.789,501.732,1.0,1030.33,506.991,1.0,1024.246,522.235,1.0,1023.823,531.346,1.0,1025.093,541.876,1.0,239.677,409.501,1.0,236.573,420.611,1.0,232.262,425.374,1.0,229.226,434.016,1.0,234.771,441.246,1.0,1025.113,412.411,1.0,1023.171,407.548,1.0,1024.83,394.354,1.0,1020.181,387.016,1.0,1019.862,378.506,1.0
778,,,,,,,,,,,,,,,,508.578,117.421,1.0,498.881,114.314,1.0,492.611,110.071,1.0,479.885,110.081,1.0,469.883,112.346,1.0,1034.589,502.002,1.0,1028.225,512.843,1.0,1024.379,522.419,1.0,1023.84,531.456,1.0,1025.093,541.876,1.0,239.677,409.393,1.0,236.077,420.02,1.0,232.32,424.889,1.0,228.921,433.532,1.0,234.771,441.18,1.0,1023.38,412.411,1.0,1022.929,408.79,1.0,1025.01,394.212,1.0,1020.343,386.89,1.0,1019.826,378.156,1.0
779,,,,,,,,,,,,,,,,508.695,117.421,1.0,498.881,115.22,1.0,492.611,109.98,1.0,479.915,110.081,1.0,470.757,112.2,1.0,1034.535,502.002,1.0,1029.016,507.015,1.0,1024.607,522.235,1.0,1024.025,531.346,1.0,1025.093,541.876,1.0,239.616,409.393,1.0,235.855,419.793,1.0,232.32,424.274,1.0,228.921,433.196,1.0,234.771,441.104,1.0,1022.831,412.512,1.0,1022.695,408.912,1.0,1025.158,394.354,1.0,1020.827,386.89,1.0,1019.826,378.131,1.0
780,,,,,,,,,,,,,,,,508.578,117.421,1.0,498.945,115.22,1.0,492.661,109.86,1.0,479.955,110.081,1.0,471.063,112.161,1.0,1034.154,502.002,1.0,1028.344,507.015,1.0,1024.729,522.096,1.0,1024.025,531.309,1.0,1025.093,541.317,1.0,239.487,408.979,1.0,235.745,418.248,1.0,232.32,423.717,1.0,228.921,432.001,1.0,234.595,440.98,1.0,1022.59,412.512,1.0,1021.957,409.74,1.0,1025.425,394.367,1.0,1021.184,386.89,1.0,1019.318,378.131,1.0
781,,,,,,,,,,,,,,,,508.578,117.452,1.0,499.087,115.382,1.0,492.611,109.86,1.0,479.955,110.296,1.0,471.229,111.726,1.0,1031.033,502.002,1.0,1028.344,507.015,1.0,1025.007,521.157,1.0,1024.117,529.628,1.0,1024.783,540.104,1.0,238.638,408.979,1.0,235.367,413.535,1.0,232.287,423.053,1.0,228.922,431.747,1.0,234.785,440.623,1.0,1022.071,412.411,1.0,1021.611,410.131,1.0,1025.425,394.773,1.0,1021.505,386.89,1.0,1019.318,378.131,1.0
782,,,,,,,,,,,,,,,,508.567,117.452,1.0,499.087,115.22,1.0,492.66,109.98,1.0,480.081,110.35,1.0,471.231,111.651,1.0,1028.577,496.164,1.0,1028.632,504.314,1.0,1027.396,518.979,1.0,1024.777,524.63,1.0,1021.809,539.753,1.0,236.154,405.051,1.0,235.367,411.735,1.0,232.252,423.044,1.0,229.446,430.671,1.0,234.95,440.003,1.0,1021.091,411.673,1.0,1020.746,410.776,1.0,1025.425,394.812,1.0,1022.462,386.998,1.0,1019.279,378.226,1.0
783,,,,,,,,,,,,,,,,508.678,117.452,1.0,499.291,115.405,1.0,492.57,110.782,1.0,480.255,110.487,1.0,471.269,111.618,1.0,1028.577,491.982,1.0,1028.771,502.716,1.0,1028.792,517.303,1.0,1026.531,524.124,1.0,1021.809,538.888,1.0,233.455,403.846,1.0,235.367,411.31,1.0,231.364,422.143,1.0,229.842,430.075,1.0,235.375,439.124,1.0,1020.067,411.423,1.0,1020.746,410.776,1.0,1024.886,395.475,1.0,1022.549,387.027,1.0,1019.152,378.36,1.0
784,,,,,,,,,,,,,,,,508.678,117.125,1.0,499.407,115.103,1.0,492.66,110.782,1.0,480.49,110.487,1.0,472.248,111.386,1.0,1028.577,490.071,1.0,1028.771,500.623,1.0,1028.792,515.57,1.0,1026.531,523.954,1.0,1022.624,536.679,1.0,233.165,403.317,1.0,235.333,411.235,1.0,231.102,422.014,1.0,229.842,427.794,1.0,237.523,436.877,1.0,1019.907,410.85,1.0,1020.746,410.776,1.0,1024.612,395.493,1.0,1022.894,387.274,1.0,1019.152,378.528,1.0
785,,,,,,,,,,,,,,,,508.913,116.756,1.0,499.74,114.992,1.0,492.66,110.782,1.0,480.609,110.487,1.0,474.487,110.62,1.0,1029.032,490.071,1.0,1028.771,500.309,1.0,1028.792,514.877,1.0,1026.618,523.29,1.0,1022.333,535.071,1.0,232.952,402.167,1.0,235.333,411.05,1.0,231.102,422.014,1.0,229.842,427.207,1.0,238.019,435.749,1.0,1019.719,410.85,1.0,1026.256,408.956,1.0,1024.488,395.673,1.0,1022.955,387.274,1.0,1019.152,378.58,1.0
786,,,,,,,,,,,,,,,,510.74,115.449,1.0,500.993,107.653,1.0,494.68,109.409,1.0,483.394,109.917,1.0,474.815,110.62,1.0,1029.672,489.647,1.0,1028.632,499.77,1.0,1027.487,514.61,1.0,1026.618,523.006,1.0,1022.333,534.731,1.0,233.165,402.167,1.0,235.533,411.024,1.0,230.993,421.744,1.0,229.911,427.136,1.0,238.388,435.749,1.0,1019.226,411.423,1.0,1026.256,408.288,1.0,1024.486,396.39,1.0,1022.955,387.14,1.0,1019.126,378.632,1.0
787,,,,,,,,,,,,,,,,511.873,115.037,1.0,501.567,106.913,1.0,495.581,108.915,1.0,483.568,109.565,1.0,474.815,110.215,1.0,1029.672,490.071,1.0,1027.574,499.77,1.0,1026.894,514.591,1.0,1026.618,522.968,1.0,1022.503,533.888,1.0,232.908,402.142,1.0,235.751,410.928,1.0,230.993,421.551,1.0,229.861,427.077,1.0,238.388,435.749,1.0,1019.008,412.066,1.0,1026.256,408.288,1.0,1024.486,396.39,1.0,1022.955,387.274,1.0,1019.152,378.758,1.0
788,,,,,,,,,,,,,,,,512.768,109.103,1.0,503.266,106.913,1.0,497.434,108.387,1.0,489.239,108.791,1.0,475.038,110.62,1.0,1030.238,490.896,1.0,1026.763,499.77,1.0,1026.638,513.562,1.0,1026.618,522.968,1.0,1022.333,533.656,1.0,232.908,402.167,1.0,235.751,410.928,1.0,230.945,421.399,1.0,229.861,427.077,1.0,238.388,435.777,1.0,1017.55,414.423,1.0,1023.432,408.956,1.0,1024.486,397.393,1.0,1022.677,387.274,1.0,1019.462,379.293,1.0
789,,,,,,,,,,,,,,,,512.903,109.103,1.0,503.783,107.653,1.0,497.616,108.238,1.0,489.455,108.719,1.0,475.038,111.56,1.0,1031.148,490.896,1.0,1026.763,499.586,1.0,1026.454,513.298,1.0,1026.618,522.96,1.0,1022.333,531.169,1.0,233.225,402.347,1.0,235.751,410.956,1.0,230.689,421.399,1.0,229.88,427.077,1.0,238.278,435.953,1.0,1017.219,415.416,1.0,1023.329,409.279,1.0,1024.488,398.396,1.0,1022.258,387.758,1.0,1019.447,379.894,1.0
790,,,,,,,,,,,,,,,,513.025,109.103,1.0,505.08,108.221,1.0,498.493,107.965,1.0,489.455,108.05,1.0,475.038,112.929,1.0,1031.148,490.457,1.0,1026.763,499.059,1.0,1024.683,511.751,1.0,1024.861,520.228,1.0,1022.503,529.57,1.0,233.476,402.73,1.0,235.751,410.956,1.0,230.542,421.399,1.0,229.88,427.136,1.0,237.695,436.044,1.0,1016.766,415.598,1.0,1023.329,409.978,1.0,1026.57,400.846,1.0,1021.654,388.622,1.0,1019.462,380.167,1.0
791,,,,,,,,,,,,,,,,512.987,109.265,1.0,505.08,108.653,1.0,498.54,107.57,1.0,489.673,107.97,1.0,475.038,112.929,1.0,1032.884,490.457,1.0,1027.318,498.644,1.0,1024.527,510.031,1.0,1024.29,519.504,1.0,1022.503,527.002,1.0,234.246,403.291,1.0,235.815,410.956,1.0,230.211,421.213,1.0,229.861,426.944,1.0,237.513,436.171,1.0,1016.766,415.852,1.0,1023.329,410.388,1.0,1026.57,401.178,1.0,1021.291,388.729,1.0,1019.498,380.294,1.0
792,,,,,,,,,,,,,,,,512.987,109.265,1.0,505.317,108.769,1.0,498.577,107.378,1.0,489.673,107.446,1.0,475.16,112.929,1.0,1033.191,488.371,1.0,1027.333,498.254,1.0,1024.196,509.415,1.0,1023.635,519.341,1.0,1023.843,526.285,1.0,238.518,403.291,1.0,236.135,410.956,1.0,228.365,420.844,1.0,229.88,426.873,1.0,236.482,436.171,1.0,1016.679,417.006,1.0,1023.329,410.929,1.0,1026.57,401.352,1.0,1020.959,389.582,1.0,1019.498,380.316,1.0
793,,,,,,,,,,,,,,,,512.987,109.265,1.0,506.003,108.769,1.0,498.577,107.169,1.0,488.995,106.857,1.0,475.512,112.44,1.0,1034.031,486.818,1.0,1027.333,497.477,1.0,1023.292,507.776,1.0,1023.949,518.141,1.0,1024.016,526.22,1.0,244.783,403.291,1.0,239.272,409.042,1.0,228.365,418.963,1.0,229.88,426.382,1.0,236.372,436.171,1.0,1016.766,417.279,1.0,1022.517,411.015,1.0,1025.897,402.074,1.0,1020.772,391.088,1.0,1019.915,381.415,1.0
794,,,,,,,,,,,,,,,,512.987,109.064,1.0,506.33,108.769,1.0,498.577,106.456,1.0,486.4,106.828,1.0,475.512,111.454,1.0,1034.031,486.818,1.0,1027.333,497.477,1.0,1023.292,507.601,1.0,1023.949,518.112,1.0,1024.187,525.774,1.0,245.289,402.12,1.0,239.456,408.798,1.0,228.365,418.692,1.0,230.097,425.881,1.0,236.214,435.772,1.0,1016.889,417.393,1.0,1022.517,411.015,1.0,1025.183,402.716,1.0,1020.772,392.407,1.0,1020.506,382.292,1.0
795,,,,,,,,,,,,,,,,512.987,108.554,1.0,506.959,108.281,1.0,498.392,106.456,1.0,486.4,106.716,1.0,475.512,110.509,1.0,1034.057,486.719,1.0,1027.45,497.475,1.0,1023.292,506.508,1.0,1023.949,516.279,1.0,1024.187,525.376,1.0,246.934,397.71,1.0,243.221,408.605,1.0,228.473,416.624,1.0,230.276,424.681,1.0,236.171,434.259,1.0,1016.89,417.81,1.0,1022.517,411.058,1.0,1025.148,402.819,1.0,1020.684,392.831,1.0,1020.613,382.697,1.0
796,,,,,,,,,,,,,,,,513.174,108.554,1.0,507.453,108.061,1.0,497.614,106.456,1.0,486.4,106.626,1.0,475.45,110.462,1.0,1034.057,486.719,1.0,1027.81,496.881,1.0,1023.413,506.426,1.0,1024.457,516.197,1.0,1024.187,525.351,1.0,246.934,397.355,1.0,243.221,408.591,1.0,233.042,416.216,1.0,231.733,424.039,1.0,234.948,431.81,1.0,1016.89,417.908,1.0,1022.819,411.069,1.0,1024.958,402.843,1.0,1020.519,392.856,1.0,1020.613,382.697,1.0
797,,,,,,,,,,,,,,,,517.446,108.554,1.0,508.517,107.367,1.0,497.614,106.356,1.0,491.052,106.716,1.0,475.45,110.093,1.0,1033.701,485.501,1.0,1030.934,488.804,1.0,1025.228,504.718,1.0,1024.908,509.362,1.0,1024.502,523.708,1.0,246.934,397.355,1.0,243.221,408.518,1.0,233.071,415.809,1.0,231.74,423.5,1.0,234.696,427.834,1.0,1016.89,417.943,1.0,1022.941,411.069,1.0,1024.958,402.911,1.0,1020.684,392.856,1.0,1020.613,383.013,1.0
798,,,,,,,,,,,,,,,,517.446,108.565,1.0,508.517,107.059,1.0,497.614,106.356,1.0,491.955,106.716,1.0,475.45,110.462,1.0,1033.684,479.363,1.0,1033.688,483.899,1.0,1027.989,498.761,1.0,1026.568,508.877,1.0,1024.502,520.944,1.0,246.052,397.217,1.0,242.672,408.12,1.0,233.174,415.628,1.0,231.938,423.5,1.0,234.696,427.698,1.0,1016.731,417.989,1.0,1022.941,411.179,1.0,1024.958,403.078,1.0,1020.829,392.831,1.0,1020.587,382.904,1.0
799,,,,,,,,,,,,,,,,518.006,110.398,1.0,508.517,106.955,1.0,497.489,105.684,1.0,492.853,106.626,1.0,480.537,110.462,1.0,1033.684,478.472,1.0,1033.688,483.858,1.0,1029.595,498.692,1.0,1027.419,508.845,1.0,1023.81,518.741,1.0,245.626,397.217,1.0,242.222,407.819,1.0,233.23,415.238,1.0,231.938,422.773,1.0,234.948,427.698,1.0,1016.673,418.114,1.0,1023.049,411.234,1.0,1024.79,403.557,1.0,1023.886,391.289,1.0,1020.577,382.818,1.0
800,,,,,,,,,,,,,,,,517.446,110.878,1.0,488.482,106.077,0.9980000257492065,496.729,105.684,1.0,496.954,103.757,1.0,484.207,110.462,1.0,1033.609,478.472,1.0,1033.688,483.794,1.0,1029.873,498.415,1.0,1027.965,508.647,1.0,1023.709,518.62,1.0,245.283,397.217,1.0,242.059,407.157,1.0,233.238,415.058,1.0,231.984,422.68,1.0,235.123,427.677,1.0,1016.673,418.17,1.0,1023.049,411.637,1.0,1024.503,403.984,1.0,1023.886,391.289,1.0,1020.495,382.818,1.0
801,,,,,,,,,,,,,,,,519.03,111.276,1.0,487.86,105.999,0.9980000257492065,496.579,105.51,1.0,496.971,103.712,1.0,484.253,108.788,1.0,1033.609,478.472,1.0,1033.171,483.794,1.0,1029.873,497.664,1.0,1027.989,508.07,1.0,1023.05,517.916,1.0,244.933,396.589,1.0,242.059,407.119,1.0,233.473,414.697,1.0,231.938,422.68,1.0,235.298,427.677,1.0,1016.673,419.402,1.0,1023.049,412.38,1.0,1024.413,404.35,1.0,1023.886,391.207,1.0,1020.376,382.818,1.0
802,,,,,,,,,,,,,,,,473.925,111.276,1.0,480.972,105.999,1.0,496.535,105.191,1.0,497.754,103.559,1.0,508.166,97.738,1.0,1033.609,478.476,1.0,1032.768,483.858,1.0,1029.873,497.647,1.0,1027.998,507.391,1.0,1023.05,517.667,1.0,243.429,396.23,1.0,242.222,406.387,1.0,234.563,413.933,1.0,231.806,421.559,1.0,235.569,427.677,1.0,1018.146,422.518,1.0,1023.841,414.117,1.0,1023.693,404.463,1.0,1023.263,391.289,1.0,1020.202,382.364,1.0
803,,,,,,,,,,,,,,,,474.149,111.276,1.0,480.488,106.077,1.0,496.535,105.191,1.0,498.472,103.559,1.0,508.579,96.386,1.0,1033.253,478.476,1.0,1031.695,486.404,1.0,1029.408,496.534,1.0,1027.989,507.359,1.0,1023.05,517.063,1.0,243.429,393.921,1.0,241.895,402.688,1.0,235.825,410.452,1.0,231.698,420.227,1.0,236.319,427.403,1.0,1019.045,422.56,1.0,1023.858,414.117,1.0,1023.693,404.463,1.0,1023.263,391.513,1.0,1020.202,382.364,1.0
804,,,,,,,,,,,,,,,,474.149,111.276,1.0,480.488,105.99,1.0,496.579,105.844,1.0,498.472,103.559,1.0,508.579,96.386,1.0,1033.253,478.476,1.0,1031.647,486.404,1.0,1028.909,495.767,1.0,1027.989,505.436,1.0,1023.403,515.165,1.0,243.192,392.702,1.0,241.338,402.045,1.0,235.825,410.135,1.0,231.419,419.183,1.0,236.319,426.69,1.0,1020.116,422.907,1.0,1024.718,414.117,1.0,1023.641,404.463,1.0,1023.263,391.554,1.0,1020.202,382.364,1.0
805,,,,,,,,,,,,,,,,520.889,110.464,1.0,480.972,106.129,1.0,497.12,105.911,1.0,498.472,103.712,1.0,508.579,96.386,1.0,1034.776,477.818,1.0,1031.647,486.404,1.0,1027.144,494.895,1.0,1027.989,504.987,1.0,1023.979,512.987,1.0,243.192,392.259,1.0,238.96,398.409,1.0,235.825,410.007,1.0,230.597,415.69,1.0,235.569,425.515,1.0,1020.18,423.102,1.0,1024.718,414.117,1.0,1023.443,404.463,1.0,1023.263,391.752,1.0,1021.264,382.798,1.0
806,,,,,,,,,,,,,,,,523.127,110.341,1.0,517.391,106.439,1.0,499.552,105.992,1.0,495.474,104.59,1.0,488.726,107.077,0.9980000257492065,1035.197,472.997,1.0,1031.695,482.62,1.0,1026.915,493.008,1.0,1028.19,500.805,1.0,1023.979,509.216,1.0,243.517,392.259,1.0,238.96,397.486,1.0,232.871,409.729,1.0,230.518,414.657,1.0,233.588,424.837,1.0,1020.196,423.102,1.0,1024.822,414.117,1.0,1023.138,404.463,1.0,1023.263,392.046,1.0,1021.419,383.236,1.0
807,,,,,,,,,,,,,,,,523.453,110.341,1.0,517.655,106.439,1.0,500.547,107.126,1.0,495.445,105.924,1.0,488.451,108.67,1.0,1035.197,472.997,1.0,1031.647,482.62,1.0,1026.799,492.864,1.0,1027.915,500.74,1.0,1023.979,508.609,1.0,243.712,391.769,1.0,238.96,397.269,1.0,232.704,409.272,1.0,230.439,414.35,1.0,233.286,424.228,1.0,1020.703,425.97,1.0,1024.718,414.933,1.0,1022.887,404.713,1.0,1023.026,392.507,1.0,1021.501,383.316,1.0
808,,,,,,,,,,,,,,,,523.802,110.129,1.0,517.713,106.64,1.0,500.934,108.039,1.0,494.793,106.046,1.0,488.088,109.252,1.0,1035.324,472.997,1.0,1031.647,482.62,1.0,1026.739,492.666,1.0,1027.915,500.74,1.0,1023.716,508.609,1.0,244.309,391.759,1.0,241.104,397.269,1.0,232.166,409.272,1.0,230.439,414.35,1.0,233.286,424.012,1.0,1020.703,426.049,1.0,1024.532,414.945,1.0,1022.835,404.735,1.0,1022.747,392.587,1.0,1021.501,383.376,1.0
809,,,,,,,,,,,,,,,,523.802,109.643,1.0,517.713,106.645,1.0,501.296,108.227,1.0,494.791,106.725,1.0,485.813,113.674,1.0,1035.324,473.606,1.0,1031.149,482.708,1.0,1026.739,492.666,1.0,1028.204,500.74,1.0,1023.568,508.568,1.0,244.309,391.747,1.0,241.104,397.035,1.0,231.502,409.044,1.0,230.518,414.35,1.0,233.286,423.775,1.0,1020.703,426.049,1.0,1024.261,414.945,1.0,1022.835,404.735,1.0,1022.747,392.587,1.0,1021.419,383.449,1.0
810,,,,,,,,,,,,,,,,523.84,108.435,1.0,518.689,107.246,1.0,501.442,108.309,1.0,494.335,106.739,1.0,485.296,113.79,1.0,1035.197,474.047,1.0,1030.964,482.804,1.0,1026.739,492.666,1.0,1028.173,501.073,1.0,1023.568,508.568,1.0,244.309,391.415,1.0,241.104,397.035,1.0,231.502,407.702,1.0,230.918,413.75,1.0,234.389,423.625,1.0,1019.797,425.97,1.0,1024.027,414.933,1.0,1022.835,404.713,1.0,1022.747,392.507,1.0,1020.934,383.505,1.0
811,,,,,,,,,,,,,,,,524.139,108.425,1.0,519.158,107.246,1.0,501.528,108.612,1.0,494.175,108.0,1.0,485.296,113.79,1.0,1034.365,474.735,1.0,1030.964,483.075,1.0,1026.516,492.63,1.0,1028.118,501.073,1.0,1023.568,508.362,1.0,243.694,391.236,1.0,240.956,396.722,1.0,231.502,406.683,1.0,231.568,413.66,1.0,236.578,421.963,1.0,1018.543,418.509,1.0,1023.47,410.357,1.0,1022.43,403.592,1.0,1023.749,390.721,1.0,1020.363,383.505,1.0
812,,,,,,,,,,,,,,,,524.563,108.425,1.0,519.341,107.246,1.0,501.703,108.62,1.0,494.175,108.0,1.0,485.813,113.79,1.0,1033.633,474.735,1.0,1030.964,482.804,1.0,1026.516,492.63,1.0,1028.118,501.073,1.0,1023.607,507.992,1.0,243.583,387.331,1.0,239.398,396.722,1.0,231.95,404.903,1.0,232.473,411.454,1.0,238.556,420.218,1.0,1015.523,418.058,1.0,1023.283,410.266,1.0,1022.373,403.592,1.0,1024.197,390.721,1.0,1020.291,383.449,1.0
813,,,,,,,,,,,,,,,,525.046,106.467,1.0,519.379,106.158,1.0,501.813,108.612,1.0,494.175,108.0,1.0,488.952,111.153,1.0,1033.633,474.735,1.0,1031.216,482.708,1.0,1026.794,492.626,1.0,1028.173,499.92,1.0,1024.341,507.421,1.0,241.037,385.769,1.0,238.517,396.265,1.0,234.246,402.183,1.0,233.296,407.583,1.0,238.715,418.777,1.0,1015.453,418.058,1.0,1022.683,408.82,1.0,1021.404,403.592,1.0,1024.197,390.721,1.0,1020.291,383.347,1.0
814,,,,,,,,,,,,,,,,525.349,106.662,1.0,519.746,105.558,1.0,501.813,108.62,1.0,496.125,107.755,1.0,491.405,110.439,1.0,1033.633,471.451,1.0,1032.861,481.542,1.0,1027.156,490.905,1.0,1028.173,496.207,1.0,1025.572,506.975,1.0,240.17,385.769,1.0,238.474,395.471,1.0,234.246,401.928,1.0,233.296,406.774,1.0,239.031,418.088,1.0,1014.771,418.416,1.0,1022.54,408.788,1.0,1021.263,404.254,1.0,1024.197,390.847,1.0,1020.363,383.298,1.0
815,,,,,,,,,,,,,,,,530.246,106.662,1.0,521.582,105.329,1.0,502.682,108.612,1.0,499.685,106.688,1.0,500.305,105.997,1.0,1035.656,469.747,1.0,1033.701,473.016,1.0,1028.606,488.609,1.0,1028.642,493.376,1.0,1026.574,506.794,1.0,239.516,385.768,1.0,238.474,395.471,1.0,234.423,401.137,1.0,233.296,406.67,1.0,239.065,417.727,1.0,1013.888,418.509,1.0,1022.482,408.788,1.0,1021.223,405.895,1.0,1020.15,392.127,1.0,1022.433,381.831,1.0
816,,,,,,,,,,,,,,,,530.246,106.662,1.0,521.582,104.985,1.0,503.572,108.205,1.0,499.962,106.602,1.0,500.305,105.979,1.0,1035.86,468.776,1.0,1034.143,472.865,1.0,1029.181,488.386,1.0,1029.24,492.789,1.0,1026.574,506.641,1.0,239.24,385.725,1.0,238.517,395.451,1.0,234.423,401.008,1.0,233.316,406.532,1.0,239.065,417.727,1.0,1013.426,418.791,1.0,1022.404,408.82,1.0,1021.223,405.921,1.0,1020.15,392.173,1.0,1022.433,381.831,1.0
817,,,,,,,,,,,,,,,,530.865,106.656,1.0,521.582,104.948,1.0,503.698,108.205,1.0,501.73,106.602,1.0,500.305,105.979,1.0,1036.043,467.686,1.0,1034.255,472.689,1.0,1029.567,487.83,1.0,1029.333,492.769,1.0,1026.574,506.524,1.0,239.13,385.725,1.0,240.94,393.326,1.0,234.697,400.891,1.0,233.316,406.523,1.0,239.065,417.719,1.0,1013.11,418.791,1.0,1021.998,409.498,1.0,1021.223,406.141,1.0,1020.15,392.273,1.0,1022.433,381.831,1.0
818,,,,,,,,,,,,,,,,531.012,106.656,1.0,521.17,104.895,1.0,504.158,108.798,1.0,501.85,106.602,1.0,499.237,105.997,1.0,1036.18,467.605,1.0,1034.255,472.657,1.0,1029.591,487.656,1.0,1029.494,492.769,1.0,1026.411,506.463,1.0,239.13,385.768,1.0,241.191,392.819,1.0,235.661,400.597,1.0,233.316,406.532,1.0,239.345,417.719,1.0,1011.264,418.416,1.0,1020.967,410.389,1.0,1021.182,406.199,1.0,1020.301,392.273,1.0,1022.331,381.876,1.0
819,,,,,,,,,,,,,,,,531.258,106.49,1.0,520.95,104.895,1.0,510.466,111.237,1.0,501.85,107.747,1.0,498.534,107.234,1.0,1036.18,467.605,1.0,1034.255,472.552,1.0,1029.591,487.63,1.0,1029.494,492.789,1.0,1026.339,506.423,1.0,239.005,385.768,1.0,241.619,392.439,1.0,235.819,400.11,1.0,233.326,406.532,1.0,239.496,417.617,1.0,1006.365,417.458,1.0,1020.697,410.414,1.0,1021.005,406.614,1.0,1020.301,392.273,1.0,1022.331,381.968,1.0
820,,,,,,,,,,,,,,,,531.345,106.49,1.0,520.95,104.895,1.0,510.511,111.237,1.0,501.85,108.044,1.0,498.34,107.615,1.0,1036.043,467.605,1.0,1034.132,472.552,1.0,1029.567,487.63,1.0,1029.494,492.955,1.0,1026.301,506.232,1.0,239.005,385.705,1.0,241.619,392.439,1.0,235.737,399.736,1.0,235.253,409.378,1.0,239.496,417.405,1.0,1006.202,417.458,1.0,1020.289,410.539,1.0,1020.955,406.709,1.0,1020.301,392.668,1.0,1022.221,382.278,1.0
821,,,,,,,,,,,,,,,,531.345,106.382,1.0,520.866,104.895,1.0,510.929,111.327,1.0,501.726,108.991,1.0,498.003,107.615,1.0,1035.917,468.011,1.0,1033.485,472.498,1.0,1029.352,487.63,1.0,1029.379,492.955,1.0,1026.339,506.364,1.0,238.606,385.705,1.0,241.646,392.349,1.0,235.819,399.561,1.0,235.503,409.378,1.0,239.572,417.054,1.0,1005.754,417.276,1.0,1019.836,411.204,1.0,1020.866,406.709,1.0,1020.251,392.769,1.0,1022.098,382.361,1.0
822,,,,,,,,,,,,,,,,531.258,106.271,1.0,520.99,104.965,1.0,511.298,111.389,1.0,501.289,108.991,1.0,497.494,107.758,1.0,1035.214,468.011,1.0,1033.485,472.498,1.0,1029.352,487.63,1.0,1029.379,492.955,1.0,1026.339,506.364,1.0,238.417,385.117,1.0,242.197,391.836,1.0,236.28,398.788,1.0,235.503,409.378,1.0,239.63,412.271,1.0,1005.493,417.224,1.0,1019.201,411.204,1.0,1020.955,406.674,1.0,1020.094,392.94,1.0,1022.086,382.361,1.0
823,,,,,,,,,,,,,,,,531.267,106.27,1.0,520.99,104.965,1.0,511.612,111.969,1.0,500.436,108.991,1.0,497.494,107.758,1.0,1035.173,468.08,1.0,1033.421,472.125,1.0,1029.352,487.63,1.0,1029.379,492.442,1.0,1026.386,506.393,1.0,238.417,383.007,1.0,243.575,390.26,1.0,238.193,396.333,1.0,235.253,407.808,1.0,240.01,411.295,1.0,1005.423,411.511,1.0,1019.196,411.23,1.0,1020.588,406.709,1.0,1020.093,392.941,1.0,1021.98,382.402,1.0
824,,,,,,,,,,,,,,,,531.267,105.773,1.0,521.118,104.686,1.0,512.448,111.969,1.0,500.436,109.048,1.0,497.063,107.451,1.0,1035.062,468.011,1.0,1032.824,471.548,1.0,1029.756,486.952,1.0,1029.681,492.442,1.0,1027.076,506.364,1.0,238.014,381.626,1.0,243.575,388.602,1.0,238.256,394.259,1.0,234.812,405.091,1.0,240.047,410.072,1.0,1005.366,411.511,1.0,1018.759,411.295,1.0,1020.588,406.674,1.0,1019.869,392.969,1.0,1021.98,382.361,1.0
825,462.317,111.495,1.0,469.468,104.966,1.0,479.968,108.099,1.0,,,0.0,,,0.0,531.267,105.663,1.0,521.173,104.456,1.0,512.476,111.974,1.0,500.436,109.048,1.0,497.063,107.099,1.0,1034.294,466.918,1.0,1032.824,471.408,1.0,1029.871,486.925,1.0,1029.953,492.442,1.0,1027.153,506.364,1.0,238.014,381.086,1.0,243.623,388.286,1.0,238.367,394.088,1.0,234.476,404.881,1.0,240.163,410.037,1.0,1004.479,411.511,1.0,1018.657,411.72,1.0,1022.968,404.585,1.0,1019.856,393.095,1.0,1021.98,382.402,1.0
826,461.621,111.433,1.0,469.398,104.589,1.0,479.574,106.293,1.0,,,0.0,,,0.0,531.267,105.663,1.0,522.965,104.162,1.0,512.476,111.969,1.0,500.514,108.822,1.0,497.109,105.107,1.0,1030.704,466.822,1.0,1032.602,469.244,1.0,1032.325,483.986,1.0,1029.953,492.697,1.0,1027.153,504.596,1.0,238.014,381.01,1.0,243.753,388.066,1.0,238.531,393.993,1.0,234.469,404.835,1.0,240.163,410.037,1.0,1003.42,412.752,1.0,1013.593,413.896,1.0,1022.968,404.53,1.0,1019.57,393.378,1.0,1022.174,382.436,1.0
827,461.006,111.194,1.0,469.141,104.453,1.0,478.432,105.552,1.0,,,0.0,,,0.0,531.267,105.663,1.0,524.53,102.719,1.0,512.476,111.634,1.0,501.205,108.822,1.0,497.448,104.246,1.0,1030.59,466.373,1.0,1032.407,469.244,1.0,1033.431,483.127,1.0,1029.953,492.913,1.0,1027.076,503.747,1.0,238.166,381.086,1.0,243.835,388.286,1.0,238.475,394.088,1.0,234.469,404.835,1.0,240.113,410.037,1.0,1003.361,412.752,1.0,1013.106,413.955,1.0,1022.252,404.53,1.0,1019.416,393.954,1.0,1022.179,383.112,1.0
828,,,,,,,,,,,,,,,,461.329,111.068,1.0,524.848,102.549,1.0,479.389,105.597,1.0,501.657,108.433,1.0,497.448,103.721,1.0,1030.364,465.008,1.0,1031.951,469.244,1.0,1033.431,481.137,1.0,1029.468,493.163,1.0,1026.256,501.628,1.0,238.166,381.086,1.0,243.835,388.286,1.0,238.475,394.021,1.0,234.469,404.835,1.0,240.113,410.037,1.0,1003.158,412.752,1.0,1012.648,414.012,1.0,1022.252,404.53,1.0,1019.416,395.731,1.0,1022.686,384.689,1.0
829,,,,,,,,,,,,,,,,461.281,111.202,1.0,530.409,100.978,1.0,478.887,105.468,1.0,501.657,108.433,1.0,497.448,103.268,1.0,1030.364,465.008,1.0,1031.545,471.714,1.0,1033.431,480.285,1.0,1029.468,493.091,1.0,1026.256,500.939,1.0,238.166,381.323,1.0,243.835,388.066,1.0,238.531,394.021,1.0,234.361,404.835,1.0,240.113,410.068,1.0,1003.158,412.535,1.0,1012.019,414.255,1.0,1022.252,404.53,1.0,1019.416,396.67,1.0,1022.772,385.35,1.0
830,,,,,,,,,,,,,,,,460.716,111.31,1.0,530.497,100.903,1.0,478.495,105.341,1.0,501.612,108.433,1.0,497.109,103.214,1.0,1030.439,464.928,1.0,1031.28,471.714,1.0,1033.257,480.012,1.0,1029.468,492.936,1.0,1025.872,500.905,1.0,238.166,381.323,1.0,243.753,388.066,1.0,238.531,394.021,1.0,234.236,404.804,1.0,240.113,410.068,1.0,1003.248,412.49,1.0,1012.019,414.673,1.0,1022.252,405.259,1.0,1019.762,396.721,1.0,1023.07,385.356,1.0
831,,,,,,,,,,,,,,,,460.458,111.202,1.0,530.695,100.819,1.0,477.655,105.108,1.0,501.612,108.459,1.0,497.075,103.214,1.0,1030.59,464.738,1.0,1031.151,471.829,1.0,1032.725,479.728,1.0,1029.781,492.936,1.0,1026.104,500.797,1.0,238.166,381.323,1.0,239.182,387.805,1.0,238.475,394.021,1.0,234.159,404.746,1.0,240.096,410.068,1.0,1003.177,412.49,1.0,1012.019,414.709,1.0,1021.743,405.351,1.0,1019.9,396.767,1.0,1023.321,385.381,1.0
832,,,,,,,,,,,,,,,,460.433,111.068,1.0,530.704,100.571,1.0,477.655,105.108,1.0,501.509,108.534,1.0,496.807,103.214,1.0,1030.879,464.552,1.0,1029.916,471.829,1.0,1031.942,479.665,1.0,1029.781,492.936,1.0,1026.256,500.77,1.0,240.814,377.01,1.0,238.789,387.399,1.0,238.254,392.779,1.0,234.159,403.444,1.0,240.096,409.952,1.0,1003.2,412.322,1.0,1012.136,414.776,1.0,1021.705,405.351,1.0,1019.963,397.154,1.0,1023.325,385.549,1.0
833,,,,,,,,,,,,,,,,460.389,110.75,1.0,530.704,100.571,1.0,477.655,105.341,1.0,501.29,108.534,1.0,496.807,103.214,1.0,1030.956,463.89,1.0,1029.609,471.704,1.0,1031.623,479.665,1.0,1029.93,492.284,1.0,1026.262,500.605,1.0,244.947,372.115,1.0,238.789,376.686,1.0,238.045,392.288,1.0,234.236,398.957,1.0,239.53,409.874,1.0,1003.2,412.226,1.0,1012.175,414.776,1.0,1021.513,405.411,1.0,1020.017,397.154,1.0,1023.34,385.549,1.0
834,,,,,,,,,,,,,,,,459.422,110.75,1.0,530.695,100.571,1.0,478.265,106.786,1.0,500.969,108.459,1.0,496.807,103.127,1.0,1031.301,463.689,1.0,1029.609,470.621,1.0,1031.283,479.728,1.0,1030.307,491.914,1.0,1026.262,499.477,1.0,244.989,371.847,1.0,238.789,376.61,1.0,237.016,391.246,1.0,235.731,398.927,1.0,238.906,407.675,1.0,1003.177,411.918,1.0,1012.175,414.776,1.0,1020.8,405.569,1.0,1020.017,397.241,1.0,1023.325,385.742,1.0
835,,,,,,,,,,,,,,,,459.353,110.75,1.0,466.964,110.832,1.0,478.474,106.786,1.0,,,0.0,497.763,103.339,1.0,1035.211,460.682,1.0,1029.609,467.922,1.0,1028.21,479.397,1.0,1029.93,490.301,1.0,1026.445,498.419,1.0,244.989,370.968,1.0,238.789,375.895,1.0,236.701,390.35,1.0,235.817,398.08,1.0,238.833,406.695,1.0,1002.752,411.908,1.0,1012.136,414.206,1.0,1020.8,405.584,1.0,1020.017,397.65,1.0,1023.325,386.055,1.0
836,543.095,97.603,1.0,534.466,108.999,1.0,523.853,108.873,1.0,508.364,108.648,1.0,,,0.0,458.761,110.75,1.0,465.488,110.832,1.0,478.704,106.875,1.0,,,0.0,498.285,103.283,1.0,1035.211,458.701,1.0,1029.745,467.132,1.0,1028.115,478.97,1.0,1029.789,490.268,1.0,1026.474,498.396,1.0,244.947,370.829,1.0,238.627,375.591,1.0,236.701,390.084,1.0,235.972,398.079,1.0,238.635,406.518,1.0,1002.746,411.908,1.0,1011.644,414.203,1.0,1020.689,405.937,1.0,1019.945,397.767,1.0,1023.359,386.41,1.0
837,543.095,96.471,1.0,534.466,107.728,1.0,523.853,107.943,1.0,500.246,107.135,1.0,,,0.0,458.252,111.561,1.0,465.488,110.832,1.0,478.474,107.084,1.0,,,0.0,499.216,103.339,1.0,1035.239,458.012,1.0,1031.285,465.479,1.0,1028.096,478.97,1.0,1029.789,488.647,1.0,1026.474,496.39,1.0,244.873,370.579,1.0,238.302,375.422,1.0,236.701,390.012,1.0,235.972,398.079,1.0,238.635,406.356,1.0,1002.381,411.908,1.0,1011.35,414.203,1.0,1020.53,406.033,1.0,1019.945,397.767,1.0,1023.411,386.627,1.0
838,543.095,96.298,1.0,534.466,107.317,1.0,523.853,107.697,1.0,,,0.0,,,0.0,458.252,111.561,1.0,465.488,110.281,1.0,478.474,107.438,1.0,509.699,108.412,1.0,499.298,103.339,1.0,1035.767,457.082,1.0,1031.81,465.16,1.0,1028.115,477.79,1.0,1029.789,485.812,1.0,1026.474,493.488,1.0,244.537,370.247,1.0,238.302,375.227,1.0,236.94,389.755,1.0,235.972,397.952,1.0,238.635,406.356,1.0,1000.928,414.425,1.0,1011.081,414.203,1.0,1020.059,408.245,1.0,1019.686,398.106,1.0,1023.662,387.565,1.0
839,543.157,96.268,1.0,534.592,107.238,1.0,523.892,107.664,1.0,,,0.0,,,0.0,458.3,111.561,1.0,466.087,109.123,1.0,478.716,107.878,1.0,509.699,108.412,1.0,499.608,104.588,1.0,1036.357,457.082,1.0,1031.935,463.772,1.0,1028.115,476.033,1.0,1029.789,482.782,1.0,1025.444,491.677,1.0,243.199,370.095,1.0,238.302,374.794,1.0,236.94,389.672,1.0,235.972,397.952,1.0,238.843,406.356,1.0,1000.896,415.364,1.0,1010.96,414.219,1.0,1020.011,409.023,1.0,1019.945,398.106,1.0,1023.687,388.074,1.0
840,543.327,96.183,1.0,534.905,107.238,1.0,524.001,107.264,1.0,,,0.0,,,0.0,458.243,111.591,1.0,466.149,108.879,1.0,478.716,107.878,1.0,509.587,108.292,1.0,499.608,104.848,1.0,1036.573,457.068,1.0,1032.217,461.237,1.0,1028.179,475.902,1.0,1029.876,482.617,1.0,1025.008,491.471,1.0,243.199,369.846,1.0,238.584,374.756,1.0,236.94,389.563,1.0,235.972,397.952,1.0,238.846,406.356,1.0,1000.182,416.34,1.0,1010.181,415.744,1.0,1019.338,409.952,1.0,1021.932,398.196,1.0,1023.856,388.34,1.0
841,543.366,96.183,1.0,535.103,105.836,1.0,524.216,106.823,1.0,,,0.0,,,0.0,458.243,111.619,1.0,466.149,108.879,1.0,478.727,107.878,1.0,509.891,,1.0,499.827,105.026,1.0,1036.573,457.068,1.0,1032.222,461.112,1.0,1028.232,475.647,1.0,1030.02,482.147,1.0,1025.008,491.349,1.0,242.8,369.846,1.0,238.665,374.756,1.0,237.235,389.229,1.0,236.174,397.344,1.0,239.385,406.223,1.0,1000.097,416.467,1.0,1009.931,415.763,1.0,1019.265,410.128,1.0,1022.07,398.148,1.0,1023.861,388.389,1.0
842,543.642,96.183,1.0,535.103,105.09,1.0,524.729,105.948,1.0,511.418,108.254,1.0,,,0.0,457.977,111.619,1.0,466.15,108.727,1.0,478.743,107.237,1.0,521.66,108.353,0.0,501.022,105.273,1.0,1036.364,457.068,1.0,1032.723,461.237,1.0,1028.272,475.647,1.0,1030.02,482.147,1.0,1025.008,491.349,1.0,242.453,370.247,1.0,239.292,374.756,1.0,237.237,387.92,1.0,236.243,394.519,1.0,241.812,404.953,1.0,1000.028,417.114,1.0,1009.146,415.829,1.0,1019.126,410.172,1.0,1022.31,398.148,1.0,1023.905,388.596,1.0
843,544.346,95.926,1.0,535.31,102.551,1.0,527.229,104.544,1.0,,,0.0,,,0.0,457.843,111.619,1.0,466.09,108.656,1.0,478.938,107.237,1.0,525.488,108.353,1.0,503.593,105.556,1.0,1036.357,457.12,1.0,1032.766,463.772,1.0,1028.48,475.647,1.0,1030.02,482.147,1.0,1025.037,491.298,1.0,242.453,369.462,1.0,240.259,376.526,1.0,237.678,385.455,1.0,236.458,393.789,1.0,241.812,403.531,1.0,1000.028,417.114,1.0,1009.146,415.829,1.0,1019.126,410.172,1.0,1022.31,397.95,1.0,1023.861,388.596,1.0
844,546.775,95.806,1.0,536.656,100.778,1.0,528.658,102.207,1.0,,,0.0,,,0.0,457.611,111.619,1.0,466.09,108.325,1.0,478.938,107.237,1.0,525.175,108.08,1.0,506.195,108.177,1.0,1036.129,457.12,1.0,1032.723,464.453,1.0,1028.686,476.133,1.0,1030.02,483.252,1.0,1025.125,491.298,1.0,242.453,370.817,1.0,240.667,377.535,1.0,239.759,384.712,1.0,236.596,393.789,1.0,241.812,400.764,1.0,1000.028,417.114,1.0,1009.146,415.829,1.0,1019.126,410.172,1.0,1022.31,398.148,1.0,1023.856,388.596,1.0
845,548.654,95.549,1.0,538.197,100.181,1.0,529.693,102.207,1.0,,,0.0,,,0.0,457.554,111.733,1.0,465.94,107.822,1.0,478.938,107.471,1.0,523.711,106.987,1.0,507.847,108.524,1.0,1035.77,457.12,1.0,1032.222,464.453,1.0,1028.686,476.133,1.0,1030.02,483.252,1.0,1025.178,491.187,1.0,242.139,370.817,1.0,240.667,377.535,1.0,239.759,384.176,1.0,238.234,393.789,1.0,241.189,395.85,1.0,1000.028,415.487,1.0,1010.641,415.326,1.0,1019.794,408.487,1.0,1022.518,397.95,1.0,1023.664,387.62,1.0
846,549.005,95.549,1.0,538.249,100.181,1.0,529.801,102.207,1.0,,,0.0,,,0.0,453.778,113.773,1.0,464.138,107.598,1.0,477.461,107.56,1.0,523.711,106.702,1.0,507.847,108.524,1.0,1035.582,456.1,1.0,1032.188,464.453,1.0,1028.686,476.133,1.0,1030.126,483.252,1.0,1025.286,490.838,1.0,242.453,369.939,1.0,240.691,377.135,1.0,239.759,384.176,1.0,238.518,393.99,1.0,241.189,395.692,1.0,1004.076,417.114,1.0,1011.702,415.301,1.0,1020.676,406.586,1.0,1022.141,397.218,1.0,1023.522,386.792,1.0
847,549.373,95.549,1.0,539.295,99.324,1.0,530.399,102.207,1.0,525.02,107.352,1.0,,,0.0,453.294,114.473,1.0,463.73,107.598,1.0,475.653,108.043,1.0,483.847,102.265,1.0,507.847,108.177,1.0,1033.011,456.1,1.0,1032.188,458.678,1.0,1028.686,474.722,1.0,1030.265,480.444,1.0,1025.433,490.226,1.0,242.501,369.575,1.0,240.817,377.135,1.0,239.748,384.176,1.0,238.81,394.098,1.0,241.181,395.692,1.0,1004.076,415.487,0.0,1011.98,414.858,1.0,1021.132,406.156,1.0,1019.693,395.768,1.0,1022.99,386.581,1.0
848,549.494,95.549,1.0,539.49,99.324,1.0,531.231,102.207,1.0,521.35,106.136,1.0,513.831,108.269,1.0,452.738,114.473,1.0,462.113,107.555,1.0,472.793,108.738,1.0,481.572,102.136,1.0,,,0.0,1031.258,454.737,1.0,1032.188,457.585,1.0,1028.711,472.708,1.0,1030.377,480.053,1.0,1025.962,489.759,1.0,242.501,369.939,1.0,240.817,377.139,1.0,239.748,384.224,1.0,238.81,394.121,1.0,241.151,395.85,1.0,,421.253,1.0,1014.675,414.177,1.0,1021.847,404.914,1.0,1019.693,395.623,1.0,1022.462,386.425,1.0
849,549.783,95.988,1.0,539.992,99.324,1.0,532.365,102.018,1.0,521.35,106.136,1.0,513.831,107.981,1.0,452.347,114.945,1.0,462.072,107.555,1.0,472.489,108.738,1.0,481.477,102.136,1.0,,,0.0,1031.599,,1.0,1032.883,455.467,1.0,1031.183,470.086,1.0,1030.989,479.571,1.0,1027.944,489.453,1.0,242.5,369.939,1.0,241.071,377.135,1.0,239.603,384.224,1.0,238.885,394.098,1.0,241.181,395.85,1.0,1018.85,,0.0,1020.541,410.244,1.0,1022.981,404.196,1.0,1020.494,395.503,1.0,1022.435,386.25,1.0
850,550.017,95.988,1.0,540.701,99.171,1.0,533.213,101.769,1.0,521.35,106.136,1.0,513.831,107.975,1.0,452.153,114.959,1.0,462.002,107.581,1.0,472.489,108.738,1.0,481.477,102.265,1.0,,,0.0,1031.599,451.503,0.0,1033.239,455.284,1.0,1031.767,469.239,1.0,1032.028,479.256,1.0,1028.126,489.453,1.0,242.501,369.647,1.0,241.269,376.837,1.0,239.603,384.224,1.0,238.981,393.99,1.0,241.439,395.758,1.0,,417.443,1.0,1024.236,409.424,1.0,1022.981,402.736,1.0,1020.494,393.658,1.0,1022.209,386.25,1.0
851,552.115,95.988,1.0,542.813,97.762,1.0,534.682,101.507,1.0,522.397,106.31,1.0,515.892,107.317,1.0,452.1,114.945,1.0,461.931,107.581,1.0,472.303,108.738,1.0,481.425,102.507,1.0,,,0.0,1031.599,451.503,1.0,1033.239,454.723,1.0,1032.117,469.18,1.0,1032.397,479.256,1.0,1028.195,489.453,1.0,242.928,369.647,1.0,241.68,376.837,1.0,239.603,383.884,1.0,238.981,393.876,1.0,241.181,395.758,1.0,1028.32,,0.0,1026.513,408.621,1.0,1022.981,402.736,1.0,1022.017,393.658,1.0,1022.043,386.25,1.0
852,552.592,95.09,1.0,542.851,95.584,1.0,535.922,100.909,1.0,523.369,106.414,1.0,517.169,106.792,1.0,451.343,110.148,1.0,461.839,107.581,1.0,472.194,108.738,1.0,481.425,102.568,1.0,,,0.0,,,0.0,1033.239,454.597,1.0,1032.117,469.105,1.0,1032.463,479.256,1.0,1028.992,490.585,1.0,243.485,369.647,1.0,241.768,376.003,1.0,239.538,382.645,1.0,238.885,393.606,1.0,240.928,395.475,1.0,1028.32,416.557,1.0,1027.72,408.415,1.0,1022.827,402.659,1.0,1022.047,393.383,1.0,1021.873,386.247,1.0
853,552.737,94.949,1.0,543.163,95.584,1.0,535.922,100.716,1.0,523.758,106.414,1.0,517.323,106.792,1.0,451.204,110.148,1.0,461.754,107.601,1.0,470.974,108.723,1.0,480.947,103.006,1.0,,,0.0,,,0.0,1032.431,454.383,1.0,1032.147,468.162,1.0,1032.483,478.817,1.0,1028.992,490.585,1.0,247.488,367.385,1.0,242.864,373.537,1.0,239.469,381.391,1.0,238.322,393.139,1.0,241.236,395.464,1.0,1028.32,416.461,1.0,1027.998,408.285,1.0,1022.735,402.659,1.0,1022.047,393.278,1.0,1021.746,386.442,1.0
854,552.975,94.949,1.0,543.163,95.584,1.0,535.922,100.713,1.0,523.993,106.31,1.0,517.996,106.792,1.0,450.907,110.148,1.0,461.603,107.601,1.0,470.802,108.723,1.0,480.935,103.006,1.0,,,0.0,,,0.0,1032.345,454.33,1.0,1032.27,468.118,1.0,1032.488,478.441,1.0,1028.992,490.585,1.0,249.297,365.49,1.0,243.681,373.007,1.0,239.469,379.771,1.0,238.11,390.155,1.0,240.734,395.136,1.0,1027.802,416.193,1.0,1028.428,408.189,1.0,1022.502,402.952,1.0,1022.017,393.278,1.0,1021.62,386.454,1.0
855,556.245,95.09,1.0,545.593,95.861,1.0,535.151,98.146,1.0,525.158,105.438,1.0,518.869,107.922,1.0,445.757,110.148,1.0,458.483,107.601,1.0,469.164,107.834,1.0,479.029,103.006,1.0,,,0.0,1031.592,451.786,1.0,1032.196,454.247,1.0,1032.554,467.37,1.0,1032.758,478.238,1.0,1028.341,489.193,1.0,249.297,360.969,1.0,244.513,369.471,1.0,239.469,375.357,1.0,238.11,385.09,1.0,240.694,395.022,1.0,1027.802,413.77,1.0,1028.428,407.308,1.0,1022.455,402.952,1.0,1022.017,393.111,1.0,1021.746,386.442,1.0
856,556.254,95.09,1.0,545.737,95.978,1.0,535.067,98.141,1.0,526.423,101.594,1.0,518.914,108.148,1.0,445.398,110.786,1.0,458.444,107.141,1.0,468.745,107.834,1.0,476.956,102.256,1.0,,,0.0,1030.826,451.747,1.0,1032.196,453.916,1.0,1032.554,466.991,1.0,1032.488,477.952,1.0,1027.432,487.693,1.0,250.501,359.654,1.0,244.652,369.322,1.0,239.817,375.357,1.0,238.11,384.843,1.0,240.694,394.529,1.0,1027.709,413.77,1.0,1028.416,407.042,1.0,1022.436,402.952,1.0,1021.961,392.946,1.0,1021.694,386.442,1.0
857,556.254,94.949,1.0,546.018,96.211,1.0,535.067,98.04,1.0,526.929,101.567,1.0,518.955,108.175,1.0,444.714,110.786,1.0,457.382,106.981,1.0,468.238,107.834,1.0,476.543,102.165,1.0,,,0.0,,,0.0,1032.196,453.739,1.0,1032.554,464.792,1.0,1032.483,476.408,1.0,1027.066,485.106,1.0,251.45,359.429,1.0,244.652,368.93,1.0,239.912,375.357,1.0,238.057,384.184,1.0,240.897,394.375,1.0,1027.802,413.77,1.0,1028.428,407.042,1.0,1022.414,402.968,1.0,1021.961,392.367,1.0,1021.648,386.442,1.0
858,556.245,94.923,1.0,546.392,96.403,1.0,535.151,98.04,1.0,527.65,101.146,1.0,519.211,108.526,1.0,444.706,110.786,1.0,457.187,106.842,1.0,468.238,107.92,1.0,476.362,102.165,1.0,,,0.0,,,0.0,1032.629,452.258,1.0,1031.498,463.929,1.0,1032.128,475.856,1.0,1026.79,483.093,1.0,251.45,359.429,1.0,244.652,368.93,1.0,239.985,375.357,1.0,238.057,383.588,1.0,240.897,394.178,1.0,1027.802,413.887,1.0,1028.416,406.914,1.0,1022.311,402.968,1.0,1021.961,392.367,1.0,1021.648,386.31,1.0
859,556.261,94.923,1.0,546.81,96.448,1.0,535.598,98.141,1.0,528.088,101.146,1.0,519.313,108.526,1.0,444.499,110.786,1.0,457.046,106.842,1.0,468.181,108.037,1.0,476.259,102.177,1.0,,,0.0,,,0.0,1032.862,451.583,1.0,1030.96,463.81,1.0,1031.773,474.816,1.0,1026.79,481.667,1.0,248.392,359.392,1.0,244.706,368.562,1.0,241.189,374.827,1.0,238.13,383.238,1.0,240.897,394.066,1.0,1027.709,413.887,1.0,1027.927,406.636,1.0,1022.149,403.197,1.0,1021.961,392.367,1.0,1021.694,386.31,1.0
860,556.261,94.923,1.0,547.208,96.448,1.0,535.801,98.04,1.0,528.694,101.567,1.0,519.466,108.526,1.0,444.499,110.786,1.0,456.796,106.842,1.0,468.181,108.07,1.0,476.259,102.177,1.0,,,0.0,,,0.0,1032.862,450.921,1.0,1030.5,463.724,1.0,1031.773,474.625,1.0,1026.79,481.531,1.0,248.511,359.392,1.0,245.908,362.422,1.0,241.352,374.827,1.0,238.524,383.238,1.0,240.897,393.67,1.0,1029.367,415.01,1.0,1023.961,405.061,1.0,1021.927,403.349,1.0,1021.58,392.572,1.0,1021.648,386.38,1.0
861,559.732,95.203,1.0,549.716,96.448,1.0,537.153,97.909,1.0,530.32,101.567,1.0,520.254,108.063,1.0,443.641,110.213,1.0,456.71,107.288,1.0,467.599,108.07,1.0,476.16,102.442,1.0,486.581,106.39,1.0,1034.629,426.04,1.0,1032.629,450.511,1.0,1029.488,462.775,1.0,1031.773,473.367,1.0,1027.207,480.53,1.0,248.511,358.834,1.0,248.58,360.707,1.0,243.336,373.856,1.0,239.495,383.238,1.0,239.687,393.542,1.0,1029.56,415.028,0.0,1023.736,404.814,1.0,1021.927,403.349,1.0,1021.58,392.572,1.0,1021.567,386.328,1.0
862,560.776,95.203,1.0,549.973,95.309,1.0,538.442,97.872,1.0,531.371,104.278,1.0,523.225,106.981,1.0,443.616,110.213,1.0,456.71,107.49,1.0,467.599,108.037,1.0,476.16,102.491,1.0,486.581,106.39,1.0,,,0.0,1031.973,450.268,1.0,1029.488,462.322,1.0,1032.173,473.367,1.0,1027.336,480.26,1.0,248.392,356.859,1.0,249.136,360.132,1.0,243.48,373.127,1.0,239.731,381.553,1.0,239.687,392.398,1.0,1029.56,415.602,1.0,1023.736,404.689,1.0,1022.071,403.349,1.0,1021.58,392.713,1.0,1021.546,386.38,1.0
863,561.206,95.203,1.0,551.161,95.263,1.0,540.453,97.31,1.0,533.917,104.475,1.0,524.293,105.439,1.0,443.616,111.778,1.0,456.71,107.63,1.0,467.599,107.935,1.0,476.022,102.586,1.0,486.581,106.39,1.0,,,0.0,1030.552,449.682,1.0,1028.569,462.246,1.0,1032.173,473.028,1.0,1027.444,480.132,1.0,247.99,351.936,1.0,249.136,357.343,1.0,244.832,370.85,1.0,241.052,377.004,1.0,239.687,390.711,1.0,1029.367,415.028,1.0,1023.961,404.666,1.0,1022.071,403.349,1.0,1021.594,392.713,1.0,1021.567,386.385,1.0
864,561.487,95.154,1.0,551.449,95.11,1.0,540.981,97.302,1.0,534.04,104.537,1.0,524.886,105.06,1.0,443.616,111.778,1.0,457.14,107.671,1.0,467.774,107.752,1.0,476.022,102.646,1.0,486.581,107.022,1.0,1035.528,448.841,1.0,1030.511,449.579,1.0,1028.1,461.93,1.0,1032.173,472.417,1.0,1027.445,479.637,1.0,247.99,349.844,1.0,249.136,356.382,1.0,245.359,369.548,1.0,241.807,376.003,1.0,243.422,390.385,1.0,,,0.0,1024.128,404.437,1.0,1022.071,403.349,1.0,1021.594,392.713,1.0,1021.567,386.385,1.0
865,561.543,95.154,1.0,551.161,94.736,1.0,541.029,97.224,1.0,534.204,104.537,1.0,525.033,105.016,1.0,448.54,113.456,1.0,457.465,108.924,1.0,468.089,107.044,1.0,475.436,103.006,1.0,486.581,107.022,1.0,1029.52,447.434,1.0,1029.804,449.559,1.0,1027.872,461.798,1.0,1031.573,472.191,1.0,1027.336,479.524,1.0,247.99,349.221,1.0,248.937,356.165,1.0,245.359,369.202,1.0,241.807,375.243,1.0,243.779,389.657,1.0,,,0.0,1024.778,404.437,1.0,1022.136,403.486,1.0,1021.594,392.722,1.0,1021.695,386.385,1.0
866,561.567,95.154,1.0,551.449,94.736,1.0,541.294,97.224,1.0,534.575,104.562,1.0,525.262,104.637,1.0,449.285,114.096,1.0,457.716,109.008,1.0,468.19,107.044,1.0,474.976,103.048,1.0,485.584,107.022,1.0,1027.196,442.335,1.0,1029.062,447.259,1.0,1026.805,461.044,1.0,1029.824,471.412,1.0,1027.336,477.812,1.0,247.99,348.826,1.0,248.258,355.832,1.0,245.359,368.401,1.0,241.807,374.939,1.0,243.852,389.607,1.0,,,0.0,1025.267,404.666,1.0,1022.182,403.535,1.0,1021.356,392.722,1.0,1021.774,386.385,1.0
867,561.567,95.154,1.0,551.464,92.976,1.0,541.303,97.224,1.0,534.575,104.562,1.0,525.506,104.573,1.0,449.285,114.78,1.0,457.716,109.025,1.0,468.19,107.044,1.0,474.87,103.099,1.0,485.455,106.976,1.0,,,0.0,1028.926,445.301,1.0,1026.191,458.108,1.0,1029.694,467.146,1.0,1027.267,475.131,1.0,248.677,348.113,1.0,248.229,355.829,1.0,245.206,368.387,1.0,241.807,374.79,1.0,243.864,389.38,1.0,1027.739,427.802,1.0,1025.372,404.666,1.0,1022.182,403.692,1.0,1021.356,392.734,1.0,1021.883,386.391,1.0
868,561.597,95.007,1.0,551.616,92.976,1.0,542.192,97.073,1.0,534.751,104.562,1.0,525.875,104.349,1.0,449.285,114.78,1.0,457.465,109.164,1.0,468.089,107.044,1.0,474.87,103.099,1.0,482.665,105.838,1.0,,,0.0,1028.816,444.625,1.0,1025.724,456.643,1.0,1029.528,464.838,1.0,1027.267,473.772,1.0,248.801,347.065,1.0,248.229,355.301,1.0,245.206,367.848,1.0,241.828,374.466,1.0,243.864,389.025,1.0,1027.59,427.784,1.0,1025.372,404.674,1.0,1022.519,403.692,1.0,1021.356,392.734,1.0,1021.883,386.374,1.0
869,562.829,94.629,1.0,552.898,92.976,1.0,544.914,96.529,1.0,535.167,103.917,1.0,526.84,104.349,1.0,449.285,114.831,1.0,457.465,109.189,1.0,468.089,107.157,1.0,474.976,103.006,1.0,482.423,105.778,1.0,,,0.0,1028.664,444.559,1.0,1025.467,456.143,1.0,1029.068,464.359,1.0,1027.225,473.702,1.0,248.801,347.065,1.0,248.12,355.829,1.0,245.206,367.384,1.0,241.902,374.177,1.0,243.864,389.025,1.0,1027.59,427.501,1.0,1025.381,404.843,1.0,1022.87,403.535,1.0,1021.277,392.754,1.0,1021.809,386.369,1.0
870,565.708,92.697,1.0,554.84,92.976,1.0,547.053,95.919,1.0,537.701,103.376,1.0,528.731,104.345,1.0,449.285,114.874,1.0,457.716,109.324,1.0,468.076,107.217,1.0,475.094,103.158,1.0,482.423,105.517,1.0,,,0.0,1028.224,444.404,1.0,1025.467,455.495,1.0,1028.778,463.668,1.0,1027.225,473.702,1.0,248.801,345.981,1.0,247.664,355.832,1.0,245.206,367.384,1.0,241.902,374.177,1.0,237.616,386.683,1.0,1027.612,427.501,1.0,1025.381,404.843,1.0,1022.87,403.439,1.0,1021.249,392.816,1.0,1021.809,386.369,1.0
871,566.004,92.542,1.0,555.399,92.999,1.0,548.093,95.853,1.0,539.416,102.099,1.0,529.78,103.681,1.0,449.213,114.895,1.0,457.241,109.615,1.0,467.899,107.373,1.0,475.266,102.813,1.0,482.403,105.778,1.0,,,0.0,1028.151,444.349,1.0,1025.467,455.495,1.0,1028.778,463.635,1.0,1027.225,473.702,1.0,248.459,345.981,1.0,246.947,359.28,1.0,245.288,367.1,1.0,241.902,374.177,1.0,236.839,386.059,1.0,1027.59,427.501,1.0,1025.381,404.819,1.0,1022.942,403.389,1.0,1021.249,393.009,1.0,1021.809,386.369,1.0
872,567.806,92.483,1.0,556.941,92.999,1.0,548.75,95.853,1.0,539.851,101.36,1.0,530.74,103.681,1.0,449.213,115.326,1.0,457.241,109.864,1.0,467.201,108.636,1.0,475.266,102.813,1.0,482.335,105.778,1.0,,,0.0,1028.069,444.313,1.0,1025.467,455.495,1.0,1028.778,463.356,1.0,1027.225,473.643,1.0,248.159,345.981,1.0,246.947,359.28,1.0,245.372,366.577,1.0,239.613,374.177,1.0,236.839,383.452,1.0,1027.59,427.346,1.0,1025.444,404.726,1.0,1022.942,403.389,1.0,1020.821,393.11,1.0,1021.527,386.178,1.0
873,568.014,92.483,1.0,557.067,92.943,1.0,548.798,95.713,1.0,540.029,101.11,1.0,531.01,103.681,1.0,443.729,116.19,1.0,455.087,111.352,1.0,466.365,109.748,1.0,475.266,104.243,1.0,482.025,106.438,1.0,,,0.0,1027.774,444.043,1.0,1026.552,455.495,1.0,1029.146,462.197,1.0,1027.225,473.643,1.0,247.616,353.265,1.0,246.603,359.28,1.0,245.288,366.509,1.0,239.457,374.326,1.0,236.998,379.263,1.0,1027.526,427.346,1.0,1025.444,404.726,1.0,1023.119,403.356,1.0,1020.74,393.404,1.0,1021.379,386.162,1.0
874,568.348,92.542,1.0,557.447,92.847,1.0,549.046,95.376,1.0,540.486,101.109,1.0,531.669,103.36,1.0,441.597,116.43,1.0,452.212,112.964,1.0,463.531,110.646,1.0,473.292,104.553,1.0,481.917,107.223,1.0,1031.235,434.046,1.0,1027.101,442.982,1.0,1026.642,455.268,1.0,1030.288,462.197,1.0,1028.066,473.896,1.0,247.296,353.265,1.0,246.603,359.008,1.0,244.99,366.28,1.0,239.022,374.326,1.0,236.998,378.616,1.0,,,0.0,1025.444,404.507,1.0,1023.138,403.356,1.0,1020.683,393.715,1.0,1021.379,386.162,1.0
875,568.436,92.792,1.0,557.732,92.29,1.0,549.345,95.376,1.0,541.25,100.839,1.0,531.686,102.988,1.0,440.536,116.689,1.0,450.179,115.784,1.0,461.06,112.31,1.0,467.785,109.205,1.0,477.026,107.953,1.0,1031.224,430.289,1.0,1026.615,442.359,1.0,1027.071,451.288,1.0,1032.319,461.727,1.0,1029.521,473.613,1.0,247.296,353.265,1.0,246.603,358.952,1.0,244.992,366.28,1.0,239.086,374.324,1.0,236.998,378.4,1.0,,,0.0,,,0.0,1023.869,403.55,1.0,1020.683,394.934,1.0,1021.498,386.162,1.0
876,568.636,93.281,1.0,559.056,91.399,1.0,550.316,95.376,1.0,541.758,100.736,1.0,531.785,102.095,1.0,440.467,116.991,1.0,450.018,115.784,1.0,460.779,112.31,1.0,467.379,109.205,1.0,476.667,107.953,1.0,1031.224,430.289,1.0,1026.615,441.203,1.0,1027.461,450.226,1.0,1032.449,461.727,1.0,1029.521,473.613,1.0,247.551,353.265,1.0,246.738,358.952,1.0,244.99,366.28,1.0,239.086,374.324,1.0,236.998,378.266,1.0,,,0.0,,,0.0,1024.712,403.699,1.0,1020.683,395.179,1.0,1021.498,386.116,1.0
877,574.131,93.281,1.0,566.623,88.945,1.0,553.652,96.189,1.0,543.666,100.577,1.0,533.115,100.789,1.0,440.328,117.145,1.0,449.777,115.953,1.0,460.672,112.32,1.0,467.379,109.257,1.0,475.811,107.953,1.0,1031.224,429.934,1.0,1026.586,439.081,1.0,1028.401,448.829,1.0,1032.608,461.727,1.0,1029.521,473.475,1.0,247.551,353.224,1.0,246.738,359.008,1.0,244.815,366.303,1.0,239.022,374.326,1.0,236.989,378.266,1.0,,,0.0,,,0.0,1024.712,404.173,1.0,1020.924,395.278,1.0,1021.536,386.235,1.0
878,574.66,93.281,1.0,566.781,88.698,1.0,555.235,96.473,1.0,543.968,98.168,1.0,534.302,99.534,1.0,440.467,117.235,1.0,449.727,116.11,1.0,460.672,112.484,1.0,467.34,109.257,1.0,475.762,107.682,1.0,1031.224,429.934,1.0,1026.586,438.674,1.0,1029.947,447.918,1.0,1032.608,460.527,1.0,1027.087,469.682,1.0,247.551,352.862,1.0,246.931,359.802,1.0,244.531,367.688,1.0,238.942,375.658,1.0,236.143,378.305,1.0,,,0.0,,,0.0,1024.8,404.192,1.0,1020.963,395.314,1.0,1021.536,386.3,1.0
879,576.302,92.781,1.0,567.414,88.669,1.0,556.182,96.554,1.0,545.122,98.168,1.0,537.368,99.327,1.0,440.536,117.235,1.0,449.429,116.255,1.0,460.672,112.484,1.0,467.34,109.44,1.0,475.702,107.682,1.0,,,0.0,,,0.0,1030.855,447.294,1.0,1032.604,460.094,1.0,1026.878,469.281,1.0,248.933,350.376,1.0,247.167,360.04,1.0,244.011,368.102,1.0,238.88,375.658,1.0,236.101,378.266,1.0,1032.719,430.122,1.0,1023.735,417.216,1.0,1024.712,404.257,1.0,1020.963,395.314,1.0,1021.631,386.3,1.0
880,576.429,92.226,1.0,567.782,88.669,1.0,556.182,96.473,1.0,545.406,98.168,1.0,537.618,98.846,1.0,440.467,120.742,1.0,448.854,116.814,1.0,460.672,112.06,1.0,467.34,109.44,1.0,475.251,107.682,1.0,,,0.0,,,0.0,1031.402,447.058,1.0,1032.608,459.965,1.0,1026.566,469.082,1.0,249.677,350.376,1.0,247.33,360.04,1.0,244.011,368.102,1.0,238.837,375.658,1.0,236.101,378.305,1.0,1030.787,,1.0,1024.289,418.029,1.0,1024.702,404.686,1.0,1020.924,395.278,1.0,1021.885,386.0,1.0
881,576.429,92.155,1.0,567.835,88.548,1.0,556.218,96.473,1.0,545.803,98.59,1.0,537.669,98.744,1.0,440.092,122.802,1.0,448.564,118.838,1.0,459.646,109.495,1.0,466.732,110.695,1.0,475.186,108.447,1.0,1029.884,428.625,1.0,1023.734,416.248,1.0,1031.466,447.058,1.0,1032.683,459.965,1.0,1026.546,469.082,1.0,251.532,350.376,1.0,248.462,360.04,1.0,244.089,367.688,1.0,238.837,375.57,1.0,236.101,378.527,1.0,1030.906,430.122,0.0,1024.289,417.243,0.0,1018.764,405.714,1.0,1020.924,394.418,1.0,1021.99,386.302,1.0
882,576.302,92.155,1.0,567.835,88.267,1.0,556.234,96.473,1.0,546.405,98.59,1.0,538.768,98.702,1.0,439.168,123.298,1.0,448.114,119.174,1.0,456.579,109.495,1.0,465.389,111.459,1.0,474.727,108.464,1.0,,,0.0,,,0.0,1031.621,447.058,1.0,1032.855,459.965,1.0,1026.546,469.082,1.0,256.205,354.675,1.0,252.766,359.513,1.0,244.089,365.362,1.0,238.837,372.38,1.0,238.388,378.92,1.0,1031.631,431.096,1.0,1025.071,418.029,1.0,1018.764,406.453,1.0,1020.988,394.418,1.0,1022.099,386.302,1.0
883,576.429,92.042,1.0,567.835,87.897,1.0,557.035,96.209,1.0,547.5,98.59,1.0,540.949,98.702,1.0,438.789,123.776,1.0,447.19,119.181,1.0,456.508,109.495,1.0,465.357,111.678,1.0,474.658,108.591,1.0,,,0.0,,,0.0,1031.621,446.977,1.0,1032.866,459.965,1.0,1026.566,469.086,1.0,258.012,354.675,1.0,253.752,358.898,1.0,244.292,364.591,1.0,238.915,371.533,1.0,239.139,378.92,1.0,1030.906,430.69,1.0,1024.749,417.243,1.0,1018.764,406.785,1.0,1021.021,394.418,1.0,1022.128,386.302,1.0
884,576.207,87.319,1.0,567.782,86.725,1.0,558.063,94.233,1.0,550.261,97.547,1.0,541.82,98.702,1.0,437.413,125.844,1.0,447.19,120.541,1.0,454.888,110.935,1.0,464.85,111.816,1.0,473.692,108.646,1.0,,,0.0,,,0.0,1031.621,446.977,1.0,1032.866,459.9,1.0,1026.613,469.086,1.0,259.6,354.675,1.0,254.889,358.366,1.0,244.497,364.235,1.0,239.278,370.363,1.0,239.193,378.92,1.0,1030.906,430.584,1.0,1024.749,416.803,1.0,1018.927,406.785,1.0,1021.021,394.426,1.0,1022.128,386.316,1.0
885,576.207,83.952,1.0,566.999,85.53,1.0,561.76,92.824,1.0,552.681,97.377,1.0,542.696,99.381,1.0,436.882,126.272,1.0,447.143,120.541,1.0,454.194,111.168,1.0,464.642,111.973,1.0,472.678,108.646,1.0,,,0.0,,,0.0,1031.544,448.153,1.0,1032.866,459.63,1.0,1026.699,469.086,1.0,262.883,351.081,1.0,256.433,358.33,1.0,245.598,362.195,1.0,240.096,367.533,1.0,239.193,377.168,1.0,1030.906,430.584,1.0,1024.749,416.803,1.0,1018.927,406.802,1.0,1021.021,394.426,1.0,1022.307,386.316,1.0
886,576.503,83.692,1.0,566.999,85.53,1.0,562.247,92.604,1.0,552.681,96.075,1.0,543.459,99.381,1.0,436.777,126.272,1.0,446.63,120.541,1.0,453.983,111.168,1.0,464.642,112.338,1.0,472.678,108.797,1.0,,,0.0,,,0.0,1031.465,448.153,1.0,1032.439,459.239,1.0,1026.699,468.067,1.0,262.883,351.081,1.0,256.918,358.011,1.0,246.071,361.066,1.0,241.465,366.712,1.0,239.193,376.345,1.0,1030.879,429.655,1.0,1024.749,416.543,1.0,1018.927,406.785,1.0,1020.704,394.426,1.0,1022.307,386.316,1.0
887,576.949,82.952,1.0,566.999,85.41,1.0,562.462,92.314,1.0,552.681,95.516,1.0,543.476,99.381,1.0,436.777,126.272,1.0,446.233,120.541,1.0,453.975,111.269,1.0,464.485,112.379,1.0,472.678,108.913,1.0,,,0.0,,,0.0,1029.578,446.977,1.0,1031.571,458.811,1.0,1026.613,467.01,1.0,262.883,351.067,1.0,256.918,357.964,1.0,246.071,360.526,1.0,241.465,366.712,1.0,238.905,375.77,1.0,,429.511,1.0,1024.892,418.003,1.0,1017.976,406.65,1.0,1020.704,394.443,1.0,1023.205,385.683,1.0
888,579.288,82.701,1.0,568.306,85.41,1.0,562.786,92.259,1.0,550.942,95.497,1.0,543.607,98.946,1.0,436.777,125.715,1.0,446.233,120.541,1.0,453.781,111.288,1.0,464.485,112.379,1.0,472.676,109.104,1.0,1030.48,427.984,1.0,,,1.0,1029.277,,1.0,1030.96,458.183,1.0,1027.051,466.541,1.0,263.112,351.067,1.0,256.918,357.437,1.0,246.071,360.524,1.0,241.479,366.685,1.0,238.845,375.77,1.0,1030.719,,0.0,1024.892,418.003,0.0,1017.976,406.109,1.0,1020.703,393.6,1.0,1023.205,385.113,1.0
889,579.866,81.942,1.0,568.844,85.41,1.0,562.929,92.259,1.0,550.942,95.516,1.0,543.781,98.928,1.0,436.611,125.685,1.0,445.905,120.699,1.0,452.922,111.388,1.0,463.891,112.338,1.0,472.704,108.913,1.0,,,,1027.867,432.14,,,,,,,,1026.779,,,263.112,350.323,1.0,256.918,357.299,1.0,246.071,360.401,1.0,241.492,366.685,1.0,238.803,375.77,1.0,1030.719,422.208,1.0,1025.746,429.896,1.0,1017.976,402.558,1.0,1020.703,392.824,1.0,1023.205,384.209,1.0
890,580.393,81.773,1.0,568.946,85.532,1.0,563.033,92.259,1.0,550.942,95.497,1.0,544.347,98.797,1.0,436.369,125.409,1.0,445.451,120.699,1.0,452.714,111.814,1.0,463.215,112.264,1.0,472.704,108.913,1.0,1030.212,420.167,1.0,1027.867,432.891,1.0,1026.968,446.431,1.0,1030.32,457.426,1.0,1028.873,461.756,1.0,263.683,349.921,1.0,256.918,357.292,1.0,245.958,360.151,1.0,242.212,365.579,1.0,238.501,377.218,1.0,,,0.0,,,0.0,1022.417,396.749,1.0,1020.703,388.905,1.0,1020.167,382.116,1.0
891,581.201,81.099,1.0,573.395,85.41,1.0,564.05,91.831,1.0,553.559,95.37,1.0,545.03,97.015,1.0,434.621,124.898,1.0,444.702,120.725,1.0,452.141,113.03,1.0,460.399,108.529,1.0,472.237,108.2,1.0,1028.268,415.431,1.0,1027.867,432.14,1.0,1026.618,445.392,1.0,1029.77,455.574,1.0,1028.791,461.29,1.0,264.147,349.921,1.0,256.729,357.285,1.0,245.958,360.119,1.0,242.303,365.0,1.0,238.501,377.218,1.0,,,0.0,,,0.0,1023.678,395.099,1.0,1019.734,388.142,1.0,1019.896,380.684,1.0
892,584.062,80.882,1.0,573.924,85.009,1.0,565.534,91.376,1.0,554.637,94.15,1.0,545.707,96.594,1.0,434.621,124.898,1.0,444.702,120.725,1.0,452.141,113.03,1.0,460.195,108.342,1.0,472.179,108.124,1.0,1027.554,415.114,1.0,1027.204,432.089,1.0,1026.143,445.29,1.0,1029.77,455.574,1.0,1028.462,461.186,1.0,264.76,349.921,1.0,256.729,357.285,1.0,246.638,359.594,1.0,242.325,364.909,1.0,237.998,377.218,1.0,,,0.0,,,0.0,1024.047,395.099,1.0,1019.734,388.142,1.0,1019.857,380.669,1.0
893,585.576,80.857,1.0,575.384,85.226,1.0,566.15,91.376,1.0,556.904,93.834,1.0,547.478,95.995,1.0,434.621,124.898,1.0,444.356,120.623,1.0,451.889,113.376,1.0,459.683,108.004,1.0,472.235,107.708,1.0,1027.554,415.114,1.0,1027.204,431.939,1.0,1026.143,445.29,1.0,1029.875,455.574,1.0,1028.462,460.908,1.0,266.055,351.493,1.0,257.538,353.083,1.0,246.659,358.394,1.0,244.896,363.963,1.0,237.998,374.948,1.0,,,0.0,,,0.0,1024.047,395.099,1.0,1019.734,388.142,1.0,1019.748,380.531,1.0
894,585.79,80.001,1.0,576.198,85.226,1.0,570.017,91.376,1.0,557.529,93.389,1.0,548.753,96.005,1.0,436.207,125.625,1.0,441.986,119.129,1.0,451.889,113.383,1.0,459.505,107.817,1.0,472.124,108.041,1.0,1027.554,415.431,1.0,1027.196,431.939,1.0,1026.143,445.29,1.0,1030.106,455.589,1.0,1028.494,461.186,1.0,266.199,352.572,1.0,256.875,352.573,1.0,246.659,357.775,1.0,245.787,362.446,1.0,238.52,373.624,1.0,,,0.0,,,0.0,1024.047,395.192,1.0,1019.766,388.464,1.0,1019.726,380.531,1.0
895,586.173,79.844,1.0,576.198,85.009,1.0,570.179,91.376,1.0,557.661,93.381,1.0,549.163,96.005,1.0,438.513,127.885,1.0,442.702,119.611,1.0,450.648,113.383,1.0,459.505,107.817,1.0,471.178,108.041,1.0,1027.554,415.114,1.0,1026.285,431.701,1.0,1026.318,445.458,1.0,1030.106,455.966,1.0,1028.494,461.109,1.0,266.199,352.572,1.0,256.875,351.46,1.0,246.964,355.994,1.0,246.422,362.031,1.0,238.69,372.686,1.0,,,0.0,,,0.0,1024.02,396.032,1.0,1019.766,389.436,1.0,1019.726,380.658,1.0
896,586.347,79.645,1.0,577.269,84.846,1.0,570.503,91.376,1.0,557.669,93.29,1.0,549.163,96.005,1.0,440.614,130.235,1.0,442.702,119.611,1.0,450.153,113.475,1.0,459.357,107.817,1.0,470.556,108.041,1.0,1026.381,422.492,1.0,1025.976,431.701,1.0,1026.594,445.458,1.0,1030.237,455.966,1.0,1028.494,461.109,1.0,266.665,352.515,1.0,257.431,351.439,1.0,246.964,355.704,1.0,246.422,361.768,1.0,238.52,372.55,1.0,,,0.0,,,0.0,1023.651,396.032,1.0,1019.806,389.436,1.0,1019.857,380.658,1.0
897,586.557,79.645,1.0,577.836,84.744,1.0,570.874,91.257,1.0,557.699,93.132,1.0,549.199,95.742,1.0,440.614,130.235,1.0,442.702,119.611,1.0,450.153,113.94,1.0,459.267,107.851,1.0,470.513,108.041,1.0,,422.492,0.0,1025.657,431.701,1.0,1028.063,445.458,1.0,1030.658,455.966,1.0,1028.494,460.908,1.0,266.665,352.515,1.0,257.538,350.222,1.0,246.964,354.863,1.0,246.422,361.531,1.0,238.641,372.155,1.0,,421.242,1.0,,,0.0,1023.607,396.032,1.0,1019.831,389.436,1.0,1020.072,380.637,1.0
898,587.122,79.305,1.0,577.991,84.468,1.0,571.042,90.225,1.0,560.095,91.529,1.0,550.05,95.137,1.0,440.614,130.313,1.0,442.943,119.809,1.0,450.153,113.94,1.0,459.15,107.851,1.0,470.304,108.041,1.0,1020.802,427.511,1.0,1022.651,431.015,1.0,1028.486,443.897,1.0,1030.907,454.999,1.0,1024.145,459.665,1.0,266.665,352.431,1.0,260.261,348.374,1.0,246.768,354.863,1.0,246.771,361.531,1.0,238.641,372.106,1.0,1024.228,,0.0,,,0.0,1023.607,394.98,1.0,1019.831,388.072,1.0,1020.072,380.637,1.0
899,587.122,79.204,1.0,577.991,84.091,1.0,571.042,86.643,1.0,560.095,90.852,1.0,550.05,94.058,1.0,439.809,130.313,1.0,442.943,119.809,1.0,449.971,113.94,1.0,458.725,107.851,1.0,469.997,107.769,1.0,,,0.0,,,0.0,1028.486,443.084,1.0,1030.907,454.25,1.0,1023.467,459.489,1.0,266.665,352.39,1.0,260.261,347.586,1.0,246.646,354.519,1.0,246.319,361.378,1.0,238.641,371.751,1.0,1024.228,420.279,1.0,1022.751,433.917,1.0,1023.607,393.544,1.0,1019.831,386.728,1.0,1020.072,380.155,1.0
900,586.347,79.204,1.0,577.991,83.306,1.0,570.874,85.169,1.0,560.095,89.84,1.0,548.956,93.973,1.0,439.492,129.4,1.0,442.943,119.809,1.0,449.816,113.475,1.0,458.297,107.74,1.0,469.915,107.272,1.0,,,0.0,,,0.0,1028.486,442.624,1.0,1030.907,453.983,1.0,1023.458,459.429,1.0,266.62,351.798,1.0,260.261,347.54,1.0,246.353,354.4,1.0,246.291,361.27,1.0,238.349,371.477,1.0,1023.351,418.215,1.0,1021.224,433.771,1.0,1023.607,392.372,1.0,1019.831,384.864,1.0,1018.571,377.713,1.0
