scorer,DLC_dlcrnetms5_basler-larval-tracking-metforminMay6shuffle1_200000,DLC_dlcrnetms5_basler-larval-tracking-metforminMay6shuffle1_200000,DLC_dlcrnetms5_basler-larval-tracking-metforminMay6shuffle1_200000,DLC_dlcrnetms5_basler-larval-tracking-metforminMay6shuffle1_200000,DLC_dlcrnetms5_basler-larval-tracking-metforminMay6shuffle1_200000,DLC_dlcrnetms5_basler-larval-tracking-metforminMay6shuffle1_200000,DLC_dlcrnetms5_basler-larval-tracking-metforminMay6shuffle1_200000,DLC_dlcrnetms5_basler-larval-tracking-metforminMay6shuffle1_200000,DLC_dlcrnetms5_basler-larval-tracking-metforminMay6shuffle1_200000,DLC_dlcrnetms5_basler-larval-tracking-metforminMay6shuffle1_200000,DLC_dlcrnetms5_basler-larval-tracking-metforminMay6shuffle1_200000,DLC_dlcrnetms5_basler-larval-tracking-metforminMay6shuffle1_200000,DLC_dlcrnetms5_basler-larval-tracking-metforminMay6shuffle1_200000,DLC_dlcrnetms5_basler-larval-tracking-metforminMay6shuffle1_200000,DLC_dlcrnetms5_basler-larval-tracking-metforminMay6shuffle1_200000,DLC_dlcrnetms5_basler-larval-tracking-metforminMay6shuffle1_200000,DLC_dlcrnetms5_basler-larval-tracking-metforminMay6shuffle1_200000,DLC_dlcrnetms5_basler-larval-tracking-metforminMay6shuffle1_200000,DLC_dlcrnetms5_basler-larval-tracking-metforminMay6shuffle1_200000,DLC_dlcrnetms5_basler-larval-tracking-metforminMay6shuffle1_200000,DLC_dlcrnetms5_basler-larval-tracking-metforminMay6shuffle1_200000,DLC_dlcrnetms5_basler-larval-tracking-metforminMay6shuffle1_200000,DLC_dlcrnetms5_basler-larval-tracking-metforminMay6shuffle1_200000,DLC_dlcrnetms5_basler-larval-tracking-metforminMay6shuffle1_200000,DLC_dlcrnetms5_basler-larval-tracking-metforminMay6shuffle1_200000,DLC_dlcrnetms5_basler-larval-tracking-metforminMay6shuffle1_200000,DLC_dlcrnetms5_basler-larval-tracking-metforminMay6shuffle1_200000,DLC_dlcrnetms5_basler-larval-tracking-metforminMay6shuffle1_200000,DLC_dlcrnetms5_basler-larval-tracking-metforminMay6shuffle1_200000,DLC_dlcrnetms5_basler-larval-tracking-metforminMay6shuffle1_200000,DLC_dlcrnetms5_basler-larval-tracking-metforminMay6shuffle1_200000,DLC_dlcrnetms5_basler-larval-tracking-metforminMay6shuffle1_200000,DLC_dlcrnetms5_basler-larval-tracking-metforminMay6shuffle1_200000,DLC_dlcrnetms5_basler-larval-tracking-metforminMay6shuffle1_200000,DLC_dlcrnetms5_basler-larval-tracking-metforminMay6shuffle1_200000,DLC_dlcrnetms5_basler-larval-tracking-metforminMay6shuffle1_200000,DLC_dlcrnetms5_basler-larval-tracking-metforminMay6shuffle1_200000,DLC_dlcrnetms5_basler-larval-tracking-metforminMay6shuffle1_200000,DLC_dlcrnetms5_basler-larval-tracking-metforminMay6shuffle1_200000,DLC_dlcrnetms5_basler-larval-tracking-metforminMay6shuffle1_200000,DLC_dlcrnetms5_basler-larval-tracking-metforminMay6shuffle1_200000,DLC_dlcrnetms5_basler-larval-tracking-metforminMay6shuffle1_200000,DLC_dlcrnetms5_basler-larval-tracking-metforminMay6shuffle1_200000,DLC_dlcrnetms5_basler-larval-tracking-metforminMay6shuffle1_200000,DLC_dlcrnetms5_basler-larval-tracking-metforminMay6shuffle1_200000,DLC_dlcrnetms5_basler-larval-tracking-metforminMay6shuffle1_200000,DLC_dlcrnetms5_basler-larval-tracking-metforminMay6shuffle1_200000,DLC_dlcrnetms5_basler-larval-tracking-metforminMay6shuffle1_200000,DLC_dlcrnetms5_basler-larval-tracking-metforminMay6shuffle1_200000,DLC_dlcrnetms5_basler-larval-tracking-metforminMay6shuffle1_200000,DLC_dlcrnetms5_basler-larval-tracking-metforminMay6shuffle1_200000,DLC_dlcrnetms5_basler-larval-tracking-metforminMay6shuffle1_200000,DLC_dlcrnetms5_basler-larval-tracking-metforminMay6shuffle1_200000,DLC_dlcrnetms5_basler-larval-tracking-metforminMay6shuffle1_200000,DLC_dlcrnetms5_basler-larval-tracking-metforminMay6shuffle1_200000,DLC_dlcrnetms5_basler-larval-tracking-metforminMay6shuffle1_200000,DLC_dlcrnetms5_basler-larval-tracking-metforminMay6shuffle1_200000,DLC_dlcrnetms5_basler-larval-tracking-metforminMay6shuffle1_200000,DLC_dlcrnetms5_basler-larval-tracking-metforminMay6shuffle1_200000,DLC_dlcrnetms5_basler-larval-tracking-metforminMay6shuffle1_200000,DLC_dlcrnetms5_basler-larval-tracking-metforminMay6shuffle1_200000,DLC_dlcrnetms5_basler-larval-tracking-metforminMay6shuffle1_200000,DLC_dlcrnetms5_basler-larval-tracking-metforminMay6shuffle1_200000,DLC_dlcrnetms5_basler-larval-tracking-metforminMay6shuffle1_200000,DLC_dlcrnetms5_basler-larval-tracking-metforminMay6shuffle1_200000,DLC_dlcrnetms5_basler-larval-tracking-metforminMay6shuffle1_200000,DLC_dlcrnetms5_basler-larval-tracking-metforminMay6shuffle1_200000,DLC_dlcrnetms5_basler-larval-tracking-metforminMay6shuffle1_200000,DLC_dlcrnetms5_basler-larval-tracking-metforminMay6shuffle1_200000,DLC_dlcrnetms5_basler-larval-tracking-metforminMay6shuffle1_200000,DLC_dlcrnetms5_basler-larval-tracking-metforminMay6shuffle1_200000,DLC_dlcrnetms5_basler-larval-tracking-metforminMay6shuffle1_200000,DLC_dlcrnetms5_basler-larval-tracking-metforminMay6shuffle1_200000,DLC_dlcrnetms5_basler-larval-tracking-metforminMay6shuffle1_200000,DLC_dlcrnetms5_basler-larval-tracking-metforminMay6shuffle1_200000
individuals,larva1,larva1,larva1,larva1,larva1,larva1,larva1,larva1,larva1,larva1,larva1,larva1,larva1,larva1,larva1,larva2,larva2,larva2,larva2,larva2,larva2,larva2,larva2,larva2,larva2,larva2,larva2,larva2,larva2,larva2,larva3,larva3,larva3,larva3,larva3,larva3,larva3,larva3,larva3,larva3,larva3,larva3,larva3,larva3,larva3,larva4,larva4,larva4,larva4,larva4,larva4,larva4,larva4,larva4,larva4,larva4,larva4,larva4,larva4,larva4,larva5,larva5,larva5,larva5,larva5,larva5,larva5,larva5,larva5,larva5,larva5,larva5,larva5,larva5,larva5
bodyparts,mouth,mouth,mouth,midfront,midfront,midfront,mid,mid,mid,midrear,midrear,midrear,rear,rear,rear,mouth,mouth,mouth,midfront,midfront,midfront,mid,mid,mid,midrear,midrear,midrear,rear,rear,rear,mouth,mouth,mouth,midfront,midfront,midfront,mid,mid,mid,midrear,midrear,midrear,rear,rear,rear,mouth,mouth,mouth,midfront,midfront,midfront,mid,mid,mid,midrear,midrear,midrear,rear,rear,rear,mouth,mouth,mouth,midfront,midfront,midfront,mid,mid,mid,midrear,midrear,midrear,rear,rear,rear
coords,x,y,likelihood,x,y,likelihood,x,y,likelihood,x,y,likelihood,x,y,likelihood,x,y,likelihood,x,y,likelihood,x,y,likelihood,x,y,likelihood,x,y,likelihood,x,y,likelihood,x,y,likelihood,x,y,likelihood,x,y,likelihood,x,y,likelihood,x,y,likelihood,x,y,likelihood,x,y,likelihood,x,y,likelihood,x,y,likelihood,x,y,likelihood,x,y,likelihood,x,y,likelihood,x,y,likelihood,x,y,likelihood
0,,,0.0,612.186,429.943,0.0,614.589,436.514,1.0,622.558,437.639,1.0,632.244,446.014,1.0,727.895,522.679,1.0,717.466,514.968,1.0,716.018,526.197,1.0,706.409,512.336,1.0,714.034,502.19,1.0,555.146,493.438,1.0,560.592,484.306,1.0,568.639,489.941,1.0,576.867,486.231,1.0,585.867,483.554,1.0,,,,,,,,,,,,,,,,,,,,,,,,,,,,,,
1,,,0.0,612.186,429.943,0.0,614.589,436.86,1.0,622.558,439.716,1.0,632.244,446.014,1.0,736.387,522.679,1.0,733.88,517.393,1.0,716.298,531.134,1.0,708.132,512.471,1.0,714.034,503.552,1.0,555.146,493.513,1.0,560.592,486.358,1.0,568.639,489.941,1.0,576.867,488.071,1.0,585.867,484.521,1.0,,,,,,,,,,,,,,,,,,,,,,,,,,,,,,
2,,,0.0,612.186,429.943,1.0,614.589,437.013,1.0,622.558,439.788,1.0,632.244,446.014,1.0,737.248,522.679,1.0,734.009,518.073,1.0,718.517,531.31,1.0,708.754,521.203,1.0,714.034,503.889,1.0,555.146,494.977,1.0,560.592,486.358,1.0,568.639,489.941,1.0,576.867,490.161,1.0,585.867,484.829,1.0,,,,,,,,,,,,,,,,,,,,,,,,,,,,,,
3,602.07,414.028,1.0,609.419,428.026,1.0,613.69,437.013,1.0,619.809,443.626,1.0,628.505,444.027,1.0,737.248,529.609,1.0,735.276,517.664,1.0,718.921,531.31,1.0,711.679,513.959,1.0,705.924,512.356,1.0,549.378,494.977,1.0,557.164,486.358,1.0,566.969,489.782,1.0,573.659,488.071,1.0,585.016,484.829,1.0,,,,,,,,,,,,,,,,,,,,,,,,,,,,,,
4,601.726,,1.0,608.996,427.63,1.0,612.38,436.86,1.0,619.578,443.626,1.0,627.461,443.973,1.0,736.387,529.609,1.0,735.276,518.073,1.0,719.239,531.31,1.0,711.679,513.959,1.0,705.924,512.356,1.0,545.442,494.977,1.0,555.178,486.358,1.0,562.152,486.448,1.0,569.433,492.413,1.0,580.692,489.204,1.0,,,,,,,,,,,,,,,,,,,,,,,,,,,,,,
5,,413.885,0.0,,,0.0,611.418,432.773,1.0,618.42,443.626,1.0,626.84,443.39,1.0,736.0,529.609,1.0,735.276,518.154,1.0,719.239,531.545,1.0,709.444,535.907,1.0,705.27,512.673,1.0,542.994,494.661,1.0,554.048,486.358,1.0,561.197,486.277,1.0,568.935,493.1,1.0,580.332,489.738,1.0,,,,,,,,,,,,,,,,,,,,,,,,,,,,,,
6,601.64,413.885,1.0,600.626,420.81,1.0,610.946,432.724,1.0,615.671,439.719,1.0,625.141,440.766,1.0,734.127,541.215,1.0,732.091,535.089,1.0,719.273,531.545,1.0,709.444,535.907,1.0,705.27,512.673,1.0,542.814,494.661,1.0,548.802,487.305,1.0,560.384,486.277,1.0,568.935,493.1,1.0,579.746,489.821,1.0,,,,,,,,,,,,,,,,,,,,,,,,,,,,,,
7,596.521,409.786,1.0,594.052,413.62,1.0,607.531,428.136,1.0,611.49,433.648,1.0,619.641,438.23,1.0,734.127,541.215,1.0,732.091,535.089,1.0,721.402,522.299,1.0,713.694,535.907,1.0,705.27,512.673,1.0,542.495,493.817,1.0,548.75,487.672,1.0,560.218,486.448,1.0,568.662,490.511,1.0,577.944,489.738,1.0,,,,,,,,,,,,,,,,,,,,,,,,,,,,,,
8,595.809,408.104,1.0,592.603,413.532,1.0,605.692,427.017,1.0,575.623,413.746,1.0,568.79,409.084,1.0,734.089,542.914,1.0,732.091,535.089,1.0,724.133,522.299,1.0,714.12,536.174,1.0,713.044,511.84,1.0,540.445,494.661,1.0,546.657,489.347,1.0,558.383,488.121,1.0,566.535,490.511,1.0,574.907,489.738,1.0,,,,,,,,,,,,,,,,,,,,,,,,,,,,,,
9,593.182,405.366,1.0,592.072,412.575,1.0,604.13,426.373,1.0,575.623,413.746,1.0,568.165,409.054,1.0,734.127,542.914,1.0,736.563,528.466,1.0,731.352,529.076,1.0,714.837,536.846,1.0,716.84,513.118,1.0,538.089,495.918,1.0,544.654,491.363,1.0,553.374,491.157,1.0,559.106,490.07,1.0,573.726,489.852,1.0,,,,,,,,,,,,,,,,,,,,,,,,,,,,,,
10,592.976,405.039,1.0,591.706,411.324,1.0,594.392,421.956,1.0,575.623,413.746,1.0,568.041,408.835,1.0,734.36,543.707,1.0,736.563,528.466,1.0,731.352,529.076,1.0,714.956,536.846,1.0,716.84,513.118,1.0,537.659,495.958,1.0,544.324,492.51,1.0,551.997,491.629,1.0,558.456,489.798,1.0,572.564,489.852,1.0,,,,,,,,,,,,,,,,,,,,,,,,,,,,,,
11,592.797,405.008,1.0,591.706,410.953,1.0,594.32,420.03,1.0,575.656,414.054,1.0,568.165,408.835,1.0,749.987,529.854,1.0,736.563,528.466,1.0,735.467,520.894,1.0,714.956,536.881,1.0,716.918,511.84,1.0,537.552,495.918,1.0,544.312,493.069,1.0,551.457,491.731,1.0,558.443,489.798,1.0,571.853,489.852,1.0,,,,,,,,,,,,,,,,,,,,,,,,,,,,,,
12,592.446,404.309,1.0,591.706,409.601,1.0,593.779,417.987,1.0,575.785,414.203,1.0,568.165,408.623,1.0,744.794,550.22,1.0,737.227,528.466,1.0,736.624,527.631,1.0,721.757,536.846,1.0,716.991,513.118,1.0,537.552,495.958,1.0,544.312,493.109,1.0,551.253,491.877,1.0,557.864,489.365,1.0,571.309,490.122,1.0,,,,,,,,,,,,,,,,,,,,,,,,,,,,,,
13,592.446,403.81,1.0,592.95,408.824,1.0,592.944,417.987,1.0,576.1,414.568,1.0,568.358,408.623,1.0,754.922,529.854,1.0,747.426,516.64,1.0,738.725,527.631,1.0,724.451,536.846,1.0,716.991,513.13,1.0,535.784,495.958,1.0,543.22,493.109,1.0,550.32,492.86,1.0,553.117,487.862,1.0,565.717,489.852,1.0,,,,,,,,,,,,,,,,,,,,,,,,,,,,,,
14,592.797,403.345,1.0,593.004,408.585,1.0,592.362,417.987,1.0,605.019,419.698,1.0,568.495,408.835,1.0,762.494,527.111,1.0,756.848,516.945,1.0,739.122,527.631,1.0,729.362,520.542,1.0,728.137,521.831,1.0,523.905,496.201,1.0,533.56,493.953,1.0,545.453,493.935,1.0,552.837,487.862,1.0,563.114,489.373,1.0,,,,,,,,,,,,,,,,,,,,,,,,,,,,,,
15,592.929,402.937,1.0,593.299,408.28,1.0,591.51,417.987,1.0,605.298,419.829,1.0,617.619,430.423,1.0,762.494,527.111,1.0,756.848,516.945,1.0,739.122,527.631,1.0,726.929,536.247,1.0,729.131,521.831,1.0,522.697,497.052,1.0,531.989,494.89,1.0,541.805,494.287,1.0,552.253,487.862,1.0,561.328,489.373,1.0,,,,,,,,,,,,,,,,,,,,,,,,,,,,,,
16,594.368,402.824,1.0,593.644,408.064,1.0,591.219,417.987,1.0,605.3,419.829,1.0,618.025,430.423,1.0,762.494,531.329,1.0,757.2,516.945,1.0,738.725,527.816,1.0,727.757,536.247,1.0,728.137,521.831,1.0,522.082,497.966,1.0,529.77,495.987,1.0,541.256,494.287,1.0,550.868,489.712,1.0,561.198,489.199,1.0,,,,,,,,,,,,,,,,,,,,,,,,,,,,,,
17,594.688,402.401,1.0,593.644,407.937,1.0,591.132,417.583,1.0,605.298,419.698,1.0,618.025,430.448,1.0,762.494,531.329,1.0,757.918,523.078,1.0,735.571,544.298,1.0,727.757,540.498,1.0,728.137,521.831,1.0,522.082,498.318,1.0,529.77,497.538,1.0,540.739,494.982,1.0,550.213,489.867,1.0,560.315,489.199,1.0,,,,,,,,,,,,,,,,,,,,,,,,,,,,,,
18,594.688,401.352,1.0,593.932,407.937,1.0,591.132,417.583,1.0,605.3,419.698,1.0,617.619,430.423,1.0,755.287,557.02,1.0,761.516,523.748,1.0,735.571,546.811,1.0,730.668,536.247,1.0,728.642,516.174,1.0,521.969,498.605,1.0,529.692,499.279,1.0,540.569,495.986,1.0,547.145,491.266,1.0,557.54,489.199,1.0,,,,,,,,,,,,,,,,,,,,,,,,,,,,,,
19,594.368,400.765,1.0,593.932,407.937,1.0,591.103,417.583,1.0,605.3,419.829,1.0,616.94,430.241,1.0,755.287,562.881,1.0,762.38,523.748,1.0,734.725,551.328,1.0,730.668,536.247,1.0,728.642,516.174,1.0,521.929,501.884,1.0,529.25,500.235,1.0,533.815,496.182,1.0,543.664,495.343,1.0,556.359,491.114,1.0,,,,,,,,,,,,,,,,,,,,,,,,,,,,,,
20,594.286,400.745,1.0,594.41,408.397,1.0,586.784,418.854,1.0,605.129,421.552,1.0,612.333,429.413,1.0,755.713,562.881,1.0,763.033,523.748,1.0,735.571,551.328,1.0,744.589,529.377,1.0,728.642,516.174,1.0,517.346,510.0,1.0,527.983,502.649,1.0,533.161,496.182,1.0,539.029,496.483,1.0,551.988,492.918,1.0,,,,,,,,,,,,,,,,,,,,,,,,,,,,,,
21,590.822,400.745,1.0,594.41,408.397,1.0,586.784,418.854,1.0,604.97,422.698,1.0,610.12,428.805,1.0,755.713,562.881,1.0,763.747,523.748,1.0,735.985,551.652,1.0,745.879,529.107,1.0,729.387,519.217,1.0,516.47,510.247,1.0,527.102,503.29,1.0,532.652,497.123,1.0,538.323,497.176,1.0,551.968,493.353,1.0,,,,,,,,,,,,,,,,,,,,,,,,,,,,,,
22,590.805,400.745,1.0,594.41,408.397,1.0,586.784,418.854,1.0,604.596,422.698,1.0,609.404,428.609,1.0,772.531,525.749,1.0,765.455,524.786,1.0,744.831,552.963,1.0,745.879,521.901,1.0,729.466,519.217,1.0,515.699,510.247,1.0,526.959,503.29,1.0,532.324,498.736,1.0,537.024,497.176,1.0,551.369,493.353,1.0,,,,,,,,,,,,,,,,,,,,,,,,,,,,,,
23,589.923,400.437,1.0,591.15,407.005,1.0,586.784,415.318,1.0,602.687,421.552,1.0,609.404,426.44,1.0,778.07,524.533,1.0,768.319,526.664,1.0,747.238,553.424,1.0,745.879,521.703,1.0,744.434,519.217,1.0,515.572,510.0,1.0,526.145,504.013,1.0,531.431,499.052,1.0,536.54,497.482,1.0,549.553,493.873,1.0,,,,,,,,,,,,,,,,,,,,,,,,,,,,,,
24,589.923,400.437,1.0,591.15,404.014,1.0,586.217,414.626,1.0,602.405,416.612,1.0,610.12,423.052,1.0,778.15,524.533,1.0,768.319,526.815,1.0,747.663,557.817,1.0,745.684,521.703,1.0,745.278,519.113,1.0,512.991,509.122,1.0,518.479,504.501,1.0,529.252,500.609,1.0,532.408,498.055,1.0,548.107,493.959,1.0,,,,,,,,,,,,,,,,,,,,,,,,,,,,,,
25,589.923,392.431,1.0,591.15,399.194,1.0,585.975,408.447,1.0,600.826,411.427,1.0,611.664,422.371,1.0,778.823,524.533,1.0,768.69,526.815,1.0,747.663,557.817,1.0,745.684,521.703,1.0,745.278,518.654,1.0,504.967,507.529,1.0,513.854,504.501,1.0,523.521,502.779,1.0,532.173,499.073,1.0,539.58,496.464,1.0,,,,,,,,,,,,,,,,,,,,,,,,,,,,,,
26,590.826,384.401,1.0,593.882,398.944,1.0,585.975,408.447,1.0,598.72,410.769,1.0,611.664,421.591,1.0,778.823,524.533,1.0,768.69,526.815,1.0,748.154,557.817,1.0,745.684,521.659,1.0,745.278,518.654,1.0,503.607,507.409,1.0,513.673,504.295,1.0,523.412,506.234,1.0,530.171,499.346,1.0,537.793,496.464,1.0,,,,,,,,,,,,,,,,,,,,,,,,,,,,,,
27,590.826,383.652,1.0,593.882,398.152,1.0,585.975,407.003,1.0,598.241,410.045,1.0,611.664,421.591,1.0,780.576,524.515,1.0,773.376,526.378,1.0,764.754,524.82,1.0,756.323,521.659,1.0,742.729,519.113,1.0,503.607,507.409,1.0,513.504,504.501,1.0,523.41,506.297,1.0,528.018,499.727,1.0,537.319,496.464,1.0,,,,,,,,,,,,,,,,,,,,,,,,,,,,,,
28,590.826,381.204,1.0,593.882,395.178,1.0,587.103,406.133,1.0,587.531,409.97,1.0,607.706,418.661,1.0,785.878,524.318,1.0,778.815,525.496,1.0,769.346,524.038,1.0,759.32,523.361,1.0,739.482,519.113,1.0,503.123,507.529,1.0,513.01,505.385,1.0,523.15,506.297,1.0,526.981,499.92,1.0,536.266,496.464,1.0,773.645,563.344,1.0,765.205,562.86,1.0,751.95,563.217,1.0,,,0.0,,,0.0,,,,,,,,,,,,,,,
29,584.691,381.204,1.0,591.939,389.634,1.0,587.515,401.77,1.0,584.36,408.944,1.0,599.576,412.147,1.0,787.568,524.318,1.0,781.101,525.496,1.0,769.619,523.516,1.0,759.933,522.952,1.0,740.337,550.555,1.0,502.476,507.529,1.0,510.915,505.422,1.0,519.303,506.347,1.0,523.727,499.92,1.0,535.276,496.464,1.0,773.645,562.113,1.0,765.205,562.86,1.0,751.95,563.217,1.0,746.495,558.094,1.0,,,0.0,,,,,,,,,,,,,,,
30,584.568,380.915,1.0,591.585,389.293,1.0,587.814,400.287,1.0,584.36,407.927,1.0,598.85,412.147,1.0,787.568,523.685,1.0,781.259,525.496,1.0,769.986,523.273,1.0,759.933,523.131,1.0,740.337,550.555,0.0,499.608,506.304,1.0,508.969,506.164,1.0,514.843,506.347,1.0,522.016,505.91,1.0,534.16,499.031,1.0,772.652,562.113,1.0,765.091,562.86,1.0,751.95,563.217,1.0,746.495,553.274,1.0,,,1.0,,,,,,,,,,,,,,,
31,583.593,380.915,1.0,590.227,388.55,1.0,587.515,400.134,1.0,584.317,407.439,1.0,591.562,410.378,1.0,787.568,525.516,1.0,781.357,525.729,1.0,769.986,522.906,1.0,759.933,523.131,1.0,756.423,553.785,1.0,497.14,505.713,1.0,507.658,507.563,1.0,514.13,506.451,1.0,521.041,506.121,1.0,530.684,500.39,1.0,772.652,563.344,1.0,765.091,565.263,1.0,753.082,564.051,1.0,746.495,553.274,1.0,758.033,553.036,0.0,,,,,,,,,,,,,,,
32,583.57,379.193,1.0,587.562,386.664,1.0,587.103,392.997,1.0,584.292,406.349,1.0,590.792,410.183,1.0,788.015,543.913,0.0,783.433,527.832,1.0,772.055,522.177,1.0,760.552,522.952,1.0,760.773,522.475,1.0,496.601,505.713,1.0,507.008,508.331,1.0,514.111,506.451,1.0,521.041,506.121,1.0,530.635,500.556,1.0,772.652,563.777,1.0,765.205,565.745,1.0,753.474,564.146,1.0,747.249,553.274,1.0,758.033,553.036,1.0,,,,,,,,,,,,,,,
33,577.327,369.701,1.0,581.207,376.197,1.0,585.294,386.357,1.0,583.852,400.208,1.0,590.792,402.89,1.0,792.13,543.953,1.0,783.957,531.642,1.0,775.59,522.177,1.0,760.772,522.952,1.0,760.773,,0.0,496.4,505.713,1.0,506.099,508.417,1.0,513.214,506.463,1.0,520.997,506.48,1.0,529.455,500.993,1.0,772.652,566.525,1.0,765.391,565.745,1.0,754.141,564.146,1.0,748.683,553.89,1.0,739.88,522.213,1.0,,,,,,,,,,,,,,,
34,575.606,369.31,1.0,579.847,374.264,1.0,583.126,385.77,1.0,583.472,389.17,1.0,590.792,401.698,1.0,792.13,543.913,1.0,783.974,532.59,1.0,776.255,522.177,1.0,763.531,523.131,1.0,763.19,521.746,1.0,492.68,506.984,1.0,502.316,510.04,1.0,511.922,506.691,1.0,520.301,507.021,1.0,527.459,501.504,1.0,772.652,573.498,1.0,769.401,565.963,1.0,757.165,564.146,1.0,749.852,556.299,1.0,,553.496,0.0,,,,,,,,,,,,,,,
35,574.012,368.753,1.0,581.207,376.197,1.0,,383.886,1.0,581.303,400.208,1.0,590.792,402.89,1.0,792.13,543.913,1.0,784.864,532.59,1.0,776.827,522.269,1.0,771.551,523.714,1.0,760.773,540.519,1.0,490.839,512.52,1.0,499.378,511.176,1.0,505.387,510.525,1.0,511.345,507.468,1.0,523.343,503.501,1.0,776.957,574.866,1.0,770.994,565.745,1.0,759.656,562.8,1.0,755.094,560.341,1.0,,,0.0,,,,,,,,,,,,,,,
36,,,,591.59,409.601,,582.87,,,,415.111,,,402.467,,792.988,543.812,1.0,784.864,532.991,1.0,777.711,523.62,1.0,772.771,525.184,1.0,762.355,526.438,0.0,490.068,515.173,1.0,498.612,511.814,1.0,504.634,511.169,1.0,510.712,507.468,1.0,522.424,504.397,1.0,776.957,575.133,1.0,772.678,566.145,1.0,761.82,562.8,1.0,756.786,560.617,1.0,,,1.0,,,,,,,,,,,,,,,
37,571.671,365.615,1.0,591.63,410.857,1.0,582.87,382.327,1.0,582.3,416.424,1.0,589.929,405.819,1.0,793.64,543.767,1.0,788.997,532.991,1.0,779.523,527.331,1.0,773.86,527.431,1.0,765.352,540.519,1.0,490.059,515.198,1.0,498.576,512.074,1.0,504.008,511.919,1.0,510.51,507.468,1.0,521.261,505.639,1.0,777.252,575.254,1.0,772.999,566.145,1.0,763.752,562.8,1.0,757.011,560.829,1.0,751.181,560.281,0.0,,,,,,,,,,,,,,,
38,571.589,363.901,1.0,591.59,409.832,1.0,578.804,380.106,1.0,582.3,415.987,1.0,589.777,402.467,1.0,794.709,543.812,1.0,789.806,535.362,1.0,783.829,533.484,1.0,778.167,529.276,1.0,765.352,526.438,1.0,490.059,515.574,1.0,498.576,513.009,1.0,503.723,511.919,1.0,509.955,507.468,1.0,520.599,505.715,1.0,777.252,575.542,1.0,773.862,567.332,1.0,764.592,563.671,1.0,757.618,561.509,1.0,757.171,563.758,1.0,584.897,405.16,1.0,591.872,410.132,1.0,588.715,421.699,1.0,,,0.0,,,0.0
39,571.589,363.401,1.0,591.302,409.601,1.0,577.886,379.131,1.0,582.3,415.111,1.0,588.572,394.247,1.0,796.509,544.383,1.0,791.548,536.196,1.0,784.605,533.729,1.0,778.167,529.276,1.0,765.352,525.844,1.0,488.301,516.292,1.0,496.065,513.482,1.0,502.344,511.919,1.0,505.04,507.293,1.0,518.745,505.888,1.0,779.163,577.733,1.0,774.564,570.768,1.0,768.113,568.313,1.0,758.418,562.622,1.0,757.171,561.968,1.0,584.69,404.844,1.0,591.872,409.692,1.0,588.715,421.673,1.0,,,0.0,,,0.0
40,571.589,363.401,1.0,577.164,370.216,1.0,577.462,379.131,1.0,582.3,385.065,1.0,588.572,393.863,1.0,797.593,544.095,1.0,792.546,536.313,1.0,784.605,533.832,1.0,778.167,529.276,1.0,766.547,524.39,1.0,478.454,516.308,1.0,485.949,515.674,1.0,496.026,510.992,1.0,504.635,507.293,1.0,515.54,505.888,1.0,781.725,584.263,1.0,778.062,575.367,1.0,768.113,568.313,1.0,759.721,567.024,1.0,757.171,561.215,1.0,584.69,404.784,1.0,591.872,407.924,1.0,588.715,421.32,1.0,583.184,417.14,1.0,,,0.0
41,571.589,360.101,1.0,576.289,368.757,1.0,576.515,375.696,1.0,582.3,382.525,1.0,588.572,393.394,1.0,798.281,544.095,1.0,792.745,540.284,1.0,785.049,534.484,1.0,777.671,529.276,1.0,766.941,524.39,1.0,476.018,516.718,1.0,482.455,516.575,1.0,494.305,510.854,1.0,503.655,507.293,1.0,514.686,505.888,1.0,782.021,584.303,1.0,779.647,576.36,1.0,768.952,572.287,1.0,760.122,567.258,1.0,758.274,561.665,1.0,584.897,404.707,1.0,593.051,407.924,1.0,588.963,421.147,1.0,582.437,416.791,1.0,,,0.0
42,567.919,355.477,1.0,573.878,363.401,1.0,575.432,372.708,1.0,580.33,376.301,1.0,587.864,389.376,1.0,798.794,544.383,1.0,792.773,542.273,1.0,785.049,537.894,1.0,777.671,530.164,1.0,770.754,524.39,1.0,475.579,516.718,1.0,482.391,516.812,1.0,493.519,510.854,1.0,502.9,507.623,1.0,514.586,505.888,1.0,782.369,584.553,1.0,781.148,576.449,1.0,770.144,574.074,0.0,760.773,567.7,1.0,758.73,561.968,1.0,585.506,404.212,1.0,593.944,409.692,1.0,588.963,420.877,1.0,582.2,416.732,1.0,571.337,416.946,1.0
43,566.886,355.261,1.0,570.957,361.602,1.0,572.535,368.199,1.0,576.969,374.42,1.0,586.185,385.986,1.0,802.203,545.085,1.0,796.659,542.817,1.0,785.083,540.359,1.0,777.671,531.933,1.0,774.776,525.729,1.0,475.149,516.925,1.0,482.391,516.907,1.0,493.354,510.992,1.0,502.69,508.205,1.0,513.865,505.888,1.0,782.77,584.617,1.0,781.299,578.332,1.0,776.432,579.775,1.0,761.859,567.795,1.0,759.613,561.968,1.0,587.229,404.204,1.0,595.014,409.692,1.0,588.963,420.3,1.0,582.437,416.574,1.0,570.896,415.65,1.0
44,566.771,355.13,1.0,570.956,360.682,1.0,572.203,367.438,1.0,575.999,374.42,1.0,,,0.0,806.963,546.507,1.0,801.812,543.429,1.0,789.241,540.359,1.0,780.559,532.032,1.0,774.803,526.759,1.0,474.71,517.356,1.0,482.391,519.886,1.0,491.036,512.601,1.0,498.819,509.96,1.0,508.315,507.429,1.0,792.503,584.956,1.0,782.587,583.524,1.0,776.362,579.775,1.0,770.163,568.166,1.0,761.481,566.547,1.0,587.816,403.078,1.0,597.757,410.886,1.0,588.579,419.901,1.0,582.876,416.173,1.0,570.896,414.64,1.0
45,566.532,355.13,1.0,570.293,360.226,1.0,572.07,366.44,1.0,575.646,373.736,1.0,,,0.0,806.967,546.562,1.0,801.849,544.595,1.0,790.154,537.894,1.0,781.69,532.032,1.0,774.84,527.153,1.0,473.291,518.552,1.0,483.235,519.956,1.0,488.577,514.089,1.0,493.318,510.386,1.0,507.016,510.372,1.0,792.918,585.276,1.0,783.868,583.524,1.0,776.362,579.639,1.0,771.815,568.862,1.0,763.097,568.323,1.0,588.391,402.066,1.0,597.966,410.886,1.0,588.24,419.52,1.0,582.876,415.589,1.0,570.896,414.432,1.0
46,563.85,352.24,1.0,567.749,356.048,1.0,571.57,365.075,1.0,571.865,372.348,1.0,580.667,384.663,1.0,807.198,546.562,1.0,801.849,544.595,1.0,790.307,539.616,1.0,782.204,532.072,1.0,775.109,527.641,1.0,470.239,527.961,1.0,483.235,519.956,1.0,488.462,514.715,1.0,491.749,511.013,1.0,505.882,511.712,1.0,792.918,585.419,1.0,784.193,583.524,1.0,776.432,579.639,1.0,771.837,568.862,1.0,763.418,568.802,1.0,591.722,401.859,1.0,598.147,410.886,1.0,587.519,419.476,1.0,583.218,415.422,1.0,570.921,413.896,1.0
47,558.069,347.096,1.0,562.649,347.872,1.0,570.167,361.675,1.0,569.108,367.765,1.0,579.219,382.064,1.0,808.258,546.562,1.0,801.849,544.595,1.0,790.651,537.724,1.0,783.29,532.19,1.0,775.109,528.18,1.0,470.239,527.961,1.0,483.235,520.248,1.0,487.378,515.134,1.0,491.657,511.013,1.0,505.753,512.254,1.0,793.013,585.555,1.0,784.882,583.632,1.0,777.17,579.639,1.0,772.216,568.862,1.0,764.099,569.38,1.0,591.934,401.749,1.0,598.147,410.866,1.0,586.63,419.281,1.0,583.234,415.422,1.0,571.681,413.896,1.0
48,557.905,346.745,1.0,562.54,347.444,1.0,568.518,360.367,1.0,568.648,367.335,1.0,578.744,381.937,1.0,808.505,546.766,1.0,801.849,546.901,1.0,791.399,537.724,1.0,783.716,533.792,1.0,777.133,530.028,1.0,469.987,528.036,1.0,479.611,521.385,1.0,487.378,516.31,1.0,491.578,516.322,1.0,504.525,512.254,1.0,792.918,589.9,1.0,788.924,583.658,1.0,780.586,579.804,1.0,773.046,573.421,1.0,768.482,570.7,1.0,592.41,399.361,1.0,598.147,409.864,1.0,586.63,419.153,1.0,583.324,415.589,1.0,572.01,413.791,1.0
49,557.672,346.675,1.0,562.063,346.735,1.0,568.295,358.468,1.0,567.482,365.056,1.0,577.24,379.636,1.0,812.93,555.11,1.0,802.635,547.777,1.0,792.98,539.616,1.0,786.894,536.806,1.0,779.831,531.318,1.0,469.987,528.038,1.0,478.068,521.706,1.0,484.588,518.279,1.0,487.345,517.52,1.0,501.672,512.254,1.0,792.918,594.381,1.0,790.134,585.415,1.0,784.056,581.079,1.0,773.482,575.103,1.0,771.017,570.7,1.0,592.525,398.752,1.0,597.879,408.722,1.0,586.63,418.319,1.0,583.58,415.589,1.0,572.451,413.791,1.0
50,557.672,339.057,1.0,562.063,345.884,1.0,567.253,357.203,1.0,563.097,361.803,1.0,577.166,376.408,1.0,814.092,557.065,1.0,802.123,547.93,1.0,796.169,542.315,1.0,788.383,539.882,1.0,780.3,531.318,1.0,465.943,530.626,1.0,473.21,523.641,1.0,479.252,518.668,1.0,485.472,518.271,1.0,496.871,511.351,1.0,793.295,596.513,1.0,790.665,585.663,1.0,784.906,581.796,1.0,774.304,576.286,1.0,772.029,570.7,1.0,592.822,398.476,1.0,597.284,407.976,1.0,586.923,417.457,1.0,584.192,415.422,1.0,573.046,413.986,1.0
51,557.672,337.183,1.0,562.063,345.644,1.0,565.347,352.996,1.0,562.64,357.182,1.0,576.842,370.886,1.0,814.092,557.347,1.0,802.635,547.93,1.0,797.102,542.907,1.0,788.8,540.272,1.0,780.543,532.476,1.0,465.077,531.09,1.0,471.028,529.112,1.0,479.13,519.741,1.0,485.436,519.822,1.0,495.683,510.951,1.0,793.341,596.55,1.0,791.242,586.353,1.0,784.906,583.174,1.0,774.304,576.353,1.0,772.256,570.7,1.0,594.307,396.39,1.0,596.532,405.249,1.0,588.58,414.871,1.0,587.458,415.288,1.0,573.608,414.332,1.0
52,558.198,336.809,1.0,562.518,343.511,1.0,565.289,350.301,1.0,562.64,357.182,1.0,576.842,370.362,1.0,814.092,557.674,1.0,802.837,548.658,1.0,797.177,543.237,1.0,789.141,540.315,1.0,781.325,532.476,1.0,464.494,531.09,1.0,470.741,529.112,1.0,479.023,523.514,1.0,484.81,520.336,1.0,494.548,510.951,1.0,793.417,597.372,1.0,791.991,588.601,1.0,785.031,584.692,1.0,774.48,577.5,1.0,772.256,570.7,1.0,594.612,393.94,1.0,596.505,403.345,1.0,589.989,411.4,1.0,588.624,414.844,1.0,574.863,415.054,1.0
53,558.415,334.866,1.0,562.518,343.511,1.0,564.639,350.207,1.0,562.64,356.05,1.0,576.061,369.876,1.0,814.092,558.868,1.0,807.133,549.234,1.0,799.789,545.98,1.0,791.081,540.487,1.0,781.925,532.476,1.0,463.992,531.473,1.0,470.212,529.222,1.0,477.733,525.151,1.0,483.893,520.957,1.0,493.669,511.351,1.0,800.166,602.465,1.0,796.466,594.117,1.0,785.512,585.417,1.0,778.061,580.135,1.0,772.763,573.053,1.0,594.612,393.94,1.0,595.863,399.919,1.0,589.989,408.987,1.0,588.624,414.774,1.0,574.863,417.551,1.0
54,558.519,334.866,1.0,562.518,343.511,1.0,561.854,349.859,1.0,562.739,355.927,1.0,573.071,366.121,1.0,813.602,560.158,1.0,810.259,551.187,1.0,801.625,548.805,1.0,792.276,540.859,1.0,789.186,537.956,1.0,461.392,531.635,1.0,469.73,529.222,1.0,477.625,525.309,1.0,483.444,521.191,1.0,491.469,514.084,1.0,800.166,604.588,1.0,798.606,598.089,1.0,788.512,590.43,1.0,781.958,587.0,1.0,775.478,576.505,1.0,595.149,391.6,1.0,595.863,398.729,1.0,589.989,407.569,1.0,588.624,414.243,1.0,574.863,418.287,1.0
55,558.732,325.477,1.0,559.862,333.446,1.0,561.621,343.414,1.0,564.562,350.478,1.0,571.239,366.121,1.0,812.861,560.38,1.0,811.014,551.251,1.0,802.67,549.4,1.0,792.53,541.01,1.0,789.784,538.297,1.0,460.981,539.706,1.0,465.276,530.547,1.0,474.257,525.309,1.0,479.284,521.468,1.0,490.924,514.537,1.0,800.166,604.593,1.0,800.13,598.156,1.0,789.429,591.511,1.0,782.907,591.34,1.0,776.416,577.202,1.0,595.149,391.6,1.0,595.863,398.541,1.0,589.914,407.569,1.0,579.19,413.345,1.0,576.08,418.554,1.0
56,558.519,322.573,1.0,558.935,332.177,1.0,560.6,343.348,1.0,564.562,350.188,1.0,569.097,363.85,1.0,813.602,561.914,1.0,811.287,551.279,1.0,802.876,549.864,1.0,792.53,541.037,1.0,790.076,538.455,1.0,460.932,543.929,1.0,464.092,533.198,1.0,471.223,525.482,1.0,478.136,523.587,1.0,490.387,515.75,1.0,800.166,606.243,1.0,800.165,598.156,1.0,789.738,592.258,1.0,783.553,591.34,1.0,778.781,577.996,1.0,594.148,395.713,1.0,595.863,398.51,1.0,589.831,407.324,1.0,578.896,413.044,1.0,573.304,418.554,1.0
57,558.519,322.341,1.0,558.585,332.032,1.0,560.6,341.083,1.0,562.904,348.011,1.0,568.392,362.033,1.0,815.174,562.5,1.0,811.447,551.497,1.0,803.453,550.311,1.0,792.983,541.351,1.0,790.076,538.902,1.0,460.932,544.648,1.0,463.677,533.703,1.0,469.852,526.204,1.0,477.767,523.587,1.0,490.302,515.755,1.0,801.027,608.723,1.0,800.217,598.932,1.0,789.921,593.223,1.0,784.1,591.34,1.0,778.781,578.389,1.0,593.925,395.713,1.0,595.863,398.217,1.0,589.819,407.324,1.0,578.727,412.965,1.0,573.304,418.287,1.0
58,556.506,321.792,1.0,558.578,330.397,1.0,560.6,341.061,1.0,562.904,347.427,1.0,566.613,362.01,1.0,818.372,563.092,1.0,812.013,554.074,1.0,805.544,550.45,1.0,794.021,545.043,1.0,789.784,541.442,1.0,459.776,544.648,1.0,463.677,534.322,1.0,469.852,526.204,1.0,477.323,523.587,1.0,488.868,517.034,1.0,807.731,608.723,1.0,802.223,599.135,1.0,791.994,593.588,1.0,790.085,589.694,1.0,778.85,583.75,1.0,594.148,394.472,1.0,595.873,397.965,1.0,589.725,407.324,1.0,578.727,412.367,1.0,573.444,417.878,1.0
59,552.128,321.245,1.0,557.937,326.343,1.0,557.544,334.5,1.0,560.408,346.758,1.0,561.796,352.549,1.0,821.601,563.553,1.0,812.387,558.121,1.0,807.692,556.419,1.0,799.886,553.508,1.0,789.369,541.514,1.0,459.443,544.648,1.0,463.48,534.322,1.0,469.762,526.204,1.0,476.773,523.761,1.0,487.317,521.064,1.0,808.011,608.636,1.0,802.407,600.687,1.0,792.348,595.425,1.0,791.267,589.683,1.0,779.922,589.779,1.0,594.148,394.472,1.0,595.65,397.227,1.0,585.747,406.646,1.0,578.727,410.725,1.0,575.972,417.475,1.0
60,551.161,321.245,1.0,557.632,324.625,1.0,557.544,331.604,1.0,555.982,346.194,1.0,560.025,351.004,1.0,822.113,563.63,1.0,813.213,558.659,1.0,808.79,556.74,1.0,800.611,553.657,1.0,789.369,541.881,1.0,454.626,544.17,1.0,463.28,534.322,1.0,468.703,527.434,1.0,474.77,523.761,1.0,485.263,521.604,1.0,808.052,608.589,1.0,802.663,600.877,1.0,793.124,595.431,1.0,791.267,589.683,1.0,780.014,589.779,1.0,597.768,390.819,1.0,594.574,395.418,1.0,584.58,404.533,1.0,580.146,408.586,1.0,575.972,417.356,1.0
61,551.161,321.245,1.0,556.698,324.492,1.0,557.503,331.591,1.0,555.769,343.562,1.0,559.99,350.575,1.0,823.906,563.977,1.0,813.213,558.85,1.0,809.075,556.74,1.0,800.812,553.657,1.0,789.369,542.007,1.0,451.17,543.068,1.0,459.949,533.765,1.0,468.474,530.899,1.0,473.793,523.761,1.0,484.637,521.812,1.0,808.315,608.636,1.0,802.928,601.197,1.0,793.289,595.691,1.0,791.754,589.694,1.0,780.014,589.779,1.0,601.142,387.158,1.0,593.24,390.151,1.0,584.58,402.781,1.0,582.802,407.809,1.0,577.538,416.638,1.0
62,551.161,321.245,1.0,555.665,323.139,1.0,557.348,328.982,1.0,555.588,343.562,1.0,559.99,349.905,1.0,823.906,564.016,1.0,815.295,558.992,1.0,811.522,556.74,1.0,803.608,553.657,1.0,793.274,543.65,1.0,450.434,542.997,1.0,459.868,533.652,1.0,468.149,532.087,1.0,472.696,524.792,1.0,483.611,521.812,1.0,814.628,608.636,1.0,805.763,602.76,1.0,798.165,599.823,1.0,792.419,593.899,1.0,789.673,589.779,1.0,601.921,386.093,1.0,593.24,389.087,1.0,584.488,401.197,1.0,584.364,406.612,1.0,578.834,416.635,1.0
63,553.509,312.74,1.0,554.776,321.201,1.0,557.065,327.964,1.0,555.448,340.733,1.0,559.938,347.963,1.0,827.545,564.674,1.0,820.854,559.475,1.0,813.474,555.71,1.0,805.447,550.86,1.0,797.463,546.498,1.0,450.321,542.859,1.0,459.707,533.652,1.0,467.95,533.448,1.0,472.031,526.219,1.0,483.399,521.812,1.0,815.818,612.82,1.0,811.463,605.817,1.0,799.71,601.104,1.0,793.295,596.269,1.0,792.779,589.94,1.0,602.703,384.451,1.0,593.148,388.286,1.0,584.488,401.156,1.0,584.364,406.517,1.0,579.904,415.96,1.0
64,557.587,308.865,1.0,553.446,315.292,1.0,556.22,327.577,1.0,554.889,337.679,1.0,559.938,347.641,1.0,833.375,566.552,1.0,826.677,563.37,1.0,816.137,555.71,1.0,805.939,550.86,1.0,797.635,550.175,1.0,449.804,542.997,1.0,459.344,533.765,1.0,467.673,533.582,1.0,471.607,526.222,1.0,482.688,521.812,1.0,817.645,613.431,1.0,811.684,608.527,1.0,800.177,603.398,1.0,793.355,597.55,1.0,792.839,589.94,1.0,603.108,384.388,1.0,593.148,387.415,1.0,584.467,400.842,1.0,584.364,406.136,1.0,580.146,415.62,1.0
65,558.151,305.49,1.0,553.446,314.725,1.0,552.191,326.846,1.0,553.784,334.88,1.0,559.725,347.571,1.0,833.375,567.086,1.0,826.768,563.623,1.0,816.235,555.71,1.0,806.244,550.86,1.0,798.158,550.412,1.0,443.961,543.068,1.0,452.051,540.884,1.0,461.692,535.749,1.0,470.895,529.627,1.0,476.874,522.555,1.0,817.645,614.233,1.0,812.302,608.784,1.0,800.177,603.793,1.0,793.757,597.55,1.0,792.917,590.568,1.0,603.108,383.926,1.0,592.993,387.24,1.0,584.467,400.442,1.0,584.364,405.998,1.0,580.878,411.59,1.0
66,558.331,305.1,1.0,553.446,314.558,1.0,552.191,324.448,1.0,553.151,333.869,1.0,558.711,345.772,1.0,833.46,567.138,1.0,828.06,563.837,1.0,817.765,557.177,1.0,806.244,551.712,1.0,798.158,550.613,1.0,439.991,543.405,1.0,451.026,541.159,1.0,460.074,540.218,1.0,463.538,532.897,1.0,476.056,525.893,1.0,818.345,614.546,1.0,814.347,608.967,1.0,802.083,604.26,1.0,794.353,597.918,1.0,795.704,591.024,1.0,603.108,383.926,1.0,592.622,387.24,1.0,584.467,400.348,1.0,584.398,405.998,1.0,580.878,411.283,1.0
67,559.172,302.93,1.0,555.076,313.437,1.0,552.191,322.529,1.0,553.151,330.5,1.0,558.711,342.516,1.0,833.656,574.881,1.0,829.082,566.558,1.0,821.215,557.82,1.0,809.754,554.632,1.0,804.104,551.079,1.0,439.001,543.478,1.0,450.782,541.642,1.0,458.731,540.218,1.0,462.418,534.138,1.0,475.434,525.893,1.0,818.386,623.23,1.0,815.467,614.009,1.0,807.185,604.387,1.0,802.489,597.957,1.0,796.119,593.787,1.0,602.345,383.926,1.0,592.079,387.24,1.0,584.733,400.252,1.0,584.398,405.844,1.0,580.97,411.283,1.0
68,559.263,301.56,1.0,555.243,310.815,1.0,553.071,318.401,1.0,552.858,329.723,1.0,558.711,341.584,1.0,837.791,574.905,1.0,829.585,568.901,1.0,823.782,559.248,1.0,809.94,557.573,1.0,806.185,551.108,1.0,439.001,543.493,1.0,450.666,541.976,1.0,458.583,540.309,1.0,461.918,534.138,1.0,474.974,528.464,1.0,819.372,623.587,1.0,815.467,615.607,1.0,808.786,604.609,1.0,806.009,600.485,1.0,798.528,596.821,1.0,595.864,382.413,1.0,592.079,389.5,1.0,589.489,399.558,1.0,586.246,405.844,1.0,581.04,411.176,1.0
69,559.303,300.938,1.0,556.167,309.419,1.0,553.071,315.826,1.0,552.797,328.565,1.0,561.399,339.139,1.0,837.865,574.905,1.0,830.787,568.906,1.0,823.782,559.248,1.0,810.144,557.846,1.0,808.029,551.638,1.0,438.857,543.664,1.0,450.369,542.979,1.0,457.933,540.459,1.0,460.845,534.196,1.0,473.632,528.616,1.0,819.716,623.587,1.0,815.833,615.607,1.0,808.997,605.747,1.0,806.197,600.854,1.0,799.274,596.836,1.0,595.381,381.916,1.0,592.079,389.5,1.0,591.322,396.453,1.0,586.246,404.628,1.0,581.542,410.636,1.0
70,559.303,300.938,1.0,556.328,309.02,1.0,553.071,315.499,1.0,552.707,326.815,1.0,561.399,338.914,1.0,838.27,574.881,1.0,830.787,569.347,1.0,823.849,559.882,1.0,810.144,558.354,1.0,809.177,551.638,1.0,438.857,555.268,1.0,449.768,545.336,1.0,454.699,542.188,1.0,457.354,534.672,1.0,468.931,529.149,1.0,819.763,623.876,1.0,815.833,615.636,1.0,809.011,605.747,1.0,806.197,601.715,1.0,799.611,597.245,1.0,595.381,380.691,1.0,592.131,389.5,1.0,592.319,393.986,1.0,586.363,403.594,1.0,588.092,409.59,1.0
71,559.172,293.529,1.0,556.328,301.7,1.0,553.071,313.08,1.0,552.707,326.815,1.0,561.409,331.591,1.0,841.393,570.235,1.0,830.787,569.347,1.0,824.13,560.045,1.0,817.929,558.396,1.0,809.177,552.584,1.0,438.075,556.971,1.0,446.745,548.061,1.0,452.431,543.923,1.0,457.291,534.672,1.0,463.9,533.832,1.0,826.268,623.989,1.0,819.517,617.172,1.0,811.116,611.395,1.0,806.716,606.007,1.0,800.964,599.464,1.0,595.712,378.057,1.0,592.131,387.589,1.0,592.319,392.193,1.0,586.246,402.206,1.0,588.102,409.59,1.0
72,557.824,287.503,1.0,556.328,298.479,1.0,552.524,311.119,1.0,551.159,316.553,1.0,561.409,330.796,1.0,842.935,563.201,1.0,835.221,569.351,1.0,827.465,561.923,1.0,821.001,559.955,1.0,810.835,553.127,1.0,437.986,556.971,1.0,445.347,548.061,1.0,452.427,544.198,1.0,457.043,534.672,1.0,463.553,534.58,1.0,828.195,625.145,1.0,823.271,618.481,1.0,814.432,617.91,1.0,807.091,608.483,1.0,805.309,599.669,1.0,595.712,378.04,1.0,592.131,387.494,1.0,592.412,391.695,1.0,586.127,402.181,1.0,588.119,409.578,1.0
73,556.276,287.503,1.0,556.328,298.479,1.0,552.415,308.995,1.0,551.159,316.524,1.0,561.782,328.838,1.0,844.644,563.201,1.0,837.777,569.351,1.0,829.344,563.017,1.0,822.587,560.287,1.0,813.437,556.29,1.0,437.919,556.971,1.0,445.299,548.061,1.0,452.124,544.198,1.0,457.043,535.181,1.0,462.478,534.943,1.0,828.375,625.145,1.0,823.324,618.521,1.0,814.948,617.91,1.0,807.126,608.505,1.0,806.404,599.672,1.0,595.712,377.934,1.0,592.154,386.986,1.0,592.412,391.695,1.0,586.127,402.119,1.0,588.119,409.55,1.0
74,555.183,286.776,1.0,556.328,296.898,1.0,552.415,308.945,1.0,551.046,316.099,1.0,561.886,328.324,1.0,846.198,563.201,1.0,840.433,569.351,1.0,830.637,563.017,1.0,823.745,560.599,1.0,813.488,557.064,1.0,437.363,556.282,1.0,445.025,548.105,1.0,452.008,544.198,1.0,457.323,535.233,1.0,461.78,535.336,1.0,828.433,625.167,1.0,823.594,618.661,1.0,815.024,618.747,1.0,807.126,608.683,1.0,806.404,599.672,1.0,595.924,377.376,1.0,592.154,386.833,1.0,592.412,391.695,1.0,586.363,401.139,1.0,588.275,409.447,1.0
75,555.183,286.473,1.0,556.278,296.833,1.0,552.415,307.441,1.0,551.159,314.851,1.0,561.886,327.74,1.0,846.853,563.752,1.0,843.028,568.754,1.0,831.097,563.557,1.0,823.802,560.792,1.0,813.751,557.216,1.0,430.172,545.853,1.0,442.431,548.105,1.0,448.834,541.86,1.0,457.043,535.312,1.0,461.78,537.097,1.0,829.635,625.167,1.0,825.34,618.661,1.0,815.46,618.799,1.0,808.175,610.052,1.0,806.468,601.836,1.0,596.151,377.185,1.0,592.886,385.581,1.0,592.698,391.201,1.0,586.715,399.643,1.0,588.359,409.447,1.0
76,556.276,284.952,1.0,554.813,294.849,1.0,552.831,301.385,1.0,551.376,314.434,1.0,561.886,323.652,1.0,846.853,565.785,1.0,843.789,568.315,1.0,831.419,563.811,1.0,823.802,560.887,1.0,814.103,557.407,1.0,426.745,545.853,1.0,435.792,548.26,1.0,447.471,541.86,1.0,456.992,536.753,1.0,461.559,537.097,1.0,838.234,626.562,1.0,832.868,624.736,1.0,822.139,618.799,1.0,812.756,615.118,1.0,807.989,607.397,1.0,601.062,371.361,1.0,596.115,374.536,1.0,594.075,387.338,1.0,588.062,396.666,1.0,590.379,406.199,1.0
77,557.452,277.842,1.0,554.811,285.497,1.0,554.355,296.164,1.0,551.376,309.062,1.0,560.14,315.844,1.0,846.874,573.219,1.0,844.096,567.543,1.0,833.905,564.425,1.0,823.802,561.056,1.0,814.28,558.97,1.0,422.276,545.853,1.0,431.903,548.555,1.0,444.6,541.86,1.0,451.381,543.818,1.0,460.332,537.097,1.0,841.082,628.102,1.0,836.203,626.035,1.0,824.736,620.68,1.0,817.282,623.597,1.0,809.872,608.075,1.0,601.062,370.0,1.0,597.525,373.622,1.0,595.42,385.948,1.0,588.824,394.141,1.0,594.333,404.982,1.0
78,557.452,277.454,1.0,553.706,284.507,1.0,554.355,296.136,1.0,550.878,307.787,1.0,560.105,315.732,1.0,846.916,573.226,1.0,847.402,563.906,1.0,837.738,564.742,1.0,822.487,561.542,1.0,819.071,559.107,1.0,422.263,545.976,1.0,431.56,549.009,1.0,444.545,542.63,1.0,451.058,544.689,1.0,460.276,536.992,1.0,841.082,628.476,1.0,836.203,626.363,1.0,825.01,620.856,1.0,817.606,623.597,1.0,809.991,609.01,1.0,601.457,369.803,1.0,598.139,372.788,1.0,595.775,384.481,1.0,588.824,392.515,1.0,595.325,404.495,1.0
79,557.452,276.574,1.0,553.689,283.726,1.0,554.355,294.489,1.0,550.878,305.107,1.0,560.097,315.503,1.0,848.498,573.652,1.0,847.402,563.906,1.0,839.165,566.707,1.0,822.487,561.642,1.0,820.268,559.303,1.0,422.263,546.066,1.0,431.56,549.009,1.0,444.403,542.728,1.0,450.968,544.689,1.0,459.69,536.992,1.0,841.082,629.213,1.0,836.203,626.399,1.0,825.47,621.002,1.0,818.209,623.597,1.0,810.701,609.363,1.0,601.062,369.519,1.0,598.531,372.229,1.0,596.217,384.045,1.0,588.887,392.166,1.0,595.374,404.442,1.0
80,555.951,276.09,1.0,553.676,282.143,1.0,550.9,294.439,1.0,550.291,301.55,1.0,560.031,312.893,1.0,849.422,576.569,1.0,848.02,563.906,1.0,839.261,566.964,1.0,822.487,562.238,1.0,820.569,559.303,1.0,422.263,546.186,1.0,431.317,549.661,1.0,442.268,542.732,1.0,450.435,544.936,1.0,459.181,536.992,1.0,834.85,635.034,1.0,835.8,626.735,1.0,826.88,624.271,1.0,821.235,619.939,1.0,813.235,610.148,1.0,600.595,369.439,1.0,599.106,372.229,1.0,596.217,384.045,1.0,588.872,392.166,1.0,595.374,403.333,1.0
81,550.737,271.701,1.0,553.424,280.373,1.0,550.726,289.857,1.0,550.131,298.305,1.0,559.468,309.304,1.0,850.379,576.896,1.0,848.02,565.702,1.0,839.401,567.853,1.0,823.871,562.845,1.0,821.343,559.461,1.0,422.005,548.072,1.0,431.228,549.734,1.0,441.83,543.308,1.0,447.391,545.504,1.0,458.898,539.401,1.0,834.351,635.573,1.0,835.325,627.606,1.0,829.135,624.271,1.0,823.196,619.834,1.0,815.363,612.323,1.0,600.595,368.424,1.0,599.215,372.229,1.0,595.716,384.0,1.0,588.872,392.166,1.0,595.325,402.534,1.0
82,549.424,271.701,1.0,553.396,279.967,1.0,550.574,289.79,1.0,549.783,298.173,1.0,559.252,309.04,1.0,852.34,576.896,1.0,846.957,568.453,1.0,840.993,569.43,1.0,824.825,564.099,1.0,822.238,560.097,1.0,420.582,556.701,1.0,431.228,550.749,1.0,438.067,545.003,1.0,442.657,545.945,1.0,454.617,541.355,1.0,834.351,636.719,1.0,835.325,627.802,1.0,829.541,624.302,1.0,823.304,619.834,1.0,815.363,613.164,1.0,601.457,366.79,1.0,599.711,372.229,1.0,595.721,383.101,1.0,591.283,389.574,1.0,595.064,396.669,1.0
83,548.651,272.733,1.0,552.591,279.422,1.0,550.574,289.153,1.0,549.902,297.8,1.0,559.252,308.516,1.0,854.403,579.63,1.0,846.957,574.945,1.0,842.211,573.169,1.0,833.957,572.316,1.0,823.165,563.975,1.0,420.437,556.701,1.0,431.228,551.274,1.0,437.598,546.028,1.0,442.031,546.696,1.0,454.193,542.106,1.0,834.351,636.719,1.0,835.8,628.933,1.0,829.68,624.979,1.0,823.304,619.939,1.0,815.363,613.27,1.0,601.948,365.244,1.0,600.394,371.827,1.0,595.716,380.971,1.0,592.485,388.009,1.0,592.319,395.692,1.0
84,540.366,269.864,1.0,548.086,277.627,1.0,550.345,288.006,1.0,549.783,297.079,1.0,558.978,308.366,1.0,854.586,582.453,1.0,847.397,576.575,1.0,843.228,573.169,1.0,836.313,572.772,1.0,824.542,564.493,1.0,419.315,557.098,1.0,431.076,551.274,1.0,437.523,547.228,1.0,441.763,546.936,1.0,453.423,542.106,1.0,837.348,641.052,1.0,836.37,632.115,1.0,829.68,626.111,1.0,823.846,621.506,1.0,816.534,616.219,1.0,602.91,362.897,1.0,601.79,371.827,1.0,595.648,377.152,1.0,594.095,383.448,1.0,592.185,395.073,1.0
85,538.649,269.864,1.0,547.688,277.377,1.0,550.074,286.519,1.0,549.38,295.048,1.0,556.814,307.301,1.0,857.415,582.805,1.0,847.397,577.631,1.0,843.786,573.169,1.0,836.541,572.772,1.0,825.282,564.768,1.0,417.796,557.098,1.0,430.884,552.445,1.0,436.347,548.086,1.0,440.564,547.201,1.0,452.43,542.183,1.0,839.961,643.126,1.0,837.557,635.44,1.0,830.268,629.956,1.0,824.234,624.459,1.0,817.423,616.699,1.0,603.181,362.839,1.0,601.79,371.827,1.0,595.648,377.03,1.0,594.125,383.162,1.0,592.185,394.921,1.0
86,538.562,268.597,1.0,547.05,275.874,1.0,549.486,285.001,1.0,549.38,294.345,1.0,556.276,300.474,1.0,857.495,586.389,1.0,848.28,578.29,1.0,844.202,573.188,1.0,837.91,572.947,1.0,826.735,568.075,1.0,414.15,556.701,1.0,420.681,552.507,1.0,432.366,549.911,1.0,437.637,547.359,1.0,451.663,542.864,1.0,842.242,651.629,1.0,838.388,637.492,1.0,831.083,630.695,1.0,824.405,625.036,1.0,823.309,616.699,1.0,603.217,362.735,1.0,601.79,371.476,1.0,595.721,376.672,1.0,594.238,383.071,1.0,592.319,394.829,1.0
87,537.304,268.597,1.0,547.05,274.916,1.0,549.486,283.698,1.0,549.902,292.349,1.0,556.06,300.474,1.0,862.204,588.945,1.0,853.662,581.152,1.0,848.679,573.849,1.0,840.032,573.118,1.0,830.098,570.149,1.0,413.361,555.452,1.0,418.812,553.342,1.0,429.268,551.153,1.0,436.081,547.778,1.0,443.645,544.832,1.0,842.787,652.548,1.0,840.484,638.73,1.0,831.103,630.924,1.0,825.265,626.03,1.0,826.033,616.699,1.0,603.28,362.721,1.0,601.411,370.629,1.0,596.338,375.97,1.0,594.759,381.787,1.0,592.76,394.575,1.0
88,537.304,267.546,1.0,547.05,274.888,1.0,548.764,283.601,1.0,552.024,287.636,1.0,555.797,300.046,1.0,862.312,590.16,1.0,855.855,581.152,1.0,848.873,574.934,1.0,840.238,573.118,1.0,830.218,570.149,1.0,407.986,554.658,1.0,418.812,553.368,1.0,429.083,553.874,1.0,435.284,548.003,1.0,442.509,544.832,1.0,842.916,652.548,1.0,840.875,640.267,1.0,831.252,632.088,1.0,825.28,627.262,1.0,826.627,616.699,1.0,605.602,361.74,1.0,601.411,362.088,1.0,600.076,374.871,1.0,596.735,381.194,1.0,593.072,393.826,1.0
89,537.304,266.638,1.0,546.164,274.849,1.0,546.852,282.759,1.0,552.207,285.578,1.0,554.229,299.876,1.0,862.312,590.294,1.0,856.244,581.93,1.0,848.995,575.165,1.0,840.672,573.183,1.0,832.28,570.581,1.0,407.986,554.658,1.0,418.366,553.719,1.0,428.481,554.599,1.0,434.52,549.436,1.0,442.195,544.832,1.0,842.961,652.548,1.0,841.09,640.545,1.0,832.484,632.65,1.0,825.472,627.52,1.0,826.627,617.356,1.0,608.128,359.849,1.0,601.411,361.539,1.0,602.263,373.033,1.0,597.597,380.66,1.0,593.072,390.893,1.0
90,537.304,262.946,1.0,540.8,270.632,1.0,546.109,281.378,1.0,552.207,285.426,1.0,552.742,299.071,1.0,862.204,590.498,1.0,856.588,582.533,1.0,850.245,576.361,1.0,840.672,573.49,1.0,835.513,570.642,1.0,407.986,554.658,1.0,418.261,554.299,1.0,428.274,555.144,1.0,432.444,549.715,1.0,441.42,545.7,1.0,848.737,652.548,1.0,842.137,645.019,1.0,834.204,635.345,1.0,826.813,627.806,1.0,827.003,619.259,1.0,611.518,359.515,1.0,603.954,361.197,1.0,603.813,370.744,1.0,597.597,380.65,1.0,593.043,388.56,1.0
91,536.867,262.728,1.0,540.8,269.451,1.0,544.362,280.137,1.0,552.024,283.414,1.0,552.133,298.033,1.0,862.029,590.531,1.0,859.849,582.533,1.0,853.354,578.039,1.0,841.828,574.979,1.0,836.894,570.642,1.0,407.986,556.685,1.0,415.448,556.253,1.0,423.672,555.326,1.0,428.036,549.97,1.0,440.056,545.931,1.0,850.499,656.097,1.0,845.069,645.126,1.0,837.988,639.469,1.0,832.285,630.173,1.0,827.489,622.432,1.0,614.012,357.313,1.0,605.207,359.934,1.0,603.813,368.439,1.0,598.027,380.578,1.0,593.072,387.257,1.0
92,536.867,257.826,1.0,540.8,267.174,1.0,544.362,276.905,1.0,551.408,281.792,1.0,551.548,297.874,1.0,861.105,591.501,1.0,861.701,582.533,1.0,854.935,579.208,1.0,842.012,576.485,1.0,838.057,570.618,1.0,406.372,558.848,1.0,415.337,557.434,1.0,421.219,555.543,1.0,425.589,554.086,1.0,437.46,545.931,1.0,850.621,658.28,1.0,846.142,645.126,1.0,838.038,640.654,1.0,832.837,630.877,1.0,828.062,626.485,1.0,614.012,356.716,1.0,605.287,359.488,1.0,603.813,368.439,1.0,598.233,380.578,1.0,593.072,387.224,1.0
93,536.867,257.626,1.0,541.375,267.154,1.0,544.362,276.738,1.0,549.892,281.64,1.0,550.883,296.429,1.0,861.052,591.501,1.0,861.701,582.569,1.0,854.935,579.208,1.0,842.359,576.485,1.0,838.057,570.642,1.0,406.181,558.848,1.0,415.057,559.325,1.0,420.374,556.212,1.0,425.068,554.134,1.0,436.429,546.61,1.0,850.782,658.28,1.0,846.994,645.126,1.0,838.075,641.131,1.0,833.118,632.545,1.0,828.533,627.096,1.0,614.012,356.434,1.0,605.681,359.291,1.0,601.921,367.782,1.0,598.308,380.293,1.0,593.282,387.125,1.0
94,536.867,256.957,1.0,541.375,266.709,1.0,544.297,274.537,1.0,548.369,281.04,1.0,548.864,294.136,1.0,861.052,591.501,1.0,861.701,582.569,1.0,854.935,579.808,1.0,842.359,576.485,1.0,838.057,570.692,1.0,404.865,558.848,1.0,414.614,559.912,1.0,420.138,556.368,1.0,425.068,554.134,1.0,435.35,546.862,1.0,850.876,658.463,1.0,847.127,645.126,1.0,838.09,641.378,1.0,833.399,632.602,1.0,828.852,627.33,1.0,607.167,352.941,1.0,605.842,358.942,1.0,601.921,366.962,1.0,598.812,379.589,1.0,594.117,386.663,1.0
95,540.509,256.614,1.0,541.375,265.821,1.0,542.606,272.111,1.0,548.344,278.678,1.0,544.777,290.432,1.0,861.105,591.105,1.0,861.701,583.668,1.0,854.231,579.984,1.0,842.323,576.375,1.0,837.699,570.692,1.0,404.681,557.998,1.0,414.098,560.944,1.0,419.977,557.108,1.0,425.068,554.134,1.0,434.862,546.97,1.0,855.707,658.463,1.0,847.73,646.623,1.0,839.647,643.838,1.0,835.551,636.365,1.0,830.734,629.192,1.0,601.698,351.25,1.0,605.842,358.924,1.0,601.921,366.962,1.0,599.113,372.437,1.0,595.761,378.548,1.0
96,542.336,254.374,1.0,541.375,262.84,1.0,542.606,267.869,1.0,542.551,277.964,1.0,543.808,287.144,1.0,866.293,589.845,1.0,861.738,583.668,1.0,852.322,579.984,1.0,842.549,574.31,1.0,837.555,570.618,1.0,400.586,554.204,1.0,412.322,561.719,1.0,418.568,559.626,1.0,425.691,548.086,1.0,434.028,547.84,1.0,856.504,659.022,1.0,850.886,650.334,1.0,842.777,647.377,1.0,835.975,639.886,1.0,836.735,630.5,1.0,601.698,350.732,1.0,605.37,358.002,1.0,601.991,365.922,1.0,599.113,370.346,1.0,595.761,377.581,1.0
97,542.43,254.305,1.0,541.375,262.26,1.0,542.606,267.191,1.0,540.974,276.897,1.0,543.808,285.234,1.0,869.339,578.509,1.0,863.71,584.859,1.0,850.812,581.349,1.0,842.856,573.24,1.0,837.511,569.941,1.0,400.586,554.204,1.0,412.322,561.719,1.0,418.568,559.626,1.0,425.691,548.007,1.0,433.74,547.84,1.0,857.555,659.022,1.0,851.496,652.676,1.0,846.691,647.377,1.0,836.111,641.849,1.0,836.741,633.214,1.0,601.698,349.098,1.0,605.749,357.573,1.0,602.123,363.545,1.0,599.113,370.268,1.0,595.761,377.479,1.0
98,542.635,253.564,1.0,541.014,261.939,1.0,541.649,266.745,1.0,540.974,276.565,1.0,543.594,284.835,1.0,871.84,578.287,1.0,864.767,584.859,1.0,850.812,581.349,1.0,843.035,573.195,1.0,837.511,569.941,1.0,400.586,554.204,1.0,412.322,561.719,1.0,418.568,559.626,1.0,425.691,547.993,1.0,433.713,547.84,1.0,857.622,659.081,1.0,851.802,653.078,1.0,847.29,647.526,1.0,837.509,642.405,1.0,837.213,634.123,1.0,601.73,348.838,1.0,605.59,357.505,1.0,602.123,362.76,1.0,595.782,370.124,1.0,595.409,377.479,1.0
99,543.319,246.66,1.0,541.672,257.362,1.0,541.649,262.862,1.0,540.953,271.974,1.0,543.548,284.47,1.0,872.281,577.67,1.0,865.377,584.859,1.0,850.812,581.349,1.0,843.035,572.718,1.0,837.555,569.941,1.0,403.808,561.102,1.0,413.516,561.58,1.0,418.738,557.571,1.0,424.601,547.998,1.0,433.629,546.872,1.0,858.459,659.144,1.0,852.139,653.354,1.0,847.64,647.526,1.0,837.509,642.485,1.0,837.228,634.942,1.0,601.864,348.838,1.0,605.37,357.361,1.0,602.04,362.144,1.0,595.661,369.613,1.0,595.388,377.575,1.0
100,543.319,242.011,1.0,541.672,251.54,1.0,539.28,262.594,1.0,540.625,268.86,1.0,543.445,280.299,1.0,872.479,574.952,1.0,865.377,582.666,1.0,851.198,580.215,1.0,843.309,572.637,1.0,837.758,569.956,1.0,410.709,568.23,1.0,415.409,561.58,1.0,418.738,556.726,1.0,422.896,547.998,1.0,432.861,546.755,1.0,861.357,668.891,1.0,856.893,661.294,1.0,851.321,650.609,1.0,840.25,645.504,1.0,839.735,637.291,1.0,602.093,348.402,1.0,605.59,356.461,1.0,602.04,362.126,1.0,595.661,369.69,1.0,595.33,377.581,1.0
101,544.064,241.133,1.0,541.672,251.265,1.0,538.963,259.035,1.0,540.47,265.002,1.0,540.948,278.01,1.0,872.653,574.952,1.0,864.767,581.471,1.0,851.669,579.258,1.0,843.309,572.334,1.0,838.213,569.956,1.0,413.783,573.569,1.0,418.776,561.58,1.0,418.738,556.726,1.0,422.793,547.998,1.0,432.811,546.755,1.0,861.81,669.569,1.0,858.81,663.482,1.0,853.791,654.181,1.0,845.285,645.943,1.0,840.295,639.02,1.0,604.66,348.402,1.0,605.749,356.343,1.0,601.901,361.677,1.0,595.661,369.613,1.0,595.014,377.676,1.0
102,543.376,236.995,1.0,541.672,247.266,1.0,538.963,258.734,1.0,540.074,265.002,1.0,540.429,277.945,1.0,872.93,575.266,1.0,862.792,578.586,1.0,853.458,578.022,1.0,843.309,572.275,1.0,838.229,569.956,1.0,416.026,574.158,1.0,418.776,563.736,1.0,417.415,556.175,1.0,422.793,548.987,1.0,432.335,546.755,1.0,861.81,669.569,1.0,859.094,663.482,1.0,854.062,654.32,1.0,845.452,646.334,1.0,840.888,639.048,1.0,608.97,349.639,1.0,606.663,356.339,1.0,601.756,360.925,1.0,596.228,369.613,1.0,594.721,377.676,1.0
103,543.319,236.649,1.0,543.256,246.884,1.0,538.963,257.994,1.0,539.99,264.907,1.0,540.429,277.343,1.0,873.014,574.952,1.0,862.792,578.422,1.0,853.542,575.179,1.0,843.059,572.104,1.0,838.327,569.154,1.0,417.074,574.904,1.0,418.776,565.782,1.0,417.194,556.448,1.0,422.793,549.827,1.0,432.222,547.834,1.0,861.99,669.631,1.0,859.509,663.547,1.0,854.062,655.188,1.0,845.71,646.334,1.0,841.334,640.125,1.0,614.706,351.04,1.0,608.697,355.171,1.0,601.503,360.841,1.0,597.628,369.69,1.0,594.677,377.676,1.0
104,543.376,235.494,1.0,543.256,245.88,1.0,542.921,251.719,1.0,539.596,263.392,1.0,540.429,273.889,1.0,873.014,574.845,1.0,862.792,575.617,1.0,853.592,573.598,1.0,843.059,572.104,1.0,839.381,568.888,1.0,417.116,576.038,1.0,418.01,565.782,1.0,416.087,556.726,1.0,424.952,551.479,1.0,429.738,549.279,1.0,862.202,670.362,1.0,861.212,663.547,1.0,854.075,658.267,1.0,847.51,651.774,1.0,844.575,645.119,1.0,615.603,351.04,1.0,611.903,354.863,1.0,601.503,360.841,1.0,597.979,369.69,1.0,594.677,377.699,1.0
105,543.376,229.452,1.0,543.256,237.941,1.0,543.777,247.285,1.0,539.254,261.014,1.0,540.726,270.159,1.0,873.428,574.598,1.0,868.276,568.775,1.0,855.081,572.829,1.0,843.059,572.104,1.0,839.397,568.888,1.0,417.116,576.118,1.0,417.751,566.479,1.0,416.087,559.49,1.0,425.189,551.686,1.0,429.609,549.464,1.0,869.986,671.24,1.0,865.149,663.218,1.0,855.201,661.582,1.0,851.594,654.992,1.0,845.995,649.112,1.0,616.409,351.04,1.0,611.903,354.689,1.0,601.195,360.198,1.0,597.979,369.544,1.0,594.677,377.699,1.0
106,543.172,229.437,1.0,543.256,237.427,1.0,543.777,247.119,1.0,539.254,259.433,1.0,546.484,267.511,1.0,878.34,570.413,1.0,871.246,568.584,1.0,857.216,572.048,1.0,849.209,574.201,1.0,839.793,568.888,1.0,417.116,576.689,1.0,416.663,566.826,1.0,416.087,560.225,1.0,425.189,551.819,1.0,429.609,550.466,1.0,870.125,671.523,1.0,865.196,663.218,1.0,855.454,661.818,1.0,851.804,655.253,1.0,846.56,649.112,1.0,617.595,350.524,1.0,611.903,354.689,1.0,600.973,360.198,1.0,597.979,369.476,1.0,595.418,378.033,1.0
107,543.119,229.243,1.0,543.256,236.596,1.0,543.777,245.574,1.0,538.949,256.934,1.0,546.788,266.661,1.0,878.34,570.413,1.0,871.246,568.349,1.0,857.216,571.866,1.0,849.209,574.672,1.0,840.06,568.889,1.0,417.742,581.52,1.0,416.663,567.812,1.0,416.227,564.171,1.0,425.189,553.639,1.0,429.447,552.137,1.0,870.361,671.982,1.0,865.398,663.547,1.0,855.531,661.84,1.0,851.89,655.298,1.0,847.24,649.78,1.0,618.159,350.33,1.0,608.472,354.332,1.0,600.882,359.867,1.0,597.637,368.622,1.0,595.894,378.044,1.0
108,542.526,223.667,1.0,543.872,233.281,1.0,540.418,245.568,1.0,538.832,251.825,1.0,547.866,263.017,1.0,878.34,570.413,1.0,871.246,568.349,1.0,857.216,571.599,1.0,849.209,574.685,1.0,840.06,569.102,1.0,419.61,589.681,1.0,416.326,575.557,1.0,416.227,567.924,1.0,420.622,561.063,1.0,428.041,553.731,1.0,870.847,674.354,1.0,865.456,666.599,1.0,856.693,664.276,1.0,852.155,659.376,1.0,847.959,649.852,1.0,618.159,350.283,1.0,608.472,353.941,1.0,600.882,357.966,1.0,596.433,368.525,1.0,596.913,378.044,1.0
109,542.526,223.667,1.0,543.872,233.281,1.0,540.418,240.248,1.0,538.113,247.076,1.0,547.866,260.88,1.0,878.047,570.257,1.0,870.331,568.349,1.0,856.572,571.866,1.0,848.345,574.706,1.0,840.533,569.68,1.0,419.862,590.84,1.0,416.326,577.258,1.0,416.317,568.02,1.0,418.942,561.662,1.0,427.395,553.745,1.0,873.633,674.527,1.0,867.022,673.026,1.0,862.433,665.272,1.0,853.84,660.53,1.0,851.313,651.088,1.0,618.159,350.209,1.0,608.472,353.941,1.0,600.973,357.966,1.0,596.433,368.525,1.0,596.913,378.044,1.0
110,542.526,223.367,1.0,543.872,233.246,1.0,540.418,239.94,1.0,538.113,247.076,1.0,547.866,260.668,1.0,876.103,570.257,1.0,869.811,568.349,1.0,856.572,571.866,1.0,848.345,574.706,1.0,840.06,569.68,1.0,419.862,590.896,1.0,415.207,577.92,1.0,416.412,568.046,1.0,418.762,562.172,1.0,426.374,554.011,1.0,873.633,674.634,1.0,868.604,674.037,1.0,863.015,665.272,1.0,853.958,662.095,1.0,852.27,652.329,1.0,618.159,350.209,1.0,609.162,353.941,1.0,601.09,357.966,1.0,596.433,368.525,1.0,596.913,377.981,1.0
111,542.621,223.234,1.0,543.872,232.748,1.0,540.468,239.732,1.0,538.113,246.926,1.0,547.844,260.367,1.0,871.908,570.257,1.0,864.001,568.349,1.0,856.572,572.945,1.0,848.345,574.752,1.0,839.552,569.68,1.0,419.61,590.896,1.0,415.207,578.08,1.0,416.522,568.262,1.0,418.429,562.172,1.0,426.059,555.058,1.0,874.457,674.798,1.0,869.528,674.116,1.0,863.156,665.581,1.0,853.958,662.095,1.0,852.347,652.539,1.0,615.518,350.209,1.0,609.162,355.062,1.0,601.56,359.733,1.0,597.511,369.943,1.0,595.474,377.981,1.0
112,543.195,218.567,1.0,543.552,228.914,1.0,541.786,235.889,1.0,538.948,246.213,1.0,545.611,252.706,1.0,864.872,565.695,1.0,862.709,566.133,1.0,860.722,573.784,1.0,850.157,577.59,1.0,838.266,568.681,1.0,416.59,590.84,1.0,414.091,579.626,1.0,416.531,571.038,1.0,416.249,562.821,1.0,425.918,556.125,1.0,874.457,674.989,1.0,869.661,674.648,1.0,863.493,665.582,1.0,854.591,662.113,1.0,853.114,652.58,1.0,614.301,350.209,1.0,609.162,356.586,1.0,602.321,361.979,1.0,597.511,369.943,1.0,595.474,377.981,1.0
113,546.185,217.745,1.0,543.552,219.902,1.0,541.786,232.873,1.0,538.948,240.763,1.0,545.594,252.147,1.0,864.54,564.225,1.0,862.707,565.645,1.0,860.727,573.784,1.0,850.332,577.757,1.0,837.982,568.62,1.0,412.037,590.977,1.0,414.04,582.965,1.0,416.531,572.73,1.0,414.849,565.382,1.0,425.245,559.135,1.0,874.457,685.717,1.0,871.959,675.86,1.0,866.82,670.091,1.0,858.168,662.337,1.0,857.366,652.69,1.0,606.373,352.087,1.0,608.18,356.586,1.0,602.361,362.019,1.0,597.511,369.943,1.0,595.474,378.31,1.0
114,546.185,216.517,1.0,543.586,219.73,1.0,542.02,232.216,1.0,538.948,239.916,1.0,545.243,251.89,1.0,864.54,563.487,1.0,862.707,565.504,1.0,860.833,573.784,1.0,850.772,578.072,1.0,837.981,568.586,1.0,412.037,591.173,1.0,414.04,583.08,1.0,416.531,574.201,1.0,414.316,567.581,1.0,424.884,561.426,1.0,874.084,686.328,1.0,872.997,676.17,1.0,868.393,670.699,1.0,859.893,663.077,1.0,857.544,655.183,1.0,600.871,352.313,1.0,605.903,356.586,1.0,603.253,362.019,1.0,596.639,369.465,1.0,595.534,378.452,1.0
115,546.185,216.514,1.0,543.586,219.72,1.0,542.02,232.196,1.0,538.948,239.131,1.0,545.243,251.45,1.0,864.606,562.119,1.0,862.709,564.566,1.0,860.727,573.441,1.0,850.774,578.081,1.0,837.981,568.586,1.0,412.037,591.173,1.0,414.04,583.743,1.0,416.453,574.777,1.0,414.276,567.581,1.0,424.756,561.635,1.0,874.084,686.389,1.0,872.997,677.775,1.0,868.393,672.697,1.0,860.689,665.389,1.0,857.944,660.174,1.0,600.247,352.313,1.0,604.904,356.384,1.0,603.253,362.019,1.0,596.639,367.942,1.0,595.54,378.456,1.0
116,541.897,213.969,1.0,543.552,219.638,1.0,542.326,232.187,1.0,538.948,239.096,1.0,545.123,251.201,1.0,864.844,561.245,1.0,862.707,564.566,1.0,860.722,573.441,1.0,850.772,578.072,1.0,837.982,568.586,1.0,412.582,591.938,1.0,414.04,583.743,1.0,416.453,574.919,1.0,414.07,567.785,1.0,424.437,561.635,1.0,874.084,686.556,1.0,872.997,678.349,1.0,868.627,672.874,1.0,861.178,665.599,1.0,858.268,660.336,1.0,600.138,350.118,1.0,603.985,356.251,1.0,603.253,361.617,1.0,596.591,367.942,1.0,595.739,378.481,1.0
117,535.927,212.493,1.0,541.612,219.212,1.0,542.326,228.827,1.0,539.757,238.977,1.0,545.123,251.08,1.0,864.844,561.245,1.0,862.946,564.566,1.0,860.718,573.441,1.0,850.772,577.757,1.0,838.003,568.586,1.0,412.759,592.007,1.0,416.891,584.45,1.0,416.453,574.919,1.0,414.07,567.785,1.0,424.388,561.426,1.0,874.703,687.135,1.0,873.15,679.097,1.0,868.892,674.243,1.0,861.228,665.798,1.0,858.819,660.508,1.0,599.261,349.77,1.0,603.446,355.355,1.0,600.97,360.99,1.0,596.588,367.79,1.0,595.739,378.456,1.0
118,535.635,212.277,1.0,541.217,218.819,1.0,542.326,228.589,1.0,539.757,238.65,1.0,545.123,250.813,1.0,868.651,561.245,1.0,863.285,566.154,1.0,858.813,573.761,1.0,849.938,574.349,1.0,838.797,568.895,1.0,412.787,592.334,1.0,417.0,584.961,1.0,416.538,576.836,1.0,414.07,568.399,1.0,424.298,561.635,1.0,875.446,690.63,1.0,875.282,682.676,1.0,869.145,677.972,1.0,861.406,670.227,1.0,859.733,663.906,1.0,598.983,348.013,1.0,600.805,345.498,1.0,599.108,358.863,1.0,596.528,366.24,1.0,597.83,378.456,1.0
119,535.268,207.89,1.0,540.768,218.627,1.0,541.737,226.262,1.0,539.757,236.056,1.0,545.885,246.569,1.0,869.686,562.113,1.0,863.459,566.769,1.0,857.835,573.861,1.0,849.324,574.066,1.0,839.233,569.181,1.0,412.787,596.959,1.0,417.198,588.876,1.0,416.538,578.836,1.0,414.192,569.656,1.0,422.048,561.649,1.0,880.647,699.186,1.0,879.13,690.439,1.0,871.747,678.372,1.0,866.601,677.22,1.0,862.423,665.159,1.0,594.745,339.798,1.0,598.938,344.193,1.0,597.733,357.855,1.0,596.198,365.864,1.0,597.941,377.438,1.0
120,534.885,205.696,1.0,539.305,217.949,1.0,539.641,225.392,1.0,539.482,234.871,1.0,548.033,245.633,1.0,869.686,569.965,1.0,864.082,576.045,1.0,855.283,573.861,1.0,842.289,573.273,1.0,839.371,569.829,1.0,412.759,596.959,1.0,417.198,588.876,1.0,416.538,579.165,1.0,414.192,569.656,1.0,421.025,562.687,1.0,880.687,699.992,1.0,879.919,691.835,1.0,871.747,684.477,1.0,867.683,678.886,1.0,863.234,665.942,1.0,594.619,339.571,1.0,598.625,343.295,1.0,597.711,357.57,1.0,596.175,365.834,1.0,597.941,376.849,1.0
121,533.568,204.713,1.0,537.859,216.852,1.0,539.447,224.8,1.0,539.337,234.705,1.0,548.033,245.332,1.0,869.686,578.334,1.0,864.082,580.792,1.0,854.932,573.761,1.0,842.289,572.946,1.0,839.501,570.142,1.0,412.752,596.959,1.0,417.0,588.876,1.0,415.99,579.193,1.0,414.192,569.88,1.0,420.626,562.687,1.0,880.695,700.109,1.0,879.919,691.892,1.0,871.957,684.534,1.0,867.864,679.387,1.0,863.519,666.577,1.0,594.619,338.897,1.0,598.528,343.164,1.0,597.711,357.56,1.0,596.175,365.702,1.0,597.941,376.819,1.0
122,532.142,204.626,1.0,537.816,216.852,1.0,539.117,224.714,1.0,539.214,232.659,1.0,548.033,245.105,1.0,862.317,584.446,1.0,864.082,580.898,1.0,854.864,573.562,1.0,842.289,572.946,1.0,839.501,570.478,1.0,408.081,595.231,1.0,413.864,588.197,1.0,415.643,579.423,1.0,413.831,569.88,1.0,419.689,562.687,1.0,881.539,700.98,1.0,879.919,692.325,1.0,871.957,684.64,1.0,868.022,679.387,1.0,863.966,666.728,1.0,594.745,338.457,1.0,598.528,342.998,1.0,597.711,357.125,1.0,596.17,364.928,1.0,597.941,375.841,1.0
123,530.671,204.626,1.0,537.816,216.296,1.0,539.117,223.78,1.0,539.214,232.263,1.0,548.023,244.906,1.0,857.049,585.963,1.0,862.119,582.324,1.0,854.932,573.562,1.0,842.807,573.273,1.0,839.604,571.897,1.0,407.759,595.031,1.0,413.025,588.183,1.0,414.848,579.728,1.0,413.831,569.88,1.0,419.518,562.599,1.0,884.802,701.289,1.0,877.361,694.077,1.0,873.915,685.549,1.0,870.213,679.387,1.0,864.043,670.961,1.0,597.552,337.458,1.0,598.526,342.998,1.0,601.713,353.522,1.0,596.17,362.807,1.0,604.886,371.555,1.0
124,530.671,204.626,1.0,537.816,215.854,1.0,539.117,222.328,1.0,538.985,231.327,1.0,547.496,244.76,1.0,855.762,588.446,1.0,858.857,583.713,1.0,855.283,573.562,1.0,843.165,575.008,1.0,839.624,572.228,1.0,407.009,595.031,1.0,412.701,588.183,1.0,414.57,579.855,1.0,413.822,569.88,1.0,419.38,562.599,1.0,888.381,701.743,1.0,877.238,697.492,1.0,877.91,687.853,1.0,872.187,679.829,1.0,864.676,674.078,1.0,597.552,337.458,1.0,598.17,342.998,1.0,601.713,353.168,1.0,596.175,362.515,1.0,604.886,370.426,1.0
125,530.671,204.713,1.0,537.816,215.854,1.0,538.4,222.328,1.0,538.955,231.327,1.0,547.177,244.705,1.0,855.512,591.251,1.0,856.687,584.685,1.0,859.424,573.714,1.0,843.631,575.497,1.0,839.896,572.253,1.0,407.009,595.031,1.0,412.318,588.197,1.0,413.972,579.994,1.0,413.604,570.709,1.0,419.028,562.599,1.0,888.835,701.743,1.0,877.238,697.492,1.0,878.276,688.26,1.0,872.187,679.829,1.0,864.894,675.54,1.0,597.552,337.335,1.0,595.634,344.057,1.0,601.919,353.168,1.0,596.17,362.515,1.0,604.886,368.461,1.0
126,532.231,206.196,1.0,538.532,215.302,1.0,538.238,222.328,1.0,538.464,231.327,1.0,546.961,244.705,1.0,854.631,591.251,1.0,855.359,587.645,1.0,859.424,574.801,1.0,843.631,575.523,1.0,839.896,572.977,1.0,406.425,595.359,1.0,411.558,588.815,1.0,413.073,580.108,1.0,413.604,571.101,1.0,418.621,562.666,1.0,888.839,701.743,1.0,877.361,697.492,1.0,878.513,688.362,1.0,872.62,679.829,1.0,865.001,675.755,1.0,597.552,337.335,1.0,595.634,344.057,1.0,601.713,353.168,1.0,596.088,362.515,1.0,603.988,368.075,1.0
127,537.946,208.482,1.0,538.867,215.854,1.0,537.488,224.129,1.0,537.914,232.865,1.0,546.529,244.705,1.0,854.631,592.56,1.0,855.212,589.092,1.0,859.424,575.913,1.0,848.815,575.573,1.0,840.337,573.008,1.0,402.639,598.543,1.0,408.99,592.115,1.0,413.073,581.962,1.0,413.312,571.614,1.0,418.137,565.203,1.0,890.576,702.412,1.0,884.197,697.507,1.0,879.08,690.464,1.0,872.683,682.143,1.0,865.74,677.811,1.0,597.552,337.335,1.0,595.634,344.057,1.0,601.701,353.168,1.0,595.866,362.515,1.0,603.988,367.398,1.0
128,543.596,208.783,1.0,540.934,216.251,1.0,537.076,225.73,1.0,537.914,234.1,1.0,546.466,245.969,1.0,854.521,597.882,1.0,855.041,589.345,1.0,857.627,578.564,1.0,849.712,576.097,1.0,841.454,573.351,1.0,402.493,599.047,1.0,408.386,593.241,1.0,413.073,583.851,1.0,413.108,572.426,1.0,416.411,566.97,1.0,893.418,702.533,1.0,885.489,697.507,1.0,880.117,694.74,1.0,872.806,684.527,1.0,869.507,678.41,1.0,597.345,336.939,1.0,595.512,343.613,1.0,601.657,352.895,1.0,595.866,362.11,1.0,603.988,365.221,1.0
129,550.142,216.367,1.0,544.212,216.742,1.0,537.076,225.73,1.0,537.914,234.1,1.0,546.466,245.969,1.0,854.495,605.505,1.0,855.041,589.514,1.0,857.125,579.695,1.0,849.737,576.244,1.0,841.47,573.39,1.0,402.249,599.559,1.0,408.239,593.241,1.0,412.551,585.531,1.0,412.89,572.446,1.0,416.27,567.897,1.0,893.767,702.856,1.0,886.588,697.895,1.0,880.233,695.743,1.0,874.975,684.638,1.0,873.765,679.048,1.0,597.246,335.608,1.0,595.361,342.324,1.0,599.713,351.016,1.0,595.646,359.89,1.0,604.502,364.247,1.0
130,551.545,217.121,1.0,544.671,216.251,1.0,537.076,225.73,1.0,537.98,234.1,1.0,546.466,245.969,1.0,854.26,605.505,1.0,855.041,591.075,1.0,857.125,579.695,1.0,849.941,576.308,1.0,841.48,573.772,1.0,402.249,599.767,1.0,407.839,593.241,1.0,412.551,585.596,1.0,412.662,572.599,1.0,416.032,568.043,1.0,893.909,702.945,1.0,886.883,698.218,1.0,880.346,695.743,1.0,875.239,684.954,1.0,873.765,679.786,1.0,595.554,332.175,1.0,595.055,339.918,1.0,597.184,346.594,1.0,595.646,352.318,1.0,604.6,363.312,1.0
131,552.335,220.294,1.0,544.734,216.742,1.0,537.573,225.711,1.0,538.064,233.932,1.0,546.47,245.416,1.0,854.26,605.505,1.0,855.611,589.514,1.0,857.125,579.695,1.0,849.941,576.561,1.0,841.47,573.788,1.0,401.63,599.927,1.0,406.161,593.658,1.0,412.551,585.797,1.0,412.557,572.718,1.0,416.032,568.096,1.0,894.033,703.172,1.0,887.259,698.516,1.0,880.887,695.763,1.0,875.501,684.954,1.0,874.247,682.51,1.0,592.474,327.389,1.0,594.884,337.361,1.0,596.769,343.59,1.0,595.656,352.089,1.0,604.621,362.378,1.0
132,554.833,220.524,1.0,544.906,217.664,1.0,537.834,223.697,1.0,538.227,232.143,1.0,547.954,244.346,1.0,854.26,596.57,1.0,855.675,589.514,1.0,857.125,578.8,1.0,849.941,576.561,1.0,841.454,573.788,1.0,402.249,599.927,1.0,406.161,593.658,1.0,411.754,585.797,1.0,412.283,572.738,1.0,415.8,568.556,1.0,895.204,710.235,1.0,893.881,704.221,1.0,884.736,695.77,1.0,875.693,690.327,1.0,874.62,682.51,1.0,592.271,326.725,1.0,594.738,336.626,1.0,596.674,343.105,1.0,595.735,351.42,1.0,604.6,362.29,1.0
133,554.833,228.585,1.0,546.394,219.188,1.0,538.368,222.674,1.0,538.227,231.65,1.0,548.009,243.093,1.0,854.26,593.73,1.0,855.712,588.292,1.0,857.125,578.394,1.0,849.43,576.561,1.0,841.016,573.772,1.0,401.153,599.767,1.0,404.941,592.285,1.0,411.754,585.797,1.0,412.073,573.571,1.0,415.593,569.099,1.0,899.074,716.406,1.0,898.969,707.737,1.0,887.856,699.78,1.0,880.646,699.584,1.0,875.575,685.689,1.0,592.271,326.064,1.0,594.738,330.694,1.0,596.475,342.804,1.0,595.671,351.169,1.0,604.6,362.29,1.0
134,554.833,228.644,1.0,546.394,221.224,1.0,538.387,222.647,1.0,538.227,230.871,1.0,548.023,243.093,1.0,855.133,592.727,1.0,855.912,586.591,1.0,857.05,577.992,1.0,844.692,576.761,1.0,840.196,573.15,1.0,399.736,595.042,1.0,404.406,589.37,1.0,411.419,585.867,1.0,411.72,573.734,1.0,415.404,569.658,1.0,899.104,717.352,1.0,898.972,708.704,1.0,887.897,702.929,1.0,882.236,699.732,1.0,875.792,686.324,1.0,592.474,326.064,1.0,594.884,330.694,1.0,596.475,342.804,1.0,595.671,351.169,1.0,604.175,362.378,1.0
135,554.321,231.065,1.0,546.679,224.781,1.0,538.636,222.647,1.0,537.191,230.791,1.0,548.023,243.093,1.0,859.035,592.224,1.0,857.047,585.044,1.0,857.05,577.371,1.0,844.659,576.761,1.0,840.098,571.637,1.0,399.541,590.935,1.0,404.284,584.609,1.0,411.419,584.534,1.0,411.159,574.206,1.0,414.735,569.87,1.0,899.301,717.706,1.0,898.972,708.848,1.0,887.935,702.931,1.0,882.597,699.732,1.0,875.831,686.412,1.0,593.756,326.064,1.0,595.156,330.694,1.0,596.435,342.53,1.0,595.656,350.854,1.0,602.989,362.378,1.0
136,554.321,231.251,1.0,547.825,225.37,1.0,538.636,222.674,1.0,536.536,230.791,1.0,548.023,243.107,1.0,860.475,591.667,1.0,860.11,584.228,1.0,857.05,577.238,1.0,844.284,575.971,1.0,839.973,571.637,1.0,397.579,590.935,1.0,400.987,584.609,1.0,410.373,584.534,1.0,411.159,574.206,1.0,414.47,570.872,1.0,899.357,717.834,1.0,899.475,709.407,1.0,887.935,702.946,1.0,883.141,699.839,1.0,878.385,687.954,1.0,598.567,330.932,1.0,595.22,330.694,1.0,596.435,342.348,1.0,595.671,351.169,1.0,602.316,362.29,1.0
137,554.321,231.362,1.0,551.331,227.15,1.0,539.564,222.975,1.0,536.05,229.42,1.0,548.391,243.398,1.0,860.475,589.677,1.0,860.11,583.769,1.0,856.841,576.925,1.0,844.15,575.372,1.0,839.439,571.637,1.0,397.314,583.453,1.0,400.987,582.29,1.0,410.373,584.534,1.0,411.159,574.206,1.0,414.447,570.872,1.0,903.967,718.472,1.0,900.387,709.669,1.0,892.668,705.886,1.0,886.827,700.619,1.0,878.933,694.07,1.0,603.003,330.932,1.0,597.059,330.642,1.0,596.435,342.122,1.0,595.671,351.513,1.0,601.995,361.328,1.0
138,560.595,231.362,1.0,554.915,228.044,1.0,540.513,223.113,1.0,535.77,229.294,1.0,548.753,243.527,1.0,860.475,589.4,1.0,860.11,583.157,1.0,856.841,575.981,1.0,844.15,575.372,1.0,838.71,573.382,1.0,397.314,582.708,1.0,400.987,582.29,1.0,410.373,584.534,1.0,411.95,574.206,1.0,413.438,570.872,1.0,906.83,718.956,1.0,900.387,710.461,1.0,893.722,708.566,1.0,889.835,700.97,1.0,879.987,697.093,1.0,603.003,330.932,1.0,598.349,330.492,1.0,596.435,342.122,1.0,595.582,351.513,1.0,601.995,361.328,1.0
139,560.689,231.362,1.0,555.043,228.044,1.0,540.844,223.113,1.0,535.469,228.608,1.0,548.753,243.527,1.0,860.475,588.927,1.0,859.595,582.447,1.0,856.841,575.981,1.0,843.159,574.247,1.0,837.311,573.63,1.0,397.314,589.104,1.0,403.934,582.924,1.0,411.188,581.373,1.0,412.212,573.678,1.0,413.438,568.356,1.0,907.14,718.956,1.0,901.391,710.461,1.0,894.358,708.843,1.0,889.835,700.97,1.0,880.01,697.137,1.0,603.003,330.932,1.0,598.349,330.492,1.0,596.435,342.122,1.0,595.881,351.513,1.0,601.995,361.328,1.0
140,563.234,230.084,1.0,557.035,228.044,1.0,541.402,223.113,1.0,535.183,228.483,1.0,548.753,243.527,1.0,860.356,581.277,1.0,859.549,582.284,1.0,852.799,575.981,1.0,842.483,573.394,1.0,836.876,573.896,1.0,405.635,589.104,1.0,404.215,584.798,1.0,411.65,580.669,1.0,412.212,571.887,1.0,413.438,566.916,1.0,908.367,718.472,1.0,901.744,709.669,1.0,894.967,709.201,1.0,889.835,700.97,1.0,880.05,697.137,1.0,601.218,330.932,1.0,598.349,330.492,1.0,596.857,343.802,1.0,596.408,351.767,1.0,602.45,361.798,1.0
141,566.329,228.152,1.0,559.249,227.945,1.0,542.632,220.388,1.0,535.183,228.483,1.0,548.267,243.388,1.0,860.339,576.178,1.0,859.146,582.036,1.0,851.304,575.536,1.0,841.967,573.394,1.0,836.361,574.095,1.0,406.177,589.104,1.0,409.415,585.72,1.0,411.825,580.669,1.0,412.043,570.168,1.0,413.438,566.562,1.0,909.379,717.365,1.0,901.764,709.616,1.0,894.967,709.561,1.0,887.941,700.97,1.0,881.578,697.137,1.0,598.457,329.895,1.0,595.669,337.115,1.0,599.108,344.039,1.0,595.881,352.095,1.0,605.217,362.015,1.0
142,567.624,226.842,1.0,559.368,227.904,1.0,542.632,220.388,1.0,535.183,227.87,1.0,547.867,243.342,1.0,860.257,576.069,1.0,858.591,581.856,1.0,851.304,575.536,1.0,840.439,573.394,1.0,836.283,574.732,1.0,408.364,597.729,1.0,411.103,588.801,1.0,412.073,580.661,1.0,412.043,569.951,1.0,413.658,566.044,1.0,910.152,717.365,1.0,903.642,709.3,1.0,895.115,710.167,1.0,887.941,700.97,1.0,881.668,697.252,1.0,591.179,334.704,1.0,595.435,338.613,1.0,599.336,344.545,1.0,594.793,352.61,1.0,605.242,362.015,1.0
143,567.624,225.3,1.0,559.368,227.849,1.0,542.632,220.388,1.0,535.266,227.87,1.0,547.491,243.29,1.0,860.257,574.253,1.0,858.568,581.033,1.0,851.304,575.242,1.0,840.132,573.87,1.0,836.176,574.817,1.0,408.37,597.729,1.0,411.419,588.801,1.0,412.433,580.487,1.0,412.043,569.736,1.0,413.712,565.451,1.0,913.548,717.365,1.0,904.289,709.3,1.0,895.193,711.195,1.0,887.941,701.515,1.0,882.21,697.26,1.0,584.233,334.974,1.0,593.211,339.085,1.0,600.627,345.121,1.0,594.793,353.576,1.0,605.286,362.015,1.0
144,567.624,222.087,1.0,559.368,227.845,1.0,542.366,220.523,1.0,535.593,231.07,1.0,547.324,243.29,1.0,858.577,572.267,1.0,858.568,577.588,1.0,852.207,573.017,1.0,837.487,574.357,1.0,835.271,574.817,1.0,408.37,597.729,1.0,411.875,588.801,1.0,412.98,580.487,1.0,412.043,569.951,1.0,414.03,564.256,1.0,913.548,718.304,1.0,904.289,709.616,1.0,895.62,711.218,1.0,887.941,702.576,1.0,883.424,697.661,1.0,584.09,345.459,1.0,590.811,339.991,1.0,600.627,345.121,1.0,594.359,353.635,1.0,605.286,362.017,1.0
145,555.837,222.087,1.0,552.037,225.114,1.0,540.549,226.094,1.0,535.593,233.513,1.0,547.102,243.29,1.0,858.215,570.588,1.0,857.193,568.344,1.0,852.492,571.953,1.0,837.487,574.959,1.0,834.042,574.817,1.0,410.112,597.584,1.0,411.875,588.585,1.0,412.5,579.48,1.0,411.973,569.592,1.0,414.146,563.204,1.0,913.548,718.304,1.0,904.289,709.563,1.0,895.62,711.218,1.0,887.941,702.576,1.0,883.824,697.661,1.0,583.271,346.523,1.0,590.023,341.325,1.0,600.627,345.506,1.0,594.334,353.77,1.0,605.286,361.473,1.0
146,553.065,220.247,1.0,548.413,223.941,1.0,538.833,226.329,1.0,535.593,233.513,1.0,546.362,243.342,1.0,857.153,564.323,1.0,854.659,566.962,1.0,853.363,571.921,1.0,837.487,574.977,1.0,832.592,573.318,1.0,411.069,591.468,1.0,414.069,584.383,1.0,412.5,576.877,1.0,411.973,568.858,1.0,418.397,561.732,1.0,910.561,718.751,1.0,903.176,709.867,1.0,895.587,711.195,1.0,887.883,702.589,1.0,883.824,697.729,1.0,583.271,347.519,1.0,590.023,343.807,1.0,600.776,346.472,1.0,594.334,353.77,1.0,604.465,361.473,1.0
147,552.157,219.798,1.0,545.934,222.655,1.0,538.833,227.64,1.0,535.8,234.835,1.0,546.362,243.416,1.0,857.153,557.408,1.0,854.659,566.962,1.0,854.292,571.921,1.0,837.746,575.033,1.0,832.592,573.165,1.0,416.142,589.308,1.0,414.233,581.768,1.0,412.666,573.705,1.0,411.973,568.858,1.0,420.489,561.732,1.0,903.241,718.304,1.0,901.753,710.485,1.0,895.587,708.707,1.0,886.951,702.576,1.0,883.824,697.729,1.0,583.271,347.519,1.0,590.023,343.807,1.0,600.391,346.579,1.0,594.359,353.77,1.0,603.063,361.791,1.0
148,542.339,217.27,1.0,544.493,220.339,1.0,538.833,228.038,1.0,538.073,236.665,1.0,546.362,243.674,1.0,857.153,552.739,1.0,854.659,566.962,1.0,854.381,571.953,1.0,838.925,575.033,1.0,832.592,573.165,1.0,422.818,583.488,1.0,418.38,581.598,1.0,412.666,573.653,1.0,411.612,570.008,1.0,420.489,561.732,1.0,893.039,717.195,1.0,898.534,710.554,1.0,894.601,708.707,1.0,886.837,702.576,1.0,883.227,697.661,1.0,586.306,349.78,1.0,591.542,343.807,1.0,600.221,346.579,1.0,594.359,353.77,1.0,603.063,362.017,1.0
149,536.794,216.872,1.0,544.227,219.599,1.0,540.512,228.038,1.0,541.072,236.665,1.0,546.656,243.752,1.0,857.153,552.739,1.0,857.304,565.832,1.0,854.497,575.309,1.0,839.399,575.033,1.0,833.392,573.094,1.0,425.266,576.88,1.0,419.572,581.566,1.0,412.666,573.473,1.0,411.612,570.48,1.0,420.489,561.732,1.0,891.187,715.217,1.0,896.13,711.819,1.0,894.527,708.707,1.0,886.517,702.589,1.0,882.954,697.534,1.0,586.352,349.78,1.0,591.799,343.807,1.0,600.052,346.579,1.0,594.242,351.721,1.0,603.063,362.441,1.0
150,535.024,216.872,1.0,543.638,219.241,1.0,540.512,228.038,1.0,541.164,236.665,1.0,546.929,244.091,1.0,857.153,552.739,1.0,859.109,565.832,1.0,854.497,575.309,1.0,839.702,575.119,1.0,833.908,573.094,1.0,425.842,576.379,1.0,420.615,581.519,1.0,413.485,573.653,1.0,411.612,570.682,1.0,420.489,561.483,1.0,887.078,715.217,1.0,892.932,714.398,1.0,894.493,708.737,1.0,886.52,702.608,1.0,882.648,697.729,1.0,587.173,350.179,1.0,592.323,343.807,1.0,598.576,345.253,1.0,594.242,350.533,1.0,603.015,362.441,1.0
151,533.362,217.27,1.0,541.829,219.191,1.0,540.512,226.966,1.0,541.164,236.441,1.0,547.24,244.091,1.0,856.122,557.617,1.0,859.109,565.948,1.0,854.497,575.309,1.0,840.579,575.188,1.0,835.503,573.09,1.0,425.842,575.114,1.0,422.613,580.259,1.0,413.485,573.653,1.0,411.793,570.682,1.0,420.489,561.483,1.0,886.824,715.217,1.0,891.921,714.605,1.0,891.49,709.158,1.0,886.52,702.608,1.0,882.648,697.534,1.0,587.215,350.179,1.0,592.323,344.491,1.0,598.451,344.799,1.0,594.242,350.164,1.0,603.428,362.441,1.0
152,533.355,216.872,1.0,540.716,217.688,1.0,539.705,225.3,1.0,541.164,235.656,1.0,547.422,244.471,1.0,856.122,557.623,1.0,859.237,565.832,1.0,854.13,574.997,1.0,840.64,575.188,1.0,836.078,572.42,1.0,426.987,574.176,1.0,423.294,579.571,1.0,413.485,573.473,1.0,413.066,570.48,1.0,420.419,561.241,1.0,885.265,715.655,1.0,889.603,715.024,1.0,891.014,709.327,1.0,886.517,702.7,1.0,882.648,697.393,1.0,587.215,350.221,1.0,591.799,345.244,1.0,598.285,344.799,1.0,594.242,350.164,1.0,603.45,362.024,1.0
153,527.089,215.182,1.0,532.537,214.675,1.0,538.389,224.559,1.0,540.881,234.022,1.0,547.346,244.471,1.0,856.122,557.623,1.0,859.109,565.751,1.0,853.687,574.664,1.0,841.036,575.141,1.0,836.084,571.768,1.0,427.335,570.472,1.0,423.988,577.342,1.0,410.216,572.943,1.0,413.066,566.308,1.0,420.305,560.714,1.0,879.05,725.015,1.0,885.78,719.571,1.0,890.151,715.394,1.0,886.517,703.411,1.0,885.023,697.393,1.0,587.215,351.234,1.0,595.136,345.662,1.0,597.404,344.787,1.0,594.055,350.075,1.0,603.45,362.024,1.0
154,526.515,214.377,1.0,531.921,214.675,1.0,536.714,224.559,1.0,539.898,234.022,1.0,547.346,244.471,1.0,856.357,557.617,1.0,859.099,564.926,1.0,853.594,573.37,1.0,841.23,575.119,1.0,836.637,571.56,1.0,430.151,570.06,1.0,424.526,575.179,1.0,410.216,572.943,1.0,413.066,565.732,1.0,420.661,560.267,1.0,876.715,725.151,1.0,884.258,721.569,1.0,889.995,716.457,1.0,886.217,704.651,1.0,885.133,697.601,1.0,587.215,352.11,1.0,595.514,346.915,1.0,597.205,344.491,1.0,593.319,349.223,1.0,604.016,361.61,1.0
155,524.33,214.107,1.0,530.497,214.662,1.0,535.976,224.559,1.0,539.603,234.022,1.0,547.346,243.186,1.0,859.616,550.082,1.0,859.099,559.327,1.0,853.594,569.411,1.0,841.429,575.049,1.0,836.834,571.445,1.0,432.725,567.959,1.0,424.694,571.722,1.0,410.216,572.943,1.0,411.52,565.732,1.0,420.661,560.267,1.0,876.494,725.166,1.0,883.729,722.138,1.0,889.995,716.492,1.0,886.034,705.359,1.0,885.199,697.601,1.0,587.62,365.567,1.0,594.967,353.553,1.0,596.208,344.299,1.0,592.606,348.289,1.0,605.672,361.61,1.0
156,519.229,213.576,1.0,530.058,214.662,1.0,535.949,225.144,1.0,539.223,234.387,1.0,544.67,241.925,1.0,859.616,549.641,1.0,859.099,558.589,1.0,853.594,568.579,1.0,841.841,574.404,1.0,837.139,571.377,1.0,434.083,567.949,1.0,424.938,571.146,1.0,414.793,574.929,1.0,411.281,566.308,1.0,420.305,560.267,1.0,876.494,725.166,1.0,883.7,722.28,1.0,889.119,716.606,1.0,886.034,705.561,1.0,885.35,697.821,1.0,587.62,367.537,1.0,594.967,354.866,1.0,593.626,344.299,1.0,592.033,347.192,1.0,607.933,361.84,1.0
157,519.229,212.129,1.0,526.66,213.975,1.0,535.822,225.17,1.0,538.953,234.408,1.0,542.893,240.498,1.0,859.616,549.006,1.0,859.066,557.835,1.0,854.456,566.366,1.0,842.076,573.74,1.0,837.705,570.825,1.0,434.359,566.971,1.0,427.977,569.019,1.0,416.772,575.27,1.0,411.281,566.712,1.0,420.305,560.267,1.0,876.437,725.902,1.0,883.729,722.39,1.0,887.989,716.553,1.0,886.217,706.778,1.0,885.35,699.155,1.0,587.62,368.894,1.0,594.967,355.783,1.0,593.219,344.299,1.0,591.97,347.192,1.0,608.477,362.041,1.0
158,519.18,211.876,1.0,526.66,213.598,1.0,535.949,225.17,1.0,538.894,234.408,1.0,542.799,240.279,1.0,859.616,548.987,1.0,859.099,557.478,1.0,854.468,565.759,1.0,842.351,573.735,1.0,837.778,570.825,1.0,436.04,565.67,1.0,429.401,567.232,1.0,418.573,575.27,1.0,411.322,566.712,1.0,419.875,560.267,1.0,873.738,732.588,1.0,883.729,727.022,1.0,887.033,716.606,1.0,886.217,710.57,1.0,885.199,702.913,1.0,587.167,368.919,1.0,594.175,356.099,1.0,592.629,345.212,1.0,591.862,346.94,1.0,608.477,361.84,1.0
159,519.18,211.381,1.0,527.199,213.598,1.0,535.822,225.144,1.0,537.968,234.387,1.0,541.604,239.845,1.0,859.616,548.572,1.0,859.231,556.561,1.0,854.8,565.369,1.0,842.778,573.329,1.0,837.82,570.825,1.0,438.917,565.075,1.0,430.822,566.468,1.0,419.979,575.27,1.0,411.322,566.712,1.0,419.66,560.938,1.0,873.326,733.563,1.0,884.524,728.335,1.0,885.428,716.901,1.0,887.711,710.595,1.0,884.082,703.17,1.0,586.865,369.801,1.0,593.918,356.275,1.0,592.598,345.964,1.0,591.97,346.94,1.0,608.477,361.84,1.0
160,518.925,211.222,1.0,526.554,213.975,1.0,535.363,223.644,1.0,536.051,231.856,1.0,541.15,236.87,1.0,862.821,545.075,1.0,859.653,553.079,1.0,856.23,562.829,1.0,850.427,567.242,1.0,838.021,571.635,1.0,440.401,565.075,1.0,431.993,565.387,1.0,421.05,574.345,1.0,412.494,566.698,1.0,419.586,560.938,1.0,873.326,733.582,1.0,884.737,728.76,1.0,885.322,717.018,1.0,887.805,710.601,1.0,883.928,703.177,1.0,586.589,369.801,1.0,593.481,357.395,1.0,592.593,346.421,1.0,591.97,346.94,1.0,608.414,361.428,1.0
161,518.265,211.222,1.0,526.554,214.28,1.0,533.355,221.064,1.0,534.11,227.146,1.0,539.878,236.291,1.0,862.821,544.264,1.0,859.653,552.057,1.0,856.378,562.298,1.0,850.427,566.326,1.0,838.761,571.769,1.0,441.181,564.342,1.0,431.993,565.387,1.0,421.499,574.345,1.0,412.63,566.698,1.0,419.586,560.938,1.0,873.326,734.088,1.0,884.737,728.93,1.0,885.275,717.018,1.0,888.004,710.601,1.0,883.928,703.435,1.0,586.251,369.801,1.0,592.111,359.085,1.0,591.432,349.652,1.0,594.038,347.255,1.0,607.696,359.643,1.0
162,517.215,211.222,1.0,525.531,214.28,1.0,531.607,218.243,1.0,532.809,223.318,1.0,539.873,235.347,1.0,862.821,542.653,1.0,859.653,550.708,1.0,856.506,561.485,1.0,850.427,565.12,1.0,839.158,572.124,1.0,441.362,564.195,1.0,432.435,565.387,1.0,421.839,574.345,1.0,413.037,566.698,1.0,417.678,558.81,1.0,876.715,737.045,1.0,884.737,729.556,1.0,885.275,717.897,1.0,888.278,710.919,1.0,883.976,703.567,1.0,584.596,363.646,1.0,587.948,359.971,1.0,589.054,351.36,1.0,594.038,347.284,1.0,607.389,357.646,1.0
163,516.807,211.222,1.0,525.505,214.28,1.0,531.526,217.382,1.0,532.743,222.762,1.0,539.672,234.789,1.0,862.689,542.653,1.0,859.994,550.708,1.0,856.598,561.485,1.0,850.051,565.12,1.0,839.234,572.224,1.0,443.508,564.037,1.0,432.862,564.755,1.0,422.691,576.066,1.0,413.258,568.252,1.0,412.926,558.81,1.0,878.128,737.52,1.0,882.321,729.597,1.0,882.669,723.234,1.0,888.278,711.831,1.0,884.082,704.463,1.0,584.467,363.646,1.0,587.089,360.183,1.0,588.974,351.747,1.0,594.565,349.96,1.0,606.553,356.551,1.0
164,516.669,211.222,1.0,525.493,213.735,1.0,531.183,216.921,1.0,531.487,222.469,1.0,539.598,234.468,1.0,862.651,542.653,1.0,859.994,550.708,1.0,856.598,561.485,1.0,849.931,565.12,1.0,839.405,572.224,1.0,444.371,564.037,1.0,432.862,564.712,1.0,423.267,576.71,1.0,414.198,569.205,1.0,410.518,558.81,1.0,878.128,737.922,1.0,882.217,729.603,1.0,882.032,723.393,1.0,888.278,712.041,1.0,884.122,704.503,1.0,584.467,363.474,1.0,587.089,360.153,1.0,588.974,351.747,1.0,594.333,350.029,1.0,606.518,356.086,1.0
165,516.051,211.038,1.0,524.156,213.556,1.0,530.096,215.953,1.0,529.939,221.789,1.0,537.756,234.103,1.0,861.806,545.212,1.0,856.071,552.199,1.0,856.598,562.075,1.0,849.903,565.664,1.0,839.405,572.395,1.0,444.371,563.879,1.0,436.979,565.029,1.0,423.267,576.71,1.0,414.825,569.642,1.0,409.975,560.285,1.0,878.128,738.611,1.0,882.198,731.305,1.0,880.896,725.679,1.0,887.999,714.973,1.0,885.771,707.363,1.0,584.073,363.646,1.0,586.85,360.183,1.0,588.974,352.249,1.0,594.038,351.144,1.0,606.059,355.75,1.0
166,514.656,207.781,1.0,522.161,211.832,1.0,527.059,215.924,1.0,527.568,220.371,1.0,536.087,234.032,1.0,859.141,545.367,1.0,856.071,552.49,1.0,857.004,562.109,1.0,845.04,568.908,1.0,839.405,572.595,1.0,444.657,563.879,1.0,437.359,564.712,1.0,423.533,576.582,1.0,415.154,569.642,1.0,409.975,560.911,1.0,876.793,739.106,1.0,881.057,733.031,1.0,880.896,726.294,1.0,886.7,720.734,1.0,888.722,712.359,1.0,583.87,363.755,1.0,586.773,360.288,1.0,588.974,352.617,1.0,593.848,352.06,1.0,605.897,355.653,1.0
167,514.656,207.458,1.0,522.161,211.813,1.0,527.059,215.924,1.0,527.568,220.371,1.0,535.853,233.909,1.0,851.785,547.144,1.0,856.071,553.147,1.0,857.04,562.109,1.0,844.971,568.908,1.0,839.218,572.741,1.0,444.742,563.879,1.0,437.66,564.712,1.0,424.074,576.582,1.0,415.904,569.642,1.0,409.975,560.916,1.0,876.793,739.275,1.0,881.014,733.198,1.0,880.811,726.948,1.0,886.466,720.803,1.0,888.722,712.575,1.0,582.803,365.879,1.0,586.508,361.288,1.0,587.718,354.331,1.0,593.451,352.06,1.0,604.016,354.357,1.0
168,514.656,206.581,1.0,522.161,211.813,1.0,527.059,215.953,1.0,527.568,220.371,1.0,535.853,233.419,1.0,842.599,560.244,1.0,850.402,555.618,1.0,857.287,562.109,1.0,844.971,568.908,1.0,838.069,573.022,1.0,445.516,563.9,1.0,438.965,565.029,1.0,425.598,574.535,1.0,417.793,569.642,1.0,411.159,563.19,1.0,876.565,739.652,1.0,881.014,733.464,1.0,880.568,727.491,1.0,886.178,721.175,1.0,888.722,712.605,1.0,580.862,369.29,1.0,584.117,363.824,1.0,586.16,357.237,1.0,592.289,354.053,1.0,601.845,351.941,1.0
169,516.637,206.581,1.0,522.464,211.832,1.0,527.404,216.621,1.0,528.999,220.766,1.0,536.087,233.419,1.0,842.599,561.243,1.0,849.059,557.451,1.0,857.287,561.286,1.0,844.971,568.48,1.0,837.919,573.663,1.0,445.517,564.706,1.0,439.773,565.029,1.0,428.178,571.27,1.0,420.056,569.642,1.0,411.204,565.201,1.0,876.565,740.041,1.0,881.057,734.77,1.0,880.329,728.168,1.0,885.922,721.706,1.0,888.417,713.145,1.0,580.735,371.19,1.0,583.051,365.562,1.0,586.041,359.009,1.0,590.177,355.428,1.0,600.792,350.828,1.0
170,517.416,206.581,1.0,523.699,213.173,1.0,530.293,216.847,1.0,529.775,221.022,1.0,537.587,233.419,1.0,842.5,562.65,1.0,849.047,557.76,1.0,857.287,560.012,1.0,848.14,564.862,1.0,837.747,573.663,1.0,449.95,565.247,1.0,441.55,563.567,1.0,430.201,570.13,1.0,421.703,569.793,1.0,411.204,569.277,1.0,875.578,748.791,1.0,881.184,740.349,1.0,879.607,730.568,1.0,881.167,723.177,1.0,888.032,716.863,1.0,580.575,371.699,1.0,583.051,365.757,1.0,585.712,359.138,1.0,590.083,355.428,1.0,600.746,350.78,1.0
171,517.902,207.275,1.0,526.438,213.739,1.0,530.887,217.681,1.0,533.123,223.178,1.0,540.397,234.524,1.0,841.751,562.731,1.0,848.684,557.901,1.0,857.068,559.412,1.0,848.237,564.862,1.0,837.438,573.663,1.0,450.467,565.247,1.0,441.55,561.804,1.0,430.606,570.002,1.0,421.758,569.85,1.0,411.204,569.651,1.0,874.386,749.098,1.0,881.644,741.794,1.0,879.347,731.864,1.0,879.969,724.792,1.0,887.252,720.05,1.0,580.735,371.699,1.0,582.072,366.242,1.0,585.711,359.27,1.0,590.083,353.906,1.0,600.792,350.78,1.0
172,519.027,209.621,1.0,526.865,214.27,1.0,532.671,217.681,1.0,533.123,223.572,1.0,541.39,234.962,1.0,841.751,562.65,1.0,848.196,557.911,1.0,856.85,559.412,1.0,848.545,564.862,1.0,837.372,573.482,1.0,450.467,564.706,1.0,441.55,561.133,1.0,430.731,569.783,1.0,421.76,569.85,1.0,411.204,569.664,1.0,873.864,749.225,1.0,881.644,742.5,1.0,879.294,732.058,1.0,879.754,724.819,1.0,886.962,720.407,1.0,580.575,371.77,1.0,582.072,366.728,1.0,585.711,359.745,1.0,590.083,355.428,1.0,600.733,350.78,1.0
173,519.794,211.855,1.0,528.812,215.252,1.0,534.518,217.681,1.0,533.324,224.342,1.0,543.122,235.014,1.0,841.751,562.65,1.0,848.196,557.99,1.0,856.321,559.412,1.0,849.247,564.934,1.0,837.372,573.39,1.0,451.084,564.706,1.0,441.55,561.133,1.0,430.888,569.783,1.0,421.801,569.85,1.0,411.204,569.78,1.0,873.864,749.406,1.0,881.184,742.596,1.0,878.951,732.179,1.0,879.557,725.437,1.0,886.798,720.431,1.0,580.351,371.699,1.0,581.478,366.972,1.0,585.711,359.745,1.0,588.559,355.455,1.0,600.666,352.287,1.0
174,519.933,212.665,1.0,528.998,215.685,1.0,534.632,218.17,1.0,533.453,225.151,1.0,543.122,235.298,1.0,841.385,562.135,1.0,847.612,557.99,1.0,855.905,560.122,1.0,849.247,565.322,1.0,837.289,573.208,1.0,450.879,565.247,1.0,441.55,561.804,1.0,430.921,569.452,1.0,421.818,569.85,1.0,411.535,569.985,1.0,874.291,750.432,1.0,880.669,744.507,1.0,877.559,733.717,1.0,879.08,727.502,1.0,885.957,720.431,1.0,579.324,371.545,1.0,581.478,367.764,1.0,586.595,361.063,1.0,586.979,355.455,1.0,598.51,352.287,1.0
175,520.056,212.941,1.0,528.998,215.797,1.0,534.875,218.903,1.0,534.505,225.694,1.0,543.122,236.054,1.0,840.172,560.919,1.0,846.578,557.948,1.0,855.255,560.237,1.0,849.247,565.536,1.0,837.389,573.129,1.0,450.467,567.721,1.0,444.346,562.673,1.0,433.78,568.72,1.0,422.543,570.94,1.0,411.714,569.985,1.0,874.291,753.933,1.0,874.813,745.765,1.0,877.347,739.136,1.0,878.951,730.574,1.0,882.98,722.265,1.0,572.149,371.545,1.0,579.383,371.027,1.0,586.595,362.385,1.0,586.979,356.776,1.0,595.942,352.287,1.0
176,520.82,212.941,1.0,528.998,215.685,1.0,534.632,219.129,1.0,535.209,227.837,1.0,543.122,236.344,1.0,839.48,559.755,1.0,845.776,557.948,1.0,853.812,560.237,1.0,849.419,565.576,1.0,837.389,573.081,1.0,450.443,575.305,1.0,445.393,563.609,1.0,434.315,568.25,1.0,423.285,571.606,1.0,411.714,570.112,1.0,874.291,756.741,1.0,874.719,747.523,1.0,876.163,739.944,1.0,878.805,732.29,1.0,881.084,724.215,1.0,571.855,372.106,1.0,579.365,371.258,1.0,586.595,362.826,1.0,586.392,357.103,1.0,594.935,352.287,1.0
177,520.879,212.941,1.0,529.869,215.685,1.0,534.632,222.572,1.0,535.829,230.604,1.0,543.122,236.465,1.0,839.098,559.195,1.0,845.504,557.943,1.0,852.817,560.237,1.0,849.21,565.58,1.0,837.478,573.054,1.0,450.767,577.043,1.0,445.734,563.611,1.0,435.066,568.093,1.0,423.879,571.652,1.0,411.714,570.189,1.0,874.345,756.928,1.0,874.7,747.623,1.0,876.129,740.014,1.0,878.805,732.29,1.0,880.798,724.748,1.0,571.855,371.46,1.0,579.365,371.258,1.0,585.644,362.826,1.0,585.692,357.704,1.0,594.828,352.287,1.0
178,527.038,213.006,1.0,531.139,214.463,1.0,533.164,222.872,1.0,536.272,230.83,1.0,544.068,241.37,1.0,838.568,558.896,1.0,844.864,557.679,1.0,852.459,560.064,1.0,848.67,565.813,1.0,838.999,572.872,1.0,450.752,577.043,1.0,445.734,563.611,1.0,435.198,568.088,1.0,424.028,572.11,1.0,411.714,570.189,1.0,874.291,757.781,1.0,874.458,748.164,1.0,875.759,740.505,1.0,878.805,733.08,1.0,880.798,725.014,1.0,572.149,372.69,1.0,579.383,371.218,1.0,585.426,362.563,1.0,585.612,358.008,1.0,594.686,352.611,1.0
179,536.42,213.748,1.0,535.08,212.794,1.0,533.13,223.815,1.0,536.795,231.374,1.0,544.167,242.307,1.0,831.987,548.377,1.0,838.695,553.431,1.0,846.303,558.697,1.0,848.325,573.322,1.0,843.102,570.141,1.0,450.752,577.043,1.0,445.79,563.784,1.0,435.301,568.068,1.0,423.879,572.11,1.0,411.714,570.419,1.0,874.086,758.041,1.0,873.899,749.304,1.0,875.557,742.296,1.0,876.209,733.134,1.0,880.798,726.496,1.0,572.823,372.876,1.0,579.833,371.218,1.0,585.316,362.892,1.0,585.607,358.167,1.0,594.777,352.928,1.0
180,543.615,214.945,1.0,535.315,212.32,1.0,533.13,223.815,1.0,537.313,235.283,1.0,544.194,243.767,1.0,831.928,548.236,1.0,838.252,553.212,1.0,845.79,558.697,1.0,847.875,573.322,1.0,843.102,570.141,1.0,450.767,571.391,1.0,446.874,563.912,1.0,436.408,567.432,1.0,423.879,572.11,1.0,412.224,570.5,1.0,872.872,767.324,1.0,873.457,756.011,1.0,873.076,746.871,1.0,875.148,739.387,1.0,881.651,732.196,1.0,583.761,376.147,1.0,583.634,371.218,1.0,583.39,362.91,1.0,585.172,358.332,1.0,594.686,352.928,1.0
181,544.956,215.923,1.0,537.416,212.794,1.0,533.13,223.815,1.0,538.234,235.283,1.0,544.459,243.767,1.0,831.817,548.008,1.0,838.169,552.942,1.0,845.471,558.416,1.0,847.18,573.322,1.0,843.195,570.141,1.0,451.236,571.026,1.0,447.229,563.943,1.0,437.368,567.158,1.0,422.609,569.784,1.0,414.89,571.645,1.0,871.746,768.043,1.0,872.665,758.19,1.0,872.256,748.386,1.0,875.032,741.914,1.0,881.651,734.08,1.0,586.123,380.459,1.0,584.102,371.218,1.0,583.264,364.714,1.0,585.022,358.646,1.0,594.512,353.065,1.0
182,545.872,216.7,1.0,541.0,212.794,1.0,533.164,222.422,1.0,538.322,236.773,1.0,544.459,243.767,1.0,831.772,547.814,1.0,837.868,552.877,1.0,845.116,558.415,1.0,847.155,573.256,1.0,843.195,570.364,1.0,451.31,571.006,1.0,447.354,563.969,1.0,437.573,566.99,1.0,422.609,569.75,1.0,415.089,572.416,1.0,871.472,768.043,1.0,871.874,758.43,1.0,872.211,748.498,1.0,874.836,742.277,1.0,881.651,734.274,1.0,593.828,380.992,1.0,588.439,372.49,1.0,583.264,365.449,1.0,584.735,358.732,1.0,594.512,353.065,1.0
183,547.453,216.965,1.0,542.263,214.068,1.0,533.179,222.062,1.0,538.322,236.773,1.0,545.315,243.297,1.0,831.692,547.388,1.0,837.481,552.625,1.0,844.363,558.416,1.0,846.522,572.671,1.0,843.3,570.372,1.0,451.423,571.006,1.0,447.354,563.969,1.0,437.676,566.783,1.0,422.609,569.75,1.0,415.475,572.416,1.0,871.254,768.488,1.0,871.361,758.663,1.0,872.096,749.018,1.0,874.653,742.524,1.0,881.631,734.484,1.0,593.876,381.548,1.0,590.749,373.143,1.0,583.264,365.659,1.0,584.509,358.991,1.0,594.327,352.846,1.0
184,548.843,222.429,1.0,542.427,214.187,1.0,533.677,221.62,1.0,538.234,235.283,1.0,545.895,240.76,1.0,831.506,545.923,1.0,836.413,552.031,1.0,843.471,559.008,1.0,845.931,572.295,1.0,845.673,570.859,1.0,452.241,571.006,1.0,447.354,563.987,1.0,437.676,566.99,1.0,423.47,569.75,1.0,415.477,572.416,1.0,870.659,768.488,1.0,871.357,758.694,1.0,872.006,750.482,1.0,874.508,743.834,1.0,881.451,736.384,1.0,594.856,381.558,1.0,591.969,373.637,1.0,583.908,365.68,1.0,584.404,359.034,1.0,591.777,351.905,1.0
185,548.843,224.061,1.0,542.76,214.513,1.0,533.957,220.319,1.0,537.401,235.077,1.0,545.895,239.483,1.0,828.602,544.407,1.0,834.542,550.494,1.0,842.9,559.133,1.0,844.556,570.027,1.0,847.863,571.518,1.0,453.802,577.184,1.0,447.878,563.987,1.0,438.245,567.158,1.0,424.4,569.737,1.0,416.765,572.122,1.0,870.156,772.54,1.0,870.369,764.986,1.0,871.715,755.681,1.0,873.934,745.768,1.0,878.376,740.122,1.0,595.068,381.903,1.0,591.969,373.637,1.0,584.269,367.024,1.0,583.946,359.213,1.0,590.338,351.905,1.0
186,550.055,224.236,1.0,542.454,215.584,1.0,533.957,220.319,1.0,537.322,234.96,1.0,545.895,239.307,1.0,828.241,543.371,1.0,834.284,549.562,1.0,842.885,559.149,1.0,844.405,569.734,1.0,847.863,571.518,1.0,459.695,577.203,1.0,449.047,564.937,1.0,439.531,567.213,1.0,426.344,569.117,1.0,420.53,567.285,1.0,869.91,772.657,1.0,869.915,765.697,1.0,871.715,755.854,1.0,873.674,745.795,1.0,878.097,740.88,1.0,595.069,383.457,1.0,591.969,373.898,1.0,585.235,368.073,1.0,583.6,359.716,1.0,589.528,351.905,1.0
187,551.316,227.193,1.0,542.454,218.743,1.0,533.781,220.319,1.0,537.169,233.992,1.0,545.853,238.938,1.0,827.574,542.98,1.0,833.913,549.086,1.0,842.667,559.149,1.0,844.285,569.331,1.0,847.863,571.597,1.0,461.024,577.377,1.0,450.617,565.48,1.0,439.531,567.739,1.0,427.127,568.887,1.0,420.755,566.776,1.0,869.816,773.481,1.0,869.845,765.919,1.0,871.715,756.296,1.0,873.649,745.934,1.0,878.025,741.207,1.0,595.069,383.839,1.0,591.593,373.928,1.0,585.235,368.746,1.0,583.596,359.716,1.0,585.797,352.05,1.0
188,552.989,229.278,1.0,543.693,221.805,1.0,533.957,222.351,1.0,537.057,233.612,1.0,545.718,238.938,1.0,826.896,542.753,1.0,833.911,549.086,1.0,842.623,559.149,1.0,843.742,568.895,1.0,847.863,571.518,1.0,462.006,577.377,1.0,451.771,565.797,1.0,439.531,568.79,1.0,427.963,568.765,1.0,421.104,566.776,1.0,869.617,773.585,1.0,869.519,766.398,1.0,871.582,758.231,1.0,873.501,746.063,1.0,877.833,741.403,1.0,595.069,383.839,1.0,591.593,373.928,1.0,585.991,369.23,1.0,583.568,359.716,1.0,585.797,353.199,1.0
189,554.971,229.794,1.0,543.846,223.467,1.0,533.957,222.879,1.0,537.057,233.191,1.0,544.905,239.307,1.0,826.234,542.753,1.0,833.911,549.086,1.0,842.15,559.133,1.0,842.872,568.452,1.0,847.863,571.436,1.0,462.194,577.377,1.0,452.037,565.882,1.0,439.002,572.339,1.0,428.086,568.667,1.0,421.261,567.285,1.0,867.178,778.256,1.0,868.763,771.342,1.0,871.259,761.169,1.0,873.501,750.442,1.0,876.914,742.96,1.0,595.314,384.591,1.0,591.593,373.928,1.0,586.194,369.232,1.0,583.424,359.917,1.0,590.338,354.866,1.0
190,555.109,233.03,1.0,547.219,227.253,1.0,536.651,222.879,1.0,537.098,233.612,1.0,544.905,238.938,1.0,826.176,542.753,1.0,833.911,551.504,1.0,840.777,558.962,1.0,840.752,565.005,1.0,849.066,570.724,1.0,462.259,577.414,1.0,452.055,565.882,1.0,439.002,572.604,1.0,428.506,568.441,1.0,421.474,567.536,1.0,862.352,781.071,1.0,866.962,774.53,1.0,870.873,764.34,1.0,873.414,756.446,1.0,876.323,749.858,1.0,595.935,385.08,1.0,592.294,374.247,1.0,586.806,370.948,1.0,583.424,361.267,1.0,589.058,356.852,1.0
191,555.657,233.03,1.0,548.361,228.106,1.0,537.066,222.879,1.0,537.098,233.313,1.0,543.954,238.938,1.0,825.703,544.114,1.0,834.343,551.504,1.0,838.437,557.209,1.0,839.634,562.151,1.0,849.192,570.187,1.0,462.259,577.414,1.0,452.065,565.797,1.0,439.002,572.604,1.0,428.546,568.402,1.0,421.835,567.868,1.0,862.352,781.106,1.0,866.362,774.751,1.0,870.816,764.749,1.0,873.336,757.198,1.0,876.217,749.873,1.0,597.079,386.303,1.0,592.963,376.398,1.0,588.054,373.831,1.0,583.418,362.684,1.0,589.058,357.477,1.0
192,555.657,233.333,1.0,549.203,228.106,1.0,538.635,221.873,1.0,537.602,233.137,1.0,543.596,239.471,1.0,825.652,544.231,1.0,834.397,551.504,1.0,838.437,557.181,1.0,839.617,561.562,1.0,849.261,570.187,1.0,462.194,577.309,1.0,452.73,565.806,1.0,440.326,572.339,1.0,429.45,568.144,1.0,422.459,567.958,1.0,862.352,781.308,1.0,866.362,774.751,1.0,870.873,765.283,1.0,873.336,757.777,1.0,875.977,750.095,1.0,598.355,390.493,1.0,594.292,380.37,1.0,589.059,376.537,1.0,583.345,365.155,1.0,589.058,358.394,1.0
193,557.636,233.333,1.0,551.049,228.106,1.0,539.239,221.873,1.0,538.46,233.137,1.0,543.954,239.471,1.0,825.652,544.489,1.0,834.397,551.504,1.0,838.437,556.913,1.0,839.499,561.562,1.0,849.261,570.187,1.0,460.907,574.089,1.0,454.727,565.763,1.0,443.206,570.977,1.0,432.781,566.615,1.0,422.887,568.006,1.0,862.766,782.039,1.0,866.362,774.872,1.0,870.816,765.467,1.0,872.249,758.079,1.0,875.977,750.41,1.0,598.515,390.507,1.0,594.381,380.475,1.0,589.242,376.872,1.0,583.082,365.28,1.0,588.912,358.526,1.0
194,561.05,242.08,1.0,556.54,225.756,1.0,549.031,221.873,1.0,538.636,232.764,1.0,544.084,236.881,1.0,825.628,545.01,1.0,834.629,551.504,1.0,838.484,556.913,1.0,839.499,561.666,1.0,849.116,570.203,1.0,460.433,573.948,1.0,455.231,565.514,1.0,444.05,570.732,1.0,433.419,566.583,1.0,422.887,568.006,1.0,863.671,782.695,1.0,866.912,774.872,1.0,870.642,769.605,1.0,871.129,760.444,1.0,875.568,750.816,1.0,598.535,390.673,1.0,594.5,380.629,1.0,589.319,376.872,1.0,583.082,365.437,1.0,588.524,358.761,1.0
195,561.196,242.08,1.0,557.436,225.725,1.0,550.142,222.642,1.0,539.766,232.764,1.0,544.084,236.881,1.0,825.546,545.029,1.0,834.629,551.597,1.0,838.871,556.827,1.0,839.499,561.231,1.0,849.116,570.203,1.0,460.433,573.948,1.0,455.231,565.316,1.0,444.05,570.732,1.0,433.419,566.453,1.0,423.349,568.006,1.0,865.478,787.828,1.0,867.447,779.355,1.0,865.279,772.091,1.0,870.844,763.929,1.0,872.107,752.462,1.0,598.57,390.962,1.0,594.5,381.224,1.0,589.881,377.133,1.0,583.082,366.606,1.0,588.201,359.973,1.0
196,561.55,242.08,1.0,558.786,225.725,1.0,550.527,224.182,1.0,539.791,232.764,1.0,544.084,236.881,1.0,823.164,545.379,1.0,834.339,551.597,1.0,839.706,556.68,1.0,839.507,561.231,1.0,849.064,570.203,1.0,460.433,573.948,1.0,455.231,565.076,1.0,444.05,570.664,1.0,433.419,566.583,1.0,422.887,568.006,1.0,866.493,788.329,1.0,867.447,780.307,1.0,865.076,773.233,1.0,869.934,765.578,1.0,872.092,753.651,1.0,598.83,396.587,1.0,595.514,383.591,1.0,591.984,378.146,1.0,584.738,370.072,1.0,587.627,365.893,1.0
197,562.094,241.931,1.0,558.931,225.756,1.0,550.735,224.721,1.0,539.94,232.764,1.0,544.084,236.881,1.0,822.341,559.919,1.0,832.166,551.597,1.0,839.706,554.188,1.0,839.303,558.962,1.0,849.038,569.652,1.0,460.433,573.776,1.0,454.117,565.018,1.0,441.145,570.732,1.0,429.941,566.615,1.0,423.185,568.154,1.0,867.611,788.924,1.0,867.623,780.957,1.0,865.076,773.942,1.0,869.798,766.3,1.0,871.856,754.16,1.0,599.72,399.156,1.0,596.681,385.648,1.0,592.208,380.61,1.0,584.798,372.743,1.0,587.26,366.268,1.0
198,565.556,241.37,1.0,561.094,225.824,1.0,551.677,225.638,1.0,540.523,232.764,1.0,542.959,237.903,1.0,821.826,560.559,1.0,828.544,550.996,1.0,839.706,554.156,1.0,839.243,557.627,1.0,849.038,569.652,1.0,458.616,573.186,1.0,451.069,565.018,1.0,441.145,571.715,1.0,428.763,567.623,1.0,422.882,568.557,1.0,867.708,789.316,1.0,867.623,781.146,1.0,865.076,773.971,1.0,869.673,766.554,1.0,872.092,754.59,1.0,600.048,399.191,1.0,596.716,385.717,1.0,593.028,380.649,1.0,585.041,373.269,1.0,587.243,366.795,1.0
199,572.837,239.893,1.0,561.156,228.79,1.0,554.846,227.855,1.0,541.562,232.209,1.0,541.701,237.903,1.0,821.432,560.673,1.0,828.172,550.992,1.0,839.042,553.35,1.0,838.629,557.509,1.0,848.984,569.352,1.0,453.217,565.31,1.0,450.931,565.316,1.0,441.145,572.177,1.0,428.763,567.623,1.0,423.053,568.86,1.0,867.611,789.316,1.0,867.202,781.723,1.0,865.256,774.39,1.0,869.06,767.633,1.0,872.092,755.515,1.0,600.22,399.191,1.0,596.716,385.852,1.0,593.227,380.649,1.0,585.041,373.269,1.0,587.243,367.036,1.0
200,572.837,239.592,1.0,561.53,228.79,1.0,556.77,228.808,1.0,542.38,232.209,1.0,541.701,237.903,1.0,818.241,560.673,1.0,826.019,550.381,1.0,835.116,552.24,1.0,837.968,556.33,1.0,848.896,568.475,1.0,444.724,562.441,1.0,450.111,567.728,1.0,441.475,574.283,1.0,428.763,567.623,1.0,422.834,568.86,1.0,866.853,796.952,1.0,865.95,786.656,1.0,865.513,777.674,1.0,868.565,767.679,1.0,871.727,761.346,1.0,600.22,399.156,1.0,596.681,385.852,1.0,593.227,380.649,1.0,585.041,373.332,1.0,587.243,367.115,1.0
201,573.142,239.509,1.0,561.76,228.79,1.0,556.77,228.906,1.0,542.553,232.209,1.0,541.652,237.603,1.0,817.871,560.673,1.0,824.747,550.35,1.0,833.678,551.959,1.0,837.803,555.684,1.0,849.038,568.475,1.0,444.338,560.7,1.0,450.013,567.728,1.0,442.098,574.283,1.0,432.697,566.62,1.0,422.834,568.86,1.0,867.084,796.952,1.0,865.51,787.445,1.0,865.743,779.312,1.0,866.47,771.0,1.0,871.668,764.297,1.0,600.357,395.73,1.0,597.143,385.897,1.0,593.227,377.37,1.0,585.431,373.406,1.0,587.404,367.635,1.0
202,573.142,239.4,1.0,562.284,228.964,1.0,556.776,229.609,1.0,542.752,232.206,1.0,541.652,237.265,1.0,814.849,559.119,1.0,824.383,550.35,1.0,832.574,551.959,1.0,837.77,555.239,1.0,848.896,568.475,1.0,443.749,560.633,1.0,450.013,567.728,1.0,442.395,574.283,1.0,434.259,566.62,1.0,422.834,568.244,1.0,866.853,796.952,1.0,865.309,788.329,1.0,865.805,779.594,1.0,865.663,771.903,1.0,871.606,765.638,1.0,600.22,395.73,1.0,597.143,385.897,1.0,593.188,377.37,1.0,585.431,373.406,1.0,587.465,367.768,1.0
203,575.131,239.276,1.0,565.558,228.964,1.0,557.684,229.837,1.0,543.09,232.206,1.0,541.685,236.983,1.0,814.778,558.995,1.0,823.975,550.381,1.0,832.574,551.959,1.0,837.703,555.198,1.0,848.883,568.138,1.0,443.563,560.633,1.0,447.618,567.611,1.0,442.658,574.026,1.0,434.563,566.62,1.0,422.94,567.754,1.0,866.812,797.206,1.0,865.309,788.694,1.0,865.98,779.602,1.0,865.516,771.932,1.0,871.539,765.807,1.0,600.114,395.73,1.0,598.508,386.204,1.0,593.188,377.37,1.0,585.431,373.453,1.0,587.534,367.768,1.0
204,575.68,239.276,1.0,567.827,229.296,1.0,558.896,229.837,1.0,549.835,232.048,1.0,541.685,236.287,1.0,814.608,558.995,1.0,823.688,550.714,1.0,832.063,552.172,1.0,837.703,555.198,1.0,848.638,567.59,1.0,443.563,556.978,1.0,446.518,564.905,1.0,442.658,572.993,1.0,435.632,566.659,1.0,422.94,567.128,1.0,866.642,797.206,1.0,865.309,788.765,1.0,865.98,779.862,1.0,865.516,771.932,1.0,871.3,766.144,1.0,599.248,397.123,1.0,598.508,386.642,1.0,593.188,380.717,1.0,584.268,375.551,1.0,587.692,367.768,1.0
205,577.362,238.592,1.0,568.083,229.682,1.0,558.906,229.733,1.0,550.493,231.769,1.0,541.685,236.058,1.0,814.052,558.995,1.0,823.407,551.467,1.0,831.943,554.15,1.0,837.0,555.239,1.0,847.462,566.405,1.0,443.615,555.462,1.0,445.765,563.532,1.0,442.395,571.565,1.0,437.219,566.865,1.0,422.94,567.128,1.0,863.262,797.206,1.0,865.309,790.377,1.0,865.98,784.879,1.0,865.263,775.523,1.0,869.481,768.109,1.0,594.272,398.743,1.0,598.508,389.018,1.0,593.188,384.44,1.0,584.011,375.823,1.0,587.938,366.933,1.0
206,577.416,238.592,1.0,569.245,230.227,1.0,560.128,229.837,1.0,551.264,231.769,1.0,541.979,236.058,1.0,811.146,558.961,1.0,820.295,551.467,1.0,830.134,554.4,1.0,836.27,558.573,1.0,846.663,566.274,1.0,443.615,549.731,1.0,444.994,556.871,1.0,439.502,566.43,1.0,437.568,566.875,1.0,422.94,567.128,1.0,861.09,798.78,1.0,864.274,792.973,1.0,862.741,785.839,1.0,864.563,777.73,1.0,868.404,768.832,1.0,590.506,398.743,1.0,595.833,391.098,1.0,593.188,384.44,1.0,584.011,376.186,1.0,587.938,366.933,1.0
207,577.909,238.592,1.0,569.504,230.77,1.0,560.297,229.837,1.0,551.406,231.769,1.0,542.203,236.058,1.0,810.12,558.961,1.0,818.419,551.803,1.0,827.428,555.096,1.0,836.192,558.795,1.0,845.588,565.388,1.0,443.978,549.164,1.0,444.931,556.707,1.0,439.329,565.467,1.0,438.349,566.996,1.0,423.216,566.972,1.0,857.496,799.373,1.0,863.95,792.973,1.0,862.202,785.839,1.0,864.558,778.067,1.0,868.295,768.832,1.0,585.849,398.743,1.0,593.615,391.098,1.0,593.078,384.44,1.0,584.011,376.186,1.0,587.938,366.933,1.0
208,579.895,238.592,1.0,569.639,231.017,1.0,561.765,230.376,1.0,551.406,232.754,1.0,542.203,236.078,1.0,809.727,558.961,1.0,818.318,551.803,1.0,827.373,555.177,1.0,834.976,558.795,1.0,845.3,564.098,1.0,444.004,548.964,1.0,444.072,555.633,1.0,438.381,564.886,1.0,438.531,566.996,1.0,423.468,567.278,1.0,856.806,800.161,1.0,863.63,793.288,1.0,862.202,786.253,1.0,864.534,778.347,1.0,868.295,768.568,1.0,585.849,391.352,1.0,593.615,391.098,1.0,592.149,383.426,1.0,584.279,376.186,1.0,587.954,366.933,1.0
209,579.895,238.592,1.0,570.619,231.121,1.0,562.632,231.098,1.0,553.535,232.874,1.0,542.288,236.173,1.0,809.652,557.985,1.0,817.078,551.825,1.0,827.011,555.519,1.0,834.567,558.795,1.0,845.291,563.816,1.0,444.365,548.175,1.0,443.915,554.816,1.0,438.182,564.581,1.0,438.852,566.996,1.0,425.457,567.91,1.0,856.755,800.161,1.0,863.403,793.371,1.0,862.462,786.253,1.0,864.534,778.394,1.0,868.23,768.832,1.0,585.849,391.352,1.0,593.615,389.331,1.0,592.148,383.426,1.0,584.397,375.246,1.0,588.04,366.912,1.0
210,579.895,238.431,1.0,570.619,231.121,1.0,562.632,231.098,1.0,553.718,232.874,1.0,542.487,236.173,1.0,809.174,557.98,1.0,816.891,551.825,1.0,826.645,555.762,1.0,834.494,558.795,1.0,845.066,563.684,1.0,446.869,546.211,1.0,443.42,552.833,1.0,437.929,563.339,1.0,440.387,565.92,1.0,427.298,567.91,1.0,856.279,800.161,1.0,863.372,793.371,1.0,862.462,786.253,1.0,864.529,778.394,1.0,868.295,768.832,1.0,586.148,391.352,1.0,594.752,389.068,1.0,591.885,383.013,1.0,584.53,375.108,1.0,587.954,366.912,1.0
211,579.85,238.431,1.0,570.619,231.017,1.0,562.632,231.098,1.0,553.718,232.874,1.0,542.87,236.173,1.0,809.015,557.98,1.0,816.792,551.847,1.0,826.579,555.93,1.0,834.468,558.756,1.0,844.739,563.571,1.0,446.869,541.688,1.0,443.42,552.833,1.0,436.406,561.477,1.0,440.79,565.186,1.0,427.539,567.91,1.0,856.241,799.96,1.0,863.372,793.288,1.0,862.558,786.418,1.0,864.529,778.779,1.0,868.378,769.05,1.0,590.901,391.352,1.0,595.794,388.261,1.0,591.769,382.649,1.0,584.452,374.699,1.0,587.954,366.912,1.0
212,575.129,239.411,1.0,569.25,231.392,1.0,561.082,231.086,1.0,551.81,231.85,1.0,542.87,236.031,1.0,808.948,557.98,1.0,816.592,552.407,1.0,825.829,555.93,1.0,834.275,558.618,1.0,844.525,562.996,1.0,447.705,541.688,1.0,443.42,552.833,1.0,436.37,560.885,1.0,440.884,564.573,1.0,427.544,568.707,1.0,856.241,799.886,1.0,863.372,793.288,1.0,862.62,786.418,1.0,864.471,778.779,1.0,868.378,769.05,1.0,594.469,391.352,1.0,595.794,387.681,1.0,591.769,382.649,1.0,584.397,373.793,1.0,587.938,366.907,1.0
213,572.159,239.476,1.0,566.5,231.568,1.0,558.231,230.177,1.0,551.81,231.304,1.0,542.87,235.967,1.0,806.107,558.228,1.0,814.276,552.407,1.0,823.851,555.93,1.0,832.934,556.944,1.0,843.006,561.554,1.0,447.952,541.688,1.0,445.417,554.396,1.0,436.183,559.684,1.0,441.295,564.019,1.0,427.676,569.643,1.0,856.279,799.264,1.0,863.841,793.153,1.0,862.826,786.418,1.0,864.442,778.779,1.0,868.23,769.074,1.0,599.933,386.046,1.0,596.027,381.285,1.0,590.917,378.529,1.0,584.397,372.501,1.0,586.993,366.85,1.0
214,557.006,241.277,1.0,563.444,232.089,1.0,558.231,230.177,1.0,551.583,231.304,1.0,541.008,235.481,1.0,805.712,558.288,1.0,812.629,552.407,1.0,820.209,554.852,1.0,831.836,556.344,1.0,840.353,560.189,1.0,448.615,546.373,1.0,445.794,554.423,1.0,436.131,559.684,1.0,441.318,564.016,1.0,427.728,569.831,1.0,857.506,798.287,1.0,864.81,792.976,1.0,862.826,785.85,1.0,864.421,778.505,1.0,868.36,769.074,1.0,601.625,384.047,1.0,596.512,378.278,1.0,589.988,378.529,1.0,584.058,372.501,1.0,586.926,366.03,1.0
215,555.225,241.663,1.0,562.679,232.461,1.0,557.778,230.335,1.0,551.447,231.095,1.0,539.893,235.481,1.0,803.979,558.288,1.0,812.09,552.076,1.0,819.144,554.466,1.0,827.694,548.999,1.0,836.549,560.128,1.0,448.615,546.551,1.0,445.973,554.491,1.0,436.037,559.541,1.0,441.318,564.016,1.0,428.041,570.771,1.0,858.032,798.287,1.0,864.976,792.753,1.0,862.883,785.72,1.0,864.335,778.475,1.0,868.252,769.05,1.0,601.957,374.538,1.0,596.512,378.164,1.0,589.988,378.455,1.0,580.159,372.501,1.0,586.215,363.892,1.0
216,551.097,241.663,1.0,562.304,237.64,1.0,557.778,230.335,1.0,551.2,231.047,1.0,539.893,235.481,1.0,803.835,558.228,1.0,811.934,551.422,1.0,818.82,553.975,1.0,827.496,548.829,1.0,836.422,560.128,1.0,448.615,546.551,1.0,446.169,554.589,1.0,436.036,559.541,1.0,441.318,564.019,1.0,428.051,571.008,1.0,863.136,797.708,1.0,865.109,792.63,1.0,862.928,785.685,1.0,864.294,777.926,1.0,868.252,768.71,1.0,602.688,372.377,1.0,597.309,378.164,1.0,589.988,378.455,1.0,579.497,372.64,1.0,586.15,363.132,1.0
217,550.835,241.936,1.0,559.613,237.785,1.0,558.231,230.633,1.0,550.191,230.693,1.0,539.893,235.831,1.0,802.993,557.408,1.0,811.886,550.947,1.0,818.717,553.384,1.0,827.244,548.829,1.0,836.37,560.096,1.0,448.563,546.496,1.0,446.169,554.589,1.0,435.821,559.541,1.0,441.442,564.188,1.0,428.125,571.038,1.0,863.406,797.612,1.0,865.546,792.63,1.0,862.928,785.622,1.0,864.39,777.497,1.0,868.301,768.654,1.0,603.115,370.929,1.0,598.234,378.278,1.0,590.893,378.455,1.0,579.37,372.906,1.0,586.215,363.132,1.0
218,550.238,242.046,1.0,555.936,237.893,1.0,559.291,231.17,1.0,550.191,230.693,1.0,540.18,236.627,1.0,802.874,557.286,1.0,811.476,550.758,1.0,818.717,553.262,1.0,826.966,548.829,1.0,835.893,560.09,1.0,448.202,546.373,1.0,446.755,554.491,1.0,435.821,559.541,1.0,441.231,564.357,1.0,428.4,571.06,1.0,864.828,797.418,1.0,866.089,792.123,1.0,862.785,785.685,1.0,864.39,777.497,1.0,868.334,768.654,1.0,604.563,369.859,1.0,599.745,377.497,1.0,591.345,378.216,1.0,579.37,374.166,1.0,586.215,363.132,1.0
219,549.689,242.421,1.0,554.838,237.893,1.0,558.771,231.535,1.0,550.191,230.479,1.0,540.953,236.627,1.0,802.232,556.727,1.0,810.91,550.758,1.0,818.457,553.038,1.0,826.165,548.951,1.0,834.665,560.09,1.0,448.202,546.289,1.0,446.883,553.961,1.0,435.821,559.541,1.0,441.13,564.423,1.0,429.128,571.076,1.0,865.98,797.418,1.0,866.107,792.123,1.0,862.696,785.685,1.0,864.39,777.497,1.0,868.334,768.71,1.0,604.782,369.559,1.0,599.872,377.497,1.0,591.907,377.449,1.0,579.497,374.645,1.0,587.198,363.291,1.0
220,549.401,244.423,1.0,553.842,238.421,1.0,558.771,231.574,1.0,550.677,230.338,1.0,541.423,236.815,1.0,802.207,555.989,1.0,809.972,550.742,1.0,818.365,552.98,1.0,825.164,549.389,1.0,832.404,560.09,1.0,448.563,545.693,1.0,447.016,552.753,1.0,439.709,559.488,1.0,440.988,568.393,1.0,430.197,571.172,1.0,866.299,797.418,1.0,866.107,792.123,1.0,862.681,785.705,1.0,864.39,777.506,1.0,868.334,768.817,1.0,605.398,369.172,1.0,601.0,377.497,1.0,592.149,377.449,1.0,579.742,374.688,1.0,587.812,363.938,1.0
221,549.321,252.368,1.0,553.534,240.511,1.0,558.771,232.222,1.0,551.02,230.338,1.0,542.475,236.627,1.0,801.175,550.961,1.0,803.14,550.614,1.0,814.938,551.637,1.0,824.168,549.389,1.0,831.421,559.914,1.0,451.08,544.444,1.0,448.253,550.169,1.0,441.73,559.357,1.0,440.86,568.393,1.0,431.53,571.78,1.0,866.727,797.519,1.0,866.235,792.123,1.0,862.654,785.996,1.0,864.39,777.749,1.0,868.334,768.982,1.0,609.586,367.77,1.0,605.63,375.639,1.0,592.219,376.971,1.0,580.15,375.241,1.0,588.49,365.164,1.0
222,549.246,253.108,1.0,553.515,243.478,1.0,557.633,232.793,1.0,551.109,230.479,1.0,542.475,236.604,1.0,800.131,550.505,1.0,801.906,550.71,1.0,814.41,551.525,1.0,823.956,549.389,1.0,831.421,559.777,1.0,451.295,544.022,1.0,448.628,550.169,1.0,441.935,559.357,1.0,440.582,568.393,1.0,431.53,571.78,1.0,866.795,798.068,1.0,866.409,792.364,1.0,862.654,786.364,1.0,864.534,778.771,1.0,868.321,770.811,1.0,613.013,365.64,1.0,608.035,373.466,1.0,592.821,376.564,1.0,581.235,377.018,1.0,588.49,367.33,1.0
223,549.246,253.108,1.0,552.816,243.777,1.0,556.665,233.44,1.0,551.978,230.609,1.0,542.759,236.538,1.0,799.944,550.451,1.0,801.906,550.71,1.0,814.381,551.045,1.0,823.833,549.296,1.0,831.397,559.65,1.0,451.295,543.648,1.0,448.967,550.169,1.0,442.074,559.357,1.0,440.629,568.028,1.0,431.53,571.78,1.0,867.792,798.068,1.0,866.409,792.364,1.0,862.681,786.891,1.0,864.275,779.765,1.0,868.002,772.549,1.0,615.616,365.438,1.0,609.507,373.164,1.0,594.093,376.564,1.0,582.0,377.018,1.0,588.49,367.33,1.0
224,548.594,253.108,1.0,551.995,246.112,1.0,555.99,234.4,1.0,551.109,230.811,1.0,542.767,235.594,1.0,799.795,550.378,1.0,801.906,550.614,1.0,814.365,551.019,1.0,823.584,549.282,1.0,831.347,559.53,1.0,451.295,543.648,1.0,448.967,550.608,1.0,442.074,559.357,1.0,440.582,568.028,1.0,430.496,567.705,1.0,867.803,798.151,1.0,865.857,792.514,1.0,863.319,787.786,1.0,864.275,781.242,1.0,867.024,774.288,1.0,617.514,365.151,1.0,610.102,373.164,1.0,594.839,376.564,1.0,582.016,377.018,1.0,588.219,367.405,1.0
225,543.381,250.544,1.0,551.943,248.043,1.0,554.785,237.568,1.0,551.319,230.811,1.0,543.296,234.274,1.0,799.558,549.462,1.0,801.673,550.386,1.0,814.194,551.019,1.0,823.577,549.282,1.0,831.347,559.53,1.0,449.0,542.08,1.0,448.967,550.961,1.0,442.232,559.305,1.0,440.582,567.72,1.0,430.496,567.636,1.0,867.803,798.236,1.0,865.857,792.514,1.0,863.487,787.786,1.0,864.293,781.242,1.0,866.354,774.288,1.0,617.514,365.151,1.0,610.102,372.957,1.0,595.388,376.005,1.0,582.706,376.843,1.0,587.783,367.405,1.0
226,543.381,250.544,1.0,551.2,248.515,1.0,553.79,237.586,1.0,551.319,230.811,1.0,543.296,233.78,1.0,799.352,549.456,1.0,801.673,550.181,1.0,813.951,551.019,1.0,823.066,549.296,1.0,831.056,559.151,1.0,447.436,541.159,1.0,447.966,550.961,1.0,442.651,559.305,1.0,440.629,567.713,1.0,430.496,567.573,1.0,867.792,798.236,1.0,865.849,792.514,1.0,863.68,787.786,1.0,864.42,781.242,1.0,866.309,774.288,1.0,617.514,365.438,1.0,610.102,372.737,1.0,595.613,375.47,1.0,583.506,376.843,1.0,587.128,367.405,1.0
227,543.381,250.544,1.0,547.717,249.496,1.0,553.79,237.62,1.0,551.268,227.891,1.0,543.582,233.78,1.0,795.185,549.456,1.0,800.771,549.233,1.0,811.443,552.914,1.0,819.406,553.513,1.0,829.894,557.383,1.0,447.436,541.159,1.0,447.944,550.961,1.0,442.795,557.922,1.0,440.629,566.293,1.0,431.36,567.573,1.0,868.673,798.236,1.0,865.849,792.514,1.0,863.68,787.786,1.0,864.293,781.308,1.0,866.309,774.288,1.0,617.555,365.783,1.0,607.952,372.776,1.0,596.523,370.188,1.0,586.72,376.843,1.0,586.803,367.572,1.0
228,543.396,250.854,1.0,547.717,249.496,1.0,553.576,238.001,1.0,551.268,227.891,1.0,543.592,233.744,1.0,794.683,549.456,1.0,800.771,549.233,1.0,809.729,553.137,1.0,817.33,553.69,1.0,829.213,557.383,1.0,446.916,540.856,1.0,447.944,549.52,1.0,443.482,556.799,1.0,440.375,564.186,1.0,432.656,567.705,1.0,868.737,799.828,1.0,865.849,792.514,1.0,863.642,787.786,1.0,864.293,781.362,1.0,866.354,774.403,1.0,618.095,365.925,1.0,607.952,372.776,1.0,598.073,369.389,1.0,592.427,379.249,1.0,586.667,367.964,1.0
229,543.422,251.258,1.0,547.717,249.496,1.0,553.195,240.007,1.0,551.319,227.891,1.0,543.631,233.744,1.0,793.788,549.699,1.0,800.013,549.233,1.0,807.601,553.237,1.0,814.51,553.725,1.0,827.413,557.383,1.0,446.916,533.538,1.0,447.944,541.566,1.0,443.523,553.263,1.0,435.411,563.041,1.0,433.816,568.031,1.0,872.12,799.828,1.0,868.331,792.335,1.0,863.642,789.056,1.0,863.594,782.78,1.0,866.463,774.646,1.0,618.095,366.472,1.0,607.952,372.776,1.0,599.403,369.368,1.0,593.393,379.249,1.0,586.564,369.043,1.0
230,544.169,254.537,1.0,547.717,251.393,1.0,552.806,240.782,1.0,551.768,228.494,1.0,543.631,233.744,1.0,793.359,549.838,1.0,799.681,549.65,1.0,806.17,553.557,1.0,814.46,554.246,1.0,827.386,557.532,1.0,448.212,533.425,1.0,447.986,540.16,1.0,443.523,553.08,1.0,434.98,559.798,1.0,434.409,570.611,1.0,872.12,799.659,1.0,868.418,792.335,1.0,863.642,789.056,1.0,863.594,782.78,1.0,866.521,774.646,1.0,618.126,366.511,1.0,608.636,373.156,1.0,599.574,369.194,1.0,593.431,379.249,1.0,586.667,369.051,1.0
231,545.915,257.378,1.0,547.717,252.914,1.0,552.806,241.363,1.0,551.768,230.207,1.0,543.631,233.744,1.0,793.359,549.838,1.0,799.025,549.65,1.0,805.679,553.557,1.0,814.453,554.246,1.0,827.312,557.532,1.0,448.345,533.425,1.0,448.139,540.16,1.0,443.659,553.08,1.0,434.98,559.798,1.0,434.583,570.869,1.0,872.12,799.659,1.0,868.418,792.27,1.0,863.617,789.056,1.0,863.594,782.78,1.0,866.521,774.646,1.0,618.31,366.616,1.0,609.107,373.156,1.0,600.0,369.368,1.0,594.121,378.346,1.0,586.667,369.334,1.0
232,546.043,261.032,1.0,547.606,254.702,1.0,551.98,242.181,1.0,551.768,231.472,1.0,541.685,233.744,1.0,792.657,549.838,1.0,799.025,549.892,1.0,805.528,553.237,1.0,813.988,554.246,1.0,826.888,557.532,1.0,448.212,533.482,1.0,448.205,540.16,1.0,443.482,553.18,1.0,434.98,559.798,1.0,434.937,571.075,1.0,870.787,798.177,1.0,868.331,791.956,1.0,863.617,786.199,1.0,864.032,780.507,1.0,866.463,773.561,1.0,619.387,367.106,1.0,610.517,373.156,1.0,600.976,369.389,1.0,596.039,377.813,1.0,587.091,370.128,1.0
233,546.043,261.032,1.0,547.606,254.918,1.0,551.98,244.702,1.0,551.445,232.688,1.0,541.093,233.129,1.0,791.921,549.66,1.0,798.875,549.892,1.0,804.326,552.763,1.0,810.552,548.489,1.0,824.928,557.451,1.0,448.345,533.482,1.0,448.205,540.275,1.0,443.339,553.18,1.0,435.195,559.822,1.0,435.093,571.075,1.0,869.657,798.177,1.0,868.322,791.161,1.0,864.009,785.662,1.0,864.032,780.506,1.0,866.309,773.166,1.0,619.802,367.189,1.0,614.52,372.13,1.0,603.907,370.32,1.0,598.883,377.372,1.0,588.108,371.615,1.0
234,546.043,261.043,1.0,547.606,255.074,1.0,551.833,244.993,1.0,550.923,232.748,1.0,541.093,233.129,1.0,790.285,545.013,1.0,797.585,550.903,1.0,803.496,552.449,1.0,809.405,547.987,1.0,820.556,556.674,1.0,448.375,534.148,1.0,448.592,540.28,1.0,443.303,553.252,1.0,435.426,559.983,1.0,435.154,571.415,1.0,869.657,797.444,1.0,868.322,790.831,1.0,864.009,785.456,1.0,864.032,779.808,1.0,866.285,772.689,1.0,620.873,367.189,1.0,616.434,372.13,1.0,604.63,370.969,1.0,600.208,377.041,1.0,590.094,372.82,1.0
235,546.043,261.242,1.0,548.238,255.395,1.0,551.803,245.02,1.0,550.554,233.795,1.0,541.379,233.129,1.0,785.646,542.108,1.0,795.977,551.244,1.0,802.09,550.428,1.0,808.283,547.502,1.0,817.639,556.274,1.0,448.655,534.821,1.0,448.656,540.28,1.0,443.173,553.252,1.0,435.636,559.983,1.0,435.5,571.415,1.0,869.657,796.991,1.0,868.322,791.161,1.0,864.454,785.456,1.0,863.816,779.808,1.0,866.285,772.063,1.0,623.637,367.189,1.0,616.839,372.13,1.0,608.326,370.969,1.0,601.346,376.665,1.0,590.629,373.865,1.0
236,546.213,261.717,1.0,548.238,255.787,1.0,550.83,245.844,1.0,550.319,234.506,1.0,541.685,233.547,1.0,785.384,541.986,1.0,795.887,551.244,1.0,802.09,550.412,1.0,808.038,547.502,1.0,817.329,556.128,1.0,455.107,542.61,1.0,449.023,540.28,1.0,442.421,553.252,1.0,436.604,559.822,1.0,436.629,571.415,1.0,869.643,797.444,1.0,868.645,790.831,1.0,864.454,785.456,1.0,863.759,779.807,1.0,866.276,771.9,1.0,624.113,366.702,1.0,617.618,372.13,1.0,608.544,370.969,1.0,601.554,376.489,1.0,591.233,373.865,1.0
237,549.137,269.413,1.0,548.318,256.018,1.0,550.765,247.94,1.0,550.319,236.086,1.0,542.221,234.343,1.0,785.271,541.981,1.0,795.864,551.008,1.0,801.966,550.364,1.0,807.982,547.502,1.0,817.206,556.128,1.0,459.789,542.61,1.0,449.881,538.367,1.0,442.421,550.101,1.0,436.707,559.764,1.0,437.36,569.67,1.0,868.247,799.106,1.0,868.645,790.708,1.0,863.769,785.456,1.0,863.264,779.404,1.0,866.042,771.853,1.0,624.489,366.702,1.0,617.874,372.13,1.0,608.853,370.921,1.0,601.554,376.371,1.0,591.233,373.992,1.0
238,549.245,272.469,1.0,548.447,258.088,1.0,550.715,248.947,1.0,550.319,237.355,1.0,544.724,234.947,1.0,785.271,541.981,1.0,795.864,551.008,1.0,801.966,550.325,1.0,807.814,547.978,1.0,816.991,556.128,1.0,461.147,542.61,1.0,450.185,538.126,1.0,442.421,549.297,1.0,436.933,556.132,1.0,437.657,569.511,1.0,868.609,798.826,1.0,868.645,790.708,1.0,863.769,785.123,1.0,863.062,778.876,1.0,866.042,770.977,1.0,624.905,366.702,1.0,617.933,371.912,1.0,609.271,370.558,1.0,601.554,376.354,1.0,591.233,374.219,1.0
239,550.562,272.469,1.0,548.447,258.653,1.0,550.715,249.511,1.0,551.59,237.355,1.0,545.314,235.377,1.0,784.976,541.981,1.0,795.843,550.776,1.0,801.84,550.364,1.0,807.765,548.139,1.0,815.923,556.128,1.0,462.64,542.379,1.0,451.649,537.743,1.0,442.623,548.317,1.0,436.933,555.225,1.0,438.151,568.66,1.0,868.609,798.826,1.0,866.531,789.736,1.0,864.628,784.014,1.0,862.94,776.285,1.0,866.453,768.367,1.0,626.108,366.77,1.0,619.446,371.162,1.0,610.411,370.525,1.0,601.243,375.999,1.0,591.371,373.865,1.0
240,550.562,272.599,1.0,548.543,258.956,1.0,550.765,249.641,1.0,551.847,238.297,1.0,545.899,235.599,1.0,784.477,541.986,1.0,788.627,550.323,1.0,798.886,550.364,1.0,807.684,548.359,1.0,814.577,556.069,1.0,462.935,542.257,1.0,452.279,537.505,1.0,442.729,547.872,1.0,436.933,554.759,1.0,438.151,568.429,1.0,868.247,798.826,1.0,865.945,788.91,1.0,865.263,782.689,1.0,862.94,775.775,1.0,867.194,767.452,1.0,630.382,370.183,1.0,625.068,370.459,1.0,614.731,369.707,1.0,601.243,375.007,1.0,592.381,373.724,1.0
241,550.562,272.599,1.0,548.748,259.222,1.0,550.883,250.318,1.0,551.847,238.297,1.0,545.91,235.599,1.0,781.634,546.748,1.0,786.108,548.902,1.0,796.396,551.608,1.0,804.14,550.12,1.0,814.148,551.598,1.0,463.74,541.308,1.0,452.946,537.023,1.0,442.806,547.292,1.0,437.121,553.921,1.0,438.151,566.96,1.0,867.892,797.8,1.0,865.643,787.12,1.0,865.612,780.755,1.0,862.94,773.342,1.0,867.939,766.888,1.0,631.849,370.76,1.0,626.768,370.459,1.0,615.5,369.278,1.0,601.243,374.048,1.0,594.034,373.463,1.0
242,550.519,272.9,1.0,549.834,259.311,1.0,550.883,250.326,1.0,552.306,238.297,1.0,546.287,235.377,1.0,778.982,546.748,1.0,784.969,546.145,1.0,793.331,551.984,1.0,801.791,550.855,1.0,813.599,551.598,1.0,463.973,541.307,1.0,453.345,536.646,1.0,442.845,546.95,1.0,437.385,553.76,1.0,438.142,566.412,1.0,867.892,794.413,1.0,865.199,787.12,1.0,866.081,780.755,1.0,863.58,773.342,1.0,867.939,766.888,1.0,635.121,371.245,1.0,629.704,370.108,1.0,616.794,368.951,1.0,601.424,373.607,1.0,596.84,373.332,1.0
243,550.415,272.9,1.0,550.154,260.339,1.0,551.146,250.659,1.0,552.348,239.22,1.0,549.102,233.78,1.0,778.82,546.748,1.0,784.941,546.14,1.0,793.189,552.373,1.0,801.499,550.943,1.0,813.549,551.598,1.0,463.973,540.011,1.0,453.345,536.61,1.0,443.015,546.692,1.0,438.639,553.51,1.0,436.795,564.896,1.0,866.819,792.239,1.0,865.199,786.924,1.0,866.343,780.755,1.0,864.394,773.342,1.0,868.168,766.888,1.0,635.121,371.257,1.0,629.74,370.207,1.0,616.872,368.787,1.0,601.637,373.435,1.0,597.037,372.935,1.0
244,550.415,272.9,1.0,550.496,261.837,1.0,551.233,251.41,1.0,553.481,243.346,1.0,549.569,233.78,1.0,778.446,546.616,1.0,784.758,546.097,1.0,792.973,551.984,1.0,801.168,550.855,1.0,813.54,551.598,1.0,464.027,539.983,1.0,453.504,536.354,1.0,443.038,546.563,1.0,438.684,553.494,1.0,436.481,564.896,1.0,858.878,786.157,1.0,865.643,786.306,1.0,867.205,782.175,1.0,866.962,773.421,1.0,868.95,766.735,1.0,635.121,371.257,1.0,629.74,370.459,1.0,616.872,368.769,1.0,601.81,373.435,1.0,597.37,372.935,1.0
245,550.415,273.138,1.0,550.523,264.259,1.0,551.68,253.949,1.0,553.576,246.139,1.0,549.569,233.78,1.0,778.348,546.241,1.0,784.758,546.05,1.0,792.719,551.984,1.0,801.087,550.855,1.0,813.54,551.61,1.0,464.027,539.983,1.0,453.504,536.354,1.0,443.116,546.563,1.0,438.72,553.446,1.0,436.481,564.859,1.0,857.051,786.157,1.0,867.167,785.529,1.0,867.392,783.337,1.0,867.486,773.421,1.0,868.95,766.619,1.0,634.92,371.257,1.0,629.704,370.568,1.0,616.872,368.253,1.0,602.063,373.435,1.0,597.761,372.935,1.0
246,551.905,271.666,1.0,550.523,264.406,1.0,552.364,253.949,1.0,553.576,246.203,1.0,549.569,234.551,1.0,777.629,544.576,1.0,784.758,545.501,1.0,792.628,551.037,1.0,799.332,550.943,1.0,813.451,551.839,1.0,463.956,539.738,1.0,453.309,536.108,1.0,443.116,546.692,1.0,438.805,553.494,1.0,436.481,564.859,1.0,856.961,785.666,1.0,867.167,784.271,1.0,867.672,783.705,1.0,868.165,773.71,1.0,868.95,766.348,1.0,634.92,370.623,1.0,627.627,373.071,1.0,617.071,367.214,1.0,606.178,373.35,1.0,599.757,372.928,1.0
247,553.628,271.07,1.0,551.072,264.406,1.0,552.368,253.949,1.0,553.481,246.203,1.0,548.987,234.551,1.0,777.629,544.576,1.0,784.758,544.651,1.0,790.884,549.882,1.0,797.616,550.943,1.0,809.256,552.987,1.0,462.978,539.734,1.0,453.281,536.029,1.0,443.038,546.953,1.0,439.547,553.51,1.0,436.806,564.914,1.0,855.849,784.062,1.0,867.167,784.271,1.0,867.672,783.705,1.0,868.481,773.71,1.0,868.725,765.823,1.0,634.92,369.952,1.0,627.627,373.071,1.0,617.466,367.214,1.0,609.133,373.35,1.0,599.939,372.928,1.0
248,556.123,271.489,1.0,551.1,264.406,1.0,552.516,253.61,1.0,553.453,246.168,1.0,548.666,234.614,1.0,775.365,542.721,1.0,783.589,543.481,1.0,789.452,549.05,1.0,793.348,557.188,1.0,807.804,553.784,1.0,458.656,535.224,1.0,451.723,535.652,1.0,442.224,549.033,1.0,440.016,554.844,1.0,436.906,565.264,1.0,855.476,784.062,1.0,866.806,784.271,1.0,867.672,783.705,1.0,869.624,774.042,1.0,868.087,765.787,1.0,635.874,369.952,1.0,627.627,373.071,1.0,618.937,367.214,1.0,613.176,373.273,1.0,603.828,372.928,1.0
249,556.273,271.232,1.0,551.1,264.218,1.0,552.746,253.61,1.0,552.505,246.499,1.0,548.666,234.982,1.0,775.266,542.308,1.0,781.652,541.778,1.0,788.575,548.615,1.0,792.264,557.54,1.0,806.313,554.145,1.0,452.755,535.224,1.0,449.217,535.424,1.0,442.224,550.277,1.0,440.245,555.036,1.0,436.906,565.683,1.0,851.855,775.93,1.0,862.387,782.303,1.0,867.089,782.401,1.0,869.624,774.27,1.0,867.19,765.335,1.0,637.449,369.952,1.0,630.254,372.682,1.0,620.355,367.214,1.0,615.146,373.171,1.0,604.849,372.928,1.0
250,556.517,271.232,1.0,551.936,264.218,1.0,553.166,253.61,1.0,551.394,247.051,1.0,548.666,235.497,1.0,774.91,541.843,1.0,781.047,541.225,1.0,787.675,548.496,1.0,791.785,557.54,1.0,806.21,554.145,1.0,451.48,535.224,1.0,448.623,534.997,1.0,442.007,550.535,1.0,440.245,555.416,1.0,436.912,566.086,1.0,849.86,775.855,1.0,861.085,782.037,1.0,866.613,781.536,1.0,869.37,775.103,1.0,867.19,765.335,1.0,637.811,369.964,1.0,630.43,372.506,1.0,620.439,367.772,1.0,615.237,373.139,1.0,605.051,372.664,1.0
251,556.517,271.489,1.0,552.266,264.218,1.0,553.166,254.838,1.0,551.394,249.293,1.0,550.305,237.89,1.0,774.91,541.825,1.0,781.029,541.2,1.0,787.673,548.355,1.0,791.743,557.446,1.0,806.128,553.946,1.0,451.48,537.13,1.0,448.623,534.997,1.0,442.042,550.707,1.0,440.016,555.517,1.0,436.984,566.09,1.0,848.145,775.749,1.0,858.676,782.037,1.0,865.23,779.27,1.0,868.481,775.451,1.0,867.19,765.823,1.0,637.846,370.07,1.0,630.609,372.191,1.0,620.468,367.961,1.0,615.612,373.048,1.0,605.228,372.611,1.0
252,556.663,276.649,1.0,554.902,268.451,1.0,553.166,260.226,1.0,551.394,249.403,1.0,551.919,242.835,1.0,774.869,541.825,1.0,781.029,541.2,1.0,787.673,548.12,1.0,791.6,557.446,1.0,805.43,553.946,1.0,451.48,537.314,1.0,448.623,535.424,1.0,442.201,551.032,1.0,439.993,555.583,1.0,437.309,566.23,1.0,847.048,773.231,1.0,851.629,779.315,1.0,862.474,778.441,1.0,866.668,775.103,1.0,867.206,766.303,1.0,637.846,370.189,1.0,632.244,372.191,1.0,621.613,368.101,1.0,615.612,372.986,1.0,606.839,372.503,1.0
253,556.819,277.296,1.0,555.742,268.451,1.0,553.166,261.106,1.0,551.362,249.403,1.0,551.919,244.61,1.0,774.827,541.75,1.0,781.029,541.2,1.0,787.673,547.521,1.0,791.6,556.812,1.0,804.271,553.301,1.0,453.641,538.515,1.0,449.064,536.233,1.0,442.201,551.558,1.0,439.821,556.087,1.0,437.538,566.484,1.0,841.587,773.231,1.0,847.719,776.767,1.0,858.229,778.181,1.0,865.277,775.103,1.0,870.042,766.986,1.0,641.191,373.152,1.0,634.461,372.191,1.0,624.899,368.532,1.0,615.663,372.427,1.0,606.929,372.184,1.0
254,556.819,277.55,1.0,555.855,268.451,1.0,552.828,261.106,1.0,551.362,249.415,1.0,552.158,244.773,1.0,774.096,541.825,1.0,780.847,541.045,1.0,788.703,546.953,1.0,791.6,556.635,1.0,803.623,552.261,1.0,454.248,539.201,1.0,449.197,536.298,1.0,442.201,551.558,1.0,439.76,556.087,1.0,437.538,566.484,1.0,841.472,773.231,1.0,847.522,773.857,1.0,858.229,777.867,1.0,865.277,775.922,1.0,870.137,767.067,1.0,647.948,373.152,1.0,640.332,372.91,1.0,629.721,368.634,1.0,615.967,370.423,1.0,608.724,372.12,1.0
255,556.819,277.761,1.0,555.855,268.842,1.0,552.581,261.244,1.0,551.11,249.671,1.0,551.919,244.773,1.0,770.369,543.089,1.0,779.157,540.63,1.0,788.832,544.556,1.0,791.936,556.635,1.0,802.797,550.809,1.0,456.068,540.929,1.0,449.43,536.298,1.0,442.479,551.558,1.0,439.58,556.087,1.0,437.538,566.484,1.0,841.444,773.784,1.0,847.311,773.773,1.0,857.985,777.85,1.0,864.625,775.922,1.0,870.137,767.553,1.0,648.189,373.152,1.0,640.853,373.115,1.0,630.043,368.709,1.0,615.892,370.1,1.0,610.014,370.968,1.0
256,556.997,278.021,1.0,556.667,268.899,1.0,552.581,261.715,1.0,551.098,249.705,1.0,551.786,245.067,1.0,770.244,543.589,1.0,778.602,540.63,1.0,788.832,544.403,1.0,791.936,556.812,1.0,802.797,550.809,1.0,458.321,540.929,1.0,451.422,536.824,1.0,442.542,548.115,1.0,439.58,554.534,1.0,436.882,565.436,1.0,841.238,774.255,1.0,847.134,773.773,1.0,857.985,777.795,1.0,864.625,774.474,1.0,870.042,767.553,1.0,649.127,373.137,1.0,641.573,373.115,1.0,630.387,368.709,1.0,615.892,370.077,1.0,610.182,370.856,1.0
257,561.33,279.482,1.0,560.878,270.763,1.0,553.719,262.724,1.0,550.375,252.247,1.0,551.444,246.159,1.0,770.143,543.589,1.0,778.284,540.63,1.0,788.703,544.246,1.0,791.936,556.635,1.0,802.508,550.525,1.0,458.321,540.929,1.0,451.422,537.217,1.0,442.542,548.115,1.0,439.56,554.534,1.0,436.821,565.436,1.0,840.979,780.406,1.0,846.693,773.773,1.0,857.279,777.692,1.0,864.625,774.474,1.0,868.724,768.12,1.0,649.89,373.137,1.0,641.822,373.278,1.0,630.586,368.835,1.0,615.967,370.1,1.0,610.245,370.856,1.0
258,561.684,284.835,1.0,563.147,273.639,1.0,555.016,266.997,1.0,546.669,255.158,1.0,551.181,246.159,1.0,768.973,545.762,1.0,778.058,543.269,1.0,787.901,543.741,1.0,791.421,556.346,1.0,802.419,550.446,1.0,458.321,540.929,1.0,451.422,537.485,1.0,443.353,548.115,1.0,439.56,554.534,1.0,436.503,565.436,1.0,838.578,781.635,1.0,845.082,775.757,1.0,853.715,775.865,1.0,859.017,774.474,1.0,866.878,769.728,1.0,649.89,373.133,1.0,641.822,373.278,1.0,630.586,368.709,1.0,616.078,370.309,1.0,610.877,370.856,1.0
259,561.684,286.924,1.0,563.565,276.016,1.0,555.786,267.982,1.0,546.406,257.681,1.0,551.181,246.406,1.0,766.301,546.938,1.0,771.594,543.585,1.0,785.467,542.581,1.0,790.688,556.089,1.0,801.63,550.67,1.0,446.899,539.905,1.0,449.168,540.965,1.0,442.542,548.115,1.0,439.56,556.793,1.0,436.463,565.614,1.0,836.736,781.635,1.0,843.94,776.271,1.0,851.941,775.635,1.0,858.841,774.474,1.0,865.648,770.519,1.0,650.05,372.788,1.0,641.839,373.429,1.0,630.612,368.685,1.0,616.251,370.309,1.0,611.683,370.868,1.0
260,561.684,287.083,1.0,563.565,276.135,1.0,556.069,268.279,1.0,546.406,257.882,1.0,551.329,247.416,1.0,765.969,547.191,1.0,771.362,543.848,1.0,781.707,542.49,1.0,790.065,555.712,1.0,800.467,550.67,1.0,441.314,539.905,1.0,447.897,544.906,1.0,442.175,548.115,1.0,440.604,556.793,1.0,435.629,565.99,1.0,835.22,781.635,1.0,843.94,776.984,1.0,851.941,775.404,1.0,858.316,774.037,1.0,865.648,771.801,1.0,650.325,371.085,1.0,641.839,375.76,1.0,631.777,368.685,1.0,617.695,370.375,1.0,614.611,371.212,1.0
261,561.684,287.119,1.0,563.565,276.872,1.0,556.069,268.535,1.0,546.669,257.926,1.0,551.329,247.416,1.0,765.016,547.244,1.0,770.129,544.405,1.0,781.237,542.49,1.0,789.495,555.617,1.0,800.467,550.67,1.0,437.032,543.647,1.0,442.991,545.733,1.0,440.057,547.456,1.0,440.78,556.793,1.0,435.604,565.99,1.0,834.691,779.873,1.0,843.248,776.841,1.0,850.973,775.404,1.0,857.713,780.315,1.0,865.582,772.096,1.0,651.28,371.085,1.0,643.214,375.76,1.0,634.332,369.186,1.0,627.194,371.425,1.0,618.348,371.212,1.0
262,561.684,287.291,1.0,563.609,276.958,1.0,556.192,268.893,1.0,547.08,259.054,1.0,552.402,247.416,1.0,765.016,547.191,1.0,769.998,544.628,1.0,781.071,542.49,1.0,789.196,555.608,1.0,800.467,550.816,1.0,436.989,554.504,1.0,438.339,545.818,1.0,439.913,547.209,1.0,442.918,556.793,1.0,435.573,565.614,1.0,834.372,779.481,1.0,842.362,776.841,1.0,850.531,775.404,1.0,857.713,780.315,1.0,865.48,772.554,0.9980000257492065,651.542,371.085,1.0,643.214,375.912,1.0,635.212,369.108,1.0,629.121,372.426,1.0,619.19,371.212,1.0
263,562.556,287.476,1.0,563.616,277.434,1.0,556.229,269.404,1.0,548.915,261.145,1.0,553.078,252.795,1.0,765.016,547.191,1.0,769.998,544.628,1.0,781.071,542.583,1.0,789.112,555.608,1.0,800.728,551.035,1.0,436.828,555.746,1.0,437.666,546.286,1.0,439.761,547.209,1.0,442.918,556.793,1.0,435.013,565.567,1.0,833.388,779.481,1.0,842.156,776.984,1.0,850.459,775.635,1.0,857.486,777.601,1.0,864.917,773.078,1.0,651.563,371.085,1.0,643.755,375.76,1.0,635.528,369.186,1.0,629.405,372.561,1.0,619.261,371.005,1.0
264,565.233,288.302,1.0,564.155,278.22,1.0,560.661,272.454,1.0,553.287,264.255,1.0,553.078,252.795,1.0,765.016,547.191,1.0,769.939,544.628,1.0,781.115,543.122,1.0,789.044,555.465,1.0,800.728,551.058,1.0,436.828,556.681,1.0,437.398,547.07,1.0,439.537,547.209,1.0,442.918,557.603,1.0,434.805,565.507,1.0,830.67,779.873,1.0,836.729,777.056,1.0,849.949,777.017,1.0,857.278,774.037,1.0,863.463,773.449,1.0,651.57,371.127,1.0,643.812,375.738,1.0,635.661,369.318,1.0,629.567,372.593,1.0,619.469,371.005,1.0
265,565.425,290.245,1.0,564.155,280.138,1.0,560.661,274.15,1.0,554.269,264.994,1.0,553.078,252.795,1.0,765.016,546.232,1.0,769.9,544.065,1.0,781.005,543.273,1.0,789.037,555.422,1.0,800.728,551.107,1.0,436.16,558.274,1.0,437.144,548.564,1.0,438.772,547.305,1.0,442.663,558.739,1.0,434.705,564.916,1.0,828.855,782.182,1.0,834.549,777.056,1.0,847.397,777.107,1.0,857.624,773.987,1.0,862.356,774.849,1.0,651.71,371.195,1.0,643.953,375.469,1.0,635.739,369.8,1.0,629.567,372.593,1.0,620.541,371.005,1.0
266,565.684,290.245,1.0,564.155,280.148,1.0,560.661,274.281,1.0,554.301,265.039,1.0,552.948,252.795,1.0,764.192,546.232,1.0,769.665,543.227,1.0,781.001,544.648,1.0,789.037,555.132,1.0,800.377,551.166,1.0,425.832,561.729,1.0,435.262,550.752,1.0,438.259,547.985,1.0,440.934,558.827,1.0,434.351,564.852,1.0,828.572,782.256,1.0,834.501,777.659,1.0,847.309,777.177,1.0,857.624,773.84,1.0,862.241,775.198,1.0,654.302,375.72,1.0,648.483,375.469,1.0,638.349,370.697,1.0,630.557,372.426,1.0,621.253,371.129,1.0
267,565.707,290.245,1.0,564.299,280.293,1.0,560.716,274.513,1.0,554.301,265.122,1.0,552.948,252.795,1.0,762.948,545.915,1.0,767.73,542.207,1.0,779.981,544.648,1.0,789.112,554.339,1.0,799.879,551.687,1.0,424.409,565.034,1.0,433.624,552.517,1.0,437.366,548.035,1.0,439.313,558.827,1.0,434.345,563.529,1.0,828.165,782.256,1.0,834.463,778.061,1.0,847.201,777.256,1.0,857.571,773.84,1.0,861.864,775.59,1.0,659.117,375.88,1.0,652.711,375.469,1.0,644.072,371.647,1.0,630.757,372.661,1.0,622.704,371.146,1.0
268,565.707,290.359,1.0,564.299,280.749,1.0,560.716,275.346,1.0,554.269,265.193,1.0,552.948,253.26,1.0,762.822,546.232,1.0,767.502,542.179,1.0,779.885,544.648,1.0,789.649,552.659,1.0,799.568,552.05,1.0,424.409,565.034,1.0,433.178,552.517,1.0,437.258,548.035,1.0,439.056,558.739,1.0,434.345,563.451,1.0,828.058,782.182,1.0,834.463,778.255,1.0,847.146,777.783,1.0,857.571,773.84,1.0,861.864,775.59,1.0,659.374,378.988,1.0,654.576,375.698,1.0,646.328,371.647,1.0,631.305,372.247,1.0,624.702,371.17,1.0
269,567.628,290.426,1.0,564.461,282.123,1.0,560.349,276.889,1.0,554.166,266.025,1.0,555.553,256.688,1.0,761.993,546.449,1.0,766.01,541.552,1.0,779.565,544.281,1.0,789.649,551.935,1.0,798.076,552.417,1.0,424.322,565.034,1.0,432.498,552.517,1.0,436.957,548.755,1.0,439.056,558.29,1.0,434.345,562.722,1.0,827.956,782.182,1.0,834.463,778.255,1.0,847.083,777.865,1.0,857.571,773.987,1.0,861.703,775.696,1.0,660.412,380.361,1.0,656.039,375.876,1.0,646.951,371.647,1.0,631.305,372.184,1.0,625.176,371.17,1.0
270,569.382,292.156,1.0,565.349,285.446,1.0,560.169,278.334,1.0,553.845,267.161,1.0,555.688,258.936,1.0,760.236,549.094,1.0,764.847,541.289,1.0,778.502,544.247,1.0,789.649,550.628,1.0,796.344,552.689,1.0,424.098,563.174,1.0,432.397,550.781,1.0,436.957,548.755,1.0,439.056,555.252,1.0,435.36,559.795,1.0,827.649,782.256,1.0,834.454,778.408,1.0,845.787,778.391,1.0,850.924,776.749,1.0,861.698,775.812,1.0,660.533,380.403,1.0,656.16,376.138,1.0,646.982,371.853,1.0,631.336,372.184,1.0,625.274,371.146,1.0
271,572.037,292.548,1.0,566.958,285.667,1.0,557.121,281.154,1.0,553.845,269.0,1.0,556.008,259.934,1.0,759.785,549.331,1.0,764.279,541.138,1.0,776.493,543.95,1.0,786.658,549.8,1.0,796.185,552.689,1.0,423.554,563.135,1.0,431.604,550.734,1.0,436.957,548.755,1.0,439.249,553.89,1.0,437.378,559.795,1.0,827.649,783.271,1.0,832.868,778.421,1.0,843.999,779.526,1.0,848.79,777.162,1.0,860.511,776.038,1.0,660.599,380.527,1.0,656.16,376.424,1.0,647.348,371.853,1.0,631.694,372.007,1.0,625.895,370.875,1.0
272,572.436,293.002,1.0,567.055,285.846,1.0,557.121,281.154,1.0,553.845,269.243,1.0,556.124,260.024,1.0,759.541,549.331,1.0,764.279,541.138,1.0,775.709,543.95,1.0,785.194,549.258,1.0,795.727,552.862,1.0,423.119,562.933,1.0,430.642,550.734,1.0,443.532,547.272,1.0,439.845,551.407,1.0,451.104,559.795,1.0,824.483,783.468,1.0,831.957,779.044,1.0,840.154,780.184,1.0,846.71,777.162,1.0,858.193,777.879,1.0,661.018,380.527,1.0,656.354,376.138,1.0,646.982,371.46,1.0,631.787,372.007,1.0,627.142,370.875,1.0
273,572.721,293.484,1.0,567.562,286.032,1.0,557.121,281.154,1.0,554.44,269.374,1.0,556.13,260.687,1.0,759.531,549.383,1.0,764.279,541.153,1.0,775.085,543.95,1.0,784.957,549.077,1.0,795.727,552.689,1.0,422.414,562.077,1.0,430.242,550.776,1.0,443.532,547.272,1.0,440.018,551.272,1.0,451.76,560.44,1.0,823.699,787.13,1.0,831.828,779.458,1.0,839.195,780.515,1.0,846.41,776.749,1.0,857.594,777.972,1.0,664.813,380.527,1.0,658.375,375.876,1.0,647.385,371.428,1.0,632.318,372.007,1.0,628.841,370.875,1.0
274,572.763,295.494,1.0,568.776,287.294,1.0,558.474,278.342,1.0,554.488,270.276,1.0,556.13,261.273,1.0,759.401,549.331,1.0,764.752,541.153,1.0,774.884,543.893,1.0,784.518,549.072,1.0,795.679,552.656,1.0,422.414,561.991,1.0,430.242,550.781,1.0,443.532,547.272,1.0,440.125,551.265,1.0,452.013,560.678,1.0,823.273,787.742,1.0,831.724,781.807,1.0,838.859,780.759,1.0,845.925,776.749,1.0,857.199,777.972,1.0,669.261,379.625,1.0,658.375,376.424,1.0,647.497,371.428,1.0,638.837,373.987,1.0,630.763,371.597,1.0
275,572.721,295.494,1.0,569.108,287.294,1.0,558.611,278.342,1.0,554.488,270.403,1.0,556.187,261.495,1.0,759.205,549.331,1.0,765.53,541.801,1.0,775.085,543.893,1.0,784.332,549.072,1.0,795.677,552.45,1.0,422.309,561.858,1.0,430.242,550.972,1.0,443.532,546.932,1.0,440.453,551.047,1.0,452.013,560.732,1.0,823.273,787.742,1.0,831.724,782.239,1.0,838.507,780.759,1.0,845.641,775.804,1.0,857.038,777.879,1.0,669.802,378.224,1.0,656.105,378.287,1.0,647.385,371.1,1.0,640.247,374.103,1.0,630.763,372.839,1.0
276,572.763,295.494,1.0,569.108,287.374,1.0,558.848,278.342,1.0,554.516,270.684,1.0,556.249,261.632,1.0,758.928,549.352,1.0,765.53,542.461,1.0,774.553,543.835,1.0,783.932,549.072,1.0,795.677,552.085,1.0,422.054,561.78,1.0,430.026,552.04,1.0,442.571,547.185,1.0,440.453,550.792,1.0,451.76,560.734,1.0,824.483,787.657,1.0,831.549,782.239,1.0,837.851,781.239,1.0,845.613,775.365,1.0,856.706,776.911,1.0,669.802,378.224,1.0,656.187,378.287,1.0,647.385,370.946,1.0,640.252,374.234,1.0,630.763,372.839,1.0
277,572.763,295.494,1.0,569.108,287.374,1.0,558.848,278.424,1.0,554.516,270.844,1.0,556.643,261.987,1.0,758.077,549.352,1.0,765.53,542.461,1.0,774.315,543.152,1.0,781.266,549.077,1.0,795.333,551.151,1.0,421.582,558.153,1.0,428.783,552.574,1.0,441.911,547.185,1.0,440.453,550.792,1.0,451.14,561.223,1.0,824.007,787.742,1.0,830.909,782.406,1.0,837.429,781.239,1.0,842.861,774.258,1.0,854.919,776.604,1.0,669.887,378.178,1.0,656.187,378.287,1.0,647.497,370.819,1.0,640.335,374.234,1.0,630.763,372.839,1.0
278,572.879,295.53,1.0,569.148,290.379,1.0,560.033,279.667,1.0,557.125,271.544,1.0,556.643,263.786,1.0,756.889,549.237,1.0,763.282,541.801,1.0,774.268,542.749,1.0,781.227,550.933,1.0,794.877,549.979,1.0,416.341,550.511,1.0,427.999,552.574,1.0,441.201,546.932,1.0,440.556,549.862,1.0,450.787,562.158,1.0,824.007,788.349,1.0,830.741,782.718,1.0,837.148,781.239,1.0,842.732,774.258,1.0,854.24,776.604,1.0,669.887,378.137,1.0,656.187,378.287,1.0,647.617,370.819,1.0,640.335,374.303,1.0,630.763,372.835,1.0
279,577.824,302.396,1.0,572.31,293.326,1.0,564.44,282.198,1.0,557.689,275.793,1.0,556.643,263.945,1.0,755.703,547.522,1.0,763.128,541.126,1.0,772.539,540.913,1.0,779.917,551.146,1.0,791.136,548.35,1.0,416.341,549.297,1.0,427.999,552.143,1.0,441.201,546.398,1.0,440.598,549.862,1.0,450.787,562.575,1.0,824.007,790.886,1.0,827.701,782.845,1.0,835.997,781.239,1.0,842.03,774.258,1.0,853.849,776.604,1.0,669.887,377.828,1.0,656.502,378.287,1.0,647.884,370.819,1.0,640.98,374.554,1.0,630.848,372.694,1.0
280,578.193,305.697,1.0,573.758,296.471,1.0,566.601,286.189,1.0,560.23,282.634,1.0,556.427,266.923,1.0,755.099,547.415,1.0,762.812,540.768,1.0,772.248,540.794,1.0,777.954,551.169,1.0,787.901,547.941,1.0,416.341,549.025,1.0,427.999,552.04,1.0,441.201,546.071,1.0,440.873,549.862,1.0,450.787,562.575,1.0,823.54,791.465,1.0,827.57,782.964,1.0,835.829,781.724,1.0,841.364,774.512,1.0,853.706,777.02,1.0,669.951,377.088,1.0,658.404,378.369,1.0,650.148,371.093,1.0,644.16,374.67,1.0,634.116,372.513,1.0
281,578.193,305.697,1.0,574.262,296.471,1.0,566.603,286.361,1.0,560.313,282.728,1.0,556.427,266.973,1.0,754.734,547.348,1.0,762.812,540.505,1.0,772.187,540.64,1.0,777.791,551.169,1.0,787.849,547.855,1.0,422.437,549.297,1.0,433.074,551.24,1.0,445.418,546.058,1.0,441.749,549.684,1.0,453.143,562.6,1.0,822.533,792.248,1.0,825.41,783.362,1.0,834.953,781.717,1.0,841.285,775.471,1.0,850.821,777.824,1.0,670.561,372.448,1.0,662.862,378.719,1.0,652.045,372.333,1.0,646.762,374.67,1.0,635.605,372.232,1.0
282,578.366,305.697,1.0,574.73,296.514,1.0,566.842,286.57,1.0,560.504,282.728,1.0,556.427,267.184,1.0,754.732,547.322,1.0,762.582,540.463,1.0,771.942,540.506,1.0,777.51,551.169,1.0,787.741,547.855,1.0,422.447,549.297,1.0,433.074,551.24,1.0,445.418,545.088,1.0,441.749,549.684,1.0,453.222,562.605,1.0,820.715,792.679,1.0,825.41,783.366,1.0,834.953,781.728,1.0,841.214,775.471,1.0,850.805,777.909,1.0,671.231,371.92,1.0,665.535,379.007,1.0,654.417,372.815,1.0,648.718,374.67,1.0,637.476,372.232,1.0
283,578.366,305.248,1.0,574.73,296.514,1.0,567.356,286.644,1.0,560.624,282.792,1.0,556.837,267.817,1.0,754.704,547.203,1.0,762.509,540.298,1.0,771.734,540.45,1.0,777.353,551.169,1.0,787.697,547.883,1.0,422.447,555.325,1.0,433.074,551.24,1.0,445.418,545.088,1.0,441.749,549.222,1.0,454.116,563.17,1.0,820.668,792.679,1.0,825.269,783.923,1.0,834.3,782.239,1.0,841.189,775.483,1.0,850.794,777.909,1.0,672.998,371.858,1.0,667.473,379.247,1.0,655.447,372.815,1.0,649.928,374.859,1.0,638.411,372.232,1.0
284,578.366,305.123,1.0,575.108,296.439,1.0,567.652,286.847,1.0,561.393,283.468,1.0,557.611,270.138,1.0,753.883,546.243,1.0,761.804,540.298,1.0,770.334,540.408,1.0,776.862,550.915,1.0,787.303,547.883,1.0,422.447,555.325,1.0,433.552,550.07,1.0,445.418,545.088,1.0,442.13,549.222,1.0,454.116,563.366,1.0,820.668,792.679,1.0,825.073,784.333,1.0,834.122,782.239,1.0,840.892,775.657,1.0,850.113,777.824,1.0,673.071,371.858,1.0,667.527,379.247,1.0,655.447,372.815,1.0,649.994,374.929,1.0,638.741,372.262,1.0
285,579.926,304.364,1.0,575.108,294.813,1.0,569.533,291.571,1.0,562.466,284.353,1.0,557.873,275.635,1.0,753.02,545.78,1.0,760.5,540.251,1.0,769.264,540.408,1.0,775.156,550.424,1.0,785.79,547.825,1.0,424.791,555.325,1.0,432.113,549.974,1.0,441.027,546.054,1.0,441.872,549.222,1.0,454.116,563.592,1.0,819.252,792.679,1.0,825.073,785.182,1.0,833.195,781.717,1.0,840.808,775.658,1.0,849.676,777.824,1.0,673.071,371.858,1.0,667.527,379.007,1.0,655.447,372.652,1.0,649.994,374.929,1.0,638.871,372.416,1.0
286,579.932,304.364,1.0,575.688,294.813,1.0,569.831,291.698,1.0,562.598,284.357,1.0,557.884,277.252,1.0,748.622,544.757,1.0,757.338,539.915,1.0,766.997,540.408,1.0,773.441,549.287,1.0,784.357,547.883,1.0,424.791,547.15,1.0,430.709,549.974,1.0,441.027,546.298,1.0,441.872,551.351,1.0,453.969,563.824,1.0,812.388,792.679,1.0,817.352,788.802,1.0,830.31,781.73,1.0,833.774,782.277,1.0,849.048,778.015,1.0,672.998,372.069,1.0,667.527,378.173,1.0,655.34,372.508,1.0,649.994,375.14,1.0,638.871,372.709,1.0
287,581.067,305.123,1.0,575.688,294.813,1.0,569.959,291.78,1.0,562.679,284.55,1.0,558.342,277.952,1.0,747.455,543.238,1.0,755.389,539.692,1.0,765.888,541.138,1.0,771.816,548.4,1.0,783.351,547.704,1.0,426.763,545.483,1.0,430.515,547.194,1.0,442.277,549.895,1.0,441.872,552.085,1.0,452.217,564.187,1.0,812.388,794.016,1.0,816.664,789.212,1.0,828.062,781.409,1.0,832.936,784.11,1.0,844.971,779.957,1.0,670.498,373.318,1.0,664.775,376.958,1.0,655.34,372.405,1.0,649.994,375.14,1.0,639.059,373.041,1.0
288,582.792,306.909,1.0,575.804,296.43,1.0,569.959,292.527,1.0,563.253,285.65,1.0,558.399,278.803,1.0,747.455,543.238,1.0,755.389,539.915,1.0,765.888,541.138,1.0,771.432,548.4,1.0,782.965,547.634,1.0,430.35,542.148,1.0,430.709,544.122,1.0,442.277,549.895,1.0,441.872,552.085,1.0,452.217,564.19,1.0,812.166,794.63,1.0,816.607,789.914,1.0,826.639,781.409,1.0,832.719,784.158,1.0,844.16,780.291,1.0,665.341,376.09,1.0,664.661,376.663,1.0,655.34,372.28,1.0,649.625,375.14,1.0,639.327,373.28,1.0
289,582.935,307.017,1.0,575.866,296.875,1.0,570.205,292.805,1.0,563.683,285.671,1.0,558.502,279.088,1.0,747.455,543.238,1.0,755.389,539.915,1.0,765.888,541.138,1.0,771.432,548.4,1.0,782.965,547.634,1.0,430.516,540.594,1.0,430.709,542.366,1.0,441.687,549.895,1.0,441.623,552.085,1.0,452.116,564.494,1.0,812.166,794.829,1.0,816.264,790.204,1.0,826.391,781.73,1.0,832.714,784.158,1.0,843.878,780.52,1.0,665.341,381.622,1.0,664.661,374.144,1.0,662.616,372.28,1.0,647.393,374.682,1.0,639.701,373.759,1.0
290,583.121,307.077,1.0,576.527,297.5,1.0,570.499,293.633,1.0,563.683,286.622,1.0,559.539,279.088,1.0,747.524,543.198,1.0,755.816,540.585,1.0,766.052,540.856,1.0,771.432,548.786,1.0,782.965,547.634,1.0,431.262,532.831,1.0,430.802,541.631,1.0,441.687,549.096,1.0,441.449,552.06,1.0,452.116,564.58,1.0,811.83,795.536,1.0,816.264,790.228,1.0,826.385,781.925,1.0,832.537,784.11,1.0,843.824,780.624,1.0,665.341,381.82,1.0,664.661,373.965,1.0,662.838,372.405,1.0,647.165,374.682,1.0,639.701,374.176,1.0
291,584.007,307.768,1.0,577.258,299.258,1.0,570.545,295.731,1.0,563.91,288.6,1.0,561.343,280.038,1.0,749.345,544.041,1.0,757.303,540.922,1.0,766.052,540.027,1.0,772.674,549.479,1.0,783.7,547.634,1.0,431.449,531.737,1.0,436.25,541.248,1.0,440.736,548.897,1.0,440.713,551.544,1.0,452.312,565.03,1.0,811.739,796.041,1.0,815.957,792.362,1.0,823.911,783.156,1.0,831.737,784.11,1.0,843.487,781.461,1.0,667.433,381.939,1.0,665.748,373.715,1.0,662.838,372.619,1.0,646.645,374.355,1.0,639.701,374.176,1.0
292,585.671,316.577,1.0,577.754,304.134,1.0,574.733,296.296,1.0,563.91,288.857,1.0,564.988,280.237,1.0,749.548,544.519,1.0,757.303,541.638,1.0,766.052,540.027,1.0,773.184,549.479,1.0,783.7,548.078,1.0,431.537,531.361,1.0,436.25,540.613,1.0,440.51,548.364,1.0,440.65,551.519,1.0,452.312,565.139,1.0,807.6,800.449,1.0,814.78,792.78,1.0,822.584,785.123,1.0,828.262,784.384,1.0,839.803,781.461,1.0,667.433,381.939,1.0,665.748,373.965,1.0,662.838,372.619,1.0,647.165,374.682,1.0,639.311,374.176,1.0
293,586.815,316.577,1.0,578.437,307.421,1.0,574.733,296.905,1.0,563.91,289.951,1.0,565.024,280.26,1.0,749.548,545.691,1.0,757.303,543.25,1.0,765.171,540.027,1.0,773.184,549.479,1.0,783.7,548.347,1.0,431.578,530.848,1.0,436.25,540.349,1.0,440.396,548.27,1.0,440.648,551.499,1.0,452.255,565.281,1.0,806.731,801.319,1.0,814.014,793.322,1.0,820.369,787.479,1.0,825.894,785.114,1.0,837.223,781.461,1.0,667.433,381.939,1.0,665.748,374.144,1.0,660.936,372.619,1.0,647.165,374.313,1.0,638.704,373.861,1.0
294,587.114,316.577,1.0,578.635,307.435,1.0,574.746,296.943,1.0,563.91,290.133,1.0,565.388,280.26,1.0,749.911,548.352,1.0,757.303,543.824,1.0,764.017,538.887,1.0,773.493,549.095,1.0,783.75,548.477,1.0,431.806,528.963,1.0,435.753,539.349,1.0,440.396,548.032,1.0,439.907,551.016,1.0,452.255,565.41,1.0,806.459,802.037,1.0,813.777,793.322,1.0,820.352,787.571,1.0,825.667,785.363,1.0,837.147,781.529,1.0,669.232,372.051,1.0,663.466,376.521,1.0,655.124,372.477,1.0,648.988,374.824,1.0,638.122,372.683,1.0
295,587.315,316.577,1.0,578.969,307.644,1.0,575.345,296.975,1.0,564.012,290.154,1.0,565.388,280.466,1.0,750.854,548.352,1.0,757.303,543.824,1.0,764.017,541.72,1.0,773.493,549.095,1.0,783.022,548.826,1.0,431.806,528.571,1.0,435.689,539.023,1.0,440.517,547.876,1.0,439.84,550.88,1.0,452.236,565.59,1.0,806.251,802.037,1.0,813.603,793.637,1.0,820.268,787.929,1.0,825.617,785.827,1.0,837.096,781.767,1.0,669.133,370.46,1.0,662.546,376.521,1.0,654.53,372.08,1.0,648.988,374.86,1.0,637.421,372.656,1.0
296,587.315,316.577,1.0,579.686,307.973,1.0,575.455,297.068,1.0,565.749,290.669,1.0,566.308,281.732,1.0,753.65,548.352,1.0,758.537,543.806,1.0,764.017,541.72,1.0,772.681,548.778,1.0,782.908,548.826,1.0,431.806,527.631,1.0,435.445,538.111,1.0,440.517,547.28,1.0,439.836,550.557,1.0,451.937,565.59,1.0,806.11,801.319,1.0,813.441,793.819,1.0,819.528,787.929,1.0,824.494,786.102,1.0,836.542,781.835,1.0,669.133,370.46,1.0,662.546,376.521,1.0,653.914,371.81,1.0,648.988,375.136,1.0,637.135,372.293,1.0
297,587.315,317.642,1.0,582.999,308.396,1.0,575.859,298.838,1.0,566.877,294.103,1.0,566.915,284.812,1.0,753.65,539.358,1.0,758.537,543.806,1.0,766.724,541.501,1.0,772.627,548.778,1.0,783.022,548.477,1.0,431.511,527.105,1.0,435.37,537.762,1.0,440.671,546.709,1.0,439.836,550.182,1.0,451.937,565.41,1.0,803.989,801.012,1.0,811.642,794.338,1.0,817.079,791.283,1.0,823.867,786.367,1.0,835.628,781.915,1.0,669.232,370.114,1.0,662.75,375.512,1.0,654.53,371.537,1.0,648.812,375.256,1.0,637.079,372.293,1.0
298,588.644,317.829,1.0,583.11,308.839,1.0,577.067,302.903,1.0,572.743,294.156,1.0,567.093,285.981,1.0,753.65,538.073,1.0,758.537,538.55,1.0,768.595,540.39,1.0,771.787,548.778,1.0,782.994,548.279,1.0,430.896,527.105,1.0,434.656,537.584,1.0,440.671,546.042,1.0,439.836,550.182,1.0,451.848,565.404,1.0,800.737,801.012,1.0,805.113,797.549,1.0,816.729,793.033,1.0,821.48,787.801,1.0,831.672,783.7,1.0,669.319,370.272,1.0,663.466,374.788,1.0,654.53,371.326,1.0,648.46,375.51,1.0,637.071,372.508,1.0
299,588.666,317.879,1.0,583.111,308.991,1.0,577.552,304.096,1.0,572.88,294.972,1.0,567.093,286.517,1.0,753.65,538.073,1.0,759.335,538.55,1.0,769.026,541.501,1.0,771.787,548.778,1.0,782.994,548.279,1.0,430.056,526.999,1.0,433.39,537.28,1.0,440.671,545.156,1.0,439.79,549.347,1.0,451.832,564.555,1.0,799.061,800.343,1.0,804.852,799.109,1.0,813.738,793.137,1.0,819.654,788.233,1.0,829.78,784.752,1.0,669.319,370.272,1.0,662.75,374.538,1.0,654.124,370.679,1.0,648.325,375.559,1.0,637.071,372.508,1.0
300,588.666,318.449,1.0,583.111,310.115,1.0,577.86,304.86,1.0,572.897,295.142,1.0,567.093,287.04,1.0,753.65,536.246,1.0,759.335,538.55,1.0,768.595,541.493,1.0,771.787,548.778,1.0,783.187,548.018,1.0,430.056,526.999,1.0,433.39,537.28,1.0,440.671,545.156,1.0,439.79,549.347,1.0,451.303,564.532,1.0,795.162,800.423,1.0,804.396,799.59,1.0,813.497,794.318,1.0,819.609,788.393,1.0,828.005,784.752,1.0,669.319,370.091,1.0,662.75,374.399,1.0,653.914,370.653,1.0,648.11,375.559,1.0,637.071,372.568,1.0
301,588.644,318.506,1.0,584.067,310.515,1.0,577.995,305.161,1.0,573.467,295.565,1.0,567.093,287.04,1.0,759.965,533.626,1.0,763.56,538.956,1.0,769.026,541.501,1.0,772.602,549.346,1.0,783.187,548.018,1.0,428.204,528.914,1.0,432.322,537.584,1.0,440.671,545.156,1.0,439.975,550.095,1.0,451.303,564.532,1.0,794.368,800.86,1.0,804.031,799.672,1.0,813.203,795.146,1.0,819.203,788.474,1.0,827.876,784.752,1.0,668.337,367.03,1.0,661.168,374.321,1.0,652.451,370.653,1.0,646.729,375.559,1.0,637.03,372.811,1.0
302,588.644,319.648,1.0,584.115,312.384,1.0,578.19,306.455,1.0,573.467,296.302,1.0,568.358,288.108,1.0,762.012,533.132,1.0,764.257,538.956,1.0,769.026,542.592,1.0,772.602,550.371,1.0,783.569,548.812,1.0,427.317,532.496,1.0,432.315,537.825,1.0,443.034,545.824,1.0,440.275,551.126,1.0,451.303,564.426,1.0,793.465,800.86,1.0,803.816,799.284,1.0,811.574,795.536,1.0,818.394,788.474,1.0,827.447,784.814,1.0,668.16,367.03,1.0,659.229,374.309,1.0,648.361,370.522,1.0,638.821,376.602,1.0,631.08,373.276,1.0
303,588.666,319.994,1.0,584.986,313.402,1.0,578.671,307.86,1.0,573.595,298.472,1.0,570.709,291.173,1.0,764.184,533.023,1.0,767.38,538.956,1.0,768.915,543.2,1.0,772.603,550.39,1.0,784.645,548.95,1.0,426.287,539.634,1.0,431.83,538.639,1.0,443.034,546.062,1.0,440.564,550.73,1.0,451.9,564.414,1.0,790.631,800.86,1.0,803.179,799.284,1.0,811.574,797.304,1.0,815.994,788.592,1.0,827.176,784.814,1.0,656.727,366.912,1.0,656.07,374.309,1.0,648.361,369.253,1.0,638.821,377.746,1.0,631.08,373.276,1.0
304,591.22,331.372,1.0,591.57,319.526,1.0,580.098,307.86,1.0,573.766,302.575,1.0,571.41,294.22,1.0,766.175,532.341,1.0,768.335,538.497,1.0,768.32,544.302,1.0,772.602,551.175,1.0,784.645,548.95,1.0,428.204,543.208,1.0,431.83,541.145,1.0,443.034,546.427,1.0,440.889,551.126,1.0,452.24,564.247,1.0,789.987,801.818,1.0,799.269,799.284,1.0,808.381,797.699,1.0,815.012,789.764,1.0,826.484,786.274,1.0,651.555,366.912,1.0,653.788,373.175,1.0,648.361,368.864,1.0,638.821,378.437,1.0,631.08,373.558,1.0
305,591.428,332.062,1.0,591.833,319.886,1.0,581.555,307.86,1.0,574.925,305.4,1.0,571.762,297.167,1.0,768.807,531.526,1.0,768.958,538.357,1.0,768.32,544.302,1.0,772.501,551.516,1.0,784.645,548.95,1.0,428.204,546.146,1.0,431.83,546.381,1.0,436.705,547.026,1.0,445.074,551.662,1.0,452.705,564.034,1.0,789.166,803.527,1.0,797.944,798.964,1.0,808.381,798.378,1.0,814.126,790.0,1.0,821.853,787.974,1.0,649.191,366.912,1.0,651.316,363.924,1.0,649.149,367.528,1.0,640.259,380.857,1.0,631.36,373.418,1.0
306,591.615,332.914,1.0,592.564,321.68,1.0,583.0,308.056,1.0,575.263,305.671,1.0,572.001,297.457,1.0,773.167,529.559,1.0,769.112,536.718,1.0,766.59,544.302,1.0,772.216,551.842,1.0,784.497,548.442,1.0,434.26,560.382,1.0,433.938,548.98,1.0,436.705,547.026,1.0,445.074,551.836,1.0,452.834,563.854,1.0,789.166,803.527,1.0,797.944,798.964,1.0,806.943,798.484,1.0,812.689,790.0,1.0,821.843,788.503,1.0,641.858,358.079,1.0,649.021,362.965,1.0,649.499,366.901,1.0,643.748,380.979,1.0,631.36,373.558,1.0
307,591.652,332.914,1.0,592.582,321.682,1.0,583.091,308.056,1.0,575.338,306.65,1.0,572.174,297.457,1.0,776.669,526.872,1.0,769.913,535.086,1.0,766.59,543.492,1.0,772.058,551.913,1.0,783.668,547.956,1.0,437.441,561.521,1.0,433.938,552.641,1.0,435.945,547.026,1.0,445.074,551.662,1.0,452.834,562.937,1.0,789.987,803.727,1.0,799.269,798.964,1.0,806.355,798.889,1.0,811.992,790.0,1.0,821.746,789.012,1.0,641.75,357.973,1.0,648.874,362.414,1.0,649.499,366.882,1.0,644.134,381.496,1.0,631.365,373.558,1.0
308,591.682,333.079,1.0,592.817,321.977,1.0,583.277,308.056,1.0,575.46,306.65,1.0,572.536,297.457,1.0,781.281,525.018,1.0,770.425,534.259,1.0,766.59,542.693,1.0,772.058,552.115,1.0,782.796,547.507,1.0,438.165,561.521,1.0,434.194,552.641,1.0,435.945,546.042,1.0,444.752,551.662,1.0,452.834,562.311,1.0,791.386,803.727,1.0,799.269,799.063,1.0,805.825,799.683,1.0,811.717,791.23,1.0,820.651,790.21,1.0,641.75,357.473,1.0,646.918,361.872,1.0,649.739,366.882,1.0,644.134,381.795,1.0,631.36,373.713,1.0
309,592.029,333.226,1.0,593.639,324.04,1.0,583.382,313.674,1.0,578.689,309.7,1.0,572.695,297.6,1.0,781.281,525.018,1.0,770.425,534.259,1.0,767.195,542.693,1.0,772.013,552.382,1.0,782.687,546.947,1.0,438.647,561.521,1.0,434.611,552.641,1.0,436.56,546.042,1.0,442.995,551.662,1.0,452.668,560.682,1.0,791.411,808.959,1.0,797.944,800.977,1.0,805.825,799.754,1.0,810.789,791.683,1.0,819.287,790.56,1.0,641.75,356.928,1.0,645.801,361.872,1.0,649.499,366.882,1.0,643.748,381.988,1.0,630.713,374.036,1.0
310,595.832,334.558,1.0,593.639,325.479,1.0,585.339,315.598,1.0,580.949,311.984,1.0,573.288,297.91,1.0,781.281,525.018,1.0,770.425,534.259,1.0,767.334,542.381,1.0,771.529,552.382,1.0,782.679,546.12,1.0,438.647,561.467,1.0,435.465,549.312,1.0,436.562,546.042,1.0,442.201,551.836,1.0,451.752,560.682,1.0,791.411,812.918,1.0,797.868,804.374,1.0,803.549,801.657,1.0,810.791,791.683,1.0,819.053,790.751,1.0,641.612,356.469,1.0,645.79,360.799,1.0,648.995,366.882,1.0,644.134,381.988,1.0,630.713,374.162,1.0
311,600.48,334.558,1.0,593.639,327.743,1.0,587.739,317.565,1.0,582.48,313.616,1.0,573.456,297.91,1.0,780.499,531.405,1.0,771.456,535.788,1.0,767.947,542.059,1.0,771.529,552.382,1.0,781.836,545.633,1.0,438.647,556.084,1.0,436.561,549.312,1.0,436.562,546.042,1.0,441.586,551.847,1.0,450.843,560.597,1.0,791.386,812.918,1.0,797.682,805.122,1.0,803.122,802.035,1.0,810.695,792.18,1.0,816.954,791.382,1.0,641.612,356.335,1.0,645.677,359.727,1.0,648.983,367.041,1.0,644.762,381.795,1.0,631.237,374.501,1.0
312,601.188,334.558,1.0,594.356,327.743,1.0,587.798,317.904,1.0,582.48,313.666,1.0,573.456,300.061,1.0,780.376,531.43,1.0,771.756,535.899,1.0,767.971,542.059,1.0,771.529,551.566,1.0,781.836,544.232,1.0,438.966,556.084,1.0,436.908,549.312,1.0,436.562,546.182,1.0,441.554,552.337,1.0,450.094,560.521,1.0,791.098,813.248,1.0,797.465,805.15,1.0,802.987,802.035,1.0,810.695,792.398,1.0,815.128,792.563,1.0,639.784,354.268,1.0,644.321,359.135,1.0,648.076,368.295,1.0,644.668,380.384,1.0,631.237,375.209,1.0
313,601.188,334.558,1.0,594.271,327.743,1.0,587.827,317.904,1.0,582.48,313.673,1.0,575.129,303.124,1.0,780.376,531.43,1.0,772.692,535.899,1.0,769.808,542.059,1.0,771.529,551.529,1.0,781.836,543.359,1.0,439.584,556.084,1.0,437.066,551.699,1.0,436.56,546.858,1.0,440.067,552.674,1.0,449.196,560.521,1.0,791.098,813.414,1.0,797.366,805.495,1.0,802.639,802.035,1.0,810.56,792.723,1.0,814.925,792.769,1.0,637.359,354.268,1.0,640.579,359.04,1.0,645.544,369.048,1.0,644.668,378.28,1.0,631.577,375.221,1.0
314,601.188,334.558,1.0,594.271,324.699,1.0,587.879,317.939,1.0,582.611,313.673,1.0,575.129,303.124,1.0,780.499,531.405,1.0,773.392,535.788,1.0,770.728,541.999,1.0,771.371,551.514,1.0,781.836,543.359,1.0,439.697,556.16,1.0,442.287,551.964,1.0,436.562,547.937,1.0,438.807,552.674,1.0,448.978,560.249,1.0,790.974,814.332,1.0,797.03,806.573,1.0,799.456,802.107,1.0,810.46,792.723,1.0,814.555,792.769,1.0,636.589,354.268,1.0,640.378,358.587,1.0,643.792,369.048,1.0,644.668,377.415,1.0,631.577,377.262,1.0
315,601.188,334.471,1.0,594.356,324.699,1.0,590.476,318.113,1.0,582.44,313.757,1.0,575.131,303.239,1.0,780.751,531.245,1.0,774.601,534.936,1.0,771.132,539.932,1.0,771.371,550.482,1.0,781.836,543.359,1.0,440.747,556.72,1.0,442.287,552.026,1.0,442.29,548.367,1.0,438.246,553.306,1.0,448.978,559.924,1.0,790.974,815.574,1.0,796.504,808.316,1.0,798.129,802.389,1.0,805.719,798.785,1.0,814.193,793.506,1.0,635.578,351.738,1.0,640.378,358.5,1.0,642.744,369.048,1.0,643.552,376.933,1.0,631.577,378.164,1.0
316,601.188,334.628,1.0,594.848,324.699,1.0,591.513,318.968,1.0,582.292,314.076,1.0,575.131,303.834,1.0,782.278,524.188,1.0,774.836,530.859,1.0,771.213,536.577,1.0,770.343,547.355,1.0,779.781,545.1,1.0,440.927,561.042,1.0,442.287,559.214,1.0,439.669,550.149,1.0,438.078,553.376,1.0,447.887,559.231,1.0,785.926,815.574,1.0,788.628,812.688,1.0,796.799,804.179,1.0,802.906,801.877,1.0,812.439,795.311,1.0,634.662,351.738,1.0,640.378,357.978,1.0,642.322,368.307,1.0,643.552,376.482,1.0,631.577,378.268,1.0
317,601.712,334.675,1.0,596.733,327.03,1.0,592.753,322.954,1.0,581.932,314.446,1.0,576.955,308.645,1.0,782.278,524.18,1.0,775.345,530.785,1.0,771.213,536.15,1.0,770.182,546.683,1.0,779.553,546.047,1.0,441.098,562.084,1.0,441.887,559.626,1.0,439.669,550.715,1.0,437.546,553.376,1.0,446.422,559.231,1.0,785.622,815.727,1.0,788.591,812.688,1.0,796.183,804.411,1.0,802.544,801.877,1.0,812.439,797.051,1.0,634.629,351.738,1.0,640.42,357.34,1.0,641.206,368.16,1.0,643.552,375.65,1.0,631.577,378.268,1.0
318,602.514,339.142,1.0,599.302,330.565,1.0,593.002,327.841,1.0,581.798,317.04,1.0,578.873,310.738,1.0,783.822,519.21,1.0,775.665,529.061,1.0,771.386,534.295,1.0,769.477,545.378,1.0,778.809,546.443,1.0,441.602,571.038,1.0,437.412,559.683,1.0,439.669,552.936,1.0,437.496,553.376,1.0,445.111,559.231,1.0,785.377,815.706,1.0,788.587,812.909,1.0,796.034,804.501,1.0,801.88,801.939,1.0,812.219,797.214,1.0,,,0.0,640.594,356.51,1.0,639.836,366.779,1.0,644.608,373.992,1.0,633.665,378.555,1.0
319,602.604,340.04,1.0,599.506,330.972,1.0,593.002,327.856,1.0,581.798,317.094,1.0,580.085,310.751,1.0,783.822,519.085,1.0,776.754,525.556,1.0,772.126,534.295,1.0,769.059,545.088,1.0,778.809,546.501,1.0,441.617,571.307,1.0,436.165,559.789,1.0,437.591,554.57,1.0,436.458,551.746,1.0,444.922,560.775,1.0,785.237,815.727,1.0,788.568,812.921,1.0,795.87,804.501,1.0,801.704,801.877,1.0,812.15,797.642,1.0,,,0.0,642.555,353.797,1.0,637.452,363.191,1.0,644.608,370.117,1.0,638.103,378.557,1.0
320,603.233,340.095,1.0,599.815,330.999,1.0,593.002,328.107,1.0,581.853,317.291,1.0,580.253,310.835,1.0,782.278,519.085,1.0,776.807,525.287,1.0,772.575,534.295,1.0,768.996,545.072,1.0,778.809,546.728,1.0,441.749,571.307,1.0,435.833,559.683,1.0,437.469,554.956,1.0,436.458,551.407,1.0,444.922,560.976,1.0,784.942,815.727,1.0,788.44,813.266,1.0,795.763,804.937,1.0,801.077,801.939,1.0,812.02,798.033,1.0,,,0.0,642.894,353.743,1.0,637.291,362.38,1.0,644.608,368.691,1.0,639.44,378.698,1.0
321,603.233,340.517,1.0,600.035,331.133,1.0,592.871,328.305,1.0,581.853,317.313,1.0,580.38,310.973,1.0,782.108,518.74,1.0,776.891,525.171,1.0,775.631,535.553,1.0,768.996,544.629,1.0,779.006,546.728,1.0,441.617,571.442,1.0,435.613,559.758,1.0,437.469,555.269,1.0,436.458,551.342,1.0,445.011,561.083,1.0,778.957,816.399,1.0,787.536,814.805,1.0,794.21,805.275,1.0,798.491,802.09,1.0,810.181,798.411,1.0,,,0.0,642.975,352.649,1.0,637.291,362.303,1.0,644.244,367.708,1.0,639.44,378.698,1.0
322,603.233,340.517,1.0,600.314,331.509,1.0,592.732,328.305,1.0,582.512,317.313,1.0,581.534,311.15,1.0,781.905,518.541,1.0,777.088,524.616,1.0,776.019,535.553,1.0,769.059,541.974,1.0,779.259,546.728,1.0,441.617,571.505,1.0,435.613,559.758,1.0,437.469,555.303,1.0,436.949,551.342,1.0,445.011,560.976,1.0,777.31,819.128,1.0,782.297,815.296,1.0,791.665,810.519,1.0,792.76,806.17,1.0,805.513,798.411,1.0,,,0.0,642.975,351.683,1.0,637.452,361.696,1.0,643.84,367.505,1.0,639.519,378.698,1.0
323,604.617,341.791,1.0,600.466,332.081,1.0,592.732,328.707,1.0,582.972,317.875,1.0,582.839,311.191,1.0,781.395,515.545,1.0,778.146,522.762,1.0,777.337,535.553,1.0,775.156,541.918,1.0,784.257,545.153,1.0,441.617,571.505,1.0,435.613,559.789,1.0,437.469,555.303,1.0,436.949,551.342,1.0,445.031,560.874,1.0,777.109,820.672,1.0,781.625,815.934,1.0,790.882,811.355,1.0,791.456,806.588,1.0,803.566,799.223,1.0,,,0.0,642.975,351.521,1.0,641.186,361.134,1.0,643.84,366.979,1.0,639.519,378.392,1.0
324,604.617,341.791,0.0,603.426,336.888,1.0,592.732,328.793,1.0,584.532,319.004,1.0,582.886,312.248,1.0,781.395,512.32,1.0,779.519,521.641,1.0,778.732,533.608,1.0,775.156,541.918,1.0,784.257,545.153,1.0,441.365,571.505,1.0,436.119,559.793,1.0,437.469,555.303,1.0,436.949,551.342,1.0,445.305,560.874,1.0,777.109,821.321,1.0,781.625,816.358,1.0,790.852,811.823,1.0,791.328,806.683,1.0,801.78,798.641,1.0,,346.705,1.0,642.975,351.173,1.0,641.759,360.709,1.0,644.244,366.789,1.0,639.44,378.14,1.0
325,607.615,351.317,1.0,604.777,340.037,1.0,592.793,328.807,1.0,586.036,320.715,1.0,583.587,313.164,1.0,781.395,512.32,1.0,779.565,521.641,1.0,779.187,533.553,1.0,775.254,541.974,1.0,784.257,545.031,1.0,441.365,575.106,1.0,436.824,562.522,1.0,436.236,553.046,1.0,436.063,549.803,1.0,445.305,559.92,1.0,777.281,821.646,1.0,781.625,816.518,1.0,790.244,811.983,1.0,791.258,806.849,1.0,801.491,798.641,1.0,639.021,,0.0,642.975,350.777,1.0,643.065,359.983,1.0,644.375,365.299,1.0,639.397,378.035,1.0
326,,,0.0,605.533,340.544,1.0,593.81,328.807,1.0,586.239,321.67,1.0,583.766,313.256,1.0,781.395,512.217,1.0,779.922,521.641,1.0,779.299,533.466,1.0,775.757,542.502,1.0,784.193,544.93,1.0,441.808,575.106,1.0,437.23,562.617,1.0,436.236,552.928,1.0,435.777,549.803,1.0,445.305,559.141,1.0,777.281,825.747,1.0,781.625,817.91,1.0,789.461,812.171,1.0,790.535,806.849,1.0,801.069,800.037,1.0,639.021,339.804,1.0,641.566,348.592,1.0,643.065,358.652,1.0,644.62,363.656,1.0,638.758,374.775,1.0
327,,,0.0,606.473,342.295,1.0,594.974,329.74,1.0,586.855,323.404,1.0,583.766,313.256,1.0,781.395,512.217,1.0,779.922,521.628,1.0,779.299,533.347,1.0,775.924,542.502,1.0,784.142,544.866,1.0,441.877,575.662,1.0,438.867,566.459,1.0,436.236,552.928,1.0,435.714,549.803,1.0,444.798,556.292,1.0,777.156,828.502,1.0,783.699,822.289,1.0,788.014,813.789,1.0,790.535,809.781,1.0,799.204,802.11,1.0,638.921,336.933,1.0,641.142,346.214,1.0,643.111,355.584,1.0,645.119,362.924,1.0,638.383,372.573,1.0
328,,,0.0,606.619,342.593,1.0,595.216,330.026,1.0,586.994,323.795,1.0,583.923,313.36,1.0,781.767,512.217,1.0,780.398,521.486,1.0,778.732,533.347,1.0,775.924,542.502,1.0,783.937,544.725,1.0,442.292,575.662,1.0,439.788,566.522,1.0,436.374,553.046,1.0,435.714,550.175,1.0,443.635,552.59,1.0,777.156,830.955,1.0,784.08,823.419,1.0,783.468,813.902,1.0,790.535,811.228,1.0,798.391,805.057,1.0,638.1,335.701,1.0,641.048,346.102,1.0,643.111,355.162,1.0,644.62,362.918,1.0,637.984,371.571,1.0
329,,,0.0,606.619,343.085,1.0,595.694,330.151,1.0,587.144,324.229,1.0,583.951,313.926,1.0,781.767,512.385,1.0,780.621,521.65,1.0,768.188,532.927,1.0,775.924,541.77,1.0,783.865,544.725,1.0,442.612,575.662,1.0,440.005,567.236,1.0,437.307,554.756,1.0,435.714,551.042,1.0,443.635,552.59,1.0,776.817,831.109,1.0,783.699,824.931,1.0,783.199,814.273,1.0,790.268,811.276,1.0,798.321,805.061,1.0,638.921,335.361,1.0,640.871,345.481,1.0,642.945,354.587,1.0,644.558,362.902,1.0,637.984,371.544,1.0
330,609.663,,1.0,606.619,343.602,1.0,596.99,332.348,1.0,592.946,325.246,1.0,585.505,315.518,1.0,788.249,517.502,1.0,781.03,521.65,1.0,768.188,531.602,1.0,776.079,541.024,1.0,782.928,544.725,1.0,442.926,575.745,1.0,440.005,567.236,1.0,437.391,555.548,1.0,437.474,551.509,1.0,443.207,550.219,1.0,776.517,831.128,1.0,779.682,825.154,1.0,783.199,814.273,1.0,790.268,811.577,1.0,797.819,805.117,1.0,638.921,,0.0,640.287,344.895,1.0,642.778,353.465,1.0,644.558,362.36,1.0,637.984,371.459,1.0
331,,355.506,0.0,606.179,344.259,1.0,599.068,333.699,1.0,593.786,330.002,1.0,586.509,318.815,1.0,792.049,519.515,1.0,783.56,521.358,1.0,768.188,530.269,1.0,775.536,540.089,1.0,782.806,544.753,1.0,442.926,575.856,1.0,440.005,567.236,1.0,437.471,555.605,1.0,437.474,551.509,1.0,443.207,549.478,1.0,775.272,831.725,1.0,779.142,825.222,1.0,783.199,816.005,1.0,789.371,812.329,1.0,797.296,805.131,1.0,639.258,334.889,1.0,,,0.0,639.073,352.919,1.0,643.545,362.36,1.0,637.984,371.304,1.0
332,608.133,355.506,1.0,604.903,344.259,1.0,603.016,338.32,1.0,594.116,330.919,1.0,591.156,322.053,1.0,792.296,519.515,1.0,783.912,521.075,1.0,768.337,530.188,1.0,775.525,540.015,1.0,782.806,544.753,1.0,442.926,576.345,1.0,440.067,567.348,1.0,438.082,555.935,1.0,437.474,551.509,1.0,443.635,549.478,1.0,774.775,832.023,1.0,777.156,826.854,1.0,782.51,821.78,1.0,788.027,814.737,1.0,796.558,805.964,1.0,,,0.0,,,0.0,638.779,352.806,1.0,641.681,362.227,1.0,637.82,370.84,1.0
333,608.564,,1.0,603.417,343.085,1.0,603.016,339.27,1.0,594.713,330.919,1.0,591.387,322.999,1.0,793.785,519.515,1.0,784.444,521.049,1.0,768.448,528.95,1.0,775.525,539.749,1.0,782.806,544.753,1.0,442.804,576.596,1.0,440.005,567.455,1.0,438.465,556.075,1.0,437.946,551.509,1.0,445.481,550.069,1.0,772.001,832.948,1.0,774.388,832.673,1.0,782.036,823.114,1.0,783.978,814.737,1.0,793.847,811.136,1.0,,,0.0,,,0.0,638.175,351.11,1.0,637.714,361.414,1.0,637.803,369.272,1.0
334,608.564,354.471,0.0,,,0.0,603.054,339.289,1.0,594.829,331.037,1.0,591.387,323.037,1.0,793.846,517.934,1.0,785.837,517.082,1.0,773.681,528.614,1.0,775.367,539.532,1.0,782.806,544.71,1.0,442.604,577.089,1.0,439.953,568.155,1.0,438.465,557.98,1.0,437.003,551.509,1.0,443.162,548.649,1.0,771.934,833.736,1.0,774.353,832.673,1.0,781.725,823.216,1.0,783.87,814.737,1.0,793.847,811.218,1.0,634.893,354.736,1.0,641.954,342.018,1.0,638.087,351.018,1.0,636.705,359.891,1.0,637.594,365.182,1.0
335,613.28,366.345,1.0,,,0.0,603.016,339.289,1.0,595.291,331.706,1.0,591.387,323.435,1.0,794.21,517.579,1.0,786.043,517.003,1.0,774.628,527.942,1.0,772.988,537.593,1.0,782.806,544.201,1.0,442.262,579.274,1.0,440.067,570.696,1.0,438.572,561.938,1.0,437.003,554.347,1.0,443.162,548.649,1.0,771.392,833.736,1.0,774.241,832.673,1.0,781.631,823.503,1.0,783.409,814.737,1.0,793.78,811.256,1.0,634.893,333.764,1.0,641.618,340.459,1.0,638.102,348.941,1.0,636.025,355.813,1.0,637.594,362.711,1.0
336,613.28,366.345,1.0,,,0.0,602.809,340.584,1.0,595.291,333.249,1.0,591.425,327.106,1.0,794.21,517.135,1.0,786.323,516.783,1.0,774.943,527.292,1.0,772.988,536.77,1.0,782.081,544.027,1.0,442.0,580.509,1.0,440.387,571.866,1.0,438.572,563.854,1.0,437.047,556.077,1.0,442.894,548.134,1.0,771.053,833.736,1.0,774.012,832.801,1.0,781.46,823.503,1.0,783.409,815.144,1.0,793.78,811.359,1.0,634.893,333.345,1.0,641.438,340.331,1.0,638.102,348.552,1.0,636.01,355.515,1.0,637.591,362.446,1.0
337,613.28,366.345,1.0,609.078,361.909,1.0,,347.484,0.0,595.291,336.621,1.0,591.727,327.958,1.0,794.262,517.096,1.0,786.518,516.652,1.0,774.952,527.032,1.0,772.572,536.529,1.0,781.242,543.951,1.0,442.0,580.693,1.0,439.991,572.11,1.0,438.202,564.08,1.0,437.047,556.077,1.0,442.632,547.299,1.0,770.829,833.736,1.0,772.979,832.801,1.0,779.945,827.745,1.0,781.886,817.848,1.0,792.025,814.425,1.0,635.029,333.215,1.0,641.041,340.314,1.0,637.523,348.479,1.0,635.97,355.303,1.0,637.591,362.446,1.0
338,614.157,366.775,1.0,609.078,361.909,1.0,598.142,348.146,1.0,595.176,336.842,1.0,594.555,328.619,1.0,794.274,516.941,1.0,786.631,516.396,1.0,775.259,526.963,1.0,772.695,535.537,1.0,778.628,542.474,1.0,442.0,580.855,1.0,439.991,572.11,1.0,438.122,564.08,1.0,437.003,556.098,1.0,442.264,546.854,1.0,767.46,840.179,1.0,769.916,836.358,1.0,776.596,829.978,1.0,780.745,822.756,1.0,788.673,814.425,1.0,635.177,333.215,1.0,640.269,340.193,1.0,637.523,348.238,1.0,636.01,354.391,1.0,637.424,362.122,1.0
339,615.967,368.31,1.0,608.915,361.909,1.0,598.142,348.146,1.0,595.176,337.484,1.0,595.132,328.756,1.0,794.814,516.6,1.0,787.344,516.344,1.0,776.195,526.652,1.0,772.572,534.957,1.0,778.628,542.239,1.0,442.208,580.855,1.0,440.387,571.866,1.0,438.122,564.07,1.0,436.724,556.077,1.0,441.999,546.854,1.0,767.412,840.811,1.0,769.311,836.359,1.0,775.934,829.978,1.0,779.187,823.871,1.0,787.219,814.425,1.0,635.185,333.048,1.0,,,0.0,,,0.0,636.01,352.523,1.0,637.424,361.868,1.0
340,615.967,368.31,1.0,608.915,362.196,1.0,597.967,347.626,1.0,595.176,337.924,1.0,595.72,328.756,1.0,794.856,516.514,1.0,787.772,516.344,1.0,777.054,526.494,1.0,772.695,534.573,1.0,778.628,541.712,1.0,442.848,580.855,1.0,439.991,571.849,1.0,438.122,564.07,1.0,436.621,555.99,1.0,441.965,546.791,1.0,767.303,840.889,1.0,769.25,837.137,1.0,775.66,830.38,1.0,779.111,823.923,1.0,787.09,814.425,1.0,637.052,330.118,1.0,,,0.0,,,0.0,636.834,350.891,1.0,637.189,361.285,1.0
341,615.967,368.31,1.0,609.078,362.625,1.0,597.967,347.626,1.0,595.507,338.476,1.0,597.233,328.794,1.0,796.528,514.994,1.0,787.949,516.652,1.0,778.598,525.309,1.0,772.695,533.259,1.0,779.005,540.887,1.0,443.387,578.845,1.0,439.991,570.737,1.0,437.905,564.07,1.0,436.621,555.99,1.0,441.137,546.791,1.0,767.303,841.057,1.0,768.963,837.646,1.0,775.546,830.406,1.0,778.707,823.946,1.0,785.942,814.425,1.0,639.822,324.504,1.0,,,0.0,,,0.0,636.834,345.7,1.0,637.175,359.429,1.0
342,615.932,368.718,1.0,609.653,362.625,1.0,,,0.0,596.89,339.563,1.0,598.146,330.607,1.0,797.742,513.675,1.0,788.969,520.879,1.0,779.852,523.942,1.0,772.855,532.879,1.0,779.342,540.881,1.0,447.45,572.128,1.0,440.951,565.845,1.0,438.227,564.07,1.0,436.621,556.098,1.0,441.071,547.064,1.0,767.066,842.683,1.0,769.05,837.646,1.0,774.823,830.406,1.0,778.707,823.946,1.0,785.572,814.692,1.0,640.585,323.818,1.0,635.687,327.85,1.0,617.051,351.361,1.0,636.834,343.603,1.0,636.54,357.681,1.0
343,614.312,369.061,1.0,610.177,362.625,1.0,,,0.0,598.749,342.7,1.0,600.057,333.501,1.0,798.403,512.618,1.0,789.08,521.098,1.0,780.998,523.232,1.0,772.86,532.432,1.0,779.376,540.766,1.0,451.558,572.0,1.0,443.586,564.576,1.0,438.35,564.114,1.0,436.857,557.541,1.0,440.875,548.575,1.0,765.48,844.518,1.0,768.638,840.757,1.0,772.993,831.821,1.0,778.154,824.418,1.0,783.78,818.012,1.0,640.654,323.289,1.0,635.687,327.561,1.0,617.051,350.776,1.0,636.789,343.51,1.0,636.264,357.681,1.0
344,613.258,371.194,1.0,614.527,361.862,1.0,,,0.0,601.065,342.942,1.0,602.702,335.244,1.0,798.403,512.453,1.0,789.08,521.098,1.0,780.998,523.232,1.0,772.86,532.432,1.0,779.672,540.711,1.0,455.647,572.0,1.0,446.208,564.562,1.0,438.35,564.293,1.0,437.299,557.541,1.0,440.455,548.812,1.0,761.554,848.12,1.0,768.125,842.342,1.0,770.772,835.166,1.0,778.154,827.539,1.0,783.502,823.583,1.0,640.654,322.489,1.0,635.687,327.263,1.0,615.157,349.472,1.0,636.185,343.397,1.0,634.637,357.654,1.0
345,613.258,372.128,1.0,614.527,361.838,1.0,,,0.0,601.212,343.0,1.0,602.702,335.244,1.0,798.18,512.144,1.0,789.08,520.903,1.0,780.998,523.232,1.0,773.175,532.43,1.0,779.916,540.704,1.0,455.647,572.0,1.0,446.747,564.562,1.0,438.35,564.372,1.0,437.299,557.916,1.0,440.455,548.812,1.0,761.021,848.758,1.0,768.125,842.411,1.0,770.768,835.496,1.0,778.154,827.89,1.0,783.451,823.592,1.0,640.585,322.384,1.0,636.49,327.263,1.0,615.157,343.032,1.0,636.112,342.928,1.0,634.637,357.612,1.0
346,613.258,372.201,1.0,614.595,361.838,1.0,606.05,359.099,1.0,601.608,343.0,1.0,602.702,335.534,1.0,798.18,512.144,1.0,788.555,520.903,1.0,779.554,524.413,1.0,773.215,532.432,1.0,780.071,540.704,1.0,455.647,573.225,1.0,446.747,564.562,1.0,439.274,564.372,1.0,437.299,557.541,1.0,440.455,548.812,1.0,760.358,848.972,1.0,768.125,843.252,1.0,770.432,835.826,1.0,777.625,828.266,1.0,783.315,823.91,1.0,639.545,321.708,1.0,636.664,327.561,1.0,,,0.0,635.311,341.532,1.0,634.637,357.308,1.0
347,613.301,372.357,1.0,614.595,361.862,1.0,605.927,359.099,1.0,601.847,344.421,1.0,602.753,335.832,1.0,795.572,512.453,1.0,788.229,516.046,1.0,777.5,525.929,1.0,773.175,532.808,1.0,780.109,540.704,1.0,455.435,573.666,1.0,446.747,567.588,1.0,440.178,564.293,1.0,437.046,557.423,1.0,441.652,547.852,1.0,760.135,849.08,1.0,767.923,843.538,1.0,770.209,835.938,1.0,777.435,828.672,1.0,782.742,824.132,1.0,638.242,320.129,1.0,636.882,328.225,1.0,,,0.0,635.111,337.71,1.0,634.726,355.141,1.0
348,613.739,373.346,1.0,614.436,362.922,1.0,605.927,359.099,1.0,601.847,344.421,1.0,602.753,338.49,1.0,794.988,513.23,1.0,788.186,516.046,1.0,777.207,526.219,1.0,772.727,533.549,1.0,780.109,540.756,1.0,444.116,575.748,1.0,444.242,568.956,1.0,440.178,561.738,1.0,436.964,555.286,1.0,441.916,546.761,1.0,759.707,849.08,1.0,764.928,845.038,1.0,768.156,839.941,1.0,775.047,834.631,1.0,778.572,826.868,1.0,636.671,319.438,1.0,636.883,328.225,1.0,,,0.0,,352.678,0.0,642.04,346.695,1.0
349,617.375,381.946,1.0,614.436,369.231,1.0,605.927,361.67,1.0,601.847,344.421,1.0,603.577,340.664,1.0,794.82,513.635,1.0,788.186,516.041,1.0,777.119,526.419,1.0,773.831,533.959,1.0,780.268,540.756,1.0,443.547,576.765,1.0,441.942,570.24,1.0,440.178,561.738,1.0,436.655,554.691,1.0,442.417,545.923,1.0,754.331,849.433,1.0,761.159,847.328,1.0,767.043,842.137,1.0,768.459,834.702,1.0,778.09,829.546,1.0,636.577,318.813,1.0,637.14,328.225,1.0,633.021,333.546,1.0,,,0.0,642.04,346.596,1.0
350,617.67,382.408,1.0,615.233,370.113,1.0,609.42,362.89,1.0,,,0.0,603.577,342.848,1.0,793.767,516.913,1.0,787.68,516.041,1.0,776.344,527.21,1.0,772.727,534.404,1.0,780.268,540.756,1.0,442.874,578.049,1.0,441.532,570.24,1.0,439.825,561.738,1.0,436.615,554.691,1.0,442.91,545.528,1.0,753.508,850.081,1.0,760.821,847.342,1.0,767.043,842.137,1.0,768.165,834.841,1.0,777.732,829.675,1.0,636.548,318.653,1.0,637.234,327.842,1.0,632.634,333.51,1.0,631.309,352.678,1.0,642.246,346.262,1.0
351,617.67,382.889,1.0,614.992,370.939,1.0,609.725,362.924,1.0,,,0.0,603.945,343.114,1.0,794.82,517.645,1.0,785.44,516.041,1.0,775.687,527.21,1.0,772.637,535.584,1.0,781.898,540.756,1.0,442.874,579.103,1.0,441.2,571.133,1.0,439.47,561.935,1.0,436.655,554.691,1.0,442.91,545.146,1.0,753.334,850.081,1.0,760.427,847.648,1.0,767.007,842.95,1.0,767.565,835.154,1.0,777.69,829.881,1.0,636.306,318.528,1.0,637.278,327.267,1.0,632.283,331.95,1.0,631.047,343.519,1.0,642.14,346.133,1.0
352,617.676,383.044,1.0,614.992,371.901,1.0,610.571,362.924,1.0,,,0.0,604.607,343.326,1.0,793.767,517.645,1.0,785.149,516.319,1.0,775.527,528.311,1.0,772.637,537.516,1.0,782.549,541.231,1.0,442.874,579.103,1.0,441.2,571.133,1.0,439.299,561.935,1.0,436.655,554.691,1.0,442.623,545.146,1.0,753.281,850.096,1.0,760.218,848.588,1.0,766.939,843.233,1.0,766.784,836.509,1.0,777.309,829.881,1.0,636.306,317.99,1.0,637.234,326.859,1.0,632.213,331.828,1.0,630.477,343.45,1.0,642.125,346.133,1.0
353,617.67,383.082,1.0,615.233,372.934,1.0,610.571,363.611,1.0,,,0.0,604.607,345.029,1.0,792.253,519.891,1.0,783.828,516.52,1.0,775.527,528.358,1.0,774.882,537.799,1.0,782.549,543.847,1.0,443.893,579.103,1.0,441.2,571.133,1.0,439.075,561.935,1.0,437.333,554.526,1.0,442.417,545.146,1.0,749.562,852.193,1.0,756.806,848.894,1.0,764.274,844.502,1.0,766.657,836.6,1.0,777.128,829.881,1.0,636.306,316.042,1.0,637.14,323.768,1.0,632.161,330.271,1.0,630.477,340.575,1.0,642.125,346.133,1.0
354,617.67,383.082,1.0,615.281,374.386,1.0,610.571,365.313,1.0,609.012,363.705,1.0,604.114,347.789,1.0,790.496,517.645,1.0,782.04,519.627,1.0,775.023,530.039,1.0,775.875,539.888,1.0,781.898,544.036,1.0,447.835,577.441,1.0,441.566,569.281,1.0,439.05,560.493,1.0,437.384,554.526,1.0,441.418,545.146,1.0,748.498,857.32,1.0,753.492,851.668,1.0,762.689,845.995,1.0,765.78,838.903,1.0,773.96,831.329,1.0,638.928,311.32,1.0,635.933,318.057,1.0,629.984,329.034,1.0,,,0.0,642.125,347.144,1.0
355,617.676,388.529,1.0,615.203,379.51,1.0,609.996,371.372,1.0,608.999,363.705,1.0,604.114,354.191,1.0,781.494,517.645,1.0,780.884,519.726,1.0,773.645,530.039,1.0,775.875,539.888,1.0,781.471,544.036,1.0,451.787,571.995,1.0,447.353,567.695,1.0,437.282,559.947,1.0,438.602,553.206,1.0,441.418,545.146,1.0,747.929,859.241,1.0,750.863,852.311,1.0,761.181,846.625,1.0,764.366,838.921,1.0,771.277,834.074,1.0,642.27,309.005,1.0,635.288,317.026,1.0,629.318,328.901,1.0,629.508,335.443,1.0,642.002,347.247,1.0
356,617.697,388.692,1.0,615.281,380.231,1.0,609.995,373.777,1.0,608.999,363.705,1.0,602.43,358.963,1.0,778.084,519.891,1.0,780.239,519.726,1.0,773.526,529.925,1.0,775.875,539.888,1.0,780.564,544.036,1.0,451.787,570.647,1.0,448.035,566.96,1.0,437.282,559.032,1.0,438.602,552.926,1.0,441.418,544.91,1.0,748.498,859.437,1.0,750.863,852.311,1.0,760.498,846.625,1.0,764.366,838.921,1.0,770.604,834.157,1.0,642.646,308.474,1.0,635.099,316.352,1.0,628.884,328.028,1.0,629.076,334.749,1.0,641.97,347.247,1.0
357,617.776,389.079,1.0,616.587,380.385,1.0,609.952,374.048,1.0,609.012,363.931,1.0,602.404,359.36,1.0,777.594,520.624,1.0,780.065,519.726,1.0,773.645,529.925,1.0,773.291,538.193,1.0,780.296,543.855,1.0,451.787,561.268,1.0,449.125,566.96,1.0,437.282,558.775,1.0,438.602,551.548,1.0,442.883,544.262,1.0,748.114,859.486,1.0,750.478,853.167,1.0,760.498,849.519,1.0,764.317,838.921,1.0,770.318,834.551,1.0,642.78,307.815,1.0,635.099,316.176,1.0,628.843,327.747,1.0,629.076,334.72,1.0,641.964,347.144,1.0
358,618.134,389.091,1.0,616.587,381.574,1.0,609.57,374.243,1.0,609.606,364.636,1.0,602.404,360.055,1.0,773.797,520.624,1.0,779.354,517.462,1.0,773.526,529.259,1.0,772.83,538.178,1.0,779.94,543.855,1.0,451.787,557.065,1.0,451.995,562.919,1.0,437.41,558.775,1.0,437.682,551.548,1.0,443.875,541.168,1.0,748.114,859.437,1.0,750.863,852.311,1.0,760.244,849.519,1.0,764.317,838.921,1.0,770.318,834.589,1.0,642.78,307.61,1.0,635.099,315.954,1.0,628.884,327.702,1.0,628.999,334.577,1.0,641.97,346.999,1.0
359,618.711,394.353,1.0,617.048,382.883,1.0,609.57,375.436,1.0,609.732,366.19,1.0,602.43,361.209,1.0,772.487,520.624,1.0,774.256,517.112,1.0,773.526,528.226,1.0,772.562,537.821,1.0,779.94,543.855,1.0,451.554,557.065,1.0,451.995,562.919,1.0,437.479,558.775,1.0,437.682,551.548,1.0,443.875,541.168,1.0,747.556,859.241,1.0,751.93,851.806,1.0,760.244,849.887,1.0,763.933,839.598,1.0,770.28,834.748,1.0,642.78,307.443,1.0,635.598,315.906,1.0,629.318,327.402,1.0,628.819,333.983,1.0,642.002,345.756,1.0
360,620.39,394.735,1.0,617.273,385.931,1.0,609.952,375.436,1.0,610.385,367.512,1.0,603.09,362.616,1.0,765.05,514.604,1.0,772.368,515.925,1.0,773.526,528.226,1.0,772.562,538.089,1.0,779.94,543.894,1.0,450.871,557.065,1.0,451.995,562.919,1.0,437.942,558.775,1.0,437.682,551.798,1.0,443.763,541.168,1.0,745.764,856.213,1.0,754.435,851.806,1.0,758.929,849.887,1.0,763.933,840.247,1.0,770.244,835.381,1.0,642.47,306.676,1.0,636.098,314.833,1.0,630.017,326.489,1.0,628.676,331.615,1.0,642.106,343.749,1.0
361,624.275,394.746,1.0,620.707,390.565,1.0,613.812,375.658,1.0,612.82,370.428,1.0,603.673,364.777,1.0,764.041,513.841,1.0,771.558,515.925,1.0,773.42,528.226,1.0,772.168,538.089,1.0,780.612,544.155,1.0,449.494,562.764,1.0,448.172,563.658,1.0,437.964,558.425,1.0,437.682,551.948,1.0,443.588,541.168,1.0,743.073,854.982,1.0,754.435,852.202,1.0,757.661,849.887,1.0,763.825,841.149,1.0,768.648,836.291,1.0,640.863,305.812,1.0,638.028,312.793,1.0,630.323,323.252,1.0,628.476,327.411,1.0,642.354,341.145,1.0
362,625.378,400.686,1.0,620.956,391.925,1.0,614.347,376.206,1.0,612.86,371.047,1.0,604.333,365.366,1.0,763.763,512.883,1.0,771.558,514.834,1.0,773.42,528.226,1.0,772.168,537.821,1.0,780.705,544.856,1.0,449.494,566.395,1.0,442.228,566.491,1.0,438.445,558.806,1.0,437.787,553.05,1.0,443.588,541.168,1.0,742.822,854.982,1.0,754.435,852.202,1.0,757.26,849.538,1.0,763.788,841.39,1.0,768.648,837.256,1.0,640.435,304.914,1.0,640.255,312.301,1.0,631.162,319.86,1.0,628.462,324.846,1.0,642.354,340.555,1.0
363,625.378,400.686,1.0,620.956,391.925,1.0,614.902,375.436,1.0,613.955,371.047,1.0,604.333,365.641,1.0,763.763,512.639,1.0,771.558,514.209,1.0,779.056,528.812,1.0,772.168,537.905,1.0,781.478,544.983,1.0,437.725,568.3,1.0,439.45,567.046,1.0,438.899,560.766,1.0,437.898,553.48,1.0,439.956,541.092,1.0,742.022,854.982,1.0,753.412,852.891,1.0,755.642,849.261,1.0,763.788,842.094,1.0,768.648,838.551,1.0,640.232,304.845,1.0,640.255,312.161,1.0,633.591,319.587,1.0,628.476,324.846,1.0,642.354,339.995,1.0
364,625.378,397.469,1.0,620.9,390.565,1.0,615.123,375.073,1.0,613.996,371.047,1.0,604.333,365.82,1.0,763.763,512.495,1.0,771.618,514.209,1.0,779.382,528.866,1.0,772.691,537.905,1.0,782.788,545.347,1.0,426.429,569.57,1.0,436.381,569.698,1.0,438.899,558.425,1.0,437.898,553.395,1.0,439.366,541.008,1.0,741.748,856.331,1.0,751.7,853.017,1.0,755.427,849.164,1.0,762.892,842.728,1.0,768.701,838.761,1.0,640.232,304.845,1.0,640.901,312.161,1.0,633.636,319.409,1.0,628.676,324.846,1.0,641.7,339.905,1.0
365,624.572,397.469,1.0,620.9,389.861,1.0,615.123,375.499,1.0,614.384,370.979,1.0,604.291,365.82,1.0,765.578,512.495,1.0,772.306,516.145,1.0,779.244,529.443,1.0,773.412,537.905,1.0,782.845,545.355,1.0,423.336,569.814,1.0,434.495,569.698,1.0,438.899,560.766,1.0,439.137,553.167,1.0,439.129,541.008,1.0,741.667,856.444,1.0,751.656,853.241,1.0,755.331,849.164,1.0,762.795,843.102,1.0,768.701,839.149,1.0,640.232,304.532,1.0,640.901,312.089,1.0,633.733,319.282,1.0,631.648,328.289,1.0,641.676,338.642,1.0
366,618.255,397.088,1.0,619.48,389.861,1.0,615.123,375.499,1.0,614.468,370.979,1.0,604.291,365.82,1.0,771.267,512.495,1.0,773.686,516.145,1.0,779.244,529.493,1.0,773.412,537.905,1.0,784.473,545.972,1.0,423.336,569.57,1.0,434.495,569.698,1.0,438.694,560.766,1.0,439.663,553.167,1.0,438.884,541.008,1.0,740.072,856.541,1.0,750.841,853.467,1.0,753.634,849.261,1.0,762.738,843.22,1.0,768.701,839.277,1.0,640.155,304.326,1.0,640.963,311.696,1.0,634.446,318.293,1.0,631.648,328.289,1.0,641.431,336.801,1.0
367,612.72,397.088,1.0,617.39,389.861,1.0,614.733,375.499,1.0,614.468,370.979,1.0,604.291,365.732,1.0,777.398,517.967,1.0,773.686,522.963,1.0,779.056,534.644,1.0,773.412,540.472,1.0,786.142,547.329,1.0,423.336,569.57,1.0,434.495,569.374,1.0,437.625,554.991,1.0,439.663,553.167,1.0,439.098,541.008,1.0,738.24,857.537,1.0,749.687,853.859,1.0,752.555,850.067,1.0,761.602,843.853,1.0,764.715,839.277,1.0,640.232,300.922,1.0,640.963,310.684,1.0,635.369,316.225,1.0,631.648,328.289,1.0,640.909,331.368,1.0
368,605.034,397.37,1.0,614.876,391.0,1.0,614.456,377.782,1.0,615.2,371.727,1.0,604.531,365.732,1.0,777.714,518.4,1.0,773.686,522.963,1.0,778.348,536.794,1.0,773.092,541.851,1.0,786.144,548.785,1.0,423.363,569.814,1.0,435.834,567.744,1.0,435.551,554.973,1.0,439.984,552.92,1.0,438.844,540.867,1.0,738.086,862.012,1.0,741.93,855.117,1.0,751.973,852.071,1.0,758.942,846.423,1.0,763.03,840.71,1.0,640.552,300.639,1.0,640.963,307.955,1.0,636.207,312.838,1.0,630.09,324.176,1.0,640.793,330.059,1.0
369,604.803,397.088,1.0,613.481,391.018,1.0,614.18,378.367,1.0,615.257,372.028,1.0,604.596,365.193,1.0,778.291,518.4,1.0,773.477,522.963,1.0,776.682,536.834,1.0,771.413,542.103,1.0,786.73,549.167,1.0,423.386,569.814,1.0,435.834,567.738,1.0,435.053,554.973,1.0,440.502,552.687,1.0,438.791,540.724,1.0,734.673,862.252,1.0,740.679,855.164,1.0,749.843,852.071,1.0,757.429,848.284,1.0,762.002,844.034,1.0,641.763,293.959,1.0,640.877,301.599,1.0,636.687,310.124,1.0,629.011,321.142,1.0,640.768,330.059,1.0
370,602.812,397.37,1.0,611.633,392.889,1.0,614.18,380.711,1.0,615.565,372.888,1.0,604.913,365.193,1.0,778.291,518.442,1.0,773.374,522.88,1.0,776.578,537.054,1.0,771.335,542.103,1.0,786.711,549.224,1.0,425.768,569.043,1.0,435.952,567.438,1.0,434.988,554.815,1.0,440.502,552.567,1.0,438.741,540.724,1.0,733.172,863.384,1.0,739.406,855.585,1.0,746.889,852.071,1.0,753.783,848.284,1.0,761.937,845.793,1.0,641.929,293.232,1.0,640.724,301.154,1.0,637.041,309.951,1.0,629.011,320.881,1.0,640.768,330.059,1.0
371,602.344,397.426,1.0,611.27,392.889,1.0,614.18,380.711,1.0,615.906,373.649,1.0,610.951,365.245,1.0,778.354,518.442,1.0,773.374,522.88,1.0,776.138,536.834,1.0,771.335,542.178,1.0,786.144,549.224,1.0,424.643,568.329,1.0,435.952,567.128,1.0,434.732,554.973,1.0,440.502,552.214,1.0,438.741,540.797,1.0,732.951,863.52,1.0,739.354,855.469,1.0,746.824,851.933,1.0,753.681,848.105,1.0,761.317,845.971,1.0,642.147,293.096,1.0,639.937,301.038,1.0,637.041,309.951,1.0,629.011,320.201,1.0,639.914,329.112,1.0
372,600.032,398.772,1.0,607.285,392.889,1.0,614.044,380.711,1.0,616.184,375.942,1.0,611.675,365.349,1.0,778.446,519.108,1.0,773.477,522.88,1.0,776.138,537.054,1.0,771.413,542.261,1.0,786.144,549.436,1.0,424.643,562.211,1.0,435.834,566.885,1.0,434.157,554.973,1.0,440.893,552.567,1.0,438.741,540.736,1.0,732.951,863.53,1.0,739.307,855.469,1.0,746.467,851.933,1.0,753.348,848.284,1.0,761.317,846.19,1.0,641.929,292.995,1.0,639.937,300.792,1.0,636.687,309.377,1.0,629.04,320.142,1.0,639.914,328.846,1.0
373,600.032,399.546,1.0,607.244,388.516,1.0,614.221,381.19,1.0,615.906,376.005,1.0,611.675,365.349,1.0,778.446,524.221,1.0,774.949,528.877,1.0,775.992,537.691,1.0,772.819,543.312,1.0,784.847,551.108,1.0,424.643,562.211,1.0,435.533,563.06,1.0,434.108,557.554,1.0,441.146,552.687,1.0,439.097,540.736,1.0,732.951,864.297,1.0,738.938,855.533,1.0,746.467,851.933,1.0,753.191,848.284,1.0,761.661,845.971,1.0,641.929,291.551,1.0,639.937,299.413,1.0,633.959,309.327,1.0,629.613,317.534,1.0,639.914,327.661,1.0
374,600.032,399.555,1.0,606.854,388.516,1.0,614.221,380.544,1.0,615.565,376.105,1.0,610.951,365.368,1.0,778.354,528.456,1.0,774.949,532.054,1.0,775.709,538.693,1.0,776.285,547.683,1.0,783.119,552.142,1.0,424.327,561.191,1.0,436.269,563.06,1.0,434.108,557.554,1.0,441.146,554.147,1.0,439.097,540.736,1.0,733.013,864.875,1.0,738.496,855.585,1.0,745.368,852.357,1.0,751.996,848.947,1.0,761.661,846.503,1.0,641.929,290.691,1.0,641.289,298.549,1.0,633.959,308.15,1.0,629.639,313.705,1.0,643.101,325.255,1.0
375,600.032,399.555,1.0,606.854,388.516,1.0,613.807,380.544,1.0,615.448,376.154,1.0,610.865,365.709,1.0,778.118,528.456,1.0,774.949,533.194,1.0,775.709,540.429,1.0,777.325,549.928,1.0,783.119,553.541,1.0,422.927,562.211,1.0,434.251,563.06,1.0,434.108,559.308,1.0,441.146,554.147,1.0,439.097,540.736,1.0,733.013,865.314,1.0,738.092,856.134,1.0,744.496,853.271,1.0,751.25,849.511,1.0,761.046,846.503,1.0,641.767,290.691,1.0,643.714,296.703,1.0,633.959,305.467,1.0,630.054,310.71,1.0,643.337,322.908,1.0
376,600.002,399.982,1.0,606.419,389.145,1.0,611.328,384.466,1.0,615.396,376.326,1.0,610.862,366.929,1.0,774.55,528.914,1.0,774.912,533.194,1.0,775.709,540.886,1.0,778.87,550.427,1.0,784.245,553.902,1.0,422.927,563.11,1.0,434.251,565.057,1.0,434.321,559.564,1.0,440.419,554.147,1.0,439.49,540.736,1.0,733.013,865.314,1.0,738.057,856.753,1.0,744.342,853.367,1.0,751.034,849.716,1.0,761.046,845.681,1.0,641.61,290.677,1.0,643.714,296.659,1.0,634.184,304.663,1.0,630.339,309.996,1.0,643.337,322.85,1.0
377,600.197,400.95,1.0,605.622,392.157,1.0,611.081,385.281,1.0,612.006,376.445,1.0,610.699,369.086,1.0,769.848,531.171,1.0,773.892,533.194,1.0,775.543,540.991,1.0,779.609,550.427,1.0,784.341,553.902,1.0,422.927,563.144,1.0,432.684,565.057,1.0,434.321,559.308,1.0,440.242,553.618,1.0,439.49,541.121,1.0,732.146,865.057,1.0,737.055,856.888,1.0,743.177,853.847,1.0,748.405,854.286,1.0,760.956,845.21,1.0,641.767,290.677,1.0,643.822,296.659,1.0,634.445,304.472,1.0,630.404,309.996,1.0,643.337,322.591,1.0
378,600.197,402.514,1.0,605.369,394.673,1.0,609.072,388.548,1.0,610.433,380.874,1.0,610.699,371.814,1.0,769.765,536.24,1.0,773.784,533.673,1.0,775.543,541.19,1.0,781.376,550.427,1.0,784.341,553.902,1.0,422.927,570.822,1.0,431.248,566.326,1.0,434.321,560.117,1.0,439.307,553.618,1.0,441.622,545.137,1.0,732.146,864.875,1.0,737.055,856.888,1.0,743.177,854.292,1.0,748.244,854.286,1.0,760.74,845.21,1.0,641.767,290.677,1.0,643.86,296.335,1.0,634.756,303.849,1.0,630.831,309.952,1.0,642.805,321.567,1.0
379,600.197,403.743,1.0,603.695,397.973,1.0,608.013,390.469,1.0,609.986,383.45,1.0,610.623,374.764,1.0,769.56,539.534,1.0,771.425,533.673,1.0,775.445,541.351,1.0,782.236,549.093,1.0,784.5,554.459,1.0,422.047,570.822,1.0,428.985,566.408,1.0,433.908,560.374,1.0,438.757,553.618,1.0,441.65,545.137,1.0,732.146,863.557,1.0,737.055,856.888,1.0,743.177,854.875,1.0,748.244,854.286,1.0,760.655,845.21,1.0,641.61,290.114,1.0,643.822,295.264,1.0,636.838,302.365,1.0,633.009,309.564,1.0,641.539,316.803,1.0
380,600.228,403.789,1.0,603.529,398.088,1.0,607.721,390.854,1.0,609.928,383.496,1.0,610.26,374.804,1.0,767.047,540.32,1.0,767.965,533.673,1.0,775.445,541.371,1.0,782.236,548.175,1.0,784.95,554.459,1.0,423.072,573.852,1.0,428.985,566.326,1.0,433.908,560.117,1.0,437.785,553.639,1.0,442.345,545.311,1.0,732.874,854.114,0.9890000224113464,736.787,855.837,1.0,745.323,855.094,1.0,748.405,853.431,1.0,760.09,845.681,1.0,641.268,283.645,1.0,643.286,293.21,1.0,639.069,298.453,1.0,633.009,309.462,1.0,641.435,314.549,1.0
381,600.228,404.0,1.0,603.458,398.29,1.0,607.721,391.568,1.0,609.743,383.845,1.0,610.26,374.937,1.0,766.852,543.207,1.0,767.71,534.669,1.0,775.543,541.453,1.0,782.236,548.175,1.0,784.95,554.172,1.0,423.072,573.852,1.0,428.985,566.408,1.0,433.908,560.117,1.0,437.782,553.639,1.0,441.65,545.137,1.0,733.212,852.569,1.0,736.787,855.128,1.0,745.323,854.915,1.0,752.62,851.122,1.0,759.251,846.613,1.0,641.268,279.755,1.0,637.934,290.064,1.0,639.971,295.429,1.0,633.009,305.93,1.0,641.406,313.933,1.0
382,600.228,404.342,1.0,603.171,398.568,1.0,607.249,391.84,1.0,609.661,384.072,1.0,610.26,375.531,1.0,763.284,543.381,1.0,767.643,535.779,1.0,780.08,542.472,1.0,782.117,548.175,1.0,784.95,554.172,1.0,423.256,572.195,1.0,429.671,566.653,1.0,434.647,560.374,1.0,437.435,553.716,1.0,441.622,545.04,1.0,733.212,849.39,1.0,736.787,854.288,1.0,745.323,855.094,1.0,752.62,851.122,1.0,759.247,846.875,1.0,641.268,279.18,1.0,637.934,289.113,1.0,640.248,294.286,1.0,632.884,305.237,1.0,641.406,313.933,1.0
383,598.084,413.217,1.0,602.125,401.83,1.0,606.898,393.715,1.0,609.546,384.712,1.0,610.26,378.414,1.0,762.193,545.635,1.0,767.373,537.383,1.0,780.08,542.888,1.0,782.117,548.226,1.0,784.069,554.067,1.0,423.256,572.195,1.0,429.715,570.431,1.0,437.428,561.366,1.0,437.435,553.639,1.0,442.345,545.04,1.0,733.212,848.665,1.0,736.378,853.848,1.0,745.311,855.398,1.0,752.62,851.122,1.0,759.19,846.875,1.0,641.394,278.738,1.0,637.934,288.951,1.0,640.248,294.286,1.0,632.505,304.509,1.0,641.173,313.886,1.0
384,595.561,413.821,1.0,599.664,406.978,1.0,604.954,397.385,1.0,607.588,389.013,1.0,610.689,379.245,1.0,762.185,546.324,1.0,767.286,538.866,1.0,780.08,542.935,1.0,781.956,548.226,1.0,783.927,554.042,1.0,423.256,572.195,1.0,429.847,571.177,1.0,437.428,561.366,1.0,437.337,553.501,1.0,442.736,544.975,1.0,730.324,848.241,1.0,736.378,853.848,1.0,744.041,856.158,1.0,752.275,851.195,1.0,759.074,846.875,1.0,641.479,278.708,1.0,640.595,288.399,1.0,639.971,294.286,1.0,632.505,303.682,1.0,640.82,313.739,1.0
385,595.374,414.058,1.0,599.664,407.077,1.0,604.88,397.385,1.0,607.393,389.179,1.0,610.689,379.648,1.0,761.971,546.47,1.0,767.286,540.354,1.0,780.08,542.935,1.0,781.923,548.226,1.0,783.374,554.067,1.0,423.256,572.123,1.0,430.306,571.177,1.0,437.428,561.366,1.0,437.316,553.417,1.0,442.78,544.975,1.0,729.79,847.756,1.0,736.378,852.558,1.0,743.491,855.398,1.0,751.198,851.195,1.0,758.056,846.865,1.0,641.479,278.515,1.0,641.597,285.653,1.0,637.729,294.286,1.0,632.505,301.948,1.0,640.82,313.685,1.0
386,595.313,414.058,1.0,599.479,407.1,1.0,604.538,397.547,1.0,607.124,389.326,1.0,610.689,379.967,1.0,761.971,547.685,1.0,767.373,540.993,1.0,778.556,543.366,1.0,780.719,547.928,1.0,782.932,554.067,1.0,423.256,571.842,1.0,430.355,571.177,1.0,436.503,561.168,1.0,436.955,552.578,1.0,442.939,544.975,1.0,728.629,847.34,1.0,738.654,848.784,1.0,743.415,855.398,1.0,751.198,851.195,1.0,757.736,846.865,1.0,641.522,275.269,1.0,642.047,283.313,1.0,636.807,294.079,1.0,633.608,301.048,1.0,640.82,310.972,1.0
387,595.182,414.16,1.0,599.479,407.439,1.0,604.063,397.547,1.0,606.925,389.36,1.0,610.53,380.689,1.0,762.185,559.309,1.0,772.002,547.226,1.0,772.918,544.081,1.0,778.292,545.814,1.0,782.723,554.177,1.0,423.32,571.404,1.0,430.857,570.914,1.0,436.404,560.618,1.0,437.316,552.424,1.0,443.388,544.975,1.0,728.59,847.34,1.0,738.776,848.67,1.0,743.372,855.28,1.0,750.554,851.466,1.0,757.736,846.865,1.0,641.879,268.711,1.0,641.991,280.297,1.0,636.14,291.418,1.0,633.932,297.292,1.0,644.295,309.056,1.0
388,594.731,414.177,1.0,599.258,407.626,1.0,602.413,397.882,1.0,605.724,391.122,1.0,610.264,382.099,1.0,762.271,559.444,1.0,772.129,547.394,1.0,772.918,545.125,1.0,778.144,545.787,1.0,782.718,554.372,1.0,424.03,571.404,1.0,432.451,569.536,1.0,436.055,558.463,1.0,436.955,551.359,1.0,443.746,544.81,1.0,728.468,847.34,1.0,738.776,848.259,1.0,743.198,853.936,1.0,748.971,853.992,1.0,757.777,846.834,1.0,641.967,268.072,1.0,641.991,280.077,1.0,636.136,291.055,1.0,633.941,296.208,1.0,644.295,308.264,1.0
389,587.522,414.267,1.0,595.263,411.985,1.0,598.32,401.424,1.0,604.751,391.974,1.0,605.381,383.162,1.0,762.271,559.533,1.0,772.129,547.543,1.0,772.892,545.247,1.0,777.939,544.952,1.0,782.718,554.413,1.0,428.096,571.404,1.0,434.318,566.001,1.0,436.055,555.459,1.0,436.837,549.942,1.0,444.605,543.447,1.0,728.0,848.944,1.0,738.776,846.689,1.0,743.198,853.915,1.0,748.971,853.992,1.0,758.056,846.834,1.0,642.829,268.072,1.0,641.991,279.106,1.0,636.136,290.231,1.0,633.941,295.842,1.0,644.332,308.043,1.0
390,587.446,415.201,1.0,594.876,412.999,1.0,598.057,402.761,1.0,604.609,393.067,1.0,604.973,387.104,1.0,762.271,559.619,1.0,772.129,547.781,1.0,772.892,545.42,1.0,777.697,544.952,1.0,782.718,554.545,1.0,435.237,571.256,1.0,436.101,563.096,1.0,436.055,554.614,1.0,433.376,546.304,1.0,445.605,542.243,1.0,725.511,850.88,1.0,733.81,844.806,1.0,741.555,852.501,1.0,747.081,854.541,1.0,757.777,846.834,1.0,642.829,268.072,1.0,641.991,279.106,1.0,636.136,289.803,1.0,633.955,295.522,1.0,644.332,308.0,1.0
391,587.124,415.494,1.0,594.776,412.999,1.0,598.057,403.154,1.0,604.176,393.436,1.0,604.959,387.4,1.0,760.221,559.665,1.0,771.65,549.222,1.0,772.239,545.622,1.0,776.187,543.965,1.0,782.674,554.598,1.0,437.268,570.463,1.0,436.101,562.165,1.0,436.055,554.614,1.0,433.376,546.304,1.0,445.822,541.98,1.0,725.327,850.88,1.0,733.619,844.734,1.0,741.469,852.137,1.0,746.88,854.943,1.0,757.777,846.834,1.0,642.829,268.072,1.0,641.991,278.826,1.0,636.286,289.42,1.0,634.485,295.522,1.0,644.166,307.761,1.0
392,587.124,415.692,1.0,594.137,413.021,1.0,597.705,403.284,1.0,603.977,394.077,1.0,604.959,388.709,1.0,759.544,561.392,1.0,770.62,551.646,1.0,769.693,547.656,1.0,774.111,542.317,1.0,782.674,554.545,1.0,442.852,564.186,1.0,437.544,557.685,1.0,436.055,552.871,1.0,433.123,545.816,1.0,446.255,541.899,1.0,723.673,850.88,1.0,730.579,844.09,1.0,739.144,852.137,1.0,745.351,855.193,1.0,757.021,846.834,1.0,642.7,268.618,1.0,643.938,278.724,1.0,636.933,287.897,1.0,635.096,295.109,1.0,643.547,306.702,1.0
393,587.522,415.989,1.0,594.776,413.865,1.0,597.705,407.542,1.0,602.99,396.443,1.0,604.973,392.264,1.0,759.529,561.606,1.0,770.519,551.646,1.0,769.693,547.656,1.0,774.111,542.271,1.0,782.674,554.545,1.0,445.091,562.135,1.0,438.598,555.607,1.0,436.213,552.653,1.0,433.376,545.816,1.0,446.255,541.806,1.0,723.227,849.841,1.0,729.846,844.09,1.0,737.531,852.501,1.0,743.989,855.519,1.0,753.68,847.425,1.0,637.872,268.618,1.0,643.938,278.69,1.0,640.147,284.049,1.0,636.186,294.363,1.0,643.342,299.33,1.0
394,589.323,430.605,1.0,594.876,419.494,1.0,596.434,411.631,1.0,595.671,400.796,1.0,605.247,393.312,1.0,759.231,561.765,1.0,770.337,551.865,1.0,769.693,547.656,1.0,774.111,542.123,1.0,782.674,554.688,1.0,446.416,562.135,1.0,438.792,555.607,1.0,436.213,549.556,1.0,433.443,545.816,1.0,446.34,541.445,1.0,723.224,848.569,1.0,728.763,844.09,1.0,735.704,852.964,1.0,743.428,855.998,1.0,752.998,850.049,1.0,637.378,269.86,1.0,644.039,277.217,1.0,640.676,281.784,1.0,636.547,292.998,1.0,643.138,298.18,1.0
395,589.385,430.907,1.0,594.776,419.679,1.0,596.016,412.05,1.0,595.3,401.727,1.0,605.788,394.871,1.0,759.189,561.606,1.0,770.174,551.646,1.0,770.926,540.874,1.0,774.111,542.271,1.0,782.58,554.688,1.0,446.416,562.135,1.0,438.792,555.607,1.0,436.213,548.843,1.0,433.443,545.219,1.0,446.255,541.806,1.0,723.025,848.47,1.0,728.605,844.227,1.0,735.603,852.994,1.0,743.187,855.998,1.0,752.896,850.176,1.0,637.378,269.86,1.0,644.039,276.137,1.0,640.676,280.479,1.0,636.547,292.998,1.0,642.993,297.924,1.0
396,589.728,431.472,1.0,591.041,420.032,1.0,595.953,412.566,1.0,595.224,401.841,1.0,605.788,395.419,1.0,759.015,561.765,1.0,770.084,551.569,1.0,770.926,540.874,1.0,774.111,542.271,1.0,782.432,554.442,1.0,446.679,564.456,1.0,439.606,557.5,1.0,438.727,548.487,1.0,433.123,545.219,1.0,446.521,541.806,1.0,719.033,847.405,1.0,728.462,844.669,1.0,735.603,852.994,1.0,743.164,855.998,1.0,752.761,850.176,1.0,637.378,268.446,1.0,643.818,274.931,1.0,640.676,280.026,1.0,636.186,292.289,1.0,642.985,297.924,1.0
397,589.728,431.472,1.0,591.731,420.1,1.0,595.953,412.954,1.0,595.3,402.491,1.0,605.788,395.886,1.0,757.319,561.765,1.0,764.133,551.569,1.0,770.926,540.874,1.0,772.814,542.271,1.0,781.585,554.116,1.0,446.416,564.456,1.0,440.774,557.5,1.0,438.773,548.487,1.0,433.443,545.219,1.0,446.424,541.806,1.0,718.411,847.355,1.0,726.52,846.68,1.0,735.648,852.994,1.0,742.463,855.701,1.0,752.637,850.176,1.0,637.966,268.099,1.0,643.818,274.895,1.0,640.351,279.919,1.0,636.011,291.978,1.0,642.961,297.844,1.0
398,589.385,431.668,1.0,591.041,420.858,1.0,595.953,413.104,1.0,595.3,403.749,1.0,605.783,397.852,1.0,755.946,561.37,1.0,763.091,551.854,1.0,770.52,542.198,1.0,771.833,542.277,1.0,781.152,554.116,1.0,442.825,564.456,1.0,440.774,557.5,1.0,438.773,548.843,1.0,433.564,545.577,1.0,446.521,542.072,1.0,716.498,844.942,1.0,723.639,846.68,1.0,735.648,851.952,1.0,741.977,854.967,1.0,752.278,850.176,1.0,638.146,267.904,1.0,643.636,274.895,1.0,640.107,279.919,1.0,635.547,291.111,1.0,642.834,297.685,1.0
399,584.797,432.241,1.0,590.249,421.271,1.0,595.636,416.274,1.0,594.812,407.599,1.0,601.524,399.508,1.0,753.11,556.138,1.0,762.3,551.696,1.0,770.467,542.69,1.0,771.833,542.277,1.0,781.152,554.116,1.0,442.825,559.834,1.0,442.302,556.811,1.0,438.773,551.646,1.0,433.092,545.984,1.0,446.521,542.072,1.0,715.556,844.767,1.0,723.24,845.718,1.0,734.86,851.469,1.0,740.748,854.874,1.0,752.213,850.15,1.0,638.286,267.395,1.0,643.518,274.542,1.0,639.957,279.413,1.0,635.547,290.128,1.0,642.834,297.641,1.0
400,584.033,434.451,1.0,589.429,426.117,1.0,590.84,419.416,1.0,594.786,413.219,1.0,601.102,401.657,1.0,752.409,556.019,1.0,761.678,551.696,1.0,770.467,543.43,1.0,771.833,542.213,1.0,781.152,554.27,1.0,446.679,559.729,1.0,442.302,554.455,1.0,437.733,551.646,1.0,433.564,546.059,1.0,446.521,541.493,1.0,714.769,844.638,1.0,722.223,845.51,1.0,729.59,848.627,1.0,740.748,853.41,1.0,747.492,849.657,1.0,640.762,260.52,1.0,642.175,268.736,1.0,638.043,279.234,1.0,635.415,288.429,1.0,642.834,297.585,1.0
401,584.028,434.451,1.0,589.372,426.138,1.0,590.808,419.449,1.0,594.624,414.026,1.0,600.816,401.72,1.0,752.409,555.952,1.0,761.522,551.854,1.0,770.467,544.245,1.0,773.839,541.317,1.0,781.754,554.27,1.0,448.2,559.729,1.0,440.905,553.647,1.0,436.54,551.646,1.0,433.648,546.059,1.0,446.424,541.397,1.0,714.291,844.373,1.0,721.857,845.718,1.0,728.819,848.619,1.0,741.014,853.41,1.0,747.396,849.694,1.0,640.862,257.306,1.0,641.928,266.633,1.0,637.332,277.961,1.0,635.498,283.658,1.0,644.396,294.587,1.0
402,584.028,434.494,1.0,589.28,426.518,1.0,590.808,420.198,1.0,594.421,414.247,1.0,600.816,402.03,1.0,752.409,556.019,1.0,761.522,551.861,1.0,770.741,544.922,1.0,773.839,541.317,1.0,781.754,554.316,1.0,450.527,559.254,1.0,440.905,553.067,1.0,435.972,549.401,1.0,433.648,546.059,1.0,445.705,540.114,1.0,714.204,844.291,1.0,721.722,845.718,1.0,728.1,847.908,1.0,741.014,853.307,1.0,747.238,849.882,1.0,640.862,255.076,1.0,641.875,265.234,1.0,636.6,276.657,1.0,635.415,281.717,1.0,644.679,293.277,1.0
403,584.028,434.494,1.0,589.157,426.518,1.0,590.652,420.774,1.0,594.392,414.611,1.0,600.759,403.068,1.0,752.318,556.138,1.0,761.522,551.696,1.0,770.829,545.231,1.0,773.839,541.317,1.0,781.754,554.27,1.0,451.729,555.564,1.0,442.302,553.057,1.0,436.006,549.128,1.0,433.31,545.483,1.0,444.358,539.593,1.0,714.007,844.285,1.0,721.694,845.818,1.0,727.842,847.838,1.0,740.748,853.013,1.0,747.238,849.694,1.0,640.762,255.051,1.0,641.928,265.114,1.0,636.396,276.427,1.0,635.47,281.577,1.0,644.782,293.259,1.0
404,583.432,438.805,1.0,588.26,434.352,1.0,590.652,423.623,1.0,593.1,416.469,1.0,599.955,407.373,1.0,752.259,557.269,1.0,761.428,551.861,1.0,771.03,545.702,1.0,773.646,541.341,1.0,781.702,553.956,1.0,452.376,555.564,1.0,443.492,552.858,1.0,436.006,549.128,1.0,433.514,545.483,1.0,444.053,539.593,1.0,713.42,844.291,1.0,721.054,845.984,1.0,728.1,847.772,1.0,739.548,852.896,1.0,747.235,849.694,1.0,640.264,255.051,1.0,641.995,264.721,1.0,636.396,275.493,1.0,635.47,281.577,1.0,644.782,292.623,1.0
405,582.795,445.913,1.0,587.163,435.444,1.0,590.652,426.287,1.0,588.42,418.371,1.0,599.604,412.83,1.0,752.468,558.212,1.0,762.102,551.861,1.0,771.11,545.702,1.0,773.646,541.428,1.0,781.644,553.87,1.0,454.107,555.564,1.0,443.492,552.858,1.0,436.006,549.128,1.0,433.514,545.483,1.0,444.183,539.554,1.0,713.288,844.291,1.0,720.874,846.423,1.0,727.147,847.772,1.0,739.463,852.896,1.0,744.542,849.762,1.0,639.636,255.051,1.0,641.995,264.571,1.0,636.396,274.388,1.0,635.498,280.945,1.0,644.679,292.192,1.0
406,582.52,448.304,1.0,586.39,438.868,1.0,589.181,428.043,1.0,587.331,420.245,1.0,598.895,413.252,1.0,754.142,558.212,1.0,762.556,550.55,1.0,771.11,545.702,1.0,773.298,541.702,1.0,781.577,553.87,1.0,455.844,552.411,1.0,444.862,552.858,1.0,436.808,549.199,1.0,433.514,545.861,1.0,444.183,539.554,1.0,713.288,845.649,1.0,720.557,849.155,1.0,727.147,846.601,1.0,738.163,852.571,1.0,744.332,849.882,1.0,639.27,254.681,1.0,643.008,263.509,1.0,638.641,270.94,1.0,637.408,280.799,1.0,642.771,285.61,1.0
407,582.161,448.304,1.0,586.153,438.973,1.0,588.898,428.146,1.0,587.331,420.324,1.0,598.679,413.67,1.0,757.576,557.269,1.0,764.953,550.55,1.0,771.03,544.738,1.0,772.46,542.649,1.0,781.577,553.652,1.0,457.444,551.836,1.0,446.168,552.858,1.0,437.108,549.588,1.0,433.904,545.944,1.0,444.183,539.606,1.0,712.704,847.778,1.0,720.46,849.155,1.0,727.147,846.157,1.0,732.785,852.081,1.0,743.89,850.105,1.0,639.27,254.359,1.0,643.175,263.344,1.0,639.227,267.546,1.0,637.55,279.203,1.0,635.749,285.047,1.0
408,582.161,448.465,1.0,585.539,439.14,1.0,588.481,428.442,1.0,587.331,420.403,1.0,598.331,414.379,1.0,760.215,555.254,1.0,765.578,551.726,1.0,770.193,541.237,1.0,772.46,543.898,1.0,781.644,553.536,1.0,457.527,551.71,1.0,446.966,552.729,1.0,437.343,549.724,1.0,434.223,546.038,1.0,444.193,539.709,1.0,712.13,847.982,1.0,719.686,849.155,1.0,727.147,845.982,1.0,732.623,851.86,1.0,743.267,850.127,1.0,638.873,254.512,1.0,644.099,262.153,1.0,640.197,265.281,1.0,637.55,278.585,1.0,635.698,284.306,1.0
409,581.311,448.864,1.0,585.482,440.033,1.0,586.943,430.011,1.0,588.578,423.902,1.0,596.289,414.986,1.0,763.42,555.254,1.0,765.578,550.402,1.0,770.189,541.171,1.0,772.46,544.468,1.0,781.802,553.536,1.0,457.625,550.844,1.0,447.899,552.729,1.0,438.304,549.753,1.0,434.301,546.813,1.0,444.364,540.055,1.0,712.13,847.857,1.0,718.415,843.84,1.0,725.147,845.954,1.0,729.475,851.86,1.0,741.706,851.346,1.0,638.803,253.916,1.0,644.099,261.421,1.0,640.37,265.131,1.0,637.55,278.446,1.0,635.698,283.985,1.0
410,578.978,451.397,1.0,581.174,444.104,1.0,583.51,434.038,1.0,588.58,423.902,1.0,590.297,415.668,1.0,766.3,555.254,1.0,767.849,551.726,1.0,769.181,540.043,1.0,772.457,544.468,1.0,781.802,553.354,1.0,457.894,549.52,1.0,448.036,549.382,1.0,438.7,549.753,1.0,434.301,546.813,1.0,444.364,540.055,1.0,711.602,847.857,1.0,717.474,843.695,1.0,724.989,845.752,1.0,728.158,851.795,1.0,741.706,851.373,1.0,638.803,253.897,1.0,644.099,261.366,1.0,640.37,265.131,1.0,637.55,278.246,1.0,635.749,283.763,1.0
411,578.86,451.435,1.0,581.174,444.512,1.0,583.51,434.418,1.0,588.58,423.935,1.0,589.379,416.856,1.0,766.3,556.115,1.0,770.094,552.248,1.0,768.874,540.043,1.0,771.99,544.624,1.0,781.802,553.536,1.0,457.894,549.114,1.0,448.203,548.927,1.0,438.808,549.753,1.0,434.539,547.567,1.0,444.645,541.437,1.0,710.415,847.857,1.0,717.193,843.695,1.0,723.827,845.752,1.0,727.693,851.795,1.0,740.435,851.812,1.0,638.444,251.476,1.0,643.452,261.038,1.0,640.197,265.131,1.0,637.495,276.01,1.0,641.61,283.272,1.0
412,578.562,451.583,1.0,581.032,444.88,1.0,583.415,434.429,1.0,588.578,424.143,1.0,589.276,416.856,1.0,766.3,556.469,1.0,770.094,553.093,1.0,768.808,540.043,1.0,772.061,545.245,1.0,782.116,553.625,1.0,457.894,549.114,1.0,448.422,548.201,1.0,438.981,549.545,1.0,434.565,547.866,1.0,444.886,541.618,1.0,710.328,847.857,1.0,716.777,843.84,1.0,723.811,845.752,1.0,727.404,852.206,1.0,739.088,851.952,1.0,637.889,250.99,1.0,640.265,253.81,1.0,639.232,264.237,1.0,636.584,270.038,1.0,641.61,281.252,1.0
413,578.562,451.906,1.0,580.909,444.998,1.0,583.385,434.526,1.0,588.094,424.735,1.0,589.171,417.769,1.0,765.695,556.764,1.0,769.686,552.859,1.0,768.808,540.894,1.0,772.061,544.755,1.0,781.948,553.762,1.0,458.125,549.114,1.0,449.569,548.201,1.0,439.686,549.545,1.0,434.968,548.339,1.0,444.645,541.694,1.0,709.489,847.857,1.0,716.283,845.198,1.0,723.811,847.181,1.0,727.37,852.206,1.0,738.867,852.137,1.0,634.243,246.011,1.0,638.022,251.194,1.0,638.824,261.795,1.0,636.488,269.627,1.0,641.61,281.187,1.0
414,577.965,452.021,1.0,580.59,445.326,1.0,582.63,435.364,1.0,587.989,425.608,1.0,589.121,419.776,1.0,765.695,557.298,1.0,770.094,552.859,1.0,768.874,540.894,1.0,772.061,544.755,1.0,781.948,553.625,1.0,458.674,549.513,1.0,450.815,548.201,1.0,439.868,549.545,1.0,437.14,550.891,1.0,443.677,541.819,1.0,706.946,850.264,1.0,715.022,847.758,1.0,721.208,848.212,1.0,727.146,851.689,1.0,736.353,852.137,1.0,633.966,245.715,1.0,638.022,251.048,1.0,638.788,261.63,1.0,636.488,269.592,1.0,641.61,280.482,1.0
415,573.535,453.036,1.0,576.979,447.764,1.0,582.453,440.484,1.0,586.619,428.518,1.0,589.121,423.192,1.0,765.695,557.298,1.0,769.686,552.859,1.0,768.893,540.894,1.0,772.456,545.318,1.0,782.238,553.625,1.0,461.193,549.695,1.0,452.595,548.248,1.0,439.868,557.798,1.0,437.14,553.636,1.0,442.78,541.819,1.0,701.013,851.901,1.0,706.062,851.037,1.0,717.749,849.163,1.0,726.242,851.689,1.0,734.698,852.137,1.0,633.484,244.903,1.0,638.022,250.931,1.0,638.524,260.97,1.0,636.584,267.765,1.0,641.338,279.221,1.0
416,572.73,461.834,1.0,576.417,453.327,1.0,581.238,443.726,1.0,579.29,432.225,1.0,588.8,424.903,1.0,765.7,557.222,1.0,769.686,551.786,1.0,771.947,540.894,1.0,774.77,546.907,1.0,782.52,553.501,1.0,461.193,549.695,1.0,453.5,548.661,1.0,439.916,558.61,1.0,437.14,554.511,1.0,439.018,541.968,1.0,701.013,853.348,1.0,705.105,851.927,1.0,717.749,849.9,1.0,726.242,850.796,1.0,734.245,852.152,1.0,631.73,244.903,1.0,638.084,250.897,1.0,638.144,260.703,1.0,636.619,266.996,1.0,635.857,278.321,1.0
417,572.355,462.499,1.0,576.194,453.731,1.0,580.839,444.197,1.0,579.196,432.957,1.0,589.066,426.718,1.0,765.7,556.764,1.0,769.819,547.849,1.0,771.999,540.421,1.0,779.088,549.824,1.0,795.14,553.194,1.0,461.193,549.695,1.0,453.582,549.494,1.0,439.916,558.61,1.0,437.093,554.631,1.0,437.793,541.968,1.0,700.632,854.592,1.0,704.894,852.709,1.0,716.695,850.103,1.0,726.242,850.588,1.0,733.96,851.827,1.0,631.318,244.682,1.0,638.259,250.418,1.0,637.892,260.528,1.0,637.209,266.765,1.0,635.572,277.956,1.0
418,572.258,462.658,1.0,575.929,453.861,1.0,580.605,444.393,1.0,579.187,433.454,1.0,589.121,427.114,1.0,765.7,555.379,1.0,769.819,546.651,1.0,774.6,540.421,1.0,780.868,549.824,1.0,797.007,553.194,1.0,461.014,549.695,1.0,453.685,549.535,1.0,440.099,558.61,1.0,437.047,554.687,1.0,437.246,541.968,1.0,700.137,855.084,1.0,704.54,852.709,1.0,716.509,850.103,1.0,725.353,850.796,1.0,733.867,851.495,1.0,631.318,244.682,1.0,638.259,250.4,1.0,637.675,260.216,1.0,637.209,266.35,1.0,635.572,277.561,1.0
419,572.258,462.658,1.0,575.595,454.558,1.0,580.605,444.924,1.0,578.89,433.79,1.0,589.066,427.402,1.0,763.851,555.379,1.0,767.048,546.651,1.0,774.6,541.192,1.0,781.357,550.76,1.0,797.074,553.27,1.0,460.993,549.881,1.0,454.033,549.943,1.0,440.563,558.423,1.0,437.047,554.631,1.0,437.108,541.968,1.0,700.632,855.686,1.0,704.009,852.709,1.0,716.509,850.103,1.0,725.353,850.588,1.0,733.867,851.827,1.0,631.73,244.263,1.0,638.259,250.028,1.0,637.392,259.348,1.0,637.209,265.558,1.0,635.572,277.396,1.0
420,572.258,462.985,1.0,575.595,454.781,1.0,580.371,446.004,1.0,578.89,435.05,1.0,588.85,429.191,1.0,763.338,555.379,1.0,766.906,545.924,1.0,774.6,541.29,1.0,781.357,550.885,1.0,797.123,553.501,1.0,460.993,550.545,1.0,454.604,549.943,1.0,441.268,557.755,1.0,437.047,554.758,1.0,437.102,542.187,1.0,700.402,858.916,1.0,703.958,852.84,1.0,713.925,850.315,1.0,720.912,850.588,1.0,732.431,851.634,1.0,633.58,240.704,1.0,638.012,249.708,1.0,637.04,258.17,1.0,637.086,264.299,1.0,635.52,277.148,1.0
421,572.215,464.067,1.0,575.595,455.702,1.0,580.283,447.409,1.0,578.89,439.361,1.0,588.85,431.633,1.0,763.258,555.379,1.0,766.906,545.924,1.0,774.6,542.214,1.0,781.357,550.885,1.0,797.123,553.27,1.0,460.993,551.293,1.0,455.229,549.943,1.0,442.069,557.04,1.0,437.47,554.902,1.0,437.108,542.358,1.0,700.091,859.883,1.0,703.49,853.671,1.0,712.755,851.205,1.0,720.469,851.214,1.0,730.63,851.536,1.0,633.742,239.553,1.0,636.599,249.635,1.0,636.78,257.115,1.0,635.962,263.316,1.0,635.002,276.804,1.0
422,572.324,464.976,1.0,576.186,457.351,1.0,576.588,450.596,1.0,580.327,443.864,1.0,584.707,431.835,1.0,763.258,555.379,1.0,766.906,545.924,1.0,774.6,542.262,1.0,781.357,552.109,1.0,797.074,553.27,1.0,461.094,552.324,1.0,455.486,549.422,1.0,442.087,556.452,1.0,437.863,554.949,1.0,437.246,542.954,1.0,700.091,859.883,1.0,703.49,853.384,1.0,712.458,851.616,1.0,720.241,851.408,1.0,729.947,851.634,1.0,634.931,239.024,1.0,636.599,249.19,1.0,636.78,256.299,1.0,635.962,263.316,1.0,635.002,275.132,1.0
423,572.324,465.471,1.0,576.382,457.812,1.0,576.189,450.651,1.0,580.327,444.297,1.0,584.249,432.07,1.0,763.258,547.487,1.0,769.45,544.251,1.0,775.476,542.342,1.0,781.402,553.15,1.0,797.123,553.988,1.0,467.035,554.884,1.0,456.154,547.887,1.0,444.616,555.276,1.0,439.047,556.147,1.0,437.272,544.184,1.0,700.316,859.969,1.0,703.958,853.384,1.0,712.458,851.807,1.0,720.241,851.765,1.0,729.947,851.663,1.0,634.988,238.51,1.0,636.599,248.326,1.0,636.78,255.841,1.0,635.962,263.316,1.0,634.855,274.704,1.0
424,571.849,465.536,1.0,576.382,458.118,1.0,575.886,451.558,1.0,580.327,445.85,1.0,584.164,432.844,1.0,766.673,547.487,1.0,772.912,544.251,1.0,777.39,543.281,1.0,784.505,554.151,1.0,797.453,553.622,1.0,467.528,556.354,1.0,456.904,547.856,1.0,445.023,555.019,1.0,439.078,556.147,1.0,437.489,544.271,1.0,700.091,859.969,1.0,703.605,853.671,1.0,712.458,852.394,1.0,719.822,851.988,1.0,729.818,851.663,1.0,634.988,238.51,1.0,636.599,248.326,1.0,637.116,253.44,1.0,636.812,266.383,1.0,634.855,269.255,1.0
425,571.809,466.256,1.0,576.186,458.391,1.0,576.189,451.598,1.0,579.804,446.012,1.0,584.164,433.089,1.0,770.453,547.228,1.0,777.952,544.001,1.0,781.694,545.782,1.0,786.094,554.886,1.0,797.453,553.622,1.0,467.665,556.354,1.0,457.568,547.781,1.0,445.713,554.811,1.0,439.604,556.147,1.0,437.567,544.357,1.0,700.079,861.508,1.0,703.605,854.025,1.0,711.26,852.441,1.0,719.822,852.917,1.0,729.818,851.768,1.0,634.988,238.501,1.0,636.67,248.239,1.0,637.249,252.455,1.0,636.86,266.383,1.0,634.855,269.255,1.0
426,571.692,466.386,1.0,575.446,459.157,1.0,575.886,452.89,1.0,579.537,448.131,1.0,584.164,435.356,1.0,770.453,545.894,1.0,777.952,543.846,1.0,783.301,547.626,1.0,787.285,554.886,1.0,797.453,553.622,1.0,468.176,555.041,1.0,458.467,547.297,1.0,446.805,554.231,1.0,439.604,546.574,1.0,437.567,544.357,1.0,698.767,862.077,1.0,703.605,854.025,1.0,710.014,853.185,1.0,715.963,853.179,1.0,724.241,851.801,1.0,634.931,238.337,1.0,636.738,247.955,1.0,637.585,252.016,1.0,637.111,266.383,1.0,635.017,269.236,1.0
427,569.423,475.809,1.0,574.803,466.556,1.0,575.593,456.527,1.0,578.611,449.6,1.0,584.256,440.825,1.0,770.453,545.894,1.0,777.952,543.846,1.0,783.475,549.714,1.0,790.593,554.886,1.0,798.267,553.622,1.0,468.644,555.041,1.0,458.662,547.221,1.0,447.055,553.824,1.0,439.604,546.574,1.0,437.58,544.357,1.0,695.5,867.574,1.0,700.716,862.713,1.0,704.221,853.883,1.0,711.235,853.394,1.0,721.152,851.801,1.0,634.92,238.311,1.0,636.738,247.92,1.0,637.585,251.629,1.0,637.111,265.365,1.0,635.017,269.236,1.0
428,569.27,480.616,1.0,574.756,468.581,1.0,575.358,458.407,1.0,574.161,450.508,1.0,584.256,443.099,1.0,769.873,545.894,1.0,774.957,543.846,1.0,783.532,550.141,1.0,791.365,547.484,1.0,798.252,553.564,1.0,468.671,553.969,1.0,458.751,547.221,1.0,449.501,553.297,1.0,437.613,546.126,1.0,437.622,544.091,1.0,693.071,867.752,1.0,699.751,863.597,1.0,703.983,853.923,1.0,711.235,854.593,1.0,719.641,851.801,1.0,634.92,238.162,1.0,636.581,247.737,1.0,637.249,250.639,1.0,636.86,263.331,1.0,635.032,267.914,1.0
429,569.107,480.616,1.0,574.556,468.721,1.0,575.095,458.55,1.0,574.051,450.543,1.0,584.256,443.734,1.0,769.873,545.894,1.0,774.957,543.846,1.0,783.532,550.141,1.0,791.365,547.048,1.0,798.252,553.483,1.0,470.301,551.732,1.0,459.139,547.297,1.0,450.239,553.297,1.0,437.613,545.245,1.0,438.635,541.277,1.0,693.059,868.126,1.0,699.357,863.597,1.0,703.983,853.974,1.0,711.092,855.374,1.0,719.395,851.801,1.0,635.042,235.255,1.0,636.204,244.969,1.0,637.208,248.268,1.0,636.056,258.986,1.0,635.158,265.257,1.0
430,569.009,480.71,1.0,574.476,468.943,1.0,575.072,458.73,1.0,573.976,451.131,1.0,584.171,443.985,1.0,769.873,545.894,1.0,774.957,544.2,1.0,783.626,550.505,1.0,791.393,547.048,1.0,798.267,553.092,1.0,470.434,551.632,1.0,459.146,547.316,1.0,450.549,553.297,1.0,437.613,545.222,1.0,438.635,541.277,1.0,692.652,867.752,1.0,699.298,863.932,1.0,703.837,854.688,1.0,711.06,855.443,1.0,719.174,851.801,1.0,635.188,231.927,1.0,633.685,237.119,1.0,636.993,246.89,1.0,635.534,253.645,1.0,635.88,264.729,1.0
431,568.956,480.616,1.0,574.003,468.943,1.0,574.558,459.048,1.0,573.976,451.334,1.0,582.961,445.104,1.0,773.696,545.819,1.0,780.789,546.868,1.0,785.669,552.153,1.0,791.393,547.269,1.0,798.267,553.092,1.0,470.526,551.299,1.0,459.393,547.701,1.0,450.809,553.854,1.0,437.733,545.245,1.0,438.635,541.384,1.0,691.729,868.126,1.0,697.237,864.046,1.0,703.486,857.943,1.0,710.991,855.737,1.0,718.224,852.356,1.0,636.265,228.984,1.0,633.685,235.606,1.0,632.536,246.89,1.0,635.242,252.043,1.0,635.88,262.562,1.0
432,566.862,480.616,1.0,570.118,472.77,1.0,572.672,461.555,1.0,573.55,453.86,1.0,582.241,445.426,1.0,774.25,546.05,1.0,782.304,549.221,1.0,788.259,552.153,1.0,791.674,547.484,1.0,800.997,552.846,1.0,470.539,551.268,1.0,459.54,547.701,1.0,451.351,553.854,1.0,438.176,545.245,1.0,438.828,541.384,1.0,682.502,868.126,1.0,691.377,864.484,1.0,700.458,862.186,1.0,707.713,856.249,1.0,716.486,852.356,1.0,636.265,228.933,1.0,633.685,235.523,1.0,632.536,246.72,1.0,635.242,251.88,1.0,635.88,262.543,1.0
433,562.347,481.356,1.0,568.23,473.716,1.0,571.047,464.437,1.0,573.55,455.735,1.0,580.387,445.882,1.0,774.25,546.05,1.0,784.135,550.156,1.0,790.445,553.998,1.0,791.674,555.024,1.0,804.66,552.429,1.0,470.662,551.257,1.0,459.765,547.701,1.0,451.381,553.854,1.0,438.219,545.452,1.0,438.828,541.587,1.0,679.853,868.294,1.0,688.658,866.283,1.0,699.859,862.97,1.0,703.58,856.476,1.0,714.826,852.356,1.0,636.265,228.638,1.0,633.82,235.308,1.0,632.396,246.72,1.0,635.253,251.876,1.0,635.905,262.428,1.0
434,560.496,482.693,1.0,566.492,476.61,1.0,568.923,466.854,1.0,573.459,455.807,1.0,576.668,446.784,1.0,777.468,546.661,1.0,785.021,550.156,1.0,790.916,552.153,1.0,791.674,555.611,1.0,805.275,552.429,1.0,470.614,550.948,1.0,460.91,546.826,1.0,452.091,553.854,1.0,439.391,545.937,1.0,438.75,542.297,1.0,679.853,868.294,1.0,688.635,866.46,1.0,699.836,863.114,1.0,703.362,856.489,1.0,714.159,851.838,1.0,635.543,227.57,1.0,634.364,235.06,1.0,632.536,245.858,1.0,635.242,251.602,1.0,635.905,260.99,1.0
435,560.288,482.693,1.0,566.237,476.631,1.0,568.669,467.063,1.0,573.459,455.97,1.0,575.703,446.784,1.0,780.158,562.053,0.0,786.314,550.156,1.0,790.916,551.244,1.0,791.168,556.074,1.0,805.275,552.429,1.0,471.334,550.018,1.0,462.155,545.739,1.0,452.415,553.612,1.0,440.408,546.621,1.0,438.75,543.211,1.0,679.838,868.554,1.0,688.628,866.464,1.0,699.811,863.152,1.0,703.177,856.489,1.0,713.954,851.838,1.0,634.958,225.001,1.0,634.364,233.219,1.0,632.592,244.052,1.0,635.136,250.324,1.0,635.234,259.333,1.0
436,560.273,482.811,1.0,566.208,476.9,1.0,568.499,467.154,1.0,573.459,455.97,1.0,575.12,446.784,1.0,790.629,563.03,1.0,785.196,546.49,1.0,790.916,551.244,1.0,789.513,555.611,1.0,805.275,552.363,1.0,471.957,548.25,1.0,464.333,545.339,1.0,453.587,553.451,1.0,441.797,548.958,1.0,438.21,545.701,1.0,679.853,868.602,1.0,688.628,866.464,1.0,699.382,863.2,1.0,703.146,856.489,1.0,713.25,851.838,1.0,634.787,224.21,1.0,634.364,232.921,1.0,632.592,239.544,1.0,634.034,250.324,1.0,636.023,256.041,1.0
437,560.25,482.811,1.0,565.397,477.878,1.0,567.97,467.344,1.0,572.927,457.026,1.0,574.213,450.011,1.0,790.629,562.053,1.0,785.747,546.49,1.0,788.78,551.519,1.0,789.394,555.376,1.0,804.73,551.476,1.0,472.376,548.25,1.0,465.148,545.339,1.0,453.955,553.451,1.0,441.797,549.319,1.0,438.105,545.701,1.0,679.885,869.596,1.0,688.635,867.036,1.0,697.762,863.152,1.0,702.162,856.489,1.0,710.29,854.594,1.0,633.727,222.413,1.0,634.228,232.03,1.0,632.381,238.031,1.0,633.754,250.177,1.0,636.023,254.745,1.0
438,560.288,483.433,1.0,561.443,478.931,1.0,566.2,471.221,1.0,571.18,460.948,1.0,574.213,455.692,1.0,790.561,562.053,1.0,785.747,546.49,1.0,786.931,551.519,1.0,789.383,555.609,1.0,803.631,552.381,1.0,471.957,548.25,1.0,465.148,545.339,1.0,453.955,553.451,1.0,441.797,549.319,1.0,438.049,545.701,1.0,680.736,873.861,1.0,688.121,867.83,1.0,694.862,863.114,1.0,699.137,856.836,1.0,708.541,855.575,1.0,633.647,222.286,1.0,633.616,232.007,1.0,632.381,237.888,1.0,633.392,250.177,1.0,641.696,250.897,1.0
439,560.03,494.202,1.0,560.601,483.647,1.0,566.05,475.478,1.0,565.576,465.219,1.0,574.213,456.579,1.0,790.629,562.188,1.0,786.314,547.747,1.0,786.003,552.702,1.0,789.383,555.376,1.0,802.738,552.354,1.0,471.957,558.406,1.0,465.148,546.453,1.0,453.955,552.745,1.0,441.417,549.319,1.0,437.958,545.352,1.0,680.908,874.403,1.0,690.472,868.208,1.0,694.267,862.24,1.0,699.092,857.397,1.0,707.607,855.759,1.0,633.608,222.133,1.0,632.986,231.794,1.0,632.381,237.439,1.0,633.03,249.498,1.0,641.761,250.601,1.0
440,559.929,495.049,1.0,560.586,484.719,1.0,565.653,476.177,1.0,565.179,465.512,1.0,575.608,456.638,1.0,791.777,562.188,1.0,787.245,552.485,1.0,785.949,554.144,1.0,789.394,555.376,1.0,802.695,552.354,1.0,468.829,558.406,1.0,463.395,547.383,1.0,453.665,552.489,1.0,439.585,547.861,1.0,437.958,544.639,1.0,681.229,874.551,1.0,690.472,868.807,1.0,694.032,861.966,1.0,699.07,857.478,1.0,707.447,855.759,1.0,633.647,221.859,1.0,632.903,231.655,1.0,632.381,236.437,1.0,632.811,248.317,1.0,641.761,250.601,1.0
441,559.929,495.264,1.0,560.586,484.719,1.0,565.619,476.439,1.0,565.023,465.995,1.0,575.608,456.663,1.0,792.003,562.949,1.0,788.452,554.303,1.0,785.949,554.258,1.0,789.599,555.543,1.0,802.401,552.381,1.0,468.829,558.406,1.0,463.395,548.112,1.0,453.665,552.489,1.0,439.585,547.861,1.0,437.958,544.639,1.0,681.311,875.978,1.0,689.677,868.807,1.0,693.82,861.841,1.0,699.091,857.508,1.0,707.447,855.948,1.0,633.727,220.24,1.0,632.648,229.819,1.0,632.579,234.001,1.0,632.666,245.782,1.0,641.761,250.376,1.0
442,559.929,495.049,1.0,560.125,484.719,1.0,565.506,476.439,1.0,565.023,466.178,1.0,575.608,457.128,1.0,792.003,563.023,1.0,788.781,554.796,1.0,784.829,554.258,1.0,789.636,555.543,1.0,802.323,554.507,1.0,468.829,558.38,1.0,463.395,549.434,1.0,453.665,552.489,1.0,439.585,547.861,1.0,436.907,544.639,1.0,681.395,876.379,1.0,689.338,868.807,1.0,693.716,861.841,1.0,699.04,857.521,1.0,707.447,855.847,1.0,636.989,215.202,1.0,632.648,220.33,1.0,632.579,231.919,1.0,631.948,240.928,1.0,641.696,249.999,1.0
443,559.808,495.264,1.0,560.483,485.131,1.0,565.275,477.342,1.0,565.179,466.949,1.0,574.005,460.091,1.0,792.479,563.032,1.0,789.97,555.788,1.0,785.616,554.144,1.0,789.752,555.224,1.0,802.145,554.947,1.0,469.917,557.982,1.0,463.643,550.597,1.0,454.612,552.504,1.0,440.519,548.567,1.0,436.68,545.976,1.0,681.48,876.379,1.0,689.677,868.75,1.0,693.716,861.841,1.0,699.04,857.549,1.0,707.447,855.847,1.0,637.046,214.983,1.0,632.285,220.265,1.0,632.579,231.919,1.0,631.465,239.209,1.0,641.63,249.315,1.0
444,555.218,495.736,1.0,560.483,485.24,1.0,564.754,479.669,1.0,565.179,470.86,1.0,573.33,462.558,1.0,796.209,564.479,1.0,791.453,558.926,1.0,785.949,547.998,1.0,790.064,554.003,1.0,799.337,555.27,1.0,469.917,556.817,1.0,463.915,550.818,1.0,455.18,552.759,1.0,440.886,548.577,1.0,436.68,545.976,1.0,681.48,876.379,1.0,689.677,868.668,1.0,693.694,861.841,1.0,699.052,857.579,1.0,707.287,855.974,1.0,638.814,213.495,1.0,632.285,218.826,1.0,629.985,231.919,1.0,631.15,238.486,1.0,641.63,247.437,1.0
445,554.995,495.736,1.0,560.435,487.833,1.0,561.619,480.383,1.0,567.346,471.006,1.0,571.102,463.391,1.0,796.305,564.836,1.0,791.524,559.349,1.0,786.433,547.998,1.0,790.343,554.003,1.0,799.337,556.225,1.0,471.297,556.642,1.0,464.45,551.471,1.0,455.497,553.213,1.0,441.408,548.684,1.0,436.68,546.039,1.0,681.395,872.174,1.0,689.677,866.677,1.0,693.694,861.841,1.0,699.091,857.998,1.0,706.995,856.291,1.0,639.048,213.418,1.0,632.522,218.565,1.0,629.985,231.919,1.0,631.465,238.352,1.0,641.789,247.271,1.0
446,554.949,495.705,1.0,560.203,488.213,1.0,561.411,480.897,1.0,567.346,471.27,1.0,571.08,463.461,1.0,796.623,566.873,1.0,794.742,564.449,1.0,786.944,547.998,1.0,792.067,554.003,1.0,799.337,556.274,1.0,470.283,556.642,1.0,464.515,552.129,1.0,455.565,553.535,1.0,441.721,548.731,1.0,436.825,546.145,1.0,680.768,866.492,1.0,689.516,866.463,1.0,693.236,862.127,1.0,699.201,858.322,1.0,706.716,856.291,1.0,639.048,213.404,1.0,632.809,218.491,1.0,629.985,231.919,1.0,631.465,238.252,1.0,641.789,246.518,1.0
447,554.949,495.959,1.0,560.203,488.332,1.0,561.297,481.015,1.0,567.346,471.322,1.0,570.649,463.681,1.0,796.936,567.289,1.0,795.053,564.449,1.0,788.727,548.428,1.0,793.81,554.604,1.0,801.237,556.278,1.0,470.283,556.817,1.0,464.751,552.376,1.0,455.565,554.156,1.0,441.961,548.937,1.0,436.841,546.145,1.0,678.235,865.511,1.0,689.516,866.463,1.0,692.55,863.682,1.0,699.291,858.795,1.0,706.716,856.291,1.0,639.048,213.271,1.0,633.279,218.491,1.0,629.985,231.366,1.0,631.465,237.178,1.0,641.879,244.871,1.0
448,553.924,495.959,1.0,560.187,489.087,1.0,561.297,482.624,1.0,565.75,476.676,1.0,570.518,465.175,1.0,796.936,567.289,1.0,795.053,564.449,1.0,788.833,548.482,1.0,793.81,554.757,1.0,801.275,556.278,1.0,472.507,557.275,1.0,465.883,552.429,1.0,455.565,554.691,1.0,442.626,549.929,1.0,438.153,547.771,1.0,675.066,865.511,1.0,687.263,866.463,1.0,691.19,865.227,1.0,699.347,859.466,1.0,706.716,855.808,1.0,635.249,209.751,1.0,634.262,218.491,1.0,630.023,229.359,1.0,631.188,235.488,1.0,641.879,242.83,1.0
449,552.387,500.769,1.0,557.742,493.195,1.0,561.285,486.132,1.0,563.856,480.413,1.0,570.365,468.046,1.0,797.491,567.289,1.0,795.053,564.105,1.0,788.833,548.482,1.0,793.81,554.917,1.0,801.429,556.278,1.0,473.547,560.188,1.0,466.666,553.045,1.0,455.765,558.387,1.0,443.424,550.526,1.0,439.369,550.027,1.0,674.361,865.511,1.0,686.57,866.526,1.0,690.052,865.948,1.0,699.347,859.557,1.0,707.02,854.051,1.0,635.249,207.66,1.0,634.262,218.126,1.0,630.224,225.012,1.0,631.188,235.2,1.0,641.879,242.203,1.0
450,552.387,510.172,1.0,557.709,498.921,1.0,561.148,488.931,1.0,562.354,481.034,1.0,569.893,472.109,1.0,797.565,562.905,1.0,795.459,560.602,1.0,788.833,548.428,1.0,792.692,554.917,1.0,801.429,556.278,1.0,473.547,560.216,1.0,468.059,553.173,1.0,456.039,558.451,1.0,444.197,550.834,1.0,440.298,552.62,1.0,673.993,866.415,1.0,686.392,866.682,1.0,689.287,865.948,1.0,699.201,859.564,1.0,707.241,854.051,1.0,635.249,207.66,1.0,634.262,218.126,1.0,630.224,223.79,1.0,631.116,234.216,1.0,638.519,236.626,1.0
451,552.387,510.172,1.0,557.657,498.921,1.0,561.285,488.931,1.0,562.163,481.326,1.0,569.861,472.143,1.0,797.638,560.191,1.0,795.629,555.527,1.0,787.653,548.119,1.0,790.457,554.604,1.0,801.359,556.475,1.0,473.645,560.33,1.0,468.211,553.173,1.0,456.039,558.451,1.0,446.331,550.925,1.0,440.782,552.62,1.0,669.83,866.679,1.0,685.895,868.096,1.0,688.806,865.948,1.0,698.982,859.629,1.0,707.241,855.808,1.0,635.249,207.564,1.0,634.082,218.221,1.0,630.278,223.458,1.0,631.116,233.283,1.0,638.519,236.136,1.0
452,552.387,510.236,1.0,557.599,498.941,1.0,561.285,488.975,1.0,562.018,481.326,1.0,569.262,473.581,1.0,806.474,560.051,1.0,798.411,550.928,1.0,786.747,547.378,1.0,787.58,553.27,1.0,801.359,557.43,1.0,474.292,560.686,1.0,468.98,553.309,1.0,456.493,558.428,1.0,446.82,550.881,1.0,441.444,552.62,1.0,668.627,866.891,1.0,677.566,869.03,1.0,688.806,866.032,1.0,698.879,860.608,1.0,707.02,856.386,1.0,635.249,207.564,1.0,633.937,218.126,1.0,630.306,222.993,1.0,631.058,233.283,1.0,638.519,236.004,1.0
453,552.387,510.172,1.0,557.458,498.941,1.0,561.148,488.975,1.0,561.819,481.512,1.0,568.851,474.18,1.0,807.687,559.874,1.0,800.27,550.432,1.0,786.747,547.287,1.0,787.58,552.38,1.0,800.665,557.491,1.0,474.292,560.784,1.0,468.98,553.349,1.0,456.789,558.451,1.0,447.076,550.881,1.0,441.444,552.62,1.0,668.456,866.891,1.0,676.467,869.431,1.0,688.806,867.012,1.0,697.318,862.298,1.0,701.784,858.698,1.0,634.71,207.545,1.0,633.582,218.026,1.0,630.306,221.432,1.0,630.971,233.283,1.0,638.89,235.804,1.0
454,552.512,510.172,1.0,557.453,499.016,1.0,560.49,489.272,1.0,558.885,481.93,1.0,568.611,474.557,1.0,807.687,560.051,1.0,800.27,550.432,1.0,786.747,547.287,1.0,787.58,552.38,1.0,800.665,557.491,1.0,474.292,560.784,1.0,468.98,553.447,1.0,456.895,558.428,1.0,447.391,550.925,1.0,441.444,552.62,1.0,668.456,867.184,1.0,675.936,869.633,1.0,688.435,867.872,1.0,697.079,862.298,1.0,701.671,859.196,1.0,634.71,205.17,1.0,633.565,216.899,1.0,630.887,219.299,1.0,630.797,230.914,1.0,638.89,235.256,1.0
455,553.178,510.347,1.0,554.567,502.816,1.0,556.7,493.1,1.0,557.284,485.419,1.0,568.012,477.645,1.0,807.687,560.191,1.0,800.27,550.928,1.0,787.194,547.378,1.0,787.723,551.824,1.0,801.359,557.43,1.0,474.292,560.741,1.0,469.035,553.573,1.0,457.358,558.323,1.0,448.274,551.048,1.0,440.395,554.2,1.0,668.158,867.238,1.0,675.098,869.724,1.0,688.402,868.12,1.0,696.86,862.391,1.0,701.554,859.331,1.0,634.71,202.544,1.0,632.629,213.414,1.0,632.108,216.496,1.0,629.63,226.422,1.0,638.89,234.12,1.0
456,553.357,510.353,1.0,554.025,504.493,1.0,555.831,493.292,1.0,556.677,486.593,1.0,567.26,479.85,1.0,805.756,561.45,1.0,796.176,554.011,1.0,787.194,548.207,1.0,788.675,552.38,1.0,800.665,555.06,1.0,474.212,560.741,1.0,469.035,553.573,1.0,457.765,558.3,1.0,449.35,551.492,1.0,440.395,554.939,1.0,667.92,867.385,1.0,674.451,869.724,1.0,688.402,868.12,1.0,696.404,862.391,1.0,700.798,859.568,1.0,636.788,198.825,1.0,632.61,203.305,1.0,632.108,213.115,1.0,629.55,222.567,1.0,638.134,233.034,1.0
457,553.709,511.341,1.0,552.877,504.493,1.0,555.02,493.697,1.0,556.677,487.191,1.0,566.769,480.98,1.0,805.756,561.941,1.0,795.943,554.72,1.0,787.352,549.122,1.0,789.69,555.532,1.0,800.525,554.218,1.0,474.2,559.684,1.0,468.573,553.573,1.0,458.476,558.3,1.0,449.928,551.492,1.0,440.384,555.501,1.0,667.474,867.385,1.0,673.225,869.633,1.0,686.383,868.12,1.0,694.561,862.59,1.0,699.024,859.672,1.0,636.788,198.626,1.0,632.033,202.941,1.0,632.108,213.115,1.0,629.358,222.295,1.0,637.993,232.694,1.0
458,553.709,511.858,1.0,552.206,503.731,1.0,555.02,493.698,1.0,556.244,487.193,1.0,566.388,481.012,1.0,805.756,562.974,1.0,795.943,556.075,1.0,788.047,549.234,1.0,789.69,556.143,1.0,800.93,554.062,1.0,474.2,559.684,1.0,469.222,553.38,1.0,458.777,558.269,1.0,450.488,551.492,1.0,440.395,555.904,1.0,666.533,867.549,1.0,673.225,868.98,1.0,684.231,868.12,1.0,693.866,863.574,1.0,698.829,860.351,1.0,636.788,198.444,1.0,631.844,202.859,1.0,631.352,213.115,1.0,629.358,222.219,1.0,637.993,232.399,1.0
459,553.357,512.264,1.0,552.112,503.731,1.0,554.951,494.78,1.0,556.677,487.55,1.0,566.023,481.044,1.0,806.541,562.974,1.0,796.176,556.646,1.0,788.047,551.004,1.0,790.361,556.143,1.0,800.84,552.761,1.0,474.778,558.63,1.0,469.895,553.38,1.0,459.019,558.214,1.0,450.807,551.492,1.0,440.422,555.945,1.0,666.498,867.842,1.0,673.225,868.091,1.0,679.728,867.718,1.0,688.499,864.471,1.0,697.973,862.368,1.0,636.692,198.328,1.0,631.844,202.72,1.0,630.271,212.943,1.0,629.244,221.101,1.0,638.134,230.402,1.0
460,553.357,512.428,1.0,552.206,504.417,1.0,554.951,495.37,1.0,556.677,487.852,1.0,565.765,481.044,1.0,806.541,562.974,1.0,799.489,559.593,1.0,789.225,551.004,1.0,790.455,556.143,1.0,800.84,552.761,1.0,477.856,558.089,1.0,470.547,553.38,1.0,460.073,557.564,1.0,451.396,551.492,1.0,440.757,556.094,1.0,666.28,867.861,1.0,672.947,867.19,1.0,679.728,867.718,1.0,686.297,864.471,1.0,696.18,863.541,1.0,636.26,198.165,1.0,631.844,202.13,1.0,629.881,212.461,1.0,629.244,220.92,1.0,638.81,228.814,1.0
461,553.486,513.23,1.0,552.206,504.417,1.0,554.262,496.363,1.0,556.244,488.221,1.0,565.322,481.524,1.0,806.836,562.974,1.0,799.882,559.593,1.0,789.328,551.004,1.0,790.693,555.891,1.0,800.844,552.761,1.0,479.731,558.63,1.0,473.202,558.218,1.0,461.926,557.302,1.0,452.984,551.825,1.0,440.757,556.208,1.0,666.498,868.069,1.0,673.614,866.983,1.0,679.728,867.971,1.0,686.297,864.471,1.0,696.098,863.541,1.0,635.777,192.473,1.0,632.215,202.13,1.0,629.6,212.427,1.0,629.376,218.594,1.0,639.014,226.333,1.0
462,553.005,525.416,1.0,552.206,509.555,1.0,553.713,499.167,1.0,556.033,488.695,1.0,561.49,482.138,1.0,807.29,558.828,1.0,799.971,559.593,1.0,790.043,550.99,1.0,790.86,555.891,1.0,800.93,552.877,1.0,479.731,560.088,1.0,473.202,559.009,1.0,461.926,557.302,1.0,452.984,552.541,1.0,440.757,556.208,1.0,666.498,868.069,1.0,673.614,866.983,1.0,679.728,868.574,1.0,686.127,864.479,1.0,695.966,863.541,1.0,635.777,192.338,1.0,632.215,202.13,1.0,629.061,210.354,1.0,629.552,216.494,1.0,639.014,225.547,1.0
463,551.778,525.817,1.0,552.276,511.738,1.0,553.328,499.682,1.0,556.022,489.913,1.0,561.12,482.727,1.0,807.292,558.828,1.0,799.971,559.216,1.0,790.168,550.99,1.0,790.976,555.891,1.0,801.438,553.135,1.0,479.731,561.334,1.0,473.202,559.009,1.0,461.926,557.302,1.0,452.984,552.713,1.0,440.757,556.208,1.0,666.28,867.861,1.0,672.947,867.19,1.0,678.269,868.574,1.0,685.488,864.479,1.0,695.966,863.526,1.0,635.759,192.232,1.0,632.215,202.828,1.0,629.061,208.73,1.0,629.716,216.494,1.0,639.014,224.407,1.0
464,551.368,527.525,1.0,552.276,512.797,1.0,552.247,501.984,1.0,554.802,491.155,1.0,559.061,485.037,1.0,807.292,558.828,1.0,799.882,558.867,1.0,790.66,550.99,1.0,791.11,555.891,1.0,801.439,553.398,1.0,474.335,561.334,1.0,470.776,559.009,1.0,460.792,558.281,1.0,452.359,552.713,1.0,440.404,555.746,1.0,665.687,867.184,1.0,672.362,867.885,1.0,678.269,868.641,1.0,684.821,868.733,1.0,695.81,863.526,1.0,635.75,192.232,1.0,632.215,202.828,1.0,629.061,208.615,1.0,629.8,216.494,1.0,638.331,224.067,1.0
465,551.368,527.525,1.0,552.204,512.797,1.0,552.233,501.984,1.0,554.802,491.155,1.0,559.026,485.197,1.0,808.979,561.388,1.0,801.002,558.867,1.0,790.898,551.209,1.0,791.11,556.031,1.0,801.439,553.398,1.0,466.823,562.947,1.0,467.622,559.912,1.0,460.792,559.104,1.0,450.555,552.713,1.0,438.864,554.587,1.0,664.018,867.184,1.0,671.393,867.885,1.0,677.188,868.641,1.0,683.452,868.733,1.0,693.643,863.526,1.0,635.75,192.232,1.0,632.215,202.828,1.0,629.084,207.699,1.0,629.97,215.319,1.0,638.331,223.528,1.0
466,551.368,527.525,1.0,551.955,512.797,1.0,551.957,502.101,1.0,554.802,491.252,1.0,558.945,485.214,1.0,809.266,561.514,1.0,801.556,558.867,1.0,791.934,551.829,1.0,790.976,556.031,1.0,801.438,553.398,1.0,459.909,563.979,1.0,465.82,560.946,1.0,460.792,559.127,1.0,450.555,552.664,1.0,438.864,554.511,1.0,661.575,867.184,1.0,670.193,868.038,1.0,675.008,870.012,1.0,681.248,868.815,1.0,691.81,864.01,1.0,635.557,191.593,1.0,631.592,202.137,1.0,629.56,206.041,1.0,629.97,215.263,1.0,638.331,220.047,1.0
467,551.368,527.264,1.0,551.955,512.511,1.0,551.846,502.398,1.0,555.026,491.51,1.0,558.932,485.288,1.0,809.425,561.514,1.0,802.016,560.228,1.0,793.232,558.221,1.0,790.922,555.073,1.0,799.706,549.718,1.0,457.983,565.162,1.0,465.395,560.946,1.0,459.938,559.793,1.0,450.555,551.963,1.0,438.864,554.511,1.0,660.299,867.699,0.9950000047683716,669.04,868.196,1.0,674.141,870.012,1.0,680.088,868.917,1.0,691.59,865.166,0.9639999866485596,633.895,187.231,1.0,631.592,198.433,1.0,631.468,203.388,1.0,629.97,214.0,1.0,638.391,219.053,1.0
468,551.368,527.15,1.0,551.608,512.511,1.0,551.957,502.673,1.0,555.026,491.804,1.0,558.754,486.098,1.0,809.758,561.388,1.0,802.891,560.228,1.0,793.944,558.388,1.0,790.138,555.062,1.0,799.541,546.491,1.0,457.307,570.624,1.0,464.063,564.522,1.0,459.938,560.831,1.0,451.45,551.159,1.0,441.264,554.587,1.0,658.875,868.437,1.0,668.155,868.218,1.0,673.378,870.012,1.0,679.916,868.917,1.0,690.859,865.43,1.0,633.519,186.853,1.0,630.774,188.7,1.0,631.468,200.527,1.0,629.806,210.038,1.0,638.391,218.521,1.0
469,550.988,527.127,1.0,551.321,512.511,1.0,551.724,504.053,1.0,555.026,493.346,1.0,558.754,487.331,1.0,809.864,561.298,1.0,803.149,560.228,1.0,794.017,558.388,1.0,790.138,555.062,1.0,799.541,546.457,1.0,455.471,570.624,1.0,463.39,564.522,1.0,460.658,560.998,1.0,451.45,551.136,1.0,441.264,554.587,1.0,657.556,868.487,1.0,667.866,868.618,1.0,672.941,869.922,1.0,679.421,868.783,1.0,690.839,865.592,1.0,633.519,186.809,1.0,630.369,188.498,1.0,631.468,199.783,1.0,629.581,209.495,1.0,638.391,218.206,1.0
470,541.968,526.063,1.0,548.208,518.671,1.0,551.724,508.7,1.0,551.066,496.101,1.0,558.754,489.712,1.0,809.937,561.27,1.0,803.259,560.228,1.0,794.24,558.388,1.0,790.135,555.038,1.0,799.541,546.457,1.0,455.471,570.624,1.0,463.39,564.522,1.0,459.938,560.998,1.0,451.45,551.136,1.0,441.513,554.628,1.0,657.556,869.329,1.0,666.319,869.917,1.0,673.378,869.922,1.0,679.421,868.917,1.0,689.944,865.592,1.0,633.519,186.603,1.0,629.922,188.319,1.0,631.141,199.003,1.0,629.581,208.735,1.0,637.809,218.017,1.0
471,540.062,523.178,1.0,547.593,518.918,1.0,551.983,508.827,1.0,549.9,497.674,1.0,558.647,490.019,1.0,810.029,561.111,1.0,803.622,560.216,1.0,794.381,557.788,1.0,790.03,555.038,1.0,799.541,546.491,1.0,456.443,567.666,1.0,463.39,563.579,1.0,458.959,560.998,1.0,449.996,551.136,1.0,441.264,554.647,1.0,657.556,869.652,1.0,663.259,871.0,1.0,672.941,869.922,1.0,679.163,868.792,1.0,689.944,866.078,1.0,633.662,186.274,1.0,629.836,188.076,1.0,630.965,199.003,1.0,629.581,208.471,1.0,637.809,217.893,1.0
472,539.254,522.42,1.0,547.24,518.918,1.0,552.018,508.964,1.0,549.9,498.252,1.0,558.472,490.604,1.0,810.499,561.104,1.0,804.251,560.113,1.0,794.509,557.788,1.0,790.03,555.038,1.0,799.643,546.517,1.0,456.443,561.548,1.0,463.849,558.514,1.0,456.761,559.845,1.0,443.901,551.136,1.0,439.161,554.628,1.0,657.556,870.211,1.0,663.188,871.178,1.0,672.119,870.022,1.0,679.131,868.783,1.0,689.434,866.364,1.0,633.662,185.577,1.0,629.836,187.575,1.0,630.43,198.902,1.0,629.624,206.882,1.0,637.809,217.156,1.0
473,539.254,522.42,1.0,546.723,518.91,1.0,551.983,509.452,1.0,549.745,498.659,1.0,558.613,491.612,1.0,811.217,560.894,1.0,804.576,559.865,1.0,794.915,557.788,1.0,790.135,554.934,1.0,799.643,546.871,1.0,468.848,558.552,1.0,463.849,552.104,1.0,455.585,559.845,1.0,443.512,551.136,1.0,439.013,553.283,1.0,660.319,877.214,1.0,661.862,871.754,1.0,672.119,870.027,1.0,678.693,868.783,1.0,689.434,866.364,1.0,633.662,181.074,1.0,629.836,186.677,1.0,630.234,197.69,1.0,630.075,206.071,1.0,638.296,213.903,1.0
474,539.254,522.42,1.0,546.608,518.91,1.0,551.983,510.083,1.0,549.745,498.689,1.0,558.472,491.878,1.0,812.686,560.216,1.0,804.611,555.407,1.0,795.845,558.982,1.0,790.135,554.934,1.0,799.387,547.742,1.0,468.848,556.12,1.0,463.849,552.104,1.0,455.585,559.616,1.0,442.536,551.055,1.0,439.161,554.041,1.0,660.319,877.214,1.0,663.17,872.525,1.0,672.119,870.027,1.0,678.693,868.792,1.0,689.434,866.644,1.0,633.128,177.537,1.0,630.762,185.004,1.0,629.735,196.722,1.0,630.111,204.57,1.0,639.481,211.407,1.0
475,539.242,522.42,1.0,545.824,518.91,1.0,551.842,510.352,1.0,549.585,499.298,1.0,558.282,492.6,1.0,812.737,560.109,1.0,804.772,554.807,1.0,795.872,558.997,1.0,790.651,549.005,1.0,799.387,547.742,1.0,468.848,544.58,1.0,462.959,549.427,1.0,455.585,556.784,1.0,442.536,551.055,1.0,439.161,553.283,1.0,660.319,877.322,1.0,663.17,872.525,1.0,671.036,870.41,1.0,679.131,868.792,1.0,689.492,866.438,1.0,630.873,177.037,1.0,634.769,181.355,1.0,628.418,195.122,1.0,630.155,202.864,1.0,639.481,210.501,1.0
476,539.145,522.719,1.0,544.526,518.91,1.0,551.091,510.833,1.0,549.745,501.128,1.0,558.282,493.823,1.0,813.626,560.109,1.0,805.594,554.807,1.0,795.872,558.999,1.0,790.699,549.005,1.0,799.102,547.742,1.0,459.509,543.531,1.0,462.55,549.427,1.0,454.703,556.784,1.0,441.514,551.055,1.0,439.013,552.932,1.0,660.116,877.593,1.0,662.517,872.511,1.0,670.73,870.41,1.0,679.164,868.984,1.0,689.523,866.438,1.0,630.067,175.084,1.0,634.863,179.58,1.0,628.143,193.851,1.0,630.19,202.196,1.0,639.481,209.849,1.0
477,536.989,524.883,1.0,542.46,518.954,1.0,548.359,511.978,1.0,549.745,503.658,1.0,557.253,495.287,1.0,813.754,560.216,1.0,806.207,554.807,1.0,795.895,559.712,1.0,790.752,549.005,1.0,798.128,547.36,1.0,456.287,542.699,1.0,461.279,549.457,1.0,454.703,556.625,1.0,441.099,551.509,1.0,439.013,552.478,1.0,660.116,878.389,1.0,662.382,872.225,1.0,671.036,870.438,1.0,679.164,869.162,1.0,689.523,866.438,1.0,630.067,174.719,1.0,634.863,179.58,1.0,627.933,193.444,1.0,630.258,202.094,1.0,639.305,209.756,1.0
478,536.98,526.849,1.0,542.31,519.607,1.0,547.561,513.222,1.0,553.209,503.68,1.0,556.944,495.329,1.0,819.102,561.692,1.0,808.724,555.563,1.0,795.993,561.338,1.0,790.887,549.71,1.0,797.647,544.057,1.0,452.954,542.397,1.0,460.115,549.457,1.0,454.171,556.281,1.0,440.887,552.412,1.0,438.21,551.63,1.0,659.962,878.671,1.0,662.382,872.236,1.0,671.036,870.595,1.0,679.164,869.318,1.0,689.523,866.729,1.0,629.968,174.719,1.0,634.769,179.58,1.0,627.933,192.916,1.0,630.258,201.75,1.0,638.862,209.236,1.0
479,536.883,526.982,1.0,541.828,519.607,1.0,547.392,513.558,1.0,553.214,504.372,1.0,556.512,495.761,1.0,819.262,561.743,1.0,809.036,555.672,1.0,795.911,561.338,1.0,790.997,549.882,1.0,797.491,543.76,1.0,452.872,542.062,1.0,459.956,549.276,1.0,454.171,556.089,1.0,440.887,552.726,1.0,438.21,551.271,1.0,660.116,878.845,1.0,662.382,872.225,1.0,671.51,871.236,1.0,679.164,869.625,1.0,689.379,866.729,1.0,629.541,174.719,1.0,632.456,182.334,1.0,627.933,191.798,1.0,630.258,200.973,1.0,638.651,205.137,1.0
480,536.883,526.982,1.0,541.809,520.141,1.0,547.392,514.184,1.0,553.321,504.372,1.0,556.425,496.157,1.0,819.331,561.743,1.0,809.118,555.724,1.0,795.911,561.338,1.0,791.073,549.882,1.0,797.491,543.481,1.0,452.509,542.062,1.0,458.084,547.833,1.0,454.171,555.437,1.0,440.887,552.726,1.0,438.21,550.49,1.0,660.117,878.845,1.0,662.382,872.202,1.0,671.872,871.236,1.0,679.164,869.625,1.0,689.379,866.729,1.0,629.254,174.719,1.0,632.151,182.334,1.0,632.923,190.772,1.0,630.458,199.477,1.0,638.496,204.405,1.0
481,536.98,526.982,1.0,541.701,520.279,1.0,547.392,514.29,1.0,553.214,504.754,1.0,556.257,497.112,1.0,819.382,561.743,1.0,809.171,555.724,1.0,795.993,561.128,1.0,791.073,550.017,1.0,797.473,543.176,1.0,451.311,538.135,1.0,456.056,544.517,1.0,455.66,552.821,1.0,441.407,552.726,1.0,439.138,549.982,1.0,660.649,878.671,1.0,664.212,871.922,1.0,672.459,871.236,1.0,679.236,869.318,1.0,689.379,866.516,1.0,628.99,174.28,1.0,631.686,182.334,1.0,632.923,189.286,1.0,630.476,198.039,1.0,637.8,203.84,1.0
482,536.98,526.982,1.0,541.472,520.316,1.0,547.392,514.573,1.0,553.209,504.914,1.0,556.155,497.324,1.0,819.382,561.77,1.0,809.22,555.672,1.0,796.473,560.509,1.0,791.073,550.017,1.0,797.431,543.176,1.0,451.023,538.079,1.0,455.164,544.207,1.0,455.66,552.182,1.0,441.629,553.158,1.0,439.207,549.982,1.0,660.701,873.914,1.0,667.965,870.845,1.0,673.632,871.236,1.0,679.236,869.278,1.0,690.314,867.065,1.0,628.95,174.28,1.0,631.686,182.081,1.0,632.923,187.484,1.0,632.096,194.241,1.0,637.8,203.243,1.0
483,536.883,527.523,1.0,541.472,520.88,1.0,547.049,515.776,1.0,552.861,505.963,1.0,555.391,498.204,1.0,819.382,561.77,1.0,809.553,555.448,1.0,796.667,560.509,1.0,791.073,550.017,1.0,797.431,543.176,1.0,451.007,537.373,1.0,454.399,543.018,1.0,455.66,551.526,1.0,448.38,553.321,1.0,439.453,549.982,1.0,664.789,867.998,1.0,671.375,869.001,1.0,674.04,870.7,1.0,679.236,869.278,1.0,690.314,866.516,1.0,628.937,172.962,1.0,631.349,181.97,1.0,632.751,187.227,1.0,632.528,193.865,1.0,637.463,203.243,1.0
484,535.151,531.039,1.0,539.787,523.415,1.0,545.138,518.301,1.0,549.614,511.091,1.0,554.544,501.025,1.0,819.436,561.662,1.0,809.656,555.363,1.0,796.998,560.474,1.0,791.126,550.351,1.0,797.431,543.78,1.0,450.378,532.783,1.0,450.299,539.666,1.0,455.327,551.099,1.0,450.437,553.321,1.0,439.734,550.279,1.0,666.024,862.196,0.9929999709129333,672.21,865.056,1.0,674.04,870.258,1.0,678.973,869.258,1.0,690.314,866.312,0.9990000128746033,628.831,172.946,1.0,631.069,181.447,1.0,632.645,187.045,1.0,632.748,193.486,1.0,637.002,203.141,1.0
485,531.957,539.889,1.0,538.074,529.948,1.0,543.996,522.319,1.0,548.34,512.98,1.0,554.113,503.785,1.0,819.614,555.878,1.0,810.889,554.825,1.0,797.918,560.287,1.0,790.91,551.186,1.0,797.431,544.335,1.0,450.378,532.741,1.0,450.299,539.569,1.0,455.327,551.099,1.0,451.958,553.321,1.0,440.867,550.279,1.0,666.538,861.754,1.0,672.21,864.817,1.0,674.04,870.7,1.0,678.641,869.278,1.0,690.086,864.783,1.0,628.599,172.932,1.0,630.959,181.104,1.0,632.495,186.873,1.0,632.748,193.112,1.0,636.623,202.743,1.0
486,531.957,539.889,1.0,537.955,529.948,1.0,543.609,522.67,1.0,545.873,513.527,1.0,552.383,503.868,1.0,820.682,555.878,1.0,813.398,554.825,1.0,802.59,559.995,1.0,790.91,551.505,1.0,797.398,544.775,1.0,450.378,532.442,1.0,450.299,539.026,1.0,455.327,551.099,1.0,452.106,552.896,1.0,441.364,550.279,1.0,666.981,860.236,1.0,672.21,864.443,1.0,673.502,871.31,1.0,678.475,869.582,1.0,689.763,864.33,1.0,628.565,172.518,1.0,630.668,181.104,1.0,632.495,185.662,1.0,632.096,191.648,1.0,636.603,202.619,1.0
487,531.957,539.889,1.0,537.955,530.031,1.0,543.242,523.038,1.0,545.26,513.673,1.0,552.146,504.299,1.0,822.786,555.878,1.0,814.122,555.363,1.0,802.817,559.842,1.0,791.126,552.719,1.0,797.218,545.851,1.0,450.378,531.554,1.0,450.682,538.322,1.0,455.495,551.866,1.0,452.355,551.43,1.0,442.563,550.279,1.0,667.329,855.545,1.0,670.854,864.292,1.0,672.48,870.7,1.0,678.475,869.641,1.0,689.536,863.983,1.0,628.831,166.101,1.0,627.444,169.888,1.0,632.645,182.569,1.0,631.816,191.624,1.0,636.623,199.808,1.0
488,531.957,539.889,1.0,537.955,530.031,1.0,543.188,523.228,1.0,544.849,513.929,1.0,552.072,504.635,1.0,822.804,557.092,1.0,815.551,555.413,1.0,804.173,559.62,1.0,791.16,554.135,1.0,794.394,548.894,1.0,450.281,531.39,1.0,451.029,537.693,1.0,455.842,551.866,1.0,452.829,549.616,1.0,443.19,550.279,1.0,667.329,853.462,1.0,670.266,863.923,1.0,672.48,870.258,1.0,678.441,870.2,1.0,689.098,863.983,1.0,628.831,162.928,1.0,626.823,168.802,1.0,632.789,181.836,1.0,631.816,191.618,1.0,636.623,197.291,1.0
489,531.929,539.805,1.0,537.622,530.504,1.0,543.143,523.319,1.0,544.849,514.359,1.0,551.972,506.342,1.0,823.715,557.45,1.0,815.576,555.487,1.0,805.271,559.62,1.0,791.245,554.349,1.0,793.56,549.717,1.0,450.217,530.273,1.0,451.442,537.312,1.0,456.078,551.866,1.0,453.195,548.295,1.0,443.56,551.12,1.0,667.588,852.92,1.0,669.957,863.923,1.0,671.692,869.802,1.0,677.961,870.2,1.0,689.09,864.33,1.0,628.876,162.66,1.0,626.823,168.021,1.0,633.54,181.247,1.0,631.816,190.608,1.0,637.688,195.584,1.0
490,531.547,539.805,1.0,535.51,532.142,1.0,541.939,524.493,1.0,543.877,516.013,1.0,551.137,509.907,1.0,824.634,558.052,1.0,815.576,556.299,1.0,805.342,559.512,1.0,791.329,554.349,1.0,793.384,549.717,1.0,450.01,528.456,1.0,451.579,536.584,1.0,456.694,550.101,1.0,454.661,548.295,1.0,443.902,553.295,1.0,667.389,852.558,1.0,669.674,863.45,1.0,671.692,869.196,1.0,677.961,870.2,1.0,689.027,864.545,1.0,628.924,162.284,1.0,626.823,167.748,1.0,633.632,181.189,1.0,631.816,190.484,1.0,637.688,195.253,1.0
491,528.026,540.157,1.0,534.081,534.186,1.0,538.526,525.611,1.0,542.514,519.773,1.0,549.467,512.591,1.0,824.758,558.052,1.0,815.576,556.299,1.0,806.026,559.346,1.0,791.329,554.246,1.0,793.319,549.717,1.0,449.906,523.71,1.0,451.67,534.268,1.0,458.832,545.675,1.0,457.525,548.295,1.0,446.764,554.148,1.0,667.329,851.495,1.0,669.437,862.056,1.0,671.692,866.602,1.0,678.441,870.069,1.0,688.126,865.103,1.0,629.183,162.273,1.0,627.225,167.309,1.0,633.854,181.149,1.0,631.816,190.331,1.0,637.688,195.234,1.0
492,527.871,540.614,1.0,534.007,535.195,1.0,537.405,526.057,1.0,541.586,519.773,1.0,549.218,514.532,1.0,824.873,558.165,1.0,815.576,556.299,1.0,806.054,559.346,1.0,791.358,554.434,1.0,793.384,549.948,1.0,449.906,523.65,1.0,452.216,533.982,1.0,459.582,545.549,1.0,457.582,549.181,1.0,446.764,554.148,1.0,665.996,850.255,1.0,669.341,860.523,1.0,671.916,865.576,1.0,678.65,868.799,1.0,687.128,866.835,1.0,629.183,162.273,1.0,627.273,167.308,1.0,633.854,181.069,1.0,631.6,190.136,1.0,637.622,195.01,1.0
493,527.202,541.162,1.0,532.077,535.318,1.0,537.196,526.54,1.0,541.259,519.773,1.0,549.014,514.575,1.0,825.273,558.165,1.0,815.454,556.213,1.0,806.242,559.559,1.0,791.358,554.434,1.0,793.56,549.948,1.0,449.906,523.65,1.0,452.409,533.98,1.0,460.023,544.92,1.0,457.582,549.181,1.0,446.764,554.148,1.0,665.996,845.914,1.0,667.369,855.589,1.0,671.5,861.642,1.0,678.65,868.499,1.0,685.192,866.977,1.0,629.183,162.119,1.0,627.273,167.308,1.0,633.632,179.616,1.0,631.459,189.444,1.0,637.448,194.658,1.0
494,526.752,541.273,1.0,531.272,535.318,1.0,536.606,526.54,1.0,541.168,517.782,1.0,548.987,514.575,1.0,824.873,558.181,1.0,815.454,556.213,1.0,806.242,559.559,1.0,791.48,554.434,1.0,793.7,549.948,1.0,449.906,523.65,1.0,452.601,533.98,1.0,460.177,544.789,1.0,457.582,549.181,1.0,446.404,553.85,1.0,665.779,845.914,1.0,666.967,855.433,1.0,671.916,861.243,1.0,678.65,868.124,1.0,685.129,866.977,1.0,628.191,158.381,1.0,627.225,167.224,1.0,633.016,176.646,1.0,631.159,187.538,1.0,635.316,193.333,1.0
495,524.936,541.273,1.0,531.152,535.318,1.0,536.471,526.61,1.0,540.964,517.782,1.0,548.626,514.532,1.0,824.873,559.021,1.0,815.706,556.213,1.0,806.4,559.567,1.0,792.307,555.561,1.0,793.851,551.495,1.0,449.866,523.71,1.0,452.616,533.982,1.0,460.318,544.49,1.0,457.459,549.013,1.0,445.57,553.85,1.0,665.754,845.852,1.0,666.802,855.433,1.0,671.632,861.212,1.0,678.202,867.6,1.0,684.788,866.977,1.0,625.079,157.148,1.0,626.113,166.768,1.0,628.769,175.134,1.0,629.751,182.814,1.0,635.246,189.398,1.0
496,524.501,541.744,1.0,530.947,535.462,1.0,536.471,526.805,1.0,540.884,517.782,1.0,546.238,514.532,1.0,824.798,561.866,1.0,815.706,561.148,1.0,806.683,562.664,1.0,794.062,556.601,1.0,794.019,552.163,1.0,449.866,524.193,1.0,453.301,533.982,1.0,460.782,544.49,1.0,457.128,549.013,1.0,445.304,553.85,1.0,665.578,845.914,1.0,666.402,855.273,1.0,671.632,861.014,1.0,677.858,867.451,1.0,684.705,866.977,1.0,623.767,157.148,1.0,625.093,166.768,1.0,628.585,173.344,1.0,629.268,179.017,1.0,634.918,187.771,1.0
497,523.996,542.401,1.0,529.674,535.896,1.0,536.471,527.767,1.0,540.784,518.746,1.0,544.086,514.574,1.0,824.798,562.182,1.0,816.677,561.693,1.0,807.524,562.664,1.0,794.097,557.023,1.0,794.327,552.732,1.0,449.866,524.861,1.0,453.602,534.173,1.0,460.782,544.49,1.0,456.639,549.013,1.0,444.73,553.936,1.0,665.426,845.937,1.0,665.897,855.219,1.0,670.758,860.297,1.0,677.083,866.823,1.0,683.751,867.58,1.0,623.641,157.102,1.0,624.738,166.768,1.0,628.524,172.867,1.0,628.762,178.902,1.0,634.599,187.765,1.0
498,522.845,543.762,1.0,528.154,537.921,1.0,535.18,530.227,1.0,539.567,520.713,1.0,541.838,514.574,1.0,824.798,562.226,1.0,817.938,562.572,1.0,807.691,562.664,1.0,800.562,558.373,1.0,794.801,552.898,1.0,450.264,524.861,1.0,454.254,534.173,1.0,460.782,544.688,1.0,456.24,549.118,1.0,444.177,553.936,1.0,661.313,847.244,1.0,664.292,853.414,1.0,670.557,858.138,1.0,677.083,865.607,1.0,683.723,867.661,1.0,623.622,157.073,1.0,624.297,166.663,1.0,628.082,172.637,1.0,628.762,178.175,1.0,633.897,187.547,1.0
499,518.375,543.833,1.0,528.154,538.46,1.0,534.759,533.002,1.0,538.343,522.904,1.0,540.918,518.077,1.0,824.853,562.416,1.0,817.938,562.65,1.0,807.766,562.597,1.0,800.921,558.388,1.0,794.88,552.881,1.0,450.407,525.708,1.0,454.511,534.173,1.0,460.531,544.688,1.0,456.048,549.268,1.0,444.177,553.936,1.0,660.222,847.336,1.0,662.402,851.723,1.0,669.824,856.243,1.0,676.335,864.53,1.0,682.39,867.715,1.0,623.423,157.068,1.0,624.226,166.34,1.0,627.976,171.847,1.0,628.762,177.158,1.0,633.358,185.959,1.0
500,517.825,545.51,1.0,528.078,538.863,1.0,534.171,534.982,1.0,537.685,524.925,1.0,540.631,520.943,1.0,824.863,562.43,1.0,817.939,562.65,1.0,807.861,562.474,1.0,800.968,558.388,1.0,795.065,552.881,1.0,451.927,525.85,1.0,455.177,534.326,1.0,460.307,544.688,1.0,455.87,549.268,1.0,444.177,554.115,1.0,658.32,847.336,1.0,661.657,850.272,1.0,669.149,854.697,1.0,673.906,862.675,1.0,681.672,867.715,1.0,623.09,156.455,1.0,624.226,164.031,1.0,627.737,168.279,1.0,628.208,174.201,1.0,632.461,185.558,1.0
501,517.712,545.669,1.0,528.078,539.944,1.0,534.035,535.139,1.0,537.619,525.112,1.0,540.575,520.943,1.0,824.967,562.43,1.0,818.315,562.572,1.0,808.058,562.454,1.0,800.968,558.388,1.0,795.175,552.881,1.0,454.248,528.728,1.0,455.177,534.326,1.0,459.537,544.015,1.0,455.807,549.18,1.0,443.97,554.115,1.0,657.445,847.244,1.0,661.055,850.172,1.0,669.149,854.697,1.0,672.376,859.092,1.0,680.664,867.715,1.0,622.509,148.547,1.0,624.226,154.604,1.0,626.749,168.043,1.0,627.552,174.199,1.0,629.25,185.003,1.0
502,517.712,545.748,1.0,528.078,540.275,1.0,533.974,535.139,1.0,537.409,525.408,1.0,540.575,520.943,1.0,825.029,562.416,1.0,818.624,562.75,1.0,808.249,562.079,1.0,801.627,558.323,1.0,795.261,552.717,1.0,456.579,528.728,1.0,455.177,537.075,1.0,458.98,542.595,1.0,455.455,549.18,1.0,443.934,554.137,1.0,654.775,846.783,1.0,660.222,850.051,1.0,669.149,854.298,1.0,671.236,858.173,1.0,680.585,867.611,1.0,620.925,147.554,1.0,624.967,154.196,1.0,626.665,166.23,1.0,627.519,172.008,1.0,629.25,181.084,1.0
503,517.712,545.748,1.0,527.684,540.719,1.0,533.324,535.139,1.0,536.627,526.649,1.0,540.368,521.21,1.0,825.164,562.416,1.0,820.314,562.567,1.0,809.089,561.882,1.0,803.261,558.171,1.0,795.919,552.717,1.0,457.344,529.386,1.0,455.193,537.075,1.0,458.951,542.595,1.0,455.44,549.296,1.0,443.806,554.183,1.0,654.61,846.78,1.0,659.752,850.033,1.0,669.149,854.298,1.0,671.169,857.852,1.0,680.368,867.184,1.0,620.829,147.137,1.0,625.142,154.189,1.0,626.531,165.999,1.0,626.489,171.454,1.0,628.691,179.684,1.0
504,517.092,548.417,1.0,526.696,544.42,1.0,531.377,536.289,1.0,532.306,527.508,1.0,540.368,522.085,1.0,826.438,562.444,1.0,820.875,562.513,1.0,809.617,561.763,1.0,804.304,557.947,1.0,796.746,552.717,1.0,457.423,529.386,1.0,455.193,537.075,1.0,458.944,542.595,1.0,455.44,549.296,1.0,443.674,554.251,1.0,654.243,846.435,1.0,659.127,848.889,1.0,669.149,854.298,1.0,670.49,857.169,1.0,679.937,866.888,1.0,620.567,146.891,1.0,625.16,154.076,1.0,626.508,165.921,1.0,626.393,170.7,1.0,628.045,179.516,1.0
505,516.565,556.009,1.0,523.705,547.463,1.0,528.753,537.62,1.0,531.572,529.644,1.0,540.521,523.533,1.0,828.481,563.045,1.0,824.222,562.513,1.0,814.865,558.238,1.0,805.979,557.973,1.0,796.91,553.299,1.0,457.996,529.644,1.0,456.559,536.636,1.0,458.595,543.296,1.0,455.44,549.381,1.0,442.854,554.936,1.0,653.844,845.792,1.0,657.689,847.061,1.0,664.991,854.298,1.0,668.118,856.098,1.0,679.358,864.534,1.0,620.567,146.756,1.0,625.16,154.042,1.0,625.905,165.188,1.0,626.393,170.196,1.0,628.045,178.47,1.0
506,516.156,556.009,1.0,522.993,548.213,1.0,527.767,538.269,1.0,531.572,533.826,1.0,540.521,525.719,1.0,830.038,563.201,1.0,824.37,562.888,1.0,815.291,558.233,1.0,806.977,557.973,1.0,798.366,554.43,1.0,462.723,532.098,1.0,456.954,536.155,1.0,458.08,546.122,1.0,455.447,549.412,1.0,442.341,556.598,1.0,647.761,842.644,1.0,656.819,845.755,1.0,663.134,851.809,1.0,663.81,853.466,1.0,679.209,864.081,1.0,620.493,146.696,1.0,625.142,153.563,1.0,625.565,163.667,1.0,625.493,168.809,1.0,627.76,177.284,1.0
507,515.673,556.047,1.0,521.853,549.501,1.0,527.688,542.905,1.0,531.572,534.462,1.0,540.475,526.22,1.0,831.298,563.201,1.0,824.639,563.132,1.0,816.97,558.233,1.0,808.214,557.928,1.0,798.702,554.629,1.0,464.489,537.286,1.0,458.305,536.073,1.0,458.039,546.122,1.0,455.697,549.412,1.0,441.13,556.598,1.0,647.405,842.644,1.0,656.33,845.676,1.0,663.017,851.766,1.0,663.364,853.202,1.0,678.955,863.812,0.9990000128746033,620.493,143.187,1.0,622.354,153.062,1.0,624.367,158.564,1.0,625.343,166.483,1.0,627.581,174.875,1.0
508,515.498,556.009,1.0,521.679,549.983,1.0,527.684,543.163,1.0,531.572,534.86,1.0,540.475,526.733,1.0,832.157,563.045,1.0,824.639,563.132,1.0,817.028,558.238,1.0,808.214,557.973,1.0,798.702,554.667,1.0,464.95,537.286,1.0,458.305,536.155,1.0,458.039,546.122,1.0,455.697,549.412,1.0,440.819,556.598,1.0,647.167,842.469,1.0,656.257,845.676,1.0,662.54,851.766,1.0,663.324,852.911,1.0,678.573,863.812,1.0,620.493,142.467,1.0,622.329,151.781,1.0,624.097,157.125,1.0,622.862,166.15,1.0,627.114,172.402,1.0
509,515.466,556.009,1.0,520.092,550.674,1.0,527.293,543.163,1.0,531.508,535.487,1.0,540.171,526.733,1.0,833.047,562.724,1.0,824.906,563.132,1.0,817.311,558.356,1.0,808.214,558.01,1.0,798.702,554.667,1.0,468.512,537.286,1.0,458.305,536.155,1.0,458.08,546.134,1.0,455.447,549.018,1.0,440.819,556.581,1.0,646.964,842.644,1.0,656.169,845.676,1.0,662.539,851.243,1.0,663.324,852.911,1.0,678.11,863.778,1.0,620.771,142.03,1.0,622.144,151.574,1.0,623.534,156.567,1.0,622.7,165.786,1.0,626.866,171.608,1.0
510,515.308,556.047,1.0,518.937,550.937,1.0,525.99,543.445,1.0,530.819,536.856,1.0,539.08,527.14,1.0,833.267,562.724,1.0,825.205,563.072,1.0,817.375,558.375,1.0,808.22,558.053,1.0,798.702,554.629,1.0,469.22,537.046,1.0,459.517,536.155,1.0,458.08,545.928,1.0,455.046,549.01,1.0,440.819,556.525,1.0,646.964,842.684,1.0,656.169,846.161,1.0,662.356,851.137,1.0,663.329,852.865,1.0,677.909,863.386,1.0,620.837,141.807,1.0,622.144,151.573,1.0,623.534,156.453,1.0,621.982,165.246,1.0,626.558,171.438,1.0
511,511.573,558.846,1.0,516.631,551.807,1.0,523.467,543.827,1.0,528.106,537.959,1.0,537.182,528.106,1.0,833.267,562.724,1.0,825.371,562.861,1.0,817.556,558.386,1.0,808.297,558.114,1.0,798.702,554.629,1.0,469.322,536.783,1.0,460.275,536.073,1.0,457.577,545.541,1.0,454.648,549.006,1.0,440.959,556.111,1.0,647.167,842.684,1.0,655.54,846.161,1.0,660.629,851.137,1.0,663.329,852.865,1.0,676.753,863.004,1.0,620.837,141.477,1.0,622.074,151.52,1.0,622.759,156.285,1.0,621.982,164.633,1.0,626.866,171.269,1.0
512,511.084,560.213,1.0,515.084,552.413,1.0,521.33,544.444,1.0,528.106,538.826,1.0,536.912,528.199,1.0,833.047,562.893,1.0,825.506,562.64,1.0,817.556,558.375,1.0,808.486,558.44,1.0,798.728,554.771,1.0,472.924,534.791,1.0,461.98,535.376,1.0,451.796,541.798,1.0,454.315,548.851,1.0,440.996,555.778,1.0,647.618,842.469,1.0,653.883,846.161,1.0,659.308,850.134,1.0,663.324,852.276,1.0,676.058,862.654,1.0,620.837,141.217,1.0,621.443,151.045,1.0,622.759,155.93,1.0,621.982,163.738,1.0,627.092,171.191,1.0
513,509.576,561.938,1.0,514.718,553.29,1.0,520.416,545.168,1.0,528.106,539.243,1.0,536.446,529.056,1.0,832.416,563.847,1.0,825.68,562.64,1.0,818.001,558.375,1.0,808.486,558.511,1.0,799.075,554.771,1.0,473.21,534.362,1.0,463.615,534.98,1.0,451.796,540.871,1.0,453.793,548.117,1.0,441.066,555.778,1.0,647.799,834.55,1.0,653.441,844.397,1.0,657.193,848.433,1.0,662.093,852.276,1.0,667.16,861.214,1.0,619.848,139.641,1.0,620.345,148.405,1.0,622.756,153.174,1.0,621.982,159.826,1.0,626.558,170.736,1.0
514,509.576,561.185,1.0,514.718,553.716,1.0,520.416,545.168,1.0,528.196,539.243,1.0,536.446,529.686,1.0,830.106,568.33,1.0,825.941,562.64,1.0,818.104,557.48,1.0,808.486,558.562,1.0,799.249,555.236,1.0,473.529,533.757,1.0,464.127,534.933,1.0,451.796,540.868,1.0,453.533,548.092,1.0,441.118,555.778,1.0,648.554,833.805,1.0,653.248,844.044,1.0,656.898,847.93,1.0,662.093,851.996,1.0,667.16,860.452,1.0,618.111,135.981,1.0,618.231,141.891,1.0,622.752,150.214,1.0,623.403,158.001,1.0,626.558,166.558,1.0
515,509.576,561.185,1.0,515.084,553.716,1.0,520.416,545.316,1.0,528.202,539.243,1.0,536.306,530.068,1.0,830.106,573.22,1.0,828.509,563.749,1.0,819.422,557.48,1.0,806.093,558.562,1.0,800.802,557.585,1.0,473.847,533.033,1.0,465.128,534.922,1.0,452.168,540.782,1.0,453.448,548.092,1.0,441.118,556.145,1.0,648.958,832.778,1.0,653.081,843.18,1.0,656.772,847.93,1.0,661.983,851.709,1.0,667.154,860.191,1.0,616.71,134.866,1.0,617.273,139.935,1.0,622.058,150.214,1.0,623.403,156.858,1.0,626.385,164.301,1.0
516,509.906,561.338,1.0,514.872,554.575,1.0,519.976,545.453,1.0,528.202,539.302,1.0,536.306,530.214,1.0,830.106,573.687,1.0,828.917,564.204,1.0,820.259,557.48,1.0,806.093,558.845,1.0,801.563,557.934,1.0,474.01,532.95,1.0,466.558,532.972,1.0,452.391,540.868,1.0,453.186,548.117,1.0,442.162,556.233,1.0,648.958,832.573,1.0,652.877,842.83,1.0,656.65,847.93,1.0,661.983,851.996,1.0,667.154,860.158,1.0,616.619,134.517,1.0,616.816,139.934,1.0,621.66,150.043,1.0,623.464,156.067,1.0,626.133,164.199,1.0
517,510.202,561.338,1.0,514.872,554.575,1.0,519.976,545.471,1.0,528.196,539.4,1.0,534.192,531.87,1.0,830.903,575.529,1.0,829.899,565.577,1.0,822.179,558.139,1.0,806.093,558.845,1.0,803.004,557.934,1.0,474.058,532.711,1.0,466.756,532.361,1.0,452.445,540.871,1.0,453.186,550.564,1.0,443.628,556.291,1.0,648.958,832.061,1.0,652.681,842.552,1.0,656.65,847.845,1.0,661.983,855.511,1.0,667.154,860.107,1.0,616.389,134.508,1.0,616.816,139.891,1.0,620.76,150.043,1.0,623.464,155.845,1.0,625.667,163.72,1.0
518,511.242,561.338,1.0,514.872,554.575,1.0,519.686,547.101,1.0,527.863,539.548,1.0,531.953,534.212,1.0,832.657,575.985,1.0,830.471,567.142,1.0,823.394,558.331,1.0,807.411,559.331,1.0,803.77,557.934,1.0,474.98,530.99,1.0,467.936,531.431,1.0,458.036,544.979,1.0,453.533,550.564,1.0,445.729,556.624,1.0,648.545,831.902,1.0,652.602,842.552,1.0,656.65,847.845,1.0,661.983,852.682,1.0,666.423,859.811,1.0,616.224,134.128,1.0,616.638,139.561,1.0,620.306,149.349,1.0,623.464,154.704,1.0,624.929,163.323,1.0
519,511.455,571.693,1.0,511.062,561.279,1.0,517.82,553.3,1.0,523.71,539.924,1.0,531.874,536.395,1.0,832.657,576.041,1.0,830.628,567.556,1.0,823.736,558.761,1.0,807.603,559.331,1.0,803.889,557.707,1.0,478.869,527.287,1.0,470.524,529.9,1.0,461.088,544.979,1.0,454.213,550.564,1.0,446.692,556.624,1.0,648.235,831.902,1.0,650.316,841.04,1.0,655.391,846.766,1.0,661.083,852.682,1.0,666.299,859.735,1.0,616.237,131.98,1.0,616.522,137.93,1.0,620.037,147.726,1.0,623.247,154.301,1.0,624.167,162.62,1.0
520,511.464,571.823,1.0,510.339,561.414,1.0,517.736,553.42,1.0,517.394,546.154,1.0,531.163,536.726,1.0,832.753,576.041,1.0,830.678,567.725,1.0,823.747,558.794,1.0,807.654,559.331,1.0,804.07,557.461,1.0,479.453,527.055,1.0,470.524,529.9,1.0,461.562,544.979,1.0,454.867,550.171,1.0,447.464,556.624,1.0,645.339,831.902,1.0,648.197,839.561,1.0,654.446,844.547,1.0,659.842,852.682,1.0,666.187,859.369,1.0,616.237,128.972,1.0,615.523,135.79,1.0,619.697,143.219,1.0,621.228,153.127,1.0,622.765,160.392,1.0
521,511.455,573.867,1.0,509.778,562.698,1.0,516.863,555.247,1.0,516.575,547.158,1.0,530.573,538.507,1.0,832.805,576.041,1.0,830.678,567.768,1.0,823.932,558.896,1.0,807.654,559.331,1.0,804.102,557.452,1.0,479.876,526.67,1.0,470.524,529.9,1.0,461.562,544.64,1.0,455.354,549.827,1.0,447.654,556.482,1.0,641.951,833.242,1.0,644.988,836.615,1.0,653.72,843.92,1.0,660.142,851.457,1.0,665.794,858.815,1.0,616.237,126.181,1.0,614.482,135.454,1.0,618.263,142.084,1.0,621.03,152.929,1.0,622.383,159.412,1.0
522,511.455,574.092,1.0,509.778,562.761,1.0,516.751,555.318,1.0,516.548,547.489,1.0,530.573,538.715,1.0,832.753,576.1,1.0,830.682,567.787,1.0,824.193,559.184,1.0,807.768,559.381,1.0,804.107,557.452,1.0,479.976,526.563,1.0,469.15,536.501,1.0,461.665,544.51,1.0,455.386,549.611,1.0,447.742,556.475,1.0,641.947,833.439,1.0,644.982,836.615,1.0,653.385,843.911,1.0,659.556,851.263,1.0,665.726,858.412,1.0,616.501,125.936,1.0,614.349,135.323,1.0,618.177,142.077,1.0,620.665,152.929,1.0,622.331,159.3,1.0
523,511.464,574.172,1.0,509.778,562.791,1.0,516.493,555.717,1.0,516.276,547.62,1.0,529.421,539.286,1.0,832.753,576.041,1.0,830.86,567.768,1.0,824.366,559.366,1.0,808.419,559.267,1.0,804.371,557.461,1.0,480.015,526.563,1.0,469.15,536.501,1.0,461.665,544.286,1.0,455.386,549.611,1.0,448.117,556.281,1.0,641.905,833.439,1.0,644.862,836.615,1.0,653.227,843.791,1.0,659.453,851.125,1.0,665.627,858.286,1.0,616.501,125.421,1.0,614.349,135.314,1.0,618.177,141.896,1.0,620.275,152.525,1.0,622.383,159.174,1.0
524,511.295,574.172,1.0,510.235,562.981,1.0,516.493,556.205,1.0,516.08,548.09,1.0,529.317,539.98,1.0,832.868,575.959,1.0,831.066,567.768,1.0,824.366,559.843,1.0,808.981,559.381,1.0,804.659,557.461,1.0,480.303,526.374,1.0,469.15,536.501,1.0,461.978,544.121,1.0,455.386,549.575,1.0,448.642,551.287,1.0,641.793,833.439,1.0,644.862,836.615,1.0,653.133,843.67,1.0,659.453,851.125,1.0,665.627,858.286,1.0,616.501,125.301,1.0,614.482,134.986,1.0,617.82,141.225,1.0,619.703,151.523,1.0,622.383,158.838,1.0
525,510.85,574.092,1.0,510.313,563.677,1.0,515.977,556.61,1.0,515.379,548.773,1.0,529.176,540.817,1.0,834.869,574.027,1.0,831.299,564.862,1.0,825.19,559.88,1.0,809.656,559.407,1.0,805.432,557.726,1.0,480.303,526.183,1.0,470.004,536.602,1.0,462.607,543.257,1.0,454.939,549.126,1.0,449.258,551.287,1.0,641.772,833.172,1.0,644.068,836.615,1.0,652.447,843.14,1.0,658.728,850.303,1.0,664.777,858.061,1.0,614.507,124.305,1.0,616.257,130.883,1.0,617.205,138.804,1.0,617.556,147.079,1.0,624.671,154.565,1.0
526,504.934,574.173,1.0,510.313,563.677,1.0,514.331,557.804,1.0,514.164,549.242,1.0,529.042,541.291,1.0,837.101,573.86,1.0,831.352,564.862,1.0,825.19,560.263,1.0,810.669,560.058,1.0,806.545,558.067,1.0,480.614,526.183,1.0,471.113,536.325,1.0,463.241,542.389,1.0,454.939,547.988,1.0,449.549,551.287,1.0,635.274,833.026,1.0,642.034,835.682,1.0,652.225,842.033,1.0,656.847,848.378,1.0,664.424,854.249,1.0,611.2,120.162,1.0,616.257,124.02,1.0,617.205,135.803,1.0,617.534,144.399,1.0,624.712,150.516,1.0
527,504.763,574.777,1.0,510.313,564.189,1.0,514.288,557.824,1.0,514.164,549.721,1.0,528.948,542.007,1.0,837.27,573.368,1.0,832.077,564.862,1.0,821.109,560.791,1.0,810.785,560.104,1.0,806.795,558.45,1.0,480.832,526.625,1.0,475.624,536.274,1.0,463.532,537.331,1.0,454.939,546.835,1.0,450.152,551.277,1.0,634.172,832.152,1.0,638.382,833.617,1.0,647.296,840.23,1.0,654.593,844.152,1.0,660.607,850.059,1.0,611.2,118.728,1.0,616.257,123.274,1.0,617.759,135.154,1.0,617.081,142.512,1.0,625.182,148.202,1.0
528,504.169,576.777,1.0,509.509,564.189,1.0,513.174,558.286,1.0,514.164,550.828,1.0,525.535,544.609,1.0,838.848,573.86,1.0,832.077,565.785,1.0,821.109,560.902,1.0,812.002,560.515,1.0,806.795,558.45,1.0,480.832,528.662,1.0,476.019,536.138,1.0,463.679,537.299,1.0,455.246,545.595,1.0,450.373,550.833,1.0,634.058,831.817,1.0,637.606,833.474,1.0,647.076,840.23,1.0,653.66,843.232,1.0,659.897,850.059,1.0,611.069,118.509,1.0,616.02,122.948,1.0,617.759,134.819,1.0,617.081,142.496,1.0,625.024,148.102,1.0
529,503.429,577.399,1.0,509.075,563.901,1.0,512.366,558.286,1.0,515.304,550.903,1.0,524.179,547.471,1.0,839.005,573.86,1.0,832.492,566.106,1.0,822.016,561.625,1.0,815.522,560.828,1.0,806.795,558.45,1.0,481.369,529.615,1.0,476.234,534.244,1.0,463.679,537.062,1.0,455.246,544.391,1.0,450.891,550.829,1.0,633.971,831.193,1.0,637.606,832.68,1.0,646.514,840.187,1.0,653.546,843.024,1.0,659.889,849.913,1.0,611.069,117.988,1.0,615.481,122.926,1.0,617.759,134.61,1.0,617.534,142.183,1.0,625.024,147.905,1.0
530,503.391,577.418,1.0,508.524,563.815,1.0,512.132,558.286,1.0,515.304,551.249,1.0,523.99,547.596,1.0,839.462,574.993,1.0,834.228,566.904,1.0,822.016,562.454,1.0,815.926,561.305,1.0,805.672,558.114,1.0,481.443,529.615,1.0,476.234,534.244,1.0,463.815,536.964,1.0,455.246,544.078,1.0,450.921,550.678,1.0,633.799,830.984,1.0,637.606,832.576,1.0,646.514,840.187,1.0,653.313,842.624,1.0,659.83,849.893,1.0,611.069,117.814,1.0,615.134,122.561,1.0,617.759,133.619,1.0,617.081,140.734,1.0,624.712,147.138,1.0
531,503.302,577.418,1.0,508.37,563.901,1.0,510.931,558.286,1.0,515.304,551.249,1.0,523.99,547.976,1.0,839.462,575.015,1.0,834.605,567.063,1.0,822.29,562.505,1.0,816.024,561.409,1.0,805.672,558.051,1.0,481.632,529.48,1.0,476.318,534.205,1.0,463.815,536.847,1.0,455.267,543.856,1.0,450.954,550.603,1.0,633.799,830.578,1.0,642.938,832.193,1.0,646.415,840.187,1.0,653.14,842.448,1.0,659.508,849.91,1.0,611.268,115.63,1.0,613.051,119.694,1.0,617.107,130.861,1.0,616.725,137.958,1.0,624.647,147.044,1.0
532,503.302,577.418,1.0,507.163,563.901,1.0,510.75,558.475,1.0,515.302,552.305,1.0,523.86,548.047,1.0,839.462,575.015,1.0,834.616,567.063,1.0,822.4,562.505,1.0,816.608,561.456,1.0,805.672,558.051,1.0,481.817,529.001,1.0,476.234,534.075,1.0,463.672,536.847,1.0,455.267,543.856,1.0,450.954,550.678,1.0,633.971,830.487,1.0,642.938,832.193,1.0,646.325,840.177,1.0,653.061,842.016,1.0,659.056,849.91,1.0,612.14,112.959,1.0,610.972,119.369,1.0,615.21,128.382,1.0,614.984,137.837,1.0,621.883,141.906,1.0
533,498.527,577.717,1.0,504.822,567.208,1.0,509.24,560.667,1.0,512.903,556.869,1.0,523.469,549.089,1.0,839.462,575.015,1.0,834.801,567.137,1.0,823.012,562.749,1.0,817.162,561.607,1.0,805.71,558.056,1.0,481.501,529.001,1.0,476.234,533.355,1.0,463.67,536.847,1.0,455.821,543.565,1.0,451.256,550.678,1.0,636.596,827.468,1.0,642.938,830.391,1.0,645.297,839.444,1.0,651.312,841.441,1.0,658.541,849.91,1.0,612.919,112.318,1.0,610.535,118.966,1.0,615.044,128.281,1.0,614.061,137.481,1.0,621.734,141.405,1.0
534,494.737,577.863,1.0,501.796,576.509,1.0,505.153,565.332,1.0,511.099,560.726,1.0,523.221,550.514,1.0,839.462,576.436,1.0,835.144,567.241,1.0,823.133,562.749,1.0,817.259,561.711,1.0,805.76,558.056,1.0,481.817,527.822,1.0,476.318,532.93,1.0,463.672,536.847,1.0,455.821,542.994,1.0,452.756,554.65,1.0,636.845,818.888,1.0,640.946,830.391,1.0,643.406,839.16,1.0,650.153,841.224,1.0,658.541,850.092,1.0,613.098,111.536,1.0,610.15,118.416,1.0,614.932,128.019,1.0,614.061,137.153,1.0,621.562,140.867,1.0
535,491.691,577.863,1.0,501.157,576.509,1.0,504.787,566.721,1.0,510.532,562.591,1.0,521.156,550.794,1.0,839.149,577.004,1.0,835.376,567.382,1.0,823.298,563.127,1.0,818.156,562.261,1.0,805.978,558.15,1.0,481.885,526.727,1.0,476.358,532.591,1.0,463.672,536.707,1.0,456.291,542.365,1.0,453.972,554.65,1.0,636.92,818.846,1.0,640.649,830.346,1.0,643.249,839.13,1.0,650.153,841.21,1.0,658.531,850.231,1.0,613.098,111.351,1.0,609.892,118.377,1.0,614.26,127.943,1.0,614.061,137.153,1.0,621.562,140.701,1.0
536,491.55,577.863,1.0,500.82,576.509,1.0,504.696,567.936,1.0,510.212,562.608,1.0,520.864,551.051,1.0,839.149,577.318,1.0,835.891,567.509,1.0,823.56,563.729,1.0,818.68,562.792,1.0,806.53,558.15,1.0,486.041,524.584,1.0,479.788,528.438,1.0,470.13,536.359,1.0,456.417,541.781,1.0,455.062,554.65,1.0,636.92,818.614,1.0,640.613,830.328,1.0,643.119,839.13,1.0,650.01,841.115,1.0,658.498,850.249,1.0,613.098,110.988,1.0,609.805,117.687,1.0,613.183,127.114,1.0,613.926,135.297,1.0,621.497,139.915,1.0
537,491.55,577.863,1.0,500.706,575.599,1.0,504.696,567.945,1.0,510.092,562.608,1.0,520.523,551.051,1.0,839.149,578.411,1.0,836.46,567.987,1.0,824.661,564.794,1.0,820.141,563.248,1.0,807.213,558.15,1.0,486.081,524.567,1.0,479.91,528.3,1.0,470.82,536.218,1.0,456.481,541.616,1.0,455.062,553.506,1.0,636.845,818.265,1.0,640.613,830.041,1.0,643.057,839.16,1.0,649.775,841.024,1.0,658.424,850.249,1.0,607.996,107.868,1.0,608.754,115.591,1.0,610.828,123.045,1.0,614.652,129.832,1.0,619.898,138.962,1.0
538,491.404,577.863,1.0,499.935,575.599,1.0,504.696,568.148,1.0,510.092,562.608,1.0,520.491,551.44,1.0,840.49,578.758,1.0,838.031,569.237,1.0,826.474,565.932,1.0,821.309,563.875,1.0,807.224,558.076,1.0,486.929,524.231,1.0,480.871,527.31,1.0,471.092,535.322,1.0,456.629,541.441,1.0,455.11,553.159,1.0,636.339,818.112,1.0,639.883,829.93,1.0,642.927,839.13,1.0,649.769,840.678,1.0,657.773,850.092,1.0,607.597,106.665,1.0,607.685,108.449,1.0,610.741,121.837,1.0,614.652,128.342,1.0,619.357,135.793,1.0
539,491.404,578.471,1.0,499.904,575.599,1.0,503.885,569.124,1.0,509.154,562.712,1.0,516.589,555.206,1.0,841.635,578.861,1.0,838.751,570.188,1.0,827.745,567.069,1.0,822.14,564.355,1.0,807.427,558.076,1.0,487.042,523.91,1.0,481.566,526.778,1.0,471.85,534.455,1.0,458.063,541.367,1.0,455.11,551.492,1.0,636.295,818.054,1.0,639.778,829.905,1.0,642.847,839.235,1.0,649.769,839.28,1.0,656.221,849.996,1.0,607.581,106.506,1.0,607.308,108.26,1.0,610.517,121.476,1.0,613.926,127.018,1.0,619.357,134.602,1.0
540,491.052,582.348,1.0,498.724,577.57,1.0,501.059,571.379,1.0,505.079,563.693,1.0,515.615,558.227,1.0,842.273,578.861,1.0,838.776,571.213,1.0,828.877,567.069,1.0,823.478,565.153,1.0,808.579,558.076,1.0,487.604,523.784,1.0,481.873,526.456,1.0,471.976,534.11,1.0,459.11,541.055,1.0,455.196,549.927,1.0,636.289,817.979,1.0,639.778,829.868,1.0,642.847,839.235,1.0,649.769,839.034,1.0,656.221,849.408,1.0,607.344,101.404,1.0,607.043,107.825,1.0,610.517,120.526,1.0,613.398,124.964,1.0,619.29,133.75,1.0
541,489.933,582.89,1.0,498.409,577.899,1.0,500.801,571.733,1.0,504.983,563.996,1.0,515.539,560.092,1.0,842.454,578.861,1.0,838.776,571.433,1.0,831.988,567.069,1.0,825.14,565.768,1.0,810.884,559.18,1.0,487.762,523.681,1.0,482.346,523.673,1.0,472.442,533.882,1.0,459.354,541.055,1.0,455.196,549.906,1.0,636.246,817.979,1.0,639.667,829.868,1.0,642.847,839.078,1.0,649.926,838.913,1.0,656.221,849.34,1.0,607.293,101.285,1.0,607.043,107.7,1.0,610.517,120.526,1.0,613.352,124.964,1.0,619.29,132.888,1.0
542,488.462,582.945,1.0,498.409,577.899,1.0,500.404,571.733,1.0,504.134,565.368,1.0,514.827,560.289,1.0,842.488,578.473,1.0,838.826,573.273,1.0,832.029,567.065,1.0,825.854,566.379,1.0,811.15,559.271,1.0,487.901,523.358,1.0,482.455,523.332,1.0,472.874,533.449,1.0,459.408,541.055,1.0,457.562,549.884,1.0,636.176,818.054,1.0,639.778,829.858,1.0,643.068,838.664,1.0,649.976,838.913,1.0,656.303,849.185,1.0,606.68,100.542,1.0,606.155,106.638,1.0,610.237,118.641,1.0,611.988,124.964,1.0,619.033,131.328,1.0
543,488.445,582.948,1.0,498.019,577.581,1.0,499.968,571.733,1.0,503.614,566.842,1.0,514.757,560.289,1.0,842.554,578.473,1.0,838.776,573.273,1.0,832.116,566.976,1.0,825.889,566.379,1.0,811.15,559.34,1.0,488.204,523.325,1.0,482.544,523.212,1.0,473.016,533.079,1.0,459.684,541.055,1.0,458.07,549.744,1.0,633.014,820.473,1.0,639.778,829.905,1.0,643.819,838.429,1.0,650.802,838.913,1.0,656.406,849.185,1.0,603.294,98.743,1.0,605.953,104.878,1.0,608.507,114.091,1.0,609.817,122.179,1.0,613.931,128.614,1.0
544,487.892,583.427,1.0,497.541,577.899,1.0,499.253,571.794,1.0,503.582,566.842,1.0,514.749,560.435,1.0,842.6,578.473,1.0,838.776,573.273,1.0,832.029,566.917,1.0,825.928,566.477,1.0,811.063,559.348,1.0,488.407,522.993,1.0,482.823,523.123,1.0,473.016,532.791,1.0,460.19,540.301,1.0,458.96,549.262,1.0,632.99,826.381,1.0,639.379,830.216,1.0,643.819,838.347,1.0,650.802,838.892,1.0,656.406,849.155,1.0,601.973,98.194,1.0,605.861,103.957,1.0,608.507,110.91,1.0,609.601,121.849,1.0,613.659,126.735,1.0
545,486.551,583.533,1.0,496.565,578.576,1.0,498.587,572.033,1.0,502.72,566.858,1.0,511.945,561.333,1.0,842.6,578.549,1.0,838.826,573.109,1.0,832.029,566.917,1.0,825.928,566.477,1.0,811.063,559.4,1.0,488.886,522.364,1.0,483.543,522.426,1.0,473.016,531.791,1.0,465.64,533.472,1.0,460.786,547.371,1.0,631.228,829.69,1.0,636.542,830.216,1.0,643.819,834.571,1.0,651.22,838.145,1.0,656.406,848.2,1.0,600.855,96.947,1.0,605.965,103.939,1.0,608.507,110.541,1.0,607.624,121.013,1.0,612.873,126.479,1.0
546,485.415,586.713,1.0,493.992,578.94,1.0,497.657,573.375,1.0,502.641,568.707,1.0,511.104,561.371,1.0,842.673,578.549,1.0,839.746,573.109,1.0,832.116,566.917,1.0,825.953,566.453,1.0,811.199,559.425,1.0,490.561,518.755,1.0,485.197,519.061,1.0,469.829,526.189,1.0,466.984,533.472,1.0,462.148,546.324,1.0,622.687,833.407,1.0,634.275,831.887,1.0,641.935,831.95,1.0,651.318,836.361,1.0,656.212,847.668,1.0,600.855,96.802,1.0,605.861,103.84,1.0,607.944,110.029,1.0,607.395,119.426,1.0,612.375,126.155,1.0
547,479.275,591.114,1.0,487.9,582.86,1.0,495.858,573.81,1.0,501.803,571.83,1.0,511.104,563.289,1.0,842.696,578.598,1.0,839.986,573.109,1.0,832.258,566.917,1.0,826.144,566.442,1.0,812.496,559.462,1.0,491.445,517.502,1.0,485.909,518.479,1.0,469.829,526.175,1.0,467.442,533.472,1.0,463.031,544.346,1.0,621.188,834.872,1.0,633.631,832.047,1.0,641.748,831.763,1.0,651.22,835.741,1.0,655.867,847.63,1.0,600.855,96.205,1.0,605.623,103.625,1.0,608.17,109.997,1.0,607.07,119.426,1.0,611.849,124.238,1.0
548,479.162,591.828,1.0,487.261,583.29,1.0,495.195,574.337,1.0,500.784,572.728,1.0,510.999,563.533,1.0,842.737,578.658,1.0,840.053,573.872,1.0,832.357,567.199,1.0,826.393,566.442,1.0,812.628,559.476,1.0,491.475,516.937,1.0,486.069,518.284,1.0,469.829,526.07,1.0,467.5,533.509,1.0,463.398,544.311,1.0,621.153,837.05,1.0,632.387,832.176,1.0,641.472,831.763,1.0,650.758,835.741,1.0,655.563,847.546,1.0,602.229,94.066,1.0,602.929,101.256,1.0,608.17,107.823,1.0,607.07,114.877,1.0,611.479,122.602,1.0
549,479.162,592.116,1.0,487.177,583.29,1.0,494.902,575.256,1.0,500.087,573.59,1.0,510.999,563.823,1.0,842.894,578.658,1.0,840.099,574.31,1.0,832.369,567.319,1.0,826.598,566.442,1.0,812.85,559.917,1.0,491.492,516.73,1.0,486.475,518.143,1.0,469.899,526.06,1.0,467.5,533.63,1.0,463.398,543.722,1.0,621.153,837.368,1.0,627.95,833.894,1.0,640.741,831.95,1.0,650.585,836.361,1.0,655.044,847.398,1.0,602.229,90.738,1.0,601.55,97.886,1.0,607.944,105.455,1.0,607.29,110.137,1.0,611.479,121.883,1.0
550,479.1,592.116,1.0,487.128,583.29,1.0,494.776,575.292,1.0,499.953,573.978,1.0,510.999,563.967,1.0,844.31,579.82,1.0,841.288,574.95,1.0,832.369,567.511,1.0,827.481,566.442,1.0,813.054,560.017,1.0,491.533,515.743,1.0,486.475,518.135,1.0,470.142,525.951,1.0,467.507,533.848,1.0,463.4,543.413,1.0,620.145,837.5,1.0,626.284,834.111,1.0,638.636,831.95,1.0,647.152,837.593,1.0,652.468,847.297,1.0,602.229,90.586,1.0,600.983,97.796,1.0,607.61,104.548,1.0,607.395,108.749,1.0,611.529,120.668,1.0
551,478.984,592.116,1.0,485.336,583.085,1.0,493.821,576.099,1.0,499.125,575.055,1.0,511.201,564.182,1.0,844.331,580.133,1.0,841.288,575.137,1.0,832.369,567.564,1.0,827.634,566.522,1.0,813.204,560.047,1.0,491.774,515.423,1.0,486.491,518.063,1.0,470.268,525.935,1.0,467.507,533.931,1.0,463.523,543.06,1.0,618.486,837.755,1.0,624.606,834.315,1.0,636.707,831.763,1.0,645.938,838.865,1.0,652.19,845.24,1.0,602.137,90.294,1.0,600.299,96.974,1.0,607.182,103.71,1.0,607.495,108.749,1.0,611.529,120.611,1.0
552,472.927,589.557,1.0,477.906,582.933,1.0,489.804,578.767,1.0,497.938,577.698,1.0,510.999,564.781,1.0,847.101,586.644,1.0,841.288,577.094,1.0,831.127,569.927,1.0,828.011,566.777,1.0,813.223,560.063,1.0,491.921,515.278,1.0,486.642,517.971,1.0,470.268,525.726,1.0,467.507,538.046,1.0,463.398,543.06,1.0,618.486,837.771,1.0,624.606,834.699,1.0,636.707,832.012,1.0,645.555,838.865,1.0,652.164,844.836,1.0,601.448,88.931,1.0,600.299,95.424,1.0,607.015,103.364,1.0,607.769,107.619,1.0,611.479,120.243,1.0
553,472.095,588.068,1.0,477.685,582.743,1.0,488.783,579.339,1.0,497.18,578.197,1.0,510.886,565.888,1.0,847.13,586.66,1.0,841.288,577.145,1.0,831.127,569.939,1.0,828.011,566.778,1.0,813.257,560.217,1.0,492.093,515.074,1.0,486.697,517.561,1.0,470.417,525.726,1.0,467.963,538.046,1.0,463.523,543.06,1.0,618.486,837.771,1.0,624.57,834.764,1.0,636.416,832.012,1.0,645.486,838.865,1.0,652.164,844.653,1.0,600.828,88.036,1.0,600.299,94.048,1.0,604.445,103.296,1.0,608.029,107.511,1.0,610.225,116.828,1.0
554,471.666,588.068,1.0,477.685,582.743,1.0,486.859,582.377,1.0,495.204,579.778,1.0,505.235,566.986,1.0,847.208,586.776,1.0,841.288,577.252,1.0,831.127,569.957,1.0,828.011,566.902,1.0,813.341,560.234,1.0,492.745,514.95,1.0,487.072,517.561,1.0,470.432,525.726,1.0,468.585,538.046,1.0,463.626,542.916,1.0,618.27,837.836,1.0,624.57,836.342,1.0,636.416,832.481,1.0,645.486,838.741,1.0,651.721,844.308,1.0,596.713,84.658,1.0,601.36,90.963,1.0,603.751,99.871,1.0,607.769,105.332,1.0,608.847,115.399,1.0
555,470.283,588.876,1.0,477.685,582.743,1.0,486.743,582.808,1.0,495.032,579.778,1.0,503.712,568.236,1.0,847.749,587.719,1.0,842.036,578.392,1.0,831.886,570.225,1.0,819.719,567.338,1.0,813.718,560.254,1.0,493.131,514.371,1.0,487.661,517.561,1.0,478.286,526.624,1.0,469.536,535.823,1.0,464.331,541.609,1.0,618.27,841.091,1.0,624.778,837.117,1.0,635.072,832.749,1.0,643.605,837.678,1.0,651.392,844.266,1.0,596.69,83.592,1.0,601.36,89.635,1.0,603.027,98.038,1.0,607.769,102.535,1.0,608.352,114.483,1.0
556,469.683,588.876,1.0,482.438,585.152,1.0,486.445,583.013,1.0,494.849,579.778,1.0,503.578,568.544,1.0,847.75,587.719,1.0,842.036,578.681,1.0,832.044,570.321,1.0,819.613,567.441,1.0,814.073,560.518,1.0,493.131,514.282,1.0,488.425,521.279,1.0,478.286,526.624,1.0,470.412,531.986,1.0,465.924,537.079,1.0,617.328,844.42,1.0,626.021,837.431,1.0,631.9,833.614,1.0,641.213,835.257,1.0,649.694,843.91,1.0,596.633,83.368,1.0,601.36,89.399,1.0,602.038,98.0,1.0,607.596,101.882,1.0,607.938,113.627,1.0
557,469.683,588.765,1.0,482.438,585.158,1.0,486.24,583.198,1.0,492.131,579.83,1.0,503.373,568.55,1.0,847.75,587.719,1.0,842.036,578.681,1.0,832.044,570.321,1.0,819.554,567.441,1.0,814.489,560.983,1.0,493.131,513.572,1.0,488.602,521.333,1.0,478.286,526.901,1.0,471.207,531.904,1.0,466.567,536.721,1.0,615.495,844.42,1.0,626.255,837.431,1.0,631.453,833.859,1.0,638.97,834.384,1.0,648.435,842.749,1.0,596.563,83.025,1.0,601.03,89.133,1.0,601.626,97.428,1.0,606.867,101.882,1.0,607.687,112.765,1.0
558,469.258,588.876,1.0,482.438,585.258,1.0,486.18,583.198,1.0,490.787,579.841,1.0,502.883,568.687,1.0,847.749,586.732,1.0,841.859,578.681,1.0,832.144,570.321,1.0,819.585,567.441,1.0,814.489,560.983,1.0,492.891,513.572,1.0,488.609,521.333,1.0,478.286,526.624,1.0,471.207,531.303,1.0,466.645,536.721,1.0,615.282,844.42,1.0,626.26,837.471,1.0,631.376,833.862,1.0,638.715,834.321,1.0,648.435,842.456,1.0,596.549,82.261,1.0,600.417,87.879,1.0,601.558,95.221,1.0,605.676,101.801,1.0,607.687,111.711,1.0
559,469.25,588.765,1.0,482.31,585.258,1.0,485.524,583.198,1.0,490.446,580.038,1.0,500.116,570.314,1.0,845.889,584.136,1.0,841.837,577.828,1.0,832.144,570.203,1.0,819.585,566.881,1.0,814.489,560.983,1.0,492.891,513.572,1.0,488.609,521.279,1.0,478.042,526.526,1.0,470.412,531.103,1.0,466.722,536.721,1.0,615.279,844.42,1.0,626.255,837.75,1.0,631.376,834.353,1.0,638.67,834.321,1.0,648.169,842.201,1.0,596.18,79.286,1.0,599.486,83.019,1.0,601.211,94.434,1.0,603.244,100.624,1.0,607.687,111.655,1.0
560,465.231,588.498,1.0,476.471,586.273,1.0,481.167,581.281,1.0,490.058,581.059,1.0,499.347,570.69,1.0,845.585,583.638,1.0,841.682,577.31,1.0,832.144,570.145,1.0,819.585,566.456,1.0,814.408,560.846,1.0,492.891,513.572,1.0,488.602,520.787,1.0,478.025,526.049,1.0,469.722,531.103,1.0,467.027,536.737,1.0,614.598,844.417,1.0,626.021,838.262,1.0,631.146,835.225,1.0,638.567,834.384,1.0,647.862,841.293,1.0,595.367,77.775,1.0,599.22,82.084,1.0,601.211,90.839,1.0,601.371,100.199,1.0,608.063,106.852,1.0
561,464.285,587.077,1.0,476.01,586.917,1.0,480.988,581.125,1.0,488.752,582.336,1.0,498.331,570.936,1.0,845.254,581.431,1.0,841.599,577.098,1.0,832.144,570.143,1.0,819.585,566.456,1.0,814.305,560.799,1.0,492.891,513.572,1.0,488.52,520.784,1.0,478.025,525.962,1.0,469.722,530.928,1.0,467.179,536.81,1.0,614.595,844.109,1.0,625.666,838.262,1.0,629.528,836.557,1.0,637.959,836.191,1.0,646.418,840.778,1.0,595.144,77.742,1.0,598.927,81.397,1.0,600.701,89.739,1.0,600.578,98.765,1.0,608.063,106.411,1.0
562,463.542,586.986,1.0,475.591,587.569,1.0,480.175,581.125,1.0,488.291,582.408,1.0,498.223,572.946,1.0,844.54,580.575,1.0,841.599,576.647,1.0,833.365,567.301,1.0,827.968,566.456,1.0,813.867,560.61,1.0,492.891,513.492,1.0,487.955,520.329,1.0,478.025,525.434,1.0,469.722,530.515,1.0,467.244,536.81,1.0,606.007,842.227,1.0,617.512,838.815,1.0,626.877,838.444,1.0,633.104,836.918,1.0,642.778,840.12,1.0,594.611,77.627,1.0,598.764,81.318,1.0,600.701,89.253,1.0,600.578,97.113,1.0,608.063,106.392,1.0
563,462.289,586.905,1.0,475.032,589.192,1.0,479.697,581.281,1.0,488.212,583.47,1.0,498.111,573.065,1.0,844.386,580.575,1.0,841.463,576.647,1.0,833.365,567.301,1.0,827.968,566.475,1.0,813.863,560.487,1.0,492.921,513.492,1.0,487.955,519.548,1.0,478.025,524.477,1.0,470.685,530.193,1.0,467.61,536.737,1.0,605.626,842.199,1.0,616.723,839.525,1.0,626.562,838.942,1.0,631.985,837.149,1.0,641.969,839.856,1.0,594.315,77.345,1.0,598.336,81.039,1.0,600.701,87.938,1.0,600.578,95.583,1.0,607.809,105.076,1.0
564,461.775,586.905,1.0,474.992,589.79,1.0,479.678,581.709,1.0,488.007,584.319,1.0,498.101,573.279,1.0,844.231,580.575,1.0,841.463,575.435,1.0,833.365,567.301,1.0,828.074,566.587,1.0,813.863,560.304,1.0,493.14,513.353,1.0,487.955,519.023,1.0,478.231,523.45,1.0,470.824,529.108,1.0,467.61,536.737,1.0,603.358,842.199,1.0,611.334,839.568,1.0,625.529,839.255,1.0,631.117,837.19,1.0,641.357,839.601,1.0,591.467,74.484,1.0,594.385,77.954,1.0,599.258,87.791,1.0,600.634,92.85,1.0,607.809,101.714,1.0
565,460.969,586.905,1.0,469.581,589.79,1.0,479.318,581.838,1.0,487.059,584.758,1.0,497.46,573.571,1.0,843.55,587.893,1.0,841.599,575.435,1.0,833.519,567.301,1.0,828.004,566.891,1.0,813.807,560.29,1.0,494.137,513.336,1.0,489.613,518.165,1.0,478.506,522.574,1.0,471.368,528.228,1.0,467.967,536.81,1.0,603.28,842.227,1.0,610.926,839.76,1.0,624.547,839.42,1.0,631.038,837.237,1.0,641.342,839.601,1.0,591.467,74.238,1.0,593.878,77.708,1.0,599.082,87.064,1.0,600.678,91.92,1.0,607.809,100.9,1.0
566,459.482,586.905,1.0,468.13,589.79,1.0,478.984,584.996,1.0,485.523,584.758,1.0,491.899,576.48,1.0,842.061,587.893,1.0,840.916,575.435,1.0,832.583,567.202,1.0,828.004,566.891,1.0,813.807,559.936,1.0,497.489,513.353,1.0,489.85,515.147,1.0,479.263,520.395,1.0,471.511,527.773,1.0,467.99,537.395,1.0,603.179,842.347,1.0,610.887,839.765,1.0,624.323,839.42,1.0,630.774,837.237,1.0,641.221,839.601,1.0,591.467,74.238,1.0,593.878,77.708,1.0,598.807,87.064,1.0,600.678,91.92,1.0,607.888,100.9,1.0
567,455.885,591.75,1.0,463.387,590.847,1.0,475.731,587.717,1.0,481.701,584.758,1.0,491.724,576.905,1.0,841.947,587.893,1.0,840.916,574.633,1.0,831.275,568.963,1.0,827.104,566.891,1.0,813.547,559.933,1.0,500.68,513.143,1.0,492.867,514.306,1.0,479.381,519.426,1.0,471.521,526.245,1.0,468.531,537.395,1.0,603.09,842.704,1.0,610.596,839.951,1.0,623.304,839.712,1.0,629.941,837.237,1.0,640.326,839.833,1.0,591.58,74.238,1.0,593.878,77.708,1.0,598.806,86.694,1.0,600.678,91.92,1.0,608.126,100.9,1.0
568,455.408,592.653,1.0,462.9,591.053,1.0,474.891,587.783,1.0,480.899,584.174,1.0,491.724,577.22,1.0,841.947,578.421,1.0,839.73,573.434,1.0,830.74,567.682,1.0,827.104,566.397,1.0,813.313,559.249,1.0,501.914,511.334,1.0,494.389,514.306,1.0,479.772,519.361,1.0,471.521,526.01,1.0,468.802,537.54,1.0,601.956,843.618,1.0,609.028,842.412,1.0,622.014,839.853,1.0,628.854,837.237,1.0,637.352,839.833,1.0,591.822,74.238,1.0,594.624,77.708,1.0,598.616,87.064,1.0,600.547,92.784,1.0,608.172,101.564,1.0
569,455.105,595.103,1.0,461.825,591.053,1.0,473.927,587.958,1.0,479.988,584.174,1.0,491.724,577.283,1.0,842.061,577.625,1.0,838.503,569.36,1.0,829.542,567.189,1.0,826.318,566.068,1.0,813.313,559.249,1.0,502.015,504.613,1.0,494.704,514.272,1.0,479.853,519.229,1.0,471.579,525.835,1.0,469.461,537.54,1.0,599.764,847.578,1.0,607.713,843.259,1.0,618.484,839.919,1.0,626.97,837.265,1.0,636.456,839.833,1.0,594.306,73.533,1.0,596.502,77.708,1.0,598.235,88.04,1.0,600.547,93.718,1.0,608.408,101.778,1.0
570,455.105,596.338,1.0,461.662,591.841,1.0,473.54,588.167,1.0,479.905,584.174,1.0,491.666,577.29,1.0,840.366,577.625,1.0,837.374,567.48,1.0,828.698,567.189,1.0,826.275,565.221,1.0,813.313,559.249,1.0,502.734,504.318,1.0,495.084,514.306,1.0,480.016,519.028,1.0,472.034,525.783,1.0,469.948,537.54,1.0,599.266,847.953,1.0,606.999,843.265,1.0,617.913,840.748,1.0,626.251,837.368,1.0,636.382,839.626,1.0,594.306,73.533,1.0,596.502,77.68,1.0,598.235,88.666,1.0,600.547,93.718,1.0,608.529,102.025,1.0
571,454.845,596.518,1.0,461.662,591.841,1.0,473.408,588.398,1.0,479.5,584.39,1.0,491.666,577.352,1.0,839.032,577.443,1.0,836.893,565.594,1.0,828.046,567.189,1.0,825.611,565.17,1.0,813.592,559.627,1.0,504.763,504.207,1.0,496.124,514.504,1.0,480.865,519.229,1.0,472.434,525.592,1.0,469.948,537.394,1.0,598.084,847.953,1.0,606.619,843.731,1.0,617.913,840.826,1.0,625.578,837.368,1.0,636.38,839.454,1.0,594.306,73.635,1.0,596.802,77.68,1.0,598.235,88.666,1.0,600.578,93.721,1.0,608.529,102.029,1.0
572,454.571,596.701,1.0,461.662,592.065,1.0,472.805,588.699,1.0,479.19,584.39,1.0,491.621,577.702,1.0,838.457,576.115,1.0,836.318,564.962,1.0,827.734,566.28,1.0,825.012,564.86,1.0,813.618,559.817,1.0,504.763,503.908,1.0,496.124,514.62,1.0,480.918,519.229,1.0,472.627,525.592,1.0,469.746,537.394,1.0,597.858,847.578,1.0,606.619,843.265,1.0,617.913,841.084,1.0,625.556,837.368,1.0,636.287,839.377,1.0,594.266,73.635,1.0,596.502,77.68,1.0,598.573,88.666,1.0,600.688,93.721,1.0,608.529,102.029,1.0
573,454.567,597.059,1.0,461.662,592.257,1.0,471.497,588.699,1.0,477.914,584.39,1.0,490.339,578.061,1.0,838.349,576.115,1.0,836.217,563.829,1.0,827.672,565.53,1.0,824.486,564.786,1.0,813.618,559.905,1.0,504.763,503.755,1.0,496.124,514.708,1.0,481.197,519.238,1.0,472.669,525.592,1.0,469.746,536.992,1.0,597.858,847.953,1.0,606.579,843.731,1.0,616.937,841.906,1.0,625.404,837.368,1.0,636.265,839.259,1.0,592.75,76.21,1.0,595.962,78.683,1.0,598.894,88.657,1.0,600.815,94.422,1.0,608.385,103.22,1.0
574,453.208,603.4,1.0,461.598,594.366,1.0,471.145,588.699,1.0,473.978,581.34,1.0,484.678,583.764,1.0,838.097,576.115,1.0,836.191,563.589,1.0,827.562,565.358,1.0,823.68,564.784,1.0,813.592,559.905,1.0,504.925,503.908,1.0,496.244,514.984,1.0,481.214,519.238,1.0,472.939,525.592,1.0,469.746,536.579,1.0,597.282,847.953,1.0,606.579,844.056,1.0,616.937,841.996,1.0,624.337,837.368,1.0,635.858,839.259,1.0,589.209,77.464,1.0,594.406,78.85,1.0,598.894,88.506,1.0,600.918,94.422,1.0,608.385,103.22,1.0
575,452.16,603.4,1.0,461.598,594.667,1.0,467.728,587.188,1.0,473.201,581.203,1.0,483.613,586.018,1.0,838.083,575.458,1.0,836.191,563.371,1.0,827.204,565.358,1.0,823.674,564.784,1.0,813.576,559.905,1.0,504.925,503.908,1.0,496.244,515.117,1.0,481.214,519.238,1.0,473.285,525.579,1.0,469.746,536.538,1.0,597.282,851.736,1.0,606.579,845.562,1.0,613.068,841.996,1.0,623.582,838.982,1.0,635.405,839.27,1.0,589.089,77.563,1.0,594.25,78.85,1.0,598.573,87.926,1.0,600.918,94.422,1.0,608.292,103.22,1.0
576,452.106,603.4,1.0,461.065,594.718,1.0,466.512,587.021,1.0,472.799,581.203,1.0,482.006,588.312,1.0,838.083,566.746,1.0,836.191,563.371,1.0,827.133,565.358,1.0,823.596,564.786,1.0,813.512,559.895,1.0,505.438,504.523,1.0,496.782,515.117,1.0,482.269,519.394,1.0,473.972,525.579,1.0,470.24,536.379,1.0,597.219,851.736,1.0,605.639,845.562,1.0,612.304,841.906,1.0,623.007,839.133,1.0,634.718,839.27,1.0,588.11,78.044,1.0,591.363,78.683,1.0,598.565,87.926,1.0,600.918,94.411,1.0,608.292,102.419,1.0
577,451.951,603.316,1.0,460.765,594.718,1.0,466.16,586.925,1.0,472.656,581.34,1.0,481.733,588.316,1.0,838.349,565.308,1.0,837.462,563.589,1.0,826.904,565.783,1.0,823.039,564.833,1.0,813.38,559.895,1.0,505.68,504.982,1.0,496.782,515.117,1.0,483.288,519.394,1.0,474.488,525.045,1.0,470.769,535.414,1.0,597.219,851.736,1.0,605.464,845.562,1.0,611.997,841.967,1.0,622.354,839.143,1.0,634.276,839.42,1.0,587.606,78.086,1.0,591.12,78.336,1.0,597.637,87.2,1.0,600.02,93.258,1.0,607.982,101.011,1.0
578,451.674,602.975,1.0,460.463,594.783,1.0,465.941,587.021,1.0,472.569,581.34,1.0,481.733,588.316,1.0,839.642,563.617,1.0,838.47,564.55,1.0,826.904,565.966,1.0,822.965,564.884,1.0,813.226,559.895,1.0,505.7,514.202,1.0,496.782,514.002,1.0,485.884,518.344,1.0,475.972,524.304,1.0,474.18,532.92,1.0,596.641,851.189,1.0,604.628,845.193,1.0,610.816,841.711,1.0,620.106,839.96,1.0,631.545,840.603,1.0,583.533,78.341,1.0,589.69,78.336,1.0,596.693,84.617,1.0,599.594,90.78,1.0,607.976,99.584,1.0
579,451.578,602.975,1.0,460.235,595.004,1.0,465.527,587.188,1.0,472.503,581.832,1.0,481.294,588.316,1.0,839.82,563.57,1.0,838.494,564.565,1.0,827.133,566.031,1.0,822.72,564.884,1.0,813.193,559.941,1.0,506.317,514.202,1.0,495.357,511.709,1.0,486.866,517.792,1.0,481.353,518.614,1.0,475.645,532.222,1.0,596.641,851.125,1.0,604.308,845.087,1.0,610.18,841.546,1.0,618.879,840.35,1.0,629.213,840.603,1.0,582.888,78.368,1.0,589.361,78.336,1.0,596.243,84.561,1.0,599.169,90.205,1.0,607.317,99.36,1.0
580,450.564,602.619,1.0,455.46,596.783,1.0,463.512,587.919,1.0,472.334,582.936,1.0,480.774,584.965,1.0,841.637,562.693,1.0,839.854,564.751,1.0,827.226,566.609,1.0,822.633,564.937,1.0,813.093,559.941,1.0,506.317,514.202,1.0,495.357,511.538,1.0,486.866,515.296,1.0,482.401,518.24,1.0,475.995,531.713,1.0,596.555,850.999,1.0,604.216,845.012,1.0,610.135,841.546,1.0,618.606,840.464,1.0,628.921,840.603,1.0,582.582,78.341,1.0,589.165,78.121,1.0,596.008,84.535,1.0,599.086,90.068,1.0,607.23,98.982,1.0
581,442.103,601.804,1.0,449.377,600.545,1.0,461.103,592.323,1.0,470.053,593.225,1.0,480.607,584.965,1.0,841.945,562.693,1.0,839.898,564.751,1.0,827.419,566.655,1.0,822.633,565.09,1.0,812.962,559.961,1.0,506.317,514.202,1.0,494.909,511.513,1.0,486.577,514.867,1.0,482.521,518.215,1.0,475.995,531.611,1.0,596.517,850.954,1.0,604.12,844.56,1.0,610.045,841.719,1.0,618.569,840.592,1.0,628.854,840.367,1.0,582.64,78.086,1.0,588.308,78.122,1.0,595.794,84.272,1.0,598.653,89.707,1.0,606.951,98.594,1.0
582,441.745,596.932,1.0,449.147,600.593,1.0,460.929,592.482,1.0,468.934,593.248,1.0,477.645,584.965,1.0,842.964,562.693,1.0,840.659,564.924,1.0,827.603,567.015,1.0,822.633,565.282,1.0,812.962,560.004,1.0,506.317,514.136,1.0,495.009,511.495,1.0,486.431,514.552,1.0,482.543,517.742,1.0,475.995,531.196,1.0,596.517,850.954,1.0,603.674,844.56,1.0,609.904,841.719,1.0,618.372,840.464,1.0,628.592,840.367,1.0,582.582,77.124,1.0,587.752,78.122,1.0,594.615,83.678,1.0,598.225,86.944,1.0,605.281,97.794,1.0
583,440.293,596.932,1.0,448.279,601.333,1.0,460.138,592.986,1.0,467.336,594.848,1.0,477.117,586.084,1.0,843.248,562.82,1.0,841.221,565.137,1.0,827.787,567.454,1.0,822.972,565.567,1.0,813.0,560.004,1.0,506.528,514.12,1.0,495.357,511.365,1.0,486.577,514.322,1.0,482.611,517.373,1.0,476.024,530.892,1.0,595.147,849.018,1.0,601.996,844.56,1.0,608.83,841.749,1.0,617.696,840.35,1.0,627.105,840.249,1.0,582.343,76.943,1.0,587.032,77.984,1.0,593.813,83.196,1.0,598.225,86.944,1.0,605.281,97.794,1.0
584,440.293,596.871,1.0,448.263,601.333,1.0,459.647,593.084,1.0,467.279,595.112,1.0,477.117,586.464,1.0,843.316,563.2,1.0,841.412,565.279,1.0,827.787,567.619,1.0,823.02,565.736,1.0,812.989,560.004,1.0,506.547,514.12,1.0,495.458,511.285,1.0,486.577,513.711,1.0,482.629,517.35,1.0,476.024,530.88,1.0,595.147,847.84,1.0,601.996,846.902,1.0,608.83,841.749,1.0,617.696,836.852,1.0,625.403,840.249,1.0,582.174,75.36,1.0,586.966,77.984,1.0,593.464,83.182,1.0,598.225,86.944,1.0,605.281,97.794,1.0
585,440.248,596.932,1.0,448.138,601.342,1.0,459.461,593.411,1.0,467.176,595.112,1.0,476.873,586.746,1.0,843.352,563.352,1.0,841.433,565.375,1.0,827.817,567.708,1.0,823.074,565.756,1.0,812.989,560.004,1.0,506.547,513.888,1.0,500.377,507.508,1.0,486.778,513.081,1.0,483.708,517.334,1.0,476.65,530.674,1.0,595.147,847.84,1.0,596.836,847.506,1.0,608.775,841.999,1.0,617.164,836.852,1.0,625.072,840.437,1.0,582.174,75.36,1.0,586.966,77.689,1.0,593.464,83.168,1.0,598.225,86.944,1.0,605.281,97.794,1.0
586,440.248,596.972,1.0,447.963,601.342,1.0,458.85,593.53,1.0,467.044,595.112,1.0,476.489,587.1,1.0,843.352,563.481,1.0,841.433,565.455,1.0,827.817,567.725,1.0,823.074,565.861,1.0,813.0,560.004,1.0,507.492,512.828,1.0,501.761,506.934,1.0,487.683,512.907,1.0,485.091,517.334,1.0,477.126,529.721,1.0,597.667,847.84,1.0,596.836,847.506,1.0,608.243,841.999,1.0,616.889,836.852,1.0,624.893,840.635,1.0,581.471,75.36,1.0,586.656,77.689,1.0,593.397,82.937,1.0,598.197,86.837,1.0,605.048,97.292,1.0
587,438.752,597.463,1.0,447.963,601.24,1.0,455.231,593.927,1.0,465.56,594.995,1.0,475.851,588.375,1.0,843.788,563.748,1.0,841.79,565.463,1.0,828.104,567.926,1.0,823.197,565.948,1.0,812.989,560.045,1.0,510.983,502.835,1.0,506.513,504.733,1.0,490.32,512.907,1.0,486.042,517.011,1.0,477.869,527.872,1.0,598.811,853.825,1.0,600.469,848.028,1.0,608.243,841.999,1.0,617.164,837.299,1.0,624.893,840.794,1.0,578.308,75.465,1.0,585.769,77.773,1.0,593.397,82.279,1.0,597.501,86.535,1.0,605.353,97.771,1.0
588,436.773,605.611,1.0,447.033,601.175,1.0,454.349,595.887,1.0,461.042,594.995,1.0,473.676,589.657,1.0,844.291,563.798,1.0,842.305,565.502,1.0,828.386,567.97,1.0,823.424,565.96,1.0,812.889,560.045,1.0,511.946,499.794,1.0,507.706,504.729,1.0,490.771,512.59,1.0,486.474,517.334,1.0,478.042,527.597,1.0,598.811,853.825,1.0,602.312,848.028,1.0,609.201,840.931,1.0,616.656,837.32,1.0,625.27,840.794,1.0,578.308,75.81,1.0,585.653,77.84,1.0,591.683,82.279,1.0,597.501,86.395,1.0,605.353,97.771,1.0
589,435.755,606.337,1.0,446.284,601.175,1.0,454.204,596.083,1.0,459.604,594.995,1.0,471.548,590.345,1.0,844.453,564.077,1.0,842.405,565.519,1.0,828.395,568.019,1.0,823.498,565.985,1.0,812.862,560.045,1.0,512.184,499.296,1.0,508.088,504.525,1.0,491.318,512.577,1.0,486.474,520.403,1.0,478.157,527.458,1.0,598.811,853.825,1.0,603.931,848.028,1.0,609.201,841.029,1.0,616.656,837.65,1.0,625.27,841.05,1.0,578.308,76.75,1.0,585.653,77.84,1.0,591.683,82.279,1.0,597.501,86.395,1.0,605.353,97.771,1.0
590,434.405,606.337,1.0,443.194,595.591,1.0,452.76,597.595,1.0,458.103,596.091,1.0,469.94,590.345,1.0,844.473,564.163,1.0,842.407,565.526,1.0,828.42,568.02,1.0,823.545,565.985,1.0,812.862,560.053,1.0,512.184,498.739,1.0,508.088,503.863,1.0,491.834,512.571,1.0,486.764,520.403,1.0,478.71,526.147,1.0,598.178,851.861,1.0,603.931,847.559,1.0,609.201,841.029,1.0,616.91,840.975,1.0,628.467,841.05,1.0,578.318,75.81,1.0,585.769,77.84,1.0,591.683,82.28,1.0,597.612,86.535,1.0,605.485,97.973,1.0
591,434.317,606.337,1.0,442.946,595.479,1.0,452.469,598.027,1.0,457.908,597.016,1.0,469.724,590.345,1.0,844.565,564.403,1.0,842.446,565.547,1.0,828.561,568.02,1.0,823.545,566.063,1.0,812.862,559.99,1.0,512.452,498.206,1.0,508.081,503.863,1.0,491.976,512.468,1.0,486.838,519.099,1.0,479.972,521.617,1.0,596.497,848.551,1.0,603.931,847.559,1.0,609.489,841.029,1.0,616.91,842.611,1.0,628.467,840.67,1.0,580.57,75.81,1.0,586.275,77.976,1.0,592.874,82.895,1.0,598.47,87.11,1.0,605.935,98.484,1.0
592,434.133,606.049,1.0,442.907,595.479,1.0,452.468,598.25,1.0,457.22,597.241,1.0,469.183,590.332,1.0,844.577,564.547,1.0,842.501,565.547,1.0,828.594,568.02,1.0,823.56,566.063,1.0,812.862,559.99,1.0,512.611,498.136,1.0,508.081,503.863,1.0,491.976,512.446,1.0,487.872,519.099,1.0,480.036,521.583,1.0,593.562,847.948,1.0,600.472,846.812,1.0,609.489,841.389,1.0,616.91,842.611,1.0,628.467,840.525,1.0,583.711,76.866,1.0,588.503,78.144,1.0,595.376,84.736,1.0,598.47,87.94,1.0,605.935,98.667,1.0
593,434.127,606.049,1.0,442.181,595.591,1.0,451.662,598.525,1.0,456.031,597.34,1.0,468.591,590.345,1.0,844.593,564.552,1.0,842.553,565.547,1.0,828.618,568.02,1.0,823.626,566.09,1.0,812.827,559.99,1.0,512.611,498.089,1.0,507.96,503.837,1.0,492.086,512.313,1.0,487.872,518.971,1.0,480.37,521.109,1.0,593.562,848.551,1.0,600.472,846.331,1.0,609.489,841.721,1.0,616.917,842.409,1.0,626.971,840.67,1.0,587.96,76.866,1.0,590.16,78.144,1.0,595.702,86.456,1.0,598.725,89.23,1.0,606.08,98.667,1.0
594,433.125,605.759,1.0,437.822,596.69,1.0,450.272,599.842,1.0,453.99,597.496,1.0,467.718,590.462,1.0,844.664,564.58,1.0,842.607,565.518,1.0,828.627,568.02,1.0,823.721,565.963,1.0,812.852,560.053,1.0,512.611,498.058,1.0,507.879,503.837,1.0,492.086,512.247,1.0,487.872,518.581,1.0,480.37,521.063,1.0,593.562,847.948,1.0,600.472,846.331,1.0,609.489,842.012,1.0,617.135,842.409,1.0,626.971,840.525,1.0,589.553,75.102,1.0,590.38,77.707,1.0,595.762,86.456,1.0,599.627,89.64,1.0,606.425,98.667,1.0
595,427.318,605.301,1.0,432.811,596.714,1.0,445.542,599.878,1.0,452.201,597.663,1.0,462.103,591.534,1.0,846.238,566.445,1.0,842.851,565.51,1.0,828.856,568.111,1.0,823.74,566.08,1.0,812.827,559.99,1.0,512.452,498.047,1.0,507.69,503.187,1.0,492.28,512.122,1.0,487.872,518.211,1.0,481.394,520.908,1.0,599.161,846.465,1.0,604.002,845.806,1.0,609.489,842.012,1.0,617.263,842.38,1.0,626.971,840.525,1.0,594.437,72.854,1.0,591.466,76.55,1.0,595.822,86.507,1.0,598.725,89.779,1.0,606.351,98.342,1.0
596,426.735,605.182,1.0,432.81,597.34,1.0,444.248,600.682,1.0,452.136,597.895,1.0,459.588,595.367,1.0,846.471,566.445,1.0,842.851,565.429,1.0,829.073,568.011,1.0,823.92,566.08,1.0,812.827,559.954,1.0,512.611,497.872,1.0,507.69,503.187,1.0,496.977,511.987,1.0,487.894,517.747,1.0,482.201,520.908,1.0,599.161,841.077,1.0,604.002,844.421,1.0,609.032,842.083,1.0,617.563,842.255,1.0,628.115,840.63,1.0,594.895,72.854,1.0,591.878,76.55,1.0,595.762,86.456,1.0,599.598,89.64,1.0,606.351,98.165,1.0
597,426.481,605.182,1.0,432.81,597.245,1.0,443.59,601.191,1.0,451.864,597.969,1.0,458.903,595.368,1.0,846.805,566.445,1.0,842.851,565.384,1.0,829.123,568.011,1.0,823.958,566.09,1.0,812.852,559.933,1.0,512.644,495.94,1.0,507.69,502.898,1.0,499.524,509.703,1.0,489.995,516.721,1.0,482.511,520.908,1.0,599.161,841.077,1.0,604.002,845.806,1.0,609.314,842.083,1.0,617.641,842.255,1.0,628.115,840.63,1.0,596.841,72.854,1.0,593.715,76.55,1.0,595.822,86.385,1.0,599.598,89.23,1.0,606.351,98.12,1.0
598,426.207,605.008,1.0,432.469,597.117,1.0,443.576,601.191,1.0,451.864,597.895,1.0,458.741,595.368,1.0,849.591,564.519,1.0,840.62,563.767,1.0,830.477,568.132,1.0,825.361,566.295,1.0,812.852,559.746,1.0,517.228,491.455,1.0,511.688,502.769,1.0,499.587,509.165,1.0,491.547,514.835,1.0,482.869,521.704,1.0,595.104,841.077,1.0,600.192,845.731,1.0,609.032,842.117,1.0,617.641,842.255,1.0,628.115,840.121,1.0,601.828,75.04,1.0,595.065,76.55,1.0,595.822,85.261,1.0,599.372,89.338,1.0,606.242,97.5,1.0
599,425.725,605.182,1.0,432.378,597.245,1.0,443.466,601.281,1.0,451.113,597.895,1.0,458.708,595.367,1.0,849.702,564.449,1.0,840.62,563.743,1.0,830.526,568.304,1.0,825.446,566.295,1.0,812.761,559.678,1.0,518.151,491.251,1.0,511.948,502.769,1.0,499.597,509.125,1.0,491.694,514.716,1.0,482.973,521.704,1.0,595.104,848.938,1.0,600.192,845.731,1.0,607.719,842.109,1.0,617.563,841.79,1.0,627.171,840.269,1.0,601.828,75.04,1.0,595.477,76.55,1.0,595.839,85.098,1.0,598.305,89.1,1.0,606.239,97.424,1.0
600,425.629,605.182,1.0,431.549,597.34,1.0,443.043,600.985,1.0,449.479,597.969,1.0,458.282,594.669,1.0,849.838,564.449,1.0,840.616,563.59,1.0,830.533,569.081,1.0,825.446,566.295,1.0,812.761,559.664,1.0,519.512,491.149,1.0,513.048,502.769,1.0,500.335,508.789,1.0,492.471,513.409,1.0,483.605,521.704,1.0,595.104,855.372,1.0,600.192,846.422,1.0,606.888,842.083,1.0,617.033,841.79,1.0,627.138,839.988,1.0,601.828,75.04,1.0,595.598,76.335,1.0,595.852,85.098,1.0,599.347,88.275,1.0,606.239,97.424,1.0
601,422.749,604.935,1.0,431.437,600.014,1.0,440.172,600.995,1.0,445.147,597.969,1.0,457.308,594.669,1.0,849.841,564.449,1.0,840.616,563.543,1.0,830.533,569.224,1.0,825.446,566.204,1.0,812.706,559.664,1.0,522.137,491.015,1.0,515.091,502.565,1.0,500.82,508.644,1.0,492.958,512.87,1.0,483.974,521.422,1.0,600.907,860.012,1.0,604.194,849.085,1.0,606.888,840.932,1.0,615.68,841.78,1.0,627.138,839.988,1.0,601.357,74.95,1.0,595.635,76.312,1.0,596.108,85.048,1.0,598.647,88.204,1.0,606.242,97.5,1.0
602,422.095,603.876,1.0,429.74,600.444,1.0,436.133,600.995,1.0,444.311,597.765,1.0,456.263,594.669,1.0,849.928,565.038,1.0,840.599,563.291,1.0,830.533,569.224,1.0,825.121,566.123,1.0,812.387,559.691,1.0,522.724,490.819,1.0,515.091,502.327,1.0,500.82,508.467,1.0,492.972,512.727,1.0,484.168,521.163,1.0,603.542,860.561,1.0,605.31,849.362,1.0,606.888,841.247,1.0,615.559,841.544,1.0,627.171,840.269,1.0,600.171,72.583,1.0,595.785,76.179,1.0,596.302,84.993,1.0,598.972,87.997,1.0,607.213,97.68,1.0
603,420.634,603.679,1.0,428.663,600.565,1.0,435.259,601.25,1.0,443.581,603.828,1.0,455.899,596.839,1.0,849.939,566.321,1.0,840.599,563.167,1.0,830.724,569.224,1.0,825.121,566.117,1.0,812.349,559.664,1.0,522.968,490.812,1.0,515.684,502.256,1.0,500.821,508.456,1.0,492.99,512.614,1.0,484.18,521.163,1.0,603.573,860.649,1.0,607.06,849.362,1.0,609.628,840.932,1.0,615.47,841.528,1.0,627.456,840.269,1.0,600.171,72.583,1.0,595.88,75.516,1.0,596.302,84.993,1.0,598.647,87.94,1.0,607.213,97.68,1.0
604,420.634,603.198,1.0,428.563,600.565,1.0,435.259,601.25,1.0,443.128,603.858,1.0,455.772,598.192,1.0,850.062,566.575,1.0,840.599,563.132,1.0,830.731,569.224,1.0,825.121,566.076,1.0,812.349,559.691,1.0,523.273,490.812,1.0,515.751,502.256,1.0,501.032,508.105,1.0,492.99,512.587,1.0,484.368,521.163,1.0,603.77,860.68,1.0,607.4,849.362,1.0,609.994,840.88,1.0,615.559,841.197,1.0,627.525,840.271,1.0,600.171,72.583,1.0,595.88,75.516,1.0,596.525,84.983,1.0,598.972,87.94,1.0,607.213,97.68,1.0
605,420.634,602.965,1.0,428.492,600.565,1.0,435.249,601.25,1.0,442.526,603.828,1.0,455.772,598.3,1.0,851.299,566.734,1.0,841.861,562.86,1.0,831.693,569.374,1.0,825.359,566.069,1.0,812.349,559.741,1.0,523.273,490.812,1.0,515.684,501.78,1.0,501.46,507.33,1.0,493.028,511.722,1.0,488.77,520.852,1.0,603.77,860.68,1.0,607.627,849.223,1.0,610.002,840.932,1.0,615.68,841.021,1.0,627.59,840.271,1.0,600.171,73.557,1.0,595.88,75.516,1.0,596.525,84.983,1.0,598.647,87.94,1.0,607.324,97.775,1.0
606,420.173,603.679,1.0,428.014,600.614,1.0,435.218,601.323,1.0,441.565,595.732,1.0,454.824,598.358,1.0,851.858,566.834,1.0,841.876,562.811,1.0,831.693,569.374,1.0,825.451,566.036,1.0,812.492,559.764,1.0,523.421,490.812,1.0,515.056,501.333,1.0,502.17,506.854,1.0,493.058,510.504,1.0,488.774,520.852,1.0,603.808,860.689,1.0,607.886,849.223,1.0,610.15,841.247,1.0,615.734,840.893,1.0,627.59,840.185,1.0,598.733,74.367,1.0,595.838,76.298,1.0,596.667,84.983,1.0,598.972,88.235,1.0,607.371,97.804,1.0
607,420.1,603.679,1.0,426.832,600.633,1.0,435.218,601.388,1.0,441.565,596.423,1.0,452.195,599.028,1.0,851.901,567.049,1.0,841.971,562.811,1.0,831.782,569.375,1.0,825.451,565.856,1.0,812.492,559.764,1.0,523.421,490.675,1.0,508.853,498.543,1.0,505.84,506.752,1.0,495.985,509.339,1.0,488.963,517.959,1.0,603.99,860.829,1.0,607.893,849.223,1.0,610.745,841.687,1.0,615.734,840.87,1.0,627.525,840.145,1.0,593.843,74.83,1.0,593.392,77.399,1.0,596.67,86.169,1.0,598.977,89.857,1.0,607.545,98.577,1.0
608,408.731,604.083,1.0,419.525,604.941,1.0,429.52,603.17,1.0,441.209,596.423,1.0,449.686,600.327,1.0,851.901,567.059,1.0,842.125,562.811,1.0,831.782,569.375,1.0,825.466,565.856,1.0,812.492,559.807,1.0,519.4,490.675,1.0,508.853,498.543,1.0,505.964,506.198,1.0,496.251,508.68,1.0,488.963,517.252,1.0,604.082,860.852,1.0,608.898,849.299,1.0,610.745,842.404,1.0,615.734,840.63,1.0,627.574,840.145,1.0,588.903,77.839,1.0,591.808,78.574,1.0,596.67,86.169,1.0,599.57,89.857,1.0,607.61,98.577,1.0
609,406.454,605.084,1.0,418.813,605.11,1.0,429.042,603.733,1.0,440.345,596.423,1.0,447.915,600.857,1.0,851.858,570.838,1.0,842.125,563.277,1.0,831.734,569.375,1.0,825.466,565.856,1.0,812.376,559.764,1.0,517.93,487.795,1.0,508.792,497.64,1.0,506.609,505.406,1.0,496.73,507.877,1.0,489.497,517.042,1.0,604.082,861.317,1.0,609.554,849.591,1.0,610.745,842.697,1.0,615.545,840.63,1.0,627.574,840.145,1.0,582.523,81.79,1.0,591.484,78.668,1.0,596.67,86.169,1.0,600.176,89.857,1.0,607.722,98.577,1.0
610,406.315,605.178,1.0,418.629,605.171,1.0,428.733,603.868,1.0,440.345,597.552,1.0,446.295,602.947,1.0,851.326,575.411,1.0,842.529,564.589,1.0,831.734,569.504,1.0,826.137,566.447,1.0,812.341,559.764,1.0,516.797,487.795,1.0,508.585,497.614,1.0,506.627,505.142,1.0,496.883,507.734,1.0,489.532,516.896,1.0,604.082,861.629,1.0,609.77,851.74,1.0,610.306,844.252,1.0,615.545,840.405,1.0,627.574,840.353,1.0,582.523,81.863,1.0,591.469,79.271,1.0,596.288,86.169,1.0,600.176,89.684,1.0,607.877,98.466,1.0
611,406.001,605.534,1.0,418.446,605.228,1.0,427.891,604.247,1.0,439.744,598.017,1.0,444.868,603.488,1.0,851.079,575.939,1.0,842.544,564.659,1.0,831.86,569.504,1.0,826.202,566.447,1.0,812.324,559.876,1.0,516.661,487.795,1.0,507.747,497.614,1.0,506.627,504.74,1.0,496.916,507.452,1.0,489.565,516.545,1.0,603.844,861.632,1.0,609.908,853.022,1.0,610.16,845.453,1.0,615.545,840.344,1.0,627.574,840.353,1.0,582.355,86.371,1.0,591.469,80.515,1.0,595.943,86.169,1.0,600.176,89.599,1.0,608.338,98.459,1.0
612,405.946,605.534,1.0,418.408,605.303,1.0,427.627,604.412,1.0,434.096,601.368,1.0,444.868,603.488,1.0,851.079,576.022,1.0,842.552,564.86,1.0,831.912,569.701,1.0,826.287,566.515,1.0,812.183,559.88,1.0,515.432,491.133,1.0,507.747,497.614,1.0,506.613,504.617,1.0,496.916,507.074,1.0,489.811,516.372,1.0,603.844,861.632,1.0,609.77,853.67,1.0,610.16,847.695,1.0,616.749,839.089,1.0,628.366,840.421,1.0,582.355,90.274,1.0,591.028,83.41,1.0,595.335,86.192,1.0,599.667,89.548,1.0,609.097,98.127,1.0
613,405.946,605.534,1.0,418.389,605.303,1.0,427.35,604.634,1.0,433.398,602.079,1.0,444.557,603.488,1.0,851.326,576.022,1.0,843.102,564.86,1.0,832.208,569.53,1.0,826.689,566.447,1.0,812.135,559.88,1.0,515.432,491.329,1.0,507.747,496.955,1.0,506.609,504.317,1.0,497.161,507.043,1.0,489.825,516.266,1.0,603.844,861.632,1.0,609.77,853.779,1.0,610.16,848.695,1.0,617.054,838.96,1.0,628.366,840.454,1.0,582.355,92.808,1.0,590.84,86.077,1.0,595.33,86.576,1.0,599.35,89.473,1.0,609.097,97.543,1.0
614,405.531,605.534,1.0,418.309,605.342,1.0,426.557,604.669,1.0,432.263,602.079,1.0,444.178,601.644,1.0,851.701,576.018,1.0,843.183,564.86,1.0,832.403,569.601,1.0,826.693,566.423,1.0,812.078,559.912,1.0,515.432,491.329,1.0,515.129,496.343,1.0,505.297,503.737,1.0,497.261,507.01,1.0,490.059,516.158,1.0,603.805,861.629,1.0,608.726,854.476,1.0,610.16,848.695,1.0,617.054,838.96,1.0,628.366,840.469,1.0,581.823,96.883,1.0,586.54,88.313,1.0,593.987,86.601,1.0,598.955,89.25,1.0,609.097,97.188,1.0
615,405.531,605.198,1.0,417.084,606.189,1.0,423.775,605.636,1.0,430.438,602.079,1.0,443.529,601.644,1.0,852.118,575.939,1.0,843.379,564.878,1.0,832.667,569.601,1.0,826.928,566.423,1.0,811.976,559.889,1.0,515.696,491.329,1.0,515.129,496.955,1.0,502.232,503.125,1.0,497.288,506.356,1.0,490.261,516.158,1.0,603.39,861.632,1.0,608.726,854.539,1.0,610.16,848.695,1.0,617.054,839.089,1.0,627.779,840.526,1.0,581.773,96.942,1.0,586.419,88.667,1.0,593.905,86.65,1.0,598.955,88.83,1.0,609.094,96.894,1.0
616,405.531,603.481,1.0,415.165,606.189,1.0,422.143,605.678,1.0,428.2,601.34,1.0,443.529,601.644,1.0,852.23,575.926,1.0,843.415,564.86,1.0,832.755,569.601,1.0,826.934,566.385,1.0,811.952,559.889,1.0,515.705,490.904,1.0,515.129,497.803,1.0,501.553,503.125,1.0,498.695,506.356,1.0,490.725,515.56,1.0,603.127,862.92,1.0,607.576,854.539,1.0,610.572,848.698,1.0,616.918,839.174,1.0,627.303,840.639,1.0,580.223,97.052,1.0,584.257,88.944,1.0,593.199,86.717,1.0,598.882,88.322,1.0,608.843,96.585,1.0
617,404.785,601.579,1.0,414.497,606.189,1.0,421.943,605.801,1.0,427.058,597.223,1.0,441.916,601.857,1.0,852.23,575.829,1.0,843.543,564.831,1.0,832.819,569.601,1.0,827.211,566.385,1.0,811.952,559.889,1.0,515.893,490.904,1.0,513.897,496.955,1.0,501.553,502.902,1.0,498.915,506.019,1.0,491.13,515.56,1.0,601.236,863.285,1.0,607.576,857.3,1.0,610.783,848.88,1.0,616.152,840.522,1.0,624.765,841.189,1.0,577.365,97.287,1.0,582.571,89.329,1.0,591.52,87.639,1.0,598.681,88.322,1.0,607.907,95.78,1.0
618,404.224,601.53,1.0,413.218,605.174,1.0,421.381,605.801,1.0,426.883,597.223,1.0,439.171,602.135,1.0,852.23,575.818,1.0,843.641,564.654,1.0,832.915,569.601,1.0,827.242,566.45,1.0,811.976,559.889,1.0,516.388,490.904,1.0,513.897,495.757,1.0,502.232,502.382,1.0,499.254,505.974,1.0,491.328,515.56,1.0,601.011,866.368,1.0,607.091,859.892,1.0,609.296,855.166,1.0,613.123,848.947,1.0,621.043,843.682,1.0,573.855,97.357,1.0,582.463,89.383,1.0,591.338,87.995,1.0,597.047,87.154,1.0,605.367,91.9,1.0
619,403.826,601.53,1.0,412.82,605.174,1.0,421.172,605.762,1.0,426.527,597.223,1.0,438.741,602.641,1.0,852.232,575.829,1.0,843.906,564.636,1.0,833.428,569.6,1.0,827.541,566.485,1.0,812.922,559.671,1.0,523.428,495.372,1.0,513.897,494.758,1.0,502.824,501.507,1.0,499.516,505.974,1.0,491.898,515.907,1.0,601.011,867.043,1.0,606.639,860.531,1.0,609.296,855.166,1.0,612.371,850.324,1.0,619.46,843.682,1.0,573.722,97.327,1.0,582.45,89.51,1.0,590.951,87.995,1.0,597.047,87.154,1.0,605.142,91.9,1.0
620,403.649,601.579,1.0,412.591,605.174,1.0,420.743,605.762,1.0,426.527,597.382,1.0,438.028,602.907,1.0,852.232,575.818,1.0,843.906,564.636,1.0,833.428,569.511,1.0,827.541,566.485,1.0,812.922,559.671,1.0,524.159,495.372,1.0,517.253,491.73,1.0,505.414,499.059,1.0,499.712,505.259,1.0,491.898,516.002,1.0,600.946,867.931,1.0,605.521,860.8,1.0,609.296,855.407,1.0,612.371,850.379,1.0,619.191,843.87,1.0,573.713,97.287,1.0,582.45,89.809,1.0,590.939,88.155,1.0,595.967,88.309,1.0,604.996,91.9,1.0
621,401.603,602.377,1.0,410.363,605.911,1.0,420.517,605.801,1.0,425.972,597.901,1.0,435.514,602.964,1.0,852.232,575.829,1.0,843.906,564.636,1.0,833.428,569.511,1.0,827.541,566.485,1.0,812.922,559.671,1.0,525.877,495.372,1.0,517.651,491.642,1.0,505.585,498.791,1.0,500.206,505.001,1.0,491.898,516.346,1.0,600.946,868.47,1.0,605.087,861.219,1.0,609.122,855.78,1.0,611.804,850.421,1.0,619.009,843.87,1.0,573.486,97.287,1.0,581.972,89.809,1.0,590.708,88.172,1.0,595.467,88.309,1.0,604.528,91.849,1.0
622,394.943,609.28,1.0,403.815,606.094,1.0,413.786,606.584,1.0,425.827,599.063,1.0,434.628,602.964,1.0,852.232,575.884,1.0,843.76,564.636,1.0,833.158,569.434,1.0,827.384,566.46,1.0,812.054,559.739,1.0,527.128,494.976,1.0,518.733,491.592,1.0,505.951,498.241,1.0,500.26,504.581,1.0,491.898,516.384,1.0,600.946,868.634,1.0,604.807,861.536,1.0,608.754,855.407,1.0,611.767,850.379,1.0,618.966,843.87,1.0,572.863,97.327,1.0,580.795,89.809,1.0,588.66,88.468,1.0,595.063,88.309,1.0,603.534,91.849,1.0
623,393.598,609.337,1.0,403.187,606.836,1.0,413.232,606.813,1.0,425.203,599.821,1.0,433.957,602.964,1.0,852.232,575.923,1.0,843.76,564.697,1.0,833.158,569.426,1.0,827.384,566.46,1.0,812.024,559.739,1.0,527.911,494.184,1.0,519.451,491.134,1.0,506.042,498.241,1.0,500.596,504.581,1.0,491.979,516.384,1.0,601.365,869.208,1.0,604.807,862.885,1.0,607.133,855.407,1.0,611.217,850.379,1.0,618.939,843.901,1.0,571.067,97.327,1.0,577.397,91.297,1.0,586.638,89.042,1.0,593.009,88.944,1.0,601.622,91.849,1.0
624,393.598,611.208,1.0,401.133,607.074,1.0,411.244,607.249,1.0,423.403,600.921,1.0,433.594,602.208,1.0,852.317,576.168,1.0,843.76,564.697,1.0,833.158,569.403,1.0,827.384,566.46,1.0,812.024,559.75,1.0,528.205,494.109,1.0,519.75,490.815,1.0,506.042,498.241,1.0,501.658,504.581,1.0,492.161,516.384,1.0,603.43,874.704,1.0,604.782,866.402,1.0,605.692,856.464,1.0,607.628,849.675,1.0,618.22,844.19,1.0,567.12,98.154,1.0,575.594,91.556,1.0,583.596,89.629,1.0,589.551,89.383,1.0,598.215,88.299,1.0
625,393.698,611.208,1.0,401.133,607.153,1.0,411.244,607.285,1.0,423.078,601.019,1.0,433.336,602.208,1.0,853.027,576.227,1.0,844.623,564.933,1.0,833.419,569.343,1.0,827.384,566.462,1.0,812.054,559.75,1.0,528.888,492.726,1.0,520.628,490.43,1.0,505.951,498.38,1.0,503.658,505.018,1.0,493.231,515.373,1.0,607.068,876.498,1.0,604.782,869.042,1.0,604.873,857.06,1.0,606.528,849.314,1.0,618.051,844.864,1.0,567.116,98.155,1.0,575.384,91.556,1.0,582.176,89.629,1.0,589.34,89.657,1.0,597.492,88.127,1.0
626,393.698,611.208,1.0,401.033,607.258,1.0,411.029,607.53,1.0,422.912,601.359,1.0,433.206,602.208,1.0,854.629,576.236,1.0,846.035,564.933,1.0,834.408,569.011,1.0,827.384,566.466,1.0,812.75,559.75,1.0,528.952,492.699,1.0,520.628,490.162,1.0,505.464,498.38,1.0,503.658,505.602,1.0,494.679,513.661,1.0,607.068,876.555,1.0,604.806,869.042,1.0,604.873,857.06,1.0,606.528,848.836,1.0,618.051,844.864,1.0,567.107,98.234,1.0,574.865,91.556,1.0,581.832,89.165,1.0,588.534,90.116,1.0,597.453,88.12,1.0
627,393.698,611.208,1.0,400.95,607.296,1.0,410.906,607.631,1.0,419.127,606.498,1.0,432.865,602.24,1.0,855.434,576.564,1.0,846.319,564.924,1.0,834.729,568.754,1.0,818.996,566.623,1.0,812.803,559.866,1.0,529.0,492.558,1.0,520.718,490.066,1.0,505.464,498.38,1.0,503.658,505.818,1.0,495.531,512.318,1.0,607.068,876.585,1.0,604.842,869.042,1.0,604.873,857.06,1.0,606.528,848.836,1.0,618.051,844.864,1.0,567.107,98.637,1.0,574.747,91.385,1.0,580.958,89.525,1.0,588.151,89.657,1.0,597.105,87.643,1.0
628,393.698,611.208,1.0,400.95,607.817,1.0,410.848,607.631,1.0,418.275,606.657,1.0,432.52,602.623,1.0,855.464,576.581,1.0,846.476,564.924,1.0,834.807,568.741,1.0,818.996,566.696,1.0,812.85,559.927,1.0,529.084,492.554,1.0,520.718,489.925,1.0,505.464,498.294,1.0,503.645,506.094,1.0,495.531,512.318,1.0,606.726,876.585,1.0,605.075,868.83,1.0,605.074,856.161,1.0,606.921,848.11,1.0,618.405,844.317,1.0,565.143,98.637,1.0,572.565,91.385,1.0,579.652,89.165,1.0,586.63,89.657,1.0,596.182,87.096,1.0
629,392.01,612.899,1.0,401.255,610.973,1.0,408.884,607.631,1.0,416.494,607.848,1.0,429.312,603.751,1.0,855.528,576.595,1.0,846.532,564.924,1.0,834.955,568.618,1.0,818.996,566.696,1.0,813.266,559.927,1.0,529.084,492.561,1.0,520.929,489.767,1.0,505.607,498.173,1.0,503.645,505.818,1.0,495.531,512.318,1.0,606.605,876.585,1.0,605.075,868.747,1.0,605.395,856.061,1.0,607.032,847.566,1.0,618.53,844.281,1.0,562.523,98.155,1.0,569.201,91.385,1.0,578.659,89.165,1.0,586.162,85.105,1.0,594.981,85.485,1.0
630,391.74,614.582,1.0,400.746,611.458,1.0,407.701,605.135,1.0,414.705,607.848,1.0,428.927,604.505,1.0,855.629,576.683,1.0,846.604,564.762,1.0,835.078,568.506,1.0,819.269,566.632,1.0,813.601,559.742,1.0,529.25,492.152,1.0,520.929,489.148,1.0,506.032,498.079,1.0,503.645,505.818,1.0,495.531,512.318,1.0,605.581,876.549,1.0,605.075,867.794,1.0,605.546,854.825,1.0,607.603,847.442,1.0,618.634,843.993,1.0,557.956,93.129,1.0,566.835,91.764,1.0,577.67,89.525,1.0,586.162,85.031,1.0,594.502,85.084,1.0
631,390.972,614.607,1.0,400.147,611.776,1.0,405.781,604.695,1.0,413.735,607.848,1.0,428.119,606.212,1.0,856.472,577.236,1.0,847.06,564.744,1.0,836.028,566.774,1.0,820.927,566.632,1.0,813.653,558.192,1.0,529.583,491.8,1.0,520.929,488.803,1.0,507.242,498.079,1.0,503.645,506.196,1.0,495.739,511.962,1.0,603.356,874.679,1.0,604.547,866.272,1.0,605.846,854.825,1.0,607.603,847.247,1.0,618.793,843.993,1.0,557.866,93.129,1.0,566.563,92.267,1.0,577.212,89.617,1.0,586.162,85.031,1.0,594.476,85.084,1.0
632,389.067,620.845,1.0,400.147,612.626,1.0,405.722,604.512,1.0,410.336,602.407,1.0,425.54,606.681,1.0,856.506,577.377,1.0,847.115,564.5,1.0,836.228,566.774,1.0,821.693,566.575,1.0,815.683,557.976,1.0,530.37,485.41,1.0,520.932,484.762,1.0,512.064,491.845,1.0,504.769,506.196,1.0,498.859,507.448,1.0,602.537,874.679,1.0,602.958,866.272,1.0,605.846,854.825,1.0,607.603,847.143,1.0,618.795,843.952,1.0,557.343,93.129,1.0,566.55,92.797,1.0,577.123,90.447,1.0,585.916,85.031,1.0,594.254,85.084,1.0
633,389.067,620.845,1.0,399.695,612.626,1.0,405.722,604.482,1.0,410.266,602.344,1.0,425.3,606.681,1.0,856.57,577.584,1.0,847.115,564.5,1.0,836.421,566.511,1.0,821.793,566.366,1.0,815.708,557.703,1.0,532.064,484.202,1.0,520.932,484.72,1.0,512.429,491.845,1.0,504.785,506.006,1.0,498.882,507.448,1.0,600.079,874.679,1.0,602.061,866.272,1.0,605.878,854.969,1.0,606.961,847.247,1.0,618.795,843.838,1.0,556.454,93.304,1.0,566.485,92.836,1.0,576.717,90.589,1.0,585.916,85.089,1.0,594.254,85.119,1.0
634,389.021,620.845,1.0,399.434,612.82,1.0,404.945,604.512,1.0,410.194,602.344,1.0,425.015,606.914,1.0,856.57,577.587,1.0,847.115,564.5,1.0,836.447,566.707,1.0,822.019,566.168,1.0,815.875,557.703,1.0,532.947,483.776,1.0,520.932,484.453,1.0,512.827,491.845,1.0,505.12,506.006,1.0,498.98,507.448,1.0,598.387,872.611,1.0,601.933,865.408,1.0,606.252,855.675,1.0,606.769,847.247,1.0,618.793,843.816,1.0,555.983,93.304,1.0,564.774,93.4,1.0,574.924,91.924,1.0,580.009,88.994,1.0,589.288,85.119,1.0
635,388.975,620.358,1.0,399.02,612.82,1.0,404.008,604.512,1.0,409.73,602.344,1.0,423.383,607.042,1.0,856.506,577.734,1.0,847.222,564.504,1.0,836.658,566.707,1.0,822.054,566.16,1.0,815.991,557.703,1.0,535.42,482.041,1.0,523.017,483.358,1.0,516.107,494.927,1.0,507.877,503.381,1.0,499.252,507.554,1.0,598.387,872.082,1.0,601.933,865.408,1.0,606.252,855.675,1.0,606.769,847.247,1.0,618.795,843.816,1.0,554.085,93.54,1.0,560.549,93.673,1.0,570.908,94.687,1.0,577.846,91.374,1.0,586.098,85.462,1.0
636,388.534,619.912,1.0,397.711,613.129,1.0,402.397,605.592,1.0,409.143,602.953,1.0,422.054,607.076,1.0,856.506,577.734,1.0,847.307,564.504,1.0,836.658,566.788,1.0,822.183,566.077,1.0,815.991,557.703,1.0,536.614,481.256,1.0,524.067,482.703,1.0,516.878,495.037,1.0,509.582,499.643,1.0,500.727,507.554,1.0,598.387,872.082,1.0,602.009,865.408,1.0,606.252,855.675,1.0,606.769,847.389,1.0,618.773,843.754,1.0,553.754,93.54,1.0,560.072,94.147,1.0,570.307,94.744,1.0,577.4,91.654,1.0,584.704,86.312,1.0
637,381.734,614.003,1.0,387.74,614.742,1.0,400.692,606.495,1.0,408.563,604.018,1.0,421.27,607.454,1.0,856.57,577.734,1.0,847.355,564.653,1.0,836.764,566.788,1.0,822.228,566.077,1.0,816.08,557.703,1.0,537.54,480.868,1.0,524.483,482.411,1.0,517.475,495.31,1.0,510.065,499.569,1.0,500.855,507.554,1.0,599.33,871.473,1.0,601.933,864.563,1.0,607.351,853.867,1.0,609.898,851.432,1.0,618.772,843.754,1.0,551.915,93.54,1.0,559.035,94.147,1.0,569.357,94.818,1.0,577.064,91.763,1.0,584.348,87.346,1.0
638,379.556,613.502,1.0,387.043,615.246,1.0,399.686,607.894,1.0,405.528,607.222,1.0,419.998,607.454,1.0,856.295,577.734,1.0,847.379,564.793,1.0,836.949,566.951,1.0,822.294,566.077,1.0,816.084,557.748,1.0,538.623,479.545,1.0,524.765,482.411,1.0,517.742,495.037,1.0,510.243,499.56,1.0,500.906,507.09,1.0,599.33,871.365,1.0,601.468,864.563,1.0,607.351,853.867,1.0,609.898,851.448,1.0,618.763,843.816,1.0,551.851,93.741,1.0,558.858,94.147,1.0,569.269,94.966,1.0,576.948,91.654,1.0,583.195,88.308,1.0
639,378.897,613.502,1.0,385.297,615.246,1.0,398.297,608.291,1.0,402.835,607.45,1.0,418.883,607.076,1.0,856.173,577.684,1.0,847.379,564.9,1.0,837.107,566.962,1.0,822.329,566.103,1.0,816.231,557.867,1.0,538.827,479.359,1.0,525.099,482.411,1.0,517.753,495.037,1.0,510.279,499.237,1.0,500.932,506.888,1.0,599.33,871.365,1.0,601.468,864.563,1.0,607.351,853.867,1.0,609.898,851.448,1.0,618.692,843.868,1.0,551.08,93.741,1.0,558.578,94.147,1.0,568.524,94.966,1.0,576.833,91.374,1.0,580.939,88.725,1.0
640,378.897,613.304,1.0,385.104,614.742,1.0,397.604,608.291,1.0,402.835,607.45,1.0,418.774,607.072,1.0,856.097,571.841,1.0,849.653,566.529,1.0,838.971,567.064,1.0,822.706,566.503,1.0,816.607,558.315,1.0,538.907,479.291,1.0,531.387,488.073,1.0,517.854,494.86,1.0,510.557,499.171,1.0,501.373,506.886,1.0,598.966,871.473,1.0,601.006,864.51,1.0,607.007,854.538,1.0,609.52,851.448,1.0,618.621,843.872,1.0,545.664,93.741,1.0,553.545,93.115,1.0,564.231,94.966,1.0,571.012,90.185,1.0,578.72,88.743,1.0
641,378.591,613.502,1.0,384.926,615.246,1.0,397.133,608.631,1.0,402.771,607.222,1.0,415.15,607.072,1.0,856.173,571.749,1.0,850.429,566.895,1.0,839.823,567.211,1.0,822.828,566.596,1.0,816.607,558.315,1.0,538.907,478.882,1.0,531.387,488.073,1.0,517.854,494.416,1.0,510.712,498.997,1.0,501.415,506.752,1.0,598.389,871.745,1.0,600.901,864.755,1.0,606.69,855.562,1.0,606.722,850.807,1.0,618.37,844.225,1.0,544.482,92.042,1.0,552.166,93.025,1.0,562.841,94.752,1.0,570.102,90.185,1.0,578.569,88.725,1.0
642,378.591,613.591,1.0,384.926,615.246,1.0,396.608,608.631,1.0,401.908,606.964,1.0,414.352,607.072,1.0,856.173,571.749,1.0,850.48,566.902,1.0,839.904,567.254,1.0,822.893,566.685,1.0,816.624,558.363,1.0,539.054,478.389,1.0,531.387,488.073,1.0,518.479,494.007,1.0,510.913,497.631,1.0,501.931,506.656,1.0,597.992,872.125,1.0,599.362,864.796,1.0,606.259,856.399,1.0,606.308,850.807,1.0,618.286,844.452,1.0,544.281,92.042,1.0,551.782,92.793,1.0,562.388,93.999,1.0,569.172,90.185,1.0,578.094,88.725,1.0
643,376.319,614.754,1.0,385.297,615.652,1.0,393.685,610.074,1.0,401.908,606.85,1.0,412.586,607.819,1.0,856.175,571.749,1.0,850.48,566.945,1.0,839.904,567.415,1.0,823.031,566.596,1.0,816.728,558.363,1.0,539.521,475.664,1.0,527.636,485.486,1.0,521.824,493.733,1.0,510.918,496.184,1.0,503.733,505.278,1.0,597.836,872.125,1.0,599.126,864.796,1.0,604.975,858.332,1.0,605.824,850.807,1.0,617.379,846.312,1.0,543.06,92.042,1.0,551.605,92.616,1.0,561.053,93.946,1.0,568.254,90.614,1.0,577.876,88.743,1.0
644,374.657,625.387,1.0,385.425,616.331,1.0,391.728,610.597,1.0,397.734,606.85,1.0,410.945,607.834,1.0,856.308,571.749,1.0,850.454,567.003,1.0,839.857,567.254,1.0,822.893,566.672,1.0,816.687,558.429,1.0,539.788,475.664,1.0,527.636,484.786,1.0,522.449,492.378,1.0,511.603,495.97,1.0,503.76,505.04,1.0,597.393,872.125,1.0,598.711,864.268,1.0,604.292,858.332,1.0,605.824,850.893,1.0,617.379,847.649,1.0,542.541,92.2,1.0,550.679,92.616,1.0,560.542,93.946,1.0,568.117,91.221,1.0,577.848,88.859,1.0
645,374.454,625.387,1.0,385.425,616.885,1.0,391.13,611.286,1.0,396.306,606.964,1.0,409.179,607.834,1.0,856.793,571.965,1.0,850.454,567.003,1.0,839.857,567.235,1.0,822.828,566.672,1.0,816.687,558.429,1.0,540.275,475.664,1.0,527.636,484.786,1.0,522.822,491.799,1.0,512.508,495.97,1.0,505.214,503.609,1.0,596.938,871.853,1.0,598.517,864.796,1.0,604.282,858.747,1.0,605.824,850.925,1.0,617.34,847.649,1.0,541.504,92.2,1.0,548.386,91.598,1.0,558.23,93.946,1.0,564.564,94.454,1.0,571.882,91.044,1.0
646,373.981,625.392,1.0,385.425,616.459,1.0,390.698,611.326,1.0,395.914,607.626,1.0,408.851,607.819,1.0,858.298,576.48,1.0,850.044,567.016,1.0,839.764,567.235,1.0,822.771,566.566,1.0,816.687,558.429,1.0,540.375,476.352,1.0,528.286,484.782,1.0,523.115,491.753,1.0,512.993,495.97,1.0,507.789,502.512,1.0,596.938,870.668,1.0,598.517,864.268,1.0,604.261,858.332,1.0,605.824,851.311,1.0,617.34,847.876,1.0,538.904,92.259,1.0,545.868,91.598,1.0,554.256,95.144,1.0,562.478,96.556,1.0,570.851,91.15,1.0
647,373.887,625.387,1.0,385.266,617.138,1.0,390.698,611.326,1.0,395.526,607.841,1.0,408.332,607.819,1.0,858.298,576.48,1.0,849.437,567.084,1.0,839.209,567.235,1.0,822.66,566.566,1.0,816.675,558.321,1.0,540.62,476.392,1.0,528.348,484.786,1.0,523.456,491.753,1.0,513.607,496.083,1.0,507.968,501.633,1.0,595.665,870.08,1.0,598.517,864.146,1.0,604.261,858.187,1.0,605.872,851.114,1.0,617.34,847.876,1.0,537.55,92.566,1.0,544.873,91.598,1.0,552.48,95.144,1.0,561.134,96.813,1.0,570.328,92.634,1.0
648,373.816,625.374,1.0,385.082,617.138,1.0,390.081,611.802,1.0,395.316,613.495,1.0,408.109,607.834,1.0,858.298,576.48,1.0,849.437,567.17,1.0,839.209,567.225,1.0,822.647,566.514,1.0,816.487,558.321,1.0,540.83,476.392,1.0,528.348,484.786,1.0,523.473,491.34,1.0,513.65,495.97,1.0,508.037,501.566,1.0,593.474,868.573,1.0,597.765,864.137,1.0,604.065,858.187,1.0,605.872,851.114,1.0,617.561,847.876,1.0,535.296,92.698,1.0,543.95,91.934,1.0,552.114,95.144,1.0,560.82,96.813,1.0,569.974,92.821,1.0
649,372.617,623.236,1.0,383.737,616.459,1.0,389.117,612.837,1.0,394.072,614.173,1.0,404.476,609.062,1.0,856.026,571.919,1.0,849.437,567.17,1.0,839.209,567.235,1.0,822.647,566.514,1.0,816.487,558.321,1.0,541.039,476.352,1.0,528.368,484.531,1.0,523.601,491.051,1.0,513.859,495.88,1.0,508.149,501.414,1.0,590.841,862.772,1.0,596.734,863.193,1.0,603.844,858.198,1.0,605.712,851.459,1.0,618.392,847.782,1.0,534.721,93.254,1.0,542.194,91.934,1.0,551.933,95.116,1.0,560.458,96.813,1.0,569.156,92.821,1.0
650,365.014,618.777,1.0,370.324,613.301,1.0,385.588,613.436,1.0,392.059,614.649,1.0,402.483,609.73,1.0,856.026,571.784,1.0,849.69,567.17,1.0,839.405,567.25,1.0,822.647,566.527,1.0,816.487,558.344,1.0,541.104,476.392,1.0,528.565,484.268,1.0,524.007,490.727,1.0,514.397,495.571,1.0,508.154,501.212,1.0,590.841,852.779,1.0,594.19,861.71,1.0,602.78,858.198,1.0,605.712,852.059,1.0,618.392,847.782,1.0,533.855,93.254,1.0,542.139,91.934,1.0,549.389,94.277,1.0,557.05,90.478,1.0,565.478,92.821,1.0
651,364.739,618.449,1.0,370.228,613.265,1.0,383.031,613.692,1.0,390.134,614.65,1.0,400.552,611.343,1.0,856.026,571.697,1.0,849.69,567.277,1.0,839.454,567.352,1.0,822.647,566.606,1.0,816.487,558.586,1.0,541.147,476.426,1.0,529.265,484.268,1.0,524.437,489.939,1.0,515.374,495.303,1.0,508.642,500.96,1.0,589.921,852.007,1.0,593.151,860.785,1.0,602.457,858.784,1.0,605.712,852.059,1.0,618.392,847.782,1.0,531.821,93.254,1.0,539.221,90.78,1.0,547.466,93.702,1.0,554.019,90.122,1.0,563.685,92.234,1.0
652,364.714,618.295,1.0,369.247,613.163,1.0,382.037,614.976,1.0,390.134,614.649,1.0,399.0,611.67,1.0,856.272,571.697,1.0,849.69,567.232,1.0,839.454,567.352,1.0,822.664,566.558,1.0,816.582,558.586,1.0,541.278,476.426,1.0,530.296,484.176,1.0,524.897,489.541,1.0,517.082,495.099,1.0,509.899,500.951,1.0,587.885,851.709,1.0,591.233,858.485,1.0,601.125,860.879,1.0,605.559,852.456,1.0,615.214,847.913,1.0,528.849,89.821,1.0,535.727,90.294,1.0,545.903,92.59,1.0,553.18,90.122,1.0,563.613,91.263,1.0
653,363.919,618.134,1.0,369.004,612.732,1.0,381.769,615.194,1.0,389.139,614.173,1.0,398.829,611.763,1.0,856.283,571.697,1.0,849.483,567.163,1.0,839.454,567.352,1.0,822.664,566.558,1.0,816.582,558.586,1.0,542.865,476.426,1.0,533.633,482.582,1.0,524.995,488.275,1.0,517.082,493.25,1.0,510.516,500.944,1.0,587.501,851.171,1.0,591.233,858.485,1.0,600.865,862.748,1.0,603.868,852.456,1.0,613.002,849.41,1.0,528.557,89.821,1.0,535.552,90.27,1.0,545.84,92.434,1.0,553.121,90.105,1.0,563.572,91.263,1.0
654,363.801,615.218,1.0,368.913,612.732,1.0,380.911,615.406,1.0,388.854,614.15,1.0,398.753,612.129,1.0,856.283,577.188,1.0,849.403,567.14,1.0,839.258,567.192,1.0,822.594,566.558,1.0,816.582,558.49,1.0,543.11,476.426,1.0,535.273,482.335,1.0,525.48,487.953,1.0,517.082,492.781,1.0,511.155,500.458,1.0,587.41,850.947,1.0,591.233,858.36,1.0,600.017,862.865,1.0,603.868,851.72,1.0,612.898,850.076,1.0,528.112,89.547,1.0,535.271,89.798,1.0,545.434,92.158,1.0,552.548,90.105,1.0,563.359,91.024,1.0
655,363.801,615.218,1.0,368.736,612.678,1.0,378.873,616.077,1.0,387.106,614.15,1.0,396.114,612.211,1.0,856.283,577.526,1.0,847.326,565.693,1.0,836.94,567.192,1.0,822.508,566.114,1.0,816.425,558.109,1.0,544.953,476.014,1.0,536.753,481.041,1.0,529.003,484.42,1.0,517.021,489.045,1.0,511.155,499.162,1.0,586.578,850.884,1.0,594.211,857.575,1.0,599.659,862.865,1.0,603.626,851.72,1.0,612.824,850.405,1.0,527.851,88.739,1.0,535.202,89.798,1.0,544.712,92.158,1.0,551.455,90.127,1.0,562.504,91.024,1.0
656,359.945,615.218,1.0,367.683,612.323,1.0,375.89,616.376,1.0,381.992,614.15,1.0,394.53,612.462,1.0,852.424,577.526,1.0,846.308,565.361,1.0,836.596,567.192,1.0,821.868,565.757,1.0,816.425,558.103,1.0,545.189,475.818,1.0,536.753,480.925,1.0,529.098,484.115,1.0,517.021,488.899,1.0,511.172,498.714,1.0,585.967,850.583,1.0,594.211,857.117,1.0,599.489,862.865,1.0,603.385,851.868,1.0,612.376,850.589,1.0,524.831,85.39,1.0,531.736,87.075,1.0,540.508,92.158,1.0,547.362,92.866,1.0,555.461,90.452,1.0
657,356.539,621.819,1.0,364.983,612.323,1.0,375.589,617.089,1.0,381.664,618.228,1.0,394.178,612.738,1.0,848.119,577.526,1.0,844.278,565.361,1.0,836.596,568.438,1.0,821.821,564.541,1.0,816.419,557.895,1.0,545.702,475.517,1.0,536.838,479.986,1.0,529.167,483.426,1.0,517.021,488.55,1.0,511.172,498.59,1.0,585.614,850.517,1.0,594.211,856.904,1.0,599.219,862.324,1.0,603.31,851.868,1.0,612.164,850.589,1.0,521.72,83.467,1.0,530.923,87.075,1.0,538.06,92.379,1.0,547.305,94.492,1.0,554.824,90.452,1.0
658,356.06,621.893,1.0,364.752,612.323,1.0,375.224,617.549,1.0,381.466,618.634,1.0,393.306,612.738,1.0,846.695,575.643,1.0,843.961,565.562,1.0,836.596,568.438,1.0,821.435,564.375,1.0,815.685,557.534,1.0,546.24,474.898,1.0,536.838,479.459,1.0,529.628,482.76,1.0,517.12,488.275,1.0,511.193,498.516,1.0,584.39,850.388,1.0,591.396,854.324,1.0,595.607,858.847,1.0,601.659,854.132,1.0,611.174,850.589,1.0,520.863,83.467,1.0,530.153,87.075,1.0,537.29,93.099,1.0,546.86,94.492,1.0,554.483,90.452,1.0
659,355.808,621.893,1.0,364.276,612.06,1.0,375.224,617.574,1.0,381.064,618.656,1.0,393.203,613.454,1.0,844.92,575.555,1.0,843.513,565.693,1.0,836.596,568.438,1.0,821.435,564.375,1.0,815.407,557.421,1.0,546.24,474.777,1.0,537.067,479.114,1.0,530.214,482.393,1.0,517.365,488.21,1.0,511.613,498.515,1.0,584.183,850.388,1.0,590.47,852.61,1.0,594.243,857.412,1.0,601.403,854.995,1.0,610.907,850.704,1.0,520.863,83.467,1.0,530.153,86.581,1.0,537.29,93.099,1.0,546.531,94.492,1.0,554.438,90.43,1.0
660,355.778,621.819,1.0,364.27,612.06,1.0,375.056,617.574,1.0,380.225,618.695,1.0,392.434,613.908,1.0,840.271,574.754,1.0,843.199,565.968,1.0,836.886,567.954,1.0,821.435,564.375,1.0,815.394,557.421,1.0,546.28,474.646,1.0,537.436,473.46,1.0,531.447,481.606,1.0,518.104,488.21,1.0,511.97,497.529,1.0,580.0,850.388,1.0,588.034,851.476,1.0,591.572,854.913,1.0,600.904,855.644,1.0,609.173,852.218,1.0,520.284,84.046,1.0,529.704,87.511,1.0,537.14,93.099,1.0,545.657,94.419,1.0,553.781,90.43,1.0
661,355.032,620.868,1.0,363.259,612.06,1.0,374.405,617.549,1.0,378.807,618.695,1.0,389.367,614.297,1.0,840.271,574.754,1.0,842.526,567.463,1.0,837.11,567.503,1.0,822.332,565.517,1.0,815.358,557.534,1.0,546.374,473.142,1.0,537.823,473.05,1.0,533.283,481.414,1.0,519.65,487.742,1.0,512.774,495.869,1.0,580.0,850.921,1.0,587.744,851.07,1.0,590.32,854.898,1.0,600.294,855.644,1.0,608.74,853.669,1.0,519.663,92.183,1.0,529.205,87.92,1.0,536.979,92.837,1.0,537.392,89.466,1.0,552.386,89.888,1.0
662,348.396,618.328,1.0,353.653,612.894,1.0,365.795,617.001,1.0,374.958,619.089,1.0,386.08,614.714,1.0,840.271,574.754,1.0,841.776,567.545,1.0,838.213,567.337,1.0,822.579,565.517,1.0,815.292,557.969,1.0,548.902,468.76,1.0,540.24,471.638,1.0,534.991,480.343,1.0,525.309,487.742,1.0,516.886,494.238,1.0,580.0,850.921,1.0,587.531,850.728,1.0,590.229,854.697,1.0,600.247,855.644,1.0,608.722,853.979,1.0,514.705,92.369,1.0,523.301,89.31,1.0,532.6,89.125,1.0,537.336,89.454,1.0,548.574,89.549,0.9850000143051147
663,348.396,618.328,1.0,353.653,612.993,1.0,365.536,615.546,1.0,372.618,619.089,1.0,382.763,616.856,1.0,840.607,576.326,1.0,841.606,568.9,1.0,838.377,567.437,1.0,822.693,565.822,1.0,815.29,558.362,1.0,548.902,463.833,1.0,540.738,470.769,1.0,535.955,479.627,1.0,526.815,487.807,1.0,517.827,494.038,1.0,579.958,850.921,1.0,587.359,850.728,1.0,590.229,854.697,1.0,600.201,855.644,1.0,608.45,854.05,1.0,514.426,92.369,1.0,522.52,89.568,1.0,530.81,89.088,1.0,537.314,89.454,1.0,548.574,89.455,1.0
664,348.377,618.328,1.0,353.649,612.993,1.0,365.384,615.546,1.0,372.618,619.089,1.0,382.268,617.276,1.0,840.853,576.71,1.0,841.451,569.419,1.0,838.377,567.337,1.0,822.693,565.822,1.0,815.261,558.403,1.0,548.902,463.766,1.0,540.841,470.405,1.0,535.955,479.627,1.0,526.815,487.807,1.0,518.358,493.985,1.0,579.958,850.776,1.0,587.236,850.726,1.0,590.172,854.697,1.0,599.904,855.644,1.0,608.417,854.131,1.0,514.17,92.369,1.0,521.61,89.74,1.0,530.802,87.719,1.0,537.336,89.454,1.0,548.574,88.087,1.0
665,348.292,618.498,1.0,353.649,612.993,1.0,365.36,615.546,1.0,372.154,618.606,1.0,381.5,617.276,1.0,842.144,577.878,1.0,841.451,570.165,1.0,838.377,566.808,1.0,822.692,565.879,1.0,815.151,558.512,1.0,548.558,463.585,1.0,540.841,470.405,1.0,535.955,479.429,1.0,526.815,487.756,1.0,518.539,494.038,1.0,575.635,850.202,1.0,581.958,850.236,1.0,589.596,855.286,1.0,599.295,855.348,1.0,606.744,855.682,1.0,512.193,92.369,1.0,521.258,89.74,1.0,530.604,89.088,1.0,537.336,89.466,0.9990000128746033,548.484,89.455,0.8149999976158142
666,348.242,618.806,1.0,353.43,613.121,1.0,364.192,615.902,1.0,371.072,618.493,1.0,380.638,617.276,1.0,842.661,577.974,1.0,841.451,570.852,1.0,835.686,565.984,1.0,822.693,565.89,1.0,815.151,558.512,1.0,548.558,463.296,1.0,540.841,470.405,1.0,535.955,479.429,1.0,526.89,487.756,1.0,518.619,494.238,1.0,571.625,849.643,1.0,578.002,848.468,1.0,589.323,855.476,1.0,596.006,855.279,1.0,605.629,856.153,1.0,511.313,92.467,1.0,518.82,90.195,1.0,528.161,89.125,1.0,532.193,89.751,1.0,547.864,89.455,1.0
667,342.884,623.914,1.0,353.366,613.72,1.0,361.161,615.902,1.0,367.539,616.111,1.0,379.68,617.754,1.0,842.834,578.041,1.0,841.473,571.178,1.0,835.686,565.984,1.0,822.909,566.063,1.0,815.151,558.403,1.0,548.558,463.294,1.0,540.841,470.405,1.0,535.947,479.627,1.0,526.89,487.643,1.0,518.853,494.038,1.0,571.489,849.28,1.0,577.216,847.389,1.0,586.994,856.056,1.0,594.692,854.895,1.0,604.275,856.203,1.0,509.459,94.12,1.0,518.712,91.036,1.0,526.119,89.678,1.0,532.132,91.006,1.0,540.224,90.701,1.0
668,342.828,625.834,1.0,352.403,614.39,1.0,360.169,616.042,1.0,366.901,615.831,1.0,378.57,617.758,1.0,843.094,579.097,1.0,841.669,572.77,1.0,835.686,565.984,1.0,822.959,566.434,1.0,815.268,558.267,1.0,549.759,463.132,1.0,540.841,470.405,1.0,535.947,479.632,1.0,526.738,487.558,1.0,519.002,493.754,1.0,570.875,848.902,1.0,576.651,847.167,1.0,586.332,855.883,1.0,593.909,854.828,1.0,604.055,856.224,1.0,506.781,94.357,1.0,515.924,91.712,1.0,523.458,91.716,1.0,530.748,91.006,1.0,537.179,91.631,1.0
669,341.92,626.275,1.0,349.482,614.39,1.0,355.671,616.042,1.0,363.846,612.347,1.0,376.393,617.758,1.0,843.268,579.18,1.0,841.844,572.963,1.0,835.686,565.984,1.0,822.959,566.448,1.0,815.343,558.225,1.0,554.548,463.132,1.0,541.137,470.666,1.0,536.315,480.525,1.0,527.229,487.354,1.0,519.021,493.754,1.0,570.839,848.831,1.0,576.546,846.986,1.0,586.252,855.476,1.0,593.825,854.703,1.0,604.018,856.258,1.0,505.848,94.449,1.0,515.444,91.712,1.0,523.458,91.716,1.0,530.675,91.006,1.0,536.772,91.631,1.0
670,341.796,626.275,1.0,349.263,614.39,1.0,355.504,616.019,1.0,363.403,612.101,1.0,376.393,618.508,1.0,843.333,579.355,1.0,841.886,573.108,1.0,835.835,566.066,1.0,822.959,566.556,1.0,815.343,558.215,1.0,554.906,463.132,1.0,542.333,470.909,1.0,537.305,480.525,1.0,528.751,486.596,1.0,522.779,490.868,1.0,570.682,848.604,1.0,576.5,846.986,1.0,586.031,855.476,1.0,593.456,854.703,1.0,603.974,856.491,1.0,505.464,94.449,1.0,515.444,91.862,1.0,522.332,91.716,1.0,530.499,90.695,1.0,536.772,91.631,1.0
671,341.434,626.124,1.0,348.952,614.377,1.0,355.408,615.757,1.0,363.355,612.101,1.0,375.293,618.508,1.0,843.575,587.969,1.0,841.901,573.277,1.0,835.907,566.149,1.0,822.959,566.658,1.0,815.378,558.191,1.0,555.023,464.139,1.0,542.702,470.909,1.0,539.815,480.525,1.0,530.494,483.513,1.0,524.303,490.046,1.0,570.33,848.604,1.0,576.05,847.167,1.0,585.107,855.426,1.0,592.746,854.703,1.0,603.974,856.491,1.0,504.425,94.449,1.0,515.226,91.712,1.0,522.332,91.547,1.0,530.032,90.66,1.0,536.585,91.345,1.0
672,341.434,626.124,1.0,348.952,614.39,1.0,355.408,615.757,1.0,362.578,612.101,1.0,375.175,618.508,1.0,843.757,588.006,1.0,841.949,573.277,1.0,836.011,566.149,1.0,822.957,566.658,1.0,815.394,558.191,1.0,555.644,464.255,1.0,542.702,470.997,1.0,539.958,479.969,1.0,530.822,482.788,1.0,524.597,489.827,1.0,566.787,848.32,1.0,575.661,848.186,1.0,583.031,852.987,1.0,591.705,854.703,1.0,602.299,856.728,1.0,501.732,94.449,1.0,515.226,91.576,1.0,519.26,91.382,1.0,523.354,89.875,1.0,536.168,89.959,0.9449999928474426
673,339.637,625.005,1.0,347.671,614.727,1.0,355.373,615.644,1.0,361.764,612.096,1.0,371.609,618.015,1.0,843.922,588.784,1.0,844.842,575.624,1.0,836.02,566.356,1.0,822.953,566.817,1.0,815.411,558.191,1.0,555.644,464.284,1.0,543.546,470.909,1.0,540.533,479.882,1.0,531.114,482.671,1.0,525.112,489.757,1.0,566.787,848.063,1.0,574.526,848.261,1.0,580.465,850.999,1.0,587.238,858.63,1.0,599.199,856.728,1.0,499.404,96.018,1.0,507.369,91.23,1.0,516.251,91.382,1.0,523.068,87.712,1.0,531.543,89.959,1.0
674,332.647,620.543,1.0,338.602,614.727,1.0,351.251,615.644,1.0,361.661,612.096,1.0,370.756,618.015,1.0,844.012,588.874,1.0,844.962,575.628,1.0,836.149,566.391,1.0,822.957,566.82,1.0,815.551,558.093,1.0,555.644,464.284,1.0,543.653,470.389,1.0,540.57,479.401,1.0,531.647,482.378,1.0,525.502,489.227,1.0,566.787,847.168,1.0,573.589,848.261,1.0,579.556,849.911,1.0,584.066,858.63,1.0,598.393,857.06,1.0,499.338,96.114,1.0,507.323,91.113,1.0,516.183,91.488,1.0,523.029,87.417,1.0,531.535,89.959,1.0
675,332.119,619.99,1.0,338.436,614.536,1.0,350.921,615.644,1.0,361.213,612.388,1.0,369.849,617.976,1.0,844.14,588.892,1.0,845.18,575.632,1.0,836.159,566.4,1.0,822.965,566.867,1.0,815.619,558.066,1.0,555.644,464.255,1.0,544.036,470.353,1.0,540.615,479.186,1.0,532.284,482.375,1.0,525.636,489.178,1.0,566.787,847.131,1.0,573.461,848.261,1.0,579.458,849.911,1.0,583.862,858.65,1.0,598.259,857.06,1.0,499.309,96.114,1.0,507.256,91.113,1.0,516.122,91.547,1.0,523.029,87.417,1.0,531.279,89.959,1.0
676,331.598,618.321,1.0,337.467,614.536,1.0,349.949,615.721,1.0,360.895,612.551,1.0,367.805,617.749,1.0,844.267,589.237,1.0,845.258,576.028,1.0,836.301,566.577,1.0,822.965,567.037,1.0,815.697,558.093,1.0,555.644,464.255,1.0,544.087,469.35,1.0,541.23,477.918,1.0,533.616,481.471,1.0,525.636,488.413,1.0,566.787,846.918,1.0,573.329,848.186,1.0,579.336,849.837,1.0,583.78,858.63,1.0,597.951,856.962,1.0,498.948,96.114,1.0,506.206,91.23,1.0,515.566,91.661,1.0,522.374,87.417,1.0,531.279,90.162,1.0
677,331.598,617.884,1.0,337.467,613.948,1.0,349.209,615.75,1.0,360.332,612.587,1.0,367.253,617.553,1.0,844.65,589.403,1.0,845.275,576.504,1.0,836.589,566.748,1.0,822.965,567.108,1.0,815.808,558.164,1.0,555.693,464.242,1.0,546.452,467.519,1.0,542.419,475.374,1.0,533.617,480.884,1.0,526.733,487.143,1.0,566.609,846.912,1.0,572.739,847.813,1.0,578.012,849.705,1.0,582.993,858.449,1.0,597.379,856.902,1.0,495.911,96.011,1.0,502.498,92.792,1.0,512.646,92.352,1.0,519.689,87.711,1.0,524.168,90.368,1.0
678,331.277,617.841,1.0,337.461,613.777,1.0,349.2,615.801,1.0,360.182,613.045,1.0,366.999,617.358,1.0,844.668,589.463,1.0,845.318,576.515,1.0,836.636,566.771,1.0,822.965,567.131,1.0,815.925,558.093,1.0,556.944,461.856,1.0,549.402,464.734,1.0,542.892,473.845,1.0,534.128,477.545,1.0,527.217,487.105,1.0,566.347,845.981,1.0,572.09,847.693,1.0,577.534,849.325,1.0,582.993,857.593,1.0,596.672,856.902,1.0,492.702,95.663,1.0,501.033,94.06,1.0,508.392,92.92,1.0,515.413,93.731,1.0,521.94,90.557,1.0
679,331.207,615.818,1.0,337.456,612.595,1.0,348.382,615.981,1.0,353.85,614.83,1.0,365.923,617.358,1.0,844.794,589.492,1.0,845.581,576.613,1.0,836.687,566.787,1.0,822.822,567.199,1.0,815.935,558.066,1.0,559.519,460.657,1.0,549.863,461.744,1.0,543.025,472.126,1.0,534.308,475.753,1.0,527.589,485.03,1.0,561.966,838.734,1.0,566.917,844.087,1.0,577.282,848.231,1.0,582.51,855.288,1.0,593.703,856.381,1.0,491.575,95.623,1.0,499.411,95.099,1.0,506.896,94.557,1.0,515.364,94.205,1.0,521.299,90.598,1.0
680,329.221,615.734,1.0,336.774,612.595,1.0,346.415,615.981,1.0,352.522,614.83,1.0,365.313,617.358,1.0,845.625,589.713,1.0,845.715,577.059,1.0,836.745,567.041,1.0,822.76,567.131,1.0,815.945,557.905,1.0,560.398,460.101,1.0,553.584,460.618,1.0,545.27,471.298,1.0,534.308,475.473,1.0,527.589,484.991,1.0,561.502,838.734,1.0,565.505,844.082,1.0,575.91,848.172,1.0,581.585,852.603,1.0,591.866,856.073,1.0,489.719,95.663,1.0,499.355,95.099,1.0,506.615,94.783,1.0,515.145,94.205,1.0,521.094,90.598,1.0
681,326.333,609.844,1.0,335.564,612.595,1.0,340.278,615.981,1.0,349.296,614.83,1.0,363.265,617.722,1.0,845.69,589.768,1.0,845.811,577.107,1.0,836.905,567.195,1.0,822.76,567.199,1.0,815.981,557.905,1.0,560.423,459.709,1.0,553.884,460.352,1.0,545.434,470.858,1.0,534.445,475.473,1.0,527.93,484.436,1.0,555.959,838.734,1.0,563.378,842.483,1.0,572.772,847.126,1.0,581.485,852.603,1.0,589.716,855.581,1.0,489.55,95.663,1.0,499.286,95.099,1.0,506.463,94.783,1.0,514.993,94.205,1.0,520.807,90.368,1.0
682,325.886,609.75,1.0,334.225,617.265,1.0,339.356,615.2,1.0,346.673,611.134,1.0,360.685,618.632,1.0,845.877,589.768,1.0,845.841,577.279,1.0,836.953,567.243,1.0,822.76,567.214,1.0,815.995,557.905,1.0,560.423,459.709,1.0,553.884,460.263,1.0,545.5,470.804,1.0,534.554,475.464,1.0,528.15,484.393,1.0,555.959,841.566,1.0,563.201,842.483,1.0,572.629,846.535,1.0,581.485,852.537,1.0,589.594,855.431,1.0,488.733,95.819,1.0,497.755,95.092,1.0,506.121,94.783,1.0,513.773,94.044,1.0,520.768,90.243,1.0
683,324.009,609.338,1.0,333.902,617.265,1.0,338.689,614.763,1.0,346.536,611.134,1.0,357.813,619.333,1.0,846.247,589.768,1.0,845.915,577.279,1.0,836.997,567.243,1.0,822.87,567.199,1.0,816.177,557.939,1.0,560.423,459.699,1.0,553.976,460.097,1.0,545.972,470.688,1.0,535.049,475.381,1.0,528.579,483.904,1.0,555.959,841.801,1.0,563.201,842.483,1.0,572.512,844.881,1.0,581.306,852.498,1.0,589.594,855.431,1.0,485.372,95.819,1.0,494.096,93.78,1.0,502.111,94.312,1.0,511.117,93.4,1.0,518.854,89.854,1.0
684,323.656,609.273,1.0,333.902,617.265,1.0,338.689,614.763,1.0,346.398,610.925,1.0,357.799,619.333,1.0,846.632,589.408,1.0,845.841,577.433,1.0,836.998,567.553,1.0,822.911,567.214,1.0,816.252,558.037,1.0,560.04,459.538,1.0,553.976,460.064,1.0,546.5,470.427,1.0,536.02,475.145,1.0,528.976,483.243,1.0,556.18,841.991,1.0,563.324,842.759,1.0,572.629,844.881,1.0,581.306,852.498,1.0,589.594,855.269,1.0,485.228,95.819,1.0,493.993,93.78,1.0,501.261,93.544,1.0,507.671,88.726,1.0,515.857,89.766,1.0
685,323.633,609.273,1.0,333.618,616.658,1.0,338.491,615.2,1.0,345.687,611.134,1.0,356.767,619.333,1.0,846.674,588.989,1.0,845.841,577.461,1.0,837.143,567.59,1.0,823.485,567.325,1.0,817.094,558.316,1.0,559.992,454.773,1.0,552.963,459.271,1.0,547.568,468.666,1.0,537.203,474.236,1.0,529.205,482.774,1.0,556.363,842.145,1.0,563.378,843.406,1.0,572.772,844.881,1.0,581.306,852.498,1.0,589.633,855.136,1.0,483.724,96.334,1.0,492.652,93.216,1.0,500.952,93.051,1.0,507.65,88.726,1.0,515.42,89.766,1.0
686,320.123,609.338,1.0,331.181,614.986,1.0,338.15,616.2,1.0,344.615,611.169,1.0,353.531,618.655,1.0,847.136,588.989,1.0,846.0,577.461,1.0,837.168,567.696,1.0,824.054,567.374,1.0,817.629,558.899,1.0,558.425,447.993,1.0,550.79,454.502,1.0,549.907,464.892,1.0,538.078,473.158,1.0,529.912,482.168,1.0,556.363,843.618,1.0,563.324,844.464,1.0,572.629,845.885,1.0,581.186,852.442,1.0,589.633,854.451,1.0,483.724,96.334,1.0,492.482,93.192,1.0,500.855,92.901,1.0,507.45,88.726,1.0,515.355,89.747,1.0
687,316.091,612.007,1.0,320.297,614.918,1.0,332.31,617.126,1.0,344.582,611.395,1.0,353.112,618.264,1.0,847.666,588.989,1.0,846.651,578.397,1.0,837.716,568.886,1.0,825.155,567.607,1.0,819.156,559.475,1.0,557.624,447.618,1.0,550.738,454.209,1.0,550.267,464.884,1.0,538.27,473.099,1.0,530.085,481.957,1.0,556.363,845.493,1.0,563.324,846.256,1.0,572.512,845.98,1.0,580.537,852.355,1.0,590.297,854.451,1.0,483.724,95.773,1.0,492.482,92.953,1.0,500.835,92.896,1.0,507.475,88.853,1.0,515.155,89.747,1.0
688,315.289,612.308,1.0,319.841,614.783,1.0,332.31,617.126,1.0,344.334,611.421,1.0,351.308,617.6,1.0,847.666,589.643,1.0,847.008,578.498,1.0,838.269,569.247,1.0,825.286,567.607,1.0,819.716,559.864,1.0,557.2,446.692,1.0,550.738,453.805,1.0,550.274,464.458,1.0,538.489,473.099,1.0,530.171,481.687,1.0,555.044,857.324,1.0,558.512,847.506,1.0,568.573,847.991,1.0,580.537,851.876,1.0,590.297,854.451,1.0,483.957,95.347,1.0,492.652,92.924,1.0,500.683,92.896,1.0,507.45,88.853,1.0,515.155,89.541,1.0
689,315.248,612.308,1.0,319.76,614.632,1.0,332.275,617.126,1.0,344.174,611.757,1.0,351.168,617.533,1.0,847.69,589.714,1.0,847.087,578.557,1.0,838.37,569.248,1.0,825.323,567.607,1.0,819.823,560.059,1.0,557.164,446.506,1.0,550.79,453.683,1.0,550.655,464.316,1.0,538.875,473.099,1.0,530.755,480.955,1.0,555.044,857.324,1.0,558.116,847.506,1.0,568.573,847.991,1.0,580.175,851.725,1.0,590.297,854.481,1.0,483.957,95.347,1.0,492.652,92.924,1.0,500.652,93.051,1.0,507.427,88.853,1.0,515.155,89.528,1.0
690,315.248,612.628,1.0,319.76,614.783,1.0,331.906,617.429,1.0,339.003,616.792,1.0,351.051,617.3,1.0,847.666,589.773,1.0,847.094,578.75,1.0,838.385,569.402,1.0,825.323,567.537,1.0,819.826,560.059,1.0,556.766,444.895,1.0,551.793,452.098,1.0,551.211,462.49,1.0,543.536,473.65,1.0,534.345,477.294,1.0,555.044,857.324,1.0,558.116,847.506,1.0,568.573,847.991,1.0,580.099,850.851,1.0,590.128,854.85,1.0,483.957,94.894,1.0,492.482,92.924,1.0,500.602,93.097,1.0,507.424,88.593,1.0,514.307,89.519,1.0
691,315.215,612.628,1.0,319.76,614.783,1.0,331.355,617.429,1.0,338.858,616.792,1.0,350.232,616.624,1.0,847.567,589.774,1.0,847.142,578.825,1.0,838.473,569.475,1.0,825.286,567.537,1.0,819.841,560.059,1.0,556.696,444.895,1.0,551.906,452.098,1.0,551.211,462.49,1.0,543.618,473.682,1.0,534.373,477.294,1.0,554.219,853.423,1.0,558.116,846.492,1.0,568.636,847.888,1.0,580.099,850.666,1.0,589.815,854.85,1.0,483.957,94.877,1.0,493.181,92.943,1.0,500.602,93.097,1.0,507.424,88.081,1.0,514.142,89.44,1.0
692,314.481,611.994,1.0,319.76,614.632,1.0,329.21,616.072,1.0,336.771,616.792,1.0,350.174,616.624,1.0,847.567,589.952,1.0,847.6,578.862,1.0,838.537,569.625,1.0,825.283,567.537,1.0,819.972,560.03,1.0,556.696,444.895,1.0,552.268,452.098,1.0,551.211,462.441,1.0,543.738,473.682,1.0,534.857,477.294,1.0,553.944,853.302,1.0,559.385,846.492,1.0,568.636,846.108,1.0,580.099,850.63,1.0,589.808,854.85,1.0,483.957,94.877,1.0,493.181,93.507,1.0,500.602,93.097,1.0,507.361,87.985,1.0,514.054,88.909,1.0
693,311.646,605.511,1.0,320.291,612.486,1.0,329.075,616.072,1.0,334.154,616.792,1.0,349.549,616.624,1.0,847.567,590.466,1.0,847.929,579.103,1.0,838.702,569.953,1.0,825.283,567.681,1.0,820.032,560.03,1.0,556.766,445.05,1.0,552.375,452.356,1.0,550.694,462.441,1.0,544.033,473.65,1.0,535.946,477.086,1.0,554.044,851.94,1.0,560.206,846.492,1.0,568.636,845.387,1.0,577.016,850.146,1.0,587.984,853.208,1.0,484.002,94.894,1.0,493.181,93.597,1.0,500.663,92.684,1.0,507.347,87.985,1.0,513.946,88.5,1.0
694,310.22,604.126,1.0,320.291,612.18,1.0,328.7,616.057,1.0,333.618,617.213,1.0,348.97,617.487,1.0,847.567,590.822,1.0,848.11,579.424,1.0,838.838,570.164,1.0,825.283,567.867,1.0,820.141,560.03,1.0,557.04,445.213,1.0,553.0,454.896,1.0,550.694,462.677,1.0,544.033,473.472,1.0,536.28,476.858,1.0,553.944,851.276,1.0,560.206,846.706,1.0,568.295,844.762,1.0,576.109,849.365,1.0,584.766,852.049,1.0,485.829,96.331,1.0,494.592,94.468,1.0,500.663,91.631,1.0,506.857,88.081,1.0,513.946,88.448,1.0
695,310.082,602.449,1.0,320.291,612.149,1.0,327.784,615.687,1.0,333.573,622.404,1.0,347.864,617.489,1.0,848.262,592.255,1.0,848.23,580.155,1.0,839.428,571.702,1.0,825.714,568.075,1.0,820.835,560.146,1.0,557.095,445.733,1.0,553.34,454.896,1.0,550.694,462.677,1.0,544.119,472.845,1.0,538.433,476.809,1.0,553.741,851.276,1.0,559.935,847.174,1.0,567.605,844.762,1.0,574.458,849.18,1.0,583.374,851.786,1.0,486.846,96.803,1.0,494.86,94.734,1.0,500.663,91.042,1.0,506.633,88.411,1.0,513.946,87.934,1.0
696,309.837,602.438,1.0,320.034,611.91,1.0,327.628,615.687,1.0,333.305,622.504,1.0,347.106,617.54,1.0,848.356,592.348,1.0,848.316,580.23,1.0,839.537,571.873,1.0,825.751,568.19,1.0,820.861,560.153,1.0,558.752,445.733,1.0,554.873,454.896,1.0,551.486,461.559,1.0,544.144,470.081,1.0,540.646,476.378,1.0,553.663,851.252,1.0,559.935,847.368,1.0,567.021,845.124,1.0,574.133,849.105,1.0,583.28,851.786,1.0,489.472,101.751,1.0,494.948,95.582,1.0,499.746,91.042,1.0,505.074,88.411,1.0,513.946,87.934,1.0
697,309.716,602.438,1.0,319.841,611.501,1.0,327.269,615.579,1.0,333.305,622.504,1.0,346.854,617.741,1.0,848.471,592.371,1.0,848.392,580.261,1.0,839.644,572.187,1.0,825.832,568.249,1.0,820.884,560.174,1.0,559.091,445.733,1.0,555.073,453.58,1.0,552.284,461.559,1.0,544.21,466.821,1.0,541.346,476.251,1.0,553.405,851.252,1.0,559.894,847.436,1.0,566.817,845.124,1.0,573.688,849.083,1.0,583.258,851.786,1.0,490.033,105.614,1.0,494.948,96.081,1.0,499.369,91.042,1.0,504.839,88.569,1.0,514.125,88.171,1.0
698,309.694,602.438,1.0,319.492,611.027,1.0,326.832,614.93,1.0,330.807,622.404,1.0,341.468,617.741,1.0,849.43,593.003,1.0,848.625,581.282,1.0,840.25,573.668,1.0,826.277,568.558,1.0,821.26,560.481,1.0,561.5,438.878,1.0,556.93,450.618,1.0,552.758,459.488,1.0,546.673,464.548,1.0,541.617,476.251,1.0,553.296,851.535,1.0,559.672,847.543,1.0,566.514,845.222,1.0,573.581,849.083,1.0,583.169,852.106,1.0,490.033,105.959,1.0,494.872,96.8,1.0,498.991,91.755,1.0,504.775,88.602,1.0,514.195,87.918,1.0
699,304.563,609.23,1.0,308.877,608.87,1.0,322.02,613.809,1.0,324.925,620.969,1.0,337.449,617.489,1.0,849.475,593.055,1.0,848.675,581.371,1.0,840.313,573.712,1.0,826.33,568.578,1.0,821.281,560.515,1.0,561.532,438.626,1.0,557.119,450.332,1.0,552.865,459.174,1.0,546.963,464.089,1.0,541.782,476.251,1.0,546.86,852.124,1.0,553.932,850.22,1.0,562.361,845.833,1.0,567.29,849.105,1.0,577.496,852.106,1.0,490.033,106.706,1.0,494.872,97.145,1.0,498.673,91.76,1.0,504.646,88.787,1.0,514.283,88.002,1.0
700,301.082,609.569,1.0,305.505,606.856,1.0,317.144,612.468,1.0,324.925,618.667,1.0,335.844,617.178,1.0,849.475,593.066,1.0,848.678,581.438,1.0,840.313,573.738,1.0,826.361,568.612,1.0,821.343,560.572,1.0,561.532,438.626,1.0,557.119,450.332,1.0,552.865,459.174,1.0,547.361,464.089,1.0,541.8,476.251,1.0,543.0,852.267,1.0,552.179,850.281,1.0,560.605,845.833,1.0,566.089,849.22,1.0,576.645,852.183,1.0,488.725,107.752,1.0,494.872,99.308,1.0,497.766,92.603,1.0,504.646,88.798,1.0,514.329,88.171,1.0
701,301.082,609.569,1.0,305.475,606.856,1.0,317.108,611.947,1.0,324.925,618.57,1.0,335.465,617.161,1.0,849.513,593.055,1.0,848.749,581.672,1.0,840.332,574.277,1.0,826.713,568.815,1.0,821.403,560.598,1.0,561.861,438.626,1.0,557.119,450.213,1.0,552.758,459.174,1.0,547.42,464.089,1.0,541.89,476.251,1.0,542.851,852.482,1.0,548.764,852.028,1.0,559.835,846.04,1.0,565.797,849.294,1.0,576.645,852.106,1.0,485.29,108.048,1.0,494.625,101.939,1.0,496.548,92.887,1.0,504.641,89.777,1.0,514.704,88.689,1.0
702,300.976,609.553,1.0,305.411,606.461,1.0,316.951,611.462,1.0,324.653,618.393,1.0,334.658,617.161,1.0,849.513,593.066,1.0,848.763,581.719,1.0,840.729,574.501,1.0,826.722,568.9,1.0,821.43,560.639,1.0,561.861,438.626,1.0,557.099,450.167,1.0,552.723,458.919,1.0,547.487,464.089,1.0,541.903,475.847,1.0,542.851,852.497,1.0,548.728,852.275,1.0,559.835,846.04,1.0,565.682,849.309,1.0,576.645,852.003,1.0,485.036,109.389,1.0,494.307,102.146,1.0,496.408,93.755,1.0,504.18,89.846,1.0,514.704,88.267,1.0
703,300.976,609.569,1.0,305.399,606.461,1.0,316.576,611.409,1.0,324.653,617.723,1.0,333.505,616.896,1.0,849.576,593.159,1.0,848.831,581.763,1.0,840.729,574.51,1.0,826.767,568.95,1.0,821.445,560.64,1.0,561.861,438.5,1.0,557.099,445.299,1.0,552.655,457.769,1.0,549.4,462.846,1.0,541.903,473.999,1.0,542.851,852.497,1.0,548.389,852.449,1.0,559.79,846.04,1.0,565.682,849.294,1.0,576.645,852.003,1.0,484.882,110.129,1.0,494.126,103.172,1.0,496.408,93.755,1.0,504.075,90.078,1.0,514.704,88.738,1.0
704,300.46,609.6,1.0,303.94,606.461,1.0,313.988,610.638,1.0,324.653,617.723,1.0,332.2,616.87,1.0,849.513,593.17,1.0,848.831,581.719,1.0,840.537,574.51,1.0,826.767,569.014,1.0,821.445,560.687,1.0,561.973,438.148,1.0,557.099,443.945,1.0,551.248,456.208,1.0,551.176,461.037,1.0,542.598,472.692,1.0,543.455,853.449,1.0,548.322,853.544,1.0,559.709,848.921,1.0,565.544,849.22,1.0,576.645,851.973,1.0,484.645,110.685,1.0,494.126,103.45,1.0,496.408,93.99,1.0,504.075,90.171,1.0,514.297,88.774,1.0
705,293.539,611.786,1.0,302.965,606.335,1.0,312.503,608.573,1.0,318.673,617.723,1.0,332.004,616.621,1.0,849.513,593.199,1.0,848.831,581.719,1.0,840.537,574.501,1.0,826.722,569.034,1.0,821.435,560.7,1.0,561.973,433.493,1.0,558.76,440.671,1.0,551.134,452.446,1.0,553.539,459.834,1.0,542.922,471.032,1.0,543.455,859.856,1.0,548.322,853.544,1.0,557.924,850.013,1.0,565.282,848.181,1.0,575.393,851.734,1.0,484.605,111.66,1.0,488.499,103.517,1.0,496.408,98.919,1.0,501.389,96.555,1.0,507.87,91.3,1.0
706,293.346,611.786,1.0,302.808,606.335,1.0,312.48,608.573,1.0,318.519,618.27,1.0,330.184,616.621,1.0,849.576,593.199,1.0,848.763,581.729,1.0,840.537,574.267,1.0,826.444,569.014,1.0,821.435,560.811,1.0,561.328,430.04,1.0,560.313,439.484,1.0,550.262,451.528,1.0,553.726,459.795,1.0,543.107,469.537,1.0,543.455,861.15,1.0,545.374,853.787,1.0,555.998,850.433,1.0,564.07,847.916,1.0,574.009,851.527,1.0,482.078,112.244,1.0,488.056,103.965,1.0,494.714,100.113,1.0,499.887,97.723,1.0,506.585,93.267,1.0
707,293.346,611.786,1.0,302.66,606.214,1.0,311.865,608.456,1.0,318.363,618.45,1.0,329.284,616.621,1.0,849.677,593.199,1.0,848.877,581.729,1.0,840.537,574.267,1.0,826.444,569.014,1.0,821.265,560.909,1.0,561.211,427.101,1.0,560.607,438.858,1.0,549.806,451.271,1.0,553.762,459.795,1.0,543.107,469.394,1.0,543.102,861.72,1.0,545.177,853.544,1.0,554.791,850.433,1.0,562.275,847.916,1.0,572.573,850.254,1.0,481.218,112.262,1.0,488.056,105.825,1.0,492.377,100.363,1.0,499.021,97.851,1.0,500.688,94.258,1.0
708,293.346,611.725,1.0,302.651,606.214,1.0,311.695,608.271,1.0,318.299,618.45,1.0,329.084,616.31,1.0,850.041,593.183,1.0,848.877,581.635,1.0,840.614,574.239,1.0,826.369,568.957,1.0,821.192,560.938,1.0,561.018,427.064,1.0,560.607,438.781,1.0,549.755,451.134,1.0,553.762,459.535,1.0,543.107,469.384,1.0,543.102,861.8,1.0,545.177,852.969,1.0,554.308,850.433,1.0,561.127,847.854,1.0,571.085,849.754,1.0,480.61,112.931,1.0,488.056,105.955,1.0,492.31,100.363,1.0,499.021,97.857,1.0,500.618,94.314,1.0
709,293.12,611.607,1.0,301.886,606.13,1.0,311.221,607.965,1.0,316.525,618.27,1.0,328.108,616.277,1.0,852.345,592.271,1.0,849.123,581.729,1.0,840.729,574.239,1.0,826.369,568.923,1.0,821.09,560.973,1.0,560.871,426.622,1.0,560.618,438.781,1.0,549.451,450.923,1.0,553.762,459.535,1.0,543.264,469.384,1.0,542.617,861.861,1.0,545.177,852.603,1.0,554.207,850.859,1.0,560.776,847.854,1.0,571.075,849.754,1.0,480.333,112.931,1.0,488.056,106.165,1.0,492.107,100.625,1.0,498.752,97.857,1.0,500.43,94.527,1.0
710,288.568,607.732,1.0,296.402,602.618,1.0,305.448,607.965,1.0,311.778,616.926,1.0,321.853,613.803,1.0,853.378,591.399,1.0,849.339,581.729,1.0,840.729,574.239,1.0,826.369,568.709,1.0,820.991,560.973,1.0,560.862,427.064,1.0,560.767,438.781,1.0,549.451,450.11,1.0,553.762,459.535,1.0,543.294,468.722,1.0,542.505,861.895,1.0,544.963,852.603,1.0,553.64,851.82,1.0,560.515,847.836,1.0,570.747,849.175,1.0,478.942,112.57,1.0,486.388,106.274,1.0,491.407,100.805,1.0,498.634,98.403,1.0,500.13,94.665,1.0
711,286.51,607.334,1.0,294.931,602.153,1.0,302.939,607.965,1.0,311.778,614.491,1.0,318.742,613.803,1.0,855.175,590.031,1.0,850.141,581.635,1.0,840.731,574.147,1.0,826.218,568.524,1.0,820.859,561.035,1.0,560.147,427.064,1.0,561.405,438.242,1.0,549.451,448.896,1.0,550.976,455.191,1.0,543.695,467.114,1.0,542.139,861.895,1.0,544.503,852.603,1.0,553.424,852.15,1.0,559.83,847.836,1.0,569.774,849.175,1.0,473.658,112.57,1.0,484.615,107.796,1.0,490.684,105.593,1.0,492.581,101.681,1.0,498.551,94.914,1.0
712,284.533,605.72,1.0,292.626,601.752,1.0,301.025,608.535,1.0,311.663,613.46,1.0,318.127,613.803,1.0,856.202,588.77,1.0,850.44,580.911,1.0,840.927,573.771,1.0,826.218,568.524,1.0,820.436,560.973,1.0,560.07,429.144,1.0,562.957,437.859,1.0,556.722,446.716,1.0,550.928,454.818,1.0,546.57,461.659,1.0,538.574,862.495,1.0,542.58,854.254,1.0,551.781,853.967,1.0,559.487,847.836,1.0,568.788,849.754,1.0,473.189,113.476,1.0,479.895,109.449,1.0,485.708,105.639,1.0,488.753,102.695,1.0,498.147,94.977,1.0
713,284.489,605.683,1.0,292.434,601.694,1.0,300.581,608.582,1.0,308.916,610.601,1.0,317.483,613.993,1.0,856.301,588.743,1.0,850.44,580.911,1.0,841.154,573.771,1.0,826.33,568.599,1.0,820.436,561.061,1.0,557.82,429.415,1.0,562.957,437.815,1.0,557.409,446.264,1.0,550.784,454.548,1.0,546.686,460.853,1.0,537.791,862.495,1.0,542.236,855.199,1.0,550.232,853.967,1.0,558.621,850.666,1.0,568.083,848.888,1.0,472.288,113.827,1.0,479.69,111.206,1.0,485.387,105.813,1.0,487.648,102.695,1.0,497.561,96.181,1.0
714,284.388,605.576,1.0,292.365,601.627,1.0,299.933,608.615,1.0,308.028,610.601,1.0,316.647,613.993,1.0,856.549,588.692,1.0,850.44,580.911,1.0,841.162,573.771,1.0,826.33,568.599,1.0,820.436,561.061,1.0,557.82,429.415,1.0,562.963,437.596,1.0,557.422,445.961,1.0,550.928,454.548,1.0,546.76,460.769,1.0,537.159,862.186,1.0,541.527,861.047,1.0,548.39,853.967,1.0,555.294,853.051,1.0,565.144,848.888,1.0,470.665,116.295,1.0,479.094,111.265,1.0,485.218,106.352,1.0,487.32,102.695,1.0,497.39,96.589,1.0
715,284.321,605.307,1.0,290.774,601.497,1.0,297.69,608.977,1.0,308.028,610.601,1.0,316.164,613.993,1.0,857.092,588.671,1.0,843.744,581.722,1.0,841.692,574.21,1.0,826.749,568.684,1.0,820.482,561.061,1.0,557.82,429.144,1.0,562.957,437.571,1.0,557.548,445.819,1.0,550.928,454.548,1.0,546.76,460.554,1.0,537.159,862.186,1.0,541.527,861.11,1.0,545.964,851.29,1.0,552.833,854.126,1.0,560.581,849.122,1.0,470.665,117.63,1.0,477.837,111.265,1.0,485.087,106.55,1.0,486.787,102.695,1.0,496.989,96.645,1.0
716,281.44,594.641,1.0,287.006,600.857,1.0,293.628,610.196,1.0,303.799,610.577,1.0,315.025,612.498,1.0,857.092,588.598,1.0,843.744,581.722,1.0,841.702,574.444,1.0,826.752,568.807,1.0,820.486,561.092,1.0,557.923,428.413,1.0,562.751,436.248,1.0,557.663,445.449,1.0,550.928,454.548,1.0,546.906,460.554,1.0,533.892,862.155,1.0,540.776,861.676,1.0,544.591,850.507,1.0,552.457,854.254,1.0,560.418,849.895,1.0,470.205,117.633,1.0,477.837,111.519,1.0,484.829,107.741,1.0,486.727,102.695,1.0,496.0,96.907,1.0
717,281.429,594.62,1.0,286.919,600.626,1.0,293.577,610.196,1.0,303.664,610.754,1.0,314.179,612.116,1.0,857.102,588.598,1.0,843.744,581.722,1.0,841.702,574.569,1.0,826.767,568.832,1.0,820.498,561.092,1.0,557.923,428.252,1.0,562.688,436.042,1.0,557.88,445.032,1.0,550.784,454.496,1.0,546.964,460.445,1.0,532.34,862.155,0.972000002861023,540.268,862.018,0.9990000128746033,544.556,850.507,1.0,552.408,854.739,1.0,559.792,849.895,1.0,467.204,119.776,1.0,473.554,113.743,1.0,483.38,109.993,1.0,486.5,103.436,1.0,493.23,97.081,1.0
718,281.343,594.62,1.0,286.881,600.223,1.0,293.078,610.196,1.0,302.772,610.754,1.0,314.122,612.04,1.0,857.102,588.598,1.0,843.755,581.661,1.0,841.692,574.569,1.0,826.883,568.832,1.0,820.505,561.092,1.0,558.04,428.091,1.0,562.414,435.927,1.0,558.112,444.758,1.0,550.609,454.496,1.0,547.063,460.248,1.0,532.267,862.155,1.0,540.011,862.081,1.0,543.529,850.507,1.0,552.401,854.739,1.0,558.744,850.186,1.0,465.668,119.776,1.0,471.759,114.472,1.0,482.369,109.993,1.0,484.685,106.559,1.0,491.425,97.307,1.0
719,281.047,594.43,1.0,286.881,599.955,1.0,292.932,609.907,1.0,301.649,610.577,1.0,309.736,610.797,1.0,857.174,588.695,1.0,843.976,581.574,1.0,840.165,576.52,1.0,826.941,568.929,1.0,820.52,561.072,1.0,558.058,427.534,1.0,561.039,435.541,1.0,557.88,443.638,1.0,550.609,453.014,1.0,547.147,459.725,1.0,524.79,863.891,1.0,532.507,864.939,1.0,543.437,857.617,1.0,550.073,854.84,1.0,557.241,852.914,1.0,464.779,119.776,1.0,471.731,115.067,1.0,481.921,112.048,1.0,484.543,106.729,1.0,491.245,98.316,1.0
720,278.822,594.43,1.0,285.42,599.94,1.0,291.21,607.094,1.0,296.074,603.938,1.0,305.495,609.966,1.0,857.275,588.842,1.0,844.272,581.532,1.0,840.165,576.52,1.0,827.103,568.929,1.0,820.621,561.097,1.0,559.174,422.537,1.0,560.464,429.056,1.0,557.663,440.625,1.0,551.059,449.429,1.0,547.382,459.506,1.0,523.278,864.12,1.0,532.097,864.989,1.0,542.715,858.275,1.0,549.665,855.149,1.0,556.753,852.914,1.0,462.71,118.165,1.0,471.496,116.448,1.0,479.216,112.315,1.0,483.722,108.464,1.0,491.116,98.703,1.0
721,273.877,591.497,1.0,284.158,597.64,1.0,288.201,600.415,1.0,295.527,603.938,1.0,301.351,609.633,1.0,857.275,589.177,1.0,844.351,581.527,1.0,840.165,576.52,1.0,827.195,568.927,1.0,820.661,561.072,1.0,559.619,417.872,1.0,560.464,425.662,1.0,556.382,438.204,1.0,551.059,446.732,1.0,550.871,459.392,1.0,522.864,864.12,1.0,531.892,864.989,1.0,541.988,859.151,1.0,549.213,855.356,1.0,556.753,852.914,1.0,461.089,118.165,1.0,470.417,119.824,1.0,478.45,112.527,1.0,482.916,109.039,1.0,490.101,99.162,1.0
722,272.79,591.497,1.0,275.971,597.62,1.0,286.754,599.936,1.0,295.078,603.763,1.0,300.791,609.523,1.0,857.414,589.191,1.0,844.526,581.527,1.0,840.17,576.52,1.0,827.262,568.955,1.0,820.681,561.129,1.0,560.025,417.078,1.0,560.464,425.432,1.0,556.382,438.204,1.0,551.273,446.732,1.0,551.013,459.392,1.0,522.864,864.353,1.0,530.968,865.0,1.0,540.758,859.853,1.0,548.891,855.356,1.0,556.753,852.165,1.0,458.477,118.165,1.0,467.061,120.15,1.0,475.332,112.527,1.0,482.906,109.859,1.0,487.623,103.574,1.0
723,272.174,595.184,1.0,275.79,597.479,1.0,286.09,599.59,1.0,294.682,603.763,1.0,300.791,609.523,1.0,857.485,589.31,1.0,844.597,581.532,1.0,840.219,576.573,1.0,827.305,568.955,1.0,820.69,561.129,1.0,561.764,416.271,1.0,561.111,425.3,1.0,556.382,438.052,1.0,551.321,446.673,1.0,551.487,459.506,1.0,522.208,864.12,1.0,530.968,865.0,1.0,540.758,859.853,1.0,548.891,855.356,1.0,556.753,852.165,1.0,458.15,123.155,1.0,464.852,120.15,1.0,472.439,112.786,1.0,482.012,109.859,1.0,485.252,106.422,1.0
724,272.015,595.184,1.0,275.601,597.445,1.0,285.558,599.59,1.0,294.682,603.763,1.0,300.541,609.311,1.0,857.553,589.31,1.0,844.933,581.546,1.0,840.528,576.841,1.0,827.968,568.927,1.0,821.72,561.699,1.0,562.331,415.796,1.0,561.111,425.277,1.0,556.55,438.052,1.0,551.824,446.644,1.0,551.695,459.506,1.0,522.208,864.12,1.0,530.829,865.0,1.0,540.758,859.853,1.0,548.891,855.576,1.0,556.714,852.165,1.0,458.016,123.204,1.0,464.852,121.77,1.0,472.173,113.534,1.0,481.396,110.849,1.0,485.207,106.465,1.0
725,270.555,595.184,1.0,275.601,596.752,1.0,284.416,599.704,1.0,292.691,603.71,1.0,299.914,609.073,1.0,857.747,589.324,1.0,845.14,582.128,1.0,840.616,577.088,1.0,828.413,568.824,1.0,821.858,562.309,1.0,563.01,415.796,1.0,561.111,424.651,1.0,556.55,437.844,1.0,551.837,446.395,1.0,551.695,459.392,1.0,523.385,864.399,1.0,530.487,864.814,1.0,540.677,859.853,1.0,548.891,855.733,1.0,556.714,852.196,1.0,458.016,123.546,1.0,464.737,121.77,1.0,472.14,114.524,1.0,477.025,110.908,1.0,485.125,106.965,1.0
726,264.71,595.795,1.0,275.601,593.278,1.0,281.393,599.704,1.0,287.02,603.646,1.0,297.927,606.979,1.0,857.747,589.458,1.0,845.261,582.364,1.0,840.913,577.156,1.0,829.859,565.757,1.0,821.961,563.517,1.0,563.01,415.735,1.0,557.828,421.186,1.0,556.55,437.366,1.0,551.837,446.147,1.0,551.695,458.908,1.0,523.618,864.399,1.0,530.487,864.814,1.0,540.677,859.853,1.0,548.891,855.733,1.0,556.668,852.196,1.0,454.354,123.617,1.0,464.217,120.895,1.0,471.514,115.851,1.0,475.189,113.935,1.0,484.114,107.339,1.0
727,262.386,596.69,1.0,275.788,593.214,1.0,280.146,599.704,1.0,286.804,597.775,1.0,297.737,606.979,1.0,857.805,589.416,1.0,845.261,582.364,1.0,840.913,577.156,1.0,829.859,565.612,1.0,821.961,565.024,1.0,563.01,415.735,1.0,557.828,421.186,1.0,556.55,436.695,1.0,551.837,444.81,1.0,551.695,457.395,1.0,523.618,864.399,1.0,530.092,864.558,1.0,540.337,859.863,1.0,548.614,855.906,1.0,556.338,852.196,1.0,452.603,125.401,1.0,459.778,120.895,1.0,468.913,118.225,1.0,471.406,114.968,1.0,483.942,108.692,1.0
728,262.375,596.698,1.0,275.788,592.918,1.0,280.12,599.704,1.0,286.442,597.426,1.0,297.731,606.979,1.0,857.805,589.458,1.0,845.357,582.399,1.0,841.028,577.179,1.0,832.951,564.084,1.0,822.156,565.024,1.0,563.348,415.735,1.0,557.828,421.186,1.0,556.542,436.695,1.0,551.837,444.81,1.0,550.825,455.271,1.0,523.618,864.399,1.0,529.992,864.235,1.0,540.098,859.932,1.0,548.554,855.939,1.0,556.338,852.148,1.0,451.143,126.124,1.0,457.745,121.77,1.0,465.208,119.385,1.0,468.611,115.851,1.0,476.849,111.888,1.0
729,262.287,596.698,1.0,275.788,592.918,1.0,279.799,599.687,1.0,286.442,596.998,1.0,297.111,607.034,1.0,857.744,589.474,1.0,845.261,582.395,1.0,841.028,577.179,1.0,829.926,565.344,1.0,821.961,565.024,1.0,562.051,417.181,1.0,557.857,421.308,1.0,556.542,436.695,1.0,551.937,444.315,1.0,550.075,455.057,1.0,522.465,864.24,1.0,529.127,863.982,1.0,539.487,860.365,1.0,547.805,855.939,1.0,556.38,852.148,1.0,450.802,126.213,1.0,457.028,121.77,1.0,465.141,119.611,1.0,468.611,116.014,1.0,476.804,111.995,1.0
730,261.002,596.69,1.0,273.265,590.814,1.0,277.613,597.237,1.0,283.725,594.784,1.0,291.585,607.034,1.0,857.723,589.508,1.0,845.261,582.395,1.0,840.846,577.19,1.0,829.872,565.344,1.0,821.961,564.495,1.0,560.811,417.539,1.0,558.652,423.168,1.0,556.814,435.625,1.0,552.037,444.315,1.0,550.075,454.666,1.0,521.22,861.926,1.0,528.046,863.797,1.0,539.022,861.005,1.0,547.529,855.906,1.0,556.338,852.148,1.0,450.558,126.233,1.0,456.858,122.72,1.0,464.324,121.845,1.0,468.611,116.172,1.0,476.521,112.488,1.0
731,259.436,592.325,1.0,266.516,590.616,1.0,273.529,595.548,1.0,280.841,594.784,1.0,289.169,607.102,1.0,857.667,589.66,1.0,845.496,582.287,1.0,840.756,577.19,1.0,829.872,565.344,1.0,822.21,564.22,1.0,556.578,417.539,1.0,559.691,424.491,1.0,557.119,435.625,1.0,552.037,444.529,1.0,550.227,454.651,1.0,520.784,858.918,1.0,526.944,863.716,1.0,536.906,861.005,1.0,545.565,854.709,1.0,556.257,852.266,1.0,450.157,126.375,1.0,456.494,122.763,1.0,463.414,122.37,1.0,468.54,116.52,1.0,475.338,113.184,1.0
732,258.477,591.607,1.0,265.795,589.681,1.0,273.041,594.773,1.0,280.4,594.784,1.0,288.16,607.102,1.0,857.667,589.715,1.0,845.512,582.175,1.0,840.666,577.429,1.0,829.926,565.344,1.0,822.21,564.22,1.0,553.058,418.152,1.0,559.762,423.901,1.0,557.747,435.625,1.0,552.037,444.529,1.0,550.075,454.651,1.0,519.714,857.643,1.0,526.944,863.716,1.0,536.87,861.005,1.0,544.943,854.177,1.0,556.004,852.267,1.0,445.306,128.55,1.0,453.575,125.201,1.0,460.597,124.761,1.0,468.54,116.825,1.0,473.724,113.457,1.0
733,258.387,591.294,1.0,265.698,589.565,1.0,272.761,593.98,1.0,280.127,601.74,1.0,287.781,607.102,1.0,857.667,589.715,1.0,845.962,582.175,1.0,840.666,577.502,1.0,829.926,565.344,1.0,822.21,564.22,1.0,553.058,417.181,1.0,560.669,424.491,1.0,557.747,434.875,1.0,552.007,444.315,1.0,550.07,454.651,1.0,519.671,857.402,1.0,526.924,863.716,1.0,533.918,860.815,1.0,539.515,854.029,1.0,552.939,852.943,1.0,439.088,128.66,1.0,450.735,126.314,1.0,458.285,124.957,1.0,465.31,120.004,1.0,470.285,116.11,1.0
734,258.333,590.907,1.0,265.625,588.49,1.0,272.422,593.796,1.0,276.771,601.74,1.0,287.67,606.971,1.0,857.717,589.715,1.0,846.202,582.175,1.0,840.666,577.617,1.0,829.94,565.261,1.0,822.229,564.221,1.0,553.058,418.152,1.0,559.762,424.738,1.0,557.747,434.875,1.0,552.007,444.529,1.0,550.227,454.651,1.0,519.297,857.538,1.0,526.924,863.716,1.0,533.912,860.152,1.0,538.577,853.93,1.0,549.614,854.659,1.0,438.955,128.703,1.0,450.628,126.55,1.0,458.045,125.564,1.0,465.176,120.004,1.0,469.954,116.281,1.0
735,257.002,582.644,1.0,263.747,585.293,1.0,270.112,593.749,1.0,276.615,601.74,1.0,286.739,601.752,1.0,858.355,589.422,1.0,846.683,583.09,1.0,841.09,577.704,1.0,833.33,565.543,1.0,822.283,564.271,1.0,554.481,419.679,1.0,559.691,424.764,1.0,557.183,434.875,1.0,551.424,444.529,1.0,550.293,454.988,1.0,519.004,857.538,1.0,526.924,863.716,1.0,533.884,859.976,1.0,538.554,853.922,1.0,549.608,854.764,1.0,438.149,129.189,1.0,449.763,126.62,1.0,457.201,126.059,1.0,464.345,120.004,1.0,469.572,116.498,1.0
736,255.406,576.447,1.0,260.814,583.604,1.0,264.892,593.749,1.0,274.625,599.459,1.0,286.127,601.591,1.0,859.114,589.077,1.0,846.841,583.738,1.0,841.438,577.81,1.0,833.795,565.601,1.0,822.338,564.289,1.0,555.324,428.121,1.0,557.65,427.191,1.0,555.892,439.971,1.0,551.35,444.917,1.0,550.337,455.26,1.0,518.229,857.538,1.0,526.172,863.38,1.0,533.392,859.976,1.0,538.44,853.93,1.0,549.041,854.97,1.0,438.121,129.443,1.0,446.953,127.514,1.0,454.271,126.348,1.0,459.799,119.536,1.0,468.163,117.353,1.0
737,254.817,576.447,1.0,260.053,583.116,1.0,264.122,593.796,1.0,272.916,598.244,1.0,285.794,601.552,1.0,859.546,589.05,1.0,847.448,584.417,1.0,841.9,577.81,1.0,834.156,565.494,1.0,822.565,564.397,1.0,556.116,428.643,1.0,557.65,427.191,1.0,555.892,439.971,1.0,551.35,447.212,1.0,550.41,456.183,1.0,518.185,858.371,1.0,526.104,863.377,1.0,532.843,860.152,1.0,538.554,853.93,1.0,548.577,855.442,1.0,436.82,132.698,1.0,444.258,127.833,1.0,452.627,127.044,1.0,458.841,119.536,1.0,465.641,118.215,1.0
738,252.128,576.447,1.0,258.779,582.062,1.0,263.99,593.798,1.0,272.013,596.881,1.0,285.181,601.591,1.0,859.588,588.981,1.0,847.796,584.598,1.0,841.96,577.81,1.0,834.22,565.601,1.0,822.675,564.448,1.0,556.782,429.602,1.0,557.65,427.191,1.0,555.892,439.971,1.0,551.5,447.212,1.0,551.164,456.944,1.0,515.034,860.037,1.0,523.97,863.365,1.0,531.215,860.39,1.0,538.44,854.143,1.0,547.582,855.792,1.0,436.495,134.037,1.0,441.673,128.627,1.0,451.599,128.902,1.0,457.111,119.536,1.0,465.244,118.356,1.0
739,251.526,576.447,1.0,258.779,582.062,1.0,263.99,593.798,1.0,272.013,596.577,1.0,285.048,601.552,1.0,859.628,588.96,1.0,847.944,584.769,1.0,841.988,577.649,1.0,834.332,565.743,1.0,822.751,564.452,1.0,571.005,429.602,1.0,560.258,427.257,1.0,555.883,439.452,1.0,551.5,445.153,1.0,551.221,457.221,1.0,513.72,860.037,1.0,523.569,862.845,1.0,530.494,860.39,1.0,537.691,855.206,1.0,546.294,856.105,1.0,436.495,134.594,1.0,441.558,129.536,1.0,451.339,128.902,1.0,456.589,120.291,1.0,463.044,119.112,1.0
740,250.041,576.801,1.0,258.43,582.062,1.0,263.56,593.798,1.0,271.725,596.28,1.0,283.841,601.437,1.0,859.841,588.783,1.0,848.243,584.93,1.0,842.166,577.639,1.0,834.332,565.978,1.0,822.751,564.465,1.0,571.005,429.602,1.0,560.939,429.503,1.0,555.883,438.079,1.0,551.695,445.153,1.0,551.97,457.46,1.0,511.322,860.412,1.0,520.854,862.2,1.0,529.765,860.39,1.0,537.57,855.987,1.0,545.623,856.105,1.0,436.283,134.594,1.0,441.55,130.166,1.0,451.249,128.902,1.0,456.322,120.333,1.0,462.669,120.037,1.0
741,248.521,576.823,1.0,258.118,584.055,1.0,262.101,592.311,1.0,270.926,595.905,1.0,279.638,600.883,1.0,860.002,588.712,1.0,848.277,585.024,1.0,842.186,577.637,1.0,834.332,565.978,1.0,822.726,564.504,1.0,571.005,432.464,1.0,560.939,430.537,1.0,555.985,438.079,1.0,551.695,447.197,1.0,551.97,458.031,1.0,511.039,860.037,1.0,520.422,862.195,1.0,529.765,860.078,1.0,537.02,856.856,1.0,545.586,855.792,1.0,435.489,134.594,1.0,439.435,130.602,1.0,447.514,126.695,1.0,453.514,125.517,1.0,458.985,121.062,1.0
742,247.592,576.823,1.0,257.095,584.055,1.0,260.839,589.312,1.0,270.254,595.544,1.0,277.17,599.035,1.0,860.035,588.699,1.0,848.306,585.054,1.0,842.212,577.596,1.0,834.254,566.109,1.0,822.726,564.504,1.0,567.695,432.56,1.0,560.939,432.145,1.0,555.985,438.079,1.0,551.695,445.153,1.0,551.97,458.031,1.0,511.039,859.571,1.0,520.422,862.195,1.0,529.168,858.562,1.0,536.854,857.39,1.0,545.293,855.384,1.0,425.692,133.085,1.0,434.636,132.702,1.0,444.017,126.695,1.0,452.382,126.94,1.0,457.108,122.344,1.0
743,247.239,576.374,1.0,257.095,584.055,1.0,260.187,589.312,1.0,270.254,595.905,1.0,276.726,598.35,1.0,860.072,588.662,1.0,848.46,585.054,1.0,842.295,577.596,1.0,834.254,566.176,1.0,822.726,564.504,1.0,566.499,435.479,1.0,559.437,432.145,1.0,557.387,440.191,1.0,551.81,445.153,1.0,551.309,458.751,1.0,511.039,859.182,1.0,520.422,862.001,1.0,529.168,858.562,1.0,536.428,857.79,1.0,545.293,855.384,1.0,425.164,133.085,1.0,434.365,132.756,1.0,443.417,126.695,1.0,452.296,127.152,1.0,456.884,122.464,1.0
744,245.455,575.74,1.0,256.848,584.055,1.0,259.579,589.296,1.0,268.677,595.544,1.0,276.108,597.805,1.0,860.195,588.661,1.0,848.542,585.054,1.0,842.327,577.564,1.0,834.254,566.176,1.0,822.726,564.504,1.0,564.863,435.74,1.0,557.692,432.406,1.0,557.828,440.682,1.0,551.154,445.853,1.0,550.763,459.039,1.0,510.928,856.214,1.0,520.422,861.404,1.0,529.168,858.562,1.0,534.865,858.216,1.0,545.105,855.384,1.0,425.088,133.085,1.0,433.122,133.294,1.0,443.328,127.115,1.0,452.043,127.411,1.0,456.816,122.464,1.0
745,244.673,575.74,1.0,256.493,583.92,1.0,259.277,589.296,1.0,268.654,595.366,1.0,275.505,597.797,1.0,860.217,588.661,1.0,848.574,585.025,1.0,842.368,577.474,1.0,834.357,566.148,1.0,822.735,564.542,1.0,564.863,436.679,1.0,557.692,432.624,1.0,558.013,441.538,1.0,550.931,445.507,1.0,550.528,459.194,1.0,510.928,854.811,0.984000027179718,520.422,861.177,0.9990000128746033,525.078,858.625,1.0,529.101,858.479,1.0,539.894,857.297,0.8610000014305115,424.684,134.197,1.0,432.999,134.491,1.0,443.145,127.474,1.0,452.023,127.705,1.0,456.666,123.164,1.0
746,244.424,575.714,1.0,256.028,583.912,1.0,259.139,589.296,1.0,268.49,594.993,1.0,274.901,597.76,1.0,860.217,588.662,1.0,848.574,585.025,1.0,842.379,577.431,1.0,834.391,566.148,1.0,822.735,564.542,1.0,563.419,435.842,1.0,557.519,433.089,1.0,557.962,441.685,1.0,551.154,445.507,1.0,550.528,459.247,1.0,507.619,854.811,1.0,513.876,860.663,1.0,521.085,859.291,1.0,528.38,858.479,1.0,538.433,860.243,1.0,424.456,134.223,1.0,432.825,134.998,1.0,441.358,128.86,1.0,451.293,127.795,1.0,455.532,124.334,1.0
747,243.981,575.714,1.0,254.953,583.912,1.0,258.21,587.649,1.0,266.911,594.163,1.0,272.393,596.784,1.0,860.195,588.675,1.0,848.574,584.997,1.0,842.368,577.431,1.0,834.403,566.176,1.0,822.719,564.544,1.0,563.311,435.74,1.0,557.27,433.089,1.0,558.013,441.685,1.0,551.455,445.853,1.0,550.763,459.247,1.0,505.972,854.811,1.0,513.029,857.887,1.0,520.994,859.663,1.0,528.38,860.219,1.0,536.993,860.297,1.0,421.023,139.247,1.0,431.249,135.4,1.0,437.121,131.667,1.0,442.227,131.575,1.0,452.214,125.861,1.0
748,240.626,575.714,1.0,251.026,582.894,1.0,255.042,584.544,1.0,262.623,588.11,1.0,272.032,596.523,1.0,860.18,588.754,1.0,848.593,584.994,1.0,842.368,577.431,1.0,834.429,566.148,1.0,822.735,564.714,1.0,563.311,435.74,1.0,557.519,433.089,1.0,558.013,441.685,1.0,551.455,445.92,1.0,550.763,459.25,1.0,504.909,855.561,1.0,511.74,856.899,1.0,520.75,859.663,1.0,528.611,860.803,1.0,536.583,860.432,1.0,420.665,139.38,1.0,430.259,136.533,1.0,436.333,133.421,1.0,440.441,131.575,1.0,451.645,125.861,1.0
749,238.96,575.544,1.0,243.594,581.437,1.0,254.38,584.109,1.0,262.623,588.11,1.0,272.032,595.864,1.0,860.094,588.765,1.0,848.593,584.962,1.0,842.362,577.466,1.0,834.502,565.998,1.0,822.735,564.714,1.0,558.247,430.488,1.0,557.976,433.904,1.0,558.013,441.685,1.0,551.455,446.668,1.0,551.203,459.87,1.0,504.547,858.076,1.0,510.101,857.221,1.0,520.516,859.65,1.0,528.433,861.163,1.0,536.562,860.492,1.0,420.275,139.633,1.0,429.055,136.827,1.0,436.078,133.536,1.0,440.069,131.575,1.0,451.55,126.179,1.0
750,237.36,575.512,1.0,242.617,580.764,1.0,254.124,584.001,1.0,262.371,587.833,1.0,271.84,595.79,1.0,859.942,588.966,1.0,848.536,584.962,1.0,842.225,577.572,1.0,834.429,565.96,1.0,822.718,564.714,1.0,557.34,430.488,1.0,559.259,434.166,1.0,557.962,440.762,1.0,551.482,446.668,1.0,551.908,460.642,1.0,503.678,859.021,1.0,511.74,857.221,1.0,520.516,859.663,1.0,528.433,861.163,1.0,536.456,861.096,1.0,419.057,139.42,1.0,428.462,136.827,1.0,433.953,135.047,1.0,439.452,131.103,1.0,449.604,126.618,1.0
751,237.303,575.396,1.0,242.51,580.675,1.0,253.968,584.001,1.0,262.371,587.833,1.0,271.84,595.607,1.0,859.654,589.674,1.0,848.536,584.28,1.0,842.198,577.572,1.0,834.429,565.663,1.0,822.63,564.782,1.0,553.414,429.929,1.0,559.259,434.538,1.0,557.827,440.576,1.0,551.482,446.876,1.0,551.908,460.642,1.0,503.498,859.36,1.0,511.74,857.221,1.0,520.386,859.663,1.0,528.433,861.163,1.0,536.446,861.096,1.0,417.711,139.748,1.0,426.537,136.827,1.0,433.858,135.154,1.0,438.495,130.943,1.0,446.63,128.468,1.0
752,236.518,575.396,1.0,240.733,580.675,1.0,252.712,583.834,1.0,261.033,587.796,1.0,271.597,595.607,1.0,858.754,591.377,1.0,848.536,582.869,1.0,841.752,577.466,1.0,833.946,565.663,1.0,822.793,564.822,1.0,550.843,430.488,1.0,559.259,436.388,1.0,555.978,440.576,1.0,551.807,446.876,1.0,551.908,460.642,1.0,503.498,859.36,1.0,512.135,860.813,1.0,519.919,861.404,1.0,525.027,856.994,1.0,534.884,860.939,1.0,417.399,139.748,1.0,423.081,136.045,1.0,433.469,136.434,1.0,438.226,130.943,1.0,443.271,128.522,1.0
753,236.516,575.396,1.0,240.671,580.675,1.0,252.712,583.805,1.0,261.033,587.723,1.0,271.56,595.607,1.0,857.38,591.657,1.0,848.536,582.869,1.0,841.516,577.57,1.0,833.818,565.527,1.0,822.83,564.827,1.0,539.042,437.198,1.0,556.528,436.52,1.0,555.191,437.897,1.0,553.995,446.876,1.0,551.624,460.401,1.0,503.678,859.021,1.0,512.502,860.813,1.0,519.919,861.507,1.0,523.807,856.911,1.0,534.775,860.768,1.0,417.399,139.748,1.0,423.048,135.495,1.0,430.765,136.716,1.0,436.426,130.943,1.0,441.6,128.522,1.0
754,236.496,574.695,1.0,240.533,580.378,1.0,252.712,583.514,1.0,261.033,587.255,1.0,271.56,595.78,1.0,853.943,592.858,1.0,848.537,582.869,1.0,841.516,577.443,1.0,833.818,565.316,1.0,822.763,564.88,1.0,538.131,437.198,1.0,551.355,436.187,1.0,554.8,437.373,1.0,554.374,447.714,1.0,551.174,459.375,1.0,504.002,853.587,1.0,512.547,860.813,1.0,519.508,861.507,1.0,523.207,856.792,1.0,534.682,860.768,1.0,416.626,139.748,1.0,422.289,135.495,1.0,430.634,136.863,1.0,436.36,130.428,1.0,441.32,128.468,1.0
755,236.496,574.695,1.0,240.434,580.189,1.0,253.101,583.01,1.0,261.28,587.138,1.0,271.574,595.966,1.0,853.943,593.244,1.0,848.537,583.361,1.0,841.516,577.371,1.0,833.811,565.316,1.0,822.83,564.942,1.0,537.287,434.183,1.0,549.84,436.52,1.0,554.593,437.315,1.0,554.374,448.061,1.0,551.174,459.279,1.0,504.7,853.374,1.0,512.547,860.336,1.0,519.508,861.507,1.0,523.111,856.792,1.0,534.682,860.56,1.0,415.74,141.046,1.0,422.081,136.045,1.0,430.473,137.695,1.0,436.103,130.943,1.0,441.062,128.468,1.0
756,236.516,575.739,1.0,240.148,580.164,1.0,253.129,582.999,1.0,261.414,587.025,1.0,271.581,596.224,1.0,853.943,593.244,1.0,848.655,583.462,1.0,841.572,577.371,1.0,833.811,565.527,1.0,822.83,565.049,1.0,536.657,441.96,1.0,548.974,436.52,1.0,554.324,436.91,1.0,554.374,448.061,1.0,551.076,459.24,1.0,504.761,853.075,1.0,512.502,859.938,1.0,519.156,861.392,1.0,522.645,856.82,1.0,534.775,860.437,1.0,414.436,143.234,1.0,420.465,137.001,1.0,427.289,137.695,1.0,434.255,131.61,1.0,439.055,129.208,1.0
757,236.828,576.636,1.0,239.261,579.78,1.0,253.129,582.999,1.0,261.414,586.901,1.0,271.581,596.271,1.0,854.319,593.251,1.0,848.655,583.565,1.0,841.759,577.485,1.0,833.818,565.527,1.0,822.83,565.082,1.0,536.593,441.96,1.0,548.641,436.687,1.0,553.91,436.833,1.0,554.343,447.924,1.0,551.076,459.044,1.0,507.174,852.284,1.0,512.547,859.627,1.0,518.565,860.135,1.0,522.361,856.82,1.0,534.775,860.437,1.0,409.881,143.234,1.0,416.906,137.214,1.0,424.125,137.695,1.0,428.396,137.092,1.0,437.881,130.165,1.0
758,236.843,576.636,1.0,238.993,579.527,1.0,253.101,582.999,1.0,261.28,586.802,1.0,271.603,596.387,1.0,854.325,593.251,1.0,848.655,583.713,1.0,841.804,577.485,1.0,833.824,565.588,1.0,822.847,565.119,1.0,535.724,435.18,1.0,547.833,436.379,1.0,553.318,436.379,1.0,553.859,447.714,1.0,551.174,459.032,1.0,507.174,852.106,1.0,512.547,859.419,1.0,517.633,859.831,1.0,521.158,857.432,1.0,534.409,860.128,1.0,405.773,143.472,1.0,413.108,138.543,1.0,420.316,137.779,1.0,426.306,137.121,1.0,434.968,130.832,1.0
759,236.843,577.146,1.0,238.993,579.337,1.0,251.713,585.4,1.0,261.278,586.802,1.0,271.63,596.387,1.0,855.263,593.568,1.0,849.054,584.403,1.0,842.049,577.485,1.0,834.096,566.021,1.0,822.9,565.346,1.0,534.398,435.18,1.0,545.552,436.381,1.0,551.964,436.091,1.0,553.57,447.183,1.0,551.128,459.032,1.0,507.556,852.106,1.0,512.567,853.695,1.0,517.404,858.952,1.0,520.653,857.432,1.0,532.415,859.775,1.0,405.705,143.472,1.0,413.024,138.973,1.0,420.269,137.957,1.0,426.306,137.135,1.0,434.628,131.187,1.0
760,236.828,577.146,1.0,239.261,579.088,1.0,251.713,585.4,1.0,261.261,586.811,1.0,271.63,596.387,1.0,855.8,593.585,1.0,849.054,584.484,1.0,842.276,577.485,1.0,834.184,566.045,1.0,822.9,565.407,1.0,534.398,435.18,1.0,545.369,436.381,1.0,551.495,435.993,1.0,553.54,446.773,1.0,550.995,458.57,1.0,507.174,852.079,1.0,513.403,853.649,1.0,516.459,858.817,1.0,520.653,857.432,1.0,532.415,859.775,1.0,404.951,143.194,1.0,412.92,139.753,1.0,420.174,137.957,1.0,426.266,137.135,1.0,434.176,131.493,1.0
761,236.417,577.146,1.0,239.283,579.088,1.0,251.713,585.4,1.0,260.981,586.901,1.0,271.63,596.144,1.0,855.976,593.585,1.0,849.054,584.486,1.0,842.284,577.459,1.0,834.199,566.073,1.0,822.903,565.407,1.0,534.041,435.045,1.0,544.162,436.381,1.0,550.833,435.993,1.0,553.501,446.773,1.0,551.027,458.363,1.0,506.931,851.508,1.0,513.403,853.253,1.0,516.375,858.1,1.0,520.342,857.593,1.0,532.092,859.775,1.0,404.449,143.194,1.0,412.265,140.109,1.0,419.809,138.28,1.0,426.228,137.135,1.0,434.077,131.869,1.0
762,236.417,577.368,1.0,239.487,579.088,1.0,252.637,583.526,1.0,260.742,587.055,1.0,271.684,595.97,1.0,855.977,593.651,1.0,849.049,584.484,1.0,842.313,577.458,1.0,834.273,566.099,1.0,822.903,565.467,1.0,533.417,434.925,1.0,544.162,436.379,1.0,550.833,435.993,1.0,553.016,446.773,1.0,551.128,458.276,1.0,506.573,852.079,1.0,513.049,853.253,1.0,516.459,857.847,1.0,520.653,857.593,1.0,531.661,859.846,1.0,396.912,143.99,1.0,406.073,142.224,1.0,416.474,138.667,1.0,426.107,137.135,1.0,432.914,132.955,1.0
763,236.417,577.793,1.0,239.888,579.451,1.0,252.637,583.221,1.0,260.646,587.762,1.0,271.567,595.97,1.0,855.977,593.651,1.0,848.965,584.403,1.0,842.313,577.458,1.0,834.219,566.045,1.0,822.9,565.352,1.0,533.417,434.465,1.0,544.162,436.235,1.0,550.833,436.101,1.0,553.016,446.811,1.0,551.128,458.21,1.0,505.726,852.187,1.0,513.049,853.649,1.0,516.459,857.484,1.0,520.809,857.593,1.0,531.228,860.839,1.0,394.351,145.315,1.0,405.907,142.403,1.0,415.08,141.418,1.0,419.135,137.096,1.0,429.732,133.795,1.0
764,236.689,578.18,1.0,239.904,579.603,1.0,252.637,583.221,1.0,260.231,587.883,1.0,271.556,595.97,1.0,855.991,593.533,1.0,848.937,584.316,1.0,842.313,577.459,1.0,834.219,566.099,1.0,822.903,565.523,1.0,533.579,433.593,1.0,544.198,435.864,1.0,550.833,436.297,1.0,552.943,447.085,1.0,551.148,458.21,1.0,503.886,855.423,1.0,510.872,859.542,1.0,516.046,857.123,1.0,520.908,857.694,1.0,530.871,861.068,1.0,394.351,145.396,1.0,404.116,142.403,1.0,413.921,141.418,1.0,418.535,136.992,1.0,427.409,135.212,1.0
765,237.168,578.541,1.0,240.264,579.687,1.0,252.488,583.526,1.0,260.218,587.896,1.0,271.567,595.97,1.0,855.991,593.446,1.0,848.919,584.303,1.0,842.271,577.518,1.0,834.256,566.099,1.0,822.903,565.531,1.0,533.579,432.845,1.0,544.198,435.672,1.0,550.833,436.4,1.0,552.943,447.148,1.0,551.248,458.236,1.0,502.624,855.707,1.0,510.443,859.542,1.0,515.638,856.912,1.0,521.05,857.856,1.0,530.723,861.325,1.0,393.689,145.439,1.0,403.625,142.896,1.0,413.756,142.387,1.0,418.382,137.096,1.0,426.23,136.333,1.0
766,237.168,580.955,1.0,240.885,579.687,1.0,251.12,585.016,1.0,260.173,588.398,1.0,271.67,595.869,1.0,856.192,593.36,1.0,848.905,584.169,1.0,842.196,577.567,1.0,834.219,566.026,1.0,822.835,565.531,1.0,533.713,432.845,1.0,544.198,435.468,1.0,550.521,436.696,1.0,552.716,447.148,1.0,551.248,458.21,1.0,499.117,859.602,1.0,508.689,859.542,1.0,515.532,856.594,1.0,521.432,857.856,1.0,530.594,861.387,1.0,393.266,145.439,1.0,402.934,142.992,1.0,413.416,142.64,1.0,418.361,137.128,1.0,426.06,136.514,1.0
767,237.284,588.432,1.0,241.38,580.627,1.0,250.978,585.115,1.0,259.606,588.398,1.0,271.67,595.78,1.0,856.255,593.36,1.0,848.905,584.169,1.0,842.196,577.579,1.0,834.199,566.026,1.0,822.816,565.503,1.0,534.895,432.845,1.0,544.198,435.468,1.0,550.521,436.704,1.0,552.716,447.203,1.0,551.248,458.236,1.0,497.389,860.161,1.0,506.648,859.139,1.0,514.597,855.848,1.0,521.432,857.856,1.0,530.594,861.425,1.0,393.135,145.396,1.0,402.762,142.992,1.0,413.242,143.062,1.0,418.323,137.128,1.0,426.053,136.514,1.0
768,237.286,589.044,1.0,241.38,580.945,1.0,250.528,585.195,1.0,259.455,588.58,1.0,271.785,595.528,1.0,856.321,593.36,1.0,848.905,584.169,1.0,842.218,577.587,1.0,834.199,566.121,1.0,822.835,565.531,1.0,539.081,432.983,1.0,544.198,435.306,1.0,550.521,436.865,1.0,552.716,447.203,1.0,550.776,458.259,1.0,497.346,860.161,1.0,506.582,859.089,1.0,514.597,855.835,1.0,521.442,857.667,1.0,530.594,861.387,1.0,392.586,145.396,1.0,402.262,143.772,1.0,413.073,143.386,1.0,418.286,137.19,1.0,424.736,137.065,1.0
769,237.284,589.044,1.0,241.38,581.041,1.0,250.528,585.195,1.0,259.455,588.58,1.0,271.799,595.528,1.0,856.657,593.36,1.0,848.899,584.169,1.0,842.233,577.579,1.0,834.198,566.026,1.0,822.715,565.503,1.0,540.493,433.903,1.0,546.116,435.047,1.0,550.727,436.941,1.0,552.897,447.621,1.0,550.378,458.815,1.0,497.332,860.214,1.0,506.415,858.999,1.0,514.585,855.794,1.0,521.442,857.558,1.0,530.723,861.425,1.0,391.811,145.703,1.0,401.468,143.772,1.0,412.299,144.339,1.0,417.753,137.819,1.0,424.682,137.267,1.0
770,237.221,589.044,1.0,241.308,581.041,1.0,250.497,585.195,1.0,259.455,588.605,1.0,271.799,595.528,1.0,856.723,593.406,1.0,849.041,584.329,1.0,842.233,577.686,1.0,834.092,566.242,1.0,822.715,565.503,1.0,548.77,441.226,1.0,549.538,434.802,1.0,552.042,440.857,1.0,554.815,448.564,1.0,550.167,458.815,1.0,497.207,860.161,1.0,506.545,858.939,1.0,514.585,855.794,1.0,521.442,857.5,1.0,530.881,861.425,1.0,391.716,145.717,1.0,400.857,143.483,1.0,410.433,144.694,1.0,417.418,137.819,1.0,424.164,138.014,1.0
771,237.265,589.012,1.0,241.308,581.041,1.0,250.497,585.275,1.0,259.455,588.766,1.0,271.785,595.528,1.0,856.723,593.406,1.0,849.041,584.392,1.0,842.36,577.686,1.0,834.173,566.295,1.0,822.773,565.546,1.0,549.7,441.226,1.0,549.574,434.259,1.0,552.601,441.102,1.0,554.882,448.564,1.0,550.167,458.953,1.0,497.207,859.983,1.0,506.545,858.939,1.0,514.585,855.835,1.0,521.446,857.5,1.0,530.903,861.617,1.0,390.857,148.0,1.0,399.891,143.628,1.0,408.708,144.843,1.0,416.796,137.819,1.0,423.172,138.071,1.0
772,237.221,588.982,1.0,241.308,581.043,1.0,250.497,585.356,1.0,259.455,588.783,1.0,271.785,595.641,1.0,856.827,593.369,1.0,849.027,584.392,1.0,842.36,577.624,1.0,834.197,566.242,1.0,822.773,565.546,1.0,549.7,441.226,1.0,550.004,433.812,1.0,553.458,441.102,1.0,554.882,448.564,1.0,550.167,459.022,1.0,497.207,859.723,1.0,506.415,858.897,1.0,514.433,855.835,1.0,521.446,857.5,1.0,530.903,861.617,1.0,390.497,148.28,1.0,399.766,143.628,1.0,407.16,144.843,1.0,412.105,136.073,1.0,421.674,138.61,1.0
773,237.219,588.85,1.0,241.353,580.999,1.0,250.497,585.356,1.0,259.481,588.958,1.0,271.784,595.641,1.0,856.799,593.369,1.0,849.027,584.37,1.0,842.36,577.624,1.0,834.197,566.242,1.0,822.773,565.546,1.0,549.7,440.629,1.0,550.797,433.812,1.0,553.586,441.102,1.0,554.815,448.412,1.0,550.313,459.113,1.0,497.18,859.723,1.0,506.267,858.897,1.0,514.286,855.88,1.0,521.23,857.645,1.0,530.924,861.617,1.0,390.497,148.28,1.0,399.257,143.628,1.0,407.07,144.694,1.0,412.041,135.954,1.0,421.562,138.61,1.0
774,237.221,588.847,1.0,241.353,580.994,1.0,250.497,585.415,1.0,259.481,588.959,1.0,271.75,595.641,1.0,856.799,593.406,1.0,849.041,584.37,1.0,842.397,577.624,1.0,834.197,566.242,1.0,822.773,565.546,1.0,549.157,435.772,1.0,552.578,433.812,1.0,553.872,440.894,1.0,550.26,446.554,1.0,550.673,459.469,1.0,497.18,859.578,1.0,506.267,858.991,1.0,514.286,855.963,1.0,521.23,857.645,1.0,530.966,861.596,1.0,390.415,148.256,1.0,398.45,144.039,1.0,406.815,144.694,1.0,411.878,135.877,1.0,421.562,138.614,1.0
775,237.219,588.804,1.0,241.357,580.977,1.0,250.592,585.432,1.0,259.496,588.97,1.0,271.719,595.602,1.0,856.799,593.369,1.0,849.041,584.37,1.0,842.417,577.624,1.0,834.204,566.261,1.0,822.773,565.476,1.0,549.157,435.019,1.0,554.559,434.158,1.0,557.319,440.709,1.0,550.242,446.371,1.0,550.774,459.875,1.0,496.603,859.578,1.0,506.226,858.991,1.0,514.286,856.089,1.0,521.112,857.645,1.0,531.008,861.219,1.0,390.248,148.28,1.0,398.226,144.039,1.0,406.512,144.631,1.0,411.837,135.954,1.0,421.562,138.687,1.0
776,237.08,588.774,1.0,241.537,580.977,1.0,250.693,585.437,1.0,259.538,589.032,1.0,271.719,595.603,1.0,856.827,593.443,1.0,849.069,584.37,1.0,842.423,577.633,1.0,834.246,566.261,1.0,822.782,565.476,1.0,549.157,433.892,1.0,555.471,434.64,1.0,557.642,440.709,1.0,550.004,446.135,1.0,550.774,460.405,1.0,496.441,859.524,1.0,505.786,858.949,1.0,514.278,856.275,1.0,520.882,857.232,1.0,531.027,861.016,1.0,390.248,148.538,1.0,398.108,144.039,1.0,406.472,144.557,1.0,411.393,135.979,1.0,421.562,138.748,1.0
777,237.077,588.523,1.0,241.84,580.977,1.0,250.73,585.716,1.0,259.538,589.136,1.0,271.716,595.603,1.0,857.179,593.459,1.0,849.069,584.615,1.0,842.48,577.672,1.0,834.312,566.407,1.0,822.899,565.604,1.0,551.216,432.688,1.0,557.09,434.714,1.0,558.389,440.709,1.0,550.004,446.135,1.0,550.774,460.553,1.0,496.441,859.524,1.0,505.739,858.949,1.0,514.278,856.467,1.0,520.882,857.136,1.0,531.291,860.977,1.0,390.248,148.538,1.0,398.108,144.012,1.0,406.472,144.557,1.0,411.035,135.979,1.0,419.957,140.019,1.0
778,236.963,588.523,1.0,242.042,581.087,1.0,250.73,585.716,1.0,259.542,589.136,1.0,271.716,595.603,1.0,857.179,593.459,1.0,849.069,584.663,1.0,842.48,577.672,1.0,834.246,566.412,1.0,822.782,565.604,1.0,552.94,435.019,1.0,558.347,435.827,1.0,558.389,441.195,1.0,550.242,445.723,1.0,550.774,460.553,1.0,496.441,859.524,1.0,505.739,858.949,1.0,514.278,856.686,1.0,520.882,857.136,1.0,531.322,860.977,1.0,390.465,148.745,1.0,398.108,144.012,1.0,406.472,144.376,1.0,410.548,135.983,1.0,419.325,140.607,1.0
779,236.963,588.523,1.0,242.042,581.087,1.0,250.73,585.437,1.0,259.542,589.136,1.0,271.716,595.603,1.0,857.259,593.351,1.0,849.069,584.663,1.0,842.423,577.689,1.0,834.204,566.412,1.0,822.782,565.604,1.0,552.94,435.019,1.0,558.347,435.944,1.0,558.389,441.195,1.0,550.242,445.723,1.0,550.774,460.553,1.0,496.603,859.524,1.0,505.739,858.949,1.0,514.289,856.686,1.0,521.112,857.136,1.0,531.322,860.977,1.0,390.465,148.745,1.0,398.108,144.012,1.0,406.375,144.078,1.0,410.548,135.983,1.0,419.325,140.607,1.0
780,236.963,588.363,1.0,243.091,581.439,1.0,251.702,585.076,1.0,260.766,589.051,1.0,271.6,595.77,1.0,858.125,593.179,1.0,848.922,584.736,1.0,842.387,577.803,1.0,834.185,566.55,1.0,822.659,565.712,1.0,571.41,443.005,1.0,565.875,435.944,1.0,554.547,442.6,1.0,552.073,445.095,1.0,550.85,458.03,1.0,508.205,859.524,1.0,516.419,858.949,1.0,523.897,859.16,1.0,530.651,861.709,1.0,537.764,861.116,1.0,394.476,152.951,1.0,400.563,146.229,1.0,405.807,144.078,1.0,409.179,137.928,1.0,419.301,141.657,1.0
781,237.822,578.54,1.0,243.091,581.439,1.0,253.47,583.891,1.0,262.29,588.733,1.0,271.744,596.038,1.0,858.125,593.139,1.0,848.872,584.736,1.0,842.376,577.864,1.0,834.183,566.55,1.0,822.651,565.815,1.0,571.503,445.654,1.0,566.546,436.595,1.0,554.547,442.6,1.0,552.073,444.625,1.0,552.494,456.548,1.0,508.205,860.005,1.0,516.419,859.244,1.0,523.897,859.231,1.0,530.651,862.02,1.0,537.764,861.997,1.0,394.681,154.648,1.0,400.704,147.861,1.0,403.008,141.111,1.0,409.114,137.97,1.0,419.157,141.657,1.0
782,237.822,575.083,1.0,243.091,581.439,1.0,253.47,583.794,1.0,262.29,587.869,1.0,271.815,596.246,1.0,858.125,593.088,1.0,848.798,584.736,1.0,842.369,577.871,1.0,834.061,566.55,1.0,822.621,565.815,1.0,571.705,446.223,1.0,566.693,439.517,1.0,554.547,442.6,1.0,552.073,444.625,1.0,552.494,456.502,1.0,508.205,860.005,1.0,516.419,859.244,1.0,523.897,859.424,1.0,530.651,862.02,1.0,538.034,861.997,1.0,396.159,156.469,1.0,401.707,147.893,1.0,402.618,141.111,1.0,408.867,138.071,1.0,418.81,141.657,1.0
783,237.822,575.083,1.0,241.839,580.737,1.0,253.47,583.794,1.0,262.29,587.787,1.0,271.744,596.246,1.0,858.044,592.89,1.0,848.599,584.27,1.0,842.098,577.864,1.0,833.952,566.5,1.0,822.621,565.815,1.0,572.241,446.346,1.0,566.693,440.618,1.0,558.877,440.524,1.0,551.905,444.625,1.0,552.494,456.502,1.0,505.956,860.089,1.0,514.58,859.244,1.0,522.83,859.424,1.0,530.063,862.02,1.0,538.245,861.997,1.0,396.159,157.955,1.0,401.707,150.323,1.0,401.023,141.111,1.0,408.08,139.451,1.0,418.762,141.657,1.0
784,237.822,574.323,1.0,241.839,580.689,1.0,253.47,583.528,1.0,262.29,587.77,1.0,271.719,596.303,1.0,857.692,592.89,1.0,848.246,583.74,1.0,841.39,577.803,1.0,833.418,566.477,1.0,822.398,565.7,1.0,572.291,446.346,1.0,567.49,440.618,1.0,558.877,440.524,1.0,551.905,445.1,1.0,552.477,456.548,1.0,505.956,860.089,1.0,514.58,858.82,1.0,522.83,860.417,1.0,530.063,862.02,1.0,538.266,861.442,1.0,396.159,159.313,1.0,401.707,151.708,1.0,399.644,142.423,1.0,407.728,140.293,1.0,418.762,141.9,1.0
785,237.822,573.145,1.0,241.839,580.689,1.0,253.47,583.446,1.0,262.29,587.77,1.0,271.719,596.303,1.0,854.713,592.89,1.0,848.246,583.136,1.0,841.357,577.427,1.0,830.045,566.477,1.0,822.397,565.444,1.0,572.384,446.346,1.0,567.49,440.98,1.0,559.039,440.524,1.0,551.657,445.314,1.0,552.349,456.654,1.0,505.956,859.985,1.0,514.58,858.82,1.0,522.83,860.417,1.0,530.063,861.97,1.0,538.331,861.204,1.0,394.238,161.587,1.0,398.519,153.953,1.0,396.582,144.361,1.0,407.323,141.011,1.0,418.458,142.88,1.0
786,240.582,575.083,1.0,243.378,580.592,1.0,255.824,583.203,1.0,262.705,586.476,1.0,271.646,596.308,1.0,854.713,592.661,1.0,848.246,583.136,1.0,841.348,577.427,1.0,830.045,566.5,1.0,822.351,565.365,1.0,572.999,445.651,1.0,568.523,440.98,1.0,559.039,441.279,1.0,551.628,445.314,1.0,552.257,456.732,1.0,509.379,859.006,1.0,516.956,858.599,1.0,524.444,860.417,1.0,530.063,860.701,1.0,538.331,860.676,1.0,394.238,162.259,1.0,398.478,154.193,1.0,396.369,145.808,1.0,407.316,142.514,1.0,418.363,142.88,1.0
787,242.11,575.151,1.0,243.796,580.592,1.0,255.824,582.782,1.0,262.779,586.46,1.0,271.49,596.308,1.0,854.713,592.661,1.0,848.246,583.136,1.0,841.307,577.427,1.0,830.045,566.5,1.0,822.334,565.365,1.0,579.79,444.722,1.0,570.604,441.312,1.0,561.168,441.397,1.0,551.628,445.416,1.0,552.333,457.139,1.0,513.605,858.812,0.9959999918937683,525.02,858.307,1.0,528.149,860.496,1.0,530.035,859.475,1.0,538.245,856.426,0.9980000257492065,393.893,162.638,1.0,398.478,154.304,1.0,396.369,147.956,1.0,407.316,144.229,1.0,417.931,143.683,1.0
788,242.11,573.452,1.0,243.796,579.913,1.0,255.824,582.782,1.0,262.779,586.127,1.0,271.49,596.46,1.0,855.673,592.661,1.0,848.246,583.473,1.0,841.307,577.481,1.0,830.313,566.704,1.0,822.323,565.346,1.0,581.657,444.722,1.0,571.336,441.539,1.0,561.511,441.397,1.0,551.628,445.314,1.0,552.195,457.139,1.0,547.576,858.507,1.0,541.222,858.204,1.0,531.652,860.508,1.0,525.447,859.107,1.0,516.901,854.655,1.0,394.238,162.774,1.0,398.519,154.592,1.0,396.369,148.607,1.0,407.316,144.248,1.0,417.067,143.956,1.0
789,242.11,573.8,1.0,243.378,578.329,1.0,255.407,582.782,1.0,262.705,585.829,1.0,271.455,596.308,1.0,855.963,592.588,1.0,848.212,583.473,1.0,841.307,577.584,1.0,830.313,566.704,1.0,822.24,565.346,1.0,581.988,445.377,1.0,571.505,441.678,1.0,561.688,441.397,1.0,551.628,445.307,1.0,552.195,457.139,1.0,547.981,858.132,1.0,541.717,858.204,1.0,531.785,860.508,1.0,525.447,858.98,1.0,516.529,853.972,1.0,393.893,162.806,1.0,398.478,155.08,1.0,397.289,150.139,1.0,406.414,144.847,1.0,416.924,144.438,1.0
790,240.51,573.8,1.0,241.861,575.922,1.0,252.468,582.782,1.0,261.642,585.503,1.0,271.369,596.308,1.0,856.188,592.526,1.0,848.074,583.473,1.0,841.187,577.608,1.0,830.319,566.622,1.0,822.21,565.327,1.0,586.773,445.377,1.0,573.714,441.93,1.0,563.336,441.554,1.0,552.11,445.307,1.0,552.195,456.882,1.0,548.779,858.132,1.0,542.33,858.204,1.0,531.927,860.508,1.0,525.447,858.865,1.0,516.509,853.67,1.0,393.729,162.806,1.0,398.478,155.767,1.0,397.591,151.794,1.0,406.414,144.847,1.0,413.208,144.438,1.0
791,240.326,573.452,1.0,241.663,575.519,1.0,252.014,582.584,1.0,261.317,585.289,1.0,271.245,596.236,1.0,856.304,592.436,1.0,848.046,583.341,1.0,841.176,577.637,1.0,830.319,566.622,1.0,822.206,565.325,1.0,587.159,445.663,1.0,573.807,442.755,1.0,563.99,441.566,1.0,552.62,445.321,1.0,552.295,456.534,1.0,548.779,858.061,0.9810000061988831,542.33,860.59,0.9700000286102295,532.249,860.56,1.0,527.602,858.865,1.0,516.529,853.67,1.0,392.19,163.478,1.0,397.873,157.69,1.0,397.826,152.144,1.0,406.34,144.741,1.0,411.875,144.438,1.0
792,239.065,572.755,1.0,240.449,575.398,1.0,248.697,581.773,1.0,258.584,584.899,1.0,268.318,593.074,1.0,856.304,592.267,1.0,847.91,583.334,1.0,841.099,577.672,1.0,830.292,566.664,1.0,821.979,565.325,1.0,587.159,445.663,1.0,573.807,442.755,1.0,564.256,441.918,1.0,552.67,445.321,1.0,552.255,456.499,1.0,549.07,858.132,0.996999979019165,542.33,860.59,0.9929999709129333,532.567,860.841,1.0,527.762,858.823,1.0,516.31,853.222,1.0,391.136,169.834,1.0,396.846,161.494,1.0,397.921,154.72,1.0,403.765,144.847,1.0,411.551,144.01,1.0
793,238.516,564.598,1.0,240.17,575.398,1.0,246.977,580.786,1.0,256.632,584.321,1.0,265.945,591.052,1.0,856.304,592.267,1.0,847.91,583.334,1.0,841.099,577.637,1.0,830.244,566.664,1.0,821.979,565.325,1.0,587.427,445.663,1.0,573.807,442.755,1.0,564.423,441.932,1.0,552.67,445.321,1.0,552.295,456.322,1.0,548.779,858.132,0.9440000057220459,541.917,861.023,0.9940000176429749,532.567,861.23,1.0,530.271,858.865,1.0,516.31,853.222,0.984000027179718,391.084,169.918,1.0,395.056,161.625,1.0,397.921,155.011,1.0,403.306,147.4,1.0,407.988,143.971,1.0
794,237.477,564.573,1.0,240.128,574.017,1.0,246.977,580.724,1.0,256.044,584.28,1.0,265.795,591.052,1.0,856.304,592.267,1.0,847.91,583.341,1.0,841.099,577.672,1.0,830.244,566.688,1.0,821.979,565.35,1.0,587.159,444.874,1.0,573.807,442.587,1.0,564.587,441.932,1.0,552.855,445.321,1.0,552.763,456.185,1.0,527.337,858.782,0.9900000095367432,530.908,861.26,0.9980000257492065,537.015,861.23,1.0,531.127,858.865,1.0,548.53,855.391,1.0,389.63,170.886,1.0,394.009,162.942,1.0,397.921,157.434,1.0,402.625,147.4,1.0,406.199,143.958,1.0
795,237.374,564.481,1.0,240.128,574.017,1.0,246.977,579.879,1.0,255.537,584.28,1.0,265.136,590.096,1.0,856.304,592.524,1.0,848.096,583.585,1.0,841.321,577.7,1.0,830.244,566.796,1.0,821.91,565.462,1.0,587.427,444.86,1.0,574.828,442.026,1.0,565.547,442.21,1.0,554.361,444.861,1.0,553.667,454.539,1.0,527.337,861.11,1.0,530.908,861.26,1.0,537.929,861.23,1.0,544.626,859.291,1.0,551.588,858.902,1.0,389.086,170.96,1.0,393.236,162.942,1.0,397.208,157.434,1.0,402.123,146.856,1.0,405.964,143.862,1.0
796,234.527,564.284,1.0,240.167,571.875,1.0,247.531,577.51,1.0,252.347,584.28,1.0,259.676,590.096,1.0,856.527,592.533,1.0,848.137,583.679,1.0,841.33,577.753,1.0,830.383,566.796,1.0,821.992,565.472,1.0,587.527,444.465,1.0,580.019,440.524,1.0,567.993,442.231,1.0,556.236,444.748,1.0,555.662,451.815,1.0,530.729,862.056,1.0,531.881,861.26,1.0,537.966,859.86,1.0,544.626,859.291,1.0,551.588,859.378,1.0,388.854,171.309,1.0,393.174,163.174,1.0,396.853,157.467,1.0,401.387,147.964,1.0,405.959,143.971,1.0
797,234.527,564.284,1.0,240.167,571.875,1.0,247.724,577.097,1.0,249.612,583.544,1.0,257.246,590.015,1.0,857.512,592.637,1.0,848.254,583.867,1.0,841.36,577.777,1.0,830.451,566.796,1.0,821.992,565.548,1.0,588.287,444.465,1.0,581.475,440.187,1.0,568.951,445.695,1.0,557.078,444.324,1.0,555.662,450.158,1.0,530.385,863.764,1.0,531.881,861.296,1.0,537.966,859.525,1.0,544.626,860.145,1.0,552.3,860.014,1.0,388.79,171.588,1.0,392.854,164.097,1.0,396.349,157.467,1.0,401.178,148.109,1.0,405.451,143.971,1.0
798,234.527,564.088,1.0,239.77,571.875,1.0,247.724,577.097,1.0,248.47,577.72,1.0,256.555,589.891,1.0,858.325,592.533,1.0,848.566,584.479,1.0,842.007,577.934,1.0,833.263,566.489,1.0,822.055,565.695,1.0,589.515,444.465,1.0,581.914,440.091,1.0,569.63,445.695,1.0,557.11,444.138,1.0,555.662,449.109,1.0,530.385,863.878,1.0,532.604,861.296,1.0,538.532,859.525,1.0,544.626,860.309,1.0,551.588,860.136,1.0,388.79,172.248,1.0,391.876,166.439,1.0,395.824,157.467,1.0,400.137,149.042,1.0,403.894,144.924,1.0
799,235.076,564.088,1.0,239.77,571.623,1.0,247.838,576.872,1.0,248.47,577.72,1.0,256.175,589.891,1.0,858.37,592.524,1.0,848.566,584.725,1.0,842.008,578.04,1.0,833.279,566.489,1.0,821.971,565.813,1.0,589.567,444.573,1.0,582.263,440.034,1.0,570.361,445.695,1.0,560.244,439.958,1.0,555.169,448.601,1.0,530.385,863.878,0.9990000128746033,532.604,861.296,1.0,538.532,859.4,1.0,544.595,860.309,1.0,551.279,860.136,0.9860000014305115,387.491,174.522,1.0,391.847,166.759,1.0,394.357,159.456,1.0,397.858,151.532,1.0,400.473,145.691,1.0
800,235.076,564.395,1.0,238.865,571.623,1.0,248.046,577.097,1.0,248.897,577.667,1.0,256.085,589.891,1.0,858.564,591.356,1.0,848.566,585.207,1.0,842.008,578.107,1.0,833.388,566.489,1.0,821.971,565.813,1.0,589.542,444.573,1.0,582.501,439.987,1.0,570.905,445.064,1.0,560.852,439.311,1.0,554.898,448.226,1.0,529.124,864.625,1.0,,863.153,1.0,,862.584,1.0,545.64,862.885,1.0,551.419,862.618,1.0,386.907,175.35,1.0,390.803,166.955,1.0,394.352,159.927,1.0,396.579,152.546,1.0,400.473,146.284,1.0
801,235.076,564.395,1.0,238.865,571.623,1.0,248.046,577.097,1.0,248.897,577.667,1.0,255.958,590.341,1.0,858.865,591.04,1.0,848.184,585.267,1.0,842.008,578.241,1.0,833.388,566.59,1.0,821.944,565.8,1.0,589.542,444.821,1.0,582.585,439.833,1.0,571.378,444.335,1.0,561.7,439.311,1.0,554.898,447.697,1.0,,865.393,,,863.153,,,862.64,,545.64,862.885,,552.572,863.961,,386.753,175.737,1.0,390.641,166.843,1.0,394.315,160.041,1.0,396.312,152.642,1.0,400.282,146.284,1.0
802,234.847,563.986,1.0,238.865,571.121,1.0,247.532,576.987,1.0,248.47,577.667,1.0,255.791,590.385,1.0,858.986,590.531,1.0,848.184,585.343,1.0,842.093,578.241,1.0,833.395,566.635,1.0,821.944,565.752,1.0,589.685,444.821,1.0,582.744,439.002,1.0,571.463,443.604,1.0,561.994,439.311,1.0,554.898,447.532,1.0,525.207,866.348,1.0,532.247,863.246,1.0,539.434,863.136,1.0,546.273,862.885,1.0,552.947,865.479,1.0,386.683,176.357,1.0,389.74,166.843,1.0,394.102,160.257,1.0,396.312,152.673,1.0,400.245,146.284,1.0
803,234.331,563.101,1.0,239.067,570.35,1.0,247.013,576.872,1.0,246.268,588.748,1.0,255.258,590.385,1.0,859.165,590.519,1.0,848.184,585.458,1.0,842.093,578.241,1.0,833.454,566.826,1.0,821.944,565.768,1.0,589.685,444.952,1.0,583.48,439.002,1.0,571.688,443.556,1.0,562.304,440.277,1.0,555.603,447.198,1.0,524.683,866.14,1.0,531.534,862.501,1.0,538.98,862.64,1.0,546.273,862.885,1.0,552.947,863.961,1.0,386.546,176.357,1.0,389.421,167.156,1.0,393.794,160.357,1.0,396.312,152.673,1.0,400.245,146.565,1.0
804,233.013,562.226,1.0,239.067,569.079,1.0,244.865,576.987,1.0,246.248,588.748,1.0,254.896,590.341,1.0,859.215,590.328,1.0,848.184,585.537,1.0,842.093,578.241,1.0,833.477,566.867,1.0,821.944,565.752,1.0,589.685,444.821,1.0,583.575,439.002,1.0,573.195,443.556,1.0,563.728,441.474,1.0,556.402,446.962,1.0,524.343,866.14,1.0,531.362,862.501,1.0,538.916,861.873,1.0,546.273,862.885,1.0,552.947,863.429,1.0,386.519,176.799,1.0,388.746,167.225,1.0,393.441,160.993,1.0,396.337,152.673,1.0,400.088,146.565,1.0
805,232.68,560.045,1.0,239.247,569.079,1.0,244.024,576.987,1.0,246.038,588.748,1.0,254.852,589.918,1.0,859.215,590.328,1.0,848.184,585.707,1.0,842.093,578.227,1.0,833.477,566.879,1.0,821.944,565.768,1.0,590.505,444.685,1.0,584.279,440.126,1.0,575.121,443.604,1.0,566.397,442.797,1.0,556.784,446.463,1.0,524.289,866.348,1.0,530.91,862.501,1.0,538.894,861.044,1.0,547.184,864.046,1.0,554.18,863.259,1.0,379.172,176.771,1.0,387.345,167.225,1.0,392.469,161.696,1.0,396.337,152.673,1.0,399.692,148.364,1.0
806,231.093,558.539,1.0,239.067,568.361,1.0,242.541,580.042,1.0,245.879,587.657,1.0,254.852,589.877,1.0,859.224,590.328,1.0,848.241,585.707,1.0,842.093,578.174,1.0,833.47,567.031,1.0,821.971,565.752,1.0,594.186,444.685,1.0,585.359,441.556,1.0,577.043,443.707,1.0,568.851,442.906,1.0,556.983,446.363,1.0,524.289,866.348,1.0,530.91,862.804,1.0,538.894,861.044,1.0,547.314,864.046,1.0,554.355,863.082,1.0,377.358,176.771,1.0,384.143,167.402,1.0,389.905,166.272,1.0,396.337,154.661,1.0,398.655,150.876,1.0
807,230.795,558.539,1.0,238.761,568.2,1.0,241.783,580.895,1.0,243.633,586.628,1.0,254.847,588.707,1.0,859.224,590.422,1.0,848.241,585.744,1.0,842.114,578.174,1.0,833.47,567.031,1.0,821.971,565.703,1.0,594.982,444.952,1.0,585.803,441.556,1.0,577.591,444.074,1.0,569.507,442.906,1.0,557.872,446.363,1.0,524.289,866.61,1.0,531.362,862.804,1.0,538.894,861.044,1.0,547.314,864.046,1.0,554.355,862.823,1.0,376.566,173.343,1.0,383.672,168.072,1.0,389.73,166.397,1.0,394.31,154.978,1.0,398.55,153.513,1.0
808,230.401,558.539,1.0,238.761,568.2,1.0,241.783,580.895,1.0,242.935,586.589,1.0,253.793,587.352,1.0,859.215,590.443,1.0,848.082,585.744,1.0,842.075,578.174,1.0,833.47,567.031,1.0,821.923,565.664,1.0,596.456,448.285,1.0,586.366,441.556,1.0,577.692,444.074,1.0,569.687,442.987,1.0,558.533,446.427,1.0,525.778,866.68,1.0,532.479,862.953,1.0,539.669,861.044,1.0,547.314,861.35,1.0,554.355,861.899,1.0,376.566,174.116,1.0,383.506,168.072,1.0,389.281,167.385,1.0,390.578,161.672,1.0,398.041,153.513,1.0
809,230.166,559.077,1.0,238.796,569.169,1.0,241.783,580.042,1.0,242.935,586.589,1.0,252.756,586.58,1.0,859.059,590.443,1.0,848.069,585.744,1.0,842.071,578.166,1.0,833.375,567.031,1.0,821.923,565.588,1.0,597.313,448.425,1.0,586.522,441.364,1.0,577.92,444.074,1.0,570.034,443.426,1.0,558.613,446.427,1.0,558.169,866.715,0.9940000176429749,548.48,862.953,0.9980000257492065,539.669,861.044,1.0,542.091,860.728,1.0,530.632,859.598,0.9929999709129333,375.411,174.116,1.0,383.506,168.548,1.0,388.812,167.385,1.0,390.578,161.778,1.0,397.96,154.331,1.0
810,230.166,559.196,1.0,238.534,568.2,1.0,241.783,579.585,1.0,242.935,586.589,1.0,252.756,585.865,1.0,858.045,590.443,1.0,848.241,583.541,1.0,841.305,578.006,1.0,830.575,567.001,1.0,821.727,565.384,1.0,597.313,448.554,1.0,586.82,440.795,1.0,578.089,443.91,1.0,570.034,443.278,1.0,558.613,446.422,1.0,558.169,866.715,0.996999979019165,548.48,862.953,1.0,543.905,860.509,1.0,542.091,860.728,1.0,530.632,859.598,0.996999979019165,373.024,174.116,0.9990000128746033,383.275,169.738,1.0,386.361,167.628,1.0,390.578,161.98,1.0,396.005,154.462,0.9990000128746033
811,229.897,559.492,1.0,238.534,568.2,1.0,241.783,579.403,1.0,243.21,586.589,1.0,252.756,585.865,1.0,856.597,590.155,1.0,848.629,581.172,1.0,841.252,577.74,1.0,829.325,566.578,1.0,821.479,565.015,1.0,597.313,448.554,1.0,587.159,440.341,1.0,578.904,443.882,1.0,569.687,443.278,1.0,558.986,446.422,1.0,558.169,866.715,0.38199999928474426,548.48,863.125,0.5929999947547913,543.905,858.857,0.9279999732971191,542.091,861.188,0.8450000286102295,530.632,859.598,0.7770000100135803,373.024,177.274,0.9890000224113464,382.385,174.599,1.0,385.315,169.839,1.0,390.603,166.658,1.0,394.945,156.109,1.0
812,229.759,564.391,1.0,238.386,566.212,1.0,237.554,577.255,1.0,248.556,580.732,1.0,255.938,583.12,1.0,856.597,588.78,1.0,850.56,580.98,1.0,840.935,573.992,1.0,829.325,566.009,1.0,821.125,564.609,1.0,597.313,448.554,1.0,588.291,439.502,1.0,579.831,443.882,1.0,569.687,443.278,1.0,559.213,446.116,1.0,532.398,859.613,1.0,542.346,863.819,1.0,543.905,858.857,1.0,544.777,861.188,1.0,555.242,866.488,1.0,373.024,179.275,1.0,377.686,175.993,1.0,383.809,173.366,1.0,390.603,167.147,1.0,393.313,157.366,1.0
813,229.28,564.498,1.0,238.1,566.039,1.0,237.256,576.316,1.0,248.668,580.55,1.0,255.938,583.12,1.0,855.853,587.557,1.0,850.56,580.852,1.0,840.897,573.617,1.0,829.323,566.009,1.0,821.045,564.518,1.0,598.627,448.554,1.0,589.47,438.815,1.0,580.464,443.91,1.0,570.285,442.859,1.0,560.933,445.344,1.0,532.398,859.613,0.9769999980926514,542.346,863.819,0.9990000128746033,543.905,858.857,1.0,545.445,861.908,0.9990000128746033,555.242,866.488,0.9620000123977661,371.23,181.548,1.0,376.379,177.38,1.0,382.649,174.805,1.0,390.689,167.478,1.0,392.989,157.384,1.0
814,229.051,564.498,1.0,237.856,565.511,1.0,237.256,575.691,1.0,248.668,580.066,1.0,255.938,583.12,1.0,855.853,579.809,1.0,850.56,580.852,1.0,840.897,572.748,1.0,829.202,566.009,1.0,820.827,564.212,1.0,603.317,447.629,1.0,593.924,437.637,1.0,581.903,444.358,1.0,570.513,442.688,1.0,562.064,444.454,1.0,532.398,859.613,0.9980000257492065,542.346,863.628,1.0,546.917,861.594,1.0,546.579,861.908,1.0,555.242,866.488,1.0,370.975,181.548,1.0,376.306,177.457,1.0,382.571,174.901,1.0,390.603,167.536,1.0,392.742,157.541,1.0
815,228.932,564.391,1.0,237.783,565.283,1.0,237.554,575.258,1.0,248.556,579.628,1.0,255.518,583.248,1.0,856.597,578.049,1.0,850.317,580.852,1.0,840.592,572.206,1.0,827.143,568.898,1.0,820.422,563.834,1.0,606.095,444.418,1.0,597.719,437.637,1.0,583.83,447.258,1.0,571.198,442.688,1.0,562.763,444.454,1.0,567.135,866.543,0.996999979019165,558.715,863.819,1.0,550.951,861.862,1.0,546.131,862.554,1.0,541.396,858.956,1.0,370.755,182.18,1.0,375.703,177.827,1.0,382.306,175.114,1.0,390.074,167.574,1.0,392.446,157.541,1.0
816,228.932,563.768,1.0,236.946,564.699,1.0,240.808,570.614,1.0,245.43,576.934,1.0,252.78,583.99,1.0,859.869,574.706,1.0,850.317,580.333,1.0,840.425,572.137,1.0,827.081,568.898,1.0,820.163,563.417,1.0,606.58,443.307,1.0,598.152,437.637,1.0,584.551,447.258,1.0,571.535,442.688,1.0,563.315,444.454,1.0,567.135,866.543,0.9959999918937683,558.715,863.628,1.0,551.969,864.639,1.0,546.579,865.075,1.0,541.396,858.956,0.9850000143051147,365.141,182.292,1.0,375.083,180.073,1.0,381.353,174.901,1.0,389.807,168.04,1.0,392.331,158.986,1.0
817,229.051,563.768,1.0,236.946,564.454,1.0,241.06,570.191,1.0,244.232,576.78,1.0,252.78,584.616,1.0,855.074,572.483,1.0,845.269,579.828,1.0,840.293,572.137,1.0,826.899,568.957,1.0,820.163,563.145,1.0,606.651,443.307,1.0,598.328,437.637,1.0,584.595,447.258,1.0,571.552,442.881,1.0,563.471,444.485,1.0,567.135,866.543,0.9959999918937683,558.715,862.97,1.0,552.215,864.808,1.0,546.579,865.075,1.0,541.396,858.956,1.0,363.729,182.46,1.0,371.067,183.313,1.0,378.644,174.805,1.0,384.638,169.223,1.0,386.649,164.346,1.0
818,229.094,563.389,1.0,236.946,564.454,1.0,241.195,569.941,1.0,244.232,575.952,1.0,252.78,584.616,1.0,856.196,572.483,1.0,845.13,579.828,1.0,840.292,572.206,1.0,826.585,568.898,1.0,820.161,563.131,1.0,607.033,443.271,1.0,598.394,437.602,1.0,584.688,446.49,1.0,571.592,442.881,1.0,563.912,444.485,1.0,548.529,853.717,1.0,545.638,858.655,1.0,552.215,864.808,1.0,555.208,868.395,1.0,567.79,866.51,1.0,363.552,186.627,1.0,369.248,183.775,1.0,377.715,173.974,1.0,383.418,169.223,1.0,385.363,165.15,1.0
819,229.094,563.318,1.0,236.379,563.849,1.0,241.257,569.601,1.0,243.667,575.419,1.0,252.066,584.305,1.0,856.242,572.483,1.0,844.924,579.394,1.0,840.142,572.385,1.0,826.467,568.806,1.0,820.154,563.112,1.0,607.033,443.011,1.0,598.403,436.203,1.0,584.867,446.443,1.0,572.342,442.881,1.0,565.259,444.485,1.0,545.685,850.289,1.0,544.443,858.342,1.0,551.969,864.639,1.0,555.544,868.535,1.0,567.79,866.51,1.0,363.552,186.914,1.0,369.127,184.422,1.0,377.233,173.974,1.0,383.194,169.223,1.0,384.914,165.302,1.0
820,229.59,559.593,1.0,236.162,563.849,1.0,241.941,569.601,1.0,242.89,575.419,1.0,252.066,584.305,1.0,856.242,576.66,1.0,844.924,578.945,1.0,840.078,572.404,1.0,826.541,568.74,1.0,820.161,563.06,1.0,607.201,441.629,1.0,599.258,435.317,1.0,586.203,445.957,1.0,575.428,442.004,1.0,567.18,444.142,1.0,545.345,850.26,1.0,544.443,858.342,1.0,551.347,863.615,1.0,555.544,868.626,1.0,568.669,866.966,1.0,363.552,187.028,1.0,369.127,184.828,1.0,377.079,173.974,1.0,382.883,169.257,1.0,384.914,165.356,1.0
821,229.707,557.728,1.0,235.895,560.738,1.0,241.941,564.869,1.0,243.334,575.031,1.0,251.483,583.892,1.0,856.242,576.66,1.0,844.924,578.945,1.0,839.912,572.548,1.0,826.585,568.74,1.0,820.17,562.851,1.0,608.43,441.309,1.0,600.384,434.13,1.0,589.7,442.88,1.0,580.033,442.004,1.0,570.201,443.858,1.0,545.267,850.26,1.0,544.067,858.258,1.0,551.347,863.615,1.0,555.494,868.751,1.0,568.669,866.51,1.0,363.34,187.244,1.0,369.064,185.319,1.0,376.596,174.16,1.0,381.358,169.257,1.0,384.882,165.974,1.0
822,229.837,557.227,1.0,235.895,560.68,1.0,241.941,564.693,1.0,243.334,575.031,1.0,251.475,583.851,1.0,856.733,576.684,1.0,845.13,578.468,1.0,839.912,572.554,1.0,826.585,568.74,1.0,820.17,562.851,1.0,608.759,439.675,1.0,602.224,433.901,1.0,591.583,441.738,1.0,583.074,442.004,1.0,572.734,443.858,1.0,545.267,850.26,1.0,544.067,858.342,1.0,551.347,863.351,1.0,555.544,869.066,1.0,568.948,866.51,1.0,359.194,189.092,1.0,368.829,185.319,1.0,374.495,176.649,1.0,380.891,169.257,1.0,384.781,166.759,1.0
823,229.707,556.159,1.0,235.23,559.708,1.0,241.867,564.693,1.0,242.766,575.031,1.0,250.898,583.511,1.0,856.915,576.714,1.0,845.297,578.468,1.0,839.912,572.832,1.0,826.793,568.856,1.0,820.291,562.851,1.0,611.296,439.546,1.0,602.309,433.901,1.0,591.899,441.738,1.0,584.717,442.559,1.0,573.036,443.858,1.0,544.701,850.286,1.0,546.297,859.453,1.0,551.451,863.615,1.0,555.544,869.066,1.0,568.948,866.966,1.0,358.022,189.399,1.0,368.15,185.319,1.0,372.961,179.088,1.0,379.26,170.917,1.0,383.99,167.04,1.0
824,229.707,556.159,1.0,235.197,559.708,1.0,241.126,564.869,1.0,242.766,575.031,1.0,250.584,583.128,1.0,857.065,576.714,1.0,845.664,578.452,1.0,839.906,573.162,1.0,827.07,568.932,1.0,820.312,563.031,1.0,611.618,439.546,1.0,602.309,433.504,1.0,592.003,441.512,1.0,584.772,442.745,1.0,573.287,444.028,1.0,544.701,852.734,1.0,546.646,859.637,1.0,554.412,863.801,1.0,559.124,869.066,1.0,570.151,867.46,1.0,357.872,189.665,1.0,364.687,184.019,1.0,372.54,179.157,1.0,379.145,171.174,1.0,383.959,167.105,1.0
825,228.307,549.565,1.0,231.261,559.462,1.0,236.398,567.22,1.0,242.766,575.031,1.0,249.847,583.066,1.0,857.518,576.672,1.0,846.089,578.386,1.0,839.851,573.38,1.0,827.183,568.991,1.0,820.348,563.278,1.0,611.618,439.509,1.0,602.776,433.441,1.0,592.606,441.448,1.0,585.303,443.148,1.0,573.418,444.509,1.0,544.701,861.669,1.0,547.204,862.616,1.0,555.898,864.227,1.0,563.475,868.712,1.0,571.955,868.719,1.0,357.472,189.665,1.0,364.513,183.265,1.0,372.175,180.234,1.0,378.21,172.235,1.0,382.118,170.555,1.0
826,228.307,549.565,1.0,231.261,559.462,1.0,236.398,567.22,1.0,242.766,575.345,1.0,249.847,583.032,1.0,858.168,576.672,1.0,846.667,578.271,1.0,840.046,576.926,1.0,827.552,569.074,1.0,820.533,563.278,1.0,612.017,439.506,1.0,602.793,433.901,1.0,592.867,441.448,1.0,585.303,443.148,1.0,573.722,444.509,1.0,544.701,861.893,1.0,548.222,864.186,1.0,557.236,865.148,1.0,565.37,868.712,1.0,572.608,870.231,1.0,357.259,189.665,1.0,364.344,183.265,1.0,371.616,180.781,1.0,377.311,172.277,1.0,382.059,170.745,1.0
827,228.307,549.565,1.0,231.261,559.462,1.0,236.398,567.473,1.0,242.766,574.897,1.0,249.847,582.912,1.0,858.543,576.656,1.0,846.809,577.906,1.0,840.005,577.057,1.0,827.645,569.074,1.0,820.592,563.278,1.0,612.155,439.198,1.0,602.816,433.902,1.0,593.711,441.372,1.0,585.503,443.148,1.0,574.368,444.509,1.0,547.562,864.492,1.0,549.103,864.698,1.0,557.741,865.532,1.0,565.587,868.712,1.0,572.991,870.986,1.0,355.868,190.209,1.0,361.709,184.019,1.0,369.865,182.236,1.0,372.621,177.145,1.0,379.851,171.885,1.0
828,231.022,554.132,1.0,235.346,560.391,1.0,240.72,567.473,1.0,243.39,574.897,1.0,250.174,582.912,1.0,859.048,576.107,1.0,847.221,576.685,1.0,840.005,577.31,1.0,827.806,569.146,1.0,820.859,563.318,1.0,614.143,435.099,1.0,603.866,439.131,1.0,595.397,441.372,1.0,585.505,441.586,1.0,577.302,443.429,1.0,547.562,864.855,1.0,548.222,864.926,1.0,557.741,865.782,1.0,565.763,869.945,1.0,573.809,871.194,1.0,352.218,190.527,1.0,357.813,185.025,1.0,367.478,185.421,1.0,372.122,177.155,1.0,379.354,172.69,1.0
829,231.022,556.601,1.0,236.768,564.483,1.0,240.72,567.943,1.0,243.645,575.461,1.0,251.517,582.912,1.0,859.559,575.793,1.0,847.502,576.685,1.0,840.046,577.31,1.0,827.849,569.074,1.0,820.934,563.318,1.0,617.667,433.399,1.0,605.915,439.131,1.0,596.449,441.372,1.0,586.695,441.199,1.0,579.817,443.216,1.0,547.562,864.856,1.0,548.222,866.449,1.0,557.236,865.782,1.0,565.763,869.945,1.0,573.809,871.194,1.0,351.969,190.737,1.0,357.615,186.431,1.0,365.257,185.692,1.0,370.316,177.619,1.0,378.425,175.007,1.0
830,232.421,558.529,1.0,237.602,566.149,1.0,240.72,569.399,1.0,245.037,575.5,1.0,251.701,583.722,1.0,860.452,575.225,1.0,849.11,576.426,1.0,840.416,577.173,1.0,828.089,569.008,1.0,821.188,563.438,1.0,618.389,432.866,1.0,605.915,440.0,1.0,597.473,442.467,1.0,587.598,441.199,1.0,580.033,443.216,1.0,543.017,866.526,1.0,548.01,865.415,1.0,556.678,865.782,1.0,566.273,869.945,1.0,573.809,870.986,1.0,351.85,191.469,1.0,357.357,186.661,1.0,364.997,185.754,1.0,370.055,177.695,1.0,378.078,175.007,1.0
831,232.818,558.529,1.0,237.73,567.275,1.0,238.485,572.306,1.0,245.16,577.043,1.0,251.808,584.366,1.0,860.641,575.225,1.0,849.411,576.404,1.0,840.416,577.173,1.0,828.089,568.942,1.0,821.328,563.469,1.0,618.389,430.438,1.0,604.781,440.0,1.0,597.528,442.834,1.0,587.666,441.199,1.0,580.078,443.216,1.0,542.397,866.818,1.0,547.567,865.512,1.0,556.528,864.814,1.0,565.763,867.556,1.0,573.017,870.34,1.0,347.893,191.743,1.0,357.319,188.608,1.0,364.694,188.341,1.0,369.346,177.695,1.0,377.321,175.178,1.0
832,232.818,558.384,1.0,237.754,567.423,1.0,238.402,572.457,1.0,245.345,577.059,1.0,252.089,584.526,1.0,860.641,575.136,1.0,849.411,576.404,1.0,840.416,577.173,1.0,828.141,569.008,1.0,821.333,563.552,1.0,617.667,432.866,1.0,604.706,440.0,1.0,597.528,442.834,1.0,587.666,441.437,1.0,580.41,443.285,1.0,542.144,866.841,1.0,547.567,865.512,1.0,556.528,863.362,1.0,565.763,867.093,1.0,573.017,869.557,1.0,345.859,192.108,1.0,356.32,188.848,1.0,363.365,188.421,1.0,367.377,178.043,1.0,377.266,176.016,1.0
833,232.818,558.384,1.0,237.982,567.518,1.0,238.402,573.153,1.0,246.256,577.346,1.0,253.152,585.215,1.0,860.452,575.136,1.0,849.11,576.139,1.0,839.723,576.39,1.0,828.089,569.008,1.0,821.333,563.604,1.0,619.385,433.399,1.0,604.781,440.0,1.0,597.562,443.456,1.0,587.727,442.076,1.0,580.41,443.38,1.0,542.144,866.818,1.0,547.567,865.415,1.0,556.528,863.362,1.0,566.273,867.093,1.0,573.017,869.557,1.0,344.403,196.11,1.0,351.701,190.064,1.0,359.625,188.421,1.0,364.017,178.958,1.0,371.544,177.367,1.0
834,232.818,558.497,1.0,237.982,567.518,1.0,238.485,575.175,1.0,246.394,577.832,1.0,253.339,585.215,1.0,859.815,575.225,1.0,847.572,576.139,1.0,839.723,575.908,1.0,828.141,569.177,1.0,821.44,563.604,1.0,615.547,435.991,1.0,604.781,440.0,1.0,597.562,443.416,1.0,587.727,442.364,1.0,580.575,443.531,1.0,542.144,866.818,1.0,547.608,864.118,1.0,557.802,863.362,1.0,566.715,867.093,1.0,574.454,869.557,1.0,344.403,196.11,1.0,351.701,190.064,1.0,357.772,188.341,1.0,363.785,179.417,1.0,369.619,177.963,1.0
835,232.702,558.469,1.0,237.982,567.518,1.0,238.826,576.026,1.0,247.954,577.865,1.0,253.343,585.215,1.0,859.443,575.536,1.0,847.472,576.139,1.0,839.723,575.766,1.0,828.13,569.188,1.0,821.449,563.604,1.0,615.547,446.712,1.0,612.304,437.007,1.0,599.198,443.416,1.0,587.731,442.364,1.0,580.917,443.808,1.0,548.944,866.68,1.0,552.891,864.097,1.0,560.499,865.21,1.0,567.2,868.227,1.0,574.831,870.672,1.0,344.403,196.11,1.0,351.701,190.064,1.0,357.707,188.038,1.0,363.369,179.417,1.0,368.332,179.442,1.0
836,232.537,558.497,1.0,237.982,567.164,1.0,238.86,578.098,1.0,247.954,578.503,1.0,253.952,582.969,1.0,859.126,575.273,1.0,847.27,576.206,1.0,839.772,575.655,1.0,828.13,569.188,1.0,821.449,563.601,1.0,616.187,446.712,1.0,613.071,437.007,1.0,601.308,442.595,1.0,587.833,442.364,1.0,581.543,445.137,1.0,548.984,865.983,1.0,556.527,863.944,1.0,565.534,866.496,1.0,567.702,872.701,1.0,579.109,870.752,1.0,344.385,197.789,1.0,351.701,191.383,1.0,357.371,188.038,1.0,357.005,187.08,1.0,367.069,182.204,1.0
837,232.45,559.191,1.0,237.982,567.164,1.0,238.937,578.098,1.0,247.954,579.569,1.0,254.964,582.969,1.0,859.126,575.536,1.0,847.27,576.83,1.0,839.874,575.655,1.0,828.13,569.177,1.0,821.449,563.601,1.0,616.829,447.494,1.0,613.362,437.007,1.0,601.778,442.595,1.0,591.443,437.52,1.0,581.782,445.296,1.0,551.544,864.54,1.0,561.461,863.944,1.0,566.594,866.582,1.0,567.2,872.701,1.0,579.833,872.252,1.0,344.368,197.789,1.0,351.701,191.383,1.0,355.834,188.038,1.0,355.623,189.841,1.0,364.175,182.446,1.0
838,232.45,559.545,1.0,238.291,567.164,1.0,241.233,578.098,1.0,244.48,585.084,1.0,254.964,582.969,1.0,859.126,575.575,1.0,847.572,577.117,1.0,839.885,575.766,1.0,828.223,569.136,1.0,821.607,563.601,1.0,616.829,447.404,1.0,613.991,437.156,1.0,602.203,442.422,1.0,591.473,437.444,1.0,582.036,445.456,1.0,552.654,863.139,1.0,561.461,863.743,1.0,566.673,867.142,1.0,567.2,873.162,1.0,580.033,872.252,1.0,340.566,198.804,1.0,345.178,195.997,1.0,350.618,188.983,1.0,355.623,189.937,1.0,364.175,182.446,1.0
839,232.537,561.816,1.0,238.859,568.562,1.0,242.321,575.891,1.0,244.48,585.823,1.0,254.964,583.812,1.0,859.727,576.128,1.0,848.703,577.922,1.0,840.804,575.974,1.0,830.704,563.989,1.0,821.601,563.901,1.0,618.536,447.404,1.0,616.296,437.216,1.0,604.554,441.069,1.0,594.005,437.331,1.0,582.497,445.8,1.0,554.329,862.209,0.9929999709129333,559.024,863.743,1.0,566.673,867.142,1.0,567.702,873.245,1.0,580.063,872.516,0.9950000047683716,339.489,199.439,1.0,345.178,198.104,1.0,350.618,189.81,1.0,355.673,189.937,1.0,364.175,182.446,1.0
840,232.634,563.352,1.0,238.859,571.318,1.0,244.634,575.613,1.0,244.48,588.962,1.0,254.302,588.952,1.0,859.727,576.141,1.0,848.712,578.086,1.0,840.877,576.005,1.0,830.864,563.897,1.0,821.601,563.976,1.0,618.615,447.468,1.0,616.456,437.306,1.0,604.815,440.802,1.0,594.35,437.444,1.0,582.817,445.927,1.0,554.329,861.133,1.0,559.024,863.944,1.0,566.673,868.37,1.0,567.702,873.162,1.0,580.351,872.252,1.0,339.067,199.551,1.0,342.496,198.104,1.0,350.43,192.641,1.0,355.922,189.937,1.0,364.175,182.446,1.0
841,232.634,571.969,1.0,238.859,572.545,1.0,248.028,574.927,1.0,245.004,589.216,1.0,253.999,589.869,1.0,859.734,576.149,1.0,848.744,578.22,1.0,840.929,576.005,1.0,830.868,563.843,1.0,821.601,563.976,1.0,618.615,447.468,1.0,616.456,437.216,1.0,604.815,440.802,1.0,594.35,437.444,1.0,582.817,445.927,1.0,555.844,861.133,1.0,559.351,864.602,1.0,566.034,868.37,1.0,567.092,872.041,1.0,580.351,871.084,1.0,338.769,201.96,1.0,341.715,198.104,1.0,350.14,194.313,1.0,355.673,190.68,1.0,361.025,184.336,1.0
842,232.634,571.969,1.0,238.859,573.564,1.0,249.196,575.119,1.0,245.422,589.216,1.0,252.891,589.869,1.0,859.734,576.225,1.0,848.744,578.246,1.0,840.941,576.118,1.0,830.868,563.897,1.0,821.601,563.982,1.0,618.615,447.468,1.0,616.456,437.156,1.0,604.815,440.671,1.0,594.35,437.539,1.0,582.817,445.927,1.0,557.419,862.209,0.996999979019165,559.351,864.602,1.0,565.031,867.469,1.0,566.848,872.041,1.0,580.033,869.676,0.9980000257492065,338.297,203.894,1.0,341.715,197.561,1.0,350.14,195.211,1.0,355.673,191.17,1.0,360.647,185.255,1.0
843,231.788,575.445,1.0,238.134,573.564,1.0,249.545,574.927,1.0,245.456,589.216,1.0,252.645,589.874,1.0,859.758,576.168,1.0,848.744,578.455,1.0,840.941,576.118,1.0,830.864,563.989,1.0,821.601,563.982,1.0,616.923,447.468,1.0,613.688,436.925,1.0,601.944,440.51,1.0,591.376,438.042,1.0,581.8,445.112,1.0,554.329,861.133,0.9549999833106995,559.351,864.602,0.9900000095367432,564.902,867.469,1.0,566.558,872.041,1.0,579.809,869.676,0.9900000095367432,336.783,204.597,1.0,339.199,197.561,1.0,346.782,195.457,1.0,353.59,193.212,1.0,359.866,186.645,1.0
844,231.416,578.363,1.0,236.952,573.564,1.0,249.545,574.42,1.0,246.819,582.474,1.0,252.21,591.315,1.0,859.807,576.168,1.0,848.764,578.623,1.0,841.034,575.885,1.0,830.868,563.839,1.0,821.621,563.848,1.0,615.533,444.168,1.0,610.233,436.925,1.0,598.721,440.671,1.0,588.512,441.927,1.0,581.478,444.337,1.0,552.76,859.235,0.9589999914169312,567.481,866.631,0.9959999918937683,564.902,867.486,1.0,565.242,866.459,1.0,552.83,857.763,0.9990000128746033,328.473,205.109,1.0,336.994,197.561,1.0,344.164,195.457,1.0,347.374,198.693,1.0,358.573,189.862,1.0
845,231.416,578.752,1.0,236.918,570.639,1.0,249.202,574.181,1.0,246.819,582.122,1.0,247.065,591.315,1.0,859.818,576.225,1.0,848.888,578.694,1.0,841.186,575.846,1.0,830.906,563.871,1.0,821.734,563.848,1.0,615.533,441.99,1.0,608.058,436.925,1.0,598.721,441.384,1.0,588.512,442.274,1.0,581.289,444.337,1.0,578.927,872.175,1.0,572.991,869.01,1.0,564.902,867.486,1.0,564.175,864.863,1.0,552.83,857.763,1.0,328.185,205.207,1.0,336.279,197.685,1.0,342.802,197.404,1.0,346.261,199.044,1.0,357.655,190.675,1.0
846,231.416,578.903,1.0,236.94,570.617,1.0,249.24,574.181,1.0,246.819,582.122,1.0,246.895,587.664,1.0,859.826,576.168,1.0,849.252,578.806,1.0,841.52,575.846,1.0,831.055,563.871,1.0,821.769,563.95,1.0,615.533,437.969,1.0,608.058,442.422,1.0,598.721,441.384,1.0,588.512,443.04,1.0,581.282,444.337,1.0,578.927,872.175,0.8500000238418579,572.991,866.631,0.9900000095367432,565.7,868.036,1.0,564.993,866.459,1.0,556.933,861.786,0.8949999809265137,328.185,205.465,1.0,335.89,199.253,1.0,341.865,198.645,1.0,345.891,199.25,1.0,357.12,190.683,1.0
847,231.416,578.903,1.0,236.94,570.617,1.0,249.202,574.181,1.0,247.488,582.122,1.0,246.781,587.664,1.0,860.08,576.155,1.0,849.595,578.806,1.0,841.772,575.846,1.0,831.271,563.827,1.0,821.862,563.95,1.0,619.34,436.157,1.0,608.058,442.422,1.0,598.7,442.463,1.0,588.512,442.293,1.0,581.266,444.337,1.0,584.74,873.978,0.9990000128746033,574.8,866.588,1.0,567.455,870.586,1.0,565.242,866.459,1.0,557.134,861.975,1.0,327.549,206.734,1.0,335.35,199.35,1.0,341.426,198.924,1.0,344.417,199.25,1.0,356.084,190.702,1.0
848,230.974,578.752,1.0,236.952,570.617,1.0,249.153,574.407,1.0,246.459,581.533,1.0,246.781,586.646,1.0,860.431,576.155,1.0,850.011,578.822,1.0,841.924,575.857,1.0,831.332,563.776,1.0,821.908,563.95,1.0,619.34,435.879,1.0,608.058,442.75,1.0,598.7,443.104,1.0,588.512,442.293,1.0,581.162,444.337,1.0,584.814,875.297,1.0,579.422,866.631,1.0,569.309,870.586,1.0,565.242,866.403,1.0,557.134,861.975,1.0,328.473,206.734,1.0,335.35,199.35,1.0,338.563,199.02,1.0,343.947,199.839,1.0,352.708,192.318,1.0
849,230.974,572.39,1.0,240.905,573.128,1.0,247.497,574.407,1.0,245.095,581.296,1.0,246.781,586.09,1.0,860.459,576.155,1.0,850.141,578.822,1.0,841.94,575.857,1.0,831.375,563.776,1.0,821.967,563.973,1.0,619.34,435.395,1.0,608.058,442.422,1.0,598.217,443.464,1.0,587.593,442.293,1.0,581.013,444.129,1.0,585.105,875.644,1.0,580.407,866.819,1.0,571.292,870.794,1.0,565.245,866.403,1.0,557.76,862.002,1.0,328.705,205.465,0.9919999837875366,335.35,199.35,1.0,337.488,201.275,1.0,342.452,200.853,1.0,352.252,195.341,1.0
850,229.975,572.39,1.0,241.481,573.365,1.0,247.497,576.231,1.0,242.283,581.296,1.0,252.182,585.541,1.0,860.466,576.155,1.0,850.416,578.806,1.0,842.16,575.895,1.0,832.49,563.282,1.0,822.109,563.992,1.0,606.337,433.551,1.0,607.436,442.235,1.0,598.217,443.173,1.0,585.859,441.707,1.0,581.013,444.008,1.0,585.134,875.696,1.0,580.653,866.819,1.0,571.292,870.794,1.0,565.602,866.896,1.0,557.855,862.357,1.0,328.705,211.634,1.0,335.336,206.751,0.9990000128746033,337.317,201.349,1.0,342.028,200.853,1.0,351.231,195.617,0.9959999918937683
851,229.975,572.39,1.0,241.481,573.919,1.0,247.497,576.231,1.0,242.283,581.296,1.0,252.411,584.718,1.0,860.466,576.238,1.0,850.422,578.735,1.0,842.202,575.857,1.0,832.521,563.199,1.0,822.193,564.004,1.0,606.337,432.786,1.0,605.916,441.728,1.0,598.217,443.173,1.0,585.859,441.176,1.0,581.013,443.855,1.0,585.134,875.696,1.0,580.653,866.819,1.0,571.292,870.594,1.0,565.885,867.606,1.0,558.726,862.616,1.0,323.837,215.012,1.0,333.256,208.299,1.0,336.967,201.766,1.0,338.638,201.132,1.0,348.17,196.508,1.0
852,230.775,572.39,1.0,240.918,574.038,1.0,247.497,574.407,1.0,242.283,581.788,1.0,254.899,584.718,1.0,860.493,576.244,1.0,850.688,578.697,1.0,842.331,575.844,1.0,833.091,563.191,1.0,822.588,564.084,1.0,606.337,428.755,1.0,604.08,440.303,1.0,598.316,443.173,1.0,585.859,441.041,1.0,581.116,443.334,1.0,585.134,875.644,1.0,580.653,866.819,1.0,571.182,871.0,1.0,566.031,867.917,1.0,558.778,863.052,1.0,323.389,216.84,1.0,332.433,210.02,1.0,335.619,204.366,1.0,336.742,201.724,1.0,344.603,196.508,1.0
853,230.775,572.39,1.0,240.918,574.038,1.0,247.497,576.231,1.0,249.888,584.302,1.0,256.712,584.126,1.0,860.466,576.244,1.0,850.688,578.649,1.0,842.331,575.78,1.0,833.091,563.162,1.0,822.588,564.105,1.0,606.699,428.469,1.0,604.08,437.093,1.0,598.316,443.135,1.0,586.618,441.01,1.0,581.375,442.967,1.0,559.276,863.047,0.9990000128746033,562.05,867.072,1.0,570.269,871.013,1.0,571.423,867.95,1.0,584.822,867.574,1.0,323.239,216.84,1.0,330.971,213.829,1.0,333.089,207.271,1.0,337.239,201.84,1.0,344.603,196.508,1.0
854,230.692,571.722,1.0,239.888,574.038,1.0,245.311,579.424,1.0,256.878,584.677,1.0,259.638,584.126,1.0,860.45,576.244,1.0,850.688,578.369,1.0,842.331,575.566,1.0,833.091,563.143,1.0,822.588,564.105,1.0,606.904,427.261,1.0,604.08,435.966,1.0,598.316,441.844,1.0,595.765,437.798,1.0,582.095,442.93,1.0,559.276,862.303,1.0,562.05,867.126,1.0,570.269,871.269,1.0,574.905,870.181,1.0,586.19,868.369,1.0,321.802,216.84,1.0,326.235,215.843,1.0,332.172,207.698,1.0,337.239,201.84,1.0,344.603,196.508,1.0
855,230.692,571.722,1.0,239.888,572.992,1.0,245.311,579.424,1.0,257.63,584.956,1.0,259.993,584.403,1.0,860.45,576.244,1.0,850.923,578.263,1.0,842.443,575.566,1.0,833.357,563.143,1.0,822.569,564.105,1.0,608.918,419.193,1.0,604.201,427.143,1.0,597.574,437.487,1.0,595.765,437.699,1.0,582.225,442.771,1.0,559.276,862.303,1.0,562.05,867.229,1.0,570.269,872.328,1.0,577.907,870.881,1.0,586.507,869.676,1.0,318.074,214.17,1.0,325.602,215.887,1.0,332.172,207.698,1.0,337.105,201.855,1.0,343.466,197.618,1.0
856,230.637,571.519,1.0,240.413,572.759,1.0,245.311,579.424,1.0,257.63,584.956,1.0,260.955,584.403,1.0,860.336,576.244,1.0,850.933,578.263,1.0,842.411,575.566,1.0,833.357,563.122,1.0,822.569,563.987,1.0,608.94,418.316,1.0,604.65,426.151,1.0,597.574,437.341,1.0,595.765,437.699,1.0,582.482,442.682,1.0,562.081,863.047,1.0,565.467,869.61,1.0,573.5,873.243,1.0,580.872,870.881,1.0,587.16,869.522,1.0,317.779,214.17,1.0,325.495,216.245,1.0,332.172,207.271,1.0,336.825,202.059,1.0,343.04,198.996,1.0
857,230.637,571.491,1.0,240.413,572.759,1.0,245.855,579.424,1.0,256.878,584.677,1.0,265.568,584.563,1.0,860.297,576.658,1.0,850.515,578.263,1.0,842.244,575.627,1.0,833.084,563.106,1.0,822.417,563.789,1.0,609.588,416.807,1.0,604.65,425.021,1.0,597.574,436.626,1.0,594.94,437.106,1.0,582.808,442.126,1.0,562.081,865.744,1.0,565.467,870.377,1.0,573.5,873.243,1.0,580.872,870.181,1.0,589.948,869.676,1.0,317.132,214.17,1.0,324.987,216.62,1.0,331.393,206.155,1.0,336.825,202.535,1.0,342.158,199.179,1.0
858,230.637,571.722,1.0,240.827,572.759,1.0,246.449,579.203,1.0,256.706,584.677,1.0,265.694,584.698,1.0,859.873,578.057,1.0,850.349,578.6,1.0,842.222,575.627,1.0,833.346,563.075,1.0,822.433,563.768,1.0,609.588,416.64,1.0,604.579,424.597,1.0,602.186,436.565,1.0,594.94,436.539,1.0,582.808,442.092,1.0,562.081,867.95,1.0,565.467,871.371,1.0,573.5,873.243,1.0,581.006,869.124,1.0,589.948,871.627,1.0,316.83,218.101,1.0,324.524,216.62,1.0,331.393,206.155,1.0,336.612,202.535,1.0,342.158,199.411,1.0
859,231.011,571.782,1.0,241.426,572.759,1.0,246.544,575.159,1.0,256.706,585.274,1.0,266.666,584.731,1.0,859.263,578.132,1.0,850.112,578.6,1.0,842.042,575.627,1.0,833.346,563.106,1.0,822.433,563.601,1.0,609.588,416.48,1.0,604.947,424.271,1.0,602.186,435.523,1.0,594.94,436.539,1.0,582.808,442.063,1.0,560.002,868.442,1.0,564.935,871.371,1.0,573.267,871.837,1.0,581.006,868.778,1.0,589.948,871.754,1.0,315.153,220.801,1.0,323.142,216.62,1.0,329.652,206.155,1.0,336.131,202.535,1.0,341.734,200.173,1.0
860,235.971,574.517,1.0,244.573,572.937,1.0,248.543,575.159,1.0,256.706,586.178,1.0,267.819,584.833,1.0,859.263,578.229,1.0,850.112,578.643,1.0,842.042,575.619,1.0,833.346,563.075,1.0,822.39,563.601,1.0,609.588,416.48,1.0,605.201,423.39,1.0,602.186,435.902,1.0,595.264,440.38,1.0,583.102,442.063,1.0,558.044,868.548,1.0,562.768,871.558,1.0,571.999,871.422,1.0,581.006,868.778,1.0,589.446,873.768,1.0,310.577,225.166,1.0,321.47,214.509,1.0,328.28,209.834,1.0,331.883,200.776,1.0,341.734,201.64,1.0
861,240.996,574.517,1.0,246.941,572.937,1.0,252.595,575.159,1.0,257.328,586.186,1.0,269.225,585.43,1.0,859.263,578.229,1.0,850.112,578.804,1.0,842.042,575.579,1.0,833.346,562.827,1.0,822.39,563.601,1.0,609.588,416.48,1.0,605.201,423.39,1.0,601.48,435.902,1.0,595.283,442.42,1.0,585.56,442.063,1.0,557.708,868.779,1.0,562.333,871.558,1.0,571.999,870.673,1.0,581.006,868.778,1.0,589.446,873.768,1.0,310.577,225.166,1.0,321.214,214.152,1.0,328.206,209.834,1.0,331.852,200.407,1.0,341.734,201.64,1.0
862,241.024,574.517,1.0,247.938,572.937,1.0,252.595,576.522,1.0,257.82,587.229,1.0,269.252,585.43,1.0,859.939,578.132,1.0,850.165,578.804,1.0,842.246,575.57,1.0,833.526,562.827,1.0,822.433,563.649,1.0,610.972,417.203,1.0,610.172,423.126,1.0,601.34,435.9,1.0,595.613,442.42,1.0,587.483,443.49,1.0,556.971,868.866,1.0,562.289,871.407,1.0,571.999,870.673,1.0,583.667,871.762,1.0,589.446,873.768,1.0,310.577,225.166,1.0,321.214,214.152,1.0,328.206,209.834,1.0,331.852,200.407,1.0,341.734,201.64,1.0
863,242.276,566.438,1.0,249.374,572.51,1.0,252.595,577.82,1.0,257.82,587.229,1.0,269.482,585.611,1.0,860.347,577.746,1.0,850.33,578.679,1.0,842.385,575.485,1.0,833.526,562.949,1.0,822.511,563.659,1.0,612.105,417.286,1.0,611.151,423.126,1.0,601.125,435.902,1.0,595.632,442.642,1.0,587.669,444.532,1.0,556.971,868.866,1.0,562.289,871.407,1.0,572.269,870.673,1.0,583.667,871.762,1.0,590.754,873.043,1.0,314.153,222.829,1.0,321.47,214.509,1.0,328.206,208.417,1.0,331.883,200.776,1.0,341.423,201.354,1.0
864,249.272,564.68,1.0,250.021,572.51,1.0,251.963,578.679,1.0,257.648,586.494,1.0,269.604,585.43,1.0,860.452,577.397,1.0,850.33,578.679,1.0,842.392,575.447,1.0,833.526,562.949,1.0,822.511,563.659,1.0,612.308,417.407,1.0,612.666,423.479,1.0,601.125,435.902,1.0,595.654,442.42,1.0,587.823,444.771,1.0,556.971,868.866,1.0,562.289,871.407,1.0,572.728,871.136,1.0,584.096,871.762,1.0,590.841,872.679,1.0,321.327,219.904,1.0,324.597,216.152,1.0,328.37,206.911,1.0,336.601,201.047,1.0,339.002,200.201,1.0
865,251.232,563.419,1.0,250.166,572.313,1.0,251.924,578.679,1.0,257.328,586.347,1.0,269.604,585.531,1.0,860.452,577.176,1.0,850.33,578.533,1.0,842.392,575.343,1.0,833.317,563.011,1.0,822.511,563.649,1.0,612.308,417.414,1.0,612.747,423.533,1.0,601.042,435.9,1.0,595.654,442.254,1.0,587.823,444.771,1.0,558.653,868.743,1.0,564.338,871.126,1.0,573.691,872.373,1.0,584.735,870.349,1.0,591.863,872.666,1.0,321.327,217.131,1.0,325.581,216.426,1.0,330.494,206.683,1.0,336.646,201.972,1.0,339.002,199.878,1.0
866,251.574,562.909,1.0,250.457,572.063,1.0,251.486,578.679,1.0,256.746,586.347,1.0,270.08,585.531,1.0,860.452,577.074,1.0,850.217,578.446,1.0,842.385,575.174,1.0,828.993,568.528,1.0,822.276,563.612,1.0,612.519,417.407,1.0,612.748,423.479,1.0,601.125,435.754,1.0,595.654,441.847,1.0,588.07,444.771,1.0,564.956,866.835,1.0,573.789,868.173,1.0,578.073,873.53,1.0,584.096,870.349,1.0,597.539,872.598,1.0,321.327,217.131,1.0,325.581,216.469,1.0,330.781,206.371,1.0,336.697,202.48,1.0,339.002,199.742,1.0
867,251.599,562.169,1.0,250.596,570.019,1.0,251.486,577.617,1.0,256.46,586.347,1.0,270.422,585.611,1.0,860.278,576.545,1.0,850.217,578.334,1.0,842.153,575.155,1.0,828.94,568.528,1.0,822.175,563.146,1.0,612.519,417.407,1.0,612.748,423.479,1.0,601.125,435.573,1.0,596.425,441.452,1.0,588.908,444.756,1.0,567.868,866.153,1.0,573.841,866.315,1.0,579.333,873.53,1.0,583.624,870.349,1.0,599.803,871.699,0.9990000128746033,320.152,217.131,1.0,325.581,216.469,1.0,330.781,206.371,1.0,336.697,202.48,1.0,339.128,199.389,1.0
868,251.914,562.169,1.0,250.751,569.455,1.0,251.672,577.204,1.0,255.963,586.343,1.0,270.573,585.776,1.0,859.778,576.545,1.0,849.659,577.948,1.0,840.243,574.999,1.0,827.685,568.528,1.0,821.345,562.683,1.0,612.308,417.039,1.0,612.747,423.243,1.0,601.991,434.437,1.0,597.015,440.401,1.0,589.314,444.756,1.0,567.868,865.896,1.0,573.841,866.315,1.0,579.593,873.53,1.0,583.624,873.361,1.0,599.968,871.239,0.9990000128746033,320.152,218.823,1.0,325.581,216.469,1.0,331.655,206.526,1.0,336.782,202.065,1.0,339.198,199.141,1.0
869,253.198,561.895,1.0,250.751,569.339,1.0,251.627,575.188,1.0,253.333,586.343,1.0,270.573,586.747,1.0,859.104,575.537,1.0,848.039,576.619,1.0,840.243,575.155,1.0,827.278,568.528,1.0,821.339,562.204,1.0,612.11,411.978,1.0,612.747,420.116,1.0,605.978,430.81,1.0,598.704,438.017,1.0,589.658,444.756,1.0,567.868,865.896,1.0,573.841,866.315,1.0,580.188,872.922,1.0,583.393,873.617,1.0,600.843,871.239,1.0,320.152,218.823,1.0,325.581,216.452,1.0,331.795,206.526,1.0,336.782,202.065,1.0,339.284,199.141,1.0
870,253.198,561.895,1.0,250.751,569.328,1.0,251.627,575.188,1.0,253.23,586.223,1.0,270.422,586.873,1.0,859.104,575.537,1.0,848.039,576.619,1.0,840.178,575.174,1.0,827.278,568.528,1.0,821.339,562.204,1.0,607.88,411.978,1.0,611.039,420.116,1.0,606.048,430.81,1.0,599.918,438.017,1.0,589.658,444.646,1.0,567.705,865.896,1.0,573.789,866.723,1.0,580.188,872.824,1.0,583.393,873.617,1.0,600.894,871.699,1.0,324.384,218.823,1.0,331.317,215.53,1.0,331.655,207.647,1.0,336.782,202.065,1.0,339.284,198.332,1.0
871,253.198,561.895,1.0,250.751,568.594,1.0,251.627,575.188,1.0,252.527,586.223,1.0,270.306,586.917,1.0,859.778,575.537,1.0,848.338,576.619,1.0,840.178,575.615,1.0,827.278,568.687,1.0,821.339,562.204,1.0,605.916,411.978,1.0,608.142,420.116,1.0,606.048,430.81,1.0,600.794,438.017,1.0,589.658,442.585,1.0,567.868,865.896,1.0,573.841,866.816,1.0,580.96,872.795,1.0,583.393,873.617,1.0,601.116,871.933,1.0,327.312,218.823,1.0,331.317,215.477,1.0,330.781,207.839,1.0,336.443,201.351,1.0,339.788,198.172,1.0
872,250.349,556.37,1.0,250.751,564.637,1.0,251.266,575.341,1.0,251.087,584.807,1.0,269.001,586.983,1.0,859.104,575.537,1.0,848.039,576.619,1.0,840.243,575.615,1.0,827.278,568.687,1.0,821.339,562.321,1.0,601.925,415.593,1.0,608.142,423.281,1.0,606.048,431.059,1.0,600.794,440.499,1.0,589.229,442.585,1.0,568.619,867.172,1.0,574.622,870.708,1.0,583.335,872.795,1.0,586.56,871.948,1.0,601.116,871.933,1.0,334.71,219.462,1.0,331.317,214.344,1.0,329.616,208.178,1.0,335.946,201.351,1.0,340.045,198.172,1.0
873,250.349,556.323,1.0,250.818,564.619,1.0,251.119,575.341,1.0,250.794,584.656,1.0,269.001,586.983,1.0,859.104,574.091,1.0,848.039,576.328,1.0,840.178,575.615,1.0,827.278,568.687,1.0,821.339,562.321,1.0,601.925,415.593,1.0,611.039,425.027,1.0,601.9,434.07,1.0,600.794,441.254,1.0,588.888,442.585,1.0,571.93,867.646,1.0,574.622,870.708,1.0,586.873,872.795,1.0,588.318,870.474,1.0,603.371,873.679,1.0,334.891,221.403,1.0,333.791,214.344,1.0,329.616,208.781,1.0,335.559,201.351,1.0,340.609,198.172,1.0
874,250.349,556.074,1.0,250.818,564.619,1.0,251.119,575.521,1.0,250.794,584.371,1.0,269.001,586.983,1.0,856.495,574.091,1.0,846.291,576.328,1.0,839.911,571.611,1.0,826.23,568.203,1.0,821.286,562.321,1.0,601.925,415.593,1.0,609.121,425.027,1.0,601.9,434.07,1.0,598.035,441.254,1.0,588.113,442.742,1.0,574.533,873.756,0.9829999804496765,581.95,870.708,1.0,589.256,872.766,1.0,590.076,869.634,1.0,603.749,874.425,0.0,335.444,221.403,1.0,333.791,214.344,1.0,329.616,208.781,1.0,335.559,201.351,1.0,340.609,198.172,1.0
875,250.543,555.973,1.0,250.869,564.637,1.0,251.146,575.521,1.0,250.794,584.001,1.0,269.215,586.396,1.0,855.008,574.091,1.0,845.63,571.389,1.0,839.638,570.736,1.0,825.331,567.274,1.0,821.286,562.036,1.0,615.983,415.593,1.0,608.142,425.197,1.0,601.813,434.07,1.0,597.989,441.601,1.0,588.113,443.426,1.0,576.759,873.756,0.9990000128746033,582.924,,0.0,589.38,872.766,1.0,591.372,870.116,1.0,604.621,874.769,0.9769999980926514,335.444,221.403,1.0,334.489,214.089,1.0,329.703,208.781,1.0,335.559,201.351,1.0,340.609,198.172,1.0
876,250.543,555.9,1.0,251.118,564.637,1.0,251.264,575.341,1.0,251.251,583.931,1.0,269.56,586.097,1.0,855.008,574.091,1.0,845.63,570.718,1.0,839.572,570.291,1.0,825.213,567.004,1.0,821.263,561.67,1.0,615.983,416.855,1.0,606.392,425.197,1.0,601.555,433.792,1.0,597.722,441.601,1.0,588.795,443.704,1.0,576.94,874.237,1.0,582.924,870.327,1.0,589.535,867.367,1.0,594.442,870.116,1.0,604.362,874.769,1.0,334.891,221.759,1.0,334.489,214.344,1.0,330.64,207.25,1.0,335.918,200.337,1.0,340.062,198.629,1.0
877,250.596,555.647,1.0,251.176,564.569,1.0,251.264,575.334,1.0,251.251,583.512,1.0,269.56,586.076,1.0,856.249,574.085,1.0,846.291,570.71,1.0,839.572,570.21,1.0,825.12,566.872,1.0,821.263,561.67,1.0,615.983,418.891,1.0,606.392,422.328,1.0,601.555,433.792,1.0,597.17,441.254,1.0,588.888,443.704,1.0,576.759,874.237,1.0,582.377,870.327,1.0,589.535,867.367,1.0,594.442,869.709,1.0,604.162,874.769,1.0,332.322,220.765,1.0,334.489,214.5,1.0,331.034,207.25,1.0,337.02,200.337,1.0,339.732,198.59,1.0
878,250.668,555.645,1.0,251.176,564.569,1.0,251.776,575.334,1.0,251.251,583.512,1.0,269.56,585.4,1.0,856.167,574.215,1.0,846.299,570.676,1.0,839.494,570.18,1.0,825.035,566.869,1.0,821.184,561.388,1.0,603.111,426.551,1.0,606.392,421.501,1.0,597.893,430.037,1.0,597.062,441.601,1.0,588.795,444.572,1.0,575.826,874.389,1.0,582.188,870.327,1.0,589.38,867.367,1.0,595.09,870.116,1.0,603.749,875.016,1.0,325.537,219.611,1.0,331.068,216.259,1.0,331.16,207.25,1.0,337.02,200.337,1.0,339.554,198.314,1.0
879,250.851,551.383,1.0,251.118,563.399,1.0,251.829,574.404,1.0,251.303,583.634,1.0,269.437,584.935,1.0,856.167,574.215,1.0,846.366,570.65,1.0,839.494,570.046,1.0,825.012,566.791,1.0,821.184,561.277,1.0,603.111,429.225,1.0,606.392,421.501,1.0,597.506,429.139,1.0,596.243,442.346,1.0,588.795,444.572,1.0,575.826,877.091,1.0,582.188,870.34,1.0,588.946,872.355,1.0,595.177,870.403,1.0,602.463,875.016,1.0,322.593,219.275,1.0,327.18,217.211,1.0,331.508,207.528,1.0,337.02,202.292,1.0,339.554,198.314,1.0
880,250.851,549.582,1.0,250.708,559.927,1.0,252.412,572.015,1.0,251.55,583.354,1.0,268.456,584.935,1.0,856.249,574.207,1.0,846.396,570.634,1.0,839.494,569.905,1.0,824.839,566.579,1.0,820.78,561.213,1.0,603.111,429.225,1.0,608.204,421.501,1.0,597.303,428.772,1.0,594.755,443.285,1.0,588.676,444.572,1.0,575.152,877.104,1.0,581.867,870.38,1.0,588.366,872.355,1.0,595.391,871.542,1.0,602.463,875.016,1.0,321.652,219.611,1.0,326.981,217.211,1.0,331.717,207.528,1.0,336.988,202.292,1.0,340.062,198.314,1.0
881,250.851,549.07,1.0,250.081,559.131,1.0,252.412,571.141,1.0,252.1,581.86,1.0,266.372,584.935,1.0,856.346,574.207,1.0,846.415,570.533,1.0,839.494,569.848,1.0,824.809,566.398,1.0,820.675,561.213,1.0,618.87,429.225,1.0,608.625,422.576,1.0,596.871,428.772,1.0,594.396,444.449,1.0,588.56,444.572,1.0,574.954,877.216,1.0,581.721,870.447,1.0,588.258,872.376,1.0,595.412,871.542,1.0,602.463,874.753,1.0,321.652,219.275,1.0,326.981,217.211,1.0,332.748,207.715,1.0,336.987,202.292,1.0,340.357,197.803,1.0
882,250.81,548.907,1.0,249.251,558.284,1.0,252.412,567.632,1.0,252.1,581.39,1.0,262.824,585.556,1.0,856.346,574.207,1.0,846.415,570.4,1.0,839.494,569.804,1.0,824.8,565.95,1.0,820.377,560.995,1.0,618.87,420.708,1.0,608.635,422.576,1.0,595.528,428.772,1.0,593.534,444.66,1.0,587.648,444.572,1.0,574.128,877.966,1.0,580.421,871.143,1.0,587.917,872.376,1.0,595.572,871.542,1.0,603.18,873.537,1.0,321.652,218.971,1.0,326.981,216.543,1.0,332.967,207.528,1.0,336.987,201.605,1.0,340.357,195.189,1.0
883,250.573,548.869,1.0,248.584,557.554,1.0,252.367,566.229,1.0,252.1,580.302,1.0,259.813,585.556,1.0,856.346,574.175,1.0,846.396,570.33,1.0,839.456,569.702,1.0,824.66,565.496,1.0,819.98,560.994,1.0,618.87,417.673,1.0,608.635,422.576,1.0,595.384,429.775,1.0,593.299,445.295,1.0,587.323,444.378,1.0,574.128,877.966,1.0,580.165,871.143,1.0,587.778,872.376,1.0,595.724,871.421,1.0,603.18,873.182,1.0,322.141,217.571,1.0,329.384,214.491,1.0,334.188,207.183,1.0,336.987,199.689,1.0,340.998,191.598,1.0
884,250.541,548.869,1.0,248.152,557.554,1.0,252.155,565.794,1.0,251.755,579.642,1.0,259.545,585.556,1.0,856.346,574.175,1.0,846.396,570.19,1.0,839.326,569.427,1.0,824.503,565.247,1.0,819.826,560.994,1.0,617.673,417.299,1.0,608.204,422.576,1.0,595.384,430.025,1.0,593.159,445.295,1.0,586.944,444.606,1.0,574.111,877.966,1.0,580.165,871.143,1.0,587.778,872.279,1.0,595.873,871.421,1.0,603.18,873.182,1.0,323.144,217.51,1.0,331.895,213.634,1.0,334.702,206.232,1.0,339.7,199.689,1.0,343.541,191.598,1.0
885,249.487,548.709,1.0,247.551,557.417,1.0,252.026,565.794,1.0,251.378,579.212,1.0,259.044,584.682,1.0,852.15,574.037,1.0,844.821,568.821,1.0,838.22,568.523,1.0,824.137,564.81,1.0,818.805,560.91,1.0,616.421,417.299,1.0,608.132,422.576,1.0,595.528,430.026,1.0,592.546,445.295,1.0,585.863,444.606,1.0,574.128,877.966,1.0,580.151,870.589,1.0,587.586,872.279,1.0,595.724,871.421,1.0,603.18,873.161,1.0,327.355,214.368,1.0,334.126,210.822,1.0,336.732,203.306,1.0,342.128,198.054,1.0,344.892,191.598,1.0
886,248.239,548.37,1.0,247.551,557.417,1.0,250.856,565.794,1.0,250.878,578.044,1.0,258.56,582.23,1.0,847.031,574.004,1.0,842.949,567.808,1.0,837.814,568.13,1.0,823.6,564.592,1.0,817.1,560.649,1.0,613.024,417.299,1.0,606.252,423.076,1.0,595.756,434.737,1.0,589.358,439.727,1.0,581.687,443.654,1.0,574.306,877.966,1.0,580.151,870.35,1.0,587.586,872.142,1.0,595.724,871.479,1.0,603.101,873.182,1.0,330.808,212.939,1.0,334.664,209.441,1.0,336.732,200.714,1.0,342.128,198.054,1.0,344.892,191.462,1.0
887,248.231,545.342,1.0,247.022,557.276,1.0,248.018,565.41,1.0,249.173,574.346,1.0,258.412,582.196,1.0,844.514,573.603,1.0,841.943,567.459,1.0,836.6,568.13,1.0,822.718,564.592,1.0,816.207,560.621,1.0,606.689,422.464,1.0,603.836,425.391,1.0,595.756,436.829,1.0,587.386,439.727,1.0,580.701,443.43,1.0,574.411,877.864,1.0,580.251,870.094,1.0,587.778,872.142,1.0,595.869,871.509,1.0,602.697,873.566,1.0,336.345,211.598,1.0,335.625,209.001,1.0,336.933,200.714,1.0,342.128,198.054,1.0,344.892,191.624,1.0
888,247.383,544.644,1.0,246.584,554.052,1.0,247.231,565.344,1.0,249.049,573.447,1.0,258.334,581.783,1.0,841.42,573.603,1.0,841.943,566.964,1.0,836.222,567.348,1.0,822.362,564.592,1.0,815.775,560.255,1.0,605.6,427.66,1.0,601.188,435.184,1.0,597.876,436.829,1.0,585.969,439.727,1.0,579.348,442.384,1.0,574.411,877.864,1.0,580.251,870.023,1.0,587.321,871.546,1.0,595.696,872.266,1.0,602.374,873.764,1.0,343.588,211.598,1.0,335.727,209.001,1.0,336.732,200.519,1.0,339.299,198.501,1.0,345.542,191.758,1.0
889,244.396,544.381,1.0,246.488,553.912,1.0,246.2,565.344,1.0,248.616,570.819,1.0,256.886,579.543,1.0,840.977,573.402,1.0,841.943,566.964,1.0,836.6,567.324,1.0,822.348,564.078,1.0,814.954,560.172,1.0,603.662,428.191,1.0,601.188,435.225,1.0,595.756,437.269,1.0,585.969,441.267,1.0,578.932,442.384,1.0,577.918,877.356,1.0,580.046,869.753,1.0,587.178,871.383,1.0,595.292,872.266,1.0,602.323,873.925,1.0,343.588,212.939,1.0,335.625,209.001,1.0,336.31,200.519,1.0,339.299,198.501,1.0,345.542,191.938,1.0
890,244.167,544.203,1.0,245.522,553.017,1.0,246.2,563.185,1.0,248.366,568.415,1.0,255.568,578.637,1.0,838.381,573.603,1.0,841.851,566.964,1.0,836.707,567.304,1.0,822.1,564.575,1.0,814.872,560.018,1.0,603.662,429.589,1.0,600.452,437.741,1.0,595.241,437.68,1.0,585.969,441.665,1.0,578.932,442.384,1.0,580.6,877.356,1.0,577.954,868.657,1.0,587.13,870.843,1.0,594.964,872.266,1.0,601.739,874.028,1.0,343.588,219.538,1.0,335.625,209.787,1.0,336.31,200.885,1.0,339.299,198.501,1.0,345.542,191.758,1.0
891,244.167,544.381,1.0,245.522,552.476,1.0,245.326,563.185,1.0,248.366,568.234,1.0,254.755,578.637,1.0,837.313,574.286,1.0,841.187,567.748,1.0,836.707,566.828,1.0,822.1,564.575,1.0,814.544,559.585,1.0,603.662,433.432,1.0,601.188,437.741,1.0,595.241,438.265,1.0,585.981,443.075,1.0,578.932,446.464,1.0,580.62,877.356,1.0,576.961,868.578,1.0,586.232,870.641,1.0,594.6,872.266,1.0,601.165,874.519,1.0,338.244,220.147,1.0,335.727,211.203,1.0,336.513,200.885,1.0,339.703,197.784,1.0,345.879,191.758,1.0
892,244.099,544.381,1.0,245.3,551.663,1.0,245.163,562.972,1.0,248.616,567.936,1.0,254.755,578.465,1.0,836.812,574.701,1.0,841.187,568.412,1.0,837.577,566.274,1.0,822.1,564.455,1.0,813.889,559.585,1.0,605.626,434.003,1.0,602.371,437.741,1.0,596.247,438.265,1.0,587.645,442.653,1.0,584.259,450.435,1.0,580.62,877.641,1.0,576.961,868.109,1.0,585.643,870.466,1.0,594.221,872.25,1.0,600.897,874.534,1.0,337.952,220.316,1.0,333.705,211.203,1.0,336.513,200.758,1.0,340.265,197.672,1.0,345.879,191.516,1.0
893,243.966,544.381,1.0,245.205,551.584,1.0,245.148,562.546,1.0,248.863,567.684,1.0,254.755,578.465,1.0,833.163,576.804,1.0,839.763,569.359,1.0,837.577,566.223,1.0,822.92,564.188,1.0,813.182,559.284,1.0,605.698,439.46,1.0,604.583,437.741,1.0,596.247,438.265,1.0,587.645,442.653,1.0,586.194,451.397,1.0,580.62,877.641,1.0,576.961,868.109,1.0,585.643,870.466,1.0,594.221,872.1,1.0,600.897,874.534,1.0,337.669,220.316,1.0,333.215,211.203,1.0,336.911,200.758,1.0,340.538,197.525,1.0,345.921,190.268,1.0
894,243.966,544.203,1.0,245.205,551.341,1.0,245.163,562.546,1.0,248.863,567.168,1.0,254.949,577.966,1.0,831.893,577.405,1.0,839.216,569.469,1.0,837.384,566.274,1.0,823.06,564.427,1.0,813.152,558.883,1.0,606.291,439.46,1.0,606.039,437.196,1.0,597.478,437.836,1.0,587.821,442.653,1.0,587.832,453.281,1.0,580.274,877.641,1.0,577.034,868.578,1.0,585.643,870.641,1.0,594.221,871.762,1.0,600.897,874.534,1.0,337.664,220.147,1.0,333.215,210.617,1.0,337.069,200.153,1.0,341.513,196.009,1.0,345.879,189.561,1.0
895,243.512,541.85,1.0,243.855,551.341,1.0,245.163,563.104,1.0,248.863,566.282,1.0,254.992,576.411,1.0,830.919,578.204,1.0,839.055,569.488,1.0,837.384,566.274,1.0,823.06,564.319,1.0,812.651,558.879,1.0,606.291,440.651,1.0,606.43,436.827,1.0,600.054,433.979,1.0,588.54,439.297,1.0,589.529,453.281,1.0,579.794,876.575,1.0,578.878,868.774,1.0,587.485,871.43,1.0,595.548,871.762,1.0,601.167,874.11,1.0,337.6,218.807,1.0,336.182,209.069,1.0,337.467,199.896,1.0,343.164,194.923,1.0,345.72,188.366,1.0
896,242.983,541.85,1.0,243.767,548.711,1.0,248.125,562.546,1.0,248.828,566.209,1.0,254.992,575.593,1.0,830.55,579.513,1.0,838.705,569.621,1.0,837.081,566.381,1.0,823.036,564.319,1.0,812.132,558.771,1.0,605.8,441.534,1.0,606.43,436.827,1.0,600.162,433.903,1.0,587.821,438.739,1.0,589.529,453.281,1.0,578.066,876.1,1.0,580.641,869.867,1.0,587.725,871.824,1.0,596.39,871.762,1.0,602.213,872.568,1.0,331.93,210.532,1.0,334.735,201.911,1.0,337.606,199.202,1.0,343.411,192.759,1.0,345.72,187.499,1.0
897,242.809,541.85,1.0,243.725,548.711,1.0,248.166,562.683,1.0,248.613,565.615,1.0,254.992,575.034,1.0,829.634,579.76,1.0,838.643,569.968,1.0,837.043,566.511,1.0,822.979,564.319,1.0,812.132,558.669,1.0,605.8,441.534,1.0,606.039,436.827,1.0,600.162,433.903,1.0,587.821,438.739,1.0,587.832,453.281,1.0,575.898,876.1,1.0,581.063,870.329,1.0,589.006,871.824,1.0,596.61,871.762,1.0,602.757,871.331,1.0,330.576,208.051,1.0,334.735,201.1,1.0,339.092,198.416,1.0,343.766,188.664,1.0,345.995,186.744,1.0
898,242.375,540.856,1.0,243.725,548.711,1.0,248.71,562.683,1.0,248.613,564.272,1.0,254.825,574.679,1.0,829.634,580.391,1.0,838.174,570.467,1.0,836.816,566.885,1.0,822.979,564.319,1.0,812.132,558.669,1.0,606.291,442.342,1.0,606.43,437.714,1.0,600.162,433.979,1.0,588.613,439.297,1.0,587.832,453.281,1.0,575.588,876.1,1.0,581.624,870.329,1.0,589.006,871.824,1.0,596.61,871.52,1.0,603.429,871.331,1.0,328.45,207.356,1.0,336.182,200.422,1.0,339.752,199.202,1.0,343.766,188.664,1.0,345.995,186.517,1.0
899,242.213,540.644,1.0,243.719,548.448,1.0,248.71,562.261,1.0,248.215,564.145,1.0,254.298,573.909,1.0,829.634,580.391,1.0,838.062,570.467,1.0,836.806,566.885,1.0,822.929,564.258,1.0,812.051,558.669,1.0,605.8,442.342,1.0,606.035,437.714,1.0,600.054,433.724,1.0,588.613,437.777,1.0,587.819,452.857,1.0,575.448,876.1,1.0,581.624,870.329,1.0,589.006,870.791,1.0,596.61,871.007,1.0,603.429,871.013,1.0,328.168,204.029,1.0,334.735,198.653,1.0,339.752,198.416,1.0,343.411,188.478,1.0,345.995,186.364,1.0
900,239.496,538.317,1.0,243.427,548.448,1.0,248.71,562.142,1.0,247.97,563.812,1.0,254.215,573.677,1.0,829.622,579.76,1.0,838.041,570.467,1.0,833.538,566.885,1.0,822.929,564.163,1.0,812.051,558.638,1.0,605.474,442.342,1.0,605.572,437.714,1.0,599.826,433.724,1.0,587.7,437.777,1.0,586.646,452.857,1.0,573.367,875.799,1.0,581.624,870.11,1.0,588.248,870.712,1.0,595.654,870.031,1.0,603.429,871.013,1.0,328.168,201.723,1.0,334.505,197.757,1.0,339.752,198.351,1.0,338.235,188.166,1.0,345.995,186.362,1.0
