scorer,DLC_dlcrnetms5_basler-larval-tracking-metforminMay6shuffle1_200000,DLC_dlcrnetms5_basler-larval-tracking-metforminMay6shuffle1_200000,DLC_dlcrnetms5_basler-larval-tracking-metforminMay6shuffle1_200000,DLC_dlcrnetms5_basler-larval-tracking-metforminMay6shuffle1_200000,DLC_dlcrnetms5_basler-larval-tracking-metforminMay6shuffle1_200000,DLC_dlcrnetms5_basler-larval-tracking-metforminMay6shuffle1_200000,DLC_dlcrnetms5_basler-larval-tracking-metforminMay6shuffle1_200000,DLC_dlcrnetms5_basler-larval-tracking-metforminMay6shuffle1_200000,DLC_dlcrnetms5_basler-larval-tracking-metforminMay6shuffle1_200000,DLC_dlcrnetms5_basler-larval-tracking-metforminMay6shuffle1_200000,DLC_dlcrnetms5_basler-larval-tracking-metforminMay6shuffle1_200000,DLC_dlcrnetms5_basler-larval-tracking-metforminMay6shuffle1_200000,DLC_dlcrnetms5_basler-larval-tracking-metforminMay6shuffle1_200000,DLC_dlcrnetms5_basler-larval-tracking-metforminMay6shuffle1_200000,DLC_dlcrnetms5_basler-larval-tracking-metforminMay6shuffle1_200000,DLC_dlcrnetms5_basler-larval-tracking-metforminMay6shuffle1_200000,DLC_dlcrnetms5_basler-larval-tracking-metforminMay6shuffle1_200000,DLC_dlcrnetms5_basler-larval-tracking-metforminMay6shuffle1_200000,DLC_dlcrnetms5_basler-larval-tracking-metforminMay6shuffle1_200000,DLC_dlcrnetms5_basler-larval-tracking-metforminMay6shuffle1_200000,DLC_dlcrnetms5_basler-larval-tracking-metforminMay6shuffle1_200000,DLC_dlcrnetms5_basler-larval-tracking-metforminMay6shuffle1_200000,DLC_dlcrnetms5_basler-larval-tracking-metforminMay6shuffle1_200000,DLC_dlcrnetms5_basler-larval-tracking-metforminMay6shuffle1_200000,DLC_dlcrnetms5_basler-larval-tracking-metforminMay6shuffle1_200000,DLC_dlcrnetms5_basler-larval-tracking-metforminMay6shuffle1_200000,DLC_dlcrnetms5_basler-larval-tracking-metforminMay6shuffle1_200000,DLC_dlcrnetms5_basler-larval-tracking-metforminMay6shuffle1_200000,DLC_dlcrnetms5_basler-larval-tracking-metforminMay6shuffle1_200000,DLC_dlcrnetms5_basler-larval-tracking-metforminMay6shuffle1_200000,DLC_dlcrnetms5_basler-larval-tracking-metforminMay6shuffle1_200000,DLC_dlcrnetms5_basler-larval-tracking-metforminMay6shuffle1_200000,DLC_dlcrnetms5_basler-larval-tracking-metforminMay6shuffle1_200000,DLC_dlcrnetms5_basler-larval-tracking-metforminMay6shuffle1_200000,DLC_dlcrnetms5_basler-larval-tracking-metforminMay6shuffle1_200000,DLC_dlcrnetms5_basler-larval-tracking-metforminMay6shuffle1_200000,DLC_dlcrnetms5_basler-larval-tracking-metforminMay6shuffle1_200000,DLC_dlcrnetms5_basler-larval-tracking-metforminMay6shuffle1_200000,DLC_dlcrnetms5_basler-larval-tracking-metforminMay6shuffle1_200000,DLC_dlcrnetms5_basler-larval-tracking-metforminMay6shuffle1_200000,DLC_dlcrnetms5_basler-larval-tracking-metforminMay6shuffle1_200000,DLC_dlcrnetms5_basler-larval-tracking-metforminMay6shuffle1_200000,DLC_dlcrnetms5_basler-larval-tracking-metforminMay6shuffle1_200000,DLC_dlcrnetms5_basler-larval-tracking-metforminMay6shuffle1_200000,DLC_dlcrnetms5_basler-larval-tracking-metforminMay6shuffle1_200000,DLC_dlcrnetms5_basler-larval-tracking-metforminMay6shuffle1_200000,DLC_dlcrnetms5_basler-larval-tracking-metforminMay6shuffle1_200000,DLC_dlcrnetms5_basler-larval-tracking-metforminMay6shuffle1_200000,DLC_dlcrnetms5_basler-larval-tracking-metforminMay6shuffle1_200000,DLC_dlcrnetms5_basler-larval-tracking-metforminMay6shuffle1_200000,DLC_dlcrnetms5_basler-larval-tracking-metforminMay6shuffle1_200000,DLC_dlcrnetms5_basler-larval-tracking-metforminMay6shuffle1_200000,DLC_dlcrnetms5_basler-larval-tracking-metforminMay6shuffle1_200000,DLC_dlcrnetms5_basler-larval-tracking-metforminMay6shuffle1_200000,DLC_dlcrnetms5_basler-larval-tracking-metforminMay6shuffle1_200000,DLC_dlcrnetms5_basler-larval-tracking-metforminMay6shuffle1_200000,DLC_dlcrnetms5_basler-larval-tracking-metforminMay6shuffle1_200000,DLC_dlcrnetms5_basler-larval-tracking-metforminMay6shuffle1_200000,DLC_dlcrnetms5_basler-larval-tracking-metforminMay6shuffle1_200000,DLC_dlcrnetms5_basler-larval-tracking-metforminMay6shuffle1_200000,DLC_dlcrnetms5_basler-larval-tracking-metforminMay6shuffle1_200000,DLC_dlcrnetms5_basler-larval-tracking-metforminMay6shuffle1_200000,DLC_dlcrnetms5_basler-larval-tracking-metforminMay6shuffle1_200000,DLC_dlcrnetms5_basler-larval-tracking-metforminMay6shuffle1_200000,DLC_dlcrnetms5_basler-larval-tracking-metforminMay6shuffle1_200000,DLC_dlcrnetms5_basler-larval-tracking-metforminMay6shuffle1_200000,DLC_dlcrnetms5_basler-larval-tracking-metforminMay6shuffle1_200000,DLC_dlcrnetms5_basler-larval-tracking-metforminMay6shuffle1_200000,DLC_dlcrnetms5_basler-larval-tracking-metforminMay6shuffle1_200000,DLC_dlcrnetms5_basler-larval-tracking-metforminMay6shuffle1_200000,DLC_dlcrnetms5_basler-larval-tracking-metforminMay6shuffle1_200000,DLC_dlcrnetms5_basler-larval-tracking-metforminMay6shuffle1_200000,DLC_dlcrnetms5_basler-larval-tracking-metforminMay6shuffle1_200000,DLC_dlcrnetms5_basler-larval-tracking-metforminMay6shuffle1_200000,DLC_dlcrnetms5_basler-larval-tracking-metforminMay6shuffle1_200000
individuals,larva1,larva1,larva1,larva1,larva1,larva1,larva1,larva1,larva1,larva1,larva1,larva1,larva1,larva1,larva1,larva2,larva2,larva2,larva2,larva2,larva2,larva2,larva2,larva2,larva2,larva2,larva2,larva2,larva2,larva2,larva3,larva3,larva3,larva3,larva3,larva3,larva3,larva3,larva3,larva3,larva3,larva3,larva3,larva3,larva3,larva4,larva4,larva4,larva4,larva4,larva4,larva4,larva4,larva4,larva4,larva4,larva4,larva4,larva4,larva4,larva5,larva5,larva5,larva5,larva5,larva5,larva5,larva5,larva5,larva5,larva5,larva5,larva5,larva5,larva5
bodyparts,mouth,mouth,mouth,midfront,midfront,midfront,mid,mid,mid,midrear,midrear,midrear,rear,rear,rear,mouth,mouth,mouth,midfront,midfront,midfront,mid,mid,mid,midrear,midrear,midrear,rear,rear,rear,mouth,mouth,mouth,midfront,midfront,midfront,mid,mid,mid,midrear,midrear,midrear,rear,rear,rear,mouth,mouth,mouth,midfront,midfront,midfront,mid,mid,mid,midrear,midrear,midrear,rear,rear,rear,mouth,mouth,mouth,midfront,midfront,midfront,mid,mid,mid,midrear,midrear,midrear,rear,rear,rear
coords,x,y,likelihood,x,y,likelihood,x,y,likelihood,x,y,likelihood,x,y,likelihood,x,y,likelihood,x,y,likelihood,x,y,likelihood,x,y,likelihood,x,y,likelihood,x,y,likelihood,x,y,likelihood,x,y,likelihood,x,y,likelihood,x,y,likelihood,x,y,likelihood,x,y,likelihood,x,y,likelihood,x,y,likelihood,x,y,likelihood,x,y,likelihood,x,y,likelihood,x,y,likelihood,x,y,likelihood,x,y,likelihood
0,670.718,480.324,1.0,680.355,472.288,1.0,676.188,474.607,1.0,664.686,474.503,1.0,657.564,470.123,1.0,560.199,458.782,1.0,555.241,454.402,1.0,547.779,454.951,1.0,539.088,448.243,1.0,537.069,441.305,1.0,518.476,352.367,1.0,528.19,355.695,1.0,531.494,361.605,1.0,533.976,360.85,1.0,541.092,371.65,1.0,685.589,434.118,1.0,671.936,425.527,1.0,658.912,422.964,1.0,651.725,431.711,1.0,644.519,432.042,1.0,539.437,577.588,1.0,543.715,570.497,1.0,542.09,563.694,1.0,546.442,555.844,1.0,548.344,540.936,1.0
1,670.803,481.251,1.0,680.355,473.82,1.0,676.43,475.346,1.0,665.61,474.567,1.0,657.564,470.123,1.0,561.002,460.472,1.0,555.645,454.982,1.0,548.882,455.253,1.0,539.541,449.338,1.0,537.958,442.424,1.0,518.476,352.435,1.0,528.19,355.695,1.0,531.494,361.826,1.0,533.976,360.85,1.0,541.092,371.65,1.0,686.116,434.274,1.0,672.461,429.807,1.0,659.634,422.964,1.0,651.751,432.202,1.0,644.519,432.042,1.0,540.474,577.991,1.0,545.266,571.333,1.0,542.705,564.013,1.0,546.442,558.315,1.0,549.557,543.298,1.0
2,670.803,481.251,1.0,680.355,479.287,1.0,679.611,475.609,1.0,666.91,474.567,1.0,657.564,470.123,1.0,566.684,463.957,1.0,559.166,457.724,1.0,552.696,455.506,1.0,542.138,455.496,1.0,539.472,443.873,1.0,518.476,355.068,1.0,528.19,355.695,1.0,531.494,361.826,1.0,533.976,360.85,1.0,542.09,371.65,1.0,686.116,434.274,1.0,673.056,429.885,1.0,659.651,423.13,1.0,651.844,432.437,1.0,644.519,432.042,1.0,542.006,588.929,1.0,546.746,578.152,1.0,543.772,568.559,1.0,546.484,562.007,1.0,550.34,553.104,1.0
3,670.718,481.251,1.0,678.457,479.287,1.0,676.649,475.609,1.0,666.91,474.567,1.0,656.856,470.123,1.0,567.352,465.381,1.0,559.498,458.63,1.0,554.145,459.542,1.0,547.581,457.404,1.0,539.558,446.618,1.0,516.423,355.468,1.0,525.434,353.83,1.0,530.846,361.605,1.0,533.798,360.663,1.0,542.09,370.569,1.0,686.116,434.609,1.0,674.297,430.007,1.0,660.579,423.13,1.0,654.638,432.437,1.0,649.639,434.755,0.0,542.348,589.088,1.0,546.746,582.473,1.0,543.535,571.027,1.0,546.442,564.061,1.0,550.34,554.906,1.0
4,667.578,481.456,1.0,674.704,479.287,1.0,676.649,476.107,1.0,666.91,473.842,1.0,656.503,470.123,1.0,567.434,465.381,1.0,559.498,458.726,1.0,555.172,459.542,1.0,549.334,457.585,1.0,539.745,446.788,1.0,513.02,355.468,1.0,518.368,351.96,1.0,525.841,358.053,1.0,533.372,360.663,1.0,542.732,370.206,1.0,686.116,434.795,1.0,674.297,430.035,1.0,662.652,423.892,1.0,657.709,432.49,1.0,,,0.0,542.348,589.87,1.0,546.746,582.473,1.0,543.535,572.863,1.0,545.344,564.761,1.0,550.34,555.572,1.0
5,665.708,480.937,1.0,673.475,478.799,1.0,676.43,476.361,1.0,665.778,472.763,1.0,656.413,470.348,1.0,567.6,465.451,1.0,559.498,462.652,1.0,555.172,460.18,1.0,550.104,457.772,1.0,540.086,447.021,1.0,513.01,355.068,1.0,518.155,351.624,1.0,524.872,357.78,1.0,532.837,359.921,1.0,542.732,369.975,1.0,686.116,435.266,1.0,679.256,430.61,1.0,667.48,425.891,1.0,657.709,432.49,1.0,653.522,434.755,1.0,542.006,590.045,1.0,546.256,585.524,1.0,543.772,573.081,1.0,544.91,565.492,1.0,548.177,555.616,1.0
6,665.359,480.937,1.0,673.234,478.799,1.0,674.784,476.361,1.0,665.778,472.681,1.0,656.413,470.931,1.0,568.158,465.381,1.0,559.382,462.904,1.0,555.172,460.278,1.0,550.104,457.772,1.0,540.327,447.48,1.0,510.811,353.867,1.0,517.511,350.844,1.0,524.162,357.281,1.0,531.673,359.878,1.0,542.732,369.531,1.0,686.472,436.249,1.0,681.764,430.61,1.0,669.836,426.634,1.0,657.751,432.49,1.0,653.522,434.523,1.0,541.737,590.045,1.0,544.955,586.296,1.0,543.975,574.505,1.0,544.91,566.257,1.0,547.645,558.842,1.0
7,663.378,481.456,1.0,670.999,478.799,1.0,673.653,476.533,1.0,665.778,472.681,1.0,656.503,470.931,1.0,568.217,465.381,1.0,559.114,463.545,1.0,555.087,460.378,1.0,550.677,458.629,1.0,540.346,448.352,1.0,510.696,353.469,1.0,517.268,350.519,1.0,523.324,356.047,1.0,531.632,359.3,1.0,540.398,366.744,1.0,686.761,438.194,1.0,683.866,431.221,1.0,671.318,426.875,1.0,658.296,431.088,1.0,653.436,434.04,1.0,539.326,597.576,1.0,544.289,588.906,1.0,543.975,579.441,1.0,543.57,570.393,1.0,546.847,559.794,1.0
8,660.395,482.862,1.0,667.543,479.029,1.0,673.653,477.516,1.0,666.493,472.681,1.0,657.219,470.348,1.0,568.217,465.47,1.0,559.114,463.63,1.0,555.087,460.385,1.0,550.677,458.629,1.0,540.584,448.725,1.0,509.598,353.159,1.0,515.665,350.125,1.0,521.904,355.978,1.0,530.534,359.3,1.0,538.341,365.76,1.0,687.308,438.194,1.0,685.057,431.221,1.0,672.677,427.244,1.0,658.231,431.051,1.0,653.522,433.598,1.0,539.153,603.665,1.0,544.289,593.507,1.0,544.124,581.16,1.0,543.558,570.974,1.0,546.716,565.711,1.0
9,657.721,484.645,1.0,666.894,479.085,1.0,673.292,477.571,1.0,666.57,474.141,1.0,657.585,469.988,1.0,568.217,470.493,1.0,559.382,465.613,1.0,555.087,460.385,1.0,550.689,458.629,1.0,541.431,449.342,1.0,508.44,349.963,1.0,513.109,348.916,1.0,521.219,354.026,1.0,527.576,359.3,1.0,535.331,364.801,1.0,687.936,438.194,1.0,685.057,431.221,1.0,672.677,427.47,1.0,658.231,430.895,1.0,653.522,432.533,1.0,539.153,604.423,1.0,544.289,594.68,1.0,544.124,583.018,1.0,542.524,574.813,1.0,546.716,566.461,1.0
10,655.031,487.18,1.0,666.567,481.002,1.0,671.42,477.571,1.0,667.128,474.141,1.0,659.404,469.673,1.0,565.637,474.746,1.0,559.829,467.026,1.0,557.162,460.922,1.0,552.998,458.721,1.0,541.805,450.226,1.0,507.113,341.762,1.0,512.825,347.419,1.0,520.568,351.556,1.0,524.642,362.146,1.0,530.271,364.797,1.0,688.812,435.237,1.0,686.145,430.071,1.0,672.692,427.99,1.0,658.296,430.127,1.0,654.253,433.376,1.0,539.153,605.125,1.0,544.289,596.26,1.0,543.975,585.238,1.0,541.362,576.408,1.0,545.93,568.12,1.0
11,654.458,490.467,1.0,665.755,483.76,1.0,671.052,478.817,1.0,671.009,474.141,1.0,669.235,466.502,1.0,565.637,475.793,1.0,561.048,467.827,1.0,559.1,461.187,1.0,553.287,458.919,1.0,542.871,453.424,1.0,505.599,340.058,1.0,512.825,345.383,1.0,520.431,350.562,1.0,522.77,362.282,1.0,530.06,363.868,1.0,691.824,429.713,1.0,687.108,426.838,1.0,674.251,427.99,1.0,658.761,429.252,1.0,654.935,432.533,0.0,540.496,606.08,1.0,544.523,597.328,1.0,543.984,586.003,1.0,540.959,577.957,1.0,545.93,570.739,1.0
12,653.397,495.325,1.0,660.088,485.776,1.0,666.572,478.817,1.0,671.651,471.676,1.0,672.146,466.12,1.0,565.637,476.582,1.0,564.464,468.199,1.0,561.128,462.009,1.0,553.522,458.403,1.0,544.481,454.183,1.0,505.599,339.926,1.0,512.381,344.341,1.0,520.431,350.562,1.0,521.385,362.282,1.0,529.179,363.681,1.0,695.017,422.613,1.0,687.108,425.091,1.0,675.616,428.035,1.0,661.119,429.161,1.0,661.419,433.376,1.0,541.539,606.52,1.0,544.523,598.904,1.0,543.984,588.861,1.0,540.388,582.466,1.0,545.93,573.757,1.0
13,653.322,495.325,1.0,659.811,486.016,1.0,666.296,478.679,1.0,671.651,471.404,1.0,672.374,465.776,1.0,565.965,476.582,1.0,565.109,468.273,1.0,561.128,463.883,1.0,553.931,459.068,1.0,546.196,455.294,1.0,504.115,339.817,1.0,512.381,344.341,1.0,519.161,350.562,1.0,521.142,362.146,1.0,528.633,363.533,1.0,696.173,422.174,1.0,688.032,423.574,1.0,678.902,428.77,1.0,663.52,429.161,1.0,656.825,431.15,1.0,543.015,609.478,1.0,544.523,601.231,1.0,543.146,593.526,1.0,540.388,583.281,1.0,545.824,574.19,1.0
14,653.014,495.426,1.0,659.486,486.077,1.0,666.27,478.679,1.0,671.009,471.404,1.0,672.374,466.12,1.0,566.393,476.582,1.0,565.109,468.273,1.0,561.128,465.284,1.0,554.118,459.251,1.0,546.522,456.135,1.0,503.651,338.022,1.0,511.683,344.246,1.0,516.487,350.562,1.0,519.091,360.068,1.0,528.543,362.993,1.0,697.0,418.706,1.0,689.897,421.251,1.0,681.742,434.787,1.0,667.218,429.161,1.0,654.935,429.121,1.0,544.579,610.169,1.0,544.523,603.153,1.0,542.461,594.866,1.0,540.388,584.776,1.0,544.292,576.16,1.0
15,652.199,495.648,1.0,659.437,486.2,1.0,665.74,478.701,1.0,670.752,471.404,1.0,672.526,466.12,1.0,566.487,477.245,1.0,565.228,469.59,1.0,560.413,466.066,1.0,554.222,459.969,1.0,547.131,456.514,1.0,503.527,331.796,1.0,509.175,343.186,1.0,510.932,349.787,1.0,517.487,356.058,1.0,528.012,362.571,1.0,697.277,418.706,1.0,692.892,420.944,1.0,685.174,435.107,1.0,673.633,431.552,1.0,663.112,432.884,0.0,545.354,611.713,1.0,544.523,603.536,1.0,543.146,595.184,1.0,540.383,584.946,1.0,542.807,576.368,1.0
16,651.715,495.648,1.0,659.147,487.084,1.0,666.264,478.701,1.0,670.733,471.676,1.0,672.526,466.326,1.0,566.866,480.607,1.0,565.109,472.801,1.0,560.413,466.299,1.0,554.959,462.355,1.0,547.808,457.271,1.0,498.831,330.749,1.0,504.141,343.186,1.0,509.896,348.101,1.0,517.397,350.353,1.0,526.15,359.947,1.0,697.542,418.406,1.0,693.927,420.762,1.0,685.485,435.107,1.0,674.704,431.705,1.0,,,0.0,547.17,620.719,1.0,543.284,609.319,1.0,543.146,596.554,1.0,540.383,586.088,1.0,542.143,579.165,1.0
17,651.681,495.648,1.0,658.496,487.32,1.0,665.421,480.401,1.0,666.108,471.769,1.0,672.563,467.76,1.0,566.564,485.267,1.0,565.109,477.684,1.0,560.413,470.184,1.0,555.397,464.716,1.0,551.253,458.496,1.0,498.716,330.749,1.0,503.505,343.401,1.0,509.384,347.809,1.0,516.879,349.88,1.0,525.449,359.569,1.0,697.542,418.706,1.0,694.527,420.762,1.0,685.753,434.787,1.0,675.116,431.705,1.0,665.569,432.884,1.0,547.333,622.4,1.0,545.162,609.847,1.0,543.436,601.17,1.0,541.004,588.811,1.0,542.143,583.474,1.0
18,650.425,497.113,1.0,657.84,487.571,1.0,663.862,483.691,1.0,664.799,473.223,1.0,673.21,469.061,1.0,566.866,495.241,1.0,565.228,481.724,1.0,562.499,473.909,1.0,556.093,465.214,1.0,551.901,461.19,1.0,498.001,330.749,1.0,503.381,343.401,1.0,509.151,347.06,1.0,516.879,349.88,1.0,524.517,359.51,1.0,697.636,418.849,1.0,694.905,420.762,1.0,685.836,434.135,1.0,675.585,431.705,1.0,665.569,430.471,1.0,547.538,622.626,1.0,541.463,613.2,1.0,543.546,602.225,1.0,541.125,593.985,1.0,542.143,583.959,1.0
19,648.737,497.41,1.0,657.125,488.321,1.0,663.764,485.874,1.0,663.57,479.152,1.0,674.532,471.082,1.0,566.901,495.913,1.0,565.338,482.854,1.0,563.906,474.59,1.0,557.581,466.685,1.0,552.247,462.416,1.0,497.028,332.314,1.0,501.032,343.401,1.0,508.984,346.58,1.0,515.752,350.353,1.0,523.679,358.626,1.0,702.623,420.923,1.0,695.666,420.762,1.0,685.845,431.093,1.0,676.924,431.466,1.0,665.569,430.36,1.0,547.538,622.626,1.0,541.463,613.782,1.0,544.763,602.25,1.0,541.225,594.208,1.0,543.977,585.95,1.0
20,646.851,500.123,1.0,655.693,488.321,1.0,663.764,487.333,1.0,663.063,479.689,1.0,675.688,471.912,1.0,566.901,495.913,1.0,567.007,482.854,1.0,564.014,474.941,1.0,557.581,467.869,1.0,552.247,462.416,1.0,492.829,334.717,1.0,498.596,343.401,1.0,508.373,345.953,1.0,515.565,350.353,1.0,523.641,356.785,1.0,704.656,420.923,1.0,697.742,420.762,1.0,688.6,427.641,1.0,679.427,431.367,1.0,668.986,429.821,1.0,547.538,622.729,1.0,544.213,614.649,1.0,544.763,602.27,1.0,541.257,594.44,1.0,543.977,587.176,1.0
21,646.692,500.123,1.0,655.506,488.587,1.0,663.74,488.671,1.0,662.552,480.3,1.0,675.688,472.777,1.0,567.411,495.913,1.0,567.007,482.861,1.0,564.589,475.889,1.0,557.853,469.277,1.0,552.247,462.721,1.0,491.852,340.0,1.0,498.596,343.317,1.0,507.493,345.892,1.0,512.205,348.432,1.0,523.063,354.996,1.0,709.924,420.923,1.0,705.379,424.626,1.0,690.378,425.792,1.0,679.52,430.332,1.0,670.703,428.845,1.0,547.812,622.844,1.0,544.57,615.079,1.0,544.763,603.578,1.0,541.582,598.725,1.0,543.977,588.539,1.0
22,646.692,500.123,1.0,655.506,488.615,1.0,663.423,488.831,1.0,662.552,480.3,1.0,675.688,473.354,1.0,568.084,495.913,1.0,567.126,483.111,1.0,564.956,476.402,1.0,558.169,469.561,1.0,552.3,463.05,1.0,491.457,340.0,1.0,498.596,342.569,1.0,507.354,345.101,1.0,510.095,344.935,1.0,517.257,351.99,1.0,710.95,420.758,1.0,706.175,424.863,1.0,691.248,425.663,1.0,680.964,429.363,1.0,672.521,428.185,1.0,547.342,631.32,1.0,544.57,620.73,1.0,541.888,613.514,1.0,541.257,600.754,1.0,541.389,591.883,1.0
23,646.692,498.956,1.0,655.333,488.769,1.0,662.235,488.831,1.0,661.126,481.091,1.0,673.68,473.726,1.0,572.099,496.49,1.0,567.789,486.162,1.0,565.804,478.399,1.0,560.587,470.807,1.0,555.273,466.948,1.0,491.45,340.0,1.0,495.402,342.005,1.0,505.878,345.042,1.0,509.003,344.857,1.0,516.814,351.227,1.0,711.609,420.635,1.0,707.022,424.863,1.0,691.413,425.388,1.0,681.209,429.231,1.0,672.77,428.185,1.0,547.326,636.126,1.0,544.57,622.582,1.0,541.888,614.697,1.0,541.257,603.927,1.0,541.389,596.104,1.0
24,647.455,498.956,1.0,655.036,489.18,1.0,661.57,488.671,1.0,659.773,481.091,1.0,673.162,474.246,1.0,572.506,496.885,1.0,567.905,489.876,1.0,566.447,482.663,1.0,560.728,476.222,1.0,556.783,469.664,1.0,491.45,340.0,1.0,498.403,340.374,1.0,505.878,344.988,1.0,508.918,343.45,1.0,516.466,351.227,1.0,711.703,420.516,1.0,707.022,424.626,1.0,691.478,425.663,1.0,681.637,429.231,1.0,673.075,428.845,1.0,547.326,636.255,1.0,545.296,625.297,1.0,541.888,615.026,1.0,541.426,604.847,1.0,541.389,598.061,1.0
25,647.455,498.956,1.0,654.886,492.933,1.0,660.248,485.712,1.0,658.49,482.551,1.0,672.577,474.672,1.0,572.809,497.047,1.0,568.475,490.133,1.0,566.447,483.187,1.0,561.25,476.786,1.0,557.3,470.024,1.0,486.559,339.901,1.0,498.403,339.669,1.0,504.75,344.499,1.0,507.839,343.229,1.0,516.368,351.227,1.0,712.69,418.87,1.0,707.022,424.272,1.0,691.995,425.132,1.0,682.489,428.488,1.0,677.895,428.185,1.0,548.127,637.519,1.0,545.296,625.519,1.0,544.016,615.18,1.0,541.582,607.272,1.0,541.846,599.945,1.0
26,648.613,501.166,1.0,653.682,494.314,1.0,659.615,485.712,1.0,658.066,483.43,1.0,667.272,475.392,1.0,572.809,497.419,1.0,570.776,490.632,1.0,567.306,483.79,1.0,562.409,476.832,1.0,557.55,470.331,1.0,486.355,339.815,1.0,496.566,339.408,1.0,502.18,344.499,1.0,505.947,342.071,1.0,513.639,351.424,1.0,715.084,418.87,1.0,706.989,423.431,1.0,697.597,425.132,1.0,685.504,427.051,1.0,679.849,428.147,1.0,553.672,638.772,1.0,548.561,625.636,1.0,544.89,617.461,1.0,542.98,608.895,1.0,544.001,602.154,1.0
27,648.613,504.123,1.0,653.335,496.401,1.0,658.833,485.712,1.0,657.758,484.224,1.0,667.227,475.66,1.0,572.87,498.354,1.0,571.126,491.605,1.0,568.178,485.701,1.0,562.639,479.816,1.0,557.619,472.297,1.0,486.053,338.818,1.0,493.464,338.559,1.0,500.298,343.916,1.0,504.423,341.876,1.0,512.212,351.424,1.0,715.23,418.87,1.0,706.989,423.431,1.0,698.274,424.389,1.0,688.854,424.318,1.0,680.877,426.702,1.0,553.805,639.112,1.0,549.989,630.711,1.0,546.284,621.994,1.0,544.517,614.734,1.0,544.001,602.461,1.0
28,648.17,506.868,1.0,652.994,497.016,1.0,658.088,486.082,1.0,657.756,486.151,1.0,666.968,476.796,1.0,574.663,500.601,1.0,572.34,496.94,1.0,568.178,489.644,1.0,564.425,480.519,1.0,558.512,472.299,1.0,485.42,336.684,1.0,492.323,336.049,1.0,497.581,343.259,1.0,503.873,340.578,1.0,511.075,351.424,1.0,715.23,418.622,1.0,706.989,423.431,1.0,698.546,422.163,1.0,690.677,424.021,1.0,681.255,425.975,1.0,553.893,641.676,1.0,549.989,631.814,1.0,546.284,624.223,1.0,545.274,617.915,1.0,544.001,604.817,1.0
29,647.45,506.868,1.0,652.833,497.016,1.0,658.088,486.629,1.0,657.756,486.331,1.0,666.831,476.796,1.0,575.224,510.287,1.0,575.49,501.891,1.0,568.809,492.262,1.0,566.791,485.454,1.0,559.37,476.205,1.0,484.944,336.261,1.0,488.967,334.47,1.0,497.393,341.277,1.0,503.749,340.578,1.0,510.111,350.569,1.0,715.735,418.969,1.0,707.483,423.049,1.0,699.351,422.147,1.0,690.811,423.827,1.0,681.471,425.673,1.0,554.539,642.55,1.0,550.159,633.554,1.0,546.36,625.934,1.0,545.274,617.955,1.0,542.464,605.986,1.0
30,646.57,506.868,1.0,651.518,497.016,1.0,658.426,486.728,1.0,657.756,486.331,1.0,666.314,476.796,1.0,575.459,511.347,1.0,576.521,503.31,1.0,570.904,492.648,1.0,568.195,486.285,1.0,560.569,476.564,1.0,484.208,335.021,1.0,488.272,333.84,1.0,496.885,338.209,1.0,503.709,340.578,1.0,509.503,346.457,1.0,716.019,419.131,1.0,707.817,423.784,1.0,699.565,422.163,1.0,691.587,423.778,1.0,681.604,425.673,1.0,553.893,643.172,1.0,551.329,634.243,1.0,546.36,626.179,1.0,545.489,618.432,1.0,542.464,606.375,1.0
31,646.483,500.156,1.0,651.518,496.457,1.0,658.426,487.282,1.0,657.756,486.331,1.0,666.086,476.474,1.0,575.459,511.98,1.0,577.324,504.137,1.0,571.805,492.648,1.0,568.195,486.858,1.0,561.663,478.066,1.0,483.92,334.244,1.0,488.26,332.353,1.0,496.375,337.666,1.0,502.939,342.645,1.0,509.456,346.33,1.0,718.819,425.531,1.0,708.523,423.894,1.0,700.739,422.178,1.0,692.032,423.657,1.0,683.055,425.975,1.0,553.805,644.969,1.0,551.644,638.039,1.0,546.931,628.712,1.0,545.489,618.539,1.0,542.464,608.099,1.0
32,646.483,493.548,1.0,651.518,488.531,1.0,658.426,487.531,1.0,657.459,485.471,1.0,666.086,475.588,1.0,575.459,512.605,1.0,577.55,504.137,1.0,571.909,492.819,1.0,568.195,486.965,1.0,561.915,478.705,1.0,481.827,323.994,1.0,487.046,328.655,1.0,492.567,336.058,1.0,498.257,342.645,1.0,509.098,345.848,1.0,719.631,427.099,1.0,713.328,423.784,1.0,700.739,422.178,1.0,694.873,423.215,1.0,683.571,425.193,1.0,552.589,654.842,1.0,552.413,641.872,1.0,547.741,631.712,1.0,545.489,622.358,1.0,544.405,616.344,1.0
33,646.483,484.466,1.0,654.122,487.58,1.0,658.986,488.554,1.0,657.459,485.471,1.0,666.086,475.103,1.0,575.593,512.738,1.0,578.429,504.401,1.0,572.087,492.819,1.0,568.944,487.494,1.0,562.216,478.87,1.0,480.412,321.721,1.0,485.749,327.025,1.0,489.133,335.005,1.0,495.292,342.645,1.0,507.446,345.848,1.0,721.324,431.761,1.0,716.553,423.049,1.0,706.935,423.342,1.0,695.954,422.149,1.0,685.531,425.05,1.0,552.118,654.842,1.0,552.924,642.501,1.0,548.702,634.006,1.0,548.109,625.626,1.0,545.275,618.815,1.0
34,652.376,483.454,1.0,655.992,487.236,1.0,659.178,488.554,1.0,657.092,485.471,1.0,666.995,474.008,1.0,579.46,513.338,1.0,579.25,504.477,1.0,573.687,496.773,1.0,568.944,488.456,1.0,563.897,484.9,1.0,477.902,319.307,1.0,484.005,324.899,1.0,488.982,335.005,1.0,493.847,337.321,1.0,505.255,345.848,1.0,722.006,431.761,1.0,718.06,423.784,1.0,710.74,423.342,1.0,696.6,421.91,1.0,689.584,425.05,1.0,552.035,655.895,1.0,552.924,644.268,1.0,548.702,634.6,1.0,548.109,626.838,1.0,546.184,619.744,1.0
35,655.721,480.427,1.0,657.011,487.236,1.0,659.178,488.554,1.0,657.092,486.017,1.0,667.52,474.008,1.0,585.642,514.04,1.0,579.437,505.292,1.0,575.108,501.018,1.0,568.944,492.147,1.0,568.647,486.678,1.0,477.3,319.193,1.0,482.859,324.813,1.0,488.533,335.492,1.0,493.534,337.321,1.0,504.561,348.261,1.0,724.742,431.761,1.0,719.273,425.724,1.0,712.904,423.342,1.0,697.632,421.149,1.0,692.424,424.664,1.0,552.035,655.895,1.0,552.521,645.599,1.0,549.731,635.285,1.0,548.109,627.86,1.0,547.235,620.196,1.0
36,658.929,480.427,1.0,657.011,487.048,1.0,659.275,487.528,1.0,657.092,488.966,1.0,667.52,474.008,1.0,585.642,514.04,1.0,579.437,508.187,1.0,576.218,502.812,1.0,569.099,493.375,1.0,568.647,488.24,1.0,476.269,319.193,1.0,482.483,324.554,1.0,488.367,335.005,1.0,492.299,337.236,1.0,502.827,348.261,1.0,724.927,431.799,1.0,719.273,418.238,1.0,712.904,422.733,1.0,697.632,421.149,1.0,692.424,424.664,1.0,552.035,655.895,1.0,552.521,648.554,1.0,549.731,639.845,1.0,548.087,630.871,1.0,548.264,620.196,1.0
37,658.929,479.111,1.0,659.368,485.753,1.0,659.178,487.528,1.0,657.092,488.966,1.0,667.52,474.008,1.0,585.845,514.317,1.0,579.978,508.187,1.0,576.655,504.949,1.0,569.494,493.635,1.0,568.647,488.24,1.0,476.269,319.193,1.0,482.483,324.347,1.0,488.367,334.961,1.0,492.299,336.423,1.0,502.827,348.261,1.0,724.927,431.19,1.0,723.594,421.55,1.0,713.648,422.733,1.0,697.75,421.149,1.0,692.532,424.664,1.0,552.118,655.895,1.0,552.521,648.554,1.0,549.731,639.845,1.0,548.087,630.871,1.0,548.264,620.225,1.0
38,659.387,476.071,1.0,659.368,482.984,1.0,659.178,487.028,1.0,657.092,491.1,1.0,667.52,476.069,1.0,586.841,514.766,1.0,579.978,508.892,1.0,576.655,504.949,1.0,569.494,494.872,1.0,569.641,489.273,1.0,470.972,325.364,1.0,481.748,324.347,1.0,484.369,329.886,1.0,486.256,330.411,1.0,494.0,338.975,1.0,727.335,431.19,1.0,723.594,422.547,1.0,714.023,422.733,1.0,698.588,420.967,1.0,692.532,425.187,1.0,553.919,667.982,1.0,552.521,653.528,1.0,550.483,646.619,1.0,548.087,638.056,1.0,549.379,629.253,1.0
39,662.489,473.985,1.0,659.546,474.133,1.0,657.891,483.46,1.0,657.092,491.205,1.0,668.261,477.991,1.0,587.117,514.921,1.0,580.673,510.164,1.0,577.051,504.949,1.0,570.815,494.872,1.0,569.641,490.51,1.0,470.101,325.801,1.0,479.431,323.102,1.0,484.034,329.886,1.0,486.256,329.272,1.0,491.86,338.611,1.0,731.631,431.19,1.0,724.782,421.649,1.0,714.023,423.716,1.0,702.613,420.967,1.0,695.136,425.187,1.0,554.059,668.667,1.0,552.206,653.715,1.0,550.483,646.716,1.0,548.56,638.058,1.0,550.69,629.578,1.0
40,665.973,469.022,1.0,660.611,470.584,1.0,657.602,482.256,1.0,657.247,491.592,1.0,669.294,483.09,1.0,587.614,515.095,1.0,585.865,510.934,1.0,577.682,507.318,1.0,573.968,496.174,1.0,571.462,491.675,1.0,469.788,325.801,1.0,479.013,322.955,1.0,481.919,326.187,1.0,485.709,329.125,1.0,491.86,338.095,1.0,731.782,431.218,1.0,727.633,421.649,1.0,718.43,424.046,1.0,709.513,422.071,1.0,700.017,425.187,1.0,554.094,669.392,1.0,552.087,657.737,1.0,550.483,649.056,1.0,549.962,641.823,1.0,550.69,632.018,1.0
41,666.822,464.902,1.0,660.611,470.584,1.0,656.668,481.178,1.0,657.247,492.116,1.0,671.258,484.151,1.0,591.024,525.718,1.0,587.805,517.841,1.0,581.265,508.608,1.0,576.151,499.983,1.0,574.015,491.675,1.0,469.645,325.801,1.0,478.972,322.94,1.0,481.624,325.875,1.0,485.524,328.468,1.0,491.708,337.721,1.0,732.332,431.218,1.0,727.649,422.547,1.0,719.36,424.862,1.0,710.302,422.319,1.0,701.386,425.187,1.0,554.782,669.79,1.0,551.412,660.703,1.0,551.194,651.375,1.0,551.012,643.588,1.0,550.69,633.593,1.0
42,666.886,464.707,1.0,660.611,470.584,1.0,656.303,477.937,1.0,660.337,492.836,1.0,672.475,488.045,1.0,592.412,527.997,1.0,587.805,517.841,1.0,581.265,511.1,1.0,576.151,502.459,1.0,574.015,494.911,1.0,466.758,325.026,1.0,475.063,321.02,1.0,477.721,325.875,1.0,485.285,328.288,1.0,491.462,337.67,1.0,732.332,431.218,1.0,728.196,424.405,1.0,719.824,424.862,1.0,710.826,422.319,1.0,701.577,426.038,1.0,554.782,672.594,1.0,551.369,664.311,1.0,552.577,653.93,1.0,551.012,645.862,1.0,549.314,634.654,1.0
43,666.921,464.417,1.0,657.302,472.63,1.0,655.614,476.714,1.0,660.558,493.13,1.0,672.511,491.153,1.0,592.471,528.934,1.0,589.228,519.754,1.0,581.906,512.168,1.0,576.45,503.568,1.0,574.286,497.042,1.0,463.065,318.894,1.0,469.089,315.939,1.0,473.178,322.717,1.0,481.886,328.288,1.0,489.961,333.333,1.0,733.465,431.362,1.0,728.679,426.089,1.0,720.496,424.862,1.0,711.121,425.329,1.0,702.744,425.77,1.0,554.782,672.644,1.0,551.344,664.575,1.0,552.594,655.567,1.0,551.012,646.383,1.0,549.314,635.245,1.0
44,666.886,464.417,1.0,656.858,472.798,1.0,655.614,476.714,1.0,661.057,493.13,1.0,672.971,491.153,1.0,592.704,528.934,1.0,589.985,519.754,1.0,581.906,512.825,1.0,577.118,503.568,1.0,576.002,497.779,1.0,462.969,317.096,1.0,467.235,314.343,1.0,471.308,321.441,1.0,480.179,328.288,1.0,489.797,332.866,1.0,742.281,431.54,1.0,733.182,431.086,1.0,725.201,428.16,1.0,713.919,425.436,1.0,705.862,425.77,1.0,553.15,673.018,1.0,551.279,665.106,1.0,552.594,656.1,1.0,550.694,646.404,1.0,549.314,636.597,1.0
45,666.822,464.417,1.0,656.858,472.798,1.0,655.614,476.714,1.0,660.558,493.13,1.0,672.511,491.153,1.0,593.868,528.934,1.0,590.395,518.442,1.0,581.906,513.153,1.0,577.51,503.826,1.0,574.286,498.217,1.0,462.207,309.578,1.0,466.793,314.274,1.0,471.308,321.092,1.0,479.99,331.353,1.0,488.908,332.119,1.0,742.875,434.09,1.0,734.497,435.085,1.0,725.554,429.255,1.0,714.265,426.072,1.0,709.162,425.77,1.0,547.439,675.808,1.0,551.279,670.154,1.0,552.594,659.52,1.0,550.478,650.328,1.0,550.705,640.235,1.0
46,666.728,464.144,1.0,656.272,472.63,1.0,654.73,476.714,1.0,660.337,492.064,1.0,672.475,491.039,1.0,594.362,528.934,1.0,590.518,518.442,1.0,582.971,513.384,1.0,578.187,504.427,1.0,573.376,498.459,1.0,462.152,309.578,1.0,465.852,313.703,1.0,470.699,321.092,1.0,477.679,331.353,1.0,483.32,332.079,1.0,742.987,435.082,1.0,735.624,435.332,1.0,726.503,433.778,1.0,714.789,426.291,1.0,709.987,424.936,1.0,547.403,682.011,1.0,551.279,674.255,1.0,551.259,663.547,1.0,550.114,654.096,1.0,550.973,645.089,1.0
47,663.11,461.072,1.0,656.272,471.638,1.0,654.73,475.979,1.0,658.307,488.55,1.0,670.44,491.039,1.0,595.213,528.934,1.0,590.815,521.533,1.0,584.209,513.453,1.0,578.471,505.816,1.0,575.003,500.52,1.0,456.563,309.578,1.0,462.575,313.652,1.0,469.682,321.092,1.0,475.43,331.353,1.0,481.303,331.418,1.0,743.899,435.615,1.0,736.19,435.695,1.0,728.308,433.778,1.0,715.664,426.531,1.0,711.161,424.936,1.0,547.267,683.589,1.0,550.441,676.591,1.0,550.144,665.948,1.0,550.114,655.536,1.0,550.973,648.012,1.0
48,663.002,457.388,1.0,656.272,467.804,1.0,654.73,473.263,1.0,654.956,483.646,1.0,666.252,491.039,1.0,596.92,530.936,1.0,590.815,522.571,1.0,585.546,518.207,1.0,582.406,510.753,1.0,573.376,506.707,1.0,452.949,309.619,1.0,461.433,312.284,1.0,467.214,323.332,1.0,469.408,326.956,1.0,481.19,331.378,1.0,744.094,435.983,1.0,737.656,437.642,1.0,728.308,433.778,1.0,722.759,426.59,1.0,711.24,424.936,1.0,547.041,683.824,1.0,549.979,676.962,1.0,549.799,666.416,1.0,550.478,656.382,1.0,550.72,648.555,1.0
49,658.252,456.826,1.0,656.899,464.926,1.0,654.249,470.476,1.0,653.257,479.554,1.0,665.456,492.558,1.0,596.835,532.949,1.0,590.518,523.162,1.0,585.842,519.882,1.0,584.417,512.906,1.0,573.376,506.707,1.0,452.356,316.227,1.0,460.39,311.272,1.0,466.078,323.332,1.0,467.686,326.874,1.0,476.741,329.695,1.0,749.763,440.716,1.0,743.44,438.039,1.0,734.032,433.434,1.0,724.802,429.895,1.0,714.991,425.776,1.0,546.49,683.972,1.0,548.575,677.508,1.0,549.246,668.682,1.0,550.478,658.319,1.0,550.72,649.785,1.0
50,658.134,455.617,1.0,658.264,457.628,1.0,653.359,470.215,1.0,653.145,479.113,1.0,665.456,492.711,1.0,596.92,533.963,1.0,590.287,526.236,1.0,586.174,520.213,1.0,584.76,513.029,1.0,575.003,506.707,1.0,452.322,316.227,1.0,460.205,309.998,1.0,465.301,323.332,1.0,467.686,325.767,1.0,476.741,329.252,1.0,750.517,447.352,1.0,745.954,439.725,1.0,738.998,433.434,1.0,725.729,430.506,1.0,717.924,429.768,1.0,542.804,685.502,1.0,546.724,677.92,1.0,549.133,670.717,1.0,550.629,660.859,1.0,550.72,649.947,1.0
51,658.134,455.617,1.0,658.473,457.628,1.0,653.359,469.961,1.0,653.145,479.113,1.0,665.456,492.711,1.0,597.32,535.319,1.0,590.287,527.164,1.0,589.306,520.37,1.0,584.76,513.849,1.0,579.153,507.647,1.0,451.648,309.619,1.0,459.597,309.784,1.0,465.153,322.656,1.0,467.194,325.394,1.0,476.02,329.172,1.0,751.654,448.011,1.0,747.652,440.281,1.0,741.01,433.434,1.0,726.254,430.719,1.0,721.677,430.444,1.0,542.339,689.579,1.0,546.724,684.391,1.0,548.924,676.246,1.0,550.629,663.932,1.0,550.72,656.096,1.0
52,658.252,456.826,1.0,658.473,464.926,1.0,653.359,470.215,1.0,653.145,479.554,1.0,665.309,492.711,1.0,597.429,536.739,1.0,590.287,528.116,1.0,589.704,520.91,1.0,584.417,514.696,1.0,579.272,507.647,1.0,448.983,308.861,1.0,456.563,309.784,1.0,463.148,317.687,1.0,467.107,321.957,1.0,475.763,328.585,1.0,751.654,448.534,1.0,748.327,440.281,1.0,741.174,434.507,1.0,726.254,431.077,1.0,722.593,430.766,1.0,541.893,690.088,1.0,546.421,685.772,1.0,548.468,676.249,1.0,549.724,665.956,1.0,552.107,656.372,1.0
53,666.984,457.688,1.0,658.502,467.588,1.0,653.523,470.215,1.0,655.792,479.363,1.0,665.591,492.504,1.0,597.537,542.196,1.0,592.33,531.911,1.0,589.704,522.476,1.0,583.738,517.173,1.0,579.429,507.647,1.0,443.928,307.1,1.0,451.709,309.784,1.0,459.078,316.485,1.0,465.377,321.957,1.0,475.615,326.71,1.0,752.335,448.534,1.0,748.389,440.281,1.0,741.917,436.064,1.0,727.522,431.41,1.0,723.589,430.928,1.0,541.893,693.111,1.0,546.064,686.199,1.0,546.514,676.948,1.0,549.675,666.405,1.0,552.107,656.807,1.0
54,667.701,464.696,1.0,660.002,468.236,1.0,654.386,470.151,1.0,655.792,479.363,1.0,665.765,492.147,1.0,601.705,542.293,1.0,592.347,532.99,1.0,590.442,522.933,1.0,583.738,518.748,1.0,585.001,509.476,1.0,442.073,306.848,1.0,448.399,313.474,1.0,458.037,316.308,1.0,464.64,320.933,1.0,475.615,324.304,1.0,759.867,448.534,1.0,752.417,438.399,1.0,742.119,436.402,1.0,729.909,433.959,1.0,725.685,430.975,1.0,541.684,696.07,1.0,546.064,686.419,1.0,546.509,678.876,1.0,549.675,671.528,1.0,552.107,661.992,1.0
55,668.139,465.569,1.0,660.392,468.236,1.0,654.387,470.151,1.0,655.792,479.363,1.0,665.882,490.081,1.0,602.067,542.529,1.0,594.178,533.911,1.0,591.16,525.815,1.0,583.738,520.634,1.0,585.001,509.75,1.0,441.498,306.845,1.0,448.399,313.474,1.0,457.724,315.961,1.0,464.585,320.933,1.0,475.474,321.784,1.0,764.637,447.526,1.0,757.012,438.005,1.0,744.674,438.514,1.0,737.59,440.407,1.0,726.303,430.975,1.0,541.545,700.644,1.0,544.112,693.12,1.0,546.011,684.016,1.0,547.733,672.743,1.0,550.975,665.377,1.0
56,670.907,475.963,1.0,666.9,468.236,1.0,655.966,471.891,1.0,655.06,478.254,1.0,665.591,489.148,1.0,602.067,542.529,1.0,596.035,535.363,1.0,591.16,528.455,1.0,587.399,520.761,1.0,585.001,510.165,1.0,441.301,306.823,1.0,448.044,313.474,1.0,457.051,315.816,1.0,464.35,320.933,1.0,474.223,321.226,1.0,765.131,447.177,1.0,757.898,436.959,1.0,745.624,439.064,1.0,739.763,440.779,1.0,727.96,431.434,1.0,541.545,701.368,1.0,542.917,693.12,1.0,545.713,685.529,1.0,547.638,676.586,1.0,550.926,668.309,1.0
57,673.089,475.963,1.0,669.235,468.236,1.0,657.492,471.164,1.0,654.615,476.774,1.0,665.591,487.425,1.0,602.067,543.17,1.0,596.264,535.44,1.0,593.17,529.607,1.0,587.413,520.761,1.0,584.725,513.779,1.0,440.797,304.813,1.0,447.62,312.22,1.0,453.603,315.816,1.0,458.153,312.593,1.0,466.373,320.885,1.0,765.906,446.788,1.0,758.933,437.746,1.0,746.508,439.064,1.0,740.432,440.779,1.0,729.597,432.433,1.0,541.356,701.51,1.0,542.917,695.554,1.0,545.637,685.838,1.0,547.14,676.989,1.0,550.319,668.401,1.0
58,679.033,475.963,1.0,669.235,470.326,1.0,663.431,470.151,1.0,654.278,473.982,1.0,660.342,484.489,1.0,601.093,546.196,1.0,596.781,537.4,1.0,594.541,532.859,1.0,587.939,524.318,1.0,584.725,518.587,1.0,435.487,301.819,1.0,445.395,309.847,1.0,450.035,310.307,1.0,455.243,311.917,1.0,462.923,319.904,1.0,766.422,446.198,1.0,759.061,436.959,1.0,748.13,439.064,1.0,741.767,440.407,1.0,730.328,432.433,1.0,541.337,701.51,1.0,542.917,696.353,1.0,545.486,686.672,1.0,546.687,677.557,1.0,549.853,669.764,1.0
59,682.403,476.944,1.0,668.885,472.179,1.0,665.267,470.401,1.0,654.615,470.74,1.0,653.35,484.139,1.0,600.495,555.811,1.0,599.517,542.495,1.0,594.541,533.796,1.0,589.49,526.115,1.0,584.725,521.558,1.0,435.009,301.341,1.0,444.657,309.226,1.0,448.38,310.307,1.0,454.621,311.917,1.0,462.923,319.562,1.0,767.896,446.028,1.0,759.992,436.959,1.0,751.489,439.064,1.0,741.767,440.117,1.0,732.7,433.006,1.0,538.478,705.307,1.0,542.917,698.475,1.0,544.092,692.769,1.0,544.484,681.37,1.0,548.892,670.876,1.0
60,682.403,475.908,1.0,670.599,472.604,1.0,666.659,471.164,1.0,654.615,470.74,1.0,653.07,483.934,1.0,600.495,556.657,1.0,600.105,543.17,1.0,594.541,534.321,1.0,590.072,526.366,1.0,585.277,521.907,1.0,433.232,301.03,1.0,443.744,308.568,1.0,447.945,310.307,1.0,454.422,311.917,1.0,461.603,319.509,1.0,770.114,446.028,1.0,760.286,436.989,1.0,753.693,440.347,1.0,741.982,439.267,1.0,733.985,433.097,1.0,538.478,711.921,1.0,542.937,705.529,1.0,544.092,693.299,1.0,544.424,685.572,1.0,547.817,677.814,1.0
61,682.904,475.43,1.0,670.599,472.604,1.0,666.659,470.401,1.0,654.816,470.74,1.0,653.07,483.584,1.0,600.495,556.691,1.0,600.479,543.741,1.0,594.787,536.41,1.0,590.072,527.03,1.0,585.428,521.995,1.0,432.723,301.03,1.0,437.747,308.247,1.0,446.325,310.307,1.0,454.304,311.917,1.0,461.085,316.395,1.0,773.561,446.028,1.0,763.925,437.019,1.0,754.781,441.45,1.0,742.12,439.267,1.0,735.429,433.364,1.0,536.153,714.324,1.0,542.937,706.09,1.0,544.092,693.336,1.0,544.424,685.941,1.0,546.883,678.36,1.0
62,682.904,471.176,1.0,670.599,472.179,1.0,666.659,470.082,1.0,654.902,471.571,1.0,653.07,483.584,1.0,601.406,556.691,1.0,600.484,544.007,1.0,594.876,536.41,1.0,590.32,527.841,1.0,585.455,523.235,1.0,428.449,301.03,1.0,433.953,307.509,1.0,441.729,309.922,1.0,450.105,310.793,1.0,460.24,316.389,1.0,773.561,446.485,1.0,764.287,437.019,1.0,755.546,441.45,1.0,742.12,439.267,1.0,736.575,434.576,1.0,536.153,716.388,1.0,542.937,706.789,1.0,544.092,693.946,1.0,543.697,686.26,1.0,546.883,679.647,1.0
63,682.904,470.884,1.0,672.522,470.996,1.0,667.034,468.847,1.0,655.927,472.429,1.0,654.479,482.548,1.0,604.786,557.356,1.0,600.707,549.326,1.0,597.524,536.741,1.0,590.938,533.339,1.0,586.056,524.723,1.0,427.987,304.15,1.0,431.356,304.957,1.0,440.927,309.368,1.0,447.03,308.753,1.0,457.627,316.079,1.0,773.561,446.623,1.0,764.314,437.595,1.0,755.574,441.45,1.0,742.12,439.267,1.0,736.575,434.633,1.0,538.515,716.828,1.0,542.819,708.107,1.0,543.128,697.021,1.0,542.911,687.908,1.0,546.745,680.179,1.0
64,688.083,469.989,1.0,677.527,470.53,1.0,667.034,468.747,1.0,659.039,472.429,1.0,655.87,481.508,1.0,606.107,557.709,1.0,601.173,551.385,1.0,599.243,541.7,1.0,593.913,534.77,1.0,588.197,525.664,1.0,427.538,304.15,1.0,429.121,303.139,1.0,440.927,308.034,1.0,446.461,308.753,1.0,457.181,316.193,1.0,772.345,447.65,1.0,764.53,437.751,1.0,755.997,440.722,1.0,742.689,439.358,1.0,736.732,435.067,1.0,538.873,717.725,1.0,542.819,710.577,1.0,543.057,699.213,1.0,542.053,692.377,1.0,546.745,684.512,1.0
65,688.95,469.267,1.0,679.386,470.53,1.0,667.034,468.458,1.0,663.728,472.429,1.0,656.593,476.062,1.0,606.107,557.709,1.0,602.811,551.649,1.0,599.564,542.5,1.0,594.058,535.756,1.0,590.715,528.975,1.0,427.432,304.15,1.0,429.121,303.103,1.0,440.927,308.024,1.0,444.385,308.753,1.0,452.038,316.075,1.0,766.724,450.277,1.0,765.961,447.166,1.0,757.648,440.722,1.0,743.574,439.358,1.0,736.814,435.207,1.0,541.68,718.4,1.0,541.912,711.741,1.0,542.08,699.669,1.0,541.632,695.506,1.0,546.264,685.952,1.0
66,692.031,469.267,1.0,684.586,470.526,1.0,669.121,468.747,1.0,663.728,472.634,1.0,657.039,475.108,1.0,606.393,557.804,1.0,604.217,551.744,1.0,599.71,544.181,1.0,594.328,537.215,1.0,591.69,529.456,1.0,426.805,303.719,1.0,429.068,300.785,1.0,440.927,305.91,1.0,444.203,311.83,1.0,449.948,316.075,1.0,766.724,459.31,1.0,767.659,449.23,1.0,759.213,440.722,1.0,744.932,437.367,1.0,737.607,437.936,1.0,541.851,719.377,1.0,541.912,712.163,1.0,542.08,700.743,1.0,541.179,695.519,1.0,545.786,686.466,1.0
67,692.976,469.028,1.0,685.74,470.389,1.0,673.973,468.747,1.0,665.112,472.109,1.0,657.613,475.108,1.0,606.455,558.273,1.0,604.686,551.744,1.0,599.913,545.331,1.0,595.176,537.215,1.0,592.048,530.16,1.0,422.811,303.163,1.0,429.014,300.098,1.0,436.251,304.068,1.0,438.584,311.83,1.0,448.506,315.415,1.0,765.213,462.149,1.0,768.161,452.128,1.0,759.897,444.375,1.0,746.817,437.367,1.0,740.636,437.936,1.0,542.226,719.639,1.0,541.912,713.065,1.0,541.994,701.267,1.0,541.179,696.008,1.0,545.487,686.596,1.0
68,693.376,468.49,1.0,685.755,470.273,1.0,675.373,468.458,1.0,666.172,471.698,1.0,658.246,475.108,1.0,607.03,560.023,1.0,604.686,553.182,1.0,600.461,547.121,1.0,595.518,540.387,1.0,592.316,534.029,1.0,418.366,301.682,1.0,425.214,296.585,1.0,431.71,300.388,1.0,434.826,311.83,1.0,443.907,314.208,1.0,765.213,462.149,1.0,768.161,453.732,1.0,760.396,448.274,1.0,755.468,438.176,1.0,744.627,438.427,1.0,543.092,723.277,1.0,543.683,715.189,1.0,542.08,707.159,1.0,541.146,696.775,1.0,542.349,686.977,1.0
69,697.205,468.224,1.0,689.742,470.262,1.0,678.701,467.935,1.0,666.428,471.698,1.0,658.912,475.108,1.0,612.05,571.888,1.0,604.694,562.24,1.0,604.188,553.704,1.0,595.518,546.745,1.0,593.856,535.502,1.0,417.691,301.304,1.0,424.922,296.436,1.0,431.595,300.136,1.0,434.826,311.599,1.0,443.907,314.114,1.0,766.724,463.879,1.0,768.53,454.603,1.0,762.691,448.295,1.0,756.822,438.176,1.0,745.23,439.193,1.0,545.265,732.27,1.0,546.561,720.407,1.0,542.166,709.299,1.0,540.497,700.707,1.0,542.349,693.126,1.0
70,697.565,464.234,1.0,691.72,469.579,1.0,679.065,467.853,1.0,666.584,470.07,1.0,659.07,475.21,1.0,612.057,573.098,1.0,605.254,562.679,1.0,604.463,554.468,1.0,595.518,547.453,1.0,594.152,537.962,1.0,416.189,301.249,1.0,424.823,296.376,1.0,431.147,300.136,1.0,434.375,311.221,1.0,443.804,313.436,1.0,767.624,464.72,1.0,768.53,456.724,1.0,763.521,449.768,1.0,757.312,439.332,1.0,745.866,439.547,1.0,545.265,734.239,1.0,546.561,722.555,1.0,543.18,712.844,1.0,540.497,702.852,1.0,541.736,693.484,1.0
71,698.395,464.234,1.0,691.72,469.14,1.0,679.161,467.461,1.0,666.619,469.562,1.0,659.105,475.21,1.0,612.057,573.145,1.0,605.298,562.768,1.0,604.746,554.747,1.0,596.064,548.543,1.0,594.196,538.306,1.0,415.521,301.173,1.0,424.484,295.804,1.0,428.937,300.388,1.0,434.079,308.037,1.0,443.259,313.237,1.0,770.673,464.994,1.0,767.774,457.265,1.0,763.745,450.334,1.0,757.312,444.3,1.0,746.687,440.283,1.0,545.939,734.676,1.0,546.561,723.008,1.0,544.075,712.853,1.0,540.497,704.101,1.0,541.736,695.425,1.0
72,697.565,464.234,1.0,691.72,468.444,1.0,679.161,467.379,1.0,666.988,469.372,1.0,659.468,474.982,1.0,612.057,574.212,1.0,605.298,563.017,1.0,605.33,555.354,1.0,596.064,549.042,1.0,594.368,539.747,1.0,414.995,291.132,1.0,420.998,295.422,1.0,426.114,303.0,1.0,433.423,306.286,1.0,443.259,311.788,1.0,770.877,470.102,1.0,767.774,459.986,1.0,763.954,454.671,1.0,755.714,447.514,1.0,750.362,440.641,1.0,545.939,735.203,1.0,546.208,723.25,1.0,544.075,713.498,1.0,542.16,704.358,1.0,542.697,698.815,1.0
73,697.205,464.813,1.0,686.893,466.742,1.0,679.065,467.006,1.0,667.433,469.131,1.0,659.931,474.853,1.0,610.934,575.02,1.0,606.47,565.307,1.0,605.698,555.451,1.0,596.064,552.428,1.0,595.092,543.597,1.0,411.908,288.903,1.0,417.845,293.283,1.0,424.563,303.0,1.0,430.802,302.866,1.0,441.342,309.959,1.0,773.756,475.857,1.0,768.33,462.016,1.0,766.472,454.95,1.0,755.714,448.589,1.0,755.104,440.823,1.0,549.247,735.942,1.0,544.715,727.371,1.0,544.075,716.479,1.0,542.888,711.414,1.0,542.697,700.174,1.0
74,696.851,464.936,1.0,686.893,466.742,1.0,679.327,464.047,1.0,668.918,469.131,1.0,663.867,473.762,1.0,610.744,576.066,1.0,608.803,566.784,1.0,607.372,562.458,1.0,601.895,553.914,1.0,595.389,550.603,1.0,411.856,288.606,1.0,417.828,292.951,1.0,424.518,303.015,1.0,430.743,302.866,1.0,440.518,309.16,1.0,773.903,476.545,1.0,768.33,462.983,1.0,767.595,455.584,1.0,755.714,448.97,1.0,755.24,440.823,1.0,550.282,738.086,1.0,544.715,729.559,1.0,540.453,723.246,1.0,542.888,712.094,1.0,542.697,702.314,1.0
75,696.816,465.054,1.0,686.893,466.742,1.0,679.569,463.424,1.0,669.04,469.131,1.0,664.468,473.762,1.0,610.744,577.158,1.0,610.909,568.44,1.0,607.385,562.942,1.0,601.946,555.606,1.0,598.676,550.771,1.0,411.214,288.51,1.0,417.656,292.951,1.0,424.286,303.0,1.0,430.167,301.857,1.0,438.179,307.293,1.0,773.903,476.545,1.0,769.315,463.639,1.0,768.028,456.678,1.0,755.714,450.243,1.0,755.85,442.371,1.0,550.282,738.922,1.0,546.208,730.223,1.0,540.453,723.451,1.0,542.16,714.075,1.0,542.697,702.58,1.0
76,696.816,465.054,1.0,687.999,466.055,1.0,679.569,463.064,1.0,670.026,468.983,1.0,665.513,473.558,1.0,610.744,577.707,1.0,612.731,568.854,1.0,607.385,563.773,1.0,602.384,555.912,1.0,599.764,551.645,1.0,408.118,288.51,1.0,417.106,292.627,1.0,424.269,302.967,1.0,429.943,301.482,1.0,434.935,306.135,1.0,773.756,476.545,1.0,769.594,467.39,1.0,768.431,456.678,1.0,757.807,453.836,1.0,755.853,444.759,1.0,550.282,740.758,1.0,546.208,731.087,1.0,540.453,724.581,1.0,542.566,714.148,1.0,542.521,704.255,1.0
77,696.851,464.936,1.0,688.578,464.944,1.0,680.399,462.356,1.0,671.322,468.983,1.0,666.514,472.998,1.0,611.604,578.568,1.0,613.158,570.683,1.0,607.385,564.279,1.0,602.644,556.477,1.0,600.54,552.539,1.0,407.932,288.606,1.0,416.238,292.47,1.0,418.955,298.194,1.0,421.946,297.162,1.0,431.354,304.067,1.0,773.756,475.195,1.0,771.239,469.367,1.0,769.1,464.509,1.0,760.053,453.836,1.0,759.232,445.432,1.0,547.823,747.294,1.0,545.99,734.718,1.0,541.925,726.484,1.0,542.025,716.95,1.0,542.002,709.02,1.0
78,699.002,463.133,1.0,691.072,464.332,1.0,682.847,463.424,1.0,676.401,468.983,1.0,668.779,471.598,1.0,618.124,578.909,1.0,613.415,573.115,1.0,607.385,567.18,1.0,602.852,559.052,1.0,600.578,554.605,1.0,406.051,293.77,1.0,414.658,292.429,1.0,416.997,294.03,1.0,421.946,296.449,1.0,429.861,304.056,1.0,774.321,475.195,1.0,773.24,469.954,1.0,769.753,464.509,1.0,761.551,454.262,1.0,759.821,445.631,1.0,543.755,749.873,1.0,545.99,740.6,1.0,542.755,730.859,1.0,542.025,720.807,1.0,542.521,713.748,1.0
79,703.375,457.957,1.0,696.628,454.667,1.0,686.37,463.424,1.0,676.549,467.827,1.0,669.237,470.268,1.0,622.388,578.959,1.0,616.481,577.362,1.0,611.317,568.005,1.0,605.864,561.114,1.0,600.834,554.976,1.0,405.782,293.77,1.0,414.214,292.429,1.0,416.852,294.03,1.0,421.918,296.449,1.0,429.861,303.656,1.0,774.321,475.195,1.0,775.203,469.954,1.0,770.316,465.222,1.0,764.062,455.836,1.0,759.912,446.159,1.0,543.755,750.648,1.0,545.911,740.703,1.0,543.755,730.918,1.0,542.566,721.852,1.0,542.521,714.303,1.0
80,707.108,457.957,1.0,698.286,454.667,1.0,691.12,462.219,1.0,677.441,465.544,1.0,669.848,470.268,1.0,623.512,585.225,1.0,620.003,580.337,1.0,614.5,569.946,1.0,605.949,567.994,1.0,601.663,556.804,1.0,405.747,293.77,1.0,414.143,292.409,1.0,416.612,293.534,1.0,421.631,295.915,1.0,429.727,302.757,1.0,775.676,476.51,1.0,775.535,469.954,1.0,770.846,465.222,1.0,764.618,455.836,1.0,760.155,448.875,1.0,543.703,751.126,1.0,545.506,741.75,1.0,543.755,732.192,1.0,542.625,721.878,1.0,542.992,714.675,1.0
81,708.629,457.957,1.0,700.301,454.667,1.0,691.89,464.624,1.0,679.084,465.528,1.0,671.443,470.268,1.0,626.142,588.307,1.0,620.595,581.894,1.0,614.844,571.184,1.0,606.45,569.464,1.0,601.833,557.22,1.0,400.236,291.388,1.0,405.043,289.522,1.0,411.073,293.457,1.0,420.836,295.855,1.0,429.37,300.08,1.0,780.746,478.73,1.0,775.894,469.954,1.0,771.302,465.898,1.0,765.056,455.836,1.0,760.974,450.928,1.0,543.703,752.966,1.0,544.89,742.752,1.0,542.755,734.014,1.0,542.625,724.766,1.0,542.992,714.817,1.0
82,709.216,457.688,1.0,700.337,454.639,1.0,692.74,464.624,1.0,679.084,464.25,1.0,671.443,469.641,1.0,626.56,588.341,1.0,620.595,582.153,1.0,615.471,571.755,1.0,606.582,569.464,1.0,602.414,558.02,1.0,395.346,291.376,1.0,401.138,287.852,1.0,406.769,292.978,1.0,414.859,294.21,1.0,427.618,299.923,1.0,783.825,479.165,1.0,777.082,474.667,1.0,771.681,468.742,1.0,765.243,460.716,1.0,761.791,453.303,1.0,542.499,753.586,1.0,544.89,744.901,1.0,541.83,735.873,1.0,542.625,728.133,1.0,542.992,717.644,1.0
83,709.957,457.676,1.0,701.017,454.639,1.0,693.268,464.918,1.0,680.532,464.202,1.0,673.445,469.641,1.0,626.859,589.126,1.0,621.296,582.153,1.0,616.303,572.528,1.0,609.025,570.665,1.0,603.345,558.493,1.0,395.315,291.376,1.0,400.279,287.111,1.0,406.769,292.978,1.0,414.842,294.21,1.0,427.016,299.923,1.0,788.757,481.547,1.0,780.471,475.793,1.0,775.375,468.742,1.0,766.867,465.104,1.0,763.282,453.303,1.0,542.499,756.83,1.0,544.89,747.361,1.0,540.2,740.519,1.0,541.743,728.775,1.0,543.135,718.589,1.0
84,715.621,452.955,1.0,704.074,452.707,1.0,695.261,464.918,1.0,683.945,463.585,1.0,677.279,469.44,1.0,629.921,589.672,1.0,622.57,581.894,1.0,618.47,574.595,1.0,612.205,571.248,1.0,606.3,561.623,1.0,395.293,291.376,1.0,400.069,286.956,1.0,406.769,292.041,1.0,414.621,294.21,1.0,426.673,299.599,1.0,789.822,482.232,1.0,780.471,476.893,1.0,775.834,469.413,1.0,768.087,468.364,1.0,764.078,453.827,1.0,542.499,757.568,1.0,545.009,747.918,1.0,540.2,741.18,1.0,541.743,728.956,1.0,543.135,719.19,1.0
85,715.621,449.146,1.0,706.569,449.472,1.0,697.828,464.918,1.0,684.019,463.125,1.0,678.885,467.72,1.0,631.923,590.633,1.0,626.216,581.894,1.0,620.23,578.98,1.0,613.744,571.799,1.0,606.3,568.493,1.0,391.524,290.817,1.0,399.92,286.143,1.0,406.769,289.634,1.0,414.42,298.04,1.0,419.581,299.599,1.0,790.528,482.75,1.0,780.992,477.089,1.0,775.878,472.705,1.0,768.642,468.518,1.0,764.5,453.827,1.0,543.267,759.979,1.0,546.482,750.353,1.0,540.2,742.034,1.0,541.743,731.974,1.0,543.135,723.073,1.0
86,715.621,449.146,1.0,706.576,449.198,1.0,697.84,464.367,1.0,684.236,463.125,1.0,678.912,467.089,1.0,633.254,590.925,1.0,626.445,582.817,1.0,620.605,579.769,1.0,614.015,572.131,1.0,606.3,569.737,1.0,390.463,290.656,1.0,396.291,285.309,1.0,406.769,289.118,1.0,409.018,298.216,1.0,415.84,299.518,1.0,794.446,484.017,1.0,781.353,481.318,1.0,778.202,475.164,1.0,771.469,469.729,1.0,764.785,455.037,1.0,544.2,766.038,1.0,547.639,754.675,1.0,544.763,743.175,1.0,541.743,736.094,1.0,543.487,728.323,1.0
87,714.201,449.146,1.0,707.121,449.063,1.0,697.938,464.367,1.0,686.399,462.234,1.0,679.535,467.078,1.0,633.254,591.568,1.0,626.445,582.817,1.0,620.665,580.106,1.0,614.083,573.054,1.0,606.3,570.563,1.0,388.329,290.546,1.0,395.288,285.001,1.0,403.45,288.424,1.0,405.07,298.216,1.0,415.57,299.373,1.0,794.673,485.927,1.0,786.479,484.307,1.0,780.233,475.726,1.0,773.989,471.554,1.0,765.047,463.088,1.0,544.473,766.038,1.0,547.911,759.206,1.0,544.763,746.956,1.0,541.743,741.484,1.0,545.344,730.684,1.0
88,714.201,449.297,1.0,707.44,449.063,1.0,698.14,464.174,1.0,686.638,462.222,1.0,679.846,466.764,1.0,633.254,591.871,1.0,626.517,582.846,1.0,621.145,580.191,1.0,614.083,573.171,1.0,606.3,570.563,1.0,388.256,290.107,1.0,394.902,284.492,1.0,403.123,287.909,1.0,404.569,298.04,1.0,414.999,297.498,1.0,797.433,487.936,1.0,786.612,484.474,1.0,780.743,476.315,1.0,773.989,471.554,1.0,768.387,465.706,1.0,544.473,767.615,1.0,547.911,759.357,1.0,544.763,747.019,1.0,541.624,741.651,1.0,545.44,731.402,1.0
89,714.201,451.08,1.0,707.502,449.063,1.0,698.304,463.377,1.0,687.385,463.125,1.0,680.955,466.764,1.0,631.964,593.477,1.0,626.517,584.461,1.0,621.785,581.031,1.0,614.083,574.277,1.0,607.22,570.563,1.0,388.256,289.706,1.0,394.346,283.143,1.0,401.881,286.362,1.0,404.555,296.841,1.0,414.321,297.319,1.0,797.554,487.987,1.0,788.793,485.383,1.0,781.467,476.724,1.0,775.743,471.554,1.0,769.23,467.321,1.0,544.2,767.615,1.0,547.639,760.088,1.0,544.573,747.552,1.0,540.789,742.187,1.0,545.867,731.592,1.0
90,714.979,453.84,1.0,709.491,449.572,1.0,698.508,462.519,1.0,689.471,463.409,1.0,682.341,466.764,1.0,631.964,598.894,1.0,628.446,589.418,1.0,623.21,583.837,1.0,615.409,575.547,1.0,612.763,570.481,1.0,388.256,287.377,1.0,394.316,281.061,1.0,400.396,284.55,1.0,402.957,296.119,1.0,412.831,297.319,1.0,797.765,488.086,1.0,788.822,485.426,1.0,783.714,479.253,1.0,775.743,471.554,1.0,769.401,467.529,1.0,541.682,767.817,1.0,546.454,760.088,1.0,544.573,747.913,1.0,540.789,742.187,1.0,545.981,732.943,1.0
91,714.979,453.84,1.0,710.108,450.369,1.0,699.366,462.519,1.0,690.627,463.831,1.0,684.48,466.956,1.0,631.964,606.15,1.0,628.891,592.795,1.0,624.832,584.085,1.0,615.852,577.716,1.0,613.629,570.061,1.0,389.302,274.943,1.0,394.316,280.947,1.0,400.237,284.55,1.0,402.957,295.093,1.0,411.898,297.319,1.0,800.364,488.802,1.0,791.763,485.798,1.0,784.126,479.719,1.0,775.759,472.967,1.0,772.206,467.962,1.0,536.487,768.573,1.0,543.24,760.088,1.0,544.573,748.131,1.0,541.498,742.251,1.0,546.149,732.968,1.0
92,714.979,453.84,1.0,710.108,450.437,1.0,699.366,462.519,1.0,690.627,463.831,1.0,684.48,467.046,1.0,632.144,606.562,1.0,629.422,592.839,1.0,625.659,584.093,1.0,617.083,577.859,1.0,615.222,570.061,1.0,390.61,273.397,1.0,394.316,280.914,1.0,399.511,284.55,1.0,402.957,294.847,1.0,411.898,298.0,1.0,802.446,491.977,1.0,797.908,485.426,1.0,789.104,484.55,1.0,778.629,476.922,1.0,775.242,470.48,1.0,533.164,768.918,1.0,543.096,760.088,1.0,544.55,748.803,1.0,541.498,742.904,1.0,546.149,733.296,1.0
93,714.391,453.018,1.0,710.108,450.639,1.0,699.366,463.957,1.0,690.627,463.831,1.0,684.48,467.046,1.0,632.147,606.562,1.0,630.801,593.147,1.0,626.085,584.533,1.0,617.933,578.921,1.0,616.299,570.481,1.0,390.61,272.21,1.0,394.316,280.914,1.0,399.511,284.774,1.0,404.17,291.698,1.0,411.898,298.0,1.0,803.024,492.417,1.0,798.968,485.63,1.0,790.715,484.55,1.0,778.746,479.562,1.0,775.719,470.709,1.0,532.549,768.573,1.0,539.649,760.088,1.0,544.55,754.359,1.0,541.498,743.018,1.0,546.149,734.164,1.0
94,712.911,450.946,1.0,707.151,451.618,1.0,699.366,464.137,1.0,690.627,463.947,1.0,683.248,467.129,1.0,632.488,606.723,1.0,630.961,593.679,1.0,626.881,586.09,1.0,618.548,579.979,1.0,617.143,572.284,1.0,390.61,269.529,1.0,393.71,280.072,1.0,398.336,287.609,1.0,404.17,290.822,1.0,412.112,298.0,1.0,803.964,495.962,1.0,799.769,485.63,1.0,791.012,485.303,1.0,779.297,479.919,1.0,777.366,471.614,1.0,531.857,768.573,1.0,537.285,760.855,1.0,541.848,754.747,1.0,541.498,744.457,1.0,542.383,734.865,1.0
95,702.598,450.388,1.0,705.048,451.984,1.0,699.366,464.137,1.0,690.453,463.252,1.0,681.785,467.129,1.0,635.423,607.252,1.0,631.221,595.317,1.0,628.165,587.764,1.0,618.694,581.89,1.0,617.162,574.687,1.0,390.304,268.656,1.0,393.71,279.393,1.0,396.408,287.672,1.0,404.17,290.014,1.0,412.112,297.805,1.0,808.634,495.442,1.0,802.489,485.798,1.0,791.118,486.107,1.0,784.519,481.314,1.0,780.539,472.692,1.0,529.453,769.374,1.0,536.686,763.078,1.0,539.981,755.058,1.0,541.221,744.778,1.0,541.242,736.161,1.0
96,697.471,449.596,1.0,704.326,453.55,1.0,700.327,464.137,1.0,690.453,462.782,1.0,681.785,467.753,1.0,636.121,607.545,1.0,631.311,598.742,1.0,628.346,592.36,1.0,623.212,583.085,1.0,617.936,577.69,1.0,388.818,266.666,1.0,392.811,279.271,1.0,395.977,287.672,1.0,403.725,289.75,1.0,412.112,297.481,1.0,812.932,495.585,1.0,805.243,489.604,1.0,797.305,487.955,1.0,792.01,487.134,1.0,781.271,475.486,1.0,524.128,769.856,1.0,532.446,766.018,1.0,537.891,755.1,1.0,541.03,744.778,1.0,541.116,736.161,1.0
97,697.47,448.916,1.0,704.083,453.55,1.0,701.33,462.611,1.0,690.82,462.782,1.0,681.785,467.753,1.0,636.154,607.545,1.0,631.311,600.548,1.0,628.686,593.497,1.0,623.212,587.902,1.0,619.811,579.738,1.0,388.428,266.666,1.0,392.243,279.271,1.0,395.065,287.609,1.0,403.111,289.39,1.0,411.868,297.389,1.0,813.599,495.959,1.0,805.655,490.904,1.0,797.354,488.357,1.0,793.811,487.325,1.0,782.175,475.666,1.0,522.999,769.856,1.0,530.001,766.198,1.0,535.62,757.561,1.0,538.202,748.069,1.0,541.242,741.446,1.0
98,697.243,446.855,1.0,704.083,453.55,1.0,701.33,460.844,1.0,693.837,460.976,1.0,683.045,467.753,1.0,636.156,607.639,1.0,631.946,600.802,1.0,629.097,595.086,1.0,623.35,589.108,1.0,620.206,580.452,1.0,386.692,266.666,1.0,391.114,279.157,1.0,394.846,286.569,1.0,401.807,288.573,1.0,411.392,295.887,1.0,813.599,495.959,1.0,805.75,495.189,1.0,797.385,489.824,1.0,793.811,488.194,1.0,782.757,476.559,1.0,522.625,774.43,1.0,528.222,770.558,1.0,535.034,762.98,1.0,533.728,751.466,1.0,541.116,744.955,1.0
99,697.026,445.705,1.0,702.559,451.555,1.0,700.327,458.466,1.0,696.936,460.976,1.0,685.445,467.851,1.0,636.866,608.817,1.0,633.356,602.202,1.0,629.87,596.57,1.0,624.455,591.396,1.0,621.255,582.676,1.0,381.344,267.893,1.0,388.92,277.964,1.0,394.046,284.839,1.0,400.173,286.796,1.0,411.373,293.962,1.0,813.599,495.959,1.0,806.672,495.732,1.0,798.433,490.085,1.0,793.811,488.357,1.0,783.534,477.123,1.0,521.291,775.159,1.0,527.882,771.578,1.0,534.144,763.498,1.0,532.404,751.878,1.0,540.577,746.644,1.0
100,695.555,438.825,1.0,698.64,445.096,1.0,698.405,454.282,1.0,698.392,460.976,1.0,688.448,467.851,1.0,636.946,610.247,1.0,634.601,604.291,1.0,631.518,598.923,1.0,625.347,594.292,1.0,621.288,583.74,1.0,378.974,268.812,1.0,387.404,277.899,1.0,393.898,282.06,1.0,398.808,283.716,1.0,411.152,291.123,1.0,809.735,500.491,1.0,806.672,497.753,1.0,798.657,490.423,1.0,792.622,488.357,1.0,783.534,477.123,1.0,521.291,775.258,1.0,527.683,771.775,1.0,533.237,764.687,1.0,532.098,754.198,1.0,540.531,747.101,1.0
101,694.673,438.042,1.0,698.468,444.987,1.0,697.804,453.591,1.0,698.392,460.825,1.0,688.925,467.731,1.0,637.202,621.819,1.0,637.65,612.27,1.0,632.18,605.124,1.0,628.632,597.438,1.0,622.311,588.386,1.0,378.62,272.834,1.0,387.404,277.75,1.0,390.378,281.598,1.0,392.833,280.489,1.0,402.187,289.979,1.0,807.772,506.524,1.0,806.896,497.974,1.0,800.605,492.515,1.0,792.622,488.194,1.0,784.538,478.329,1.0,519.71,782.228,1.0,525.596,775.281,1.0,530.624,766.84,1.0,532.098,757.538,1.0,540.3,748.358,1.0
102,694.673,437.235,1.0,698.176,444.419,1.0,697.715,452.919,1.0,698.659,460.825,1.0,689.392,467.731,1.0,637.351,622.039,1.0,638.384,612.791,1.0,633.174,605.154,1.0,629.717,598.275,1.0,623.543,588.429,1.0,378.294,272.834,1.0,387.404,277.67,1.0,390.326,280.639,1.0,392.429,280.417,1.0,399.851,288.695,1.0,807.772,509.398,1.0,806.896,500.008,1.0,802.486,493.837,1.0,792.622,487.287,1.0,786.451,480.83,1.0,519.704,783.075,1.0,520.22,775.486,1.0,528.555,769.541,1.0,531.968,764.996,1.0,536.106,749.776,1.0
103,694.673,434.622,1.0,698.176,443.875,1.0,695.916,452.546,1.0,698.659,459.499,1.0,689.392,467.053,1.0,637.602,622.459,1.0,640.575,613.865,1.0,634.618,605.467,1.0,631.48,598.361,1.0,623.543,588.453,1.0,378.252,273.164,1.0,387.404,276.84,1.0,389.982,280.639,1.0,392.429,279.771,1.0,399.683,287.479,1.0,807.772,511.322,1.0,806.896,502.501,1.0,803.994,495.787,1.0,795.585,487.287,1.0,789.725,480.874,1.0,519.243,783.807,1.0,519.818,776.85,1.0,528.047,771.054,1.0,531.968,765.177,1.0,534.918,749.868,1.0
104,696.564,433.254,1.0,698.082,441.536,1.0,694.67,451.859,1.0,697.866,457.809,1.0,688.925,466.148,1.0,637.641,622.459,1.0,641.065,614.624,1.0,635.824,605.653,1.0,631.48,598.454,1.0,624.185,589.84,1.0,375.519,273.164,1.0,386.351,277.67,1.0,389.691,280.639,1.0,392.429,278.708,1.0,399.527,287.479,1.0,809.158,511.322,1.0,806.547,502.655,1.0,803.994,497.021,1.0,796.249,487.287,1.0,792.695,481.054,1.0,518.479,784.459,1.0,519.601,777.652,1.0,527.696,771.149,1.0,530.479,765.58,1.0,534.918,750.808,1.0
105,696.564,433.214,1.0,697.967,439.786,1.0,694.67,450.487,1.0,694.463,457.809,1.0,688.771,464.688,1.0,639.303,623.771,1.0,641.065,615.31,1.0,636.089,606.12,1.0,631.504,599.82,1.0,624.817,590.287,1.0,375.388,284.089,1.0,384.869,277.67,1.0,389.62,280.639,1.0,392.822,278.419,1.0,399.505,286.992,1.0,809.312,511.322,1.0,806.547,503.679,1.0,803.994,498.467,1.0,796.249,487.56,1.0,793.041,481.783,1.0,515.5,784.459,1.0,518.424,780.391,1.0,525.239,771.645,1.0,530.251,766.061,1.0,534.918,752.063,1.0
106,696.564,433.214,1.0,697.934,439.742,1.0,694.67,449.701,1.0,694.463,456.664,1.0,688.771,461.183,1.0,646.883,624.959,1.0,641.273,615.352,1.0,637.794,610.196,1.0,631.504,601.128,1.0,625.069,597.842,1.0,373.411,284.367,1.0,383.185,278.16,1.0,388.922,279.35,1.0,393.09,278.088,1.0,398.696,286.846,1.0,809.312,514.951,1.0,806.547,506.974,1.0,804.37,499.569,1.0,796.29,490.944,1.0,793.321,484.914,1.0,508.567,784.459,1.0,514.787,780.468,1.0,523.22,771.74,1.0,528.138,765.58,1.0,534.353,755.957,1.0
107,696.312,433.254,1.0,697.934,439.267,1.0,694.825,448.427,1.0,694.463,455.359,1.0,688.771,460.592,1.0,647.259,625.29,1.0,641.484,617.568,1.0,637.972,613.094,1.0,631.48,605.362,1.0,627.1,600.84,1.0,368.578,284.367,1.0,374.907,278.16,1.0,383.73,279.298,1.0,393.09,278.088,1.0,398.696,286.72,1.0,809.158,524.775,1.0,807.744,511.744,1.0,804.37,504.826,1.0,797.131,496.058,1.0,793.379,489.142,1.0,507.21,785.75,1.0,514.562,780.468,1.0,521.581,772.472,1.0,526.937,765.58,1.0,534.752,758.827,1.0
108,696.312,433.254,1.0,698.082,439.323,1.0,695.511,447.928,1.0,694.819,455.359,1.0,689.141,460.424,1.0,648.821,627.427,1.0,641.576,619.29,1.0,638.056,613.619,1.0,631.504,605.564,1.0,627.364,600.84,1.0,368.252,284.089,1.0,374.388,278.16,1.0,383.038,279.298,1.0,393.09,278.088,1.0,398.696,285.531,1.0,809.158,524.992,1.0,808.236,514.484,1.0,804.384,505.031,1.0,798.486,500.162,1.0,795.387,489.24,1.0,505.149,784.82,1.0,514.225,780.468,1.0,521.292,773.021,1.0,525.555,765.58,1.0,534.353,760.393,1.0
109,696.312,433.214,1.0,700.257,439.323,1.0,696.043,447.454,1.0,694.937,455.359,1.0,689.182,460.098,1.0,649.407,627.819,1.0,641.576,620.134,1.0,639.066,614.416,1.0,631.565,605.741,1.0,627.498,601.321,1.0,367.965,276.891,1.0,373.538,277.514,1.0,381.805,279.298,1.0,388.238,280.335,1.0,398.696,284.714,1.0,809.431,525.271,1.0,808.262,515.018,1.0,804.808,505.279,1.0,799.083,501.204,1.0,795.387,490.599,1.0,503.586,784.82,1.0,513.872,780.964,1.0,520.986,773.097,1.0,525.46,766.5,1.0,534.115,761.937,1.0
110,696.953,432.037,1.0,700.415,439.267,1.0,696.555,446.761,1.0,694.937,454.366,1.0,689.188,459.535,1.0,649.407,629.877,1.0,643.346,622.43,1.0,639.298,617.873,1.0,632.951,607.54,1.0,631.472,602.942,1.0,367.965,275.757,1.0,372.913,277.393,1.0,380.945,279.298,1.0,388.191,280.335,1.0,398.696,284.714,1.0,809.431,526.035,1.0,808.468,516.738,1.0,805.445,506.42,1.0,799.188,502.338,1.0,795.551,491.765,1.0,503.586,786.82,1.0,513.335,781.262,1.0,519.326,777.846,1.0,521.975,769.908,1.0,534.115,762.503,1.0
111,702.189,430.005,1.0,700.437,439.042,1.0,697.516,446.54,1.0,694.819,454.134,1.0,689.802,459.354,1.0,649.055,636.881,1.0,645.802,626.671,1.0,642.319,619.756,1.0,634.117,612.587,1.0,632.161,605.137,1.0,361.741,271.53,1.0,371.499,277.227,1.0,379.456,278.636,1.0,386.869,280.376,1.0,397.516,284.127,1.0,811.636,526.035,1.0,808.824,520.303,1.0,806.444,507.091,1.0,799.875,504.513,1.0,796.282,492.688,1.0,503.586,788.323,1.0,511.586,784.131,1.0,517.497,778.552,1.0,518.109,770.329,1.0,531.122,762.576,1.0
112,702.189,430.005,1.0,700.415,436.636,1.0,698.11,444.515,1.0,698.003,453.409,1.0,689.188,459.057,1.0,649.727,637.276,1.0,646.926,627.318,1.0,643.753,621.208,1.0,634.299,615.233,1.0,633.417,605.137,1.0,361.074,270.699,1.0,371.151,275.691,1.0,377.105,278.636,1.0,384.252,280.335,1.0,397.47,284.127,1.0,813.763,528.679,1.0,810.168,520.529,1.0,806.489,514.271,1.0,800.686,505.625,1.0,797.903,497.535,1.0,501.645,788.99,1.0,510.2,785.98,1.0,517.142,779.644,1.0,517.969,771.769,1.0,530.463,764.596,1.0
113,702.189,431.787,1.0,700.415,436.193,1.0,698.11,444.111,1.0,697.112,452.981,1.0,689.182,459.017,1.0,649.727,637.91,1.0,647.875,627.554,1.0,643.949,621.303,1.0,634.356,615.526,1.0,633.739,607.076,1.0,360.977,269.381,1.0,370.747,275.118,1.0,377.05,277.846,1.0,382.479,280.376,1.0,394.86,284.127,1.0,814.233,529.7,1.0,813.558,520.829,1.0,809.01,514.892,1.0,802.936,507.843,1.0,797.903,500.185,1.0,501.466,789.214,1.0,509.489,786.719,1.0,517.028,779.924,1.0,517.377,773.209,1.0,529.825,766.381,1.0
114,698.377,431.787,1.0,700.228,435.671,1.0,698.301,444.111,1.0,697.112,452.778,1.0,688.412,458.401,1.0,649.727,638.067,1.0,648.043,628.031,1.0,644.635,621.415,1.0,635.765,616.105,1.0,633.795,607.507,1.0,360.754,268.963,1.0,370.747,275.118,1.0,376.22,277.846,1.0,382.212,281.435,1.0,394.442,283.733,1.0,814.657,529.742,1.0,814.201,521.266,1.0,811.092,515.475,1.0,805.523,508.17,1.0,798.588,502.477,1.0,501.143,794.768,1.0,508.764,787.012,1.0,515.559,781.08,1.0,516.701,773.7,1.0,526.019,766.744,1.0
115,694.045,435.016,1.0,698.663,435.671,1.0,698.11,444.515,1.0,697.211,452.778,1.0,687.997,458.385,1.0,652.924,639.093,1.0,648.668,630.667,1.0,645.136,625.656,1.0,638.814,618.286,1.0,637.423,609.742,1.0,360.754,268.963,1.0,370.747,275.118,1.0,375.764,277.846,1.0,380.971,286.048,1.0,388.689,283.733,1.0,814.669,530.935,1.0,815.402,521.697,1.0,812.513,516.387,1.0,805.837,509.725,1.0,800.805,503.032,1.0,500.557,796.957,1.0,502.083,790.198,1.0,510.641,783.56,1.0,515.882,777.022,1.0,523.51,766.744,1.0
116,694.045,435.016,1.0,698.663,436.636,1.0,697.931,444.63,1.0,697.385,452.778,1.0,687.997,458.221,1.0,655.019,639.503,1.0,651.322,633.847,1.0,646.678,628.26,1.0,640.492,623.028,1.0,639.057,614.222,1.0,359.069,268.963,1.0,369.732,275.142,1.0,375.764,277.938,1.0,379.855,286.048,1.0,387.793,283.158,1.0,823.827,533.895,1.0,816.754,527.843,1.0,813.203,521.278,1.0,805.837,514.356,1.0,804.161,504.154,1.0,498.369,797.295,1.0,500.582,790.935,1.0,508.335,784.532,1.0,513.164,779.552,1.0,520.955,767.008,1.0
117,694.045,435.016,1.0,698.663,438.403,1.0,697.614,445.989,1.0,697.211,453.514,1.0,687.997,457.891,1.0,656.889,641.027,1.0,651.628,635.204,1.0,647.082,630.644,1.0,641.927,624.659,1.0,639.421,614.408,1.0,357.494,271.965,1.0,367.46,275.277,1.0,375.764,278.026,1.0,376.789,286.048,1.0,384.421,283.158,1.0,824.43,533.895,1.0,816.754,528.862,1.0,813.254,521.537,1.0,805.523,514.452,1.0,804.266,505.147,1.0,498.209,797.712,1.0,500.339,791.151,1.0,507.896,784.779,1.0,513.051,780.234,1.0,520.955,767.093,1.0
118,697.188,435.016,1.0,699.194,439.286,1.0,696.092,447.308,1.0,697.238,454.601,1.0,688.092,458.16,1.0,657.907,642.599,1.0,651.628,637.038,1.0,647.831,633.564,1.0,642.945,625.336,1.0,639.966,614.471,1.0,355.63,272.299,1.0,365.433,275.448,1.0,374.357,278.026,1.0,373.886,284.903,1.0,383.393,282.333,1.0,825.202,534.446,1.0,816.754,530.541,1.0,813.703,522.134,1.0,804.331,514.909,1.0,804.266,505.147,1.0,494.78,797.825,1.0,499.451,793.26,1.0,507.879,784.882,1.0,512.909,781.071,1.0,520.955,767.093,1.0
119,702.024,436.645,1.0,701.625,439.909,1.0,695.106,447.308,1.0,697.385,455.814,1.0,688.758,458.16,1.0,659.111,642.68,1.0,652.145,637.228,1.0,649.166,633.843,1.0,642.992,625.953,1.0,640.929,617.743,1.0,352.507,273.473,1.0,357.713,275.819,1.0,370.96,277.938,1.0,372.613,284.724,1.0,382.815,281.696,1.0,825.767,535.314,1.0,817.422,531.53,1.0,813.703,522.177,1.0,803.882,515.383,1.0,804.161,505.794,1.0,492.142,800.737,1.0,498.302,796.093,1.0,506.807,786.217,1.0,512.49,781.284,1.0,520.955,768.152,1.0
120,706.581,439.386,1.0,702.612,441.165,1.0,694.508,448.733,1.0,697.238,455.814,1.0,688.872,458.16,1.0,663.209,644.788,1.0,653.813,643.836,1.0,651.08,635.361,1.0,644.558,630.456,1.0,642.938,619.477,1.0,352.097,273.473,1.0,357.631,276.046,1.0,366.398,277.85,1.0,372.613,284.228,1.0,381.92,281.076,1.0,824.43,537.352,1.0,817.45,531.702,1.0,814.238,522.463,1.0,803.882,516.059,1.0,804.0,506.638,1.0,487.906,801.281,1.0,497.208,796.462,1.0,503.803,786.696,1.0,511.171,781.466,1.0,520.334,773.917,1.0
121,710.219,443.059,1.0,706.686,441.202,1.0,694.508,448.733,1.0,696.293,455.814,1.0,688.872,460.128,1.0,664.499,652.267,1.0,654.358,644.803,1.0,651.823,635.901,1.0,644.558,630.67,1.0,642.938,622.099,1.0,351.937,273.473,1.0,356.817,276.128,1.0,366.281,277.821,1.0,371.99,282.513,1.0,381.51,280.994,1.0,824.43,539.914,1.0,817.641,532.616,1.0,814.481,522.611,1.0,804.331,516.581,1.0,804.0,506.868,1.0,487.906,802.038,1.0,497.208,796.955,1.0,502.843,791.986,1.0,504.778,783.366,1.0,517.625,776.592,1.0
122,714.395,448.522,1.0,706.686,442.138,1.0,695.106,448.733,1.0,693.122,455.33,1.0,688.866,461.017,1.0,664.499,652.991,1.0,654.598,645.989,1.0,653.028,636.126,1.0,644.172,631.719,1.0,642.938,622.627,1.0,346.357,272.479,1.0,355.535,276.128,1.0,363.621,277.65,1.0,371.99,280.502,1.0,380.86,279.39,1.0,816.9,541.036,1.0,818.86,534.144,1.0,816.146,523.453,1.0,804.755,518.438,1.0,804.0,507.322,1.0,485.824,802.739,1.0,495.309,799.153,1.0,502.314,792.706,1.0,504.325,783.663,1.0,516.489,777.389,1.0
123,715.258,452.372,1.0,706.686,442.919,1.0,695.255,447.921,1.0,693.122,455.124,1.0,688.866,462.483,1.0,663.698,652.991,1.0,655.479,645.989,1.0,653.547,636.126,1.0,644.172,632.693,1.0,643.224,624.585,1.0,346.315,271.028,1.0,355.418,276.128,1.0,358.952,276.668,1.0,368.687,279.311,1.0,379.775,279.006,1.0,816.878,543.611,1.0,819.676,534.163,1.0,816.354,523.996,1.0,805.727,518.771,1.0,805.004,507.322,1.0,485.704,805.765,1.0,493.746,799.365,1.0,501.234,793.72,1.0,504.325,784.427,1.0,515.468,778.696,1.0
124,715.468,453.181,1.0,706.686,446.341,1.0,695.588,447.921,1.0,693.122,454.434,1.0,688.902,462.725,1.0,663.698,653.063,1.0,655.692,646.148,1.0,653.914,636.149,1.0,644.753,632.736,1.0,643.673,626.075,1.0,343.877,271.023,1.0,353.326,276.128,1.0,358.952,276.668,1.0,368.14,279.311,1.0,378.135,278.981,1.0,816.878,543.689,1.0,820.381,535.227,1.0,816.724,524.165,1.0,807.233,519.671,1.0,806.429,510.446,1.0,485.494,807.775,1.0,493.746,803.176,1.0,499.859,796.149,1.0,502.741,787.038,1.0,514.948,779.979,1.0
125,716.273,458.857,1.0,706.686,451.145,1.0,696.944,447.347,1.0,694.741,454.12,1.0,689.135,462.725,1.0,660.507,654.292,1.0,658.334,646.806,1.0,656.177,641.419,1.0,650.27,634.105,1.0,643.673,628.155,1.0,341.447,270.698,1.0,353.326,275.767,1.0,358.371,276.668,1.0,367.544,279.311,1.0,377.879,278.633,1.0,816.775,544.206,1.0,820.374,536.808,1.0,816.354,528.125,1.0,812.2,519.806,1.0,807.51,512.142,1.0,483.734,809.185,1.0,491.851,804.013,1.0,496.754,796.653,1.0,502.741,788.991,1.0,509.15,782.432,1.0
126,716.66,459.845,1.0,706.937,452.416,1.0,697.827,447.347,1.0,696.066,453.43,1.0,690.216,462.483,1.0,660.507,657.767,1.0,659.627,649.618,1.0,656.177,644.588,1.0,650.36,636.267,1.0,645.289,630.929,1.0,341.302,269.375,1.0,353.326,275.591,1.0,357.607,276.668,1.0,365.213,281.177,1.0,377.627,278.13,1.0,816.878,544.881,1.0,820.374,537.864,1.0,816.146,528.522,1.0,812.517,520.177,1.0,807.51,512.876,1.0,483.734,809.604,1.0,491.641,804.423,1.0,495.784,796.714,1.0,502.741,789.103,1.0,509.055,782.432,1.0
127,719.074,461.01,1.0,713.74,458.575,1.0,708.536,447.347,1.0,698.173,453.159,1.0,691.224,460.545,1.0,660.507,661.991,1.0,661.782,652.812,1.0,656.177,645.312,1.0,650.667,638.614,1.0,648.661,632.299,1.0,340.861,269.375,1.0,349.583,275.591,1.0,357.607,276.668,1.0,364.041,281.177,1.0,375.99,277.15,1.0,817.022,546.528,1.0,820.374,538.408,1.0,815.638,530.692,1.0,812.517,520.177,1.0,807.552,513.623,1.0,483.648,809.686,1.0,490.239,804.911,1.0,495.747,799.196,1.0,502.741,790.137,1.0,506.684,783.527,1.0
128,720.104,464.531,1.0,714.775,458.575,1.0,710.835,448.992,1.0,699.245,453.159,1.0,691.697,460.041,1.0,661.72,661.991,1.0,661.782,653.828,1.0,656.037,647.531,1.0,650.689,638.778,1.0,648.661,633.153,1.0,338.899,269.375,1.0,348.244,275.459,1.0,357.607,275.4,1.0,362.381,281.177,1.0,372.576,277.15,1.0,822.462,552.069,1.0,820.374,542.374,1.0,815.638,533.384,1.0,812.732,522.403,1.0,807.552,515.557,1.0,483.593,813.803,1.0,485.197,806.9,1.0,493.346,799.295,1.0,498.115,793.643,1.0,505.913,783.856,1.0
129,720.116,464.531,1.0,716.069,458.575,1.0,711.559,449.12,1.0,699.297,452.89,1.0,691.78,459.889,1.0,662.146,662.193,1.0,661.932,654.278,1.0,656.037,648.506,1.0,650.866,639.2,1.0,648.927,634.524,1.0,335.189,270.972,1.0,340.705,275.459,1.0,353.949,274.621,1.0,358.508,280.179,1.0,368.293,277.15,1.0,822.71,556.829,1.0,820.374,543.412,1.0,815.638,535.756,1.0,813.038,523.934,1.0,808.592,516.811,1.0,482.726,816.391,1.0,483.432,810.837,1.0,491.399,801.928,1.0,497.861,796.833,1.0,505.138,784.489,1.0
130,720.116,464.531,1.0,717.022,451.124,1.0,712.196,451.472,1.0,699.297,452.89,1.0,692.216,459.584,1.0,665.082,663.074,1.0,662.854,654.329,1.0,656.037,648.688,1.0,650.957,639.2,1.0,649.113,634.524,1.0,335.189,270.972,1.0,340.289,275.459,1.0,353.926,274.231,1.0,357.182,279.312,1.0,366.584,278.563,1.0,822.71,558.843,1.0,820.582,546.263,1.0,816.821,537.375,1.0,814.179,528.494,1.0,809.928,521.765,1.0,482.726,817.148,1.0,482.555,812.138,1.0,491.096,802.102,1.0,497.327,796.833,1.0,504.907,785.543,1.0
131,725.466,462.517,1.0,720.39,451.124,1.0,712.196,452.53,1.0,699.297,452.89,1.0,693.697,459.39,1.0,670.655,664.632,1.0,664.553,657.324,1.0,657.905,648.688,1.0,653.046,641.462,1.0,649.347,635.881,1.0,334.971,271.056,1.0,339.979,276.803,1.0,350.86,273.851,1.0,355.959,279.312,1.0,365.525,279.56,1.0,822.71,558.843,1.0,821.316,546.832,1.0,818.159,537.784,1.0,814.179,530.081,1.0,810.607,521.765,1.0,482.726,818.31,1.0,482.555,813.671,1.0,490.409,802.293,1.0,496.376,796.921,1.0,504.623,786.186,1.0
132,725.466,462.517,1.0,720.39,451.124,1.0,712.861,453.026,1.0,699.297,453.46,1.0,693.697,459.39,1.0,670.655,664.632,1.0,664.553,657.324,1.0,657.905,650.286,1.0,653.046,641.462,1.0,649.347,635.881,1.0,334.971,271.24,1.0,339.7,276.803,1.0,350.86,273.672,1.0,355.231,278.218,1.0,365.525,279.56,1.0,822.71,559.313,1.0,821.316,546.832,1.0,818.159,537.784,1.0,814.179,530.081,1.0,811.35,522.079,1.0,482.726,818.31,1.0,482.445,813.671,1.0,490.409,802.293,1.0,496.376,796.921,1.0,504.623,786.186,1.0
133,727.973,462.517,1.0,723.808,454.755,1.0,712.861,453.026,1.0,707.901,453.46,1.0,697.026,456.645,1.0,673.152,671.705,1.0,668.365,663.469,1.0,663.128,653.42,1.0,655.841,649.899,1.0,650.865,639.031,1.0,334.971,287.254,1.0,339.7,278.903,1.0,346.979,273.672,1.0,355.231,278.218,1.0,364.472,279.56,1.0,822.71,559.313,1.0,822.563,550.137,1.0,818.159,543.431,1.0,814.734,534.278,1.0,811.35,525.652,1.0,485.152,828.84,1.0,479.409,817.857,1.0,488.022,809.922,1.0,491.758,802.066,1.0,504.325,794.009,1.0
134,729.116,463.228,1.0,724.822,455.029,1.0,712.861,453.181,1.0,708.566,453.963,1.0,697.46,456.645,1.0,673.733,671.743,1.0,668.801,663.716,1.0,663.694,653.697,1.0,656.241,649.899,1.0,651.114,639.052,1.0,332.598,287.433,1.0,337.338,281.359,1.0,344.318,273.851,1.0,353.79,276.357,1.0,363.95,277.482,1.0,822.356,563.556,1.0,822.762,555.578,1.0,818.964,547.801,1.0,814.387,539.884,1.0,813.618,528.892,1.0,485.152,829.099,1.0,479.409,818.086,1.0,487.712,812.008,1.0,489.691,804.221,1.0,500.459,795.486,1.0
135,729.127,463.338,1.0,724.985,455.256,1.0,712.861,453.981,1.0,708.862,455.482,1.0,698.509,456.645,1.0,674.09,671.743,1.0,668.872,663.716,1.0,663.921,654.881,1.0,656.646,650.071,1.0,651.151,639.903,1.0,330.726,287.433,1.0,334.991,282.596,1.0,342.738,274.947,1.0,352.038,275.994,1.0,363.068,276.613,1.0,822.356,564.487,1.0,823.556,556.998,1.0,818.964,549.11,1.0,814.387,542.057,1.0,815.347,531.269,1.0,485.152,829.099,1.0,479.026,818.541,1.0,487.389,812.162,1.0,489.071,804.572,1.0,499.155,795.603,1.0
136,730.06,463.972,1.0,725.583,456.159,1.0,717.494,455.823,1.0,709.113,456.123,1.0,699.669,456.538,1.0,674.233,672.132,1.0,670.292,664.371,1.0,664.336,655.976,1.0,657.266,651.589,1.0,652.281,641.33,1.0,330.42,287.433,1.0,334.991,282.596,1.0,342.442,275.171,1.0,351.919,275.084,1.0,362.733,276.613,1.0,822.356,565.088,1.0,825.205,557.053,1.0,819.494,549.28,1.0,814.559,542.323,1.0,815.675,531.511,1.0,479.038,829.372,1.0,478.682,820.431,1.0,486.732,814.656,1.0,488.901,804.863,1.0,498.888,796.734,1.0
137,732.721,465.811,1.0,729.673,461.274,1.0,721.863,456.33,1.0,710.935,456.123,1.0,701.888,456.538,1.0,674.713,672.554,1.0,671.054,664.442,1.0,664.451,657.412,1.0,658.485,652.046,1.0,653.36,643.892,1.0,329.884,277.726,1.0,334.991,282.596,1.0,341.747,275.395,1.0,351.823,273.677,1.0,362.339,276.613,1.0,825.077,565.768,1.0,825.324,557.595,1.0,819.938,550.947,1.0,814.734,544.458,1.0,815.948,532.887,1.0,475.557,829.717,1.0,478.282,822.585,1.0,486.732,816.252,1.0,488.43,805.135,1.0,498.59,796.831,1.0
138,733.344,466.123,1.0,729.936,463.695,1.0,723.941,456.447,1.0,711.148,456.6,1.0,702.288,456.521,1.0,678.477,673.844,1.0,671.749,665.782,1.0,666.013,662.13,1.0,661.848,656.037,1.0,654.432,647.539,1.0,328.714,273.046,1.0,337.761,277.905,1.0,342.442,275.535,1.0,351.515,273.414,1.0,362.093,276.613,1.0,830.499,569.866,1.0,826.372,562.88,1.0,821.021,550.96,1.0,815.956,546.565,1.0,816.316,536.102,1.0,472.319,830.21,1.0,477.802,824.718,1.0,481.371,816.281,1.0,488.43,806.768,1.0,494.633,798.565,1.0
139,734.35,466.346,1.0,732.48,463.745,1.0,725.003,456.522,1.0,711.148,456.6,1.0,702.896,456.048,1.0,679.279,674.291,1.0,672.606,665.93,1.0,666.551,663.03,1.0,661.848,656.208,1.0,659.808,647.576,1.0,328.465,273.046,1.0,337.761,277.196,1.0,342.442,275.622,1.0,351.439,273.414,1.0,361.993,276.613,1.0,832.821,574.735,1.0,829.593,566.064,1.0,823.015,553.628,1.0,819.026,550.616,1.0,815.795,536.475,1.0,471.165,830.33,1.0,477.175,824.937,1.0,481.232,817.334,1.0,488.162,808.551,1.0,493.183,801.744,1.0
140,734.719,467.497,1.0,732.664,464.686,1.0,725.278,456.745,1.0,711.63,455.778,1.0,704.082,456.048,1.0,679.728,675.337,1.0,673.965,667.322,1.0,667.531,663.775,1.0,664.752,656.428,1.0,660.794,649.063,1.0,325.967,273.046,1.0,337.761,276.115,1.0,341.747,276.406,1.0,349.934,273.414,1.0,361.943,276.041,1.0,833.274,574.968,1.0,829.632,566.221,1.0,823.668,555.807,1.0,819.126,552.024,1.0,816.482,540.667,1.0,470.913,830.741,1.0,475.779,825.24,1.0,480.43,817.374,1.0,488.162,809.594,1.0,493.021,803.459,1.0
141,734.883,467.794,1.0,733.811,465.036,1.0,725.342,458.013,1.0,713.333,455.674,1.0,704.301,456.048,1.0,681.084,676.341,1.0,675.273,669.22,1.0,669.267,665.658,1.0,664.949,656.428,1.0,661.959,649.063,1.0,325.967,275.733,1.0,336.731,274.87,1.0,341.536,276.406,1.0,349.691,279.105,1.0,361.841,276.041,1.0,833.407,575.989,1.0,830.703,567.683,1.0,824.617,557.664,1.0,819.463,553.073,1.0,816.685,541.442,1.0,467.163,833.287,1.0,470.85,828.826,1.0,479.679,822.044,1.0,485.049,815.776,1.0,492.999,803.737,1.0
142,742.326,471.598,1.0,734.453,469.069,1.0,727.595,458.956,1.0,716.209,455.674,1.0,708.91,456.372,1.0,685.638,680.772,1.0,679.49,673.507,1.0,673.465,665.724,1.0,666.406,660.401,1.0,663.741,651.644,1.0,325.634,276.319,1.0,335.391,274.621,1.0,341.457,276.406,1.0,346.236,279.973,1.0,357.055,276.041,1.0,834.077,576.194,1.0,833.737,567.805,1.0,824.779,558.787,1.0,820.451,553.272,1.0,817.795,542.631,1.0,458.295,834.52,1.0,467.535,828.901,1.0,476.297,823.868,1.0,478.131,815.893,1.0,489.822,809.524,1.0
143,746.383,475.638,1.0,735.972,469.921,1.0,729.561,461.285,1.0,723.535,455.669,1.0,711.662,457.141,1.0,687.828,681.454,1.0,681.215,678.527,1.0,677.874,668.478,1.0,666.819,662.11,1.0,663.741,655.621,1.0,325.548,276.319,1.0,334.533,274.048,1.0,340.893,276.226,1.0,345.242,280.555,1.0,354.988,276.347,1.0,839.411,578.309,1.0,833.737,568.552,1.0,827.585,565.118,1.0,821.733,557.538,1.0,819.48,551.304,1.0,458.295,834.638,1.0,467.189,829.121,1.0,476.198,824.05,1.0,477.968,817.115,1.0,489.63,809.903,1.0
144,746.918,475.734,1.0,736.129,470.442,1.0,730.076,463.6,1.0,725.203,455.674,1.0,713.432,458.537,1.0,687.828,685.153,1.0,681.215,678.527,1.0,677.874,669.073,1.0,667.164,664.715,1.0,664.367,655.718,1.0,325.401,275.733,1.0,333.788,272.666,1.0,340.659,274.254,1.0,344.023,280.555,1.0,352.953,276.978,1.0,839.411,578.879,1.0,833.968,570.668,1.0,827.619,567.106,1.0,821.878,558.735,1.0,819.821,553.317,1.0,458.039,834.854,1.0,465.964,829.121,1.0,475.347,825.254,1.0,477.575,817.115,1.0,489.407,810.791,1.0
145,746.959,475.814,1.0,736.872,470.779,1.0,730.222,463.6,1.0,725.219,456.207,1.0,714.455,458.537,1.0,687.828,685.436,1.0,681.281,679.867,1.0,678.15,670.022,1.0,668.995,664.851,1.0,665.04,658.464,1.0,321.343,275.462,1.0,327.899,269.427,1.0,336.568,272.696,1.0,341.888,280.555,1.0,351.276,277.039,1.0,839.411,578.917,1.0,833.968,571.397,1.0,828.511,567.165,1.0,822.339,558.908,1.0,820.05,553.317,1.0,457.936,839.306,1.0,465.964,833.29,1.0,473.034,828.385,1.0,475.113,822.612,1.0,485.39,814.424,1.0
146,747.494,476.236,1.0,737.531,470.779,1.0,730.315,464.707,1.0,725.474,457.412,1.0,714.539,458.537,1.0,686.268,686.257,1.0,681.281,680.133,1.0,678.681,672.84,1.0,670.387,665.081,1.0,665.083,661.386,1.0,318.764,271.402,1.0,326.587,267.194,1.0,330.768,270.129,1.0,341.537,276.288,1.0,348.963,277.482,1.0,838.303,581.156,1.0,834.717,572.063,1.0,829.214,568.495,1.0,822.339,559.553,1.0,822.662,553.607,1.0,455.317,841.433,1.0,465.964,836.132,1.0,470.626,829.694,1.0,474.814,822.896,1.0,482.973,815.349,1.0
147,748.457,476.767,1.0,739.027,470.455,1.0,734.164,464.707,1.0,726.444,460.325,1.0,716.285,458.623,1.0,686.18,687.494,1.0,685.483,680.376,1.0,679.619,674.968,1.0,673.077,670.68,1.0,667.134,662.617,1.0,318.173,271.215,1.0,325.332,266.784,1.0,330.548,270.129,1.0,341.414,275.034,1.0,348.184,276.978,1.0,838.303,589.785,1.0,836.817,578.233,1.0,832.518,568.687,1.0,822.837,561.43,1.0,825.106,555.3,1.0,455.317,841.433,1.0,467.361,836.685,1.0,469.404,830.485,1.0,474.814,822.911,1.0,482.005,817.177,1.0
148,750.297,477.074,1.0,742.213,470.455,1.0,736.293,466.999,1.0,727.604,461.005,1.0,719.17,459.114,1.0,685.624,688.599,1.0,687.174,680.376,1.0,680.583,675.676,1.0,676.191,671.802,1.0,669.53,662.617,1.0,318.13,270.994,1.0,325.109,266.089,1.0,329.933,270.129,1.0,340.151,275.034,1.0,348.101,276.978,1.0,838.303,591.416,1.0,836.817,579.273,1.0,832.555,574.039,1.0,824.956,564.669,1.0,826.175,557.243,1.0,454.988,841.433,1.0,467.361,837.901,1.0,469.05,831.262,1.0,474.814,823.317,1.0,481.991,818.395,1.0
149,751.53,477.074,1.0,746.127,470.455,1.0,740.456,468.931,1.0,727.705,462.191,1.0,723.913,460.583,1.0,685.414,688.754,1.0,687.489,680.885,1.0,682.727,675.801,1.0,678.046,672.246,1.0,671.292,664.266,1.0,315.448,269.918,1.0,322.273,265.99,1.0,327.352,273.827,1.0,336.893,275.034,1.0,347.755,275.758,1.0,839.31,591.416,1.0,837.429,579.678,1.0,832.555,574.828,1.0,825.102,565.139,1.0,826.58,557.266,1.0,454.988,840.128,1.0,467.361,838.434,1.0,468.021,831.262,1.0,475.336,823.317,1.0,481.991,819.885,1.0
150,751.734,482.567,1.0,746.653,470.373,1.0,740.938,469.237,1.0,728.291,462.44,1.0,724.283,460.583,1.0,685.624,689.762,1.0,687.489,682.056,1.0,683.637,676.043,1.0,679.13,672.49,1.0,671.493,665.144,1.0,314.63,261.776,1.0,320.498,263.813,1.0,325.237,273.842,1.0,332.146,274.804,1.0,339.925,272.722,1.0,839.666,591.416,1.0,837.695,580.263,1.0,832.555,574.944,1.0,826.056,565.151,1.0,826.78,557.346,1.0,453.056,839.759,1.0,465.333,838.868,1.0,467.13,831.262,1.0,475.336,823.769,1.0,481.365,820.145,1.0
151,751.906,482.765,1.0,747.929,470.212,1.0,741.029,470.103,1.0,728.291,462.493,1.0,724.625,460.583,1.0,685.624,691.21,1.0,687.5,682.909,1.0,683.984,677.058,1.0,679.13,672.849,1.0,671.688,666.181,1.0,314.087,260.048,1.0,319.015,263.761,1.0,324.012,273.842,1.0,330.293,274.69,1.0,338.703,272.268,1.0,844.008,591.087,1.0,839.132,581.538,1.0,832.555,575.012,1.0,826.441,567.936,1.0,826.876,558.658,1.0,451.231,839.536,1.0,463.748,839.157,1.0,466.606,832.422,1.0,475.336,824.564,1.0,481.121,820.547,1.0
152,752.714,482.567,1.0,748.994,470.044,1.0,741.971,470.459,1.0,729.036,463.838,1.0,726.616,460.682,1.0,691.802,698.9,1.0,687.5,686.16,1.0,685.713,682.211,1.0,679.13,675.809,1.0,672.557,667.94,1.0,314.087,259.743,1.0,319.015,263.761,1.0,323.711,273.827,1.0,329.512,274.69,1.0,338.128,272.042,1.0,845.722,591.087,1.0,839.979,584.737,1.0,834.374,579.646,1.0,829.943,571.938,1.0,831.125,561.026,1.0,450.881,839.241,1.0,463.318,839.824,1.0,465.813,832.815,1.0,475.13,825.257,1.0,480.231,820.684,1.0
153,754.127,482.305,1.0,750.797,470.044,1.0,742.934,470.773,1.0,730.618,465.061,1.0,728.307,460.682,1.0,695.525,700.152,1.0,688.371,690.901,1.0,685.85,682.447,1.0,679.99,676.752,1.0,674.326,668.591,1.0,313.295,259.226,1.0,318.928,262.886,1.0,322.401,272.127,1.0,326.617,273.205,1.0,337.663,271.631,1.0,846.412,591.087,1.0,840.826,585.83,1.0,834.843,581.283,1.0,829.994,575.173,1.0,831.312,564.183,1.0,447.78,836.999,1.0,462.37,839.878,1.0,465.813,833.141,1.0,475.13,825.337,1.0,479.525,821.083,1.0
154,760.248,482.305,1.0,753.828,470.044,1.0,744.05,470.773,1.0,732.036,466.544,1.0,729.242,460.847,1.0,695.577,701.467,1.0,688.371,691.627,1.0,686.416,682.514,1.0,677.686,677.703,1.0,675.031,669.004,1.0,312.765,258.503,1.0,318.515,262.586,1.0,322.074,269.578,1.0,326.617,267.168,1.0,336.8,271.631,1.0,846.927,592.386,1.0,841.49,586.901,1.0,835.385,581.907,1.0,830.439,576.311,1.0,831.312,565.171,1.0,447.78,836.999,1.0,462.314,839.878,1.0,465.813,833.324,1.0,475.13,825.613,1.0,479.438,821.672,1.0
155,764.157,478.842,1.0,757.42,470.482,1.0,746.68,474.983,1.0,739.144,473.495,1.0,729.27,463.607,1.0,695.765,702.593,1.0,690.517,692.405,1.0,686.769,683.206,1.0,677.686,678.484,1.0,677.025,669.313,1.0,311.827,258.503,1.0,318.245,261.787,1.0,319.459,264.19,1.0,326.617,266.364,1.0,335.376,271.631,1.0,847.062,593.296,1.0,841.508,586.903,1.0,835.698,582.234,1.0,830.538,576.587,1.0,831.75,565.72,1.0,450.607,839.536,1.0,462.37,839.824,1.0,465.876,833.324,1.0,475.568,826.024,1.0,479.369,821.457,1.0
156,765.001,478.842,1.0,757.868,471.397,1.0,747.029,475.159,1.0,739.63,474.246,1.0,729.744,464.783,1.0,695.765,702.7,1.0,692.155,692.431,1.0,688.641,683.206,1.0,679.99,679.826,1.0,677.543,670.69,1.0,311.827,257.929,1.0,316.275,261.54,1.0,318.181,264.19,1.0,325.237,266.364,1.0,335.319,271.631,1.0,850.302,597.996,1.0,845.549,591.842,1.0,836.919,584.528,1.0,832.83,578.143,1.0,831.75,567.973,1.0,450.607,839.542,1.0,462.37,839.149,1.0,466.57,834.127,1.0,475.622,826.561,1.0,479.366,821.858,1.0
157,765.044,478.079,1.0,757.877,472.09,1.0,747.199,475.159,1.0,740.414,474.246,1.0,730.236,465.685,1.0,697.377,703.063,1.0,693.931,693.687,1.0,688.707,687.442,1.0,683.843,680.233,1.0,677.799,675.178,1.0,311.799,257.929,1.0,315.722,261.201,1.0,317.561,263.435,1.0,325.237,266.364,1.0,333.86,271.631,1.0,852.456,603.77,1.0,845.711,594.533,1.0,842.266,587.821,1.0,837.126,582.921,1.0,832.786,568.439,1.0,454.179,841.514,1.0,462.477,839.148,1.0,467.405,834.387,1.0,476.018,826.719,1.0,479.366,821.976,1.0
158,766.321,477.413,1.0,759.349,472.195,1.0,748.492,475.925,1.0,741.947,474.246,1.0,731.093,466.119,1.0,698.05,704.246,1.0,694.792,697.905,1.0,689.114,692.624,1.0,685.034,685.587,1.0,680.112,680.249,1.0,309.475,257.738,1.0,310.988,257.984,1.0,316.246,262.224,1.0,325.237,266.364,1.0,333.86,268.111,1.0,852.76,605.566,1.0,847.661,595.598,1.0,842.995,588.641,1.0,839.067,584.569,1.0,832.9,572.61,1.0,454.504,841.514,1.0,462.477,839.067,1.0,467.766,834.646,1.0,476.433,826.736,1.0,479.369,821.976,1.0
159,767.447,477.036,1.0,760.494,472.534,1.0,749.611,475.925,1.0,742.61,473.759,1.0,733.642,466.366,1.0,698.319,704.621,1.0,695.551,698.439,1.0,689.883,692.674,1.0,685.034,685.707,1.0,680.901,680.459,1.0,305.354,255.852,1.0,308.944,254.722,1.0,313.115,261.973,1.0,322.54,265.033,1.0,332.855,268.111,1.0,852.76,605.642,1.0,847.661,596.272,1.0,843.165,589.01,1.0,839.262,584.569,1.0,833.214,573.666,1.0,454.504,841.514,1.0,462.477,839.148,1.0,467.766,834.956,1.0,476.433,827.342,1.0,480.596,823.284,1.0
160,771.884,476.287,1.0,763.478,473.73,1.0,755.941,475.925,1.0,745.265,473.678,1.0,736.878,467.57,1.0,698.357,704.865,1.0,696.088,698.501,1.0,691.035,693.019,1.0,685.34,685.977,1.0,682.133,680.599,1.0,302.272,255.088,1.0,307.721,251.867,1.0,309.881,260.564,1.0,318.581,262.142,1.0,330.266,268.111,1.0,852.456,606.719,1.0,847.661,596.453,1.0,843.231,589.197,1.0,839.528,584.638,1.0,833.584,574.461,1.0,454.504,839.134,1.0,461.459,839.148,1.0,467.766,835.47,1.0,476.433,827.675,1.0,480.967,823.792,1.0
161,772.621,476.287,1.0,764.336,474.016,1.0,756.562,476.134,1.0,746.121,471.892,1.0,736.956,468.161,1.0,699.823,705.391,1.0,696.71,699.372,1.0,692.355,694.063,1.0,685.641,688.27,1.0,682.44,681.428,1.0,301.975,254.798,1.0,307.563,251.867,1.0,309.881,259.907,1.0,318.365,262.142,1.0,325.768,268.111,1.0,850.387,608.703,1.0,849.407,599.455,1.0,845.039,589.519,1.0,839.682,584.783,1.0,835.431,577.101,1.0,452.306,838.006,1.0,460.777,838.893,1.0,467.644,836.677,1.0,475.725,828.758,1.0,484.501,824.048,1.0
162,773.583,476.287,1.0,766.847,480.042,1.0,757.188,477.077,1.0,746.488,471.892,1.0,737.679,469.953,1.0,702.286,708.051,1.0,699.948,705.382,1.0,694.577,694.964,1.0,686.661,691.144,1.0,682.751,684.603,1.0,301.801,254.63,1.0,307.186,251.61,1.0,309.881,259.253,1.0,317.667,262.142,1.0,324.378,268.111,1.0,850.387,609.455,1.0,851.421,600.301,1.0,846.973,595.482,1.0,840.042,586.745,1.0,837.801,581.268,1.0,450.954,837.982,1.0,459.985,838.893,1.0,467.568,836.694,1.0,475.269,828.782,1.0,484.501,824.453,1.0
163,774.21,478.137,1.0,766.897,481.117,1.0,757.468,477.237,1.0,746.506,471.892,1.0,737.708,471.283,1.0,708.706,715.086,1.0,705.34,708.678,1.0,695.916,702.915,1.0,692.775,697.061,1.0,684.692,686.332,1.0,298.498,253.636,1.0,305.247,251.61,1.0,309.809,255.037,1.0,314.356,265.729,1.0,322.061,267.77,1.0,850.387,610.31,1.0,851.421,601.125,1.0,847.141,596.544,1.0,840.415,587.418,1.0,838.215,582.42,1.0,446.95,836.448,1.0,459.684,839.262,1.0,467.118,836.694,1.0,474.972,828.872,1.0,484.501,824.048,1.0
164,775.485,484.088,1.0,770.546,483.278,1.0,759.781,477.938,1.0,747.022,472.466,1.0,742.647,471.283,1.0,709.331,715.544,1.0,705.34,708.75,1.0,697.293,703.085,1.0,693.458,697.227,1.0,684.692,686.819,1.0,293.17,253.636,1.0,302.813,251.046,1.0,309.809,251.68,1.0,309.073,265.729,1.0,320.259,266.762,1.0,850.387,611.202,1.0,851.421,601.662,1.0,847.141,596.844,1.0,840.572,587.613,1.0,839.173,582.555,1.0,442.873,835.069,1.0,450.479,840.467,1.0,464.189,836.694,1.0,471.411,834.325,1.0,476.309,824.466,1.0
165,781.399,491.109,1.0,771.839,486.174,1.0,766.089,478.217,1.0,757.18,476.764,1.0,747.273,471.509,1.0,709.634,716.273,1.0,705.34,709.044,1.0,697.654,703.085,1.0,693.738,697.227,1.0,684.814,687.028,1.0,293.17,253.579,1.0,302.51,250.514,1.0,309.138,251.68,1.0,308.151,265.729,1.0,320.259,266.762,1.0,850.571,619.836,1.0,851.421,607.926,1.0,847.141,599.497,1.0,840.572,590.431,1.0,840.64,584.829,1.0,442.873,834.574,1.0,450.479,840.818,1.0,463.925,837.052,1.0,471.411,834.325,1.0,475.449,824.89,1.0
166,781.399,491.109,1.0,771.839,486.289,1.0,766.089,478.81,1.0,757.503,477.263,1.0,748.613,471.509,1.0,709.634,716.273,1.0,706.15,709.044,1.0,699.152,703.161,1.0,695.134,697.407,1.0,684.903,688.076,1.0,293.088,253.579,1.0,302.085,250.163,1.0,308.631,251.68,1.0,307.735,265.213,1.0,319.211,266.275,1.0,851.146,624.247,1.0,851.421,612.515,1.0,847.5,605.346,1.0,842.16,594.458,1.0,840.727,585.983,1.0,441.696,834.574,1.0,449.818,840.818,1.0,463.307,837.267,1.0,471.411,834.325,1.0,474.309,824.89,1.0
167,781.399,491.109,1.0,772.03,486.732,1.0,766.163,479.469,1.0,757.915,477.263,1.0,749.513,471.509,1.0,709.331,716.273,1.0,704.915,708.75,1.0,701.285,703.374,1.0,695.134,697.407,1.0,685.346,693.779,1.0,292.689,246.04,1.0,300.043,249.655,1.0,304.875,253.533,1.0,306.541,263.419,1.0,317.609,264.396,1.0,851.611,624.592,1.0,850.947,612.634,1.0,848.402,606.422,1.0,842.302,596.729,1.0,841.544,589.471,1.0,442.723,834.275,1.0,450.167,840.966,1.0,463.307,837.267,1.0,473.05,831.436,1.0,474.309,824.89,1.0
168,781.399,484.273,1.0,772.6,486.851,1.0,766.167,479.499,1.0,757.991,477.263,1.0,750.068,471.887,1.0,709.14,717.058,1.0,704.915,708.572,1.0,701.285,704.428,1.0,695.134,697.407,1.0,685.823,695.089,1.0,288.02,244.222,1.0,293.4,246.094,1.0,299.986,253.634,1.0,306.541,255.031,1.0,314.729,263.576,1.0,851.787,624.592,1.0,851.827,612.793,1.0,848.48,607.538,1.0,842.667,596.992,1.0,842.088,589.92,1.0,442.873,834.266,1.0,450.479,840.966,1.0,463.307,837.275,1.0,473.05,831.127,1.0,474.309,824.89,1.0
169,781.612,481.616,1.0,774.298,486.851,1.0,766.163,481.658,1.0,758.18,477.263,1.0,750.661,472.09,1.0,707.299,717.326,1.0,705.187,708.572,1.0,701.285,704.737,1.0,694.816,697.407,1.0,686.264,695.327,1.0,287.545,243.547,1.0,293.211,246.094,1.0,299.74,253.634,1.0,306.143,255.031,1.0,314.319,262.164,1.0,852.363,624.781,1.0,852.931,614.153,1.0,848.785,608.487,1.0,842.933,597.957,1.0,842.745,590.208,1.0,442.877,834.228,1.0,450.167,840.766,1.0,463.307,837.334,1.0,473.05,831.094,1.0,474.477,824.853,1.0
170,781.938,475.437,1.0,776.151,486.851,1.0,767.802,482.356,1.0,759.321,477.263,1.0,751.262,472.591,1.0,707.299,717.326,1.0,705.187,708.572,1.0,701.195,705.96,1.0,694.74,698.809,1.0,686.264,695.828,1.0,286.818,243.206,1.0,293.055,246.094,1.0,299.637,253.533,1.0,306.143,253.576,1.0,314.002,262.075,1.0,860.296,625.529,1.0,854.306,617.288,1.0,848.785,611.593,1.0,844.91,600.056,1.0,843.012,591.247,1.0,443.172,833.423,1.0,449.871,839.594,1.0,463.154,837.986,1.0,472.003,831.127,1.0,474.477,824.791,1.0
171,788.289,474.686,1.0,781.491,486.47,1.0,768.611,482.685,1.0,759.321,477.454,1.0,752.816,475.12,1.0,707.127,717.864,1.0,705.187,708.783,1.0,701.022,706.021,1.0,694.74,699.037,1.0,686.264,696.161,1.0,283.305,242.823,1.0,293.14,247.401,1.0,297.283,252.098,1.0,305.825,252.97,1.0,308.906,257.39,1.0,860.48,626.45,1.0,855.243,620.213,1.0,849.709,613.712,1.0,845.404,605.133,1.0,844.906,596.499,1.0,443.172,831.797,1.0,449.871,836.818,1.0,462.599,838.738,1.0,471.253,831.127,1.0,474.477,823.877,1.0
172,792.744,473.773,1.0,783.369,486.47,1.0,768.855,483.197,1.0,758.542,477.611,1.0,755.695,475.653,1.0,707.127,719.98,1.0,705.187,710.288,1.0,701.022,707.281,1.0,694.61,699.598,1.0,686.38,696.161,1.0,283.19,242.823,1.0,289.536,249.721,1.0,296.767,251.556,1.0,303.26,252.853,1.0,307.318,257.354,1.0,860.956,626.503,1.0,855.728,620.37,1.0,849.897,614.749,1.0,846.096,607.806,1.0,845.076,598.246,1.0,443.172,831.428,1.0,448.091,833.594,1.0,461.353,838.738,1.0,470.459,831.662,1.0,474.441,823.547,1.0
173,792.806,473.773,1.0,783.821,486.47,1.0,769.719,485.111,1.0,758.542,479.662,1.0,755.726,475.653,1.0,707.127,722.832,1.0,703.932,715.796,1.0,701.195,708.97,1.0,694.72,702.694,1.0,686.781,696.539,1.0,283.19,242.823,1.0,289.373,250.099,1.0,296.021,251.556,1.0,302.025,252.654,1.0,306.912,257.354,1.0,860.956,626.665,1.0,856.651,621.168,1.0,850.34,614.886,1.0,846.096,609.985,1.0,845.551,599.509,1.0,442.489,831.428,1.0,447.731,833.594,1.0,461.335,838.738,1.0,469.53,832.082,1.0,474.302,823.547,1.0
174,792.861,473.773,1.0,783.947,488.419,1.0,770.28,485.111,1.0,759.456,479.662,1.0,755.764,475.653,1.0,705.817,732.749,1.0,703.932,722.377,1.0,703.465,713.954,1.0,694.74,704.552,1.0,690.723,698.511,1.0,282.018,245.881,1.0,288.955,250.099,1.0,296.021,251.556,1.0,301.513,252.12,1.0,306.902,257.094,1.0,862.927,633.864,1.0,860.236,626.935,1.0,855.581,615.508,1.0,850.146,614.375,1.0,845.825,599.618,1.0,442.243,831.428,1.0,447.459,833.594,1.0,460.006,836.8,1.0,469.378,832.522,1.0,473.879,823.877,1.0
175,792.806,480.374,1.0,785.151,488.504,1.0,770.64,485.111,1.0,759.456,480.307,1.0,756.318,475.51,1.0,705.817,733.445,1.0,706.281,723.318,1.0,703.748,714.313,1.0,695.485,707.688,1.0,691.723,698.597,1.0,282.103,252.962,1.0,288.955,247.401,1.0,296.634,251.98,1.0,301.513,252.12,1.0,306.902,257.094,1.0,870.079,636.494,1.0,860.925,630.265,1.0,857.514,622.352,1.0,853.74,614.68,1.0,845.825,605.928,1.0,438.334,832.849,1.0,447.168,833.745,1.0,455.618,835.452,1.0,466.122,832.522,1.0,473.651,824.372,1.0
176,792.744,485.854,1.0,785.151,488.504,1.0,773.639,483.853,1.0,760.054,480.564,1.0,758.203,475.061,1.0,705.781,733.593,1.0,706.584,723.97,1.0,704.472,714.406,1.0,695.927,707.801,1.0,693.462,698.597,1.0,282.103,253.182,1.0,288.955,248.797,1.0,296.634,251.98,1.0,301.513,252.12,1.0,306.665,257.094,1.0,870.624,637.21,1.0,862.508,632.163,1.0,857.762,622.424,1.0,854.285,616.696,1.0,847.706,607.102,1.0,436.959,832.849,1.0,443.487,833.745,1.0,453.544,834.631,1.0,460.365,836.95,1.0,472.123,829.365,1.0
177,789.574,493.747,1.0,784.439,488.504,1.0,775.116,483.853,1.0,760.426,480.564,1.0,758.276,475.061,1.0,705.781,733.87,1.0,707.167,724.281,1.0,704.495,717.675,1.0,696.793,708.393,1.0,695.205,699.838,1.0,282.018,253.19,1.0,288.791,248.797,1.0,296.021,251.98,1.0,300.806,251.019,1.0,306.277,255.923,1.0,871.422,637.214,1.0,863.219,632.209,1.0,857.803,622.455,1.0,854.943,617.821,1.0,848.599,609.317,1.0,436.858,832.849,1.0,443.43,833.745,1.0,453.154,833.831,1.0,459.958,836.95,1.0,471.426,830.447,1.0
178,789.574,495.664,1.0,784.959,486.836,1.0,775.116,483.853,1.0,760.66,481.217,1.0,758.276,475.061,1.0,706.448,734.394,1.0,707.239,724.99,1.0,704.83,720.306,1.0,697.764,709.688,1.0,695.77,701.383,1.0,278.108,257.112,1.0,288.791,248.797,1.0,294.232,251.745,1.0,298.975,250.584,1.0,306.201,255.255,1.0,872.081,639.431,1.0,863.219,633.363,1.0,861.868,624.185,1.0,855.395,618.507,1.0,848.728,611.491,1.0,436.289,830.439,1.0,443.024,832.536,1.0,452.086,832.084,1.0,458.548,836.95,1.0,469.828,830.691,1.0
179,789.574,495.686,1.0,784.959,486.836,1.0,775.666,484.66,1.0,761.333,482.448,1.0,758.384,475.87,1.0,713.449,735.377,1.0,708.386,727.725,1.0,704.83,720.761,1.0,701.35,710.652,1.0,695.991,703.93,1.0,278.096,257.112,1.0,288.325,248.797,1.0,292.984,251.702,1.0,298.189,250.584,1.0,306.01,255.255,1.0,872.182,642.627,1.0,871.014,633.389,1.0,863.666,629.314,1.0,856.286,620.993,1.0,852.374,614.653,1.0,426.834,829.754,1.0,436.067,826.944,1.0,446.75,831.859,1.0,457.11,834.956,1.0,466.236,834.3,1.0
180,790.651,497.212,1.0,784.959,486.836,1.0,776.946,485.525,1.0,766.536,487.218,1.0,759.534,477.972,1.0,713.616,737.726,1.0,709.857,729.493,1.0,706.006,722.979,1.0,701.384,715.525,1.0,699.547,709.09,1.0,277.046,257.112,1.0,287.347,248.797,1.0,292.256,251.446,1.0,298.189,250.584,1.0,305.967,255.132,1.0,872.404,643.475,1.0,871.027,637.655,1.0,863.666,630.249,1.0,857.314,621.664,1.0,856.78,614.838,1.0,426.691,829.159,1.0,434.884,826.706,1.0,445.536,830.994,1.0,456.483,832.367,1.0,463.308,835.086,1.0
181,791.262,497.212,1.0,786.942,489.218,1.0,778.215,490.282,1.0,770.787,489.314,1.0,761.235,477.972,1.0,713.779,737.897,1.0,710.179,730.504,1.0,706.062,723.312,1.0,701.384,717.191,1.0,699.547,709.845,1.0,277.046,256.268,1.0,287.347,248.543,1.0,292.256,251.446,1.0,298.172,251.145,1.0,305.955,254.871,1.0,872.515,643.767,1.0,871.136,638.029,1.0,863.836,632.315,1.0,857.742,622.178,1.0,856.992,615.003,1.0,425.936,829.159,1.0,434.149,826.206,1.0,444.582,830.512,1.0,454.084,832.367,1.0,463.279,835.086,1.0
182,791.421,499.119,1.0,787.01,490.263,1.0,779.039,490.555,1.0,772.062,489.439,1.0,762.74,478.408,1.0,713.78,738.008,1.0,710.933,731.459,1.0,706.298,723.906,1.0,701.449,718.611,1.0,699.668,711.529,1.0,278.096,256.232,1.0,288.057,248.4,1.0,292.256,251.446,1.0,298.172,251.217,1.0,305.955,254.982,1.0,872.515,644.665,1.0,872.244,638.071,1.0,863.836,632.627,1.0,857.822,623.056,1.0,857.014,615.763,1.0,425.821,829.159,1.0,432.325,826.18,1.0,444.179,830.512,1.0,454.084,830.29,1.0,462.304,835.086,1.0
183,792.762,499.292,1.0,787.507,490.977,1.0,779.721,491.064,1.0,773.584,489.439,1.0,764.433,479.234,1.0,714.414,738.528,1.0,711.375,734.669,1.0,706.68,726.437,1.0,701.846,720.048,1.0,699.747,713.572,1.0,279.302,246.168,1.0,288.057,248.231,1.0,292.351,251.446,1.0,297.918,251.217,1.0,305.955,254.982,1.0,876.19,652.78,1.0,873.185,645.407,1.0,868.309,634.806,1.0,859.243,629.122,1.0,857.635,621.176,1.0,425.526,828.924,1.0,431.756,826.18,1.0,443.685,830.226,1.0,449.908,830.29,1.0,459.025,834.318,1.0
184,792.762,501.793,1.0,787.676,498.662,1.0,780.426,492.086,1.0,774.516,489.439,1.0,767.244,480.048,1.0,714.75,748.877,1.0,713.761,739.062,1.0,710.013,729.324,1.0,703.824,724.822,1.0,699.747,717.62,1.0,279.302,245.301,1.0,288.057,248.231,1.0,292.256,251.18,1.0,297.904,251.217,1.0,305.384,254.871,1.0,876.27,653.727,1.0,873.474,646.263,1.0,870.148,639.878,1.0,863.21,630.598,1.0,859.473,623.305,1.0,425.526,828.924,1.0,431.756,826.206,1.0,443.685,828.277,1.0,449.706,829.748,1.0,458.212,834.157,1.0
185,796.151,509.249,1.0,789.446,501.131,1.0,783.774,492.086,1.0,775.968,489.439,1.0,768.801,485.134,1.0,715.182,749.269,1.0,714.06,742.546,1.0,711.13,733.492,1.0,705.73,728.176,1.0,701.341,719.157,1.0,279.302,245.072,1.0,288.057,248.231,1.0,292.19,250.893,1.0,297.551,250.731,1.0,305.274,254.553,1.0,876.618,654.062,1.0,873.644,646.549,1.0,870.716,640.716,1.0,863.334,632.508,1.0,861.052,624.209,1.0,425.286,830.423,1.0,432.325,827.862,1.0,442.223,827.963,1.0,448.809,831.651,1.0,457.828,834.157,1.0
186,796.892,509.518,1.0,790.809,501.223,1.0,784.285,493.804,1.0,776.678,490.077,1.0,769.632,485.166,1.0,715.732,749.83,1.0,715.476,742.605,1.0,711.53,733.503,1.0,706.724,728.219,1.0,701.341,719.841,1.0,277.166,244.374,1.0,288.057,248.797,1.0,292.012,249.211,1.0,297.171,250.214,1.0,304.806,254.199,1.0,876.828,654.062,1.0,874.107,646.692,1.0,870.871,640.761,1.0,863.601,632.561,1.0,861.137,624.956,1.0,425.459,828.924,0.9990000128746033,432.801,828.057,1.0,441.786,827.931,1.0,448.566,831.651,1.0,457.742,834.157,1.0
187,796.892,509.787,1.0,790.829,502.13,1.0,784.567,495.305,1.0,777.553,490.213,1.0,769.72,485.319,1.0,715.732,750.478,1.0,716.144,743.542,1.0,711.825,734.122,1.0,707.23,728.273,1.0,702.317,720.307,1.0,277.166,244.312,1.0,288.083,248.797,1.0,292.012,248.503,1.0,297.171,249.49,1.0,304.806,253.909,1.0,876.924,656.958,1.0,875.524,650.211,1.0,870.871,644.422,1.0,864.394,639.117,1.0,861.49,630.095,1.0,425.098,828.924,1.0,432.801,828.057,1.0,441.786,827.629,1.0,448.092,831.935,1.0,457.742,834.302,1.0
188,797.352,510.261,1.0,791.015,503.138,1.0,785.52,498.312,1.0,777.754,492.22,1.0,770.148,488.044,1.0,716.5,750.547,1.0,716.17,744.412,1.0,712.307,735.625,1.0,707.44,728.273,1.0,702.61,722.987,1.0,277.166,244.312,1.0,288.109,248.797,1.0,292.012,248.503,1.0,297.171,249.49,1.0,304.806,253.909,1.0,879.485,669.077,1.0,880.156,659.666,1.0,872.99,651.053,1.0,869.153,644.752,1.0,862.895,633.559,1.0,425.459,830.573,1.0,433.487,827.862,1.0,441.786,827.561,1.0,447.72,831.935,1.0,457.742,834.302,1.0
189,797.352,511.887,1.0,791.285,506.915,1.0,788.26,500.457,1.0,780.27,496.319,1.0,775.377,489.293,1.0,718.669,753.288,1.0,717.052,746.72,1.0,712.512,740.127,1.0,708.163,733.71,1.0,702.901,729.144,1.0,278.871,244.312,1.0,288.109,248.708,1.0,292.217,248.503,1.0,297.229,249.49,1.0,305.245,253.909,1.0,879.494,669.184,1.0,880.628,659.669,1.0,873.041,652.352,1.0,869.677,646.072,1.0,864.053,634.158,1.0,424.976,828.276,1.0,432.801,826.632,1.0,441.586,827.51,1.0,447.72,831.935,1.0,457.742,834.373,1.0
190,797.153,514.45,1.0,797.526,511.475,1.0,790.059,501.301,1.0,781.051,498.584,1.0,775.553,491.243,1.0,719.263,755.688,1.0,719.793,749.514,1.0,712.536,742.448,1.0,711.301,736.819,1.0,704.017,729.144,1.0,283.654,244.482,1.0,288.349,248.341,1.0,294.259,250.69,1.0,297.608,250.034,1.0,305.898,255.213,1.0,879.996,669.195,1.0,881.004,660.258,1.0,873.84,653.016,1.0,869.684,646.836,1.0,864.239,634.887,1.0,424.507,827.87,0.9980000257492065,430.438,826.107,1.0,439.616,827.13,1.0,447.1,826.887,1.0,457.527,834.373,1.0
191,797.529,514.633,1.0,800.039,511.781,1.0,791.318,504.05,1.0,784.003,498.631,1.0,777.745,492.486,1.0,719.649,756.283,1.0,720.229,749.656,1.0,713.519,742.715,1.0,711.485,737.021,1.0,704.358,729.144,1.0,284.816,244.482,1.0,288.791,246.849,1.0,294.259,250.69,1.0,297.608,250.034,1.0,305.898,255.905,1.0,885.674,669.195,1.0,882.241,660.701,1.0,874.342,653.793,1.0,870.803,648.598,1.0,864.548,639.706,1.0,422.887,821.279,1.0,429.485,826.062,1.0,437.849,825.965,1.0,445.774,826.624,1.0,456.958,834.373,1.0
192,797.734,515.452,1.0,801.279,512.074,1.0,791.584,504.808,1.0,785.953,499.761,1.0,778.521,492.516,1.0,719.847,757.988,1.0,720.229,752.902,1.0,713.826,746.093,1.0,711.485,738.709,1.0,708.078,729.827,1.0,286.116,244.482,1.0,288.349,246.849,1.0,294.396,250.69,1.0,297.608,250.135,1.0,305.898,256.071,1.0,887.207,670.883,1.0,883.384,662.418,1.0,878.632,657.304,1.0,871.291,648.72,1.0,864.548,644.734,1.0,422.462,820.557,1.0,428.693,823.458,1.0,437.445,825.478,1.0,440.342,825.152,1.0,454.572,834.342,1.0
193,799.132,524.197,1.0,801.279,514.396,1.0,791.831,508.466,1.0,786.498,503.76,1.0,778.555,494.424,1.0,725.666,762.834,1.0,720.229,756.081,1.0,715.468,747.985,1.0,711.485,739.667,1.0,708.492,729.827,1.0,286.412,241.937,1.0,287.557,246.849,1.0,294.396,250.367,1.0,296.55,250.135,1.0,305.296,256.071,1.0,889.129,671.494,1.0,883.833,662.493,1.0,879.919,658.792,1.0,872.023,650.639,1.0,865.825,645.66,1.0,414.837,818.076,1.0,421.283,823.092,1.0,434.555,823.585,1.0,440.798,825.152,1.0,454.572,834.342,1.0
194,803.531,524.197,1.0,801.736,517.277,1.0,794.628,510.439,1.0,790.608,503.76,1.0,782.203,496.421,1.0,726.13,762.876,1.0,717.337,759.404,1.0,716.827,748.36,1.0,711.595,740.326,1.0,709.245,729.827,1.0,286.412,241.683,1.0,287.557,247.836,1.0,294.076,248.65,1.0,296.09,249.647,1.0,305.223,255.905,1.0,889.306,671.764,1.0,883.833,662.797,1.0,880.162,659.482,1.0,872.023,651.734,1.0,866.126,646.612,1.0,413.562,818.076,1.0,421.157,822.484,1.0,434.074,823.396,1.0,440.342,825.099,1.0,450.545,833.801,1.0
195,803.704,524.93,1.0,801.279,517.396,1.0,796.028,510.825,1.0,791.183,503.845,1.0,782.549,499.855,1.0,726.246,765.107,1.0,717.337,759.473,1.0,716.917,748.36,1.0,710.881,743.583,1.0,710.034,733.65,1.0,286.422,241.127,1.0,286.957,247.836,1.0,293.749,248.54,1.0,295.732,249.184,1.0,304.628,255.662,1.0,890.8,673.466,1.0,885.697,665.633,1.0,880.768,662.718,1.0,873.598,654.314,1.0,869.797,647.667,1.0,413.257,817.934,1.0,419.512,822.484,1.0,433.539,822.254,1.0,440.318,824.419,1.0,449.292,832.766,1.0
196,805.824,526.363,1.0,800.575,518.228,1.0,798.537,511.774,1.0,791.59,505.391,1.0,783.146,500.154,1.0,726.919,765.186,1.0,717.337,759.735,1.0,717.177,748.36,1.0,710.623,743.709,1.0,710.78,733.986,1.0,286.695,241.127,1.0,286.887,247.836,1.0,293.749,248.303,1.0,295.712,248.241,1.0,304.781,254.751,1.0,893.392,675.561,1.0,890.154,673.296,1.0,883.701,663.021,1.0,875.494,657.934,1.0,871.709,650.453,1.0,412.57,817.934,1.0,418.581,821.875,1.0,432.622,822.254,1.0,440.279,824.296,1.0,449.065,832.766,1.0
197,806.174,526.363,1.0,800.575,519.034,1.0,800.207,513.124,1.0,792.158,505.391,1.0,783.266,501.917,1.0,726.919,765.797,1.0,717.748,759.735,1.0,717.77,748.36,1.0,710.881,743.737,1.0,710.78,734.399,1.0,288.019,238.632,1.0,286.532,244.831,1.0,291.931,247.35,1.0,295.094,247.901,1.0,304.559,254.413,1.0,894.503,681.332,1.0,890.433,674.499,1.0,884.47,663.627,1.0,875.855,659.729,1.0,872.83,651.786,1.0,410.841,817.762,1.0,418.581,821.412,1.0,431.572,822.254,1.0,439.423,824.224,1.0,448.682,832.605,1.0
198,806.289,526.363,1.0,801.736,519.034,1.0,800.207,515.506,1.0,792.167,508.08,1.0,784.699,503.46,1.0,726.919,766.243,1.0,718.579,760.013,1.0,717.794,748.36,1.0,712.056,744.561,1.0,710.233,735.454,1.0,290.102,237.355,1.0,286.532,244.23,1.0,291.813,247.35,1.0,294.922,247.546,1.0,304.559,254.413,1.0,895.159,681.853,1.0,892.032,675.044,1.0,885.39,663.857,1.0,876.185,660.127,1.0,873.551,652.162,1.0,409.039,817.624,1.0,418.581,818.907,1.0,429.17,822.254,1.0,438.895,824.224,1.0,445.491,832.605,1.0
199,807.799,533.956,1.0,803.869,525.686,1.0,800.25,518.369,1.0,792.392,509.928,1.0,791.267,504.444,1.0,726.246,766.464,1.0,722.832,760.013,1.0,719.124,753.556,1.0,714.339,744.726,1.0,710.233,739.336,1.0,290.441,235.711,1.0,286.363,241.943,1.0,290.774,247.35,1.0,294.429,247.022,1.0,303.993,254.413,1.0,895.159,685.053,1.0,895.81,677.859,1.0,888.097,669.301,1.0,881.094,665.935,1.0,874.97,654.937,1.0,406.534,817.624,1.0,418.843,815.231,1.0,425.118,821.908,1.0,434.871,824.224,1.0,443.19,829.901,1.0
200,808.374,533.956,1.0,806.007,525.686,1.0,800.545,518.369,1.0,793.693,509.928,1.0,791.277,505.191,1.0,726.706,770.027,1.0,724.284,761.853,1.0,719.124,756.422,1.0,714.339,748.248,1.0,711.161,742.879,1.0,290.505,234.158,1.0,286.363,240.951,1.0,290.771,251.989,1.0,294.107,247.022,1.0,303.0,256.169,1.0,895.159,685.688,1.0,896.109,677.889,1.0,889.815,672.584,1.0,883.65,667.112,1.0,879.037,659.43,1.0,406.435,817.624,1.0,418.843,814.877,1.0,424.758,821.908,1.0,432.877,824.094,1.0,441.935,829.901,1.0
201,808.886,540.259,1.0,808.191,525.964,1.0,803.992,518.441,1.0,795.546,510.199,1.0,791.277,505.191,1.0,726.706,772.516,1.0,724.52,764.693,1.0,719.124,756.806,1.0,714.339,749.429,1.0,713.407,742.917,1.0,290.505,233.612,1.0,286.363,240.536,1.0,290.771,252.202,1.0,294.077,246.943,1.0,302.856,256.169,1.0,895.159,686.067,1.0,896.212,677.889,1.0,890.191,673.588,1.0,884.01,667.291,1.0,879.501,660.175,1.0,405.835,817.624,1.0,418.843,814.877,1.0,423.275,821.825,1.0,431.179,824.094,1.0,441.789,829.235,1.0
202,809.541,540.259,1.0,808.209,526.499,1.0,804.278,518.441,1.0,796.2,511.076,1.0,792.722,506.765,1.0,726.706,773.719,1.0,725.204,765.881,1.0,719.124,758.628,1.0,714.339,750.11,1.0,713.883,743.865,1.0,290.505,233.599,1.0,286.997,240.441,1.0,290.771,252.202,1.0,294.016,246.751,1.0,302.839,256.169,1.0,895.639,686.067,1.0,896.907,677.889,1.0,890.282,673.978,1.0,884.333,667.291,1.0,879.501,660.272,1.0,405.155,817.624,1.0,416.483,815.231,1.0,420.803,820.814,1.0,430.193,824.094,1.0,441.161,829.041,1.0
203,810.194,540.351,1.0,808.663,529.299,1.0,805.333,520.731,1.0,797.009,515.633,1.0,793.232,509.686,1.0,727.565,774.555,1.0,725.908,767.214,1.0,719.124,759.889,1.0,714.339,750.288,1.0,714.781,744.964,1.0,290.346,233.599,1.0,287.522,240.441,1.0,290.771,252.202,1.0,294.016,246.394,1.0,302.839,255.872,1.0,900.773,688.794,1.0,897.012,678.072,1.0,891.014,675.74,1.0,884.475,668.059,1.0,880.515,662.006,1.0,404.494,815.957,1.0,411.424,815.555,1.0,417.988,819.942,1.0,423.738,826.973,1.0,438.468,826.465,1.0
204,815.83,540.489,1.0,810.51,534.805,1.0,807.699,523.287,1.0,798.08,521.602,1.0,793.232,510.479,1.0,732.139,780.407,1.0,727.336,769.891,1.0,721.968,760.291,1.0,717.962,751.87,1.0,714.797,746.872,1.0,290.204,230.942,1.0,287.522,236.226,1.0,290.771,252.081,1.0,293.986,246.394,1.0,302.444,255.872,1.0,906.325,689.014,1.0,898.798,682.859,1.0,892.005,679.116,1.0,885.674,671.769,1.0,880.804,665.56,1.0,403.012,811.0,1.0,410.043,815.555,1.0,417.988,817.966,1.0,422.124,827.007,1.0,436.714,826.113,1.0
205,815.83,540.668,1.0,811.838,534.805,1.0,808.926,525.701,1.0,801.486,521.602,1.0,796.012,510.762,1.0,733.346,780.794,1.0,729.304,775.166,1.0,725.92,764.532,1.0,719.775,759.608,1.0,716.541,749.932,1.0,290.204,229.796,1.0,287.558,235.921,1.0,290.705,251.284,1.0,293.986,246.389,1.0,302.389,255.872,1.0,907.087,689.616,1.0,901.557,685.757,1.0,896.031,679.408,1.0,887.014,672.503,1.0,885.61,665.642,1.0,402.861,811.0,1.0,409.993,815.555,1.0,416.67,817.737,1.0,422.124,827.007,1.0,435.847,825.973,1.0
206,815.83,544.187,1.0,811.972,535.259,1.0,808.926,527.009,1.0,801.99,522.428,1.0,796.475,510.889,1.0,733.443,781.087,1.0,729.304,775.166,1.0,727.104,767.151,1.0,720.741,759.608,1.0,716.696,750.123,1.0,290.346,227.454,1.0,287.558,234.636,1.0,290.608,250.137,1.0,293.73,246.352,1.0,301.858,256.312,1.0,907.591,689.644,1.0,903.18,685.886,1.0,896.986,679.864,1.0,888.169,672.787,1.0,886.842,668.372,1.0,401.065,810.686,1.0,407.241,812.146,1.0,416.139,817.737,1.0,421.911,826.973,1.0,435.702,825.336,1.0
207,815.893,546.367,1.0,812.005,535.881,1.0,809.245,528.349,1.0,803.07,523.088,1.0,796.621,513.706,1.0,733.498,782.122,1.0,729.778,775.977,1.0,727.104,767.68,1.0,721.082,761.642,1.0,716.785,751.413,1.0,291.395,224.911,1.0,287.558,232.593,1.0,290.363,248.577,1.0,293.197,246.032,1.0,300.985,256.391,1.0,908.864,690.732,1.0,905.596,689.491,1.0,898.536,680.929,1.0,888.169,675.218,1.0,888.797,668.961,1.0,396.387,809.592,1.0,404.484,810.713,1.0,416.139,817.851,1.0,421.649,822.59,1.0,430.725,825.304,1.0
208,815.893,547.017,1.0,813.476,536.908,1.0,809.387,529.763,1.0,803.549,523.601,1.0,797.886,517.621,1.0,733.784,783.11,1.0,729.816,776.695,1.0,727.159,768.863,1.0,721.492,761.99,1.0,717.432,752.788,1.0,292.037,224.688,1.0,287.699,232.522,1.0,290.363,248.363,1.0,293.197,245.994,1.0,300.985,256.391,1.0,916.842,700.889,1.0,913.448,694.765,1.0,904.995,686.821,1.0,895.612,675.951,1.0,890.56,672.744,1.0,393.795,803.896,1.0,399.946,809.271,1.0,408.072,817.685,1.0,419.553,821.554,1.0,426.982,824.246,1.0
209,817.151,550.409,1.0,814.071,541.294,1.0,810.601,534.682,1.0,803.549,527.021,1.0,798.015,518.11,1.0,733.784,785.26,1.0,731.123,779.43,1.0,727.241,770.915,1.0,721.63,765.051,1.0,717.432,755.564,1.0,292.939,223.779,1.0,288.038,231.746,1.0,290.363,247.08,1.0,293.197,245.994,1.0,300.985,256.391,1.0,916.842,700.989,1.0,913.448,695.25,1.0,904.995,686.821,1.0,896.06,676.464,1.0,890.665,674.384,1.0,393.725,803.739,1.0,399.786,809.081,1.0,408.02,817.685,1.0,418.223,821.071,1.0,426.933,824.242,1.0
210,817.824,551.39,1.0,814.664,542.024,1.0,811.188,535.772,1.0,804.622,528.749,1.0,799.775,520.958,1.0,733.859,786.773,1.0,734.045,782.027,1.0,727.452,773.925,1.0,723.416,768.68,1.0,719.554,759.142,1.0,293.002,223.779,1.0,288.464,231.746,1.0,290.463,247.08,1.0,294.11,245.663,1.0,303.81,250.19,1.0,917.089,701.499,1.0,913.739,695.25,1.0,905.189,687.487,1.0,896.817,677.37,1.0,891.124,674.676,1.0,393.212,803.52,1.0,399.786,808.4,1.0,407.58,817.685,1.0,418.056,820.647,1.0,426.817,824.242,1.0
211,818.3,551.536,1.0,816.635,542.417,1.0,813.923,536.907,1.0,807.128,529.091,1.0,804.218,524.195,1.0,733.963,787.209,1.0,735.486,782.394,1.0,728.134,774.896,1.0,725.138,769.567,1.0,720.973,759.592,1.0,293.287,223.779,1.0,288.464,231.746,1.0,290.463,247.08,1.0,294.375,245.663,1.0,303.81,250.19,1.0,917.089,702.836,1.0,913.927,695.339,1.0,905.372,688.353,1.0,898.778,680.852,1.0,892.921,675.701,1.0,393.194,803.739,1.0,398.573,808.378,1.0,407.363,816.701,1.0,416.254,819.428,1.0,425.155,822.821,1.0
212,821.966,555.795,1.0,816.635,544.691,1.0,814.922,537.136,1.0,808.255,529.32,1.0,805.057,524.195,1.0,734.962,789.041,1.0,736.186,785.133,1.0,729.265,778.261,1.0,725.876,770.439,1.0,722.526,761.015,1.0,294.008,225.44,1.0,288.464,231.107,1.0,290.463,246.014,1.0,294.375,245.663,1.0,303.842,250.19,1.0,920.797,704.12,1.0,917.949,695.339,1.0,909.343,692.522,1.0,903.029,686.479,1.0,893.213,678.705,1.0,393.194,803.089,1.0,398.752,806.306,1.0,404.834,815.169,1.0,413.204,818.991,1.0,419.392,820.49,1.0
213,827.153,557.421,1.0,820.576,548.984,1.0,815.053,542.084,1.0,808.255,534.829,1.0,808.061,524.195,1.0,736.142,796.738,1.0,736.627,787.224,1.0,730.293,781.474,1.0,727.605,773.061,1.0,722.64,763.545,1.0,294.198,226.127,1.0,288.464,231.182,1.0,290.353,246.014,1.0,294.375,245.663,1.0,303.966,250.19,1.0,921.223,704.12,1.0,918.395,695.553,1.0,910.706,693.917,1.0,903.489,686.804,1.0,895.55,681.383,1.0,390.181,800.451,1.0,398.583,803.808,1.0,402.251,811.439,1.0,407.165,811.714,1.0,416.798,820.216,1.0
214,827.153,557.481,1.0,820.863,549.869,1.0,815.464,543.48,1.0,808.914,536.847,1.0,808.061,525.447,1.0,737.337,797.651,1.0,736.938,792.358,1.0,731.977,782.9,1.0,727.96,775.739,1.0,722.992,767.849,1.0,294.198,226.127,1.0,288.464,231.885,1.0,290.001,245.645,1.0,294.08,245.663,1.0,304.154,249.906,1.0,921.601,704.141,1.0,918.455,695.553,1.0,910.762,694.061,1.0,904.49,687.976,1.0,898.396,681.505,1.0,389.633,800.451,1.0,398.583,803.713,1.0,402.11,811.022,1.0,406.811,811.714,1.0,416.606,820.216,1.0
215,827.496,558.028,1.0,820.92,550.494,1.0,816.281,544.044,1.0,811.554,536.947,1.0,808.971,527.735,1.0,738.753,798.821,1.0,737.403,792.528,1.0,733.939,787.539,1.0,727.96,777.026,1.0,724.255,773.565,1.0,296.545,225.44,1.0,288.868,232.389,1.0,289.947,244.593,1.0,294.064,246.317,1.0,304.154,249.906,1.0,922.394,704.16,1.0,920.504,698.054,1.0,913.087,695.676,1.0,904.881,688.516,1.0,901.502,684.575,1.0,388.626,800.959,1.0,398.573,803.163,1.0,401.739,810.848,1.0,406.791,811.705,1.0,416.333,820.216,1.0
216,827.685,559.266,1.0,822.232,550.876,1.0,816.281,546.335,1.0,812.435,537.143,1.0,808.971,532.246,1.0,739.415,799.567,1.0,737.403,792.726,1.0,734.094,787.587,1.0,727.96,777.49,1.0,724.262,773.571,1.0,298.069,224.783,1.0,290.111,231.985,1.0,288.018,239.071,1.0,291.034,247.395,1.0,304.154,248.058,1.0,925.931,706.166,1.0,922.681,706.256,1.0,917.103,695.876,1.0,906.075,693.514,1.0,904.248,685.976,1.0,380.469,800.959,1.0,388.214,800.568,1.0,397.553,807.954,1.0,406.617,811.705,1.0,416.247,819.984,1.0
217,827.741,561.395,1.0,824.069,556.404,1.0,818.717,548.781,1.0,813.162,541.726,1.0,808.971,536.176,1.0,739.923,799.567,1.0,736.938,793.231,1.0,734.094,788.311,1.0,727.888,778.76,1.0,724.598,774.283,1.0,298.069,224.67,1.0,291.707,232.359,1.0,287.999,238.775,1.0,290.573,248.124,1.0,304.06,246.634,1.0,926.041,706.764,1.0,923.336,706.889,1.0,918.077,696.079,1.0,907.165,693.514,1.0,905.17,686.467,1.0,378.458,800.959,1.0,385.55,797.952,1.0,394.624,805.717,1.0,403.259,810.978,1.0,412.714,817.598,1.0
218,828.299,563.018,1.0,827.523,560.424,1.0,822.264,549.547,1.0,813.292,545.743,1.0,813.626,536.229,1.0,740.431,801.843,1.0,737.403,793.935,1.0,734.143,789.229,1.0,727.888,780.159,1.0,724.702,775.305,1.0,297.894,224.67,1.0,291.714,232.598,1.0,287.999,238.775,1.0,289.939,248.214,1.0,302.644,246.336,1.0,926.763,708.003,1.0,923.665,707.767,1.0,918.378,697.339,1.0,907.319,694.058,1.0,905.626,687.739,1.0,378.458,800.959,1.0,385.301,797.952,1.0,394.304,805.362,1.0,402.707,810.467,1.0,412.265,817.56,1.0
219,829.749,571.247,1.0,827.775,560.774,1.0,822.378,549.793,1.0,814.091,547.36,1.0,813.754,537.147,1.0,740.431,802.434,1.0,736.197,796.375,1.0,734.094,789.396,1.0,727.888,781.477,1.0,724.702,775.344,1.0,297.894,224.67,1.0,292.095,232.598,1.0,288.018,238.672,1.0,289.595,248.124,1.0,302.511,246.25,1.0,927.202,715.678,1.0,927.117,707.767,1.0,918.414,704.457,1.0,913.193,695.204,1.0,905.709,690.725,1.0,378.458,800.768,1.0,384.976,797.824,1.0,394.28,805.277,1.0,402.438,810.467,1.0,411.926,816.587,1.0
220,829.753,571.295,1.0,829.375,561.192,1.0,823.359,549.793,1.0,816.298,548.822,1.0,813.861,537.286,1.0,740.431,802.434,1.0,735.834,796.85,1.0,734.091,789.93,1.0,727.888,781.477,1.0,724.702,775.545,1.0,297.894,224.67,1.0,292.155,232.359,1.0,288.746,238.352,1.0,289.474,247.577,1.0,302.322,245.967,1.0,927.626,716.721,1.0,927.303,707.893,1.0,921.639,704.683,1.0,916.792,699.194,1.0,907.462,695.358,1.0,378.458,798.276,1.0,384.844,797.824,1.0,393.886,804.906,1.0,402.147,810.978,1.0,410.57,814.19,1.0
221,830.451,572.31,1.0,832.206,565.302,1.0,823.941,558.376,1.0,819.984,552.138,1.0,814.789,540.444,1.0,730.717,802.434,1.0,735.834,796.85,1.0,733.785,790.012,1.0,727.908,781.762,1.0,723.566,775.545,1.0,297.894,224.523,1.0,292.953,232.359,1.0,288.989,238.352,1.0,289.474,247.577,1.0,301.485,246.25,1.0,928.554,716.968,1.0,927.701,709.958,1.0,921.98,704.732,1.0,917.203,699.307,1.0,907.963,696.037,1.0,378.458,789.126,1.0,383.046,796.08,1.0,393.089,800.586,1.0,397.631,811.189,1.0,407.425,812.579,1.0
222,831.878,572.815,1.0,832.276,566.092,1.0,827.634,560.755,1.0,821.178,552.557,1.0,814.789,546.691,1.0,730.668,802.213,1.0,734.44,796.85,1.0,733.51,789.93,1.0,728.441,781.762,1.0,723.08,775.764,1.0,299.281,223.377,1.0,292.953,231.507,1.0,290.485,236.046,1.0,289.595,245.475,1.0,300.059,246.336,1.0,929.78,719.563,1.0,927.701,709.958,1.0,922.89,707.584,1.0,917.683,701.647,1.0,908.182,697.814,1.0,377.212,787.575,1.0,382.847,795.677,1.0,388.53,798.757,1.0,393.06,811.189,1.0,404.792,812.33,1.0
223,832.736,573.402,1.0,832.666,566.277,1.0,827.634,561.47,1.0,821.58,552.695,1.0,814.789,548.265,1.0,728.511,801.143,1.0,734.304,796.774,1.0,732.774,789.464,1.0,728.783,781.477,1.0,721.419,775.896,1.0,299.48,223.172,1.0,292.953,231.315,1.0,290.879,234.741,1.0,289.595,242.698,1.0,297.079,249.095,1.0,930.176,720.498,1.0,927.884,710.705,1.0,923.31,708.07,1.0,918.012,702.52,1.0,908.357,698.676,1.0,377.023,787.268,1.0,382.838,795.554,1.0,388.294,798.757,1.0,392.899,811.189,1.0,404.437,812.293,1.0
224,833.754,573.402,1.0,832.666,567.429,1.0,827.728,562.428,1.0,821.58,554.299,1.0,814.789,550.06,1.0,723.093,801.021,1.0,730.579,795.66,1.0,732.665,789.464,1.0,728.783,781.414,1.0,720.302,775.99,1.0,301.279,221.401,1.0,290.2,229.873,1.0,291.579,232.472,1.0,291.373,239.803,1.0,295.451,249.127,1.0,930.176,720.733,1.0,927.884,710.728,1.0,923.31,708.124,1.0,918.012,702.582,1.0,908.553,698.728,1.0,376.938,786.812,1.0,382.838,795.103,1.0,387.467,798.716,1.0,392.878,810.679,1.0,403.92,811.872,1.0
225,833.754,576.729,1.0,832.276,568.956,1.0,827.851,564.536,1.0,821.58,557.214,1.0,815.682,550.55,1.0,715.598,799.853,1.0,723.972,794.681,1.0,731.729,789.213,1.0,728.783,781.222,1.0,719.983,776.839,1.0,301.279,221.401,1.0,289.798,229.873,1.0,291.824,232.472,1.0,291.45,239.803,1.0,294.986,249.424,1.0,930.176,720.828,1.0,928.122,710.774,1.0,923.721,708.275,1.0,918.189,702.66,1.0,908.687,698.921,1.0,373.872,781.516,1.0,379.77,793.529,1.0,384.273,797.689,1.0,390.706,807.559,1.0,402.709,811.091,1.0
226,833.754,584.581,1.0,832.276,575.503,1.0,830.596,568.809,1.0,821.58,558.238,1.0,820.773,551.978,1.0,714.321,800.024,1.0,721.279,792.87,1.0,729.186,789.213,1.0,728.441,781.222,1.0,719.983,777.128,1.0,301.592,221.149,1.0,289.798,229.642,1.0,291.963,231.331,1.0,291.617,239.053,1.0,294.582,249.424,1.0,929.807,721.02,1.0,928.122,711.109,1.0,923.721,708.275,1.0,918.189,702.66,1.0,908.687,698.921,1.0,366.574,780.85,1.0,373.547,789.542,1.0,381.631,797.195,1.0,390.42,799.164,1.0,397.833,808.825,1.0
227,834.854,588.628,1.0,832.991,577.695,1.0,831.708,569.32,1.0,822.034,561.529,1.0,821.302,552.118,1.0,712.286,800.024,1.0,718.28,792.72,1.0,728.653,789.213,1.0,727.169,781.222,1.0,720.302,777.143,1.0,301.747,221.087,1.0,290.2,229.379,1.0,291.963,231.331,1.0,291.556,238.569,1.0,293.815,249.424,1.0,929.044,721.369,1.0,928.297,711.994,1.0,924.027,708.432,1.0,918.489,703.258,1.0,908.687,698.921,1.0,366.517,780.85,1.0,372.667,788.432,1.0,381.418,797.007,1.0,390.354,799.164,1.0,396.51,807.743,1.0
228,834.854,588.916,1.0,833.135,578.676,1.0,832.24,569.438,1.0,822.664,562.083,1.0,822.381,552.118,1.0,710.419,799.853,1.0,718.054,792.436,1.0,726.175,791.332,1.0,727.169,781.853,1.0,721.88,778.221,1.0,301.968,221.025,1.0,290.298,229.302,1.0,292.072,231.331,1.0,291.556,238.305,1.0,293.812,249.127,1.0,927.189,722.755,1.0,929.171,712.842,1.0,924.28,708.681,1.0,918.614,703.497,1.0,909.143,698.998,1.0,364.709,781.516,1.0,371.203,788.358,1.0,380.96,796.78,1.0,389.245,798.79,1.0,396.352,807.117,1.0
229,835.015,591.572,1.0,833.232,579.175,1.0,832.24,569.546,1.0,823.759,562.792,1.0,823.115,553.483,1.0,709.496,800.024,1.0,717.522,792.436,1.0,725.233,792.072,1.0,727.169,782.342,1.0,723.924,778.221,1.0,302.071,220.427,1.0,290.421,228.713,1.0,292.368,230.097,1.0,291.556,238.143,1.0,292.879,248.709,1.0,927.189,722.755,1.0,929.171,712.842,1.0,924.28,708.828,1.0,918.614,703.497,1.0,909.143,699.049,1.0,361.946,782.094,1.0,371.19,786.427,1.0,380.896,793.897,1.0,387.58,798.65,1.0,395.297,805.897,1.0
230,839.374,592.176,1.0,833.747,582.774,1.0,832.33,571.125,1.0,824.89,567.463,1.0,823.282,558.97,1.0,706.243,800.185,1.0,713.218,792.72,1.0,722.095,792.072,1.0,728.334,783.759,1.0,724.124,778.221,1.0,302.301,220.078,1.0,292.997,227.776,1.0,293.441,230.076,1.0,291.437,232.968,1.0,289.173,245.118,1.0,927.189,722.755,1.0,929.171,712.842,1.0,924.28,708.828,1.0,918.614,703.497,1.0,909.143,699.083,1.0,357.111,785.507,1.0,371.068,783.272,1.0,374.624,790.598,1.0,381.638,791.31,1.0,390.094,799.696,1.0
231,840.535,595.079,1.0,836.99,585.699,1.0,832.33,579.22,1.0,829.751,568.88,1.0,825.952,561.826,1.0,706.243,800.83,1.0,713.218,793.47,1.0,721.514,792.072,1.0,728.796,783.759,1.0,726.287,774.455,1.0,302.964,219.552,1.0,293.113,227.516,1.0,293.882,230.076,1.0,291.242,232.456,1.0,289.173,244.546,1.0,929.199,722.026,1.0,928.531,712.079,1.0,923.315,708.681,1.0,918.151,703.407,1.0,909.143,698.998,1.0,356.917,785.507,1.0,370.51,783.272,1.0,374.299,790.068,1.0,381.259,791.269,1.0,389.72,799.696,1.0
232,840.999,595.079,1.0,837.195,586.054,1.0,832.498,579.472,1.0,829.751,569.537,1.0,826.787,562.065,1.0,706.243,800.83,1.0,713.218,793.47,1.0,721.514,792.072,1.0,728.796,784.945,1.0,726.287,774.455,1.0,302.964,216.845,1.0,294.647,225.989,1.0,295.467,230.097,1.0,291.168,232.456,1.0,289.173,244.546,1.0,930.206,722.026,1.0,928.531,711.606,1.0,922.546,708.457,1.0,917.371,703.388,1.0,909.143,698.998,1.0,356.721,785.507,1.0,370.51,782.882,1.0,374.081,789.872,1.0,381.112,791.14,1.0,389.363,799.696,1.0
233,841.192,595.079,1.0,837.663,586.363,1.0,832.614,579.686,1.0,830.069,570.093,1.0,827.366,563.25,1.0,704.927,800.83,1.0,714.345,793.47,1.0,721.514,791.401,1.0,728.334,784.945,1.0,726.287,774.455,1.0,302.319,216.845,1.0,294.647,225.989,1.0,295.467,230.13,1.0,291.168,232.723,1.0,289.52,244.546,1.0,930.975,722.026,1.0,928.531,708.931,1.0,921.956,708.457,1.0,917.26,703.388,1.0,909.927,693.179,1.0,356.721,785.381,1.0,365.97,782.882,1.0,372.211,789.117,1.0,378.071,791.14,1.0,387.716,799.302,1.0
234,843.375,594.498,1.0,837.698,586.69,1.0,832.771,581.095,1.0,830.069,570.737,1.0,827.616,565.756,1.0,709.11,797.781,1.0,715.45,791.433,1.0,722.759,790.88,1.0,728.301,784.945,1.0,724.879,778.592,1.0,302.319,216.845,1.0,294.647,225.989,1.0,295.467,230.13,1.0,290.964,232.752,1.0,289.52,244.606,1.0,931.131,720.739,1.0,928.904,708.819,1.0,919.849,708.253,1.0,916.216,703.362,1.0,910.017,693.179,1.0,356.621,780.222,1.0,364.147,782.228,1.0,369.095,786.942,1.0,376.914,791.31,1.0,385.004,799.302,1.0
235,845.462,592.654,1.0,838.419,587.065,1.0,832.771,582.309,1.0,830.069,572.442,1.0,828.443,566.246,1.0,709.588,797.781,1.0,717.924,791.433,1.0,723.804,790.382,1.0,728.131,784.171,1.0,724.879,778.592,1.0,301.761,217.023,1.0,294.197,226.639,1.0,295.438,230.13,1.0,290.438,232.723,1.0,289.52,244.606,1.0,931.678,720.739,1.0,929.298,708.26,1.0,919.411,708.253,1.0,915.609,703.362,1.0,910.77,693.179,1.0,352.281,770.442,1.0,357.477,776.614,1.0,365.039,786.592,1.0,375.908,791.884,1.0,381.617,795.031,1.0
236,846.093,592.654,1.0,838.659,588.119,1.0,832.788,582.834,1.0,829.805,573.841,1.0,829.278,567.334,1.0,710.721,797.781,1.0,717.991,791.433,1.0,724.198,789.607,1.0,727.664,784.171,1.0,724.879,778.592,1.0,301.333,217.023,1.0,294.197,226.639,1.0,295.438,229.993,1.0,290.438,232.723,1.0,289.306,244.606,1.0,932.741,720.739,1.0,929.298,706.085,1.0,919.4,708.253,1.0,915.318,703.362,1.0,911.14,693.807,1.0,351.929,770.228,1.0,356.928,776.406,1.0,363.728,786.077,1.0,374.504,791.884,1.0,381.537,795.011,1.0
237,849.712,592.654,1.0,839.985,589.535,1.0,835.261,583.319,1.0,829.825,579.687,1.0,830.527,567.558,1.0,713.059,797.987,1.0,720.838,791.789,1.0,724.198,789.607,1.0,727.183,784.171,1.0,725.559,777.234,1.0,301.333,217.023,1.0,294.197,226.639,1.0,295.438,229.96,1.0,290.438,232.233,1.0,289.227,244.599,1.0,932.904,718.223,1.0,928.904,706.085,1.0,919.4,707.928,1.0,915.609,703.083,1.0,911.14,694.112,1.0,351.456,770.228,1.0,356.518,775.975,1.0,362.733,786.077,1.0,372.952,791.884,1.0,381.458,794.697,1.0
238,851.062,593.99,1.0,841.526,589.594,1.0,836.394,583.854,1.0,829.825,579.8,1.0,831.045,568.284,1.0,724.196,801.285,1.0,720.993,791.796,1.0,724.576,789.607,1.0,726.899,780.839,1.0,728.261,777.171,1.0,301.628,215.674,1.0,295.082,225.197,1.0,295.74,229.954,1.0,291.085,232.233,1.0,289.139,244.372,1.0,934.425,717.538,1.0,928.904,706.085,1.0,919.4,707.928,1.0,915.609,703.083,1.0,911.363,694.71,1.0,347.455,769.889,1.0,356.284,775.697,1.0,360.955,783.657,1.0,368.894,787.091,1.0,377.496,793.915,1.0
239,851.325,594.58,1.0,843.88,592.14,1.0,837.164,583.854,1.0,831.749,581.643,1.0,831.045,568.984,1.0,726.482,802.518,1.0,723.567,794.115,1.0,725.122,791.026,1.0,726.863,780.839,1.0,728.936,776.968,1.0,301.628,215.674,1.0,295.802,225.035,1.0,295.995,229.837,1.0,291.388,232.233,1.0,288.866,244.13,1.0,934.425,717.538,1.0,930.112,708.045,1.0,921.382,707.928,1.0,916.672,703.083,1.0,911.72,694.76,1.0,344.133,767.241,1.0,353.622,773.691,1.0,360.4,782.544,1.0,366.468,786.847,1.0,374.032,789.271,1.0
240,852.006,595.23,1.0,844.075,592.196,1.0,838.208,584.634,1.0,831.749,581.863,1.0,830.527,569.087,1.0,728.052,802.776,1.0,724.633,797.093,1.0,725.318,791.822,1.0,726.899,781.071,1.0,728.936,777.171,1.0,301.317,215.674,1.0,295.802,225.035,1.0,295.995,229.837,1.0,291.388,232.519,1.0,288.866,244.13,1.0,934.425,717.538,1.0,931.141,708.102,1.0,921.744,709.119,1.0,918.109,704.656,1.0,911.72,699.698,1.0,344.133,767.241,1.0,353.622,773.687,1.0,360.008,782.073,1.0,366.063,785.893,1.0,372.907,789.267,1.0
241,856.494,602.482,1.0,845.323,598.057,1.0,840.591,589.911,1.0,835.917,582.705,1.0,829.893,571.791,1.0,731.015,805.196,1.0,726.841,800.444,1.0,725.372,792.941,1.0,727.183,785.245,1.0,728.936,777.234,1.0,301.099,216.505,1.0,295.802,225.035,1.0,295.995,229.837,1.0,291.435,232.519,1.0,288.866,243.972,1.0,934.896,720.871,1.0,931.339,708.102,1.0,922.065,709.167,1.0,918.563,704.656,1.0,910.106,699.658,1.0,343.025,768.27,1.0,351.399,772.552,1.0,359.526,781.395,1.0,365.478,785.859,1.0,372.734,789.227,1.0
242,858.043,602.53,1.0,846.44,598.614,1.0,841.845,590.521,1.0,837.38,582.903,1.0,829.597,576.917,1.0,733.276,806.201,1.0,727.504,802.334,1.0,726.802,793.787,1.0,727.993,785.595,1.0,728.466,777.697,1.0,301.015,221.442,1.0,292.956,228.846,1.0,294.163,229.731,1.0,291.795,232.519,1.0,289.585,243.729,1.0,934.896,720.998,1.0,931.339,708.102,1.0,922.236,709.547,1.0,918.835,704.656,1.0,910.531,699.51,1.0,343.025,767.078,1.0,350.13,771.572,1.0,357.966,778.139,1.0,361.931,779.228,1.0,369.712,787.528,1.0
243,858.388,602.86,1.0,847.337,599.181,1.0,844.502,590.677,1.0,837.955,584.506,1.0,829.597,578.588,1.0,735.864,807.335,1.0,730.854,802.391,1.0,727.324,795.443,1.0,729.107,786.114,1.0,728.466,777.745,1.0,297.304,234.663,0.9929999709129333,292.956,229.053,1.0,290.007,229.582,1.0,291.435,230.308,1.0,291.176,242.513,1.0,934.896,720.998,1.0,931.141,708.577,1.0,922.236,709.559,1.0,918.947,703.762,1.0,910.531,699.51,1.0,341.179,768.27,1.0,350.13,768.67,1.0,353.885,776.852,1.0,359.418,777.146,1.0,366.199,786.799,1.0
244,859.386,603.021,1.0,847.802,599.181,1.0,846.111,590.677,1.0,838.214,584.506,1.0,829.597,580.03,1.0,736.153,810.601,1.0,734.0,803.83,1.0,728.022,798.225,1.0,729.151,788.121,1.0,728.058,777.951,1.0,296.186,234.663,1.0,292.956,229.053,1.0,290.007,229.731,1.0,290.926,230.308,1.0,291.915,242.513,1.0,935.001,720.871,1.0,931.14,709.486,1.0,922.577,709.817,1.0,919.469,703.751,1.0,910.531,699.51,1.0,340.191,768.27,1.0,346.843,767.823,1.0,352.584,775.509,1.0,359.418,776.374,1.0,365.384,786.374,1.0
245,859.84,603.021,1.0,849.525,599.181,1.0,847.748,592.48,1.0,839.525,585.568,1.0,831.383,582.022,1.0,736.863,813.998,1.0,737.272,804.24,1.0,729.569,798.993,1.0,729.151,789.259,1.0,728.466,783.481,1.0,295.408,234.663,1.0,293.969,229.053,1.0,290.007,229.731,1.0,290.926,230.308,1.0,292.242,242.513,1.0,935.001,720.871,1.0,931.082,709.486,1.0,922.872,709.817,1.0,919.489,703.483,1.0,910.709,699.257,1.0,339.106,767.078,1.0,346.38,767.513,1.0,351.513,774.188,1.0,359.308,776.277,1.0,365.286,786.135,1.0
246,864.523,608.005,1.0,856.16,599.223,1.0,849.708,596.097,1.0,840.538,588.524,1.0,832.956,582.843,1.0,742.424,815.573,1.0,737.963,806.964,1.0,735.006,803.641,1.0,729.91,794.575,1.0,728.809,784.597,1.0,295.408,234.866,1.0,294.876,229.053,1.0,288.184,229.679,1.0,290.402,233.677,1.0,292.242,244.451,1.0,935.001,718.33,1.0,930.915,709.486,1.0,922.913,709.817,1.0,919.659,703.441,1.0,910.856,699.248,1.0,338.623,765.937,1.0,346.189,766.887,1.0,351.032,773.324,1.0,359.308,776.277,1.0,364.755,784.603,1.0
247,864.524,608.828,1.0,856.873,599.223,1.0,849.867,596.431,1.0,842.308,590.09,1.0,836.297,583.289,1.0,742.424,816.305,1.0,737.963,808.183,1.0,735.593,804.08,1.0,730.474,794.7,1.0,729.493,787.792,1.0,296.186,234.866,1.0,295.164,229.053,1.0,288.184,229.809,1.0,290.227,234.138,1.0,292.242,244.451,1.0,933.85,718.33,1.0,930.915,709.328,1.0,923.177,709.453,1.0,920.554,703.441,1.0,911.664,699.065,1.0,335.642,765.842,1.0,342.9,762.795,1.0,350.058,770.651,1.0,356.474,776.374,1.0,363.972,781.614,1.0
248,864.936,608.828,1.0,857.338,599.223,1.0,849.98,597.995,1.0,843.375,590.09,1.0,838.657,584.395,1.0,742.424,817.335,1.0,738.082,809.211,1.0,735.593,804.582,1.0,730.474,795.076,1.0,729.132,787.792,1.0,298.662,234.866,1.0,296.279,230.994,1.0,289.412,229.809,1.0,290.227,234.138,1.0,295.422,244.451,1.0,933.609,719.92,1.0,930.243,709.328,1.0,923.177,709.453,1.0,920.895,703.441,1.0,912.441,699.065,1.0,333.939,755.337,1.0,339.881,759.698,1.0,348.173,769.096,1.0,353.043,777.758,1.0,363.827,781.119,1.0
249,865.427,608.828,1.0,857.467,600.268,1.0,850.381,598.085,1.0,843.525,592.18,1.0,838.733,584.868,1.0,739.034,818.322,1.0,738.327,809.822,1.0,735.651,804.679,1.0,730.474,795.338,1.0,729.132,788.596,1.0,301.63,237.203,1.0,296.615,232.238,1.0,289.412,229.809,1.0,290.227,234.292,1.0,302.657,244.451,1.0,931.064,720.537,1.0,929.996,709.328,1.0,923.404,709.453,1.0,920.976,703.289,1.0,912.783,699.065,1.0,333.939,755.337,1.0,339.881,759.698,1.0,348.173,768.433,1.0,353.011,778.133,1.0,363.827,780.771,1.0
250,865.972,608.999,1.0,859.613,600.529,1.0,852.147,598.085,1.0,843.661,592.301,1.0,838.733,584.868,1.0,739.034,819.66,1.0,737.963,813.863,1.0,735.593,806.14,1.0,730.178,796.674,1.0,728.97,788.737,1.0,301.829,238.584,1.0,297.178,233.305,1.0,289.412,229.809,1.0,291.118,234.292,1.0,304.361,244.451,1.0,931.064,720.537,1.0,929.699,710.386,1.0,923.184,709.608,1.0,921.382,703.165,1.0,912.944,699.548,1.0,333.939,755.141,1.0,339.881,759.698,1.0,348.173,767.154,1.0,352.281,778.484,1.0,363.375,780.655,1.0
251,870.5,608.999,1.0,860.039,600.668,1.0,853.565,598.623,1.0,844.514,593.394,1.0,840.783,585.323,1.0,739.034,825.69,1.0,737.392,815.184,1.0,735.567,806.32,1.0,730.086,797.265,1.0,728.97,790.607,1.0,302.128,241.317,1.0,297.178,233.485,1.0,291.659,229.86,1.0,291.749,236.611,1.0,304.361,244.642,1.0,931.064,720.7,1.0,929.181,710.695,1.0,923.184,709.662,1.0,921.382,703.165,1.0,913.0,699.576,1.0,335.014,754.671,1.0,340.994,759.686,1.0,348.173,767.154,1.0,352.281,778.484,1.0,363.375,780.247,1.0
252,871.729,608.999,1.0,861.203,603.185,1.0,856.356,599.37,1.0,846.394,593.836,1.0,841.203,585.578,1.0,738.887,826.699,1.0,738.063,815.186,1.0,734.441,806.537,1.0,730.086,797.364,1.0,728.97,790.862,1.0,305.192,243.129,1.0,298.368,233.575,1.0,294.447,230.84,1.0,292.42,237.268,1.0,304.55,244.642,1.0,931.097,720.948,1.0,929.181,710.695,1.0,923.184,709.662,1.0,921.805,703.165,1.0,913.061,699.576,1.0,336.973,752.007,1.0,340.994,759.981,1.0,348.173,767.154,1.0,351.803,778.484,1.0,363.375,780.223,1.0
253,871.85,612.566,1.0,861.203,607.103,1.0,856.829,604.372,1.0,849.508,601.461,1.0,841.918,589.256,1.0,739.116,827.769,1.0,738.063,818.671,1.0,734.616,809.753,1.0,730.086,799.076,1.0,728.97,794.025,1.0,306.537,243.129,1.0,300.631,234.017,1.0,296.32,232.186,1.0,292.42,237.537,1.0,304.55,244.642,1.0,931.097,720.948,1.0,929.699,710.695,1.0,923.651,709.662,1.0,921.805,702.912,1.0,913.182,699.576,1.0,337.468,751.363,1.0,340.994,759.981,1.0,346.637,767.851,1.0,351.765,777.03,1.0,362.385,779.797,1.0
254,871.729,613.902,1.0,861.203,608.198,1.0,858.185,605.019,1.0,852.591,601.488,1.0,842.412,590.394,1.0,739.288,827.988,1.0,738.063,819.33,1.0,734.616,811.371,1.0,731.23,802.417,1.0,729.808,797.323,1.0,312.094,243.129,1.0,301.405,242.522,1.0,296.685,234.962,1.0,292.557,237.92,1.0,292.587,244.637,1.0,931.097,720.948,1.0,929.797,710.521,1.0,924.041,709.583,1.0,921.349,702.912,1.0,913.454,699.514,1.0,338.427,750.297,1.0,338.21,759.41,1.0,346.262,767.154,1.0,350.377,776.704,1.0,357.88,777.255,1.0
255,870.5,614.449,1.0,861.203,609.492,1.0,858.588,605.274,1.0,853.048,601.488,1.0,842.541,590.936,1.0,739.559,828.827,1.0,738.417,819.714,1.0,734.616,812.198,1.0,732.329,802.741,1.0,730.518,797.478,1.0,312.405,242.525,1.0,301.447,242.96,1.0,297.352,236.814,1.0,292.358,238.01,1.0,288.585,241.442,1.0,930.998,720.7,1.0,930.213,708.206,1.0,925.913,709.248,1.0,917.226,703.222,1.0,914.783,699.093,1.0,338.427,750.139,1.0,337.891,757.751,1.0,345.343,766.182,1.0,350.025,776.005,1.0,357.866,777.164,1.0
256,870.022,620.026,1.0,863.887,610.957,1.0,858.852,605.978,1.0,853.72,601.729,1.0,843.894,592.468,1.0,740.464,829.583,1.0,738.916,820.663,1.0,735.219,812.723,1.0,733.197,803.578,1.0,731.462,798.046,1.0,312.54,241.978,1.0,302.043,242.96,1.0,297.716,237.506,1.0,292.557,238.514,1.0,286.199,240.875,1.0,927.264,720.392,1.0,930.213,708.206,1.0,925.913,709.248,1.0,917.113,704.324,1.0,914.783,696.53,1.0,338.315,750.297,1.0,337.729,756.775,1.0,344.426,766.182,1.0,348.43,773.026,1.0,357.691,777.13,1.0
257,868.611,620.676,1.0,868.011,613.231,1.0,860.863,606.287,1.0,855.851,602.578,1.0,846.291,594.87,1.0,742.6,830.614,1.0,740.914,822.252,1.0,736.157,815.355,1.0,734.271,804.773,1.0,731.738,798.52,1.0,312.54,241.861,1.0,302.043,243.235,1.0,297.716,237.559,1.0,292.557,238.887,1.0,285.475,240.839,1.0,926.148,720.392,1.0,930.213,708.206,1.0,925.913,709.248,1.0,915.525,703.52,1.0,914.824,696.28,1.0,338.315,750.297,0.9990000128746033,337.464,756.035,1.0,344.426,765.576,1.0,347.469,771.967,1.0,356.585,776.983,1.0
258,868.611,621.165,1.0,868.011,613.497,1.0,864.534,609.873,1.0,856.102,602.589,1.0,848.667,597.886,1.0,744.766,834.589,1.0,742.957,827.443,1.0,736.688,819.833,1.0,734.749,809.864,1.0,733.129,802.238,1.0,313.003,241.936,1.0,303.699,242.96,1.0,297.741,238.036,1.0,293.278,238.887,1.0,285.475,240.578,1.0,924.591,721.11,1.0,928.979,711.17,1.0,924.737,710.265,1.0,914.6,703.838,1.0,914.783,695.853,1.0,333.976,750.139,0.9959999918937683,337.189,755.653,1.0,344.426,764.432,1.0,346.338,771.838,1.0,356.585,776.866,1.0
259,868.611,622.254,1.0,867.324,614.283,1.0,865.119,610.432,1.0,856.254,602.589,1.0,850.359,598.64,1.0,745.378,834.638,1.0,743.276,827.446,1.0,736.746,820.485,1.0,734.749,810.544,1.0,733.471,802.73,1.0,316.134,241.936,1.0,308.538,242.93,1.0,300.34,238.036,1.0,294.755,238.899,1.0,285.475,239.414,1.0,923.894,721.185,1.0,928.047,714.466,1.0,923.607,710.47,1.0,914.296,704.324,1.0,914.783,695.853,1.0,333.23,743.701,1.0,333.117,750.625,1.0,340.411,760.686,1.0,344.93,771.642,1.0,354.933,776.808,1.0
260,868.743,622.254,1.0,868.011,614.283,1.0,865.119,611.37,1.0,857.538,603.711,1.0,850.501,599.746,1.0,745.664,835.434,1.0,743.57,828.81,1.0,737.337,821.261,1.0,737.419,811.823,1.0,733.89,804.042,1.0,316.398,241.936,1.0,311.374,242.93,1.0,302.101,238.036,1.0,295.497,238.899,1.0,285.535,238.012,1.0,923.894,721.97,1.0,927.482,716.177,1.0,923.607,711.232,1.0,914.258,704.324,1.0,914.613,695.853,1.0,333.23,743.653,1.0,332.313,750.127,1.0,340.266,760.686,1.0,343.437,763.418,1.0,350.213,774.496,1.0
261,871.64,627.28,1.0,868.571,619.665,1.0,865.139,614.479,1.0,857.587,607.532,1.0,852.484,600.783,1.0,748.354,841.612,1.0,744.921,832.669,1.0,738.883,822.561,1.0,737.419,818.912,1.0,734.084,807.293,1.0,316.682,242.412,1.0,311.799,242.691,1.0,303.131,237.95,1.0,296.04,238.716,1.0,285.783,237.56,1.0,924.244,723.227,1.0,926.783,716.296,1.0,923.607,711.703,1.0,914.215,704.332,1.0,914.607,695.853,1.0,333.23,743.653,1.0,332.313,750.127,1.0,340.266,759.913,1.0,343.437,763.418,1.0,350.013,774.496,1.0
262,871.658,638.986,1.0,868.571,625.245,1.0,865.139,616.423,1.0,858.937,607.865,1.0,856.269,603.585,1.0,748.667,843.689,1.0,745.072,839.115,1.0,741.477,826.976,1.0,737.697,821.635,1.0,734.315,810.444,1.0,316.74,242.899,1.0,311.849,242.628,1.0,304.037,237.89,1.0,296.04,238.64,1.0,285.846,237.398,1.0,924.244,731.396,1.0,925.8,722.484,1.0,923.764,713.785,1.0,914.038,705.533,1.0,914.426,696.614,1.0,333.162,743.653,1.0,332.313,750.625,1.0,340.11,759.913,1.0,342.71,763.418,1.0,349.728,774.443,1.0
263,872.219,640.048,1.0,868.813,626.421,1.0,866.584,617.146,1.0,860.778,609.875,1.0,857.044,604.877,1.0,748.842,844.979,1.0,745.917,839.245,1.0,741.582,828.316,1.0,737.697,822.44,1.0,734.315,811.397,1.0,320.295,245.628,1.0,312.368,242.628,1.0,304.317,237.89,1.0,296.04,238.716,1.0,286.203,237.328,1.0,923.233,731.951,1.0,925.46,722.484,1.0,923.764,714.186,1.0,914.024,705.718,1.0,914.413,696.715,1.0,332.455,748.083,1.0,332.707,752.764,1.0,340.162,761.2,1.0,342.71,763.542,1.0,349.728,774.163,1.0
264,872.219,640.103,1.0,869.357,626.702,1.0,866.768,618.453,1.0,861.045,611.58,1.0,857.463,605.098,1.0,748.952,845.288,1.0,745.995,839.431,1.0,741.794,828.79,1.0,737.999,823.245,1.0,735.33,811.87,1.0,320.295,245.733,1.0,313.351,243.122,1.0,304.527,237.89,1.0,296.723,238.716,1.0,286.718,237.328,1.0,923.233,733.223,1.0,925.21,722.881,1.0,923.764,714.654,1.0,914.024,705.943,1.0,914.413,697.182,1.0,326.026,754.757,1.0,335.893,753.476,1.0,340.162,762.104,1.0,343.122,763.817,1.0,349.728,774.18,1.0
265,872.219,640.335,1.0,869.931,627.847,1.0,866.852,620.959,1.0,861.387,614.17,1.0,857.71,607.254,1.0,748.952,845.453,1.0,747.238,840.745,1.0,742.941,831.923,1.0,738.312,824.742,1.0,735.47,814.037,1.0,320.295,248.93,1.0,314.391,243.122,1.0,307.921,237.988,1.0,296.723,239.088,1.0,288.477,237.328,1.0,919.64,731.951,1.0,924.058,723.497,1.0,922.846,714.954,1.0,914.038,706.489,1.0,914.426,697.518,1.0,324.53,757.1,1.0,336.371,753.693,1.0,340.467,762.104,1.0,343.258,764.163,1.0,349.999,774.247,1.0
266,871.93,642.714,1.0,870.062,635.058,1.0,867.709,627.811,1.0,863.967,619.568,1.0,861.315,610.187,1.0,748.952,849.704,1.0,747.238,842.771,1.0,743.743,836.171,1.0,738.461,829.339,1.0,736.845,821.937,1.0,320.295,250.339,1.0,315.536,244.276,1.0,308.536,239.028,1.0,296.723,239.088,1.0,290.79,237.328,1.0,918.207,731.951,1.0,923.756,726.002,1.0,922.776,717.081,1.0,914.794,707.127,1.0,914.93,699.704,1.0,324.413,757.1,1.0,336.371,753.693,1.0,340.162,762.104,1.0,343.122,764.163,1.0,349.999,774.18,1.0
267,871.93,643.561,1.0,870.062,635.798,1.0,867.869,629.422,1.0,864.499,621.918,1.0,862.627,611.729,1.0,748.952,849.741,1.0,747.989,843.558,1.0,744.211,836.538,1.0,738.56,829.822,1.0,736.981,822.355,1.0,323.682,252.619,1.0,317.683,245.306,1.0,309.177,239.028,1.0,297.949,239.088,1.0,293.036,237.416,1.0,917.138,732.771,1.0,921.356,727.231,1.0,922.342,719.294,1.0,921.273,709.116,1.0,915.755,702.018,1.0,324.284,757.1,1.0,335.893,753.476,1.0,340.162,762.104,1.0,343.122,764.163,1.0,349.999,774.163,1.0
268,871.93,643.668,1.0,871.262,637.489,1.0,868.352,629.512,1.0,864.889,622.19,1.0,863.459,612.432,1.0,748.404,850.109,1.0,748.008,843.884,1.0,744.514,837.347,1.0,738.563,829.889,1.0,737.131,822.788,1.0,323.895,252.725,1.0,317.944,245.374,1.0,309.239,238.63,1.0,298.129,239.156,1.0,293.036,237.416,1.0,917.138,734.0,1.0,921.31,728.62,1.0,922.043,720.619,1.0,921.549,709.583,1.0,918.201,702.204,1.0,323.897,756.879,1.0,335.158,753.365,1.0,339.152,761.04,1.0,342.861,763.457,1.0,349.868,773.727,1.0
269,872.379,643.879,1.0,872.009,638.948,1.0,869.049,630.888,1.0,864.933,623.777,1.0,864.144,614.431,1.0,748.075,850.678,1.0,748.008,844.612,1.0,744.35,839.312,1.0,740.615,830.628,1.0,738.208,823.008,1.0,324.032,252.888,1.0,318.13,245.428,1.0,309.425,239.028,1.0,298.166,239.156,1.0,293.064,237.416,1.0,917.138,734.0,1.0,920.413,729.285,1.0,921.681,721.172,1.0,921.549,709.583,1.0,919.225,703.175,1.0,323.897,755.945,1.0,335.158,753.365,1.0,339.152,761.024,1.0,342.782,763.074,1.0,349.808,773.727,1.0
270,874.932,654.274,1.0,874.177,642.039,1.0,870.14,632.349,1.0,867.356,629.108,1.0,864.398,617.369,1.0,745.781,851.632,1.0,747.063,845.689,1.0,744.622,839.351,1.0,741.171,830.997,1.0,739.268,823.008,1.0,324.136,252.725,1.0,318.13,245.428,1.0,309.444,239.028,1.0,298.372,239.192,1.0,293.064,237.339,1.0,917.138,734.356,1.0,920.413,729.606,1.0,921.681,722.044,1.0,921.273,710.004,1.0,919.225,703.403,1.0,323.897,755.546,1.0,335.158,753.365,1.0,339.152,761.024,1.0,342.782,763.074,1.0,349.393,773.727,1.0
271,874.957,654.274,1.0,874.198,647.621,1.0,872.073,636.787,1.0,869.246,631.011,1.0,864.783,621.265,1.0,745.575,852.765,1.0,747.063,846.85,1.0,745.21,839.685,1.0,741.171,832.08,1.0,740.429,823.364,1.0,324.46,252.725,1.0,318.13,246.736,1.0,309.498,239.833,1.0,298.611,239.192,1.0,293.671,237.339,1.0,917.138,734.356,1.0,920.413,729.606,1.0,921.127,722.123,1.0,920.99,710.72,1.0,919.225,704.685,1.0,326.207,755.307,1.0,334.25,754.071,1.0,340.383,761.024,1.0,342.836,763.074,1.0,349.393,774.263,1.0
272,875.11,654.528,1.0,874.395,647.768,1.0,873.392,637.23,1.0,869.246,631.129,1.0,864.783,621.383,1.0,745.386,853.186,1.0,744.254,847.181,1.0,744.622,842.129,1.0,742.102,833.272,1.0,741.403,823.364,1.0,329.471,252.704,1.0,318.056,251.754,1.0,311.737,240.165,1.0,305.568,239.252,1.0,298.396,237.339,1.0,916.907,737.113,1.0,918.249,732.267,1.0,920.92,722.145,1.0,920.527,710.751,1.0,918.504,705.156,1.0,327.006,751.344,1.0,334.385,755.0,1.0,341.225,762.449,1.0,342.836,763.987,1.0,349.393,774.263,1.0
273,874.957,654.832,1.0,875.245,649.838,1.0,873.392,640.023,1.0,869.683,632.688,1.0,864.796,623.924,1.0,745.278,853.867,1.0,743.63,848.22,1.0,744.35,843.117,1.0,744.74,834.348,1.0,741.403,824.001,1.0,329.56,252.38,1.0,318.056,251.945,1.0,312.08,240.488,1.0,306.059,239.252,1.0,298.539,237.4,1.0,916.135,737.735,1.0,917.996,732.923,1.0,920.763,722.886,1.0,919.939,711.213,1.0,918.439,705.826,1.0,328.593,751.344,1.0,334.385,756.99,1.0,343.934,764.914,1.0,343.847,771.169,1.0,350.559,774.437,1.0
274,874.957,656.274,1.0,875.422,649.843,1.0,873.392,643.118,1.0,869.878,635.123,1.0,865.47,630.438,1.0,745.278,853.867,1.0,743.63,848.361,1.0,744.622,843.501,1.0,744.74,834.701,1.0,741.403,824.001,1.0,329.646,251.151,1.0,318.056,252.909,1.0,312.99,240.488,1.0,307.03,239.192,1.0,300.53,238.036,1.0,912.97,740.841,1.0,916.565,735.469,1.0,920.186,725.115,1.0,919.519,713.417,1.0,917.835,710.224,1.0,328.593,753.078,1.0,334.385,758.739,1.0,345.174,766.014,1.0,344.864,771.932,1.0,351.861,774.31,1.0
275,873.169,660.437,1.0,875.422,653.148,1.0,871.274,645.842,1.0,870.87,638.588,1.0,865.47,633.689,1.0,744.732,856.316,1.0,743.168,848.664,1.0,745.468,843.912,1.0,744.105,835.437,1.0,740.84,825.443,1.0,329.646,250.12,1.0,318.502,252.909,1.0,313.116,240.362,1.0,307.046,238.845,1.0,300.53,238.036,1.0,911.35,742.946,1.0,915.556,735.755,1.0,919.634,727.219,1.0,919.311,717.816,1.0,916.302,712.219,1.0,328.593,753.078,1.0,334.335,758.877,1.0,345.582,766.014,1.0,345.508,771.932,1.0,352.275,774.31,1.0
276,873.169,660.89,1.0,875.46,655.131,1.0,871.274,646.245,1.0,871.269,639.045,1.0,866.517,634.025,1.0,742.383,854.293,1.0,743.168,849.656,1.0,746.772,845.031,1.0,744.535,837.271,1.0,740.84,827.022,1.0,329.56,250.12,1.0,318.502,252.909,1.0,313.116,240.362,1.0,307.191,238.845,1.0,300.53,238.036,1.0,910.679,744.565,1.0,915.365,736.719,1.0,918.567,727.786,1.0,919.064,717.857,1.0,914.967,713.568,1.0,328.593,753.078,1.0,334.335,758.877,1.0,345.582,766.014,1.0,345.655,772.665,1.0,352.275,774.31,1.0
277,873.169,661.423,1.0,875.597,655.66,1.0,871.274,647.083,1.0,871.269,640.102,1.0,866.811,634.025,1.0,739.164,854.293,1.0,743.092,851.386,1.0,746.776,845.502,1.0,744.535,837.283,1.0,740.814,827.304,1.0,328.028,250.12,1.0,318.548,252.483,1.0,313.326,240.362,1.0,307.267,238.845,1.0,300.181,238.036,1.0,910.649,744.723,1.0,915.338,737.156,1.0,918.538,728.261,1.0,919.311,717.98,1.0,914.967,713.568,1.0,327.798,753.175,1.0,334.108,758.877,1.0,345.582,765.861,1.0,345.655,772.665,1.0,352.275,774.31,1.0
278,876.269,669.551,1.0,877.343,658.532,1.0,872.37,651.327,1.0,871.269,642.187,1.0,867.049,634.67,1.0,734.939,854.777,1.0,743.092,851.751,1.0,746.776,845.818,1.0,744.535,837.573,1.0,740.669,827.654,1.0,327.959,251.492,1.0,318.721,251.378,1.0,313.548,240.362,1.0,307.389,238.8,1.0,300.181,238.309,1.0,910.261,745.591,1.0,914.95,737.242,1.0,916.7,728.829,1.0,919.311,720.697,1.0,914.967,713.607,1.0,327.798,753.889,1.0,334.108,758.877,1.0,345.582,765.861,1.0,345.755,772.339,1.0,352.586,774.31,1.0
279,879.254,669.648,1.0,877.845,662.196,1.0,872.37,653.593,1.0,868.025,644.504,1.0,868.778,635.413,1.0,732.682,854.819,1.0,741.472,851.751,1.0,746.776,846.146,1.0,745.443,837.965,1.0,740.622,827.68,1.0,327.959,251.853,1.0,321.833,244.565,1.0,314.283,242.601,1.0,308.564,238.845,1.0,300.181,238.56,1.0,910.642,749.072,1.0,914.95,742.135,1.0,916.606,732.164,1.0,919.064,724.255,1.0,916.529,714.979,1.0,327.798,754.1,1.0,334.108,758.877,1.0,345.582,765.861,1.0,345.508,772.151,1.0,352.586,774.473,1.0
280,879.254,669.648,1.0,877.845,663.383,1.0,872.37,653.82,1.0,867.694,647.436,1.0,868.817,636.789,1.0,730.244,854.819,1.0,739.652,851.751,1.0,745.597,846.743,1.0,746.408,837.965,1.0,740.446,827.68,1.0,328.028,252.888,1.0,322.602,244.565,1.0,314.392,242.68,1.0,309.031,239.036,1.0,300.545,238.858,1.0,910.261,749.079,1.0,914.95,742.136,1.0,916.606,734.228,1.0,919.544,726.68,1.0,916.574,716.477,1.0,331.469,755.704,1.0,334.826,759.678,1.0,346.147,767.008,1.0,345.755,772.288,1.0,352.614,774.473,1.0
281,879.254,672.567,1.0,877.889,664.037,1.0,872.963,654.443,1.0,867.694,648.346,1.0,868.935,637.491,1.0,730.244,854.969,1.0,737.69,851.93,1.0,744.782,846.875,1.0,746.529,838.068,1.0,740.202,827.85,1.0,329.311,254.444,1.0,322.606,244.565,1.0,315.138,243.911,1.0,310.716,240.002,1.0,300.635,239.026,1.0,910.642,749.439,1.0,914.95,742.151,1.0,916.606,734.779,1.0,919.803,726.934,1.0,917.983,716.477,1.0,331.469,756.526,1.0,335.089,759.678,1.0,346.376,767.102,1.0,345.755,772.288,1.0,352.734,774.473,1.0
282,879.254,673.528,1.0,878.097,665.005,1.0,872.963,655.757,1.0,868.025,648.812,1.0,870.326,638.455,1.0,730.244,856.147,1.0,737.69,851.93,1.0,744.484,847.437,1.0,746.529,838.315,1.0,739.9,828.124,1.0,329.439,254.955,1.0,323.256,245.963,1.0,315.165,244.185,1.0,310.952,240.072,1.0,300.816,239.429,1.0,910.261,749.537,1.0,914.95,742.532,1.0,916.97,734.779,1.0,919.873,728.554,1.0,918.584,716.885,1.0,331.469,757.166,1.0,335.089,759.791,1.0,346.713,767.666,1.0,345.852,772.339,1.0,353.062,774.473,1.0
283,879.456,673.528,1.0,879.964,665.288,1.0,874.953,659.605,1.0,870.263,650.101,1.0,871.038,643.43,1.0,729.816,856.495,1.0,735.904,851.878,1.0,744.349,847.437,1.0,746.408,838.933,1.0,739.9,828.393,1.0,330.962,256.726,1.0,323.992,248.051,1.0,316.509,245.253,1.0,312.305,241.297,1.0,301.363,239.739,1.0,910.642,749.439,1.0,910.8,744.887,1.0,918.135,734.758,1.0,920.448,728.554,1.0,919.016,716.858,1.0,330.382,764.542,1.0,335.089,759.793,1.0,346.713,767.666,1.0,345.928,772.288,1.0,353.062,774.461,1.0
284,884.041,677.635,1.0,880.801,667.403,1.0,875.079,663.744,1.0,870.263,653.446,1.0,871.87,648.816,1.0,728.923,856.536,1.0,734.637,851.878,1.0,743.152,847.437,1.0,745.814,839.132,1.0,739.628,828.591,1.0,331.046,256.754,1.0,324.098,248.06,1.0,316.964,245.335,1.0,312.556,241.297,1.0,301.502,239.798,1.0,910.404,749.552,1.0,910.568,744.887,1.0,918.135,734.874,1.0,920.448,728.554,1.0,919.016,716.858,1.0,330.346,764.971,1.0,335.0,760.344,1.0,346.376,767.666,1.0,346.204,772.288,1.0,353.062,774.456,1.0
285,884.041,678.16,1.0,880.801,670.323,1.0,875.135,664.685,1.0,870.981,654.251,1.0,872.493,649.773,1.0,728.923,857.144,1.0,733.904,851.878,1.0,740.715,847.637,1.0,742.907,839.323,1.0,739.471,828.81,1.0,331.329,256.908,1.0,324.098,248.143,1.0,317.015,245.421,1.0,312.774,241.297,1.0,301.632,239.798,1.0,910.404,749.672,1.0,910.568,744.887,1.0,918.135,734.874,1.0,920.448,728.554,1.0,919.016,717.024,1.0,329.653,765.42,1.0,334.43,760.981,1.0,346.252,767.153,1.0,346.418,771.866,1.0,352.935,774.386,1.0
286,884.676,678.751,1.0,883.037,670.421,1.0,875.407,665.89,1.0,870.981,655.843,1.0,872.273,651.139,1.0,727.01,857.812,1.0,732.361,851.878,1.0,738.914,848.129,1.0,741.867,839.95,1.0,739.471,830.777,1.0,331.329,256.908,1.0,324.266,248.143,1.0,317.098,245.786,1.0,312.806,241.297,1.0,301.632,239.786,1.0,909.644,749.672,1.0,910.8,744.459,1.0,917.731,735.467,1.0,920.352,728.554,1.0,919.564,717.071,1.0,328.592,765.588,1.0,333.917,762.145,1.0,345.92,766.766,1.0,346.457,771.745,1.0,352.903,774.311,1.0
287,884.711,681.49,1.0,883.228,675.101,1.0,876.776,666.177,1.0,871.448,657.458,1.0,872.273,651.796,1.0,724.173,858.51,1.0,727.633,854.629,1.0,735.143,848.247,1.0,736.741,842.538,1.0,740.217,831.229,1.0,331.329,257.205,1.0,324.539,248.678,1.0,317.253,245.904,1.0,312.806,241.297,1.0,302.184,239.739,1.0,907.651,750.985,1.0,913.514,744.459,1.0,916.991,735.467,1.0,919.495,728.139,1.0,919.564,719.003,1.0,328.592,765.588,1.0,333.917,762.145,1.0,345.92,766.766,1.0,346.558,771.745,1.0,352.903,774.311,1.0
288,888.116,682.101,1.0,883.322,677.887,1.0,877.791,667.5,1.0,872.848,661.898,1.0,872.493,652.762,1.0,724.173,858.584,1.0,726.809,854.629,1.0,734.411,848.826,1.0,736.133,843.032,1.0,740.88,833.17,1.0,331.301,259.552,1.0,325.003,251.604,1.0,319.343,246.791,1.0,312.806,242.581,1.0,302.976,239.095,1.0,907.452,751.055,1.0,913.514,744.459,1.0,916.793,735.467,1.0,919.413,727.742,1.0,919.564,719.077,1.0,328.592,765.588,1.0,333.917,762.145,1.0,345.92,766.766,1.0,346.615,771.745,1.0,352.903,774.386,1.0
289,888.116,684.347,1.0,885.806,678.825,1.0,878.164,670.317,1.0,875.781,662.622,1.0,872.77,653.106,1.0,723.929,858.865,1.0,726.781,854.728,1.0,734.393,848.913,1.0,735.988,843.585,1.0,740.88,833.262,1.0,331.301,259.561,1.0,325.512,254.251,1.0,320.754,247.836,1.0,311.708,244.074,1.0,303.948,238.992,1.0,907.052,751.325,1.0,913.514,745.434,1.0,912.774,735.067,1.0,918.858,727.927,1.0,919.564,719.661,1.0,329.796,765.458,1.0,334.649,761.684,1.0,346.145,766.914,1.0,346.615,771.934,1.0,352.903,774.386,1.0
290,888.616,684.347,1.0,885.957,679.168,1.0,878.164,672.139,1.0,875.781,664.176,1.0,873.598,654.301,1.0,723.929,859.788,1.0,726.657,855.378,1.0,732.717,849.235,1.0,735.796,843.797,1.0,740.88,833.639,1.0,331.301,260.378,1.0,326.698,255.61,1.0,321.552,248.315,1.0,311.708,244.841,1.0,306.816,237.286,1.0,906.803,751.325,1.0,913.162,745.434,1.0,912.736,735.067,1.0,917.547,727.423,1.0,919.317,720.396,1.0,330.287,764.875,1.0,334.748,760.781,1.0,346.145,766.914,1.0,346.615,771.967,1.0,352.817,774.609,1.0
291,889.552,689.514,1.0,886.011,680.739,1.0,878.164,675.895,1.0,877.185,664.658,1.0,876.069,658.015,1.0,723.224,859.796,1.0,725.962,855.471,1.0,732.657,849.282,1.0,735.796,843.797,1.0,739.788,834.068,1.0,331.32,260.383,1.0,327.125,255.61,1.0,321.552,248.315,1.0,311.708,244.856,1.0,308.951,237.286,1.0,906.606,751.88,1.0,912.675,745.578,1.0,912.497,734.332,1.0,916.655,727.328,1.0,919.115,720.625,1.0,331.69,764.875,1.0,334.8,760.781,1.0,346.145,766.914,1.0,346.268,771.967,1.0,352.805,774.609,1.0
292,889.822,691.49,1.0,887.837,685.535,1.0,879.274,677.971,1.0,877.185,669.685,1.0,877.583,662.413,1.0,719.244,862.69,1.0,725.281,855.471,1.0,732.413,849.424,1.0,735.762,844.122,1.0,739.017,834.443,1.0,331.32,260.383,1.0,327.193,255.613,1.0,321.552,248.338,1.0,311.913,244.944,1.0,308.978,236.925,1.0,906.271,751.88,1.0,912.394,745.713,1.0,911.274,735.067,1.0,916.655,727.328,1.0,918.975,720.695,1.0,332.836,753.917,1.0,335.852,759.879,1.0,346.049,766.312,1.0,346.224,772.428,1.0,352.194,774.936,1.0
293,889.822,691.519,1.0,889.154,686.478,1.0,881.484,679.474,1.0,878.153,674.123,1.0,877.734,663.329,1.0,718.307,862.918,1.0,724.847,855.471,1.0,732.001,849.424,1.0,735.762,844.3,1.0,738.425,834.89,1.0,331.405,260.383,1.0,327.774,255.782,1.0,321.731,248.466,1.0,311.952,245.216,1.0,309.173,236.925,1.0,906.252,751.88,1.0,912.289,746.155,1.0,911.243,735.068,1.0,916.655,727.423,1.0,918.838,720.695,1.0,339.844,752.204,1.0,337.158,759.683,1.0,345.415,766.312,1.0,345.467,772.527,1.0,351.9,774.953,1.0
294,893.302,697.309,1.0,889.509,687.807,1.0,881.545,680.171,1.0,878.729,675.406,1.0,878.019,664.234,1.0,717.689,862.918,1.0,723.608,855.758,1.0,731.06,849.424,1.0,735.708,844.3,1.0,738.247,835.08,1.0,331.405,260.383,1.0,328.025,255.854,1.0,321.785,248.824,1.0,312.026,244.944,1.0,309.837,236.925,1.0,905.466,751.754,1.0,909.041,745.713,1.0,911.243,735.76,1.0,916.754,727.423,1.0,919.115,720.747,1.0,345.306,751.367,1.0,340.157,758.955,1.0,344.372,766.118,1.0,345.305,772.428,1.0,351.7,774.953,1.0
295,894.302,698.131,1.0,890.722,689.024,1.0,883.098,680.472,1.0,879.732,677.074,1.0,878.019,667.073,1.0,717.689,862.69,1.0,723.608,855.071,1.0,731.06,849.149,1.0,735.568,844.3,1.0,738.047,835.08,1.0,335.256,265.252,1.0,328.768,261.044,1.0,324.38,250.405,1.0,313.109,245.216,1.0,310.396,238.585,1.0,905.466,751.754,1.0,911.97,746.155,1.0,911.243,737.083,1.0,916.822,728.595,1.0,918.838,720.747,1.0,347.176,748.901,1.0,343.671,757.749,1.0,342.647,765.677,1.0,343.236,771.609,1.0,350.088,774.582,1.0
296,894.732,701.487,1.0,893.224,691.771,1.0,885.592,684.551,1.0,881.621,677.229,1.0,877.734,669.005,1.0,717.689,859.779,1.0,723.608,854.428,1.0,731.06,848.635,1.0,735.568,843.595,1.0,738.047,835.08,1.0,335.677,266.48,1.0,329.841,262.603,1.0,326.305,252.329,1.0,316.036,245.892,1.0,311.278,240.345,1.0,905.297,751.754,1.0,911.062,746.171,1.0,913.893,737.083,1.0,917.719,728.595,1.0,918.494,721.205,1.0,347.176,748.798,1.0,343.671,755.028,1.0,342.328,764.035,1.0,343.236,771.609,1.0,350.272,774.582,1.0
297,895.67,701.715,1.0,893.224,692.373,1.0,888.583,685.901,1.0,882.203,678.027,1.0,876.066,669.354,1.0,724.457,859.03,1.0,726.948,854.098,1.0,731.325,846.268,1.0,736.169,841.679,1.0,738.047,833.699,1.0,336.541,270.546,1.0,331.221,263.928,1.0,328.01,254.817,1.0,318.282,245.892,1.0,311.278,244.208,1.0,905.245,750.267,1.0,911.062,746.75,1.0,913.893,737.083,1.0,917.901,728.595,1.0,918.004,721.238,1.0,347.176,743.824,1.0,343.671,751.764,1.0,342.328,762.22,1.0,343.236,770.353,1.0,350.131,774.0,1.0
298,895.67,702.125,1.0,893.474,693.427,1.0,888.784,687.145,1.0,882.213,679.187,1.0,876.066,671.171,1.0,728.568,856.314,1.0,730.39,851.499,1.0,731.686,846.268,1.0,735.531,841.51,1.0,740.339,830.739,1.0,336.541,270.75,1.0,331.486,263.928,1.0,328.044,254.939,1.0,318.282,245.737,1.0,311.355,244.598,1.0,905.059,752.47,1.0,911.062,746.75,1.0,913.893,737.083,1.0,917.901,728.595,1.0,917.948,722.369,1.0,347.176,743.568,1.0,343.671,751.268,1.0,342.328,761.659,1.0,343.236,770.301,1.0,350.131,773.903,1.0
299,895.67,703.415,1.0,893.547,693.427,1.0,888.953,689.439,1.0,882.346,679.187,1.0,876.066,673.147,1.0,733.329,855.195,1.0,733.049,851.499,1.0,731.711,846.268,1.0,735.012,840.944,1.0,740.489,830.739,1.0,336.586,271.727,1.0,331.649,263.981,1.0,328.044,254.965,1.0,318.573,245.892,1.0,311.355,244.661,1.0,902.797,753.286,1.0,911.062,747.02,1.0,913.724,737.083,1.0,917.719,728.595,1.0,917.948,722.375,1.0,347.751,741.776,1.0,345.309,749.327,1.0,344.611,761.383,1.0,343.457,767.931,1.0,350.131,773.349,1.0
300,896.101,704.991,1.0,893.474,695.597,1.0,890.677,690.76,1.0,884.081,682.506,1.0,876.478,678.338,1.0,743.012,854.352,1.0,734.545,851.499,1.0,732.228,845.815,1.0,733.206,837.547,1.0,740.657,830.739,1.0,337.003,271.727,1.0,332.322,263.928,1.0,328.044,254.965,1.0,318.916,245.892,1.0,311.491,244.724,1.0,901.303,753.396,1.0,907.726,747.117,1.0,913.693,737.704,1.0,917.077,730.077,1.0,917.948,724.082,1.0,347.156,739.665,1.0,345.309,748.647,1.0,344.631,760.413,1.0,343.457,767.026,1.0,350.131,773.346,1.0
301,896.101,710.443,1.0,894.541,699.612,1.0,891.454,694.753,1.0,884.081,685.371,1.0,878.574,678.338,1.0,743.683,852.601,1.0,736.586,852.103,1.0,733.908,846.648,1.0,733.206,837.547,1.0,740.83,832.17,1.0,337.481,270.75,1.0,334.017,263.103,1.0,328.05,254.965,1.0,319.842,246.635,1.0,313.461,246.377,1.0,901.125,754.262,1.0,907.466,747.629,1.0,913.296,738.641,1.0,916.432,734.208,1.0,920.18,726.295,1.0,346.699,737.653,1.0,346.023,746.691,1.0,344.631,760.362,1.0,343.457,766.123,1.0,349.648,773.2,1.0
302,895.957,716.165,1.0,894.541,700.966,1.0,892.876,696.684,1.0,884.081,686.678,1.0,880.417,678.931,1.0,745.21,852.575,1.0,738.29,855.899,1.0,735.028,846.751,1.0,733.206,837.547,1.0,741.489,832.306,1.0,337.92,270.75,1.0,334.869,262.162,1.0,328.122,256.953,1.0,322.439,251.605,1.0,316.151,248.78,1.0,901.125,756.147,1.0,905.565,747.629,1.0,911.515,739.807,1.0,915.426,736.745,1.0,920.18,727.432,1.0,345.378,736.949,1.0,346.023,745.44,1.0,344.631,758.562,1.0,343.35,765.534,1.0,349.648,773.2,1.0
303,896.101,716.246,1.0,892.03,703.058,1.0,893.154,696.94,1.0,883.406,686.836,1.0,883.542,680.635,1.0,745.994,851.07,1.0,738.29,855.899,1.0,735.512,846.648,1.0,733.856,839.131,1.0,741.634,833.023,1.0,343.005,268.624,1.0,336.738,262.109,1.0,328.524,259.639,1.0,323.85,252.898,1.0,317.573,249.304,1.0,900.986,756.263,1.0,905.517,748.258,1.0,911.337,739.816,1.0,915.189,736.977,1.0,920.18,729.172,1.0,343.295,736.803,1.0,346.023,745.414,1.0,344.611,754.916,1.0,343.069,762.89,1.0,349.648,772.979,1.0
304,896.422,716.246,1.0,892.03,703.44,1.0,893.338,697.004,1.0,883.406,687.946,1.0,883.561,680.635,1.0,747.003,850.835,1.0,738.29,855.899,1.0,735.698,846.022,1.0,734.218,839.306,1.0,742.542,833.285,1.0,344.482,268.611,1.0,336.744,261.267,1.0,328.936,259.786,1.0,323.971,253.008,1.0,318.184,249.397,1.0,900.936,757.044,1.0,904.548,749.74,1.0,910.309,741.386,1.0,914.944,737.809,1.0,919.801,731.055,1.0,342.818,736.669,1.0,345.531,745.414,1.0,344.308,753.299,1.0,342.806,761.043,1.0,352.744,772.932,1.0
305,901.908,716.246,1.0,892.65,705.352,1.0,893.338,697.209,1.0,883.406,687.946,1.0,883.806,680.635,1.0,748.269,850.467,1.0,742.042,852.992,1.0,735.698,846.751,1.0,735.86,839.379,1.0,745.003,833.296,1.0,344.482,268.611,1.0,336.895,261.774,1.0,329.157,259.79,1.0,324.111,253.131,1.0,318.188,249.397,1.0,899.721,758.641,1.0,904.508,752.426,1.0,908.946,743.676,1.0,909.504,738.004,1.0,917.432,733.687,1.0,342.664,736.669,1.0,344.371,745.023,1.0,344.25,753.259,1.0,342.336,761.004,1.0,352.744,772.979,1.0
306,902.976,709.556,1.0,892.65,706.125,1.0,893.338,698.709,1.0,884.187,689.981,1.0,885.32,682.4,1.0,748.269,850.267,1.0,742.042,851.648,1.0,735.698,846.751,1.0,736.444,839.545,1.0,745.003,833.296,1.0,344.531,268.611,1.0,337.388,262.109,1.0,329.429,260.219,1.0,324.314,253.135,1.0,318.625,249.505,1.0,898.292,759.836,1.0,904.256,752.788,1.0,907.618,745.35,1.0,908.262,738.958,1.0,916.521,734.972,1.0,342.323,736.416,1.0,343.306,745.049,1.0,344.014,752.906,1.0,342.336,760.952,1.0,352.744,773.101,1.0
307,904.782,709.556,1.0,897.494,706.252,1.0,893.338,700.096,1.0,885.406,694.1,1.0,886.804,686.309,1.0,749.449,844.948,1.0,743.37,850.692,1.0,732.441,847.17,1.0,737.001,841.088,1.0,745.533,833.285,1.0,344.559,272.151,1.0,338.024,262.109,1.0,329.704,260.219,1.0,324.684,253.203,1.0,319.819,249.796,1.0,897.119,765.559,1.0,898.488,755.83,1.0,907.333,748.141,1.0,908.041,745.143,1.0,915.81,735.725,1.0,342.168,736.416,1.0,341.388,745.023,1.0,344.014,752.906,1.0,342.336,760.759,1.0,352.581,773.101,1.0
308,905.514,709.556,1.0,897.751,706.392,1.0,893.554,700.131,1.0,885.543,694.23,1.0,887.469,686.309,1.0,749.449,843.065,1.0,743.76,850.549,1.0,732.441,847.17,1.0,737.67,841.595,1.0,745.533,833.296,1.0,344.716,273.355,1.0,339.172,265.123,1.0,332.384,262.495,1.0,325.087,256.527,1.0,321.958,250.352,1.0,896.782,765.636,1.0,898.248,756.002,1.0,907.272,748.344,1.0,907.675,745.45,1.0,915.81,736.142,1.0,338.945,736.369,1.0,340.652,745.023,1.0,344.014,752.906,1.0,342.923,759.43,1.0,352.06,773.219,1.0
309,909.674,713.134,1.0,898.557,706.804,1.0,893.318,700.131,1.0,888.018,694.503,1.0,887.775,686.309,1.0,749.449,843.065,1.0,743.76,848.591,1.0,732.441,847.17,1.0,738.119,841.595,1.0,745.533,833.296,1.0,346.626,273.93,1.0,340.715,267.329,1.0,335.757,262.713,1.0,325.716,256.8,1.0,323.853,251.74,1.0,896.745,765.875,1.0,897.994,756.368,1.0,907.024,748.346,1.0,907.293,745.483,1.0,915.671,736.401,1.0,337.161,736.051,1.0,340.223,744.237,1.0,343.392,754.907,1.0,343.079,759.133,1.0,351.711,773.243,1.0
310,909.674,713.745,1.0,899.273,707.248,1.0,892.827,701.314,1.0,888.121,695.004,1.0,889.514,685.784,1.0,753.091,843.065,1.0,743.76,848.591,1.0,734.485,847.17,1.0,738.119,841.595,1.0,745.533,833.754,1.0,346.642,274.365,1.0,341.887,268.567,1.0,335.757,262.888,1.0,325.716,257.802,1.0,324.241,252.701,1.0,896.42,766.392,1.0,896.817,756.381,1.0,906.466,749.197,1.0,907.144,746.102,1.0,915.616,736.49,1.0,335.698,735.135,1.0,339.688,744.094,1.0,343.392,754.907,1.0,343.079,758.814,1.0,351.491,773.243,1.0
311,909.921,714.042,1.0,899.895,707.729,1.0,893.231,701.971,1.0,888.26,695.004,1.0,889.763,685.784,1.0,755.137,843.065,1.0,744.754,848.322,1.0,736.131,847.17,1.0,737.67,841.595,1.0,745.533,834.031,1.0,346.822,274.365,1.0,342.114,268.659,1.0,335.841,262.888,1.0,325.716,258.027,1.0,324.49,252.756,1.0,895.967,767.139,1.0,895.759,756.459,1.0,904.308,752.446,1.0,905.811,746.102,1.0,912.088,738.84,1.0,335.698,734.046,1.0,339.084,744.049,1.0,343.392,754.907,1.0,342.923,758.814,1.0,351.193,773.243,1.0
312,910.096,716.115,1.0,901.206,708.894,1.0,893.231,702.343,1.0,889.015,695.339,1.0,889.933,685.784,1.0,760.215,842.049,1.0,752.941,844.921,1.0,742.453,848.611,1.0,738.069,844.687,1.0,741.811,834.6,1.0,346.827,274.378,1.0,342.285,268.893,1.0,336.201,263.096,1.0,325.984,258.181,1.0,324.572,252.768,1.0,895.219,767.139,1.0,895.38,756.876,1.0,903.751,752.714,1.0,905.718,746.102,1.0,911.385,739.844,1.0,335.698,732.934,1.0,339.084,743.538,1.0,342.674,753.971,1.0,342.838,758.905,1.0,350.919,773.243,1.0
313,910.625,718.447,1.0,905.466,709.115,1.0,893.231,704.435,1.0,889.29,696.296,1.0,889.972,687.165,1.0,761.515,841.634,1.0,753.111,841.405,1.0,743.443,848.611,1.0,738.069,844.687,1.0,739.073,835.152,1.0,346.862,274.737,1.0,343.298,269.984,1.0,336.685,263.352,1.0,326.379,259.534,1.0,325.144,252.772,1.0,893.1,767.411,1.0,895.019,759.821,1.0,903.744,754.535,1.0,902.929,740.648,1.0,911.334,739.963,1.0,338.356,732.934,1.0,339.084,743.141,1.0,342.674,753.971,1.0,342.838,759.133,1.0,350.919,773.308,1.0
314,914.175,723.147,1.0,908.088,709.399,1.0,895.66,707.169,1.0,890.48,698.739,1.0,890.94,691.757,1.0,763.331,840.015,1.0,754.009,841.331,1.0,743.531,848.611,1.0,738.069,844.687,1.0,739.057,836.083,1.0,347.883,275.124,1.0,344.944,273.652,1.0,337.898,265.987,1.0,327.713,260.044,1.0,327.301,253.343,1.0,892.402,767.411,1.0,894.678,760.474,1.0,903.59,754.535,1.0,902.929,740.648,1.0,911.334,740.561,1.0,342.148,732.934,1.0,340.119,743.141,1.0,342.33,753.133,1.0,342.838,759.92,1.0,350.919,773.308,1.0
315,914.478,723.147,1.0,908.088,709.533,1.0,895.66,707.228,1.0,890.606,698.739,1.0,890.94,691.793,1.0,763.707,839.832,1.0,755.202,840.989,1.0,744.976,847.182,1.0,740.814,844.597,1.0,738.936,836.181,1.0,353.168,280.868,1.0,349.26,276.319,1.0,341.579,267.953,1.0,328.456,260.044,1.0,327.589,254.33,1.0,890.573,764.773,1.0,894.016,760.474,1.0,903.432,754.535,1.0,902.929,740.648,1.0,911.334,740.561,1.0,342.329,734.694,1.0,341.681,743.141,1.0,342.33,753.133,1.0,342.838,760.071,1.0,350.919,773.308,1.0
316,914.478,723.147,1.0,908.088,709.902,1.0,895.66,707.228,1.0,890.905,698.739,1.0,890.94,691.879,1.0,767.401,839.353,1.0,759.761,840.836,1.0,751.715,845.999,1.0,744.959,844.479,1.0,738.395,836.285,1.0,354.991,282.543,1.0,350.123,276.764,1.0,342.292,268.715,1.0,331.521,260.298,1.0,327.985,257.572,1.0,888.739,762.396,1.0,893.751,760.474,1.0,903.065,753.597,1.0,904.619,748.952,1.0,912.345,740.561,1.0,343.216,734.694,1.0,342.443,744.806,1.0,342.949,754.235,1.0,342.838,762.093,1.0,352.06,773.959,1.0
317,914.511,723.054,1.0,908.088,710.672,1.0,895.103,707.228,1.0,890.939,698.778,1.0,890.94,691.881,1.0,767.666,839.273,1.0,761.23,840.412,1.0,753.417,845.89,1.0,745.157,844.047,1.0,738.395,836.897,1.0,355.116,282.634,1.0,350.126,276.803,1.0,342.302,268.863,1.0,331.611,260.298,1.0,328.448,257.802,1.0,888.739,762.396,1.0,892.658,759.358,1.0,902.866,753.379,1.0,905.429,749.458,1.0,912.403,739.823,1.0,345.209,736.884,1.0,344.867,744.806,1.0,342.949,757.331,1.0,342.775,763.412,1.0,352.06,773.959,1.0
318,914.478,722.665,1.0,908.088,710.891,1.0,895.103,707.196,1.0,891.019,698.778,1.0,890.94,691.881,1.0,769.111,838.715,1.0,761.612,839.747,1.0,754.483,844.549,1.0,745.879,844.047,1.0,738.395,837.557,1.0,355.234,282.648,1.0,350.275,276.809,1.0,342.641,268.892,1.0,331.657,260.298,1.0,328.448,258.225,1.0,888.503,762.396,1.0,892.454,759.358,1.0,902.828,753.271,1.0,905.429,749.458,1.0,912.407,739.405,1.0,346.485,736.884,1.0,345.363,745.412,1.0,341.869,757.969,1.0,342.775,763.412,1.0,345.968,773.517,1.0
319,914.478,722.616,1.0,908.815,710.995,1.0,895.103,707.228,1.0,891.019,700.448,1.0,892.158,693.022,1.0,769.508,838.143,1.0,761.612,839.747,1.0,754.544,844.549,1.0,745.95,843.88,1.0,740.141,840.569,1.0,356.227,283.263,1.0,350.275,277.423,1.0,343.352,270.298,1.0,332.385,260.992,1.0,328.981,259.57,1.0,888.634,762.661,1.0,892.488,759.358,1.0,902.704,753.271,1.0,905.429,748.952,1.0,912.596,739.356,1.0,346.485,737.439,1.0,345.363,745.412,1.0,341.869,758.156,1.0,342.727,763.904,1.0,345.968,772.802,1.0
320,915.145,722.37,1.0,910.812,713.097,1.0,901.814,709.02,1.0,896.064,706.259,1.0,892.317,694.19,1.0,772.065,837.354,1.0,763.766,839.747,1.0,755.571,843.801,1.0,747.276,843.88,1.0,741.5,840.569,1.0,357.756,283.944,1.0,350.275,279.292,1.0,345.052,272.785,1.0,336.976,263.203,1.0,330.604,262.204,1.0,888.634,763.633,1.0,892.454,759.397,1.0,902.32,753.379,1.0,905.196,748.264,1.0,912.815,738.731,1.0,346.485,737.439,1.0,345.363,745.508,1.0,341.869,758.411,1.0,342.775,763.904,1.0,347.196,773.517,1.0
321,915.145,722.37,1.0,912.206,714.847,1.0,901.857,715.223,1.0,897.778,708.563,1.0,893.091,695.727,1.0,774.967,837.149,1.0,768.027,840.692,1.0,756.314,843.285,1.0,749.663,843.532,1.0,742.338,843.039,1.0,361.737,284.675,1.0,350.273,282.077,1.0,346.056,273.27,1.0,339.84,268.218,1.0,332.281,264.271,1.0,888.503,763.667,1.0,892.338,759.543,1.0,902.32,753.567,1.0,904.967,748.264,1.0,912.992,738.124,1.0,346.485,742.067,1.0,345.499,747.786,1.0,341.869,761.237,1.0,343.036,763.904,1.0,345.968,772.802,1.0
322,915.145,722.37,1.0,912.206,716.009,1.0,902.319,715.673,1.0,898.156,709.105,1.0,893.17,695.727,1.0,775.537,836.167,1.0,768.156,840.692,1.0,756.387,843.264,1.0,749.815,843.376,1.0,742.995,843.039,1.0,361.764,285.158,1.0,350.098,282.098,1.0,346.416,273.633,1.0,340.173,268.657,1.0,333.239,264.573,1.0,887.909,763.667,1.0,892.454,759.543,1.0,902.32,753.862,1.0,904.791,748.195,1.0,913.309,737.763,1.0,346.485,748.371,1.0,344.385,752.845,1.0,342.606,763.235,1.0,346.093,764.217,1.0,347.196,773.517,1.0
323,915.17,725.107,1.0,912.206,717.128,1.0,902.89,715.812,1.0,900.023,710.658,1.0,893.395,697.495,1.0,776.252,836.11,1.0,768.187,840.692,1.0,756.468,843.094,1.0,750.3,843.337,1.0,743.129,843.039,1.0,361.906,285.158,1.0,350.098,282.098,1.0,346.505,273.659,1.0,340.286,268.721,1.0,333.251,264.699,1.0,887.311,763.667,1.0,892.338,759.397,1.0,902.32,753.862,1.0,904.476,748.162,1.0,913.309,733.992,1.0,343.717,752.413,0.9120000004768372,341.851,758.421,0.9990000128746033,342.606,764.811,1.0,346.935,771.737,1.0,352.616,774.763,0.9810000061988831
324,915.345,733.774,1.0,910.047,722.093,1.0,905.69,715.812,1.0,900.023,710.658,1.0,894.505,699.016,1.0,777.275,835.52,1.0,769.515,840.384,1.0,757.713,842.486,1.0,751.213,842.714,1.0,744.214,842.203,1.0,362.04,285.158,1.0,350.273,282.077,1.0,346.631,273.705,1.0,340.342,268.796,1.0,333.338,264.766,1.0,884.654,761.025,1.0,892.085,758.66,1.0,902.32,753.862,1.0,904.401,746.133,1.0,913.309,732.444,1.0,332.871,753.249,1.0,338.656,758.94,1.0,342.606,765.27,1.0,348.06,774.253,1.0,355.523,775.223,1.0
325,915.38,735.002,1.0,910.047,728.582,1.0,910.637,716.22,1.0,900.96,710.658,1.0,896.643,702.533,1.0,780.668,833.316,1.0,770.314,837.677,1.0,764.943,841.355,1.0,752.919,840.442,1.0,748.213,842.031,1.0,362.04,284.643,1.0,356.087,277.476,1.0,346.631,274.256,1.0,340.527,268.833,1.0,334.685,264.766,1.0,,,,,,,,,,,,,,,,332.871,753.582,1.0,338.22,759.358,1.0,342.513,765.412,1.0,348.242,774.275,1.0,356.263,775.261,1.0
326,916.358,735.239,1.0,910.047,728.582,1.0,910.76,716.358,1.0,901.48,710.279,1.0,897.719,703.072,1.0,781.476,832.994,1.0,773.407,835.265,1.0,765.026,839.731,1.0,755.525,839.743,1.0,749.909,841.353,1.0,363.681,283.767,1.0,357.459,277.476,1.0,347.381,275.255,1.0,340.838,269.109,1.0,335.443,264.766,1.0,,,,,,,,,,,,,,,,332.871,753.582,1.0,338.22,759.358,1.0,342.513,765.736,1.0,348.284,774.275,1.0,356.362,775.976,1.0
327,916.923,735.652,1.0,910.55,728.596,1.0,911.901,716.358,1.0,901.48,710.279,1.0,897.76,704.338,1.0,782.486,832.994,1.0,774.02,834.356,1.0,765.114,839.532,1.0,756.051,839.74,1.0,749.909,840.941,1.0,367.024,282.653,1.0,359.061,277.476,1.0,349.671,277.341,1.0,340.838,269.784,1.0,335.903,265.708,1.0,,,,,,,,,,,,,,,,333.707,754.946,1.0,338.22,759.358,1.0,342.513,765.736,1.0,348.319,774.253,1.0,356.524,776.189,1.0
328,917.276,736.119,1.0,910.55,728.596,1.0,911.901,718.32,1.0,901.48,710.279,1.0,899.198,705.673,1.0,782.694,832.994,1.0,774.18,833.988,1.0,765.114,839.407,1.0,756.214,839.634,1.0,749.909,840.903,1.0,367.052,282.653,1.0,359.431,277.731,1.0,349.957,277.752,1.0,341.189,269.8,1.0,337.177,265.661,1.0,,,,,,,,,,,,,,,,333.707,755.925,1.0,338.389,759.701,1.0,343.059,765.736,1.0,348.319,774.151,1.0,356.362,776.362,1.0
329,917.276,736.119,1.0,910.55,740.94,1.0,911.901,718.32,1.0,902.229,713.945,1.0,899.273,705.673,1.0,783.254,835.059,1.0,774.459,833.197,1.0,765.417,837.973,1.0,757.466,838.814,1.0,749.884,840.903,1.0,367.552,282.653,1.0,359.901,277.946,1.0,350.386,278.472,1.0,341.189,269.956,1.0,337.747,265.661,1.0,,,,,,,,,,,,,,,,333.707,764.819,1.0,338.455,759.81,1.0,343.285,765.889,1.0,348.49,773.753,1.0,356.362,776.362,1.0
330,916.923,735.936,1.0,909.492,741.347,1.0,911.435,718.32,1.0,904.123,732.493,1.0,899.273,705.673,1.0,783.315,835.059,1.0,775.509,833.197,1.0,766.029,837.973,1.0,757.785,838.197,1.0,749.78,840.878,1.0,367.552,283.181,1.0,359.901,277.972,1.0,350.473,278.563,1.0,341.159,270.769,1.0,338.181,265.748,1.0,,,,,,,,,,,,,,,,333.687,765.381,1.0,338.455,759.81,1.0,343.285,765.889,1.0,348.745,773.742,1.0,356.413,776.362,1.0
331,916.346,735.873,1.0,909.492,741.439,1.0,911.431,717.308,1.0,904.123,732.493,1.0,899.363,705.673,1.0,783.254,835.059,1.0,775.899,832.378,1.0,766.073,837.973,1.0,757.871,838.197,1.0,749.78,840.878,1.0,367.552,283.354,1.0,359.901,278.025,1.0,350.473,278.563,1.0,341.159,270.808,1.0,338.182,265.994,1.0,,,,,,,,,,,,,,,,332.793,766.175,1.0,338.455,759.701,1.0,343.285,765.889,1.0,348.745,773.596,1.0,356.293,776.596,1.0
332,916.118,735.873,1.0,909.492,741.439,1.0,911.003,717.076,1.0,904.123,732.493,1.0,899.363,705.651,1.0,783.039,830.274,1.0,775.899,832.378,1.0,766.382,839.227,1.0,757.871,838.197,1.0,749.884,840.817,1.0,367.188,286.186,1.0,359.485,278.174,1.0,350.473,278.563,1.0,341.159,270.808,1.0,338.182,265.994,1.0,,,,,,,,,,,,,,,,332.323,766.911,1.0,338.321,759.701,1.0,342.906,765.27,1.0,348.751,773.535,1.0,356.277,776.596,1.0
333,916.118,735.373,1.0,909.635,741.439,1.0,910.835,716.85,1.0,899.754,717.721,1.0,899.363,705.651,1.0,783.039,829.399,1.0,775.509,832.378,1.0,766.382,839.55,1.0,757.871,838.404,1.0,749.925,841.067,1.0,361.415,286.186,1.0,358.436,278.964,1.0,350.757,278.563,1.0,340.998,270.808,1.0,338.612,266.203,1.0,,,,,,,,,,,,,,,,332.131,767.161,1.0,337.878,759.773,1.0,342.582,765.265,1.0,348.745,773.17,1.0,356.277,777.084,1.0
334,916.118,735.01,1.0,915.214,734.932,1.0,910.261,716.85,1.0,899.754,716.822,1.0,899.363,705.895,1.0,782.245,829.285,1.0,774.709,832.552,1.0,766.382,839.55,1.0,757.58,838.613,1.0,750.075,841.002,1.0,357.557,287.213,1.0,358.436,279.781,1.0,351.328,278.563,1.0,339.923,270.862,1.0,338.641,266.395,1.0,,,,,,,,,,,,,,,,331.577,767.193,1.0,337.625,759.773,1.0,342.412,765.265,1.0,348.769,772.797,1.0,356.277,777.084,1.0
335,917.602,734.794,1.0,915.216,734.816,1.0,909.807,717.076,1.0,899.754,716.822,1.0,900.083,705.895,1.0,781.111,828.75,1.0,772.835,832.552,1.0,766.124,839.55,1.0,757.337,838.882,1.0,750.146,841.002,1.0,355.213,287.872,1.0,358.307,279.853,1.0,351.865,278.717,1.0,339.011,270.56,1.0,338.774,266.47,1.0,,,,,,,,,,,,,,,,331.255,767.193,1.0,337.601,759.773,1.0,342.256,765.27,1.0,348.708,772.57,1.0,356.275,777.084,1.0
336,918.77,733.403,1.0,915.216,734.816,1.0,909.553,717.572,1.0,899.806,716.822,1.0,900.229,705.974,1.0,780.31,828.742,1.0,770.944,832.552,1.0,765.467,839.55,1.0,757.337,839.525,1.0,750.312,840.425,1.0,353.822,290.23,1.0,358.307,280.988,1.0,352.002,278.717,1.0,339.011,270.56,1.0,338.823,266.47,1.0,,,,,,,,,,,,,,,,329.986,767.161,1.0,337.069,759.823,1.0,342.256,765.71,1.0,348.614,772.57,1.0,355.335,776.599,1.0
337,919.575,733.018,1.0,915.214,734.555,1.0,909.263,718.623,1.0,900.805,711.672,1.0,900.229,705.974,1.0,774.227,828.111,1.0,767.922,832.402,1.0,764.629,838.923,1.0,757.58,839.713,1.0,750.585,840.425,1.0,352.915,290.282,1.0,357.567,281.353,1.0,352.179,277.903,1.0,339.451,270.686,1.0,338.823,266.395,1.0,,,,,,,,,,,,,,,,329.23,766.836,1.0,336.046,759.856,1.0,342.256,765.898,1.0,348.614,772.494,1.0,355.311,776.48,1.0
338,919.575,732.629,1.0,914.547,734.555,1.0,909.004,718.696,1.0,900.954,711.672,1.0,900.229,705.925,1.0,768.953,826.331,1.0,767.311,832.492,1.0,764.629,838.784,1.0,757.912,839.713,1.0,750.592,840.173,1.0,352.915,293.616,1.0,357.524,282.995,1.0,352.585,277.903,1.0,339.667,270.817,1.0,339.143,266.395,1.0,,,,,,,,,,,,,,,,329.111,766.394,1.0,335.678,759.97,1.0,347.263,767.531,1.0,348.614,772.383,1.0,355.191,776.48,1.0
339,918.77,732.52,1.0,913.717,734.551,1.0,901.358,736.694,1.0,901.295,718.086,1.0,899.846,705.705,1.0,767.234,826.331,1.0,766.395,832.402,1.0,766.124,838.784,1.0,758.463,839.713,1.0,750.686,838.89,1.0,352.915,294.154,1.0,357.273,283.224,1.0,352.179,278.861,1.0,339.667,270.817,1.0,339.26,266.571,1.0,,,,,,,,,,,,,,,,329.111,766.17,1.0,335.678,760.178,1.0,347.263,767.574,1.0,348.614,772.383,1.0,355.191,776.599,1.0
340,883.041,732.289,1.0,911.898,733.381,1.0,900.809,736.912,1.0,903.646,744.715,1.0,899.163,705.623,1.0,766.842,826.331,1.0,766.395,832.291,1.0,765.24,838.784,1.0,759.013,839.713,1.0,752.873,837.492,1.0,353.29,299.702,1.0,354.111,287.486,1.0,352.002,279.385,1.0,341.035,271.592,1.0,339.885,266.406,1.0,,,,,,,,,,,,,,,,329.23,766.17,1.0,335.678,760.178,1.0,347.263,767.66,1.0,348.651,772.657,1.0,355.191,776.599,1.0
341,883.041,732.289,1.0,911.898,731.464,1.0,900.809,737.061,1.0,903.646,746.374,1.0,896.724,703.941,1.0,763.169,826.967,1.0,766.395,831.742,1.0,765.24,839.818,1.0,759.013,838.599,1.0,753.288,834.771,1.0,353.313,300.262,1.0,354.111,288.913,1.0,350.796,283.036,1.0,343.12,273.229,1.0,340.491,266.554,1.0,,,,,,,,,,,,,,,,329.681,766.17,1.0,336.707,760.539,1.0,341.676,767.66,1.0,348.906,773.231,1.0,355.191,776.321,1.0
342,883.041,732.289,1.0,911.898,731.295,1.0,900.809,736.912,1.0,903.646,746.374,1.0,896.724,703.941,1.0,761.766,828.367,0.9980000257492065,766.395,830.788,0.9990000128746033,765.733,839.818,1.0,760.021,838.599,0.9800000190734863,753.705,834.771,0.9789999723434448,353.465,300.716,1.0,353.825,289.87,1.0,350.796,283.036,1.0,343.12,273.818,1.0,340.491,266.673,1.0,,,,,,,,,,,,,,,,329.748,766.483,1.0,336.929,760.865,1.0,341.676,768.053,1.0,349.154,773.701,1.0,355.583,775.721,1.0
343,884.604,732.797,1.0,911.026,730.983,1.0,900.809,736.694,1.0,902.822,746.374,1.0,896.611,703.941,1.0,761.123,828.367,0.996999979019165,766.395,830.788,0.9990000128746033,765.24,839.818,1.0,759.241,838.599,0.9890000224113464,753.836,834.253,0.9800000190734863,353.313,301.174,1.0,353.825,289.967,1.0,350.796,283.036,1.0,343.12,274.231,1.0,340.491,267.151,1.0,,,,,,,,,,,,,,,,330.576,766.483,1.0,337.439,761.42,1.0,341.676,768.053,1.0,349.784,774.429,1.0,356.17,775.721,1.0
344,916.297,732.895,1.0,913.079,730.907,1.0,900.598,734.256,1.0,899.539,745.042,1.0,896.724,703.941,1.0,759.832,826.967,1.0,766.074,829.414,1.0,764.951,838.537,1.0,759.241,838.816,0.9990000128746033,753.913,834.771,0.9959999918937683,353.313,301.63,1.0,351.435,290.181,1.0,352.296,282.265,1.0,343.12,274.303,1.0,340.491,266.554,1.0,,,,,,,,,,,,,,,,331.905,766.483,1.0,339.49,761.595,1.0,342.367,768.053,1.0,350.031,774.484,1.0,357.791,775.721,1.0
345,916.297,733.488,1.0,914.231,730.036,1.0,897.87,732.257,1.0,897.938,745.042,1.0,897.197,704.313,1.0,758.535,825.477,1.0,763.704,829.269,1.0,764.698,838.472,1.0,759.241,838.816,1.0,755.857,834.838,0.996999979019165,353.306,301.63,1.0,350.968,290.342,1.0,352.296,282.265,1.0,343.12,274.861,1.0,340.491,267.524,1.0,,,,,,,,,,,,,,,,334.075,766.065,1.0,341.128,761.978,1.0,345.656,768.122,1.0,351.523,776.766,1.0,361.21,778.206,1.0
346,916.297,733.488,1.0,915.024,729.886,1.0,897.544,731.746,1.0,889.194,745.042,1.0,897.197,704.313,1.0,755.471,817.099,1.0,759.534,827.665,1.0,763.451,837.168,1.0,759.241,839.209,1.0,756.083,837.307,0.996999979019165,352.058,301.63,1.0,350.968,292.74,1.0,352.296,282.265,1.0,345.247,277.355,1.0,342.208,267.97,1.0,,,,,,,,,,,,,,,,334.111,765.641,1.0,341.565,762.12,1.0,347.846,768.122,1.0,354.491,776.766,1.0,362.946,778.206,1.0
347,916.297,732.946,1.0,915.24,729.207,1.0,897.544,731.332,1.0,889.038,745.264,1.0,896.849,704.169,1.0,755.32,815.216,1.0,759.07,825.442,1.0,760.226,832.701,1.0,759.241,839.334,1.0,756.083,841.508,1.0,352.058,301.725,1.0,350.968,293.896,1.0,352.296,283.616,1.0,346.82,279.57,1.0,342.208,269.624,1.0,,,,,,,,,,,,,,,,336.699,762.37,1.0,346.25,766.3,1.0,351.45,768.122,1.0,355.266,776.891,1.0,364.027,778.206,1.0
348,916.009,732.946,1.0,915.24,729.886,1.0,897.074,731.332,1.0,888.633,745.264,1.0,896.926,703.806,1.0,754.861,814.677,1.0,758.505,824.302,1.0,760.226,832.601,1.0,759.402,839.334,1.0,756.083,841.764,1.0,352.058,302.334,1.0,351.912,294.39,1.0,352.742,284.193,1.0,346.863,279.949,1.0,342.208,270.532,1.0,,,,,,,,,,,,,,,,337.569,762.37,1.0,346.374,766.436,1.0,352.892,769.389,1.0,355.266,776.891,1.0,364.197,778.016,1.0
349,915.057,732.946,1.0,915.024,729.207,1.0,896.412,731.332,1.0,887.855,745.264,1.0,896.849,704.169,1.0,754.092,814.331,1.0,758.033,823.388,1.0,760.102,832.272,1.0,759.596,839.334,1.0,756.083,842.211,1.0,353.227,302.334,1.0,351.981,294.552,1.0,353.779,288.708,1.0,346.924,279.949,1.0,342.186,270.636,1.0,,,,,,,,,,,,,,,,337.874,762.174,1.0,346.374,766.436,1.0,352.892,769.389,1.0,355.537,775.974,1.0,364.197,778.016,1.0
350,908.471,732.946,1.0,903.216,728.982,0.9980000257492065,896.412,731.332,1.0,885.242,743.428,1.0,896.849,704.169,1.0,753.619,812.989,1.0,755.933,820.141,1.0,759.918,830.66,1.0,760.341,838.77,1.0,758.074,842.211,1.0,353.385,302.376,1.0,351.981,294.552,1.0,353.779,288.733,1.0,347.109,280.168,1.0,342.186,270.832,1.0,,,,,,,,,,,,,,,,337.874,761.412,0.9919999837875366,346.374,766.3,1.0,351.45,769.389,1.0,355.537,774.438,1.0,364.197,778.016,0.8479999899864197
351,901.612,724.444,1.0,903.216,727.505,1.0,903.696,721.301,1.0,884.637,735.209,1.0,896.198,705.591,0.9980000257492065,751.352,812.903,1.0,755.597,817.923,1.0,759.485,826.318,1.0,760.37,836.144,1.0,759.847,841.764,1.0,353.857,302.449,1.0,351.912,294.608,1.0,353.779,289.088,1.0,347.138,279.949,1.0,342.186,270.991,1.0,,,,,,,,,,,,,,,,337.874,761.412,1.0,346.374,766.673,1.0,351.45,769.389,1.0,355.55,774.438,1.0,364.197,780.068,1.0
352,873.553,721.318,1.0,902.89,728.982,1.0,903.602,722.6,1.0,884.637,734.659,1.0,896.245,705.985,1.0,751.35,811.817,1.0,755.244,815.309,1.0,759.032,825.57,1.0,760.538,835.336,1.0,760.348,841.397,1.0,354.019,302.769,1.0,351.912,294.99,1.0,353.644,289.64,1.0,347.182,279.949,1.0,343.253,271.548,1.0,,,,,,,,,,,,,,,,342.575,766.89,1.0,351.133,766.263,1.0,352.852,770.634,1.0,357.128,774.438,1.0,365.778,780.355,1.0
353,872.484,720.808,1.0,902.89,728.982,1.0,903.696,722.6,1.0,884.382,733.531,1.0,896.198,707.47,1.0,751.35,811.099,1.0,754.865,815.143,1.0,758.704,825.5,1.0,760.37,835.236,1.0,760.467,841.027,1.0,354.574,305.634,1.0,352.208,297.234,1.0,353.621,291.403,1.0,347.884,281.282,1.0,347.5,275.008,1.0,,,,,,,,,,,,,,,,342.575,766.89,1.0,346.351,766.263,1.0,352.852,774.708,1.0,357.925,775.348,1.0,367.243,786.212,1.0
354,872.484,720.808,1.0,902.159,730.348,1.0,903.964,722.309,1.0,884.054,733.531,1.0,896.152,707.47,1.0,751.352,811.09,1.0,754.625,813.755,1.0,758.061,824.642,1.0,760.37,834.764,1.0,760.55,840.193,1.0,354.899,309.361,1.0,353.023,299.655,1.0,348.41,294.338,1.0,347.939,281.315,1.0,349.055,277.023,1.0,,,,,,,,,,,,,,,,346.905,767.733,1.0,348.717,766.263,1.0,354.081,775.145,1.0,357.925,775.535,1.0,367.667,786.212,1.0
355,872.484,720.808,1.0,901.642,730.348,1.0,904.154,722.309,1.0,884.054,733.319,1.0,896.152,707.599,1.0,754.999,805.645,1.0,753.43,811.968,1.0,756.359,824.37,1.0,759.472,825.153,1.0,761.979,837.963,1.0,355.453,315.276,1.0,353.448,302.23,1.0,348.128,296.523,1.0,348.344,282.624,1.0,350.008,277.916,1.0,,,,,,,,,,,,,,,,355.833,767.733,1.0,351.133,766.263,1.0,354.081,775.802,1.0,357.925,775.694,1.0,367.667,786.566,1.0
356,872.484,720.808,1.0,901.642,730.348,1.0,904.952,722.309,1.0,884.054,733.319,1.0,895.797,707.599,1.0,754.999,805.333,1.0,753.042,811.558,1.0,756.3,823.648,1.0,759.4,824.846,1.0,761.979,837.757,1.0,355.453,315.995,1.0,353.48,302.417,1.0,348.128,297.229,1.0,348.344,282.833,1.0,350.008,278.226,1.0,,,,,,,,,,,,,,,,360.088,766.89,1.0,352.027,766.263,1.0,353.42,775.802,1.0,357.925,776.03,1.0,367.667,786.566,1.0
357,899.285,739.684,1.0,901.465,730.772,1.0,905.562,721.36,1.0,881.664,733.319,1.0,895.797,707.654,1.0,754.999,804.886,1.0,752.942,811.319,1.0,756.3,823.394,1.0,759.102,824.265,1.0,761.979,837.618,1.0,355.453,316.251,1.0,353.448,303.385,1.0,348.128,297.257,1.0,348.526,283.138,1.0,350.008,278.455,1.0,,,,,,,,,,,,,,,,360.925,765.715,1.0,352.027,766.842,1.0,353.625,774.708,1.0,357.925,776.03,1.0,367.813,785.67,1.0
358,899.285,739.684,1.0,901.326,730.761,1.0,905.562,721.109,1.0,881.044,732.421,1.0,895.661,707.599,1.0,754.713,803.767,1.0,752.942,811.213,1.0,756.105,822.114,1.0,758.187,823.967,1.0,761.547,835.022,1.0,355.453,316.251,1.0,353.448,303.723,1.0,348.388,297.229,1.0,348.526,283.138,1.0,349.632,278.534,1.0,,,,,,,,,,,,,,,,365.484,764.85,1.0,357.528,766.126,1.0,353.625,772.864,1.0,360.029,776.544,1.0,368.277,785.628,1.0
359,899.285,739.684,1.0,901.642,730.761,1.0,905.758,720.473,1.0,881.664,731.576,1.0,895.661,707.416,1.0,754.413,803.272,1.0,752.657,811.129,1.0,755.716,821.866,1.0,758.091,823.661,1.0,761.471,834.877,1.0,355.453,316.747,1.0,353.235,304.175,1.0,348.409,297.325,1.0,348.55,283.517,1.0,349.632,278.858,1.0,,,,,,,,,,,,,,,,366.1,761.25,1.0,358.652,765.333,1.0,353.625,771.952,1.0,360.488,776.815,1.0,368.277,785.628,1.0
360,898.659,729.419,1.0,901.326,730.834,1.0,905.758,720.938,1.0,881.664,731.576,1.0,895.661,707.004,1.0,754.331,803.033,1.0,752.411,811.095,1.0,755.511,821.562,1.0,757.916,823.542,1.0,761.471,834.69,1.0,355.528,316.777,1.0,353.235,305.783,1.0,348.782,297.549,1.0,348.55,285.29,1.0,349.632,279.882,1.0,,,,,,,,,,,,,,,,368.54,757.868,1.0,360.56,765.098,1.0,353.666,770.895,1.0,360.75,778.383,1.0,368.277,785.628,1.0
361,897.821,729.419,1.0,901.264,731.891,1.0,905.872,721.109,1.0,903.356,712.047,1.0,895.799,707.004,1.0,754.331,803.033,1.0,752.411,810.892,1.0,755.716,821.376,1.0,757.789,823.542,1.0,761.397,834.69,1.0,356.006,318.574,1.0,353.235,306.934,1.0,351.242,298.62,1.0,349.707,289.123,1.0,350.6,280.173,1.0,,,,,,,,,,,,,,,,369.82,757.868,1.0,361.463,764.919,1.0,355.443,770.73,1.0,360.488,778.387,1.0,369.084,785.628,1.0
362,897.481,729.419,1.0,900.771,732.676,1.0,905.872,721.109,1.0,904.568,712.047,1.0,895.661,706.942,1.0,753.471,799.945,1.0,751.957,809.266,1.0,755.558,818.499,1.0,757.733,823.542,1.0,760.97,831.716,1.0,359.02,319.068,1.0,353.4,307.188,1.0,352.104,299.69,1.0,349.765,293.81,1.0,350.99,283.27,1.0,,,,,,,,,,,,,,,,370.693,757.796,1.0,362.213,763.843,1.0,356.38,770.73,1.0,360.029,778.387,1.0,368.636,785.628,1.0
363,897.352,731.124,1.0,900.438,732.676,1.0,905.872,723.165,1.0,905.113,712.047,1.0,895.379,706.92,1.0,752.878,798.619,1.0,751.77,808.036,1.0,755.457,816.779,1.0,757.599,823.542,1.0,759.873,831.558,1.0,359.097,319.259,1.0,353.827,307.99,1.0,353.029,300.377,1.0,349.765,294.593,1.0,350.99,284.843,1.0,,,,,,,,,,,,,,,,373.272,757.173,1.0,363.82,762.91,1.0,357.213,770.895,1.0,360.88,778.383,1.0,368.355,784.988,1.0
364,893.402,732.06,1.0,900.23,732.676,1.0,905.584,724.163,1.0,905.113,713.087,1.0,894.227,706.847,1.0,752.087,798.436,1.0,751.423,808.024,1.0,755.457,816.031,1.0,757.12,824.661,1.0,759.051,830.913,1.0,359.249,319.282,1.0,353.886,308.417,1.0,353.031,300.643,1.0,349.765,295.071,1.0,350.99,285.125,1.0,865.48,737.754,1.0,867.036,729.953,1.0,873.273,727.822,1.0,,,0.0,,,0.0,377.75,756.208,1.0,367.226,760.195,1.0,357.948,770.71,1.0,359.929,778.207,1.0,368.636,784.795,1.0
365,893.167,732.681,1.0,900.23,732.668,1.0,905.584,724.163,1.0,905.113,713.81,1.0,894.227,706.773,1.0,752.073,798.436,1.0,751.162,807.939,1.0,755.457,815.966,1.0,756.85,824.661,1.0,758.433,830.775,1.0,359.29,319.476,1.0,354.095,308.74,1.0,353.235,300.917,1.0,349.953,295.118,1.0,350.99,285.346,1.0,859.854,733.202,1.0,870.171,,1.0,871.661,728.226,1.0,,,0.0,,,0.0,378.565,755.887,1.0,367.226,759.976,1.0,358.083,770.925,1.0,359.402,778.011,1.0,368.636,784.752,1.0
366,893.167,733.106,1.0,900.23,732.533,1.0,905.584,724.163,1.0,905.001,713.81,1.0,894.227,706.847,1.0,751.819,798.13,1.0,750.476,807.469,1.0,754.605,815.606,1.0,756.748,824.661,1.0,758.305,830.671,1.0,359.449,319.773,1.0,354.602,308.938,1.0,353.235,301.062,1.0,349.953,295.255,1.0,350.99,285.586,1.0,,,,867.036,729.062,,,727.822,,,,,,,,378.844,755.323,1.0,367.226,759.572,1.0,358.083,770.925,1.0,356.25,777.474,1.0,368.355,784.749,1.0
367,893.402,733.106,1.0,901.415,731.368,1.0,905.926,721.211,1.0,904.866,713.81,1.0,894.227,706.847,1.0,751.631,797.976,1.0,750.429,805.928,1.0,753.716,812.909,1.0,756.684,821.281,1.0,757.721,828.61,1.0,359.585,320.053,1.0,354.689,309.765,1.0,353.235,301.915,1.0,349.978,295.766,1.0,350.834,286.39,1.0,,,0.0,870.171,729.062,1.0,867.388,728.226,1.0,,,0.0,883.764,736.957,1.0,378.929,754.369,1.0,367.433,759.306,1.0,358.083,770.168,1.0,356.25,774.571,1.0,368.1,784.374,1.0
368,893.402,733.106,1.0,901.415,730.915,1.0,905.926,719.392,1.0,880.212,711.814,1.0,894.227,706.437,1.0,751.202,794.277,1.0,750.059,802.734,1.0,753.098,812.472,1.0,755.804,818.406,1.0,756.788,827.051,1.0,359.585,322.651,1.0,356.834,313.484,1.0,352.315,306.867,1.0,350.058,295.993,1.0,350.756,286.676,1.0,,,,,,,,,,,,,,,,378.929,753.612,1.0,367.827,759.306,1.0,358.245,770.156,1.0,356.25,774.496,1.0,367.16,783.858,1.0
369,,736.896,1.0,901.415,731.368,1.0,905.926,721.211,1.0,879.113,731.434,1.0,,729.903,1.0,751.202,790.815,1.0,749.247,796.555,1.0,752.292,810.121,1.0,755.307,815.812,1.0,756.032,825.591,1.0,359.947,324.115,1.0,358.065,316.204,1.0,352.26,309.174,1.0,350.224,300.551,1.0,347.528,293.283,1.0,,,,,,,,,,,,,,,,378.929,753.222,1.0,367.827,758.886,1.0,362.564,765.986,1.0,356.873,773.575,1.0,362.928,781.853,1.0
370,,752.904,,,741.657,,,736.316,,905.001,711.814,,892.912,730.879,,750.51,790.815,1.0,749.247,796.555,1.0,752.292,809.045,1.0,755.035,815.22,1.0,756.032,825.541,1.0,360.126,324.148,1.0,358.169,316.913,1.0,352.197,309.721,1.0,350.24,300.551,1.0,347.528,293.283,1.0,,,,,,,,,,,,,,,,378.114,752.848,1.0,367.921,758.886,1.0,362.71,765.863,1.0,359.674,772.322,1.0,362.675,781.531,1.0
371,869.454,753.874,1.0,870.504,743.179,1.0,870.171,737.504,1.0,905.189,736.991,1.0,892.912,730.879,1.0,749.999,790.815,1.0,749.247,796.555,1.0,752.292,807.751,1.0,754.887,814.771,1.0,756.032,825.498,1.0,360.126,324.222,1.0,358.171,317.236,1.0,352.197,309.725,1.0,350.312,300.551,1.0,347.528,293.283,1.0,920.963,735.044,1.0,915.893,725.265,1.0,905.728,717.217,1.0,,,0.0,,,0.0,378.106,751.969,1.0,367.921,758.886,1.0,363.049,765.11,1.0,359.674,772.322,1.0,362.626,781.531,1.0
372,867.717,753.874,1.0,869.559,743.179,1.0,870.102,736.886,1.0,876.899,,1.0,892.796,730.879,1.0,745.984,797.56,1.0,750.453,796.876,1.0,753.388,806.649,1.0,754.572,814.058,1.0,758.437,822.835,1.0,360.608,324.222,1.0,358.171,317.236,1.0,352.197,309.725,1.0,350.312,300.418,1.0,353.009,289.999,1.0,920.894,723.851,1.0,914.557,724.179,1.0,905.728,717.217,1.0,,,0.0,,,0.0,378.106,751.9,1.0,368.037,758.528,1.0,363.227,765.11,1.0,359.674,772.322,1.0,362.445,781.622,1.0
373,866.977,753.874,1.0,868.451,743.179,1.0,870.015,736.886,1.0,905.189,729.769,0.0,891.896,730.879,1.0,744.266,797.56,1.0,750.453,796.876,1.0,753.388,806.649,1.0,752.989,813.331,1.0,758.437,821.853,1.0,361.753,324.222,1.0,358.199,317.236,1.0,352.192,309.852,1.0,350.24,300.349,1.0,353.01,289.999,1.0,920.894,721.17,1.0,912.942,722.654,1.0,905.728,717.217,1.0,907.359,709.104,1.0,,,0.0,378.106,751.879,1.0,368.306,758.01,1.0,363.31,765.105,1.0,357.746,773.62,1.0,362.408,781.64,1.0
374,864.874,755.713,1.0,868.451,745.97,1.0,870.102,737.488,1.0,906.995,729.769,1.0,884.38,733.19,1.0,744.154,797.56,1.0,750.453,796.876,1.0,753.388,806.649,1.0,752.737,813.236,1.0,758.437,821.007,1.0,362.734,320.503,1.0,358.313,314.439,1.0,352.099,310.033,1.0,349.396,300.349,1.0,353.203,289.999,1.0,920.963,719.728,1.0,914.501,722.13,1.0,907.223,718.3,1.0,906.198,708.569,1.0,,,0.0,378.12,751.4,1.0,368.549,757.627,1.0,364.147,764.85,1.0,357.521,773.62,1.0,362.387,781.622,1.0
375,864.693,755.713,1.0,867.729,745.97,1.0,870.015,737.488,1.0,906.933,710.021,1.0,883.453,733.19,1.0,743.717,797.285,1.0,750.257,796.227,1.0,752.876,806.225,1.0,752.648,813.032,1.0,758.266,820.885,1.0,362.734,319.063,1.0,358.171,312.753,1.0,351.967,309.852,1.0,349.276,299.996,1.0,353.203,289.999,1.0,920.963,719.272,1.0,910.575,718.855,1.0,907.223,718.3,1.0,,,0.0,,,0.0,378.12,748.132,1.0,368.549,756.533,1.0,364.147,763.199,1.0,357.202,773.62,1.0,362.155,781.622,1.0
376,864.663,755.713,1.0,867.476,745.97,1.0,869.964,736.601,1.0,872.33,708.614,1.0,882.935,733.19,1.0,743.717,790.791,1.0,750.165,796.001,1.0,752.511,805.933,1.0,752.648,812.822,1.0,758.083,820.463,1.0,362.734,317.858,1.0,357.495,312.414,1.0,350.529,308.773,1.0,349.192,299.269,1.0,353.203,289.999,1.0,920.894,714.677,1.0,910.081,715.165,1.0,907.223,718.3,1.0,,,0.0,,,0.0,378.12,747.255,1.0,368.549,755.358,1.0,364.147,762.596,1.0,356.713,773.086,1.0,361.903,781.492,1.0
