scorer,DLC_dlcrnetms5_basler-larval-tracking-metforminMay6shuffle1_200000,DLC_dlcrnetms5_basler-larval-tracking-metforminMay6shuffle1_200000,DLC_dlcrnetms5_basler-larval-tracking-metforminMay6shuffle1_200000,DLC_dlcrnetms5_basler-larval-tracking-metforminMay6shuffle1_200000,DLC_dlcrnetms5_basler-larval-tracking-metforminMay6shuffle1_200000,DLC_dlcrnetms5_basler-larval-tracking-metforminMay6shuffle1_200000,DLC_dlcrnetms5_basler-larval-tracking-metforminMay6shuffle1_200000,DLC_dlcrnetms5_basler-larval-tracking-metforminMay6shuffle1_200000,DLC_dlcrnetms5_basler-larval-tracking-metforminMay6shuffle1_200000,DLC_dlcrnetms5_basler-larval-tracking-metforminMay6shuffle1_200000,DLC_dlcrnetms5_basler-larval-tracking-metforminMay6shuffle1_200000,DLC_dlcrnetms5_basler-larval-tracking-metforminMay6shuffle1_200000,DLC_dlcrnetms5_basler-larval-tracking-metforminMay6shuffle1_200000,DLC_dlcrnetms5_basler-larval-tracking-metforminMay6shuffle1_200000,DLC_dlcrnetms5_basler-larval-tracking-metforminMay6shuffle1_200000,DLC_dlcrnetms5_basler-larval-tracking-metforminMay6shuffle1_200000,DLC_dlcrnetms5_basler-larval-tracking-metforminMay6shuffle1_200000,DLC_dlcrnetms5_basler-larval-tracking-metforminMay6shuffle1_200000,DLC_dlcrnetms5_basler-larval-tracking-metforminMay6shuffle1_200000,DLC_dlcrnetms5_basler-larval-tracking-metforminMay6shuffle1_200000,DLC_dlcrnetms5_basler-larval-tracking-metforminMay6shuffle1_200000,DLC_dlcrnetms5_basler-larval-tracking-metforminMay6shuffle1_200000,DLC_dlcrnetms5_basler-larval-tracking-metforminMay6shuffle1_200000,DLC_dlcrnetms5_basler-larval-tracking-metforminMay6shuffle1_200000,DLC_dlcrnetms5_basler-larval-tracking-metforminMay6shuffle1_200000,DLC_dlcrnetms5_basler-larval-tracking-metforminMay6shuffle1_200000,DLC_dlcrnetms5_basler-larval-tracking-metforminMay6shuffle1_200000,DLC_dlcrnetms5_basler-larval-tracking-metforminMay6shuffle1_200000,DLC_dlcrnetms5_basler-larval-tracking-metforminMay6shuffle1_200000,DLC_dlcrnetms5_basler-larval-tracking-metforminMay6shuffle1_200000,DLC_dlcrnetms5_basler-larval-tracking-metforminMay6shuffle1_200000,DLC_dlcrnetms5_basler-larval-tracking-metforminMay6shuffle1_200000,DLC_dlcrnetms5_basler-larval-tracking-metforminMay6shuffle1_200000,DLC_dlcrnetms5_basler-larval-tracking-metforminMay6shuffle1_200000,DLC_dlcrnetms5_basler-larval-tracking-metforminMay6shuffle1_200000,DLC_dlcrnetms5_basler-larval-tracking-metforminMay6shuffle1_200000,DLC_dlcrnetms5_basler-larval-tracking-metforminMay6shuffle1_200000,DLC_dlcrnetms5_basler-larval-tracking-metforminMay6shuffle1_200000,DLC_dlcrnetms5_basler-larval-tracking-metforminMay6shuffle1_200000,DLC_dlcrnetms5_basler-larval-tracking-metforminMay6shuffle1_200000,DLC_dlcrnetms5_basler-larval-tracking-metforminMay6shuffle1_200000,DLC_dlcrnetms5_basler-larval-tracking-metforminMay6shuffle1_200000,DLC_dlcrnetms5_basler-larval-tracking-metforminMay6shuffle1_200000,DLC_dlcrnetms5_basler-larval-tracking-metforminMay6shuffle1_200000,DLC_dlcrnetms5_basler-larval-tracking-metforminMay6shuffle1_200000,DLC_dlcrnetms5_basler-larval-tracking-metforminMay6shuffle1_200000,DLC_dlcrnetms5_basler-larval-tracking-metforminMay6shuffle1_200000,DLC_dlcrnetms5_basler-larval-tracking-metforminMay6shuffle1_200000,DLC_dlcrnetms5_basler-larval-tracking-metforminMay6shuffle1_200000,DLC_dlcrnetms5_basler-larval-tracking-metforminMay6shuffle1_200000,DLC_dlcrnetms5_basler-larval-tracking-metforminMay6shuffle1_200000,DLC_dlcrnetms5_basler-larval-tracking-metforminMay6shuffle1_200000,DLC_dlcrnetms5_basler-larval-tracking-metforminMay6shuffle1_200000,DLC_dlcrnetms5_basler-larval-tracking-metforminMay6shuffle1_200000,DLC_dlcrnetms5_basler-larval-tracking-metforminMay6shuffle1_200000,DLC_dlcrnetms5_basler-larval-tracking-metforminMay6shuffle1_200000,DLC_dlcrnetms5_basler-larval-tracking-metforminMay6shuffle1_200000,DLC_dlcrnetms5_basler-larval-tracking-metforminMay6shuffle1_200000,DLC_dlcrnetms5_basler-larval-tracking-metforminMay6shuffle1_200000,DLC_dlcrnetms5_basler-larval-tracking-metforminMay6shuffle1_200000,DLC_dlcrnetms5_basler-larval-tracking-metforminMay6shuffle1_200000,DLC_dlcrnetms5_basler-larval-tracking-metforminMay6shuffle1_200000,DLC_dlcrnetms5_basler-larval-tracking-metforminMay6shuffle1_200000,DLC_dlcrnetms5_basler-larval-tracking-metforminMay6shuffle1_200000,DLC_dlcrnetms5_basler-larval-tracking-metforminMay6shuffle1_200000,DLC_dlcrnetms5_basler-larval-tracking-metforminMay6shuffle1_200000,DLC_dlcrnetms5_basler-larval-tracking-metforminMay6shuffle1_200000,DLC_dlcrnetms5_basler-larval-tracking-metforminMay6shuffle1_200000,DLC_dlcrnetms5_basler-larval-tracking-metforminMay6shuffle1_200000,DLC_dlcrnetms5_basler-larval-tracking-metforminMay6shuffle1_200000,DLC_dlcrnetms5_basler-larval-tracking-metforminMay6shuffle1_200000,DLC_dlcrnetms5_basler-larval-tracking-metforminMay6shuffle1_200000,DLC_dlcrnetms5_basler-larval-tracking-metforminMay6shuffle1_200000,DLC_dlcrnetms5_basler-larval-tracking-metforminMay6shuffle1_200000,DLC_dlcrnetms5_basler-larval-tracking-metforminMay6shuffle1_200000
individuals,larva1,larva1,larva1,larva1,larva1,larva1,larva1,larva1,larva1,larva1,larva1,larva1,larva1,larva1,larva1,larva2,larva2,larva2,larva2,larva2,larva2,larva2,larva2,larva2,larva2,larva2,larva2,larva2,larva2,larva2,larva3,larva3,larva3,larva3,larva3,larva3,larva3,larva3,larva3,larva3,larva3,larva3,larva3,larva3,larva3,larva4,larva4,larva4,larva4,larva4,larva4,larva4,larva4,larva4,larva4,larva4,larva4,larva4,larva4,larva4,larva5,larva5,larva5,larva5,larva5,larva5,larva5,larva5,larva5,larva5,larva5,larva5,larva5,larva5,larva5
bodyparts,mouth,mouth,mouth,midfront,midfront,midfront,mid,mid,mid,midrear,midrear,midrear,rear,rear,rear,mouth,mouth,mouth,midfront,midfront,midfront,mid,mid,mid,midrear,midrear,midrear,rear,rear,rear,mouth,mouth,mouth,midfront,midfront,midfront,mid,mid,mid,midrear,midrear,midrear,rear,rear,rear,mouth,mouth,mouth,midfront,midfront,midfront,mid,mid,mid,midrear,midrear,midrear,rear,rear,rear,mouth,mouth,mouth,midfront,midfront,midfront,mid,mid,mid,midrear,midrear,midrear,rear,rear,rear
coords,x,y,likelihood,x,y,likelihood,x,y,likelihood,x,y,likelihood,x,y,likelihood,x,y,likelihood,x,y,likelihood,x,y,likelihood,x,y,likelihood,x,y,likelihood,x,y,likelihood,x,y,likelihood,x,y,likelihood,x,y,likelihood,x,y,likelihood,x,y,likelihood,x,y,likelihood,x,y,likelihood,x,y,likelihood,x,y,likelihood,x,y,likelihood,x,y,likelihood,x,y,likelihood,x,y,likelihood,x,y,likelihood
0,,,0.0,623.993,480.329,1.0,619.309,483.63,1.0,615.68,469.514,1.0,624.98,470.787,1.0,632.14,480.532,1.0,597.417,450.131,1.0,586.749,452.464,1.0,581.243,461.606,1.0,574.53,467.845,1.0,586.099,557.05,1.0,593.77,554.559,1.0,596.466,547.201,1.0,602.225,536.742,1.0,606.211,537.433,1.0,510.267,516.159,1.0,511.726,507.121,1.0,504.821,500.367,1.0,502.996,494.221,1.0,500.146,483.427,1.0,,,0.0,,,0.0,648.502,457.561,1.0,646.974,450.634,1.0,657.885,446.75,1.0
1,,,0.0,623.993,480.329,0.0,619.324,483.63,1.0,615.874,469.514,1.0,625.2,470.81,1.0,632.203,480.688,1.0,597.905,450.146,1.0,586.99,452.508,1.0,581.243,461.665,1.0,574.64,467.969,1.0,586.099,558.035,1.0,593.781,554.657,1.0,596.491,548.21,1.0,602.225,536.778,1.0,606.583,538.347,1.0,510.657,516.288,1.0,511.726,507.676,1.0,505.341,500.392,1.0,503.205,494.34,1.0,500.801,483.452,1.0,,,0.0,,,1.0,648.509,457.833,1.0,648.046,456.549,1.0,657.938,446.82,1.0
2,,,0.0,623.993,,1.0,619.58,483.682,1.0,615.874,469.514,1.0,625.433,470.81,1.0,632.276,480.688,1.0,598.02,450.262,1.0,586.99,452.674,1.0,581.243,461.758,1.0,574.739,467.969,1.0,586.099,558.337,1.0,593.781,555.043,1.0,596.491,548.42,1.0,602.225,537.134,1.0,606.976,538.429,1.0,511.45,516.395,1.0,512.61,509.065,1.0,505.419,501.67,1.0,504.066,496.056,1.0,500.801,487.457,1.0,,,0.0,,,0.0,649.001,457.853,1.0,648.113,456.632,1.0,658.244,446.82,1.0
3,,,0.0,,480.7,0.0,619.58,483.702,1.0,615.874,469.454,1.0,625.433,470.787,1.0,632.276,480.532,1.0,598.02,450.345,1.0,586.99,452.765,1.0,580.799,461.765,1.0,574.71,467.969,1.0,586.099,558.583,1.0,593.785,555.043,1.0,596.491,548.42,1.0,602.233,537.597,1.0,606.976,538.429,1.0,511.877,516.395,1.0,511.726,509.922,1.0,505.419,502.46,1.0,504.066,496.339,1.0,500.801,488.042,1.0,,,0.0,623.893,,1.0,649.001,457.951,1.0,648.174,456.632,1.0,658.292,446.75,1.0
4,,,0.0,623.755,480.7,1.0,619.324,484.015,1.0,615.874,469.357,1.0,625.452,470.477,1.0,632.276,480.159,1.0,597.905,450.54,1.0,586.985,452.805,1.0,580.655,461.832,1.0,574.739,468.318,1.0,586.099,561.651,1.0,593.77,555.574,1.0,596.491,548.424,1.0,602.233,537.974,1.0,607.058,538.429,1.0,513.042,516.395,1.0,511.702,510.645,1.0,505.739,503.056,1.0,504.386,496.398,1.0,500.801,488.042,1.0,,,0.0,,481.287,0.0,649.001,458.083,1.0,648.217,456.632,1.0,658.339,446.552,1.0
5,,,0.0,,,0.0,619.047,484.015,1.0,616.351,469.357,1.0,625.848,470.175,1.0,631.534,480.159,1.0,597.905,450.542,1.0,586.889,453.074,1.0,580.612,461.832,1.0,574.739,468.437,1.0,593.187,561.843,1.0,593.44,556.046,1.0,596.491,550.151,1.0,602.327,538.547,1.0,607.472,538.206,1.0,518.934,516.395,1.0,511.702,511.679,1.0,508.34,506.644,1.0,504.386,496.669,1.0,501.184,488.187,1.0,,,0.0,623.301,481.287,1.0,648.76,458.083,1.0,648.277,456.632,1.0,658.381,445.939,1.0
6,,,0.0,,,0.0,618.979,484.015,1.0,616.551,469.357,1.0,626.013,469.798,1.0,630.869,480.159,1.0,597.905,450.988,1.0,586.889,453.341,1.0,580.585,461.846,1.0,574.71,468.437,1.0,598.054,562.958,1.0,593.44,556.046,1.0,596.43,550.151,1.0,602.327,538.547,1.0,607.603,538.206,1.0,521.008,516.395,1.0,513.702,512.658,1.0,508.585,507.625,1.0,504.386,498.584,1.0,501.971,489.578,1.0,,,0.0,623.152,480.808,1.0,648.76,458.159,1.0,648.277,456.556,1.0,658.467,445.939,1.0
7,,,0.0,625.939,487.566,1.0,616.77,479.555,1.0,616.726,469.228,1.0,635.421,469.175,1.0,630.3,480.922,1.0,597.825,451.212,1.0,586.889,453.358,1.0,580.585,462.042,1.0,574.656,468.502,1.0,598.156,562.958,1.0,595.422,554.871,1.0,596.43,547.072,1.0,602.327,537.974,1.0,607.797,538.206,1.0,522.696,516.914,1.0,514.031,513.859,1.0,510.07,507.625,1.0,500.691,499.735,1.0,501.971,490.027,1.0,,,0.0,,,0.0,648.501,458.159,1.0,648.174,456.515,1.0,658.381,445.129,1.0
8,,,0.0,625.706,486.965,1.0,616.528,479.106,1.0,617.143,469.228,1.0,635.421,468.121,1.0,630.3,480.922,1.0,597.825,451.33,1.0,586.889,453.358,1.0,580.543,462.044,1.0,574.656,468.437,1.0,599.29,562.958,1.0,596.231,554.871,1.0,596.43,547.072,1.0,602.498,537.277,1.0,607.836,538.235,1.0,522.913,516.915,1.0,514.178,515.025,1.0,510.365,507.625,1.0,500.691,499.95,1.0,502.153,490.027,1.0,,,0.0,,,0.0,648.501,458.159,1.0,647.213,452.207,1.0,658.381,445.06,1.0
9,,,0.0,625.706,484.186,1.0,616.097,478.386,1.0,645.343,455.035,1.0,635.421,467.959,1.0,629.623,481.564,1.0,597.974,451.482,1.0,586.903,453.35,1.0,580.543,462.093,1.0,574.507,468.437,1.0,600.348,562.786,1.0,596.645,554.121,1.0,595.719,547.072,1.0,602.138,537.252,1.0,607.868,538.533,1.0,523.129,517.041,1.0,514.722,515.2,1.0,510.611,507.819,1.0,500.691,500.121,1.0,502.153,491.31,1.0,,,,,,,,,,,,,,,
10,,,0.0,625.706,485.25,1.0,616.024,477.829,1.0,650.12,452.999,1.0,630.287,464.088,1.0,629.623,481.564,1.0,598.095,451.618,1.0,586.919,453.341,1.0,580.603,462.154,1.0,574.507,468.423,1.0,602.545,562.144,1.0,597.107,554.121,1.0,595.719,547.072,1.0,602.116,537.252,1.0,607.964,538.575,1.0,523.143,517.262,1.0,518.075,515.247,1.0,510.863,508.073,1.0,502.699,502.384,1.0,502.528,492.351,1.0,,,,,,,,,,,,,,,
11,664.161,444.271,1.0,625.706,485.25,1.0,616.024,476.743,1.0,650.271,452.935,1.0,630.287,463.552,1.0,630.791,466.806,1.0,598.095,451.908,1.0,587.189,453.35,1.0,580.651,462.415,1.0,574.553,468.423,1.0,605.887,561.784,1.0,597.449,554.121,1.0,595.719,547.16,1.0,601.57,537.252,1.0,608.161,538.575,1.0,528.063,522.059,1.0,521.233,518.471,1.0,514.929,510.588,1.0,506.901,502.581,1.0,504.838,492.408,1.0,,,,,,,,,,,,,,,
12,,,0.0,623.384,484.186,1.0,616.097,476.689,1.0,650.12,452.999,1.0,630.287,460.943,1.0,631.727,466.643,1.0,599.259,451.988,1.0,587.374,453.35,1.0,580.651,462.462,1.0,574.737,468.387,1.0,608.854,561.668,1.0,600.954,554.121,1.0,596.689,548.637,1.0,601.501,538.177,1.0,608.521,538.797,1.0,529.56,526.691,1.0,523.367,520.172,1.0,515.377,511.763,1.0,507.836,503.78,1.0,504.936,495.437,1.0,,,,,,,,,,,,,,,
13,,,0.0,,,0.0,649.879,461.397,1.0,649.296,455.035,1.0,656.889,448.229,1.0,631.727,463.491,1.0,623.988,482.532,1.0,613.011,474.509,1.0,580.725,462.643,1.0,623.369,467.6,1.0,610.4,561.668,1.0,603.602,554.353,1.0,597.25,549.144,1.0,601.501,538.234,1.0,608.609,538.797,1.0,529.763,527.702,1.0,524.22,520.215,1.0,515.41,512.053,1.0,508.418,504.473,1.0,504.936,496.694,1.0,,,,,,,,,,,,,,,
14,,,0.0,,,0.0,649.879,460.892,1.0,649.296,457.852,1.0,657.568,447.415,1.0,631.883,462.251,1.0,624.528,482.532,1.0,613.011,475.003,1.0,580.839,462.693,1.0,623.369,465.666,1.0,611.054,562.144,1.0,605.484,554.816,1.0,598.379,549.342,1.0,601.57,538.298,1.0,608.521,538.84,1.0,529.763,528.066,1.0,524.844,520.215,1.0,515.41,512.571,1.0,508.429,505.006,1.0,504.936,497.072,1.0,,,,,,,,,,,,,,,
15,,,0.0,,,0.0,649.879,460.698,1.0,649.296,458.24,1.0,657.683,447.216,1.0,631.883,462.029,1.0,624.528,482.532,1.0,613.011,475.219,1.0,613.262,467.2,1.0,623.373,465.463,1.0,613.777,562.206,1.0,606.057,554.984,1.0,599.664,549.342,1.0,601.649,538.858,1.0,608.521,538.859,1.0,529.834,528.066,1.0,525.511,520.215,1.0,516.388,512.831,1.0,509.001,505.071,1.0,505.205,499.11,1.0,,,,,,,,,,,,,,,
16,,,0.0,,,0.0,649.351,460.698,1.0,649.296,458.76,1.0,657.723,447.216,1.0,631.883,459.955,1.0,625.936,482.375,1.0,612.435,475.219,1.0,613.621,468.651,1.0,623.369,465.463,1.0,617.786,567.596,1.0,606.165,559.4,1.0,604.306,551.061,1.0,601.649,539.406,1.0,608.952,539.065,1.0,530.0,528.066,1.0,527.022,518.227,1.0,517.683,514.094,1.0,509.048,507.31,1.0,506.515,502.174,1.0,,,0.0,,,0.0,588.12,452.766,1.0,581.155,462.749,1.0,575.719,468.237,1.0
17,630.301,465.581,1.0,630.812,467.307,1.0,648.464,460.687,1.0,649.905,458.76,1.0,659.985,447.243,1.0,,,0.0,632.441,,0.0,612.124,476.474,1.0,614.997,468.651,1.0,623.01,465.463,1.0,618.077,567.831,1.0,606.61,559.694,1.0,604.92,551.385,1.0,601.649,539.666,1.0,609.203,539.146,1.0,531.043,527.835,1.0,527.857,517.259,1.0,519.42,515.961,1.0,513.68,513.245,1.0,507.018,505.304,1.0,,,0.0,,,0.0,588.12,452.766,1.0,581.024,462.711,1.0,575.719,467.871,1.0
18,630.301,461.379,1.0,,,0.0,648.409,459.991,1.0,649.905,458.76,1.0,660.739,447.243,1.0,,,0.0,633.443,486.582,1.0,611.964,478.132,1.0,614.997,468.651,1.0,622.708,465.463,1.0,618.077,567.843,1.0,606.61,560.103,1.0,604.961,551.966,1.0,601.649,540.436,1.0,609.203,539.146,1.0,531.109,527.817,1.0,527.857,517.259,1.0,520.356,516.254,1.0,514.335,513.553,1.0,507.081,505.477,1.0,,,0.0,,,0.0,588.01,452.561,1.0,577.664,461.734,1.0,575.666,467.526,1.0
19,630.301,461.379,1.0,,,0.0,648.409,459.259,1.0,650.323,458.24,1.0,661.223,447.216,1.0,,,0.0,632.441,468.428,1.0,611.922,478.132,1.0,614.997,468.621,1.0,621.181,464.577,1.0,618.077,567.878,1.0,607.061,560.28,1.0,605.069,551.966,1.0,601.902,540.436,1.0,609.591,539.252,1.0,531.502,527.817,1.0,528.116,518.227,1.0,521.084,516.279,1.0,515.013,513.614,1.0,507.326,505.477,1.0,,,0.0,,,0.0,588.224,452.98,1.0,581.155,462.711,1.0,575.854,467.871,1.0
20,632.359,462.611,1.0,624.544,480.016,1.0,648.35,458.625,1.0,649.905,458.76,1.0,661.29,446.517,1.0,,,0.0,627.234,467.276,1.0,611.895,478.132,1.0,612.651,468.621,1.0,614.38,464.503,1.0,618.299,572.655,1.0,610.339,561.977,1.0,608.395,553.098,1.0,602.099,544.825,1.0,609.266,539.83,1.0,531.502,527.817,1.0,527.857,518.732,1.0,521.084,516.845,1.0,515.013,513.727,1.0,507.411,505.477,1.0,,,,,,,588.409,453.176,,598.868,465.994,,575.854,467.526,
21,633.38,462.611,1.0,600.577,452.748,1.0,589.018,453.722,1.0,580.094,461.317,1.0,661.29,446.517,1.0,,,,,,,,,,,,,,,,618.614,572.655,1.0,610.339,563.468,1.0,609.042,553.549,1.0,602.099,545.171,1.0,609.266,540.156,1.0,534.132,528.442,1.0,527.857,520.966,1.0,522.271,518.624,1.0,515.013,515.075,1.0,510.68,507.011,1.0,,,0.0,628.423,489.608,1.0,611.852,488.339,1.0,612.925,473.283,1.0,582.71,471.145,1.0
22,636.177,462.033,1.0,600.364,451.574,1.0,589.018,453.722,1.0,577.578,461.317,1.0,662.23,446.517,1.0,,,,,,,,,,,,,,,,618.366,572.71,1.0,610.804,563.468,1.0,609.042,553.658,1.0,602.099,545.315,1.0,609.266,540.156,1.0,537.223,533.3,1.0,529.146,527.11,1.0,526.616,519.721,1.0,515.493,515.32,1.0,512.923,508.867,1.0,,,0.0,628.423,489.608,1.0,611.852,487.65,1.0,612.925,473.02,1.0,,,0.0
23,637.436,462.033,1.0,600.364,451.234,1.0,589.185,453.722,1.0,577.315,460.723,1.0,662.23,447.418,1.0,,,,,,,,,,,,,,,,618.366,572.655,1.0,610.804,563.594,1.0,609.114,553.817,1.0,602.093,545.315,1.0,609.266,540.156,1.0,537.415,542.057,1.0,530.582,529.749,1.0,527.692,519.721,1.0,516.657,515.489,1.0,513.811,509.369,1.0,,,0.0,627.933,489.608,1.0,611.852,487.157,1.0,612.925,472.866,1.0,,,0.0
24,638.345,462.033,1.0,600.225,451.234,1.0,589.185,453.078,1.0,577.307,460.723,1.0,660.556,448.495,1.0,,,,,,,,,,,,,,,,618.366,572.463,1.0,610.804,563.594,1.0,609.042,553.837,1.0,601.985,545.315,1.0,606.073,540.156,1.0,537.415,542.057,1.0,530.629,530.035,1.0,527.823,519.809,1.0,516.657,515.837,1.0,513.966,509.369,1.0,,,0.0,627.933,489.608,1.0,612.238,487.157,1.0,612.925,472.866,1.0,,,0.0
25,639.579,461.68,1.0,600.225,451.234,1.0,589.773,453.358,1.0,576.53,460.636,1.0,660.556,448.495,1.0,,,0.0,646.332,458.125,1.0,652.311,456.757,1.0,657.383,449.331,1.0,667.949,445.499,1.0,618.614,572.463,1.0,611.788,563.594,1.0,609.017,554.167,1.0,601.91,546.71,1.0,606.056,540.156,1.0,537.415,542.057,1.0,530.655,530.14,1.0,528.212,520.049,1.0,516.657,515.837,1.0,514.663,509.369,1.0,,,0.0,627.505,490.277,1.0,612.472,480.777,1.0,612.925,471.197,1.0,,,0.0
26,639.579,461.68,1.0,600.267,451.609,1.0,589.773,453.358,1.0,575.705,460.214,1.0,582.14,469.056,1.0,,,0.0,645.397,456.889,1.0,650.937,455.748,1.0,656.409,449.331,1.0,667.547,447.158,1.0,618.772,572.71,1.0,616.085,564.363,1.0,608.759,559.942,1.0,601.91,550.598,1.0,605.213,540.362,1.0,537.847,541.987,1.0,530.969,532.028,1.0,528.574,521.739,1.0,518.922,518.577,1.0,518.183,509.369,1.0,,,0.0,626.947,491.615,1.0,612.522,480.582,1.0,613.129,470.909,1.0,,,0.0
27,639.579,463.05,1.0,600.225,451.686,1.0,589.773,453.358,1.0,575.609,460.214,1.0,581.913,469.277,1.0,,,0.0,645.397,456.889,1.0,650.179,455.748,1.0,656.028,449.331,1.0,,447.158,0.0,620.575,574.729,1.0,616.085,564.467,1.0,607.721,559.942,1.0,601.91,550.648,1.0,605.138,540.402,1.0,541.001,541.987,1.0,533.687,534.008,1.0,529.949,529.541,1.0,525.285,520.738,1.0,519.791,512.581,1.0,625.103,500.58,1.0,625.953,491.615,1.0,612.522,480.549,1.0,612.562,470.334,1.0,581.225,469.978,1.0
28,608.597,463.05,1.0,599.784,451.694,1.0,589.676,453.76,1.0,575.423,460.214,1.0,581.392,469.056,1.0,650.665,464.936,1.0,645.479,457.721,1.0,648.676,456.358,1.0,656.028,451.745,1.0,667.926,449.332,1.0,620.575,574.729,1.0,616.085,564.439,1.0,607.721,560.267,1.0,601.068,550.648,1.0,605.003,540.402,1.0,541.001,541.987,1.0,535.234,534.392,1.0,529.954,529.787,1.0,525.709,521.019,1.0,519.835,513.766,1.0,617.786,500.157,1.0,621.513,490.152,1.0,612.238,480.23,1.0,612.562,470.136,1.0,,,0.0
29,608.597,463.599,1.0,599.784,452.111,1.0,589.676,453.848,1.0,575.375,460.021,1.0,581.392,468.175,1.0,650.418,464.756,1.0,646.332,457.721,1.0,647.483,456.358,1.0,655.12,452.309,1.0,667.926,449.332,1.0,620.763,574.729,1.0,615.213,564.467,1.0,607.721,559.942,1.0,601.068,550.648,1.0,605.003,540.362,1.0,541.212,542.203,1.0,535.271,535.077,1.0,530.045,529.911,1.0,525.979,521.329,1.0,520.426,513.818,1.0,617.698,498.305,1.0,619.745,490.152,1.0,611.981,480.062,1.0,612.562,469.86,1.0,,,0.0
30,608.597,463.962,1.0,600.267,452.881,1.0,589.676,453.884,1.0,575.375,460.348,1.0,581.392,468.175,1.0,650.418,464.588,1.0,647.08,458.576,1.0,647.483,456.459,1.0,655.12,453.11,1.0,667.926,449.332,1.0,621.116,573.902,1.0,615.213,564.467,1.0,608.195,559.861,1.0,600.969,550.5,1.0,605.003,539.939,1.0,541.465,542.21,1.0,535.271,535.371,1.0,530.486,530.758,1.0,526.768,521.423,1.0,520.426,515.099,1.0,611.835,494.259,1.0,619.689,489.258,1.0,610.938,480.062,1.0,612.562,468.789,1.0,,,0.0
31,608.597,479.591,1.0,608.988,483.407,1.0,589.706,454.296,1.0,575.375,460.454,1.0,596.201,466.402,1.0,650.418,464.588,1.0,647.393,458.829,1.0,647.483,456.459,1.0,655.12,453.958,1.0,670.066,452.228,1.0,621.333,567.177,1.0,615.213,564.439,1.0,608.195,557.316,1.0,600.637,550.5,1.0,605.003,539.925,1.0,541.793,544.928,1.0,537.923,538.541,1.0,531.459,533.577,1.0,528.192,528.871,1.0,523.569,518.927,1.0,,,,,,,,,,,,,,,
32,608.597,479.591,1.0,608.988,486.177,1.0,590.58,454.593,1.0,575.974,460.723,1.0,596.814,466.402,1.0,652.282,464.756,1.0,648.028,459.668,1.0,647.678,456.459,1.0,655.454,456.247,1.0,671.335,453.314,1.0,624.489,566.859,1.0,617.562,563.755,1.0,608.195,557.316,1.0,600.762,550.5,1.0,605.003,539.185,1.0,542.271,553.869,1.0,543.741,545.839,1.0,535.854,533.657,1.0,530.323,531.561,1.0,526.003,518.996,1.0,,,,,,,,,,,,,,,
33,605.454,479.591,1.0,610.839,486.177,1.0,612.167,479.985,1.0,618.256,468.956,1.0,596.814,466.402,1.0,652.949,464.588,1.0,648.908,459.67,1.0,647.796,456.459,1.0,655.454,458.347,1.0,672.069,453.38,1.0,625.064,566.612,1.0,617.721,563.755,1.0,606.367,557.316,1.0,600.454,550.7,1.0,604.997,539.097,1.0,542.271,553.869,1.0,543.903,546.241,1.0,535.985,533.925,1.0,530.395,531.833,1.0,526.128,519.418,1.0,,,,,,,,,,,,,,,
34,604.314,478.29,1.0,612.578,486.37,1.0,612.284,481.474,1.0,618.854,470.688,1.0,596.814,467.264,1.0,656.112,464.588,1.0,653.705,459.67,1.0,647.796,456.796,1.0,655.454,458.413,1.0,672.583,454.065,1.0,625.064,566.612,1.0,617.721,563.321,1.0,606.367,557.316,1.0,600.454,550.7,1.0,604.997,538.841,1.0,542.271,554.516,1.0,543.903,546.721,1.0,536.143,533.925,1.0,530.694,532.027,1.0,526.313,519.418,1.0,,,,,,,,,,,,,,,
35,602.417,476.322,1.0,610.703,486.177,1.0,612.284,482.855,1.0,620.631,471.458,1.0,582.408,467.379,1.0,657.085,465.455,1.0,654.125,459.757,1.0,647.799,456.796,1.0,655.346,458.413,1.0,672.583,454.065,1.0,625.064,566.612,1.0,617.671,563.321,1.0,606.367,557.316,1.0,600.733,550.7,1.0,604.997,538.412,1.0,542.271,554.8,1.0,543.913,548.172,1.0,536.572,539.769,1.0,532.99,534.932,1.0,527.457,522.277,1.0,,,,,,,,,,,,,,,
36,604.314,461.791,1.0,610.703,484.958,1.0,612.284,482.855,1.0,620.631,471.962,1.0,582.408,468.242,1.0,657.352,466.065,1.0,655.901,459.855,1.0,647.799,456.966,1.0,654.432,458.347,1.0,672.583,454.065,1.0,622.707,566.08,1.0,617.671,562.43,1.0,606.348,554.232,1.0,600.733,548.472,1.0,605.039,538.198,1.0,542.271,556.135,1.0,544.896,549.968,1.0,539.605,541.406,1.0,535.625,535.8,1.0,527.776,527.118,1.0,,,,,,,,,,,,,,,
37,604.652,461.62,1.0,610.703,484.243,1.0,611.166,486.04,1.0,620.631,473.562,1.0,582.408,468.248,1.0,658.426,466.751,1.0,657.029,460.93,1.0,648.402,457.212,1.0,653.907,457.921,1.0,672.303,454.465,1.0,615.581,565.318,1.0,611.119,560.041,1.0,606.348,551.614,1.0,600.303,542.246,1.0,606.71,537.242,1.0,546.389,560.904,1.0,544.896,550.334,1.0,542.4,545.38,1.0,536.805,536.218,1.0,527.815,529.241,1.0,,,,,,,,,,,,,,,
38,604.652,461.791,1.0,609.756,484.225,1.0,608.853,488.392,1.0,620.575,476.296,1.0,613.627,468.77,1.0,658.712,467.466,1.0,657.77,461.244,1.0,648.924,456.966,1.0,653.903,457.262,1.0,672.062,454.629,1.0,612.643,565.318,1.0,609.597,555.646,1.0,606.89,551.614,1.0,598.275,542.173,1.0,606.71,537.242,1.0,547.452,561.247,1.0,544.896,550.334,1.0,542.4,545.65,1.0,536.805,536.665,1.0,528.06,529.676,1.0,,,,,,,,,,,,,,,
39,604.68,461.873,1.0,608.636,484.036,1.0,608.853,488.392,1.0,619.56,476.604,1.0,613.627,468.947,1.0,659.446,467.647,1.0,657.77,461.495,1.0,649.268,456.966,1.0,653.903,457.156,1.0,671.957,455.337,1.0,602.48,565.318,1.0,608.177,555.467,1.0,606.89,551.614,1.0,598.275,542.173,1.0,606.71,535.337,1.0,547.554,561.261,1.0,544.95,550.334,1.0,542.596,545.847,1.0,536.805,536.665,1.0,528.236,529.816,1.0,,,,,,,,,,,,,,,
40,605.033,461.791,1.0,608.227,483.926,1.0,608.853,488.392,1.0,619.44,476.604,1.0,613.627,468.947,1.0,662.195,471.729,1.0,657.77,462.472,1.0,656.821,455.459,1.0,653.903,456.15,1.0,671.638,456.365,1.0,599.329,565.318,1.0,607.497,555.467,1.0,606.89,551.661,1.0,598.275,542.173,1.0,599.092,535.337,1.0,549.8,561.261,1.0,547.11,550.41,1.0,542.4,546.663,1.0,535.906,539.546,1.0,528.365,531.894,1.0,,,,,,,,,,,,,,,
41,605.033,461.62,1.0,608.116,483.395,1.0,609.803,487.212,1.0,619.44,476.862,1.0,613.774,468.947,1.0,662.865,472.315,1.0,653.437,465.108,1.0,656.823,455.319,1.0,654.117,455.989,1.0,671.54,456.547,1.0,597.65,566.773,1.0,604.565,555.424,1.0,608.7,552.504,1.0,598.824,542.173,1.0,598.567,542.07,1.0,552.011,566.202,1.0,548.079,557.578,1.0,542.179,550.689,1.0,535.906,539.546,1.0,532.055,536.67,1.0,,,,,,,,,,,,,,,
42,605.033,461.873,1.0,608.002,483.388,1.0,609.803,486.739,1.0,608.212,476.862,1.0,613.22,470.755,1.0,666.52,477.03,1.0,653.437,465.17,1.0,657.304,455.319,1.0,654.655,455.821,1.0,671.535,456.584,1.0,597.65,566.773,1.0,603.046,555.191,1.0,608.7,552.595,1.0,598.824,542.173,1.0,598.291,542.07,1.0,552.336,572.705,1.0,549.769,560.248,1.0,541.255,550.94,1.0,535.906,539.632,1.0,534.707,538.49,1.0,,,,,,,,,,,,,,,
43,605.033,461.432,1.0,595.027,477.405,1.0,609.803,484.031,1.0,606.504,478.443,1.0,613.22,473.899,1.0,666.019,477.35,1.0,653.437,465.6,1.0,657.554,455.459,1.0,654.655,455.79,1.0,671.535,456.547,1.0,596.519,566.708,1.0,602.992,555.467,1.0,608.7,552.595,1.0,598.824,541.885,1.0,597.251,534.26,1.0,552.446,572.705,1.0,550.212,560.254,1.0,541.255,551.182,1.0,535.95,539.862,1.0,534.749,538.77,1.0,,,,,,,,,,,,,,,
44,605.033,460.734,1.0,593.525,477.31,1.0,606.147,484.031,1.0,605.091,479.052,1.0,613.575,475.717,1.0,666.742,477.35,1.0,655.625,466.655,1.0,657.554,456.455,1.0,654.655,455.745,1.0,670.797,456.547,1.0,596.467,555.92,1.0,602.084,557.493,1.0,605.857,552.595,1.0,598.37,541.763,1.0,596.712,534.473,1.0,552.542,572.972,1.0,551.174,560.524,1.0,541.255,551.182,1.0,536.656,539.862,1.0,535.916,539.206,1.0,,,,,,,,,,,,,,,
45,605.163,460.734,1.0,593.525,477.31,1.0,604.096,484.031,1.0,605.091,479.052,1.0,614.365,476.603,1.0,666.964,476.798,1.0,661.492,467.833,1.0,657.415,457.123,1.0,654.655,454.464,1.0,667.454,454.881,1.0,591.841,555.92,1.0,599.871,559.407,1.0,604.041,552.504,1.0,597.517,541.028,1.0,596.688,534.473,1.0,554.376,573.032,1.0,551.174,561.24,1.0,544.178,552.9,1.0,538.275,543.942,1.0,536.943,539.272,1.0,,,,,,,,,,,,,,,
46,605.268,460.744,1.0,593.007,477.31,1.0,603.127,484.031,1.0,604.946,479.986,1.0,613.575,477.529,1.0,667.509,476.826,1.0,661.523,467.833,1.0,657.304,457.123,1.0,654.655,452.952,1.0,666.725,451.406,1.0,591.841,555.92,1.0,599.258,559.474,1.0,603.187,552.196,1.0,596.913,541.028,1.0,595.63,534.473,1.0,554.376,573.032,1.0,551.379,562.747,1.0,547.359,558.149,1.0,539.593,549.186,1.0,537.348,539.815,1.0,,,,,,,,,,,,,,,
47,605.606,460.744,1.0,592.172,477.269,1.0,595.872,486.233,1.0,603.793,480.702,1.0,613.575,477.793,1.0,668.541,476.798,1.0,662.494,467.833,1.0,655.512,457.123,1.0,654.553,452.814,1.0,665.148,449.216,1.0,591.095,554.864,1.0,598.213,559.474,1.0,602.339,552.196,1.0,596.543,541.028,1.0,595.501,535.6,1.0,557.495,577.29,1.0,552.161,562.747,1.0,547.359,558.149,1.0,539.764,549.278,1.0,537.348,539.815,1.0,,,,,,,,,,,,,,,
48,605.765,460.744,1.0,593.525,477.269,1.0,595.872,486.233,1.0,600.488,480.702,1.0,613.849,480.211,1.0,668.553,476.483,1.0,662.799,467.833,1.0,655.512,457.123,1.0,654.717,452.814,1.0,665.148,448.654,1.0,591.095,554.864,1.0,597.485,559.407,1.0,601.63,552.867,1.0,596.211,543.994,1.0,595.219,536.882,1.0,557.495,577.964,0.0,552.161,562.724,1.0,547.416,558.263,1.0,540.275,550.37,1.0,537.348,540.158,1.0,,,,,,,,,,,,,,,
49,605.765,460.877,1.0,593.732,475.576,1.0,595.065,481.311,1.0,578.236,457.774,1.0,613.849,483.851,1.0,668.56,476.631,1.0,663.115,467.833,1.0,655.512,457.123,1.0,654.828,452.814,1.0,664.561,448.504,1.0,,559.948,0.0,597.277,557.178,1.0,600.833,553.247,1.0,595.994,544.041,1.0,595.097,537.951,1.0,557.495,578.479,1.0,552.313,562.724,1.0,548.402,558.263,1.0,543.231,552.37,1.0,537.479,540.158,1.0,,,,,,,,,,,,,,,
50,605.643,460.877,1.0,598.776,459.9,1.0,588.606,459.077,1.0,578.236,458.249,1.0,613.207,491.378,1.0,670.325,476.351,1.0,663.848,469.825,1.0,656.125,458.684,1.0,655.033,454.181,1.0,664.367,448.136,1.0,604.841,560.727,1.0,597.157,557.178,1.0,600.145,553.501,1.0,595.45,544.645,1.0,595.219,538.247,1.0,556.91,577.964,1.0,552.944,562.747,1.0,548.421,558.806,1.0,544.226,554.304,1.0,537.479,540.158,1.0,,,,,,,,,,,,,,,
51,605.643,460.877,1.0,598.776,459.9,1.0,588.606,459.077,1.0,578.163,458.249,1.0,613.207,492.801,1.0,671.342,476.351,1.0,664.96,469.825,1.0,657.314,463.071,1.0,654.817,455.976,1.0,661.38,447.979,1.0,586.577,560.727,1.0,597.157,557.178,1.0,599.856,553.656,1.0,594.959,545.531,1.0,595.501,538.247,1.0,,,0.0,552.944,562.724,1.0,548.792,562.047,1.0,545.089,554.508,1.0,537.908,542.411,1.0,,,,,,,,,,,,,,,
52,604.919,460.315,1.0,598.776,459.9,1.0,588.606,459.077,1.0,577.958,458.249,1.0,613.207,492.801,1.0,671.342,476.631,1.0,664.96,471.55,1.0,657.859,464.049,1.0,655.033,457.266,1.0,658.861,447.979,1.0,582.011,560.727,1.0,595.325,557.668,1.0,598.471,555.047,1.0,594.959,548.994,1.0,597.11,539.659,1.0,555.259,577.842,1.0,552.944,562.724,1.0,548.792,564.187,1.0,544.814,554.696,1.0,541.797,545.973,1.0,,,,,,,,,,,,,,,
53,604.867,459.436,1.0,590.125,481.869,1.0,588.331,458.913,1.0,578.163,458.469,1.0,611.507,492.801,1.0,671.342,476.877,1.0,665.473,472.135,1.0,658.417,465.753,1.0,655.278,457.689,1.0,655.966,447.979,1.0,582.011,568.88,1.0,593.385,561.069,1.0,597.689,555.724,1.0,594.959,551.933,1.0,602.169,540.573,1.0,,,0.0,,,0.0,548.901,565.869,1.0,544.814,554.696,1.0,542.134,547.422,1.0,,,,,,,,,,,,,,,
54,604.036,459.436,1.0,581.149,493.429,1.0,588.495,458.913,1.0,578.163,458.62,1.0,609.35,491.977,1.0,669.306,477.731,1.0,666.485,471.55,1.0,658.417,467.157,1.0,655.278,459.36,1.0,653.23,450.972,1.0,582.011,568.88,1.0,593.385,562.553,1.0,597.261,556.995,1.0,596.606,552.733,1.0,602.169,541.055,1.0,,,0.0,,,0.0,549.083,566.094,1.0,545.161,554.764,1.0,542.438,547.674,1.0,,,,,,,,,,,,,,,
55,604.036,459.436,1.0,580.54,493.746,1.0,588.495,457.996,1.0,583.505,476.18,1.0,600.213,490.761,1.0,669.207,477.731,1.0,666.652,470.957,1.0,658.417,467.394,1.0,655.354,459.39,1.0,653.14,451.366,1.0,580.942,569.649,1.0,592.852,562.553,1.0,596.929,557.196,1.0,597.145,552.733,1.0,602.169,541.583,1.0,,,0.0,,,0.0,549.083,566.118,1.0,545.667,555.119,1.0,542.579,548.614,1.0,,,,,,,,,,,,,,,
56,602.696,459.296,1.0,578.141,493.746,1.0,588.331,457.736,1.0,583.532,476.335,1.0,595.89,490.676,1.0,669.207,477.731,1.0,666.887,470.957,1.0,659.514,467.951,1.0,655.691,459.959,1.0,653.14,451.418,1.0,580.801,569.649,1.0,592.723,562.553,1.0,596.929,557.807,1.0,597.145,554.76,1.0,602.065,542.261,1.0,603.677,592.639,1.0,,,0.0,551.4,566.118,1.0,547.723,557.029,1.0,543.793,551.762,1.0,,,,,,,,,,,,,,,
57,602.37,459.008,1.0,578.141,493.746,1.0,588.331,456.831,1.0,583.532,476.335,1.0,594.532,487.691,1.0,669.306,477.731,1.0,668.111,470.957,1.0,660.416,467.951,1.0,655.743,460.018,1.0,653.115,451.561,1.0,578.897,,1.0,,,0.0,592.828,558.408,1.0,597.145,555.458,1.0,602.065,543.854,1.0,556.826,592.144,1.0,581.236,584.765,1.0,557.549,570.667,1.0,552.971,564.742,1.0,545.718,552.146,1.0,,,,,,,,,,,,,,,
58,602.022,459.025,1.0,578.141,493.207,1.0,588.424,456.802,1.0,583.505,476.18,1.0,593.72,487.015,1.0,670.124,477.731,1.0,669.029,470.957,1.0,660.786,467.951,1.0,655.743,460.622,1.0,653.057,451.766,1.0,,499.567,0.0,,,0.0,587.562,559.252,1.0,596.431,558.672,1.0,602.065,545.858,1.0,556.826,591.697,1.0,578.632,584.765,1.0,557.691,571.888,1.0,554.187,566.108,1.0,545.795,553.545,1.0,,,,,,,,,,,,,,,
59,602.022,458.69,1.0,575.783,452.266,1.0,588.146,456.238,1.0,582.547,475.547,1.0,586.75,473.002,1.0,671.454,480.659,1.0,672.245,472.295,1.0,662.594,468.487,1.0,657.491,462.299,1.0,653.052,453.224,1.0,566.144,499.567,1.0,573.664,487.523,1.0,587.398,559.636,1.0,596.431,559.546,1.0,604.386,548.171,1.0,557.044,591.697,1.0,553.75,584.765,1.0,557.691,572.402,1.0,554.187,566.268,1.0,546.008,553.592,1.0,,,,,,,,,,,,,,,
60,602.022,458.376,1.0,574.378,452.212,1.0,588.146,456.124,1.0,580.521,473.679,1.0,,,0.0,671.454,480.932,1.0,672.368,472.473,1.0,662.692,468.997,1.0,657.491,462.373,1.0,652.984,453.316,1.0,,,0.0,,,0.0,586.519,561.061,1.0,596.175,560.017,1.0,604.386,548.464,1.0,557.044,592.144,1.0,553.75,585.266,1.0,557.549,573.082,1.0,554.187,567.219,1.0,546.889,554.701,1.0,,,,,,,,,,,,,,,
61,,,,,,,,,,,,,,,,671.454,483.132,1.0,672.582,474.494,1.0,663.058,468.997,1.0,657.491,462.605,1.0,652.455,453.316,1.0,,,0.0,,,0.0,584.702,561.061,1.0,596.015,560.017,1.0,604.386,548.464,1.0,557.199,591.697,1.0,553.75,587.473,1.0,556.483,575.617,1.0,550.239,568.559,1.0,547.903,555.867,1.0,556.324,496.277,1.0,598.397,453.002,1.0,571.65,494.364,1.0,580.629,470.694,1.0,590.292,487.32,1.0
62,,,,,,,,,,,,,,,,671.269,483.443,1.0,672.582,474.552,1.0,663.058,469.869,1.0,657.324,462.605,1.0,652.248,453.224,1.0,,,0.0,,,0.0,582.528,561.061,1.0,595.828,560.017,1.0,603.244,548.464,1.0,559.035,591.697,1.0,556.759,587.473,1.0,555.305,577.638,1.0,549.706,568.559,1.0,548.595,563.972,1.0,556.009,496.277,1.0,597.84,453.002,1.0,571.65,494.364,1.0,579.625,470.588,1.0,589.98,486.668,1.0
63,,,,,,,,,,,,,,,,671.269,483.443,1.0,672.582,474.552,1.0,663.058,469.869,1.0,657.076,462.605,1.0,652.248,453.177,1.0,,,,,,,,,,,,,,,,561.503,589.732,1.0,557.185,587.473,1.0,554.709,577.755,1.0,549.706,568.767,1.0,552.572,564.933,1.0,555.212,496.108,1.0,597.827,453.002,1.0,571.65,494.364,1.0,579.613,461.655,1.0,589.013,486.506,1.0
64,,,,,,,,,,,,,,,,671.269,483.443,1.0,672.656,474.552,1.0,662.689,468.478,1.0,656.941,462.506,1.0,652.248,452.945,1.0,,,,,,,,,,,,,,,,568.835,572.727,1.0,557.45,586.619,1.0,554.623,577.811,1.0,550.128,568.767,1.0,552.967,565.0,1.0,555.212,496.277,1.0,597.12,454.043,1.0,571.65,494.421,1.0,579.432,461.655,1.0,587.948,486.318,1.0
65,,,,,,,,,,,,,,,,672.579,475.657,1.0,672.948,473.627,1.0,662.018,468.156,1.0,656.653,461.431,1.0,652.293,452.159,1.0,,,,,,,,,,,,,,,,568.835,572.727,1.0,558.041,586.619,1.0,553.085,581.514,1.0,549.706,569.603,1.0,552.967,565.0,1.0,554.08,496.833,1.0,562.16,496.748,1.0,571.65,495.837,1.0,579.432,461.655,1.0,582.868,485.459,1.0
66,602.589,465.829,1.0,598.054,456.542,1.0,586.934,456.238,1.0,,,0.0,,,0.0,677.661,473.842,1.0,674.26,471.903,1.0,658.612,468.156,1.0,655.863,459.939,1.0,653.886,450.546,1.0,,,,,,,,,,,,,,,,561.503,597.242,1.0,559.85,586.619,1.0,553.085,581.514,1.0,549.706,576.97,1.0,552.967,569.091,1.0,554.08,499.393,1.0,562.075,498.218,1.0,566.192,496.391,1.0,578.816,484.897,1.0,577.85,484.342,1.0
67,601.86,465.829,1.0,598.054,456.542,1.0,586.934,456.109,1.0,582.152,564.053,1.0,,,0.0,680.322,465.727,1.0,674.425,470.359,1.0,657.702,468.08,1.0,655.802,459.658,1.0,655.155,450.464,1.0,,,,,,,,,,,,,,,,563.856,598.431,1.0,559.85,600.312,1.0,553.085,581.514,1.0,548.447,580.282,1.0,552.57,569.091,1.0,553.497,499.561,1.0,561.531,498.28,1.0,565.313,496.695,1.0,567.244,485.726,1.0,577.751,483.657,1.0
68,601.664,465.829,1.0,598.054,456.542,1.0,586.934,456.029,1.0,581.608,474.121,1.0,592.936,559.78,1.0,680.409,465.449,1.0,674.425,468.69,1.0,657.702,466.301,1.0,654.6,459.6,1.0,655.155,450.464,1.0,,,,,,,,,,,,,,,,563.856,598.669,1.0,559.85,600.646,1.0,571.632,569.648,1.0,548.447,580.282,1.0,552.57,569.093,1.0,553.497,499.772,1.0,561.247,498.296,1.0,565.234,496.695,1.0,566.555,486.54,1.0,577.725,484.342,1.0
69,601.86,465.994,1.0,599.604,456.542,1.0,589.478,455.674,1.0,580.316,458.73,1.0,580.492,478.751,1.0,681.279,463.569,1.0,674.425,467.562,1.0,657.702,465.05,1.0,654.6,459.6,1.0,655.155,450.464,1.0,,,,,,,,,,,,,,,,559.648,609.844,1.0,559.85,601.233,1.0,573.228,569.045,1.0,548.447,580.282,1.0,552.57,569.093,1.0,553.497,499.772,1.0,560.902,498.296,1.0,564.719,496.391,1.0,566.173,490.14,1.0,,485.705,0.0
70,601.86,465.994,1.0,599.604,456.542,1.0,589.478,455.674,1.0,578.462,458.139,1.0,,,0.0,683.156,463.088,1.0,671.591,464.959,1.0,660.449,463.678,1.0,654.6,459.594,1.0,653.319,450.464,1.0,,,,,,,,,,,,,,,,562.807,609.844,1.0,559.85,601.233,1.0,574.106,568.75,1.0,580.117,564.648,1.0,553.683,571.355,1.0,548.277,500.462,1.0,556.347,498.601,1.0,558.769,495.262,1.0,565.906,490.14,1.0,576.738,486.771,1.0
71,601.664,465.994,1.0,599.604,455.179,1.0,589.478,454.929,1.0,578.462,458.05,1.0,,,0.0,683.185,463.088,1.0,671.434,464.456,1.0,660.742,463.678,1.0,654.749,458.933,1.0,652.916,450.404,1.0,,,,,,,,,,,,,,,,562.962,613.318,1.0,561.441,602.685,1.0,573.228,568.75,1.0,580.117,564.648,1.0,554.927,571.355,1.0,542.455,500.687,1.0,549.095,501.491,1.0,557.945,494.698,1.0,564.873,497.549,1.0,,485.705,1.0
72,601.421,464.677,1.0,598.924,454.495,1.0,589.478,455.004,1.0,578.462,458.018,1.0,,485.405,1.0,683.792,463.024,1.0,671.434,464.431,1.0,662.081,463.678,1.0,655.252,458.533,1.0,652.434,449.157,1.0,,,,,,,,,,,,,,,,562.962,613.614,1.0,561.489,603.1,1.0,572.831,569.087,1.0,580.247,564.446,1.0,556.731,571.355,1.0,541.015,509.572,1.0,547.104,503.338,1.0,556.239,494.698,1.0,563.973,500.747,1.0,573.292,,0.0
73,601.099,464.361,1.0,598.924,454.042,1.0,589.373,455.122,1.0,577.632,458.05,1.0,581.92,,0.0,684.079,463.024,1.0,671.591,463.999,1.0,664.778,462.846,1.0,655.332,458.533,1.0,652.32,449.157,1.0,,,,,,,,,,,,,,,,562.962,613.807,1.0,561.648,603.404,1.0,572.831,569.036,1.0,580.247,563.403,1.0,556.731,574.777,1.0,540.094,509.936,1.0,547.016,503.771,1.0,555.821,495.262,1.0,563.48,500.747,1.0,,,1.0
74,600.696,464.313,1.0,598.924,454.042,1.0,589.373,455.004,1.0,577.862,458.05,1.0,581.92,477.828,1.0,684.363,462.483,1.0,675.228,460.647,1.0,665.603,460.582,1.0,656.515,458.533,1.0,652.32,449.157,1.0,,,,,,,,,,,,,,,,563.01,613.876,1.0,562.718,603.404,1.0,572.779,569.087,1.0,580.247,563.698,1.0,558.281,574.866,1.0,539.911,510.053,1.0,546.729,503.771,1.0,554.585,495.416,1.0,563.049,501.174,1.0,589.073,563.457,0.0
75,600.688,463.989,1.0,599.398,454.023,1.0,589.491,454.929,1.0,578.756,459.097,1.0,581.088,476.704,1.0,686.25,461.446,1.0,676.611,460.109,1.0,665.729,465.144,1.0,656.515,458.803,1.0,652.434,450.079,1.0,,,,,,,,,,,,,,,,563.01,613.876,1.0,562.718,603.404,1.0,572.779,569.464,1.0,580.247,563.698,1.0,588.964,564.55,1.0,539.386,510.484,1.0,545.122,503.338,1.0,551.358,497.052,1.0,554.803,501.606,1.0,589.073,563.457,1.0
76,600.577,463.354,1.0,599.584,453.974,1.0,589.701,454.855,1.0,577.862,461.22,1.0,581.019,475.795,1.0,687.087,461.446,1.0,681.259,459.855,1.0,668.108,464.118,1.0,661.868,458.906,1.0,653.306,454.397,1.0,,,,,,,,,,,,,,,,563.01,620.176,1.0,563.596,606.966,1.0,572.779,569.108,1.0,580.247,563.698,1.0,588.266,563.536,1.0,532.416,513.507,1.0,540.661,502.491,1.0,547.671,506.365,1.0,551.598,501.491,1.0,,,0.0
77,600.577,462.855,1.0,599.782,453.904,1.0,589.701,454.043,1.0,577.862,461.84,1.0,581.088,475.431,1.0,687.28,461.446,1.0,681.574,459.61,1.0,669.952,462.856,1.0,662.458,459.289,1.0,653.635,454.665,1.0,,,,,,,,,,,,,,,,563.01,620.176,1.0,563.627,606.966,1.0,572.552,569.464,1.0,580.048,563.685,1.0,588.266,563.08,1.0,532.182,513.507,1.0,540.329,502.412,1.0,547.621,506.541,1.0,551.456,501.491,1.0,,,0.0
78,600.577,462.852,1.0,599.782,453.904,1.0,589.701,454.043,1.0,578.756,462.739,1.0,581.019,473.966,1.0,690.246,462.392,1.0,682.092,458.132,1.0,670.797,462.856,1.0,662.657,461.051,1.0,653.663,455.402,1.0,,,,,,,,,,,,,,,,563.355,620.176,1.0,564.256,606.966,1.0,572.552,569.464,1.0,579.665,563.685,1.0,588.266,563.08,1.0,532.104,513.507,1.0,540.027,502.412,1.0,546.448,506.541,1.0,550.361,501.503,1.0,,,0.0
79,601.484,462.652,1.0,599.782,453.593,1.0,589.466,454.043,1.0,579.727,462.992,1.0,580.957,472.997,1.0,690.246,462.471,1.0,682.691,457.744,1.0,670.296,463.438,1.0,662.784,461.533,1.0,653.663,455.532,1.0,,,,,,,,,,,,,,,,564.026,588.962,1.0,571.236,578.578,1.0,573.007,569.108,1.0,580.465,563.99,1.0,588.579,563.08,1.0,532.104,513.119,1.0,539.285,502.412,1.0,544.392,506.365,1.0,550.179,501.503,1.0,,,0.0
80,601.657,462.652,1.0,598.485,453.593,1.0,582.267,455.514,1.0,579.727,462.992,1.0,579.082,469.753,1.0,690.525,462.592,1.0,682.943,457.383,1.0,671.816,463.438,1.0,662.784,461.533,1.0,653.889,455.532,1.0,562.117,630.469,1.0,564.712,619.671,1.0,561.432,611.926,1.0,582.381,609.339,1.0,560.593,593.599,1.0,564.026,585.798,1.0,572.696,577.574,1.0,577.285,569.552,0.0,583.391,565.368,0.0,588.417,563.203,1.0,529.537,512.346,1.0,534.05,506.489,1.0,540.982,505.601,1.0,548.751,501.503,1.0,553.977,499.508,1.0
81,601.878,462.841,1.0,598.389,453.653,1.0,582.267,455.514,1.0,579.727,462.992,1.0,576.035,467.267,1.0,690.525,462.981,1.0,683.288,457.358,1.0,672.491,463.438,1.0,662.784,461.905,1.0,654.471,455.988,1.0,562.117,630.469,1.0,564.712,619.671,1.0,558.63,611.926,1.0,558.614,609.339,1.0,560.593,593.128,1.0,568.819,578.434,1.0,572.696,576.994,1.0,577.939,573.149,1.0,587.202,569.389,1.0,588.579,563.683,1.0,520.121,508.406,1.0,532.503,506.489,1.0,538.845,505.601,1.0,545.87,501.675,1.0,551.414,498.01,1.0
82,601.938,462.852,1.0,598.389,453.972,1.0,582.267,455.514,1.0,579.567,461.542,1.0,575.282,464.897,1.0,692.1,462.981,1.0,685.118,457.193,1.0,677.958,464.703,1.0,662.784,461.924,1.0,658.404,457.39,1.0,562.117,630.469,1.0,564.712,619.671,1.0,558.63,611.926,1.0,558.614,609.287,1.0,560.593,591.66,1.0,568.819,574.323,1.0,572.696,573.821,1.0,577.285,573.149,1.0,586.554,569.325,1.0,588.579,564.618,1.0,519.91,507.965,1.0,532.294,506.489,1.0,538.672,505.601,1.0,544.644,501.769,1.0,551.414,497.079,1.0
83,602.121,462.875,1.0,598.389,454.242,1.0,583.095,455.372,1.0,579.567,460.353,1.0,575.282,463.24,1.0,692.85,462.981,1.0,687.577,457.193,1.0,679.397,464.703,1.0,663.157,462.523,1.0,658.404,458.923,1.0,562.949,630.469,1.0,565.338,620.37,1.0,559.092,612.247,1.0,558.614,609.287,1.0,561.658,591.66,1.0,568.909,563.588,1.0,572.696,570.319,1.0,575.665,573.149,1.0,585.984,568.472,1.0,588.579,564.969,1.0,519.415,507.965,1.0,532.113,506.489,1.0,538.295,505.777,1.0,543.936,501.769,1.0,551.389,497.079,1.0
84,602.223,462.989,1.0,598.619,454.376,1.0,584.585,454.445,1.0,579.567,457.268,1.0,575.282,460.856,1.0,693.914,460.158,1.0,687.577,457.358,1.0,679.714,464.787,1.0,662.689,463.919,1.0,658.404,459.017,1.0,563.483,630.469,1.0,566.329,620.37,1.0,558.63,612.247,1.0,558.725,609.287,1.0,562.097,592.013,1.0,570.124,562.661,1.0,575.608,568.978,1.0,574.001,574.273,1.0,585.984,568.472,1.0,588.437,564.969,1.0,518.945,508.406,1.0,531.347,506.489,1.0,537.517,506.101,1.0,542.565,501.675,1.0,550.918,497.079,1.0
85,602.121,463.595,1.0,599.352,454.422,1.0,585.986,453.808,1.0,583.621,456.613,1.0,574.953,459.756,1.0,693.914,459.933,1.0,687.623,457.699,1.0,680.181,464.787,1.0,663.157,463.933,1.0,658.484,459.044,1.0,563.884,630.157,1.0,566.445,620.37,1.0,558.63,612.575,1.0,558.725,608.851,1.0,562.097,592.013,1.0,570.124,561.752,1.0,575.608,566.992,1.0,573.438,574.273,1.0,585.368,568.472,1.0,588.437,564.969,1.0,518.945,510.43,1.0,528.81,508.68,1.0,535.762,506.905,1.0,536.595,499.168,1.0,550.087,499.918,1.0
86,602.121,463.694,1.0,599.352,454.495,1.0,588.162,453.468,1.0,585.586,454.789,1.0,574.63,459.336,1.0,693.58,459.853,1.0,687.623,458.28,1.0,680.181,464.528,1.0,663.157,463.933,1.0,658.699,459.368,1.0,566.472,627.38,1.0,566.685,619.964,1.0,558.527,612.575,1.0,558.725,607.797,1.0,562.097,592.013,1.0,570.285,560.886,1.0,575.608,564.4,1.0,573.092,574.273,1.0,585.165,567.685,1.0,586.848,565.471,1.0,518.945,517.834,1.0,528.645,510.445,1.0,532.64,507.05,1.0,534.529,498.938,1.0,549.018,499.918,1.0
87,601.613,463.761,1.0,599.517,454.831,1.0,589.622,453.468,1.0,585.586,454.552,1.0,575.258,459.047,1.0,693.914,459.853,1.0,688.143,458.28,1.0,680.291,464.528,1.0,663.565,463.933,1.0,658.719,459.542,1.0,573.404,627.38,1.0,566.899,619.964,1.0,557.914,615.437,1.0,558.803,605.16,1.0,556.101,596.305,1.0,570.124,554.728,1.0,573.937,558.173,1.0,573.438,570.854,1.0,584.227,567.348,1.0,586.778,565.312,1.0,518.413,517.834,1.0,528.645,510.445,1.0,532.64,507.477,1.0,534.529,498.851,1.0,548.663,499.918,1.0
88,601.613,464.028,1.0,599.743,455.324,1.0,591.863,453.468,1.0,585.586,453.286,1.0,574.63,456.879,1.0,693.914,459.853,1.0,688.601,458.28,1.0,680.394,464.528,1.0,664.82,463.837,1.0,659.275,460.232,1.0,573.441,627.38,1.0,566.899,619.964,1.0,557.914,615.437,1.0,558.803,605.16,1.0,556.101,596.986,1.0,569.286,554.717,1.0,573.735,557.786,1.0,572.756,569.598,1.0,583.237,567.134,1.0,586.5,565.155,1.0,518.023,517.834,1.0,528.645,510.445,1.0,532.64,507.477,1.0,534.529,498.851,1.0,548.663,499.918,1.0
89,601.539,464.147,1.0,599.517,455.433,1.0,595.83,453.775,1.0,584.466,451.443,1.0,574.421,453.6,1.0,697.718,459.853,1.0,692.947,458.214,1.0,680.67,464.299,1.0,672.859,463.628,1.0,664.667,461.969,1.0,576.761,627.696,1.0,567.914,621.422,1.0,557.914,615.437,1.0,558.803,605.16,1.0,555.337,600.158,1.0,568.998,553.906,1.0,572.727,557.389,1.0,571.224,569.06,1.0,583.131,566.936,1.0,586.15,565.312,1.0,519.298,514.588,1.0,530.347,509.59,1.0,533.919,507.512,1.0,534.613,498.938,1.0,549.018,499.918,1.0
90,601.487,464.438,1.0,599.34,456.707,1.0,596.608,453.8,1.0,584.466,449.223,1.0,574.63,451.059,1.0,702.437,460.274,1.0,695.049,458.214,1.0,683.823,464.299,1.0,677.786,462.672,1.0,667.734,462.007,1.0,578.97,629.442,1.0,573.186,623.052,1.0,561.625,614.296,1.0,560.877,607.534,1.0,555.15,603.764,1.0,568.559,553.906,1.0,572.584,556.53,1.0,571.093,568.685,1.0,583.131,565.458,1.0,586.5,565.602,1.0,519.61,510.825,1.0,530.487,508.531,1.0,535.018,507.59,1.0,536.026,498.938,1.0,549.067,499.857,1.0
91,601.539,465.014,1.0,599.743,458.008,1.0,596.663,454.185,1.0,584.466,448.261,1.0,575.258,448.725,1.0,703.346,463.934,1.0,695.223,458.192,1.0,684.18,464.145,1.0,678.136,462.438,1.0,668.267,462.007,1.0,579.314,629.551,1.0,574.702,623.333,1.0,562.535,614.164,1.0,561.392,607.587,1.0,554.257,604.881,1.0,563.272,546.744,1.0,571.923,550.783,1.0,569.367,560.467,1.0,580.21,564.744,1.0,586.778,565.845,1.0,523.192,506.219,1.0,530.487,503.825,1.0,535.018,507.59,1.0,544.5,503.387,1.0,551.112,499.857,1.0
92,602.084,465.094,1.0,599.743,458.008,1.0,596.699,454.185,1.0,584.466,447.756,1.0,578.778,448.108,1.0,703.357,463.934,1.0,695.749,458.214,1.0,685.054,463.712,1.0,678.775,462.438,1.0,668.77,461.987,1.0,579.648,630.024,1.0,574.702,623.95,1.0,563.275,614.164,1.0,561.536,608.615,1.0,554.257,604.881,1.0,563.272,546.093,1.0,570.718,550.783,1.0,568.879,560.467,1.0,577.991,564.234,1.0,587.38,566.367,1.0,528.734,498.219,1.0,530.518,501.034,1.0,535.724,507.512,1.0,545.104,504.112,1.0,551.945,497.884,1.0
93,602.084,465.999,1.0,600.218,458.008,1.0,596.965,454.185,1.0,584.483,447.756,1.0,580.002,446.511,1.0,703.917,464.083,1.0,695.877,458.532,1.0,686.155,463.712,1.0,679.566,462.438,1.0,669.816,462.007,1.0,579.648,631.385,1.0,574.661,624.227,1.0,566.755,614.164,1.0,561.776,613.796,1.0,554.257,604.881,1.0,562.958,546.064,1.0,570.718,550.102,1.0,568.837,560.289,1.0,577.562,564.234,1.0,588.03,566.629,1.0,528.734,497.913,1.0,530.518,501.034,1.0,535.724,507.59,1.0,545.104,504.112,1.0,551.945,497.884,1.0
94,602.084,465.999,1.0,600.804,456.953,1.0,597.085,454.373,1.0,584.929,447.756,1.0,580.213,444.799,1.0,704.069,464.308,1.0,698.356,458.532,1.0,689.822,463.712,1.0,680.035,462.438,1.0,670.564,462.007,1.0,584.993,635.425,1.0,574.702,627.438,1.0,570.704,621.011,1.0,564.288,617.756,1.0,562.636,603.263,1.0,562.694,545.722,1.0,570.402,550.783,1.0,568.837,560.289,1.0,577.047,564.234,1.0,588.03,566.82,1.0,528.734,497.755,1.0,530.165,501.034,1.0,534.189,507.056,1.0,545.104,503.387,1.0,551.945,497.884,1.0
95,602.084,465.999,1.0,601.426,456.953,1.0,597.085,454.373,1.0,584.63,447.881,1.0,580.477,444.799,1.0,712.329,464.083,1.0,703.236,458.192,1.0,693.663,464.076,1.0,681.068,462.438,1.0,671.307,461.987,1.0,585.719,635.439,1.0,574.661,628.095,1.0,570.727,621.095,1.0,564.619,618.106,1.0,562.636,603.248,1.0,561.987,545.718,1.0,569.892,550.783,1.0,568.879,560.289,1.0,575.735,569.638,1.0,588.03,566.82,1.0,525.234,494.302,1.0,530.165,499.072,1.0,534.13,506.468,1.0,535.233,500.785,1.0,550.759,501.381,1.0
96,602.246,465.999,1.0,602.271,456.953,1.0,597.085,453.633,1.0,584.63,449.684,1.0,580.712,444.516,1.0,712.329,463.199,1.0,705.385,457.505,1.0,693.971,464.076,1.0,681.463,462.406,1.0,672.194,462.443,1.0,585.719,635.773,1.0,574.661,628.119,1.0,570.921,621.216,1.0,565.056,618.128,1.0,562.636,603.248,1.0,560.651,542.264,1.0,566.28,550.102,1.0,568.837,560.371,1.0,574.796,570.259,1.0,585.846,569.762,1.0,524.624,494.862,1.0,530.911,501.034,1.0,532.436,505.015,1.0,535.165,500.785,1.0,547.654,502.734,1.0
97,602.246,465.999,1.0,602.657,457.297,1.0,597.08,453.232,1.0,584.913,450.028,1.0,581.133,444.799,1.0,712.329,459.531,1.0,707.643,456.529,1.0,693.971,464.669,1.0,681.463,462.406,1.0,674.281,462.573,1.0,585.719,636.025,1.0,574.769,628.12,1.0,571.373,621.095,1.0,565.901,618.106,1.0,562.636,603.263,1.0,555.517,541.675,1.0,563.694,550.102,1.0,568.77,560.371,1.0,571.751,570.259,1.0,579.082,570.113,1.0,522.29,495.837,1.0,530.678,501.641,1.0,531.708,503.227,1.0,534.977,500.785,1.0,544.943,503.649,1.0
98,607.509,468.686,1.0,602.872,459.042,1.0,596.015,454.373,1.0,584.929,450.571,1.0,581.253,444.969,1.0,712.191,459.234,1.0,707.832,456.197,1.0,695.952,464.669,1.0,681.804,462.744,1.0,675.267,462.573,1.0,586.171,636.075,1.0,574.982,628.381,1.0,571.603,621.216,1.0,566.131,618.106,1.0,562.812,604.272,1.0,554.954,541.365,1.0,563.168,550.06,1.0,568.433,560.371,1.0,571.515,570.198,1.0,579.079,570.113,1.0,521.916,494.896,1.0,530.678,501.034,1.0,531.708,503.227,1.0,534.957,500.785,1.0,544.702,504.861,1.0
99,607.62,468.873,1.0,602.927,459.461,1.0,596.015,455.245,1.0,585.072,450.715,1.0,581.326,444.969,1.0,712.191,459.234,1.0,707.984,456.197,1.0,696.504,464.076,1.0,682.038,462.406,1.0,675.91,462.38,1.0,586.811,637.09,1.0,577.242,628.392,1.0,572.369,621.396,1.0,567.149,617.723,1.0,563.139,606.271,1.0,554.906,541.302,1.0,563.074,549.649,1.0,568.433,559.826,1.0,571.306,569.638,1.0,578.272,569.762,1.0,521.503,494.862,1.0,530.678,499.264,1.0,530.706,503.227,1.0,534.352,500.785,1.0,544.309,505.177,1.0
100,611.181,469.083,1.0,608.041,464.221,1.0,596.015,455.245,1.0,585.634,451.902,1.0,581.571,444.969,1.0,712.191,459.234,1.0,709.463,456.529,1.0,696.815,463.397,1.0,682.837,462.406,1.0,678.07,462.38,1.0,586.811,637.177,1.0,581.3,628.392,1.0,573.573,621.216,1.0,569.011,617.488,1.0,563.198,606.477,1.0,554.814,541.365,1.0,563.074,549.649,1.0,568.288,559.685,1.0,570.415,568.702,1.0,577.302,568.87,1.0,521.372,494.862,1.0,530.282,499.264,1.0,530.604,503.227,1.0,533.653,500.632,1.0,543.504,506.178,1.0
101,612.183,469.279,1.0,609.626,465.462,1.0,597.754,456.604,1.0,586.856,451.979,1.0,582.352,445.735,1.0,722.428,462.087,1.0,713.296,457.95,1.0,703.599,462.896,1.0,695.813,461.644,1.0,684.545,462.17,1.0,586.811,637.179,1.0,581.3,628.921,1.0,574.187,621.617,1.0,569.503,616.314,1.0,563.198,606.477,1.0,552.64,541.675,1.0,562.569,548.611,1.0,565.27,557.231,1.0,565.995,565.269,1.0,575.293,568.776,1.0,520.914,492.643,1.0,524.76,492.484,1.0,530.422,502.306,1.0,533.653,500.632,1.0,543.469,506.178,1.0
102,614.402,470.182,1.0,609.626,466.754,1.0,599.389,458.906,1.0,587.857,453.242,1.0,582.992,445.753,1.0,722.784,462.099,1.0,713.384,457.95,1.0,704.613,462.583,1.0,695.813,461.306,1.0,686.031,462.075,1.0,584.122,637.193,1.0,581.3,628.921,1.0,574.306,621.907,1.0,569.503,616.314,1.0,563.198,606.477,1.0,549.111,546.009,1.0,562.463,544.846,1.0,560.704,550.047,1.0,562.523,555.588,1.0,570.68,567.51,1.0,520.413,484.022,1.0,524.035,489.648,1.0,527.965,499.644,1.0,533.464,499.977,1.0,542.214,506.215,1.0
103,616.326,470.64,1.0,609.626,468.053,1.0,600.998,459.599,1.0,593.687,460.043,1.0,583.123,449.706,1.0,722.909,462.887,1.0,714.183,457.95,1.0,706.329,462.539,1.0,695.813,461.306,1.0,686.75,462.17,1.0,575.312,637.193,1.0,579.882,629.794,1.0,574.187,621.758,1.0,569.254,616.046,1.0,562.985,605.259,1.0,548.711,546.009,1.0,562.15,544.684,1.0,560.439,550.047,1.0,562.523,555.284,1.0,570.68,567.459,1.0,518.275,481.297,1.0,523.17,487.333,1.0,526.263,494.838,1.0,532.755,499.977,1.0,541.104,506.215,1.0
104,616.724,476.969,1.0,606.125,468.516,1.0,602.13,461.424,1.0,596.792,460.201,1.0,585.799,450.192,1.0,724.051,462.099,1.0,715.754,457.63,1.0,708.119,462.539,1.0,697.747,461.306,1.0,687.047,462.151,1.0,571.507,637.193,1.0,577.983,630.063,1.0,574.127,621.735,1.0,569.254,615.876,1.0,562.669,605.259,1.0,548.488,546.009,1.0,562.15,544.204,1.0,560.119,549.042,1.0,562.523,554.23,1.0,570.68,566.981,1.0,517.953,481.143,1.0,522.987,487.178,1.0,525.974,494.814,1.0,532.639,499.977,1.0,540.844,506.215,1.0
105,616.724,477.376,1.0,606.125,469.191,1.0,602.296,461.847,1.0,597.545,460.201,1.0,586.648,450.41,1.0,724.314,462.099,1.0,717.479,457.014,1.0,709.074,462.583,1.0,697.747,461.883,1.0,690.262,462.151,1.0,571.424,637.193,1.0,577.889,630.139,1.0,574.127,621.735,1.0,569.105,615.876,1.0,562.528,605.259,1.0,548.205,544.926,1.0,560.748,543.839,1.0,559.956,548.578,1.0,563.877,553.125,1.0,570.68,566.046,1.0,517.851,480.745,1.0,522.936,486.581,1.0,524.77,494.709,1.0,532.639,503.945,1.0,540.099,506.215,1.0
106,616.962,477.551,1.0,606.125,469.874,1.0,602.53,461.93,1.0,597.82,460.201,1.0,586.993,450.41,1.0,724.374,462.887,1.0,721.794,457.014,1.0,711.05,462.611,1.0,697.747,461.883,1.0,691.147,462.075,1.0,571.424,637.387,1.0,577.431,630.268,1.0,574.127,621.758,1.0,568.408,615.876,1.0,562.528,605.556,1.0,545.552,537.74,1.0,551.026,539.544,1.0,558.993,548.471,1.0,563.877,551.785,1.0,570.388,564.438,1.0,516.87,480.745,1.0,522.517,487.126,1.0,523.783,494.709,1.0,531.08,500.089,1.0,539.625,506.215,1.0
107,616.962,477.376,1.0,608.028,471.119,1.0,602.855,462.788,1.0,597.964,456.409,1.0,588.799,451.513,1.0,727.121,463.399,1.0,723.797,456.787,1.0,711.633,463.247,1.0,699.131,461.883,1.0,694.448,461.324,1.0,571.507,638.227,1.0,577.431,630.703,1.0,574.127,621.758,1.0,568.375,616.163,1.0,562.52,605.653,1.0,545.107,535.641,1.0,549.652,536.73,1.0,554.494,545.294,1.0,563.877,551.785,1.0,570.418,560.453,1.0,513.363,477.888,1.0,519.654,486.803,1.0,521.36,494.33,1.0,526.377,500.249,1.0,537.769,506.094,1.0
108,616.962,477.376,1.0,608.959,472.273,1.0,602.983,463.029,1.0,599.284,456.36,1.0,589.533,451.877,1.0,730.881,463.582,1.0,727.076,456.366,1.0,714.251,463.247,1.0,705.936,460.342,1.0,695.998,461.227,1.0,571.563,639.288,1.0,577.431,630.938,1.0,576.489,625.608,1.0,567.905,616.488,1.0,562.52,606.05,1.0,543.871,533.952,1.0,548.424,536.048,1.0,554.015,544.094,1.0,563.163,551.785,1.0,570.418,557.021,1.0,510.362,474.889,1.0,514.958,486.803,1.0,520.773,492.485,1.0,525.192,500.454,1.0,533.544,505.516,1.0
109,624.405,474.906,1.0,616.115,472.439,1.0,610.075,464.124,1.0,599.76,456.36,1.0,589.672,453.882,1.0,731.387,463.582,1.0,727.203,456.623,1.0,714.709,463.247,1.0,706.945,460.342,1.0,696.554,461.045,1.0,571.937,641.66,1.0,578.341,633.505,1.0,577.585,626.06,1.0,567.851,617.062,1.0,562.528,608.722,1.0,543.414,533.952,1.0,548.014,535.001,1.0,553.945,543.604,1.0,559.111,555.215,1.0,570.388,556.772,1.0,510.264,474.889,1.0,514.927,486.803,1.0,520.593,492.172,1.0,525.029,500.249,1.0,533.157,504.621,1.0
110,624.65,474.906,1.0,616.562,472.838,1.0,610.075,464.915,1.0,600.21,456.409,1.0,589.808,454.726,1.0,731.645,464.03,1.0,727.278,456.787,1.0,715.18,463.071,1.0,707.014,460.342,1.0,697.341,461.227,1.0,572.235,643.991,1.0,578.852,634.15,1.0,577.585,627.4,1.0,567.851,618.263,1.0,562.551,613.426,1.0,543.23,533.911,1.0,548.014,535.001,1.0,553.576,543.305,1.0,558.592,555.215,1.0,570.388,556.68,1.0,509.946,474.889,1.0,514.815,486.803,1.0,520.576,491.956,1.0,524.208,500.089,1.0,532.556,504.407,1.0
111,625.195,474.906,1.0,617.673,473.227,1.0,610.287,465.279,1.0,600.453,456.885,1.0,590.446,455.422,1.0,731.672,463.582,1.0,727.432,456.787,1.0,715.872,463.247,1.0,709.493,461.067,1.0,699.722,461.227,1.0,572.235,643.991,1.0,579.221,634.485,1.0,577.585,627.561,1.0,567.644,618.636,1.0,562.863,613.562,1.0,542.929,533.911,1.0,548.011,536.048,1.0,553.194,542.866,1.0,557.688,555.215,1.0,569.961,556.042,1.0,509.164,480.579,1.0,513.876,486.8,1.0,520.545,491.072,1.0,523.619,498.686,1.0,530.495,502.602,1.0
112,627.475,476.624,1.0,619.131,473.227,1.0,610.687,466.552,1.0,600.684,458.398,1.0,591.481,457.003,1.0,736.565,463.35,1.0,730.788,463.729,1.0,721.745,463.178,1.0,712.074,461.067,1.0,702.29,461.534,1.0,572.952,643.991,1.0,580.086,634.515,1.0,577.108,627.737,1.0,567.734,619.216,1.0,563.477,614.006,1.0,537.681,532.334,1.0,547.889,535.58,1.0,552.221,542.452,1.0,556.085,552.256,1.0,561.888,555.186,1.0,507.561,480.627,1.0,513.12,483.379,1.0,518.504,490.086,1.0,516.695,489.814,1.0,526.174,501.204,1.0
113,627.545,477.384,1.0,619.219,473.227,1.0,610.687,467.052,1.0,602.453,458.813,1.0,592.082,457.049,1.0,742.744,461.813,1.0,735.123,464.54,1.0,724.473,463.178,1.0,712.105,461.067,1.0,704.541,461.534,1.0,573.599,643.625,1.0,580.086,634.515,1.0,576.714,627.561,1.0,567.734,618.636,1.0,563.477,614.006,1.0,537.518,532.227,1.0,548.011,535.883,1.0,551.804,542.449,1.0,554.668,551.976,1.0,561.497,554.291,1.0,504.006,481.987,1.0,509.386,481.488,1.0,516.834,489.487,1.0,516.532,487.326,1.0,526.174,501.204,1.0
114,628.84,477.384,1.0,620.31,465.809,1.0,610.687,467.886,1.0,602.621,459.905,1.0,592.474,457.049,1.0,745.392,461.748,1.0,735.71,464.599,1.0,724.934,463.178,1.0,713.227,461.067,1.0,705.066,461.534,1.0,580.704,643.612,1.0,580.086,634.515,1.0,576.039,627.561,1.0,567.644,619.131,1.0,563.477,613.562,1.0,537.516,532.173,1.0,548.011,535.883,1.0,551.738,542.449,1.0,554.615,551.698,1.0,561.497,554.094,1.0,503.187,481.801,1.0,508.517,479.518,1.0,516.457,488.818,1.0,516.457,486.941,1.0,526.174,500.974,1.0
115,629.018,477.956,1.0,620.914,465.77,1.0,611.139,468.008,1.0,602.834,460.94,1.0,594.124,457.049,1.0,745.392,461.472,1.0,735.71,465.026,1.0,726.221,463.627,1.0,713.843,461.067,1.0,705.598,461.41,1.0,584.278,632.954,1.0,580.183,634.265,1.0,576.039,628.134,1.0,565.323,619.216,1.0,562.645,613.562,1.0,536.709,531.871,1.0,546.968,535.58,1.0,551.537,542.235,1.0,554.025,550.965,1.0,561.497,553.994,1.0,502.682,481.801,1.0,508.229,479.279,1.0,516.143,488.634,1.0,516.457,486.825,1.0,523.689,500.74,1.0
116,629.557,477.984,1.0,623.266,465.77,1.0,612.766,468.398,1.0,603.123,461.435,1.0,597.057,457.645,1.0,746.635,461.748,1.0,736.756,465.191,1.0,726.472,463.627,1.0,714.301,461.281,1.0,705.765,461.294,1.0,587.193,619.419,1.0,580.763,631.732,1.0,576.039,626.693,1.0,563.938,620.023,1.0,562.645,612.361,1.0,535.661,531.464,1.0,546.559,535.387,1.0,550.551,542.053,1.0,553.093,550.096,1.0,561.497,553.858,1.0,502.436,481.801,1.0,508.164,479.228,1.0,515.782,487.418,1.0,516.297,486.825,1.0,523.689,500.53,1.0
117,632.226,478.063,1.0,624.296,465.77,1.0,614.935,468.492,1.0,603.398,463.527,1.0,599.802,457.645,1.0,746.881,461.813,1.0,737.917,466.347,1.0,727.82,464.866,1.0,714.351,461.373,1.0,706.636,461.247,1.0,587.193,619.419,1.0,581.614,625.422,1.0,576.169,626.629,1.0,562.956,620.023,1.0,562.645,611.09,1.0,535.067,531.233,1.0,545.842,535.299,1.0,549.586,541.41,1.0,552.525,549.197,1.0,560.209,553.29,1.0,501.695,479.654,1.0,506.42,477.964,1.0,513.368,485.585,1.0,516.297,486.825,1.0,523.689,497.007,1.0
118,634.196,478.586,1.0,630.472,470.412,1.0,616.746,470.274,1.0,609.585,467.235,1.0,600.058,457.645,1.0,747.351,464.803,1.0,740.416,466.347,1.0,730.193,464.906,1.0,723.978,461.597,1.0,712.973,460.94,1.0,583.981,618.686,1.0,582.295,624.808,1.0,577.274,626.332,1.0,562.824,620.98,1.0,564.559,610.435,1.0,526.649,527.766,1.0,533.482,531.631,1.0,544.644,534.325,1.0,552.525,539.78,1.0,560.209,551.773,1.0,495.769,467.169,1.0,502.056,471.461,1.0,506.316,477.615,1.0,513.314,489.973,1.0,523.523,492.344,1.0
119,635.059,478.98,1.0,630.495,470.77,1.0,617.642,470.3,1.0,611.569,468.045,1.0,601.814,459.927,1.0,749.279,465.696,1.0,743.342,466.347,1.0,732.339,464.906,1.0,724.322,461.796,1.0,715.128,460.769,1.0,583.981,617.555,1.0,582.295,623.168,1.0,577.274,626.332,1.0,562.956,621.125,1.0,564.933,610.435,1.0,526.431,527.126,1.0,533.341,531.125,1.0,544.043,534.325,1.0,552.189,539.277,1.0,560.209,551.714,1.0,495.297,466.48,1.0,501.928,471.292,1.0,505.351,477.615,1.0,513.225,489.973,1.0,523.085,491.829,1.0
120,635.059,479.213,1.0,631.153,470.796,1.0,619.272,472.052,1.0,613.662,469.621,1.0,602.318,460.136,1.0,749.279,467.939,1.0,743.814,466.347,1.0,734.175,464.906,1.0,726.807,462.005,1.0,716.464,460.94,1.0,583.981,615.244,1.0,582.456,622.87,1.0,576.169,626.252,1.0,563.938,621.125,1.0,565.035,610.293,1.0,526.249,527.126,1.0,533.116,530.285,1.0,543.753,534.325,1.0,552.189,537.119,1.0,560.209,550.283,1.0,495.047,465.635,1.0,501.917,470.543,1.0,505.351,477.615,1.0,512.708,489.973,1.0,522.732,491.824,1.0
121,634.692,479.213,1.0,631.187,471.345,1.0,619.489,472.052,1.0,613.733,469.905,1.0,602.554,460.244,1.0,749.279,467.939,1.0,743.881,466.39,1.0,734.602,463.393,1.0,727.941,462.005,1.0,716.641,460.94,1.0,583.981,612.153,1.0,582.77,619.866,1.0,571.567,623.942,1.0,563.956,621.125,1.0,565.035,610.293,1.0,525.79,527.126,1.0,531.835,530.219,1.0,542.109,534.136,1.0,551.952,536.599,1.0,560.209,548.749,1.0,494.789,465.501,1.0,500.661,470.543,1.0,505.351,477.615,1.0,511.001,486.816,1.0,515.81,491.776,1.0
122,635.059,479.799,1.0,631.343,471.423,1.0,620.01,472.173,1.0,614.367,470.314,1.0,603.291,460.432,1.0,749.657,467.939,1.0,744.382,466.39,1.0,737.492,463.266,1.0,728.066,462.266,1.0,718.21,460.927,1.0,584.862,611.227,1.0,582.901,619.189,1.0,571.545,623.471,1.0,564.114,621.125,1.0,565.096,610.586,1.0,524.704,527.126,1.0,531.835,530.178,1.0,538.706,532.687,1.0,548.777,536.153,1.0,557.321,546.989,1.0,491.52,464.072,1.0,497.981,471.115,1.0,504.154,477.615,1.0,507.527,486.004,1.0,512.742,491.16,1.0
123,635.059,479.799,1.0,632.176,472.359,1.0,624.861,472.173,1.0,615.346,470.356,1.0,607.196,463.653,1.0,758.492,464.774,1.0,748.484,468.86,1.0,738.45,462.453,1.0,728.765,462.266,1.0,720.847,461.024,1.0,585.52,610.782,1.0,583.18,617.983,1.0,571.545,623.471,1.0,564.583,621.414,1.0,565.222,610.894,1.0,522.081,527.275,1.0,528.811,527.841,1.0,534.83,532.687,1.0,544.298,534.789,1.0,553.722,542.701,1.0,491.489,460.803,1.0,497.981,470.811,1.0,501.278,475.991,1.0,504.024,480.736,1.0,508.527,488.56,1.0
124,642.428,483.386,1.0,638.266,479.056,1.0,628.35,474.14,1.0,616.977,471.226,1.0,609.876,464.948,1.0,759.973,464.27,1.0,749.645,470.801,1.0,741.185,462.341,1.0,729.429,462.266,1.0,721.531,461.102,1.0,587.437,610.511,1.0,583.31,617.373,1.0,571.545,623.766,1.0,564.932,621.336,1.0,565.222,612.371,1.0,521.871,527.275,1.0,528.377,526.445,1.0,534.83,532.484,1.0,543.973,534.789,1.0,553.607,542.638,1.0,491.42,460.485,1.0,497.721,470.811,1.0,501.12,475.768,1.0,503.735,480.418,1.0,508.527,488.177,1.0
125,647.98,483.386,1.0,642.318,480.827,1.0,630.815,475.794,1.0,617.232,471.226,1.0,610.624,465.696,1.0,760.34,463.611,1.0,750.068,470.801,1.0,741.449,462.341,1.0,729.653,462.266,1.0,721.987,461.178,1.0,588.742,610.693,1.0,585.0,617.351,1.0,579.186,623.28,1.0,566.213,621.336,1.0,565.096,616.579,1.0,521.854,527.032,1.0,525.882,526.124,1.0,534.731,532.09,1.0,543.931,534.789,1.0,553.559,542.5,1.0,491.42,460.462,1.0,497.721,470.811,1.0,500.784,475.412,1.0,503.649,479.859,1.0,508.527,487.9,1.0
126,648.514,483.386,1.0,642.318,481.553,1.0,631.367,476.69,1.0,617.232,471.226,1.0,612.234,466.794,1.0,760.34,463.611,1.0,750.068,470.801,1.0,742.128,461.253,1.0,730.19,462.393,1.0,722.655,461.178,1.0,588.842,610.511,1.0,585.432,617.305,1.0,579.363,623.28,1.0,566.56,621.336,1.0,561.509,617.977,1.0,521.392,527.032,1.0,525.882,525.707,1.0,534.629,530.99,1.0,540.499,537.189,1.0,546.66,542.195,1.0,490.671,460.485,1.0,497.008,470.327,1.0,500.126,474.185,1.0,503.624,473.007,1.0,508.527,486.846,1.0
127,648.97,483.386,1.0,643.441,481.899,1.0,631.721,476.836,1.0,619.826,472.614,1.0,613.19,468.069,1.0,761.109,463.916,1.0,750.814,470.643,1.0,742.558,461.253,1.0,730.321,463.21,1.0,724.304,461.234,1.0,588.85,610.405,1.0,585.432,617.305,1.0,580.598,622.438,1.0,566.617,620.643,1.0,561.509,617.977,1.0,518.307,526.328,1.0,525.007,525.361,1.0,533.693,529.887,1.0,534.9,537.189,1.0,544.242,539.657,1.0,484.984,460.803,1.0,493.46,467.482,1.0,499.695,472.743,1.0,500.561,472.249,1.0,507.503,484.843,1.0
128,651.735,483.622,1.0,643.53,486.67,1.0,632.688,481.4,1.0,626.439,472.614,1.0,615.021,471.936,1.0,761.19,463.916,1.0,753.665,470.075,1.0,745.73,461.253,1.0,738.445,463.392,1.0,727.699,461.463,1.0,588.905,610.242,1.0,585.432,616.082,1.0,580.598,620.542,1.0,567.751,620.643,1.0,561.509,618.357,1.0,514.463,522.636,1.0,521.707,524.358,1.0,529.145,526.854,1.0,532.335,537.189,1.0,542.227,538.894,1.0,476.667,460.962,1.0,485.265,464.943,1.0,493.269,469.095,1.0,500.135,472.153,1.0,507.31,483.953,1.0
129,653.998,492.772,1.0,647.491,487.471,1.0,642.064,481.564,1.0,631.755,476.19,1.0,620.825,472.887,1.0,767.56,471.048,1.0,761.113,469.048,1.0,751.823,463.794,1.0,743.081,465.391,1.0,730.525,461.949,1.0,594.003,608.156,1.0,585.432,612.202,1.0,580.787,616.514,1.0,569.799,620.643,1.0,565.734,618.824,1.0,513.27,522.281,1.0,520.989,524.227,1.0,528.136,524.54,1.0,531.987,537.028,1.0,542.188,538.029,1.0,476.398,460.962,1.0,484.792,464.433,1.0,491.695,468.806,1.0,500.135,470.799,1.0,507.14,482.966,1.0
130,653.998,493.498,1.0,647.491,487.888,1.0,642.064,481.564,1.0,632.019,476.19,1.0,622.171,473.01,1.0,767.777,471.296,1.0,762.136,469.048,1.0,753.125,464.139,1.0,743.081,465.391,1.0,733.094,462.527,1.0,594.505,604.067,1.0,586.755,610.557,1.0,582.441,614.55,1.0,571.301,620.941,1.0,565.777,620.861,1.0,512.95,522.281,1.0,520.567,522.085,1.0,527.64,524.54,1.0,531.987,536.604,1.0,542.188,537.949,1.0,476.398,461.469,1.0,484.645,464.328,1.0,490.498,467.633,1.0,499.633,470.799,1.0,506.083,481.905,1.0
131,653.998,494.048,1.0,647.491,487.888,1.0,642.064,481.564,1.0,632.019,476.401,1.0,622.171,473.704,1.0,769.824,474.107,1.0,764.655,469.048,1.0,754.09,464.334,1.0,743.081,465.391,1.0,733.368,462.527,1.0,594.891,603.717,1.0,587.239,610.107,1.0,582.772,614.194,1.0,571.577,621.974,1.0,565.816,623.213,1.0,512.923,521.383,1.0,520.107,522.032,1.0,526.829,526.854,1.0,532.335,536.591,1.0,542.188,537.949,1.0,476.398,461.653,1.0,483.104,464.162,1.0,488.462,467.291,1.0,498.741,472.249,1.0,504.627,479.856,1.0
132,653.998,494.315,1.0,647.491,487.888,1.0,642.064,481.982,1.0,632.442,476.594,1.0,622.924,473.705,1.0,770.278,474.107,1.0,765.198,469.183,1.0,754.394,465.171,1.0,743.619,465.298,1.0,733.432,462.527,1.0,595.896,603.61,1.0,587.532,609.908,1.0,582.989,614.194,1.0,572.006,621.974,1.0,566.017,623.213,1.0,510.355,521.273,1.0,518.978,521.92,1.0,525.59,527.713,1.0,531.987,533.804,1.0,541.904,537.845,1.0,475.138,462.984,1.0,479.956,462.86,1.0,487.272,466.404,1.0,493.682,474.225,1.0,498.284,478.671,1.0
133,653.998,494.615,1.0,648.151,488.612,1.0,643.093,482.19,1.0,633.122,476.83,1.0,623.646,474.185,1.0,770.292,474.107,1.0,766.717,469.754,1.0,756.141,465.171,1.0,743.619,465.298,1.0,733.653,462.314,1.0,595.983,603.389,1.0,588.384,609.101,1.0,582.772,614.194,1.0,572.328,621.974,1.0,566.214,623.452,1.0,508.513,519.042,1.0,516.051,521.231,1.0,523.1,527.713,1.0,531.282,531.656,1.0,540.769,537.057,1.0,471.169,463.072,1.0,478.272,461.165,1.0,487.272,464.544,1.0,487.662,474.225,1.0,496.05,477.502,1.0
134,653.999,496.354,1.0,650.939,488.933,1.0,644.969,485.023,1.0,635.162,478.864,1.0,628.813,474.185,1.0,776.006,469.342,1.0,769.767,471.932,1.0,757.947,465.171,1.0,743.619,465.203,1.0,738.053,462.105,1.0,596.423,602.792,1.0,588.456,604.898,1.0,582.772,613.735,1.0,580.005,616.734,1.0,569.396,623.452,1.0,508.345,516.633,1.0,513.616,519.347,1.0,522.724,527.713,1.0,529.91,529.582,1.0,539.924,536.378,1.0,471.152,463.072,1.0,478.257,460.243,1.0,486.791,464.06,1.0,487.443,474.225,1.0,495.838,476.909,1.0
135,661.159,497.238,1.0,654.508,487.906,1.0,646.994,485.381,1.0,636.559,478.864,1.0,632.253,474.185,1.0,776.028,463.424,1.0,769.767,473.72,1.0,758.288,464.625,1.0,744.279,465.203,1.0,739.261,461.894,1.0,600.931,598.699,1.0,592.436,602.142,1.0,581.061,608.481,1.0,581.099,615.462,1.0,572.098,623.573,1.0,507.725,515.712,1.0,513.196,519.153,1.0,522.162,527.386,1.0,529.812,529.472,1.0,539.489,536.378,1.0,471.101,462.984,1.0,477.86,459.951,1.0,486.791,464.06,1.0,487.244,473.49,1.0,495.308,476.852,1.0
136,661.448,497.238,1.0,654.832,488.933,1.0,646.994,485.56,1.0,637.026,478.873,1.0,632.253,474.185,1.0,776.028,462.184,1.0,769.767,473.72,1.0,758.618,464.403,1.0,744.44,465.056,1.0,739.273,461.894,1.0,600.931,598.618,1.0,594.47,599.065,1.0,581.022,607.663,1.0,581.562,615.125,1.0,572.573,623.966,1.0,507.69,515.608,1.0,513.196,519.153,1.0,521.869,526.94,1.0,528.733,529.048,1.0,539.471,536.11,1.0,471.101,462.205,1.0,477.86,459.039,1.0,485.967,463.105,1.0,486.431,472.907,1.0,495.028,475.951,1.0
137,661.601,497.342,1.0,655.03,489.046,1.0,647.662,485.818,1.0,637.512,479.346,1.0,632.437,474.185,1.0,777.269,462.048,1.0,768.269,473.72,1.0,758.618,464.373,1.0,744.684,464.848,1.0,739.424,461.881,1.0,601.08,598.486,1.0,594.707,598.899,1.0,581.022,607.472,1.0,582.152,614.892,1.0,572.735,623.966,1.0,507.69,515.486,1.0,513.13,519.123,1.0,521.359,526.04,1.0,527.864,528.229,1.0,538.584,534.525,1.0,467.067,451.921,1.0,473.679,456.614,1.0,480.555,462.941,1.0,486.431,468.539,1.0,494.66,475.879,1.0
138,662.172,497.349,1.0,655.437,489.112,1.0,648.345,485.818,1.0,639.079,482.235,1.0,632.911,474.791,1.0,777.269,461.794,1.0,768.269,472.984,1.0,759.59,463.998,1.0,744.684,464.848,1.0,739.424,461.839,1.0,601.08,598.144,1.0,595.053,598.061,1.0,581.061,607.472,1.0,582.294,614.892,1.0,573.454,623.966,1.0,504.004,515.486,1.0,512.862,518.82,1.0,517.887,524.294,1.0,522.769,522.292,1.0,531.151,529.815,1.0,466.081,449.847,1.0,470.213,455.586,1.0,476.789,462.492,1.0,485.379,464.975,1.0,491.824,474.099,1.0
139,662.434,499.127,1.0,655.795,496.039,1.0,652.177,489.406,1.0,646.309,486.708,1.0,636.128,475.936,1.0,777.269,462.048,1.0,768.269,469.905,1.0,759.669,463.998,1.0,746.234,464.848,1.0,741.639,461.839,1.0,601.983,596.347,1.0,596.495,598.061,1.0,581.67,607.011,1.0,582.746,614.514,1.0,574.969,622.235,1.0,500.021,515.712,1.0,512.51,517.074,1.0,515.406,520.745,1.0,519.882,520.395,1.0,528.364,529.719,1.0,465.397,449.559,1.0,470.211,455.479,1.0,476.448,462.492,1.0,485.008,464.834,1.0,490.98,473.898,1.0
140,667.147,499.446,1.0,660.708,498.847,1.0,654.026,489.406,1.0,646.309,487.075,1.0,637.707,477.713,1.0,781.77,462.184,1.0,773.287,468.803,1.0,763.66,463.998,1.0,755.287,467.132,1.0,744.849,461.839,1.0,603.872,593.154,1.0,597.85,598.061,1.0,588.326,607.004,1.0,583.576,613.212,1.0,577.734,616.813,1.0,499.911,515.83,1.0,512.306,517.074,1.0,515.406,520.558,1.0,519.86,520.118,1.0,527.8,529.589,1.0,465.363,449.181,1.0,469.822,455.479,1.0,475.961,462.429,1.0,485.008,464.316,1.0,490.784,472.589,1.0
141,667.478,499.657,1.0,660.859,499.27,1.0,654.717,489.635,1.0,646.309,487.212,1.0,638.522,477.827,1.0,785.974,461.746,1.0,778.351,467.956,1.0,765.919,466.438,1.0,761.252,467.802,1.0,748.459,461.956,1.0,605.454,592.79,1.0,598.09,601.369,1.0,588.936,606.56,1.0,583.584,612.716,1.0,577.774,616.794,1.0,499.512,515.83,1.0,511.973,517.074,1.0,515.099,520.237,1.0,519.041,519.334,1.0,527.607,529.589,1.0,464.327,449.14,1.0,468.933,454.939,1.0,474.263,461.244,1.0,483.157,462.708,1.0,489.716,471.373,1.0
142,667.568,499.995,1.0,662.732,499.421,1.0,655.652,489.635,1.0,647.893,487.212,1.0,639.152,479.466,1.0,786.103,461.746,1.0,778.918,467.495,1.0,767.018,466.438,1.0,761.252,467.843,1.0,748.701,463.026,1.0,605.832,592.649,1.0,598.359,601.711,1.0,589.202,606.515,1.0,583.831,612.288,1.0,578.107,616.708,1.0,499.512,515.83,1.0,511.363,516.977,1.0,515.099,519.181,1.0,518.808,519.334,1.0,527.187,529.589,1.0,458.055,445.645,1.0,467.103,454.208,1.0,473.717,459.74,1.0,476.613,458.43,1.0,483.933,463.869,1.0
143,667.638,500.232,1.0,663.631,500.268,1.0,656.223,490.048,1.0,647.893,487.466,1.0,639.152,479.561,1.0,787.662,464.491,1.0,779.213,466.015,1.0,767.787,466.438,1.0,761.252,467.802,1.0,750.144,463.026,1.0,606.342,592.506,1.0,598.359,601.711,1.0,589.501,605.453,1.0,584.032,611.964,1.0,578.506,616.708,1.0,497.076,514.506,1.0,508.517,516.977,1.0,513.457,518.181,1.0,518.808,519.334,1.0,524.344,529.585,1.0,458.055,445.123,1.0,467.103,453.335,1.0,471.15,457.49,1.0,473.773,456.293,1.0,482.123,463.786,1.0
144,667.638,504.909,1.0,664.377,500.576,1.0,656.572,493.729,1.0,647.893,487.466,1.0,640.988,480.636,1.0,787.815,463.841,1.0,779.838,465.066,1.0,768.161,465.105,1.0,761.701,467.802,1.0,750.23,463.589,1.0,606.869,592.398,1.0,599.857,601.369,1.0,591.43,602.859,1.0,584.381,611.116,1.0,578.919,616.01,1.0,497.076,513.711,1.0,508.517,517.17,1.0,512.747,518.181,1.0,518.128,519.3,1.0,524.344,529.391,1.0,457.981,445.123,1.0,466.86,453.335,1.0,470.945,456.834,1.0,472.514,455.692,1.0,480.849,463.786,1.0
145,667.568,508.49,1.0,664.491,500.588,1.0,658.16,494.307,1.0,651.564,487.466,1.0,642.767,482.034,1.0,788.124,458.431,1.0,781.962,464.707,1.0,770.274,464.882,1.0,762.092,467.418,1.0,751.291,463.863,1.0,613.368,592.398,1.0,603.805,596.482,1.0,593.628,599.506,1.0,588.01,605.151,1.0,581.656,615.076,1.0,497.076,513.711,1.0,508.517,517.11,1.0,512.747,518.181,1.0,517.977,520.257,1.0,524.344,528.618,1.0,457.981,445.123,1.0,466.86,453.272,1.0,470.939,455.995,1.0,472.163,455.417,1.0,480.747,463.666,1.0
146,665.906,508.607,1.0,664.716,502.156,1.0,658.676,494.357,1.0,651.652,487.466,1.0,642.767,482.326,1.0,791.7,459.516,1.0,789.561,457.598,1.0,774.87,460.298,1.0,762.092,467.418,1.0,754.607,463.984,1.0,613.4,592.329,1.0,604.697,595.867,1.0,594.104,599.506,1.0,588.12,605.151,1.0,582.348,614.544,1.0,499.6,513.711,1.0,501.303,515.336,1.0,511.369,518.181,1.0,517.58,520.257,1.0,525.214,528.461,1.0,457.981,445.123,1.0,465.835,453.257,1.0,470.529,452.279,1.0,471.842,453.883,1.0,477.81,463.536,1.0
147,665.906,509.557,1.0,664.716,501.984,1.0,658.706,494.514,1.0,651.652,487.53,1.0,642.805,482.329,1.0,794.937,459.516,1.0,789.704,457.582,1.0,776.248,459.785,1.0,764.15,467.174,1.0,757.934,464.428,1.0,613.428,592.398,1.0,604.697,595.241,1.0,594.557,599.364,1.0,588.313,605.111,1.0,583.321,613.357,1.0,499.866,514.657,1.0,509.636,517.11,1.0,512.209,518.009,1.0,517.335,520.188,1.0,525.214,528.461,1.0,449.325,445.123,1.0,454.279,448.002,1.0,462.946,451.926,1.0,470.297,453.842,1.0,477.41,460.156,1.0
148,665.906,509.947,1.0,664.716,502.156,1.0,658.706,494.61,1.0,651.642,487.559,1.0,642.767,482.371,1.0,795.452,459.516,1.0,791.069,457.582,1.0,777.617,459.785,1.0,767.576,467.174,1.0,758.619,464.665,1.0,613.891,592.329,1.0,605.082,595.139,1.0,598.659,598.687,1.0,588.606,605.111,1.0,584.076,610.955,1.0,500.169,514.657,1.0,510.054,517.392,1.0,512.747,518.482,1.0,516.957,520.041,1.0,525.428,528.107,1.0,445.08,445.065,1.0,452.691,446.963,1.0,460.483,449.477,1.0,467.693,453.319,1.0,477.41,458.759,1.0
149,666.795,510.29,1.0,664.77,502.345,1.0,658.676,494.723,1.0,651.652,487.559,1.0,642.688,482.418,1.0,795.452,459.516,1.0,791.829,456.809,1.0,777.617,459.785,1.0,770.5,467.174,1.0,761.349,464.806,1.0,619.348,592.286,1.0,605.639,590.108,1.0,598.659,598.079,1.0,593.646,597.992,1.0,587.712,610.065,1.0,502.043,514.657,1.0,510.574,517.392,1.0,512.79,518.802,1.0,516.957,520.188,1.0,525.784,527.247,1.0,445.046,444.87,1.0,452.621,446.963,1.0,460.054,449.477,1.0,467.261,453.319,1.0,477.37,458.686,1.0
150,669.667,509.947,1.0,665.047,505.726,1.0,657.309,495.172,1.0,651.642,487.559,1.0,642.563,482.418,1.0,795.541,459.516,1.0,791.86,456.761,1.0,780.778,461.777,1.0,771.412,467.174,1.0,764.536,464.806,1.0,619.783,591.924,1.0,612.277,587.61,1.0,598.659,591.77,1.0,595.746,597.591,1.0,587.712,609.143,1.0,502.645,513.649,1.0,512.357,518.903,1.0,515.275,519.486,1.0,517.335,520.188,1.0,525.877,527.247,1.0,444.61,444.87,1.0,452.25,446.913,1.0,459.78,449.088,1.0,466.706,453.319,1.0,477.329,458.686,1.0
151,675.088,509.557,1.0,667.168,505.726,1.0,656.428,495.678,1.0,651.425,487.519,1.0,642.302,482.418,1.0,805.432,459.429,1.0,795.692,456.312,1.0,787.715,465.396,1.0,773.349,464.493,1.0,766.867,464.974,1.0,620.239,591.512,1.0,612.478,587.095,1.0,598.335,591.7,1.0,596.011,597.591,1.0,588.065,608.874,1.0,508.542,511.803,1.0,515.123,518.981,1.0,517.139,521.806,1.0,517.485,520.259,1.0,527.883,527.247,1.0,441.831,445.065,1.0,450.464,446.303,1.0,459.444,448.683,1.0,464.199,457.587,1.0,473.478,458.338,1.0
152,676.395,495.437,1.0,669.925,505.726,1.0,653.93,496.684,1.0,651.642,486.067,1.0,642.048,481.954,1.0,805.432,454.189,1.0,795.692,455.52,1.0,789.059,465.396,1.0,773.349,464.238,1.0,767.054,465.309,1.0,620.362,591.351,1.0,613.06,586.339,1.0,598.335,591.7,1.0,596.066,597.345,1.0,588.213,608.202,1.0,509.711,509.824,1.0,516.574,518.981,1.0,517.139,521.806,1.0,517.485,520.649,1.0,527.883,528.027,1.0,440.607,446.482,1.0,447.371,446.149,1.0,457.444,447.248,1.0,461.188,457.587,1.0,465.889,458.28,1.0
153,677.12,491.866,1.0,670.013,504.338,1.0,653.93,497.112,1.0,651.524,485.95,1.0,642.048,481.954,1.0,805.432,454.189,1.0,795.692,455.228,1.0,789.059,465.396,1.0,772.166,464.238,1.0,767.251,465.791,1.0,621.045,590.71,1.0,613.716,584.738,1.0,598.335,591.7,1.0,597.116,597.179,1.0,591.705,605.426,1.0,514.536,509.824,1.0,516.748,518.981,1.0,517.139,521.806,1.0,517.485,520.867,1.0,527.883,528.043,1.0,440.286,446.482,1.0,447.009,446.034,1.0,457.276,447.187,1.0,459.866,457.587,1.0,465.619,457.331,1.0
154,678.819,491.866,1.0,670.238,502.7,1.0,653.93,497.112,1.0,651.524,485.95,1.0,642.048,481.954,1.0,804.889,454.189,1.0,795.238,455.164,1.0,789.059,465.339,1.0,773.001,464.238,1.0,767.251,465.791,1.0,622.133,586.441,1.0,614.454,582.303,1.0,605.039,591.754,1.0,599.371,597.172,1.0,592.029,599.996,1.0,514.926,509.734,1.0,516.748,517.936,1.0,515.619,521.149,1.0,516.925,520.867,1.0,527.655,528.043,1.0,440.175,446.482,1.0,446.88,445.417,1.0,457.004,446.678,1.0,459.513,457.428,1.0,465.168,457.331,1.0
155,678.819,491.866,1.0,670.602,502.403,1.0,654.947,496.684,1.0,651.656,485.95,1.0,642.958,482.462,1.0,804.889,454.189,1.0,795.238,455.164,1.0,789.059,464.854,1.0,773.001,464.238,1.0,767.251,465.791,1.0,622.133,584.417,1.0,614.454,581.229,1.0,605.503,591.754,1.0,599.603,596.613,1.0,592.311,599.676,1.0,514.983,509.514,1.0,516.574,517.898,1.0,514.692,521.033,1.0,516.332,520.949,1.0,527.645,528.043,1.0,440.175,446.043,1.0,446.554,444.664,1.0,455.609,446.646,1.0,457.869,456.464,1.0,463.764,457.011,1.0
156,679.008,492.865,1.0,670.602,501.77,1.0,657.255,496.307,1.0,652.591,486.299,1.0,645.747,483.923,1.0,804.889,454.189,1.0,795.238,455.164,1.0,789.059,464.14,1.0,773.001,464.238,1.0,767.251,464.414,1.0,623.145,583.885,1.0,614.47,580.503,1.0,606.497,591.754,1.0,599.918,596.429,1.0,592.679,599.485,1.0,515.046,508.517,1.0,516.529,517.659,1.0,514.692,520.74,1.0,516.332,520.867,1.0,527.599,527.755,1.0,439.845,445.283,1.0,445.314,443.306,1.0,453.749,446.151,1.0,455.081,454.333,1.0,461.961,456.989,1.0
157,679.41,493.325,1.0,670.602,501.77,1.0,658.615,495.688,1.0,652.591,486.785,1.0,645.747,484.491,1.0,808.673,451.572,1.0,796.509,455.164,1.0,789.471,463.897,1.0,777.979,462.473,1.0,769.369,464.002,1.0,623.628,582.866,1.0,614.47,579.459,1.0,606.959,591.514,1.0,600.008,596.335,1.0,592.928,599.485,1.0,514.983,508.517,1.0,516.529,517.659,1.0,514.831,520.74,1.0,516.857,520.792,1.0,527.645,527.723,1.0,431.317,437.232,1.0,437.935,439.659,1.0,444.671,446.151,1.0,454.642,448.181,1.0,460.933,455.894,1.0
158,679.523,493.813,1.0,670.33,501.573,1.0,659.193,495.461,1.0,652.591,487.087,1.0,647.093,485.435,1.0,808.946,447.997,1.0,799.415,457.19,1.0,793.903,463.081,1.0,784.969,462.473,1.0,774.724,464.002,1.0,623.78,581.398,1.0,614.561,579.459,1.0,609.262,588.791,1.0,600.439,596.335,1.0,593.647,599.485,1.0,514.983,508.517,1.0,516.403,517.659,1.0,514.831,520.706,1.0,516.857,520.792,1.0,527.645,527.72,1.0,430.635,436.974,1.0,437.289,439.659,1.0,444.551,445.796,1.0,454.546,447.865,1.0,460.836,455.876,1.0
159,679.523,493.813,1.0,670.33,501.77,1.0,659.507,494.656,1.0,652.486,487.801,1.0,647.105,487.16,1.0,810.251,447.118,1.0,799.973,457.19,1.0,794.244,463.051,1.0,785.038,462.423,1.0,775.087,464.002,1.0,628.49,577.397,1.0,617.973,579.459,1.0,611.386,588.644,1.0,602.857,594.223,1.0,594.989,600.038,1.0,509.695,512.89,1.0,516.365,518.688,1.0,518.05,520.706,1.0,517.929,520.589,1.0,528.891,527.72,1.0,430.615,436.889,1.0,436.785,439.324,1.0,444.448,445.756,1.0,454.546,447.546,1.0,460.141,455.676,1.0
160,680.267,493.884,1.0,670.33,502.021,1.0,660.458,493.09,1.0,652.486,487.904,1.0,647.105,487.227,1.0,811.368,446.503,1.0,801.229,457.19,1.0,795.363,462.429,1.0,785.696,461.636,1.0,775.134,464.002,1.0,629.573,570.574,1.0,624.759,584.636,1.0,611.781,588.593,1.0,603.491,592.398,1.0,596.978,601.028,1.0,504.939,524.09,1.0,514.178,519.309,1.0,518.319,521.096,1.0,518.515,520.177,1.0,529.057,527.475,1.0,430.208,436.889,1.0,436.436,439.659,1.0,443.47,445.679,1.0,451.946,446.505,1.0,459.387,454.094,1.0
161,681.197,494.335,1.0,671.906,502.021,1.0,662.755,493.09,1.0,652.486,488.915,1.0,648.307,487.227,1.0,811.496,447.118,1.0,801.354,456.55,1.0,795.363,460.919,1.0,787.459,461.636,1.0,776.126,464.002,1.0,629.573,570.421,1.0,624.759,584.636,1.0,612.175,588.494,1.0,603.497,592.188,1.0,597.588,601.028,1.0,504.08,527.259,1.0,513.908,523.267,1.0,518.319,521.096,1.0,518.515,520.15,1.0,529.057,527.165,1.0,426.585,435.623,1.0,434.682,439.762,1.0,440.694,445.004,1.0,448.621,444.969,1.0,457.288,451.177,1.0
162,685.81,496.406,1.0,676.033,501.573,1.0,667.228,493.09,1.0,657.026,493.338,1.0,648.55,487.388,1.0,812.504,447.118,1.0,804.593,456.081,1.0,797.871,457.434,1.0,790.695,461.568,1.0,781.156,463.474,1.0,629.995,570.421,1.0,624.759,584.636,1.0,612.617,587.981,1.0,603.683,592.16,1.0,598.168,601.028,1.0,503.947,528.709,1.0,513.597,524.244,1.0,518.319,520.813,1.0,517.929,519.49,1.0,529.057,527.165,1.0,426.472,434.088,1.0,434.272,439.762,1.0,438.669,444.875,1.0,441.066,440.249,1.0,450.51,447.756,1.0
163,686.758,498.251,1.0,679.809,500.281,1.0,671.605,495.894,1.0,661.938,493.764,1.0,652.939,490.366,1.0,820.661,447.324,1.0,810.469,450.888,1.0,803.123,454.198,1.0,793.363,457.138,1.0,786.399,462.343,1.0,629.995,570.574,1.0,623.827,582.809,1.0,612.617,587.304,1.0,603.683,592.044,1.0,598.168,599.661,1.0,503.898,532.384,1.0,513.208,526.087,1.0,516.475,521.096,1.0,517.728,518.787,1.0,528.856,527.44,1.0,425.122,432.728,1.0,434.016,438.786,1.0,438.526,444.802,1.0,440.872,440.18,1.0,449.988,447.179,1.0
164,689.924,498.931,1.0,682.714,500.281,1.0,671.816,497.562,1.0,664.634,494.614,1.0,653.161,490.587,1.0,820.884,448.481,1.0,810.901,450.866,1.0,803.321,453.661,1.0,793.532,456.979,1.0,786.636,461.952,1.0,631.404,574.953,1.0,623.827,578.987,1.0,616.476,587.257,1.0,605.938,590.865,1.0,598.669,597.064,1.0,503.861,532.522,1.0,512.286,526.216,1.0,516.139,521.096,1.0,517.37,518.787,1.0,528.533,527.44,1.0,425.081,432.637,1.0,433.883,438.786,1.0,438.217,442.972,1.0,439.652,440.18,1.0,449.856,446.807,1.0
165,690.166,499.079,1.0,683.156,500.281,1.0,672.027,497.884,1.0,664.723,494.632,1.0,653.685,490.633,1.0,820.997,448.481,1.0,810.934,450.823,1.0,804.009,453.484,1.0,793.964,456.62,1.0,786.878,461.86,1.0,632.775,575.46,1.0,623.827,578.376,1.0,616.476,585.328,1.0,609.784,586.038,1.0,602.079,594.146,1.0,503.705,532.566,1.0,512.215,526.746,1.0,515.559,521.452,1.0,517.37,518.787,1.0,527.154,527.875,1.0,423.876,432.637,1.0,433.639,438.424,1.0,437.094,442.748,1.0,438.884,439.854,1.0,446.715,446.545,1.0
166,690.21,499.254,1.0,683.928,500.473,1.0,672.027,498.012,1.0,664.941,494.705,1.0,653.84,490.963,1.0,821.039,448.481,1.0,811.772,450.241,1.0,805.27,453.417,1.0,794.0,456.979,1.0,787.916,461.826,1.0,633.252,575.588,1.0,624.03,578.367,1.0,616.944,582.553,1.0,610.0,585.735,1.0,602.223,594.011,1.0,503.133,541.773,1.0,511.916,529.927,1.0,513.5,522.243,1.0,517.509,519.477,1.0,526.959,528.02,1.0,418.73,432.637,1.0,427.524,436.716,1.0,435.931,439.151,1.0,438.355,439.028,1.0,446.567,443.879,1.0
167,691.308,499.972,1.0,683.928,501.127,1.0,672.027,498.179,1.0,664.723,496.649,1.0,653.84,490.963,1.0,824.147,448.264,1.0,818.279,449.972,1.0,806.688,453.216,1.0,797.737,457.138,1.0,790.185,460.264,1.0,633.252,575.46,1.0,624.59,577.887,1.0,617.801,582.352,1.0,610.722,585.735,1.0,602.252,593.68,1.0,502.724,541.985,1.0,511.256,530.263,1.0,513.5,522.566,1.0,517.509,519.866,1.0,526.852,528.482,1.0,415.204,433.585,1.0,418.631,435.765,1.0,427.864,438.981,1.0,435.774,439.028,1.0,444.508,443.156,1.0
168,692.249,500.525,1.0,684.369,501.412,1.0,673.387,498.179,1.0,664.723,496.649,1.0,654.116,491.39,1.0,826.493,446.581,1.0,821.133,442.806,1.0,806.688,446.389,1.0,801.556,459.538,1.0,794.049,458.663,1.0,633.491,574.953,1.0,624.655,575.947,1.0,617.801,580.769,1.0,612.745,585.615,1.0,603.746,593.511,1.0,502.452,541.985,1.0,510.955,530.545,1.0,513.265,522.963,1.0,517.509,519.875,1.0,526.836,528.806,1.0,414.554,433.585,1.0,418.502,434.563,1.0,426.691,438.981,1.0,435.685,439.028,1.0,443.89,443.156,1.0
169,695.827,503.224,1.0,685.041,501.897,1.0,675.117,498.012,1.0,659.208,497.436,1.0,655.855,493.052,1.0,826.619,446.481,1.0,821.453,442.801,1.0,807.129,445.933,1.0,801.755,459.538,1.0,794.805,458.599,1.0,635.874,572.644,1.0,631.573,571.002,1.0,618.009,580.058,1.0,613.526,584.723,1.0,604.795,591.854,1.0,502.214,541.985,1.0,510.549,530.687,1.0,513.265,523.428,1.0,517.509,520.034,1.0,526.697,528.806,1.0,414.227,433.585,1.0,418.443,434.525,1.0,426.122,437.65,1.0,434.852,439.028,1.0,443.866,443.156,1.0
170,696.127,503.224,1.0,685.041,505.096,1.0,675.908,497.73,1.0,659.053,497.619,1.0,655.855,493.052,1.0,827.025,445.443,1.0,821.913,442.088,1.0,807.129,445.933,1.0,801.81,459.538,1.0,794.831,458.576,1.0,636.049,569.182,1.0,634.215,569.155,1.0,619.234,579.357,1.0,613.875,580.644,1.0,607.707,586.233,1.0,501.28,542.067,1.0,509.569,531.25,1.0,512.832,523.867,1.0,516.948,520.487,1.0,526.697,528.482,1.0,414.227,433.418,1.0,416.615,433.99,1.0,424.302,436.007,1.0,433.005,439.028,1.0,442.332,443.048,1.0
171,696.127,503.224,1.0,684.469,505.096,1.0,675.908,497.73,1.0,659.053,497.619,1.0,655.855,493.052,1.0,827.025,445.443,1.0,821.913,441.863,1.0,808.454,446.389,1.0,805.275,457.939,1.0,797.251,458.433,1.0,638.077,569.01,1.0,634.215,569.019,1.0,623.373,575.711,1.0,613.913,580.644,1.0,609.209,586.223,1.0,498.336,543.9,1.0,505.501,535.874,1.0,509.121,525.203,1.0,516.948,522.03,1.0,526.697,528.34,1.0,409.293,430.453,1.0,415.8,429.712,1.0,423.384,432.469,1.0,426.309,442.857,1.0,433.534,443.048,1.0
172,695.827,501.752,1.0,684.369,505.096,1.0,675.908,497.712,1.0,659.208,497.619,1.0,654.508,492.747,1.0,832.555,439.085,1.0,824.836,439.119,1.0,813.38,446.443,1.0,808.034,454.327,1.0,798.583,458.413,1.0,638.077,567.979,1.0,634.654,568.404,1.0,623.822,574.938,1.0,613.913,580.644,1.0,609.601,585.959,1.0,498.155,543.9,1.0,504.563,535.874,1.0,509.121,525.203,1.0,516.874,523.602,1.0,528.954,526.367,1.0,407.419,430.112,1.0,413.915,428.875,1.0,423.231,432.462,1.0,423.754,442.857,1.0,433.202,443.36,1.0
173,686.931,501.752,1.0,683.405,503.816,1.0,671.952,497.385,1.0,663.695,495.936,1.0,654.222,491.526,1.0,835.515,438.591,1.0,825.874,436.087,1.0,819.802,446.443,1.0,808.226,451.605,1.0,800.109,456.221,1.0,638.077,567.979,1.0,635.103,566.93,1.0,624.689,574.764,1.0,619.549,580.53,1.0,611.156,585.502,1.0,497.93,543.9,1.0,504.094,535.874,1.0,509.105,525.203,1.0,516.737,523.602,1.0,529.025,525.949,1.0,407.219,430.049,1.0,413.898,428.331,1.0,423.157,431.919,1.0,423.128,442.857,1.0,433.172,443.165,1.0
174,685.385,501.752,1.0,679.951,503.816,1.0,671.952,497.385,1.0,664.239,495.933,1.0,654.163,491.026,1.0,836.041,438.317,1.0,826.863,436.033,1.0,820.377,446.443,1.0,808.518,451.383,1.0,801.158,454.754,1.0,648.643,559.676,1.0,636.133,566.606,1.0,629.716,574.51,1.0,622.964,580.53,1.0,614.095,585.427,1.0,497.915,543.9,1.0,504.02,535.874,1.0,509.105,525.203,1.0,516.289,523.602,1.0,529.064,525.839,1.0,406.814,429.669,1.0,413.866,427.33,1.0,421.734,431.526,1.0,422.497,442.493,1.0,432.4,442.537,1.0
175,684.338,506.033,1.0,678.314,503.517,1.0,671.4,496.906,1.0,666.657,495.763,1.0,654.163,491.026,1.0,837.51,438.317,1.0,826.954,436.033,1.0,820.69,445.628,1.0,809.613,450.097,1.0,802.436,453.686,1.0,652.084,556.761,1.0,644.79,566.49,1.0,631.304,574.345,1.0,622.964,579.057,1.0,614.181,585.427,1.0,497.79,543.678,1.0,503.954,535.896,1.0,509.105,525.519,1.0,515.667,523.602,1.0,529.025,525.67,1.0,405.931,428.497,1.0,413.34,426.192,1.0,419.829,430.495,1.0,419.928,440.955,1.0,428.489,442.537,1.0
176,673.76,508.705,1.0,675.322,502.237,1.0,671.952,496.906,1.0,668.121,495.223,1.0,653.185,491.026,1.0,839.279,436.258,1.0,827.379,436.087,1.0,820.69,445.575,1.0,810.587,447.909,1.0,804.568,453.528,1.0,652.141,556.761,1.0,644.79,566.49,1.0,631.339,574.345,1.0,623.06,578.357,1.0,614.294,585.427,1.0,497.434,543.593,1.0,500.435,535.896,1.0,508.518,527.229,1.0,515.36,524.716,1.0,528.954,525.67,1.0,397.955,427.909,1.0,407.094,423.141,1.0,414.357,430.148,1.0,419.928,434.808,1.0,428.489,441.158,1.0
177,670.726,509.236,1.0,675.28,500.095,1.0,671.723,496.906,1.0,668.58,495.367,1.0,652.759,491.657,1.0,839.291,434.268,1.0,830.927,437.242,1.0,828.32,445.333,1.0,817.162,445.242,1.0,807.611,451.275,1.0,652.155,556.761,1.0,644.79,566.49,1.0,632.301,573.626,1.0,623.453,577.155,1.0,614.546,583.274,1.0,489.483,540.424,1.0,498.216,539.075,1.0,505.074,529.829,1.0,513.355,529.119,1.0,526.088,524.676,1.0,397.596,427.736,1.0,406.277,422.403,1.0,411.796,429.979,1.0,419.799,434.654,1.0,428.138,440.676,1.0
178,670.699,511.032,1.0,675.243,500.095,1.0,671.723,497.045,1.0,668.58,495.367,1.0,652.715,492.078,1.0,840.312,427.716,1.0,831.335,437.242,1.0,828.926,444.281,1.0,818.827,443.458,1.0,807.995,449.905,1.0,652.155,557.291,1.0,643.482,564.128,1.0,634.078,572.988,1.0,627.406,574.156,1.0,620.744,580.318,1.0,489.269,540.424,1.0,498.208,539.369,1.0,504.563,530.463,1.0,512.762,529.785,1.0,525.986,522.723,1.0,397.55,427.736,1.0,406.196,422.403,1.0,411.694,429.979,1.0,418.776,434.315,1.0,428.088,439.594,1.0
179,669.675,511.032,1.0,674.264,500.095,1.0,671.69,497.267,1.0,668.58,495.367,1.0,652.715,492.497,1.0,841.978,426.985,1.0,831.335,437.242,1.0,828.926,442.93,1.0,818.975,443.382,1.0,808.153,449.704,1.0,652.332,560.292,1.0,643.158,563.368,1.0,638.621,567.682,1.0,631.79,572.805,1.0,622.771,579.941,1.0,489.234,540.24,1.0,498.022,539.369,1.0,504.218,530.681,1.0,512.064,529.785,1.0,525.479,521.581,1.0,397.316,427.736,1.0,405.863,422.469,1.0,411.593,429.979,1.0,418.421,433.475,1.0,427.531,439.4,1.0
180,669.675,511.684,1.0,673.902,500.997,1.0,671.723,497.539,1.0,668.094,495.393,1.0,652.759,492.918,1.0,842.859,426.875,1.0,831.335,436.416,1.0,829.124,442.858,1.0,819.14,443.087,1.0,808.173,449.656,1.0,653.034,560.467,1.0,642.786,563.082,1.0,638.621,567.53,1.0,632.16,572.605,1.0,622.832,579.878,1.0,489.211,540.424,1.0,498.021,539.674,1.0,504.085,530.835,1.0,511.427,529.804,1.0,525.479,521.581,1.0,397.316,421.218,1.0,404.728,423.141,1.0,410.202,429.168,1.0,416.955,431.901,1.0,425.696,438.163,1.0
181,669.675,520.433,1.0,673.902,505.701,1.0,671.69,499.732,1.0,667.617,496.122,1.0,652.205,494.952,1.0,843.071,426.875,1.0,831.335,436.37,1.0,828.926,442.858,1.0,819.14,442.995,1.0,808.173,449.243,1.0,654.06,560.467,1.0,643.158,561.244,1.0,638.621,567.169,1.0,632.406,572.368,1.0,622.832,579.716,1.0,489.126,540.44,1.0,498.021,539.681,1.0,503.927,531.001,1.0,511.066,529.991,1.0,525.438,521.581,1.0,392.756,417.188,1.0,402.999,423.774,1.0,409.6,428.474,1.0,411.951,428.405,1.0,418.622,433.404,1.0
182,670.03,521.102,1.0,673.902,505.819,1.0,671.671,499.768,1.0,667.038,496.122,1.0,652.205,495.326,1.0,843.425,426.422,1.0,831.335,435.12,1.0,829.116,441.798,1.0,820.712,442.851,1.0,808.639,448.906,1.0,654.296,560.292,1.0,643.158,559.604,1.0,636.57,567.098,1.0,633.017,572.365,1.0,622.832,579.529,1.0,488.789,540.616,1.0,497.839,539.743,1.0,503.395,531.677,1.0,510.731,529.991,1.0,525.432,522.966,1.0,392.127,417.073,1.0,402.971,424.445,1.0,406.559,427.937,1.0,408.388,425.796,1.0,417.831,433.319,1.0
183,670.03,521.476,1.0,674.129,506.697,1.0,671.248,500.398,1.0,667.617,496.18,1.0,653.219,495.619,1.0,843.857,426.422,1.0,833.176,434.433,1.0,829.116,437.815,1.0,821.6,442.71,1.0,811.48,448.049,1.0,654.296,558.94,1.0,644.152,559.571,1.0,636.351,566.883,1.0,633.274,571.351,1.0,623.969,578.252,1.0,488.278,540.616,1.0,497.818,539.972,1.0,503.158,531.815,1.0,510.021,529.521,1.0,524.108,524.177,1.0,392.096,413.464,1.0,402.787,424.445,1.0,406.479,427.622,1.0,407.849,425.536,1.0,417.538,433.051,1.0
184,670.03,521.476,1.0,674.758,507.484,1.0,671.248,500.638,1.0,667.617,496.18,1.0,653.219,495.619,1.0,847.578,422.683,1.0,842.271,427.412,1.0,829.124,436.946,1.0,823.026,442.036,1.0,813.355,447.439,1.0,654.296,555.408,1.0,645.997,557.904,1.0,636.351,566.614,1.0,633.274,571.333,1.0,624.239,578.041,1.0,488.278,540.616,1.0,497.416,539.972,1.0,503.158,533.684,1.0,507.894,530.342,1.0,522.987,525.201,1.0,392.022,413.464,1.0,402.787,423.774,1.0,406.23,427.502,1.0,407.516,425.512,1.0,416.994,432.828,1.0
185,669.97,521.476,1.0,677.164,511.898,1.0,671.248,501.89,1.0,667.038,496.255,1.0,653.269,495.326,1.0,849.435,420.769,1.0,842.451,427.321,1.0,830.921,434.561,1.0,823.185,438.409,1.0,813.407,447.357,1.0,649.389,554.228,1.0,647.509,556.117,1.0,636.57,565.227,1.0,633.274,571.252,1.0,624.239,578.041,1.0,487.955,540.44,1.0,496.288,539.743,1.0,503.324,536.072,1.0,507.894,530.365,1.0,522.942,525.35,1.0,390.407,413.464,1.0,401.368,422.738,1.0,406.23,427.173,1.0,406.613,424.763,1.0,415.306,432.593,1.0
186,675.484,526.523,0.0,677.164,517.309,1.0,672.571,502.34,1.0,665.38,497.688,1.0,654.855,494.104,1.0,849.601,420.561,1.0,842.451,426.528,1.0,832.843,434.41,1.0,823.275,438.292,1.0,813.926,446.698,1.0,648.418,554.176,1.0,647.509,553.139,1.0,638.836,564.918,1.0,627.919,567.662,1.0,624.239,578.041,1.0,487.496,543.01,1.0,495.269,539.311,1.0,503.395,536.072,1.0,507.894,529.722,1.0,522.58,525.35,1.0,389.104,416.373,1.0,398.038,419.472,1.0,402.716,423.489,1.0,406.216,424.763,1.0,413.402,431.39,1.0
187,,,0.0,677.164,520.025,1.0,672.571,504.069,1.0,665.38,499.421,1.0,658.63,492.812,1.0,849.601,420.498,1.0,842.271,426.087,1.0,832.954,434.282,1.0,823.275,438.292,1.0,815.319,446.32,1.0,646.007,553.969,1.0,647.927,552.798,1.0,640.244,563.985,1.0,627.919,567.173,1.0,622.013,578.171,1.0,487.955,543.01,1.0,496.288,538.502,1.0,503.83,535.093,1.0,508.01,529.722,1.0,522.58,525.201,1.0,388.753,416.373,1.0,394.646,417.367,1.0,399.103,422.574,1.0,404.781,424.763,1.0,412.829,427.51,1.0
188,675.484,526.523,1.0,670.435,521.059,1.0,673.244,505.328,1.0,665.38,499.795,1.0,660.797,492.812,1.0,849.751,419.937,1.0,843.646,424.595,1.0,834.906,433.431,1.0,824.985,438.409,1.0,819.592,443.511,1.0,,,0.0,647.927,551.858,1.0,640.244,563.162,1.0,627.919,566.917,1.0,622.013,578.171,1.0,489.506,544.568,1.0,496.288,537.879,1.0,503.839,535.093,1.0,508.047,529.722,1.0,522.58,525.036,1.0,387.56,416.373,1.0,392.984,411.951,1.0,398.78,422.375,1.0,404.089,424.763,1.0,412.794,427.51,1.0
189,675.066,525.937,1.0,670.435,521.059,1.0,672.571,506.157,1.0,666.053,499.886,1.0,661.799,492.812,1.0,850.661,417.639,1.0,843.646,422.659,1.0,837.571,433.431,1.0,828.716,438.544,1.0,821.827,443.511,1.0,,,0.0,647.927,551.769,1.0,640.244,562.847,1.0,628.461,566.618,1.0,622.013,578.171,1.0,491.646,544.568,1.0,498.461,536.43,1.0,504.099,531.544,1.0,509.502,528.431,1.0,523.118,524.982,1.0,387.165,415.853,1.0,392.501,411.701,1.0,398.164,421.622,1.0,403.922,424.786,1.0,412.794,427.352,1.0
190,674.963,526.523,1.0,670.435,521.313,1.0,673.244,507.656,1.0,666.097,500.457,1.0,661.808,492.812,1.0,857.944,415.25,1.0,846.438,422.481,1.0,840.186,433.431,1.0,828.835,438.544,1.0,822.344,443.511,1.0,,,0.0,647.927,551.769,1.0,640.244,561.374,1.0,629.199,566.473,1.0,622.806,577.383,1.0,494.114,544.568,1.0,499.301,536.373,1.0,504.271,530.355,1.0,510.254,528.116,1.0,523.362,524.052,1.0,385.388,413.93,1.0,390.5,410.915,1.0,394.609,418.702,1.0,402.59,425.541,1.0,411.767,427.51,1.0
191,,525.937,0.0,676.936,521.44,1.0,671.156,509.267,1.0,666.592,502.085,1.0,663.101,493.745,1.0,858.014,414.883,1.0,846.438,422.481,1.0,840.292,433.444,1.0,830.944,438.544,1.0,822.899,443.511,1.0,657.625,,1.0,647.634,550.889,1.0,639.675,560.215,1.0,629.687,566.135,1.0,623.917,576.713,1.0,496.611,543.785,1.0,500.301,535.955,1.0,504.271,529.608,1.0,510.254,527.762,1.0,523.567,523.499,1.0,382.029,413.33,1.0,387.132,410.575,1.0,394.434,417.376,1.0,397.87,425.541,1.0,408.687,427.51,1.0
192,662.205,,1.0,677.859,521.583,1.0,671.156,513.05,1.0,667.976,503.569,1.0,665.12,496.359,1.0,858.062,414.883,1.0,846.734,422.034,1.0,840.401,433.444,1.0,831.876,438.22,1.0,823.147,443.499,1.0,,551.5,0.0,646.314,550.889,1.0,639.183,560.215,1.0,629.687,566.135,1.0,623.917,576.713,1.0,500.193,543.432,1.0,503.427,535.955,1.0,504.265,529.608,1.0,510.254,527.758,1.0,523.567,523.365,1.0,377.15,413.052,1.0,385.948,409.518,1.0,394.434,413.637,1.0,397.31,425.541,1.0,401.497,427.352,1.0
193,,554.589,0.0,677.859,522.238,1.0,669.038,519.155,1.0,668.402,506.035,1.0,666.017,497.669,1.0,858.48,415.25,1.0,846.734,421.988,1.0,841.447,433.444,1.0,833.833,433.841,1.0,828.345,438.999,1.0,655.912,,1.0,646.314,552.917,1.0,637.808,560.215,1.0,629.968,566.135,1.0,623.917,576.713,1.0,507.356,542.965,1.0,505.559,536.43,1.0,504.265,529.608,1.0,509.755,527.492,1.0,523.567,523.365,1.0,376.81,412.983,1.0,385.55,409.518,1.0,392.643,413.637,1.0,396.69,425.541,1.0,401.261,427.028,1.0
194,654.025,554.589,1.0,677.859,523.138,1.0,669.038,519.742,1.0,668.672,506.248,1.0,666.017,498.42,1.0,859.607,416.574,1.0,852.965,422.034,1.0,846.978,426.921,1.0,839.388,431.814,1.0,832.17,438.003,1.0,,561.268,0.0,645.965,554.716,1.0,635.298,562.525,1.0,630.976,566.254,1.0,624.147,576.858,1.0,514.063,542.965,1.0,508.594,536.547,1.0,504.271,529.795,1.0,508.17,527.492,1.0,523.379,523.499,1.0,376.81,412.796,1.0,383.438,409.38,1.0,392.643,413.637,1.0,396.249,425.367,1.0,401.261,426.892,1.0
195,,,0.0,676.806,524.633,1.0,669.038,519.911,1.0,668.864,506.46,1.0,666.027,498.691,1.0,859.691,416.574,1.0,854.105,422.034,1.0,847.266,426.64,1.0,839.388,431.577,1.0,832.17,437.914,1.0,652.41,563.392,1.0,645.38,554.716,1.0,635.298,562.525,1.0,632.232,570.712,1.0,623.03,576.858,1.0,517.111,542.965,1.0,511.066,536.647,1.0,504.846,530.049,1.0,508.17,527.492,1.0,523.33,523.511,1.0,376.81,412.79,1.0,383.228,409.142,1.0,387.841,413.637,1.0,394.639,424.125,1.0,401.101,426.66,1.0
196,,,0.0,676.806,524.803,1.0,669.144,519.742,1.0,668.864,506.775,1.0,666.042,499.078,1.0,859.955,416.574,1.0,854.292,421.988,1.0,847.617,426.393,1.0,839.747,431.571,1.0,832.386,437.677,1.0,649.563,563.392,1.0,645.122,557.57,1.0,635.298,562.525,1.0,632.232,571.54,1.0,622.41,577.234,1.0,518.108,543.74,1.0,512.648,536.907,1.0,505.642,530.485,1.0,508.17,528.63,1.0,523.136,523.711,1.0,376.471,403.94,1.0,383.056,407.233,1.0,387.841,413.755,1.0,391.34,421.135,1.0,400.024,426.49,1.0
197,682.287,540.883,1.0,676.384,524.895,1.0,669.857,520.142,1.0,668.864,506.826,1.0,666.461,499.13,1.0,860.065,416.574,1.0,855.209,420.856,1.0,847.813,423.93,1.0,839.993,427.601,1.0,832.49,436.628,1.0,649.563,563.392,1.0,645.122,559.372,1.0,635.648,561.234,1.0,632.528,571.54,1.0,622.031,577.253,1.0,519.284,544.62,1.0,513.08,537.723,1.0,506.454,530.617,1.0,508.229,529.138,1.0,522.936,524.366,1.0,371.128,401.589,1.0,377.554,405.107,1.0,384.022,413.755,1.0,391.23,415.239,1.0,397.853,423.875,1.0
198,682.127,535.395,1.0,673.883,524.959,1.0,673.492,520.142,1.0,668.737,507.453,1.0,666.604,499.905,1.0,864.82,416.574,1.0,858.484,417.939,1.0,850.991,421.31,1.0,841.155,424.979,1.0,832.92,433.372,1.0,649.563,565.654,1.0,645.122,561.339,1.0,635.778,561.234,1.0,632.232,571.54,1.0,622.031,577.613,1.0,519.61,544.696,1.0,514.239,538.382,1.0,507.038,530.661,1.0,508.381,529.456,1.0,522.828,525.482,1.0,371.037,400.951,1.0,377.258,404.891,1.0,383.765,413.6,1.0,391.019,415.207,1.0,397.834,423.689,1.0
199,682.127,534.829,1.0,673.883,528.512,1.0,674.216,520.597,1.0,668.371,510.44,1.0,666.763,501.161,1.0,871.296,416.596,1.0,862.285,411.977,1.0,855.839,418.847,1.0,843.375,424.25,1.0,836.303,430.317,1.0,653.911,568.211,1.0,650.849,564.181,1.0,637.298,561.234,1.0,632.195,571.038,1.0,622.031,577.234,1.0,519.921,549.435,1.0,515.95,539.731,1.0,508.22,531.594,1.0,508.816,530.361,1.0,522.828,526.581,1.0,370.155,400.516,1.0,376.575,404.891,1.0,383.663,413.274,1.0,391.019,415.16,1.0,397.347,423.268,1.0
200,682.287,534.829,1.0,674.253,528.512,1.0,674.435,520.597,1.0,668.053,510.658,1.0,666.9,501.163,1.0,873.796,416.948,1.0,863.719,411.801,1.0,855.845,418.301,1.0,843.628,423.667,1.0,836.438,430.317,1.0,655.907,571.734,1.0,651.671,564.714,1.0,637.743,561.779,1.0,632.195,570.973,1.0,622.455,577.515,1.0,520.033,549.77,1.0,516.012,542.737,1.0,510.348,534.699,1.0,508.997,530.465,1.0,522.755,527.049,1.0,369.653,400.475,1.0,374.845,404.532,1.0,381.171,410.789,1.0,390.852,414.805,1.0,396.153,421.288,1.0
201,684.351,532.645,1.0,674.253,529.12,1.0,674.665,520.597,1.0,668.022,511.068,1.0,666.905,501.88,1.0,874.155,417.596,1.0,864.284,411.761,1.0,855.845,417.996,1.0,843.974,423.667,1.0,837.301,430.025,1.0,658.551,571.865,1.0,652.504,564.969,1.0,638.154,561.781,1.0,632.264,567.445,1.0,622.47,577.705,1.0,520.033,549.796,1.0,516.535,542.737,1.0,510.447,534.699,1.0,509.195,530.592,1.0,522.755,527.135,1.0,366.815,400.475,1.0,371.604,404.532,1.0,379.068,408.87,1.0,387.108,413.82,1.0,394.672,419.461,1.0
202,684.582,532.645,1.0,675.865,529.12,1.0,674.665,520.554,1.0,668.022,511.354,1.0,666.905,501.961,1.0,874.302,417.596,1.0,864.289,411.524,1.0,856.622,417.588,1.0,844.289,423.667,1.0,838.321,429.503,1.0,661.098,571.734,1.0,656.064,566.355,1.0,639.985,561.87,1.0,632.195,567.445,1.0,623.449,577.705,1.0,520.065,549.82,1.0,517.039,543.432,1.0,510.765,535.318,1.0,509.195,530.592,1.0,522.732,527.199,1.0,360.898,400.516,1.0,371.142,404.163,1.0,378.645,408.87,1.0,381.053,407.708,1.0,388.189,414.023,1.0
203,685.11,532.645,1.0,677.281,529.12,1.0,674.435,520.554,1.0,668.053,512.464,1.0,668.416,502.699,1.0,875.336,417.596,1.0,866.883,408.205,1.0,856.798,417.258,1.0,847.725,423.431,1.0,845.496,428.284,1.0,661.589,571.734,1.0,656.387,566.704,1.0,640.8,564.322,1.0,632.264,567.445,1.0,623.458,577.515,1.0,520.065,549.915,1.0,517.184,543.432,1.0,510.765,535.318,1.0,509.73,530.592,1.0,522.732,527.245,1.0,359.227,400.994,1.0,367.055,404.163,1.0,378.645,408.566,1.0,380.13,406.55,1.0,388.189,413.716,1.0
204,687.649,534.059,1.0,680.029,529.237,1.0,669.122,520.554,1.0,668.688,512.748,1.0,668.416,505.343,1.0,875.337,409.852,1.0,874.543,406.772,1.0,861.568,416.293,1.0,853.632,419.446,1.0,847.055,428.262,1.0,661.905,571.252,1.0,656.387,566.855,1.0,641.027,564.82,1.0,633.129,567.859,1.0,623.486,577.515,1.0,521.335,550.184,1.0,519.127,544.73,1.0,511.546,535.318,1.0,509.73,530.621,1.0,521.633,527.922,1.0,359.227,400.994,1.0,367.055,403.798,1.0,376.588,407.799,1.0,379.648,406.421,1.0,387.765,413.716,1.0
205,688.174,534.333,1.0,681.11,530.175,1.0,669.122,520.554,1.0,670.073,513.701,1.0,668.958,505.343,1.0,875.63,409.079,1.0,874.543,405.095,1.0,862.036,414.683,1.0,853.632,417.827,1.0,847.055,427.62,1.0,662.548,571.252,1.0,656.547,566.855,1.0,642.585,565.25,1.0,633.77,567.859,1.0,624.659,576.949,1.0,526.936,553.715,1.0,522.501,545.087,1.0,511.546,537.718,1.0,509.078,530.668,1.0,521.633,527.94,1.0,359.152,400.994,1.0,366.395,403.394,1.0,376.253,407.324,1.0,378.889,403.54,1.0,387.765,413.009,1.0
206,689.221,534.91,1.0,681.489,531.124,1.0,669.122,520.875,1.0,670.081,513.734,1.0,669.796,505.905,1.0,877.111,406.55,1.0,874.603,404.49,1.0,862.234,414.683,1.0,854.003,417.695,1.0,847.123,425.819,1.0,669.531,571.252,1.0,656.064,568.367,1.0,646.555,565.286,1.0,634.99,568.094,1.0,626.813,573.724,1.0,526.936,554.129,1.0,522.501,545.093,1.0,511.546,537.718,1.0,508.301,530.545,1.0,521.633,527.94,1.0,358.804,400.763,1.0,365.461,401.781,1.0,372.884,407.744,1.0,376.698,403.491,1.0,382.527,413.009,1.0
207,689.329,535.247,1.0,684.014,532.445,1.0,673.536,521.898,1.0,670.259,514.52,1.0,668.958,505.905,1.0,880.011,406.008,1.0,875.281,404.49,1.0,864.597,413.833,1.0,856.144,416.661,1.0,848.621,424.38,1.0,669.739,571.252,1.0,655.946,570.884,1.0,647.767,565.286,1.0,635.661,568.661,1.0,627.015,571.04,1.0,526.936,554.129,1.0,522.501,545.093,1.0,511.281,537.718,1.0,508.301,530.545,1.0,521.578,527.955,1.0,357.766,400.533,1.0,364.56,401.126,1.0,370.883,407.324,1.0,375.774,403.491,1.0,381.884,413.009,1.0
208,692.819,538.373,1.0,686.625,532.445,1.0,676.055,521.999,1.0,671.581,518.611,1.0,668.302,505.905,1.0,887.904,401.157,1.0,875.931,404.49,1.0,867.373,413.437,1.0,859.89,414.26,1.0,851.921,421.607,1.0,669.754,571.099,1.0,655.946,570.884,1.0,647.807,565.25,1.0,636.26,568.498,1.0,627.099,570.866,1.0,526.705,554.016,1.0,522.501,545.094,1.0,511.281,537.12,1.0,507.974,530.479,1.0,521.695,527.955,1.0,357.06,399.357,1.0,363.113,400.329,1.0,369.532,406.803,1.0,375.415,403.54,1.0,381.884,410.051,1.0
209,696.692,538.972,1.0,688.265,532.445,1.0,679.364,523.675,1.0,674.716,520.02,1.0,668.139,506.706,1.0,888.326,398.068,1.0,877.557,406.568,1.0,872.868,413.012,1.0,860.689,413.812,1.0,853.829,419.309,1.0,669.739,571.069,1.0,659.06,560.366,1.0,648.055,565.25,1.0,636.652,569.403,1.0,627.099,570.773,1.0,526.471,554.016,1.0,521.426,545.242,1.0,511.281,537.12,1.0,507.974,530.479,1.0,521.695,527.955,1.0,355.46,399.357,1.0,362.75,400.023,1.0,369.213,406.692,1.0,375.26,403.925,1.0,381.852,409.315,1.0
210,697.339,539.565,1.0,691.027,531.247,1.0,679.651,524.287,1.0,674.93,522.124,1.0,668.139,506.888,1.0,888.326,397.791,1.0,877.962,406.568,1.0,872.926,412.055,1.0,860.696,413.775,1.0,854.069,418.148,1.0,669.739,570.89,1.0,661.064,570.146,1.0,650.805,563.476,1.0,637.058,569.924,1.0,630.226,570.731,1.0,526.471,554.176,1.0,521.426,545.662,1.0,511.976,537.12,1.0,508.301,530.479,1.0,521.309,527.955,1.0,355.428,398.436,1.0,361.734,395.817,1.0,367.124,401.401,1.0,374.438,404.535,1.0,381.852,409.017,1.0
211,697.339,539.565,1.0,691.196,531.247,1.0,681.224,525.115,1.0,675.93,522.928,1.0,668.139,508.326,1.0,888.575,397.191,1.0,877.998,406.568,1.0,873.11,410.784,1.0,864.766,410.15,1.0,858.772,417.291,1.0,670.116,572.739,0.0,662.785,569.985,1.0,654.294,563.476,1.0,644.533,572.378,1.0,632.251,570.09,1.0,526.471,556.167,1.0,521.569,548.989,1.0,513.424,537.646,1.0,509.606,532.26,1.0,520.707,527.955,1.0,351.425,395.014,1.0,358.854,393.0,1.0,361.715,401.35,1.0,368.858,405.236,1.0,379.144,408.894,1.0
212,696.692,538.972,1.0,692.537,531.247,1.0,682.569,527.921,1.0,676.447,523.643,1.0,669.573,514.394,1.0,888.663,397.191,1.0,881.474,404.956,1.0,874.93,407.517,1.0,868.472,409.61,1.0,860.436,417.026,1.0,,,0.0,666.274,568.496,1.0,654.87,563.476,1.0,645.936,572.378,1.0,632.258,569.702,1.0,526.531,556.217,1.0,521.675,551.532,1.0,515.953,540.791,1.0,509.606,535.257,1.0,516.925,526.532,1.0,347.668,387.396,1.0,354.375,391.908,1.0,359.394,401.285,1.0,366.487,405.236,1.0,372.532,408.894,1.0
213,,,0.0,692.653,531.247,1.0,682.75,527.942,1.0,676.639,523.643,1.0,670.63,516.075,1.0,895.331,396.306,1.0,888.052,400.939,1.0,880.986,404.215,1.0,869.072,406.634,1.0,863.136,415.586,1.0,673.922,573.793,1.0,666.521,568.496,1.0,655.44,564.049,1.0,646.253,572.378,1.0,632.576,569.538,1.0,526.531,556.865,1.0,521.569,552.064,1.0,517.129,541.189,1.0,511.996,536.476,1.0,511.273,525.306,1.0,346.377,387.183,1.0,354.166,391.613,1.0,359.394,401.285,1.0,365.832,405.029,1.0,372.101,408.598,1.0
214,,,0.0,693.248,531.339,1.0,683.547,528.913,1.0,677.037,524.131,1.0,671.548,516.295,1.0,895.331,394.776,1.0,889.25,399.306,1.0,881.196,403.243,1.0,870.107,406.623,1.0,863.951,414.841,1.0,673.922,573.793,1.0,667.629,569.87,1.0,655.75,564.832,1.0,646.986,572.376,1.0,633.005,569.489,1.0,526.569,557.35,1.0,521.57,553.632,1.0,517.219,542.756,1.0,511.996,537.272,1.0,511.173,525.306,1.0,345.98,386.987,1.0,353.652,391.613,1.0,358.902,401.285,1.0,365.435,404.535,1.0,371.311,408.517,1.0
215,,,0.0,693.996,531.804,1.0,683.931,529.821,1.0,678.091,524.932,1.0,670.63,517.411,1.0,895.331,394.083,1.0,889.25,398.429,1.0,882.711,402.507,1.0,870.706,406.623,1.0,864.642,411.264,1.0,673.922,573.793,1.0,667.629,569.87,1.0,656.017,564.979,1.0,646.986,572.087,1.0,634.283,569.376,1.0,526.531,557.35,1.0,521.675,553.632,1.0,517.472,542.942,1.0,512.05,537.307,1.0,511.173,525.306,1.0,345.84,386.968,1.0,352.898,391.613,1.0,358.902,400.752,1.0,364.739,403.728,1.0,370.693,408.365,1.0
216,707.856,545.244,1.0,693.996,531.804,1.0,686.557,534.581,1.0,678.091,526.918,1.0,671.779,518.027,1.0,895.331,392.971,1.0,889.25,393.098,1.0,883.023,402.507,1.0,871.934,406.634,1.0,866.516,410.544,1.0,675.455,573.793,1.0,666.521,569.87,1.0,657.25,568.751,1.0,646.253,571.928,1.0,637.113,569.376,1.0,526.466,557.401,1.0,522.019,553.632,1.0,517.732,543.111,1.0,512.05,537.307,1.0,511.173,526.099,1.0,345.195,382.614,1.0,352.215,391.137,1.0,356.263,397.349,1.0,356.199,400.79,1.0,363.918,406.195,1.0
217,707.856,545.244,1.0,697.206,534.184,1.0,686.557,534.581,1.0,678.091,527.291,1.0,671.781,519.018,1.0,895.355,390.249,1.0,889.305,392.141,1.0,883.554,402.437,1.0,875.634,406.731,1.0,868.513,410.544,1.0,676.165,572.962,1.0,664.624,572.534,1.0,657.706,569.192,1.0,644.547,570.912,1.0,638.497,569.376,1.0,525.427,557.919,1.0,522.755,553.672,1.0,518.39,544.084,1.0,511.983,537.444,1.0,511.137,526.496,1.0,343.28,380.024,1.0,351.366,390.742,1.0,354.596,394.425,1.0,356.199,395.158,1.0,363.918,404.67,1.0
218,707.856,545.244,1.0,699.751,539.586,0.0,686.929,536.701,1.0,677.326,527.291,1.0,676.063,520.029,1.0,908.657,387.182,1.0,897.059,389.8,1.0,883.554,396.59,1.0,877.069,407.376,1.0,870.122,410.488,1.0,676.75,572.84,1.0,664.624,572.534,1.0,657.706,570.184,1.0,644.547,570.912,1.0,638.497,569.341,1.0,525.427,558.265,1.0,524.148,553.672,1.0,518.719,545.12,1.0,511.766,538.303,1.0,511.137,528.157,1.0,343.221,379.45,1.0,351.202,390.742,1.0,354.028,393.513,1.0,356.199,395.158,1.0,363.918,404.591,1.0
219,708.278,545.639,1.0,699.835,540.284,1.0,687.005,538.761,1.0,677.14,526.918,1.0,676.656,520.029,1.0,908.657,387.182,1.0,897.059,389.518,1.0,885.794,396.59,1.0,879.198,407.376,1.0,870.555,410.484,1.0,676.75,571.64,1.0,664.624,572.534,1.0,657.706,570.184,1.0,644.547,570.912,1.0,638.497,569.341,1.0,525.427,561.438,1.0,525.397,554.577,1.0,518.974,547.85,1.0,511.766,541.483,1.0,508.233,532.689,1.0,342.409,379.45,1.0,350.805,390.321,1.0,352.719,392.675,1.0,356.118,394.665,1.0,363.204,404.588,1.0
220,708.388,545.639,1.0,699.751,539.586,1.0,688.464,538.761,1.0,677.14,526.585,1.0,676.812,520.029,1.0,908.657,386.837,1.0,897.08,389.518,1.0,886.29,396.59,1.0,879.59,407.012,1.0,871.214,410.484,1.0,676.75,571.153,1.0,664.624,569.783,1.0,656.795,570.184,1.0,646.01,572.13,1.0,637.986,568.29,1.0,526.032,562.714,1.0,525.564,555.016,1.0,519.035,547.973,1.0,511.766,541.588,1.0,508.233,533.472,1.0,341.115,380.024,1.0,348.581,389.874,1.0,351.321,390.898,1.0,356.118,393.92,1.0,363.118,402.115,1.0
221,708.388,545.639,1.0,699.029,538.949,1.0,688.878,537.958,1.0,677.326,526.513,1.0,677.074,520.485,1.0,908.657,386.837,1.0,897.08,389.8,1.0,890.343,396.59,1.0,879.59,407.012,1.0,874.387,410.294,1.0,667.869,569.497,1.0,664.19,568.764,1.0,656.795,570.551,1.0,646.845,572.281,1.0,636.834,567.088,1.0,526.365,562.782,1.0,525.564,555.288,1.0,519.131,548.296,1.0,511.983,541.846,1.0,508.233,533.73,1.0,333.853,384.196,1.0,337.495,384.741,1.0,343.66,390.449,1.0,353.647,392.924,1.0,361.586,398.939,1.0
222,708.388,545.639,1.0,699.029,538.949,1.0,690.036,537.958,1.0,677.647,526.513,1.0,677.074,520.602,1.0,908.657,382.763,1.0,900.847,391.697,1.0,893.289,396.191,1.0,886.115,402.459,1.0,875.3,408.778,1.0,666.842,561.227,1.0,659.25,568.329,1.0,656.795,569.703,1.0,647.155,573.147,1.0,635.939,565.98,1.0,526.365,562.714,1.0,525.564,555.385,1.0,519.131,548.445,1.0,511.984,541.915,1.0,508.235,533.832,1.0,333.087,384.196,1.0,336.79,383.33,1.0,343.079,390.233,1.0,353.018,392.873,1.0,361.16,398.452,1.0
223,708.58,545.643,1.0,699.029,538.949,1.0,690.399,537.583,1.0,677.838,526.513,1.0,677.334,521.32,1.0,910.752,382.363,1.0,903.496,391.697,1.0,895.443,396.191,1.0,887.113,400.078,1.0,877.09,407.153,1.0,665.182,561.145,1.0,655.653,568.088,1.0,656.795,568.531,1.0,647.155,573.147,1.0,635.919,565.863,1.0,526.43,562.782,1.0,525.68,555.443,1.0,519.335,548.846,1.0,512.59,542.198,1.0,508.6,534.414,1.0,332.955,384.196,1.0,336.698,383.321,1.0,343.079,389.502,1.0,352.72,392.873,1.0,361.009,398.0,1.0
224,708.06,547.798,1.0,704.527,542.908,1.0,690.439,536.089,1.0,677.838,527.869,1.0,677.373,522.814,1.0,911.31,382.01,1.0,903.817,391.697,1.0,895.667,394.386,1.0,889.116,398.597,1.0,878.541,405.31,1.0,656.07,561.145,1.0,655.621,565.831,1.0,657.355,569.703,1.0,647.155,573.156,1.0,635.35,565.116,1.0,526.43,562.782,1.0,525.715,555.59,1.0,519.824,549.927,1.0,514.296,542.748,1.0,509.262,535.934,1.0,332.662,384.196,1.0,336.055,382.409,1.0,342.724,388.6,1.0,351.755,392.924,1.0,356.746,397.929,1.0
225,707.426,558.96,1.0,706.243,545.97,1.0,692.461,534.159,1.0,677.647,530.963,1.0,678.071,522.814,1.0,912.366,382.01,1.0,904.555,390.646,1.0,895.711,391.416,1.0,889.165,395.965,1.0,879.829,403.193,1.0,654.843,558.859,1.0,655.621,562.512,1.0,657.355,569.703,1.0,647.478,573.156,1.0,634.613,564.78,1.0,526.365,572.452,1.0,528.953,563.859,1.0,522.108,554.224,1.0,518.054,546.49,1.0,509.262,540.155,1.0,331.294,384.464,1.0,335.839,381.434,1.0,342.724,386.138,1.0,346.315,393.947,1.0,353.264,397.582,1.0
226,704.2,559.105,1.0,706.243,546.38,1.0,692.614,534.159,1.0,677.647,531.492,1.0,678.443,523.18,1.0,918.943,382.363,1.0,910.335,387.745,1.0,901.18,391.11,1.0,891.382,395.641,1.0,882.841,401.371,1.0,652.473,558.859,1.0,655.653,562.305,1.0,656.304,565.117,1.0,648.338,572.961,1.0,634.311,564.78,1.0,526.064,574.326,1.0,528.953,565.418,1.0,523.334,554.976,1.0,518.513,547.439,1.0,509.284,541.017,1.0,325.81,387.309,1.0,333.112,380.251,1.0,342.962,381.766,1.0,341.526,395.179,1.0,350.788,397.193,1.0
227,704.058,559.292,1.0,706.243,546.49,1.0,692.857,536.089,1.0,677.838,532.611,1.0,678.978,523.18,1.0,920.912,382.363,1.0,910.365,383.531,1.0,901.181,385.197,1.0,896.882,388.412,1.0,886.404,401.189,1.0,650.567,558.632,1.0,655.621,561.788,1.0,655.895,562.694,1.0,648.475,572.54,1.0,633.475,565.116,1.0,526.064,574.608,1.0,529.134,565.418,1.0,523.895,554.976,1.0,519.064,547.802,1.0,509.284,541.667,1.0,325.81,387.309,1.0,333.045,380.251,1.0,342.962,381.766,1.0,341.174,395.179,1.0,350.788,394.547,1.0
228,704.005,561.026,1.0,705.737,547.775,1.0,693.464,537.938,1.0,680.798,535.351,1.0,679.265,526.507,1.0,921.762,386.247,1.0,910.404,383.447,1.0,901.382,385.131,1.0,897.118,388.158,1.0,886.852,400.709,1.0,648.717,553.326,1.0,654.704,556.38,1.0,655.613,562.416,1.0,649.031,572.54,1.0,633.475,565.525,1.0,525.971,574.712,1.0,528.953,565.618,1.0,523.987,555.152,1.0,519.204,548.212,1.0,509.284,541.667,1.0,325.446,387.309,1.0,332.327,379.591,1.0,341.716,380.864,1.0,341.174,394.691,1.0,350.778,394.547,1.0
229,703.569,561.026,1.0,705.406,548.607,1.0,699.802,540.675,1.0,689.414,540.509,1.0,679.45,527.193,1.0,923.123,386.825,1.0,910.404,383.158,1.0,901.382,385.125,1.0,897.373,388.158,1.0,887.827,398.859,1.0,648.524,551.992,1.0,654.704,556.376,1.0,654.15,561.94,1.0,649.031,572.54,1.0,633.475,565.648,1.0,525.656,574.608,1.0,528.953,565.769,1.0,523.895,555.369,1.0,519.235,548.479,1.0,509.697,541.667,1.0,325.446,386.72,1.0,331.738,379.591,1.0,340.886,381.766,1.0,339.93,394.691,1.0,350.054,393.803,1.0
230,703.569,561.026,1.0,703.229,548.639,1.0,701.229,541.414,1.0,693.068,540.509,1.0,680.775,527.491,1.0,923.279,386.825,1.0,910.895,383.158,1.0,901.852,385.125,1.0,897.947,388.158,1.0,888.456,398.635,1.0,648.468,550.288,1.0,653.976,554.89,1.0,652.612,561.781,1.0,649.031,572.647,1.0,633.77,565.784,1.0,525.656,574.372,1.0,528.792,566.002,1.0,523.334,555.969,1.0,520.273,548.829,1.0,512.911,541.543,1.0,318.667,384.746,1.0,326.538,377.911,1.0,336.163,382.073,1.0,339.902,386.577,1.0,349.255,392.006,1.0
231,703.654,560.92,1.0,703.229,548.607,1.0,701.229,541.965,1.0,693.068,540.509,1.0,682.976,528.197,1.0,923.905,377.804,1.0,917.522,379.357,1.0,904.0,385.125,1.0,900.313,389.289,1.0,893.709,398.139,1.0,648.172,543.162,1.0,653.196,553.036,1.0,652.561,560.98,1.0,649.031,572.647,1.0,635.662,565.784,1.0,524.637,574.608,1.0,528.642,566.567,1.0,523.987,557.16,1.0,520.273,550.777,1.0,513.159,541.543,1.0,316.875,384.433,1.0,324.189,377.786,1.0,329.515,382.661,1.0,337.976,385.939,1.0,347.028,391.408,1.0
232,704.005,560.92,1.0,703.229,548.607,1.0,701.383,543.139,1.0,693.209,539.668,1.0,683.432,529.651,1.0,925.653,377.286,1.0,917.986,375.372,1.0,908.043,384.928,1.0,901.276,391.216,1.0,895.107,398.1,1.0,648.149,542.208,1.0,652.962,552.525,1.0,651.459,559.802,1.0,649.031,573.692,1.0,635.662,566.637,1.0,524.504,574.712,1.0,528.109,568.096,1.0,524.422,558.533,1.0,520.273,552.619,1.0,514.078,541.543,1.0,315.89,383.564,1.0,324.104,377.099,1.0,329.511,383.088,1.0,337.824,384.154,1.0,346.818,391.408,1.0
233,706.8,560.92,1.0,704.445,551.134,1.0,701.383,544.138,1.0,693.866,539.668,1.0,683.581,531.566,1.0,925.656,377.084,1.0,918.42,374.714,1.0,908.367,384.928,1.0,903.629,391.216,1.0,895.182,397.779,1.0,648.149,542.208,1.0,652.959,551.792,1.0,649.588,559.637,1.0,649.97,573.692,1.0,636.078,566.637,1.0,524.416,575.321,1.0,528.109,569.35,1.0,524.843,560.578,1.0,520.273,552.619,1.0,514.966,541.619,1.0,315.444,383.564,1.0,323.64,376.886,1.0,329.36,383.088,1.0,337.326,384.129,1.0,346.634,390.632,1.0
234,713.053,563.239,1.0,707.089,553.712,1.0,701.383,546.692,1.0,694.371,539.668,1.0,683.878,533.41,1.0,926.017,377.019,1.0,918.816,374.076,1.0,908.961,384.434,1.0,903.72,391.216,1.0,895.32,397.779,1.0,647.408,541.985,1.0,652.178,551.005,1.0,648.924,559.637,1.0,649.97,572.701,1.0,637.302,566.637,1.0,524.416,575.368,1.0,527.652,569.558,1.0,525.53,560.972,1.0,520.273,552.735,1.0,515.742,541.653,1.0,315.444,382.084,1.0,322.113,376.319,1.0,328.019,383.088,1.0,334.95,382.536,1.0,340.987,388.475,1.0
235,713.271,563.371,1.0,707.25,554.581,1.0,702.698,548.149,1.0,694.527,540.532,1.0,684.234,534.545,1.0,927.568,374.964,1.0,919.665,373.499,1.0,914.843,384.098,1.0,905.012,389.23,1.0,898.976,392.188,1.0,647.42,541.339,1.0,647.793,550.652,1.0,648.623,559.637,1.0,649.97,572.482,1.0,638.152,566.637,1.0,524.416,575.466,1.0,528.109,569.664,1.0,525.53,562.11,1.0,520.746,553.978,1.0,516.476,542.732,1.0,312.476,370.06,1.0,317.324,375.174,1.0,324.849,382.804,1.0,325.825,379.244,1.0,335.767,386.012,1.0
236,713.271,565.754,1.0,707.888,556.686,1.0,703.159,549.854,1.0,695.18,541.517,1.0,688.146,536.714,1.0,939.189,368.891,1.0,922.52,373.499,1.0,918.059,383.402,1.0,908.23,384.195,1.0,904.087,391.258,1.0,647.516,540.1,1.0,647.666,548.979,1.0,647.605,559.152,1.0,645.21,572.482,1.0,638.152,566.637,1.0,524.416,575.969,1.0,528.157,570.037,1.0,525.53,564.097,1.0,520.771,553.978,1.0,517.849,546.376,1.0,312.335,369.338,1.0,317.037,374.796,1.0,324.799,382.804,1.0,325.731,377.845,1.0,335.364,385.279,1.0
237,713.074,565.754,1.0,710.405,559.15,1.0,703.272,550.657,1.0,695.18,541.772,1.0,690.067,536.908,1.0,940.362,365.823,1.0,924.778,373.499,1.0,919.725,382.927,1.0,908.315,383.205,1.0,904.533,390.085,1.0,647.516,539.388,1.0,647.666,548.71,1.0,647.509,558.904,1.0,645.21,571.202,1.0,638.219,567.134,1.0,527.995,587.44,1.0,530.243,577.118,1.0,525.53,566.716,1.0,521.299,554.841,1.0,518.047,550.788,1.0,312.228,369.063,1.0,317.03,374.796,1.0,324.339,381.977,1.0,325.731,377.807,1.0,335.364,385.279,1.0
238,713.074,565.754,1.0,710.405,559.325,1.0,703.343,551.615,1.0,694.915,542.071,1.0,690.652,537.01,1.0,940.424,365.823,1.0,926.228,371.739,1.0,920.919,382.887,1.0,908.678,382.825,1.0,904.71,386.93,1.0,647.42,538.944,1.0,647.793,548.306,1.0,646.911,558.904,1.0,645.21,570.297,1.0,638.936,567.965,1.0,533.057,588.509,1.0,532.068,577.634,1.0,525.53,567.09,1.0,521.086,554.847,1.0,519.47,550.977,1.0,312.228,369.063,1.0,316.701,374.796,1.0,324.339,381.05,1.0,325.42,377.807,1.0,335.351,384.756,1.0
239,713.201,565.754,1.0,710.67,559.411,1.0,703.343,551.664,1.0,695.301,542.638,1.0,690.763,537.01,1.0,940.69,365.823,1.0,927.849,371.739,1.0,922.625,381.36,1.0,915.186,382.012,1.0,908.093,386.745,1.0,647.42,538.902,1.0,647.793,548.145,1.0,647.509,558.85,1.0,645.767,570.113,1.0,638.936,567.965,1.0,533.057,588.613,1.0,532.068,577.634,1.0,526.352,567.153,1.0,521.086,555.235,1.0,520.01,551.347,1.0,307.537,366.232,1.0,316.437,374.355,1.0,319.307,376.822,1.0,325.324,377.845,1.0,334.354,384.756,1.0
240,713.201,566.161,1.0,710.944,560.117,1.0,703.343,552.991,1.0,695.301,544.382,1.0,691.992,538.118,1.0,941.881,367.19,1.0,933.696,371.739,1.0,924.671,376.531,1.0,917.329,380.536,1.0,909.209,385.738,1.0,644.824,538.397,1.0,647.666,548.078,1.0,647.507,558.844,1.0,645.767,568.702,1.0,638.936,568.084,1.0,533.057,588.613,1.0,532.068,577.634,1.0,526.432,567.193,1.0,521.161,555.235,1.0,520.211,551.347,1.0,300.716,364.532,1.0,307.131,374.077,1.0,316.301,375.045,1.0,323.055,379.719,1.0,331.796,384.756,1.0
241,718.557,573.794,1.0,713.627,564.584,1.0,705.173,553.029,1.0,697.048,545.472,1.0,693.664,540.008,1.0,944.003,367.629,1.0,935.649,368.542,1.0,924.864,375.338,1.0,918.56,376.886,1.0,910.517,384.812,1.0,644.759,538.272,1.0,646.846,547.632,1.0,647.507,557.605,1.0,645.767,568.601,1.0,639.854,568.084,1.0,533.37,588.713,1.0,527.45,577.736,1.0,527.201,568.731,1.0,521.299,556.851,1.0,520.604,552.141,1.0,300.611,364.429,1.0,306.871,374.077,1.0,315.932,374.836,1.0,322.794,379.719,1.0,330.683,384.404,1.0
242,719.815,576.986,1.0,714.091,569.815,1.0,705.851,554.676,1.0,698.459,546.776,1.0,693.948,540.008,1.0,944.155,367.629,1.0,935.825,367.361,1.0,929.413,373.151,1.0,919.679,376.196,1.0,910.887,383.901,1.0,644.753,531.834,1.0,646.13,538.278,1.0,647.745,551.464,1.0,645.233,562.649,1.0,642.485,568.084,1.0,533.37,588.613,1.0,527.45,579.473,1.0,527.54,569.719,1.0,521.636,561.189,1.0,521.157,554.193,1.0,299.679,364.429,1.0,306.302,373.952,1.0,315.4,374.55,1.0,322.241,379.719,1.0,328.762,382.947,1.0
243,719.907,577.337,1.0,714.207,570.393,1.0,707.025,554.985,1.0,700.152,547.821,1.0,695.636,540.008,1.0,944.186,367.19,1.0,935.89,367.291,1.0,930.703,372.363,1.0,919.679,376.196,1.0,911.994,383.264,1.0,644.488,526.932,1.0,645.925,536.716,1.0,648.986,549.761,1.0,644.685,558.355,1.0,647.888,569.195,1.0,534.259,588.613,1.0,527.45,581.706,1.0,527.54,570.856,1.0,522.885,563.173,1.0,523.211,556.039,1.0,298.647,364.322,1.0,304.899,372.943,1.0,313.502,373.984,1.0,319.537,377.184,1.0,327.129,381.749,1.0
244,719.907,578.305,1.0,714.429,570.393,1.0,708.342,556.335,1.0,702.665,552.388,1.0,695.925,540.068,1.0,952.839,365.051,1.0,943.74,360.413,1.0,930.705,368.918,1.0,923.534,376.196,1.0,916.895,382.372,1.0,644.488,526.236,1.0,645.925,536.169,1.0,649.789,549.169,1.0,643.992,557.583,1.0,649.166,569.195,1.0,535.014,588.194,1.0,527.593,581.706,1.0,527.54,571.174,1.0,523.844,563.973,1.0,523.432,556.244,1.0,293.831,364.195,1.0,303.53,367.405,1.0,311.871,373.086,1.0,314.154,369.471,1.0,320.48,381.504,1.0
245,719.907,578.305,1.0,714.664,570.272,1.0,708.412,557.433,1.0,702.724,553.471,1.0,696.276,540.068,1.0,952.839,357.662,1.0,945.99,358.126,1.0,930.739,364.191,1.0,925.424,376.168,1.0,918.799,381.815,1.0,644.488,526.236,1.0,645.925,535.836,1.0,650.701,549.139,1.0,643.988,556.833,1.0,649.279,569.195,1.0,535.176,588.194,1.0,527.886,583.068,1.0,527.313,574.592,1.0,524.095,564.031,1.0,523.514,556.596,1.0,293.757,364.195,1.0,303.051,367.405,1.0,311.811,372.521,1.0,313.565,369.471,1.0,320.425,380.803,1.0
246,719.451,578.305,1.0,714.704,570.272,1.0,709.388,557.949,1.0,703.249,554.052,1.0,696.849,540.068,1.0,953.147,357.126,1.0,946.323,357.495,1.0,931.822,364.191,1.0,926.738,376.168,1.0,922.185,379.241,1.0,644.89,526.562,1.0,645.925,535.271,1.0,650.701,547.642,1.0,643.988,555.654,1.0,651.512,568.383,1.0,535.583,588.194,1.0,531.432,583.452,1.0,527.313,574.622,1.0,524.25,566.057,1.0,523.514,558.164,1.0,293.042,368.65,1.0,302.915,366.428,1.0,310.686,371.785,1.0,313.469,369.471,1.0,320.278,379.274,1.0
247,719.017,578.821,1.0,715.385,570.272,1.0,710.633,559.25,1.0,704.929,554.314,1.0,698.12,541.431,1.0,953.147,356.967,1.0,947.597,357.495,1.0,931.822,364.054,1.0,929.387,376.168,1.0,923.738,379.022,1.0,644.9,526.562,1.0,645.488,534.889,1.0,650.701,545.183,1.0,643.496,551.279,1.0,652.46,565.29,1.0,536.09,593.997,1.0,533.237,585.937,1.0,527.313,580.483,1.0,526.393,568.856,1.0,524.356,560.72,1.0,293.042,368.494,1.0,301.364,366.086,1.0,310.101,371.724,1.0,309.458,374.552,1.0,319.127,379.193,1.0
248,718.39,578.821,1.0,717.658,570.272,1.0,711.671,561.593,1.0,706.223,554.864,1.0,699.443,546.76,1.0,956.197,354.584,1.0,950.888,357.495,1.0,941.995,363.911,1.0,932.428,369.862,1.0,924.335,378.364,1.0,644.912,526.778,1.0,642.686,534.889,1.0,650.387,542.051,1.0,643.12,549.401,1.0,653.316,564.532,1.0,536.09,598.582,1.0,534.307,589.589,1.0,527.616,582.182,1.0,526.393,569.625,1.0,525.945,563.339,1.0,287.572,368.494,1.0,295.198,364.57,1.0,301.715,366.873,1.0,309.027,374.552,1.0,318.374,375.689,1.0
249,718.39,581.892,1.0,720.157,572.473,1.0,712.317,564.913,1.0,708.25,556.801,1.0,700.315,548.662,1.0,957.199,354.503,1.0,950.888,360.052,1.0,944.369,363.67,1.0,932.657,369.421,1.0,924.43,377.442,1.0,645.008,527.574,1.0,642.638,534.806,1.0,650.326,542.051,1.0,643.111,549.401,1.0,653.779,564.397,1.0,536.09,603.433,1.0,534.638,589.795,1.0,528.04,582.457,1.0,526.393,570.094,1.0,526.044,563.569,1.0,284.805,368.494,1.0,292.441,364.37,1.0,298.011,365.928,1.0,307.35,374.552,1.0,316.35,375.46,1.0
250,718.39,582.758,1.0,720.301,574.2,1.0,712.327,566.034,1.0,708.587,558.71,1.0,700.679,550.832,1.0,957.334,354.049,1.0,951.356,360.052,1.0,944.502,363.67,1.0,934.694,368.976,1.0,926.399,374.92,1.0,645.291,526.778,1.0,641.186,534.806,1.0,649.766,542.051,1.0,643.12,549.401,1.0,653.779,564.335,1.0,536.09,604.455,1.0,534.9,590.491,1.0,528.427,582.97,1.0,526.393,574.622,1.0,526.39,563.788,1.0,284.715,367.786,1.0,290.85,363.89,1.0,298.011,365.928,1.0,305.359,374.485,1.0,315.777,375.46,1.0
251,721.738,586.842,1.0,725.29,575.496,1.0,713.037,566.549,1.0,708.994,559.269,1.0,700.897,551.432,1.0,957.836,354.049,1.0,951.356,360.052,1.0,944.79,361.786,1.0,935.325,365.958,1.0,926.399,371.902,1.0,646.088,526.778,1.0,641.186,534.806,1.0,646.587,542.051,1.0,643.496,549.401,1.0,653.316,562.418,1.0,536.09,604.455,1.0,534.996,591.607,1.0,528.581,583.936,1.0,527.02,575.923,1.0,526.737,565.087,1.0,284.098,367.745,1.0,290.301,363.542,1.0,296.335,365.928,1.0,304.551,373.393,1.0,315.023,374.835,1.0
252,721.738,586.842,1.0,725.29,575.496,1.0,713.361,566.804,1.0,709.71,559.559,1.0,701.463,551.6,1.0,966.866,347.94,1.0,959.569,351.826,1.0,946.75,359.564,1.0,940.412,363.715,1.0,932.058,369.692,1.0,648.12,526.246,1.0,641.186,532.476,1.0,644.967,542.051,1.0,647.401,549.401,1.0,651.742,554.396,1.0,537.479,606.408,1.0,535.609,594.74,1.0,531.737,583.97,1.0,527.562,579.935,1.0,527.092,568.484,1.0,281.843,367.613,1.0,287.376,362.745,1.0,294.849,369.813,1.0,303.766,373.117,1.0,308.86,374.766,1.0
253,721.821,586.842,1.0,725.29,575.496,1.0,713.502,567.017,1.0,710.088,559.559,1.0,701.588,552.888,1.0,969.418,347.581,1.0,960.357,349.018,1.0,948.042,358.377,1.0,944.711,357.989,1.0,935.876,369.051,1.0,649.888,518.46,1.0,642.572,523.76,1.0,642.393,537.02,1.0,647.401,545.767,1.0,650.714,554.107,1.0,539.065,606.585,1.0,536.077,597.859,1.0,533.736,587.411,1.0,529.947,582.876,1.0,527.321,570.787,1.0,279.797,356.751,1.0,285.306,361.33,1.0,292.545,369.813,1.0,296.112,369.325,1.0,303.22,372.224,1.0
254,721.871,582.774,1.0,721.861,574.403,1.0,713.502,567.017,1.0,710.189,559.269,1.0,702.552,552.888,1.0,969.663,346.436,1.0,961.107,348.556,1.0,951.976,355.304,1.0,946.265,357.989,1.0,936.505,368.824,1.0,650.062,518.37,1.0,642.783,523.447,1.0,642.182,536.849,1.0,647.401,545.162,1.0,650.162,554.107,1.0,539.065,606.585,1.0,536.191,597.946,1.0,533.796,587.733,1.0,530.258,583.217,1.0,527.321,571.082,1.0,279.11,356.319,1.0,285.043,361.081,1.0,292.108,369.813,1.0,296.112,369.051,1.0,303.22,372.167,1.0
255,726.313,575.985,1.0,721.861,571.482,1.0,713.502,567.088,1.0,710.189,559.096,1.0,702.848,552.888,1.0,969.692,344.938,1.0,961.483,345.334,1.0,951.976,353.642,1.0,947.574,357.989,1.0,937.42,367.048,1.0,650.399,518.366,1.0,642.866,522.871,1.0,642.182,536.047,1.0,646.805,544.223,1.0,649.967,553.31,1.0,539.065,606.408,1.0,536.191,598.036,1.0,533.796,587.884,1.0,531.419,583.406,1.0,527.092,571.408,1.0,277.746,355.626,1.0,284.773,359.969,1.0,291.36,369.168,1.0,295.634,368.568,1.0,302.994,372.025,1.0
256,728.651,575.326,1.0,721.861,570.337,1.0,713.502,567.017,1.0,710.189,558.799,1.0,702.848,552.777,1.0,971.433,338.553,1.0,967.462,342.665,1.0,951.976,353.53,1.0,949.691,358.415,1.0,943.701,366.274,1.0,650.399,517.243,1.0,643.198,522.413,1.0,642.393,533.795,1.0,646.399,540.978,1.0,649.527,553.31,1.0,539.643,606.408,1.0,536.2,598.76,1.0,534.478,589.592,1.0,531.502,584.275,1.0,527.28,572.292,1.0,274.757,353.761,1.0,280.629,359.736,1.0,287.556,364.67,1.0,293.835,367.599,1.0,302.063,371.222,1.0
257,728.989,567.223,1.0,725.607,568.804,1.0,714.863,566.338,1.0,709.258,557.697,1.0,702.552,552.777,1.0,974.157,337.856,1.0,968.756,342.665,1.0,958.199,351.922,1.0,950.133,358.415,1.0,944.291,359.411,1.0,650.399,512.482,1.0,643.198,521.692,1.0,643.675,533.454,1.0,646.234,539.969,1.0,645.51,551.608,1.0,539.743,607.374,1.0,536.212,599.118,1.0,534.663,590.953,1.0,531.696,586.983,1.0,527.28,573.66,1.0,269.128,351.834,1.0,273.823,359.374,1.0,283.145,361.864,1.0,290.138,367.453,1.0,299.625,370.069,1.0
258,731.853,564.17,1.0,727.41,566.39,1.0,714.912,566.338,1.0,709.258,556.98,1.0,699.159,552.777,1.0,974.457,337.598,1.0,969.061,340.849,1.0,958.355,351.309,1.0,950.717,358.415,1.0,945.881,359.211,1.0,648.584,512.482,1.0,643.198,521.019,1.0,643.675,528.799,1.0,646.083,538.485,1.0,641.888,547.546,1.0,541.73,611.65,1.0,538.193,605.071,1.0,534.972,597.692,1.0,532.28,588.953,1.0,527.28,583.731,1.0,269.013,351.441,1.0,273.613,358.899,1.0,282.625,360.998,1.0,289.293,366.952,1.0,299.323,369.957,1.0
259,732.028,564.17,1.0,728.101,566.354,1.0,716.326,567.069,1.0,709.258,556.98,1.0,699.159,552.835,1.0,975.318,337.32,1.0,969.448,340.524,1.0,961.782,348.445,1.0,952.419,357.125,1.0,946.509,358.95,1.0,647.712,512.151,1.0,642.84,520.285,1.0,643.675,528.306,1.0,646.018,538.243,1.0,641.352,547.474,1.0,541.73,611.897,1.0,539.068,605.433,1.0,534.972,598.2,1.0,532.786,589.012,1.0,527.28,583.742,1.0,267.538,351.441,1.0,272.543,358.899,1.0,282.291,360.254,1.0,288.623,366.676,1.0,298.543,368.841,1.0
260,734.83,564.17,1.0,728.101,565.645,1.0,716.326,567.006,1.0,709.634,556.98,1.0,699.159,552.835,1.0,981.949,333.539,1.0,975.651,340.353,1.0,964.743,345.195,1.0,957.383,350.292,1.0,951.593,358.359,1.0,647.653,512.151,1.0,642.527,520.285,1.0,643.635,527.592,1.0,646.018,537.785,1.0,641.352,546.791,1.0,541.786,612.283,1.0,539.184,607.35,1.0,535.18,598.279,1.0,533.437,589.132,1.0,527.368,583.91,1.0,263.806,351.834,1.0,271.979,356.495,1.0,281.001,360.254,1.0,285.838,358.313,1.0,294.892,366.841,1.0
261,735.558,564.795,1.0,729.52,565.645,1.0,716.407,567.069,1.0,709.634,557.506,1.0,699.509,553.298,1.0,982.786,332.777,1.0,975.651,340.353,1.0,964.743,344.496,1.0,957.572,349.496,1.0,951.84,357.156,1.0,647.648,512.151,1.0,642.527,520.285,1.0,643.549,526.969,1.0,645.88,537.542,1.0,641.352,546.23,1.0,541.73,612.283,1.0,540.285,608.545,1.0,535.804,598.397,1.0,534.44,589.817,1.0,527.433,583.91,1.0,262.016,356.0,1.0,271.405,352.712,1.0,278.386,360.076,1.0,282.075,355.368,1.0,288.816,365.51,1.0
262,740.287,564.795,1.0,729.598,564.57,1.0,721.019,567.566,1.0,709.804,565.461,1.0,705.094,554.738,1.0,982.789,332.569,1.0,976.763,339.34,1.0,965.129,343.079,1.0,958.175,349.149,1.0,953.04,355.098,1.0,645.969,508.052,1.0,642.527,517.67,1.0,641.134,525.993,1.0,642.038,536.758,1.0,641.365,542.67,1.0,541.73,618.251,1.0,542.529,612.732,1.0,538.329,604.255,1.0,537.112,595.031,1.0,527.761,583.91,1.0,261.389,356.0,1.0,270.402,351.916,1.0,277.947,359.67,1.0,281.265,355.368,1.0,288.069,365.51,1.0
263,740.341,564.894,1.0,729.598,564.426,1.0,721.147,567.566,1.0,715.5,565.781,1.0,705.513,555.219,1.0,983.654,327.648,1.0,976.91,334.392,1.0,966.136,341.253,1.0,962.491,344.577,1.0,957.497,354.948,1.0,643.783,503.264,1.0,642.997,514.439,1.0,641.094,524.5,1.0,641.654,532.457,1.0,641.365,539.725,1.0,541.792,622.537,1.0,542.602,616.406,1.0,539.275,604.765,1.0,537.865,596.611,1.0,530.826,583.6,1.0,261.062,356.0,1.0,270.402,351.793,1.0,277.711,359.378,1.0,281.122,355.368,1.0,287.764,365.51,1.0
264,740.344,564.855,1.0,729.598,564.248,1.0,721.147,567.006,1.0,715.5,567.225,1.0,705.513,555.522,1.0,987.71,326.255,1.0,981.839,328.511,1.0,966.839,337.8,1.0,965.403,344.391,1.0,957.497,354.008,1.0,643.783,503.264,1.0,642.997,514.274,1.0,640.732,523.981,1.0,641.654,531.609,1.0,641.365,539.649,1.0,541.792,622.765,1.0,542.602,616.427,1.0,539.581,604.798,1.0,538.203,596.611,1.0,531.01,583.358,1.0,260.634,355.572,1.0,267.863,351.594,1.0,275.611,359.019,1.0,280.975,355.489,1.0,287.366,364.88,1.0
265,741.234,564.795,1.0,730.429,564.248,1.0,721.345,567.002,1.0,707.888,567.567,1.0,705.513,555.522,1.0,987.716,326.079,1.0,982.355,328.511,1.0,967.252,337.654,1.0,965.712,344.164,1.0,960.331,353.228,1.0,643.783,503.211,1.0,643.147,513.926,1.0,640.732,523.758,1.0,642.038,531.539,1.0,641.365,539.259,1.0,541.792,622.765,1.0,542.72,616.427,1.0,539.581,604.798,1.0,538.203,596.611,1.0,531.01,583.314,1.0,255.243,352.867,1.0,262.311,349.21,1.0,267.222,352.165,1.0,276.229,359.724,1.0,285.904,361.676,1.0
266,742.072,564.697,1.0,731.308,562.809,1.0,721.345,567.002,1.0,708.639,567.797,1.0,705.513,555.522,1.0,988.285,325.676,1.0,983.453,328.496,1.0,968.035,337.014,1.0,966.328,343.376,1.0,960.476,352.113,1.0,645.394,503.211,1.0,643.147,513.926,1.0,640.732,522.442,1.0,642.401,530.275,1.0,641.365,539.259,1.0,541.862,622.765,1.0,542.72,616.427,1.0,539.581,604.798,1.0,538.323,596.611,1.0,531.01,583.314,1.0,253.915,352.057,1.0,259.093,347.542,1.0,263.828,351.082,1.0,272.71,359.724,1.0,283.963,361.045,1.0
267,744.344,564.855,1.0,734.377,561.521,1.0,722.063,567.002,1.0,708.639,569.199,1.0,706.368,555.832,1.0,989.252,318.156,1.0,985.075,328.255,1.0,977.705,333.505,1.0,970.57,342.024,1.0,962.459,345.836,1.0,652.463,502.736,1.0,647.477,506.503,1.0,640.92,520.186,1.0,643.256,524.464,1.0,641.41,538.542,1.0,545.6,620.139,1.0,542.72,613.913,1.0,538.357,604.798,1.0,538.323,596.611,1.0,531.071,583.358,1.0,253.428,350.84,1.0,258.94,347.454,1.0,263.337,351.082,1.0,272.006,359.724,1.0,283.633,361.045,1.0
268,746.162,564.855,1.0,736.809,561.521,1.0,724.656,567.135,1.0,708.639,571.522,1.0,707.932,555.832,1.0,991.468,317.053,1.0,986.525,327.969,1.0,978.281,332.244,1.0,971.896,340.656,1.0,963.389,345.499,1.0,653.563,501.483,1.0,647.719,505.138,1.0,641.641,518.869,1.0,643.423,524.321,1.0,641.831,538.382,1.0,549.011,609.594,1.0,541.885,611.536,1.0,538.357,604.298,1.0,537.615,597.738,1.0,531.223,584.495,1.0,253.231,350.338,1.0,257.925,346.739,1.0,263.016,351.082,1.0,271.487,359.162,1.0,282.927,360.896,1.0
269,746.837,564.893,1.0,741.665,561.521,1.0,727.102,571.424,1.0,713.153,571.522,1.0,711.311,559.472,1.0,991.803,316.74,1.0,987.032,327.684,1.0,978.439,332.22,1.0,972.167,339.98,1.0,963.563,345.17,1.0,655.15,499.347,1.0,649.414,502.419,1.0,643.001,515.096,1.0,644.384,523.878,1.0,641.831,538.076,1.0,550.143,609.128,1.0,543.576,611.379,1.0,538.357,604.298,1.0,537.336,598.318,1.0,532.25,584.553,1.0,248.393,341.834,1.0,256.464,346.433,1.0,262.231,353.63,1.0,269.398,358.574,1.0,277.246,360.555,1.0
270,747.073,565.497,1.0,742.163,561.558,1.0,727.684,571.424,1.0,713.926,571.798,1.0,711.408,560.853,1.0,994.257,316.119,1.0,988.298,325.447,1.0,979.256,331.145,1.0,972.335,339.118,1.0,967.378,342.675,1.0,655.15,499.347,1.0,649.414,502.007,1.0,643.936,514.807,1.0,644.384,523.746,1.0,641.41,537.264,1.0,551.73,607.298,1.0,543.576,610.683,1.0,538.752,604.893,1.0,537.336,598.763,1.0,532.731,584.625,1.0,248.324,341.712,1.0,255.32,345.394,1.0,260.39,353.767,1.0,265.144,357.593,1.0,272.477,359.389,1.0
271,747.525,565.507,1.0,742.19,561.558,1.0,727.767,571.424,1.0,715.174,571.798,1.0,711.895,561.66,1.0,997.391,315.58,1.0,991.605,320.334,1.0,980.317,327.883,1.0,977.222,331.273,1.0,972.088,341.27,1.0,655.612,499.076,1.0,649.414,502.007,1.0,643.958,514.807,1.0,644.405,523.746,1.0,641.253,537.036,1.0,554.084,607.126,1.0,543.576,610.455,1.0,538.752,604.893,1.0,537.336,598.763,1.0,532.889,585.101,1.0,247.083,341.294,1.0,254.97,345.282,1.0,260.138,353.767,1.0,264.789,357.2,1.0,271.959,359.04,1.0
272,747.833,565.68,1.0,742.931,561.558,1.0,728.512,571.285,1.0,716.237,564.764,1.0,712.295,562.264,1.0,997.692,315.268,1.0,991.723,319.522,1.0,980.986,326.754,1.0,978.623,329.124,1.0,972.711,340.293,1.0,655.556,497.391,1.0,649.388,502.419,1.0,643.974,514.807,1.0,644.384,522.944,1.0,640.756,535.077,1.0,554.954,606.386,1.0,544.001,608.541,1.0,538.752,604.987,1.0,537.336,598.839,1.0,533.249,585.146,1.0,245.892,340.86,1.0,254.322,344.995,1.0,259.211,353.63,1.0,262.936,355.944,1.0,270.121,358.777,1.0
273,748.279,565.703,1.0,744.873,561.086,1.0,731.617,570.126,1.0,722.094,564.764,1.0,713.242,566.039,1.0,998.766,314.718,1.0,991.768,318.315,1.0,981.693,325.063,1.0,980.287,327.146,1.0,973.338,340.215,1.0,655.15,493.844,1.0,648.955,502.821,1.0,645.536,513.696,1.0,644.253,522.036,1.0,639.398,531.982,1.0,555.116,606.386,1.0,544.449,608.205,1.0,538.728,604.987,1.0,537.336,598.893,1.0,533.338,585.146,1.0,242.651,339.762,1.0,250.384,344.593,1.0,255.984,350.096,1.0,262.102,353.873,1.0,267.807,357.748,1.0
274,755.212,571.012,1.0,747.934,561.086,1.0,735.491,566.468,1.0,728.299,565.656,1.0,714.322,568.668,1.0,999.993,310.966,1.0,991.768,312.94,1.0,983.454,323.805,1.0,980.287,327.146,1.0,974.904,338.903,1.0,655.271,493.407,1.0,648.072,502.821,1.0,645.536,513.482,1.0,642.016,521.775,1.0,639.242,529.865,1.0,555.116,606.386,1.0,544.709,607.158,1.0,538.728,604.987,1.0,537.36,598.944,1.0,533.381,585.193,1.0,238.575,338.393,1.0,244.745,343.04,1.0,252.262,347.149,1.0,261.687,353.29,1.0,267.807,356.157,1.0
275,756.221,571.657,1.0,748.443,560.825,1.0,736.094,565.785,1.0,729.348,565.656,1.0,715.017,570.741,1.0,1000.971,307.719,1.0,996.016,311.079,1.0,984.958,322.029,1.0,981.38,324.468,1.0,975.059,335.993,1.0,655.271,493.323,1.0,648.072,502.821,1.0,645.773,513.409,1.0,642.016,521.637,1.0,639.242,529.053,1.0,555.227,606.386,1.0,544.726,605.936,1.0,538.728,604.705,1.0,536.959,599.041,1.0,533.401,585.4,1.0,238.4,338.345,1.0,244.145,343.04,1.0,251.776,346.861,1.0,260.956,353.219,1.0,267.793,356.021,1.0
276,756.556,571.785,1.0,748.928,560.747,1.0,736.183,565.725,1.0,729.548,565.892,1.0,715.035,570.741,1.0,1001.514,307.226,1.0,996.665,310.788,1.0,986.828,321.6,1.0,981.64,324.468,1.0,975.174,335.069,1.0,655.192,493.222,1.0,648.711,502.03,1.0,645.773,511.89,1.0,642.016,520.5,1.0,639.398,528.291,1.0,557.523,606.633,1.0,547.499,604.199,1.0,539.33,604.515,1.0,536.959,598.944,1.0,533.401,586.376,1.0,237.754,337.925,1.0,244.145,342.01,1.0,251.319,346.473,1.0,260.956,353.219,1.0,267.793,355.679,1.0
277,756.729,571.785,1.0,749.305,560.86,1.0,736.676,565.691,1.0,729.548,565.936,1.0,715.035,570.741,1.0,1001.953,306.858,1.0,997.305,310.788,1.0,987.076,320.862,1.0,981.64,328.221,1.0,975.963,334.632,1.0,655.1,491.968,1.0,648.711,501.0,1.0,645.773,511.256,1.0,642.902,517.757,1.0,640.639,524.941,1.0,561.785,608.128,1.0,549.804,603.413,1.0,540.617,604.183,1.0,537.884,599.24,1.0,533.401,586.767,1.0,233.695,337.906,1.0,244.31,341.615,1.0,248.721,345.557,1.0,254.641,345.44,1.0,262.221,352.412,1.0
278,756.777,571.785,1.0,749.317,560.86,1.0,736.735,565.725,1.0,729.548,565.943,1.0,715.487,570.641,1.0,1002.179,305.303,1.0,997.369,310.28,1.0,987.824,320.841,1.0,981.64,328.221,1.0,977.651,332.45,1.0,653.875,489.329,1.0,652.242,492.378,1.0,646.23,505.287,1.0,644.78,511.317,1.0,641.447,523.053,1.0,561.793,608.238,1.0,549.811,603.271,1.0,541.081,603.19,1.0,537.884,599.477,1.0,532.525,586.864,1.0,233.438,337.685,1.0,244.101,340.654,1.0,247.493,343.74,1.0,249.875,343.088,1.0,257.778,352.128,1.0
279,756.852,571.657,1.0,749.35,560.86,1.0,739.791,565.725,1.0,730.458,566.411,1.0,720.213,567.499,1.0,1001.953,304.371,1.0,999.904,310.339,1.0,990.652,317.068,1.0,984.032,327.215,1.0,979.163,332.435,1.0,653.573,488.951,1.0,652.51,491.972,1.0,646.23,504.215,1.0,645.178,509.745,1.0,641.511,522.375,1.0,561.964,608.327,1.0,550.254,602.909,1.0,541.154,602.588,1.0,537.972,599.661,1.0,532.525,587.096,1.0,232.317,337.685,1.0,244.31,340.539,1.0,247.376,343.74,1.0,249.556,342.734,1.0,257.156,352.01,1.0
280,765.608,571.443,1.0,757.146,561.776,1.0,744.038,567.428,1.0,732.092,566.472,1.0,723.55,567.499,1.0,1002.179,302.638,1.0,999.904,310.311,1.0,990.652,315.414,1.0,986.778,327.404,1.0,980.693,332.32,1.0,653.573,484.713,1.0,652.51,491.532,1.0,646.23,503.152,1.0,645.308,508.696,1.0,641.61,522.375,1.0,561.964,608.327,1.0,550.254,602.909,1.0,541.301,602.588,1.0,537.972,599.661,1.0,532.525,587.096,1.0,231.953,337.685,1.0,244.31,340.539,1.0,247.069,343.74,1.0,249.556,342.301,1.0,256.603,352.01,1.0
281,767.799,570.468,1.0,759.51,562.258,1.0,745.28,568.602,1.0,733.128,566.473,1.0,725.042,567.499,1.0,1002.179,302.398,1.0,999.904,310.339,1.0,990.652,315.351,1.0,986.778,327.26,1.0,980.72,332.32,1.0,653.875,484.713,1.0,652.51,491.532,1.0,646.23,503.152,1.0,645.613,508.696,1.0,641.511,522.369,1.0,562.129,608.128,1.0,550.971,602.909,1.0,541.831,602.588,1.0,537.726,599.961,1.0,532.537,587.404,1.0,231.953,338.176,1.0,244.039,340.539,1.0,245.96,345.889,1.0,249.556,340.712,1.0,256.536,351.849,1.0
282,767.938,569.949,1.0,759.812,562.258,1.0,745.708,568.63,1.0,733.34,569.958,1.0,725.042,569.862,1.0,1001.918,302.343,1.0,999.904,310.339,1.0,990.612,315.351,1.0,986.888,327.26,1.0,980.812,332.345,1.0,655.468,484.713,1.0,652.744,491.532,1.0,646.23,502.978,1.0,645.613,508.485,1.0,641.511,522.231,1.0,563.677,604.766,1.0,553.7,603.02,1.0,544.114,604.284,1.0,533.539,601.85,1.0,533.857,587.663,1.0,231.953,339.999,1.0,243.42,340.936,1.0,245.956,345.889,1.0,250.016,340.712,1.0,255.863,351.721,1.0
283,767.938,569.949,1.0,759.812,562.855,1.0,746.518,568.63,1.0,734.098,570.099,1.0,727.059,569.862,1.0,1001.918,302.343,1.0,999.967,310.387,1.0,990.612,315.373,1.0,986.888,327.26,1.0,980.72,332.32,1.0,660.066,486.945,1.0,652.744,492.26,1.0,645.828,503.152,1.0,645.613,508.485,1.0,641.494,522.369,1.0,566.966,604.766,1.0,555.351,603.723,1.0,545.718,604.527,1.0,533.539,601.919,1.0,533.857,587.893,1.0,231.519,342.18,1.0,242.993,341.521,1.0,245.956,345.889,1.0,250.016,340.712,1.0,255.67,351.519,1.0
284,767.938,570.468,1.0,759.924,562.855,1.0,748.999,568.602,1.0,738.853,572.226,1.0,728.09,569.862,1.0,1002.299,302.398,1.0,999.845,310.387,1.0,990.576,315.378,1.0,986.732,327.263,1.0,980.693,332.301,1.0,661.452,491.749,1.0,654.52,493.881,1.0,647.714,504.19,1.0,645.613,508.956,1.0,641.413,522.441,1.0,567.898,604.766,1.0,556.01,604.014,1.0,547.051,604.527,1.0,533.539,601.919,1.0,533.857,588.139,1.0,229.989,350.35,1.0,242.59,341.672,1.0,245.949,345.885,1.0,250.016,341.37,1.0,255.375,351.354,1.0
285,768.167,570.699,1.0,761.278,563.096,1.0,751.96,566.023,1.0,741.341,572.226,1.0,732.832,569.858,1.0,1002.299,303.88,1.0,999.967,310.387,1.0,990.23,315.373,1.0,985.123,327.26,1.0,980.341,331.612,1.0,661.452,492.368,1.0,654.52,494.181,1.0,648.009,504.19,1.0,645.259,509.616,1.0,641.413,522.366,1.0,567.898,604.766,1.0,556.01,604.014,1.0,547.051,604.527,1.0,534.048,602.061,1.0,533.553,588.235,1.0,229.989,352.801,1.0,242.539,343.158,1.0,245.949,345.885,1.0,249.877,341.75,1.0,255.32,350.672,1.0
286,771.852,576.761,1.0,766.08,563.096,1.0,755.384,566.023,1.0,741.452,572.226,1.0,732.832,569.765,1.0,1002.475,307.971,1.0,1000.205,308.968,1.0,990.612,315.373,1.0,984.654,326.745,1.0,979.516,331.213,1.0,661.452,492.677,1.0,654.52,494.415,1.0,647.714,504.19,1.0,644.859,509.616,1.0,641.413,522.366,1.0,568.444,604.787,1.0,556.363,604.014,1.0,547.221,604.231,1.0,534.048,602.061,1.0,533.393,588.891,1.0,229.989,352.801,1.0,242.539,343.158,1.0,245.949,345.563,1.0,249.835,341.75,1.0,255.32,350.672,1.0
287,771.971,576.762,1.0,766.311,563.593,1.0,756.501,565.741,1.0,742.273,571.991,1.0,733.014,569.337,1.0,1006.807,315.004,1.0,999.967,308.968,1.0,990.613,313.73,1.0,984.654,324.685,1.0,979.407,330.655,1.0,661.448,492.677,1.0,654.124,494.631,1.0,647.131,504.936,1.0,644.571,510.352,1.0,641.413,522.718,1.0,568.581,604.851,1.0,556.363,604.014,1.0,547.283,604.231,1.0,534.11,602.061,1.0,533.393,588.914,1.0,230.12,352.801,1.0,242.266,343.544,1.0,246.003,345.614,1.0,249.729,342.288,1.0,255.375,350.672,1.0
288,772.609,576.762,1.0,767.043,564.066,1.0,756.706,565.741,1.0,742.273,571.334,1.0,734.221,569.337,1.0,1007.012,318.134,1.0,1000.349,308.968,1.0,990.613,313.73,1.0,984.943,323.219,1.0,979.407,330.655,1.0,659.236,492.677,1.0,651.867,496.902,1.0,647.714,507.788,1.0,644.395,512.27,1.0,641.187,522.718,1.0,568.659,604.851,1.0,556.736,604.014,1.0,547.748,604.231,1.0,534.11,602.061,1.0,533.393,588.931,1.0,232.357,342.318,1.0,241.865,343.544,1.0,246.003,345.563,1.0,249.54,342.607,1.0,255.438,351.772,1.0
289,772.609,576.761,1.0,767.043,564.269,1.0,758.295,568.182,1.0,742.928,571.245,1.0,734.511,569.765,1.0,1007.152,319.704,1.0,1000.455,309.388,1.0,990.739,313.73,1.0,984.943,322.953,1.0,979.407,330.655,1.0,651.585,493.005,1.0,648.918,498.338,1.0,647.131,510.936,1.0,642.318,519.663,1.0,641.238,524.005,1.0,569.611,604.983,1.0,558.546,606.392,1.0,548.889,604.555,1.0,535.173,602.061,1.0,535.399,589.115,1.0,235.305,338.214,1.0,236.802,343.044,1.0,246.003,344.213,1.0,248.818,343.288,1.0,257.671,353.014,1.0
290,778.133,574.47,1.0,768.933,566.44,1.0,759.292,569.47,1.0,747.544,565.53,1.0,738.773,569.337,1.0,1009.012,319.713,1.0,1001.555,310.289,1.0,991.183,314.041,1.0,985.07,322.293,1.0,979.409,330.846,1.0,645.169,496.801,1.0,646.409,499.354,1.0,647.131,510.936,1.0,640.236,519.894,1.0,641.006,524.005,1.0,570.181,608.748,1.0,558.84,608.454,1.0,549.811,606.221,1.0,540.129,598.942,1.0,535.788,591.651,1.0,242.083,337.754,1.0,236.802,341.654,1.0,246.003,344.213,1.0,248.193,343.288,1.0,257.671,353.026,1.0
291,780.097,574.47,1.0,774.839,566.47,1.0,764.385,570.933,1.0,755.129,564.5,1.0,742.114,569.337,1.0,1009.045,320.405,1.0,1002.081,310.456,1.0,991.315,314.041,1.0,985.07,322.246,1.0,979.753,331.233,1.0,635.937,496.81,1.0,643.926,502.74,1.0,646.693,510.936,1.0,640.236,519.894,1.0,641.006,524.005,1.0,570.223,608.957,1.0,559.352,609.495,1.0,550.644,609.249,1.0,540.129,598.942,1.0,535.788,594.599,1.0,242.303,335.878,1.0,236.802,339.224,1.0,245.967,345.614,1.0,248.155,343.288,1.0,257.671,353.627,1.0
292,780.097,574.209,1.0,774.887,566.47,1.0,764.466,570.933,1.0,755.194,563.928,1.0,743.378,570.606,1.0,1009.387,320.405,1.0,1002.081,310.59,1.0,991.316,314.041,1.0,985.173,322.201,1.0,979.8,331.233,1.0,634.825,496.81,1.0,643.556,502.74,1.0,646.693,510.152,1.0,640.236,519.894,1.0,640.471,523.693,1.0,570.786,610.159,1.0,559.352,610.73,1.0,550.644,609.444,1.0,540.129,598.942,1.0,536.13,595.946,1.0,243.577,332.944,1.0,237.016,337.36,1.0,245.532,346.598,1.0,247.508,342.301,1.0,255.287,353.818,1.0
293,780.931,574.209,1.0,774.964,566.659,1.0,765.32,570.933,1.0,755.677,563.928,1.0,744.785,570.606,1.0,1009.487,319.713,1.0,1001.885,311.364,1.0,991.494,313.825,1.0,985.296,322.201,1.0,979.8,331.285,1.0,634.494,496.81,1.0,642.372,502.74,1.0,645.941,510.085,1.0,641.136,518.789,1.0,640.471,523.014,1.0,570.813,610.159,1.0,559.464,611.156,1.0,550.644,609.444,1.0,540.129,599.311,1.0,536.13,596.791,1.0,245.325,330.221,1.0,239.671,335.258,1.0,244.886,346.598,1.0,247.508,342.301,1.0,255.287,353.818,1.0
294,780.931,574.47,1.0,775.714,566.659,1.0,765.85,570.712,1.0,756.617,564.5,1.0,745.06,569.312,1.0,1010.23,318.472,1.0,1002.081,311.625,1.0,991.961,313.759,1.0,986.084,322.088,1.0,979.8,331.315,1.0,632.676,495.611,1.0,640.965,502.74,1.0,644.306,509.456,1.0,642.956,517.15,1.0,640.0,522.747,1.0,570.985,610.243,1.0,560.168,611.177,1.0,551.114,609.304,1.0,540.152,599.612,1.0,536.13,596.846,1.0,247.849,323.286,1.0,242.264,333.448,1.0,243.556,346.598,1.0,247.508,342.301,1.0,255.287,353.876,1.0
295,780.931,574.946,1.0,777.494,568.234,1.0,768.689,570.712,1.0,760.739,565.917,1.0,750.175,569.249,1.0,1010.23,317.53,1.0,1001.885,311.717,1.0,991.961,313.759,1.0,986.084,322.246,1.0,979.8,331.385,1.0,630.762,491.751,1.0,640.063,501.344,1.0,642.356,507.935,1.0,643.383,513.604,1.0,639.556,522.285,1.0,571.056,610.273,1.0,560.592,611.761,1.0,552.092,609.304,1.0,543.578,599.753,1.0,536.712,597.067,1.0,247.849,320.558,1.0,242.264,330.286,1.0,243.261,344.147,1.0,247.262,343.143,1.0,255.446,353.906,1.0
296,789.702,575.011,1.0,783.443,575.556,1.0,772.56,570.712,1.0,761.363,568.018,1.0,750.807,568.603,1.0,1010.23,317.53,1.0,1001.885,311.717,1.0,991.961,313.759,1.0,986.084,322.437,1.0,979.702,331.385,1.0,630.274,491.751,1.0,640.063,501.344,1.0,642.337,507.612,1.0,644.804,513.217,1.0,637.863,521.023,1.0,571.333,610.281,1.0,563.015,612.349,1.0,553.935,608.927,1.0,545.993,599.98,1.0,537.133,597.718,1.0,248.233,319.457,1.0,242.423,330.15,1.0,243.105,342.659,1.0,248.123,343.143,1.0,255.446,353.876,1.0
297,792.067,575.544,1.0,784.618,575.631,1.0,774.023,571.881,1.0,762.597,569.006,1.0,753.202,568.6,1.0,1008.391,316.061,1.0,1001.691,311.625,1.0,991.961,314.186,1.0,985.676,322.91,1.0,979.462,331.385,1.0,630.023,491.751,1.0,638.789,501.241,1.0,642.047,507.588,1.0,645.557,513.104,1.0,637.863,521.023,1.0,572.911,617.858,1.0,568.177,612.349,1.0,561.284,606.919,1.0,550.397,604.203,1.0,540.28,598.836,1.0,248.233,317.741,1.0,243.129,328.822,1.0,243.084,341.534,1.0,248.123,343.143,1.0,255.446,348.382,1.0
298,792.067,576.866,1.0,784.618,575.693,1.0,774.585,572.096,1.0,763.041,569.131,1.0,753.596,568.6,1.0,1008.198,316.061,1.0,1000.968,310.256,1.0,992.177,314.199,1.0,984.761,323.745,1.0,979.325,331.019,1.0,629.373,491.542,1.0,638.046,500.796,1.0,640.957,506.945,1.0,645.557,511.222,1.0,637.863,520.62,1.0,573.479,617.894,1.0,568.382,612.398,1.0,561.502,606.919,1.0,551.603,604.515,1.0,541.594,598.836,1.0,247.769,317.431,1.0,243.727,325.738,1.0,243.084,334.645,1.0,247.262,343.014,1.0,253.065,348.382,1.0
299,794.232,576.873,1.0,785.594,576.614,1.0,774.833,572.661,1.0,763.645,569.58,1.0,754.324,568.6,1.0,1006.781,315.299,1.0,1000.59,310.105,1.0,991.701,315.905,1.0,984.738,324.839,1.0,979.023,331.019,1.0,628.128,491.342,1.0,632.645,499.673,1.0,639.427,502.956,1.0,645.683,508.634,1.0,637.99,520.178,1.0,575.471,618.149,1.0,568.431,612.492,1.0,561.502,606.751,1.0,551.659,604.515,1.0,541.686,598.836,1.0,247.582,315.299,1.0,243.762,323.532,1.0,242.299,333.261,1.0,246.914,341.793,1.0,252.019,345.695,1.0
300,795.145,576.902,1.0,786.458,579.749,1.0,775.377,573.59,1.0,764.144,570.23,1.0,757.009,569.34,1.0,1003.877,307.564,1.0,999.492,309.565,1.0,991.29,317.595,1.0,984.005,326.37,1.0,979.023,331.019,1.0,622.716,491.288,1.0,627.492,494.649,1.0,636.685,500.957,1.0,645.683,506.134,1.0,640.171,517.457,1.0,576.012,618.29,1.0,569.428,612.492,1.0,561.713,606.919,1.0,551.745,604.796,1.0,541.711,598.836,1.0,247.769,314.704,1.0,244.56,323.063,1.0,240.386,330.804,1.0,243.701,338.265,1.0,246.716,345.047,1.0
301,798.504,581.927,1.0,792.071,579.749,1.0,783.606,575.649,1.0,775.279,571.806,1.0,762.503,571.352,1.0,1002.585,307.116,1.0,998.886,309.565,1.0,991.809,317.595,1.0,984.005,326.37,1.0,979.023,330.867,1.0,622.486,491.288,1.0,627.492,494.649,1.0,636.613,500.084,1.0,645.683,505.004,1.0,640.664,516.345,1.0,576.419,618.338,1.0,569.944,612.783,1.0,561.804,607.479,1.0,552.012,604.949,1.0,542.763,599.486,1.0,247.769,314.105,1.0,244.73,323.04,1.0,240.386,328.59,1.0,243.701,335.981,1.0,246.495,344.933,1.0
302,800.136,582.541,1.0,793.049,579.749,1.0,783.606,575.649,1.0,776.487,571.852,1.0,762.849,571.352,1.0,1002.146,303.296,1.0,998.681,309.565,1.0,991.63,315.905,1.0,984.738,326.37,1.0,979.751,331.122,1.0,622.301,491.288,1.0,627.479,494.649,1.0,636.289,499.417,1.0,645.007,503.894,1.0,640.664,514.832,1.0,578.813,618.338,1.0,573.048,614.349,1.0,563.573,609.094,1.0,553.631,605.743,1.0,546.893,601.224,1.0,248.141,313.606,0.9959999918937683,245.003,321.098,1.0,240.386,327.78,1.0,243.157,335.565,1.0,244.999,343.619,1.0
303,800.248,582.716,1.0,793.107,579.684,1.0,783.606,575.173,1.0,776.677,572.326,1.0,763.708,571.644,1.0,1000.25,302.394,1.0,998.681,309.565,1.0,991.018,315.637,1.0,984.921,325.456,1.0,980.272,331.387,1.0,622.301,494.565,1.0,627.451,496.896,1.0,636.289,498.958,1.0,645.007,503.66,1.0,640.664,514.385,1.0,586.802,618.338,1.0,573.048,617.93,1.0,564.544,609.121,1.0,554.111,605.745,1.0,548.59,602.03,1.0,249.309,310.196,1.0,245.122,317.558,1.0,241.299,326.711,1.0,243.031,328.856,1.0,244.999,340.987,1.0
304,800.321,582.716,1.0,793.664,579.684,1.0,783.606,575.649,1.0,776.677,572.393,1.0,763.731,571.681,1.0,999.881,302.394,1.0,998.061,310.564,1.0,991.018,315.637,1.0,985.602,325.37,1.0,980.858,331.122,1.0,618.055,496.481,1.0,627.323,496.896,1.0,633.233,498.751,1.0,641.71,502.976,1.0,640.118,514.15,1.0,586.802,619.595,1.0,573.048,619.981,1.0,564.876,609.866,1.0,554.168,606.578,1.0,548.993,602.03,1.0,249.322,309.367,0.996999979019165,245.23,317.558,0.9990000128746033,241.382,326.168,1.0,243.031,327.59,1.0,244.999,340.223,1.0
305,800.321,582.716,1.0,794.249,579.684,1.0,783.606,575.649,1.0,776.786,573.073,1.0,765.654,572.452,1.0,999.377,302.394,1.0,998.061,310.564,1.0,991.63,315.147,1.0,986.627,324.908,1.0,981.387,330.867,1.0,617.871,496.896,1.0,626.486,496.896,1.0,631.647,498.096,1.0,641.652,502.407,1.0,640.046,513.558,1.0,586.802,619.595,1.0,572.633,619.981,1.0,565.023,609.893,1.0,554.235,606.782,1.0,549.218,601.914,1.0,249.481,309.053,0.9990000128746033,245.333,317.388,1.0,241.97,325.656,1.0,243.33,327.59,1.0,245.076,339.754,1.0
306,804.626,582.734,1.0,796.53,582.307,1.0,787.553,575.431,1.0,777.673,573.325,1.0,769.348,572.47,1.0,998.267,301.597,1.0,998.067,308.952,1.0,991.63,314.141,1.0,986.75,323.009,1.0,981.842,331.174,1.0,617.329,496.896,1.0,624.939,496.556,1.0,631.647,497.465,1.0,639.636,502.407,1.0,639.194,511.423,1.0,586.736,619.405,1.0,572.633,619.973,1.0,564.876,609.893,1.0,554.331,606.782,1.0,549.218,601.914,1.0,249.512,308.971,0.9649999737739563,245.333,317.388,0.9919999837875366,241.97,325.626,1.0,243.33,327.319,1.0,245.583,339.343,1.0
307,807.063,582.734,1.0,798.399,585.908,1.0,789.554,575.431,1.0,777.891,574.559,1.0,770.821,572.88,1.0,998.267,300.998,1.0,997.956,307.609,1.0,991.018,313.068,1.0,986.83,322.808,1.0,982.463,330.549,1.0,616.727,496.896,1.0,624.579,496.556,1.0,631.647,497.465,1.0,638.625,502.407,1.0,638.772,510.9,1.0,586.736,619.405,1.0,572.633,619.973,1.0,565.023,610.127,1.0,554.447,606.98,1.0,549.682,602.03,1.0,249.686,307.568,1.0,246.841,314.392,1.0,241.97,323.798,1.0,244.048,327.239,1.0,245.583,338.712,1.0
308,812.761,586.905,1.0,799.031,585.908,1.0,790.417,575.431,1.0,778.15,575.274,1.0,773.035,573.231,1.0,998.267,299.259,1.0,997.355,305.962,1.0,990.904,312.708,1.0,987.663,322.808,1.0,983.728,330.549,1.0,614.989,495.405,1.0,624.579,496.556,1.0,636.369,497.465,1.0,638.385,508.88,1.0,638.772,510.9,1.0,586.736,617.843,1.0,574.673,619.775,1.0,565.31,610.23,1.0,555.413,607.012,1.0,552.137,602.861,1.0,250.046,303.897,1.0,248.46,311.723,1.0,243.027,321.134,1.0,244.202,327.1,1.0,245.076,336.257,1.0
309,812.96,586.905,1.0,799.333,585.908,1.0,790.782,575.431,1.0,778.669,575.811,1.0,774.138,573.231,1.0,998.267,298.795,1.0,997.355,305.153,1.0,991.056,312.708,1.0,987.395,323.009,1.0,983.184,331.035,1.0,614.463,495.405,1.0,624.552,496.849,1.0,636.369,497.64,1.0,637.333,508.88,1.0,638.772,510.735,1.0,592.133,617.843,1.0,585.003,611.376,1.0,571.163,612.736,1.0,564.484,611.865,1.0,554.762,605.686,1.0,252.805,302.988,1.0,248.674,309.876,1.0,244.481,318.687,1.0,244.202,325.834,1.0,243.263,330.722,1.0
310,813.577,587.224,1.0,801.358,585.48,1.0,793.485,575.431,1.0,784.603,576.562,1.0,775.965,573.925,1.0,998.267,298.33,1.0,997.287,304.57,1.0,990.904,312.566,1.0,987.395,323.009,1.0,983.695,331.035,1.0,614.195,495.405,1.0,624.096,498.705,1.0,636.369,498.804,1.0,635.353,508.88,1.0,638.755,509.316,1.0,592.135,617.843,1.0,585.42,610.892,1.0,571.519,612.927,1.0,564.545,612.242,1.0,554.768,605.824,1.0,252.805,302.734,1.0,249.507,308.851,1.0,245.396,318.157,1.0,244.202,325.404,1.0,243.263,330.36,1.0
311,815.772,586.905,1.0,806.444,584.921,1.0,797.887,578.508,1.0,787.63,577.728,1.0,780.092,574.116,1.0,997.059,298.037,1.0,996.117,303.648,1.0,990.904,312.116,1.0,987.663,322.709,1.0,983.728,330.796,1.0,612.686,497.089,1.0,620.363,498.705,1.0,630.581,499.03,1.0,631.855,506.241,1.0,638.577,509.723,1.0,592.135,617.95,1.0,585.42,610.892,1.0,571.654,613.03,1.0,564.745,612.622,1.0,555.113,606.44,1.0,252.805,302.539,1.0,249.693,308.373,1.0,245.617,317.65,1.0,244.202,325.303,1.0,243.263,330.36,1.0
312,822.365,585.859,1.0,812.348,576.968,1.0,801.541,582.351,1.0,787.949,578.122,1.0,781.073,574.957,1.0,995.252,296.272,1.0,996.116,302.274,1.0,991.056,312.103,1.0,987.395,321.204,1.0,983.728,330.796,1.0,611.758,497.089,1.0,619.946,498.705,1.0,629.556,499.03,1.0,631.713,505.66,1.0,638.755,509.723,1.0,592.278,618.154,1.0,585.605,611.376,1.0,571.917,613.537,1.0,565.282,612.784,1.0,555.64,606.487,1.0,252.805,302.304,1.0,250.196,307.906,1.0,245.717,317.596,1.0,244.242,325.161,1.0,243.394,330.36,1.0
313,822.856,585.859,1.0,813.242,576.644,1.0,802.327,582.351,1.0,788.647,578.236,1.0,781.81,575.823,1.0,994.815,292.774,1.0,993.538,302.274,1.0,991.785,311.913,1.0,987.031,321.162,1.0,984.02,327.692,1.0,610.182,498.549,1.0,615.25,498.163,1.0,629.122,499.03,1.0,631.363,505.047,1.0,638.755,509.316,1.0,592.311,622.883,1.0,586.05,611.988,1.0,575.25,616.782,1.0,567.009,613.294,1.0,558.226,606.85,1.0,252.805,299.824,0.9829999804496765,252.651,306.471,0.9959999918937683,246.018,315.601,1.0,245.306,323.474,1.0,243.394,330.205,1.0
314,823.252,586.062,1.0,814.171,576.626,1.0,802.375,582.351,1.0,788.647,578.327,1.0,782.258,575.823,1.0,994.815,292.477,1.0,993.538,301.401,1.0,991.874,310.945,1.0,986.5,315.496,1.0,984.021,326.441,1.0,610.182,498.549,1.0,615.25,497.784,1.0,629.051,498.505,1.0,631.169,505.047,1.0,639.558,508.674,1.0,597.026,625.889,1.0,590.233,612.449,1.0,581.836,616.79,1.0,567.367,613.294,1.0,562.848,606.881,1.0,254.464,299.591,1.0,252.965,304.922,1.0,246.018,311.638,1.0,245.306,316.959,1.0,243.416,329.325,1.0
315,823.252,585.859,1.0,814.171,576.626,1.0,803.269,581.65,1.0,789.428,578.327,1.0,782.482,575.823,1.0,995.195,290.977,1.0,993.538,301.469,1.0,992.172,310.497,1.0,986.343,315.496,1.0,984.266,326.34,1.0,607.614,496.215,1.0,615.095,497.235,1.0,628.6,497.959,1.0,630.88,504.65,1.0,639.558,508.436,1.0,597.828,626.359,1.0,590.927,612.587,1.0,582.024,616.79,1.0,567.64,613.294,1.0,563.028,606.926,1.0,254.895,299.55,1.0,253.189,304.121,1.0,246.018,311.638,1.0,245.306,315.795,1.0,244.163,328.013,1.0
316,823.746,586.062,1.0,815.381,576.626,1.0,804.376,581.227,1.0,789.686,578.531,1.0,783.267,573.876,1.0,995.252,290.977,1.0,993.757,301.636,1.0,992.172,310.497,1.0,986.336,315.177,1.0,984.021,326.3,1.0,607.198,495.826,1.0,613.762,497.031,1.0,627.154,497.532,1.0,629.559,504.534,1.0,639.558,508.189,1.0,597.972,626.359,1.0,591.108,612.618,1.0,582.124,616.79,1.0,567.64,613.465,1.0,563.454,606.996,1.0,255.193,299.55,0.996999979019165,253.189,304.121,0.9990000128746033,248.03,311.011,1.0,246.112,315.795,1.0,243.452,328.013,1.0
317,827.656,586.538,1.0,815.635,576.626,1.0,807.181,581.159,1.0,792.433,578.863,1.0,788.543,573.767,1.0,996.183,291.108,1.0,994.065,301.636,1.0,992.172,310.945,1.0,986.343,315.496,1.0,984.021,326.34,1.0,607.198,495.777,1.0,611.25,495.756,1.0,623.405,496.663,1.0,629.48,503.402,1.0,639.429,508.135,1.0,598.465,626.359,1.0,591.566,612.618,1.0,582.702,616.79,1.0,568.001,613.127,1.0,564.986,607.217,1.0,256.813,299.55,0.9990000128746033,252.965,304.121,1.0,246.952,310.587,1.0,246.263,314.271,1.0,243.874,327.101,1.0
318,830.255,589.444,1.0,823.376,578.881,1.0,807.743,581.012,1.0,801.782,583.563,1.0,791.488,573.408,1.0,996.647,292.477,1.0,994.384,301.636,1.0,992.172,311.093,1.0,986.5,315.57,1.0,984.021,326.441,1.0,602.29,494.485,1.0,609.257,494.439,1.0,618.615,495.881,1.0,629.245,501.102,1.0,634.808,508.108,1.0,603.621,625.024,1.0,597.434,615.247,1.0,586.303,618.063,1.0,578.251,613.127,1.0,566.847,613.428,1.0,257.401,299.72,1.0,252.111,304.121,1.0,246.952,309.962,1.0,246.263,313.977,1.0,243.874,326.62,1.0
319,830.388,589.565,1.0,823.678,578.881,1.0,808.309,581.012,1.0,801.827,583.963,1.0,791.503,573.767,1.0,996.929,298.576,1.0,995.872,303.234,1.0,989.936,313.324,1.0,986.343,322.683,1.0,983.16,330.716,1.0,602.29,494.356,1.0,609.244,494.263,1.0,617.94,495.198,1.0,628.67,500.457,1.0,634.731,507.362,1.0,604.172,624.706,1.0,599.282,615.643,1.0,588.603,618.063,1.0,581.223,620.307,1.0,570.791,613.769,1.0,257.611,300.804,1.0,252.111,304.121,1.0,248.03,308.335,1.0,246.545,314.271,1.0,243.874,326.876,1.0
320,830.388,589.694,1.0,824.191,579.617,1.0,808.533,581.159,1.0,803.882,584.275,1.0,791.794,573.876,1.0,997.767,300.347,1.0,997.187,305.883,1.0,989.617,313.324,1.0,986.336,322.866,1.0,983.126,330.716,1.0,602.254,494.256,1.0,608.916,494.158,1.0,617.396,495.198,1.0,628.67,500.228,1.0,634.55,507.362,1.0,604.172,624.706,1.0,601.151,616.375,1.0,589.761,618.063,1.0,583.293,620.307,1.0,571.173,613.89,1.0,259.973,300.804,1.0,252.111,302.92,1.0,248.03,307.436,1.0,246.624,314.361,1.0,243.706,326.876,1.0
321,830.388,589.694,1.0,825.073,579.655,1.0,809.729,581.732,1.0,804.867,584.275,1.0,792.701,578.05,1.0,1001.963,302.117,1.0,997.418,307.388,1.0,989.553,313.324,1.0,986.156,323.777,1.0,983.024,330.716,1.0,602.254,494.047,1.0,608.089,494.038,1.0,615.766,495.198,1.0,627.118,500.228,1.0,634.365,506.368,1.0,604.172,625.024,1.0,601.49,616.389,1.0,589.827,618.063,1.0,583.293,615.738,1.0,571.296,614.109,1.0,261.205,299.72,1.0,252.34,302.221,1.0,248.452,306.678,1.0,247.516,314.361,1.0,243.706,326.62,1.0
322,830.624,589.694,1.0,825.473,579.655,1.0,813.578,583.497,1.0,805.405,584.41,1.0,795.832,578.37,1.0,1003.086,304.421,1.0,998.284,308.134,1.0,989.553,313.205,1.0,985.715,323.777,1.0,983.126,330.457,1.0,602.02,492.744,1.0,606.426,492.562,1.0,614.921,494.849,1.0,623.047,500.228,1.0,633.875,504.584,1.0,604.172,625.378,1.0,601.525,617.262,1.0,590.854,618.063,1.0,583.615,617.593,1.0,572.278,614.512,1.0,261.914,299.577,1.0,253.015,301.264,1.0,248.452,306.357,1.0,248.079,314.499,1.0,243.555,326.099,1.0
323,834.781,590.34,1.0,827.509,583.322,1.0,818.443,585.219,1.0,807.158,584.41,1.0,799.432,578.37,1.0,1003.131,306.554,1.0,998.856,310.55,1.0,989.617,312.665,1.0,985.657,323.777,1.0,983.126,330.432,1.0,601.212,482.734,1.0,605.708,491.692,1.0,612.232,494.849,1.0,621.059,501.11,1.0,632.563,504.584,1.0,607.894,628.538,1.0,603.861,623.726,1.0,594.514,620.24,1.0,583.926,616.861,1.0,573.423,617.232,1.0,262.611,297.285,1.0,253.412,300.703,1.0,242.536,306.293,1.0,248.212,314.627,1.0,243.4,326.071,1.0
324,839.913,591.289,1.0,829.856,586.02,1.0,822.689,585.219,1.0,807.207,584.41,1.0,800.281,578.37,1.0,1003.686,310.634,1.0,999.851,310.55,1.0,989.855,310.83,1.0,985.508,322.981,1.0,983.248,330.345,1.0,601.112,482.45,1.0,605.265,491.113,1.0,612.232,500.397,1.0,621.059,501.11,1.0,631.216,503.654,1.0,610.653,636.332,1.0,608.084,626.187,1.0,597.429,621.816,1.0,583.926,616.861,1.0,573.543,617.322,1.0,263.354,293.685,1.0,253.937,299.5,1.0,242.354,306.044,1.0,249.275,314.627,1.0,242.727,325.36,1.0
325,841.835,591.289,1.0,830.691,586.02,1.0,822.797,584.57,1.0,807.207,583.908,1.0,800.919,578.772,1.0,1004.877,316.376,1.0,1000.396,310.55,1.0,990.501,310.83,1.0,985.508,321.822,1.0,983.248,330.198,1.0,601.212,482.45,1.0,605.265,491.113,1.0,612.232,500.397,1.0,621.059,501.11,1.0,631.216,503.654,1.0,610.818,637.195,1.0,608.372,626.251,1.0,597.779,621.816,1.0,583.926,617.038,1.0,573.864,617.33,1.0,263.703,292.866,1.0,255.872,297.692,1.0,242.536,306.044,1.0,249.379,314.627,1.0,241.96,324.59,1.0
326,842.126,591.54,1.0,831.479,586.02,1.0,823.613,585.219,1.0,807.977,583.908,1.0,802.193,578.772,1.0,1006.916,317.911,1.0,1001.182,309.691,1.0,991.035,310.624,1.0,985.657,320.423,1.0,983.248,329.879,1.0,601.212,482.734,1.0,605.593,491.682,1.0,612.743,500.138,1.0,621.228,500.958,1.0,631.216,504.462,1.0,610.997,637.195,1.0,608.372,627.103,1.0,597.779,621.845,1.0,584.533,617.17,1.0,574.057,617.412,1.0,263.703,292.866,1.0,255.872,297.692,1.0,242.536,305.399,1.0,249.459,313.875,1.0,241.96,324.18,1.0
327,842.609,591.608,1.0,832.462,586.02,1.0,824.538,585.219,1.0,808.72,583.474,1.0,802.783,579.451,1.0,1007.289,319.652,1.0,1003.33,309.691,1.0,991.378,310.624,1.0,986.32,320.18,1.0,983.248,329.879,1.0,601.212,484.703,1.0,605.593,491.682,1.0,613.421,500.397,1.0,621.865,500.756,1.0,631.123,504.462,1.0,610.997,636.766,1.0,608.084,626.251,1.0,597.678,621.845,1.0,584.022,617.17,1.0,574.007,617.412,1.0,263.703,292.866,1.0,255.872,297.692,1.0,247.026,305.355,1.0,250.955,310.43,1.0,241.96,322.571,1.0
328,843.319,591.608,1.0,835.037,586.02,1.0,824.872,586.631,1.0,811.035,582.694,1.0,806.603,581.278,1.0,1007.609,319.652,1.0,1003.369,309.691,1.0,991.961,310.224,1.0,986.613,319.719,1.0,983.207,328.812,1.0,601.349,495.021,1.0,607.323,493.084,1.0,613.421,500.138,1.0,621.865,500.537,1.0,631.123,504.462,1.0,611.13,636.332,1.0,607.969,626.187,1.0,597.429,621.845,1.0,584.533,617.417,1.0,574.057,617.412,1.0,263.703,292.866,0.9929999709129333,255.872,297.533,1.0,247.99,301.997,1.0,250.955,308.85,1.0,243.74,311.545,1.0
329,845.224,594.527,1.0,839.36,591.856,1.0,829.441,586.631,1.0,821.685,581.476,1.0,808.264,583.802,1.0,1007.802,319.652,1.0,1003.459,309.691,1.0,991.961,310.224,1.0,987.131,319.719,1.0,983.207,328.812,1.0,603.66,498.392,1.0,607.743,493.402,1.0,616.048,499.794,1.0,621.865,500.321,1.0,631.103,505.376,1.0,611.276,631.407,1.0,607.554,626.141,1.0,597.326,621.852,1.0,584.533,617.417,1.0,574.129,617.412,1.0,246.463,313.185,1.0,251.41,308.481,1.0,250.316,301.12,1.0,254.383,301.012,1.0,264.503,292.692,1.0
330,845.96,596.378,1.0,840.965,591.856,1.0,830.1,586.631,1.0,822.753,581.252,1.0,810.509,583.936,1.0,1008.068,318.651,1.0,1003.459,309.807,1.0,992.09,310.109,1.0,987.387,319.245,1.0,983.383,328.812,1.0,610.465,506.329,1.0,608.17,496.442,1.0,616.048,499.476,1.0,619.764,499.408,1.0,630.659,506.963,1.0,613.783,620.06,1.0,607.554,624.924,1.0,597.326,622.406,1.0,584.454,617.417,1.0,574.129,616.905,1.0,246.431,313.185,1.0,251.41,308.481,1.0,251.448,300.904,1.0,254.937,296.414,1.0,265.318,291.224,1.0
331,845.99,596.868,1.0,841.481,592.43,1.0,830.754,586.389,1.0,823.01,581.252,1.0,811.303,584.372,1.0,1009.951,320.371,1.0,1003.473,310.407,1.0,992.244,310.063,1.0,988.869,317.903,1.0,983.896,328.782,1.0,614.548,506.329,1.0,608.184,499.956,1.0,614.459,497.824,1.0,619.764,498.746,1.0,630.41,507.12,1.0,613.856,617.871,1.0,607.788,616.025,1.0,597.326,624.109,1.0,584.454,616.418,1.0,574.129,616.665,1.0,265.929,286.453,1.0,252.8,306.189,1.0,252.449,300.829,1.0,254.937,296.414,1.0,264.503,291.224,1.0
332,846.038,596.916,1.0,841.722,592.43,1.0,830.785,586.389,1.0,823.314,581.476,1.0,811.71,584.372,1.0,1011.261,319.191,1.0,1003.459,311.907,1.0,992.849,309.621,1.0,989.003,317.303,1.0,984.131,328.782,1.0,615.535,509.658,1.0,608.184,500.599,1.0,613.614,492.116,1.0,619.588,498.641,1.0,629.054,507.724,1.0,616.33,616.95,1.0,607.788,615.742,1.0,597.543,625.11,1.0,584.8,616.12,1.0,574.129,616.665,1.0,268.672,,0.0,258.671,294.638,0.9990000128746033,252.555,299.304,1.0,251.67,300.95,1.0,246.508,308.979,1.0
333,846.235,597.202,1.0,841.74,592.922,1.0,832.282,586.389,1.0,825.124,583.259,1.0,815.346,583.936,1.0,1011.737,320.093,1.0,1003.6,312.05,1.0,993.153,309.312,1.0,989.003,317.303,1.0,984.182,328.95,1.0,616.529,510.775,1.0,609.273,502.339,1.0,613.614,492.116,1.0,619.319,498.348,1.0,628.6,507.724,1.0,616.53,616.796,1.0,607.929,615.06,1.0,597.602,625.11,1.0,584.8,616.12,1.0,574.24,616.652,1.0,269.267,285.947,0.9990000128746033,264.22,292.42,1.0,254.292,296.2,1.0,251.67,299.635,1.0,246.508,308.979,1.0
334,852.131,597.541,1.0,845.82,595.439,1.0,837.301,588.65,1.0,825.426,585.66,1.0,815.745,584.372,1.0,1011.737,319.191,1.0,1003.772,312.05,1.0,993.153,309.312,1.0,989.076,317.303,1.0,984.182,328.95,1.0,616.529,510.799,1.0,609.978,504.43,1.0,612.86,492.116,1.0,618.389,497.844,1.0,627.597,507.724,1.0,616.53,614.386,1.0,607.929,614.524,1.0,597.89,625.127,1.0,585.319,616.12,1.0,574.545,616.905,1.0,269.267,285.344,1.0,265.275,289.357,1.0,255.109,294.694,1.0,251.273,299.948,1.0,246.508,308.979,1.0
335,853.527,605.462,1.0,845.82,597.005,1.0,839.987,590.174,1.0,826.677,586.065,1.0,819.508,585.422,1.0,1011.261,319.964,1.0,1003.893,312.05,1.0,993.153,309.312,1.0,989.076,317.47,1.0,984.182,329.121,1.0,615.535,510.799,1.0,610.372,504.43,1.0,612.161,494.121,1.0,618.322,497.813,1.0,627.023,507.433,1.0,616.865,614.287,1.0,608.074,614.49,1.0,597.942,625.28,1.0,585.915,616.443,1.0,574.835,617.131,1.0,269.267,283.395,1.0,265.275,286.668,1.0,259.252,293.101,1.0,251.273,299.948,1.0,246.508,308.979,1.0
336,854.934,605.658,1.0,846.844,597.538,1.0,839.987,592.972,1.0,826.677,586.286,1.0,819.893,586.565,1.0,1010.328,319.191,1.0,1003.772,311.197,1.0,992.541,309.898,1.0,989.076,317.507,1.0,983.555,329.374,1.0,614.755,518.219,1.0,610.916,504.382,1.0,610.969,498.98,1.0,612.985,497.813,1.0,623.529,506.307,1.0,618.207,614.238,1.0,608.305,612.014,1.0,598.897,625.127,1.0,587.867,616.688,1.0,574.866,617.131,1.0,269.323,276.715,1.0,264.22,285.818,1.0,259.933,292.954,1.0,251.273,299.635,1.0,249.436,308.294,1.0
337,855.425,605.693,1.0,846.844,598.191,1.0,840.948,592.972,1.0,826.848,586.593,1.0,820.25,586.565,1.0,1006.824,318.53,1.0,1003.772,308.855,1.0,991.885,311.65,1.0,986.842,319.783,1.0,982.878,329.374,1.0,614.674,524.958,1.0,610.916,504.43,1.0,610.612,499.724,1.0,612.985,497.522,1.0,623.529,497.632,1.0,617.834,613.68,1.0,609.031,611.774,1.0,598.927,625.34,1.0,587.986,616.688,1.0,574.954,617.235,1.0,270.083,274.926,1.0,265.275,282.458,1.0,260.782,291.592,1.0,252.716,298.609,1.0,249.719,307.132,1.0
338,855.425,605.693,1.0,849.24,598.191,1.0,840.948,593.656,1.0,826.848,586.963,1.0,821.743,586.942,1.0,1006.465,317.708,1.0,1002.863,308.855,1.0,991.717,312.686,1.0,986.684,322.5,1.0,982.878,329.915,1.0,614.529,525.011,1.0,610.916,505.258,1.0,610.612,500.083,1.0,612.985,497.157,1.0,622.944,493.153,1.0,617.834,612.763,1.0,611.56,611.774,1.0,599.03,625.939,1.0,588.123,616.878,1.0,578.91,617.235,1.0,270.083,274.38,1.0,265.275,281.417,1.0,261.173,289.33,1.0,253.64,297.531,1.0,253.647,306.287,1.0
339,856.679,605.658,1.0,849.24,598.191,1.0,841.408,594.586,1.0,834.785,588.7,1.0,823.313,587.393,1.0,1003.537,306.344,1.0,1000.938,308.855,1.0,989.766,313.332,1.0,986.46,322.5,1.0,982.749,330.566,1.0,614.529,525.325,1.0,610.168,506.573,1.0,610.047,500.438,1.0,610.687,496.712,1.0,622.944,491.579,1.0,618.125,612.763,1.0,612.039,611.718,1.0,599.03,625.34,1.0,588.123,616.878,1.0,580.731,617.052,1.0,270.083,273.764,1.0,266.81,281.194,1.0,261.553,289.178,1.0,254.116,295.761,1.0,253.87,300.645,1.0
340,863.126,605.083,1.0,852.904,597.538,1.0,846.903,595.181,1.0,838.759,590.212,1.0,829.391,587.393,1.0,1001.671,302.592,1.0,998.547,308.855,1.0,989.766,314.358,1.0,986.46,322.5,1.0,982.734,331.079,1.0,614.14,525.325,1.0,609.881,511.284,1.0,609.831,500.934,1.0,610.687,496.712,1.0,622.944,491.579,1.0,618.207,612.763,1.0,612.294,611.547,1.0,599.557,625.053,1.0,588.468,617.288,1.0,580.863,614.428,1.0,270.083,271.682,1.0,267.231,280.902,1.0,262.803,288.305,1.0,255.156,295.361,1.0,254.096,300.328,1.0
341,864.785,605.023,1.0,854.701,595.958,1.0,848.77,595.045,1.0,840.193,590.307,1.0,830.222,587.295,1.0,998.935,301.672,0.9919999837875366,996.916,308.855,0.9980000257492065,989.717,314.532,1.0,986.546,322.164,1.0,982.734,331.843,1.0,607.891,526.048,1.0,609.398,515.626,1.0,610.139,503.828,1.0,609.631,496.712,1.0,622.822,491.579,1.0,618.349,612.956,1.0,613.114,611.547,1.0,599.71,625.053,1.0,588.83,617.324,1.0,581.027,614.428,1.0,270.083,270.784,1.0,267.839,277.693,1.0,264.846,286.994,1.0,258.204,292.738,1.0,253.87,298.8,1.0
342,865.056,605.018,1.0,854.867,595.795,1.0,849.515,595.181,1.0,840.193,590.307,1.0,830.443,587.442,1.0,995.879,300.892,0.9990000128746033,996.334,308.222,1.0,989.209,314.572,1.0,986.445,322.097,1.0,982.749,331.938,1.0,606.989,526.249,1.0,609.314,516.763,1.0,609.831,504.579,1.0,609.589,496.761,1.0,622.822,491.991,1.0,618.97,612.956,1.0,613.243,610.498,1.0,600.187,622.665,1.0,589.158,617.324,1.0,582.886,614.428,1.0,270.796,270.547,1.0,268.88,276.984,1.0,265.756,282.436,1.0,260.736,288.064,1.0,255.096,297.794,1.0
343,865.241,605.023,1.0,855.721,595.28,1.0,849.985,595.426,1.0,840.422,590.307,1.0,830.599,587.599,1.0,995.153,300.79,0.9990000128746033,994.6,307.445,1.0,989.209,314.572,1.0,986.546,322.04,1.0,982.749,332.275,1.0,605.556,528.173,1.0,609.284,517.877,1.0,609.831,507.809,1.0,609.589,499.128,1.0,622.309,492.894,1.0,621.014,612.956,1.0,613.892,609.268,1.0,602.01,622.198,1.0,591.199,617.384,1.0,584.881,614.761,1.0,270.992,269.171,1.0,269.757,274.666,1.0,265.837,279.587,1.0,261.791,285.24,1.0,255.328,297.771,1.0
344,866.595,605.023,1.0,860.313,595.28,1.0,852.328,596.242,1.0,841.113,590.307,1.0,834.639,589.137,1.0,994.322,297.736,1.0,994.389,303.063,1.0,989.36,314.358,1.0,986.723,322.04,1.0,983.289,332.297,1.0,605.538,528.173,1.0,609.253,518.177,1.0,610.139,508.04,1.0,609.631,499.998,1.0,622.084,495.137,1.0,621.706,612.47,1.0,614.258,609.051,1.0,606.892,618.779,1.0,595.719,617.384,1.0,585.005,615.982,1.0,272.23,263.92,1.0,269.757,272.946,1.0,265.837,278.779,1.0,262.74,285.157,1.0,256.015,297.771,1.0
345,875.054,606.812,1.0,866.717,595.28,1.0,852.54,596.4,1.0,842.193,593.474,1.0,838.262,589.652,1.0,994.322,296.759,1.0,994.204,302.097,1.0,989.36,314.068,1.0,986.781,321.313,1.0,983.396,332.297,1.0,605.326,528.173,1.0,609.055,518.44,1.0,610.139,509.742,1.0,609.72,500.697,1.0,621.277,496.11,1.0,622.608,612.315,1.0,614.689,608.602,1.0,606.914,618.417,1.0,595.823,617.384,1.0,585.518,616.656,1.0,272.825,262.456,1.0,269.998,271.912,1.0,265.756,277.722,1.0,262.74,284.77,1.0,256.139,296.461,1.0
346,875.579,607.009,1.0,867.979,595.807,1.0,853.063,596.916,1.0,843.208,593.916,1.0,839.346,589.657,1.0,993.5,296.589,1.0,994.14,301.844,1.0,989.612,313.802,1.0,987.56,321.313,1.0,984.42,332.275,1.0,605.269,527.874,1.0,608.575,519.0,1.0,609.768,511.008,1.0,610.822,504.214,1.0,619.926,496.191,1.0,622.618,612.051,1.0,614.689,608.602,1.0,607.043,618.313,1.0,596.718,617.475,1.0,585.705,617.206,1.0,274.169,262.298,1.0,270.43,268.908,1.0,263.85,277.653,1.0,262.74,282.359,1.0,257.171,292.285,1.0
347,875.69,607.03,1.0,868.116,596.966,1.0,855.051,596.916,1.0,843.566,594.456,1.0,839.875,589.657,1.0,993.908,288.619,1.0,993.007,297.902,1.0,993.57,309.208,1.0,988.453,316.608,1.0,986.945,328.571,1.0,603.019,527.874,1.0,606.641,519.452,1.0,608.958,512.96,1.0,610.822,505.027,1.0,619.287,496.191,1.0,623.061,612.051,1.0,614.8,609.051,1.0,607.321,618.121,1.0,596.866,617.613,1.0,585.924,617.399,1.0,279.948,255.376,1.0,270.43,261.802,1.0,263.0,275.015,1.0,262.528,279.63,1.0,257.243,290.585,1.0
348,875.83,607.03,1.0,868.15,597.011,1.0,855.051,596.928,1.0,844.03,594.865,1.0,840.12,589.871,1.0,994.132,287.631,1.0,992.935,296.748,1.0,993.677,308.552,1.0,988.777,315.764,1.0,989.802,328.571,1.0,600.979,527.874,1.0,605.901,520.231,1.0,608.606,514.837,1.0,610.822,507.445,1.0,617.67,497.449,1.0,625.124,611.805,1.0,621.068,616.578,1.0,608.982,616.106,1.0,600.131,617.653,1.0,589.081,617.563,1.0,280.012,254.57,1.0,270.72,261.324,1.0,263.0,274.534,1.0,262.528,279.434,1.0,257.764,290.488,1.0
349,876.179,607.03,1.0,869.964,597.534,1.0,855.051,597.373,1.0,848.995,598.018,1.0,841.404,591.413,1.0,994.132,287.631,1.0,992.697,296.748,1.0,993.677,308.166,1.0,989.586,315.764,1.0,990.165,328.571,1.0,600.889,528.275,1.0,605.286,521.526,1.0,608.133,516.012,1.0,610.199,508.311,1.0,617.538,497.741,1.0,631.693,611.697,1.0,627.503,616.605,1.0,612.036,616.029,1.0,600.52,618.413,1.0,594.572,617.839,1.0,280.012,254.57,1.0,271.146,261.324,1.0,263.85,273.899,1.0,262.528,279.112,1.0,257.764,290.118,1.0
350,878.731,607.03,1.0,872.207,597.658,1.0,862.185,598.58,1.0,851.177,599.209,1.0,843.784,592.169,1.0,993.908,286.119,1.0,992.462,296.748,1.0,993.677,308.099,1.0,989.586,315.391,1.0,990.281,328.442,1.0,600.889,528.731,1.0,605.253,521.617,1.0,607.966,516.348,1.0,609.983,508.942,1.0,617.199,498.379,1.0,632.316,611.339,1.0,627.503,616.898,1.0,612.314,615.46,1.0,601.361,618.616,1.0,595.373,617.861,1.0,280.012,255.376,1.0,271.559,261.802,1.0,268.483,272.454,1.0,263.471,278.027,1.0,260.634,282.981,1.0
351,878.769,607.03,1.0,872.252,599.767,1.0,863.967,599.709,1.0,852.443,599.981,1.0,845.415,592.866,1.0,994.075,286.119,1.0,992.462,297.024,1.0,993.081,308.038,1.0,989.854,315.391,1.0,990.281,328.442,1.0,600.556,530.138,1.0,604.027,523.018,1.0,607.849,518.132,1.0,609.901,510.964,1.0,615.985,503.178,1.0,632.521,610.589,1.0,627.503,616.605,1.0,612.61,615.46,1.0,601.689,618.791,1.0,595.416,618.23,1.0,279.759,255.376,1.0,273.079,261.825,1.0,271.154,269.617,1.0,264.621,276.236,1.0,260.696,281.622,1.0
352,882.381,608.235,1.0,874.838,602.73,1.0,864.977,601.592,1.0,854.508,599.996,1.0,845.678,593.16,1.0,994.075,287.315,1.0,990.487,297.343,1.0,992.149,305.761,1.0,990.136,314.461,1.0,990.281,327.93,1.0,599.855,534.965,1.0,601.684,528.86,1.0,607.171,520.433,1.0,607.194,512.596,1.0,615.07,506.107,1.0,632.316,610.379,1.0,622.216,616.684,1.0,612.944,616.029,1.0,601.945,618.791,1.0,595.418,618.236,1.0,279.415,256.162,1.0,273.203,261.894,1.0,271.517,268.066,1.0,264.772,276.161,1.0,261.188,281.18,1.0
353,882.883,608.5,1.0,875.313,602.918,1.0,866.726,601.649,1.0,854.508,599.996,1.0,846.783,593.898,1.0,993.288,287.315,1.0,990.183,297.343,1.0,991.99,305.307,1.0,993.507,312.136,1.0,990.556,326.926,1.0,597.229,541.425,1.0,599.487,531.61,1.0,605.243,523.879,1.0,604.509,515.678,1.0,614.526,509.193,1.0,632.316,610.379,1.0,622.216,616.684,1.0,613.423,616.029,1.0,602.689,618.791,1.0,595.452,618.958,1.0,279.415,256.162,1.0,274.794,261.894,1.0,271.517,267.06,1.0,265.37,275.008,1.0,261.767,280.988,1.0
354,884.035,608.755,1.0,876.554,603.529,1.0,868.424,601.96,1.0,854.508,599.981,1.0,848.453,594.767,1.0,993.288,286.853,1.0,989.473,297.343,1.0,991.942,305.307,1.0,993.507,311.633,1.0,990.556,326.643,1.0,597.089,541.515,1.0,599.124,531.749,1.0,605.189,524.012,1.0,604.48,515.717,1.0,614.526,509.608,1.0,632.521,609.681,1.0,622.216,616.19,1.0,613.945,615.088,1.0,603.85,617.739,1.0,596.559,618.958,1.0,279.759,255.297,1.0,275.686,261.825,1.0,271.517,266.834,1.0,265.452,274.724,1.0,264.686,280.663,1.0
355,890.883,608.856,1.0,876.56,609.124,1.0,870.719,607.162,1.0,859.119,598.404,1.0,853.655,597.667,1.0,993.288,286.853,1.0,989.473,296.547,1.0,991.942,304.822,1.0,993.507,311.633,1.0,990.833,325.996,1.0,596.92,541.921,1.0,598.94,532.173,1.0,604.687,524.028,1.0,604.453,515.774,1.0,614.393,510.481,1.0,635.532,609.681,1.0,628.2,615.732,1.0,616.22,614.366,1.0,607.311,613.462,1.0,598.672,618.958,1.0,282.355,254.332,1.0,277.68,259.163,1.0,271.517,266.718,1.0,266.361,273.577,1.0,264.968,280.001,1.0
356,890.883,610.137,1.0,881.355,611.054,1.0,874.297,607.162,1.0,867.151,597.824,1.0,854.66,599.193,1.0,992.247,286.808,1.0,989.473,295.742,1.0,991.942,303.418,1.0,992.903,312.136,1.0,991.478,324.191,1.0,596.187,541.515,1.0,596.813,534.071,1.0,604.534,525.395,1.0,603.895,517.449,1.0,613.451,510.61,1.0,635.682,609.764,1.0,628.511,615.426,1.0,616.22,613.553,1.0,607.332,613.108,1.0,598.759,618.338,1.0,282.714,253.623,0.9980000257492065,278.481,258.926,1.0,271.875,264.804,1.0,269.797,269.292,1.0,266.65,279.782,1.0
357,890.883,610.637,1.0,881.974,611.054,1.0,875.346,607.162,1.0,867.512,597.824,1.0,856.382,599.355,1.0,990.854,285.206,1.0,989.849,293.225,1.0,990.597,303.072,1.0,991.11,314.23,1.0,992.084,324.092,1.0,590.111,541.425,1.0,596.813,534.698,1.0,604.534,525.395,1.0,603.266,517.449,1.0,613.451,510.737,1.0,635.792,609.823,1.0,628.511,615.107,1.0,616.22,613.489,1.0,607.379,613.049,1.0,599.084,618.338,1.0,287.252,243.075,1.0,278.847,250.84,1.0,277.778,260.301,1.0,269.993,267.227,1.0,268.42,277.574,1.0
358,890.979,610.637,1.0,882.66,611.054,1.0,875.462,605.889,1.0,867.574,597.824,1.0,856.607,600.654,1.0,990.854,285.206,1.0,989.849,293.134,1.0,990.44,303.072,1.0,991.087,314.478,1.0,992.084,323.908,1.0,589.586,530.581,1.0,596.813,534.698,1.0,604.534,525.395,1.0,603.266,517.449,1.0,613.451,510.798,1.0,636.161,609.823,1.0,628.291,614.903,1.0,615.939,613.031,1.0,607.379,613.049,1.0,599.084,618.338,1.0,287.252,242.433,1.0,279.063,250.629,1.0,277.778,260.086,1.0,270.026,266.908,1.0,268.42,276.878,1.0
359,890.979,610.637,1.0,884.442,611.054,1.0,876.424,605.889,1.0,868.724,598.096,1.0,856.759,600.654,1.0,990.731,285.206,1.0,990.184,293.134,1.0,990.44,303.072,1.0,991.087,314.478,1.0,992.084,323.739,1.0,588.678,529.837,1.0,596.699,534.698,1.0,605.333,525.395,1.0,603.483,517.449,1.0,613.381,510.798,1.0,636.298,609.823,1.0,628.2,614.807,1.0,615.939,612.961,1.0,607.803,613.049,1.0,599.181,618.338,1.0,287.85,242.221,1.0,279.257,250.433,1.0,277.899,259.436,1.0,270.078,265.803,1.0,268.45,276.847,1.0
360,892.03,610.894,1.0,888.326,611.054,1.0,878.359,605.889,1.0,871.441,601.337,1.0,861.739,600.654,1.0,990.731,284.911,1.0,990.184,293.023,1.0,990.44,302.954,1.0,991.087,314.478,1.0,992.084,323.739,1.0,586.758,527.803,1.0,596.699,531.972,1.0,605.333,525.395,1.0,603.266,517.449,1.0,613.381,510.737,1.0,636.552,609.764,1.0,628.291,614.611,1.0,615.939,612.868,1.0,608.24,613.049,1.0,599.261,618.534,1.0,288.144,242.133,1.0,281.733,250.269,1.0,277.933,258.495,1.0,273.142,263.097,1.0,270.023,273.989,1.0
361,898.106,621.217,1.0,892.662,613.283,1.0,881.896,606.305,1.0,871.967,602.98,1.0,864.668,599.451,1.0,990.731,284.911,0.8889999985694885,990.453,293.023,0.984000027179718,990.419,302.954,1.0,992.376,314.478,1.0,991.565,323.08,0.9980000257492065,586.758,526.152,1.0,596.699,529.034,1.0,605.333,526.112,1.0,603.483,519.931,1.0,612.688,510.603,1.0,636.631,609.516,1.0,628.291,613.089,1.0,617.729,611.886,1.0,609.884,613.181,1.0,599.965,618.535,1.0,289.402,241.477,1.0,287.282,248.623,1.0,278.033,257.529,1.0,273.783,262.921,1.0,271.242,268.344,1.0
362,900.459,621.316,1.0,894.976,613.744,1.0,884.972,606.305,1.0,873.287,603.828,1.0,866.287,599.451,1.0,989.885,284.829,1.0,990.453,293.023,1.0,990.419,302.954,1.0,992.581,312.84,1.0,989.849,321.443,1.0,586.637,526.152,1.0,595.314,526.237,1.0,604.295,526.112,1.0,603.937,519.931,1.0,612.688,510.603,1.0,641.149,606.729,1.0,631.569,610.013,1.0,621.774,611.785,1.0,613.255,613.724,1.0,603.722,618.535,1.0,289.415,239.965,1.0,287.282,248.623,1.0,277.899,257.38,1.0,274.416,262.691,1.0,271.44,268.098,1.0
363,900.698,621.316,1.0,895.878,614.207,1.0,885.995,606.613,1.0,873.754,603.85,1.0,866.914,599.451,1.0,988.965,284.502,1.0,990.861,289.94,1.0,989.435,300.959,1.0,992.749,311.504,1.0,988.999,319.833,1.0,586.637,526.152,1.0,594.859,525.127,1.0,603.542,526.112,1.0,604.117,519.931,1.0,612.647,510.603,1.0,642.992,605.741,1.0,634.223,606.631,1.0,624.82,609.305,1.0,613.958,619.342,1.0,607.069,618.925,1.0,290.057,237.66,1.0,287.282,248.454,1.0,278.337,256.292,1.0,275.12,262.691,1.0,271.44,268.098,1.0
364,900.922,621.35,1.0,895.878,614.787,1.0,886.554,606.613,1.0,873.864,604.036,1.0,867.266,599.712,1.0,989.885,283.376,1.0,990.453,289.526,1.0,989.289,299.861,1.0,992.935,311.719,1.0,989.806,319.833,1.0,585.444,527.48,1.0,594.657,524.457,1.0,603.39,526.112,1.0,604.117,518.043,1.0,612.109,510.603,1.0,643.197,605.317,1.0,634.396,601.792,1.0,625.024,609.305,1.0,614.856,619.591,1.0,607.096,619.018,1.0,291.99,237.66,0.9309999942779541,284.69,247.517,0.9959999918937683,278.343,253.479,1.0,277.238,256.127,1.0,271.44,268.098,0.9200000166893005
365,900.936,621.316,1.0,896.399,614.207,1.0,886.607,606.613,1.0,874.349,604.932,1.0,867.741,600.609,1.0,989.885,283.376,1.0,990.453,289.526,1.0,989.289,299.861,1.0,992.935,311.504,1.0,988.582,316.698,1.0,585.444,528.612,1.0,594.657,523.465,1.0,603.231,524.951,1.0,604.117,517.11,1.0,612.109,511.031,1.0,644.285,604.975,1.0,634.908,601.734,1.0,625.63,609.305,1.0,614.856,619.591,1.0,607.577,619.018,1.0,295.48,236.9,1.0,284.471,240.823,1.0,284.496,248.411,1.0,277.238,255.546,1.0,272.225,267.278,1.0
366,906.815,621.024,1.0,898.529,613.744,1.0,887.78,606.841,1.0,875.776,606.967,1.0,871.015,600.609,1.0,990.299,284.502,1.0,990.861,289.526,1.0,989.289,299.861,1.0,992.935,311.217,1.0,987.527,316.201,1.0,582.362,532.366,1.0,590.189,523.423,1.0,601.363,524.951,1.0,603.016,514.954,1.0,609.48,511.072,1.0,644.455,604.975,1.0,635.286,601.498,1.0,626.478,609.236,1.0,615.511,619.591,1.0,608.144,619.018,1.0,295.48,236.475,1.0,284.471,240.63,1.0,285.205,248.411,1.0,277.238,255.546,1.0,272.311,266.503,1.0
367,906.815,617.049,1.0,898.529,614.927,1.0,887.78,607.555,1.0,880.683,607.852,1.0,872.409,600.609,1.0,990.299,287.15,0.9549999833106995,990.335,297.868,0.9879999756813049,990.523,303.725,1.0,991.794,311.217,1.0,988.582,316.698,0.9929999709129333,578.749,532.366,1.0,588.409,523.423,1.0,597.368,525.419,1.0,601.537,514.954,1.0,609.203,512.975,1.0,645.305,604.381,1.0,637.409,601.092,1.0,627.89,609.236,1.0,618.51,618.304,1.0,610.402,618.8,1.0,295.48,236.475,1.0,284.69,240.24,1.0,285.205,248.411,1.0,277.238,255.546,1.0,272.311,266.503,1.0
368,907.621,613.951,1.0,899.221,619.235,1.0,888.158,608.517,1.0,880.822,608.192,1.0,872.419,601.269,1.0,990.299,290.503,0.9980000257492065,990.335,297.868,0.9990000128746033,992.355,303.725,1.0,991.794,311.719,1.0,989.806,320.745,1.0,578.498,532.366,1.0,588.191,523.423,1.0,597.142,526.526,1.0,601.446,514.954,1.0,609.063,515.313,1.0,648.819,598.394,1.0,642.187,598.508,1.0,628.369,606.123,1.0,619.865,614.505,1.0,612.708,618.629,1.0,294.773,235.145,1.0,285.54,239.667,1.0,285.205,247.806,1.0,277.238,255.546,1.0,272.58,265.187,1.0
369,908.066,613.938,1.0,899.563,619.506,1.0,889.444,608.517,1.0,881.829,608.192,1.0,872.419,600.863,1.0,986.155,290.503,0.9779999852180481,992.3,297.868,0.9980000257492065,992.491,303.725,1.0,991.794,312.436,1.0,988.862,321.849,1.0,578.397,532.304,1.0,587.995,523.431,1.0,596.995,525.917,1.0,601.446,515.676,1.0,608.219,516.598,1.0,649.069,597.868,1.0,643.383,598.492,1.0,628.512,602.079,1.0,620.564,613.881,1.0,616.149,618.483,1.0,294.773,230.158,1.0,289.911,233.754,1.0,285.329,247.793,1.0,279.739,252.799,1.0,272.598,261.207,1.0
370,907.818,613.938,1.0,899.563,619.506,1.0,889.554,608.517,1.0,881.829,608.045,1.0,872.419,600.863,1.0,984.7,289.666,1.0,992.3,292.839,1.0,992.875,303.458,1.0,991.794,314.538,1.0,990.241,322.28,1.0,578.39,531.983,1.0,587.867,523.485,1.0,596.725,526.743,1.0,601.25,515.774,1.0,608.043,516.94,1.0,649.984,596.797,1.0,643.718,598.378,1.0,628.512,602.079,1.0,621.574,613.798,1.0,616.317,618.483,1.0,294.773,229.376,1.0,290.557,232.581,1.0,285.564,247.209,1.0,280.686,249.533,1.0,272.6,259.928,1.0
371,907.877,613.938,1.0,899.563,619.506,1.0,889.854,608.517,1.0,882.003,608.021,1.0,872.419,601.065,1.0,982.42,289.531,1.0,992.171,292.839,1.0,992.875,301.834,1.0,991.794,314.538,1.0,992.717,323.274,1.0,577.218,531.856,1.0,586.397,524.421,1.0,595.528,526.982,1.0,601.25,517.336,1.0,606.855,518.031,1.0,650.121,596.738,1.0,644.162,598.15,1.0,628.512,602.079,1.0,622.976,613.216,1.0,616.81,618.483,1.0,296.504,227.643,1.0,291.238,231.733,1.0,286.487,243.413,1.0,281.422,248.168,1.0,273.53,258.789,1.0
372,908.066,613.951,1.0,899.62,618.791,1.0,890.726,608.544,1.0,882.577,608.021,1.0,872.419,601.269,1.0,980.835,289.531,1.0,992.171,292.66,1.0,992.875,301.595,1.0,991.817,314.538,1.0,993.31,323.274,1.0,569.7,527.858,1.0,578.783,525.483,1.0,588.195,527.782,1.0,595.096,526.901,1.0,604.843,518.652,1.0,650.442,596.738,1.0,645.139,597.842,1.0,634.34,605.537,1.0,623.727,612.119,1.0,617.514,614.872,1.0,297.296,227.016,1.0,291.854,231.188,1.0,286.487,242.641,1.0,281.628,247.551,1.0,274.079,258.215,1.0
373,908.079,614.537,1.0,900.045,618.317,1.0,891.261,608.846,1.0,882.994,608.021,1.0,872.943,601.627,1.0,978.71,288.564,1.0,990.417,292.442,1.0,992.917,299.845,1.0,991.712,313.261,1.0,993.31,323.024,1.0,565.467,523.529,1.0,578.537,525.582,1.0,586.577,527.909,1.0,594.21,526.989,1.0,604.75,520.407,1.0,652.996,596.738,1.0,646.227,596.846,1.0,637.014,605.924,1.0,630.309,610.87,1.0,621.692,614.233,1.0,298.595,226.906,1.0,291.854,231.083,1.0,288.007,242.412,1.0,282.179,247.551,1.0,274.785,257.901,1.0
374,907.877,617.933,1.0,903.967,618.245,1.0,894.756,610.45,1.0,886.871,608.045,1.0,874.235,604.108,1.0,977.908,287.669,1.0,989.943,292.263,1.0,992.718,299.654,1.0,991.573,313.113,1.0,993.31,323.024,1.0,565.467,523.529,1.0,577.98,525.901,1.0,586.512,528.237,1.0,593.985,526.989,1.0,604.551,520.917,1.0,655.276,598.547,1.0,647.088,593.989,1.0,639.224,605.924,1.0,632.551,610.687,1.0,623.464,614.16,1.0,298.741,225.495,1.0,292.552,230.939,1.0,288.604,240.803,1.0,282.319,246.658,1.0,276.179,255.64,1.0
375,907.877,618.645,1.0,904.291,615.924,1.0,896.689,611.095,1.0,891.904,609.809,1.0,874.319,605.107,1.0,977.031,287.155,1.0,989.444,292.152,1.0,992.487,297.591,1.0,991.593,310.147,1.0,992.338,316.49,1.0,565.6,527.858,1.0,577.922,525.901,1.0,585.882,528.288,1.0,593.746,526.901,1.0,604.533,521.146,1.0,656.166,598.547,1.0,647.135,593.609,1.0,639.572,605.869,1.0,632.619,610.569,1.0,623.633,614.009,1.0,301.4,225.195,1.0,295.812,230.939,1.0,289.305,237.808,1.0,286.432,246.106,1.0,277.855,254.826,1.0
376,907.336,623.357,1.0,905.728,615.924,1.0,898.067,611.396,1.0,891.904,609.84,1.0,875.709,605.233,1.0,976.411,285.096,1.0,989.408,291.568,1.0,992.487,297.538,1.0,991.593,310.052,1.0,991.269,315.584,1.0,565.6,527.858,1.0,576.798,525.901,1.0,585.527,528.619,1.0,592.325,526.627,1.0,604.533,523.182,1.0,656.355,598.669,1.0,647.135,593.609,1.0,639.648,605.537,1.0,632.619,609.866,1.0,623.633,613.902,1.0,303.375,224.606,1.0,298.189,230.939,1.0,290.908,237.703,1.0,286.432,245.332,1.0,283.406,251.993,1.0
377,906.986,623.685,1.0,906.104,615.924,1.0,898.293,612.721,1.0,891.904,610.539,1.0,875.873,606.471,1.0,976.043,284.556,1.0,988.821,291.386,1.0,992.718,296.999,1.0,991.593,309.132,1.0,989.759,315.239,1.0,564.367,523.529,1.0,573.713,525.061,1.0,581.544,529.454,1.0,584.775,521.263,1.0,598.156,526.125,1.0,656.97,598.547,1.0,647.718,593.396,1.0,639.857,602.872,1.0,632.619,609.604,1.0,623.633,613.847,1.0,303.375,223.954,1.0,298.359,230.939,1.0,291.491,237.526,1.0,286.432,245.332,1.0,284.113,251.614,1.0
378,906.809,625.199,1.0,906.104,617.078,1.0,900.655,613.086,1.0,886.587,610.539,1.0,880.173,607.284,1.0,976.043,284.556,1.0,987.869,290.934,1.0,992.718,296.999,1.0,992.677,308.713,1.0,991.269,315.239,1.0,563.666,523.277,1.0,571.909,525.061,1.0,581.502,529.54,1.0,584.655,521.263,1.0,597.573,526.82,1.0,658.975,598.173,1.0,649.548,593.989,1.0,642.14,602.639,1.0,633.302,608.361,1.0,624.332,613.315,1.0,304.243,223.954,1.0,298.763,230.939,1.0,293.058,237.526,1.0,287.094,244.323,1.0,284.349,251.451,1.0
379,906.891,625.207,1.0,906.993,617.443,1.0,901.284,613.132,1.0,886.587,610.539,1.0,880.865,607.505,1.0,975.898,285.096,1.0,983.088,290.729,1.0,992.845,296.999,1.0,993.533,306.804,1.0,988.743,314.457,1.0,562.212,522.117,1.0,570.967,525.061,1.0,581.371,529.54,1.0,584.534,521.263,1.0,596.949,527.043,1.0,664.41,596.127,1.0,651.649,594.704,1.0,645.111,601.872,1.0,635.956,606.494,1.0,626.054,611.2,1.0,304.337,222.626,1.0,299.013,230.224,1.0,293.453,235.731,1.0,287.094,240.906,1.0,284.709,251.4,1.0
380,906.986,625.208,1.0,907.186,617.84,1.0,901.284,613.132,1.0,886.587,610.761,1.0,882.991,607.704,1.0,975.602,286.694,1.0,982.254,290.725,1.0,992.898,296.725,1.0,993.911,306.309,1.0,988.743,314.378,1.0,561.798,522.117,1.0,570.891,525.509,1.0,580.8,529.488,1.0,584.534,521.339,1.0,596.458,527.058,1.0,665.074,595.38,1.0,652.177,602.732,1.0,645.152,601.828,1.0,636.235,606.186,1.0,626.663,609.99,1.0,305.257,218.205,1.0,303.055,226.012,1.0,294.36,232.036,1.0,292.539,237.541,1.0,285.775,248.918,1.0
381,906.986,625.263,1.0,908.437,618.547,1.0,901.663,613.132,1.0,887.259,610.761,1.0,883.357,607.505,1.0,974.951,286.694,1.0,980.292,288.025,1.0,992.898,294.821,1.0,993.911,304.551,1.0,988.97,314.012,1.0,561.102,523.277,1.0,569.755,525.509,1.0,579.97,529.488,1.0,584.519,521.429,1.0,595.153,527.058,1.0,665.21,595.153,1.0,652.881,602.732,1.0,645.349,601.828,1.0,636.238,605.734,1.0,626.978,609.892,1.0,305.895,215.471,1.0,303.087,221.258,1.0,294.702,230.144,1.0,294.277,235.51,1.0,287.214,247.472,1.0
382,909.451,631.472,1.0,908.735,622.991,1.0,902.408,614.472,1.0,887.326,611.744,1.0,884.379,607.505,1.0,974.101,286.694,1.0,979.691,287.145,1.0,992.845,294.821,1.0,993.911,304.091,1.0,989.148,313.751,1.0,556.41,527.527,1.0,566.187,525.509,1.0,577.572,529.364,1.0,584.519,521.985,1.0,594.595,527.058,1.0,665.404,595.079,1.0,652.881,602.732,1.0,645.984,601.005,1.0,636.402,605.634,1.0,627.479,609.776,1.0,307.208,215.468,1.0,303.184,220.305,1.0,294.702,229.238,1.0,294.631,235.091,1.0,287.214,247.465,1.0
383,913.856,636.371,1.0,908.797,627.172,1.0,904.082,617.829,1.0,890.497,613.722,1.0,885.59,607.704,1.0,973.077,286.438,1.0,977.489,286.469,1.0,992.104,294.821,1.0,982.584,294.919,1.0,989.148,313.612,1.0,555.857,527.861,1.0,563.071,525.108,1.0,575.04,528.881,1.0,582.915,522.095,1.0,593.619,526.257,1.0,666.284,594.023,1.0,656.156,601.743,1.0,649.376,600.7,1.0,640.669,601.955,1.0,634.025,608.953,1.0,307.512,215.005,1.0,303.747,220.294,1.0,294.702,228.735,1.0,294.631,234.571,1.0,287.477,246.838,1.0
384,914.515,640.506,1.0,909.479,628.861,1.0,907.047,622.38,1.0,897.316,619.462,1.0,886.068,608.098,1.0,971.909,286.374,1.0,976.606,286.469,1.0,990.392,295.712,1.0,981.767,293.857,1.0,989.217,312.044,1.0,555.6,527.861,1.0,563.071,524.806,1.0,575.04,528.881,1.0,582.915,522.095,1.0,593.419,525.282,1.0,667.313,594.023,1.0,662.681,601.355,1.0,652.767,600.036,1.0,646.378,601.328,1.0,635.668,607.868,1.0,314.613,210.373,1.0,304.124,214.766,1.0,295.307,226.964,1.0,294.631,232.635,1.0,287.634,244.492,1.0
385,914.543,640.506,1.0,909.479,628.861,1.0,907.211,622.38,1.0,898.086,619.462,1.0,887.536,609.444,1.0,971.881,286.334,1.0,976.374,286.469,1.0,990.105,296.355,1.0,981.761,293.242,1.0,989.217,311.732,1.0,555.6,527.861,1.0,563.071,524.806,1.0,575.04,528.641,1.0,582.491,522.095,1.0,593.129,525.282,1.0,669.326,593.085,1.0,662.681,600.647,1.0,652.767,599.337,1.0,646.378,601.206,1.0,635.743,607.404,1.0,315.659,207.752,1.0,305.911,211.924,1.0,296.201,226.16,1.0,294.741,230.864,1.0,288.704,241.691,1.0
386,914.543,640.703,1.0,909.479,628.861,1.0,907.377,622.38,1.0,899.234,619.567,1.0,887.567,609.628,1.0,971.604,286.334,1.0,975.945,285.228,1.0,988.419,296.355,1.0,981.105,292.485,1.0,989.217,311.65,0.9980000257492065,555.857,527.861,1.0,564.301,524.806,1.0,575.152,528.072,1.0,582.474,522.095,1.0,593.129,525.282,1.0,670.096,592.493,1.0,662.805,599.965,1.0,652.767,599.337,1.0,646.491,601.206,1.0,635.985,606.926,1.0,315.659,207.705,1.0,306.389,211.924,1.0,296.23,225.703,1.0,296.995,230.424,1.0,290.5,233.651,1.0
387,914.543,640.506,1.0,910.053,628.547,1.0,907.841,622.383,1.0,900.435,619.567,1.0,887.646,610.418,1.0,971.002,286.334,1.0,975.945,285.228,1.0,988.419,296.355,1.0,980.513,291.441,1.0,989.104,311.409,0.9909999966621399,561.862,529.867,1.0,565.771,525.72,1.0,575.152,528.072,1.0,582.385,522.095,1.0,593.398,525.776,1.0,670.425,592.493,1.0,662.805,599.705,1.0,652.767,599.337,1.0,646.514,600.593,1.0,636.202,606.867,1.0,317.024,206.879,1.0,306.803,211.924,1.0,296.8,224.371,1.0,296.995,229.102,1.0,290.553,232.454,1.0
388,914.607,640.703,1.0,911.92,628.547,1.0,908.441,622.383,1.0,901.228,619.567,1.0,889.072,610.418,1.0,968.797,286.334,1.0,974.781,285.228,1.0,987.846,296.133,1.0,980.513,291.441,1.0,989.104,311.322,0.9990000128746033,566.738,535.898,1.0,570.683,528.356,1.0,575.152,527.659,1.0,581.393,522.118,1.0,593.398,526.015,1.0,671.029,592.493,1.0,662.805,598.322,1.0,652.767,598.871,1.0,647.165,600.589,1.0,638.372,606.717,1.0,317.024,207.648,1.0,310.432,214.723,1.0,302.248,222.829,1.0,298.324,228.434,1.0,291.325,232.121,1.0
389,917.255,640.395,1.0,914.061,628.547,1.0,910.462,623.007,1.0,902.775,619.567,1.0,893.516,612.807,1.0,968.446,278.053,1.0,974.626,284.615,1.0,985.403,295.207,1.0,980.513,291.441,1.0,989.104,310.65,1.0,566.738,544.656,1.0,570.868,531.528,1.0,574.567,527.589,1.0,580.914,522.63,1.0,593.129,526.452,1.0,676.7,589.966,1.0,667.106,593.324,1.0,659.248,595.853,1.0,647.335,600.589,1.0,642.507,603.336,1.0,317.957,206.879,1.0,310.432,214.79,1.0,304.764,218.753,1.0,299.106,227.017,1.0,292.484,232.121,1.0
390,924.459,640.561,1.0,916.866,632.55,1.0,910.462,627.641,1.0,902.917,620.56,1.0,894.284,614.367,1.0,968.288,277.788,1.0,974.49,284.293,1.0,983.305,290.258,1.0,982.682,291.441,1.0,991.09,305.523,1.0,566.738,545.558,1.0,570.868,532.215,1.0,573.622,527.589,1.0,580.726,523.112,1.0,592.929,526.949,1.0,679.426,589.14,1.0,671.281,591.418,1.0,663.608,595.512,1.0,649.781,601.386,1.0,643.316,601.971,1.0,318.066,206.733,1.0,313.016,214.79,1.0,305.002,217.707,1.0,300.061,226.617,1.0,292.858,231.223,1.0
391,925.071,640.301,1.0,917.173,632.86,1.0,910.943,627.665,1.0,903.068,620.588,1.0,895.508,614.714,1.0,968.288,277.112,1.0,974.49,284.28,1.0,983.152,289.915,1.0,982.943,291.177,1.0,991.378,303.458,1.0,566.271,545.558,1.0,570.868,535.285,1.0,571.692,527.659,1.0,580.033,526.165,1.0,589.931,528.681,1.0,679.988,588.727,1.0,671.606,591.005,1.0,664.008,595.27,1.0,652.568,601.633,1.0,643.58,601.971,1.0,318.592,206.733,1.0,314.069,214.723,1.0,305.396,217.264,1.0,300.185,224.861,1.0,294.023,231.123,1.0
392,925.071,640.301,1.0,917.846,633.167,1.0,913.029,628.341,1.0,904.856,620.999,1.0,896.274,615.721,1.0,968.288,276.815,1.0,974.781,283.733,1.0,982.653,289.814,1.0,983.002,291.071,1.0,992.038,303.048,1.0,564.015,545.558,1.0,567.394,539.539,1.0,571.183,528.306,1.0,580.033,528.141,1.0,589.243,528.681,1.0,680.364,588.375,1.0,671.974,587.452,1.0,664.008,595.054,1.0,652.948,601.633,1.0,644.07,601.941,1.0,320.133,201.163,1.0,314.382,208.536,1.0,308.739,216.316,1.0,303.357,221.241,1.0,298.946,229.832,1.0
393,925.071,640.301,1.0,918.294,633.167,1.0,913.029,628.341,1.0,905.059,620.999,1.0,896.852,615.729,1.0,968.192,276.532,1.0,974.645,283.447,1.0,982.509,289.687,1.0,982.943,290.512,1.0,992.225,302.401,1.0,563.194,544.979,1.0,567.2,539.82,1.0,570.907,528.928,1.0,579.857,528.707,1.0,588.135,528.681,1.0,680.512,587.967,1.0,672.938,586.632,1.0,664.386,594.952,1.0,653.533,601.633,1.0,644.973,601.941,1.0,320.63,199.895,1.0,315.225,204.212,1.0,310.86,214.449,1.0,306.016,215.527,1.0,299.768,228.63,1.0
394,925.565,640.561,1.0,919.731,633.32,1.0,913.029,629.086,1.0,907.415,622.802,1.0,901.907,615.752,1.0,966.487,275.457,1.0,974.645,283.04,1.0,980.956,288.651,1.0,982.682,290.275,1.0,992.225,301.956,1.0,563.07,544.873,1.0,566.873,540.731,1.0,570.52,529.228,1.0,579.763,528.707,1.0,587.781,529.282,1.0,681.583,581.658,1.0,677.132,584.52,1.0,664.919,589.015,1.0,655.469,601.259,1.0,649.1,601.966,1.0,321.303,199.364,1.0,316.141,204.068,1.0,310.86,213.884,1.0,306.682,215.099,1.0,300.456,228.597,1.0
395,926.473,644.585,1.0,925.02,640.723,1.0,916.152,629.573,1.0,907.855,622.835,1.0,902.887,616.799,1.0,964.478,274.256,1.0,974.645,282.158,1.0,978.924,288.651,1.0,982.413,290.275,1.0,992.038,301.838,1.0,562.74,544.873,1.0,566.841,540.731,1.0,570.52,530.196,1.0,579.763,528.707,1.0,587.529,528.061,1.0,686.129,581.408,1.0,680.356,583.443,1.0,665.025,589.015,1.0,660.274,598.519,1.0,652.274,601.902,1.0,322.833,199.364,1.0,317.246,203.703,1.0,310.86,213.571,1.0,307.581,215.099,1.0,301.877,228.564,1.0
396,928.37,652.815,1.0,927.687,643.048,1.0,917.792,629.78,1.0,909.196,625.414,1.0,902.887,616.85,1.0,964.478,272.694,1.0,973.191,280.436,1.0,978.379,288.651,1.0,982.251,290.275,1.0,990.929,300.119,1.0,562.663,544.979,1.0,566.663,541.193,1.0,569.515,531.641,1.0,577.523,527.797,1.0,587.781,527.802,1.0,686.282,581.408,1.0,680.409,583.299,1.0,665.025,589.015,1.0,660.342,598.457,1.0,652.281,601.846,1.0,326.35,196.273,1.0,318.788,202.245,1.0,310.86,209.066,1.0,307.67,215.099,1.0,302.985,225.556,1.0
397,928.383,652.815,1.0,927.69,643.123,1.0,918.123,630.189,1.0,909.512,625.5,1.0,904.016,617.006,1.0,964.478,268.934,1.0,973.191,279.386,1.0,977.039,290.106,1.0,978.824,297.659,1.0,989.858,297.809,1.0,555.611,545.854,1.0,565.135,541.223,1.0,567.572,535.35,1.0,571.063,527.797,1.0,587.529,527.28,1.0,686.282,581.332,1.0,680.409,583.001,1.0,665.277,589.015,1.0,660.371,598.214,1.0,652.281,601.902,1.0,326.35,195.071,1.0,318.793,198.934,1.0,310.961,209.066,1.0,308.249,217.322,1.0,304.697,219.939,1.0
398,928.48,653.235,1.0,928.531,643.189,1.0,918.755,630.362,1.0,909.886,625.572,1.0,904.748,617.006,1.0,966.04,267.24,1.0,973.191,279.386,1.0,976.887,290.106,1.0,978.824,297.659,1.0,988.45,297.26,1.0,555.611,545.891,1.0,565.075,541.534,1.0,567.572,535.589,1.0,571.055,527.797,1.0,587.152,525.918,1.0,686.282,581.301,1.0,680.998,583.001,1.0,669.992,589.015,1.0,661.825,598.214,1.0,652.741,601.846,1.0,326.606,194.088,1.0,320.294,197.85,1.0,310.961,208.666,1.0,308.679,217.322,1.0,304.697,219.511,1.0
399,928.484,653.417,1.0,929.099,644.16,1.0,920.206,632.164,1.0,912.111,631.09,1.0,904.748,619.679,1.0,966.26,267.031,1.0,973.322,278.543,1.0,976.986,290.106,1.0,978.824,297.659,1.0,988.007,297.231,1.0,555.611,546.694,1.0,560.979,542.503,1.0,567.572,535.728,1.0,570.946,528.443,1.0,586.717,525.918,1.0,686.472,579.784,1.0,681.97,583.001,1.0,673.838,588.815,1.0,663.076,595.489,1.0,654.29,599.903,1.0,327.529,193.847,1.0,320.294,197.331,1.0,311.943,208.293,1.0,308.679,217.322,1.0,304.906,219.045,1.0
400,932.414,654.103,1.0,929.433,644.176,1.0,923.122,638.694,1.0,918.24,631.514,1.0,908.673,624.017,1.0,966.26,267.031,1.0,973.322,278.543,1.0,976.986,288.698,1.0,983.075,294.457,1.0,988.007,296.674,1.0,555.852,546.805,1.0,559.702,542.551,1.0,568.386,537.615,1.0,569.765,528.697,1.0,586.717,525.918,1.0,688.333,571.728,1.0,685.984,585.332,1.0,675.262,588.241,1.0,663.954,592.823,1.0,655.513,598.077,1.0,328.263,193.847,1.0,320.588,197.85,1.0,312.013,208.293,1.0,308.821,214.972,1.0,304.906,217.632,1.0
401,933.398,654.103,1.0,929.563,644.508,1.0,925.63,640.164,1.0,918.802,631.689,1.0,909.496,625.153,1.0,966.04,267.031,1.0,973.322,278.36,1.0,976.729,284.891,1.0,983.075,293.936,1.0,986.515,297.231,1.0,555.852,546.805,1.0,558.898,542.551,1.0,568.47,538.652,1.0,569.765,529.18,1.0,586.191,526.68,1.0,689.843,570.895,1.0,686.411,585.332,1.0,675.366,588.036,1.0,664.506,592.811,1.0,655.755,597.764,1.0,328.966,193.067,1.0,324.044,198.934,1.0,318.033,207.209,1.0,312.06,213.84,1.0,305.006,217.329,1.0
402,937.524,654.103,1.0,929.788,645.413,1.0,927.579,640.822,1.0,918.87,633.511,1.0,910.75,625.163,1.0,965.836,272.038,1.0,968.458,275.244,1.0,974.949,281.4,1.0,983.075,290.755,1.0,986.217,297.016,1.0,555.852,546.805,1.0,558.898,542.503,1.0,568.535,538.652,1.0,569.765,529.18,1.0,586.191,526.68,1.0,691.096,570.895,1.0,686.722,585.332,1.0,675.55,587.806,1.0,664.668,591.748,1.0,655.96,597.572,1.0,335.379,193.067,1.0,325.516,199.212,1.0,322.343,202.761,1.0,313.709,212.626,1.0,307.265,217.329,1.0
403,937.916,654.103,1.0,930.483,646.345,1.0,927.635,641.774,1.0,919.255,633.511,1.0,911.71,625.946,1.0,965.711,272.038,1.0,967.322,274.514,1.0,974.604,279.893,1.0,981.994,288.825,1.0,986.102,297.016,1.0,554.726,546.124,1.0,558.898,542.503,1.0,568.535,538.652,1.0,570.464,529.18,1.0,586.191,526.68,1.0,691.195,570.895,1.0,686.722,584.397,1.0,675.55,587.278,1.0,665.327,591.73,1.0,656.809,597.564,1.0,336.058,192.687,1.0,327.741,199.212,1.0,322.746,202.252,1.0,313.975,211.646,1.0,308.784,217.329,1.0
404,937.998,654.103,1.0,931.226,646.823,1.0,927.635,643.084,1.0,919.439,634.945,1.0,911.71,628.412,1.0,965.711,273.708,1.0,967.322,274.514,1.0,973.917,279.893,1.0,981.138,287.878,1.0,985.107,296.674,1.0,552.783,545.177,1.0,562.666,541.469,1.0,568.862,538.084,1.0,571.427,528.613,1.0,586.254,526.725,1.0,692.313,572.857,1.0,686.722,583.551,1.0,676.779,586.127,1.0,668.966,590.211,1.0,658.64,595.563,1.0,336.468,192.687,1.0,329.099,199.212,1.0,323.43,201.942,1.0,314.338,211.081,1.0,308.938,217.329,1.0
405,939.994,656.393,1.0,934.482,648.834,1.0,927.579,646.339,1.0,919.505,637.01,1.0,913.1,630.483,1.0,965.836,273.708,1.0,967.322,274.514,1.0,973.581,279.893,1.0,981.011,287.272,1.0,985.023,296.54,1.0,552.783,541.815,1.0,562.666,539.147,1.0,569.191,536.123,1.0,571.637,527.939,1.0,586.737,526.725,1.0,699.894,572.857,1.0,686.688,577.359,1.0,678.757,585.225,1.0,673.136,585.903,1.0,663.829,594.054,1.0,336.683,192.687,1.0,329.563,198.358,1.0,323.792,200.182,1.0,314.836,209.522,1.0,309.736,215.013,1.0
406,942.417,657.991,1.0,937.053,653.956,1.0,927.601,648.701,1.0,921.404,638.456,1.0,914.766,631.402,1.0,965.836,272.038,0.9919999837875366,965.219,273.259,1.0,973.255,279.112,1.0,971.175,275.272,1.0,981.73,285.919,1.0,554.726,537.196,1.0,562.666,538.376,1.0,570.103,535.911,1.0,571.637,527.711,1.0,586.772,526.523,1.0,700.477,572.857,1.0,686.688,577.322,1.0,679.041,581.688,1.0,674.03,584.784,1.0,666.244,593.607,1.0,338.45,185.566,1.0,334.387,193.657,1.0,324.823,198.877,1.0,321.973,199.197,1.0,312.656,210.663,1.0
407,942.417,661.874,1.0,937.578,654.667,1.0,927.601,648.701,1.0,922.072,639.178,1.0,915.778,631.606,1.0,965.711,270.678,1.0,965.177,271.696,1.0,972.298,278.883,1.0,970.487,275.272,1.0,980.76,285.919,1.0,554.726,539.393,1.0,562.309,532.811,1.0,570.103,535.031,1.0,572.674,527.711,1.0,587.295,526.523,1.0,700.477,572.595,1.0,686.688,577.049,1.0,679.269,581.591,1.0,674.571,584.784,1.0,666.775,593.542,1.0,338.67,184.614,1.0,334.759,192.715,1.0,325.261,196.244,1.0,322.85,198.366,1.0,312.707,210.239,1.0
408,942.424,662.02,1.0,937.689,655.017,1.0,927.601,648.989,1.0,922.33,639.178,1.0,916.695,631.606,1.0,960.543,257.893,1.0,963.891,267.673,1.0,971.439,278.49,1.0,970.433,275.272,1.0,980.76,285.919,1.0,552.783,539.393,1.0,561.443,532.811,1.0,570.103,535.031,1.0,572.674,528.581,1.0,587.655,526.523,1.0,700.734,572.083,1.0,687.174,576.836,1.0,679.269,580.277,1.0,675.774,584.784,1.0,666.968,593.42,1.0,339.149,182.599,1.0,335.068,190.865,1.0,325.689,195.115,1.0,323.643,198.366,1.0,313.606,209.893,1.0
409,942.482,662.029,1.0,937.709,655.519,1.0,928.475,648.998,1.0,922.432,639.717,1.0,916.946,632.096,1.0,960.543,257.745,1.0,962.83,266.214,1.0,971.04,277.048,1.0,969.579,275.272,1.0,980.76,285.919,0.9929999709129333,552.756,539.393,1.0,561.2,532.811,1.0,568.588,535.031,1.0,572.674,528.581,1.0,587.655,526.22,1.0,701.128,572.063,1.0,693.883,571.677,1.0,681.521,579.404,1.0,676.583,584.775,1.0,668.404,592.518,1.0,343.331,179.383,1.0,336.401,182.665,1.0,325.689,193.341,1.0,324.438,198.366,1.0,320.184,205.59,1.0
410,942.482,662.235,1.0,938.893,655.6,1.0,929.526,648.998,1.0,923.32,640.099,1.0,919.224,632.658,1.0,960.128,257.745,1.0,962.534,266.098,1.0,968.843,276.102,1.0,969.288,275.529,1.0,980.76,285.919,1.0,552.756,539.393,1.0,559.848,532.811,1.0,568.588,535.031,1.0,572.674,528.581,1.0,587.655,526.22,1.0,701.128,568.55,1.0,697.045,569.802,1.0,682.667,578.753,1.0,676.677,584.238,1.0,670.513,592.472,1.0,343.816,178.723,1.0,339.615,181.686,1.0,329.281,192.345,1.0,325.372,199.043,1.0,320.882,204.563,1.0
411,947.532,669.09,1.0,945.532,661.325,1.0,934.993,651.211,1.0,926.399,648.949,1.0,920.376,634.188,1.0,959.754,257.893,1.0,961.629,262.708,1.0,968.585,271.589,1.0,969.084,276.208,1.0,980.515,283.5,1.0,552.756,539.393,1.0,559.848,532.811,1.0,568.588,535.031,1.0,572.674,528.581,1.0,587.533,526.22,1.0,700.014,568.441,1.0,698.498,568.291,1.0,682.996,578.701,1.0,677.012,581.036,1.0,671.658,591.971,1.0,346.116,178.19,1.0,340.239,181.686,1.0,329.379,192.169,1.0,326.344,199.043,1.0,321.292,204.302,1.0
412,947.532,670.38,1.0,945.532,661.606,1.0,936.294,652.365,1.0,929.309,649.815,1.0,920.703,635.66,1.0,958.98,257.228,1.0,957.917,261.95,1.0,965.594,271.507,1.0,965.923,282.004,1.0,975.472,280.417,1.0,555.51,532.331,1.0,559.804,531.561,1.0,569.199,535.18,1.0,573.172,528.801,1.0,587.533,526.22,1.0,700.014,568.441,1.0,698.526,568.084,1.0,683.575,578.548,1.0,677.012,580.879,1.0,671.709,587.443,1.0,346.318,177.186,1.0,340.435,180.989,1.0,330.425,192.008,1.0,327.441,199.043,1.0,321.452,201.117,1.0
413,947.532,670.976,1.0,945.532,662.236,1.0,936.435,654.596,1.0,929.969,650.303,1.0,920.836,635.953,1.0,957.376,256.962,1.0,957.917,261.577,1.0,963.861,271.424,1.0,965.531,282.004,1.0,974.671,280.322,1.0,555.51,530.002,1.0,559.804,531.561,1.0,569.501,535.18,1.0,573.172,528.801,1.0,587.533,526.056,1.0,700.014,568.441,1.0,698.674,567.909,1.0,687.345,575.15,1.0,677.012,580.587,1.0,672.003,587.295,1.0,348.585,175.232,1.0,341.23,181.686,1.0,339.976,187.53,1.0,331.464,197.294,1.0,322.876,201.117,1.0
414,947.532,671.005,1.0,945.809,662.236,1.0,936.737,654.676,1.0,931.292,650.303,1.0,921.282,636.608,1.0,957.376,257.92,1.0,957.917,261.577,1.0,963.861,271.289,1.0,965.433,282.004,1.0,973.86,280.294,1.0,555.51,530.002,1.0,560.264,531.561,1.0,569.631,535.18,1.0,573.172,528.801,1.0,587.476,525.76,1.0,700.014,568.441,1.0,698.674,567.618,1.0,687.495,574.818,1.0,677.213,580.879,1.0,672.704,587.295,1.0,348.585,174.592,1.0,341.423,181.506,1.0,340.828,186.206,1.0,333.376,195.085,1.0,327.308,198.094,1.0
415,947.532,671.347,1.0,946.264,662.409,1.0,936.912,655.016,1.0,932.048,650.943,1.0,922.095,637.871,1.0,958.98,257.92,0.996999979019165,958.662,261.95,1.0,963.721,268.528,1.0,963.79,279.935,1.0,972.148,280.294,0.9980000257492065,552.314,530.002,1.0,560.264,532.329,1.0,569.501,535.18,1.0,571.731,528.801,1.0,587.476,525.545,1.0,703.222,565.039,1.0,698.739,567.618,1.0,689.087,574.818,1.0,679.068,581.036,1.0,674.674,585.831,1.0,349.128,174.095,1.0,342.686,181.506,1.0,340.83,186.104,1.0,333.594,194.693,1.0,327.901,198.094,1.0
416,952.81,671.347,1.0,946.881,663.321,1.0,941.524,657.095,1.0,933.627,651.365,1.0,926.359,642.868,1.0,964.626,256.962,0.9980000257492065,960.29,261.577,1.0,963.721,265.784,1.0,963.79,273.103,1.0,972.148,280.322,1.0,552.314,530.203,1.0,560.356,533.735,1.0,569.199,535.18,1.0,571.731,528.801,1.0,587.951,525.436,1.0,703.732,562.134,1.0,699.304,567.618,1.0,690.762,574.818,1.0,683.858,582.057,1.0,675.256,585.831,1.0,349.511,174.059,1.0,342.686,180.989,1.0,341.127,184.857,1.0,334.182,192.143,1.0,328.539,197.074,1.0
417,956.133,671.347,1.0,948.228,663.402,1.0,942.818,660.173,1.0,935.118,652.404,1.0,926.46,646.36,1.0,965.274,256.962,1.0,962.449,261.577,1.0,963.018,264.28,1.0,962.482,262.833,1.0,972.148,280.138,1.0,552.314,544.15,1.0,561.171,534.238,1.0,569.041,534.725,1.0,571.731,528.668,1.0,587.951,524.924,1.0,704.062,561.628,1.0,699.433,568.562,1.0,693.906,574.922,1.0,685.52,582.057,1.0,677.063,585.831,1.0,351.408,170.885,1.0,345.997,174.297,1.0,341.796,182.668,1.0,338.025,185.33,1.0,331.721,195.339,1.0
418,956.133,671.005,1.0,948.536,663.851,1.0,943.066,660.291,1.0,935.118,652.533,1.0,927.211,646.775,1.0,972.656,275.806,1.0,967.959,269.145,1.0,962.392,261.541,1.0,960.874,262.405,1.0,960.451,250.042,1.0,554.123,544.172,1.0,561.171,534.238,1.0,568.669,533.729,1.0,574.199,527.469,1.0,587.951,524.661,1.0,703.896,561.628,1.0,699.433,569.296,1.0,693.906,574.922,1.0,685.785,582.057,1.0,677.098,586.181,1.0,352.935,167.991,1.0,348.868,174.297,1.0,341.796,179.274,1.0,340.14,183.837,1.0,332.063,194.888,1.0
419,956.832,671.361,1.0,948.655,664.079,1.0,944.057,660.546,1.0,935.211,653.375,1.0,927.791,647.501,1.0,965.274,253.014,0.890999972820282,962.768,260.242,0.9980000257492065,961.5,261.541,1.0,962.482,262.239,1.0,972.555,278.179,0.9750000238418579,554.314,544.203,1.0,561.271,534.556,1.0,568.669,533.684,1.0,574.312,527.469,1.0,588.317,524.658,1.0,703.732,561.628,1.0,699.629,569.296,1.0,693.906,574.922,1.0,686.018,581.461,1.0,677.204,586.421,1.0,353.256,167.759,1.0,349.557,174.265,1.0,341.796,178.784,1.0,340.14,183.129,1.0,332.752,194.331,1.0
420,956.832,671.361,1.0,949.013,664.264,1.0,944.379,661.96,1.0,935.988,654.072,1.0,928.306,647.724,1.0,964.626,250.851,0.9120000004768372,962.768,259.098,0.9819999933242798,960.96,260.952,1.0,962.535,262.833,1.0,972.555,278.179,0.9700000286102295,554.529,544.172,1.0,561.5,534.238,1.0,568.921,533.35,1.0,574.801,527.469,1.0,588.44,524.293,1.0,703.732,561.628,1.0,700.283,568.562,1.0,693.906,574.808,1.0,686.17,581.326,1.0,677.316,586.421,1.0,353.865,167.759,1.0,349.815,174.16,1.0,341.796,178.517,1.0,340.173,183.094,1.0,333.632,194.281,1.0
421,959.477,677.094,1.0,954.611,671.03,1.0,944.642,662.217,1.0,938.085,655.313,1.0,935.253,648.655,1.0,964.249,243.465,0.9070000052452087,962.768,259.098,0.9980000257492065,960.303,258.372,1.0,962.535,262.239,0.9990000128746033,971.567,277.448,0.949999988079071,555.236,544.172,1.0,561.941,534.238,1.0,569.041,532.391,1.0,577.371,527.469,1.0,588.45,523.469,1.0,703.896,560.451,1.0,700.522,568.323,1.0,693.906,574.513,1.0,686.337,581.13,1.0,677.466,586.421,1.0,354.944,167.991,1.0,350.442,174.16,1.0,341.9,178.069,1.0,340.173,183.028,1.0,333.704,194.146,1.0
422,961.799,679.086,1.0,957.767,674.433,1.0,948.099,663.938,1.0,938.674,658.587,1.0,935.784,649.516,1.0,963.907,243.375,1.0,962.768,248.515,1.0,959.539,257.888,1.0,962.535,262.239,1.0,966.389,269.744,1.0,561.381,539.103,1.0,565.286,534.205,1.0,574.636,529.237,1.0,579.879,526.971,1.0,590.007,523.196,1.0,703.896,559.396,1.0,700.967,567.277,1.0,694.708,573.077,1.0,687.65,579.177,1.0,677.844,586.172,1.0,360.125,167.991,1.0,352.688,173.602,1.0,341.9,175.973,1.0,340.14,183.028,1.0,333.874,193.26,1.0
423,961.851,679.233,1.0,958.061,674.493,1.0,948.22,664.097,1.0,938.746,659.265,1.0,936.353,649.591,1.0,963.488,241.731,1.0,958.952,247.321,1.0,959.242,255.495,1.0,962.535,262.919,1.0,966.389,269.744,1.0,566.076,530.727,1.0,574.025,534.183,1.0,576.074,529.237,1.0,583.323,528.995,1.0,590.137,520.419,1.0,709.03,550.415,1.0,706.215,561.495,1.0,698.287,568.969,1.0,691.882,573.943,1.0,681.647,581.483,1.0,360.437,167.301,1.0,352.933,168.797,1.0,342.242,175.973,1.0,340.5,183.028,1.0,336.736,190.233,1.0
424,962.562,682.097,1.0,958.702,674.493,1.0,948.765,664.144,1.0,938.847,659.704,1.0,936.694,650.311,1.0,963.338,240.411,1.0,958.814,246.867,1.0,959.242,253.686,1.0,960.794,262.919,1.0,965.46,268.801,1.0,568.628,530.199,1.0,574.025,534.134,1.0,576.403,529.237,1.0,583.323,524.264,1.0,590.303,519.845,1.0,709.153,550.415,1.0,706.543,561.495,1.0,698.61,567.827,1.0,693.349,572.776,1.0,684.405,580.35,1.0,362.158,165.272,1.0,354.702,167.304,1.0,343.518,174.377,1.0,340.592,183.468,1.0,336.901,189.672,1.0
425,964.403,682.997,1.0,960.886,674.433,1.0,951.798,667.875,1.0,943.623,663.428,1.0,936.797,653.233,1.0,962.911,239.294,1.0,958.814,246.867,1.0,958.864,253.309,1.0,960.536,262.458,1.0,965.46,268.045,1.0,568.918,519.077,1.0,574.025,527.957,1.0,576.615,531.153,1.0,583.997,524.264,1.0,590.486,518.444,1.0,709.204,550.415,1.0,706.861,561.47,1.0,698.61,567.536,1.0,693.409,572.619,1.0,684.85,580.249,1.0,362.158,164.324,1.0,354.834,167.304,1.0,344.05,174.172,1.0,340.592,183.874,1.0,337.2,189.121,1.0
426,965.145,687.476,1.0,962.146,674.076,1.0,954.683,669.295,1.0,947.935,664.683,1.0,939.476,657.183,1.0,962.911,239.294,1.0,958.814,246.867,1.0,958.628,248.098,1.0,960.115,262.458,1.0,965.29,266.747,1.0,569.234,518.455,1.0,573.786,526.553,1.0,576.403,531.153,1.0,583.323,525.652,1.0,590.466,518.444,1.0,709.223,550.307,1.0,706.861,561.106,1.0,698.61,567.315,1.0,693.784,572.286,1.0,685.544,579.894,1.0,362.158,164.324,1.0,354.834,167.304,1.0,344.292,174.172,1.0,340.592,183.874,1.0,337.2,188.914,1.0
427,965.537,687.522,1.0,962.314,673.107,1.0,954.935,670.151,1.0,948.287,665.172,1.0,940.387,658.073,1.0,960.445,233.613,1.0,959.618,241.521,1.0,958.782,247.106,1.0,960.115,259.737,1.0,965.46,265.422,1.0,570.188,515.616,1.0,573.246,526.219,1.0,576.615,531.153,1.0,585.965,527.793,1.0,590.466,518.172,1.0,709.585,550.09,1.0,706.88,556.786,1.0,697.237,565.922,1.0,693.675,571.947,1.0,687.033,579.894,1.0,361.493,164.324,1.0,354.702,167.0,1.0,349.965,178.168,1.0,340.593,183.468,1.0,337.321,188.387,1.0
428,966.51,688.106,1.0,963.347,673.107,1.0,955.513,670.428,1.0,948.744,665.172,1.0,940.395,658.198,1.0,960.445,233.465,1.0,959.855,241.521,1.0,958.782,245.965,1.0,960.115,259.043,1.0,965.46,264.222,0.9980000257492065,570.907,514.666,1.0,573.246,524.978,1.0,576.615,530.648,1.0,581.231,526.863,1.0,590.466,518.444,1.0,714.261,546.918,1.0,706.88,550.38,1.0,697.237,562.438,1.0,694.444,570.706,1.0,687.55,579.332,1.0,361.493,164.651,1.0,354.702,167.0,1.0,349.965,176.868,1.0,341.511,182.576,1.0,337.541,181.816,1.0
429,966.614,688.392,1.0,963.38,674.076,1.0,955.649,671.087,1.0,948.834,665.99,1.0,941.009,659.088,1.0,960.445,232.907,1.0,959.855,241.521,1.0,958.782,245.965,1.0,960.381,255.382,1.0,965.095,263.874,1.0,570.907,514.647,1.0,573.49,522.251,1.0,574.721,529.405,1.0,581.09,526.863,1.0,590.486,518.502,1.0,714.261,544.761,1.0,708.82,547.913,1.0,697.237,561.81,1.0,695.208,565.126,1.0,688.011,578.137,1.0,360.771,164.651,1.0,354.834,167.24,1.0,350.246,177.484,1.0,342.088,181.156,1.0,338.096,181.023,1.0
430,968.623,688.659,1.0,965.611,676.201,1.0,957.195,674.9,1.0,950.1,669.033,1.0,942.474,662.456,1.0,960.418,232.907,1.0,959.855,241.521,1.0,957.884,247.106,1.0,960.396,255.134,1.0,964.978,263.874,0.9890000224113464,570.907,513.132,1.0,573.786,521.872,1.0,574.721,528.447,1.0,580.03,526.256,1.0,591.129,518.862,1.0,714.261,544.55,1.0,709.078,547.913,1.0,697.825,561.81,1.0,695.408,565.126,1.0,688.073,577.635,1.0,360.593,164.651,1.0,356.228,167.059,1.0,350.897,177.484,1.0,342.54,180.818,1.0,338.096,181.013,1.0
431,969.908,689.263,1.0,969.861,680.944,1.0,957.222,678.507,1.0,950.253,670.234,1.0,942.694,664.323,1.0,960.328,230.581,1.0,958.177,238.991,1.0,957.433,250.171,1.0,961.068,255.382,1.0,964.978,264.222,1.0,570.851,512.93,1.0,573.49,520.932,1.0,574.721,527.294,1.0,580.03,526.863,1.0,591.129,518.881,1.0,714.261,544.331,1.0,709.192,547.913,1.0,698.128,561.39,1.0,695.408,565.126,1.0,691.941,571.594,1.0,360.397,164.651,1.0,356.559,167.059,1.0,351.249,177.484,1.0,342.961,180.818,1.0,338.096,179.993,1.0
432,969.908,689.777,1.0,969.861,681.734,1.0,958.1,678.507,1.0,951.09,670.689,1.0,943.333,664.323,1.0,959.932,228.922,1.0,956.789,236.083,1.0,957.284,250.171,1.0,961.068,255.288,1.0,964.934,265.3,1.0,570.82,512.702,1.0,573.49,520.932,1.0,574.721,527.294,1.0,580.03,526.863,1.0,591.129,519.204,1.0,714.261,543.801,1.0,709.436,550.295,1.0,702.291,561.39,1.0,699.222,565.069,1.0,691.944,571.401,1.0,360.397,164.651,1.0,356.559,167.24,1.0,351.249,177.484,1.0,342.961,180.818,1.0,337.697,179.993,1.0
433,970.691,690.127,1.0,970.056,681.998,1.0,958.186,679.613,1.0,951.09,670.798,1.0,943.852,664.366,1.0,959.159,228.468,1.0,956.583,236.083,1.0,957.083,250.171,1.0,961.443,255.288,1.0,964.978,265.3,1.0,567.486,509.01,1.0,573.085,517.687,1.0,575.4,524.249,1.0,580.975,527.876,1.0,590.782,520.594,1.0,716.278,543.704,1.0,713.115,550.295,1.0,706.013,556.782,1.0,700.852,565.069,1.0,693.48,571.401,1.0,360.397,164.818,1.0,356.228,167.469,1.0,351.249,177.484,1.0,343.221,181.017,1.0,337.533,179.993,1.0
434,970.691,691.24,1.0,970.082,688.664,1.0,960.405,680.079,1.0,953.941,671.8,1.0,948.961,664.366,1.0,959.159,228.45,1.0,956.58,235.876,1.0,957.083,249.417,1.0,961.443,255.134,1.0,964.589,265.3,1.0,567.305,507.491,1.0,573.085,515.815,1.0,575.477,521.222,1.0,582.122,528.097,1.0,590.782,523.274,1.0,716.373,542.573,1.0,713.115,550.295,1.0,706.013,556.06,1.0,701.036,564.741,1.0,694.219,571.477,1.0,360.397,165.272,1.0,353.562,167.81,1.0,349.065,177.466,1.0,343.312,183.209,1.0,337.512,180.743,1.0
435,980.574,700.716,1.0,974.169,693.735,1.0,965.726,681.158,1.0,955.636,675.685,1.0,951.239,667.117,1.0,959.159,227.059,1.0,956.492,235.876,1.0,957.284,248.335,1.0,961.618,250.781,1.0,964.316,265.188,1.0,567.305,507.491,1.0,573.085,515.688,1.0,575.723,520.922,1.0,582.122,528.097,1.0,590.648,524.047,1.0,717.292,540.712,1.0,713.115,547.94,1.0,706.084,554.996,1.0,701.056,562.884,1.0,694.805,571.477,1.0,361.423,167.419,1.0,353.562,169.252,1.0,348.464,176.904,1.0,343.344,183.209,1.0,334.645,183.233,1.0
436,980.574,700.716,1.0,974.169,693.735,1.0,966.382,681.158,1.0,956.778,675.685,1.0,951.239,667.117,1.0,959.159,227.059,1.0,956.492,234.682,1.0,957.285,248.335,1.0,961.65,250.595,1.0,964.014,264.037,1.0,567.147,507.281,1.0,573.085,515.216,1.0,575.723,520.297,1.0,580.975,527.876,1.0,590.567,524.205,1.0,717.434,540.524,1.0,713.974,547.921,1.0,706.3,554.083,1.0,701.056,562.065,1.0,696.841,571.166,1.0,361.597,174.569,1.0,353.562,170.593,1.0,348.321,176.137,1.0,343.684,183.209,1.0,334.645,183.889,1.0
437,980.574,700.79,1.0,974.546,693.899,1.0,966.616,681.158,1.0,957.453,676.053,1.0,951.239,667.117,1.0,958.755,227.059,1.0,956.492,234.682,1.0,957.394,248.335,1.0,961.65,249.833,1.0,962.745,264.037,1.0,566.786,507.281,1.0,573.085,513.748,1.0,575.723,517.385,1.0,579.715,524.998,1.0,590.052,524.255,1.0,717.53,540.303,1.0,714.255,547.675,1.0,706.558,552.528,1.0,701.755,559.416,1.0,697.791,569.499,1.0,361.686,176.829,1.0,353.949,170.892,1.0,348.321,176.137,1.0,344.239,182.083,1.0,334.645,184.69,1.0
438,979.865,701.705,1.0,974.546,694.1,1.0,966.727,681.417,1.0,957.582,676.841,1.0,950.815,667.059,1.0,958.755,227.257,1.0,956.621,234.682,1.0,957.425,247.984,1.0,961.618,249.759,1.0,962.582,264.037,1.0,566.522,497.328,1.0,569.641,507.913,1.0,572.229,517.167,1.0,577.112,522.015,1.0,586.585,527.927,1.0,719.939,538.438,1.0,714.255,537.904,1.0,712.694,549.419,1.0,705.226,552.686,1.0,700.68,565.19,1.0,361.484,180.083,1.0,354.237,176.373,1.0,348.464,176.137,1.0,344.605,180.703,1.0,335.358,185.564,1.0
439,978.982,702.0,1.0,974.546,694.1,1.0,967.779,681.417,1.0,958.214,679.516,1.0,950.32,667.059,1.0,957.384,230.088,1.0,957.284,234.889,1.0,957.425,247.984,1.0,961.279,248.778,1.0,962.458,263.734,1.0,566.122,495.172,1.0,569.641,504.341,1.0,571.819,516.478,1.0,577.051,521.815,1.0,585.754,527.927,1.0,726.865,536.281,1.0,716.558,536.983,1.0,713.329,547.404,1.0,706.516,551.626,1.0,701.714,565.039,1.0,363.524,180.735,1.0,354.731,179.746,1.0,349.609,176.408,1.0,344.605,180.169,1.0,337.445,185.724,1.0
440,978.981,702.0,1.0,974.783,693.899,1.0,967.779,681.04,1.0,958.214,679.516,1.0,950.237,667.059,1.0,955.07,236.657,1.0,957.572,235.415,1.0,958.246,247.984,1.0,961.279,248.515,1.0,962.458,263.976,1.0,565.498,495.145,1.0,569.606,504.242,1.0,571.478,516.366,1.0,576.229,521.289,1.0,580.983,527.927,1.0,727.429,535.999,1.0,716.988,536.975,1.0,713.347,547.402,1.0,706.559,551.38,1.0,701.806,564.859,1.0,364.334,185.963,1.0,355.376,182.52,1.0,350.545,176.408,1.0,344.239,179.081,1.0,338.108,185.724,1.0
441,978.981,702.0,1.0,975.06,693.899,1.0,967.839,681.901,1.0,958.214,679.516,1.0,950.237,667.129,1.0,954.833,236.661,0.9860000014305115,957.588,239.313,1.0,958.251,247.922,1.0,961.279,247.662,1.0,962.582,263.976,1.0,564.798,495.145,1.0,569.255,503.806,1.0,571.331,515.858,1.0,576.15,521.289,1.0,580.483,527.77,1.0,728.653,534.923,1.0,717.461,536.861,1.0,713.347,547.177,1.0,706.755,551.364,1.0,702.087,564.8,1.0,367.28,187.795,1.0,358.017,186.491,1.0,354.62,176.425,1.0,344.15,178.173,1.0,338.755,185.724,1.0
442,978.982,699.772,1.0,975.167,693.272,1.0,967.839,681.901,1.0,957.38,677.559,1.0,950.237,667.34,1.0,954.267,236.942,1.0,957.572,240.533,1.0,958.251,247.318,1.0,962.455,246.597,1.0,963.559,263.101,1.0,564.771,493.686,1.0,568.556,502.273,1.0,570.049,513.46,1.0,574.325,521.289,1.0,579.268,527.757,1.0,728.925,534.662,1.0,718.457,536.818,1.0,713.487,547.177,1.0,707.448,551.364,1.0,703.6,564.615,1.0,367.346,187.795,1.0,358.191,186.742,1.0,354.99,176.79,1.0,344.15,178.173,1.0,339.321,185.241,1.0
443,981.716,698.983,1.0,975.06,693.031,1.0,967.07,681.809,1.0,956.915,677.481,1.0,950.694,667.406,1.0,951.552,237.048,1.0,957.572,240.533,1.0,958.251,246.726,1.0,962.455,246.597,1.0,963.559,262.766,1.0,564.256,494.104,1.0,565.212,501.986,1.0,569.8,511.482,1.0,570.981,524.597,1.0,576.081,526.792,1.0,729.582,531.021,1.0,720.769,536.818,1.0,714.018,547.029,1.0,708.429,551.134,1.0,704.185,562.316,1.0,367.735,187.831,1.0,359.144,186.742,1.0,355.029,177.596,1.0,344.15,178.173,1.0,339.473,185.193,1.0
444,982.715,692.89,1.0,976.366,692.012,1.0,967.035,681.809,1.0,956.884,677.481,1.0,950.694,667.406,1.0,951.504,237.048,1.0,957.412,239.765,1.0,958.501,246.264,1.0,962.473,246.597,1.0,963.559,262.168,1.0,564.139,493.686,1.0,564.827,500.421,1.0,569.8,509.826,1.0,570.861,524.597,1.0,576.067,526.792,1.0,729.582,527.478,1.0,722.094,536.861,1.0,715.94,546.862,1.0,708.429,550.965,1.0,704.362,558.55,1.0,368.327,188.068,1.0,360.722,186.491,1.0,355.078,179.138,1.0,344.452,178.173,1.0,339.473,185.076,1.0
445,983.314,686.602,1.0,976.366,690.423,1.0,967.035,682.298,1.0,956.482,677.559,1.0,950.694,667.406,1.0,950.496,237.048,1.0,957.226,240.225,1.0,958.501,246.101,1.0,962.455,246.123,1.0,963.251,261.921,1.0,564.139,493.686,1.0,564.484,500.3,1.0,569.882,509.447,1.0,570.481,524.597,1.0,576.022,526.831,1.0,729.582,527.204,1.0,722.262,536.89,1.0,716.039,546.576,1.0,708.946,550.923,1.0,704.614,558.433,1.0,372.125,191.209,1.0,367.163,180.08,1.0,358.418,180.938,1.0,345.658,178.372,1.0,340.659,185.076,1.0
446,983.827,686.602,1.0,974.974,689.577,1.0,967.035,682.718,1.0,956.482,678.449,1.0,950.35,667.048,1.0,950.485,235.432,1.0,957.167,239.765,1.0,958.501,245.414,1.0,962.883,245.775,1.0,962.889,261.802,1.0,564.139,493.484,1.0,564.415,500.245,1.0,569.882,509.149,1.0,570.263,524.554,1.0,575.403,526.792,1.0,729.582,527.204,1.0,723.069,536.89,1.0,716.243,546.576,1.0,708.946,550.096,1.0,704.614,558.1,1.0,372.147,191.209,1.0,367.438,179.527,1.0,359.058,180.938,1.0,346.468,178.372,1.0,340.92,179.654,1.0
447,983.559,685.99,1.0,971.927,687.857,1.0,967.08,683.556,1.0,956.396,678.623,1.0,950.34,667.043,1.0,950.485,234.809,0.996999979019165,957.167,239.737,0.9990000128746033,959.512,245.381,1.0,962.241,245.775,1.0,962.737,261.452,1.0,564.139,493.246,1.0,564.031,500.107,1.0,569.772,508.832,1.0,570.263,524.101,1.0,576.067,526.63,1.0,729.999,527.204,1.0,723.069,536.89,1.0,716.655,546.215,1.0,708.946,549.063,1.0,704.717,554.12,1.0,374.026,191.209,1.0,368.351,179.106,1.0,359.058,180.938,1.0,346.514,178.372,1.0,341.515,178.917,1.0
448,983.827,686.602,1.0,971.927,687.791,1.0,967.126,683.626,1.0,956.482,679.024,1.0,950.34,667.043,1.0,947.528,231.632,1.0,956.631,238.91,1.0,959.512,242.654,1.0,961.533,244.191,1.0,962.737,260.872,1.0,562.75,490.733,1.0,562.938,497.101,1.0,567.496,508.684,1.0,567.607,517.644,1.0,576.067,524.802,1.0,732.218,528.218,1.0,726.348,536.287,1.0,719.365,541.339,1.0,711.626,548.007,1.0,706.469,553.976,1.0,374.067,191.19,1.0,368.486,179.527,1.0,359.083,181.448,1.0,346.635,178.372,1.0,341.602,178.332,1.0
449,984.326,687.53,1.0,971.927,687.519,1.0,967.126,683.774,1.0,959.529,679.028,1.0,950.34,667.048,1.0,947.528,231.632,1.0,956.631,238.91,1.0,960.163,242.654,1.0,961.183,243.951,1.0,962.889,259.702,1.0,561.117,485.703,1.0,560.977,491.626,1.0,566.343,504.635,1.0,564.975,512.813,1.0,576.308,524.59,1.0,734.482,528.352,1.0,726.573,533.613,1.0,719.692,536.747,1.0,713.914,543.806,1.0,708.92,553.229,1.0,374.068,190.871,1.0,369.429,179.527,1.0,360.191,181.448,1.0,347.193,178.632,1.0,342.587,178.211,1.0
450,985.944,687.53,1.0,972.462,686.372,1.0,967.126,684.009,1.0,959.71,679.283,1.0,950.34,667.468,1.0,946.743,230.53,1.0,956.631,238.91,1.0,960.259,241.769,1.0,960.621,243.365,1.0,963.309,255.513,1.0,560.532,485.504,1.0,560.874,491.323,1.0,566.343,504.454,1.0,564.64,512.76,1.0,576.308,524.03,1.0,734.627,528.352,1.0,726.625,533.316,1.0,720.081,536.266,1.0,714.173,543.636,1.0,708.997,553.229,1.0,378.834,190.202,1.0,372.94,181.078,1.0,363.232,182.291,1.0,355.646,180.784,1.0,345.136,177.076,1.0
451,986.439,686.18,1.0,972.57,686.185,1.0,967.126,684.849,1.0,960.082,679.283,1.0,950.49,667.561,1.0,946.743,230.53,0.7599999904632568,958.57,240.998,0.9800000190734863,960.259,241.698,1.0,956.63,243.357,1.0,963.309,251.275,0.9539999961853027,560.419,485.46,1.0,560.323,491.229,1.0,566.343,504.373,1.0,564.237,512.317,1.0,576.308,522.465,1.0,734.695,528.218,1.0,726.823,533.129,1.0,720.104,535.937,1.0,714.194,543.188,1.0,709.426,553.229,1.0,381.441,189.82,1.0,373.705,181.305,1.0,364.674,182.378,1.0,355.646,181.591,1.0,345.732,176.816,1.0
452,986.48,686.273,1.0,975.317,684.77,1.0,967.233,689.141,1.0,960.887,679.775,1.0,950.642,667.668,1.0,946.743,230.53,0.8320000171661377,958.57,240.998,0.9909999966621399,960.259,241.698,1.0,954.793,243.123,1.0,963.309,250.956,0.8939999938011169,560.283,485.222,1.0,560.323,490.831,1.0,566.343,504.373,1.0,564.237,511.058,1.0,576.005,522.103,1.0,734.765,527.847,1.0,729.413,532.3,1.0,721.184,535.454,1.0,715.381,541.864,1.0,709.738,551.366,1.0,381.441,189.82,1.0,373.71,182.309,1.0,364.751,183.148,1.0,355.736,182.404,1.0,345.823,176.816,1.0
453,986.48,686.273,1.0,975.317,684.77,1.0,967.233,689.141,1.0,960.887,679.775,1.0,950.671,667.886,1.0,946.551,229.19,1.0,958.57,240.998,0.9990000128746033,958.58,239.946,1.0,953.523,242.782,1.0,959.317,248.428,0.9980000257492065,558.731,483.052,1.0,560.323,489.021,1.0,566.343,502.097,1.0,564.237,506.309,1.0,575.168,519.875,1.0,740.858,521.494,1.0,731.895,523.092,1.0,727.495,533.318,1.0,716.333,539.681,1.0,709.953,548.24,1.0,381.441,189.575,1.0,373.71,182.309,1.0,364.751,183.148,1.0,355.646,182.404,1.0,345.823,176.708,1.0
454,986.48,686.273,1.0,975.317,684.77,1.0,967.25,689.141,1.0,960.887,679.871,1.0,950.671,667.886,1.0,946.551,229.19,0.9990000128746033,959.333,240.998,1.0,952.546,236.193,1.0,951.091,241.878,1.0,959.306,247.422,1.0,552.153,477.13,1.0,560.956,489.021,1.0,565.847,496.214,1.0,564.237,504.294,1.0,574.302,515.483,1.0,744.604,520.581,1.0,734.732,522.081,1.0,729.362,532.341,1.0,717.896,537.09,1.0,713.57,545.752,1.0,379.131,189.098,1.0,373.71,182.309,1.0,364.751,183.148,1.0,355.646,182.404,1.0,345.903,176.519,1.0
455,985.78,688.049,1.0,975.317,685.718,1.0,967.246,687.931,1.0,960.704,679.775,1.0,950.671,667.886,1.0,963.429,252.963,1.0,959.333,242.042,1.0,952.364,235.487,1.0,950.937,235.154,1.0,945.011,227.25,1.0,550.567,476.567,1.0,560.956,489.021,1.0,564.851,496.214,1.0,566.299,504.294,1.0,573.738,515.044,1.0,746.327,518.389,1.0,735.568,521.036,1.0,729.408,531.032,1.0,720.599,532.081,1.0,713.676,545.482,1.0,378.498,187.997,1.0,373.505,182.005,1.0,364.674,183.685,1.0,356.76,182.464,1.0,345.903,176.708,1.0
456,985.568,689.107,1.0,972.57,688.925,1.0,967.308,685.923,1.0,960.011,679.961,1.0,950.663,667.676,1.0,961.173,246.022,1.0,956.207,236.649,1.0,951.554,234.526,1.0,950.788,230.013,1.0,942.185,226.086,1.0,550.567,476.567,1.0,560.956,489.021,1.0,564.21,493.862,1.0,566.299,503.947,1.0,573.635,514.926,1.0,746.486,518.344,1.0,735.569,520.893,1.0,729.408,530.84,1.0,720.92,531.863,1.0,714.026,545.213,1.0,378.275,177.847,1.0,373.129,182.652,1.0,365.303,184.668,1.0,357.358,182.464,1.0,346.836,176.096,1.0
457,984.538,692.12,1.0,972.57,691.404,1.0,967.308,685.42,1.0,959.186,679.992,1.0,950.663,667.676,1.0,961.639,246.022,1.0,956.391,236.649,1.0,951.554,234.526,1.0,949.309,228.543,1.0,940.88,224.934,1.0,550.567,476.565,1.0,560.431,489.021,1.0,561.864,492.949,1.0,565.589,500.91,1.0,572.025,513.626,1.0,746.486,518.051,1.0,735.859,520.246,1.0,729.802,530.84,1.0,721.83,531.863,1.0,714.573,544.893,1.0,378.275,175.892,1.0,373.129,182.005,1.0,365.303,184.668,1.0,358.343,182.745,1.0,347.369,176.096,1.0
458,983.501,693.796,1.0,976.591,691.544,1.0,967.64,685.42,1.0,959.186,680.105,1.0,950.663,667.674,1.0,961.639,246.022,0.9800000190734863,957.555,236.799,0.9890000224113464,950.614,229.701,1.0,948.872,228.543,1.0,938.72,223.317,0.9990000128746033,551.326,476.329,1.0,558.688,486.971,1.0,561.845,492.596,1.0,564.227,498.198,1.0,568.451,506.954,1.0,746.602,516.763,1.0,736.166,520.246,1.0,730.006,530.302,1.0,723.818,532.081,1.0,718.066,542.39,1.0,378.275,174.729,1.0,373.129,182.005,1.0,368.234,184.668,1.0,360.328,183.371,1.0,347.708,176.845,1.0
459,982.128,698.846,1.0,976.595,692.405,1.0,967.688,685.42,1.0,959.186,680.105,1.0,950.707,667.674,1.0,961.189,242.988,0.9440000057220459,956.391,236.649,0.9710000157356262,949.122,229.701,1.0,947.877,228.328,1.0,937.903,222.462,0.9810000061988831,551.326,476.285,1.0,557.051,483.113,1.0,561.845,486.666,1.0,564.295,494.592,1.0,567.612,506.954,1.0,746.839,511.183,1.0,739.927,520.246,1.0,732.269,529.779,1.0,724.584,532.64,1.0,719.932,541.929,1.0,380.908,174.559,1.0,375.589,181.434,1.0,368.256,184.751,1.0,361.207,183.476,1.0,350.368,176.857,1.0
460,981.681,699.238,1.0,977.064,692.826,1.0,967.849,685.585,1.0,959.963,681.007,1.0,950.922,667.742,1.0,961.173,242.235,1.0,956.207,236.531,1.0,948.633,229.701,1.0,944.38,227.611,1.0,937.903,217.189,1.0,551.326,476.285,1.0,557.027,482.915,1.0,561.845,486.666,1.0,564.227,493.315,1.0,565.123,505.716,1.0,746.839,509.451,1.0,739.927,520.326,1.0,732.597,529.385,1.0,724.584,532.64,1.0,720.041,541.517,1.0,381.207,174.038,1.0,375.589,181.308,1.0,368.256,182.102,1.0,361.207,183.408,1.0,350.445,177.209,1.0
461,979.7,699.911,1.0,977.064,693.025,1.0,967.892,685.789,1.0,960.401,681.143,1.0,950.955,667.744,1.0,959.822,241.814,1.0,954.971,235.862,1.0,946.986,228.256,1.0,944.38,227.611,1.0,938.451,217.189,1.0,551.277,475.851,1.0,556.844,482.678,1.0,561.845,486.055,1.0,564.023,493.061,1.0,565.123,505.149,1.0,746.721,508.956,1.0,740.428,520.326,1.0,732.976,529.385,1.0,724.588,532.64,1.0,720.253,541.426,1.0,381.409,173.969,1.0,376.498,180.772,1.0,368.781,181.496,1.0,362.056,183.476,1.0,351.171,177.691,1.0
462,978.0,700.406,1.0,977.064,693.096,1.0,967.892,685.832,1.0,960.581,681.253,1.0,950.955,667.789,1.0,957.078,240.485,1.0,954.184,234.949,1.0,944.427,227.874,1.0,944.38,228.605,1.0,938.72,217.189,1.0,549.465,475.396,1.0,552.912,478.512,1.0,556.285,485.995,1.0,563.26,490.947,1.0,562.782,500.73,1.0,746.839,508.956,1.0,740.428,520.326,1.0,733.485,528.096,1.0,724.775,530.978,1.0,720.582,541.426,1.0,383.608,171.385,1.0,376.911,174.057,1.0,368.781,180.847,1.0,362.154,184.15,1.0,354.089,178.107,1.0
463,978.0,700.496,1.0,977.025,693.165,1.0,967.892,685.988,1.0,960.581,681.274,1.0,950.955,667.802,1.0,938.611,209.591,1.0,942.301,222.556,1.0,941.561,223.277,1.0,945.479,228.605,1.0,951.787,230.986,1.0,543.82,466.423,1.0,547.767,472.08,1.0,552.619,482.483,1.0,558.904,486.811,1.0,560.294,498.216,1.0,747.091,509.451,1.0,740.446,519.652,1.0,733.568,527.295,1.0,726.677,530.05,1.0,721.489,537.039,1.0,386.038,170.093,1.0,377.123,169.983,1.0,370.743,178.553,1.0,363.132,184.532,1.0,357.621,178.356,1.0
464,978.0,700.496,1.0,976.763,693.165,1.0,968.351,685.988,1.0,959.963,681.274,1.0,950.955,667.828,1.0,938.611,209.591,0.9559999704360962,942.301,222.556,0.9919999837875366,941.561,219.816,1.0,945.479,228.605,1.0,951.787,230.986,0.9459999799728394,542.941,466.334,1.0,547.617,471.762,1.0,552.524,482.116,1.0,558.459,486.047,1.0,560.221,497.65,1.0,752.357,511.272,1.0,742.991,515.149,1.0,734.966,519.155,1.0,727.847,526.647,1.0,722.877,537.031,1.0,387.258,169.823,1.0,378.144,169.48,1.0,372.493,178.553,1.0,365.386,184.15,1.0,358.62,179.331,1.0
465,980.176,700.496,1.0,976.688,693.165,1.0,968.351,686.084,1.0,960.051,681.274,1.0,950.882,667.827,1.0,935.576,208.481,1.0,941.46,220.707,1.0,940.576,219.754,1.0,945.479,228.605,1.0,951.787,231.07,1.0,542.598,466.067,1.0,547.322,471.73,1.0,552.524,482.116,1.0,558.33,486.047,1.0,559.569,497.252,1.0,753.864,513.433,1.0,744.743,514.792,1.0,735.529,518.716,1.0,728.642,525.986,1.0,724.508,536.904,1.0,389.202,167.835,1.0,379.684,168.559,1.0,375.107,178.049,1.0,366.134,184.15,1.0,359.488,179.906,1.0
466,980.733,699.203,1.0,976.559,692.237,1.0,967.415,686.084,1.0,959.807,681.248,1.0,950.882,667.827,1.0,935.445,208.481,0.777999997138977,939.114,213.655,0.9810000061988831,940.411,218.984,1.0,940.737,224.378,1.0,948.798,230.986,0.9909999966621399,542.4,465.172,1.0,547.166,471.73,1.0,552.524,481.857,1.0,557.714,486.047,1.0,559.372,496.264,1.0,754.217,513.86,1.0,744.958,514.468,1.0,735.568,518.716,1.0,728.642,525.874,1.0,724.587,536.904,1.0,390.439,167.314,1.0,382.361,167.904,1.0,376.244,176.472,1.0,369.818,182.09,1.0,361.407,181.204,1.0
467,980.733,691.482,1.0,975.912,690.991,1.0,967.265,682.769,1.0,958.919,680.685,1.0,950.681,667.874,1.0,935.576,209.591,1.0,939.114,213.655,1.0,940.347,217.663,1.0,939.745,223.432,1.0,947.111,229.106,1.0,542.4,464.485,1.0,546.608,471.762,1.0,551.418,481.413,1.0,553.718,491.067,1.0,558.172,494.589,1.0,754.898,513.86,1.0,745.184,514.253,1.0,735.588,518.716,1.0,728.719,525.87,1.0,725.067,536.904,1.0,395.353,158.816,1.0,388.494,167.89,1.0,381.261,175.577,1.0,373.246,177.1,1.0,367.603,181.204,1.0
468,983.415,690.063,1.0,975.912,689.645,1.0,967.029,682.769,1.0,956.491,677.74,1.0,950.681,667.874,1.0,950.187,230.11,1.0,943.504,225.617,1.0,940.07,217.121,1.0,937.5,219.48,1.0,936.441,213.199,1.0,541.722,464.482,1.0,543.405,471.639,1.0,551.204,481.365,1.0,552.933,491.067,1.0,558.172,494.135,1.0,755.333,513.433,1.0,745.67,513.828,1.0,737.431,518.716,1.0,728.843,525.067,1.0,725.138,536.34,1.0,395.568,158.816,1.0,389.093,167.83,1.0,381.653,175.063,1.0,374.385,176.966,1.0,368.276,181.17,1.0
469,985.181,687.557,1.0,975.294,688.361,1.0,967.029,683.342,1.0,956.491,677.74,1.0,950.611,668.174,1.0,950.187,230.11,1.0,943.376,225.617,1.0,938.851,217.121,1.0,937.5,214.997,1.0,932.571,201.779,1.0,541.657,463.9,1.0,543.265,471.639,1.0,551.195,481.365,1.0,552.888,491.067,1.0,558.069,494.135,1.0,755.34,512.75,1.0,746.474,513.582,1.0,739.17,518.395,1.0,730.313,524.088,1.0,725.163,534.616,1.0,395.62,158.251,1.0,390.175,167.662,1.0,382.041,173.825,1.0,376.335,175.473,1.0,370.085,181.17,1.0
470,985.644,684.625,1.0,975.294,687.172,1.0,967.029,683.342,1.0,956.491,677.74,1.0,950.681,668.174,1.0,950.549,230.11,1.0,943.504,225.617,1.0,938.851,217.121,1.0,936.67,214.486,1.0,931.459,201.613,1.0,541.202,463.9,1.0,543.265,471.639,1.0,551.004,480.721,1.0,552.871,490.741,1.0,558.069,493.948,1.0,761.754,511.62,1.0,753.219,511.422,1.0,744.703,517.248,1.0,732.935,523.434,1.0,728.103,530.976,1.0,398.588,158.215,1.0,391.431,163.93,1.0,386.719,167.5,1.0,379.067,173.271,1.0,370.725,179.167,1.0
471,985.644,684.178,1.0,974.136,685.283,1.0,967.095,687.219,1.0,959.672,679.69,1.0,950.681,668.241,1.0,950.549,230.11,1.0,943.504,225.617,1.0,938.544,217.121,1.0,936.67,213.353,1.0,931.459,201.613,1.0,541.11,463.717,1.0,543.405,471.503,1.0,550.414,480.286,1.0,552.871,490.254,1.0,558.172,493.775,1.0,763.337,511.06,1.0,753.23,509.475,1.0,745.339,517.154,1.0,732.935,522.827,1.0,728.103,530.273,1.0,399.927,150.216,1.0,391.958,160.593,1.0,389.999,165.804,1.0,379.705,173.095,1.0,372.324,178.434,1.0
472,985.644,684.178,1.0,973.85,685.283,1.0,967.185,687.453,1.0,960.281,679.741,1.0,950.858,668.241,1.0,950.549,229.007,1.0,943.376,217.902,1.0,938.283,214.413,1.0,937.907,212.468,1.0,931.459,201.613,0.9990000128746033,539.433,462.786,1.0,544.815,470.02,1.0,547.829,477.413,1.0,548.841,485.06,1.0,558.409,493.394,1.0,763.885,510.758,1.0,753.23,509.461,1.0,745.706,516.934,1.0,732.935,522.612,1.0,728.422,530.269,1.0,400.081,150.216,1.0,393.587,156.427,1.0,389.999,165.471,1.0,380.267,172.167,1.0,372.714,177.116,1.0
473,984.82,684.178,1.0,973.68,685.283,1.0,967.212,687.727,1.0,960.429,679.874,1.0,950.858,668.254,1.0,926.542,196.951,1.0,928.025,203.436,1.0,935.949,213.541,1.0,937.907,212.116,1.0,943.618,223.787,1.0,537.435,458.796,1.0,544.915,465.524,1.0,545.365,472.33,1.0,546.215,481.034,1.0,559.125,493.394,1.0,763.885,510.597,1.0,753.23,507.837,1.0,745.706,515.914,1.0,732.935,521.751,1.0,728.422,529.787,1.0,400.668,150.216,1.0,393.587,155.737,1.0,390.359,163.957,1.0,381.395,169.544,1.0,376.326,174.901,1.0
474,984.052,685.543,1.0,973.68,686.229,1.0,967.532,687.994,1.0,960.491,680.369,1.0,950.895,668.552,1.0,925.712,196.058,1.0,927.266,202.74,1.0,935.618,212.237,1.0,938.341,210.987,1.0,943.867,223.787,1.0,537.433,458.437,1.0,544.915,465.46,1.0,545.246,471.946,1.0,545.63,480.787,1.0,559.125,492.641,1.0,763.366,510.497,1.0,753.23,504.804,1.0,745.339,515.553,1.0,732.935,521.751,1.0,728.422,529.224,1.0,407.26,150.268,1.0,399.159,153.563,1.0,390.591,163.688,1.0,386.546,169.509,1.0,382.743,173.226,1.0
475,983.856,686.675,1.0,973.68,686.681,1.0,967.532,688.155,1.0,960.554,680.369,1.0,950.903,668.562,1.0,925.419,195.203,1.0,926.978,201.744,1.0,935.45,211.967,1.0,938.82,210.53,1.0,943.867,223.787,1.0,537.164,455.795,1.0,544.815,465.257,1.0,545.239,471.79,1.0,545.63,478.743,1.0,559.125,492.641,1.0,763.366,510.392,1.0,754.487,504.757,1.0,742.949,511.035,1.0,737.704,521.328,1.0,730.366,528.616,1.0,408.051,150.268,1.0,400.158,153.045,1.0,390.976,159.898,1.0,387.568,168.359,1.0,382.957,173.069,1.0
476,983.856,686.845,1.0,974.848,688.48,1.0,967.87,688.887,1.0,961.579,680.369,1.0,951.05,670.221,1.0,925.419,194.712,1.0,926.799,200.658,1.0,935.45,211.882,1.0,938.82,210.148,1.0,943.867,223.55,1.0,537.099,455.795,1.0,544.255,465.257,1.0,545.239,471.79,1.0,546.215,475.663,1.0,558.609,491.175,1.0,761.646,500.055,1.0,759.13,504.151,1.0,742.699,510.09,1.0,738.631,520.942,1.0,734.863,525.863,1.0,408.156,150.268,1.0,400.937,152.682,1.0,395.415,157.528,1.0,388.573,167.632,1.0,383.857,172.082,1.0
477,983.652,687.067,1.0,975.735,689.639,1.0,968.313,688.887,1.0,963.149,679.176,1.0,955.344,672.853,1.0,925.419,193.421,1.0,926.799,200.421,1.0,934.512,210.365,1.0,938.248,210.148,1.0,943.377,223.11,1.0,536.916,453.062,1.0,540.779,460.655,1.0,544.205,470.346,1.0,548.924,474.074,1.0,557.548,486.106,1.0,761.646,499.231,1.0,759.379,502.715,1.0,742.644,509.442,1.0,738.785,520.568,1.0,735.186,525.346,1.0,408.738,145.427,1.0,405.238,151.45,1.0,397.516,157.191,1.0,391.848,162.817,1.0,386.501,167.464,1.0
478,983.955,687.368,1.0,976.437,690.105,1.0,969.021,689.001,1.0,964.041,679.1,1.0,956.159,674.015,1.0,924.29,192.846,1.0,926.799,198.432,1.0,934.358,208.293,1.0,938.248,210.53,1.0,943.159,222.075,1.0,532.708,448.633,1.0,539.489,458.191,1.0,544.046,465.944,1.0,549.369,472.616,1.0,555.774,485.563,1.0,761.889,499.182,1.0,759.466,502.688,1.0,742.699,509.442,1.0,738.918,520.568,1.0,735.401,525.286,1.0,413.822,144.838,1.0,405.238,150.812,1.0,399.485,154.721,1.0,392.629,160.901,1.0,388.105,166.844,1.0
479,983.955,687.368,1.0,977.023,690.923,1.0,969.042,689.001,1.0,964.348,679.1,1.0,956.159,674.157,1.0,922.407,191.967,0.9990000128746033,928.298,197.256,1.0,932.599,204.756,1.0,935.898,217.612,1.0,941.817,217.992,1.0,532.704,448.55,1.0,539.395,457.871,1.0,543.717,465.463,1.0,549.369,472.602,1.0,555.646,485.276,1.0,761.889,497.9,1.0,759.481,502.688,1.0,742.949,509.442,1.0,738.918,519.78,1.0,735.422,525.164,1.0,413.88,144.419,1.0,407.392,150.812,1.0,401.091,152.916,1.0,392.916,160.661,1.0,388.337,165.154,1.0
480,984.022,687.368,1.0,977.083,691.212,1.0,969.156,689.001,1.0,964.348,679.176,1.0,956.159,674.949,1.0,922.407,191.967,1.0,928.605,197.256,1.0,931.08,204.756,1.0,933.591,218.328,1.0,941.615,217.525,1.0,532.584,448.147,1.0,539.197,457.728,1.0,543.717,465.395,1.0,548.924,472.602,1.0,555.481,485.097,1.0,761.977,497.9,1.0,759.596,502.715,1.0,748.806,508.555,1.0,740.439,519.023,1.0,735.565,525.057,1.0,413.947,142.878,1.0,408.83,148.011,1.0,401.243,151.735,1.0,396.623,156.912,1.0,388.349,165.154,1.0
481,984.216,687.067,1.0,977.204,691.797,1.0,969.28,689.381,1.0,964.348,679.587,1.0,955.992,675.379,1.0,922.407,192.409,1.0,928.763,197.256,1.0,930.536,204.756,1.0,933.517,218.328,1.0,941.55,217.519,1.0,532.584,447.965,1.0,538.376,457.364,1.0,542.413,464.481,1.0,547.932,472.616,1.0,553.949,483.622,1.0,765.008,497.9,1.0,759.926,504.116,1.0,751.327,508.45,1.0,743.599,514.869,1.0,735.821,522.454,1.0,418.027,137.254,1.0,411.573,141.135,1.0,407.196,148.02,1.0,400.313,149.435,1.0,394.406,160.688,1.0
482,984.216,687.075,1.0,977.204,691.8,1.0,969.345,689.381,1.0,964.291,679.653,1.0,955.836,675.398,1.0,922.407,191.418,1.0,928.763,197.256,1.0,930.431,204.529,1.0,933.517,218.11,1.0,941.55,217.525,1.0,527.189,443.265,1.0,533.643,454.491,1.0,538.422,463.192,1.0,542.511,472.616,1.0,548.579,477.67,1.0,766.527,498.65,1.0,759.926,504.147,1.0,752.294,507.858,1.0,743.765,514.71,1.0,736.24,521.83,1.0,418.264,133.338,1.0,411.975,141.093,1.0,407.347,147.911,1.0,400.769,149.435,1.0,394.703,160.46,1.0
483,984.216,687.06,1.0,977.204,691.893,1.0,969.523,689.381,1.0,964.135,679.67,1.0,955.653,675.441,1.0,918.531,191.31,1.0,928.298,196.316,1.0,930.031,204.374,1.0,933.517,217.612,1.0,941.492,217.524,1.0,524.418,442.799,1.0,532.257,453.751,1.0,538.228,461.581,1.0,540.863,470.602,1.0,547.843,476.306,1.0,766.727,498.65,1.0,759.926,504.147,1.0,752.656,507.699,1.0,744.207,514.334,1.0,736.434,521.582,1.0,418.342,133.26,1.0,412.446,140.19,1.0,407.39,147.441,1.0,402.633,149.367,1.0,394.739,159.411,1.0
484,983.697,687.055,1.0,976.782,691.8,1.0,969.454,689.381,1.0,964.135,679.653,1.0,955.585,675.441,1.0,917.744,190.798,1.0,926.929,195.274,1.0,930.031,199.399,1.0,933.379,212.051,1.0,940.185,217.312,1.0,524.418,442.799,1.0,532.109,453.751,1.0,538.215,461.141,1.0,540.6,470.602,1.0,547.643,476.123,1.0,766.832,498.65,1.0,759.926,504.116,1.0,752.88,507.333,1.0,744.232,513.7,1.0,737.097,521.582,1.0,425.941,132.589,1.0,416.304,133.84,1.0,410.171,147.271,1.0,405.537,149.255,1.0,399.923,158.096,1.0
485,983.578,687.018,1.0,976.732,691.797,1.0,969.454,688.894,1.0,964.291,679.653,1.0,955.585,675.398,1.0,916.49,190.435,1.0,924.669,194.027,1.0,928.756,198.949,1.0,933.379,208.4,1.0,938.821,217.524,1.0,524.187,442.799,1.0,531.853,453.648,1.0,537.972,460.929,1.0,540.6,470.29,1.0,546.97,475.704,1.0,767.52,497.135,1.0,760.085,502.684,1.0,753.089,506.462,1.0,744.571,513.311,1.0,738.226,520.27,1.0,427.167,130.622,1.0,418.731,133.84,1.0,413.677,144.589,1.0,405.858,149.255,1.0,402.559,151.423,1.0
486,983.578,686.908,1.0,976.732,691.543,1.0,969.454,688.894,1.0,964.068,680.204,1.0,955.597,675.202,1.0,916.49,189.707,1.0,923.541,192.62,1.0,928.093,197.244,1.0,933.735,206.896,1.0,938.169,217.524,1.0,524.187,445.657,1.0,529.391,453.648,1.0,537.137,459.401,1.0,539.787,468.537,1.0,544.173,474.89,1.0,769.727,494.135,1.0,762.22,499.764,1.0,754.948,504.664,1.0,747.358,509.656,1.0,739.617,516.962,1.0,427.751,130.098,1.0,418.885,132.721,1.0,414.016,144.482,1.0,406.813,149.255,1.0,402.982,151.18,1.0
487,983.578,686.811,1.0,976.732,690.418,1.0,969.434,689.487,1.0,964.3,679.983,1.0,955.653,674.693,1.0,916.484,189.477,1.0,923.321,192.484,1.0,928.093,197.244,1.0,932.97,206.875,1.0,938.103,217.312,1.0,523.239,445.657,1.0,525.082,448.823,1.0,534.98,457.426,1.0,535.252,464.146,1.0,542.251,471.214,1.0,774.362,489.893,1.0,767.276,492.505,1.0,762.328,502.611,1.0,749.773,507.768,1.0,743.507,514.046,1.0,427.928,128.451,1.0,421.514,132.675,1.0,414.276,142.222,1.0,407.504,145.575,1.0,403.366,150.829,1.0
488,988.244,683.763,1.0,982.851,683.454,1.0,969.422,689.768,1.0,964.3,679.983,1.0,955.597,673.53,1.0,916.269,189.274,1.0,922.658,191.733,1.0,928.048,197.244,1.0,932.378,205.938,1.0,937.682,217.289,1.0,523.21,445.657,1.0,525.082,448.823,1.0,534.941,457.426,1.0,534.937,459.899,1.0,541.889,470.883,1.0,774.721,489.266,1.0,768.398,491.962,1.0,762.633,502.275,1.0,752.253,502.43,1.0,744.216,513.982,1.0,430.988,126.766,1.0,421.962,132.415,1.0,417.934,136.702,1.0,413.034,141.991,1.0,405.598,150.776,1.0
489,988.244,683.695,1.0,982.851,683.454,1.0,969.422,689.768,1.0,964.3,679.983,1.0,955.765,673.5,1.0,916.269,187.254,1.0,922.505,191.726,1.0,927.401,197.116,1.0,932.371,203.589,1.0,937.292,217.08,1.0,523.167,445.455,1.0,525.082,448.67,1.0,534.871,457.019,1.0,534.59,459.891,1.0,541.889,470.655,1.0,775.11,489.177,1.0,768.398,491.406,1.0,762.633,502.047,1.0,752.573,502.397,1.0,744.56,513.928,1.0,430.988,126.339,1.0,422.489,132.242,1.0,417.977,136.629,1.0,413.66,141.524,1.0,406.01,150.523,1.0
490,989.46,683.313,1.0,982.871,683.454,1.0,969.434,689.948,1.0,963.962,680.539,1.0,955.597,673.5,1.0,915.898,184.412,1.0,917.89,189.985,1.0,925.698,197.408,1.0,931.42,201.072,1.0,936.905,216.142,1.0,522.97,445.123,1.0,525.082,448.587,1.0,532.424,457.019,1.0,534.125,456.362,1.0,542.251,469.505,1.0,775.199,489.177,1.0,768.415,491.129,1.0,762.633,501.725,1.0,753.124,502.397,1.0,745.57,513.675,1.0,431.012,125.616,1.0,422.878,132.112,1.0,418.545,135.995,1.0,414.465,141.046,1.0,408.388,146.823,1.0
491,989.46,682.847,1.0,983.223,683.245,1.0,969.902,689.768,1.0,964.257,680.363,1.0,955.446,673.53,1.0,914.198,184.412,1.0,917.756,188.215,1.0,925.698,197.408,1.0,931.42,201.072,1.0,936.765,216.142,1.0,521.958,439.463,1.0,524.953,443.767,1.0,530.933,455.323,1.0,534.125,453.85,1.0,542.619,468.519,1.0,775.3,487.36,1.0,768.415,490.045,1.0,758.234,497.643,1.0,755.141,502.43,1.0,746.037,512.868,1.0,431.019,121.982,1.0,425.31,124.839,1.0,420.197,132.526,1.0,416.554,135.712,1.0,411.771,146.115,1.0
492,989.46,681.686,1.0,983.814,683.845,1.0,970.426,689.768,1.0,964.257,680.363,1.0,955.446,673.578,1.0,914.198,183.198,1.0,917.521,188.215,1.0,925.698,197.277,1.0,931.366,201.072,1.0,936.751,215.849,1.0,518.585,431.897,1.0,524.169,441.21,1.0,528.982,449.485,1.0,534.125,453.705,1.0,542.619,467.872,1.0,776.661,482.482,1.0,772.189,484.88,1.0,758.234,497.643,1.0,756.873,506.572,1.0,750.545,510.843,1.0,434.088,116.796,1.0,430.592,124.46,1.0,420.197,128.917,1.0,419.189,134.246,1.0,412.856,144.98,1.0
493,989.419,681.122,1.0,983.814,684.594,1.0,970.44,689.685,1.0,964.965,680.006,1.0,955.529,673.578,1.0,914.198,183.494,1.0,917.075,188.215,1.0,925.468,197.277,1.0,931.366,201.072,1.0,936.751,216.121,1.0,518.295,431.479,1.0,524.054,441.059,1.0,527.867,449.237,1.0,533.852,453.705,1.0,542.619,467.67,1.0,777.485,482.482,1.0,772.316,484.603,1.0,758.234,494.81,1.0,756.881,506.733,1.0,750.857,510.819,1.0,434.698,116.736,1.0,430.833,123.634,1.0,420.73,128.688,1.0,420.142,134.246,1.0,413.008,144.904,1.0
494,989.419,681.122,1.0,983.814,684.594,1.0,970.44,689.685,1.0,964.965,680.006,1.0,955.529,673.578,1.0,914.339,184.412,1.0,917.521,188.344,1.0,925.618,197.408,1.0,931.366,201.216,1.0,936.674,216.121,1.0,518.261,431.479,1.0,523.719,440.449,1.0,527.738,448.085,1.0,533.852,453.651,1.0,542.441,467.521,1.0,778.61,482.482,1.0,772.907,484.45,1.0,759.01,494.62,1.0,756.937,506.733,1.0,750.883,510.764,1.0,435.811,116.396,1.0,430.904,122.994,1.0,420.73,128.563,1.0,420.406,133.759,1.0,413.725,143.496,1.0
495,987.862,676.537,1.0,980.433,684.906,1.0,976.403,685.361,1.0,967.118,678.895,1.0,956.345,673.578,1.0,914.524,184.516,1.0,917.756,188.434,1.0,925.699,197.49,1.0,931.366,201.216,1.0,936.751,216.121,1.0,518.261,431.897,1.0,522.862,439.737,1.0,526.226,446.847,1.0,528.763,453.629,1.0,538.631,459.522,1.0,779.002,482.482,1.0,772.945,484.191,1.0,759.41,494.81,1.0,756.937,506.572,1.0,750.883,510.764,1.0,439.582,112.492,1.0,434.941,121.719,1.0,428.387,127.665,1.0,424.749,132.804,1.0,417.403,137.295,1.0
496,987.862,674.299,1.0,980.433,684.906,1.0,977.381,685.197,1.0,967.135,678.634,1.0,956.345,673.707,1.0,914.628,183.939,1.0,917.829,188.574,1.0,925.699,197.733,1.0,931.136,200.825,1.0,936.734,215.849,1.0,513.06,433.81,1.0,518.297,438.099,1.0,523.693,445.225,1.0,526.111,452.635,1.0,533.585,458.371,1.0,779.524,482.294,1.0,773.651,484.191,1.0,763.333,494.81,1.0,757.395,505.75,1.0,751.1,510.764,1.0,439.826,112.314,1.0,435.539,120.019,1.0,429.432,126.727,1.0,425.146,131.998,1.0,418.534,136.666,1.0
497,987.39,673.691,1.0,980.433,684.906,1.0,977.485,685.13,1.0,967.568,678.634,1.0,956.345,673.707,1.0,918.304,183.939,1.0,920.909,190.278,1.0,925.618,198.124,1.0,931.136,200.681,1.0,936.734,215.491,1.0,513.06,434.267,1.0,518.126,438.099,1.0,523.552,445.175,1.0,526.111,452.475,1.0,533.423,458.371,1.0,780.478,481.486,1.0,775.218,484.45,1.0,765.773,494.62,1.0,758.005,502.747,1.0,753.13,504.371,1.0,443.37,111.531,0.9940000176429749,437.914,119.301,0.9980000257492065,430.454,126.407,1.0,426.505,131.628,1.0,419.134,136.568,0.9919999837875366
498,986.972,672.9,1.0,983.362,684.84,1.0,977.485,685.197,1.0,967.568,678.634,1.0,956.014,674.607,1.0,918.975,183.939,1.0,921.882,190.65,1.0,925.618,198.124,1.0,931.161,200.0,1.0,936.734,215.256,1.0,513.06,434.267,1.0,518.109,438.086,1.0,523.515,444.937,1.0,525.845,452.424,1.0,533.001,458.286,1.0,782.089,475.149,1.0,776.671,487.858,1.0,768.445,491.305,1.0,761.351,501.047,1.0,754.753,504.371,1.0,443.945,110.57,1.0,437.914,118.812,1.0,431.913,125.109,1.0,426.791,130.339,1.0,419.888,136.544,1.0
499,987.862,672.501,1.0,985.416,684.688,1.0,978.776,685.361,1.0,967.135,678.685,1.0,956.014,674.815,1.0,919.576,183.121,1.0,921.882,190.65,1.0,925.543,198.124,1.0,931.208,199.553,1.0,936.931,214.977,1.0,513.06,433.81,1.0,517.542,437.406,1.0,523.515,444.272,1.0,525.845,450.568,1.0,532.517,458.267,1.0,782.363,475.081,1.0,777.036,487.858,1.0,769.059,491.161,1.0,761.528,500.146,1.0,754.861,504.371,1.0,443.945,108.314,1.0,437.242,116.587,1.0,433.795,121.086,1.0,427.221,129.116,1.0,422.354,135.304,1.0
500,990.553,672.9,1.0,985.568,683.239,1.0,978.946,685.801,1.0,967.568,678.685,1.0,956.014,675.449,1.0,919.576,182.748,1.0,922.053,190.395,1.0,925.543,197.572,1.0,931.208,199.038,1.0,936.903,214.89,1.0,513.06,430.208,1.0,513.343,436.665,1.0,522.595,440.248,1.0,525.845,450.301,1.0,530.223,458.091,1.0,782.766,475.081,1.0,777.056,487.858,1.0,769.16,490.893,1.0,761.739,499.896,1.0,754.902,504.695,1.0,444.27,108.157,1.0,437.914,116.008,1.0,434.055,120.886,1.0,430.3,125.676,1.0,423.996,135.052,1.0
501,991.565,673.529,1.0,985.416,681.708,1.0,978.776,685.982,1.0,967.756,680.17,1.0,957.219,676.343,1.0,919.556,182.352,1.0,922.2,190.278,1.0,925.294,197.469,1.0,931.208,199.038,1.0,936.91,214.859,1.0,511.548,421.465,1.0,512.221,430.861,1.0,521.767,440.197,1.0,522.2,442.604,1.0,528.731,454.184,1.0,783.146,475.149,1.0,777.711,486.901,1.0,769.285,490.428,1.0,762.006,498.922,1.0,754.957,504.695,1.0,446.26,108.006,1.0,438.576,114.753,1.0,434.199,119.711,1.0,430.44,125.236,1.0,424.346,134.744,1.0
502,992.463,673.529,1.0,985.416,681.708,1.0,978.741,685.982,1.0,966.896,682.936,1.0,958.125,678.694,1.0,918.975,181.227,1.0,922.332,189.922,1.0,925.148,197.304,1.0,931.161,198.949,1.0,936.91,214.795,1.0,511.548,421.426,1.0,512.165,430.588,1.0,519.392,440.197,1.0,521.767,442.564,1.0,528.026,453.902,1.0,789.51,475.149,1.0,782.004,484.236,1.0,770.938,488.969,1.0,763.216,495.396,1.0,758.937,504.695,1.0,446.848,107.814,1.0,438.576,112.778,1.0,436.247,118.75,1.0,431.319,124.275,1.0,424.65,132.073,1.0
503,992.463,673.629,1.0,986.007,681.431,1.0,978.741,685.801,1.0,966.146,683.133,1.0,958.172,679.927,1.0,918.594,181.227,1.0,922.332,189.922,1.0,925.148,197.304,1.0,931.208,199.038,1.0,936.91,214.795,1.0,511.541,421.426,1.0,511.751,430.331,1.0,519.392,439.644,1.0,521.411,442.364,1.0,527.578,453.413,1.0,789.51,474.602,1.0,782.004,483.969,1.0,772.295,488.754,1.0,764.718,493.593,1.0,758.94,503.873,1.0,447.0,107.604,1.0,441.899,109.349,1.0,436.248,118.103,1.0,432.176,118.848,1.0,425.186,131.668,1.0
504,991.791,673.629,1.0,986.196,680.7,1.0,978.741,683.748,1.0,968.124,683.133,1.0,958.172,680.241,1.0,918.594,182.748,1.0,922.572,190.217,1.0,925.614,197.501,1.0,930.711,199.038,1.0,936.91,214.859,1.0,511.541,421.426,1.0,511.55,429.386,1.0,519.392,439.036,1.0,521.411,441.933,1.0,528.026,453.556,1.0,789.51,471.114,1.0,782.422,483.625,1.0,773.325,488.402,1.0,764.846,492.691,1.0,759.192,502.298,1.0,452.776,107.354,1.0,445.374,108.873,1.0,438.455,114.091,1.0,435.087,118.302,1.0,425.582,130.362,1.0
505,991.565,673.629,1.0,986.196,679.429,1.0,978.741,683.077,1.0,968.094,682.963,1.0,958.125,680.433,1.0,918.594,183.064,1.0,923.018,190.217,1.0,926.422,197.501,1.0,930.709,199.235,1.0,937.511,215.171,1.0,507.992,427.612,1.0,510.703,428.007,1.0,519.15,436.552,1.0,519.826,438.41,1.0,528.531,453.556,1.0,785.808,470.542,1.0,782.422,481.687,1.0,777.533,488.347,1.0,765.194,492.513,1.0,759.285,501.804,1.0,453.145,106.128,1.0,445.91,108.347,1.0,438.634,114.091,1.0,435.315,118.302,1.0,426.48,130.023,1.0
506,991.791,673.625,1.0,987.831,679.429,1.0,979.519,682.743,1.0,968.094,682.936,1.0,957.684,680.779,1.0,918.349,187.177,1.0,923.018,191.215,1.0,928.031,197.501,1.0,930.709,199.622,1.0,937.511,215.549,1.0,503.312,430.699,1.0,510.703,427.759,1.0,518.826,434.623,1.0,518.85,436.909,1.0,528.531,453.556,1.0,785.808,470.0,1.0,781.941,481.153,1.0,777.533,488.111,1.0,765.459,492.441,1.0,759.285,501.077,1.0,453.222,106.128,1.0,447.434,108.347,1.0,438.727,114.091,1.0,435.934,117.694,1.0,431.328,126.547,1.0
507,991.791,671.246,1.0,987.917,679.214,1.0,979.537,682.511,1.0,968.124,682.766,1.0,957.684,680.858,1.0,917.857,188.698,1.0,923.018,192.143,1.0,928.031,197.501,1.0,931.451,199.754,1.0,937.214,215.588,1.0,503.051,430.699,1.0,510.552,427.632,1.0,518.712,434.373,1.0,518.811,436.825,1.0,529.697,453.556,1.0,785.771,469.852,1.0,781.941,481.153,1.0,777.532,487.525,1.0,765.731,492.287,1.0,759.366,500.961,1.0,456.782,100.76,1.0,450.936,103.729,1.0,444.468,113.988,1.0,437.366,117.327,1.0,431.83,124.603,1.0
508,994.409,670.992,1.0,988.674,674.677,1.0,980.166,681.229,1.0,969.098,681.791,1.0,957.684,681.484,1.0,917.355,190.264,1.0,924.017,192.175,1.0,928.466,198.818,1.0,932.194,203.651,1.0,937.946,216.225,1.0,502.904,430.699,1.0,510.158,427.273,1.0,518.232,434.06,1.0,518.725,436.445,1.0,529.697,453.556,1.0,785.808,469.4,1.0,782.422,475.113,1.0,777.532,487.006,1.0,766.374,492.018,1.0,761.118,499.858,1.0,456.782,99.999,1.0,452.018,103.251,1.0,444.925,114.034,1.0,437.366,116.877,1.0,432.04,124.603,1.0
509,995.816,670.165,1.0,989.228,674.54,1.0,980.176,680.928,1.0,969.255,681.791,1.0,957.694,682.302,1.0,917.355,190.379,1.0,924.402,192.963,1.0,928.466,198.818,1.0,932.194,203.651,1.0,937.214,216.225,1.0,502.904,423.036,1.0,510.072,426.911,1.0,517.264,433.998,1.0,518.238,436.445,1.0,528.531,452.684,1.0,785.949,462.867,1.0,782.65,472.052,1.0,772.649,482.089,1.0,771.468,485.661,1.0,762.979,498.045,1.0,456.782,99.265,1.0,452.018,103.207,1.0,444.96,114.034,1.0,437.853,116.877,1.0,432.04,123.894,1.0
510,995.994,669.29,1.0,990.247,674.139,1.0,980.93,679.824,1.0,970.831,681.791,1.0,964.236,683.505,1.0,917.355,191.378,1.0,925.199,194.416,1.0,928.466,198.818,1.0,932.194,203.651,1.0,936.668,216.225,1.0,500.692,419.073,1.0,507.325,425.889,1.0,512.935,432.475,1.0,516.9,436.909,1.0,527.554,451.375,1.0,786.209,460.528,1.0,783.494,470.974,1.0,772.371,481.324,1.0,772.318,485.625,1.0,763.886,497.867,1.0,456.582,99.166,1.0,451.565,102.689,1.0,445.301,113.988,1.0,437.914,116.763,1.0,431.83,119.989,1.0
511,996.836,668.293,1.0,990.289,674.121,1.0,981.902,679.223,1.0,972.185,684.348,1.0,965.723,685.819,1.0,943.696,215.738,1.0,941.024,210.511,1.0,931.463,203.312,1.0,929.814,199.729,1.0,926.327,193.871,1.0,497.664,413.332,1.0,503.363,422.896,1.0,509.163,431.426,1.0,515.553,440.249,1.0,524.496,443.4,1.0,786.989,458.944,1.0,783.644,470.9,1.0,771.598,481.269,1.0,772.522,485.625,1.0,765.012,497.65,1.0,456.582,99.166,1.0,451.99,102.334,1.0,445.759,113.472,1.0,437.853,116.443,1.0,431.83,119.989,1.0
512,996.96,668.293,1.0,990.289,674.139,1.0,982.399,679.223,1.0,973.033,684.419,1.0,965.922,686.761,1.0,943.696,215.738,1.0,941.024,210.511,1.0,931.6,203.575,1.0,929.814,199.729,1.0,926.327,193.871,1.0,497.564,412.4,1.0,503.291,422.405,1.0,509.001,431.22,1.0,514.771,440.249,1.0,524.254,443.222,1.0,787.148,458.847,1.0,784.104,470.9,1.0,771.598,481.269,1.0,772.522,485.625,1.0,765.353,497.407,1.0,456.582,99.166,1.0,451.99,102.316,1.0,445.759,113.316,1.0,437.914,115.48,1.0,432.04,119.749,1.0
513,996.96,668.293,1.0,990.289,674.139,1.0,982.399,679.223,1.0,973.033,685.303,1.0,966.056,686.958,1.0,943.696,215.738,1.0,941.024,210.511,1.0,931.6,203.575,1.0,929.814,199.729,1.0,926.327,193.871,1.0,497.403,411.834,1.0,502.934,422.405,1.0,508.526,431.22,1.0,514.547,440.249,1.0,524.246,443.212,1.0,787.167,458.847,1.0,784.197,470.144,1.0,771.598,480.469,1.0,772.989,485.625,1.0,765.668,497.291,1.0,456.723,98.885,1.0,451.99,102.276,1.0,446.226,113.093,1.0,438.301,115.34,1.0,432.453,119.668,1.0
514,996.836,668.293,1.0,989.947,674.139,1.0,982.399,678.633,1.0,973.033,685.303,1.0,966.056,686.958,1.0,930.472,193.29,0.9909999966621399,930.259,204.279,0.9990000128746033,931.6,203.575,1.0,932.385,211.728,1.0,941.064,212.861,0.9950000047683716,497.403,411.834,1.0,502.687,422.28,1.0,508.175,430.862,1.0,514.435,439.831,1.0,524.246,442.978,1.0,787.535,458.847,1.0,784.637,469.934,1.0,775.159,480.469,1.0,773.295,485.625,1.0,767.49,494.656,1.0,457.387,98.748,1.0,454.035,102.264,1.0,446.84,111.476,1.0,438.403,114.634,1.0,433.495,119.668,1.0
515,995.47,668.293,1.0,989.041,674.121,1.0,982.998,678.633,1.0,973.033,685.303,1.0,966.154,685.819,1.0,930.224,191.953,1.0,926.517,200.946,1.0,931.507,203.219,1.0,932.385,216.407,1.0,941.533,213.696,1.0,497.3,411.834,1.0,501.158,422.28,1.0,507.087,428.684,1.0,512.494,434.179,1.0,517.664,440.985,1.0,793.822,462.126,1.0,784.637,469.934,1.0,779.644,480.469,1.0,774.55,485.696,1.0,768.773,490.087,1.0,457.387,98.651,1.0,454.035,101.556,1.0,446.84,111.476,1.0,438.403,114.634,1.0,433.495,119.668,1.0
516,993.811,665.932,1.0,988.467,669.956,1.0,982.998,678.572,1.0,975.024,683.414,1.0,966.056,684.905,1.0,930.092,191.397,1.0,926.184,199.825,1.0,930.939,203.021,1.0,932.47,216.921,1.0,941.533,213.765,1.0,492.146,415.96,1.0,496.202,418.95,1.0,506.745,424.166,1.0,510.059,433.078,1.0,516.016,440.798,1.0,793.822,464.05,1.0,785.12,469.071,1.0,779.644,481.813,1.0,774.55,486.347,1.0,768.773,489.916,1.0,459.057,98.651,1.0,454.035,101.556,1.0,446.84,111.162,1.0,439.368,114.588,1.0,433.495,120.055,1.0
517,993.811,664.645,1.0,988.467,669.814,1.0,981.653,677.701,1.0,978.164,680.927,1.0,965.691,684.629,1.0,929.797,190.756,1.0,925.89,199.825,1.0,930.938,203.021,1.0,932.47,217.857,1.0,941.533,213.765,1.0,492.146,416.027,1.0,496.202,418.454,1.0,506.729,423.771,1.0,509.868,432.99,1.0,515.95,439.979,1.0,793.822,465.133,1.0,784.637,469.071,1.0,779.644,481.813,1.0,774.55,486.347,1.0,768.773,489.574,1.0,460.168,98.651,1.0,454.753,101.556,1.0,446.84,111.044,1.0,439.368,113.947,1.0,433.68,120.055,1.0
518,993.811,662.862,1.0,988.467,668.611,1.0,980.978,676.719,1.0,979.167,680.16,1.0,965.691,684.629,1.0,929.105,189.204,1.0,924.864,200.946,1.0,930.938,203.219,1.0,933.199,218.391,1.0,941.533,214.219,1.0,492.146,416.027,1.0,496.202,417.953,1.0,506.699,423.771,1.0,509.743,432.691,1.0,515.485,439.971,1.0,790.603,465.133,1.0,782.501,470.696,1.0,779.644,481.813,1.0,774.8,486.66,1.0,768.773,489.574,1.0,460.168,105.138,0.9120000004768372,454.813,102.112,0.9959999918937683,446.84,109.328,1.0,440.059,113.478,1.0,433.68,120.055,0.9890000224113464
519,994.313,659.095,1.0,990.609,667.634,1.0,980.978,676.17,1.0,979.456,679.941,1.0,966.154,684.905,1.0,928.739,189.204,1.0,924.864,200.449,1.0,930.938,205.996,1.0,934.231,220.054,1.0,941.533,216.038,1.0,493.389,416.027,1.0,496.974,417.711,1.0,506.245,423.771,1.0,509.437,432.638,1.0,515.485,439.971,1.0,789.815,464.861,1.0,782.501,470.696,1.0,778.788,481.813,1.0,774.516,487.705,1.0,768.738,489.431,1.0,464.012,105.468,1.0,457.762,102.286,1.0,446.945,108.769,1.0,440.272,111.894,1.0,433.68,119.437,1.0
520,1001.253,657.042,1.0,991.957,663.239,1.0,980.574,673.181,1.0,980.235,679.941,1.0,968.361,685.269,1.0,928.739,189.545,1.0,924.864,201.327,1.0,932.003,206.143,1.0,934.231,220.054,1.0,941.018,216.038,1.0,502.765,407.192,1.0,498.03,415.018,1.0,502.654,423.811,1.0,506.04,426.517,1.0,512.503,437.738,1.0,789.031,465.133,1.0,785.393,470.356,1.0,776.823,482.015,1.0,774.516,487.705,1.0,768.738,489.431,1.0,464.528,105.468,1.0,458.101,102.286,1.0,450.825,105.992,1.0,440.991,110.628,1.0,434.73,115.331,1.0
521,1003.126,656.264,1.0,991.957,663.239,1.0,980.978,673.181,1.0,980.704,679.941,1.0,975.724,685.805,1.0,928.739,189.545,1.0,926.436,201.589,1.0,933.004,206.406,1.0,934.231,220.054,1.0,942.398,219.391,1.0,504.059,405.479,1.0,498.995,412.943,1.0,501.902,423.811,1.0,505.785,426.207,1.0,512.371,437.644,1.0,782.648,466.367,1.0,784.288,470.881,1.0,775.411,481.934,1.0,774.516,487.705,1.0,768.738,489.431,1.0,465.689,105.138,1.0,458.705,102.112,1.0,451.648,105.495,1.0,443.764,109.719,1.0,435.094,114.372,1.0
522,1003.126,656.264,1.0,991.957,663.239,1.0,981.781,673.181,1.0,981.026,681.495,1.0,975.886,685.933,1.0,931.804,195.2,1.0,930.045,203.339,0.9990000128746033,935.127,213.423,1.0,934.231,216.399,1.0,942.66,219.895,0.9990000128746033,505.399,405.227,1.0,499.088,411.961,1.0,501.173,423.811,1.0,505.568,425.993,1.0,512.251,437.241,1.0,782.079,466.902,1.0,784.288,470.881,1.0,774.557,481.364,1.0,774.516,487.914,1.0,768.134,494.266,1.0,468.669,103.708,1.0,458.742,102.005,1.0,451.787,105.495,1.0,443.926,109.044,1.0,435.301,113.667,1.0
523,1003.126,656.999,1.0,991.326,664.887,1.0,985.017,675.656,1.0,981.026,681.495,1.0,975.903,685.933,1.0,932.247,198.273,0.9739999771118164,941.943,210.395,0.9990000128746033,936.478,213.965,1.0,936.067,209.079,1.0,942.66,219.391,0.9729999899864197,505.676,399.818,1.0,499.876,410.211,1.0,500.793,423.384,1.0,503.879,425.339,1.0,509.463,436.069,1.0,777.774,468.658,1.0,784.288,470.881,1.0,773.73,481.934,1.0,774.005,487.961,1.0,767.192,497.369,1.0,469.41,103.672,1.0,459.509,102.005,1.0,451.996,105.495,1.0,444.355,108.564,1.0,435.301,113.209,1.0
524,1002.081,656.999,1.0,991.154,665.581,1.0,985.017,675.656,1.0,980.849,681.644,1.0,975.937,685.805,1.0,932.247,201.256,1.0,941.943,210.395,1.0,936.478,213.965,1.0,936.067,207.606,1.0,946.648,216.724,1.0,505.399,397.474,1.0,499.894,408.547,1.0,500.793,422.272,1.0,503.331,425.339,1.0,508.699,436.069,1.0,776.319,471.274,1.0,781.099,471.541,1.0,774.219,481.934,1.0,773.915,487.914,1.0,767.188,497.407,1.0,472.306,100.396,1.0,465.673,102.005,1.0,453.454,104.944,1.0,445.764,107.075,1.0,437.385,111.595,1.0
525,1001.051,656.264,1.0,989.861,665.721,1.0,985.017,675.656,1.0,981.026,681.495,1.0,975.886,685.805,1.0,931.804,201.256,1.0,931.353,204.063,1.0,935.674,213.423,1.0,939.356,207.705,1.0,948.482,216.724,1.0,505.399,397.074,1.0,500.105,408.509,1.0,500.793,422.253,1.0,503.241,425.328,1.0,508.691,435.941,1.0,774.859,476.542,1.0,780.703,471.541,1.0,774.557,481.874,1.0,773.47,487.914,1.0,767.036,497.452,1.0,474.515,99.856,1.0,469.097,105.299,1.0,460.998,104.944,1.0,451.663,106.033,1.0,443.87,110.611,1.0
526,1001.034,656.999,1.0,990.465,665.581,1.0,985.371,675.438,1.0,981.398,681.436,1.0,975.937,685.753,1.0,931.105,201.256,1.0,931.353,204.063,1.0,935.674,213.684,1.0,939.356,207.705,1.0,950.115,216.355,1.0,504.737,397.074,1.0,500.105,408.098,1.0,501.751,421.832,1.0,502.768,424.737,1.0,508.295,435.941,1.0,774.273,476.877,1.0,780.302,471.541,1.0,774.557,480.376,1.0,772.678,487.769,1.0,766.995,497.452,1.0,475.663,99.788,1.0,469.265,105.299,1.0,461.233,104.944,1.0,452.273,104.456,1.0,444.406,110.386,1.0
527,1001.051,655.892,1.0,990.465,664.887,1.0,985.553,674.706,1.0,981.749,679.119,1.0,975.967,685.599,1.0,931.105,201.256,1.0,932.431,204.614,1.0,935.506,213.376,1.0,939.356,207.705,1.0,950.451,216.355,1.0,504.727,397.074,1.0,499.894,407.806,1.0,501.751,420.701,1.0,502.755,424.588,1.0,508.691,434.489,1.0,774.859,476.877,1.0,780.302,470.132,1.0,774.746,480.277,1.0,772.678,487.769,1.0,767.188,497.452,1.0,476.192,99.599,1.0,470.078,105.299,1.0,462.259,102.93,1.0,452.802,104.093,1.0,444.922,110.264,1.0
528,1001.084,655.124,1.0,990.465,663.21,1.0,988.0,673.238,1.0,982.615,675.477,1.0,977.456,682.379,1.0,931.105,201.2,1.0,932.345,204.063,1.0,935.197,213.064,1.0,939.439,208.595,1.0,950.451,216.724,1.0,502.786,397.074,1.0,499.826,406.608,1.0,502.015,417.622,1.0,502.577,419.605,1.0,508.691,434.489,1.0,775.871,476.877,1.0,780.371,470.132,1.0,775.04,478.831,1.0,772.242,487.769,1.0,767.188,497.452,1.0,478.722,99.539,1.0,471.791,104.259,1.0,462.438,102.772,1.0,454.694,104.006,1.0,447.112,109.509,1.0
529,1001.084,655.124,1.0,993.687,660.591,1.0,991.107,668.974,1.0,982.615,675.015,1.0,977.57,681.613,1.0,932.755,200.362,1.0,932.431,204.063,1.0,935.197,213.064,1.0,939.439,208.595,1.0,950.451,216.952,1.0,502.295,397.059,1.0,499.525,405.781,1.0,502.015,417.137,1.0,501.597,419.305,1.0,511.937,434.489,1.0,775.871,480.71,1.0,780.371,470.068,1.0,775.315,478.831,1.0,770.504,487.986,1.0,767.263,497.452,1.0,481.102,93.978,1.0,475.305,99.816,1.0,465.574,102.716,1.0,456.179,103.75,1.0,448.659,106.22,1.0
530,1002.737,656.934,1.0,995.079,659.565,1.0,991.107,666.334,1.0,982.11,674.468,1.0,979.659,681.309,1.0,935.888,196.141,1.0,932.57,202.222,1.0,935.197,212.668,1.0,939.381,209.217,1.0,949.291,218.401,1.0,501.668,396.891,1.0,499.454,405.714,1.0,501.995,416.973,1.0,501.051,419.305,1.0,511.937,433.615,1.0,776.645,475.533,1.0,781.829,470.068,1.0,775.767,478.831,1.0,770.504,487.986,1.0,767.621,497.502,1.0,482.257,93.192,1.0,475.316,99.388,1.0,466.491,102.172,1.0,456.875,103.486,1.0,449.702,106.113,1.0
531,1003.088,656.934,1.0,995.079,659.522,1.0,991.107,666.152,1.0,982.11,673.361,1.0,979.659,680.673,1.0,936.35,195.431,1.0,932.734,201.833,1.0,934.195,212.668,1.0,939.439,209.23,1.0,947.32,220.555,1.0,501.656,396.59,1.0,499.28,405.604,1.0,501.501,416.973,1.0,501.051,419.122,1.0,511.937,433.615,1.0,777.211,475.533,1.0,783.246,470.201,1.0,775.767,481.999,1.0,770.504,487.986,1.0,767.658,497.662,1.0,483.393,93.122,1.0,475.739,97.661,1.0,466.758,101.09,1.0,457.127,103.307,1.0,450.354,105.023,1.0
532,1003.121,656.934,1.0,995.079,658.412,1.0,990.91,665.931,1.0,981.734,673.361,1.0,979.659,680.338,1.0,936.435,195.431,1.0,932.734,201.833,1.0,935.532,212.668,1.0,939.439,209.23,1.0,947.32,222.345,1.0,501.379,395.99,1.0,499.051,404.993,1.0,500.994,416.069,1.0,501.051,419.122,1.0,510.212,429.25,1.0,786.362,474.643,1.0,784.012,472.867,1.0,779.771,482.137,1.0,772.78,487.298,1.0,767.658,498.69,1.0,483.899,93.192,0.9900000095367432,477.229,96.841,0.9980000257492065,467.124,99.87,1.0,460.352,101.644,1.0,452.656,104.193,1.0
533,1003.121,656.934,1.0,994.402,656.69,1.0,990.91,665.663,1.0,981.409,673.361,1.0,979.37,680.153,1.0,936.79,195.431,1.0,933.25,201.833,1.0,938.65,213.732,1.0,939.381,210.206,1.0,946.153,222.345,1.0,497.413,389.843,1.0,499.051,394.741,1.0,500.149,410.051,1.0,502.091,418.614,1.0,509.054,428.267,1.0,786.362,476.447,1.0,785.282,472.867,1.0,779.771,482.137,1.0,772.78,487.298,1.0,767.66,498.752,1.0,488.818,93.978,1.0,483.009,95.708,1.0,474.733,95.551,1.0,464.603,101.455,1.0,458.534,102.217,1.0
534,1003.534,656.715,1.0,994.402,656.586,1.0,990.91,665.663,1.0,981.409,673.897,1.0,979.37,680.085,1.0,936.79,197.424,1.0,933.662,203.492,1.0,938.65,213.732,1.0,940.152,211.673,1.0,945.281,222.345,1.0,496.871,387.548,1.0,499.023,393.678,1.0,499.35,407.949,1.0,502.265,415.809,1.0,507.015,427.858,1.0,786.362,476.447,1.0,785.692,472.867,1.0,779.865,482.137,1.0,772.78,487.298,1.0,767.66,498.752,1.0,489.902,94.322,1.0,483.865,95.583,1.0,475.199,95.551,1.0,465.574,101.369,1.0,458.611,101.955,1.0
535,1003.578,655.899,1.0,994.402,656.586,1.0,991.653,665.663,1.0,981.409,673.94,1.0,979.37,679.777,1.0,936.79,208.121,0.9940000176429749,933.662,209.043,1.0,939.029,213.892,1.0,940.398,211.814,1.0,947.32,222.345,1.0,496.871,386.503,1.0,498.556,393.675,1.0,499.35,407.627,1.0,502.338,415.419,1.0,506.642,427.403,1.0,786.425,476.447,1.0,785.692,473.823,1.0,779.59,482.137,1.0,773.045,487.32,1.0,767.658,499.037,1.0,492.763,94.322,1.0,484.814,95.209,1.0,476.251,95.551,1.0,465.822,101.33,1.0,458.804,101.489,1.0
536,1003.578,655.742,1.0,995.342,656.351,1.0,991.653,665.663,1.0,982.303,673.94,1.0,980.484,678.838,1.0,936.435,220.941,0.9779999852180481,933.25,212.952,0.9990000128746033,939.097,214.361,1.0,941.42,215.078,1.0,948.127,223.741,0.9990000128746033,496.756,386.389,1.0,498.296,393.672,1.0,499.35,406.769,1.0,502.338,413.844,1.0,506.521,426.857,1.0,786.425,471.744,1.0,784.445,474.327,1.0,779.59,481.903,1.0,773.045,487.558,1.0,767.588,499.037,1.0,495.664,94.322,1.0,487.817,93.469,1.0,477.366,95.551,1.0,469.671,101.116,1.0,461.21,101.295,1.0
537,1004.221,655.468,1.0,996.466,655.527,1.0,991.653,665.144,1.0,982.958,673.94,1.0,980.681,678.277,1.0,928.971,222.65,1.0,932.687,215.62,1.0,939.097,214.182,1.0,945.191,215.862,1.0,947.627,224.442,1.0,495.872,385.283,1.0,497.455,393.672,1.0,500.129,406.743,1.0,502.265,412.873,1.0,503.192,425.17,1.0,786.425,471.744,1.0,785.461,470.311,1.0,773.413,481.004,1.0,773.045,487.558,1.0,767.367,499.037,1.0,497.006,93.674,1.0,489.317,92.117,1.0,481.89,95.979,1.0,469.698,100.116,1.0,464.414,100.909,1.0
538,1006.646,653.855,1.0,998.712,651.987,1.0,991.313,663.491,1.0,982.958,667.857,1.0,980.681,678.022,1.0,928.005,224.497,1.0,931.745,212.952,1.0,939.072,214.182,1.0,946.145,215.862,1.0,947.627,224.442,1.0,493.732,385.063,1.0,496.036,393.672,1.0,500.437,399.631,1.0,501.516,410.272,1.0,498.997,418.396,1.0,793.018,471.43,1.0,785.461,470.311,1.0,772.932,481.004,1.0,773.277,487.333,1.0,767.367,499.161,1.0,498.632,93.307,1.0,491.98,92.031,1.0,483.45,95.996,1.0,472.072,98.786,1.0,466.879,100.909,1.0
539,1006.646,653.793,1.0,998.712,651.762,1.0,991.313,663.491,1.0,982.975,667.442,1.0,980.886,677.682,1.0,926.946,224.497,1.0,931.09,212.952,1.0,939.072,215.72,1.0,946.145,216.234,1.0,947.627,224.498,1.0,493.259,385.063,1.0,495.619,393.672,1.0,500.492,398.574,1.0,501.516,409.953,1.0,498.758,418.348,1.0,795.685,468.611,1.0,785.461,470.174,1.0,772.865,479.157,1.0,773.277,487.32,1.0,767.367,499.161,1.0,499.125,93.09,1.0,492.215,91.689,1.0,486.227,95.996,1.0,473.903,98.389,1.0,467.392,100.249,1.0
540,1006.646,653.682,1.0,998.712,651.762,1.0,991.313,663.491,1.0,982.975,667.442,1.0,980.796,677.682,1.0,926.946,224.663,1.0,931.119,215.98,1.0,937.235,215.72,1.0,946.145,217.137,1.0,947.627,224.498,1.0,493.053,384.708,1.0,495.619,393.672,1.0,500.437,397.982,1.0,501.403,409.365,1.0,498.495,418.15,1.0,796.164,468.063,1.0,785.576,470.143,1.0,772.818,479.157,1.0,773.371,487.333,1.0,767.367,499.161,1.0,503.487,93.09,1.0,495.553,90.245,1.0,487.536,96.142,1.0,478.237,97.596,1.0,469.607,100.054,1.0
541,1006.402,653.793,1.0,998.613,651.762,1.0,991.135,663.613,1.0,982.975,667.185,1.0,980.796,677.575,1.0,926.946,224.663,1.0,931.745,215.98,1.0,937.235,214.182,1.0,946.465,217.137,1.0,947.627,224.498,1.0,492.133,384.498,1.0,495.619,393.484,1.0,500.129,397.982,1.0,501.045,409.131,1.0,498.495,417.875,1.0,796.164,468.063,1.0,785.576,470.143,1.0,772.818,479.157,1.0,773.277,487.333,1.0,767.533,499.161,1.0,506.703,91.024,1.0,501.237,88.835,1.0,491.523,96.142,1.0,481.567,96.962,1.0,471.62,98.125,1.0
542,1001.8,653.855,1.0,995.206,653.807,1.0,991.135,664.364,1.0,983.621,667.185,1.0,980.886,677.575,1.0,926.946,224.663,1.0,931.745,216.231,1.0,937.235,213.817,1.0,946.465,218.456,1.0,949.55,224.498,1.0,491.3,378.574,1.0,496.05,392.302,1.0,495.824,397.819,1.0,499.654,409.1,1.0,498.21,413.658,1.0,796.164,468.063,1.0,785.576,470.174,1.0,772.865,479.463,1.0,773.134,487.476,1.0,767.533,499.222,1.0,506.888,89.525,1.0,501.509,88.219,1.0,491.623,96.142,1.0,482.393,96.83,1.0,472.492,97.427,1.0
543,995.63,653.682,1.0,992.565,653.807,1.0,991.35,665.242,1.0,983.621,667.442,1.0,980.886,677.575,1.0,927.864,218.937,1.0,931.882,216.231,1.0,939.397,212.69,1.0,947.242,219.106,1.0,953.657,226.63,1.0,489.998,378.574,1.0,496.084,387.228,1.0,493.542,393.44,1.0,499.654,401.792,1.0,498.046,410.717,1.0,793.769,470.615,1.0,785.424,473.728,1.0,772.818,480.884,1.0,772.95,487.79,1.0,767.008,500.014,1.0,509.423,86.621,1.0,503.014,86.828,1.0,493.442,95.377,1.0,485.169,95.7,1.0,476.041,97.427,1.0
544,993.438,653.356,0.9819999933242798,991.394,653.807,0.9909999966621399,991.954,665.242,1.0,982.876,674.408,1.0,980.796,678.669,0.9919999837875366,929.327,218.937,1.0,932.037,216.231,1.0,940.104,212.69,1.0,947.242,219.106,1.0,953.657,226.63,1.0,489.517,378.149,1.0,496.084,386.401,1.0,493.235,392.43,1.0,499.654,400.705,1.0,497.131,410.418,1.0,789.799,471.171,1.0,782.417,475.848,1.0,772.581,485.931,1.0,769.911,488.463,1.0,765.009,500.884,1.0,511.27,86.621,1.0,503.106,86.005,1.0,499.64,91.577,1.0,487.645,93.749,1.0,479.825,97.427,1.0
545,992.634,649.447,1.0,991.394,653.853,1.0,991.24,665.242,1.0,983.464,669.054,1.0,980.532,677.636,1.0,929.344,216.873,1.0,932.683,214.062,1.0,940.679,212.69,1.0,948.36,219.322,1.0,954.202,226.706,1.0,489.374,378.149,1.0,496.05,386.401,1.0,492.772,392.069,1.0,499.338,399.465,1.0,497.131,410.18,1.0,783.152,475.7,1.0,778.946,482.392,1.0,772.145,486.907,1.0,766.559,493.423,1.0,761.923,502.613,1.0,514.475,84.853,1.0,504.31,86.005,1.0,499.933,90.698,1.0,489.136,93.646,1.0,480.697,97.343,1.0
546,992.634,648.673,1.0,991.394,653.18,1.0,991.539,664.963,1.0,982.619,674.11,1.0,980.391,678.349,1.0,932.34,212.938,1.0,942.089,214.062,1.0,941.439,213.649,1.0,950.509,219.322,1.0,954.202,226.992,1.0,489.197,378.428,1.0,495.836,386.706,1.0,492.772,392.069,1.0,499.338,399.465,1.0,497.131,410.18,1.0,778.158,475.792,1.0,778.022,482.392,1.0,772.47,488.283,1.0,766.559,493.423,1.0,761.724,502.613,1.0,515.763,84.588,1.0,505.092,86.005,1.0,500.196,90.698,1.0,490.181,93.416,1.0,481.77,95.782,1.0
547,993.134,647.279,1.0,991.394,653.18,1.0,991.621,664.425,1.0,982.619,674.11,1.0,980.391,678.349,1.0,934.298,204.852,1.0,943.085,214.062,1.0,942.929,217.067,1.0,950.509,221.23,1.0,956.527,229.041,1.0,487.912,378.428,1.0,495.11,386.706,1.0,492.772,392.069,1.0,499.338,399.369,1.0,497.131,410.18,1.0,775.482,475.846,1.0,776.326,482.392,1.0,772.47,488.283,1.0,766.559,493.423,1.0,761.724,502.691,1.0,519.069,83.131,1.0,512.061,88.293,1.0,501.653,91.577,1.0,491.715,93.297,1.0,484.438,95.494,1.0
548,993.134,645.514,1.0,991.32,653.18,1.0,991.539,663.103,1.0,983.464,669.054,1.0,980.391,677.636,1.0,935.447,204.852,1.0,943.16,214.193,1.0,942.929,217.067,1.0,950.364,221.909,1.0,956.66,229.137,1.0,484.227,386.268,1.0,493.849,387.443,1.0,492.772,392.028,1.0,499.226,398.976,1.0,497.131,410.351,1.0,764.001,480.211,1.0,774.81,481.851,1.0,772.47,488.283,1.0,766.783,492.878,1.0,761.724,502.691,1.0,522.485,81.146,1.0,515.929,88.364,1.0,508.315,91.745,1.0,493.383,91.371,1.0,486.247,95.346,1.0
549,993.134,644.654,1.0,990.8,652.933,1.0,991.24,662.983,1.0,984.051,666.956,1.0,980.447,676.934,1.0,935.447,204.852,1.0,943.16,214.062,1.0,942.929,217.067,1.0,950.364,221.909,1.0,956.804,229.137,1.0,481.721,386.268,1.0,492.598,387.859,1.0,493.304,392.069,1.0,498.433,398.976,1.0,497.086,411.127,1.0,762.034,480.211,1.0,769.674,480.664,1.0,774.389,486.199,1.0,766.783,492.878,1.0,762.542,502.691,1.0,523.765,81.095,1.0,516.021,88.364,1.0,508.554,91.745,1.0,495.888,91.343,1.0,487.318,95.284,1.0
550,994.146,642.798,1.0,990.8,651.954,1.0,990.92,662.63,1.0,984.4,666.052,1.0,981.289,676.519,1.0,939.83,209.197,1.0,943.554,214.193,1.0,942.929,215.466,1.0,948.971,222.415,1.0,957.022,229.137,1.0,481.721,386.268,1.0,492.598,387.9,1.0,493.419,392.158,1.0,498.433,398.976,1.0,497.076,411.386,1.0,761.825,477.639,1.0,769.674,480.664,1.0,774.389,486.199,1.0,767.102,492.804,1.0,762.542,502.634,1.0,523.872,80.338,1.0,516.382,88.293,1.0,508.916,91.745,1.0,497.842,90.715,1.0,490.31,94.931,1.0
551,996.023,638.407,1.0,991.32,649.562,1.0,990.896,661.599,1.0,986.211,665.454,1.0,981.289,676.146,1.0,947.696,221.149,1.0,943.554,214.193,1.0,943.502,213.458,1.0,946.428,222.415,1.0,957.937,229.055,1.0,481.721,382.47,1.0,492.598,389.899,1.0,493.794,393.068,1.0,498.201,401.061,1.0,497.076,411.386,1.0,761.825,477.639,1.0,769.674,480.664,1.0,774.389,486.199,1.0,766.783,492.804,1.0,762.542,502.634,1.0,528.488,79.073,1.0,518.543,85.644,1.0,510.988,90.518,1.0,503.662,88.622,1.0,495.084,94.67,1.0
552,996.14,638.407,1.0,991.135,646.925,1.0,990.532,657.365,1.0,987.609,662.933,1.0,981.289,673.313,1.0,949.726,221.149,1.0,943.554,212.887,1.0,943.024,213.458,1.0,946.118,222.415,1.0,958.516,229.055,1.0,492.297,382.47,1.0,496.213,391.379,1.0,493.794,392.364,1.0,498.027,401.061,1.0,497.076,411.127,1.0,762.034,476.227,1.0,772.11,480.795,1.0,772.443,486.892,1.0,765.993,492.804,1.0,761.438,502.634,1.0,529.657,78.515,1.0,520.719,82.77,1.0,513.316,86.457,1.0,505.222,88.431,1.0,497.058,92.912,1.0
553,996.14,638.407,1.0,991.135,646.678,1.0,990.532,657.365,1.0,987.609,662.293,1.0,981.12,672.848,1.0,950.574,221.149,1.0,942.403,212.887,1.0,943.23,213.458,1.0,946.118,222.415,1.0,958.766,229.055,1.0,502.713,382.47,1.0,496.279,391.379,1.0,494.224,395.205,1.0,495.771,401.506,1.0,497.663,410.963,1.0,764.182,474.481,1.0,773.586,480.795,1.0,772.083,486.998,1.0,765.541,493.545,1.0,761.438,502.779,1.0,530.374,76.738,0.9869999885559082,521.982,81.938,0.9990000128746033,514.543,85.859,1.0,507.856,88.188,1.0,497.424,92.417,0.9980000257492065
554,996.687,638.844,1.0,991.285,646.678,1.0,990.187,656.696,1.0,987.826,662.293,1.0,980.998,672.394,1.0,952.897,212.388,1.0,942.371,212.866,1.0,943.671,215.869,1.0,946.118,223.825,1.0,958.964,229.454,1.0,509.215,383.981,1.0,499.08,391.379,1.0,494.224,395.205,1.0,495.556,401.506,1.0,499.291,410.928,1.0,776.386,472.001,1.0,774.092,480.795,1.0,771.988,486.998,1.0,764.957,494.457,1.0,761.348,504.279,1.0,530.765,75.763,1.0,524.28,81.938,1.0,516.17,85.465,1.0,508.12,87.727,1.0,499.774,92.082,1.0
555,996.793,638.844,1.0,991.252,646.678,1.0,990.187,657.229,1.0,987.826,662.293,1.0,980.998,672.848,1.0,953.1,211.278,1.0,942.03,212.866,1.0,943.23,215.95,1.0,946.277,224.628,1.0,959.007,230.293,1.0,510.333,384.483,1.0,500.516,391.237,1.0,495.616,394.578,1.0,494.787,400.921,1.0,500.026,410.419,1.0,776.386,471.323,1.0,777.905,480.624,1.0,771.988,486.973,1.0,764.675,494.583,1.0,761.438,504.332,1.0,535.879,75.763,1.0,524.42,80.973,1.0,518.518,83.376,1.0,512.138,87.727,1.0,501.583,91.682,1.0
556,997.222,638.844,1.0,991.252,646.313,1.0,990.187,657.229,1.0,987.826,662.293,1.0,980.998,672.848,1.0,953.1,211.144,1.0,941.899,213.477,1.0,943.105,217.002,1.0,946.452,225.119,1.0,959.007,230.689,1.0,510.747,385.362,1.0,506.501,391.237,1.0,495.64,393.979,1.0,494.721,400.575,1.0,501.282,410.304,1.0,776.386,471.323,1.0,778.048,480.624,1.0,771.925,486.973,1.0,764.675,494.737,1.0,761.572,504.526,1.0,535.888,76.009,0.9990000128746033,527.955,78.626,1.0,518.898,82.673,1.0,512.178,87.699,1.0,504.413,91.568,0.9990000128746033
557,998.11,637.873,1.0,991.285,645.626,1.0,991.579,656.255,1.0,988.229,662.293,1.0,982.455,672.041,1.0,953.1,210.857,1.0,941.823,213.549,1.0,943.23,217.136,1.0,946.917,226.366,1.0,959.007,231.254,1.0,513.262,386.163,1.0,507.009,390.439,1.0,495.954,393.979,1.0,494.644,399.46,1.0,502.017,410.304,1.0,776.146,471.323,1.0,777.905,480.624,1.0,771.813,486.998,1.0,764.636,495.002,1.0,761.572,505.695,1.0,536.443,75.839,1.0,531.098,78.609,1.0,522.451,81.934,1.0,513.952,87.309,1.0,504.6,91.422,1.0
558,998.11,636.296,1.0,991.658,644.998,1.0,991.876,655.592,1.0,988.969,662.542,1.0,983.094,671.759,1.0,952.908,210.857,1.0,941.823,213.825,1.0,943.671,217.136,1.0,946.452,226.412,1.0,958.894,231.427,1.0,513.531,394.022,1.0,507.072,390.079,1.0,495.973,393.846,1.0,493.971,398.61,1.0,503.884,409.973,1.0,776.146,472.556,1.0,777.905,481.951,1.0,771.4,487.861,1.0,764.058,495.498,1.0,761.036,506.017,1.0,541.334,75.839,1.0,534.409,76.494,1.0,523.986,80.999,1.0,515.153,87.173,1.0,509.493,91.109,1.0
559,998.11,634.721,1.0,992.591,641.935,1.0,991.876,653.399,1.0,990.714,664.668,1.0,985.723,669.82,1.0,952.908,210.857,1.0,941.823,215.662,1.0,943.511,217.247,1.0,946.452,226.412,1.0,958.764,231.427,1.0,513.595,398.789,1.0,507.935,388.873,1.0,497.06,393.979,1.0,493.248,397.999,1.0,503.884,409.63,1.0,776.146,480.031,1.0,777.473,481.951,1.0,770.19,491.048,1.0,763.55,499.657,1.0,758.797,507.1,1.0,542.947,75.839,1.0,534.409,76.239,1.0,527.251,79.122,1.0,518.691,87.173,1.0,510.588,89.581,1.0
560,998.536,633.996,1.0,993.414,641.047,1.0,991.645,652.655,1.0,990.804,664.668,1.0,991.112,669.615,1.0,951.948,210.857,1.0,941.747,215.883,1.0,943.511,217.247,1.0,946.452,226.412,1.0,956.989,231.481,1.0,514.476,399.023,1.0,508.734,388.873,1.0,497.475,393.979,1.0,493.248,397.999,1.0,503.9,409.621,1.0,777.544,480.034,1.0,774.493,483.407,1.0,768.682,494.876,1.0,763.55,502.622,1.0,757.873,508.096,1.0,543.574,74.769,1.0,534.957,75.458,1.0,528.512,79.122,1.0,519.5,84.615,1.0,511.921,87.37,1.0
561,998.558,633.988,1.0,993.417,640.838,1.0,991.642,651.79,1.0,990.804,664.668,1.0,991.112,669.82,1.0,950.777,210.857,1.0,940.559,218.682,1.0,943.511,219.013,1.0,947.763,223.969,1.0,955.943,231.49,1.0,518.12,399.121,1.0,508.898,388.873,1.0,499.688,394.026,1.0,493.248,396.928,1.0,503.9,409.621,1.0,777.62,480.045,1.0,774.493,486.623,1.0,766.899,494.876,1.0,763.181,502.622,1.0,757.873,508.261,1.0,544.3,73.176,1.0,535.845,75.067,1.0,529.141,79.122,1.0,519.931,83.788,1.0,512.55,86.735,1.0
562,998.558,633.951,1.0,993.449,640.72,1.0,991.642,651.778,1.0,990.804,664.306,1.0,991.112,669.82,1.0,933.538,209.01,1.0,939.588,218.983,1.0,942.105,219.013,1.0,948.459,223.969,1.0,955.699,231.776,1.0,518.651,399.726,1.0,509.137,390.081,1.0,500.87,394.026,1.0,493.363,396.928,1.0,502.571,409.621,1.0,780.609,491.895,1.0,774.493,485.866,1.0,766.23,494.876,1.0,763.082,502.622,1.0,758.032,509.486,1.0,546.304,72.536,1.0,538.649,74.939,1.0,533.488,80.328,1.0,524.025,82.798,1.0,515.95,87.285,1.0
563,998.558,631.967,1.0,995.156,639.066,1.0,991.642,651.526,1.0,990.889,661.063,1.0,990.365,669.82,1.0,933.256,209.01,1.0,938.338,218.983,1.0,942.105,219.013,1.0,948.459,223.969,1.0,955.464,231.481,1.0,523.788,399.726,1.0,514.914,390.172,1.0,501.631,394.086,1.0,493.654,397.999,1.0,501.984,409.762,1.0,782.651,497.242,1.0,775.148,485.866,1.0,766.23,492.772,1.0,763.013,501.35,1.0,758.032,509.863,1.0,549.492,70.19,1.0,540.736,74.505,1.0,533.546,80.384,1.0,525.085,82.798,1.0,517.233,86.539,1.0
564,998.558,630.717,1.0,995.355,635.993,1.0,991.642,649.005,1.0,991.077,658.556,1.0,989.985,669.615,1.0,933.197,209.01,1.0,938.338,218.682,1.0,942.013,219.013,1.0,948.459,224.036,1.0,955.464,231.776,1.0,524.742,399.726,1.0,515.722,390.172,1.0,502.378,394.742,1.0,493.821,398.255,1.0,501.313,410.111,1.0,782.887,497.856,1.0,775.667,485.891,1.0,766.899,492.364,1.0,763.013,501.267,1.0,758.43,509.935,1.0,549.973,70.19,1.0,542.178,74.287,1.0,533.919,80.384,1.0,525.179,82.452,1.0,518.323,85.847,1.0
565,998.515,625.762,1.0,997.707,634.784,1.0,994.652,645.647,1.0,993.546,651.662,1.0,989.985,668.875,1.0,933.197,208.988,1.0,938.743,213.749,1.0,942.013,219.013,1.0,948.459,224.09,1.0,955.464,231.827,1.0,526.379,397.537,1.0,516.702,390.546,1.0,502.943,396.544,1.0,495.964,398.255,1.0,500.78,410.111,1.0,782.887,497.856,1.0,776.169,485.956,1.0,766.909,492.335,1.0,763.013,501.005,1.0,758.549,510.019,1.0,550.653,70.19,1.0,543.833,72.693,1.0,534.462,80.328,1.0,525.869,81.637,1.0,518.403,85.847,1.0
566,997.836,625.507,1.0,997.707,633.722,1.0,995.1,643.776,1.0,993.723,649.61,1.0,989.985,663.823,1.0,933.197,210.156,1.0,939.588,213.749,1.0,942.276,219.044,1.0,947.709,224.09,1.0,954.964,231.827,1.0,526.686,397.387,1.0,516.737,390.546,1.0,503.3,397.122,1.0,496.386,398.255,1.0,499.944,409.861,1.0,783.216,497.699,1.0,776.45,485.956,1.0,767.071,492.335,1.0,763.013,501.005,1.0,758.549,510.019,1.0,554.339,77.347,1.0,548.296,72.693,1.0,537.266,80.084,1.0,528.411,80.067,1.0,519.876,84.182,1.0
567,997.632,624.682,1.0,998.071,633.722,1.0,995.533,640.876,1.0,993.964,649.377,1.0,993.402,662.21,1.0,933.673,210.163,1.0,939.612,213.749,1.0,942.305,219.489,1.0,947.521,224.598,1.0,954.644,231.122,1.0,526.93,397.034,1.0,517.051,390.172,1.0,503.3,397.122,1.0,496.849,398.255,1.0,499.242,409.861,1.0,784.134,497.818,1.0,776.737,486.774,1.0,767.486,492.364,1.0,763.121,500.991,1.0,758.669,510.019,1.0,558.419,77.347,1.0,550.982,72.693,1.0,541.227,78.733,1.0,531.736,79.995,1.0,523.094,82.102,1.0
568,997.632,625.248,1.0,997.707,634.031,1.0,996.026,640.509,1.0,994.058,649.377,1.0,994.004,662.103,1.0,934.877,225.072,0.9409999847412109,943.164,222.019,0.9990000128746033,942.403,223.959,1.0,947.709,225.439,1.0,954.964,231.838,1.0,528.307,394.648,1.0,518.811,390.095,1.0,507.901,397.122,1.0,500.706,398.313,1.0,496.499,409.861,1.0,785.04,497.699,1.0,777.137,487.387,1.0,767.546,492.335,1.0,763.645,500.981,1.0,759.387,510.019,1.0,559.372,77.347,1.0,551.031,73.038,1.0,542.799,78.096,1.0,533.403,79.927,1.0,524.775,81.914,1.0
569,997.632,625.248,1.0,997.639,634.052,1.0,996.026,640.509,1.0,994.058,649.377,1.0,994.004,662.014,1.0,936.225,227.69,0.9990000128746033,945.773,223.095,0.996999979019165,946.722,223.959,1.0,948.303,225.843,1.0,956.19,233.109,0.9990000128746033,529.183,394.226,1.0,519.369,388.871,1.0,509.539,396.775,1.0,502.329,398.137,1.0,496.499,408.134,1.0,785.185,497.592,1.0,778.233,488.748,1.0,768.21,492.896,1.0,763.802,500.981,1.0,760.382,510.145,1.0,559.372,76.665,1.0,551.031,73.038,1.0,543.106,77.84,1.0,533.683,79.927,1.0,524.903,81.914,1.0
570,997.787,624.682,1.0,997.639,634.031,1.0,995.533,640.509,1.0,994.28,649.067,1.0,994.004,662.014,1.0,938.38,233.3,1.0,945.773,224.528,1.0,946.722,223.959,1.0,947.062,231.181,1.0,956.191,234.353,1.0,529.82,393.954,1.0,519.52,388.325,1.0,511.04,396.705,1.0,503.572,397.926,1.0,495.848,408.134,1.0,789.282,492.978,1.0,781.564,489.161,1.0,770.534,492.896,1.0,763.843,500.164,1.0,760.471,510.145,1.0,559.983,76.412,1.0,552.494,73.038,1.0,543.368,77.761,1.0,534.62,78.912,1.0,525.486,81.886,1.0
571,997.787,624.682,1.0,998.071,634.031,1.0,995.453,640.509,1.0,994.384,649.067,1.0,993.961,662.014,1.0,936.225,237.38,1.0,945.722,224.528,1.0,946.722,223.959,1.0,948.303,231.181,1.0,956.191,235.149,1.0,529.895,393.536,1.0,519.52,388.325,1.0,511.172,396.677,1.0,503.572,397.926,1.0,494.462,408.134,1.0,792.102,491.613,1.0,781.691,489.802,1.0,770.627,492.896,1.0,763.843,500.164,1.0,760.619,510.275,1.0,559.983,69.427,1.0,553.847,71.476,1.0,544.918,77.761,1.0,535.49,78.069,1.0,526.17,81.65,1.0
572,1003.019,622.206,1.0,999.316,633.772,1.0,992.452,640.509,1.0,994.452,647.511,1.0,993.114,662.014,1.0,935.628,237.38,1.0,945.155,224.528,1.0,946.722,223.509,1.0,948.303,234.396,1.0,956.191,235.922,1.0,529.904,393.297,1.0,520.072,388.196,1.0,511.575,396.677,1.0,503.632,397.926,1.0,494.462,408.134,1.0,792.396,491.313,1.0,782.627,490.334,1.0,771.323,492.896,1.0,763.843,500.164,1.0,760.734,510.294,1.0,563.89,68.982,1.0,554.526,71.43,1.0,548.245,77.761,1.0,537.564,77.577,1.0,530.718,80.521,1.0
573,1004.058,621.993,1.0,999.426,632.584,1.0,992.452,640.998,1.0,994.452,647.511,1.0,993.114,661.843,1.0,936.225,239.728,1.0,945.722,227.859,1.0,946.759,223.509,1.0,946.821,234.396,1.0,952.091,236.281,1.0,529.904,391.845,1.0,522.142,387.914,1.0,513.15,396.222,1.0,503.81,397.113,1.0,496.61,404.31,1.0,794.023,491.241,1.0,782.627,490.481,1.0,771.627,494.237,1.0,763.722,500.882,1.0,761.901,510.349,1.0,564.451,68.916,1.0,556.93,71.339,1.0,548.777,76.691,1.0,538.887,76.624,1.0,531.921,79.089,1.0
574,1004.32,621.993,1.0,999.604,632.518,1.0,992.452,641.579,1.0,994.452,647.193,1.0,993.051,661.813,1.0,935.628,239.728,1.0,945.155,230.072,1.0,946.331,224.62,1.0,946.821,233.91,1.0,952.01,236.281,1.0,536.635,389.947,1.0,526.232,386.712,1.0,516.258,396.089,1.0,505.993,397.013,1.0,496.61,400.952,1.0,794.023,491.038,1.0,782.836,490.481,1.0,771.675,494.323,1.0,763.722,500.882,1.0,762.811,510.349,1.0,564.917,68.77,1.0,557.003,71.339,1.0,548.817,76.691,1.0,539.625,76.624,1.0,532.523,79.089,1.0
575,1006.12,621.993,1.0,1000.798,631.671,1.0,995.934,640.246,1.0,994.172,647.511,1.0,993.051,661.813,1.0,935.628,239.728,1.0,945.155,231.256,1.0,944.173,224.982,1.0,946.013,230.554,1.0,952.005,236.281,1.0,536.635,389.92,1.0,526.849,386.612,1.0,516.939,396.089,1.0,506.084,396.896,1.0,497.482,399.25,1.0,794.793,491.038,1.0,782.937,490.486,1.0,771.675,494.323,1.0,763.722,500.882,1.0,763.285,510.349,1.0,565.719,67.79,1.0,559.501,71.339,1.0,550.059,76.691,1.0,541.108,75.989,1.0,534.814,78.764,1.0
576,1006.146,621.993,1.0,1000.798,629.992,1.0,996.035,639.909,1.0,994.02,647.511,1.0,992.335,660.231,1.0,935.287,235.838,1.0,945.155,232.125,1.0,945.961,227.22,1.0,945.436,230.554,1.0,952.005,235.115,1.0,536.895,389.009,1.0,528.992,386.213,1.0,517.393,396.222,1.0,506.226,396.754,1.0,497.497,399.113,1.0,794.793,491.038,1.0,787.598,490.486,1.0,775.032,494.323,1.0,764.256,499.876,1.0,763.285,509.439,1.0,570.184,66.222,1.0,563.551,73.724,1.0,557.126,76.078,1.0,547.463,75.938,1.0,536.72,78.42,1.0
577,1006.709,622.081,1.0,1000.798,628.321,1.0,996.035,639.909,1.0,993.79,645.541,1.0,991.651,653.412,1.0,935.287,235.838,0.9919999837875366,941.121,234.145,1.0,945.619,229.493,1.0,946.013,230.26,1.0,952.01,234.321,1.0,536.895,388.723,1.0,529.284,386.213,1.0,517.44,396.222,1.0,506.781,396.67,1.0,498.454,398.738,1.0,796.927,497.929,1.0,788.673,490.188,1.0,776.731,494.05,1.0,765.482,498.557,1.0,763.285,509.157,1.0,572.504,66.119,1.0,565.496,74.063,1.0,557.821,74.815,1.0,547.863,75.042,1.0,539.788,78.42,1.0
578,1006.771,622.081,1.0,1000.95,628.064,1.0,996.127,637.798,1.0,993.79,644.678,1.0,991.531,653.389,1.0,930.66,235.72,1.0,937.209,234.164,1.0,945.619,229.698,1.0,946.021,229.981,1.0,957.611,231.404,1.0,536.895,388.707,1.0,532.526,386.213,1.0,520.228,396.089,1.0,508.787,396.315,1.0,502.093,398.551,1.0,797.158,497.929,1.0,788.928,489.894,1.0,778.142,493.808,1.0,765.573,497.289,1.0,761.266,508.1,1.0,573.134,66.119,1.0,566.144,74.251,1.0,558.679,74.262,1.0,548.683,74.38,1.0,540.542,78.42,1.0
579,1006.771,621.777,1.0,1000.95,628.006,1.0,996.243,636.943,1.0,994.02,644.49,1.0,991.531,652.883,1.0,929.908,235.838,1.0,937.06,234.501,1.0,945.619,230.206,1.0,946.021,229.924,1.0,957.937,231.156,1.0,542.547,385.248,1.0,534.317,394.994,1.0,525.143,395.12,1.0,515.872,394.005,1.0,506.84,395.843,1.0,797.497,497.929,1.0,788.994,488.908,1.0,778.142,493.698,1.0,766.187,497.094,1.0,760.894,506.71,1.0,573.911,66.119,1.0,566.43,74.544,1.0,559.226,74.034,1.0,548.685,74.377,1.0,540.625,78.42,1.0
580,1006.969,619.416,1.0,1002.816,625.872,1.0,996.243,636.306,1.0,994.5,642.657,1.0,991.531,652.883,1.0,929.785,235.838,1.0,936.62,234.67,1.0,945.619,230.634,1.0,947.373,229.953,1.0,957.937,231.119,1.0,542.547,385.112,1.0,534.326,394.994,1.0,525.534,394.493,1.0,516.48,393.91,1.0,507.006,395.725,1.0,797.89,497.508,1.0,789.443,488.403,1.0,778.142,493.808,1.0,766.2,495.95,1.0,760.894,506.53,1.0,574.683,66.287,1.0,567.602,74.544,1.0,559.303,72.856,1.0,549.499,74.244,1.0,541.815,78.42,1.0
581,1007.238,619.348,1.0,1004.174,625.496,1.0,996.243,635.309,1.0,994.648,641.449,1.0,991.357,652.165,1.0,929.785,235.72,1.0,937.06,234.67,1.0,945.158,230.926,1.0,947.373,229.772,1.0,957.937,231.119,1.0,542.802,385.112,1.0,534.937,394.994,1.0,525.784,394.225,1.0,516.528,393.693,1.0,508.237,395.582,1.0,797.898,496.908,1.0,789.585,488.167,1.0,778.251,494.05,1.0,766.2,495.781,1.0,760.894,505.953,1.0,578.663,67.627,1.0,570.792,74.544,1.0,561.033,72.426,1.0,551.599,74.164,1.0,542.479,78.409,1.0
582,1008.163,616.7,1.0,1005.233,618.271,1.0,996.243,630.103,1.0,997.903,635.576,1.0,991.357,650.073,1.0,930.66,235.563,1.0,937.209,234.67,1.0,943.079,230.926,1.0,947.373,228.955,1.0,956.118,231.119,1.0,542.975,385.248,1.0,536.27,394.63,1.0,527.427,392.699,1.0,519.379,393.693,1.0,510.63,395.578,1.0,797.935,496.77,1.0,790.018,488.167,1.0,778.251,495.624,1.0,767.246,495.368,1.0,762.922,505.391,1.0,579.628,68.069,1.0,571.664,72.82,1.0,561.484,71.63,1.0,552.581,73.774,1.0,547.194,77.677,1.0
583,1009.15,614.052,1.0,1006.544,618.254,1.0,996.669,628.906,1.0,998.57,634.901,1.0,991.357,646.956,1.0,952.972,227.634,1.0,947.927,229.334,1.0,943.079,230.926,1.0,939.852,228.494,1.0,929.56,236.925,1.0,553.237,387.742,1.0,548.008,391.218,1.0,532.369,390.175,1.0,520.345,393.91,1.0,514.572,394.284,1.0,798.526,495.776,1.0,791.865,488.167,1.0,781.485,495.624,1.0,772.233,495.101,1.0,765.203,501.748,1.0,580.042,68.18,1.0,572.385,72.578,1.0,561.484,69.842,1.0,552.745,73.735,1.0,547.633,77.25,1.0
584,1010.987,612.291,1.0,1007.646,617.655,1.0,996.435,628.036,1.0,998.701,634.901,1.0,990.831,646.671,1.0,952.972,227.634,1.0,947.927,229.334,1.0,942.025,230.634,1.0,939.852,228.278,1.0,929.56,236.925,1.0,554.078,387.876,1.0,548.272,391.218,1.0,532.512,390.086,1.0,520.489,393.495,1.0,514.792,394.055,1.0,801.142,495.705,1.0,791.931,488.167,1.0,782.818,495.624,1.0,774.937,494.65,1.0,765.227,500.616,1.0,580.042,68.069,1.0,572.385,72.094,1.0,561.801,70.281,1.0,552.9,73.717,1.0,547.635,77.025,1.0
585,1014.073,611.641,1.0,1009.121,617.655,1.0,996.435,627.769,1.0,999.469,633.684,1.0,990.831,646.564,1.0,952.972,227.634,0.9490000009536743,947.927,229.334,0.996999979019165,941.957,229.545,1.0,939.852,228.278,1.0,929.56,236.925,1.0,554.078,387.876,1.0,548.272,391.218,1.0,532.593,390.086,1.0,520.798,393.144,1.0,515.006,393.979,1.0,802.854,494.909,1.0,792.895,488.167,1.0,784.179,494.63,1.0,776.006,493.954,1.0,765.811,498.675,1.0,579.628,67.627,1.0,572.385,71.312,1.0,562.115,70.281,1.0,553.35,73.61,1.0,547.635,75.433,1.0
586,1016.367,611.445,1.0,1009.36,617.581,1.0,996.56,627.229,1.0,999.619,633.684,1.0,991.466,646.544,1.0,927.524,239.604,1.0,933.38,234.075,1.0,936.699,229.545,1.0,942.992,228.494,1.0,953.56,231.291,1.0,554.202,387.742,1.0,548.272,391.218,1.0,532.799,390.086,1.0,521.003,393.144,1.0,515.085,393.979,1.0,802.891,494.866,1.0,792.994,488.006,1.0,784.477,493.583,1.0,776.431,493.944,1.0,765.87,498.519,1.0,578.464,67.379,1.0,572.385,71.312,1.0,561.801,70.281,1.0,553.35,72.367,1.0,547.635,75.165,1.0
587,1016.569,610.818,1.0,1009.435,617.276,1.0,996.669,626.971,1.0,999.067,633.321,1.0,991.466,645.214,1.0,924.395,240.633,1.0,933.376,234.926,1.0,936.552,230.013,1.0,942.992,228.585,1.0,953.56,231.108,1.0,554.702,386.376,1.0,546.643,391.218,1.0,536.122,390.086,1.0,525.138,392.282,1.0,517.618,393.744,1.0,803.184,494.846,1.0,793.433,487.839,1.0,784.647,493.198,1.0,776.593,493.944,1.0,767.039,498.519,1.0,578.464,67.333,1.0,572.661,71.792,1.0,561.801,70.281,1.0,553.35,72.327,1.0,547.668,75.165,1.0
588,1017.121,608.786,1.0,1009.508,614.738,1.0,999.729,624.796,1.0,999.067,633.321,1.0,993.547,642.429,1.0,923.113,242.159,1.0,931.261,238.043,1.0,934.807,230.013,1.0,942.992,229.48,1.0,953.56,229.182,1.0,558.283,386.186,1.0,546.643,389.615,1.0,536.262,388.273,1.0,529.181,388.684,1.0,519.85,391.734,1.0,803.184,494.784,1.0,793.708,487.582,1.0,784.647,493.039,1.0,777.132,493.809,1.0,767.134,498.519,1.0,578.464,66.843,1.0,573.127,71.792,1.0,562.47,70.295,1.0,553.307,72.327,1.0,547.91,75.165,1.0
589,1020.071,608.302,1.0,1012.092,614.672,1.0,1005.592,624.642,1.0,999.067,633.321,1.0,994.22,641.117,1.0,920.04,244.678,1.0,924.762,238.391,1.0,934.807,231.261,1.0,939.562,230.504,1.0,949.844,226.467,1.0,558.283,386.036,1.0,546.643,389.615,1.0,536.335,388.273,1.0,529.396,388.684,1.0,520.26,391.734,1.0,803.747,494.754,1.0,793.902,487.582,1.0,784.851,493.039,1.0,777.132,493.809,1.0,767.361,498.664,1.0,578.608,66.797,1.0,573.127,71.881,1.0,562.47,70.411,1.0,553.307,72.327,1.0,547.91,76.432,1.0
590,1020.85,607.592,1.0,1012.546,614.243,1.0,1005.845,624.458,1.0,999.067,634.166,1.0,994.291,640.359,1.0,919.686,244.942,1.0,924.075,238.651,1.0,934.48,231.704,1.0,938.871,231.298,1.0,949.387,226.342,1.0,558.29,385.85,1.0,546.786,389.615,1.0,536.335,388.273,1.0,529.564,388.684,1.0,520.733,391.734,1.0,806.112,494.754,1.0,795.441,487.678,1.0,785.477,493.198,1.0,777.132,493.78,1.0,767.445,498.664,1.0,578.608,66.843,1.0,572.779,71.999,1.0,562.24,71.257,1.0,553.087,72.36,1.0,547.627,77.044,1.0
591,1020.85,607.416,1.0,1012.546,614.243,1.0,1006.208,624.092,1.0,999.067,634.166,1.0,994.41,636.531,1.0,919.686,245.008,1.0,924.075,239.021,1.0,934.48,231.778,1.0,938.353,231.644,1.0,948.818,226.181,1.0,558.29,385.622,1.0,549.423,390.207,1.0,539.548,389.15,1.0,533.124,389.096,1.0,524.239,391.734,1.0,807.467,494.754,1.0,796.834,487.839,1.0,786.752,493.46,1.0,775.926,492.823,1.0,767.528,498.664,1.0,578.608,66.843,1.0,572.779,72.083,1.0,562.24,71.257,1.0,552.946,72.542,1.0,547.453,77.044,1.0
592,1020.071,607.249,1.0,1012.092,614.003,1.0,1006.208,623.997,1.0,998.838,634.166,1.0,994.515,636.39,1.0,920.04,245.008,1.0,924.075,240.737,1.0,933.883,231.778,1.0,937.114,231.579,1.0,947.41,226.181,1.0,566.338,383.111,1.0,560.116,390.207,1.0,547.096,389.508,1.0,533.124,394.987,1.0,526.751,391.864,1.0,811.295,495.66,1.0,799.293,487.678,1.0,789.032,493.46,1.0,775.926,492.823,1.0,767.714,497.2,1.0,577.875,67.335,1.0,571.289,72.083,1.0,561.146,71.257,1.0,553.087,72.852,1.0,547.453,77.044,1.0
593,1019.638,607.199,1.0,1011.319,613.919,1.0,1005.845,623.877,1.0,999.147,632.865,1.0,994.594,635.7,1.0,920.167,253.368,1.0,928.709,242.392,1.0,932.042,234.771,1.0,934.801,231.644,1.0,946.136,226.012,1.0,568.203,382.811,1.0,560.53,390.207,1.0,547.309,389.764,1.0,533.339,395.073,1.0,526.751,391.91,1.0,811.4,495.878,1.0,799.38,487.678,1.0,789.076,493.46,1.0,775.926,492.823,1.0,767.744,497.116,1.0,577.106,67.445,1.0,569.221,72.683,1.0,560.362,69.545,1.0,553.604,72.852,1.0,547.453,76.115,1.0
594,1019.638,606.912,0.9359999895095825,1011.319,613.185,0.9980000257492065,1006.292,621.962,1.0,999.155,632.865,1.0,995.453,635.7,0.9990000128746033,920.167,256.121,1.0,928.709,242.918,1.0,931.751,235.848,1.0,934.736,231.823,1.0,945.668,225.587,1.0,568.808,382.811,1.0,560.94,390.199,1.0,548.214,389.764,1.0,533.783,395.073,1.0,526.913,391.91,1.0,811.406,495.878,1.0,799.54,487.678,1.0,789.076,493.386,1.0,776.482,492.874,1.0,767.744,496.935,1.0,573.383,68.397,0.9990000128746033,568.626,72.683,0.9990000128746033,560.362,69.106,1.0,552.776,73.256,1.0,547.105,76.115,0.9750000238418579
595,1019.638,606.912,0.9940000176429749,1011.319,612.819,1.0,1006.292,621.9,1.0,999.281,632.579,1.0,995.474,635.7,1.0,920.167,256.121,1.0,928.709,244.006,1.0,931.505,236.101,1.0,934.274,231.823,1.0,945.253,225.088,1.0,569.271,382.728,1.0,561.259,390.184,1.0,548.611,389.508,1.0,534.176,394.987,1.0,527.494,391.88,1.0,811.496,495.878,1.0,800.033,487.605,1.0,789.181,493.369,1.0,777.12,493.012,1.0,768.225,496.675,1.0,573.269,77.446,1.0,568.626,72.683,1.0,560.339,69.106,1.0,554.436,73.959,1.0,547.744,76.115,1.0
596,1020.408,606.799,1.0,1014.233,611.567,1.0,1007.744,621.318,1.0,999.281,632.579,1.0,995.514,635.591,1.0,919.77,255.956,1.0,928.529,244.404,1.0,931.144,236.248,1.0,934.274,231.823,1.0,944.725,225.088,1.0,572.414,382.441,1.0,561.259,389.129,1.0,550.469,388.464,1.0,537.857,393.491,1.0,531.095,391.91,1.0,811.541,495.443,1.0,801.968,485.387,1.0,789.181,493.369,1.0,777.278,493.27,1.0,768.79,496.675,1.0,573.269,79.69,1.0,568.626,72.677,1.0,560.362,69.106,1.0,554.436,73.277,1.0,547.744,76.156,1.0
597,1021.36,606.21,1.0,1014.238,611.059,1.0,1007.744,621.318,1.0,999.992,632.579,1.0,995.791,635.61,1.0,919.756,255.956,1.0,928.301,244.719,1.0,930.864,237.334,1.0,934.274,231.823,1.0,944.115,225.088,1.0,573.11,382.219,1.0,561.259,389.032,1.0,550.469,384.794,1.0,541.114,392.343,1.0,535.404,392.397,1.0,811.8,495.366,1.0,803.365,484.846,1.0,789.409,493.369,1.0,778.389,493.27,1.0,769.164,496.675,1.0,573.383,80.184,1.0,568.786,72.32,1.0,560.465,68.723,1.0,552.776,73.277,1.0,547.326,76.381,1.0
598,1021.746,605.42,1.0,1015.786,608.416,1.0,1007.744,617.023,1.0,1000.475,631.435,1.0,995.973,635.61,1.0,918.664,254.969,1.0,926.803,244.986,1.0,930.751,237.334,1.0,934.97,227.903,1.0,941.759,225.112,1.0,573.232,382.219,1.0,561.268,388.696,1.0,551.494,384.639,1.0,541.152,392.343,1.0,535.492,392.195,1.0,813.693,488.82,1.0,807.459,484.718,1.0,793.429,493.369,1.0,779.554,493.27,1.0,772.006,493.969,1.0,573.457,81.029,1.0,568.786,72.32,1.0,560.479,68.723,1.0,552.776,73.277,1.0,547.326,76.861,1.0
599,1022.324,604.719,1.0,1016.611,607.501,1.0,1007.744,616.758,1.0,1000.751,630.287,1.0,996.04,635.373,1.0,912.726,244.909,1.0,925.304,246.702,1.0,930.708,238.287,1.0,934.97,227.903,1.0,941.21,228.145,1.0,573.249,382.219,1.0,561.268,388.628,1.0,551.494,384.639,1.0,541.381,392.343,1.0,536.399,392.195,1.0,814.726,486.804,1.0,808.585,484.559,1.0,794.345,492.716,1.0,785.476,490.328,1.0,774.637,493.969,1.0,573.979,81.446,1.0,568.995,72.32,1.0,560.894,69.129,1.0,553.074,73.277,1.0,547.744,76.861,1.0
600,1022.324,604.719,1.0,1017.583,607.501,1.0,1007.816,616.741,1.0,1000.883,629.96,1.0,996.151,634.987,1.0,912.446,244.003,1.0,924.984,247.869,1.0,928.266,238.962,1.0,934.97,227.903,1.0,941.109,228.321,1.0,573.249,382.234,1.0,562.414,388.272,1.0,551.826,384.794,1.0,544.244,393.273,1.0,536.547,392.195,1.0,814.845,486.786,1.0,809.537,484.107,1.0,795.219,491.516,1.0,786.746,489.654,1.0,775.601,493.969,1.0,574.083,83.652,1.0,568.995,77.992,1.0,562.646,70.818,1.0,553.074,73.11,1.0,547.86,76.861,1.0
601,1022.226,605.42,1.0,1017.583,608.416,1.0,1007.816,616.758,1.0,1001.554,627.805,1.0,997.251,634.987,1.0,908.581,243.67,1.0,916.57,247.869,1.0,927.951,238.962,1.0,932.19,232.583,1.0,940.964,228.949,1.0,575.109,384.237,1.0,569.06,386.707,1.0,556.516,386.046,1.0,551.167,393.273,1.0,537.973,391.202,1.0,814.845,486.08,1.0,809.67,484.09,1.0,796.211,490.704,1.0,787.474,489.654,1.0,776.082,494.541,1.0,574.695,87.244,1.0,569.234,80.783,1.0,564.544,73.91,1.0,554.085,72.132,1.0,547.936,73.808,1.0
602,1022.324,605.624,1.0,1017.583,608.284,1.0,1009.111,616.758,1.0,1001.723,626.324,1.0,997.251,633.848,1.0,907.643,243.572,1.0,915.484,247.889,1.0,927.322,238.962,1.0,932.182,232.62,1.0,940.553,229.488,1.0,577.74,384.237,1.0,571.853,386.707,1.0,558.163,386.347,1.0,552.672,394.44,1.0,539.995,390.957,1.0,815.147,486.786,1.0,809.67,482.791,1.0,796.429,490.641,1.0,787.831,489.654,1.0,777.18,494.541,1.0,574.969,89.865,1.0,569.234,80.804,1.0,564.635,74.61,1.0,554.874,72.116,1.0,547.95,72.016,1.0
603,1022.226,606.099,1.0,1017.432,608.284,1.0,1009.226,616.741,1.0,1002.394,626.085,1.0,997.342,633.683,1.0,906.901,243.67,1.0,915.139,247.985,1.0,927.322,239.308,1.0,931.243,233.166,1.0,940.533,229.49,1.0,577.74,384.237,1.0,571.853,386.707,1.0,559.139,386.728,1.0,553.156,393.273,1.0,540.029,390.915,1.0,815.298,486.786,1.0,809.788,481.377,1.0,796.532,489.974,1.0,788.127,490.683,1.0,777.573,494.561,1.0,576.329,90.478,1.0,572.764,81.363,1.0,565.194,75.326,1.0,555.461,72.055,1.0,548.774,71.903,1.0
604,1021.974,606.099,1.0,1017.432,608.284,1.0,1009.256,616.741,1.0,1002.519,625.274,1.0,997.706,633.316,1.0,906.719,244.003,1.0,910.798,247.985,1.0,925.735,239.876,1.0,931.243,233.406,1.0,940.533,230.368,1.0,577.912,384.182,1.0,572.36,386.99,1.0,559.214,386.728,1.0,553.156,393.265,1.0,540.029,390.915,1.0,816.991,485.978,1.0,810.346,481.054,1.0,800.429,489.556,1.0,789.557,490.683,1.0,781.258,494.599,1.0,576.329,90.581,1.0,573.628,81.497,1.0,565.504,75.757,1.0,555.755,72.116,1.0,548.878,71.903,1.0
605,1021.974,606.099,1.0,1017.335,607.439,1.0,1009.737,615.894,1.0,1002.57,625.126,1.0,1000.499,631.294,1.0,905.458,254.446,1.0,910.798,247.985,1.0,919.921,240.383,1.0,928.463,236.9,1.0,939.922,230.866,1.0,580.51,383.765,1.0,572.36,386.99,1.0,560.63,386.486,1.0,552.672,393.256,1.0,540.029,390.875,1.0,822.618,485.573,1.0,811.849,480.162,1.0,802.532,488.205,1.0,789.895,490.683,1.0,782.118,495.165,1.0,578.139,90.581,1.0,574.734,82.709,1.0,566.038,77.315,1.0,556.899,72.132,1.0,549.503,71.575,1.0
606,1022.463,604.309,1.0,1017.089,606.794,1.0,1011.377,615.303,1.0,1003.956,619.879,1.0,1000.499,631.294,1.0,905.183,254.513,1.0,910.798,248.025,1.0,918.487,240.47,1.0,928.042,237.766,1.0,939.576,232.741,1.0,582.191,383.765,1.0,571.709,386.99,1.0,562.345,386.486,1.0,552.186,392.742,1.0,540.558,390.834,1.0,822.845,485.466,1.0,811.967,480.162,1.0,803.174,488.117,1.0,790.678,489.391,1.0,782.714,495.165,1.0,582.335,91.882,1.0,575.443,88.426,1.0,570.366,79.261,1.0,563.671,73.395,1.0,553.944,71.354,1.0
607,1022.494,597.963,1.0,1015.489,603.681,1.0,1011.781,614.892,1.0,1003.96,619.765,1.0,1000.499,631.013,1.0,903.729,257.173,1.0,917.279,248.025,1.0,918.487,241.029,1.0,927.015,237.766,1.0,939.207,233.335,1.0,584.717,383.425,1.0,571.709,385.232,1.0,566.032,384.925,1.0,552.186,390.533,1.0,543.608,389.739,1.0,823.382,485.262,1.0,812.14,480.162,1.0,803.312,487.938,1.0,790.678,489.391,1.0,782.719,495.165,1.0,586.871,94.057,1.0,576.952,90.792,1.0,570.913,80.156,1.0,564.899,75.199,1.0,556.346,71.354,1.0
608,1023.764,596.517,1.0,1015.489,603.484,1.0,1011.898,614.3,1.0,1004.215,619.765,1.0,1000.499,630.927,1.0,903.161,257.173,1.0,917.279,248.02,1.0,916.963,241.542,1.0,926.872,238.178,1.0,938.798,233.408,1.0,584.948,383.425,1.0,571.664,385.141,1.0,566.457,384.925,1.0,552.186,390.533,1.0,543.775,389.558,1.0,823.949,484.587,1.0,812.14,486.559,1.0,803.946,487.938,1.0,790.678,489.391,1.0,784.339,494.396,1.0,586.872,94.141,1.0,577.019,90.792,1.0,574.841,80.557,1.0,565.654,76.085,1.0,556.5,72.052,1.0
609,1026.597,596.158,1.0,1015.337,602.3,1.0,1012.077,611.725,1.0,1004.89,619.731,1.0,1000.499,630.927,1.0,903.045,257.202,1.0,917.279,247.731,1.0,916.414,242.235,1.0,922.54,238.383,1.0,932.176,234.413,1.0,584.948,383.425,1.0,571.664,384.948,1.0,566.644,384.783,1.0,552.373,390.404,1.0,543.947,389.541,1.0,824.706,484.541,1.0,813.677,486.559,1.0,804.389,487.938,1.0,792.514,489.391,1.0,786.339,494.256,1.0,587.467,94.141,1.0,578.732,90.792,1.0,575.566,81.517,1.0,566.215,76.401,1.0,556.84,72.052,1.0
610,1026.597,595.35,1.0,1015.489,602.3,1.0,1013.229,611.599,1.0,1005.201,619.514,1.0,1000.57,630.918,1.0,897.64,257.173,1.0,907.8,247.375,1.0,915.847,248.551,1.0,917.962,243.817,1.0,930.674,234.506,1.0,586.619,384.487,1.0,571.829,384.948,1.0,566.457,384.708,1.0,552.807,390.295,1.0,544.724,389.381,1.0,826.084,478.819,1.0,813.677,486.559,1.0,805.182,489.247,1.0,794.229,489.391,1.0,786.554,493.386,1.0,588.748,94.251,1.0,582.085,90.792,1.0,577.613,83.393,1.0,568.564,76.721,1.0,559.847,73.944,1.0
611,1026.597,594.468,1.0,1015.58,602.3,1.0,1014.531,611.427,1.0,1006.033,619.26,1.0,1002.109,628.26,1.0,897.506,256.979,1.0,907.596,246.92,1.0,915.464,248.782,1.0,917.641,243.988,1.0,930.674,235.005,1.0,585.587,384.898,1.0,573.533,384.948,1.0,566.032,384.676,1.0,552.901,390.295,1.0,544.964,388.838,1.0,827.176,477.328,1.0,813.677,484.854,1.0,806.445,489.247,1.0,795.507,489.001,1.0,786.874,493.386,1.0,589.793,94.72,1.0,582.325,90.516,1.0,577.886,86.067,1.0,570.121,78.604,1.0,564.357,74.897,1.0
612,1023.057,594.378,1.0,1016.042,602.3,1.0,1015.558,611.228,1.0,1009.148,616.043,1.0,1002.109,627.701,1.0,897.437,256.798,1.0,907.325,246.92,1.0,914.677,248.823,1.0,917.105,243.988,1.0,930.629,235.005,1.0,586.619,394.86,1.0,574.701,388.536,1.0,564.899,380.3,1.0,553.249,390.295,1.0,546.879,388.273,1.0,828.116,477.144,1.0,813.677,484.76,1.0,806.773,489.247,1.0,796.049,488.862,1.0,786.933,493.298,1.0,591.352,95.638,1.0,583.692,90.444,1.0,577.985,86.255,1.0,571.249,78.875,1.0,565.622,75.035,1.0
613,1022.844,594.378,1.0,1016.042,602.3,1.0,1015.558,611.165,1.0,1009.891,615.811,1.0,1002.635,627.701,1.0,896.99,256.798,1.0,907.325,246.92,1.0,914.677,249.094,1.0,916.861,244.133,1.0,930.589,235.054,1.0,586.619,397.168,1.0,575.819,388.959,1.0,564.899,380.3,1.0,553.513,390.082,1.0,547.308,388.273,1.0,828.383,477.144,1.0,814.964,484.629,1.0,806.773,484.642,1.0,796.053,488.862,1.0,787.403,493.298,1.0,591.501,96.04,1.0,583.692,90.516,1.0,578.292,86.538,1.0,571.394,79.001,1.0,565.674,75.385,1.0
614,1022.844,594.378,1.0,1016.042,602.23,1.0,1015.558,611.037,1.0,1009.988,615.811,1.0,1004.004,627.701,1.0,895.867,256.309,1.0,901.492,249.7,1.0,913.724,249.231,1.0,916.331,244.447,1.0,929.555,235.054,1.0,586.782,397.998,1.0,575.819,390.462,1.0,564.899,380.3,1.0,554.273,390.079,1.0,548.434,388.273,1.0,828.383,477.328,1.0,814.964,484.138,1.0,806.445,484.543,1.0,796.09,488.52,1.0,787.752,493.348,1.0,591.646,96.157,1.0,583.692,91.059,1.0,579.265,86.552,1.0,571.461,79.001,1.0,566.547,75.567,1.0
615,1022.837,594.378,1.0,1016.042,601.533,1.0,1015.433,610.25,1.0,1010.31,616.043,1.0,1004.152,628.048,1.0,892.658,256.563,1.0,899.102,249.7,1.0,909.245,249.579,1.0,915.727,244.447,1.0,924.876,237.033,1.0,589.873,398.144,1.0,579.652,390.777,1.0,570.351,382.767,1.0,564.127,389.671,1.0,550.29,388.381,1.0,828.473,476.998,1.0,815.071,483.766,1.0,806.445,484.353,1.0,796.585,488.862,1.0,788.465,493.348,1.0,597.373,98.732,1.0,589.0,92.093,1.0,583.111,88.517,1.0,575.0,82.412,1.0,567.842,79.393,1.0
616,1022.624,592.253,1.0,1015.478,601.505,1.0,1015.149,610.097,1.0,1010.451,616.043,1.0,1004.945,628.294,1.0,891.622,256.309,1.0,898.929,249.749,1.0,908.664,249.579,1.0,915.674,244.826,1.0,921.149,240.897,1.0,590.18,398.278,1.0,580.928,391.193,1.0,570.485,383.166,1.0,565.14,389.345,1.0,550.401,388.381,1.0,828.632,476.998,1.0,815.431,482.04,1.0,806.773,483.355,1.0,800.721,489.36,1.0,789.748,493.298,1.0,597.921,99.083,1.0,589.572,92.156,1.0,583.572,89.014,1.0,575.404,84.855,1.0,568.543,79.837,1.0
617,1019.231,592.253,1.0,1015.478,600.938,1.0,1015.149,609.317,1.0,1010.7,615.811,1.0,1005.499,628.294,1.0,891.552,256.309,1.0,898.754,249.7,1.0,908.565,249.571,1.0,914.915,244.849,1.0,920.894,241.164,1.0,590.516,398.151,1.0,581.918,391.727,1.0,570.792,383.656,1.0,565.239,389.248,1.0,550.859,388.381,1.0,828.921,475.693,1.0,824.342,476.868,1.0,810.817,481.543,1.0,804.517,492.154,1.0,793.156,491.506,1.0,598.037,99.083,1.0,591.422,92.965,1.0,584.035,89.584,1.0,576.284,86.005,1.0,569.33,79.936,1.0
618,1018.258,591.495,1.0,1015.744,600.195,1.0,1015.149,608.456,1.0,1010.7,615.588,1.0,1005.524,628.336,1.0,891.477,256.202,1.0,898.639,249.552,1.0,908.539,249.571,1.0,914.841,244.928,1.0,920.894,241.164,1.0,590.516,398.151,1.0,582.527,391.193,1.0,571.717,384.101,1.0,566.598,389.478,1.0,551.345,387.964,1.0,828.921,474.067,1.0,825.917,474.582,1.0,813.067,481.373,1.0,807.778,492.191,1.0,796.207,491.506,1.0,598.311,99.083,1.0,592.024,93.669,1.0,587.762,89.616,1.0,576.725,86.603,1.0,569.602,80.17,1.0
619,1017.023,591.393,1.0,1016.454,600.195,1.0,1015.149,607.96,1.0,1010.784,615.54,1.0,1005.868,628.294,1.0,891.42,255.761,1.0,897.533,249.552,1.0,908.194,249.571,1.0,913.677,244.956,1.0,920.41,241.164,1.0,590.745,398.151,1.0,582.709,391.173,1.0,572.531,385.649,1.0,566.598,389.072,1.0,552.399,387.907,1.0,828.921,472.392,1.0,825.917,474.405,1.0,813.139,481.06,1.0,808.05,492.191,1.0,796.715,491.506,1.0,598.849,99.012,1.0,592.72,93.669,1.0,587.808,91.566,1.0,579.731,86.603,1.0,570.809,80.17,1.0
620,1016.493,591.365,1.0,1016.351,600.195,1.0,1014.371,607.753,1.0,1010.702,615.54,1.0,1005.868,628.265,1.0,891.216,255.655,1.0,895.137,249.749,1.0,906.688,249.571,1.0,910.51,245.205,1.0,919.822,241.126,1.0,590.968,396.937,1.0,584.829,391.173,1.0,578.808,386.7,1.0,566.598,388.581,1.0,555.483,387.817,1.0,828.176,472.258,1.0,825.917,474.24,1.0,813.696,479.534,1.0,808.216,492.154,1.0,797.193,491.506,1.0,599.741,97.481,1.0,594.59,95.049,1.0,589.315,91.566,1.0,582.12,87.317,1.0,571.768,80.363,1.0
621,1016.493,590.822,1.0,1016.454,598.1,1.0,1014.371,607.753,1.0,1010.797,615.588,1.0,1005.962,626.275,1.0,888.16,255.655,1.0,895.029,250.782,1.0,902.988,250.635,1.0,908.067,247.178,1.0,919.822,241.126,1.0,594.783,396.111,1.0,589.465,389.83,1.0,581.854,389.91,1.0,566.277,388.381,1.0,556.823,384.985,1.0,828.176,471.824,1.0,824.738,469.867,1.0,814.037,479.534,1.0,808.268,491.389,1.0,797.531,491.506,1.0,601.663,96.844,1.0,595.055,95.049,1.0,589.315,91.566,1.0,582.734,87.628,1.0,572.591,80.906,1.0
622,1017.023,589.633,1.0,1016.606,597.838,1.0,1014.371,607.753,1.0,1010.797,616.691,1.0,1006.125,620.271,1.0,888.16,255.655,1.0,895.029,250.9,1.0,902.988,251.125,1.0,907.731,247.178,1.0,919.833,241.126,1.0,595.026,395.704,1.0,589.834,389.355,1.0,582.217,390.522,1.0,566.277,387.457,1.0,557.096,384.49,1.0,828.176,471.824,1.0,824.738,469.532,1.0,817.507,479.534,1.0,808.42,489.468,1.0,801.069,488.595,1.0,603.295,96.844,1.0,596.761,95.525,1.0,589.83,91.566,1.0,583.153,87.628,1.0,573.512,80.962,1.0
623,1017.023,588.653,1.0,1016.454,597.579,1.0,1014.371,607.753,1.0,1011.361,617.667,1.0,1005.868,619.381,1.0,888.16,256.314,1.0,895.137,251.505,1.0,902.988,251.292,1.0,907.731,247.362,1.0,919.859,241.295,1.0,595.275,396.111,1.0,589.894,389.83,1.0,582.363,391.758,1.0,566.277,387.457,1.0,557.712,384.49,1.0,835.158,466.309,1.0,824.738,469.323,1.0,822.631,480.235,1.0,811.389,486.099,1.0,802.592,488.167,1.0,603.482,96.844,1.0,596.834,95.525,1.0,589.861,91.818,1.0,583.547,87.807,1.0,575.538,81.18,1.0
624,1017.399,588.141,1.0,1017.213,595.982,1.0,1014.371,607.647,1.0,1011.827,617.667,1.0,1006.691,619.367,1.0,888.16,256.916,1.0,895.137,252.988,1.0,902.988,251.751,1.0,907.731,247.178,1.0,919.833,241.471,1.0,595.773,396.111,1.0,590.755,389.83,1.0,583.042,391.801,1.0,566.923,387.457,1.0,560.03,382.958,1.0,840.771,466.193,1.0,828.01,467.774,1.0,822.882,480.755,1.0,812.67,485.536,1.0,805.457,488.167,1.0,612.189,98.291,1.0,602.156,97.031,1.0,593.463,95.888,1.0,584.137,88.725,1.0,580.697,84.545,1.0
625,1017.399,586.845,1.0,1017.213,595.373,1.0,1013.44,606.853,1.0,1012.345,616.691,1.0,1006.838,619.367,1.0,887.743,257.587,1.0,895.029,253.502,1.0,902.988,251.83,1.0,907.721,246.969,1.0,919.833,241.731,1.0,598.343,395.704,1.0,594.231,391.229,1.0,583.443,391.801,1.0,569.415,388.058,1.0,564.246,382.403,1.0,842.078,465.856,1.0,828.582,467.774,1.0,823.079,480.755,1.0,813.235,485.118,1.0,806.051,488.595,1.0,613.214,99.332,1.0,603.47,97.465,1.0,595.129,95.888,1.0,585.87,88.886,1.0,580.708,85.179,1.0
626,1017.399,585.368,0.9990000128746033,1016.313,592.685,1.0,1013.262,606.811,1.0,1013.026,615.891,1.0,1006.838,618.744,1.0,881.686,257.587,1.0,892.063,255.092,1.0,899.791,253.446,1.0,904.669,242.87,1.0,914.925,243.653,1.0,599.612,395.328,1.0,594.386,391.352,1.0,583.529,395.004,1.0,569.941,388.132,1.0,565.452,382.231,1.0,842.078,465.103,1.0,829.533,467.774,1.0,823.969,480.755,1.0,814.018,484.813,1.0,807.066,488.595,1.0,613.312,99.332,1.0,603.984,97.675,1.0,595.241,96.092,1.0,586.284,89.019,1.0,580.974,85.406,1.0
627,1017.399,584.193,1.0,1016.313,592.685,1.0,1013.249,604.099,1.0,1013.271,613.911,1.0,1007.989,617.832,1.0,881.123,257.587,1.0,891.874,255.092,1.0,899.789,253.579,1.0,904.472,242.64,1.0,914.799,244.935,1.0,599.817,396.47,1.0,594.745,391.352,1.0,584.179,395.11,1.0,570.109,388.298,1.0,565.731,382.231,1.0,842.601,465.084,1.0,829.983,470.069,1.0,824.075,480.171,1.0,814.134,483.731,1.0,808.046,488.167,1.0,613.331,98.291,1.0,606.058,98.807,1.0,596.724,96.092,1.0,586.803,89.541,1.0,582.019,86.745,1.0
628,1017.399,584.193,0.9769999980926514,1015.973,592.685,0.996999979019165,1012.748,603.404,1.0,1014.029,611.17,1.0,1008.086,616.44,0.9890000224113464,877.132,255.474,1.0,891.357,255.092,1.0,898.997,253.579,1.0,904.141,242.64,1.0,914.502,245.343,1.0,602.319,398.925,1.0,595.738,391.352,1.0,585.207,395.11,1.0,570.895,388.778,1.0,566.386,382.231,1.0,842.601,464.975,1.0,834.112,470.595,1.0,826.647,479.557,1.0,819.011,480.076,1.0,810.765,483.94,1.0,618.71,97.962,1.0,610.581,99.93,1.0,601.223,95.369,1.0,592.907,92.19,1.0,583.031,89.07,1.0
629,1017.377,584.193,0.8999999761581421,1014.865,594.822,0.9980000257492065,1012.402,598.39,1.0,1014.029,601.124,1.0,1011.848,612.561,0.9399999976158142,877.087,255.448,1.0,891.105,254.747,1.0,898.934,253.579,1.0,904.472,242.64,1.0,914.502,245.511,1.0,604.566,398.925,1.0,598.009,391.466,1.0,586.9,392.926,1.0,578.734,388.778,1.0,568.255,386.646,1.0,842.291,464.593,1.0,834.919,470.739,1.0,830.557,476.521,1.0,822.058,479.892,1.0,812.672,483.94,1.0,619.046,97.962,1.0,611.477,100.704,1.0,603.095,95.369,1.0,594.379,93.187,1.0,586.413,89.479,1.0
630,1017.941,582.605,0.9860000014305115,1014.865,594.822,0.9940000176429749,1012.402,596.37,1.0,1013.865,600.344,1.0,1011.849,612.322,0.9359999895095825,876.711,255.448,1.0,889.577,254.747,1.0,897.718,253.611,1.0,903.826,243.094,1.0,913.598,246.185,1.0,605.726,399.195,1.0,599.961,393.116,1.0,590.66,393.981,1.0,584.278,388.913,1.0,574.238,387.807,1.0,842.195,464.593,1.0,834.919,470.595,1.0,831.192,476.13,1.0,822.321,479.486,1.0,813.18,483.94,1.0,619.078,97.962,1.0,611.776,101.207,1.0,603.12,95.436,1.0,595.376,93.256,1.0,587.519,90.252,1.0
631,1017.941,579.327,0.984000027179718,1016.651,594.822,0.9950000047683716,1012.402,596.252,1.0,1014.416,600.344,1.0,1013.374,608.401,0.9459999799728394,873.849,255.448,1.0,883.638,254.747,1.0,895.134,254.259,1.0,903.785,244.304,1.0,909.976,247.541,1.0,606.181,402.33,1.0,600.418,394.238,1.0,591.402,393.253,1.0,585.033,389.278,1.0,574.313,388.224,1.0,842.291,464.593,1.0,834.994,470.485,1.0,831.192,475.825,1.0,822.812,479.281,1.0,813.551,484.023,1.0,619.347,98.716,1.0,613.392,101.207,1.0,606.38,95.436,1.0,597.911,93.472,1.0,589.455,90.252,1.0
632,1018.601,575.935,1.0,1016.67,588.315,1.0,1012.752,595.362,1.0,1014.552,600.344,1.0,1013.374,608.401,1.0,872.323,259.326,1.0,878.706,256.287,1.0,890.955,255.768,1.0,899.105,251.503,1.0,909.686,247.582,1.0,606.323,402.33,1.0,600.64,394.248,1.0,591.622,393.253,1.0,585.033,389.278,1.0,574.35,388.463,1.0,842.291,464.55,1.0,835.454,470.485,1.0,831.192,475.825,1.0,823.402,479.281,1.0,813.964,484.023,1.0,626.911,100.141,1.0,616.186,101.31,1.0,607.675,96.841,1.0,598.291,93.622,1.0,594.368,93.435,1.0
633,1019.48,575.196,0.8859999775886536,1019.816,587.329,0.9570000171661377,1013.708,593.818,1.0,1015.277,599.935,1.0,1013.374,608.401,0.9990000128746033,872.049,259.468,1.0,878.527,256.394,1.0,890.83,256.025,1.0,898.844,252.295,1.0,909.642,248.429,1.0,606.323,402.33,1.0,600.785,394.365,1.0,592.067,393.981,1.0,585.033,389.278,1.0,575.38,388.463,1.0,842.943,464.55,1.0,836.722,469.816,1.0,831.373,474.162,1.0,823.433,478.276,1.0,815.325,484.023,1.0,630.412,100.357,1.0,620.192,101.152,1.0,610.063,97.675,1.0,598.829,94.864,1.0,595.445,93.435,1.0
634,1026.62,575.196,1.0,1022.829,581.142,1.0,1013.708,592.705,1.0,1015.977,599.935,1.0,1012.551,608.401,1.0,872.049,259.468,1.0,878.32,256.895,1.0,889.983,256.192,1.0,898.586,252.441,1.0,909.311,248.429,1.0,614.129,402.441,1.0,603.704,394.365,1.0,595.817,396.778,1.0,585.38,389.892,1.0,576.062,388.463,1.0,849.882,464.65,1.0,840.556,465.319,1.0,833.693,469.884,1.0,823.911,474.034,1.0,815.617,482.539,1.0,630.697,100.357,1.0,620.266,101.31,1.0,610.323,97.675,1.0,601.172,95.612,1.0,595.611,93.746,1.0
635,1027.923,575.196,1.0,1023.371,580.938,1.0,1013.708,592.705,1.0,1015.977,601.815,1.0,1013.374,606.974,1.0,872.323,259.468,1.0,877.963,256.895,1.0,889.983,256.192,1.0,898.502,252.993,1.0,909.234,248.429,1.0,618.923,402.396,1.0,606.482,394.365,1.0,596.713,396.778,1.0,585.466,389.892,1.0,576.544,388.509,1.0,850.132,466.864,1.0,841.385,465.157,1.0,833.739,469.884,1.0,823.911,474.034,1.0,815.779,482.043,1.0,631.22,100.141,1.0,622.442,101.772,1.0,613.202,97.816,1.0,603.523,96.184,1.0,596.304,93.89,1.0
636,1028.161,575.196,1.0,1023.689,580.621,1.0,1014.385,592.25,1.0,1016.159,600.882,1.0,1013.429,606.72,1.0,872.447,259.311,1.0,877.963,256.895,1.0,889.963,256.025,1.0,898.502,252.993,1.0,909.234,248.673,1.0,619.455,402.396,1.0,607.239,394.365,1.0,597.074,396.917,1.0,585.653,390.298,1.0,576.617,388.509,1.0,850.306,466.864,1.0,841.54,465.157,1.0,834.417,469.607,1.0,823.911,473.653,1.0,815.873,481.826,1.0,635.183,96.157,1.0,627.267,101.858,1.0,618.229,97.816,1.0,607.605,96.936,1.0,599.871,94.65,1.0
637,1028.984,575.453,1.0,1023.877,580.392,1.0,1014.385,591.432,1.0,1016.641,601.498,1.0,1013.554,605.785,1.0,873.699,253.276,1.0,878.449,255.868,1.0,889.886,253.023,1.0,898.069,253.328,1.0,909.052,248.673,1.0,619.455,402.396,1.0,607.27,393.92,1.0,597.375,396.917,1.0,585.855,390.298,1.0,576.843,388.509,1.0,850.306,466.864,1.0,841.54,465.319,1.0,834.424,469.607,1.0,824.29,474.034,1.0,815.965,481.722,1.0,635.482,96.157,1.0,628.02,102.181,1.0,619.448,97.816,1.0,609.803,97.318,1.0,601.21,94.885,1.0
638,1029.969,575.453,1.0,1023.689,580.621,1.0,1013.963,590.796,1.0,1016.287,601.498,1.0,1014.11,605.52,1.0,873.699,246.757,1.0,878.437,252.658,1.0,889.724,253.023,1.0,897.725,253.376,1.0,908.621,248.673,1.0,619.455,402.396,1.0,610.019,393.261,1.0,597.856,397.287,1.0,586.038,391.217,1.0,577.052,389.48,1.0,850.822,466.237,1.0,842.205,465.157,1.0,834.492,469.446,1.0,824.878,473.653,1.0,816.64,481.722,1.0,636.316,96.157,1.0,629.202,102.181,1.0,620.216,98.624,1.0,610.865,98.255,1.0,601.275,95.943,1.0
639,1029.969,575.306,1.0,1023.371,580.621,1.0,1013.963,588.449,1.0,1016.287,600.882,1.0,1014.453,605.172,1.0,874.645,245.604,1.0,878.449,251.358,1.0,889.159,253.023,1.0,897.106,253.376,1.0,908.621,248.673,1.0,620.584,400.53,1.0,610.769,391.458,1.0,598.738,397.362,1.0,587.347,391.376,1.0,580.902,390.551,1.0,853.246,465.99,1.0,845.1,465.157,1.0,838.79,468.859,1.0,826.24,473.653,1.0,818.336,479.32,1.0,637.331,96.646,1.0,630.336,102.181,1.0,621.662,98.827,1.0,613.386,98.3,1.0,604.132,96.29,1.0
640,1030.458,574.767,0.9950000047683716,1020.506,587.326,0.9810000061988831,1012.122,587.39,1.0,1016.382,599.917,0.9990000128746033,1014.655,604.639,0.9909999966621399,874.645,245.453,1.0,878.959,250.732,1.0,887.521,258.687,1.0,896.871,251.727,1.0,907.797,248.878,1.0,625.019,396.843,1.0,615.626,391.458,1.0,600.542,398.993,1.0,591.258,392.668,1.0,583.237,394.308,1.0,856.45,465.471,1.0,848.887,464.409,1.0,841.109,467.943,1.0,828.016,472.923,1.0,821.827,479.253,1.0,641.795,104.687,1.0,635.293,101.134,1.0,627.933,99.32,1.0,614.129,100.747,1.0,607.395,96.717,1.0
641,1029.969,575.306,0.996999979019165,1019.924,588.237,0.9829999804496765,1012.122,587.39,1.0,1016.287,599.666,0.9990000128746033,1014.812,603.753,0.9980000257492065,873.827,245.054,1.0,879.878,249.701,1.0,886.43,262.401,1.0,888.257,249.346,1.0,906.796,249.041,1.0,625.019,396.622,1.0,616.097,391.148,1.0,601.229,398.993,1.0,591.898,392.816,1.0,583.293,395.034,1.0,856.951,465.269,1.0,848.887,463.243,1.0,841.634,467.921,1.0,828.678,472.686,1.0,821.923,479.253,1.0,642.084,105.15,1.0,636.822,101.134,1.0,628.024,99.665,1.0,614.733,100.747,1.0,609.304,97.192,1.0
642,1028.624,575.306,0.8989999890327454,1018.766,589.201,0.9549999833106995,1012.122,587.39,1.0,1016.203,584.315,0.9980000257492065,1019.258,576.525,0.9440000057220459,873.413,244.209,1.0,880.304,249.593,1.0,886.047,262.401,1.0,888.257,248.799,1.0,905.535,248.878,1.0,625.019,396.622,1.0,616.097,391.148,1.0,601.982,398.993,1.0,592.503,393.107,1.0,583.89,395.034,1.0,857.015,465.269,1.0,850.745,462.482,1.0,841.634,467.638,1.0,828.936,472.686,1.0,822.524,479.253,1.0,642.169,105.15,1.0,636.981,101.134,1.0,628.889,100.613,1.0,615.566,100.747,1.0,610.001,98.946,1.0
643,1012.376,609.369,0.9950000047683716,1015.164,599.554,0.9990000128746033,1012.991,590.483,1.0,1015.074,583.422,1.0,1019.258,573.483,0.9760000109672546,873.413,243.728,1.0,880.726,249.231,1.0,885.957,262.401,1.0,888.257,248.718,1.0,901.768,248.796,1.0,625.019,396.843,1.0,616.097,390.213,1.0,601.982,398.629,1.0,592.648,393.351,1.0,584.683,395.034,1.0,857.015,464.978,1.0,852.072,459.909,1.0,841.723,467.617,1.0,829.052,472.083,1.0,822.524,479.088,1.0,642.169,104.687,1.0,637.516,102.61,1.0,629.207,100.807,1.0,617.132,100.607,1.0,611.716,99.02,1.0
644,1012.376,609.369,1.0,1015.164,599.554,1.0,1013.082,590.483,1.0,1015.074,583.422,1.0,1019.258,573.483,0.9990000128746033,873.36,243.688,1.0,880.304,248.157,1.0,885.209,259.794,1.0,888.308,248.799,1.0,901.716,249.183,1.0,625.019,397.969,1.0,616.097,390.213,1.0,606.325,397.65,1.0,596.658,393.997,1.0,590.36,394.609,1.0,858.771,464.603,1.0,853.068,458.203,1.0,842.574,463.266,1.0,834.773,471.055,1.0,829.16,477.058,1.0,648.859,102.242,1.0,640.265,103.179,1.0,630.154,100.807,1.0,617.677,100.607,1.0,612.045,99.02,1.0
645,1012.376,609.369,0.9990000128746033,1015.164,599.554,1.0,1013.415,590.483,1.0,1014.691,583.422,1.0,1018.844,576.525,0.9879999756813049,872.517,243.645,1.0,879.878,247.116,1.0,884.94,258.662,1.0,888.796,249.346,1.0,900.666,249.183,1.0,630.068,399.359,1.0,621.13,390.213,1.0,611.847,397.65,1.0,596.774,395.638,1.0,590.509,392.519,1.0,859.508,456.732,1.0,853.468,457.497,1.0,844.293,463.266,1.0,839.709,469.148,1.0,830.477,476.567,1.0,650.445,96.53,1.0,643.197,104.071,1.0,631.698,100.807,1.0,619.793,100.607,1.0,612.877,99.02,1.0
646,1027.464,570.766,0.9929999709129333,1020.386,577.892,0.9819999933242798,1014.58,584.804,1.0,1014.649,585.607,0.9990000128746033,1016.798,599.469,0.9679999947547913,866.092,238.214,1.0,879.422,246.724,1.0,883.441,256.0,1.0,888.81,250.812,1.0,900.427,249.401,1.0,630.093,400.188,1.0,621.525,391.832,1.0,612.137,397.65,1.0,598.144,395.909,1.0,591.787,392.519,1.0,859.508,455.993,1.0,853.468,455.131,1.0,844.89,463.266,1.0,839.758,469.042,1.0,830.737,476.247,1.0,651.88,96.265,1.0,644.432,104.071,1.0,635.039,100.323,1.0,625.37,100.671,1.0,615.704,98.113,1.0
647,1027.464,565.842,1.0,1021.046,570.621,1.0,1014.58,581.301,1.0,1013.811,587.496,1.0,1015.291,599.791,1.0,865.705,238.214,1.0,879.273,246.524,1.0,883.384,255.996,1.0,888.81,250.812,1.0,900.328,249.413,1.0,630.232,400.188,1.0,622.003,391.832,1.0,612.419,397.848,1.0,598.144,395.994,1.0,593.128,392.899,1.0,862.05,455.919,1.0,854.693,454.6,1.0,846.762,463.266,1.0,839.758,468.825,1.0,830.889,476.247,1.0,651.958,96.265,1.0,644.534,104.071,1.0,635.108,100.323,1.0,625.408,102.097,1.0,616.376,98.113,1.0
648,1027.464,565.658,1.0,1023.639,570.621,1.0,1015.276,581.222,1.0,1013.811,587.496,1.0,1014.398,599.791,1.0,864.329,238.214,1.0,877.924,245.665,1.0,882.837,254.071,1.0,888.81,250.984,1.0,898.71,250.35,1.0,630.232,400.188,1.0,622.07,391.832,1.0,612.759,398.251,1.0,598.828,395.994,1.0,594.34,393.301,1.0,862.05,453.572,1.0,854.693,454.022,1.0,846.783,462.945,1.0,839.758,468.238,1.0,831.689,475.5,1.0,652.913,96.265,1.0,645.62,103.604,1.0,635.988,100.253,1.0,626.92,102.097,1.0,617.496,98.113,1.0
649,1027.404,565.254,1.0,1023.639,570.523,1.0,1015.276,581.141,1.0,1013.811,587.496,1.0,1014.398,599.469,1.0,862.19,238.214,1.0,869.764,244.375,1.0,879.18,251.402,1.0,887.228,251.02,1.0,895.089,253.913,1.0,637.369,397.689,1.0,628.684,389.643,1.0,615.152,398.489,1.0,603.032,395.996,1.0,596.926,393.301,1.0,862.05,453.543,1.0,854.693,453.111,1.0,850.471,462.945,1.0,840.618,466.97,1.0,832.187,472.402,1.0,653.322,98.005,1.0,648.58,102.056,1.0,638.066,100.323,1.0,629.146,102.152,1.0,621.145,98.445,1.0
650,1027.404,563.429,1.0,1023.639,570.523,1.0,1015.712,581.043,1.0,1014.601,584.896,1.0,1014.364,597.476,1.0,862.19,238.214,1.0,869.288,243.675,1.0,878.672,250.122,1.0,886.118,251.475,1.0,894.797,254.242,1.0,637.883,397.54,1.0,629.358,389.643,1.0,615.198,400.039,1.0,603.711,395.996,1.0,597.604,393.603,1.0,873.702,450.944,1.0,860.095,450.84,1.0,852.837,462.227,1.0,843.327,464.244,1.0,837.531,471.746,1.0,662.712,98.549,1.0,652.2,101.301,1.0,643.607,100.51,1.0,631.166,102.152,1.0,626.564,101.788,1.0
651,1027.404,560.627,1.0,1023.639,569.03,1.0,1016.37,579.796,1.0,1015.191,584.896,1.0,1014.302,596.833,1.0,862.107,238.724,1.0,869.164,243.471,1.0,878.571,249.975,1.0,884.421,252.789,1.0,894.068,254.242,1.0,639.828,395.546,1.0,630.678,389.482,1.0,615.462,400.039,1.0,603.764,395.994,1.0,597.761,394.352,1.0,874.252,450.809,1.0,860.738,450.84,1.0,853.009,462.143,1.0,843.424,464.061,1.0,837.984,471.096,1.0,662.922,98.549,1.0,652.809,100.477,1.0,644.25,100.51,1.0,631.862,101.888,1.0,627.257,101.788,1.0
652,1029.64,559.278,1.0,1023.639,566.331,1.0,1016.857,577.364,1.0,1015.849,584.896,1.0,1014.302,594.856,1.0,862.06,238.724,1.0,868.638,242.959,1.0,877.942,248.78,1.0,883.464,252.789,1.0,893.088,253.913,1.0,639.987,395.546,1.0,630.839,389.425,1.0,615.462,400.039,1.0,603.848,395.594,1.0,597.812,394.352,1.0,874.252,450.152,1.0,861.808,450.84,1.0,853.155,461.525,1.0,843.469,463.369,1.0,838.189,471.006,1.0,663.885,98.549,1.0,654.258,100.326,1.0,644.774,100.152,1.0,633.044,101.86,1.0,627.844,101.788,1.0
653,1030.941,559.278,1.0,1023.924,566.119,1.0,1021.838,575.439,1.0,1017.054,584.896,1.0,1014.302,592.395,1.0,859.217,238.177,1.0,868.065,240.202,1.0,876.077,248.589,1.0,882.266,252.789,1.0,892.058,253.913,1.0,640.091,395.546,1.0,631.848,389.051,1.0,616.471,399.044,1.0,607.336,395.816,1.0,599.716,394.851,1.0,875.795,450.152,1.0,864.122,455.65,1.0,853.476,461.154,1.0,843.982,463.052,1.0,838.463,470.594,1.0,666.317,96.348,1.0,657.196,99.952,1.0,646.287,98.895,1.0,635.131,101.888,1.0,628.638,101.212,1.0
654,1033.861,559.459,1.0,1025.05,564.8,1.0,1022.775,574.119,1.0,1017.701,584.722,1.0,1014.443,591.391,1.0,858.863,237.312,1.0,867.926,239.826,1.0,871.967,245.452,1.0,881.603,251.802,1.0,891.075,254.465,1.0,640.744,395.996,1.0,632.636,389.051,1.0,622.056,396.133,1.0,614.442,395.816,1.0,604.52,395.571,1.0,875.795,450.152,1.0,869.337,455.855,1.0,858.49,460.992,1.0,849.749,462.428,1.0,843.016,466.005,1.0,668.583,95.468,1.0,660.345,99.952,1.0,650.63,98.895,1.0,643.265,101.888,1.0,634.39,100.258,1.0
655,1033.861,559.394,1.0,1025.05,564.8,1.0,1022.775,574.119,1.0,1017.86,584.722,1.0,1014.443,591.212,1.0,857.479,236.99,1.0,867.215,239.776,1.0,871.487,245.359,1.0,879.308,249.534,1.0,890.551,254.553,1.0,643.297,396.401,1.0,634.603,389.051,1.0,624.38,396.133,1.0,616.71,395.816,1.0,604.643,396.411,1.0,875.31,450.185,1.0,869.766,456.131,1.0,862.944,457.884,1.0,853.327,460.531,1.0,843.735,466.005,1.0,669.041,95.468,1.0,660.72,99.648,1.0,650.919,98.895,1.0,643.628,102.163,1.0,634.618,99.998,1.0
656,1033.861,559.394,1.0,1025.05,564.715,1.0,1022.775,574.119,1.0,1017.86,584.722,1.0,1014.835,591.163,1.0,857.479,236.743,1.0,867.215,239.762,1.0,870.999,245.359,1.0,879.274,249.104,1.0,890.345,254.66,1.0,643.685,396.401,1.0,635.22,389.271,1.0,624.431,396.133,1.0,616.71,396.051,1.0,604.952,396.714,1.0,875.31,450.285,1.0,870.744,455.855,1.0,863.455,457.274,1.0,853.369,460.485,1.0,843.803,465.945,1.0,670.53,95.468,1.0,662.327,99.602,1.0,651.664,98.039,1.0,644.054,102.163,1.0,634.986,99.998,1.0
657,1032.355,559.394,1.0,1023.433,564.715,1.0,1021.856,574.009,1.0,1017.701,584.669,1.0,1014.633,590.563,1.0,857.47,236.743,1.0,867.215,239.529,1.0,870.977,245.229,1.0,876.477,242.972,1.0,889.595,254.66,1.0,644.003,396.401,1.0,635.604,389.271,1.0,625.774,396.421,1.0,617.532,396.086,1.0,604.974,396.714,1.0,875.613,450.285,1.0,870.744,455.65,1.0,863.455,457.082,1.0,854.08,460.485,1.0,844.251,465.914,1.0,671.383,95.468,1.0,663.946,99.602,1.0,653.872,98.039,1.0,645.731,102.163,1.0,638.127,100.258,1.0
658,1029.442,557.273,1.0,1021.274,564.191,1.0,1021.607,573.907,1.0,1017.257,584.669,1.0,1014.633,589.807,1.0,857.351,236.99,1.0,863.593,238.794,1.0,870.938,244.199,1.0,874.837,242.972,1.0,885.388,254.66,1.0,644.492,396.473,1.0,637.121,389.271,1.0,628.052,396.584,1.0,618.084,396.426,1.0,606.03,396.76,1.0,875.613,450.185,1.0,870.744,455.283,1.0,863.455,457.082,1.0,854.08,459.927,1.0,844.549,465.742,1.0,675.827,95.325,1.0,667.837,98.413,1.0,659.675,98.252,1.0,648.642,100.568,1.0,643.047,101.218,1.0
659,1027.098,556.739,1.0,1021.274,564.059,1.0,1021.607,572.863,1.0,1017.257,584.65,1.0,1014.96,589.595,1.0,853.305,236.689,1.0,860.852,236.974,1.0,868.792,242.305,1.0,873.009,242.972,1.0,882.429,254.66,1.0,652.542,397.004,1.0,642.918,386.974,1.0,630.001,396.649,1.0,619.022,396.613,1.0,611.305,396.762,1.0,876.229,449.011,1.0,870.924,453.221,1.0,863.582,456.647,1.0,855.097,459.553,1.0,845.88,465.18,1.0,676.389,95.621,1.0,668.464,98.038,1.0,659.892,97.898,1.0,648.757,100.469,1.0,643.339,101.218,1.0
660,1027.098,555.801,1.0,1021.274,563.522,1.0,1021.607,572.715,1.0,1017.257,584.411,1.0,1015.413,589.204,1.0,851.968,236.654,1.0,859.564,235.894,1.0,867.437,240.881,1.0,869.802,252.232,1.0,880.191,254.66,1.0,654.476,397.004,1.0,645.027,386.971,1.0,630.831,396.649,1.0,619.086,396.646,1.0,612.5,397.0,1.0,881.979,442.323,1.0,873.452,441.485,1.0,868.689,450.991,1.0,856.712,456.333,1.0,851.864,461.664,1.0,677.511,95.807,1.0,668.547,97.671,1.0,660.149,97.862,1.0,649.809,100.289,1.0,643.905,101.218,1.0
661,1027.098,553.485,1.0,1022.353,560.137,1.0,1022.724,570.308,1.0,1017.523,582.29,1.0,1015.413,588.878,1.0,850.343,236.222,1.0,859.315,234.734,1.0,865.938,239.596,1.0,868.973,252.232,1.0,880.078,254.572,1.0,654.568,397.004,1.0,645.173,386.708,1.0,631.165,396.584,1.0,619.271,396.646,1.0,612.648,396.762,1.0,883.248,440.485,1.0,873.934,441.152,1.0,868.934,450.536,1.0,856.874,456.333,1.0,851.88,461.137,1.0,680.564,94.65,1.0,672.955,97.671,1.0,661.96,97.201,1.0,651.587,100.289,1.0,644.101,100.951,1.0
662,1027.728,552.778,1.0,1024.184,558.251,1.0,1022.724,568.137,1.0,1017.73,579.734,1.0,1016.896,587.641,1.0,850.258,236.137,1.0,859.023,234.391,1.0,865.282,239.596,1.0,868.549,252.232,1.0,879.837,254.572,1.0,655.006,396.6,1.0,646.013,386.971,1.0,631.759,396.584,1.0,620.276,396.426,1.0,614.11,396.762,1.0,884.037,439.755,1.0,874.214,441.152,1.0,869.413,450.449,1.0,857.001,455.763,1.0,851.9,461.137,1.0,684.362,95.504,1.0,678.454,93.606,1.0,665.557,97.125,1.0,658.473,100.469,1.0,651.177,99.846,1.0
663,1028.457,552.522,1.0,1025.612,558.251,1.0,1023.395,567.991,1.0,1017.782,579.17,1.0,1017.291,585.768,1.0,848.992,235.459,1.0,857.449,234.223,1.0,864.303,239.596,1.0,867.191,251.152,1.0,879.305,251.864,1.0,658.203,394.241,1.0,649.167,386.971,1.0,636.982,393.681,1.0,628.64,394.233,1.0,619.522,395.836,1.0,884.304,439.219,1.0,874.61,441.152,1.0,869.413,450.318,1.0,857.798,456.333,1.0,852.692,461.047,1.0,686.717,95.504,1.0,678.454,93.342,1.0,667.59,96.649,1.0,660.542,100.792,1.0,653.854,99.846,1.0
664,1028.967,550.895,1.0,1025.824,557.347,1.0,1022.724,567.637,1.0,1020.228,569.628,1.0,1017.553,585.116,1.0,842.014,228.025,1.0,850.379,231.273,1.0,856.468,240.191,1.0,866.523,246.499,1.0,877.249,248.548,1.0,658.388,394.241,1.0,649.524,386.665,1.0,639.38,392.894,1.0,632.108,394.233,1.0,621.694,395.836,1.0,884.971,438.976,1.0,875.646,441.152,1.0,869.836,450.318,1.0,860.391,456.333,1.0,854.653,461.047,1.0,687.963,94.65,1.0,681.185,92.15,1.0,668.606,96.013,1.0,661.102,100.792,1.0,654.195,99.846,1.0
665,1029.121,550.79,0.9990000128746033,1026.084,555.993,1.0,1022.404,566.974,1.0,1020.489,569.248,1.0,1017.859,584.444,1.0,840.998,227.846,1.0,849.741,231.273,1.0,856.273,240.191,1.0,865.038,245.049,1.0,875.805,248.548,1.0,658.792,394.241,1.0,650.289,386.638,1.0,639.709,392.65,1.0,632.108,394.141,1.0,621.931,395.778,1.0,888.344,435.383,1.0,880.924,437.843,1.0,871.111,450.318,1.0,862.297,455.461,1.0,858.746,459.363,1.0,688.822,92.787,1.0,681.393,91.178,1.0,670.363,96.013,1.0,662.31,100.792,1.0,655.179,100.075,1.0
666,1031.101,547.634,0.9789999723434448,1026.463,554.778,0.9850000143051147,1022.404,566.654,1.0,1020.489,566.649,1.0,1017.914,582.345,0.9980000257492065,840.973,227.832,1.0,849.367,231.273,1.0,855.936,240.191,1.0,864.789,243.454,1.0,875.579,248.448,1.0,658.911,394.868,1.0,650.289,386.638,1.0,640.08,392.263,1.0,632.161,394.158,1.0,622.133,395.778,1.0,888.678,435.076,1.0,883.543,436.076,1.0,874.017,450.143,1.0,864.345,454.579,1.0,860.15,459.025,1.0,694.957,92.787,1.0,684.609,91.178,1.0,677.316,93.875,1.0,666.845,97.648,1.0,658.769,100.613,1.0
667,1032.032,546.455,0.996999979019165,1027.132,553.52,0.9990000128746033,1023.0,564.495,1.0,1021.545,566.471,1.0,1018.093,582.132,1.0,840.814,227.846,1.0,849.305,231.273,1.0,855.836,239.658,1.0,863.376,242.59,1.0,873.877,248.163,1.0,659.426,394.913,1.0,652.855,385.81,1.0,643.35,392.263,1.0,632.346,394.158,1.0,626.362,394.836,1.0,889.299,434.95,1.0,883.982,436.076,1.0,874.975,450.08,1.0,866.273,453.807,1.0,860.852,458.907,1.0,695.086,92.787,1.0,685.291,90.997,1.0,677.981,93.875,1.0,667.695,97.648,1.0,659.075,100.613,1.0
668,1033.85,546.11,1.0,1028.779,551.973,1.0,1023.0,564.305,1.0,1021.571,566.471,1.0,1018.997,581.974,1.0,838.81,228.025,1.0,848.987,231.273,1.0,852.99,238.441,1.0,857.695,234.918,1.0,867.832,242.011,1.0,668.445,398.956,1.0,660.045,385.758,1.0,646.698,392.263,1.0,634.534,394.305,1.0,626.923,394.469,1.0,889.299,434.32,1.0,884.931,436.076,1.0,876.27,450.08,1.0,869.312,452.567,1.0,861.053,458.907,1.0,696.116,92.444,1.0,686.973,90.997,1.0,678.931,93.875,1.0,668.268,97.525,1.0,659.264,100.613,1.0
669,1034.977,544.253,1.0,1030.564,551.973,1.0,1023.994,561.729,1.0,1021.571,565.36,1.0,1021.312,580.173,1.0,836.865,229.507,1.0,846.637,229.386,1.0,850.626,234.004,1.0,853.547,232.549,1.0,863.888,241.844,1.0,668.445,398.956,1.0,660.304,385.703,1.0,646.745,392.406,1.0,634.583,394.158,1.0,627.281,394.469,1.0,892.645,430.981,1.0,888.547,436.945,1.0,880.834,443.666,1.0,869.412,450.251,1.0,862.71,455.363,1.0,696.12,92.444,1.0,690.688,88.165,1.0,681.537,93.546,1.0,669.06,97.525,1.0,659.497,100.595,1.0
670,1036.216,544.253,1.0,1032.524,551.973,1.0,1026.874,561.673,1.0,1022.972,566.471,1.0,1021.312,579.156,1.0,836.148,229.507,1.0,846.205,228.808,1.0,850.37,232.27,1.0,853.256,232.269,1.0,863.435,241.532,1.0,668.626,398.956,1.0,660.561,385.758,1.0,646.935,392.483,1.0,635.159,394.158,1.0,627.497,394.336,1.0,894.78,430.981,1.0,888.547,437.157,1.0,880.855,440.688,1.0,873.796,445.52,1.0,864.524,453.349,1.0,702.389,92.407,1.0,693.121,87.421,1.0,684.856,94.154,1.0,676.888,96.771,1.0,668.286,97.843,1.0
671,1036.216,544.132,1.0,1032.524,551.973,1.0,1027.302,560.939,1.0,1024.783,566.471,1.0,1021.642,578.89,1.0,835.633,229.507,1.0,846.199,228.527,1.0,849.913,232.256,1.0,853.183,232.269,1.0,863.435,241.532,1.0,668.626,398.412,1.0,661.3,385.81,1.0,647.165,393.367,1.0,636.774,393.31,1.0,628.786,394.4,1.0,894.817,430.981,1.0,888.547,437.2,1.0,881.264,440.655,1.0,873.889,445.418,1.0,864.549,453.199,1.0,702.894,92.293,1.0,693.144,87.383,1.0,685.892,94.154,1.0,676.888,96.584,1.0,670.909,97.764,1.0
672,1036.216,543.345,1.0,1032.524,551.973,1.0,1027.302,561.048,1.0,1024.783,565.36,1.0,1021.312,578.356,1.0,835.173,228.165,1.0,845.638,228.458,1.0,849.28,231.075,1.0,852.852,232.269,1.0,862.729,241.532,1.0,669.549,389.671,1.0,666.486,385.736,1.0,651.577,393.367,1.0,641.701,390.529,1.0,631.706,394.029,1.0,895.143,430.981,1.0,888.547,437.157,1.0,881.492,440.31,1.0,874.177,445.351,1.0,864.655,452.203,1.0,705.102,90.804,1.0,696.445,87.307,1.0,686.492,93.983,1.0,678.532,96.482,1.0,671.548,97.669,1.0
673,1032.028,543.141,1.0,1029.376,552.215,1.0,1027.725,561.048,1.0,1024.545,565.044,1.0,1021.244,578.356,1.0,825.728,223.989,1.0,833.125,223.926,1.0,842.731,230.177,1.0,851.258,235.256,1.0,862.729,241.92,1.0,669.549,389.504,1.0,666.738,385.736,1.0,652.169,393.367,1.0,642.316,390.491,1.0,631.805,393.869,1.0,895.143,430.981,1.0,888.55,437.157,1.0,881.497,440.285,1.0,874.522,445.328,1.0,865.247,451.943,1.0,705.434,89.88,1.0,697.121,87.211,1.0,688.992,93.983,1.0,679.176,94.426,1.0,672.393,97.669,1.0
674,1027.618,543.013,1.0,1026.424,551.838,1.0,1027.732,561.048,1.0,1023.921,565.044,1.0,1020.85,577.708,1.0,825.603,223.73,1.0,833.054,223.926,1.0,841.906,229.864,1.0,850.614,235.256,1.0,862.729,241.92,1.0,669.549,389.469,1.0,667.034,385.736,1.0,653.538,393.173,1.0,642.44,390.491,1.0,631.986,393.669,1.0,897.403,425.992,1.0,892.372,433.419,1.0,887.632,439.558,1.0,876.308,444.682,1.0,866.77,449.541,1.0,710.015,87.482,1.0,699.653,86.343,1.0,692.159,94.154,1.0,682.729,94.157,1.0,674.519,97.764,1.0
675,1027.618,542.454,1.0,1026.395,551.838,1.0,1027.732,561.309,1.0,1023.921,565.044,1.0,1020.549,577.233,1.0,824.282,223.717,1.0,832.455,223.517,1.0,841.672,229.864,1.0,849.872,235.256,1.0,862.729,241.92,1.0,669.549,389.35,1.0,667.034,385.736,1.0,653.579,393.097,1.0,642.44,390.491,1.0,631.986,392.135,1.0,901.701,423.757,1.0,893.84,427.9,1.0,889.945,437.596,1.0,877.532,442.735,1.0,871.109,448.738,1.0,713.551,85.073,1.0,707.351,83.399,1.0,697.932,93.983,1.0,684.489,94.157,1.0,675.637,97.285,1.0
676,1027.618,542.454,1.0,1026.395,551.838,1.0,1026.852,561.309,1.0,1023.921,564.386,1.0,1020.454,577.169,1.0,824.099,223.73,1.0,831.783,223.453,1.0,841.138,229.581,1.0,849.83,235.409,1.0,862.508,241.012,1.0,669.549,389.066,1.0,667.398,385.736,1.0,653.839,392.858,1.0,642.791,390.189,1.0,632.772,392.135,1.0,905.277,423.682,1.0,896.561,426.541,1.0,889.945,436.994,1.0,881.262,437.415,1.0,871.211,448.72,1.0,713.553,84.95,1.0,707.584,83.399,1.0,698.123,93.983,1.0,685.174,93.384,1.0,675.698,96.898,1.0
677,1027.847,542.454,1.0,1026.395,552.215,1.0,1026.852,561.309,1.0,1022.753,564.386,1.0,1020.138,577.085,1.0,820.525,223.989,1.0,830.657,223.084,1.0,841.138,228.311,1.0,846.996,235.597,1.0,858.639,238.083,1.0,669.089,388.602,1.0,667.034,392.108,1.0,654.769,391.392,1.0,644.421,390.266,1.0,636.012,392.808,1.0,905.34,423.501,1.0,897.039,426.355,1.0,889.945,436.583,1.0,881.393,437.415,1.0,872.031,448.225,1.0,713.555,84.846,1.0,709.301,83.399,1.0,700.327,93.589,1.0,690.15,92.832,1.0,678.338,96.36,1.0
678,1028.529,542.372,1.0,1027.041,551.838,1.0,1026.81,557.811,1.0,1024.708,,1.0,1020.138,570.875,1.0,820.463,228.974,1.0,830.076,223.084,1.0,840.123,225.185,1.0,843.689,235.91,1.0,851.277,237.313,1.0,669.662,388.602,1.0,667.034,393.823,1.0,654.79,391.135,1.0,646.021,390.505,1.0,636.799,392.808,1.0,905.544,423.24,1.0,897.108,426.285,1.0,890.023,435.261,1.0,882.263,437.415,1.0,872.28,447.105,1.0,719.993,84.74,1.0,711.08,91.752,1.0,703.084,89.147,1.0,695.051,91.2,1.0,684.317,96.291,1.0
679,1028.529,539.736,0.8270000219345093,1027.041,547.242,0.9409999847412109,1024.995,555.694,1.0,1024.708,565.095,0.0,1019.74,570.742,0.9610000252723694,820.413,228.974,1.0,828.606,222.619,1.0,839.871,224.634,1.0,843.395,235.91,1.0,851.24,236.588,1.0,670.316,388.602,1.0,667.302,393.869,1.0,655.443,390.593,1.0,647.615,390.376,1.0,637.276,393.664,1.0,905.864,418.927,1.0,901.115,421.345,1.0,890.023,433.936,1.0,885.453,438.365,1.0,879.418,445.559,1.0,721.334,84.74,1.0,712.28,91.752,1.0,704.342,88.967,1.0,695.945,90.936,1.0,685.378,96.291,1.0
680,1028.529,571.575,1.0,1027.041,554.17,1.0,,556.428,1.0,1025.183,565.095,1.0,1021.248,568.869,1.0,820.0,228.974,1.0,828.531,222.573,1.0,839.871,224.393,1.0,842.815,235.91,1.0,850.579,236.302,1.0,676.37,388.685,1.0,672.001,393.823,1.0,656.39,389.442,1.0,647.884,390.326,1.0,637.276,393.664,1.0,907.689,417.603,1.0,901.663,421.345,1.0,892.987,433.096,1.0,886.121,438.365,1.0,880.208,445.486,1.0,722.204,84.95,1.0,713.786,91.752,1.0,705.037,87.737,1.0,695.955,90.526,1.0,685.648,96.291,1.0
681,,571.575,,,554.17,,1026.754,555.694,,,,,1021.248,,,819.904,227.049,1.0,826.867,221.626,1.0,838.993,224.156,1.0,840.392,235.304,1.0,850.169,233.871,1.0,676.37,388.685,1.0,672.001,393.823,1.0,656.39,389.442,1.0,649.343,390.326,1.0,637.276,393.661,1.0,908.159,417.162,1.0,901.93,421.345,1.0,893.108,432.59,1.0,886.121,438.365,1.0,880.283,445.323,1.0,722.396,85.147,1.0,715.939,89.775,1.0,707.115,87.737,1.0,697.005,90.076,1.0,689.486,96.134,1.0
682,1028.977,571.575,0.949999988079071,1027.545,565.488,0.9589999914169312,1026.854,556.428,1.0,,,0.0,1027.428,,0.7710000276565552,816.932,218.533,1.0,822.431,218.734,1.0,831.143,222.254,1.0,835.285,230.87,1.0,845.929,233.61,1.0,676.37,389.433,1.0,672.187,393.79,1.0,656.395,388.918,1.0,649.343,390.376,1.0,637.08,393.664,1.0,908.272,416.225,1.0,902.363,421.361,1.0,893.548,432.59,1.0,886.261,437.234,1.0,880.518,439.762,1.0,726.195,85.147,1.0,720.75,89.775,1.0,710.033,87.325,1.0,700.803,89.899,1.0,691.78,93.352,1.0
683,1028.977,532.091,0.34299999475479126,1027.545,547.383,0.2849999964237213,1026.854,554.875,0.9869999885559082,1026.295,552.361,0.9300000071525574,,565.533,0.0,815.097,217.557,1.0,820.973,218.569,1.0,830.335,222.254,1.0,835.285,229.716,1.0,844.189,233.61,1.0,676.37,389.433,1.0,672.187,393.715,1.0,656.395,388.918,1.0,649.343,390.376,1.0,636.989,393.661,1.0,908.832,416.225,1.0,902.573,421.904,1.0,893.636,431.55,1.0,887.09,436.897,1.0,881.61,439.371,1.0,726.758,85.147,1.0,720.923,89.273,1.0,710.059,87.325,1.0,701.087,89.831,1.0,691.886,93.352,1.0
684,1028.977,531.757,0.7720000147819519,1027.545,540.848,0.777999997138977,1026.854,549.444,1.0,1026.295,552.361,0.9909999966621399,1026.797,565.826,0.9409999847412109,815.097,214.201,1.0,820.818,218.563,1.0,830.231,222.209,1.0,835.285,229.48,1.0,844.176,233.61,1.0,676.049,391.764,1.0,672.187,393.309,1.0,656.395,388.918,1.0,649.199,390.326,1.0,636.56,393.379,1.0,910.188,415.807,1.0,903.988,421.904,1.0,898.439,426.072,1.0,888.905,432.414,1.0,885.312,439.016,1.0,728.935,84.748,1.0,721.373,89.273,1.0,711.642,87.737,1.0,701.811,88.969,1.0,692.34,93.352,1.0
685,1030.365,530.266,0.9409999847412109,1028.139,540.463,0.9570000171661377,1027.16,549.057,1.0,1026.295,552.361,0.996999979019165,1022.527,565.826,0.9660000205039978,814.888,212.711,1.0,819.128,218.509,1.0,828.59,222.254,1.0,835.285,228.206,1.0,844.144,233.61,1.0,673.562,393.349,1.0,664.116,393.24,1.0,655.015,391.015,1.0,644.439,390.324,1.0,633.757,392.749,1.0,910.555,415.431,1.0,904.609,421.361,1.0,898.717,425.942,1.0,891.576,431.106,1.0,885.609,438.867,1.0,733.811,82.309,1.0,727.827,89.016,1.0,717.72,88.126,1.0,709.558,88.969,1.0,699.826,93.65,1.0
686,1030.365,529.525,1.0,1028.139,538.281,1.0,1027.16,548.098,1.0,1026.295,552.361,1.0,1022.493,565.533,1.0,814.261,212.54,1.0,818.62,218.282,1.0,826.428,222.633,1.0,834.812,227.998,1.0,842.735,233.61,1.0,669.173,396.057,1.0,662.298,386.319,1.0,655.015,391.203,1.0,643.376,390.324,1.0,632.638,392.279,1.0,911.09,413.765,1.0,906.015,419.661,1.0,899.188,425.012,1.0,891.82,430.333,1.0,885.842,438.867,1.0,736.497,82.309,1.0,728.803,89.016,1.0,718.707,88.126,1.0,710.849,87.736,1.0,701.781,93.65,1.0
687,1030.365,527.189,1.0,1028.139,536.36,1.0,1027.16,547.469,1.0,1026.295,552.361,1.0,1022.493,563.19,1.0,807.301,211.218,1.0,815.277,215.349,1.0,822.786,226.223,1.0,830.729,227.732,1.0,842.601,230.199,1.0,664.613,398.737,1.0,662.298,386.319,1.0,655.015,391.542,1.0,643.376,390.318,1.0,632.425,392.279,1.0,911.271,413.435,1.0,906.063,419.392,1.0,899.359,424.694,1.0,892.197,430.125,1.0,885.845,438.681,1.0,736.694,82.309,1.0,729.507,88.923,1.0,720.385,88.126,1.0,712.074,87.736,1.0,701.836,93.65,1.0
688,,,,,,,,,,,,,,,,807.301,211.218,1.0,814.794,215.284,1.0,822.736,226.223,1.0,830.568,227.553,1.0,841.845,229.524,1.0,661.7,399.03,1.0,662.298,386.319,1.0,657.025,392.159,1.0,643.09,390.202,1.0,631.762,392.279,1.0,911.371,412.663,1.0,907.232,418.457,1.0,903.799,423.991,1.0,893.073,429.41,1.0,886.237,436.187,1.0,736.82,82.015,1.0,731.037,88.923,1.0,720.651,88.126,1.0,713.788,89.361,1.0,702.577,93.055,1.0
689,,,,,,,,,,,,,,,,807.289,211.155,1.0,814.634,215.136,1.0,822.133,226.223,1.0,830.19,227.553,1.0,841.768,229.411,1.0,659.982,402.46,1.0,661.95,390.526,1.0,658.845,392.373,1.0,643.376,390.202,1.0,631.747,392.455,1.0,917.188,403.167,1.0,910.032,409.697,1.0,903.799,420.503,1.0,898.109,421.867,1.0,890.519,434.072,1.0,744.255,82.015,1.0,737.268,87.986,1.0,724.396,86.364,1.0,714.887,89.361,1.0,707.437,90.926,1.0
690,,,,,,,,,,,,,,,,807.247,211.155,1.0,814.553,215.136,1.0,821.694,225.59,1.0,828.869,227.513,1.0,837.593,228.257,1.0,659.982,403.1,1.0,661.384,390.889,1.0,659.988,392.499,1.0,644.147,389.804,1.0,631.516,393.249,1.0,917.644,403.026,1.0,910.035,409.636,1.0,903.799,420.317,1.0,898.695,421.564,1.0,891.218,434.029,1.0,746.208,81.639,1.0,738.226,86.996,1.0,728.341,86.076,1.0,718.477,87.918,1.0,709.991,90.651,1.0
691,,,,,,,,,,,,,,,,802.195,205.995,1.0,811.864,215.009,1.0,816.914,221.536,1.0,822.489,224.683,1.0,832.673,226.087,1.0,659.982,414.14,1.0,660.568,399.006,1.0,660.101,392.499,1.0,644.874,389.429,1.0,631.516,393.771,1.0,918.201,401.6,1.0,911.62,409.023,1.0,900.282,417.678,1.0,899.925,421.541,1.0,891.856,433.912,1.0,746.208,81.639,1.0,739.762,86.804,1.0,729.691,86.076,1.0,720.093,89.361,1.0,710.19,90.528,1.0
692,,,,,,,,,,,,,,,,800.946,204.665,1.0,811.715,213.283,1.0,816.693,216.338,1.0,822.243,220.629,1.0,829.204,225.413,1.0,660.447,414.347,1.0,660.258,399.281,1.0,660.248,392.499,1.0,645.25,388.85,1.0,631.747,393.895,1.0,918.373,401.51,1.0,911.62,409.023,1.0,900.282,417.678,1.0,900.165,421.541,1.0,892.227,433.573,1.0,747.311,81.639,1.0,740.279,86.683,1.0,730.031,86.063,1.0,720.917,89.195,1.0,710.797,89.331,1.0
693,1038.495,518.684,0.16599999368190765,1036.855,528.961,0.6069999933242798,1030.84,539.085,0.9819999933242798,1029.799,539.304,0.8500000238418579,,,0.0,799.393,204.488,1.0,804.24,212.134,1.0,815.006,215.954,1.0,820.838,219.815,1.0,829.204,225.413,1.0,660.501,414.347,1.0,659.745,399.281,1.0,660.248,392.092,1.0,645.25,388.85,1.0,631.747,393.895,1.0,918.596,401.509,1.0,911.858,408.69,1.0,900.282,417.678,1.0,900.992,421.564,1.0,892.442,432.26,1.0,749.091,82.515,1.0,740.28,86.703,1.0,730.777,86.063,1.0,722.591,89.195,1.0,713.278,89.331,1.0
694,1038.466,511.596,1.0,1036.388,519.068,1.0,1030.84,530.187,1.0,1029.581,534.907,1.0,1027.996,546.029,1.0,799.225,204.488,1.0,803.738,211.992,1.0,813.998,215.852,1.0,820.495,218.693,1.0,828.609,225.326,1.0,660.536,414.347,1.0,660.258,399.281,1.0,660.101,392.092,1.0,645.25,388.85,1.0,631.894,393.771,1.0,921.615,400.242,1.0,912.218,408.347,1.0,906.488,417.678,1.0,901.528,423.017,1.0,895.782,431.125,1.0,751.132,82.652,1.0,741.802,86.683,1.0,732.491,85.897,1.0,725.195,89.195,1.0,716.829,89.331,1.0
695,1037.1,511.596,0.9990000128746033,1036.134,519.068,1.0,1030.11,530.187,1.0,1029.581,532.897,1.0,1027.996,545.838,0.9990000128746033,798.807,204.665,1.0,803.255,211.858,1.0,813.396,214.78,1.0,820.274,218.163,1.0,827.541,225.326,1.0,665.266,414.195,1.0,660.258,397.64,1.0,657.404,392.092,1.0,644.543,389.072,1.0,631.894,393.895,1.0,922.666,398.888,1.0,913.057,408.337,1.0,907.426,417.171,1.0,902.045,423.017,1.0,896.077,430.92,1.0,751.132,84.58,1.0,743.084,86.683,1.0,733.565,85.634,1.0,725.372,89.195,1.0,716.829,91.665,1.0
696,1038.466,511.596,1.0,1036.388,519.068,1.0,1029.848,530.014,1.0,1029.799,532.897,1.0,1027.996,538.955,1.0,790.038,209.684,1.0,803.248,206.569,1.0,808.342,214.541,1.0,814.035,218.163,1.0,826.458,222.666,1.0,665.266,395.899,1.0,660.258,394.488,1.0,652.406,395.169,1.0,641.359,389.889,1.0,631.635,394.452,1.0,922.666,397.618,1.0,914.949,407.689,1.0,908.878,417.171,1.0,902.328,423.017,1.0,896.196,430.541,1.0,751.132,85.213,1.0,743.72,86.703,1.0,733.638,85.016,1.0,725.897,88.037,1.0,716.829,91.665,1.0
697,1037.1,511.117,0.9300000071525574,1036.388,519.068,0.9829999804496765,1028.198,528.851,1.0,1030.242,532.313,0.9990000128746033,1028.508,537.438,0.9879999756813049,789.421,211.765,1.0,803.059,206.058,1.0,807.482,213.229,1.0,814.035,217.393,1.0,826.129,222.666,1.0,665.266,386.922,1.0,659.745,389.901,1.0,652.406,396.312,1.0,641.359,389.889,1.0,631.635,393.516,1.0,922.666,397.618,1.0,915.102,407.647,1.0,908.878,417.168,1.0,902.379,422.327,1.0,896.274,430.541,1.0,750.968,85.921,1.0,743.72,87.393,1.0,733.694,84.589,1.0,725.959,87.009,1.0,716.783,91.665,1.0
698,,547.897,0.5080000162124634,1027.785,536.244,0.2800000011920929,1027.481,528.322,0.9990000128746033,1030.242,522.696,0.9959999918937683,1035.137,515.88,0.6899999976158142,789.264,211.765,1.0,801.481,206.016,1.0,807.272,212.862,1.0,813.639,216.988,1.0,825.894,222.666,1.0,654.117,386.605,1.0,659.436,388.414,1.0,652.406,396.312,1.0,641.359,389.889,1.0,631.538,392.388,1.0,923.525,397.618,1.0,915.994,407.539,1.0,909.117,416.054,1.0,903.769,420.351,1.0,897.945,426.651,1.0,750.968,86.245,1.0,743.784,88.967,1.0,733.823,84.589,1.0,726.025,87.009,1.0,716.672,91.695,1.0
699,1027.838,547.897,0.0,,536.723,0.0,1027.137,528.851,1.0,1030.242,519.714,0.9980000257492065,1035.732,515.822,0.9010000228881836,788.795,211.765,1.0,801.088,206.016,1.0,806.463,212.681,1.0,813.075,211.1,1.0,825.783,222.666,1.0,653.044,386.357,1.0,659.436,388.414,1.0,651.848,396.312,1.0,643.68,388.952,1.0,631.033,393.24,1.0,925.95,399.785,1.0,920.394,405.387,1.0,912.106,409.131,1.0,905.058,418.974,1.0,898.546,425.659,1.0,750.968,86.919,1.0,743.72,88.967,1.0,734.314,84.589,1.0,726.355,87.009,1.0,716.611,91.695,1.0
700,1042.672,547.897,0.9599999785423279,1036.683,536.723,0.9879999756813049,1027.137,528.361,1.0,1030.594,535.862,1.0,1035.732,515.88,0.9900000095367432,788.594,211.578,1.0,799.564,205.922,1.0,805.1,212.473,1.0,812.735,211.1,1.0,821.486,222.666,1.0,650.634,386.173,1.0,659.436,388.414,1.0,652.1,394.708,1.0,644.118,388.952,1.0,630.65,393.24,1.0,926.125,399.895,1.0,920.599,405.169,1.0,912.122,408.911,1.0,905.109,418.287,1.0,901.957,425.347,1.0,751.266,91.564,1.0,743.72,88.967,1.0,734.76,84.674,1.0,727.77,87.355,1.0,716.478,91.695,1.0
701,1041.832,547.552,0.8289999961853027,1035.915,536.244,0.9150000214576721,1027.137,528.322,1.0,1031.031,535.659,0.0,1035.732,515.88,0.9440000057220459,788.274,208.827,1.0,795.446,205.911,1.0,804.111,212.391,1.0,809.884,211.1,1.0,818.974,222.097,1.0,649.65,383.849,1.0,658.242,388.259,1.0,653.12,394.155,1.0,645.252,388.75,1.0,631.538,392.388,1.0,927.137,399.895,1.0,921.841,402.571,1.0,912.66,408.911,1.0,905.122,417.081,1.0,902.886,425.347,1.0,751.784,91.814,1.0,744.295,85.617,1.0,735.09,85.408,1.0,728.241,88.132,1.0,716.611,91.695,1.0
702,1041.832,514.827,0.8320000171661377,1035.748,526.04,0.5120000243186951,1028.359,528.322,1.0,1031.109,535.862,0.996999979019165,1028.572,537.872,0.7350000143051147,784.681,199.877,1.0,791.305,201.978,1.0,801.788,209.489,1.0,804.775,218.348,1.0,815.495,221.615,1.0,648.275,383.668,1.0,658.0,387.303,1.0,653.019,393.995,1.0,645.699,388.952,1.0,631.538,391.163,1.0,927.137,399.785,1.0,921.954,402.128,1.0,912.854,407.63,1.0,905.211,416.94,1.0,903.045,425.347,1.0,751.784,91.814,1.0,744.295,85.185,1.0,736.583,85.978,1.0,728.573,88.193,1.0,716.672,91.775,1.0
703,1041.832,514.557,0.7250000238418579,1035.748,525.8,0.6349999904632568,1029.076,528.166,0.9990000128746033,1031.031,535.862,0.9950000047683716,1028.572,537.872,0.6629999876022339,784.359,199.815,1.0,790.924,201.689,1.0,801.553,207.814,1.0,804.729,218.348,1.0,815.398,221.307,1.0,648.212,380.65,1.0,657.609,385.705,1.0,652.1,392.243,1.0,647.313,389.362,1.0,631.542,391.282,1.0,927.137,399.025,1.0,922.859,401.392,1.0,915.221,407.308,1.0,908.362,413.977,1.0,903.479,423.268,1.0,752.364,91.564,1.0,743.668,85.185,1.0,736.583,85.978,1.0,728.573,88.307,1.0,716.845,91.775,1.0
704,1041.832,514.223,0.8240000009536743,1035.748,525.761,0.6949999928474426,1029.935,527.862,1.0,1030.829,535.659,0.996999979019165,1028.572,537.872,0.7080000042915344,783.785,199.376,1.0,790.61,201.292,1.0,799.778,207.814,1.0,804.635,218.348,1.0,815.108,221.307,1.0,648.212,377.275,1.0,651.779,383.608,1.0,652.1,391.667,1.0,648.044,389.395,1.0,632.327,391.282,1.0,925.325,389.704,1.0,922.929,394.023,1.0,919.802,405.437,1.0,909.838,411.904,1.0,905.269,419.539,1.0,751.784,89.456,1.0,743.668,85.617,1.0,736.583,85.978,1.0,728.573,88.39,1.0,716.976,91.596,1.0
705,1036.964,509.797,1.0,1035.515,516.303,1.0,1030.62,522.195,1.0,1030.829,535.538,1.0,1029.265,537.549,0.9990000128746033,783.785,199.376,1.0,789.996,201.292,1.0,799.014,208.382,1.0,803.733,217.259,1.0,813.953,219.692,1.0,648.212,372.552,1.0,651.779,383.067,1.0,650.157,389.891,1.0,649.342,389.395,1.0,632.445,391.282,1.0,925.325,389.615,1.0,922.929,393.967,1.0,920.34,405.321,1.0,909.855,411.105,1.0,906.327,418.816,1.0,751.105,85.926,1.0,743.136,87.996,1.0,734.441,86.288,1.0,727.546,88.807,1.0,717.558,91.527,1.0
706,1036.964,508.396,1.0,1035.515,515.707,1.0,1029.935,521.748,1.0,1030.615,534.956,1.0,1030.236,537.549,0.9980000257492065,778.118,195.43,1.0,785.454,198.464,1.0,792.109,208.382,1.0,800.98,211.343,1.0,812.619,217.422,1.0,648.997,370.977,1.0,651.697,382.529,1.0,650.091,389.482,1.0,649.627,389.395,1.0,632.95,391.3,1.0,925.325,388.28,1.0,923.042,393.838,1.0,920.433,404.902,1.0,910.059,410.3,1.0,906.634,418.771,1.0,749.476,84.166,1.0,741.886,88.519,1.0,733.737,86.523,1.0,727.269,88.855,1.0,717.923,90.683,1.0
707,1036.789,507.663,1.0,1035.176,515.062,1.0,1029.743,521.369,1.0,1030.415,535.191,1.0,1030.236,537.433,1.0,777.99,195.43,1.0,784.85,198.272,1.0,791.789,208.382,1.0,799.881,209.396,1.0,809.108,217.016,1.0,648.997,370.696,1.0,651.119,382.138,1.0,650.079,388.898,1.0,649.798,388.891,1.0,633.174,391.565,1.0,926.05,388.184,1.0,923.042,393.838,1.0,920.433,404.428,1.0,910.095,410.3,1.0,906.976,418.633,1.0,745.156,83.483,1.0,741.714,88.519,1.0,733.737,86.818,1.0,727.074,88.855,1.0,717.923,90.411,1.0
708,1036.789,507.63,0.8370000123977661,1035.176,514.977,0.9020000100135803,1029.806,521.369,0.9980000257492065,1030.415,534.736,0.9359999895095825,1029.265,537.549,0.6579999923706055,777.106,195.177,1.0,784.85,198.272,1.0,791.365,208.382,1.0,798.605,209.396,1.0,808.663,215.826,1.0,648.997,368.843,1.0,650.565,379.806,1.0,649.283,388.281,1.0,651.122,388.891,1.0,634.911,392.311,1.0,927.49,386.445,1.0,923.202,393.416,1.0,920.34,403.173,1.0,912.95,409.749,1.0,908.14,417.367,1.0,744.949,81.555,1.0,740.008,87.996,1.0,733.737,87.572,1.0,726.481,88.807,1.0,717.923,89.464,1.0
709,1036.789,506.868,1.0,1035.176,514.594,1.0,1029.806,521.369,1.0,1030.415,534.522,1.0,1029.027,537.917,0.9990000128746033,776.505,195.177,1.0,784.467,198.272,1.0,791.05,208.012,1.0,797.728,209.312,1.0,808.554,215.361,1.0,648.503,368.843,1.0,650.236,375.991,1.0,647.997,386.045,1.0,651.122,388.891,1.0,636.99,395.134,1.0,931.79,385.382,1.0,931.919,392.782,1.0,919.311,403.173,1.0,913.068,409.478,1.0,910.193,414.77,1.0,742.633,81.126,1.0,737.735,87.787,1.0,734.67,87.572,1.0,726.214,87.051,1.0,717.21,88.528,1.0
710,1037.039,506.72,1.0,1036.098,514.594,1.0,1029.806,521.759,1.0,1031.534,534.522,1.0,1029.0,538.088,1.0,775.834,193.395,1.0,783.635,198.272,1.0,790.705,207.219,1.0,796.629,209.165,1.0,805.923,211.29,1.0,648.503,368.843,1.0,650.095,375.991,1.0,645.857,385.647,1.0,651.122,389.688,1.0,637.445,395.686,1.0,932.334,385.349,1.0,933.185,392.301,1.0,919.311,403.088,1.0,913.166,409.3,1.0,911.108,414.77,1.0,740.376,80.195,1.0,737.198,86.896,1.0,735.424,87.65,1.0,726.214,86.534,1.0,717.21,88.228,1.0
711,1035.93,506.868,1.0,1035.306,514.342,1.0,1029.806,521.759,1.0,1031.534,534.378,1.0,1029.0,538.088,1.0,771.018,191.098,1.0,781.911,196.642,1.0,787.722,202.822,1.0,790.536,202.783,1.0,799.579,211.187,1.0,648.503,368.843,1.0,650.095,375.98,1.0,644.826,385.365,1.0,651.122,389.909,1.0,637.564,395.814,1.0,932.531,385.276,1.0,933.536,392.05,1.0,919.311,402.605,1.0,913.166,409.3,1.0,911.252,414.722,1.0,739.039,80.195,1.0,736.549,86.896,1.0,735.571,87.976,1.0,726.214,85.994,1.0,717.21,88.077,1.0
712,1035.93,506.868,1.0,1035.684,514.013,1.0,1029.806,521.759,1.0,1032.402,534.285,1.0,1028.788,538.818,1.0,769.65,190.896,1.0,780.874,196.642,1.0,787.395,202.395,1.0,790.43,202.538,1.0,799.261,211.043,1.0,648.754,368.843,1.0,650.236,375.625,1.0,644.826,385.199,1.0,650.774,390.452,1.0,638.171,396.043,1.0,932.697,385.276,1.0,933.536,392.035,1.0,919.51,402.605,1.0,913.753,408.374,1.0,911.605,414.722,1.0,738.367,81.126,1.0,736.422,86.676,1.0,736.515,88.746,1.0,726.281,85.994,1.0,717.398,87.629,1.0
713,1037.039,506.61,0.7440000176429749,1036.098,513.991,0.9959999918937683,1030.034,521.503,1.0,1032.433,533.875,1.0,1028.039,538.968,0.9980000257492065,769.494,190.885,1.0,780.34,196.618,1.0,787.184,201.959,1.0,790.227,202.538,1.0,798.658,210.456,1.0,649.02,367.355,1.0,651.083,375.164,1.0,644.826,383.728,1.0,650.71,390.615,1.0,638.36,396.144,1.0,933.023,384.512,1.0,933.536,390.956,1.0,921.585,400.39,1.0,915.844,405.581,1.0,912.429,414.517,1.0,734.205,81.322,1.0,736.409,86.896,1.0,737.186,89.211,1.0,726.452,85.994,1.0,717.398,87.402,1.0
714,1035.809,507.127,0.9769999980926514,1035.95,513.801,1.0,1029.597,521.503,1.0,1032.564,533.875,1.0,1028.788,538.99,1.0,769.03,190.885,1.0,779.978,196.252,1.0,786.776,199.944,1.0,790.045,202.198,1.0,797.967,210.456,1.0,649.211,362.002,1.0,651.425,371.432,1.0,646.926,383.564,1.0,649.602,391.457,1.0,639.196,396.144,1.0,937.012,382.647,1.0,928.028,385.393,1.0,925.03,394.515,1.0,919.3,400.37,1.0,913.03,408.596,1.0,733.446,81.433,1.0,736.409,86.896,1.0,737.208,89.211,1.0,726.464,86.125,1.0,717.398,87.402,1.0
715,1035.207,507.127,1.0,1035.684,513.664,1.0,1029.597,521.447,1.0,1032.598,532.884,1.0,1028.788,538.968,1.0,767.23,190.467,1.0,772.191,195.265,1.0,782.915,198.597,1.0,789.79,201.912,1.0,797.273,208.445,1.0,649.446,361.732,1.0,651.991,370.97,1.0,647.328,383.02,1.0,649.602,391.457,1.0,639.196,396.144,1.0,937.012,382.385,1.0,927.769,385.315,1.0,925.262,393.934,1.0,919.553,400.081,1.0,913.03,408.596,1.0,733.446,81.433,1.0,736.409,86.6,1.0,737.208,89.211,1.0,726.749,86.158,1.0,717.218,87.402,1.0
716,1035.083,504.42,0.6380000114440918,1035.95,511.613,0.9959999918937683,1033.512,521.447,1.0,1034.03,532.214,1.0,1028.707,538.968,1.0,764.116,190.345,1.0,767.077,192.862,1.0,777.638,198.415,1.0,784.588,201.644,1.0,797.134,206.992,1.0,650.211,361.732,1.0,651.991,370.97,1.0,647.707,382.167,1.0,649.602,391.457,1.0,639.202,394.599,1.0,937.675,381.917,1.0,927.769,384.268,1.0,925.262,392.561,1.0,919.625,399.336,1.0,913.321,408.132,1.0,733.446,81.433,1.0,736.422,86.158,1.0,737.208,89.111,1.0,726.899,86.351,1.0,716.206,87.868,1.0
717,1034.913,503.666,1.0,1035.95,511.6,1.0,1034.006,521.422,1.0,1034.543,532.214,1.0,1028.661,538.244,1.0,764.075,190.248,1.0,767.006,192.84,1.0,777.483,198.296,1.0,784.412,201.644,1.0,795.566,206.968,1.0,650.265,360.905,1.0,651.425,370.774,1.0,647.849,382.112,1.0,649.964,391.321,1.0,639.347,394.499,1.0,937.711,381.917,1.0,928.028,384.255,1.0,925.486,391.83,1.0,920.218,398.168,1.0,913.448,408.117,1.0,736.976,81.433,1.0,736.894,86.158,1.0,733.985,87.644,1.0,726.899,88.354,1.0,715.192,87.868,1.0
718,1034.582,503.58,1.0,1034.961,510.155,1.0,1034.242,520.846,1.0,1034.543,532.214,1.0,1028.661,538.24,1.0,763.828,189.972,1.0,766.708,192.625,1.0,777.267,197.999,1.0,784.081,201.644,1.0,794.776,206.889,1.0,650.661,360.894,1.0,648.762,370.358,1.0,647.849,381.858,1.0,649.964,390.809,1.0,639.347,394.352,1.0,937.711,375.285,1.0,933.412,378.35,1.0,925.641,391.113,1.0,921.13,395.676,1.0,914.032,405.998,1.0,739.193,81.477,1.0,737.627,86.158,1.0,733.71,86.157,1.0,726.899,88.354,1.0,715.066,87.868,1.0
719,1034.336,503.438,0.9990000128746033,1034.742,510.071,1.0,1034.242,520.58,1.0,1034.543,531.203,1.0,1028.661,538.086,1.0,763.828,189.765,1.0,765.74,191.879,1.0,775.67,197.033,1.0,782.295,201.644,1.0,794.052,206.383,1.0,650.661,360.894,1.0,648.062,370.358,1.0,647.707,377.758,1.0,650.015,385.828,1.0,640.533,393.602,1.0,941.125,370.593,1.0,937.99,376.236,1.0,929.112,385.117,1.0,922.714,393.003,1.0,914.032,402.656,1.0,748.199,83.612,1.0,740.866,88.365,1.0,733.71,85.115,1.0,724.233,88.354,1.0,715.066,87.466,1.0
720,1034.336,503.002,1.0,1034.24,509.827,1.0,1034.006,520.174,1.0,1034.24,530.462,1.0,1028.707,536.593,1.0,757.853,188.755,1.0,764.244,187.549,1.0,773.386,193.891,1.0,777.41,204.336,1.0,786.296,204.936,1.0,652.662,355.528,1.0,648.062,362.717,1.0,646.246,375.568,1.0,649.964,383.359,1.0,642.209,392.998,1.0,941.471,369.168,1.0,938.13,375.121,1.0,929.436,383.532,1.0,922.906,392.016,1.0,914.291,402.322,1.0,748.55,83.759,1.0,741.492,88.437,1.0,733.71,85.115,1.0,724.233,87.54,1.0,715.066,87.18,1.0
721,1034.336,501.92,1.0,1033.814,509.729,1.0,1031.765,518.924,1.0,1033.412,521.541,1.0,1028.75,533.35,1.0,757.832,183.037,1.0,763.796,186.418,1.0,771.922,192.452,1.0,776.569,204.336,1.0,785.253,204.905,1.0,653.036,355.235,1.0,647.972,362.428,1.0,646.246,375.558,1.0,642.894,382.026,1.0,642.699,392.87,1.0,942.104,369.168,1.0,938.13,375.121,1.0,929.438,383.532,1.0,922.935,392.016,1.0,914.291,402.119,1.0,750.054,84.189,1.0,741.492,88.437,1.0,733.887,85.115,1.0,724.233,87.384,1.0,715.066,87.18,1.0
722,1035.266,500.592,1.0,1033.399,508.705,1.0,1031.765,517.238,1.0,1033.302,520.873,1.0,1029.449,533.119,1.0,757.689,182.809,1.0,763.79,186.25,1.0,771.35,192.447,1.0,776.018,204.336,1.0,785.133,204.891,1.0,653.036,355.211,1.0,647.972,362.378,1.0,646.103,375.488,1.0,642.484,381.893,1.0,642.729,392.87,1.0,942.187,369.168,1.0,938.13,375.121,1.0,929.721,383.359,1.0,923.139,391.449,1.0,914.993,401.095,1.0,750.972,84.189,1.0,742.664,88.774,1.0,734.451,85.816,1.0,724.764,87.384,1.0,715.223,87.466,1.0
723,1035.266,498.043,1.0,1032.57,508.021,1.0,1031.765,516.538,1.0,1033.302,519.744,1.0,1029.919,532.815,1.0,757.689,182.809,1.0,763.306,185.946,1.0,770.689,192.165,1.0,775.01,203.37,1.0,785.088,204.891,1.0,653.036,354.538,1.0,648.099,362.181,1.0,646.103,375.312,1.0,642.633,381.238,1.0,642.868,392.87,1.0,942.187,369.168,1.0,938.13,375.517,1.0,932.41,383.346,1.0,926.996,391.348,1.0,922.122,398.32,1.0,751.617,85.458,0.9760000109672546,743.449,88.936,1.0,735.218,86.057,1.0,726.639,87.362,1.0,715.607,88.766,0.8650000095367432
724,1035.447,497.468,1.0,1032.384,506.476,1.0,1031.7,515.192,1.0,1033.302,518.846,1.0,1029.919,531.605,1.0,753.259,183.037,1.0,761.895,184.268,1.0,770.179,192.165,1.0,773.374,201.702,1.0,782.775,201.529,1.0,652.197,352.707,1.0,649.266,361.895,1.0,644.925,373.761,1.0,642.611,381.238,1.0,642.868,392.608,1.0,942.499,368.931,1.0,938.13,375.517,1.0,932.436,383.146,1.0,927.061,390.738,1.0,923.899,397.721,1.0,752.269,86.767,1.0,745.658,88.437,1.0,736.587,86.057,1.0,727.266,87.362,1.0,715.754,88.766,1.0
725,1035.266,495.369,1.0,1032.039,505.722,1.0,1029.476,513.439,1.0,1033.302,518.846,1.0,1029.974,530.2,1.0,747.683,186.672,1.0,753.551,182.261,1.0,761.579,192.165,1.0,773.137,196.857,1.0,782.511,200.306,1.0,650.303,350.234,1.0,650.286,361.015,1.0,644.752,369.429,1.0,642.611,377.294,1.0,642.868,389.205,1.0,942.529,368.544,1.0,938.406,375.517,1.0,932.799,382.522,1.0,927.132,390.476,1.0,924.554,397.721,1.0,756.151,87.314,1.0,748.512,88.847,1.0,737.613,86.287,1.0,727.678,87.077,1.0,716.477,88.766,1.0
726,1035.266,494.354,1.0,1032.384,501.984,1.0,1028.013,510.747,1.0,1029.272,518.846,1.0,1030.682,528.971,1.0,747.683,186.672,1.0,753.517,182.261,1.0,761.567,192.729,1.0,772.957,196.568,1.0,782.468,200.24,1.0,650.303,350.13,1.0,650.679,361.015,1.0,644.585,369.244,1.0,642.477,377.205,1.0,642.422,388.901,1.0,942.636,368.524,1.0,938.913,375.296,1.0,932.993,382.295,1.0,927.138,390.385,1.0,924.581,397.624,1.0,756.892,87.314,1.0,749.602,89.156,1.0,739.159,86.287,1.0,728.629,85.998,1.0,722.974,88.514,1.0
727,1033.842,494.175,0.9990000128746033,1031.974,501.502,1.0,1028.013,510.747,1.0,1028.081,519.567,1.0,1032.207,527.903,1.0,747.646,186.672,1.0,753.213,182.261,1.0,761.319,192.743,1.0,772.296,196.278,1.0,782.356,200.058,1.0,650.303,350.13,1.0,650.679,361.015,1.0,644.157,369.244,1.0,642.611,377.205,1.0,642.276,388.302,1.0,942.787,367.989,1.0,939.234,374.172,1.0,933.052,380.25,1.0,927.303,387.166,1.0,925.323,397.624,1.0,756.959,87.314,1.0,749.892,89.621,1.0,740.325,86.345,1.0,729.301,85.84,1.0,724.195,88.129,1.0
728,1035.143,493.731,1.0,1032.384,500.607,1.0,1028.013,510.483,1.0,1027.973,519.683,1.0,1032.561,524.91,1.0,747.063,186.652,1.0,752.565,182.261,1.0,761.274,192.743,1.0,770.659,194.919,1.0,781.807,199.948,1.0,651.666,350.13,1.0,650.679,361.015,1.0,644.157,369.244,1.0,642.611,376.762,1.0,642.276,388.043,1.0,945.406,362.498,1.0,942.571,365.333,1.0,934.152,376.302,1.0,931.634,381.391,1.0,925.53,396.754,1.0,756.959,87.353,1.0,749.997,88.847,1.0,740.371,86.345,1.0,729.374,85.805,1.0,724.325,87.697,1.0
729,1033.479,493.534,0.9929999709129333,1033.537,500.375,1.0,1031.135,509.636,1.0,1027.973,519.683,1.0,1032.919,523.39,0.9990000128746033,746.912,186.527,1.0,751.906,182.261,1.0,759.628,192.743,1.0,767.968,194.056,1.0,779.244,198.786,1.0,654.613,350.328,1.0,650.679,360.611,1.0,644.157,368.094,1.0,643.06,376.517,1.0,642.422,387.861,1.0,947.99,361.306,1.0,942.84,364.965,1.0,934.235,376.14,1.0,932.601,381.35,1.0,925.667,393.055,1.0,757.148,87.353,1.0,750.083,88.847,1.0,740.371,86.345,1.0,729.594,85.84,1.0,724.484,87.524,1.0
730,1035.143,493.731,1.0,1033.698,500.375,1.0,1032.054,509.636,1.0,1027.973,519.567,1.0,1032.561,523.256,1.0,743.154,181.775,1.0,749.704,181.589,1.0,757.634,189.349,1.0,766.861,193.89,1.0,772.809,196.059,1.0,661.835,350.328,1.0,656.826,359.164,1.0,645.819,367.984,1.0,644.215,376.417,1.0,642.961,387.844,1.0,948.602,361.306,1.0,943.526,364.379,1.0,934.635,374.335,1.0,933.022,380.26,1.0,925.705,393.046,1.0,757.165,90.33,1.0,752.771,88.779,1.0,742.886,86.195,1.0,731.836,85.856,1.0,724.865,87.267,1.0
731,1034.919,491.929,0.5600000023841858,1034.204,498.421,0.6069999933242798,1032.054,508.202,0.9980000257492065,1028.153,502.718,0.9860000014305115,1032.286,519.84,0.7870000004768372,741.141,181.652,1.0,748.975,180.923,1.0,756.997,188.437,1.0,766.828,193.625,1.0,772.726,195.672,1.0,663.389,350.328,1.0,658.749,357.686,1.0,647.216,368.716,1.0,644.215,375.924,1.0,642.961,387.844,1.0,949.425,360.129,1.0,943.888,364.188,1.0,934.635,374.111,1.0,933.123,380.259,1.0,925.762,392.709,1.0,761.76,90.727,1.0,753.73,83.511,1.0,744.005,86.163,1.0,731.876,85.856,1.0,724.982,87.361,1.0
732,1035.143,486.223,0.7369999885559082,1034.204,497.418,0.7850000262260437,1031.291,504.026,1.0,1029.944,502.293,0.9980000257492065,1032.296,516.12,0.9369999766349792,741.018,181.103,1.0,748.801,180.923,1.0,756.708,187.492,1.0,762.862,187.948,1.0,772.561,195.075,1.0,663.399,349.572,1.0,659.09,357.296,1.0,647.684,368.629,1.0,644.215,375.698,1.0,642.961,387.993,1.0,949.928,359.572,1.0,944.057,363.966,1.0,934.635,372.753,1.0,934.167,379.77,1.0,927.422,391.107,1.0,763.848,90.976,1.0,756.692,83.511,1.0,748.038,86.086,1.0,737.48,86.436,1.0,728.893,87.361,1.0
733,1039.811,485.737,0.9860000014305115,1035.337,493.767,0.9769999980926514,1031.291,502.051,1.0,1029.944,501.463,1.0,1032.286,515.697,0.9990000128746033,741.018,180.391,1.0,748.8,181.589,1.0,756.084,187.464,1.0,761.147,187.948,1.0,770.261,194.827,1.0,664.17,348.884,1.0,659.634,356.929,1.0,647.769,368.459,1.0,644.145,375.687,1.0,643.058,387.993,1.0,954.363,356.677,1.0,947.493,357.392,1.0,934.74,368.604,1.0,935.126,377.777,1.0,927.751,389.275,1.0,763.848,90.976,1.0,757.25,83.511,1.0,748.506,86.048,1.0,737.558,86.436,1.0,728.996,87.267,1.0
734,1039.97,481.704,1.0,1035.337,493.569,1.0,1033.392,501.545,1.0,1030.508,501.463,1.0,1032.059,515.218,1.0,737.334,177.998,1.0,746.387,182.705,1.0,754.573,184.162,1.0,758.893,187.948,1.0,767.014,194.185,1.0,664.17,348.884,1.0,659.09,357.296,1.0,647.684,368.629,1.0,644.093,375.698,1.0,642.864,388.013,1.0,954.801,355.309,1.0,947.739,357.16,1.0,934.989,368.407,1.0,935.428,377.679,1.0,927.908,388.598,1.0,764.238,91.056,1.0,757.265,83.708,1.0,748.612,86.086,1.0,738.158,86.436,1.0,729.089,87.267,1.0
735,1040.495,481.257,0.9890000224113464,1035.337,492.486,0.9449999928474426,1033.409,501.268,1.0,1030.508,501.463,0.9990000128746033,1032.286,515.218,0.9829999804496765,734.058,174.731,1.0,738.667,182.832,1.0,750.28,183.666,1.0,758.379,188.115,1.0,764.967,193.001,1.0,663.389,349.002,1.0,658.749,357.686,1.0,647.216,368.716,1.0,643.98,375.924,1.0,642.85,388.094,1.0,954.801,354.831,1.0,947.774,355.957,1.0,935.259,368.407,1.0,935.517,376.949,1.0,927.908,387.732,1.0,764.484,91.056,1.0,757.519,84.144,1.0,748.724,86.086,1.0,739.59,86.436,1.0,730.259,86.463,1.0
736,1041.156,480.808,0.8690000176429749,1035.823,492.134,0.5989999771118164,1033.679,501.268,1.0,1030.033,499.153,0.9990000128746033,1032.296,513.586,0.9459999799728394,733.39,174.731,1.0,737.922,182.832,1.0,749.82,183.553,1.0,757.853,188.115,1.0,764.703,191.904,1.0,659.269,349.002,1.0,656.135,359.997,1.0,646.614,368.883,1.0,643.98,377.154,1.0,642.85,388.502,1.0,955.238,354.826,1.0,948.363,355.957,1.0,935.754,367.604,1.0,935.576,376.787,1.0,928.0,387.222,1.0,764.484,90.976,1.0,757.641,84.56,1.0,749.292,86.284,1.0,741.712,86.436,1.0,732.446,85.433,1.0
737,1041.156,480.268,0.9940000176429749,1036.233,492.134,0.9610000252723694,1033.679,501.268,1.0,1030.033,499.153,1.0,1032.134,513.542,0.9950000047683716,733.34,174.731,1.0,737.79,182.705,1.0,749.191,183.328,1.0,756.753,188.115,1.0,763.801,191.21,1.0,648.336,354.525,1.0,650.487,361.27,1.0,646.614,368.883,1.0,644.145,377.154,1.0,642.685,388.591,1.0,955.341,354.003,1.0,949.114,355.957,1.0,941.214,367.446,1.0,935.576,376.15,1.0,932.447,380.139,1.0,766.882,89.069,1.0,757.641,85.152,1.0,749.304,86.385,1.0,741.767,86.469,1.0,732.958,85.265,1.0
738,1041.156,479.169,0.9990000128746033,1038.082,486.427,1.0,1033.679,500.141,1.0,1031.976,504.41,1.0,1032.134,513.542,0.996999979019165,732.704,176.719,1.0,736.629,182.268,1.0,746.495,182.442,1.0,753.359,187.162,1.0,763.753,191.21,1.0,641.99,361.992,1.0,643.396,363.126,1.0,645.423,368.883,1.0,645.284,377.154,1.0,642.598,388.647,1.0,958.302,353.705,1.0,952.708,358.913,1.0,943.907,363.386,1.0,938.149,373.737,1.0,932.474,379.941,1.0,767.035,89.069,1.0,759.301,86.503,1.0,751.453,87.017,1.0,742.518,86.774,1.0,733.222,85.265,1.0
739,1039.791,478.813,1.0,1038.662,486.13,1.0,1030.734,494.281,1.0,1031.976,505.147,1.0,1032.523,513.542,1.0,723.763,179.597,1.0,735.308,176.305,1.0,741.939,182.218,1.0,749.91,178.168,1.0,757.73,191.179,1.0,634.302,366.262,1.0,640.8,364.147,1.0,645.423,368.59,1.0,645.284,375.766,1.0,642.146,388.647,1.0,958.332,353.53,1.0,952.708,358.913,1.0,944.042,362.938,1.0,938.548,373.057,1.0,932.558,379.786,1.0,767.369,89.069,1.0,758.493,86.75,1.0,751.644,87.834,1.0,742.973,86.812,1.0,733.26,85.433,1.0
740,1039.738,478.548,1.0,1038.739,485.463,1.0,1030.734,494.228,1.0,1031.976,505.147,1.0,1032.134,512.538,1.0,723.763,179.597,1.0,735.12,176.305,1.0,741.464,182.218,1.0,749.643,177.173,1.0,757.11,190.441,1.0,633.333,369.419,1.0,640.463,365.714,1.0,645.36,368.59,1.0,645.284,375.766,1.0,641.786,388.647,1.0,958.333,353.53,1.0,952.733,358.913,1.0,944.354,361.897,1.0,938.921,372.902,1.0,932.977,379.682,1.0,767.589,89.849,1.0,758.493,87.069,1.0,751.906,87.648,1.0,742.989,86.774,1.0,733.266,85.568,1.0
741,1039.498,477.697,1.0,1038.739,484.8,1.0,1029.396,493.052,1.0,1031.976,505.147,1.0,1032.056,510.122,1.0,723.662,179.597,1.0,734.929,175.762,1.0,741.195,181.982,1.0,747.672,177.173,1.0,754.805,190.441,1.0,632.713,378.323,1.0,640.038,366.481,1.0,644.455,368.59,1.0,645.247,375.766,1.0,640.966,388.467,1.0,958.977,352.111,1.0,952.893,357.187,1.0,945.058,361.501,1.0,938.921,371.447,1.0,933.094,379.388,1.0,767.997,91.095,1.0,761.2,87.744,1.0,752.014,87.851,1.0,743.274,86.774,1.0,733.266,85.848,1.0
742,1038.804,477.644,1.0,1038.662,484.514,1.0,1029.396,492.095,1.0,1028.803,504.633,1.0,1031.956,510.007,1.0,723.662,178.822,1.0,734.044,175.573,1.0,741.195,181.489,1.0,746.692,177.173,1.0,752.697,189.199,1.0,630.97,378.862,1.0,640.038,368.464,1.0,643.254,369.098,1.0,644.687,376.124,1.0,640.889,388.467,1.0,961.761,347.04,1.0,954.22,354.854,1.0,946.693,359.66,1.0,940.992,366.282,1.0,936.357,377.236,1.0,769.684,92.757,1.0,761.794,89.028,1.0,754.319,88.855,1.0,743.274,87.204,1.0,738.652,86.202,1.0
743,1038.804,477.09,1.0,1038.459,484.514,1.0,1030.734,492.095,1.0,1028.803,504.234,1.0,1031.512,510.007,1.0,720.743,170.372,1.0,723.11,172.023,1.0,736.093,176.341,1.0,742.875,184.062,1.0,751.481,188.559,1.0,630.97,381.321,1.0,639.49,370.89,1.0,643.254,369.098,1.0,644.093,376.124,1.0,640.785,388.435,1.0,963.15,345.838,1.0,956.972,351.079,1.0,951.084,359.461,1.0,941.333,364.035,1.0,936.746,373.91,1.0,772.685,93.163,1.0,765.212,89.14,1.0,756.03,90.2,1.0,745.638,87.204,1.0,740.655,86.537,1.0
744,1037.553,477.264,0.9399999976158142,1038.259,484.433,0.9990000128746033,1031.029,493.052,1.0,1028.803,503.559,1.0,1031.512,510.007,1.0,720.66,165.956,1.0,722.847,171.129,1.0,735.157,176.017,1.0,741.529,184.392,1.0,750.446,185.283,1.0,630.97,381.897,1.0,638.009,371.322,1.0,643.254,369.098,1.0,643.988,376.257,1.0,640.731,388.435,1.0,963.15,345.838,1.0,956.972,350.411,1.0,951.37,359.179,1.0,941.343,363.899,1.0,936.968,373.575,1.0,773.05,93.603,1.0,766.283,89.142,1.0,756.256,91.059,1.0,746.622,87.204,1.0,740.655,86.719,1.0
745,1036.027,477.379,0.8709999918937683,,484.433,0.6639999747276306,1029.396,492.059,1.0,1030.544,503.559,0.9959999918937683,1031.512,509.687,0.8709999918937683,720.441,163.915,1.0,722.847,170.547,1.0,734.967,175.638,1.0,740.652,184.392,1.0,750.443,185.281,1.0,631.638,385.315,1.0,638.009,375.098,1.0,650.282,367.775,1.0,643.505,376.124,1.0,640.68,386.334,1.0,964.075,342.331,1.0,957.266,348.551,1.0,951.37,358.424,1.0,941.869,363.69,1.0,936.968,373.45,1.0,774.308,93.69,1.0,767.046,89.55,1.0,756.543,91.162,1.0,746.806,87.331,1.0,740.747,86.719,1.0
746,1034.219,477.264,0.2329999953508377,1036.416,,0.0,1032.038,490.812,1.0,1030.544,501.783,0.9940000176429749,1031.418,506.444,0.7179999947547913,720.441,163.793,1.0,722.364,170.148,1.0,733.456,175.638,1.0,739.548,184.062,1.0,750.146,185.055,1.0,631.638,385.693,1.0,638.009,375.934,1.0,650.282,367.775,1.0,643.861,376.521,1.0,640.68,385.746,1.0,964.499,342.194,1.0,957.266,347.505,1.0,951.084,357.776,1.0,942.373,363.181,1.0,939.126,372.445,1.0,774.413,94.53,1.0,767.203,90.118,1.0,757.132,91.461,1.0,747.432,87.331,1.0,740.768,86.945,1.0
747,1030.326,476.845,0.9959999918937683,1036.542,482.89,1.0,1032.038,490.441,1.0,1030.544,501.783,1.0,1030.872,506.444,0.9980000257492065,719.593,163.793,1.0,721.899,169.057,1.0,730.85,175.638,1.0,736.357,183.447,1.0,748.894,184.447,1.0,631.638,385.693,1.0,637.934,376.311,1.0,650.282,367.775,1.0,643.861,376.047,1.0,640.785,384.586,1.0,969.97,337.922,1.0,960.509,342.782,1.0,947.035,350.772,1.0,945.156,363.181,1.0,942.146,370.213,1.0,777.33,94.53,1.0,771.627,90.192,1.0,763.399,92.194,1.0,750.278,87.531,1.0,741.546,87.11,1.0
748,1030.326,476.845,1.0,1036.416,481.548,1.0,1032.038,489.429,1.0,1030.131,501.783,1.0,1030.872,506.444,1.0,711.49,163.915,1.0,720.497,168.455,1.0,727.021,176.262,1.0,735.858,183.447,1.0,744.528,184.447,1.0,626.213,385.693,1.0,634.624,376.552,1.0,644.643,368.739,1.0,643.816,376.521,1.0,644.573,382.848,1.0,970.355,337.063,1.0,960.55,342.525,1.0,947.035,350.772,1.0,946.023,362.021,1.0,942.735,370.028,1.0,780.366,94.53,1.0,774.105,90.306,1.0,766.224,92.341,1.0,754.636,87.984,1.0,745.275,87.535,1.0
749,1030.563,474.937,0.9990000128746033,1036.415,481.548,1.0,1031.701,489.429,1.0,1029.726,501.783,1.0,1030.57,507.331,1.0,711.49,164.226,1.0,719.993,166.173,1.0,726.355,176.387,1.0,735.26,182.916,1.0,743.363,184.431,1.0,621.316,385.033,1.0,632.275,376.552,1.0,643.605,369.62,1.0,643.816,377.11,1.0,656.446,382.811,1.0,971.902,337.014,1.0,960.55,342.525,1.0,947.035,350.772,1.0,947.754,359.667,1.0,942.874,369.793,1.0,782.593,94.53,1.0,774.715,91.231,1.0,766.224,92.888,1.0,757.004,88.172,1.0,748.861,87.535,1.0
750,1030.563,473.582,1.0,1035.875,481.29,1.0,1031.701,489.429,1.0,1029.726,499.603,1.0,1030.57,507.331,1.0,711.234,164.226,1.0,719.926,166.173,1.0,726.18,176.387,1.0,734.443,182.901,1.0,742.686,184.136,1.0,621.312,385.033,1.0,632.135,376.552,1.0,643.042,369.924,1.0,643.816,377.55,1.0,656.446,382.45,1.0,971.902,336.566,1.0,960.574,342.525,1.0,951.852,351.098,1.0,947.763,359.667,1.0,942.958,369.059,1.0,782.826,93.314,1.0,774.804,91.924,1.0,766.329,93.091,1.0,757.241,88.008,1.0,749.124,87.535,1.0
751,1035.329,473.304,1.0,1035.875,481.129,1.0,1031.701,489.429,1.0,1028.321,499.59,1.0,1030.29,507.331,1.0,711.234,164.226,1.0,719.228,165.7,1.0,725.897,176.262,1.0,733.289,182.901,1.0,740.757,183.708,1.0,621.277,385.033,1.0,632.073,376.552,1.0,642.503,371.214,1.0,643.028,377.11,1.0,656.446,382.45,1.0,971.902,335.374,1.0,960.725,342.804,1.0,953.924,351.669,1.0,948.562,359.667,1.0,943.82,366.794,1.0,782.955,93.314,1.0,775.947,95.065,1.0,766.513,93.091,1.0,757.767,88.172,1.0,749.492,87.535,1.0
752,1036.06,472.386,1.0,1035.227,480.27,1.0,1031.701,489.14,1.0,1028.321,499.51,1.0,1030.29,507.216,1.0,707.77,159.311,1.0,714.676,165.7,1.0,722.459,171.024,1.0,726.41,177.739,1.0,734.4,179.532,1.0,620.96,385.033,1.0,631.478,377.769,1.0,639.462,374.011,1.0,642.811,377.11,1.0,654.118,381.671,1.0,964.901,333.848,1.0,962.008,342.804,1.0,956.727,351.669,1.0,949.133,357.048,1.0,943.82,366.794,1.0,784.062,96.134,1.0,776.979,95.117,1.0,766.513,93.889,1.0,758.943,88.923,1.0,750.35,87.535,1.0
753,1036.063,472.386,1.0,1035.227,480.27,1.0,1031.564,489.14,1.0,1028.321,499.51,1.0,1030.29,506.462,1.0,701.592,158.486,1.0,709.521,163.901,1.0,718.869,169.561,1.0,726.1,173.77,1.0,734.4,179.52,1.0,618.806,385.033,1.0,627.621,378.774,1.0,635.178,376.128,1.0,641.872,374.19,1.0,652.436,379.511,1.0,964.901,332.75,1.0,962.067,342.804,1.0,957.099,351.098,1.0,949.133,356.755,1.0,943.82,366.794,1.0,786.209,98.079,1.0,777.479,96.851,1.0,769.507,95.078,1.0,759.069,91.814,1.0,752.017,87.519,1.0
754,1036.74,471.879,1.0,1034.532,476.491,1.0,1031.465,488.034,1.0,1028.882,497.474,1.0,1032.482,505.258,1.0,701.457,158.486,1.0,709.087,163.885,1.0,718.764,169.426,1.0,725.44,173.702,1.0,733.097,179.508,1.0,612.625,380.289,1.0,626.68,378.852,1.0,634.819,377.981,1.0,641.287,373.875,1.0,652.022,379.109,1.0,964.897,332.627,1.0,962.067,342.802,1.0,957.099,351.069,1.0,949.133,356.74,1.0,943.808,366.849,1.0,789.387,99.232,1.0,781.532,97.954,1.0,770.891,96.483,1.0,762.219,92.009,1.0,756.387,87.849,1.0
755,1041.367,465.813,1.0,1034.387,474.947,1.0,1030.589,485.693,1.0,1028.882,493.142,1.0,1032.482,504.805,1.0,701.414,158.169,1.0,708.825,163.827,1.0,718.13,168.653,1.0,724.939,173.441,1.0,732.993,179.2,1.0,612.625,379.344,1.0,626.68,379.163,1.0,634.149,378.293,1.0,640.042,371.973,1.0,651.624,378.382,1.0,964.897,332.627,1.0,962.008,342.732,1.0,956.873,351.034,1.0,948.969,356.615,1.0,943.808,367.007,1.0,789.734,99.263,1.0,781.54,98.185,1.0,771.733,96.483,1.0,763.27,92.009,1.0,756.876,88.265,1.0
756,1041.672,465.813,1.0,1033.916,474.917,1.0,1030.157,485.538,1.0,1029.229,490.538,1.0,1032.522,502.667,1.0,701.414,158.083,1.0,706.701,163.775,1.0,715.344,168.133,1.0,721.919,172.132,1.0,732.993,177.052,1.0,612.625,378.466,1.0,626.404,379.554,1.0,633.774,378.772,1.0,638.997,371.973,1.0,651.449,378.169,1.0,964.909,332.428,1.0,961.837,342.691,1.0,956.884,351.008,1.0,948.956,356.537,1.0,943.789,367.019,1.0,789.993,99.275,1.0,781.752,99.439,1.0,771.956,96.027,1.0,763.366,92.059,1.0,756.979,88.265,1.0
757,1042.018,465.813,1.0,1034.387,474.917,1.0,1029.71,485.479,1.0,1029.564,490.538,1.0,1032.522,501.749,1.0,697.633,158.083,1.0,704.535,158.784,1.0,712.13,165.83,1.0,716.571,168.857,1.0,728.55,176.83,1.0,613.404,379.082,1.0,625.874,380.176,1.0,633.667,378.847,1.0,638.073,371.973,1.0,650.921,376.944,1.0,965.019,332.447,1.0,961.379,342.636,1.0,956.884,350.955,1.0,948.956,356.454,1.0,943.789,367.019,1.0,790.328,99.263,1.0,782.911,99.61,1.0,771.956,95.384,1.0,763.605,92.165,1.0,757.22,88.368,1.0
758,1042.018,467.406,1.0,1033.916,474.947,1.0,1030.157,485.479,1.0,1029.564,490.157,1.0,1032.522,501.058,1.0,697.492,158.077,1.0,704.486,158.775,1.0,712.128,165.535,1.0,716.571,168.557,1.0,728.35,175.975,1.0,613.404,379.082,1.0,624.06,381.598,1.0,630.975,378.847,1.0,636.646,376.511,1.0,647.622,376.655,1.0,965.304,332.447,1.0,961.377,341.832,1.0,956.884,350.256,1.0,948.944,356.295,1.0,943.916,367.007,1.0,791.466,99.275,1.0,784.486,100.475,1.0,775.524,96.027,1.0,764.82,93.489,1.0,757.22,88.564,1.0
759,1042.018,468.647,1.0,1033.751,475.283,1.0,1030.157,485.479,1.0,1030.885,489.244,1.0,1032.635,501.058,1.0,697.27,157.939,1.0,701.092,158.558,1.0,710.781,165.249,1.0,716.135,168.557,1.0,725.968,175.496,1.0,614.664,378.862,1.0,623.934,381.675,1.0,630.376,378.915,1.0,635.954,376.673,1.0,647.275,375.575,1.0,965.44,331.716,1.0,961.377,341.077,1.0,957.068,349.546,1.0,948.956,355.86,1.0,944.677,361.611,1.0,795.829,99.453,1.0,788.127,102.428,1.0,778.105,96.027,1.0,769.843,96.33,1.0,761.36,90.831,1.0
760,1042.018,468.661,0.5849999785423279,1033.751,476.012,0.9330000281333923,1031.251,485.538,1.0,1034.545,,0.0,1034.922,501.058,0.9980000257492065,692.946,158.077,1.0,700.93,157.914,1.0,710.557,164.016,1.0,715.646,168.857,1.0,724.524,175.496,1.0,615.1,379.082,1.0,623.934,381.981,1.0,630.057,378.924,1.0,635.734,377.09,1.0,646.689,373.765,1.0,965.634,329.71,1.0,961.379,338.602,1.0,957.965,346.927,1.0,949.735,354.117,1.0,944.8,361.177,1.0,796.732,99.575,1.0,789.705,103.663,1.0,781.068,98.881,1.0,771.017,96.339,1.0,763.668,90.973,1.0
761,1038.311,468.661,0.7570000290870667,1034.554,476.012,0.9580000042915344,1031.799,485.479,1.0,1035.257,487.576,0.9990000128746033,1034.922,501.749,0.9860000014305115,692.565,159.771,1.0,699.37,156.478,1.0,708.592,161.626,1.0,713.486,170.892,1.0,722.156,175.496,1.0,614.664,379.588,1.0,623.734,382.554,1.0,629.797,379.043,1.0,635.611,377.09,1.0,645.615,373.765,1.0,967.036,329.213,1.0,962.126,333.981,1.0,957.965,344.533,1.0,949.841,349.14,1.0,945.14,360.794,1.0,796.805,99.575,1.0,789.887,104.394,1.0,781.194,100.478,1.0,771.061,96.946,1.0,764.041,91.709,1.0
762,1037.525,468.647,0.9789999723434448,1035.051,476.012,1.0,1031.94,485.328,1.0,1034.545,486.369,1.0,1034.922,502.229,1.0,692.138,160.692,1.0,698.597,156.454,1.0,708.079,159.695,1.0,713.463,170.892,1.0,722.107,175.477,1.0,612.299,380.094,1.0,622.705,383.675,1.0,629.082,380.16,1.0,634.529,377.09,1.0,645.386,373.765,1.0,967.107,328.87,1.0,963.044,330.765,1.0,957.991,344.217,1.0,950.304,348.763,1.0,945.173,360.246,1.0,797.506,100.705,1.0,789.96,105.3,1.0,781.275,100.999,1.0,771.436,97.337,1.0,764.301,92.484,1.0
763,1037.687,464.453,1.0,1035.418,474.945,1.0,1033.095,485.11,1.0,1033.156,486.369,1.0,1034.514,502.229,0.9990000128746033,685.626,160.932,1.0,697.74,156.225,1.0,707.68,158.71,1.0,713.09,170.892,1.0,722.107,175.36,1.0,611.171,387.234,1.0,620.417,384.171,1.0,628.702,381.811,1.0,633.894,373.454,1.0,640.885,374.251,1.0,967.335,328.317,1.0,963.603,330.28,1.0,958.327,344.202,1.0,950.68,348.74,1.0,946.338,360.193,1.0,798.945,101.323,1.0,792.303,105.927,1.0,783.093,101.622,1.0,773.529,97.337,1.0,765.417,94.364,1.0
764,1037.525,464.453,1.0,1035.418,474.945,1.0,1033.095,485.328,1.0,1033.156,485.757,1.0,1034.317,501.338,1.0,685.122,160.932,1.0,697.676,156.066,1.0,706.988,158.579,1.0,712.874,170.629,1.0,722.156,175.36,1.0,608.443,387.248,1.0,618.526,384.34,1.0,628.185,382.062,1.0,633.448,373.454,1.0,638.265,374.333,1.0,967.904,328.115,1.0,964.441,329.447,1.0,958.327,343.34,1.0,951.473,347.536,1.0,946.842,358.492,1.0,800.829,103.426,1.0,794.049,105.927,1.0,786.699,102.464,1.0,776.32,97.403,1.0,770.879,95.144,1.0
765,1037.525,464.453,0.9710000157356262,1035.367,474.945,0.996999979019165,1033.095,485.328,1.0,1032.441,485.757,1.0,1033.945,501.338,0.878000020980835,685.122,160.692,1.0,694.454,155.69,1.0,706.972,158.524,1.0,712.776,170.47,1.0,722.156,175.477,1.0,608.443,387.248,1.0,618.526,384.593,1.0,628.185,382.299,1.0,633.429,373.41,1.0,637.921,374.693,1.0,968.322,320.653,1.0,966.808,329.447,1.0,960.655,338.375,1.0,954.219,343.802,1.0,947.037,355.165,1.0,800.829,103.426,1.0,794.349,105.927,1.0,786.828,102.658,1.0,777.696,97.403,1.0,771.38,95.144,1.0
766,1035.618,464.128,0.8629999756813049,1035.367,474.391,0.9829999804496765,1033.409,487.459,1.0,1032.424,483.695,1.0,1033.637,469.114,0.9959999918937683,685.626,160.647,1.0,694.398,155.494,1.0,706.988,158.122,1.0,712.676,170.396,1.0,722.107,175.6,1.0,608.443,387.663,1.0,618.526,385.092,1.0,627.836,383.457,1.0,633.429,373.454,1.0,637.921,374.875,1.0,970.499,320.45,1.0,968.493,329.447,1.0,961.282,334.009,1.0,955.187,342.475,1.0,947.039,352.422,1.0,800.98,104.792,1.0,794.527,102.579,1.0,787.697,103.008,1.0,777.829,98.258,1.0,771.466,95.57,1.0
767,1035.309,462.899,0.9739999771118164,1035.664,,0.9990000128746033,1034.451,487.459,1.0,1032.424,483.695,1.0,1033.945,469.114,1.0,686.013,152.979,1.0,694.398,154.033,1.0,706.988,158.122,1.0,710.994,170.049,1.0,721.539,175.6,1.0,612.998,387.234,1.0,622.522,385.092,1.0,627.836,383.457,1.0,632.95,373.544,1.0,637.921,375.182,1.0,970.511,320.382,1.0,968.554,329.561,1.0,961.282,334.006,1.0,955.622,342.235,1.0,947.608,352.422,1.0,801.16,105.236,1.0,795.324,102.579,1.0,788.108,103.977,1.0,778.199,98.261,1.0,771.736,95.144,1.0
768,1030.639,466.812,0.40299999713897705,1035.367,,0.0,1034.451,487.459,1.0,1032.424,483.695,0.9990000128746033,1033.945,469.114,0.9190000295639038,688.299,149.628,1.0,697.676,152.911,1.0,706.988,158.579,1.0,710.994,170.049,1.0,721.245,175.6,1.0,615.817,385.818,1.0,622.522,385.092,1.0,627.836,383.457,1.0,632.92,373.645,1.0,637.921,375.916,1.0,970.605,320.382,1.0,968.791,329.561,1.0,961.282,333.803,1.0,955.645,342.177,1.0,947.95,352.375,1.0,802.063,105.699,1.0,795.746,102.579,1.0,788.71,105.246,1.0,779.174,98.825,1.0,772.451,95.061,1.0
769,1028.956,466.812,1.0,1035.664,470.564,1.0,1034.648,486.72,1.0,1031.704,484.424,1.0,1035.583,500.653,0.9980000257492065,698.164,144.576,1.0,699.295,152.364,1.0,707.459,158.333,1.0,710.994,169.634,1.0,720.591,175.415,1.0,615.817,380.702,1.0,622.522,384.231,1.0,623.111,380.782,1.0,632.92,373.782,1.0,637.727,376.42,1.0,970.605,320.28,1.0,968.874,329.561,1.0,961.282,333.803,1.0,956.088,342.035,1.0,948.05,352.375,1.0,807.382,111.095,1.0,803.922,105.196,1.0,794.185,105.584,1.0,781.867,101.692,1.0,774.353,95.061,1.0
770,1028.592,465.368,1.0,1034.809,470.487,1.0,1034.843,485.989,1.0,1031.539,485.019,1.0,1035.583,500.767,1.0,698.242,143.894,1.0,699.868,151.515,1.0,707.459,158.705,1.0,711.187,169.634,1.0,720.591,175.399,1.0,615.817,375.116,1.0,621.592,383.328,1.0,620.801,380.644,1.0,632.95,374.326,1.0,637.727,376.49,1.0,970.666,320.193,1.0,968.952,329.349,1.0,961.282,333.803,1.0,956.106,341.976,1.0,948.33,352.345,1.0,808.367,111.199,1.0,804.551,105.44,1.0,795.642,106.206,1.0,783.802,103.16,1.0,775.547,95.57,1.0
771,1027.973,465.368,1.0,1032.323,469.883,1.0,1034.843,485.717,1.0,1031.539,485.035,1.0,1035.583,500.767,0.9980000257492065,698.242,143.481,1.0,699.868,151.515,1.0,703.225,160.672,1.0,711.187,169.634,1.0,720.428,175.206,1.0,614.866,373.086,1.0,620.422,382.755,1.0,620.801,380.644,1.0,632.77,375.155,1.0,637.437,376.513,1.0,970.744,319.611,1.0,969.032,329.048,1.0,963.707,336.248,1.0,956.293,341.976,1.0,948.634,352.263,1.0,808.854,111.199,1.0,805.407,105.461,1.0,796.396,106.517,1.0,785.795,104.041,1.0,775.678,96.637,1.0
772,1027.508,465.368,1.0,1032.167,469.624,1.0,1034.648,485.024,1.0,1031.409,487.735,1.0,1035.427,500.653,0.996999979019165,698.164,142.928,1.0,699.295,152.364,1.0,703.225,160.672,1.0,711.187,169.634,1.0,720.428,175.188,1.0,613.598,372.912,1.0,619.737,382.159,1.0,619.493,380.782,1.0,632.77,375.319,1.0,637.727,376.849,1.0,970.744,319.327,1.0,968.952,328.615,1.0,964.24,336.589,1.0,956.41,341.976,1.0,950.299,351.428,1.0,808.854,111.199,1.0,806.146,105.461,1.0,796.622,107.688,1.0,785.976,104.569,1.0,775.787,96.711,1.0
773,1027.508,465.352,1.0,1031.545,469.281,1.0,1031.98,477.501,1.0,1030.848,488.038,1.0,1035.405,499.849,1.0,697.408,142.232,1.0,697.579,152.5,1.0,703.064,159.98,1.0,711.038,169.258,1.0,720.428,174.331,1.0,609.274,370.292,1.0,612.724,376.58,1.0,619.198,381.077,1.0,629.638,382.796,1.0,637.727,377.388,1.0,970.744,319.327,1.0,968.952,328.615,1.0,964.266,336.589,1.0,956.41,341.619,1.0,950.299,351.092,1.0,809.52,111.199,1.0,806.762,105.502,1.0,796.937,107.688,1.0,786.001,104.569,1.0,775.823,96.84,1.0
774,1027.508,463.05,1.0,1031.545,466.611,1.0,1031.313,476.646,1.0,1029.995,488.038,1.0,1033.808,490.365,0.8830000162124634,695.921,142.046,1.0,697.181,152.78,1.0,702.19,159.98,1.0,709.674,165.428,1.0,719.544,170.015,1.0,609.202,370.292,1.0,612.325,376.445,1.0,619.175,383.091,1.0,628.532,382.844,1.0,637.975,377.388,1.0,969.86,318.964,1.0,968.779,328.437,1.0,964.24,336.248,1.0,956.412,341.208,1.0,950.299,350.9,1.0,810.386,111.199,1.0,806.762,106.194,1.0,799.179,107.688,1.0,789.053,104.569,1.0,778.194,98.517,1.0
775,1028.297,462.533,1.0,1031.342,465.681,1.0,1031.294,474.925,1.0,1030.552,487.735,1.0,1033.808,490.365,1.0,695.852,142.046,1.0,696.805,152.78,1.0,701.842,159.768,1.0,709.519,165.145,1.0,719.437,169.715,1.0,609.112,370.292,1.0,612.131,375.844,1.0,619.175,383.385,1.0,627.846,382.898,1.0,637.045,377.388,1.0,967.479,318.964,1.0,967.69,328.463,1.0,963.707,336.248,1.0,957.87,341.208,1.0,949.969,350.9,1.0,816.759,113.966,1.0,806.813,112.452,1.0,799.264,107.189,1.0,791.948,102.771,1.0,782.094,100.138,1.0
776,1028.297,462.058,1.0,1030.344,465.202,1.0,1031.294,473.708,1.0,1030.552,486.907,1.0,1033.645,490.365,1.0,695.448,142.232,1.0,696.393,152.5,1.0,701.758,159.755,1.0,708.584,164.139,1.0,718.898,169.641,1.0,609.112,370.292,1.0,611.883,375.844,1.0,618.182,383.385,1.0,627.844,383.309,1.0,637.045,376.221,1.0,967.479,321.155,1.0,967.686,328.463,1.0,960.449,336.589,1.0,956.412,341.208,1.0,949.645,350.9,1.0,817.171,114.135,1.0,806.813,112.46,1.0,799.445,107.189,1.0,791.948,102.771,1.0,783.066,100.189,1.0
777,1028.297,460.822,1.0,1029.919,464.929,1.0,1031.294,473.708,1.0,1030.355,486.452,1.0,1033.645,490.365,1.0,694.734,142.046,1.0,696.273,151.663,1.0,701.758,158.814,1.0,707.983,164.139,1.0,718.875,169.641,1.0,608.549,370.292,1.0,611.409,376.236,1.0,617.849,383.091,1.0,627.167,383.581,1.0,635.488,376.219,1.0,967.479,321.497,1.0,967.234,325.806,1.0,959.878,337.002,1.0,956.412,341.208,1.0,949.191,351.092,1.0,817.189,114.507,1.0,807.619,112.562,1.0,799.611,107.189,1.0,791.962,102.771,1.0,785.534,100.201,1.0
778,1027.856,459.668,1.0,1029.731,463.221,1.0,1030.252,473.44,1.0,1030.296,485.388,1.0,1033.081,490.365,1.0,692.789,141.946,1.0,696.273,149.661,1.0,701.842,158.101,1.0,706.825,163.819,1.0,718.828,169.586,1.0,602.437,369.022,1.0,611.409,375.844,1.0,616.184,383.091,1.0,625.235,383.878,1.0,635.719,376.219,1.0,970.114,324.64,1.0,967.234,325.227,1.0,959.878,337.002,1.0,956.436,341.232,1.0,949.191,352.457,1.0,817.408,114.695,1.0,808.496,112.666,1.0,801.508,109.391,1.0,792.644,104.783,1.0,787.446,101.225,1.0
779,1027.66,454.414,1.0,1027.942,459.379,1.0,1030.252,471.921,1.0,1030.355,483.609,1.0,1033.081,490.097,1.0,687.137,139.434,1.0,696.273,145.577,1.0,702.782,154.545,1.0,702.713,160.267,1.0,717.619,169.528,1.0,600.611,368.686,1.0,611.409,375.751,1.0,615.6,383.385,1.0,624.424,384.548,1.0,635.488,376.221,1.0,973.958,325.493,1.0,967.234,325.264,1.0,959.878,337.002,1.0,956.683,342.276,1.0,949.6,352.614,1.0,822.032,114.695,1.0,814.715,113.642,1.0,805.748,109.391,1.0,795.569,105.642,1.0,790.183,103.213,1.0
780,1027.575,450.434,1.0,1027.4,458.805,1.0,1030.252,469.514,1.0,1030.355,472.535,1.0,1033.081,487.055,1.0,686.601,139.184,1.0,696.273,144.663,1.0,702.782,153.898,1.0,702.713,159.922,1.0,717.493,169.509,1.0,599.641,368.605,1.0,611.543,375.497,1.0,614.824,384.611,1.0,624.016,384.781,1.0,635.483,378.624,1.0,974.664,325.493,1.0,968.681,325.264,1.0,959.883,335.773,1.0,956.683,342.276,1.0,949.6,353.054,1.0,822.069,114.814,1.0,815.351,113.991,1.0,806.135,109.391,1.0,795.844,106.196,1.0,790.31,103.213,1.0
781,1027.575,448.528,1.0,1027.389,458.314,1.0,1030.591,468.366,1.0,1030.407,470.865,1.0,1033.918,485.708,1.0,686.232,138.902,1.0,695.942,144.368,1.0,702.782,153.299,1.0,702.713,159.305,1.0,716.79,169.15,1.0,599.641,368.068,1.0,611.543,374.76,1.0,614.473,384.611,1.0,623.814,384.781,1.0,635.483,378.759,1.0,974.668,325.493,1.0,968.747,325.806,1.0,960.209,335.392,1.0,956.73,342.398,1.0,949.604,352.614,1.0,822.637,114.864,1.0,815.64,114.949,1.0,806.947,108.958,1.0,796.388,106.499,1.0,790.878,103.213,1.0
782,1027.575,445.45,1.0,1027.353,457.057,1.0,1030.591,466.901,1.0,1030.723,469.935,1.0,1034.14,485.237,1.0,685.555,138.265,1.0,690.295,142.795,1.0,698.047,153.051,1.0,703.156,158.171,1.0,710.193,164.033,1.0,598.833,368.068,1.0,611.543,374.444,1.0,614.187,384.611,1.0,623.42,383.878,1.0,635.362,379.216,1.0,979.6,324.278,1.0,972.837,326.619,1.0,963.523,335.361,1.0,957.692,342.398,1.0,954.195,352.457,1.0,823.936,115.254,1.0,816.85,115.267,1.0,807.037,108.958,1.0,797.174,106.522,1.0,791.392,103.932,1.0
783,1027.575,445.45,1.0,1027.353,456.925,1.0,1030.591,466.606,1.0,1030.954,469.926,1.0,1034.416,485.232,1.0,685.555,138.196,1.0,690.019,142.452,1.0,697.953,152.862,1.0,703.156,157.953,1.0,708.233,164.023,1.0,598.291,368.605,1.0,610.597,374.444,1.0,612.049,384.153,1.0,618.301,376.795,1.0,635.227,379.878,1.0,982.052,321.731,1.0,974.917,326.619,1.0,963.939,334.839,1.0,960.011,344.496,1.0,955.433,352.443,1.0,824.65,115.254,1.0,817.164,116.219,1.0,808.055,108.958,1.0,799.046,107.999,1.0,792.292,104.336,1.0
784,1027.575,445.45,1.0,1027.088,456.763,1.0,1029.756,466.337,1.0,1031.114,469.552,1.0,1034.416,485.164,1.0,685.412,138.15,1.0,689.735,142.312,1.0,697.869,152.784,1.0,703.156,157.013,1.0,707.542,162.883,1.0,598.291,371.746,1.0,609.593,373.65,1.0,611.544,381.369,1.0,616.08,376.268,1.0,632.768,380.853,1.0,982.068,321.326,1.0,975.039,326.75,1.0,963.942,334.8,1.0,960.011,344.496,1.0,957.041,349.478,1.0,829.023,115.564,1.0,822.287,119.16,1.0,812.955,111.498,1.0,803.351,110.438,1.0,794.983,104.336,1.0
785,1026.638,445.45,1.0,1026.416,456.423,1.0,1028.859,466.178,1.0,1032.52,469.552,1.0,1034.14,484.838,1.0,685.412,138.15,1.0,688.896,141.778,1.0,696.577,152.408,1.0,702.631,156.478,1.0,706.882,162.883,1.0,596.815,371.827,1.0,607.15,371.804,1.0,610.466,377.79,1.0,615.93,375.993,1.0,629.05,384.005,1.0,982.758,320.843,1.0,975.646,326.619,1.0,964.07,334.747,1.0,960.011,344.496,1.0,957.075,349.478,1.0,829.023,115.608,1.0,822.343,119.648,1.0,814.329,114.292,1.0,804.807,110.902,1.0,798.138,105.862,1.0
786,1025.197,445.45,1.0,1025.313,454.793,1.0,1028.763,463.681,1.0,1033.269,469.552,1.0,1033.343,484.742,1.0,681.002,132.248,1.0,686.623,138.318,1.0,694.012,148.134,1.0,700.499,151.594,1.0,704.87,161.186,1.0,596.815,371.986,1.0,607.15,371.804,1.0,610.314,377.79,1.0,615.148,375.993,1.0,628.166,384.532,1.0,984.383,320.843,1.0,975.646,326.207,1.0,964.099,334.732,1.0,960.011,342.287,1.0,957.922,349.475,1.0,829.331,115.762,1.0,822.776,120.305,1.0,814.348,114.597,1.0,804.96,110.948,1.0,798.145,106.724,1.0
787,1025.197,444.221,1.0,1025.114,453.12,1.0,1027.841,462.383,1.0,1033.737,473.534,1.0,1032.813,483.335,1.0,679.803,132.167,1.0,686.397,136.758,1.0,692.388,147.357,1.0,699.419,148.841,1.0,704.788,161.186,1.0,596.815,371.986,1.0,606.943,371.804,1.0,610.235,377.739,1.0,614.899,375.876,1.0,628.079,384.532,1.0,984.758,320.294,1.0,975.646,326.203,1.0,966.917,333.446,1.0,960.011,338.999,1.0,958.57,349.475,1.0,829.533,115.943,1.0,822.855,120.305,1.0,814.427,114.975,1.0,805.282,111.689,1.0,798.145,107.301,1.0
788,1025.197,443.811,1.0,1025.114,452.125,1.0,1027.841,462.283,1.0,1034.296,473.534,1.0,1032.556,483.231,1.0,679.803,132.019,1.0,685.719,136.758,1.0,691.913,147.223,1.0,699.203,148.841,1.0,702.98,157.884,1.0,596.815,371.986,1.0,606.828,372.095,1.0,610.201,377.191,1.0,614.889,375.48,1.0,627.94,384.581,1.0,984.758,320.294,1.0,973.265,321.493,1.0,969.641,330.914,1.0,960.611,335.342,1.0,958.57,346.819,1.0,829.759,120.861,1.0,824.055,120.305,1.0,815.721,115.484,1.0,806.422,111.896,1.0,798.23,108.063,1.0
789,1025.226,443.342,1.0,1025.313,452.075,1.0,1027.57,462.231,1.0,1034.296,473.534,1.0,1032.346,482.819,1.0,679.788,131.946,1.0,685.358,135.909,1.0,690.711,146.758,1.0,698.644,148.541,1.0,702.611,157.192,1.0,596.815,371.827,1.0,606.636,372.095,1.0,609.849,376.718,1.0,613.844,375.261,1.0,627.94,384.644,1.0,985.103,320.88,1.0,973.265,321.471,1.0,970.229,330.355,1.0,960.727,333.883,1.0,958.912,346.551,1.0,832.923,122.995,1.0,826.523,117.861,1.0,819.515,117.194,1.0,807.585,112.329,1.0,799.08,108.063,1.0
790,1026.458,442.135,1.0,1025.192,450.814,1.0,1027.57,461.272,1.0,1034.296,473.04,1.0,1032.346,474.083,1.0,679.788,129.612,1.0,683.466,135.909,1.0,689.002,145.722,1.0,696.385,148.186,1.0,701.733,155.87,1.0,595.882,371.814,1.0,605.655,372.095,1.0,608.682,375.995,1.0,613.844,375.261,1.0,627.086,384.581,1.0,986.665,320.885,1.0,973.265,320.528,1.0,970.99,329.854,1.0,963.634,333.579,1.0,959.218,346.155,1.0,834.746,123.071,1.0,828.79,116.633,1.0,821.609,117.243,1.0,810.662,112.329,1.0,804.401,108.063,1.0
791,1027.142,439.307,0.8389999866485596,1025.192,450.154,0.9330000281333923,1026.975,459.212,1.0,1030.079,465.959,1.0,1031.675,473.869,0.9369999766349792,673.281,126.768,1.0,680.285,133.18,1.0,686.566,141.996,1.0,692.035,147.317,1.0,700.782,155.331,1.0,588.104,364.22,1.0,596.611,368.494,1.0,608.658,374.708,1.0,613.844,375.261,1.0,626.659,382.934,1.0,988.331,320.885,1.0,973.929,320.05,1.0,970.961,327.746,1.0,965.199,332.988,1.0,959.218,343.943,1.0,835.1,123.071,1.0,828.79,116.633,1.0,821.609,117.492,1.0,812.009,112.329,1.0,805.479,107.309,1.0
792,1029.175,436.354,0.9990000128746033,1025.192,444.241,0.9990000128746033,1025.798,456.727,1.0,1030.079,463.656,1.0,1030.585,473.723,0.9990000128746033,672.441,126.557,1.0,679.624,132.538,1.0,686.001,141.981,1.0,692.0,146.688,1.0,700.693,155.18,1.0,587.743,364.22,1.0,596.419,368.437,1.0,608.61,374.708,1.0,614.016,375.554,1.0,624.814,384.173,1.0,988.814,320.885,1.0,978.084,319.645,1.0,970.961,327.03,1.0,966.776,332.245,1.0,961.429,343.023,1.0,835.1,123.071,1.0,828.79,116.633,1.0,821.609,117.51,1.0,812.223,112.329,1.0,805.619,107.309,1.0
793,1029.642,434.333,0.9869999885559082,1025.192,444.233,0.9869999885559082,1023.799,456.023,1.0,1026.1,456.466,1.0,1030.044,472.96,0.9739999771118164,672.068,126.501,1.0,678.001,132.318,1.0,685.199,141.945,1.0,691.061,145.874,1.0,700.497,154.869,1.0,587.646,364.22,1.0,596.138,367.615,1.0,608.283,374.708,1.0,614.016,375.583,1.0,624.814,383.209,1.0,988.814,320.284,1.0,978.917,318.403,1.0,970.961,326.008,1.0,968.044,331.727,1.0,961.596,341.623,1.0,835.1,123.071,1.0,828.79,117.214,1.0,821.836,117.524,1.0,812.236,112.385,1.0,805.662,107.309,1.0
794,1030.075,434.247,1.0,1025.192,444.205,1.0,1023.799,455.922,1.0,1026.784,454.697,1.0,1029.769,469.208,1.0,671.87,126.294,1.0,677.414,131.744,1.0,684.415,140.454,1.0,689.163,142.451,1.0,697.159,152.267,1.0,587.743,364.374,1.0,595.735,367.839,1.0,605.929,374.708,1.0,614.016,375.808,1.0,623.256,382.934,1.0,988.906,320.162,1.0,981.558,317.715,1.0,970.961,325.431,1.0,968.176,331.702,1.0,961.596,341.623,1.0,835.843,123.649,1.0,829.134,117.522,1.0,822.244,117.574,1.0,812.432,112.385,1.0,806.081,107.515,1.0
795,1029.642,433.882,0.9559999704360962,1025.327,443.238,0.9750000238418579,1023.799,455.922,1.0,1026.784,454.153,0.9990000128746033,1029.589,469.004,0.9599999785423279,666.791,124.027,1.0,670.122,127.753,1.0,680.277,136.461,1.0,687.685,138.613,1.0,692.436,145.921,1.0,587.743,364.395,1.0,595.295,367.839,1.0,605.605,374.629,1.0,613.959,378.916,1.0,622.986,382.932,1.0,989.016,320.1,1.0,982.237,316.296,1.0,970.961,325.262,1.0,968.176,331.679,1.0,961.429,341.368,1.0,835.843,124.143,1.0,830.183,117.522,1.0,823.287,118.244,1.0,813.703,113.945,1.0,806.088,108.292,1.0
796,1029.642,431.936,0.9990000128746033,1025.559,442.356,0.9990000128746033,1024.643,451.989,1.0,1026.784,452.546,1.0,1029.443,467.727,1.0,666.318,123.933,1.0,670.122,126.986,1.0,678.959,135.761,1.0,687.434,137.217,1.0,692.371,145.56,1.0,587.814,364.415,1.0,595.27,367.839,1.0,605.123,374.254,1.0,613.162,378.952,1.0,622.971,382.932,1.0,989.268,309.361,1.0,984.014,315.173,1.0,971.749,324.837,1.0,968.176,330.228,1.0,961.335,341.265,1.0,837.3,124.503,1.0,831.385,117.522,1.0,823.353,118.409,1.0,814.795,114.941,1.0,807.563,109.115,1.0
797,1028.675,429.112,1.0,1025.559,438.46,1.0,1026.045,449.072,1.0,1026.372,451.449,1.0,1029.443,464.042,1.0,666.109,123.675,1.0,669.265,126.792,1.0,678.105,135.609,1.0,686.372,137.217,1.0,691.854,145.232,1.0,587.814,368.859,1.0,594.781,368.543,1.0,605.123,374.254,1.0,613.122,379.374,1.0,622.424,382.912,1.0,989.901,308.428,1.0,985.072,315.008,1.0,973.717,321.584,1.0,968.385,326.437,1.0,961.335,338.639,1.0,837.771,124.562,1.0,833.309,117.522,1.0,823.469,119.241,1.0,815.226,115.233,1.0,807.698,110.706,1.0
798,1028.675,429.112,1.0,1025.559,438.412,1.0,1026.045,449.045,1.0,1026.784,451.449,1.0,1029.443,463.35,1.0,665.424,123.628,1.0,669.102,126.336,1.0,677.578,133.597,1.0,685.197,137.217,1.0,690.034,144.977,1.0,587.814,368.859,1.0,593.885,368.543,1.0,605.123,374.254,1.0,612.139,379.374,1.0,621.803,382.529,1.0,989.983,307.359,1.0,985.344,313.328,1.0,973.878,320.275,1.0,968.527,326.437,1.0,961.335,337.332,1.0,837.771,124.687,1.0,833.309,118.38,1.0,823.591,119.241,1.0,815.528,115.233,1.0,807.822,111.103,1.0
799,1028.675,429.112,1.0,1025.112,438.293,1.0,1026.045,448.616,1.0,1026.372,451.428,1.0,1029.001,463.125,1.0,660.584,119.13,1.0,666.165,122.462,1.0,675.226,128.921,1.0,679.775,136.894,1.0,689.958,143.968,1.0,586.627,370.365,1.0,593.885,368.543,1.0,600.694,374.718,1.0,609.664,378.952,1.0,620.632,382.29,1.0,990.775,307.275,1.0,985.437,312.419,1.0,974.435,318.738,1.0,968.527,326.437,1.0,961.934,337.181,1.0,837.771,124.562,1.0,833.309,118.38,1.0,823.469,119.449,1.0,815.598,114.941,1.0,807.896,111.103,1.0
800,1029.364,429.112,1.0,1025.112,437.51,1.0,1024.926,448.548,1.0,1025.988,451.428,1.0,1028.814,462.809,1.0,659.493,118.33,1.0,665.605,122.017,1.0,671.845,128.845,1.0,678.069,135.683,1.0,685.479,139.933,1.0,585.376,370.365,1.0,593.885,367.228,1.0,599.631,374.718,1.0,608.04,378.074,1.0,620.632,381.099,1.0,991.25,305.983,1.0,985.953,312.195,1.0,974.916,317.971,1.0,969.971,325.988,1.0,964.092,333.797,1.0,834.877,124.562,1.0,831.31,118.896,1.0,823.469,119.49,1.0,815.716,114.941,1.0,807.896,111.134,1.0
801,1030.326,429.112,1.0,1025.112,436.759,1.0,1024.615,448.275,1.0,1025.988,452.242,1.0,1028.476,462.436,1.0,659.011,118.22,1.0,663.652,121.436,1.0,670.798,128.013,1.0,677.23,135.683,1.0,685.478,138.83,1.0,582.808,370.229,1.0,595.311,367.228,1.0,599.012,375.153,1.0,607.995,378.074,1.0,620.489,381.099,1.0,991.565,304.282,1.0,988.732,310.603,1.0,979.64,317.305,1.0,972.684,327.089,1.0,965.226,333.514,1.0,832.761,125.984,1.0,830.682,120.935,1.0,823.191,119.49,1.0,815.73,115.547,1.0,808.724,111.134,1.0
802,1030.336,428.793,1.0,1026.217,435.213,1.0,1024.614,446.061,1.0,1026.286,452.443,1.0,1027.902,461.006,1.0,656.833,117.955,1.0,661.418,120.426,1.0,667.06,126.096,1.0,674.491,133.205,1.0,683.584,137.552,1.0,582.653,370.229,1.0,595.311,367.228,1.0,599.012,374.718,1.0,607.49,378.021,1.0,620.556,381.475,1.0,994.334,300.165,1.0,991.063,310.063,1.0,980.779,317.029,1.0,974.468,327.089,1.0,966.418,333.165,1.0,832.761,129.308,1.0,830.682,120.941,1.0,823.191,119.49,1.0,816.088,115.547,1.0,808.724,111.684,1.0
803,1031.851,424.546,1.0,1026.298,430.91,1.0,1024.025,441.811,1.0,1025.833,452.443,1.0,1027.672,459.373,1.0,650.391,114.002,1.0,656.678,117.661,1.0,666.511,125.573,1.0,671.591,128.399,1.0,679.811,135.867,1.0,582.509,370.24,1.0,595.311,367.457,1.0,599.012,374.64,1.0,607.37,378.021,1.0,620.556,381.475,1.0,994.418,300.165,1.0,991.176,309.79,1.0,980.822,316.732,1.0,974.678,326.737,1.0,966.459,333.165,1.0,832.761,130.399,1.0,830.682,121.991,1.0,823.191,120.247,1.0,816.098,115.709,1.0,808.858,111.827,1.0
804,1031.851,424.044,1.0,1026.298,430.432,1.0,1022.837,440.443,1.0,1025.833,452.443,1.0,1026.945,458.89,1.0,650.11,114.002,1.0,656.578,117.584,1.0,666.16,125.424,1.0,671.09,127.532,1.0,679.429,135.655,1.0,582.509,370.229,1.0,594.554,367.457,1.0,599.012,374.62,1.0,606.758,378.074,1.0,620.433,381.817,1.0,994.451,300.165,1.0,991.381,309.749,1.0,981.604,316.698,1.0,974.689,325.988,1.0,966.588,332.781,1.0,833.118,133.861,1.0,831.118,126.014,1.0,826.969,120.95,1.0,817.772,117.246,1.0,809.248,111.827,1.0
805,1031.851,422.991,1.0,1026.298,428.394,1.0,1022.315,439.856,1.0,1025.833,452.315,1.0,1026.945,458.179,1.0,649.52,113.949,1.0,655.082,117.58,1.0,665.564,124.174,1.0,671.09,127.184,1.0,678.469,134.166,1.0,581.866,370.182,1.0,593.442,367.457,1.0,599.012,372.911,1.0,605.116,378.654,1.0,618.503,381.852,1.0,994.661,300.165,1.0,992.341,306.494,1.0,981.604,315.917,1.0,975.515,325.389,1.0,967.296,332.343,1.0,833.393,138.0,1.0,831.225,127.815,1.0,827.25,123.638,1.0,820.024,118.41,1.0,809.52,111.978,1.0
806,1031.133,422.991,1.0,1026.23,428.394,1.0,1021.883,438.737,1.0,1025.104,450.362,1.0,1027.327,456.789,1.0,644.374,113.66,1.0,653.9,113.16,1.0,659.721,120.863,1.0,665.633,123.537,1.0,674.031,131.178,1.0,580.772,366.656,1.0,586.854,366.498,1.0,595.088,372.187,1.0,601.043,382.984,1.0,612.36,381.852,1.0,995.938,299.465,1.0,994.287,305.373,1.0,982.894,315.042,1.0,975.515,323.638,1.0,968.556,332.277,1.0,833.393,139.113,1.0,831.917,129.449,1.0,827.25,124.625,1.0,820.345,119.465,1.0,811.624,112.151,1.0
807,1030.994,420.923,0.9980000257492065,1025.358,428.476,0.9990000128746033,1021.867,437.749,1.0,1024.669,439.704,1.0,1026.945,454.097,1.0,642.769,113.03,1.0,650.299,113.16,1.0,657.299,120.26,1.0,665.563,121.968,1.0,672.886,129.917,1.0,580.687,366.517,1.0,586.842,366.195,1.0,595.088,372.147,1.0,600.006,382.984,1.0,611.191,381.834,1.0,995.938,300.674,1.0,994.287,305.373,1.0,982.894,315.042,1.0,975.515,323.638,1.0,969.848,331.213,1.0,833.118,139.284,1.0,831.917,129.683,1.0,827.827,125.647,1.0,820.867,120.163,1.0,811.963,112.151,1.0
808,1030.994,418.999,0.8730000257492065,1025.154,427.93,0.9750000238418579,1021.864,435.125,1.0,1024.669,439.427,1.0,1027.327,450.006,0.9150000214576721,642.725,112.619,1.0,650.04,113.032,1.0,656.754,119.715,1.0,665.029,121.58,1.0,671.748,129.855,1.0,580.685,366.278,1.0,586.734,366.148,1.0,595.063,371.95,1.0,599.697,382.984,1.0,610.565,381.834,1.0,995.938,300.674,1.0,994.287,305.373,1.0,982.894,315.042,1.0,975.488,322.068,1.0,970.713,331.104,1.0,833.393,140.72,1.0,832.856,132.676,1.0,827.827,126.65,1.0,820.867,120.483,1.0,812.344,112.151,1.0
809,1030.957,418.999,0.9890000224113464,1025.358,428.476,0.9980000257492065,1021.059,434.434,1.0,1024.372,436.246,1.0,1027.777,449.114,1.0,642.604,111.723,1.0,649.61,112.499,1.0,655.945,119.715,1.0,663.21,121.58,1.0,670.806,128.804,1.0,580.638,365.493,1.0,586.698,365.855,1.0,594.878,371.777,1.0,599.276,382.908,1.0,610.337,381.834,1.0,993.554,301.011,1.0,992.929,306.498,1.0,982.853,315.782,1.0,975.334,321.956,1.0,970.75,330.635,1.0,833.393,142.202,1.0,833.047,134.724,1.0,827.827,126.674,1.0,820.867,120.791,1.0,813.478,112.574,1.0
810,1030.957,448.267,1.0,1026.23,436.172,1.0,1020.601,432.456,1.0,1024.669,435.311,1.0,1027.998,445.666,1.0,636.564,105.527,1.0,640.99,109.892,1.0,651.779,114.182,1.0,657.228,121.1,1.0,666.73,126.477,1.0,580.633,365.493,1.0,586.232,365.774,1.0,594.593,371.777,1.0,598.733,382.534,1.0,610.282,381.787,1.0,985.815,301.011,1.0,990.715,306.498,1.0,981.752,315.782,1.0,973.918,321.956,1.0,970.954,330.513,1.0,834.163,143.24,1.0,834.363,135.126,1.0,831.119,129.794,1.0,822.138,121.27,1.0,814.987,115.224,1.0
811,1030.957,414.752,0.890999972820282,1027.012,428.476,0.9399999976158142,1020.601,432.251,1.0,1024.669,435.311,1.0,1028.187,443.274,0.8730000257492065,635.955,105.364,1.0,640.69,109.216,1.0,649.534,112.343,1.0,655.937,120.966,1.0,664.534,125.899,1.0,580.216,365.493,1.0,585.751,365.676,1.0,594.051,371.453,1.0,597.757,381.238,1.0,608.749,381.591,1.0,985.305,301.011,1.0,988.458,306.498,1.0,981.6,315.782,1.0,973.918,321.956,1.0,970.954,330.005,1.0,840.748,147.703,1.0,836.399,137.954,1.0,831.66,132.529,1.0,823.657,123.796,1.0,819.301,116.451,1.0
812,1031.442,412.931,1.0,1028.131,426.073,1.0,1020.601,430.324,1.0,1024.574,435.311,1.0,1028.187,440.963,1.0,635.792,105.244,1.0,640.508,108.853,1.0,649.318,111.656,1.0,655.397,120.673,1.0,663.893,124.938,1.0,572.013,366.263,1.0,580.502,364.089,1.0,590.519,367.426,1.0,597.492,378.25,1.0,608.344,381.149,1.0,985.305,300.378,1.0,987.162,305.813,1.0,981.325,315.101,1.0,973.918,320.175,1.0,971.088,329.944,1.0,840.748,147.703,1.0,836.782,138.02,1.0,832.321,132.805,1.0,823.681,124.001,1.0,819.47,116.472,1.0
813,1031.917,407.14,1.0,1029.132,412.254,1.0,1022.167,425.496,1.0,1024.237,435.808,1.0,1027.998,440.963,0.9980000257492065,634.19,101.644,1.0,639.269,108.089,1.0,648.875,111.656,1.0,655.342,120.673,1.0,661.164,124.318,1.0,570.661,366.41,1.0,579.821,363.971,1.0,590.13,367.173,1.0,596.797,377.953,1.0,608.105,380.672,1.0,984.591,296.301,1.0,986.626,302.789,1.0,981.6,312.823,1.0,977.066,318.48,1.0,971.126,328.257,1.0,840.817,147.773,1.0,837.089,138.361,1.0,832.321,133.026,1.0,823.889,124.186,1.0,819.687,117.05,1.0
814,1033.567,406.244,1.0,1029.132,411.947,1.0,1022.176,424.853,1.0,1024.237,435.808,1.0,1027.762,440.411,1.0,627.411,101.171,1.0,635.461,106.263,1.0,642.146,111.654,1.0,646.874,116.676,1.0,656.583,120.25,1.0,570.661,366.59,1.0,578.747,363.971,1.0,587.007,366.485,1.0,594.908,376.431,1.0,605.585,376.643,1.0,985.305,292.187,1.0,986.51,300.868,1.0,981.752,311.602,1.0,978.233,318.068,1.0,971.845,327.217,1.0,840.817,147.773,1.0,837.418,139.053,1.0,832.321,133.258,1.0,825.274,124.518,1.0,820.693,117.081,1.0
815,1033.567,406.244,1.0,1029.132,411.947,1.0,1022.176,424.067,1.0,1024.237,435.808,1.0,1027.762,440.411,1.0,626.575,100.835,1.0,634.767,102.33,1.0,641.217,111.568,1.0,646.258,115.578,1.0,656.398,119.945,1.0,570.529,366.59,1.0,578.728,363.971,1.0,586.138,365.756,1.0,594.683,375.563,1.0,605.417,376.643,1.0,984.591,291.901,1.0,985.289,300.479,1.0,982.058,310.903,1.0,978.354,316.71,1.0,972.257,326.74,1.0,844.764,149.256,1.0,838.718,141.895,1.0,832.321,135.428,1.0,826.991,126.145,1.0,821.776,117.68,1.0
816,1033.567,406.244,0.8330000042915344,1028.677,411.947,0.9430000185966492,1022.167,422.674,1.0,1024.237,424.735,0.9990000128746033,1027.762,439.697,0.9670000076293945,626.073,99.37,1.0,632.887,101.847,1.0,641.08,111.568,1.0,645.741,115.346,1.0,655.665,119.895,1.0,570.371,366.59,1.0,577.3,363.479,1.0,584.6,365.756,1.0,594.677,374.07,1.0,605.238,376.52,1.0,984.591,289.63,1.0,984.213,299.576,1.0,983.124,308.909,1.0,980.904,314.146,1.0,973.003,325.992,1.0,845.856,149.842,1.0,839.838,143.866,1.0,832.61,135.814,1.0,827.796,130.027,1.0,824.151,119.355,1.0
817,1033.587,403.463,0.9980000257492065,1029.64,410.855,0.9990000128746033,1022.167,422.389,1.0,1024.087,424.194,1.0,1028.387,439.697,1.0,621.697,98.145,1.0,627.319,100.96,1.0,636.589,108.483,1.0,644.918,112.254,1.0,652.789,117.758,1.0,570.371,366.59,1.0,575.701,363.479,1.0,581.281,365.756,1.0,591.286,372.949,1.0,600.986,376.187,1.0,984.221,287.899,1.0,984.035,298.596,1.0,983.471,306.475,1.0,983.355,311.46,1.0,975.248,325.669,1.0,846.842,151.682,1.0,840.563,146.381,1.0,833.768,138.389,1.0,827.847,131.984,1.0,826.568,120.376,1.0
818,1033.567,403.463,0.640999972820282,1029.64,,0.0,1022.176,422.094,1.0,1024.376,424.194,0.9990000128746033,1029.414,439.697,0.9309999942779541,617.36,97.717,1.0,624.196,100.298,1.0,634.584,105.344,1.0,640.929,111.676,1.0,650.637,116.076,1.0,565.984,366.59,1.0,573.57,363.479,1.0,581.123,369.015,1.0,590.223,372.396,1.0,598.359,376.187,1.0,983.849,287.681,1.0,983.737,297.866,1.0,984.711,306.111,1.0,983.355,310.513,1.0,975.681,322.833,1.0,848.516,152.069,1.0,841.009,146.94,1.0,834.345,139.242,1.0,828.85,132.885,1.0,826.642,125.158,1.0
819,1032.54,403.463,1.0,1031.92,409.875,1.0,1023.633,421.877,1.0,1025.587,423.779,1.0,1030.157,440.231,1.0,617.142,97.642,1.0,623.883,99.888,1.0,634.575,105.016,1.0,640.473,110.591,1.0,650.538,115.848,1.0,564.429,366.733,1.0,573.047,361.84,1.0,580.644,369.713,1.0,588.145,371.508,1.0,595.731,373.825,1.0,983.849,287.374,1.0,984.035,295.95,1.0,984.711,302.886,1.0,983.355,310.513,1.0,975.71,322.114,1.0,848.714,152.299,1.0,843.084,149.224,1.0,837.877,141.172,1.0,830.11,134.553,1.0,826.642,128.349,1.0
820,1032.54,402.859,1.0,1031.92,409.455,1.0,1023.941,421.877,1.0,1025.587,423.779,1.0,1029.414,440.231,1.0,616.259,97.428,1.0,623.312,99.448,1.0,633.862,104.805,1.0,639.581,110.591,1.0,646.098,113.261,1.0,564.193,368.426,1.0,572.759,361.84,1.0,580.547,369.713,1.0,587.729,371.508,1.0,595.637,373.825,1.0,983.419,287.16,1.0,984.213,295.444,1.0,984.711,302.389,1.0,983.355,309.81,1.0,976.537,321.51,1.0,851.843,156.284,1.0,848.625,149.224,1.0,840.731,142.774,1.0,834.289,135.345,1.0,829.977,130.624,1.0
821,1032.488,401.205,1.0,1031.436,409.326,1.0,1024.162,419.86,1.0,1025.695,423.779,1.0,1028.387,440.231,1.0,612.608,96.65,1.0,621.496,96.17,1.0,626.564,103.604,1.0,634.857,103.937,1.0,643.059,113.253,1.0,564.14,368.426,1.0,572.517,361.828,1.0,580.363,369.015,1.0,587.427,371.477,1.0,595.183,373.819,1.0,983.368,285.882,1.0,984.599,290.534,1.0,983.019,302.389,1.0,983.147,309.754,1.0,976.911,315.729,1.0,852.193,156.775,1.0,848.986,149.224,1.0,841.019,144.045,1.0,834.438,136.944,1.0,830.582,131.304,1.0
822,1032.455,400.518,1.0,1031.92,408.861,1.0,1024.626,419.819,1.0,1025.894,423.495,1.0,1024.506,439.91,1.0,612.573,94.208,1.0,619.116,95.361,1.0,625.349,103.549,1.0,634.499,103.872,1.0,641.774,113.077,1.0,563.601,368.426,1.0,570.56,361.398,1.0,579.56,368.706,1.0,583.006,370.045,1.0,592.027,373.819,1.0,983.368,282.064,1.0,985.858,288.031,1.0,981.601,298.769,1.0,983.04,307.397,1.0,978.033,315.436,1.0,852.326,156.827,1.0,850.621,152.262,1.0,841.308,144.654,1.0,834.942,137.376,1.0,830.686,131.473,1.0
823,1031.838,400.518,1.0,1031.92,408.861,1.0,1024.688,419.819,1.0,1025.894,421.881,1.0,1024.438,439.767,1.0,612.532,93.648,1.0,618.814,95.262,1.0,624.839,103.454,1.0,633.969,103.676,1.0,641.347,112.652,1.0,555.511,364.174,1.0,563.744,361.398,1.0,574.585,365.686,1.0,578.546,367.62,1.0,587.955,372.761,1.0,983.368,281.845,1.0,985.858,288.028,1.0,981.601,298.758,1.0,983.04,307.154,1.0,978.351,315.109,1.0,853.457,156.968,1.0,850.979,153.072,1.0,843.236,145.905,1.0,835.311,138.784,1.0,831.609,131.768,1.0
824,1031.289,399.928,1.0,1031.436,408.861,1.0,1025.707,419.86,1.0,1025.894,421.624,1.0,1024.303,439.658,1.0,612.239,92.412,1.0,614.932,95.113,1.0,623.905,103.021,1.0,633.009,103.328,1.0,641.066,111.762,1.0,555.419,364.174,1.0,563.694,360.944,1.0,573.08,365.656,1.0,578.546,367.62,1.0,587.955,372.761,1.0,983.112,281.149,1.0,985.858,287.101,1.0,981.601,297.774,1.0,984.001,306.139,1.0,978.365,314.941,1.0,857.978,162.698,1.0,852.219,154.499,1.0,847.415,150.451,1.0,837.907,141.987,1.0,833.19,135.511,1.0
825,1029.664,398.974,0.9980000257492065,1028.612,410.016,1.0,1025.771,419.86,1.0,1027.038,423.39,1.0,1023.988,439.311,0.9990000128746033,606.439,83.23,1.0,610.322,89.742,1.0,619.038,99.423,1.0,625.876,103.293,1.0,636.657,106.468,1.0,555.419,364.174,1.0,563.646,360.944,1.0,572.971,365.656,1.0,578.465,367.62,1.0,587.955,372.749,1.0,982.269,275.176,1.0,982.004,283.216,1.0,982.924,294.11,1.0,983.04,296.069,1.0,979.274,313.924,1.0,857.978,162.698,1.0,852.404,155.609,1.0,847.437,151.436,1.0,840.471,144.439,1.0,837.38,137.352,1.0
826,,,0.0,1026.885,410.234,0.9319999814033508,1025.771,418.164,1.0,1027.682,423.39,0.0,1023.988,437.597,0.9300000071525574,606.353,83.136,1.0,609.982,89.261,1.0,617.718,95.86,1.0,624.24,103.254,1.0,635.07,106.229,1.0,555.41,365.26,1.0,563.583,360.942,1.0,572.394,365.656,1.0,578.465,367.578,1.0,587.516,371.536,1.0,982.018,269.88,1.0,981.942,281.97,1.0,983.384,289.194,1.0,983.968,294.648,1.0,979.461,308.791,1.0,858.903,163.13,1.0,852.57,155.669,1.0,847.54,151.976,1.0,840.933,145.641,1.0,838.242,138.602,1.0
827,1019.094,400.064,1.0,1023.749,410.234,1.0,1025.771,417.619,1.0,1027.73,423.39,1.0,1024.391,436.436,1.0,606.216,82.976,1.0,609.829,89.063,1.0,615.557,94.099,1.0,624.031,102.39,1.0,634.365,106.2,1.0,555.209,365.666,1.0,562.86,360.727,1.0,570.596,365.33,1.0,578.465,363.337,1.0,587.465,371.49,1.0,980.855,269.88,1.0,981.83,281.97,1.0,983.384,288.985,1.0,983.968,294.648,1.0,980.488,307.799,1.0,858.966,163.305,1.0,852.57,156.049,1.0,848.177,152.601,1.0,841.112,145.871,1.0,839.432,139.085,1.0
828,1019.094,400.064,1.0,1023.749,410.234,1.0,1026.157,417.583,1.0,1027.682,422.026,1.0,1023.988,428.279,1.0,602.272,82.545,1.0,607.072,85.938,1.0,615.021,93.438,1.0,622.447,101.807,1.0,630.869,104.724,1.0,549.987,371.283,1.0,557.97,360.944,1.0,565.392,365.33,1.0,570.387,362.759,1.0,585.145,369.366,1.0,980.337,269.101,1.0,981.199,281.736,1.0,982.924,288.711,1.0,983.225,293.052,1.0,980.488,307.543,1.0,866.001,165.779,1.0,859.745,162.248,1.0,852.185,155.923,1.0,843.866,151.329,1.0,839.64,140.985,1.0
829,1018.629,398.664,0.9980000257492065,1023.749,410.016,1.0,1026.157,415.161,1.0,1027.682,422.026,1.0,1024.391,428.279,0.9679999947547913,596.785,82.395,1.0,605.535,85.87,1.0,610.742,92.445,1.0,616.264,96.935,1.0,625.042,103.855,1.0,549.78,371.283,1.0,557.739,361.245,1.0,565.08,365.33,1.0,570.092,362.615,1.0,584.902,369.218,1.0,979.93,269.101,0.9660000205039978,980.612,281.736,0.9959999918937683,980.859,287.706,1.0,983.225,292.285,1.0,980.488,304.329,0.9959999918937683,867.498,166.106,1.0,860.636,163.628,1.0,853.05,156.892,1.0,844.178,151.492,1.0,839.861,142.243,1.0
830,1018.354,398.664,0.9369999766349792,1024.647,403.341,0.9330000281333923,1025.109,414.21,1.0,1027.73,422.026,1.0,1024.391,426.429,0.9700000286102295,596.734,82.253,1.0,605.337,85.45,1.0,610.153,91.869,1.0,616.102,96.797,1.0,625.017,102.643,1.0,549.731,371.283,1.0,557.39,360.696,1.0,564.793,365.275,1.0,569.961,362.469,1.0,581.528,366.626,1.0,979.674,264.54,1.0,980.577,273.089,1.0,979.095,281.783,1.0,983.968,291.941,1.0,980.264,297.914,1.0,867.724,166.747,1.0,860.688,164.976,1.0,853.48,158.122,1.0,844.35,152.538,1.0,840.366,143.898,1.0
831,1018.312,398.664,1.0,1024.647,402.454,1.0,1023.509,411.625,1.0,1027.79,422.026,1.0,1024.386,425.841,1.0,596.42,82.22,1.0,604.578,85.079,1.0,610.127,90.613,1.0,614.454,95.766,1.0,623.217,102.449,1.0,549.731,371.071,1.0,556.945,360.696,1.0,564.743,365.275,1.0,568.871,362.03,1.0,580.353,368.22,1.0,979.358,264.54,1.0,980.577,272.768,1.0,978.766,281.4,1.0,984.052,291.809,1.0,980.264,297.807,1.0,867.841,166.78,1.0,863.472,165.676,1.0,854.998,158.145,1.0,845.147,153.138,1.0,840.616,143.906,1.0
832,1018.128,398.11,1.0,1024.647,402.454,1.0,1023.045,411.15,1.0,1027.79,420.758,1.0,1024.386,425.262,1.0,590.917,79.789,1.0,597.263,79.744,1.0,607.511,88.174,1.0,612.636,93.134,1.0,622.693,99.065,1.0,546.052,363.906,1.0,554.085,360.629,1.0,562.86,365.086,1.0,566.6,360.989,1.0,578.258,367.836,1.0,979.358,264.54,1.0,980.612,272.768,1.0,978.766,280.975,1.0,984.052,291.748,1.0,980.12,297.724,1.0,873.98,171.863,1.0,864.424,165.676,1.0,859.566,158.384,1.0,851.568,154.301,1.0,844.248,150.049,1.0
833,1017.881,396.598,1.0,1024.222,401.196,1.0,1022.735,409.397,1.0,1027.79,420.758,1.0,1025.035,425.262,1.0,588.635,78.664,1.0,595.075,78.42,1.0,604.059,86.876,1.0,610.806,91.85,1.0,620.595,99.056,1.0,545.492,358.56,1.0,548.639,360.492,1.0,561.853,365.079,1.0,566.437,360.534,1.0,577.447,367.836,1.0,979.358,264.54,1.0,980.612,272.768,1.0,978.766,280.398,1.0,984.052,291.748,1.0,980.12,297.308,1.0,876.755,171.863,1.0,866.392,165.676,1.0,861.763,162.575,1.0,852.906,156.104,1.0,845.771,151.302,1.0
834,1017.881,389.21,0.9990000128746033,1023.685,398.437,0.9980000257492065,1022.735,407.693,1.0,1025.917,410.323,1.0,1025.692,425.111,1.0,588.607,78.334,1.0,594.029,77.732,1.0,603.731,86.573,1.0,610.353,91.748,1.0,620.585,98.703,1.0,545.488,357.02,1.0,548.613,360.217,1.0,561.396,364.438,1.0,566.338,360.311,1.0,576.395,368.075,1.0,979.358,263.827,0.9290000200271606,980.577,272.127,0.9879999756813049,978.766,280.398,1.0,982.763,288.552,1.0,980.299,297.383,0.9810000061988831,876.77,171.908,1.0,869.632,166.661,1.0,861.814,163.418,1.0,853.001,156.437,1.0,846.036,152.201,1.0
835,1017.881,387.145,0.9929999709129333,1022.768,398.384,0.9900000095367432,1022.735,407.461,1.0,1025.917,409.642,1.0,1026.355,423.713,1.0,587.329,77.125,1.0,591.505,77.126,1.0,602.822,85.183,1.0,607.559,91.39,1.0,617.223,96.36,1.0,545.223,356.986,1.0,547.879,360.162,1.0,559.479,361.58,1.0,566.338,360.311,1.0,576.136,368.075,1.0,973.517,263.638,0.6420000195503235,980.145,273.258,0.9890000224113464,978.793,279.79,1.0,979.601,279.19,0.9990000128746033,981.323,297.724,0.0,877.105,171.908,1.0,871.168,166.661,1.0,863.574,164.038,1.0,853.614,156.921,1.0,848.662,153.339,1.0
836,1018.1,384.527,1.0,1021.158,398.317,1.0,1022.735,404.701,1.0,1025.748,406.552,1.0,1026.644,421.76,1.0,582.03,74.379,1.0,588.294,76.459,1.0,597.126,83.169,1.0,602.85,91.193,1.0,611.758,94.327,1.0,544.759,356.986,1.0,547.754,359.667,1.0,558.923,361.58,1.0,566.225,360.534,1.0,575.935,367.836,1.0,972.275,263.081,0.9990000128746033,980.177,273.258,1.0,978.793,278.662,1.0,979.601,279.19,1.0,981.56,297.813,1.0,879.579,175.158,1.0,874.875,166.661,1.0,868.132,167.055,1.0,858.234,161.946,1.0,854.515,154.928,1.0
837,1018.501,384.527,1.0,1021.158,398.317,1.0,1022.957,404.701,1.0,1025.748,406.419,1.0,1026.771,421.282,1.0,581.709,73.629,1.0,587.947,76.35,1.0,596.131,83.139,1.0,601.869,90.733,1.0,611.244,93.614,1.0,544.643,356.898,1.0,547.24,359.34,1.0,558.58,361.58,1.0,566.197,360.64,1.0,575.733,366.879,1.0,972.275,263.056,0.921999990940094,980.145,272.336,0.996999979019165,978.674,278.662,1.0,980.254,279.19,1.0,981.56,297.803,0.968999981880188,880.179,175.187,1.0,874.913,167.829,1.0,868.508,167.055,1.0,858.685,162.705,1.0,854.694,155.892,1.0
838,1018.69,384.028,1.0,1020.883,398.218,1.0,1022.957,404.624,1.0,1025.748,406.222,1.0,1026.644,420.178,1.0,581.494,73.26,1.0,587.34,76.263,1.0,595.622,82.96,1.0,601.142,90.733,1.0,610.158,93.505,1.0,542.456,356.864,1.0,546.765,358.667,1.0,556.494,362.628,1.0,565.573,365.499,1.0,573.862,366.411,1.0,972.622,263.056,0.9789999723434448,976.038,268.875,0.9990000128746033,978.069,278.258,1.0,980.254,279.19,1.0,981.56,297.383,0.9900000095367432,881.114,176.741,1.0,874.976,168.265,1.0,868.973,167.138,1.0,858.687,163.033,1.0,854.844,156.251,1.0
839,1020.623,383.552,0.9629999995231628,1020.323,398.0,0.9620000123977661,1022.531,404.624,1.0,1024.664,406.419,1.0,1026.644,418.164,0.9909999966621399,579.519,72.949,1.0,587.086,76.103,1.0,591.829,81.09,1.0,598.165,88.049,1.0,606.944,88.511,1.0,539.512,356.597,1.0,546.765,358.667,1.0,553.205,363.0,1.0,561.401,365.696,1.0,572.167,366.169,1.0,972.622,260.807,1.0,975.934,268.875,1.0,977.911,278.119,1.0,979.601,278.935,1.0,981.56,295.685,1.0,882.637,176.741,1.0,877.658,169.408,1.0,869.524,168.01,1.0,860.212,165.117,1.0,856.127,156.277,1.0
840,1020.623,383.552,1.0,1020.775,391.103,1.0,1022.369,401.973,1.0,1020.805,406.419,1.0,1026.644,416.39,1.0,574.209,65.811,1.0,580.557,71.59,1.0,587.981,80.118,1.0,596.562,83.812,1.0,604.66,86.985,1.0,539.262,356.432,1.0,546.765,358.667,1.0,553.013,363.13,1.0,561.122,366.208,1.0,571.264,366.411,1.0,972.622,259.951,0.8999999761581421,975.314,,0.9710000157356262,977.698,278.119,1.0,979.981,278.897,0.9980000257492065,981.605,293.006,0.7630000114440918,887.306,177.759,1.0,879.782,173.021,1.0,872.871,171.806,1.0,865.26,170.196,1.0,858.071,160.328,1.0
841,1020.623,383.552,1.0,1020.705,388.419,1.0,1020.133,398.013,1.0,1020.805,406.419,1.0,1026.481,416.39,1.0,573.424,65.811,1.0,580.557,71.59,1.0,587.813,79.811,1.0,595.993,83.547,1.0,604.351,86.985,1.0,537.878,355.057,1.0,546.311,360.161,1.0,552.558,364.01,1.0,560.322,366.208,1.0,571.128,366.291,1.0,972.622,259.661,0.703000009059906,,268.484,0.0,977.698,278.119,1.0,979.854,276.217,1.0,981.605,292.735,0.8640000224113464,888.674,178.887,1.0,881.204,178.361,1.0,874.736,174.085,1.0,869.306,170.196,1.0,858.212,161.135,1.0
842,1018.689,382.332,0.8880000114440918,1020.323,387.399,0.9850000143051147,1018.948,397.621,1.0,1020.805,409.536,1.0,1026.42,414.898,0.9950000047683716,572.784,65.811,1.0,579.725,71.476,1.0,586.964,79.495,1.0,595.68,83.257,1.0,604.226,86.6,1.0,537.659,354.672,1.0,546.311,360.161,1.0,552.206,363.13,1.0,560.315,365.696,1.0,571.012,366.291,1.0,972.622,259.661,0.9909999966621399,983.148,281.335,0.9990000128746033,977.624,277.499,1.0,979.196,276.166,1.0,980.625,291.955,0.9629999995231628,888.904,180.464,1.0,882.19,178.684,1.0,875.039,174.172,1.0,870.481,171.003,1.0,859.604,161.692,1.0
843,1017.354,382.141,1.0,1020.323,387.224,1.0,1018.54,397.204,1.0,1019.565,409.536,1.0,1026.327,414.514,1.0,572.58,67.247,1.0,579.567,71.59,1.0,586.916,79.165,1.0,594.453,83.101,1.0,603.219,86.812,1.0,536.596,354.181,1.0,546.311,360.161,1.0,548.758,363.0,1.0,558.107,363.751,1.0,570.13,366.291,1.0,972.244,259.608,0.9789999723434448,974.887,268.484,0.9980000257492065,977.698,275.643,1.0,979.854,275.319,1.0,980.494,291.955,0.9900000095367432,888.97,180.891,1.0,883.713,179.442,1.0,875.734,174.496,1.0,871.301,171.121,1.0,862.367,162.966,1.0
844,1017.25,381.145,1.0,1020.181,387.015,1.0,1018.54,397.006,1.0,1019.187,408.281,1.0,1026.42,414.514,1.0,568.082,67.357,1.0,575.114,71.59,1.0,585.122,78.562,1.0,592.216,81.253,1.0,602.994,86.985,1.0,527.767,353.092,1.0,539.63,358.18,1.0,546.623,359.967,1.0,552.214,357.053,1.0,561.77,366.316,1.0,972.244,259.404,0.9020000100135803,974.887,268.484,0.9739999771118164,977.698,275.643,1.0,979.854,275.319,1.0,980.494,291.955,0.996999979019165,894.707,190.273,1.0,887.924,185.025,1.0,881.901,176.285,1.0,874.824,171.121,1.0,867.568,165.735,1.0
845,1017.145,380.267,1.0,1019.687,386.387,1.0,1020.133,396.582,1.0,1019.187,408.281,1.0,1026.42,413.563,1.0,568.008,70.881,1.0,573.191,71.735,1.0,585.006,78.562,1.0,592.165,81.085,1.0,602.591,87.211,1.0,527.615,352.943,1.0,538.998,357.98,1.0,546.29,359.685,1.0,552.212,356.909,1.0,561.77,366.316,1.0,972.498,258.501,0.9990000128746033,975.471,268.484,1.0,977.422,275.643,1.0,979.854,275.319,1.0,980.494,291.955,0.9990000128746033,894.998,190.273,1.0,888.763,185.025,1.0,882.461,176.531,1.0,875.332,171.121,1.0,868.414,165.814,1.0
846,1016.849,376.393,1.0,1016.547,383.957,1.0,1018.54,393.747,1.0,1018.458,406.674,1.0,1026.42,412.172,1.0,568.008,71.14,1.0,573.191,71.52,1.0,585.006,78.562,1.0,592.165,80.86,1.0,602.591,87.211,1.0,527.615,352.83,1.0,538.737,357.98,1.0,546.05,359.437,1.0,552.137,356.84,1.0,561.648,366.316,1.0,974.482,258.501,0.7760000228881836,979.176,276.017,0.9980000257492065,977.421,276.392,1.0,976.69,275.878,1.0,977.79,261.871,0.9279999732971191,895.679,190.301,1.0,888.859,185.025,1.0,882.645,177.368,1.0,876.013,171.122,1.0,868.709,165.916,1.0
847,1016.849,375.524,1.0,1016.547,383.538,1.0,1018.54,393.06,1.0,1018.23,406.547,1.0,1026.327,411.593,1.0,568.008,71.14,1.0,573.191,71.52,1.0,585.006,78.816,1.0,592.165,80.785,1.0,602.591,87.211,1.0,527.615,352.43,1.0,532.435,357.905,1.0,545.71,359.685,1.0,551.927,356.909,1.0,561.581,366.316,1.0,974.482,258.501,1.0,979.048,268.228,1.0,976.698,277.862,1.0,980.237,277.865,1.0,980.494,292.11,1.0,895.761,190.415,1.0,889.321,180.69,1.0,883.146,178.018,1.0,876.205,171.299,1.0,868.983,166.033,1.0
848,1016.849,374.309,1.0,1016.547,383.372,1.0,1017.762,391.367,1.0,1015.511,403.689,1.0,1023.061,408.431,1.0,568.082,70.881,1.0,574.137,71.52,1.0,585.504,78.918,1.0,592.242,80.785,1.0,602.578,87.211,1.0,527.615,352.43,1.0,531.582,357.905,1.0,545.71,359.967,1.0,551.345,357.053,1.0,559.613,366.247,1.0,980.259,267.535,0.925000011920929,979.176,268.692,0.9950000047683716,976.269,279.483,1.0,979.812,277.865,1.0,981.108,294.503,0.9919999837875366,901.993,190.273,1.0,895.818,180.69,1.0,886.735,181.773,1.0,879.527,176.074,1.0,874.466,169.837,1.0
849,1016.849,373.806,1.0,1017.786,383.372,1.0,1017.466,391.367,1.0,1015.511,403.492,1.0,1023.042,407.012,1.0,568.101,67.673,1.0,575.074,71.735,1.0,585.678,78.923,1.0,592.737,80.785,1.0,602.539,87.211,1.0,522.681,352.077,1.0,527.178,357.145,1.0,540.669,360.648,1.0,550.628,357.961,1.0,558.657,365.898,1.0,983.094,268.442,1.0,979.517,268.692,1.0,975.974,279.484,1.0,981.525,277.865,1.0,981.958,294.938,1.0,902.011,189.754,1.0,896.3,180.69,1.0,887.099,182.126,1.0,879.856,176.133,1.0,875.048,169.92,1.0
850,1017.003,372.909,1.0,1017.993,382.017,1.0,1017.211,391.33,1.0,1015.123,403.137,1.0,1023.042,406.166,1.0,571.55,66.878,1.0,579.397,71.456,1.0,585.678,78.923,1.0,593.002,81.183,1.0,602.539,87.211,1.0,522.681,350.752,1.0,526.712,357.145,1.0,540.669,360.675,1.0,550.628,358.001,1.0,558.103,365.056,1.0,985.437,269.983,0.9789999723434448,979.835,269.341,1.0,975.974,279.484,1.0,981.822,278.007,1.0,982.629,295.638,1.0,905.592,192.179,1.0,897.411,181.587,1.0,887.599,182.657,1.0,880.977,176.862,1.0,875.289,170.274,1.0
851,1017.517,372.909,0.7870000004768372,1017.993,381.852,0.9739999771118164,1016.512,391.308,1.0,1015.123,402.201,1.0,1022.511,406.166,0.7160000205039978,575.12,65.497,1.0,579.397,71.456,1.0,585.678,78.975,1.0,593.002,81.183,1.0,602.539,87.303,1.0,522.061,350.666,1.0,526.712,357.048,1.0,540.38,360.675,1.0,548.563,360.326,1.0,558.103,365.056,1.0,986.749,269.983,1.0,979.835,269.093,1.0,975.974,279.483,1.0,981.822,278.007,1.0,982.943,295.638,1.0,905.592,192.179,1.0,899.104,182.892,1.0,890.662,184.027,1.0,884.326,179.642,1.0,876.99,171.565,1.0
852,1021.085,372.03,1.0,1017.786,380.258,1.0,1015.749,390.411,1.0,1015.081,401.976,1.0,1022.511,406.166,1.0,576.549,65.497,1.0,579.397,71.456,1.0,584.925,79.084,1.0,593.002,81.183,1.0,602.994,87.462,1.0,522.681,350.666,1.0,526.712,357.145,1.0,540.38,360.648,1.0,548.563,360.326,1.0,558.103,365.056,1.0,986.749,270.26,1.0,980.589,269.219,1.0,976.269,278.623,1.0,981.595,278.007,1.0,982.943,295.638,1.0,905.592,194.531,1.0,899.94,188.024,1.0,892.9,184.274,1.0,886.331,182.246,1.0,877.854,174.002,1.0
853,1022.839,370.326,1.0,1016.221,380.191,1.0,1015.711,390.395,1.0,1015.184,401.036,1.0,1022.026,409.629,1.0,582.447,65.476,1.0,578.7,70.826,1.0,582.641,79.812,1.0,592.158,80.28,1.0,603.038,87.898,1.0,523.243,350.666,1.0,526.795,357.347,1.0,540.38,360.241,1.0,548.563,360.326,1.0,558.103,365.056,1.0,987.682,270.676,1.0,980.69,269.219,1.0,976.447,277.439,1.0,981.772,278.015,1.0,982.943,295.696,1.0,905.592,196.994,1.0,900.581,189.431,1.0,893.485,184.764,1.0,887.967,183.362,1.0,877.854,174.817,1.0
854,1022.954,370.293,1.0,1016.119,379.976,1.0,1015.173,390.146,1.0,1015.184,401.036,1.0,1022.026,409.629,1.0,582.474,65.25,1.0,578.539,70.64,1.0,582.548,79.833,1.0,591.895,80.125,1.0,603.038,87.898,1.0,523.243,358.694,1.0,528.304,359.559,1.0,540.18,359.418,1.0,547.795,360.814,1.0,558.103,365.056,1.0,987.749,273.226,1.0,981.021,269.219,1.0,976.447,275.989,1.0,981.769,278.536,1.0,982.943,295.811,1.0,905.592,198.086,1.0,901.662,191.63,1.0,893.895,185.306,1.0,887.967,183.423,1.0,877.854,174.817,1.0
855,1023.023,369.71,1.0,1016.119,379.871,1.0,1015.06,389.852,1.0,1016.335,394.834,1.0,1021.803,409.629,1.0,582.474,65.25,1.0,578.473,70.392,1.0,582.548,79.944,1.0,591.836,80.023,1.0,603.038,87.995,1.0,522.061,363.589,1.0,530.423,361.265,1.0,538.753,359.418,1.0,546.798,360.982,1.0,557.909,364.924,1.0,988.116,274.254,1.0,982.266,269.213,1.0,976.447,275.577,1.0,981.769,278.536,1.0,982.943,295.811,1.0,906.706,202.721,1.0,901.818,192.367,1.0,894.06,185.902,1.0,888.744,183.423,1.0,878.371,174.886,1.0
856,1023.227,369.71,1.0,1016.119,379.407,1.0,1014.984,389.852,1.0,1016.335,394.004,1.0,1021.803,409.129,1.0,582.447,64.952,1.0,578.473,70.392,1.0,582.641,79.976,1.0,591.82,80.023,1.0,603.038,87.995,1.0,521.981,364.465,1.0,530.513,361.758,1.0,538.166,359.418,1.0,546.501,361.156,1.0,557.35,364.924,1.0,988.116,274.465,1.0,982.409,269.219,1.0,976.526,275.577,1.0,981.769,278.746,1.0,982.988,296.229,1.0,908.321,204.678,1.0,904.201,195.571,1.0,895.827,185.951,1.0,889.345,183.723,1.0,882.092,175.264,1.0
857,1023.069,369.697,1.0,1017.476,377.263,1.0,1014.984,389.699,1.0,1016.335,393.759,1.0,1021.803,408.552,1.0,582.43,64.952,1.0,578.473,70.414,1.0,582.849,79.984,1.0,591.833,80.023,1.0,603.169,88.03,1.0,521.048,365.081,1.0,530.513,362.829,1.0,537.986,359.858,1.0,546.383,361.156,1.0,557.35,364.722,1.0,988.116,274.465,1.0,982.409,269.499,1.0,976.526,275.577,1.0,981.769,278.536,1.0,982.988,295.811,1.0,909.423,204.678,1.0,904.421,200.673,1.0,899.395,191.096,1.0,892.049,184.279,1.0,886.206,178.737,1.0
858,1023.227,369.579,1.0,1018.14,376.194,1.0,1014.394,387.73,1.0,1015.196,392.819,1.0,1022.998,406.634,1.0,581.928,64.751,1.0,578.473,70.414,1.0,582.991,79.984,1.0,591.833,80.127,1.0,603.208,88.03,1.0,520.437,365.305,1.0,530.423,362.866,1.0,537.865,360.153,1.0,546.203,360.982,1.0,557.909,364.924,1.0,987.694,274.465,1.0,982.409,269.94,1.0,976.91,276.043,1.0,981.655,278.536,1.0,982.988,295.811,1.0,911.243,204.713,1.0,905.387,200.673,1.0,899.665,191.215,1.0,893.404,184.796,1.0,886.982,178.747,1.0
859,1023.24,369.579,1.0,1018.264,374.176,1.0,1014.298,382.748,1.0,1014.85,391.869,1.0,1022.998,405.512,1.0,581.5,64.751,1.0,579.046,70.818,1.0,583.248,79.984,1.0,591.836,80.715,1.0,603.208,88.238,1.0,519.694,367.662,1.0,529.955,363.0,1.0,535.538,360.464,1.0,545.207,360.982,1.0,557.873,364.924,1.0,986.743,272.398,0.9160000085830688,981.14,271.039,1.0,976.91,279.789,1.0,980.902,278.746,1.0,982.105,296.229,1.0,911.801,204.822,1.0,906.23,200.673,1.0,899.962,191.901,1.0,893.532,184.796,1.0,887.103,179.269,1.0
860,1023.416,369.579,1.0,1018.761,373.777,1.0,1014.298,382.72,1.0,1014.85,391.325,1.0,1023.048,405.511,1.0,579.323,65.42,1.0,579.433,71.196,1.0,584.352,79.208,1.0,592.503,80.759,1.0,603.208,88.238,1.0,519.114,367.688,1.0,529.955,363.116,1.0,535.418,360.468,1.0,545.091,360.945,1.0,558.077,364.624,1.0,986.59,272.398,0.8820000290870667,980.93,271.625,0.9959999918937683,976.91,279.789,1.0,980.548,278.337,1.0,981.99,296.269,0.9919999837875366,912.029,204.822,1.0,906.925,200.486,1.0,901.774,193.935,1.0,894.457,185.855,1.0,888.197,181.274,1.0
861,1023.24,369.02,1.0,1019.196,373.18,1.0,1014.394,382.183,1.0,1014.674,391.325,1.0,1022.998,405.493,1.0,577.13,71.171,1.0,579.433,71.684,1.0,585.327,79.208,1.0,593.382,80.781,1.0,603.024,88.238,1.0,518.331,368.975,1.0,529.716,364.022,1.0,534.164,360.905,1.0,543.559,360.669,1.0,558.077,364.592,1.0,986.59,272.398,0.9980000257492065,980.478,271.625,1.0,976.656,279.789,1.0,980.548,278.337,1.0,981.99,296.392,1.0,919.47,205.308,1.0,911.349,199.802,1.0,902.785,198.354,1.0,896.487,193.736,1.0,890.304,186.542,1.0
862,1023.24,367.28,1.0,1020.618,372.549,1.0,1014.874,382.079,1.0,1014.671,391.325,1.0,1022.982,405.493,1.0,573.963,73.85,1.0,579.433,73.139,1.0,585.327,79.208,1.0,593.382,80.94,1.0,603.008,88.074,1.0,517.751,369.2,1.0,528.723,364.424,1.0,534.164,360.994,1.0,542.121,360.352,1.0,557.873,364.242,1.0,986.59,274.042,1.0,980.478,271.625,1.0,976.169,279.775,1.0,980.505,278.788,1.0,982.105,296.568,1.0,919.47,205.334,1.0,911.503,199.802,1.0,902.895,198.976,1.0,896.558,194.107,1.0,890.706,186.542,1.0
863,1023.416,363.239,1.0,1020.618,369.438,1.0,1015.414,382.034,1.0,1014.671,391.18,1.0,1020.839,402.266,1.0,571.375,73.85,1.0,578.483,73.336,1.0,585.327,79.356,1.0,593.382,81.157,1.0,602.892,87.943,1.0,517.751,369.449,1.0,528.517,365.215,1.0,533.554,361.498,1.0,540.989,360.352,1.0,557.855,363.58,1.0,986.792,274.112,1.0,980.93,271.287,1.0,976.169,278.497,1.0,980.88,279.008,1.0,982.281,297.094,1.0,919.488,208.515,1.0,912.227,200.486,1.0,902.927,199.35,1.0,896.77,194.682,1.0,890.83,186.749,1.0
864,1023.67,360.572,1.0,1020.618,368.498,1.0,1017.155,381.001,1.0,1012.949,390.882,1.0,1020.028,395.75,1.0,569.957,73.85,1.0,577.683,73.139,1.0,584.911,79.356,1.0,592.677,81.216,1.0,602.837,87.839,1.0,517.751,370.186,1.0,528.059,366.314,1.0,533.475,361.704,1.0,539.789,360.241,1.0,556.523,363.164,1.0,987.432,275.299,1.0,981.199,271.091,1.0,976.307,277.058,1.0,980.505,279.239,1.0,982.36,297.374,1.0,919.488,208.515,1.0,913.118,202.448,1.0,906.645,199.901,1.0,900.479,195.819,1.0,896.201,186.827,1.0
865,1024.021,356.564,1.0,1019.32,366.631,1.0,1018.759,375.313,1.0,1012.506,388.03,1.0,1019.5,395.722,1.0,569.341,73.517,1.0,577.148,73.139,1.0,584.385,79.356,1.0,592.211,81.216,1.0,602.837,87.73,1.0,516.862,374.16,1.0,526.299,367.526,1.0,533.475,362.402,1.0,538.0,359.133,1.0,550.373,363.107,1.0,988.143,275.404,1.0,981.633,271.091,1.0,976.252,276.469,1.0,980.505,279.508,1.0,982.36,297.56,1.0,921.226,209.176,1.0,915.807,206.988,1.0,908.688,201.425,1.0,900.929,198.656,1.0,897.068,191.049,1.0
866,1024.021,356.564,1.0,1019.272,366.182,1.0,1018.759,375.157,1.0,1012.506,388.03,1.0,1019.344,395.667,1.0,567.361,71.645,1.0,574.309,73.139,1.0,582.535,76.947,1.0,591.551,81.157,1.0,597.686,83.735,1.0,516.819,374.942,1.0,524.629,368.988,1.0,533.311,363.327,1.0,537.361,354.875,1.0,548.824,363.072,1.0,988.4,275.404,1.0,982.128,270.707,1.0,976.252,276.469,1.0,979.855,279.701,1.0,982.281,297.781,1.0,922.659,210.104,1.0,917.718,209.207,1.0,908.887,201.568,1.0,901.653,198.656,1.0,897.567,191.94,1.0
867,1024.021,356.564,1.0,1019.147,366.168,1.0,1018.759,375.157,1.0,1012.506,387.729,1.0,1019.344,395.667,1.0,565.694,71.125,1.0,573.734,71.848,1.0,581.409,75.525,1.0,587.232,78.157,1.0,595.231,83.126,1.0,516.03,379.368,1.0,524.894,369.631,1.0,531.539,364.173,1.0,537.174,354.875,1.0,546.107,360.546,1.0,988.4,275.792,1.0,982.128,270.707,1.0,976.252,276.453,1.0,979.695,280.823,1.0,982.215,297.781,1.0,923.273,211.084,1.0,918.64,209.361,1.0,909.787,201.833,1.0,905.701,200.3,1.0,897.766,192.204,1.0
868,1024.479,356.458,1.0,1019.142,365.989,1.0,1018.583,375.157,1.0,1012.836,387.729,1.0,1018.881,395.722,1.0,565.571,70.518,1.0,572.609,71.848,1.0,580.541,72.79,1.0,587.159,77.218,1.0,594.44,83.126,1.0,516.023,379.368,1.0,524.629,369.915,1.0,531.166,364.405,1.0,537.11,354.875,1.0,546.045,360.546,1.0,988.679,275.821,1.0,982.515,271.95,1.0,975.461,275.933,1.0,979.086,280.839,1.0,981.771,297.56,1.0,928.605,213.163,1.0,922.425,214.136,1.0,915.375,206.445,1.0,905.986,200.944,1.0,901.913,193.057,1.0
869,1024.418,356.458,1.0,1019.037,365.431,1.0,1017.198,376.043,1.0,1012.836,387.729,1.0,1018.881,396.019,1.0,563.523,70.414,1.0,572.528,72.225,1.0,579.882,72.69,1.0,586.024,76.348,1.0,594.346,82.537,1.0,515.941,379.626,1.0,524.614,370.551,1.0,531.108,364.613,1.0,537.038,354.93,1.0,544.876,360.405,1.0,988.679,276.064,1.0,986.508,272.425,1.0,975.293,275.517,1.0,976.955,281.602,1.0,980.798,297.202,1.0,932.345,215.44,1.0,927.529,215.848,1.0,917.077,207.494,1.0,908.997,200.944,1.0,903.797,197.817,1.0
870,1024.178,355.739,1.0,1018.905,365.418,1.0,1016.762,376.043,1.0,1013.009,386.214,1.0,1018.881,396.019,1.0,560.638,69.085,1.0,566.985,73.296,1.0,576.547,71.32,1.0,584.298,75.893,1.0,593.583,82.378,1.0,515.684,379.626,1.0,524.481,371.842,1.0,530.11,365.86,1.0,536.491,357.626,1.0,543.66,359.908,1.0,988.393,276.627,1.0,987.189,272.882,1.0,975.293,275.393,1.0,976.955,281.602,1.0,980.545,297.151,1.0,932.711,215.731,1.0,928.082,215.848,1.0,917.983,207.581,1.0,909.917,200.944,1.0,904.223,198.584,1.0
871,1024.178,355.739,1.0,1018.905,365.335,1.0,1016.698,376.043,1.0,1013.009,385.999,1.0,1018.881,396.019,1.0,558.56,68.84,1.0,564.327,73.193,1.0,576.547,71.311,1.0,584.258,73.925,1.0,593.0,82.378,1.0,508.845,383.125,1.0,515.737,375.684,1.0,524.289,365.86,1.0,529.777,365.643,1.0,543.52,359.908,1.0,988.393,278.826,1.0,987.344,273.085,1.0,975.293,275.004,1.0,976.955,281.602,1.0,980.545,297.056,1.0,933.714,216.624,1.0,930.368,215.848,1.0,919.143,207.589,1.0,910.486,202.271,1.0,905.361,198.666,1.0
872,1024.418,355.739,1.0,1018.822,365.418,1.0,1016.698,376.007,1.0,1013.18,385.999,1.0,1018.907,395.871,1.0,558.454,68.821,1.0,564.248,73.296,1.0,576.451,70.902,1.0,583.686,72.896,1.0,592.661,82.273,1.0,508.704,383.832,1.0,515.676,375.761,1.0,524.017,366.014,1.0,529.415,365.664,1.0,543.418,359.73,1.0,988.573,279.535,1.0,987.534,273.143,1.0,975.45,274.876,1.0,976.955,281.523,1.0,980.568,297.056,1.0,939.689,219.788,1.0,933.143,214.373,1.0,922.688,211.012,1.0,916.677,208.018,1.0,910.883,199.815,1.0
873,1024.178,355.739,1.0,1018.822,365.431,1.0,1016.698,375.665,1.0,1013.18,385.689,1.0,1018.989,395.852,1.0,557.825,68.84,1.0,563.769,73.701,1.0,576.451,71.311,1.0,583.569,72.861,1.0,592.63,81.784,1.0,508.704,383.846,1.0,515.436,375.761,1.0,524.006,366.014,1.0,529.152,365.69,1.0,543.418,359.73,1.0,988.573,279.829,1.0,987.647,273.751,1.0,975.521,274.658,1.0,976.955,280.998,1.0,980.568,297.056,1.0,940.059,219.855,1.0,933.716,214.373,1.0,924.431,213.114,1.0,916.677,208.991,1.0,910.985,200.309,1.0
874,1024.178,355.689,1.0,1018.822,365.335,1.0,1016.676,375.665,1.0,1013.18,385.689,1.0,1019.104,395.852,1.0,557.825,68.84,1.0,563.631,73.919,1.0,576.085,71.311,1.0,583.569,72.78,1.0,592.556,81.568,1.0,508.68,384.35,1.0,515.369,375.761,1.0,523.221,366.676,1.0,528.647,365.69,1.0,543.418,359.73,1.0,989.57,282.785,1.0,987.585,274.43,1.0,976.323,274.239,1.0,976.756,280.942,1.0,980.568,297.056,1.0,940.42,220.077,1.0,933.844,214.373,1.0,925.298,214.031,1.0,919.415,210.535,1.0,911.42,201.217,1.0
875,1023.961,354.622,1.0,1019.015,365.289,1.0,1016.4,375.665,1.0,1012.892,385.55,1.0,1019.598,395.852,1.0,553.509,69.272,1.0,561.588,73.919,1.0,573.341,71.357,1.0,580.089,72.78,1.0,588.035,76.688,1.0,508.376,384.364,1.0,513.138,376.487,1.0,519.952,369.084,1.0,527.028,365.643,1.0,539.247,362.345,1.0,990.038,283.207,1.0,987.687,274.977,1.0,976.375,274.239,1.0,976.756,280.942,1.0,980.568,297.056,1.0,940.591,220.077,1.0,935.017,214.973,1.0,926.999,214.031,1.0,921.46,211.478,1.0,912.082,204.936,1.0
876,1023.961,354.299,1.0,1019.015,365.005,1.0,1016.364,375.618,1.0,1012.68,384.609,1.0,1020.045,395.852,1.0,552.4,70.099,1.0,561.1,74.552,1.0,570.408,71.357,1.0,578.448,72.567,1.0,585.249,76.688,1.0,503.818,388.837,1.0,512.275,376.493,1.0,519.83,371.838,1.0,522.649,363.76,1.0,533.676,362.681,1.0,990.788,283.54,1.0,987.979,275.464,1.0,976.824,274.239,1.0,976.756,280.998,1.0,980.567,297.063,1.0,940.591,220.291,1.0,935.017,218.355,1.0,930.248,214.031,1.0,921.685,213.663,1.0,916.129,205.18,1.0
877,1023.961,354.224,1.0,1019.015,364.751,1.0,1016.272,375.478,1.0,1012.68,384.184,1.0,1020.045,395.806,1.0,551.898,70.099,1.0,561.1,74.552,1.0,570.408,71.611,1.0,578.02,71.973,1.0,584.503,76.688,1.0,503.603,388.837,1.0,512.106,376.493,1.0,518.994,371.947,1.0,522.337,363.76,1.0,533.583,363.402,1.0,990.836,284.057,1.0,988.294,275.623,1.0,977.631,276.482,1.0,977.482,281.561,1.0,980.335,297.063,1.0,941.61,222.438,0.9919999837875366,937.235,218.736,0.9990000128746033,930.355,214.031,1.0,925.349,213.663,1.0,916.13,206.267,1.0
878,1023.961,354.224,1.0,1018.964,364.751,1.0,1016.272,375.292,1.0,1012.68,384.184,1.0,1020.045,395.806,1.0,551.835,71.543,1.0,560.766,73.018,1.0,570.324,71.515,1.0,577.55,71.682,1.0,584.224,76.688,1.0,503.532,388.837,1.0,512.079,376.778,1.0,518.745,371.985,1.0,522.06,363.76,1.0,533.416,363.444,1.0,991.205,284.201,1.0,989.055,276.18,1.0,978.407,276.482,1.0,977.482,281.561,1.0,980.567,297.063,1.0,944.934,223.302,0.9660000205039978,937.272,220.65,0.9990000128746033,931.033,214.031,1.0,926.156,213.954,1.0,920.953,210.304,0.9990000128746033
879,1023.931,354.054,1.0,1018.91,364.618,1.0,1016.188,375.175,1.0,1012.949,384.311,1.0,1019.729,395.583,1.0,551.122,71.805,1.0,559.451,73.018,1.0,570.324,71.515,1.0,576.729,71.682,1.0,583.226,76.688,1.0,503.485,388.768,1.0,511.991,376.849,1.0,517.919,373.698,1.0,519.706,370.541,1.0,532.21,363.608,1.0,991.355,284.127,1.0,989.344,276.219,1.0,978.447,276.644,1.0,977.62,281.561,1.0,980.567,296.72,1.0,950.502,223.685,1.0,943.148,226.009,1.0,935.634,217.214,1.0,927.026,215.674,1.0,920.967,210.775,1.0
880,1023.931,354.035,1.0,1018.857,364.618,1.0,1015.973,375.059,1.0,1013.019,384.311,1.0,1019.729,395.583,1.0,547.68,73.106,1.0,558.099,74.552,1.0,564.24,71.611,1.0,571.906,71.682,1.0,582.868,74.948,1.0,501.435,387.406,1.0,509.277,379.011,1.0,514.568,374.19,1.0,516.413,371.834,1.0,530.595,364.341,1.0,991.355,284.201,1.0,989.501,276.382,1.0,978.921,276.66,1.0,977.62,281.166,1.0,980.904,296.438,1.0,951.781,223.703,1.0,944.16,226.306,1.0,937.009,220.01,1.0,932.39,215.674,1.0,924.923,213.734,1.0
881,1023.921,354.035,1.0,1018.678,364.618,1.0,1015.901,374.993,1.0,1013.019,384.341,1.0,1019.531,395.477,1.0,545.515,73.414,1.0,555.16,73.018,1.0,563.581,71.611,1.0,571.37,71.895,1.0,581.996,72.692,1.0,495.689,384.752,1.0,503.039,386.707,1.0,510.999,379.919,1.0,515.846,373.66,1.0,526.095,365.105,1.0,991.445,285.034,1.0,989.501,276.892,1.0,978.921,276.884,1.0,977.707,281.13,1.0,980.976,296.438,1.0,951.825,223.827,1.0,945.584,228.938,1.0,937.314,220.478,1.0,932.499,216.667,1.0,925.451,215.111,1.0
882,1023.782,354.122,1.0,1018.55,364.714,1.0,1015.901,374.993,1.0,1013.019,384.373,1.0,1019.46,395.439,1.0,545.216,73.42,1.0,554.496,73.018,1.0,563.03,71.515,1.0,571.334,72.446,1.0,581.551,72.607,1.0,495.689,384.752,1.0,503.039,387.002,1.0,510.718,380.22,1.0,515.846,374.023,1.0,525.677,365.843,1.0,991.622,285.034,1.0,989.625,277.078,1.0,979.213,276.999,1.0,977.429,281.13,1.0,981.201,296.438,1.0,952.971,223.827,1.0,946.497,230.489,1.0,938.515,221.297,1.0,932.658,217.396,1.0,925.451,216.152,1.0
883,1023.782,354.035,1.0,1018.491,364.699,1.0,1015.898,374.991,1.0,1013.014,384.499,1.0,1019.449,395.439,1.0,545.073,73.42,1.0,552.769,72.645,1.0,562.695,69.636,1.0,571.277,72.661,1.0,581.358,72.607,1.0,493.435,384.752,1.0,502.923,387.002,1.0,510.544,380.645,1.0,515.512,374.887,1.0,525.231,366.029,1.0,991.622,284.994,1.0,990.02,277.078,1.0,978.921,278.387,1.0,977.903,281.13,1.0,981.379,296.785,1.0,952.971,228.097,1.0,947.536,231.162,1.0,941.387,221.297,1.0,933.169,218.406,1.0,925.451,216.152,1.0
884,1023.589,354.122,1.0,1018.452,364.699,1.0,1015.898,374.991,1.0,1013.019,384.59,1.0,1019.449,395.439,1.0,544.343,73.85,1.0,550.992,72.645,1.0,562.558,69.636,1.0,570.927,72.446,1.0,580.538,72.571,1.0,493.227,384.461,1.0,502.755,386.707,1.0,510.544,381.027,1.0,515.43,375.48,1.0,523.222,367.917,1.0,991.679,285.263,1.0,990.271,277.112,1.0,979.482,278.387,1.0,977.429,281.13,1.0,981.449,296.785,1.0,956.206,235.68,1.0,951.79,231.162,1.0,941.822,225.611,1.0,933.169,220.245,1.0,926.155,216.152,1.0
885,1023.583,354.185,1.0,1018.233,364.65,1.0,1015.865,374.991,1.0,1013.053,384.752,1.0,1019.382,395.344,1.0,540.34,75.918,1.0,548.931,72.622,1.0,560.781,69.636,1.0,568.14,71.895,1.0,579.988,72.473,1.0,487.197,381.902,1.0,499.247,385.434,1.0,509.409,382.155,1.0,513.264,376.145,1.0,521.321,368.609,1.0,991.854,284.994,1.0,990.528,277.112,1.0,979.375,278.503,1.0,977.903,281.459,1.0,981.667,297.033,1.0,957.279,236.029,1.0,951.915,231.162,1.0,942.042,229.182,1.0,934.427,223.058,1.0,926.764,214.911,1.0
886,1023.51,354.185,1.0,1018.217,364.65,1.0,1015.772,374.959,1.0,1013.053,384.785,1.0,1019.382,395.344,1.0,537.997,76.048,1.0,547.788,72.645,1.0,557.577,72.222,1.0,565.46,72.446,1.0,574.035,71.762,1.0,485.812,381.851,1.0,496.369,385.206,1.0,506.48,382.294,1.0,511.099,376.398,1.0,521.097,368.609,1.0,992.194,284.625,1.0,990.951,277.018,1.0,979.482,278.973,1.0,977.903,281.459,1.0,982.004,297.269,1.0,957.64,236.455,1.0,952.264,231.307,1.0,942.769,230.053,1.0,934.427,223.485,1.0,927.893,214.911,1.0
887,1023.305,354.004,1.0,1018.199,364.603,1.0,1015.74,374.78,1.0,1013.014,384.752,1.0,1019.401,395.344,1.0,537.865,76.048,1.0,547.195,72.645,1.0,557.576,73.125,1.0,563.794,71.244,1.0,573.577,70.929,1.0,485.577,381.704,1.0,495.77,384.975,1.0,506.192,382.616,1.0,511.099,376.398,1.0,520.951,368.609,1.0,992.194,284.361,1.0,990.951,276.534,1.0,979.375,279.046,1.0,978.092,281.178,1.0,982.436,297.376,1.0,957.849,237.388,1.0,953.351,231.307,1.0,942.769,230.86,1.0,934.427,224.032,1.0,928.106,214.911,1.0
888,1022.997,353.952,1.0,1018.199,364.602,1.0,1015.74,374.78,1.0,1013.011,384.59,1.0,1019.446,395.344,1.0,537.814,76.523,1.0,545.386,72.802,1.0,556.938,73.641,1.0,563.52,71.244,1.0,572.75,70.863,1.0,485.575,381.704,1.0,495.676,385.206,1.0,506.045,382.878,1.0,511.033,376.606,1.0,520.917,368.609,1.0,991.854,284.361,1.0,990.951,276.534,1.0,979.375,279.046,1.0,978.553,280.962,1.0,982.436,297.379,1.0,958.181,238.583,1.0,953.351,231.307,1.0,944.305,230.86,1.0,936.313,224.032,1.0,930.329,215.048,1.0
889,1022.997,353.433,1.0,1018.199,364.602,1.0,1015.865,374.78,1.0,1013.011,383.934,1.0,1019.401,395.392,1.0,536.634,76.523,1.0,544.51,73.44,1.0,555.679,73.641,1.0,560.848,71.244,1.0,571.816,70.29,1.0,485.437,381.704,1.0,494.973,384.975,1.0,505.705,382.878,1.0,511.033,376.606,1.0,520.827,369.396,1.0,989.607,281.141,1.0,987.425,276.534,1.0,978.458,279.857,1.0,980.467,280.222,1.0,982.512,298.64,1.0,959.047,239.6,1.0,956.602,231.706,1.0,948.316,231.014,1.0,938.558,227.088,1.0,934.656,219.231,1.0
890,1022.997,353.433,1.0,1018.595,364.603,1.0,1015.965,374.484,1.0,1013.011,383.934,1.0,1019.401,395.447,1.0,532.761,78.475,1.0,540.265,73.44,1.0,550.198,73.641,1.0,559.707,71.546,1.0,568.642,69.884,1.0,483.527,382.734,1.0,492.96,384.915,1.0,503.898,384.032,1.0,510.113,375.676,1.0,517.712,373.37,1.0,989.159,281.141,1.0,986.911,276.534,1.0,978.417,279.857,1.0,980.467,279.234,1.0,982.602,298.64,1.0,959.647,240.555,1.0,956.809,232.108,1.0,948.375,232.79,1.0,939.033,228.366,1.0,934.877,219.882,1.0
891,1023.631,353.433,1.0,1018.595,364.556,1.0,1015.965,374.29,1.0,1013.011,383.934,1.0,1019.355,395.537,1.0,532.26,78.611,1.0,539.645,73.325,1.0,549.56,73.561,1.0,558.797,71.526,1.0,567.326,69.849,1.0,483.527,385.301,1.0,492.96,384.915,1.0,502.068,384.904,1.0,506.196,373.493,1.0,514.894,376.28,1.0,989.039,281.141,1.0,982.735,277.164,1.0,977.132,279.857,1.0,980.467,279.122,1.0,982.512,298.64,1.0,961.423,241.181,1.0,957.02,233.239,1.0,948.931,235.52,1.0,939.287,228.426,1.0,935.224,220.752,1.0
892,1023.631,353.781,1.0,1018.595,364.393,1.0,1015.965,374.256,1.0,1013.011,384.256,1.0,1018.943,395.537,1.0,531.522,79.574,1.0,539.645,73.355,1.0,549.245,73.433,1.0,558.797,71.526,1.0,567.148,69.384,1.0,483.47,385.336,1.0,492.96,385.32,1.0,502.065,385.248,1.0,506.178,373.493,1.0,514.692,377.448,1.0,984.41,293.982,1.0,982.703,288.729,1.0,976.583,277.279,1.0,980.207,277.949,1.0,982.328,269.858,1.0,966.267,242.698,1.0,957.158,238.665,1.0,952.521,237.256,1.0,945.63,228.739,1.0,938.932,225.538,1.0
893,1023.712,353.781,1.0,1018.488,364.393,1.0,1015.547,374.188,1.0,1012.945,384.256,1.0,1018.943,395.542,1.0,531.522,79.574,1.0,539.496,73.355,1.0,548.714,73.254,1.0,557.494,71.249,1.0,566.97,69.849,1.0,483.159,385.336,1.0,492.96,385.32,1.0,502.058,385.248,1.0,505.913,373.493,1.0,513.96,377.608,1.0,983.959,294.529,1.0,981.98,288.729,1.0,976.474,277.279,1.0,979.048,276.804,1.0,980.626,267.559,1.0,967.013,243.28,1.0,961.521,241.501,1.0,954.993,237.618,1.0,947.448,229.121,1.0,939.569,230.021,1.0
894,1023.712,353.781,1.0,1018.395,364.369,1.0,1015.457,374.04,1.0,1012.945,384.256,1.0,1018.943,395.537,1.0,531.522,79.574,1.0,539.368,73.355,1.0,548.379,72.769,1.0,557.494,71.249,1.0,566.88,69.884,1.0,482.515,385.336,1.0,492.505,385.476,1.0,501.743,384.904,1.0,505.913,373.811,1.0,513.96,377.608,1.0,983.298,294.529,1.0,981.737,288.729,1.0,976.583,277.279,1.0,979.048,276.804,1.0,980.626,267.559,1.0,967.481,243.563,1.0,961.742,241.501,1.0,955.643,237.618,1.0,947.989,230.106,1.0,939.901,230.039,1.0
895,1023.631,353.681,1.0,1018.395,364.277,1.0,1015.429,374.04,1.0,1012.945,383.716,1.0,1019.355,395.39,1.0,531.522,78.156,1.0,538.962,73.626,1.0,548.379,73.254,1.0,556.164,71.249,1.0,566.71,72.025,1.0,478.101,385.049,1.0,490.392,385.481,1.0,495.573,380.54,1.0,505.784,376.025,1.0,513.187,377.747,1.0,982.955,294.529,1.0,981.546,288.595,1.0,976.474,280.981,1.0,979.048,276.804,1.0,980.626,267.559,1.0,967.481,243.563,1.0,961.742,241.501,1.0,956.204,237.934,1.0,947.989,230.106,1.0,941.278,230.991,1.0
896,1023.712,353.59,1.0,1018.395,364.277,1.0,1015.429,374.038,1.0,1013.954,382.852,1.0,1019.355,395.204,1.0,531.522,78.097,1.0,537.644,73.654,1.0,548.375,73.282,1.0,555.709,71.058,1.0,565.521,72.158,1.0,470.983,385.049,1.0,481.345,386.363,1.0,492.953,380.159,1.0,503.29,378.934,1.0,511.305,377.982,1.0,,,0.0,,,0.0,976.119,281.682,1.0,983.227,278.189,1.0,981.427,297.784,1.0,967.013,242.698,1.0,961.521,240.157,1.0,956.52,237.934,1.0,948.714,231.642,1.0,941.999,230.991,1.0
897,1023.712,353.143,1.0,1018.431,364.077,1.0,1015.457,373.83,1.0,1014.233,382.618,1.0,1019.355,394.781,1.0,530.809,77.824,1.0,537.518,73.965,1.0,547.613,73.282,1.0,555.618,70.924,1.0,564.368,72.235,1.0,470.427,385.023,1.0,480.346,386.375,1.0,492.039,380.159,1.0,499.671,384.851,1.0,508.975,377.982,1.0,975.057,257.042,1.0,978.303,261.004,1.0,976.017,282.47,1.0,983.227,278.697,1.0,981.427,298.161,1.0,,,0.0,,,0.0,956.52,237.934,1.0,948.882,234.389,1.0,943.302,230.991,1.0
898,1023.488,352.867,1.0,1018.431,363.987,1.0,1015.234,373.142,1.0,1014.233,379.637,1.0,1016.906,393.46,1.0,529.853,77.524,1.0,537.045,73.965,1.0,547.087,73.282,1.0,555.503,70.924,1.0,564.3,72.235,1.0,470.175,385.023,1.0,480.204,386.375,1.0,492.0,380.159,1.0,499.601,384.851,1.0,508.937,377.982,1.0,974.958,256.908,1.0,975.881,257.188,1.0,975.844,281.682,1.0,983.227,278.697,1.0,981.427,298.161,1.0,,,0.0,,,0.0,956.52,237.278,1.0,948.882,234.389,1.0,943.302,230.381,1.0
899,1023.287,351.615,1.0,1018.431,363.716,1.0,1015.234,372.95,1.0,1014.233,378.761,1.0,1014.55,390.198,1.0,529.338,77.524,1.0,536.662,73.626,1.0,546.911,73.282,1.0,554.991,70.924,1.0,562.892,72.235,1.0,469.97,385.023,1.0,480.201,386.363,1.0,491.736,380.159,1.0,499.428,384.851,1.0,508.919,377.982,1.0,974.589,256.778,1.0,975.072,255.964,1.0,975.51,281.682,1.0,982.989,278.697,1.0,980.947,298.161,1.0,,,0.0,,,0.0,954.594,237.278,1.0,947.092,234.389,1.0,943.302,230.192,1.0
