scorer,DLC_dlcrnetms5_basler-larval-tracking-metforminMay6shuffle1_200000,DLC_dlcrnetms5_basler-larval-tracking-metforminMay6shuffle1_200000,DLC_dlcrnetms5_basler-larval-tracking-metforminMay6shuffle1_200000,DLC_dlcrnetms5_basler-larval-tracking-metforminMay6shuffle1_200000,DLC_dlcrnetms5_basler-larval-tracking-metforminMay6shuffle1_200000,DLC_dlcrnetms5_basler-larval-tracking-metforminMay6shuffle1_200000,DLC_dlcrnetms5_basler-larval-tracking-metforminMay6shuffle1_200000,DLC_dlcrnetms5_basler-larval-tracking-metforminMay6shuffle1_200000,DLC_dlcrnetms5_basler-larval-tracking-metforminMay6shuffle1_200000,DLC_dlcrnetms5_basler-larval-tracking-metforminMay6shuffle1_200000,DLC_dlcrnetms5_basler-larval-tracking-metforminMay6shuffle1_200000,DLC_dlcrnetms5_basler-larval-tracking-metforminMay6shuffle1_200000,DLC_dlcrnetms5_basler-larval-tracking-metforminMay6shuffle1_200000,DLC_dlcrnetms5_basler-larval-tracking-metforminMay6shuffle1_200000,DLC_dlcrnetms5_basler-larval-tracking-metforminMay6shuffle1_200000,DLC_dlcrnetms5_basler-larval-tracking-metforminMay6shuffle1_200000,DLC_dlcrnetms5_basler-larval-tracking-metforminMay6shuffle1_200000,DLC_dlcrnetms5_basler-larval-tracking-metforminMay6shuffle1_200000,DLC_dlcrnetms5_basler-larval-tracking-metforminMay6shuffle1_200000,DLC_dlcrnetms5_basler-larval-tracking-metforminMay6shuffle1_200000,DLC_dlcrnetms5_basler-larval-tracking-metforminMay6shuffle1_200000,DLC_dlcrnetms5_basler-larval-tracking-metforminMay6shuffle1_200000,DLC_dlcrnetms5_basler-larval-tracking-metforminMay6shuffle1_200000,DLC_dlcrnetms5_basler-larval-tracking-metforminMay6shuffle1_200000,DLC_dlcrnetms5_basler-larval-tracking-metforminMay6shuffle1_200000,DLC_dlcrnetms5_basler-larval-tracking-metforminMay6shuffle1_200000,DLC_dlcrnetms5_basler-larval-tracking-metforminMay6shuffle1_200000,DLC_dlcrnetms5_basler-larval-tracking-metforminMay6shuffle1_200000,DLC_dlcrnetms5_basler-larval-tracking-metforminMay6shuffle1_200000,DLC_dlcrnetms5_basler-larval-tracking-metforminMay6shuffle1_200000,DLC_dlcrnetms5_basler-larval-tracking-metforminMay6shuffle1_200000,DLC_dlcrnetms5_basler-larval-tracking-metforminMay6shuffle1_200000,DLC_dlcrnetms5_basler-larval-tracking-metforminMay6shuffle1_200000,DLC_dlcrnetms5_basler-larval-tracking-metforminMay6shuffle1_200000,DLC_dlcrnetms5_basler-larval-tracking-metforminMay6shuffle1_200000,DLC_dlcrnetms5_basler-larval-tracking-metforminMay6shuffle1_200000,DLC_dlcrnetms5_basler-larval-tracking-metforminMay6shuffle1_200000,DLC_dlcrnetms5_basler-larval-tracking-metforminMay6shuffle1_200000,DLC_dlcrnetms5_basler-larval-tracking-metforminMay6shuffle1_200000,DLC_dlcrnetms5_basler-larval-tracking-metforminMay6shuffle1_200000,DLC_dlcrnetms5_basler-larval-tracking-metforminMay6shuffle1_200000,DLC_dlcrnetms5_basler-larval-tracking-metforminMay6shuffle1_200000,DLC_dlcrnetms5_basler-larval-tracking-metforminMay6shuffle1_200000,DLC_dlcrnetms5_basler-larval-tracking-metforminMay6shuffle1_200000,DLC_dlcrnetms5_basler-larval-tracking-metforminMay6shuffle1_200000,DLC_dlcrnetms5_basler-larval-tracking-metforminMay6shuffle1_200000,DLC_dlcrnetms5_basler-larval-tracking-metforminMay6shuffle1_200000,DLC_dlcrnetms5_basler-larval-tracking-metforminMay6shuffle1_200000,DLC_dlcrnetms5_basler-larval-tracking-metforminMay6shuffle1_200000,DLC_dlcrnetms5_basler-larval-tracking-metforminMay6shuffle1_200000,DLC_dlcrnetms5_basler-larval-tracking-metforminMay6shuffle1_200000,DLC_dlcrnetms5_basler-larval-tracking-metforminMay6shuffle1_200000,DLC_dlcrnetms5_basler-larval-tracking-metforminMay6shuffle1_200000,DLC_dlcrnetms5_basler-larval-tracking-metforminMay6shuffle1_200000,DLC_dlcrnetms5_basler-larval-tracking-metforminMay6shuffle1_200000,DLC_dlcrnetms5_basler-larval-tracking-metforminMay6shuffle1_200000,DLC_dlcrnetms5_basler-larval-tracking-metforminMay6shuffle1_200000,DLC_dlcrnetms5_basler-larval-tracking-metforminMay6shuffle1_200000,DLC_dlcrnetms5_basler-larval-tracking-metforminMay6shuffle1_200000,DLC_dlcrnetms5_basler-larval-tracking-metforminMay6shuffle1_200000,DLC_dlcrnetms5_basler-larval-tracking-metforminMay6shuffle1_200000,DLC_dlcrnetms5_basler-larval-tracking-metforminMay6shuffle1_200000,DLC_dlcrnetms5_basler-larval-tracking-metforminMay6shuffle1_200000,DLC_dlcrnetms5_basler-larval-tracking-metforminMay6shuffle1_200000,DLC_dlcrnetms5_basler-larval-tracking-metforminMay6shuffle1_200000,DLC_dlcrnetms5_basler-larval-tracking-metforminMay6shuffle1_200000,DLC_dlcrnetms5_basler-larval-tracking-metforminMay6shuffle1_200000,DLC_dlcrnetms5_basler-larval-tracking-metforminMay6shuffle1_200000,DLC_dlcrnetms5_basler-larval-tracking-metforminMay6shuffle1_200000,DLC_dlcrnetms5_basler-larval-tracking-metforminMay6shuffle1_200000,DLC_dlcrnetms5_basler-larval-tracking-metforminMay6shuffle1_200000,DLC_dlcrnetms5_basler-larval-tracking-metforminMay6shuffle1_200000,DLC_dlcrnetms5_basler-larval-tracking-metforminMay6shuffle1_200000,DLC_dlcrnetms5_basler-larval-tracking-metforminMay6shuffle1_200000,DLC_dlcrnetms5_basler-larval-tracking-metforminMay6shuffle1_200000
individuals,larva1,larva1,larva1,larva1,larva1,larva1,larva1,larva1,larva1,larva1,larva1,larva1,larva1,larva1,larva1,larva2,larva2,larva2,larva2,larva2,larva2,larva2,larva2,larva2,larva2,larva2,larva2,larva2,larva2,larva2,larva3,larva3,larva3,larva3,larva3,larva3,larva3,larva3,larva3,larva3,larva3,larva3,larva3,larva3,larva3,larva4,larva4,larva4,larva4,larva4,larva4,larva4,larva4,larva4,larva4,larva4,larva4,larva4,larva4,larva4,larva5,larva5,larva5,larva5,larva5,larva5,larva5,larva5,larva5,larva5,larva5,larva5,larva5,larva5,larva5
bodyparts,mouth,mouth,mouth,midfront,midfront,midfront,mid,mid,mid,midrear,midrear,midrear,rear,rear,rear,mouth,mouth,mouth,midfront,midfront,midfront,mid,mid,mid,midrear,midrear,midrear,rear,rear,rear,mouth,mouth,mouth,midfront,midfront,midfront,mid,mid,mid,midrear,midrear,midrear,rear,rear,rear,mouth,mouth,mouth,midfront,midfront,midfront,mid,mid,mid,midrear,midrear,midrear,rear,rear,rear,mouth,mouth,mouth,midfront,midfront,midfront,mid,mid,mid,midrear,midrear,midrear,rear,rear,rear
coords,x,y,likelihood,x,y,likelihood,x,y,likelihood,x,y,likelihood,x,y,likelihood,x,y,likelihood,x,y,likelihood,x,y,likelihood,x,y,likelihood,x,y,likelihood,x,y,likelihood,x,y,likelihood,x,y,likelihood,x,y,likelihood,x,y,likelihood,x,y,likelihood,x,y,likelihood,x,y,likelihood,x,y,likelihood,x,y,likelihood,x,y,likelihood,x,y,likelihood,x,y,likelihood,x,y,likelihood,x,y,likelihood
0,654.134,477.549,1.0,644.275,476.245,1.0,636.333,480.126,1.0,627.841,478.236,1.0,621.229,473.808,1.0,627.402,452.997,1.0,622.025,443.541,1.0,617.826,438.825,1.0,614.716,428.903,1.0,614.726,421.017,1.0,729.957,474.69,1.0,719.887,471.078,1.0,706.19,476.604,1.0,691.348,477.606,1.0,686.373,482.119,1.0,518.091,467.316,1.0,527.571,470.493,1.0,533.492,466.318,1.0,537.363,467.617,1.0,550.46,459.045,1.0,,,,,,,,,,,,,,,
1,654.483,477.549,1.0,644.447,476.286,1.0,636.464,480.142,1.0,628.063,478.348,1.0,621.229,473.808,1.0,627.516,453.343,1.0,625.169,443.659,1.0,618.602,439.228,1.0,614.722,428.903,1.0,616.718,421.017,1.0,732.64,474.69,1.0,724.303,471.667,1.0,709.923,479.503,1.0,694.872,477.606,1.0,686.854,483.385,1.0,518.091,467.316,1.0,527.571,470.498,1.0,533.492,466.551,1.0,537.363,467.82,1.0,550.46,459.797,1.0,,,,,,,,,,,,,,,
2,654.483,477.549,1.0,644.492,476.628,1.0,636.808,480.142,1.0,628.453,478.375,1.0,621.229,474.654,1.0,628.126,454.997,1.0,626.644,443.659,1.0,618.788,439.459,1.0,615.166,428.903,1.0,616.85,421.017,1.0,735.898,474.69,1.0,727.816,471.667,1.0,714.213,479.503,1.0,699.44,477.606,1.0,690.985,483.385,1.0,518.091,467.316,1.0,527.571,471.139,1.0,533.492,466.551,1.0,537.363,467.82,1.0,550.46,459.853,1.0,,,,,,,,,,,,,,,
3,655.431,477.108,1.0,645.073,476.628,1.0,637.042,480.126,1.0,628.121,479.238,1.0,621.133,474.654,1.0,628.126,454.997,1.0,626.002,443.659,1.0,620.374,439.492,1.0,615.882,428.874,1.0,619.763,420.242,1.0,735.898,472.736,1.0,727.816,471.078,1.0,715.513,479.503,1.0,706.239,477.565,1.0,693.671,483.202,1.0,513.89,467.316,1.0,524.974,471.139,1.0,531.642,466.551,1.0,535.388,467.699,1.0,547.228,462.273,1.0,,,,,,,,,,,,,,,
4,655.431,,0.0,645.101,476.852,1.0,637.169,480.079,1.0,628.121,479.238,1.0,617.938,475.123,1.0,628.126,454.997,1.0,626.002,443.659,1.0,620.779,439.657,1.0,615.907,428.733,1.0,621.222,420.242,1.0,737.263,472.256,1.0,729.433,470.64,1.0,716.391,478.406,1.0,706.977,476.704,1.0,694.527,483.202,1.0,510.734,467.336,1.0,515.593,471.325,1.0,529.368,466.318,1.0,533.934,467.699,1.0,544.982,464.511,1.0,,,,,,,,,,,,,,,
5,655.472,477.098,1.0,645.272,476.981,1.0,637.169,479.848,1.0,628.121,479.263,1.0,617.938,475.552,1.0,,,0.0,626.053,443.659,1.0,622.269,439.657,1.0,616.887,428.726,1.0,621.456,420.242,1.0,737.508,472.256,1.0,729.857,468.155,1.0,718.82,476.934,1.0,707.334,476.704,1.0,698.499,482.03,1.0,509.63,467.336,1.0,513.64,471.45,1.0,526.171,466.199,1.0,531.225,467.699,1.0,543.065,465.76,1.0,,,,,,,,,,,,,,,
6,655.431,476.976,1.0,645.273,478.093,1.0,637.169,479.848,1.0,627.268,479.545,1.0,617.938,475.552,1.0,,,0.0,626.644,444.174,1.0,622.765,439.735,1.0,618.262,428.726,1.0,621.717,421.002,1.0,744.858,472.736,1.0,732.67,466.759,1.0,722.877,476.578,1.0,711.906,476.704,1.0,701.355,481.093,1.0,509.324,468.451,1.0,513.242,471.45,1.0,526.087,466.176,1.0,531.225,467.584,1.0,542.578,466.026,1.0,,,,,,,,,,,,,,,
7,654.732,476.632,1.0,645.566,478.736,1.0,637.34,479.848,1.0,626.26,479.238,1.0,618.34,475.552,1.0,,,0.0,627.108,445.684,1.0,622.765,440.455,1.0,618.262,428.733,1.0,621.717,421.891,1.0,748.952,476.766,1.0,738.175,466.641,1.0,724.252,476.214,1.0,712.22,476.423,1.0,703.457,480.568,1.0,508.602,468.451,1.0,512.685,471.45,1.0,525.942,465.377,1.0,531.225,466.66,1.0,541.694,466.262,1.0,,,,,,,,,,,,,,,
8,,,0.0,645.566,478.736,1.0,637.34,480.241,1.0,626.182,479.538,1.0,618.542,475.545,1.0,650.15,467.281,1.0,628.451,445.978,1.0,622.765,442.462,1.0,618.262,431.023,1.0,621.975,424.602,1.0,749.089,476.933,1.0,738.651,466.641,1.0,724.983,476.214,1.0,712.506,477.253,1.0,703.636,480.423,1.0,508.152,468.748,1.0,512.685,470.944,1.0,524.709,465.377,1.0,531.225,466.55,1.0,541.402,467.344,1.0,,,,,,,,,,,,,,,
9,,,0.0,645.273,479.706,1.0,636.698,480.241,1.0,626.122,479.538,1.0,619.348,474.972,1.0,648.961,467.281,1.0,628.451,446.919,1.0,622.258,442.462,1.0,618.262,433.966,1.0,621.975,427.955,1.0,750.003,476.933,1.0,741.151,466.641,1.0,725.265,475.6,1.0,714.073,477.253,1.0,704.35,480.153,1.0,507.696,468.862,1.0,512.685,470.111,1.0,522.309,465.377,1.0,531.225,465.259,1.0,539.586,467.344,1.0,,,,,,,,,,,,,,,
10,,,0.0,,479.706,0.0,636.698,480.241,1.0,625.676,479.285,1.0,619.348,474.258,1.0,648.616,467.281,1.0,628.451,448.775,1.0,622.091,443.021,1.0,618.262,434.728,1.0,621.613,428.049,1.0,750.901,476.766,1.0,742.207,466.74,1.0,726.439,474.464,1.0,714.846,476.335,1.0,706.094,480.109,1.0,506.667,469.641,1.0,515.453,470.111,1.0,520.04,466.45,1.0,528.409,465.259,1.0,538.645,467.344,1.0,,,,,,,,,,,,,,,
11,,,0.0,643.265,479.706,1.0,636.451,479.988,1.0,625.676,479.229,1.0,619.348,473.788,1.0,647.579,467.281,1.0,629.199,449.571,1.0,622.091,443.285,1.0,618.317,435.421,1.0,621.613,428.105,1.0,752.074,476.519,1.0,745.164,466.74,1.0,731.755,474.422,1.0,722.641,475.326,1.0,711.306,477.165,1.0,506.305,469.641,1.0,515.453,470.163,1.0,520.04,466.558,1.0,525.2,465.259,1.0,536.159,466.426,1.0,,,,,,,,,,,,,,,
12,,,0.0,642.948,479.239,1.0,636.263,479.824,1.0,625.553,478.801,1.0,619.027,473.788,1.0,646.087,467.281,1.0,642.649,479.505,1.0,622.258,443.545,1.0,618.334,435.58,1.0,621.975,428.288,1.0,754.216,476.209,1.0,746.941,466.74,1.0,735.667,473.559,1.0,728.36,475.326,1.0,715.523,476.989,1.0,506.169,469.729,1.0,515.453,470.163,1.0,519.863,466.655,1.0,524.898,466.132,1.0,535.436,466.39,1.0,,,,,,,,,,,,,,,
13,,,0.0,,,0.0,636.162,479.381,1.0,625.553,478.457,1.0,618.944,473.788,1.0,644.937,465.867,1.0,642.351,479.505,1.0,623.133,444.343,1.0,619.604,435.58,1.0,623.285,428.22,1.0,756.923,474.857,1.0,747.066,466.74,1.0,737.175,473.559,1.0,728.36,473.733,1.0,717.638,476.989,1.0,505.598,469.834,1.0,513.379,470.268,1.0,519.863,466.854,1.0,523.888,469.887,1.0,535.305,464.475,1.0,,,,,,,,,,,,,,,
14,,,0.0,,,0.0,636.162,479.127,1.0,625.553,478.457,1.0,618.944,473.788,1.0,644.006,465.301,1.0,642.351,479.505,1.0,623.394,444.478,1.0,619.763,435.749,1.0,623.507,428.288,1.0,758.983,474.441,1.0,748.576,466.555,1.0,738.247,473.559,1.0,729.356,473.733,1.0,717.711,476.989,1.0,501.778,469.834,1.0,513.218,470.96,1.0,518.585,467.208,1.0,523.136,470.04,1.0,534.85,464.475,1.0,,,,,,,,,,,,,,,
15,,,0.0,,,0.0,635.135,478.897,1.0,625.396,478.354,1.0,618.944,473.788,1.0,643.477,465.301,1.0,642.351,479.54,1.0,624.385,444.478,1.0,621.864,438.077,1.0,623.507,428.514,1.0,759.272,474.434,1.0,749.4,466.554,1.0,739.847,474.438,1.0,729.683,473.733,1.0,718.681,476.879,1.0,501.203,469.188,1.0,512.04,471.043,1.0,517.522,467.515,1.0,522.58,469.887,1.0,532.928,464.975,1.0,,,,,,,,,,,,,,,
16,,,0.0,,,0.0,635.057,478.57,1.0,625.374,478.07,1.0,618.426,473.631,1.0,642.385,465.301,1.0,641.069,479.505,1.0,624.876,444.657,1.0,622.538,438.138,1.0,623.623,428.581,1.0,760.99,467.96,1.0,755.522,466.065,1.0,741.361,474.472,1.0,730.923,473.376,1.0,721.212,476.879,1.0,496.833,468.546,1.0,507.242,471.495,1.0,515.2,468.069,1.0,520.604,469.887,1.0,531.771,464.975,1.0,,,,,,,,,,,,,,,
17,,,,,,,,,,,,,,,,642.385,466.257,1.0,641.069,478.816,1.0,625.187,444.657,1.0,623.66,478.568,1.0,623.927,465.669,1.0,764.022,466.896,1.0,758.306,466.065,1.0,745.591,474.472,1.0,732.104,472.773,1.0,723.354,476.879,1.0,495.19,467.384,1.0,499.736,471.842,1.0,512.564,468.201,1.0,517.34,470.372,1.0,527.627,466.311,1.0,,,,,,,,,,,,,,,
18,,,,,,,,,,,,,,,,642.385,467.67,1.0,641.069,478.512,1.0,625.604,445.478,1.0,624.193,479.541,1.0,631.2,465.669,1.0,764.022,466.512,1.0,758.306,465.981,1.0,747.004,474.472,1.0,738.484,471.737,1.0,726.381,475.91,1.0,494.904,466.588,1.0,498.843,471.842,1.0,511.867,468.201,1.0,517.168,469.92,1.0,527.294,466.731,1.0,,,,,,,,,,,,,,,
19,,,,,,,,,,,,,,,,645.09,469.336,1.0,641.236,478.816,1.0,625.604,446.557,1.0,624.193,479.541,1.0,631.356,465.669,1.0,764.313,466.273,1.0,759.798,465.981,1.0,749.88,473.575,1.0,740.388,471.737,1.0,728.262,475.91,1.0,493.506,466.576,1.0,498.514,472.072,1.0,511.631,468.201,1.0,517.168,469.755,1.0,527.115,466.772,1.0,,,,,,,,,,,,,,,
20,,,,,,,,,,,,,,,,645.09,469.336,1.0,641.236,478.512,1.0,625.972,446.557,1.0,624.085,479.541,1.0,631.356,465.669,1.0,767.511,466.273,1.0,761.337,465.981,1.0,750.661,473.334,1.0,741.029,471.704,1.0,728.98,475.523,1.0,492.078,466.56,1.0,497.747,472.161,1.0,511.064,468.194,1.0,516.606,469.755,1.0,526.757,466.862,1.0,,,,,,,,,,,,,,,
21,,,,,,,,,,,,,,,,645.09,469.336,1.0,641.236,478.512,1.0,626.523,447.04,1.0,624.085,478.188,1.0,631.356,465.669,1.0,769.775,461.04,1.0,765.777,470.22,1.0,753.311,472.829,1.0,746.405,471.737,1.0,733.008,475.523,1.0,490.503,466.407,1.0,496.421,472.161,1.0,509.147,468.173,1.0,515.886,467.628,1.0,524.88,469.089,1.0,,,,,,,,,,,,,,,
22,,,,,,,,,,,,,,,,645.09,469.336,1.0,641.143,475.893,1.0,627.465,447.648,1.0,624.193,478.188,1.0,630.303,467.288,1.0,777.429,460.256,1.0,767.876,470.277,1.0,758.398,472.81,1.0,746.521,471.924,1.0,737.139,476.117,1.0,486.981,466.308,1.0,494.295,472.518,1.0,505.841,468.098,1.0,515.39,467.628,1.0,522.794,469.949,1.0,,,,,,,,,,,,,,,
23,,,,,,,,,,,,,,,,645.09,469.336,1.0,640.886,474.646,1.0,628.116,448.122,1.0,626.203,478.188,1.0,628.945,467.288,1.0,778.423,460.049,1.0,768.958,470.277,1.0,759.324,467.238,1.0,747.976,471.924,1.0,739.304,476.832,1.0,486.981,465.916,1.0,494.295,472.518,1.0,503.144,466.984,1.0,511.868,467.628,1.0,522.177,469.949,1.0,,,,,,,,,,,,,,,
24,,,,,,,,,,,,,,,,646.384,470.471,1.0,640.385,474.175,1.0,628.747,450.836,1.0,626.203,479.042,1.0,626.8,467.562,1.0,779.245,460.049,1.0,769.902,470.22,1.0,759.559,467.069,1.0,748.653,471.924,1.0,740.145,476.117,1.0,486.981,465.916,1.0,494.295,472.518,1.0,503.144,466.984,1.0,511.111,468.405,1.0,521.319,469.814,1.0,,,,,,,,,,,,,,,
25,,,,,,,,,,,,,,,,646.532,471.416,1.0,640.385,474.472,1.0,633.276,457.301,1.0,626.318,479.042,1.0,620.96,472.493,1.0,779.74,460.256,1.0,770.228,469.203,1.0,759.559,466.859,1.0,752.628,472.961,1.0,741.665,476.117,1.0,486.838,463.988,1.0,493.531,469.856,1.0,502.725,466.984,1.0,509.123,468.605,1.0,521.139,469.814,1.0,,,,,,,,,,,,,,,
26,,,,,,,,,,,,,,,,646.618,471.865,1.0,640.391,474.472,1.0,633.588,478.829,1.0,626.318,479.049,1.0,626.017,467.562,1.0,785.96,464.792,1.0,776.145,466.694,1.0,765.534,466.766,1.0,759.555,472.961,1.0,748.014,475.416,1.0,486.838,463.988,1.0,493.531,469.296,1.0,502.368,467.09,1.0,507.521,471.552,1.0,518.081,468.039,1.0,,,,,,,,,,,,,,,
27,,,,,,,,,,,,,,,,646.618,472.491,1.0,640.391,474.472,1.0,633.588,478.829,1.0,626.318,479.049,1.0,626.017,467.111,1.0,791.479,465.153,1.0,782.889,463.204,1.0,771.046,464.799,1.0,760.423,471.146,1.0,752.097,471.827,1.0,484.744,463.988,1.0,493.531,469.296,1.0,500.9,468.041,1.0,505.386,472.161,1.0,514.987,468.039,1.0,,,,,,,,,,,,,,,
28,,,,,,,,,,,,,,,,646.618,472.81,1.0,640.391,474.416,1.0,633.588,479.227,1.0,626.297,479.039,1.0,626.017,464.951,1.0,793.013,465.153,1.0,783.603,460.212,1.0,773.476,463.86,1.0,760.671,471.146,1.0,752.872,471.827,1.0,479.095,466.407,1.0,484.204,469.662,1.0,496.371,468.041,1.0,501.919,472.161,1.0,512.026,468.039,1.0,,,,,,,,,,,,,,,
29,,,,,,,,,,,,,,,,646.618,473.058,1.0,640.391,474.416,1.0,633.479,479.227,1.0,626.297,479.033,1.0,627.846,438.575,1.0,793.019,465.153,1.0,783.913,459.263,1.0,773.974,463.86,1.0,761.311,471.045,1.0,752.941,471.06,1.0,478.838,466.575,1.0,483.732,469.662,1.0,494.759,467.135,1.0,501.919,472.161,1.0,510.546,468.767,1.0,,,,,,,,,,,,,,,
30,,,,,,,,,,,,,,,,646.191,473.058,1.0,640.391,473.963,1.0,634.38,479.835,1.0,626.001,479.039,1.0,627.846,438.575,1.0,794.549,464.923,1.0,787.229,456.808,1.0,776.902,463.86,1.0,764.395,469.202,1.0,756.702,471.06,1.0,478.693,466.789,1.0,483.235,470.217,1.0,494.375,467.135,1.0,501.351,472.011,1.0,509.539,469.083,1.0,,,,,,,,,,,,,,,
31,,,,,,,,,,,,,,,,644.608,473.058,1.0,639.904,473.416,1.0,634.126,489.19,1.0,625.984,479.033,1.0,627.846,438.575,1.0,794.549,454.244,1.0,789.304,455.249,1.0,781.98,464.816,1.0,772.602,468.457,1.0,762.448,470.448,1.0,476.405,467.157,1.0,481.694,470.322,1.0,492.189,468.041,1.0,501.011,470.333,1.0,509.027,469.379,1.0,,,,,,,,,,,,,,,
32,,,,,,,,,,,,,,,,643.939,472.685,1.0,639.255,471.793,1.0,634.126,489.19,1.0,625.784,479.031,1.0,625.969,463.816,1.0,794.611,453.753,1.0,789.774,453.484,1.0,783.333,464.816,1.0,772.602,466.846,1.0,764.461,469.909,1.0,476.008,467.244,1.0,480.523,470.868,1.0,491.458,467.847,1.0,500.515,469.843,1.0,508.505,469.379,1.0,,,,,,,,,,,,,,,
33,,,,,,,,,,,,,,,,643.509,471.765,1.0,639.036,471.682,1.0,634.126,489.19,1.0,625.717,478.758,1.0,625.866,463.816,1.0,795.164,452.427,1.0,792.215,453.079,1.0,783.38,464.816,1.0,775.842,466.551,1.0,765.177,469.74,1.0,475.726,468.665,1.0,480.523,470.868,1.0,488.167,467.847,1.0,497.53,469.229,1.0,507.51,469.762,1.0,,,,,,,,,,,,,,,
34,,,,,,,,,,,,,,,,641.587,470.088,1.0,637.674,471.139,1.0,634.15,488.314,1.0,625.665,477.748,1.0,625.677,463.816,1.0,795.164,450.409,1.0,792.215,453.079,1.0,786.636,462.277,1.0,776.304,465.13,1.0,765.958,469.739,1.0,475.457,468.665,1.0,480.523,470.868,1.0,488.167,467.847,1.0,494.21,468.235,1.0,506.578,469.452,1.0,,,,,,,,,,,,,,,
35,,,,,,,,,,,,,,,,641.488,469.497,1.0,637.096,471.139,1.0,634.15,487.802,1.0,625.665,477.37,1.0,625.795,463.568,1.0,806.386,449.639,1.0,794.987,453.484,1.0,787.776,460.989,1.0,776.425,463.431,1.0,768.336,468.948,1.0,474.12,468.665,1.0,481.17,470.294,1.0,487.556,467.847,1.0,493.938,468.235,1.0,505.711,469.379,1.0,,,,,,,,,,,,,,,
36,,,,,,,,,,,,,,,,641.069,468.14,1.0,637.096,470.713,1.0,634.193,486.97,1.0,625.665,477.229,1.0,625.677,463.198,1.0,809.464,449.472,1.0,795.502,457.196,1.0,789.374,460.813,1.0,779.594,463.431,1.0,769.715,467.404,1.0,474.12,468.665,1.0,481.17,470.294,1.0,485.179,467.72,1.0,492.591,468.235,1.0,505.673,468.662,1.0,,,,,,,,,,,,,,,
37,,,,,,,,,,,,,,,,640.864,468.134,1.0,636.843,470.713,1.0,634.744,486.046,1.0,625.8,477.167,1.0,625.795,462.759,1.0,811.155,449.472,1.0,797.962,457.522,1.0,792.134,460.115,1.0,779.908,462.122,1.0,771.518,466.696,1.0,472.638,468.665,1.0,481.17,470.294,1.0,485.15,467.72,1.0,491.723,470.512,1.0,502.829,469.452,1.0,,,,,,,,,,,,,,,
38,,,,,,,,,,,,,,,,639.443,467.453,1.0,635.874,475.637,1.0,634.818,485.553,1.0,626.438,477.082,1.0,625.795,462.637,1.0,812.289,449.115,1.0,800.377,457.522,1.0,792.71,459.915,1.0,780.515,462.122,1.0,773.273,465.433,1.0,468.387,470.452,1.0,477.842,470.642,1.0,485.15,468.152,1.0,489.297,470.534,1.0,498.983,469.452,1.0,,,,,,,,,,,,,,,
39,,,,,,,,,,,,,,,,638.993,467.349,1.0,634.867,475.637,1.0,634.834,485.526,1.0,626.665,477.129,1.0,625.896,462.312,1.0,812.448,449.115,1.0,802.161,457.196,1.0,794.418,459.906,1.0,784.9,459.491,1.0,776.308,465.377,1.0,465.614,471.006,1.0,470.717,472.163,1.0,483.04,468.152,1.0,487.552,470.693,1.0,497.04,469.854,1.0,,,,,,,,,,,,,,,
40,,,,,,,,,,,,,,,,638.299,467.349,1.0,634.874,475.71,1.0,635.395,484.369,1.0,626.778,477.082,1.0,626.041,461.931,1.0,816.349,449.115,1.0,811.879,456.862,1.0,801.182,456.593,1.0,791.613,458.508,1.0,781.133,465.377,1.0,462.804,476.161,1.0,469.257,473.005,1.0,478.162,468.152,1.0,485.87,470.534,1.0,494.008,470.014,1.0,,,,,,,,,,,,,,,
41,,,,,,,,,,,,,,,,638.122,467.349,1.0,634.874,475.71,1.0,635.697,483.608,1.0,626.804,476.96,1.0,626.372,461.105,1.0,825.315,449.115,1.0,818.06,454.314,1.0,802.906,456.593,1.0,792.257,457.914,1.0,782.466,463.202,1.0,462.674,476.38,1.0,467.484,473.476,1.0,477.685,468.992,1.0,484.736,470.512,1.0,493.062,470.014,1.0,,,,,,,,,,,,,,,
42,,,,,,,,,,,,,,,,638.122,467.349,1.0,634.874,475.71,1.0,635.697,483.608,1.0,627.416,476.734,1.0,626.372,461.105,1.0,825.8,449.032,1.0,818.06,454.028,1.0,805.792,455.936,1.0,792.534,457.914,1.0,785.255,463.202,1.0,461.434,476.874,1.0,467.416,473.476,1.0,476.275,468.992,1.0,483.174,469.103,1.0,492.766,470.014,1.0,,,,,,,,,,,,,,,
43,,,,,,,,,,,,,,,,638.299,466.724,1.0,634.874,476.449,1.0,635.602,483.283,1.0,627.416,475.982,1.0,626.265,461.931,1.0,827.444,449.032,1.0,819.471,453.176,1.0,806.41,453.774,1.0,793.822,457.501,1.0,786.626,461.377,1.0,459.879,477.411,1.0,465.101,473.005,1.0,473.427,469.394,1.0,481.433,469.103,1.0,490.705,469.604,1.0,,,,,,,,,,,,,,,
44,,,,,,,,,,,,,,,,638.122,466.724,1.0,634.877,476.449,1.0,635.705,483.178,1.0,627.686,475.016,1.0,626.265,462.223,1.0,827.86,449.526,1.0,821.415,452.907,1.0,807.02,451.094,1.0,796.705,457.914,1.0,787.759,460.995,1.0,456.59,482.985,1.0,464.97,471.042,1.0,472.942,469.67,1.0,477.055,469.103,1.0,488.896,469.394,1.0,,,,,,,,,,,,,,,
45,,,,,,,,,,,,,,,,638.122,466.7,1.0,635.506,473.853,1.0,635.705,483.046,1.0,627.691,474.637,1.0,626.265,462.223,1.0,828.659,449.526,1.0,822.147,452.04,1.0,810.314,451.094,1.0,805.284,458.085,1.0,794.68,461.252,1.0,455.996,483.629,1.0,464.143,470.837,1.0,471.956,470.65,1.0,476.259,469.827,1.0,487.469,469.334,1.0,,,,,,,,,,,,,,,
46,,,,,,,,,,,,,,,,637.034,466.479,1.0,635.506,475.352,1.0,635.602,483.046,1.0,629.3,474.328,1.0,626.265,462.223,1.0,835.268,448.514,1.0,824.242,449.917,1.0,812.011,450.97,1.0,806.883,458.085,1.0,796.239,460.269,1.0,455.088,483.629,1.0,463.947,470.437,1.0,471.418,470.954,1.0,475.304,472.498,1.0,487.289,469.221,1.0,,,,,,,,,,,,,,,
47,,,,,,,,,,,,,,,,636.95,466.479,1.0,635.506,473.995,1.0,634.211,483.046,1.0,630.006,473.982,1.0,627.125,460.574,1.0,835.735,446.933,1.0,825.677,449.127,1.0,813.052,450.757,1.0,807.741,457.234,1.0,797.573,459.788,1.0,454.673,483.629,1.0,463.604,470.837,1.0,471.086,470.954,1.0,473.95,472.605,1.0,483.553,469.334,1.0,,,,,,,,,,,,,,,
48,,,,,,,,,,,,,,,,636.95,466.479,1.0,635.926,473.853,1.0,635.705,482.798,1.0,630.358,472.422,1.0,627.125,459.279,1.0,838.34,446.933,1.0,828.804,447.855,1.0,817.44,448.275,1.0,808.463,457.234,1.0,800.168,457.877,1.0,449.526,480.117,1.0,458.908,470.837,1.0,467.012,470.972,1.0,470.561,473.518,1.0,481.394,469.334,1.0,,,,,,,,,,,,,,,
49,,,,,,,,,,,,,,,,637.034,466.479,1.0,648.061,473.704,1.0,636.175,482.798,1.0,630.471,472.017,1.0,627.125,458.545,1.0,843.184,445.946,1.0,832.912,441.397,1.0,821.76,448.275,1.0,812.077,454.62,1.0,803.247,457.877,1.0,446.799,478.053,1.0,453.045,470.837,1.0,463.839,472.085,1.0,470.561,473.518,1.0,478.371,469.869,1.0,,,,,,,,,,,,,,,
50,,,,,,,,,,,,,,,,636.95,466.305,1.0,648.563,470.976,1.0,636.175,481.943,1.0,631.868,471.724,1.0,625.86,457.862,1.0,846.343,444.513,1.0,838.399,440.861,1.0,824.047,448.275,1.0,814.026,453.176,1.0,806.08,457.877,1.0,445.958,477.897,1.0,452.632,470.08,1.0,463.09,472.085,1.0,469.087,473.518,1.0,477.93,470.044,1.0,,,,,,,,,,,,,,,
51,,,,,,,,,,,,,,,,636.95,465.977,1.0,648.894,470.976,1.0,636.493,480.99,1.0,631.868,471.242,1.0,625.656,457.4,1.0,847.718,443.425,1.0,839.199,439.002,1.0,825.274,447.99,1.0,814.949,451.958,1.0,807.581,457.877,1.0,445.903,477.513,1.0,451.956,470.278,1.0,462.195,472.085,1.0,468.191,473.187,1.0,477.714,471.528,1.0,,,,,,,,,,,,,,,
52,,,,,,,,,,,,,,,,636.184,465.626,1.0,649.144,470.976,1.0,636.493,480.99,1.0,631.868,471.205,1.0,625.656,457.4,1.0,848.109,443.033,1.0,839.563,438.876,1.0,826.289,444.025,1.0,816.906,451.91,1.0,809.6,457.877,1.0,444.833,477.897,1.0,451.77,470.278,1.0,459.923,472.278,1.0,468.191,472.448,1.0,475.175,471.528,1.0,,,,,,,,,,,,,,,
53,,,,,,,,,,,,,,,,636.184,465.617,1.0,649.144,470.963,1.0,636.175,481.908,1.0,632.082,471.205,1.0,625.656,456.632,1.0,851.12,436.511,1.0,840.498,438.876,1.0,832.981,444.025,1.0,825.591,448.229,1.0,815.324,454.113,1.0,442.049,477.421,1.0,449.051,470.08,1.0,457.289,473.43,1.0,463.588,471.511,1.0,473.92,471.528,1.0,,,,,,,,,,,,,,,
54,,,,,,,,,,,,,,,,635.656,465.446,1.0,648.894,472.284,1.0,635.61,481.815,1.0,632.598,470.238,1.0,625.681,456.632,1.0,857.859,433.761,1.0,843.744,439.002,1.0,835.677,443.821,1.0,825.87,445.557,1.0,815.405,452.188,1.0,441.356,477.421,1.0,448.371,470.278,1.0,456.697,473.692,1.0,463.241,471.233,1.0,473.284,471.528,1.0,,,,,,,,,,,,,,,
55,,,,,,,,,,,,,,,,635.586,463.614,1.0,645.855,472.284,1.0,634.823,481.815,1.0,632.598,471.076,1.0,627.078,456.042,1.0,857.859,432.984,1.0,847.575,440.294,1.0,836.676,443.821,1.0,826.163,445.557,1.0,815.587,452.047,1.0,439.414,479.933,1.0,448.341,471.499,1.0,456.036,473.692,1.0,462.116,469.24,1.0,472.224,471.528,1.0,,,,,,,,,,,,,,,
56,,,,,,,,,,,,,,,,635.586,461.474,1.0,645.029,472.284,1.0,634.721,481.815,1.0,632.598,471.076,1.0,627.078,456.734,1.0,860.324,432.984,1.0,852.605,440.294,1.0,836.856,443.678,1.0,827.411,445.473,1.0,817.208,451.621,1.0,437.727,480.762,1.0,446.504,471.659,1.0,452.79,473.663,1.0,459.401,468.452,1.0,471.934,473.831,1.0,,,,,,,,,,,,,,,
57,,,,,,,,,,,,,,,,636.709,460.55,1.0,643.837,471.69,1.0,634.666,480.032,1.0,632.598,471.076,1.0,627.078,456.734,1.0,860.757,432.984,1.0,852.91,440.294,1.0,841.036,443.203,1.0,829.041,445.473,1.0,820.165,450.843,1.0,437.207,480.762,1.0,445.923,471.659,1.0,452.129,473.43,1.0,458.102,468.452,1.0,468.744,473.831,1.0,,,,,,,,,,,,,,,
58,,,,,,,,,,,,,,,,635.586,461.474,1.0,643.837,472.288,1.0,634.136,479.475,1.0,626.982,471.076,1.0,627.093,457.327,1.0,861.113,433.81,1.0,854.701,437.136,1.0,844.205,440.725,1.0,837.57,442.682,1.0,827.153,450.164,1.0,434.854,480.762,1.0,443.574,472.195,1.0,450.948,472.708,1.0,456.906,468.45,1.0,467.675,473.831,1.0,,,,,,,,,,,,,,,
59,,,,,,,,,,,,,,,,635.586,461.474,1.0,642.505,471.69,1.0,633.823,479.023,1.0,626.982,471.076,1.0,625.96,459.619,1.0,863.255,433.98,1.0,858.043,436.769,1.0,845.124,440.725,1.0,839.518,442.682,1.0,828.628,447.927,1.0,433.4,475.662,1.0,441.599,472.287,1.0,449.621,472.153,1.0,456.832,468.452,1.0,465.017,473.07,1.0,,,,,,,,,,,,,,,
60,,,,,,,,,,,,,,,,636.0,459.671,1.0,642.505,470.101,1.0,633.823,476.224,1.0,626.868,473.101,1.0,625.765,460.51,1.0,864.377,433.98,1.0,860.512,436.601,1.0,848.79,440.595,1.0,840.094,442.568,1.0,829.409,447.24,1.0,432.96,475.662,1.0,440.952,472.488,1.0,449.417,472.153,1.0,456.832,468.771,1.0,464.618,473.07,1.0,,,,,,,,,,,,,,,
61,,,,,,,,,,,,,,,,634.916,459.671,1.0,642.505,470.101,1.0,632.641,478.177,1.0,626.982,473.101,1.0,623.172,461.407,1.0,864.749,433.81,1.0,861.335,435.959,1.0,849.928,440.595,1.0,840.806,442.127,1.0,830.345,446.177,1.0,431.843,475.662,1.0,438.931,475.354,1.0,448.383,472.153,1.0,456.5,468.854,1.0,463.976,473.07,1.0,,,,,,,,,,,,,,,
62,,,,,,,,,,,,,,,,634.777,462.143,1.0,638.27,476.396,1.0,632.641,479.023,1.0,631.197,473.101,1.0,625.96,460.567,1.0,872.388,431.693,1.0,861.959,434.504,1.0,851.364,438.014,1.0,841.18,440.223,1.0,833.367,445.892,1.0,428.626,476.971,1.0,437.858,475.796,1.0,445.168,474.152,1.0,456.5,469.022,1.0,462.27,473.07,1.0,,,,,,,,,,,,,,,
63,,,,,,,,,,,,,,,,634.916,462.967,1.0,642.505,470.101,1.0,634.348,478.177,1.0,631.749,474.525,1.0,623.172,461.407,1.0,872.586,430.825,1.0,866.344,434.359,1.0,852.949,437.074,1.0,842.141,440.223,1.0,834.534,445.435,1.0,426.9,477.516,1.0,437.385,476.63,1.0,443.914,475.42,1.0,450.681,474.201,1.0,461.151,473.07,1.0,,,,,,,,,,,,,,,
64,,,,,,,,,,,,,,,,634.916,462.967,1.0,640.706,469.069,1.0,634.348,478.177,1.0,631.749,474.525,1.0,623.172,464.436,1.0,872.668,429.193,1.0,866.41,431.165,1.0,852.949,432.19,1.0,843.165,440.223,1.0,834.648,445.435,1.0,424.131,478.835,1.0,436.345,476.888,1.0,442.239,475.981,1.0,446.925,474.201,1.0,459.979,472.82,1.0,,,,,,,,,,,,,,,
65,,,,,,,,,,,,,,,,634.713,462.967,1.0,640.469,469.868,1.0,633.137,478.177,1.0,631.749,474.525,1.0,623.172,464.436,1.0,872.789,428.283,1.0,866.41,426.502,1.0,852.949,431.079,1.0,846.788,441.856,1.0,835.472,445.725,1.0,422.963,479.858,1.0,435.563,477.231,1.0,441.559,476.109,1.0,446.899,474.201,1.0,458.564,472.82,1.0,,,,,,,,,,,,,,,
66,,,,,,,,,,,,,,,,633.567,464.297,1.0,640.469,469.868,1.0,633.137,479.265,1.0,632.29,474.525,1.0,623.745,464.436,1.0,872.789,427.543,1.0,867.776,426.033,1.0,852.949,431.079,1.0,847.229,441.856,1.0,836.18,445.725,1.0,422.963,479.957,1.0,434.103,477.457,1.0,441.507,476.887,1.0,446.133,473.748,1.0,458.066,472.82,1.0,,,,,,,,,,,,,,,
67,,,,,,,,,,,,,,,,633.567,464.297,1.0,640.469,469.868,1.0,633.003,479.134,1.0,632.605,473.576,1.0,623.745,464.436,1.0,874.124,419.907,1.0,870.478,426.033,1.0,855.599,430.751,1.0,848.117,441.856,1.0,838.539,445.276,1.0,422.946,481.808,1.0,433.855,478.504,1.0,439.766,477.077,1.0,445.89,473.509,1.0,457.109,473.057,1.0,,,,,,,,,,,,,,,
68,,,,,,,,,,,,,,,,633.567,463.389,1.0,636.02,478.4,1.0,632.823,479.265,1.0,632.29,473.576,1.0,624.201,464.436,1.0,876.956,414.005,1.0,872.192,426.033,1.0,863.219,430.398,1.0,853.45,437.948,1.0,844.728,443.93,1.0,422.373,483.384,1.0,430.733,479.375,1.0,438.519,478.82,1.0,440.181,472.015,1.0,453.659,473.117,1.0,,,,,,,,,,,,,,,
69,,,,,,,,,,,,,,,,633.567,463.389,1.0,635.961,478.4,1.0,632.436,479.265,1.0,630.517,473.744,1.0,625.928,464.44,1.0,878.845,414.005,1.0,873.638,424.964,1.0,865.553,429.966,1.0,855.065,436.161,1.0,847.815,443.502,1.0,421.568,484.119,1.0,429.602,481.222,1.0,437.762,479.928,1.0,440.181,472.015,1.0,449.595,473.117,1.0,,,,,,,,,,,,,,,
70,,,,,,,,,,,,,,,,633.844,463.389,0.9990000128746033,635.777,478.4,1.0,632.436,479.265,1.0,630.517,473.744,1.0,625.928,465.547,0.9990000128746033,879.205,413.781,1.0,873.844,424.964,1.0,865.703,429.707,1.0,855.46,436.067,1.0,847.893,442.979,1.0,419.257,486.623,1.0,427.498,481.434,1.0,437.065,480.089,1.0,439.692,472.015,1.0,449.512,473.117,1.0,,,,,,,,,,,,,,,
71,,,,,,,,,,,,,,,,633.844,463.389,0.9990000128746033,635.777,478.4,1.0,632.436,479.406,1.0,630.517,473.744,1.0,625.928,465.547,1.0,879.734,412.948,1.0,873.844,424.964,1.0,865.763,428.323,1.0,856.587,435.202,1.0,848.885,437.893,1.0,418.109,486.623,1.0,425.878,481.731,1.0,436.06,480.089,1.0,439.608,472.15,1.0,449.511,473.117,1.0,,,,,,,,,,,,,,,
72,,,,,,,,,,,,,,,,633.844,463.389,1.0,635.777,478.4,1.0,632.436,479.434,1.0,630.517,474.029,1.0,624.996,465.573,1.0,883.278,412.86,1.0,879.117,421.888,1.0,868.683,426.025,1.0,859.828,429.843,1.0,853.189,437.484,1.0,416.041,486.623,1.0,425.542,481.757,1.0,434.494,480.089,1.0,439.599,472.63,1.0,447.845,473.117,1.0,,,,,,,,,,,,,,,
73,,,,,,,,,,,,,,,,627.157,495.085,1.0,630.712,490.078,1.0,632.799,479.836,1.0,630.954,473.744,1.0,624.996,465.573,1.0,888.229,412.187,1.0,881.169,410.01,1.0,869.722,418.561,1.0,865.539,422.042,1.0,857.572,435.074,1.0,412.856,485.925,1.0,419.048,483.091,1.0,427.523,478.293,1.0,433.926,481.077,1.0,444.133,474.317,1.0,,,,,,,,,,,,,,,
74,,,,,,,,,,,,,,,,627.157,495.085,1.0,630.712,490.078,1.0,634.453,480.465,1.0,630.954,474.239,1.0,624.393,467.314,1.0,888.644,411.634,1.0,882.82,410.008,1.0,870.12,417.255,1.0,866.321,422.042,1.0,858.603,434.849,1.0,409.995,485.925,1.0,415.564,487.2,1.0,424.636,478.293,1.0,433.183,481.83,1.0,443.633,475.972,1.0,,,,,,,,,,,,,,,
75,,,,,,,,,,,,,,,,627.157,495.085,1.0,630.712,490.078,1.0,635.635,480.465,1.0,631.127,474.239,1.0,623.48,467.889,1.0,889.296,411.475,1.0,883.31,409.911,1.0,871.554,417.117,1.0,866.5,422.042,1.0,859.422,434.713,1.0,409.276,485.925,1.0,415.564,487.2,1.0,424.069,478.293,1.0,432.901,481.83,1.0,443.119,476.071,1.0,,,,,,,,,,,,,,,
76,,,,,,,,,,,,,,,,633.564,464.233,1.0,639.189,466.223,1.0,636.281,480.465,1.0,631.127,475.93,1.0,621.629,468.968,1.0,891.63,403.78,1.0,888.7,408.922,1.0,873.361,416.859,1.0,870.164,422.073,1.0,862.154,431.656,1.0,409.186,491.815,1.0,415.564,487.411,1.0,421.823,478.503,1.0,431.791,482.317,1.0,442.651,477.002,1.0,,,,,,,,,,,,,,,
77,,,,,,,,,,,,,,,,634.204,461.265,1.0,640.365,466.196,1.0,637.033,480.259,1.0,631.254,476.204,1.0,621.446,470.005,1.0,893.586,401.284,1.0,890.923,407.668,1.0,878.451,416.744,1.0,873.132,422.608,1.0,866.288,425.78,1.0,408.955,491.827,1.0,415.509,487.588,1.0,421.25,479.459,1.0,428.99,482.317,1.0,441.215,478.365,1.0,,,,,,,,,,,,,,,
78,,,,,,,,,,,,,,,,634.204,461.265,1.0,640.365,466.196,1.0,637.339,480.056,1.0,631.579,476.293,1.0,621.446,471.589,1.0,894.29,397.262,1.0,890.923,407.668,1.0,881.648,414.056,1.0,874.573,422.608,1.0,866.35,425.78,1.0,406.67,495.127,1.0,415.09,487.803,1.0,420.31,481.149,1.0,425.168,482.317,1.0,437.114,478.365,1.0,,,,,,,,,,,,,,,
79,,,,,,,,,,,,,,,,634.204,461.265,1.0,639.189,466.196,1.0,637.339,480.056,1.0,632.23,476.293,1.0,620.698,471.731,1.0,895.309,397.114,1.0,891.095,406.297,1.0,882.422,413.295,1.0,875.064,422.608,1.0,866.634,425.78,1.0,405.213,495.127,1.0,415.09,488.679,1.0,419.782,483.427,1.0,422.236,482.343,1.0,435.282,478.365,1.0,,,,,,,,,,,,,,,
80,,,,,,,,,,,,,,,,623.791,510.872,1.0,625.188,498.153,1.0,637.339,480.259,1.0,632.269,476.72,1.0,620.698,472.848,1.0,896.491,396.505,1.0,891.327,406.297,1.0,882.915,412.197,1.0,876.32,421.203,1.0,867.797,425.78,1.0,404.248,495.127,1.0,414.387,488.679,1.0,419.684,484.261,1.0,422.058,482.343,1.0,435.015,478.365,1.0,,,,,,,,,,,,,,,
81,,,,,,,,,,,,,,,,618.582,510.903,1.0,621.008,504.565,1.0,633.273,480.681,1.0,634.832,482.17,1.0,620.761,474.211,1.0,896.762,393.654,1.0,892.785,404.629,1.0,885.339,410.34,1.0,877.461,416.501,1.0,872.962,425.272,1.0,402.374,495.127,1.0,413.169,488.679,1.0,417.897,484.472,1.0,421.06,482.394,1.0,434.739,478.365,1.0,,,,,,,,,,,,,,,
82,,,,,,,,,,,,,,,,618.057,511.161,1.0,621.008,505.547,1.0,633.273,481.162,1.0,634.832,483.146,1.0,620.878,474.233,1.0,896.762,393.509,1.0,896.21,396.624,1.0,885.339,408.261,1.0,879.918,412.505,1.0,873.328,422.219,1.0,401.198,495.127,1.0,406.722,487.855,1.0,416.541,486.194,1.0,420.362,482.343,1.0,434.586,479.004,1.0,,,,,,,,,,,,,,,
83,,,,,,,,,,,,,,,,618.057,511.428,1.0,621.008,505.547,1.0,632.987,481.248,1.0,634.832,483.35,1.0,620.878,474.385,1.0,898.147,391.87,1.0,896.21,396.612,1.0,886.576,405.679,1.0,881.024,410.577,1.0,874.627,422.172,1.0,398.676,497.697,1.0,404.387,487.855,1.0,412.945,486.47,1.0,418.385,482.343,1.0,426.636,480.929,1.0,,,,,,,,,,,,,,,
84,,,,,,,,,,,,,,,,618.057,511.428,1.0,625.055,505.547,1.0,633.273,481.248,1.0,634.459,483.665,1.0,620.974,474.459,1.0,898.208,391.603,1.0,896.276,396.011,1.0,886.63,404.716,1.0,881.73,410.297,1.0,876.465,422.081,1.0,396.419,498.534,1.0,403.365,487.728,1.0,408.433,487.876,1.0,415.675,482.29,1.0,424.766,480.929,1.0,,,,,,,,,,,,,,,
85,,,,,,,,,,,,,,,,618.474,511.428,1.0,627.133,501.017,1.0,633.501,481.162,1.0,634.38,483.665,1.0,620.974,474.459,1.0,898.466,385.43,1.0,897.809,394.548,1.0,886.63,404.001,1.0,886.632,409.811,1.0,879.076,420.492,1.0,396.392,498.534,1.0,403.063,487.855,1.0,408.293,488.042,1.0,414.927,482.503,1.0,424.672,481.263,1.0,,,,,,,,,,,,,,,
86,,,,,,,,,,,,,,,,638.288,459.577,1.0,640.527,467.832,1.0,635.194,480.329,1.0,633.741,484.89,1.0,620.974,474.233,1.0,903.673,383.558,1.0,898.28,391.739,1.0,892.674,403.557,1.0,887.084,409.769,1.0,879.157,415.702,1.0,395.593,498.534,1.0,401.809,488.347,1.0,407.635,488.163,1.0,413.618,482.76,1.0,423.727,481.263,1.0,,,,,,,,,,,,,,,
87,,,,,,,,,,,,,,,,638.288,459.48,1.0,640.973,467.832,1.0,635.276,480.277,1.0,,488.289,0.0,,,0.0,904.971,381.085,1.0,901.769,391.501,1.0,895.169,399.781,1.0,887.719,407.27,1.0,882.656,410.9,1.0,392.061,491.096,1.0,401.371,488.572,1.0,406.876,488.468,1.0,410.031,489.529,1.0,423.618,482.134,1.0,,,,,,,,,,,,,,,
88,,,,,,,,,,,,,,,,638.288,459.48,1.0,641.168,467.832,1.0,635.276,480.277,1.0,632.929,489.456,1.0,620.427,476.999,1.0,905.038,380.714,1.0,902.939,391.501,1.0,895.653,398.367,1.0,888.494,406.809,1.0,883.319,410.63,1.0,389.809,490.765,1.0,399.284,490.981,1.0,404.201,488.468,1.0,409.211,489.627,1.0,418.642,482.257,1.0,,,,,,,,,,,,,,,
89,,,,,,,,,,,,,,,,637.191,459.577,1.0,641.168,468.368,1.0,635.194,480.329,1.0,632.321,489.456,1.0,620.062,476.999,1.0,905.279,379.461,1.0,902.939,389.736,1.0,896.497,394.669,1.0,889.342,405.244,1.0,883.381,410.275,1.0,388.834,490.692,1.0,398.879,491.063,1.0,403.553,488.966,1.0,409.028,490.699,1.0,416.121,482.626,1.0,,,,,,,,,,,,,,,
90,,,,,,,,,,,,,,,,637.045,460.746,1.0,641.168,469.515,1.0,634.687,480.359,1.0,632.071,489.371,1.0,618.149,476.999,1.0,909.379,373.258,1.0,902.939,379.08,1.0,899.749,391.114,1.0,891.596,397.25,1.0,888.279,409.222,1.0,387.739,490.692,1.0,397.4,491.079,1.0,403.225,488.966,1.0,407.885,490.699,1.0,416.011,482.703,1.0,,,,,,,,,,,,,,,
91,,,,,,,,,,,,,,,,636.694,461.116,1.0,641.338,469.552,1.0,634.451,480.539,1.0,632.071,489.371,1.0,618.149,476.999,1.0,912.651,369.428,1.0,902.891,375.64,1.0,901.194,386.825,1.0,893.445,394.98,1.0,890.408,405.136,1.0,386.707,490.692,1.0,396.063,491.727,1.0,402.248,489.018,1.0,407.864,490.699,1.0,415.699,483.341,1.0,,,,,,,,,,,,,,,
92,,,,,,,,,,,,,,,,635.699,461.445,1.0,641.338,469.664,1.0,633.908,481.31,1.0,632.071,489.371,1.0,618.149,478.57,1.0,912.736,368.92,1.0,902.891,375.539,1.0,901.899,386.274,1.0,893.71,394.925,1.0,891.716,404.472,1.0,386.157,491.526,1.0,394.596,492.965,1.0,401.861,489.368,1.0,407.542,490.564,1.0,414.973,484.762,1.0,,,,,,,,,,,,,,,
93,,,,,,,,,,,,,,,,634.714,461.518,1.0,641.14,470.486,1.0,633.908,481.31,1.0,632.605,488.063,1.0,620.722,478.902,1.0,913.181,368.68,1.0,902.891,375.471,1.0,901.997,386.074,1.0,893.811,394.565,1.0,892.795,404.254,1.0,380.943,495.752,1.0,388.85,493.09,1.0,397.198,492.859,1.0,403.638,490.564,1.0,412.951,486.24,1.0,611.357,527.004,1.0,615.005,518.87,1.0,618.723,511.068,1.0,,,0.0,,,0.0
94,,,,,,,,,,,,,,,,634.23,461.616,1.0,640.442,470.486,1.0,633.74,481.373,1.0,632.605,487.771,1.0,621.096,482.186,1.0,914.288,367.69,1.0,911.197,375.326,1.0,903.995,385.652,1.0,895.236,394.314,1.0,894.739,400.425,1.0,380.935,497.998,1.0,387.273,494.771,1.0,395.095,493.712,1.0,401.111,490.564,1.0,412.032,486.259,1.0,610.857,527.004,1.0,615.005,518.87,1.0,618.723,510.883,1.0,,,0.0,,,0.0
95,,,,,,,,,,,,,,,,633.666,462.558,1.0,640.442,470.486,1.0,633.74,481.373,1.0,632.605,487.202,1.0,621.339,482.733,1.0,920.327,364.456,1.0,915.887,371.764,1.0,905.913,381.796,1.0,898.706,386.57,1.0,896.58,398.883,1.0,380.52,498.256,1.0,386.985,495.153,1.0,394.502,493.788,1.0,400.889,490.674,1.0,411.683,486.289,1.0,605.884,527.004,1.0,615.005,518.87,1.0,618.723,510.751,1.0,,,0.0,,,0.0
96,,,,,,,,,,,,,,,,633.475,462.558,1.0,640.127,470.42,1.0,633.556,481.31,1.0,628.447,487.194,1.0,621.339,485.45,1.0,920.409,364.305,1.0,915.887,369.465,1.0,905.975,379.856,1.0,898.921,384.842,1.0,896.854,398.263,1.0,380.935,499.803,1.0,385.213,497.039,1.0,394.282,493.788,1.0,399.853,491.346,1.0,411.497,486.289,1.0,605.862,528.189,1.0,615.005,520.368,1.0,618.644,510.883,1.0,,,0.0,,,0.0
97,,,,,,,,,,,,,,,,633.475,462.852,1.0,639.63,469.486,1.0,633.74,480.673,1.0,627.986,487.194,1.0,621.096,485.45,1.0,921.459,362.292,1.0,915.999,369.224,1.0,906.318,378.209,1.0,900.389,383.14,1.0,896.854,394.532,1.0,380.52,500.623,1.0,384.81,497.915,1.0,393.877,493.788,1.0,398.958,491.808,1.0,410.871,486.289,1.0,605.718,528.189,1.0,613.767,520.368,1.0,617.708,511.068,1.0,,,0.0,,,0.0
98,,,,,,,,,,,,,,,,633.378,463.083,1.0,639.63,469.041,1.0,634.447,480.202,1.0,627.885,487.194,1.0,620.867,485.45,1.0,921.459,358.34,1.0,915.887,358.977,1.0,906.319,373.47,1.0,901.005,382.215,1.0,896.854,392.513,1.0,380.145,512.203,1.0,384.81,500.747,1.0,392.586,493.382,1.0,398.066,491.808,1.0,410.643,488.083,1.0,604.448,528.189,1.0,612.918,520.939,1.0,617.193,511.964,1.0,,,0.0,,,0.0
99,,,,,,,,,,,,,,,,633.475,463.419,1.0,640.456,469.041,1.0,634.735,479.958,1.0,,509.65,0.0,,,0.0,920.327,352.657,1.0,915.337,358.977,1.0,906.875,370.438,1.0,901.041,375.331,1.0,896.854,388.588,1.0,379.409,512.491,1.0,385.213,502.862,1.0,392.299,493.382,1.0,397.136,491.346,1.0,407.555,488.136,1.0,598.581,528.189,1.0,608.383,521.158,1.0,613.319,513.331,1.0,614.882,507.268,1.0,620.966,486.598,1.0
100,,,,,,,,,,,,,,,,633.632,463.419,1.0,640.781,468.803,1.0,635.945,479.725,1.0,,,0.0,,,0.0,918.904,352.526,1.0,915.337,358.977,1.0,906.982,369.848,1.0,902.611,375.331,1.0,896.854,386.745,1.0,378.439,512.541,1.0,387.437,503.813,1.0,390.452,493.382,1.0,393.109,490.111,1.0,405.647,488.524,1.0,598.454,528.953,1.0,607.999,522.54,1.0,612.234,516.774,1.0,613.887,503.826,1.0,620.554,486.216,1.0
101,,,,,,,,,,,,,,,,633.632,463.419,1.0,640.781,467.449,1.0,635.945,479.264,1.0,614.326,509.66,1.0,620.586,487.793,1.0,918.904,350.613,1.0,915.999,354.241,1.0,908.326,368.488,1.0,902.611,374.677,1.0,897.403,386.173,1.0,377.8,512.644,1.0,387.437,503.813,1.0,390.452,494.344,1.0,392.861,490.111,1.0,405.341,489.483,1.0,598.391,529.157,1.0,607.999,522.54,1.0,612.224,518.273,1.0,,508.716,0.0,620.981,489.61,0.0
102,,,,,,,,,,,,,,,,633.378,462.167,1.0,640.781,467.381,1.0,635.945,478.987,1.0,614.08,509.65,1.0,620.274,486.664,1.0,918.904,350.613,1.0,916.226,352.82,1.0,911.561,364.753,1.0,906.313,374.507,1.0,902.598,381.36,1.0,377.292,512.644,1.0,387.437,503.813,1.0,390.452,495.787,1.0,392.243,490.111,1.0,403.807,489.875,1.0,598.094,529.523,1.0,607.999,523.453,1.0,611.754,518.453,1.0,,,0.0,,,0.0
103,,,,,,,,,,,,,,,,,,,,,,,,,,,,,,,920.063,343.607,1.0,919.009,345.491,1.0,912.254,360.675,1.0,907.373,370.321,1.0,908.825,381.25,1.0,376.003,512.491,1.0,384.34,504.86,1.0,389.313,497.519,1.0,392.081,490.934,1.0,403.769,490.275,1.0,598.094,529.918,1.0,607.399,523.488,1.0,610.6,518.905,1.0,613.282,515.843,1.0,623.226,502.197,1.0
104,634.894,462.463,1.0,640.675,469.287,1.0,637.578,479.433,1.0,637.864,484.972,1.0,,,0.0,,,,,,,,,,,,,,,,920.063,340.703,1.0,920.549,344.226,1.0,913.648,358.907,1.0,907.731,367.763,1.0,909.226,381.229,1.0,373.899,511.152,1.0,381.155,505.31,1.0,387.445,500.394,1.0,391.363,493.741,1.0,403.32,490.993,1.0,597.829,531.615,1.0,605.823,525.825,1.0,609.698,521.224,1.0,611.626,515.843,1.0,622.295,500.571,1.0
105,634.312,461.269,1.0,639.167,468.943,1.0,636.269,478.725,1.0,637.864,484.962,1.0,,,0.0,,,,,,,,,,,,,,,,920.259,339.776,1.0,920.549,344.226,1.0,914.272,357.76,1.0,908.21,366.469,1.0,909.867,381.172,1.0,370.567,511.152,1.0,378.774,505.31,1.0,386.018,503.093,1.0,391.363,495.214,1.0,401.748,490.997,1.0,597.651,539.26,1.0,603.722,529.766,1.0,608.404,524.529,1.0,611.363,515.843,1.0,620.981,489.61,1.0
106,634.148,459.586,1.0,637.157,467.871,1.0,635.72,476.368,1.0,627.12,484.549,1.0,621.273,504.06,1.0,,,,,,,,,,,,,,,,920.259,336.514,1.0,920.568,343.066,1.0,915.027,354.672,1.0,908.569,365.032,1.0,909.924,380.241,1.0,370.083,511.152,1.0,378.459,505.81,1.0,385.432,504.195,1.0,388.527,495.954,1.0,397.682,491.164,1.0,597.351,539.26,1.0,603.656,530.039,1.0,608.218,525.052,1.0,610.459,515.957,1.0,,504.549,0.0
107,634.148,458.18,1.0,636.002,467.07,1.0,635.581,474.92,1.0,627.11,483.253,1.0,620.769,,1.0,,,,,,,,,,,,,,,,920.259,335.348,1.0,921.412,342.14,1.0,915.027,353.223,1.0,908.907,364.191,1.0,913.972,373.013,1.0,369.731,512.469,1.0,377.194,506.375,1.0,382.862,504.515,1.0,385.145,497.06,1.0,396.555,491.548,1.0,596.732,539.529,1.0,603.029,531.658,1.0,607.169,525.771,1.0,610.459,516.687,1.0,,,0.0
108,634.148,450.611,1.0,634.664,460.721,1.0,635.518,472.274,1.0,637.864,480.18,1.0,,504.036,0.0,,,,,,,,,,,,,,,,922.526,333.379,1.0,922.003,341.193,1.0,915.027,352.764,1.0,910.162,362.835,1.0,914.084,370.265,1.0,369.414,512.516,1.0,376.263,508.472,1.0,382.547,504.662,1.0,385.099,498.137,1.0,395.943,492.455,1.0,595.979,539.529,1.0,602.766,532.051,1.0,607.015,525.791,1.0,610.325,516.687,1.0,620.602,504.549,1.0
109,634.151,449.354,1.0,634.664,460.464,1.0,635.581,471.725,1.0,627.11,480.18,1.0,626.232,504.036,1.0,,,,,,,,,,,,,,,,922.753,332.276,1.0,922.003,340.262,1.0,915.027,351.712,1.0,910.442,361.309,1.0,914.084,369.179,1.0,363.786,513.399,1.0,370.513,511.188,1.0,379.306,507.669,1.0,382.385,501.371,1.0,390.327,493.579,1.0,595.386,539.557,1.0,600.748,534.03,1.0,605.787,525.908,1.0,610.068,516.864,1.0,,,0.0
110,634.516,449.099,1.0,634.664,457.49,1.0,632.829,471.24,1.0,626.391,479.884,1.0,626.232,501.47,1.0,,,,,,,,,,,,,,,,923.07,332.254,1.0,922.003,340.209,1.0,915.309,351.712,1.0,910.607,361.309,1.0,914.084,368.421,1.0,363.042,514.229,1.0,369.799,511.593,1.0,377.836,507.805,1.0,382.079,502.104,1.0,390.327,493.581,1.0,591.378,539.557,1.0,598.769,535.341,1.0,603.2,527.04,1.0,606.447,518.14,1.0,,,0.0
111,634.516,448.656,1.0,634.664,457.41,1.0,630.461,470.811,1.0,626.362,477.966,1.0,626.232,490.385,1.0,,,,,,,,,,,,,,,,926.208,326.231,1.0,922.095,330.695,1.0,917.251,345.79,1.0,914.726,351.568,1.0,913.598,363.738,1.0,363.042,515.624,1.0,368.568,512.429,1.0,377.315,507.822,1.0,381.711,502.104,1.0,389.595,494.47,1.0,591.107,540.766,1.0,594.756,535.541,1.0,598.193,527.492,1.0,604.43,520.33,1.0,605.057,519.159,1.0
112,634.516,447.071,1.0,634.664,456.648,1.0,630.421,470.309,1.0,626.362,476.445,1.0,626.918,488.037,1.0,,,,,,,,,,,,,,,,926.235,320.38,1.0,922.095,328.754,1.0,921.011,338.709,1.0,918.814,349.164,1.0,913.346,363.02,1.0,363.042,516.507,1.0,368.568,513.293,1.0,376.389,508.002,1.0,380.129,502.104,1.0,389.548,496.245,1.0,587.267,541.634,1.0,593.478,536.44,1.0,596.776,528.735,1.0,603.958,520.787,1.0,604.743,519.159,1.0
113,635.11,446.769,1.0,634.118,456.648,1.0,630.421,468.359,1.0,626.241,474.097,1.0,627.414,484.619,1.0,,,,,,,,,,,,,,,,926.87,320.38,1.0,922.095,328.585,1.0,921.011,337.798,1.0,919.554,348.612,1.0,913.132,361.832,1.0,362.497,523.251,1.0,368.568,514.432,1.0,374.984,508.002,1.0,379.386,502.766,1.0,388.23,497.339,1.0,587.002,541.634,1.0,593.423,536.514,1.0,596.776,529.484,1.0,603.716,521.525,1.0,604.743,519.159,1.0
114,635.11,446.059,1.0,634.118,455.992,1.0,630.19,464.858,1.0,626.229,471.403,1.0,627.414,481.075,1.0,,,,,,,,,,,,,,,,926.87,320.139,1.0,923.715,328.505,1.0,921.44,337.615,1.0,919.934,348.502,1.0,913.346,361.199,1.0,362.044,525.241,1.0,370.485,516.52,1.0,374.509,508.002,1.0,377.312,502.766,1.0,384.569,499.564,1.0,586.85,541.634,1.0,593.031,536.575,1.0,596.776,531.183,1.0,603.118,521.997,1.0,604.743,519.508,1.0
115,634.749,446.253,1.0,633.659,454.47,1.0,630.421,464.858,1.0,626.362,471.403,1.0,627.009,481.075,1.0,,,,,,,,,,,,,,,,927.412,319.668,1.0,927.75,328.347,1.0,923.641,335.817,1.0,919.934,346.234,1.0,913.478,357.849,1.0,360.347,525.81,1.0,370.546,518.484,1.0,373.762,508.243,1.0,376.944,502.766,1.0,382.359,501.53,1.0,586.303,541.693,1.0,592.997,536.661,1.0,596.099,534.595,1.0,601.807,524.22,1.0,605.737,520.001,1.0
116,634.749,446.769,1.0,633.656,453.546,1.0,630.421,463.732,1.0,626.798,471.403,1.0,627.009,481.075,1.0,,,,,,,,,,,,,,,,927.957,314.137,1.0,928.255,323.121,1.0,923.901,332.719,1.0,919.934,341.765,1.0,913.478,352.009,1.0,360.136,525.81,1.0,370.546,518.484,1.0,372.374,508.703,1.0,376.901,502.848,1.0,381.883,501.537,1.0,585.065,544.181,1.0,592.92,539.951,1.0,596.06,535.333,1.0,594.409,528.174,1.0,605.789,522.815,1.0
117,633.977,446.253,1.0,631.982,453.546,1.0,630.46,463.47,1.0,634.654,473.172,1.0,626.947,481.146,1.0,,,,,,,,,,,,,,,,928.132,313.523,1.0,929.232,321.146,1.0,925.011,330.265,1.0,917.297,339.957,1.0,914.304,347.649,1.0,359.686,526.082,1.0,370.485,519.134,1.0,371.663,508.703,1.0,376.901,504.705,1.0,381.152,503.693,1.0,582.895,548.063,1.0,591.798,544.295,1.0,595.756,536.399,1.0,594.159,530.102,1.0,605.789,524.859,1.0
118,632.069,446.253,1.0,628.886,453.404,1.0,630.609,463.127,1.0,634.711,473.172,1.0,626.947,481.146,1.0,,,,,,,,,,,,,,,,927.957,310.256,1.0,929.232,317.428,1.0,925.011,329.122,1.0,917.23,339.875,1.0,914.353,347.101,1.0,359.482,526.301,1.0,365.115,519.777,1.0,369.919,512.42,1.0,375.459,507.36,1.0,380.041,504.494,1.0,582.148,550.051,1.0,590.502,545.137,1.0,595.611,537.016,1.0,593.696,531.447,1.0,605.789,525.936,1.0
119,629.54,446.253,1.0,628.8,453.404,1.0,630.672,463.113,1.0,634.961,473.172,1.0,626.21,481.146,1.0,,,,,,,,,,,,,,,,927.957,306.42,1.0,928.255,314.978,1.0,925.231,326.689,1.0,917.23,336.027,1.0,916.106,346.786,1.0,355.487,526.612,1.0,361.711,520.72,1.0,367.331,516.723,1.0,374.076,509.503,1.0,379.088,505.401,1.0,582.148,550.38,1.0,590.364,545.655,1.0,595.303,537.016,1.0,593.696,532.625,1.0,605.505,526.16,1.0
120,627.36,446.237,1.0,628.795,453.404,1.0,630.609,462.977,1.0,634.711,472.292,1.0,626.057,480.158,1.0,,,,,,,,,,,,,,,,931.041,301.813,1.0,927.597,312.824,1.0,925.342,323.217,1.0,917.297,330.71,1.0,918.153,344.944,1.0,354.676,527.354,1.0,360.758,521.483,1.0,365.656,517.84,1.0,373.283,509.504,1.0,379.065,506.103,1.0,581.109,550.787,1.0,589.586,545.692,1.0,593.778,537.439,1.0,593.696,534.105,1.0,605.398,526.39,1.0
121,625.0,442.805,1.0,628.795,450.624,1.0,630.46,461.377,1.0,634.961,469.684,1.0,626.21,477.93,1.0,,,,,,,,,,,,,,,,931.198,301.639,1.0,927.597,312.612,1.0,925.706,319.99,1.0,920.164,329.591,1.0,925.851,339.464,1.0,353.948,529.056,1.0,359.756,523.982,1.0,364.793,518.226,1.0,372.79,510.984,1.0,379.065,506.103,1.0,580.591,555.044,1.0,588.22,547.331,1.0,591.415,541.485,1.0,593.229,535.175,1.0,599.573,527.175,1.0
122,625.0,438.689,1.0,626.364,447.865,1.0,630.609,459.453,1.0,635.123,467.612,1.0,626.946,476.735,1.0,,,,,,,,,,,,,,,,931.198,298.73,1.0,927.597,309.534,1.0,925.901,319.782,1.0,920.373,326.194,1.0,926.216,339.244,1.0,353.364,529.118,1.0,359.372,526.836,1.0,364.076,519.736,1.0,370.347,510.984,1.0,378.64,506.892,1.0,577.767,555.161,1.0,582.04,550.073,1.0,588.2,543.173,1.0,592.093,536.847,1.0,599.457,527.473,1.0
123,625.0,436.65,1.0,626.364,442.226,1.0,630.672,457.818,1.0,635.474,463.699,1.0,626.946,476.141,1.0,,,,,,,,,,,,,,,,931.213,298.369,1.0,928.332,309.534,1.0,927.008,317.017,1.0,922.515,326.069,1.0,926.549,337.002,1.0,349.546,530.534,1.0,355.382,527.169,1.0,362.869,522.533,1.0,366.166,514.773,1.0,377.256,507.633,1.0,575.052,561.406,1.0,580.819,550.627,1.0,584.707,543.25,1.0,591.677,538.483,1.0,598.716,532.762,1.0
124,626.346,435.995,1.0,626.364,442.226,1.0,634.788,457.529,1.0,635.761,463.479,1.0,627.081,475.965,1.0,,,,,,,,,,,,,,,,935.249,294.817,1.0,930.33,295.823,1.0,927.043,312.594,1.0,922.975,320.672,1.0,926.549,333.362,1.0,349.056,532.552,1.0,352.704,529.212,1.0,361.134,522.702,1.0,364.556,516.64,1.0,374.221,508.637,1.0,574.6,561.938,1.0,578.791,551.337,1.0,584.675,543.47,1.0,591.288,538.522,1.0,598.489,533.512,1.0
125,626.709,435.995,1.0,626.735,442.226,1.0,634.788,455.865,1.0,635.835,463.423,1.0,627.296,475.941,1.0,,,,,,,,,,,,,,,,938.498,288.696,1.0,930.637,294.257,1.0,928.256,308.378,1.0,924.184,316.605,1.0,926.549,332.915,1.0,347.245,532.685,1.0,352.577,529.407,1.0,360.606,522.767,1.0,363.742,518.08,1.0,373.669,510.684,1.0,573.912,561.938,1.0,577.873,551.432,1.0,583.697,543.881,1.0,591.053,538.522,1.0,598.357,533.881,1.0
126,630.464,435.995,1.0,632.195,442.187,1.0,634.788,456.484,1.0,635.835,463.423,1.0,627.76,475.965,1.0,,,,,,,,,,,,,,,,938.498,288.222,1.0,932.291,294.257,1.0,928.256,307.399,1.0,924.304,315.816,1.0,927.163,331.785,1.0,347.069,539.852,1.0,352.577,530.922,1.0,358.744,523.659,1.0,363.621,519.947,1.0,370.742,510.684,1.0,573.737,561.938,1.0,577.647,551.432,1.0,583.351,545.066,1.0,590.923,538.911,1.0,596.93,535.667,1.0
127,635.869,435.684,1.0,632.195,442.187,1.0,633.79,455.761,1.0,635.761,462.947,1.0,628.969,475.941,1.0,,,,,,,,,,,,,,,,938.498,285.988,1.0,933.558,294.257,1.0,928.256,305.62,1.0,924.304,315.769,1.0,928.159,328.613,1.0,346.508,542.005,1.0,352.577,533.402,1.0,358.717,523.659,1.0,361.476,519.683,1.0,365.981,513.015,1.0,570.355,562.707,1.0,577.079,553.086,1.0,582.832,547.41,1.0,586.908,539.111,1.0,595.073,537.683,1.0
128,637.621,434.933,1.0,632.195,441.689,1.0,630.428,454.135,1.0,630.287,462.844,1.0,629.18,475.458,1.0,,,,,,,,,,,,,,,,938.225,284.055,1.0,935.921,293.37,1.0,928.256,303.792,1.0,924.33,313.958,1.0,928.469,324.516,1.0,343.684,543.203,1.0,352.039,533.402,1.0,355.212,525.431,1.0,361.313,520.454,1.0,365.981,518.502,1.0,569.391,562.882,1.0,577.079,553.703,1.0,581.196,551.242,1.0,581.383,545.465,1.0,595.042,537.94,1.0
129,637.621,433.283,1.0,630.681,441.689,1.0,629.714,453.827,1.0,627.684,460.741,1.0,629.18,474.24,1.0,,,,,,,,,,,,,,,,938.185,283.391,1.0,936.058,292.984,1.0,928.256,302.195,1.0,925.713,313.036,1.0,928.794,319.879,1.0,343.684,543.203,1.0,350.357,536.428,1.0,353.902,526.467,1.0,361.21,520.454,1.0,364.428,518.79,1.0,568.838,562.882,1.0,577.079,558.626,1.0,581.104,551.465,1.0,580.422,545.741,1.0,593.322,539.03,1.0
130,637.674,433.079,1.0,630.649,441.689,1.0,629.714,453.827,1.0,627.684,460.352,1.0,628.969,473.097,1.0,,,,,,,,,,,,,,,,937.889,281.979,1.0,936.058,292.984,1.0,929.366,301.052,1.0,925.837,311.788,1.0,928.794,319.328,1.0,343.385,543.35,1.0,350.347,536.833,1.0,353.845,526.467,1.0,360.392,521.733,1.0,364.095,519.834,1.0,568.633,564.346,1.0,577.587,560.291,1.0,580.711,551.474,1.0,580.205,545.826,1.0,593.024,539.727,1.0
131,637.621,433.079,1.0,630.649,441.949,1.0,629.556,450.229,1.0,627.049,459.709,1.0,628.721,471.154,1.0,,,,,,,,,,,,,,,,937.615,280.015,1.0,936.058,282.621,1.0,929.366,299.1,1.0,925.837,308.452,1.0,928.732,318.362,1.0,342.541,544.475,1.0,347.821,536.833,1.0,352.063,531.02,1.0,356.988,529.966,1.0,363.457,520.303,1.0,568.314,565.176,1.0,577.671,561.036,1.0,580.568,551.537,1.0,579.29,546.176,1.0,592.492,540.318,1.0
132,637.621,433.079,1.0,630.681,441.949,1.0,628.327,450.206,1.0,627.684,458.938,1.0,628.721,471.154,1.0,,,,,,,,,,,,,,,,933.372,273.553,1.0,935.306,282.621,1.0,930.708,292.248,1.0,926.334,301.287,1.0,928.585,317.235,1.0,341.094,545.636,1.0,345.629,539.419,1.0,349.042,533.518,1.0,355.646,529.966,1.0,362.475,521.764,1.0,568.314,566.401,1.0,577.671,561.921,1.0,579.628,553.51,1.0,579.29,546.891,1.0,591.968,540.705,1.0
133,637.674,433.079,1.0,632.267,441.949,1.0,628.327,448.876,1.0,627.727,458.786,1.0,628.694,471.146,1.0,,,,,,,,,,,,,,,,933.372,272.29,1.0,934.44,282.245,1.0,930.757,289.114,1.0,928.216,300.113,1.0,928.585,316.587,1.0,340.85,546.801,1.0,344.489,539.479,1.0,348.313,534.051,1.0,355.151,529.966,1.0,362.256,522.127,1.0,568.071,573.095,1.0,577.587,564.869,1.0,578.206,555.116,1.0,578.65,549.744,1.0,588.715,543.262,1.0
134,639.865,432.684,1.0,636.34,440.113,1.0,631.804,447.218,1.0,629.265,458.786,1.0,628.721,471.146,1.0,,,,,,,,,,,,,,,,933.372,271.927,1.0,934.089,277.743,1.0,930.757,288.363,1.0,928.362,300.113,1.0,928.585,312.903,1.0,340.166,547.138,1.0,344.283,540.245,1.0,347.663,535.122,1.0,352.421,530.887,1.0,362.249,522.152,1.0,568.071,573.095,1.0,575.936,566.014,1.0,577.762,558.925,1.0,578.583,551.66,1.0,585.023,544.469,1.0
135,640.185,429.503,1.0,638.32,438.64,1.0,631.804,447.218,1.0,629.265,458.324,1.0,630.221,468.354,1.0,,,,,,,,,,,,,,,,933.561,271.927,1.0,933.294,277.408,1.0,930.708,287.926,1.0,928.606,298.709,1.0,927.699,312.345,1.0,339.359,548.338,1.0,342.991,544.879,1.0,347.355,536.701,1.0,349.908,530.887,1.0,360.833,527.004,1.0,566.575,573.095,1.0,569.714,567.272,1.0,575.802,559.525,1.0,578.583,554.528,1.0,584.801,544.807,1.0
136,644.611,429.434,1.0,640.573,435.669,1.0,633.798,445.64,1.0,629.839,456.427,1.0,634.055,468.115,1.0,,,,,,,,,,,,,,,,935.194,267.563,1.0,933.294,277.408,1.0,929.996,286.755,1.0,928.629,298.705,1.0,927.699,310.48,1.0,334.209,548.623,1.0,338.675,545.677,1.0,345.475,538.368,1.0,349.005,531.242,1.0,358.327,528.768,1.0,565.645,573.325,1.0,569.681,567.479,1.0,575.729,560.786,1.0,578.583,555.179,1.0,584.503,544.977,1.0
137,646.851,429.277,1.0,642.539,434.388,1.0,634.598,443.628,1.0,632.003,456.19,1.0,634.055,466.585,1.0,,,,,,,,,,,,,,,,935.653,262.908,1.0,933.294,266.24,1.0,929.615,283.139,1.0,929.595,290.76,1.0,927.718,301.339,1.0,334.181,555.108,1.0,337.041,546.028,1.0,344.845,538.799,1.0,348.259,534.845,1.0,357.123,528.768,1.0,565.645,573.325,1.0,569.098,567.479,1.0,575.63,560.902,1.0,577.493,556.049,1.0,584.503,545.268,1.0
138,646.851,427.756,1.0,642.539,433.655,1.0,634.675,443.014,1.0,632.003,455.691,1.0,634.055,464.411,1.0,,,,,,,,,,,,,,,,935.653,260.03,1.0,933.294,264.829,1.0,929.615,281.243,1.0,929.595,289.329,1.0,927.718,300.88,1.0,334.144,555.108,1.0,337.041,546.741,1.0,344.754,539.426,1.0,346.35,534.845,1.0,355.954,528.94,1.0,565.645,573.325,1.0,569.098,569.031,1.0,573.626,562.066,1.0,577.184,557.809,1.0,584.048,548.169,1.0
139,646.975,427.218,1.0,643.084,433.611,1.0,634.824,443.014,1.0,632.003,455.691,1.0,631.434,461.804,1.0,,,,,,,,,,,,,,,,935.653,259.845,1.0,933.294,264.829,1.0,929.996,280.986,1.0,929.795,288.05,1.0,927.699,300.663,1.0,333.124,556.221,1.0,337.041,547.843,1.0,343.846,542.849,1.0,345.81,535.416,1.0,351.971,529.14,1.0,565.659,582.368,1.0,569.098,573.291,1.0,571.198,566.02,1.0,575.219,559.52,1.0,584.048,553.263,1.0
140,646.975,427.218,1.0,642.539,433.536,1.0,635.016,443.014,1.0,632.003,455.463,1.0,631.434,461.804,1.0,,,,,,,,,,,,,,,,931.479,256.066,1.0,933.036,264.829,1.0,931.369,273.075,1.0,930.398,283.87,1.0,927.333,297.515,1.0,328.107,556.221,1.0,338.962,549.785,1.0,342.572,543.742,1.0,345.67,535.416,1.0,348.757,529.789,1.0,565.659,583.035,1.0,567.836,574.557,1.0,570.529,569.247,1.0,572.992,560.68,1.0,581.228,556.233,1.0
141,646.851,426.79,1.0,640.502,433.236,1.0,635.825,442.973,1.0,632.445,455.364,1.0,631.434,461.804,1.0,,,,,,,,,,,,,,,,929.628,255.984,1.0,932.101,264.829,1.0,931.369,272.922,1.0,930.398,282.742,1.0,927.187,294.099,1.0,327.266,556.221,1.0,338.962,551.299,1.0,342.089,543.742,1.0,345.474,535.416,1.0,348.757,531.665,1.0,565.659,589.063,1.0,567.534,576.959,1.0,569.772,570.51,1.0,572.608,564.958,1.0,580.411,556.809,1.0
142,645.907,426.156,1.0,640.367,432.6,1.0,637.791,442.973,1.0,632.871,455.191,1.0,635.393,463.416,1.0,,,,,,,,,,,,,,,,929.393,253.898,1.0,931.97,262.215,1.0,931.369,271.954,1.0,930.398,281.633,1.0,926.752,292.984,1.0,326.853,556.221,1.0,338.962,551.299,1.0,341.36,543.786,1.0,345.422,535.416,1.0,348.757,532.033,1.0,565.28,589.063,1.0,565.79,578.479,1.0,569.507,571.466,1.0,571.93,565.045,1.0,578.725,557.283,1.0
143,647.142,426.79,1.0,639.955,432.6,1.0,638.21,441.957,1.0,632.976,454.619,1.0,636.403,463.416,1.0,,,,,,,,,,,,,,,,928.022,253.898,1.0,930.272,262.215,1.0,929.4,270.746,1.0,927.011,281.07,1.0,926.752,292.617,1.0,325.775,556.406,1.0,338.179,551.299,1.0,338.059,545.158,1.0,344.814,535.724,1.0,349.362,533.913,1.0,565.078,589.568,1.0,565.775,579.234,1.0,568.636,571.648,1.0,571.628,565.913,1.0,578.306,558.504,1.0
144,648.061,428.505,1.0,639.955,433.536,1.0,638.901,440.428,1.0,634.114,454.212,1.0,636.405,463.499,1.0,,,,,,,,,,,,,,,,927.677,247.09,1.0,926.462,250.179,1.0,927.413,266.163,1.0,927.011,276.321,1.0,927.333,286.041,1.0,324.906,557.218,1.0,331.07,551.461,1.0,337.232,545.158,1.0,341.484,542.726,1.0,349.362,534.656,1.0,562.04,589.858,1.0,563.687,581.25,1.0,568.636,572.163,1.0,570.586,566.682,1.0,578.243,558.504,1.0
145,649.772,430.321,1.0,640.367,433.801,1.0,638.901,440.428,1.0,635.515,454.212,1.0,637.2,463.499,1.0,,,,,,,,,,,,,,,,927.267,241.831,1.0,925.227,247.829,1.0,926.355,265.543,1.0,927.011,271.2,1.0,929.139,284.662,1.0,321.117,557.258,1.0,327.43,551.487,1.0,334.173,547.064,1.0,340.325,544.542,1.0,349.362,535.494,1.0,556.108,590.024,1.0,563.104,583.739,1.0,568.089,572.163,1.0,570.358,566.682,1.0,577.683,559.484,1.0
146,652.011,431.767,1.0,642.371,435.9,1.0,638.21,440.428,1.0,636.967,454.212,1.0,637.562,464.019,1.0,,,,,,,,,,,,,,,,927.301,240.2,1.0,925.15,247.138,1.0,925.041,265.341,1.0,927.027,270.672,1.0,929.504,283.735,1.0,321.015,557.704,1.0,327.097,551.731,1.0,333.87,547.069,1.0,339.939,544.834,1.0,349.362,535.803,1.0,553.976,590.013,1.0,560.854,586.045,1.0,568.008,572.954,1.0,570.358,567.328,1.0,573.972,560.578,1.0
147,652.065,432.026,1.0,642.374,436.021,1.0,638.06,440.428,1.0,636.967,454.212,1.0,637.64,464.019,1.0,,,,,,,,,,,,,,,,927.267,240.2,1.0,925.15,247.138,1.0,925.041,265.304,1.0,927.189,270.165,1.0,929.504,283.409,1.0,320.565,557.704,1.0,326.922,552.023,1.0,333.409,547.154,1.0,339.852,544.938,1.0,349.33,535.853,1.0,553.411,590.013,1.0,560.133,586.045,1.0,567.78,574.25,1.0,570.358,567.558,1.0,573.405,561.28,1.0
148,652.159,432.7,1.0,643.822,436.321,1.0,637.918,439.991,1.0,636.967,453.963,1.0,637.64,464.019,1.0,,,,,,,,,,,,,,,,927.133,239.928,1.0,925.227,247.104,1.0,925.041,264.436,1.0,927.189,266.882,1.0,929.504,283.328,1.0,320.217,558.474,1.0,326.824,556.932,1.0,333.239,547.466,1.0,339.722,545.279,1.0,348.928,535.96,1.0,553.254,590.013,1.0,559.553,586.045,1.0,567.78,574.439,1.0,570.674,567.558,1.0,573.405,561.872,1.0
149,652.677,435.254,1.0,644.13,436.817,1.0,637.918,439.301,1.0,636.345,453.408,1.0,637.562,464.019,1.0,,,,,,,,,,,,,,,,927.133,239.634,1.0,929.417,246.864,1.0,925.882,257.451,1.0,927.189,266.882,1.0,928.182,279.563,1.0,319.891,558.482,1.0,326.57,557.026,1.0,331.811,547.587,1.0,339.443,545.356,1.0,348.156,535.999,1.0,552.531,590.013,1.0,558.402,583.64,1.0,567.604,574.439,1.0,570.674,567.558,1.0,573.826,562.288,1.0
150,654.379,435.254,1.0,646.195,437.861,1.0,638.06,439.301,1.0,635.574,453.07,1.0,637.351,464.019,1.0,,,,,,,,,,,,,,,,927.301,234.811,1.0,929.417,244.476,1.0,927.291,252.782,1.0,926.444,266.882,1.0,928.109,274.277,1.0,319.806,561.542,1.0,326.283,558.918,1.0,330.058,549.508,1.0,338.531,545.578,1.0,344.872,536.601,1.0,552.262,590.013,1.0,558.316,583.64,1.0,566.816,575.622,1.0,570.674,568.201,1.0,573.405,563.546,1.0
151,657.937,435.254,1.0,650.5,437.861,1.0,638.821,439.301,1.0,634.893,451.641,1.0,637.043,464.422,1.0,,,,,,,,,,,,,,,,927.929,234.738,1.0,929.417,244.399,1.0,927.291,252.407,1.0,926.444,265.587,1.0,925.808,272.836,1.0,319.211,566.207,1.0,326.226,559.527,1.0,329.965,553.132,1.0,332.342,546.255,1.0,343.559,541.552,1.0,551.781,590.375,1.0,557.928,583.64,1.0,564.433,579.809,1.0,569.311,570.629,1.0,573.405,565.251,1.0
152,657.937,434.351,1.0,650.5,437.412,1.0,638.821,440.286,1.0,634.792,451.641,1.0,636.781,464.422,1.0,,,,,,,,,,,,,,,,928.322,224.172,1.0,929.179,235.369,1.0,927.291,247.987,1.0,926.444,257.088,1.0,925.808,268.91,1.0,319.197,567.903,1.0,321.821,560.515,1.0,329.829,553.827,1.0,331.66,547.069,1.0,340.112,541.552,1.0,547.4,594.02,1.0,553.204,588.984,1.0,559.42,583.366,1.0,563.729,574.686,1.0,570.037,569.195,1.0
153,657.937,432.25,1.0,650.5,437.412,1.0,638.821,440.355,1.0,634.792,451.641,1.0,636.775,464.422,1.0,,,,,,,,,,,,,,,,928.322,223.737,1.0,928.218,234.175,1.0,927.291,245.646,1.0,927.614,251.353,1.0,928.109,266.072,1.0,319.148,571.882,1.0,320.501,561.766,1.0,328.562,554.712,1.0,330.904,550.186,1.0,339.338,542.108,1.0,546.987,594.681,1.0,553.023,590.019,1.0,558.609,584.113,1.0,562.36,575.436,1.0,569.944,570.077,1.0
154,654.378,429.984,1.0,643.529,438.032,1.0,637.283,441.553,1.0,634.792,454.062,1.0,636.752,463.681,1.0,,,,,,,,,,,,,,,,927.929,221.964,1.0,927.514,232.74,1.0,926.806,244.632,1.0,927.614,250.742,1.0,928.109,265.466,1.0,317.339,574.512,1.0,319.35,563.382,1.0,327.833,558.988,1.0,328.942,552.04,1.0,335.293,542.424,1.0,546.573,595.176,1.0,552.999,590.222,1.0,558.074,584.445,1.0,561.936,576.322,1.0,569.208,570.166,1.0
155,651.753,429.894,1.0,642.667,437.975,1.0,637.212,443.196,1.0,634.588,455.234,1.0,636.059,463.432,1.0,,,,,,,,,,,,,,,,923.668,221.964,1.0,926.742,231.743,1.0,926.396,244.429,1.0,927.614,250.45,1.0,924.519,265.327,1.0,317.3,575.607,1.0,319.35,564.309,1.0,327.804,558.988,1.0,328.942,552.04,1.0,333.869,542.77,1.0,546.541,595.483,1.0,552.175,590.263,1.0,557.692,584.567,1.0,561.095,576.703,1.0,569.208,570.275,1.0
156,643.136,429.894,1.0,642.653,437.975,1.0,636.816,445.475,1.0,632.524,455.292,1.0,635.675,463.398,1.0,,,,,,,,,,,,,,,,915.329,223.235,1.0,922.856,231.077,1.0,926.396,240.38,1.0,925.808,250.45,1.0,925.253,263.913,1.0,316.242,575.607,1.0,319.35,565.583,1.0,326.795,559.061,1.0,328.942,553.302,1.0,333.618,542.77,1.0,541.703,602.469,1.0,545.741,594.976,1.0,554.181,588.242,1.0,555.248,582.12,1.0,566.176,572.591,1.0
157,632.911,428.117,1.0,640.859,437.975,1.0,635.253,445.475,1.0,632.111,455.292,1.0,635.557,462.202,1.0,,,,,,,,,,,,,,,,914.089,223.235,1.0,921.936,225.704,1.0,925.267,235.687,1.0,924.63,250.401,1.0,925.253,257.684,1.0,314.938,575.935,1.0,318.897,566.99,1.0,323.188,559.498,1.0,328.25,553.375,1.0,333.618,549.129,1.0,541.384,606.129,1.0,544.294,596.491,1.0,550.793,588.843,1.0,554.833,585.213,1.0,560.025,572.749,1.0
158,632.265,429.894,1.0,639.116,436.862,1.0,634.475,445.475,1.0,630.566,455.292,1.0,633.589,462.202,1.0,,,,,,,,,,,,,,,,913.983,221.844,1.0,921.874,224.583,1.0,924.456,234.477,1.0,923.745,249.667,1.0,925.253,256.136,1.0,312.261,577.401,1.0,317.924,569.541,1.0,322.043,562.267,1.0,327.749,553.598,1.0,333.618,549.851,1.0,541.164,606.358,1.0,544.066,596.573,1.0,550.793,588.949,1.0,554.542,585.213,1.0,559.799,572.751,1.0
159,627.725,431.501,1.0,637.036,436.097,1.0,634.475,444.659,1.0,630.243,455.085,1.0,629.052,462.202,1.0,,,,,,,,,,,,,,,,911.633,221.844,1.0,920.586,223.104,1.0,924.368,233.849,1.0,923.431,249.667,1.0,927.629,253.781,1.0,312.224,577.469,1.0,316.892,570.139,1.0,321.661,565.257,1.0,326.661,561.845,1.0,333.618,551.884,1.0,540.809,606.358,1.0,544.066,597.924,1.0,550.178,590.033,1.0,554.126,585.347,1.0,559.343,572.751,1.0
160,622.25,431.501,1.0,633.063,434.754,1.0,634.167,444.305,1.0,630.229,454.436,1.0,628.387,462.336,1.0,,,,,,,,,,,,,,,,910.713,215.919,1.0,913.431,219.418,1.0,921.496,232.822,1.0,918.889,238.64,1.0,929.885,253.041,1.0,312.224,578.169,1.0,315.869,570.642,1.0,321.108,565.31,1.0,326.097,561.845,1.0,333.454,552.238,1.0,540.505,606.358,1.0,543.909,598.438,1.0,549.373,593.462,1.0,553.755,585.626,1.0,558.217,576.38,1.0
161,621.893,430.648,1.0,632.223,434.286,1.0,634.167,444.166,1.0,630.229,454.436,1.0,628.205,462.71,1.0,,,,,,,,,,,,,,,,907.476,210.175,1.0,913.326,216.995,1.0,919.574,227.485,1.0,918.232,234.539,1.0,930.309,249.314,1.0,312.224,578.24,1.0,315.793,571.313,1.0,320.235,566.751,1.0,325.887,562.084,1.0,332.066,552.39,1.0,534.958,604.36,1.0,543.909,598.752,1.0,547.871,593.491,1.0,553.714,586.018,1.0,558.217,582.648,1.0
162,619.698,430.648,1.0,629.651,432.478,1.0,634.167,443.402,1.0,630.175,454.436,1.0,628.205,462.748,1.0,,,,,,,,,,,,,,,,906.735,210.175,1.0,911.854,215.946,1.0,918.151,226.335,1.0,916.986,233.266,1.0,929.885,248.355,1.0,311.531,582.432,1.0,314.563,576.623,1.0,319.567,567.51,1.0,321.459,562.116,1.0,328.908,552.853,1.0,534.679,604.002,1.0,542.428,600.523,1.0,547.665,597.15,1.0,551.577,589.342,1.0,557.694,584.046,1.0
163,619.698,428.04,1.0,628.178,432.203,1.0,634.167,443.191,1.0,630.114,454.219,1.0,628.205,462.71,1.0,,,,,,,,,,,,,,,,902.591,209.325,1.0,910.834,215.011,1.0,917.541,223.741,1.0,916.523,232.629,1.0,929.885,247.041,1.0,310.204,588.48,1.0,313.867,578.463,1.0,317.548,570.213,1.0,318.173,562.817,1.0,328.171,556.493,1.0,534.658,604.002,1.0,541.913,600.685,1.0,547.505,597.59,1.0,551.571,589.579,1.0,556.137,584.138,1.0
164,619.698,427.236,1.0,626.19,431.773,1.0,634.167,442.823,1.0,630.229,454.078,1.0,628.337,462.336,1.0,,,,,,,,,,,,,,,,902.312,208.834,1.0,910.834,213.366,1.0,914.011,223.605,1.0,915.704,230.924,1.0,924.973,240.32,1.0,309.654,588.551,1.0,313.027,578.774,1.0,317.013,570.352,1.0,317.553,563.131,1.0,328.091,559.405,1.0,534.315,604.002,1.0,541.499,600.97,1.0,547.089,598.054,1.0,550.68,591.449,1.0,554.173,584.517,1.0
165,619.572,423.342,1.0,622.784,428.083,1.0,630.438,441.95,1.0,630.854,453.292,1.0,629.688,462.145,1.0,,,,,,,,,,,,,,,,902.275,206.216,1.0,910.143,211.224,1.0,913.319,217.356,1.0,915.285,230.08,1.0,924.517,236.361,1.0,309.654,589.038,1.0,312.763,579.688,1.0,316.79,570.711,1.0,316.945,563.449,1.0,327.347,559.405,1.0,533.357,606.702,1.0,539.651,604.787,1.0,542.812,599.709,1.0,549.008,594.064,1.0,553.792,585.532,1.0
166,619.165,423.342,1.0,622.784,428.083,1.0,630.053,441.517,1.0,634.097,448.512,1.0,629.688,461.408,1.0,,,,,,,,,,,,,,,,902.076,206.054,1.0,909.748,210.6,1.0,910.566,216.761,1.0,914.062,227.609,1.0,924.457,235.756,1.0,309.654,589.038,1.0,312.623,580.954,1.0,315.703,571.356,1.0,316.639,564.94,1.0,326.668,559.405,1.0,532.581,613.971,1.0,537.34,608.702,1.0,541.872,602.481,1.0,543.751,594.673,1.0,552.369,588.573,1.0
167,619.165,423.342,1.0,622.784,428.083,1.0,630.053,441.517,1.0,634.097,448.512,1.0,629.688,461.03,1.0,,,,,,,,,,,,,,,,901.687,196.092,1.0,905.615,205.306,1.0,910.566,216.523,1.0,912.257,224.578,1.0,920.477,234.904,1.0,309.248,589.296,1.0,312.167,581.277,1.0,313.176,573.181,1.0,316.639,565.169,1.0,324.513,559.074,1.0,531.973,619.493,1.0,533.597,611.463,1.0,539.075,604.303,1.0,541.701,597.561,1.0,552.212,593.5,1.0
168,618.384,424.048,1.0,624.234,430.211,1.0,630.053,441.95,1.0,634.097,448.512,1.0,627.608,461.03,1.0,,,,,,,,,,,,,,,,897.112,188.055,1.0,901.132,198.253,1.0,905.64,210.206,1.0,911.317,212.304,1.0,914.286,225.566,1.0,309.928,589.7,1.0,311.189,583.351,1.0,311.618,574.756,1.0,316.416,566.005,1.0,321.341,559.072,1.0,531.464,619.737,1.0,533.085,611.547,1.0,538.662,604.508,1.0,540.943,597.839,1.0,550.993,593.5,1.0
169,618.384,431.064,1.0,625.88,433.355,1.0,630.512,443.487,1.0,633.927,450.717,1.0,625.76,460.562,1.0,,,,,,,,,,,,,,,,896.621,188.055,1.0,900.652,197.913,1.0,905.277,210.197,1.0,910.998,212.304,1.0,913.43,224.261,1.0,309.928,590.921,1.0,311.173,584.354,1.0,310.98,574.787,1.0,316.348,566.635,1.0,320.946,559.072,1.0,530.6,620.201,1.0,532.772,613.315,1.0,538.437,605.108,1.0,540.769,597.907,1.0,550.662,594.005,1.0
170,618.384,431.064,1.0,626.328,434.4,1.0,630.794,444.431,1.0,633.927,451.108,1.0,625.75,460.562,1.0,,,,,,,,,,,,,,,,895.853,188.055,1.0,900.587,197.816,1.0,904.764,209.273,1.0,909.806,212.304,1.0,912.87,224.044,1.0,309.337,590.984,1.0,311.084,585.465,1.0,310.98,576.065,1.0,316.348,566.635,1.0,320.631,559.074,1.0,529.498,620.738,1.0,532.544,614.359,1.0,536.417,606.771,1.0,539.673,598.822,1.0,546.35,594.12,1.0
171,618.433,431.068,1.0,626.328,434.803,1.0,631.878,445.198,1.0,632.439,451.163,1.0,625.75,461.03,1.0,,,,,,,,,,,,,,,,889.579,194.769,1.0,898.668,197.807,1.0,904.387,208.721,1.0,905.299,214.15,1.0,912.507,223.6,1.0,309.241,594.785,1.0,309.401,588.572,1.0,310.98,578.734,1.0,316.067,569.529,1.0,317.948,562.988,1.0,524.553,622.249,1.0,529.319,616.87,1.0,536.254,611.228,1.0,539.673,601.301,1.0,542.079,596.339,1.0
172,620.169,431.064,1.0,628.836,435.8,1.0,633.222,445.533,1.0,632.439,451.24,1.0,625.76,461.052,1.0,,,,,,,,,,,,,,,,885.597,196.432,1.0,898.385,196.703,1.0,900.621,206.067,1.0,903.1,214.15,1.0,912.42,221.41,1.0,305.959,598.299,1.0,309.04,589.457,1.0,310.98,583.975,1.0,315.67,572.42,1.0,317.948,566.91,1.0,522.825,622.557,1.0,529.069,617.474,1.0,535.885,613.007,1.0,539.673,602.497,1.0,541.249,598.188,1.0
173,631.693,430.932,1.0,634.147,439.676,1.0,631.878,447.21,1.0,632.439,455.876,1.0,629.482,462.415,1.0,,,,,,,,,,,,,,,,885.492,196.432,1.0,896.765,195.832,1.0,900.575,205.448,1.0,903.1,214.15,1.0,912.408,220.14,1.0,303.938,600.445,1.0,308.822,590.612,1.0,310.98,584.547,1.0,314.661,573.606,1.0,317.633,568.782,1.0,522.572,622.569,1.0,529.062,617.535,1.0,535.213,613.114,1.0,539.304,602.638,1.0,540.974,598.347,1.0
174,633.863,430.932,1.0,635.197,439.676,1.0,630.794,447.317,1.0,631.737,456.211,1.0,629.482,462.476,1.0,,,,,,,,,,,,,,,,884.501,196.432,1.0,896.765,195.382,1.0,898.964,203.879,1.0,902.71,212.496,1.0,912.382,219.451,1.0,303.887,603.042,1.0,305.96,591.894,1.0,310.749,584.762,1.0,313.848,575.156,1.0,317.343,569.304,1.0,522.563,623.685,1.0,529.062,617.942,1.0,534.671,613.958,1.0,538.73,603.837,1.0,540.813,600.402,1.0
175,636.459,435.211,1.0,635.279,439.676,1.0,631.632,447.317,1.0,631.595,457.565,1.0,630.098,462.476,1.0,,,,,,,,,,,,,,,,881.925,192.443,1.0,891.533,193.682,1.0,897.179,200.113,1.0,901.25,206.815,1.0,912.133,217.638,1.0,302.849,604.134,1.0,304.924,593.837,1.0,308.939,586.691,1.0,307.632,576.978,1.0,316.676,572.333,1.0,522.138,626.259,1.0,529.062,620.361,1.0,533.422,617.02,1.0,534.807,607.482,1.0,540.559,602.228,1.0
176,638.009,437.09,1.0,636.54,436.53,1.0,631.632,447.317,1.0,630.753,457.565,1.0,631.448,462.415,1.0,,,,,,,,,,,,,,,,877.651,184.984,1.0,881.125,186.472,1.0,892.818,195.905,1.0,899.117,202.052,1.0,908.97,211.857,1.0,299.835,607.497,1.0,303.882,597.202,1.0,308.939,589.699,1.0,307.317,580.743,1.0,316.676,574.431,1.0,519.908,633.443,1.0,529.027,627.686,1.0,530.513,618.531,1.0,534.287,612.812,1.0,539.343,604.765,1.0
177,641.478,443.808,1.0,640.401,436.53,1.0,630.977,444.116,1.0,629.999,457.565,1.0,631.448,462.403,1.0,,,,,,,,,,,,,,,,877.001,182.247,1.0,880.382,185.861,1.0,892.115,195.901,1.0,898.48,202.052,1.0,908.443,211.585,1.0,299.271,607.497,1.0,302.88,597.703,1.0,308.894,590.47,1.0,307.292,581.702,1.0,316.525,574.887,1.0,519.759,636.857,1.0,528.214,628.126,1.0,530.458,619.014,1.0,532.299,613.352,1.0,539.306,606.396,1.0
178,642.679,445.393,1.0,640.401,436.53,1.0,630.977,442.821,1.0,629.944,456.515,1.0,631.884,461.895,1.0,,,,,,,,,,,,,,,,873.588,181.419,1.0,879.822,185.369,1.0,891.067,195.114,1.0,897.138,201.694,1.0,907.789,209.298,1.0,298.953,608.046,1.0,302.706,598.054,1.0,307.837,590.992,1.0,307.292,583.223,1.0,312.372,575.145,1.0,519.05,637.107,1.0,527.937,628.933,1.0,530.453,619.743,1.0,532.299,613.944,1.0,539.287,606.521,1.0
179,645.291,446.539,1.0,640.401,437.556,1.0,630.977,442.354,1.0,629.65,455.817,1.0,632.838,461.768,1.0,,,,,,,,,,,,,,,,872.833,178.197,1.0,879.55,185.129,1.0,885.847,193.505,1.0,891.96,201.015,1.0,897.979,206.179,1.0,298.399,609.026,1.0,302.478,600.284,1.0,303.743,592.947,1.0,307.292,588.3,1.0,312.236,578.166,1.0,518.864,638.476,1.0,527.866,629.64,1.0,529.976,620.683,1.0,531.933,614.405,1.0,538.61,606.777,1.0
180,647.317,446.725,1.0,639.619,438.56,1.0,630.113,442.354,1.0,628.769,454.186,1.0,634.019,461.895,1.0,,,,,,,,,,,,,,,,871.0,176.775,1.0,879.298,184.561,1.0,883.941,192.468,1.0,888.797,200.351,1.0,897.506,204.414,1.0,298.399,609.404,1.0,301.266,602.93,1.0,303.341,596.195,1.0,306.888,592.125,1.0,311.996,580.755,1.0,516.951,638.775,1.0,525.491,634.249,1.0,526.479,624.619,1.0,528.168,617.55,1.0,532.712,608.494,1.0
181,647.566,449.529,1.0,639.619,441.338,1.0,630.113,442.354,1.0,628.519,450.004,1.0,634.275,462.176,1.0,,,,,,,,,,,,,,,,870.437,173.783,1.0,878.733,182.876,1.0,883.324,192.218,1.0,888.424,199.684,1.0,897.305,202.472,1.0,298.399,610.759,1.0,301.266,603.807,1.0,303.034,596.223,1.0,306.842,592.33,1.0,311.806,581.777,1.0,513.486,639.342,1.0,518.626,636.373,1.0,522.673,626.489,1.0,528.078,619.939,1.0,530.956,612.263,1.0
182,648.014,452.701,1.0,639.619,447.524,1.0,630.113,446.531,1.0,628.519,450.004,1.0,634.275,462.176,1.0,,,,,,,,,,,,,,,,867.706,172.586,1.0,877.018,182.876,1.0,879.36,186.735,1.0,886.36,194.943,1.0,896.208,201.324,1.0,298.399,611.25,1.0,301.266,605.241,1.0,302.399,596.914,1.0,306.533,592.364,1.0,311.335,583.212,1.0,513.276,640.053,1.0,518.588,637.241,1.0,521.734,626.718,1.0,527.571,620.127,1.0,530.492,613.523,1.0
183,648.388,453.581,1.0,639.67,448.791,1.0,630.139,447.112,1.0,628.769,450.004,1.0,634.275,462.375,1.0,,,,,,,,,,,,,,,,863.226,171.11,1.0,869.605,176.379,1.0,878.434,183.52,1.0,885.151,190.119,1.0,895.375,199.525,1.0,298.399,619.893,1.0,301.53,610.342,1.0,301.276,599.862,1.0,302.072,593.639,1.0,311.254,587.87,1.0,513.276,640.243,1.0,518.544,637.633,1.0,521.095,626.855,1.0,527.145,620.688,1.0,530.492,614.566,1.0
184,651.891,458.606,1.0,640.828,450.888,1.0,630.756,447.112,1.0,628.769,451.001,1.0,632.197,463.994,1.0,,,,,,,,,,,,,,,,862.88,169.492,1.0,865.681,171.622,1.0,877.043,182.935,1.0,883.743,189.381,1.0,894.073,197.409,1.0,298.199,620.975,1.0,301.53,614.507,1.0,300.876,603.146,1.0,300.655,595.442,1.0,309.185,589.705,1.0,513.486,642.358,1.0,518.099,639.45,1.0,520.679,628.28,1.0,526.192,621.479,1.0,530.381,616.756,1.0
185,654.107,458.769,1.0,644.256,452.295,1.0,631.074,447.112,1.0,629.931,451.782,1.0,632.197,464.961,1.0,,,,,,,,,,,,,,,,862.091,164.624,1.0,864.733,171.455,1.0,875.83,181.824,1.0,882.899,188.236,1.0,893.95,196.686,1.0,298.136,621.324,1.0,301.53,616.029,1.0,300.647,604.05,1.0,300.655,596.064,1.0,308.044,589.732,1.0,515.591,652.21,1.0,517.37,640.243,1.0,519.327,635.243,1.0,522.246,627.119,1.0,530.381,619.624,1.0
186,654.658,459.135,1.0,645.118,452.295,1.0,634.066,447.886,1.0,630.712,451.837,1.0,631.193,464.961,1.0,,,,,,,,,,,,,,,,862.06,161.86,1.0,864.494,168.918,1.0,874.9,180.068,1.0,880.554,187.773,1.0,893.602,195.509,1.0,297.209,621.487,1.0,300.103,616.069,1.0,300.407,604.903,1.0,300.655,597.966,1.0,308.013,589.732,1.0,515.591,652.671,1.0,514.662,642.97,1.0,519.327,635.649,1.0,521.916,628.782,1.0,529.166,620.59,1.0
187,657.203,464.547,1.0,649.21,452.295,1.0,634.838,447.886,1.0,631.266,452.574,1.0,631.161,464.961,1.0,,,,,,,,,,,,,,,,857.231,161.86,1.0,863.454,168.658,1.0,869.908,177.777,1.0,877.647,187.749,1.0,883.019,192.306,1.0,294.718,622.123,1.0,296.013,616.754,1.0,299.232,608.811,1.0,301.17,598.924,1.0,307.724,589.705,1.0,515.591,653.437,1.0,514.359,644.148,1.0,519.327,635.723,1.0,521.376,629.306,1.0,528.852,621.244,1.0
188,659.14,464.957,1.0,651.266,450.275,1.0,642.87,447.886,1.0,631.374,452.796,1.0,628.931,461.344,1.0,,,,,,,,,,,,,,,,854.819,161.5,1.0,863.364,168.002,1.0,868.266,177.21,1.0,875.166,187.447,1.0,881.305,190.763,1.0,292.973,624.122,1.0,295.318,618.407,1.0,299.137,610.236,1.0,301.17,599.211,1.0,302.715,590.921,1.0,515.089,653.437,1.0,514.194,644.597,1.0,519.612,637.605,1.0,521.376,629.849,1.0,528.725,621.356,1.0
189,660.993,464.957,1.0,653.288,450.275,1.0,644.184,449.499,1.0,631.374,452.253,1.0,628.931,461.022,1.0,,,,,,,,,,,,,,,,853.471,159.05,1.0,863.227,167.398,1.0,868.061,177.114,1.0,874.393,187.447,1.0,880.513,190.642,1.0,292.963,624.697,1.0,294.711,618.897,1.0,299.014,610.416,1.0,301.17,599.976,1.0,302.575,590.921,1.0,514.122,653.437,1.0,514.122,644.716,1.0,519.612,638.688,1.0,521.646,630.08,1.0,528.115,623.573,1.0
190,662.095,464.547,1.0,655.462,450.275,1.0,645.785,451.133,1.0,633.018,452.796,1.0,628.884,460.523,1.0,,,,,,,,,,,,,,,,853.245,158.365,1.0,861.236,167.398,1.0,866.846,176.363,1.0,873.077,186.186,1.0,880.391,190.602,1.0,292.916,625.636,1.0,294.509,619.965,1.0,297.1,610.547,1.0,301.145,599.976,1.0,301.817,590.921,1.0,509.198,653.749,1.0,513.0,647.702,1.0,519.612,641.46,1.0,520.941,630.432,1.0,524.513,625.136,1.0
191,663.924,460.001,1.0,657.44,452.892,1.0,645.785,452.871,1.0,635.076,452.796,1.0,628.83,460.306,1.0,,,,,,,,,,,,,,,,843.943,158.365,1.0,855.896,163.018,1.0,862.828,172.61,1.0,872.078,175.996,1.0,879.167,186.745,1.0,291.464,629.43,1.0,294.509,622.732,1.0,296.319,612.857,1.0,300.719,603.114,1.0,301.521,595.931,1.0,503.674,653.437,1.0,512.904,647.935,1.0,516.327,642.454,1.0,521.194,633.321,1.0,524.349,626.582,1.0
192,664.139,458.714,1.0,657.449,453.151,1.0,648.177,453.37,1.0,635.085,452.909,1.0,628.145,460.232,1.0,,,,,,,,,,,,,,,,843.882,158.365,1.0,855.103,161.978,1.0,862.214,171.892,1.0,870.25,175.996,1.0,879.146,185.679,1.0,290.931,632.573,1.0,291.999,623.07,1.0,294.325,616.502,1.0,299.972,605.769,1.0,301.521,600.634,1.0,503.674,653.431,1.0,512.209,648.112,1.0,516.121,642.853,1.0,521.194,634.0,1.0,524.021,626.984,1.0
193,664.265,458.714,1.0,658.827,453.579,1.0,649.982,453.507,1.0,635.393,452.535,1.0,628.145,458.272,1.0,,,,,,,,,,,,,,,,843.861,158.365,1.0,853.543,161.868,1.0,861.894,171.599,1.0,869.806,174.437,1.0,877.177,185.45,1.0,290.931,633.691,1.0,291.568,625.817,1.0,294.325,618.208,1.0,295.55,607.499,1.0,301.11,601.33,1.0,502.459,653.431,1.0,511.95,648.683,1.0,515.968,643.537,1.0,518.642,637.575,1.0,523.755,628.182,1.0
194,665.316,458.714,1.0,659.04,453.713,1.0,649.982,456.715,1.0,636.328,452.966,1.0,628.145,458.272,1.0,,,,,,,,,,,,,,,,840.699,158.328,1.0,849.833,161.65,1.0,860.266,168.747,1.0,866.55,173.224,1.0,877.177,182.228,1.0,290.894,634.324,1.0,291.043,626.917,1.0,294.325,619.674,1.0,295.503,608.813,1.0,300.928,602.191,1.0,502.459,655.997,1.0,510.994,648.829,1.0,515.043,644.208,1.0,517.816,640.317,1.0,523.755,629.752,1.0
195,665.435,459.033,1.0,660.015,453.954,1.0,649.982,456.783,1.0,636.717,454.347,1.0,629.229,457.727,1.0,,,,,,,,,,,,,,,,838.268,156.966,1.0,849.694,158.575,1.0,857.434,167.405,1.0,863.284,172.873,1.0,875.825,180.433,1.0,290.707,635.828,1.0,291.043,628.549,1.0,294.734,621.518,1.0,295.173,610.787,1.0,300.578,604.694,1.0,500.583,655.997,1.0,507.927,652.728,1.0,511.724,649.326,1.0,517.279,641.36,1.0,523.755,633.21,1.0
196,668.352,460.38,1.0,664.285,454.561,1.0,654.913,457.06,1.0,646.804,458.006,1.0,632.14,457.727,1.0,,,,,,,,,,,,,,,,838.268,155.053,1.0,847.707,157.798,1.0,854.018,165.17,1.0,863.228,170.379,1.0,874.937,177.626,1.0,290.707,637.811,1.0,291.043,628.975,1.0,294.734,622.99,1.0,295.173,613.937,1.0,300.497,606.96,1.0,499.502,660.474,1.0,505.826,655.996,1.0,511.168,650.211,1.0,511.324,641.603,1.0,520.94,636.589,1.0
197,669.482,460.563,1.0,664.285,454.815,1.0,654.913,457.06,1.0,646.804,458.342,1.0,632.181,457.493,1.0,,,,,,,,,,,,,,,,838.268,154.596,1.0,847.306,157.08,1.0,853.981,164.135,1.0,861.822,170.379,1.0,873.951,177.13,1.0,291.074,638.864,1.0,291.553,629.465,1.0,294.734,623.786,1.0,294.916,614.61,1.0,300.137,607.635,1.0,499.502,661.694,1.0,505.407,656.374,1.0,510.733,650.339,1.0,510.457,642.536,1.0,520.803,637.071,1.0
198,670.222,460.563,1.0,664.285,454.998,1.0,655.17,456.865,1.0,646.837,458.408,1.0,632.32,457.727,1.0,,,,,,,,,,,,,,,,839.64,150.2,1.0,846.095,154.361,1.0,852.192,162.572,1.0,860.241,169.054,1.0,868.447,176.135,1.0,291.346,638.977,1.0,291.801,630.314,1.0,293.577,623.999,1.0,294.915,615.813,1.0,297.215,607.646,1.0,499.502,662.558,1.0,505.016,657.539,1.0,510.439,650.819,1.0,510.448,642.536,1.0,520.479,638.899,1.0
199,671.832,460.563,1.0,664.681,454.998,1.0,655.17,457.06,1.0,646.804,458.408,1.0,632.32,457.727,1.0,,,,,,,,,,,,,,,,839.756,145.138,1.0,845.721,154.289,1.0,851.053,162.479,1.0,857.222,168.863,1.0,865.998,175.573,1.0,291.663,644.626,1.0,292.106,633.449,1.0,291.085,629.594,1.0,293.127,623.523,1.0,296.861,611.438,1.0,501.135,667.832,1.0,504.61,659.106,1.0,508.618,650.881,1.0,509.634,643.219,1.0,519.968,638.899,1.0
200,671.859,462.393,1.0,665.331,456.671,1.0,656.142,457.568,1.0,646.961,458.408,1.0,633.837,458.354,1.0,,,,,,,,,,,,,,,,839.756,142.179,1.0,843.416,152.372,1.0,850.165,161.627,1.0,855.997,168.863,1.0,865.239,175.411,1.0,291.75,645.755,1.0,292.047,634.828,1.0,290.7,629.652,1.0,293.127,623.866,1.0,296.454,611.48,1.0,501.985,670.879,1.0,504.273,659.864,1.0,505.139,653.245,1.0,509.23,647.337,1.0,519.702,640.541,1.0
201,673.635,467.648,1.0,669.497,462.827,1.0,658.833,459.931,1.0,646.213,456.063,1.0,637.036,458.354,1.0,,,,,,,,,,,,,,,,839.756,141.326,1.0,843.155,150.909,1.0,850.156,158.961,1.0,855.963,168.863,1.0,864.485,174.484,1.0,291.981,646.063,1.0,292.212,635.209,1.0,290.7,630.095,1.0,293.127,624.425,1.0,296.119,612.397,1.0,501.985,671.194,1.0,503.579,661.753,1.0,503.774,654.788,1.0,509.216,647.337,1.0,516.068,640.541,1.0
202,675.953,468.757,1.0,671.737,464.727,1.0,661.021,461.483,1.0,646.713,455.747,1.0,640.236,458.354,1.0,,,,,,,,,,,,,,,,838.692,139.172,1.0,842.688,147.684,1.0,849.42,155.64,1.0,854.93,161.814,1.0,862.734,171.33,1.0,295.723,653.919,1.0,292.384,640.074,1.0,291.085,631.688,1.0,294.109,624.496,1.0,296.11,616.163,1.0,502.252,671.862,1.0,503.325,665.871,1.0,503.675,656.86,1.0,508.269,647.856,1.0,512.198,640.598,1.0
203,676.88,468.757,1.0,671.737,464.801,1.0,661.021,461.483,1.0,646.713,455.348,1.0,640.844,457.51,1.0,,,,,,,,,,,,,,,,838.277,137.861,1.0,841.598,146.776,1.0,849.111,153.716,1.0,851.234,157.394,1.0,862.278,169.746,1.0,296.061,653.919,1.0,292.865,641.726,1.0,291.862,632.006,1.0,294.109,624.856,1.0,295.151,618.198,1.0,502.252,673.073,1.0,503.126,667.097,1.0,503.415,657.133,1.0,508.269,648.029,1.0,510.379,640.598,1.0
204,677.465,468.757,1.0,671.836,465.364,1.0,661.021,461.483,1.0,646.961,455.348,1.0,640.844,457.287,1.0,,,,,,,,,,,,,,,,837.752,137.861,1.0,841.273,146.121,1.0,847.149,153.716,1.0,848.196,157.394,1.0,859.458,169.277,1.0,296.367,654.492,1.0,293.285,642.861,1.0,292.108,633.932,1.0,294.109,626.257,1.0,295.101,618.411,1.0,501.985,673.185,1.0,502.807,667.451,1.0,503.194,657.595,1.0,508.178,648.029,1.0,510.379,640.825,1.0
205,678.775,467.36,1.0,671.836,465.46,1.0,660.337,461.483,1.0,647.61,455.125,1.0,640.236,456.849,1.0,,,,,,,,,,,,,,,,836.618,137.861,1.0,840.417,146.121,1.0,845.276,153.716,1.0,847.993,157.394,1.0,858.288,169.277,1.0,297.417,654.776,1.0,294.071,643.279,1.0,293.067,633.932,1.0,293.2,626.507,1.0,294.791,619.672,1.0,501.559,678.128,1.0,501.948,669.239,1.0,503.415,659.737,1.0,508.009,650.287,1.0,509.557,644.534,1.0
206,678.779,459.529,1.0,671.964,465.46,1.0,660.337,461.555,1.0,648.557,454.939,1.0,636.436,456.568,1.0,,,,,,,,,,,,,,,,828.667,142.349,1.0,839.12,146.776,1.0,844.032,153.74,1.0,847.89,157.557,1.0,858.254,169.225,1.0,298.226,656.682,1.0,294.908,648.49,1.0,294.163,639.335,1.0,292.322,631.039,1.0,294.245,622.643,1.0,501.559,684.348,1.0,501.08,671.149,1.0,503.415,662.441,1.0,507.502,652.645,1.0,509.557,647.345,1.0
207,681.734,459.522,1.0,672.381,465.46,1.0,660.337,462.553,1.0,648.681,453.633,1.0,636.436,455.926,1.0,,,,,,,,,,,,,,,,826.126,152.012,1.0,835.336,148.704,1.0,843.517,153.74,1.0,847.89,159.684,1.0,858.174,169.225,1.0,298.655,658.066,1.0,295.457,649.159,1.0,295.346,639.477,1.0,292.297,631.725,1.0,293.197,624.168,1.0,499.996,684.754,1.0,499.911,673.413,1.0,503.098,665.419,1.0,506.36,655.341,1.0,509.557,648.969,1.0
208,681.734,459.522,1.0,672.381,464.671,1.0,660.337,462.553,1.0,648.681,453.633,1.0,636.436,455.926,1.0,,,,,,,,,,,,,,,,824.106,152.012,1.0,834.557,149.026,1.0,843.398,153.74,1.0,847.89,159.684,1.0,857.729,169.225,1.0,298.772,658.433,1.0,295.768,649.545,1.0,295.346,640.328,1.0,292.297,633.348,1.0,292.101,625.332,1.0,499.039,684.89,1.0,498.493,675.595,1.0,503.098,667.249,1.0,502.613,656.661,1.0,508.915,649.719,1.0
209,678.775,459.522,1.0,672.381,463.151,1.0,660.104,462.553,1.0,648.681,453.633,1.0,637.812,455.926,1.0,,,,,,,,,,,,,,,,823.304,152.303,1.0,831.639,149.353,1.0,841.374,151.216,1.0,847.89,157.557,1.0,857.507,166.782,1.0,299.687,659.586,1.0,295.906,651.336,1.0,294.163,644.784,1.0,292.322,637.346,1.0,290.733,631.048,1.0,498.857,684.89,1.0,497.789,675.938,1.0,503.098,667.443,1.0,502.333,656.992,1.0,508.915,650.26,1.0
210,669.06,468.836,1.0,666.217,463.151,1.0,658.271,462.834,1.0,648.681,453.822,1.0,637.812,456.245,1.0,,,,,,,,,,,,,,,,822.637,152.303,1.0,829.819,150.572,1.0,839.665,151.216,1.0,846.836,156.479,1.0,857.232,161.632,1.0,300.669,669.627,1.0,299.267,658.011,1.0,295.346,647.391,1.0,294.968,641.068,1.0,290.733,631.991,1.0,498.23,684.754,1.0,497.484,676.04,1.0,502.92,668.012,1.0,502.131,657.677,1.0,508.915,651.295,1.0
211,665.664,468.836,1.0,663.327,464.671,1.0,656.836,462.834,1.0,645.789,454.377,1.0,638.001,456.335,1.0,,,,,,,,,,,,,,,,820.056,151.474,1.0,827.471,150.572,1.0,835.598,151.216,1.0,844.383,154.716,1.0,855.258,161.632,1.0,300.758,669.627,1.0,299.688,658.317,1.0,296.067,647.438,1.0,295.205,641.157,1.0,290.733,635.647,1.0,492.587,684.544,1.0,497.484,677.545,1.0,502.736,669.468,1.0,502.131,658.329,1.0,508.865,653.179,1.0
212,654.991,468.836,1.0,659.458,465.313,1.0,653.952,462.834,1.0,645.789,455.718,1.0,638.001,456.335,1.0,,,,,,,,,,,,,,,,814.18,151.132,1.0,824.086,150.637,1.0,835.324,149.828,1.0,844.251,152.731,1.0,849.65,161.288,1.0,301.361,669.627,1.0,301.491,660.125,1.0,296.931,652.448,1.0,296.522,643.387,1.0,292.032,636.285,1.0,490.039,683.525,1.0,497.789,678.866,1.0,502.015,669.643,1.0,502.613,660.237,1.0,508.548,654.104,1.0
213,650.797,467.393,1.0,659.198,465.354,1.0,653.849,463.769,1.0,648.317,455.718,1.0,638.001,456.245,1.0,,,,,,,,,,,,,,,,809.707,150.994,1.0,815.906,150.637,1.0,830.387,149.828,1.0,835.285,152.731,1.0,849.413,158.405,1.0,301.384,669.348,1.0,303.317,663.388,1.0,297.603,653.245,1.0,296.522,645.794,1.0,292.037,636.582,1.0,488.783,683.525,1.0,499.093,679.065,1.0,501.754,670.138,1.0,502.35,664.559,1.0,508.421,655.13,1.0
214,650.393,467.393,1.0,656.762,465.39,1.0,653.849,463.769,1.0,648.317,455.718,1.0,638.766,455.686,1.0,,,,,,,,,,,,,,,,809.625,150.3,1.0,815.134,150.637,1.0,829.539,149.908,1.0,835.039,152.845,1.0,848.81,158.405,1.0,301.616,669.348,1.0,304.128,664.195,1.0,297.607,653.274,1.0,296.751,646.061,1.0,292.156,637.296,1.0,487.523,683.525,1.0,499.093,679.233,1.0,501.141,671.259,1.0,502.35,664.559,1.0,508.12,655.412,1.0
215,648.431,467.393,1.0,655.798,465.354,1.0,653.849,463.769,1.0,650.041,455.657,1.0,639.011,455.044,1.0,,,,,,,,,,,,,,,,807.979,150.3,1.0,815.028,150.299,1.0,828.805,149.908,1.0,833.104,154.716,1.0,845.09,157.43,1.0,301.616,669.348,1.0,304.128,664.444,1.0,297.86,653.431,1.0,296.656,648.951,1.0,294.528,638.014,1.0,487.523,684.15,1.0,499.093,679.764,1.0,501.105,671.37,1.0,502.35,664.63,1.0,506.086,655.55,1.0
216,647.047,468.21,1.0,653.83,465.354,1.0,656.994,461.355,1.0,650.041,455.657,1.0,640.031,454.979,1.0,,,,,,,,,,,,,,,,803.376,145.601,1.0,810.282,149.707,1.0,820.756,149.908,1.0,829.812,154.738,1.0,838.8,157.136,1.0,302.381,676.753,1.0,304.128,664.972,1.0,300.765,660.441,1.0,296.656,649.211,1.0,295.982,644.838,1.0,486.285,685.644,1.0,496.275,680.082,1.0,499.965,671.728,1.0,500.021,664.849,1.0,505.856,655.412,1.0
217,644.955,471.573,1.0,653.83,465.503,1.0,656.994,461.355,1.0,650.548,455.657,1.0,640.262,454.95,1.0,,,,,,,,,,,,,,,,798.622,144.249,1.0,806.734,149.622,1.0,818.985,149.908,1.0,827.806,154.738,1.0,836.912,154.567,1.0,303.592,677.527,1.0,304.125,665.918,1.0,301.005,660.699,1.0,296.047,650.342,1.0,295.982,646.108,1.0,484.193,686.454,1.0,492.875,680.129,1.0,497.02,672.381,1.0,498.568,665.48,1.0,505.745,655.412,1.0
218,641.002,471.866,1.0,652.336,465.503,1.0,656.994,461.355,1.0,650.548,455.624,1.0,640.408,454.434,1.0,,,,,,,,,,,,,,,,797.673,143.804,1.0,806.083,149.336,1.0,818.724,149.908,1.0,827.153,154.738,1.0,835.892,154.567,1.0,304.437,678.24,1.0,304.125,666.958,1.0,301.734,661.923,1.0,296.656,651.362,1.0,296.615,646.853,1.0,479.246,688.857,1.0,485.431,681.263,1.0,494.867,673.823,1.0,496.786,666.538,1.0,505.724,655.55,1.0
219,638.402,473.365,1.0,649.092,466.696,1.0,652.368,461.924,1.0,649.697,454.902,1.0,641.279,453.623,1.0,,,,,,,,,,,,,,,,797.673,143.804,1.0,805.136,149.622,1.0,818.529,149.13,1.0,826.411,154.275,1.0,835.601,154.567,1.0,307.574,684.125,1.0,304.125,673.159,1.0,302.796,664.659,1.0,296.656,656.217,1.0,296.63,647.225,1.0,478.731,690.072,1.0,485.004,681.604,1.0,491.406,674.194,1.0,496.212,667.563,1.0,502.914,661.642,1.0
220,637.761,476.439,1.0,645.83,468.349,1.0,651.581,463.192,1.0,649.662,453.384,1.0,641.279,452.158,1.0,,,,,,,,,,,,,,,,797.673,145.601,1.0,805.136,149.707,1.0,817.604,149.13,1.0,826.073,154.153,1.0,835.537,155.106,1.0,308.045,687.711,1.0,305.421,676.292,1.0,303.161,665.981,1.0,297.385,659.396,1.0,296.713,651.846,1.0,478.199,690.402,1.0,483.85,681.604,1.0,489.354,674.223,1.0,495.285,667.892,1.0,502.394,663.645,1.0
221,635.72,476.796,1.0,642.338,470.213,1.0,650.643,464.058,1.0,649.662,453.384,1.0,640.821,450.922,1.0,,,,,,,,,,,,,,,,798.47,155.151,1.0,804.036,151.251,1.0,817.387,149.058,1.0,826.073,153.407,1.0,835.276,155.979,1.0,308.045,687.997,1.0,306.448,676.64,1.0,303.628,669.273,1.0,297.477,659.649,1.0,296.715,652.089,1.0,477.581,690.493,1.0,483.245,681.604,1.0,487.605,674.938,1.0,493.706,667.892,1.0,502.264,665.496,1.0
222,634.046,476.796,1.0,640.542,470.438,1.0,647.212,465.201,1.0,648.596,453.384,1.0,640.821,450.78,1.0,,,,,,,,,,,,,,,,798.47,159.331,1.0,804.036,154.16,1.0,816.701,149.058,1.0,826.073,153.193,1.0,835.13,155.979,1.0,308.045,688.065,1.0,307.075,677.191,1.0,303.933,670.383,1.0,297.477,660.091,1.0,296.961,652.283,1.0,477.357,690.493,1.0,482.927,681.663,1.0,487.311,675.004,1.0,493.174,668.109,1.0,502.123,666.007,1.0
223,631.71,477.602,1.0,638.924,470.691,1.0,645.79,466.711,1.0,648.596,454.988,1.0,640.654,450.78,1.0,,,,,,,,,,,,,,,,798.47,163.135,1.0,804.036,155.873,1.0,815.961,149.273,1.0,826.073,151.95,1.0,834.556,155.979,1.0,308.045,688.065,1.0,307.916,678.153,1.0,303.933,671.602,1.0,297.477,660.934,1.0,296.961,652.31,1.0,477.312,690.493,1.0,482.14,681.768,1.0,487.053,675.859,1.0,491.369,669.111,1.0,502.123,667.239,1.0
224,630.497,477.602,1.0,635.023,472.323,1.0,643.055,466.999,1.0,646.07,457.371,1.0,640.494,450.922,1.0,,,,,,,,,,,,,,,,795.657,163.135,1.0,802.771,156.482,1.0,814.534,149.468,1.0,824.586,150.791,1.0,834.21,155.38,1.0,308.419,688.065,1.0,308.373,678.166,1.0,304.382,672.372,1.0,297.31,660.934,1.0,296.894,652.31,1.0,472.323,691.305,1.0,481.251,685.493,1.0,485.611,679.225,1.0,485.12,674.363,1.0,498.983,667.677,1.0
225,629.993,477.602,1.0,634.333,472.646,1.0,641.257,467.518,1.0,644.11,458.297,1.0,639.17,452.251,1.0,,,,,,,,,,,,,,,,794.853,163.199,1.0,802.182,157.787,1.0,812.14,150.262,1.0,819.33,150.791,1.0,830.62,153.892,1.0,310.006,686.236,1.0,308.595,678.166,1.0,304.449,672.562,1.0,297.283,661.074,1.0,296.894,652.345,1.0,472.323,691.734,1.0,481.163,686.118,1.0,485.028,679.374,1.0,484.349,674.763,1.0,497.688,667.945,1.0
226,629.156,478.114,1.0,632.86,472.811,1.0,639.691,468.054,1.0,643.341,459.801,1.0,639.17,453.689,1.0,,,,,,,,,,,,,,,,794.235,163.199,1.0,801.757,158.53,1.0,811.934,156.105,1.0,818.966,150.183,1.0,830.019,152.677,1.0,310.17,686.236,1.0,308.595,678.483,1.0,304.714,672.762,1.0,297.281,661.085,1.0,296.894,652.345,1.0,472.046,692.466,1.0,480.173,688.296,1.0,484.756,679.911,1.0,484.304,675.13,1.0,497.287,668.793,1.0
227,624.644,482.458,1.0,631.733,480.675,1.0,634.736,469.606,1.0,642.881,463.369,1.0,639.17,455.965,1.0,,,,,,,,,,,,,,,,792.706,167.993,1.0,800.992,161.399,1.0,807.055,158.734,1.0,814.364,150.183,1.0,829.731,152.341,1.0,311.217,686.236,1.0,308.396,678.521,1.0,304.714,672.762,1.0,297.091,661.622,1.0,296.894,652.38,1.0,471.864,695.149,1.0,479.811,689.225,1.0,484.134,680.325,1.0,484.191,675.238,1.0,496.979,669.048,1.0
228,623.606,485.72,1.0,631.631,481.554,1.0,634.482,470.129,1.0,642.832,464.781,1.0,642.509,456.434,1.0,,,,,,,,,,,,,,,,787.18,171.438,1.0,796.914,165.148,1.0,805.018,158.734,1.0,812.006,151.025,1.0,822.284,152.341,1.0,311.822,686.317,1.0,308.396,678.483,1.0,305.054,673.065,1.0,297.091,662.138,1.0,296.894,652.725,1.0,470.842,699.754,1.0,479.348,690.881,1.0,482.774,681.017,1.0,483.213,677.309,1.0,493.18,670.976,1.0
229,623.25,486.018,1.0,631.189,481.554,1.0,634.246,470.899,1.0,642.624,464.787,1.0,642.733,456.434,1.0,,,,,,,,,,,,,,,,786.815,171.579,1.0,795.226,165.437,1.0,804.355,160.762,1.0,811.747,152.04,1.0,821.62,152.341,1.0,311.822,686.351,1.0,308.396,677.801,1.0,305.271,673.065,1.0,297.091,662.719,1.0,297.13,653.409,1.0,468.955,700.004,1.0,474.49,694.505,1.0,478.373,687.777,1.0,482.503,680.98,1.0,488.843,671.049,1.0
230,622.809,486.258,1.0,630.069,481.733,1.0,634.095,472.465,1.0,642.464,465.572,1.0,643.007,456.434,1.0,,,,,,,,,,,,,,,,786.105,171.799,1.0,793.06,165.648,1.0,800.432,161.608,1.0,811.687,152.238,1.0,820.996,152.341,1.0,312.215,686.351,1.0,308.396,678.119,1.0,305.362,672.062,1.0,297.486,663.085,1.0,297.505,653.823,1.0,467.627,700.004,1.0,473.639,695.121,1.0,476.961,687.777,1.0,481.118,681.299,1.0,488.832,672.159,1.0
231,620.616,490.256,1.0,624.753,481.888,1.0,633.521,475.774,1.0,637.664,465.712,1.0,643.184,457.146,1.0,,,,,,,,,,,,,,,,780.227,175.908,1.0,785.372,165.648,1.0,797.421,163.372,1.0,803.648,161.32,1.0,812.441,153.685,1.0,312.868,686.317,1.0,308.633,677.801,1.0,305.271,671.951,1.0,297.566,663.379,1.0,297.505,653.967,1.0,466.701,700.763,1.0,471.168,695.58,1.0,476.92,688.029,1.0,481.11,681.889,1.0,488.697,672.535,1.0
232,620.367,493.453,1.0,623.209,483.421,1.0,632.21,476.783,1.0,636.074,469.937,1.0,643.007,459.193,1.0,,,,,,,,,,,,,,,,778.813,176.252,1.0,783.342,166.114,1.0,796.056,164.558,1.0,802.945,162.178,1.0,811.863,154.398,1.0,313.632,685.992,1.0,308.888,677.801,1.0,305.271,671.951,1.0,297.77,663.085,1.0,297.505,653.979,1.0,465.864,700.763,1.0,470.338,695.797,1.0,476.804,688.564,1.0,480.012,681.889,1.0,488.41,672.625,1.0
233,620.011,494.479,1.0,623.095,483.813,1.0,631.714,477.012,1.0,634.521,470.217,1.0,643.007,461.094,1.0,,,,,,,,,,,,,,,,778.568,176.503,1.0,782.891,166.114,1.0,794.228,164.785,1.0,801.749,163.912,1.0,811.686,154.455,1.0,314.651,685.992,1.0,309.864,678.119,1.0,305.271,671.951,1.0,297.859,663.379,1.0,297.64,654.024,1.0,463.464,700.004,1.0,467.117,695.797,1.0,473.229,688.626,1.0,479.88,682.205,1.0,487.818,677.652,1.0
234,619.735,494.479,1.0,623.095,483.893,1.0,631.455,477.012,1.0,634.242,470.217,1.0,642.959,461.179,1.0,,,,,,,,,,,,,,,,772.045,177.292,1.0,778.968,170.907,1.0,786.906,166.382,1.0,794.134,165.638,1.0,807.156,156.902,1.0,314.962,685.992,1.0,310.141,678.654,1.0,306.278,673.995,1.0,303.481,663.622,1.0,297.64,654.963,1.0,460.586,700.001,1.0,464.525,695.71,1.0,473.146,690.895,1.0,475.223,682.451,1.0,485.199,680.799,1.0
235,619.183,494.479,1.0,622.871,483.978,1.0,631.455,478.291,1.0,633.629,470.976,1.0,641.977,461.278,1.0,,,,,,,,,,,,,,,,768.934,177.628,1.0,778.612,173.704,1.0,786.725,167.135,1.0,793.921,165.836,1.0,805.066,158.657,1.0,316.327,687.432,1.0,310.815,681.002,1.0,306.838,674.444,1.0,303.481,663.73,1.0,299.461,656.254,1.0,455.41,698.844,1.0,464.265,695.71,1.0,471.26,691.129,1.0,474.555,682.451,1.0,484.388,681.542,1.0
236,616.792,494.517,1.0,622.339,485.921,1.0,625.446,478.796,1.0,633.629,471.25,1.0,640.802,464.483,1.0,,,,,,,,,,,,,,,,768.483,178.578,1.0,777.541,173.763,1.0,785.297,167.561,1.0,790.77,166.787,1.0,804.996,159.362,1.0,317.238,687.521,1.0,310.926,681.252,1.0,306.947,674.481,1.0,303.481,663.73,1.0,299.702,657.27,1.0,454.702,698.844,1.0,463.475,695.71,1.0,470.433,691.244,1.0,474.317,682.451,1.0,482.979,682.404,1.0
237,616.564,495.164,1.0,619.835,487.35,1.0,624.625,479.51,1.0,633.629,471.461,1.0,638.93,464.535,1.0,,,,,,,,,,,,,,,,758.684,179.613,1.0,769.784,178.83,1.0,779.009,175.261,1.0,784.627,168.427,1.0,793.875,159.362,1.0,317.437,688.005,1.0,311.969,681.342,1.0,307.755,674.783,1.0,303.481,669.269,1.0,300.094,657.617,1.0,454.476,698.844,1.0,463.099,695.71,1.0,469.44,692.141,1.0,473.489,683.746,1.0,482.447,682.942,1.0
238,616.011,496.341,1.0,619.759,487.393,1.0,624.525,479.89,1.0,633.629,473.454,1.0,637.033,468.634,1.0,,,,,,,,,,,,,,,,758.451,185.314,1.0,767.794,180.373,1.0,775.534,175.261,1.0,782.286,168.427,1.0,793.349,161.395,1.0,318.189,690.338,1.0,315.949,682.002,1.0,308.775,676.703,1.0,303.481,673.107,1.0,300.355,662.687,1.0,454.258,702.623,1.0,462.924,699.346,1.0,468.411,694.058,1.0,467.447,689.192,1.0,482.079,683.041,1.0
239,615.925,496.375,1.0,619.374,487.393,1.0,624.406,480.748,1.0,633.629,473.717,1.0,637.033,468.641,1.0,,,,,,,,,,,,,,,,757.884,185.913,1.0,765.592,182.352,1.0,775.353,176.197,1.0,781.92,168.617,1.0,793.23,162.403,1.0,321.186,690.371,1.0,318.359,682.101,1.0,312.228,677.049,1.0,306.329,673.107,1.0,300.556,665.195,1.0,453.1,703.199,1.0,461.006,700.823,1.0,465.863,694.091,1.0,467.447,689.198,1.0,476.633,683.787,1.0
240,614.9,496.524,1.0,618.607,488.048,1.0,623.965,481.942,1.0,633.318,474.42,1.0,637.033,468.662,1.0,,,,,,,,,,,,,,,,756.003,189.041,1.0,764.285,183.374,1.0,771.709,176.248,1.0,779.733,168.856,1.0,786.935,165.552,1.0,321.305,690.479,1.0,318.359,682.637,1.0,312.446,678.268,1.0,307.328,673.167,1.0,301.407,665.195,1.0,451.841,703.281,1.0,459.748,701.634,1.0,465.385,698.09,1.0,467.447,689.594,1.0,476.467,684.25,1.0
241,607.911,498.738,1.0,614.578,494.627,1.0,620.777,485.369,1.0,628.194,480.374,1.0,637.033,470.892,1.0,,,,,,,,,,,,,,,,750.815,189.111,1.0,755.042,183.802,1.0,766.432,179.681,1.0,774.051,174.485,1.0,780.473,167.998,1.0,323.57,691.413,1.0,319.045,683.561,1.0,312.781,678.7,1.0,309.048,673.517,1.0,302.694,665.511,1.0,451.536,704.411,1.0,458.746,702.692,1.0,464.509,698.09,1.0,465.569,691.855,1.0,476.228,685.018,1.0
242,605.067,498.765,1.0,612.394,495.323,1.0,620.516,490.021,1.0,623.055,481.73,1.0,633.881,471.473,1.0,,,,,,,,,,,,,,,,750.328,191.744,1.0,753.822,184.337,1.0,766.184,180.767,1.0,773.394,177.826,1.0,780.463,168.532,1.0,324.605,694.392,1.0,321.204,685.971,1.0,315.755,680.687,1.0,311.22,676.314,1.0,303.384,665.855,1.0,450.882,705.157,1.0,457.139,703.709,1.0,463.255,698.678,1.0,465.569,691.957,1.0,476.156,685.842,1.0
243,604.905,500.125,1.0,610.828,496.969,1.0,619.832,490.577,1.0,621.086,482.176,1.0,633.767,474.313,1.0,,,,,,,,,,,,,,,,745.737,191.744,1.0,753.124,185.334,1.0,764.786,181.812,1.0,770.994,178.323,1.0,778.786,169.368,1.0,325.803,702.489,1.0,321.227,690.208,1.0,318.249,681.206,1.0,314.037,677.39,1.0,304.44,666.434,1.0,445.98,706.959,1.0,451.499,705.237,1.0,459.368,700.944,1.0,464.025,694.135,1.0,470.607,686.174,1.0
244,604.329,500.268,1.0,610.134,497.006,1.0,619.721,490.904,1.0,620.382,482.501,1.0,633.288,474.587,1.0,,,,,,,,,,,,,,,,742.158,189.246,1.0,751.334,187.179,1.0,761.378,185.002,1.0,763.133,180.173,1.0,776.391,174.241,1.0,326.128,702.489,1.0,321.204,690.208,1.0,318.249,681.386,1.0,314.037,677.417,1.0,304.774,666.434,1.0,445.937,714.951,1.0,448.107,706.444,1.0,456.993,701.622,1.0,462.507,694.135,1.0,469.36,687.621,1.0
245,602.859,500.282,1.0,610.134,498.834,1.0,619.641,492.371,1.0,619.764,483.594,1.0,633.151,476.242,1.0,,,,,,,,,,,,,,,,741.257,189.246,1.0,750.577,187.688,1.0,757.784,185.379,1.0,762.487,183.714,1.0,774.388,174.761,1.0,326.128,702.489,1.0,321.204,690.208,1.0,318.249,681.456,1.0,314.275,677.612,1.0,304.896,666.78,1.0,445.711,715.397,1.0,447.98,707.487,1.0,456.993,701.874,1.0,462.038,694.157,1.0,468.931,690.65,1.0
246,601.381,506.465,1.0,610.134,501.732,1.0,615.989,492.371,1.0,619.253,485.056,1.0,629.767,477.851,1.0,,,,,,,,,,,,,,,,740.729,189.992,1.0,750.326,187.924,1.0,757.119,186.458,1.0,761.743,183.925,1.0,773.592,175.532,1.0,326.273,692.573,1.0,321.663,689.89,1.0,317.863,681.572,1.0,314.275,677.891,1.0,304.896,666.434,1.0,444.586,717.309,1.0,447.829,708.263,1.0,456.381,702.223,1.0,461.616,694.157,1.0,468.867,691.2,1.0
247,600.39,508.94,1.0,609.536,502.894,1.0,615.551,492.62,1.0,617.738,485.372,1.0,628.373,478.042,1.0,,,,,,,,,,,,,,,,733.152,189.992,1.0,746.298,192.15,1.0,754.542,187.162,1.0,761.14,184.523,1.0,773.263,175.852,1.0,329.987,686.781,1.0,321.663,686.503,1.0,317.456,682.3,1.0,315.211,677.914,1.0,304.924,666.78,1.0,443.838,718.525,1.0,447.647,708.542,1.0,455.423,704.4,1.0,458.267,694.157,1.0,466.478,691.968,1.0
248,600.18,508.94,1.0,609.589,504.763,1.0,613.18,492.62,1.0,617.545,485.699,1.0,625.319,479.578,1.0,,,,,,,,,,,,,,,,733.152,194.248,1.0,740.604,192.15,1.0,750.676,188.424,1.0,757.022,184.523,1.0,765.662,179.467,1.0,329.987,683.451,1.0,322.227,684.397,1.0,317.456,682.499,1.0,315.211,678.711,1.0,304.924,667.11,1.0,439.538,720.109,1.0,447.212,708.542,1.0,453.624,705.741,1.0,458.078,696.483,1.0,463.744,695.649,1.0
249,600.18,510.704,1.0,609.589,504.763,1.0,612.781,492.62,1.0,617.545,485.699,1.0,625.241,479.584,1.0,,,,,,,,,,,,,,,,733.152,197.468,1.0,739.309,193.365,1.0,746.553,189.263,1.0,752.958,185.128,1.0,765.662,180.405,1.0,329.686,680.04,1.0,324.399,680.79,1.0,317.456,684.479,1.0,315.211,678.828,1.0,304.261,667.995,1.0,436.825,720.284,1.0,445.045,708.686,1.0,452.614,706.303,1.0,457.714,699.479,1.0,460.305,698.813,1.0
250,600.354,510.704,1.0,609.536,505.365,1.0,611.818,492.62,1.0,617.545,485.699,1.0,623.893,479.584,1.0,,,,,,,,,,,,,,,,733.316,200.122,1.0,739.309,193.37,1.0,746.164,189.401,1.0,751.594,184.523,1.0,764.773,181.458,1.0,329.987,677.038,1.0,324.646,680.054,1.0,317.667,685.38,1.0,314.706,679.076,1.0,303.984,668.451,1.0,436.788,720.442,1.0,444.312,708.686,1.0,452.524,706.465,1.0,457.238,699.633,1.0,460.305,698.813,1.0
251,599.628,510.704,1.0,606.42,505.886,1.0,610.856,496.002,1.0,617.389,487.792,1.0,623.42,482.962,1.0,,,,,,,,,,,,,,,,736.402,204.629,1.0,739.309,194.139,1.0,744.576,189.401,1.0,750.402,183.415,1.0,764.773,182.762,1.0,331.33,675.884,1.0,324.843,679.729,1.0,317.796,685.629,1.0,314.612,679.298,1.0,303.689,668.451,1.0,435.949,720.284,1.0,443.675,709.295,1.0,451.195,707.039,1.0,456.5,700.403,1.0,459.209,698.813,1.0
252,600.354,514.771,1.0,605.211,506.704,1.0,608.819,500.849,1.0,617.357,492.262,1.0,623.42,488.404,1.0,,,,,,,,,,,,,,,,736.402,207.486,1.0,739.309,199.996,1.0,743.742,192.402,1.0,749.663,183.415,1.0,764.559,182.762,1.0,331.189,675.884,1.0,325.812,679.358,1.0,317.796,685.629,1.0,314.588,679.805,1.0,303.689,668.451,1.0,435.949,720.109,1.0,443.132,710.134,1.0,450.265,708.063,1.0,454.794,701.363,1.0,459.052,696.777,1.0
253,600.734,515.661,1.0,605.063,506.787,1.0,608.267,502.64,1.0,616.057,494.27,1.0,622.785,488.558,1.0,,,,,,,,,,,,,,,,736.402,211.343,1.0,739.309,202.146,1.0,742.726,192.491,1.0,749.435,184.059,1.0,762.573,183.624,1.0,331.189,675.884,1.0,325.812,679.358,1.0,317.667,685.38,1.0,314.288,679.805,1.0,303.689,668.435,1.0,435.949,720.442,1.0,440.629,710.876,1.0,446.439,709.457,1.0,454.126,703.735,1.0,458.673,696.777,1.0
254,600.354,520.821,1.0,603.218,509.809,1.0,606.787,503.006,1.0,614.652,494.846,1.0,622.785,488.962,1.0,,,,,,,,,,,,,,,,734.904,212.354,1.0,737.52,202.544,1.0,742.494,194.213,1.0,749.402,184.059,1.0,760.959,184.228,1.0,331.189,676.894,1.0,325.812,679.358,1.0,317.088,685.291,1.0,313.897,679.805,1.0,304.01,668.332,1.0,436.345,720.62,1.0,440.603,712.82,1.0,446.414,709.516,1.0,453.603,706.615,1.0,458.673,696.777,1.0
255,599.628,520.989,1.0,602.243,511.043,1.0,605.988,504.139,1.0,612.452,498.875,1.0,622.785,489.162,1.0,,,,,,,,,,,,,,,,734.869,215.015,1.0,736.987,204.615,1.0,742.494,197.719,1.0,749.402,185.099,1.0,759.376,184.544,1.0,330.814,681.382,1.0,324.244,679.358,1.0,316.96,682.659,1.0,313.897,677.5,1.0,304.798,667.231,1.0,436.471,722.798,1.0,440.603,717.557,1.0,444.481,711.972,1.0,451.797,706.615,1.0,458.673,698.358,1.0
256,598.7,525.584,1.0,600.501,512.421,1.0,605.102,506.679,1.0,608.801,499.234,1.0,618.46,489.659,1.0,,,,,,,,,,,,,,,,734.568,221.698,1.0,736.987,213.091,1.0,740.894,202.925,1.0,741.295,196.761,1.0,754.904,187.084,1.0,324.441,686.672,1.0,321.18,679.539,1.0,316.779,679.548,1.0,313.897,675.36,1.0,305.277,666.132,1.0,437.48,726.531,1.0,440.603,719.183,1.0,444.208,712.315,1.0,450.014,706.615,1.0,458.673,700.364,1.0
257,594.747,525.876,1.0,597.022,518.319,1.0,603.382,509.888,1.0,605.396,502.506,1.0,617.226,493.843,1.0,,,,,,,,,,,,,,,,733.599,223.07,1.0,735.995,214.233,1.0,740.831,205.571,1.0,741.295,196.788,1.0,751.985,189.111,1.0,312.466,687.805,1.0,321.18,680.365,1.0,316.611,679.548,1.0,315.139,675.36,1.0,305.447,665.775,1.0,437.84,726.883,1.0,440.264,720.941,1.0,444.189,713.438,1.0,448.761,706.615,1.0,458.673,700.924,1.0
258,591.201,529.217,1.0,596.831,518.319,1.0,602.783,509.888,1.0,604.564,504.131,1.0,615.736,497.481,1.0,,,,,,,,,,,,,,,,733.427,223.688,1.0,734.923,214.574,1.0,740.262,205.794,1.0,740.855,196.918,1.0,751.14,189.128,1.0,310.508,687.866,1.0,321.18,683.826,1.0,316.779,679.548,1.0,315.386,675.36,1.0,305.508,665.775,1.0,437.84,727.426,1.0,440.264,721.712,1.0,444.158,714.386,1.0,447.26,706.88,1.0,458.068,700.924,1.0
259,591.119,529.217,1.0,596.659,519.335,1.0,601.519,511.401,1.0,604.279,504.131,1.0,615.277,497.481,1.0,,,,,,,,,,,,,,,,730.013,223.932,1.0,734.799,216.122,1.0,735.751,206.376,1.0,740.855,201.1,1.0,749.581,191.908,1.0,310.363,688.07,1.0,321.18,683.893,1.0,316.96,679.75,1.0,315.598,675.695,1.0,305.658,665.801,1.0,437.84,733.433,1.0,439.195,721.903,1.0,441.871,715.92,1.0,445.29,709.819,1.0,456.882,701.778,1.0
260,590.647,529.217,1.0,595.02,519.758,1.0,601.362,512.342,1.0,603.978,504.216,1.0,614.109,497.804,1.0,,,,,,,,,,,,,,,,727.855,227.517,1.0,732.761,220.471,1.0,735.751,212.827,1.0,739.914,207.876,1.0,747.309,196.142,1.0,309.851,688.242,1.0,321.18,684.934,1.0,317.188,680.255,1.0,315.777,676.449,1.0,305.694,665.603,1.0,436.122,733.67,1.0,438.658,725.332,1.0,440.745,717.433,1.0,444.785,710.218,1.0,456.468,703.603,1.0
261,583.338,529.075,1.0,592.796,520.529,1.0,600.812,512.946,1.0,603.978,506.162,1.0,608.93,498.756,1.0,,,,,,,,,,,,,,,,727.535,228.082,1.0,732.458,220.852,1.0,735.497,214.165,1.0,739.791,207.929,1.0,746.966,196.478,1.0,309.68,688.286,1.0,313.945,685.773,1.0,317.188,680.255,1.0,315.889,676.7,1.0,305.694,665.603,1.0,434.371,733.769,1.0,437.638,725.785,1.0,438.652,718.697,1.0,443.952,710.564,1.0,451.777,703.9,1.0
262,582.023,529.075,1.0,592.796,521.409,1.0,598.565,517.105,1.0,602.781,506.448,1.0,606.233,501.866,1.0,,,,,,,,,,,,,,,,726.39,228.249,1.0,731.631,220.944,1.0,735.209,214.213,1.0,739.699,208.277,1.0,746.742,196.681,1.0,309.691,688.861,1.0,313.945,685.83,1.0,317.188,680.255,1.0,315.889,676.7,1.0,305.694,665.562,1.0,433.463,734.473,1.0,437.242,726.336,1.0,438.412,718.707,1.0,443.756,710.621,1.0,450.269,703.9,1.0
263,582.023,529.075,1.0,592.466,523.034,1.0,598.5,517.657,1.0,602.737,507.617,1.0,605.887,503.563,1.0,,,,,,,,,,,,,,,,723.331,235.925,1.0,726.094,225.807,1.0,732.531,218.864,1.0,732.845,210.502,1.0,743.443,203.202,1.0,309.691,688.861,1.0,313.945,685.83,1.0,317.179,680.288,1.0,315.889,676.7,1.0,305.536,665.562,1.0,432.881,733.861,1.0,436.474,726.667,1.0,438.412,718.959,1.0,443.756,710.621,1.0,448.672,704.245,1.0
264,582.023,529.193,1.0,591.127,523.165,1.0,598.193,518.025,1.0,602.029,508.216,1.0,605.817,504.876,1.0,,,,,,,,,,,,,,,,719.378,236.346,1.0,724.159,230.253,1.0,730.19,222.061,1.0,732.271,215.342,1.0,740.282,206.884,1.0,309.851,688.861,1.0,322.087,685.83,1.0,317.165,680.239,1.0,315.468,676.579,1.0,305.254,665.562,1.0,432.447,734.701,1.0,436.003,727.671,1.0,438.412,720.303,1.0,443.468,711.414,1.0,448.052,706.233,1.0
265,583.201,532.03,1.0,591.127,525.801,1.0,595.765,519.933,1.0,600.625,511.407,1.0,604.579,505.625,1.0,,,,,,,,,,,,,,,,719.36,239.312,1.0,723.368,230.48,1.0,729.249,222.322,1.0,731.852,215.832,1.0,740.139,207.568,1.0,311.2,688.861,1.0,322.6,685.773,1.0,316.898,680.163,1.0,315.126,676.501,1.0,305.114,665.728,1.0,425.815,735.414,1.0,433.191,728.571,1.0,438.412,724.169,1.0,442.848,713.077,1.0,447.054,709.434,1.0
266,584.747,541.134,1.0,591.003,531.609,1.0,592.658,520.388,1.0,598.186,513.309,1.0,604.472,508.289,1.0,,,,,,,,,,,,,,,,717.529,240.564,1.0,723.343,230.851,1.0,726.61,222.909,1.0,731.715,216.199,1.0,738.447,208.531,1.0,316.199,689.217,1.0,322.665,682.584,1.0,313.073,680.001,1.0,314.116,676.01,1.0,305.114,665.77,1.0,425.0,735.867,1.0,432.952,728.786,1.0,437.875,726.049,1.0,442.802,715.094,1.0,446.256,711.048,1.0
267,584.747,542.627,1.0,589.398,532.256,1.0,592.017,521.508,1.0,597.221,518.025,1.0,604.087,508.621,1.0,,,,,,,,,,,,,,,,714.625,240.709,1.0,720.318,233.572,1.0,725.265,227.576,1.0,730.893,216.841,1.0,735.919,210.743,1.0,323.657,690.099,1.0,322.665,682.584,1.0,313.073,680.001,1.0,313.209,676.01,1.0,305.114,665.956,1.0,424.343,736.625,1.0,432.574,729.556,1.0,437.875,726.86,1.0,441.997,717.172,1.0,444.759,714.023,1.0
268,584.747,542.627,1.0,589.104,533.537,1.0,591.352,522.068,1.0,594.902,518.853,1.0,604.087,509.631,1.0,,,,,,,,,,,,,,,,714.625,243.134,1.0,719.56,236.093,1.0,724.437,230.157,1.0,730.893,218.849,1.0,735.276,213.511,1.0,325.476,690.321,1.0,322.087,682.584,1.0,313.073,680.001,1.0,313.168,676.01,1.0,305.657,666.134,1.0,424.343,736.907,1.0,432.086,729.618,1.0,437.799,726.86,1.0,441.423,717.644,1.0,444.759,714.162,1.0
269,584.581,542.627,1.0,588.117,535.146,1.0,591.243,526.889,1.0,594.902,518.981,1.0,604.084,510.165,1.0,,,,,,,,,,,,,,,,712.762,243.717,1.0,719.152,236.805,1.0,724.163,231.327,1.0,730.174,219.69,1.0,733.305,214.491,1.0,326.707,691.966,1.0,319.753,682.646,1.0,316.38,681.0,1.0,313.149,676.524,1.0,306.164,666.225,1.0,424.32,737.371,1.0,431.801,731.084,1.0,436.534,726.994,1.0,441.065,718.093,1.0,443.833,714.432,1.0
270,583.866,542.177,1.0,584.598,536.471,1.0,590.36,526.889,1.0,593.69,519.86,1.0,603.399,510.165,1.0,,,,,,,,,,,,,,,,711.785,252.581,1.0,719.152,240.343,1.0,720.109,233.769,1.0,722.184,221.363,1.0,732.675,216.419,1.0,326.814,692.48,1.0,319.753,686.529,1.0,316.758,681.0,1.0,313.149,676.778,1.0,306.164,666.225,1.0,424.146,741.338,1.0,430.583,734.477,1.0,434.644,727.241,1.0,436.966,719.391,1.0,443.833,715.457,1.0
271,577.842,540.404,1.0,583.531,537.715,1.0,590.36,526.889,1.0,593.548,520.417,1.0,602.944,511.985,1.0,,,,,,,,,,,,,,,,711.356,252.779,1.0,716.604,244.841,1.0,719.67,233.89,1.0,722.184,229.123,1.0,731.383,221.947,1.0,328.909,692.89,1.0,319.753,687.562,1.0,317.081,681.067,1.0,313.168,677.157,1.0,306.224,666.134,1.0,422.039,741.54,1.0,428.353,738.166,1.0,433.019,727.983,1.0,434.593,723.21,1.0,443.833,716.144,1.0
272,572.059,539.737,1.0,581.809,538.221,1.0,590.303,526.492,1.0,592.736,520.786,1.0,602.173,512.455,1.0,,,,,,,,,,,,,,,,707.48,253.464,1.0,714.225,247.797,1.0,719.422,238.351,1.0,721.722,230.189,1.0,731.235,221.958,1.0,328.909,693.146,1.0,320.492,687.583,1.0,317.647,681.069,1.0,313.708,677.222,1.0,306.254,666.106,1.0,420.278,741.584,1.0,427.226,738.166,1.0,431.782,731.318,1.0,433.598,723.921,1.0,443.833,717.699,1.0
273,571.31,539.737,1.0,581.373,537.802,1.0,590.158,526.45,1.0,591.942,520.606,1.0,601.724,512.455,1.0,,,,,,,,,,,,,,,,706.636,254.687,1.0,713.987,247.797,1.0,718.675,239.079,1.0,721.722,230.417,1.0,730.729,223.14,1.0,328.977,693.991,1.0,321.374,688.08,1.0,317.771,681.114,1.0,313.996,677.665,1.0,306.224,665.965,1.0,418.656,741.584,1.0,426.383,738.193,1.0,430.81,731.814,1.0,433.598,723.961,1.0,443.784,717.699,1.0
274,570.537,539.833,1.0,579.931,538.279,1.0,589.746,526.353,1.0,591.591,520.606,1.0,599.595,512.515,1.0,,,,,,,,,,,,,,,,700.395,253.464,1.0,709.366,247.797,1.0,717.01,239.378,1.0,720.198,231.571,1.0,727.643,223.83,1.0,329.21,700.788,1.0,322.106,688.457,1.0,318.324,681.114,1.0,314.521,677.77,1.0,306.134,665.95,1.0,417.718,741.701,1.0,423.228,738.523,1.0,428.936,732.088,1.0,432.134,724.288,1.0,443.312,717.775,1.0
275,569.473,539.833,1.0,578.423,538.279,1.0,585.877,526.353,1.0,589.29,520.417,1.0,600.591,512.756,1.0,,,,,,,,,,,,,,,,698.712,252.779,1.0,703.71,247.866,1.0,713.128,240.176,1.0,717.265,231.632,1.0,724.322,225.095,1.0,329.253,702.105,1.0,323.792,690.426,1.0,319.097,681.449,1.0,315.208,678.085,1.0,305.658,665.919,1.0,413.743,741.86,1.0,419.745,739.578,1.0,427.326,732.822,1.0,430.18,725.121,1.0,439.215,718.077,1.0
276,568.892,540.014,1.0,577.086,538.279,1.0,583.812,526.353,1.0,589.29,520.606,1.0,600.591,514.006,1.0,,,,,,,,,,,,,,,,697.944,251.946,1.0,703.488,247.471,1.0,711.283,241.343,1.0,715.556,233.094,1.0,721.382,228.414,1.0,329.356,702.105,1.0,324.02,691.228,1.0,319.216,681.671,1.0,315.842,678.196,1.0,305.602,665.919,1.0,412.953,745.804,1.0,418.063,739.947,1.0,426.818,732.827,1.0,429.126,726.268,1.0,436.944,718.338,1.0
277,568.618,540.665,1.0,577.086,537.802,1.0,583.231,526.353,1.0,589.018,519.004,1.0,599.018,514.222,1.0,,,,,,,,,,,,,,,,697.375,251.946,1.0,701.43,247.471,1.0,710.951,241.728,1.0,715.048,233.607,1.0,721.127,230.144,1.0,329.475,702.409,1.0,324.4,691.784,1.0,319.287,682.054,1.0,315.842,678.207,1.0,305.602,665.919,1.0,411.707,745.934,1.0,416.812,740.432,1.0,425.98,732.976,1.0,428.452,726.268,1.0,435.349,721.227,1.0
278,568.535,540.665,1.0,574.596,536.339,1.0,583.148,526.438,1.0,588.714,519.004,1.0,598.381,515.531,1.0,,,,,,,,,,,,,,,,693.738,251.946,1.0,701.312,247.866,1.0,709.924,243.746,1.0,714.832,233.862,1.0,719.604,232.371,1.0,329.475,702.665,1.0,326.355,692.705,1.0,319.475,682.054,1.0,315.208,678.496,1.0,305.602,667.347,1.0,411.085,746.307,1.0,416.812,741.308,1.0,425.953,735.331,1.0,426.626,725.903,1.0,435.079,722.413,1.0
279,565.97,540.907,1.0,574.47,536.339,1.0,582.195,526.552,1.0,587.399,520.413,1.0,596.016,516.797,1.0,,,,,,,,,,,,,,,,689.717,255.69,1.0,698.601,250.786,1.0,705.825,247.757,1.0,711.588,238.294,1.0,716.851,233.226,1.0,329.558,702.686,1.0,326.399,692.782,1.0,319.598,682.109,1.0,307.338,678.496,1.0,306.74,670.2,1.0,410.412,747.215,1.0,416.812,741.681,1.0,423.516,735.331,1.0,426.485,725.903,1.0,434.339,723.286,1.0
280,562.984,540.907,1.0,573.774,536.465,1.0,579.098,526.552,1.0,586.638,522.458,1.0,594.418,519.599,1.0,,,,,,,,,,,,,,,,686.375,257.982,1.0,693.215,253.857,1.0,701.429,250.507,1.0,708.47,241.089,1.0,716.357,233.498,1.0,329.815,702.708,1.0,326.473,692.913,1.0,319.615,682.23,1.0,307.291,678.575,1.0,306.768,670.396,1.0,408.991,747.944,1.0,415.616,741.681,1.0,423.464,735.797,1.0,425.731,728.41,1.0,433.535,724.385,1.0
281,560.854,544.072,1.0,567.515,536.339,1.0,576.056,527.298,1.0,584.23,522.458,1.0,593.143,519.599,1.0,,,,,,,,,,,,,,,,685.934,258.173,1.0,692.962,253.988,1.0,701.401,250.734,1.0,707.961,241.884,1.0,716.268,233.862,1.0,329.815,702.708,1.0,326.473,692.782,1.0,319.651,682.23,1.0,307.291,678.496,1.0,306.877,670.396,1.0,407.778,747.944,1.0,414.331,742.033,1.0,418.488,735.988,1.0,425.731,728.41,1.0,431.043,726.196,1.0
282,559.611,544.072,1.0,566.999,536.339,1.0,575.42,528.011,1.0,583.879,523.252,1.0,590.951,520.394,1.0,,,,,,,,,,,,,,,,685.362,258.568,1.0,692.553,254.433,1.0,701.359,250.849,1.0,707.152,241.932,1.0,716.268,233.862,1.0,329.896,702.708,1.0,326.399,693.022,1.0,319.829,682.673,1.0,307.291,678.496,1.0,306.905,670.424,1.0,406.588,748.354,1.0,412.199,742.033,1.0,418.042,736.841,1.0,425.712,730.07,1.0,428.415,728.448,1.0
283,558.607,544.54,1.0,563.388,535.867,1.0,573.311,528.116,1.0,582.307,523.603,1.0,588.004,520.962,1.0,,,,,,,,,,,,,,,,684.103,269.004,1.0,692.189,259.275,1.0,697.132,253.643,1.0,700.694,245.204,1.0,713.989,239.669,1.0,330.749,702.708,1.0,326.329,693.022,1.0,320.629,685.351,1.0,315.054,678.618,1.0,310.183,670.424,1.0,405.844,754.065,1.0,411.658,742.033,1.0,417.625,737.093,1.0,425.712,730.807,1.0,428.415,728.448,1.0
284,557.553,545.68,1.0,561.482,535.183,1.0,570.716,529.94,1.0,579.997,527.662,1.0,586.932,520.962,1.0,,,,,,,,,,,,,,,,680.645,269.202,1.0,691.943,261.539,1.0,696.737,253.643,1.0,699.102,245.204,1.0,710.328,239.956,1.0,330.749,702.708,1.0,326.286,693.022,1.0,320.629,685.393,1.0,315.469,678.67,1.0,312.582,670.455,1.0,405.446,748.354,1.0,411.633,741.602,1.0,417.625,737.419,1.0,425.055,731.039,1.0,428.415,728.824,1.0
285,550.961,548.081,1.0,559.578,535.123,1.0,568.489,531.627,1.0,571.798,528.1,1.0,586.897,525.026,1.0,,,,,,,,,,,,,,,,680.137,269.202,1.0,691.2,261.539,1.0,696.34,256.424,1.0,698.98,245.608,1.0,709.112,240.264,1.0,330.749,702.872,1.0,326.286,693.022,1.0,320.711,685.403,1.0,315.5,678.67,1.0,312.582,670.796,1.0,404.794,748.302,1.0,410.881,741.229,1.0,417.411,737.876,1.0,424.178,731.328,1.0,431.685,728.824,1.0
286,550.635,548.081,1.0,559.083,535.183,1.0,567.476,532.584,1.0,571.729,530.841,1.0,585.895,526.487,1.0,,,,,,,,,,,,,,,,680.075,269.202,1.0,691.2,262.082,1.0,694.357,257.487,1.0,697.685,245.608,1.0,707.789,241.526,1.0,330.632,703.146,1.0,326.329,693.036,1.0,320.711,685.403,1.0,315.625,678.924,1.0,312.708,670.965,1.0,402.092,748.302,1.0,410.735,741.229,1.0,416.915,738.089,1.0,423.573,731.771,1.0,431.685,728.735,1.0
287,550.618,548.081,1.0,558.939,535.183,1.0,563.624,532.623,1.0,569.583,531.514,1.0,585.768,526.796,1.0,,,,,,,,,,,,,,,,679.432,270.363,1.0,684.446,262.816,1.0,690.668,258.478,1.0,697.659,248.416,1.0,705.871,246.45,1.0,330.632,703.193,1.0,326.684,693.323,1.0,320.923,685.92,1.0,315.734,679.138,1.0,313.09,671.181,1.0,401.946,745.996,1.0,409.67,741.229,1.0,416.88,739.737,1.0,422.553,737.578,1.0,431.685,728.735,1.0
288,544.315,538.862,1.0,554.92,535.936,1.0,563.624,535.962,1.0,567.415,532.563,1.0,581.03,526.796,1.0,,,,,,,,,,,,,,,,670.125,270.492,1.0,678.0,270.599,1.0,686.443,260.733,1.0,693.842,258.659,1.0,701.953,246.982,1.0,330.632,704.115,1.0,326.755,694.656,1.0,321.208,687.145,1.0,316.62,679.721,1.0,312.919,671.643,1.0,399.112,740.208,1.0,402.816,741.932,1.0,413.856,740.19,1.0,421.509,739.037,1.0,426.802,728.824,1.0
289,537.17,538.727,1.0,548.548,540.582,1.0,558.808,537.969,1.0,564.978,535.608,1.0,574.992,526.796,1.0,,,,,,,,,,,,,,,,669.147,270.363,1.0,677.173,270.599,1.0,685.483,261.534,1.0,693.638,258.659,1.0,700.195,247.258,1.0,330.753,704.234,1.0,327.106,695.094,1.0,321.248,687.843,1.0,316.692,680.06,1.0,312.919,671.947,1.0,397.565,740.159,1.0,401.38,741.932,1.0,412.126,740.19,1.0,420.068,739.079,1.0,426.732,730.222,1.0
290,537.17,538.727,1.0,548.028,540.582,1.0,558.578,538.834,1.0,564.104,535.608,1.0,573.783,526.796,1.0,,,,,,,,,,,,,,,,667.947,270.492,1.0,676.028,271.679,1.0,684.272,261.822,1.0,692.775,259.033,1.0,698.903,248.721,1.0,330.965,704.676,1.0,327.537,695.456,1.0,321.942,688.391,1.0,316.734,680.274,1.0,312.919,672.888,1.0,396.664,740.159,1.0,400.807,741.932,1.0,410.984,741.095,1.0,420.052,739.079,1.0,426.395,730.348,1.0
291,537.17,538.727,1.0,547.723,540.582,1.0,558.353,538.912,1.0,563.265,535.608,1.0,571.955,528.708,1.0,,,,,,,,,,,,,,,,667.334,270.492,1.0,675.596,272.051,1.0,684.002,266.74,1.0,684.296,259.266,1.0,697.947,251.453,1.0,331.042,705.306,1.0,327.94,695.997,1.0,322.551,688.845,1.0,316.785,680.83,1.0,312.919,673.346,1.0,395.508,740.159,1.0,400.312,741.815,1.0,410.119,741.573,1.0,419.681,739.079,1.0,426.355,730.682,1.0
292,537.17,542.188,1.0,547.639,540.741,1.0,557.156,539.37,1.0,563.265,535.608,1.0,571.127,529.884,1.0,,,,,,,,,,,,,,,,665.676,270.544,1.0,669.401,272.051,1.0,680.192,267.054,1.0,684.173,260.988,1.0,696.027,254.381,1.0,331.042,705.409,1.0,328.276,695.997,1.0,322.667,689.997,1.0,316.785,682.058,1.0,312.919,675.137,1.0,391.841,751.505,1.0,399.753,741.775,1.0,408.067,741.58,1.0,412.87,739.079,1.0,426.132,730.711,1.0
293,537.314,544.518,1.0,544.912,540.741,1.0,553.436,539.426,1.0,558.197,535.089,1.0,570.763,530.085,1.0,,,,,,,,,,,,,,,,665.676,270.649,1.0,669.401,272.051,1.0,679.645,267.277,1.0,683.763,261.607,1.0,695.056,255.049,1.0,331.273,705.485,1.0,328.348,695.997,1.0,322.897,690.126,1.0,316.86,682.09,1.0,312.971,675.362,1.0,390.809,752.472,1.0,398.653,741.775,1.0,407.674,741.917,1.0,411.776,739.079,1.0,425.14,731.743,1.0
294,537.314,544.759,1.0,544.734,540.741,1.0,552.542,540.126,1.0,557.721,535.003,1.0,570.571,530.316,1.0,,,,,,,,,,,,,,,,665.676,274.739,1.0,669.356,272.194,1.0,678.692,267.277,1.0,682.68,261.641,1.0,694.307,255.446,1.0,331.298,705.568,1.0,328.507,695.997,1.0,323.005,690.314,1.0,316.785,682.305,1.0,311.571,675.369,1.0,390.461,752.472,1.0,397.922,741.807,1.0,407.242,744.473,1.0,410.954,741.054,1.0,419.951,733.737,1.0
295,537.314,544.759,1.0,544.734,541.802,1.0,550.771,540.208,1.0,555.479,534.5,1.0,570.571,531.066,1.0,,,,,,,,,,,,,,,,662.425,284.686,1.0,669.356,275.407,1.0,676.6,267.452,1.0,681.612,262.158,1.0,693.373,256.142,1.0,331.298,705.568,1.0,328.742,695.997,1.0,323.073,690.454,1.0,316.729,682.374,1.0,313.006,675.762,1.0,389.97,752.629,1.0,397.922,741.807,1.0,407.242,744.473,1.0,410.869,741.054,1.0,419.951,734.086,1.0
296,536.476,546.485,1.0,544.602,542.735,1.0,550.714,540.868,1.0,554.396,534.5,1.0,570.571,531.451,1.0,,,,,,,,,,,,,,,,662.289,284.818,1.0,668.126,277.265,1.0,671.12,268.658,1.0,681.245,263.788,1.0,686.16,258.372,1.0,332.952,706.413,1.0,328.878,696.904,1.0,323.14,691.679,1.0,316.658,683.519,1.0,314.436,675.91,1.0,389.672,752.629,1.0,397.643,741.775,1.0,407.242,744.637,1.0,410.781,741.054,1.0,419.875,734.086,1.0
297,536.476,555.63,1.0,544.602,542.754,1.0,549.405,541.526,1.0,553.116,534.175,1.0,570.571,531.96,1.0,,,,,,,,,,,,,,,,660.317,286.42,1.0,664.479,277.413,1.0,670.858,269.259,1.0,680.926,264.015,1.0,686.16,259.736,1.0,333.606,707.013,1.0,329.839,697.311,1.0,323.183,692.484,1.0,316.658,684.737,1.0,314.436,677.176,1.0,388.647,752.377,1.0,397.175,741.807,1.0,406.292,745.117,1.0,410.471,741.214,1.0,419.276,734.086,1.0
298,534.856,555.779,1.0,544.264,544.423,1.0,547.925,541.526,1.0,553.116,534.175,1.0,566.609,533.678,1.0,,,,,,,,,,,,,,,,659.442,288.982,1.0,664.453,280.656,1.0,670.753,270.812,1.0,680.926,264.593,1.0,685.156,259.876,1.0,333.788,707.445,1.0,331.119,698.612,1.0,324.53,694.274,1.0,316.164,687.216,1.0,314.436,680.327,1.0,387.056,752.219,1.0,395.593,741.986,1.0,404.192,745.117,1.0,407.553,741.214,1.0,419.276,734.682,1.0
299,534.856,557.808,1.0,541.787,548.562,1.0,546.549,540.868,1.0,553.116,534.175,1.0,561.868,534.808,1.0,,,,,,,,,,,,,,,,658.767,290.708,1.0,663.21,286.582,1.0,668.265,275.503,1.0,675.348,272.823,1.0,683.804,262.353,1.0,333.788,707.613,1.0,331.205,698.704,1.0,324.53,694.604,1.0,316.164,687.535,1.0,314.553,680.327,1.0,384.286,752.219,1.0,388.861,744.81,1.0,399.849,744.637,1.0,406.672,741.006,1.0,413.393,734.701,1.0
300,534.37,558.95,1.0,540.534,549.921,1.0,545.048,539.055,1.0,553.122,535.019,1.0,559.623,535.522,1.0,,,,,,,,,,,,,,,,657.826,299.291,1.0,659.105,288.33,1.0,667.089,282.699,1.0,668.702,273.719,1.0,682.342,265.792,1.0,334.019,707.646,1.0,333.773,702.409,1.0,324.603,694.816,1.0,316.261,687.599,1.0,314.559,680.411,1.0,384.123,752.219,1.0,387.869,744.81,1.0,398.75,744.637,1.0,404.818,740.515,1.0,412.009,738.591,1.0
301,534.263,558.95,1.0,540.313,549.937,1.0,544.76,539.055,1.0,553.122,535.452,1.0,558.177,535.634,1.0,,,,,,,,,,,,,,,,657.826,299.347,1.0,658.372,288.729,1.0,666.882,282.843,1.0,668.62,274.162,1.0,681.132,266.119,1.0,334.044,709.735,1.0,333.914,702.621,1.0,324.603,694.816,1.0,316.261,687.644,1.0,314.582,680.437,1.0,383.423,752.219,1.0,387.455,744.843,1.0,397.707,744.452,1.0,403.673,741.075,1.0,411.587,738.591,1.0
302,532.972,558.723,1.0,539.444,551.758,1.0,543.302,539.055,1.0,553.122,535.957,1.0,556.702,535.634,1.0,,,,,,,,,,,,,,,,657.453,300.797,1.0,657.699,290.469,1.0,666.711,283.676,1.0,668.376,274.738,1.0,680.494,267.193,1.0,336.46,714.122,1.0,335.751,704.056,1.0,325.02,694.274,1.0,318.532,687.902,1.0,314.755,681.326,1.0,383.096,752.796,1.0,386.846,744.843,1.0,396.318,744.452,1.0,403.673,741.075,1.0,411.338,738.591,1.0
303,524.57,558.623,1.0,531.75,553.966,1.0,541.614,545.629,1.0,549.445,543.143,1.0,555.246,535.634,1.0,,,,,,,,,,,,,,,,655.729,301.228,1.0,656.926,292.893,1.0,664.237,285.441,1.0,667.895,276.844,1.0,678.73,269.208,1.0,337.954,715.539,1.0,337.021,704.859,1.0,326.886,693.037,1.0,318.847,688.961,1.0,314.845,681.77,1.0,375.261,752.855,1.0,382.864,744.843,1.0,393.893,744.452,1.0,397.136,741.075,1.0,409.735,738.553,1.0
304,523.32,558.723,1.0,531.75,555.568,1.0,539.676,548.032,1.0,547.677,543.835,1.0,555.246,537.022,1.0,,,,,,,,,,,,,,,,651.632,303.07,1.0,656.518,293.042,1.0,662.96,286.81,1.0,667.177,278.092,1.0,676.626,269.225,1.0,337.954,716.304,1.0,337.398,706.001,1.0,327.162,693.037,1.0,318.94,689.566,1.0,315.045,681.77,1.0,375.261,753.115,1.0,382.864,747.837,1.0,387.866,744.998,1.0,394.502,747.166,1.0,405.588,738.311,1.0
305,521.355,558.723,1.0,531.75,556.198,1.0,539.676,549.703,1.0,546.111,544.58,1.0,555.246,537.59,1.0,,,,,,,,,,,,,,,,650.923,303.117,1.0,656.518,295.384,1.0,661.373,287.193,1.0,667.072,278.2,1.0,671.959,269.354,1.0,337.954,716.304,1.0,337.398,706.001,1.0,327.306,692.623,1.0,319.688,688.961,1.0,315.348,681.77,1.0,375.176,752.855,1.0,382.807,747.979,1.0,387.715,745.731,1.0,393.966,747.394,1.0,403.582,738.311,1.0
306,521.355,559.01,1.0,530.752,557.513,1.0,538.27,550.994,1.0,544.541,545.448,1.0,555.246,537.59,1.0,,,,,,,,,,,,,,,,650.432,303.384,1.0,656.063,295.411,1.0,660.655,289.434,1.0,666.591,279.286,1.0,671.959,271.914,1.0,337.361,716.304,1.0,337.398,706.001,1.0,327.306,692.623,1.0,319.688,688.961,1.0,316.225,678.811,1.0,375.176,753.115,1.0,382.807,748.277,1.0,387.032,746.764,1.0,393.642,747.394,1.0,402.826,738.553,1.0
307,521.355,559.184,1.0,530.752,558.852,1.0,538.214,554.071,1.0,541.852,545.448,1.0,555.246,538.92,1.0,,,,,,,,,,,,,,,,650.345,303.791,1.0,656.063,296.242,1.0,660.524,289.434,1.0,666.591,279.286,1.0,671.012,271.914,1.0,336.744,716.304,1.0,336.599,705.662,1.0,327.306,692.742,1.0,319.688,688.554,1.0,316.225,678.609,1.0,372.284,753.618,1.0,380.511,748.973,1.0,385.027,747.534,1.0,391.77,747.166,1.0,400.072,739.764,1.0
308,521.115,565.265,1.0,530.423,561.388,1.0,536.349,556.561,1.0,538.636,550.086,1.0,551.999,540.178,1.0,,,,,,,,,,,,,,,,646.009,307.267,1.0,652.899,300.895,1.0,659.142,294.548,1.0,664.951,285.352,1.0,671.012,278.15,1.0,336.744,716.179,1.0,335.925,704.843,1.0,327.2,692.158,1.0,319.685,688.542,1.0,316.225,678.462,1.0,365.968,754.335,1.0,373.361,749.172,1.0,381.494,750.746,1.0,388.771,746.277,1.0,397.137,743.832,1.0
309,520.3,566.203,1.0,529.213,562.126,1.0,533.47,556.586,1.0,536.326,552.033,1.0,547.104,541.408,1.0,,,,,,,,,,,,,,,,643.157,307.869,1.0,650.684,302.485,1.0,655.52,294.897,1.0,660.857,289.716,1.0,671.236,279.361,1.0,335.703,713.763,1.0,335.92,704.749,1.0,327.019,692.158,1.0,319.685,688.542,1.0,316.018,678.462,1.0,365.968,754.613,1.0,373.345,749.934,1.0,380.86,750.746,1.0,388.568,746.277,1.0,396.795,743.977,1.0
310,520.3,566.725,1.0,529.009,562.462,1.0,533.41,556.982,1.0,536.156,552.033,1.0,546.827,542.89,1.0,,,,,,,,,,,,,,,,642.947,307.958,1.0,650.118,304.513,1.0,654.731,295.358,1.0,660.527,289.716,1.0,671.236,279.619,1.0,335.234,708.978,1.0,335.788,704.221,1.0,326.996,692.742,1.0,319.442,688.434,1.0,316.018,678.462,1.0,365.968,754.957,1.0,372.112,749.934,1.0,380.244,750.746,1.0,387.581,746.277,1.0,396.755,744.004,1.0
311,518.752,566.892,1.0,527.909,562.786,1.0,532.85,557.519,1.0,535.571,552.28,1.0,545.307,542.89,1.0,,,,,,,,,,,,,,,,642.746,308.299,1.0,650.072,305.018,1.0,654.304,297.495,1.0,660.031,289.839,1.0,671.012,279.927,1.0,335.234,707.563,1.0,333.52,697.292,1.0,325.0,692.742,1.0,319.197,688.434,1.0,316.018,678.462,1.0,365.998,755.202,1.0,370.743,750.292,1.0,379.152,750.37,1.0,384.258,746.492,1.0,396.213,744.404,1.0
312,516.682,572.725,1.0,523.648,564.249,1.0,530.009,558.117,1.0,535.472,553.634,1.0,543.215,545.986,1.0,,,,,,,,,,,,,,,,636.197,308.878,1.0,644.505,306.557,1.0,653.892,299.698,1.0,656.485,290.425,1.0,666.487,280.08,1.0,333.165,698.932,1.0,333.52,697.292,1.0,323.747,693.984,1.0,316.69,686.349,1.0,316.384,680.386,1.0,365.998,756.703,1.0,369.279,752.94,1.0,378.547,750.285,1.0,383.251,748.032,1.0,394.303,744.404,1.0
313,513.943,572.876,1.0,518.046,565.779,1.0,525.47,558.487,1.0,531.867,558.066,1.0,542.986,548.075,1.0,,,,,,,,,,,,,,,,636.197,316.729,1.0,642.223,308.48,1.0,652.37,300.499,1.0,652.498,290.465,1.0,666.487,282.207,1.0,331.318,693.746,1.0,333.52,697.292,1.0,323.747,693.984,1.0,316.69,685.907,1.0,316.466,680.386,1.0,365.998,756.703,1.0,368.93,752.94,1.0,378.542,750.166,1.0,383.251,748.032,1.0,394.303,744.404,1.0
314,511.185,577.657,1.0,516.876,567.511,1.0,524.883,560.53,1.0,531.817,559.326,1.0,541.558,549.061,1.0,,,,,,,,,,,,,,,,636.197,316.729,1.0,642.223,308.48,1.0,652.37,300.499,1.0,652.498,290.465,1.0,666.487,282.207,1.0,330.607,686.91,1.0,334.785,694.671,1.0,323.031,693.984,1.0,316.69,685.547,1.0,316.832,680.386,1.0,365.982,756.703,1.0,368.93,752.94,1.0,378.542,749.957,1.0,383.251,748.032,1.0,394.303,743.675,1.0
315,510.925,577.657,1.0,514.753,567.511,1.0,524.201,560.585,1.0,530.735,559.412,1.0,541.558,549.423,1.0,,,,,,,,,,,,,,,,636.281,316.729,1.0,642.223,308.48,1.0,652.37,300.499,1.0,652.498,290.465,1.0,666.702,282.207,1.0,330.607,686.256,1.0,334.785,694.671,1.0,322.687,693.984,1.0,316.654,685.547,1.0,316.937,680.024,1.0,365.886,756.335,1.0,369.249,752.375,1.0,378.547,749.65,1.0,383.74,747.895,1.0,395.106,743.212,1.0
316,510.613,577.657,1.0,513.519,567.867,1.0,522.062,561.381,1.0,530.107,559.689,1.0,541.558,550.739,1.0,,,,,,,,,,,,,,,,642.061,310.952,1.0,645.644,303.977,1.0,653.427,297.074,1.0,653.529,289.992,1.0,666.823,282.207,1.0,331.062,686.194,1.0,334.785,694.671,1.0,322.664,694.156,1.0,316.791,685.907,1.0,317.294,679.03,1.0,364.626,755.027,1.0,369.249,752.375,1.0,379.183,749.65,1.0,384.557,747.895,1.0,395.298,743.13,1.0
317,504.332,572.573,1.0,512.073,567.867,1.0,519.402,564.046,1.0,526.44,560.007,1.0,536.936,550.768,1.0,,,,,,,,,,,,,,,,649.99,306.42,1.0,650.801,300.249,1.0,654.439,295.292,1.0,657.739,289.414,1.0,666.874,281.834,1.0,330.607,681.524,1.0,330.913,690.275,1.0,322.073,694.201,1.0,318.391,685.547,1.0,317.674,678.806,1.0,364.626,755.027,1.0,369.546,752.375,1.0,379.417,749.65,1.0,385.059,747.635,1.0,395.637,743.13,1.0
318,503.292,572.45,1.0,511.32,569.458,1.0,518.816,566.305,1.0,521.676,563.327,1.0,533.409,555.429,1.0,,,,,,,,,,,,,,,,650.765,305.144,1.0,653.662,298.422,1.0,654.784,294.942,1.0,659.689,289.414,1.0,666.954,281.772,1.0,329.722,680.017,1.0,325.238,686.954,1.0,320.157,695.093,1.0,323.351,685.398,1.0,317.713,678.223,1.0,364.626,754.276,1.0,369.768,752.913,1.0,380.006,749.825,1.0,385.201,747.414,1.0,396.016,743.13,1.0
319,502.975,572.45,1.0,511.169,569.7,1.0,517.852,567.37,1.0,520.14,563.446,1.0,533.077,555.634,1.0,,,,,,,,,,,,,,,,650.765,303.093,1.0,653.796,297.642,1.0,654.784,294.29,1.0,660.895,289.564,1.0,666.966,281.686,1.0,331.062,677.211,1.0,323.602,686.866,1.0,319.866,695.093,1.0,326.357,684.201,1.0,332.336,677.823,1.0,364.626,753.421,1.0,370.278,752.913,1.0,380.006,750.101,1.0,385.408,747.635,1.0,396.614,743.63,1.0
320,502.975,572.547,1.0,511.169,570.038,1.0,517.767,568.649,1.0,518.81,563.496,1.0,531.652,555.634,1.0,,,,,,,,,,,,,,,,650.765,303.093,1.0,654.696,297.642,1.0,655.261,294.29,1.0,660.895,289.992,1.0,667.158,280.482,1.0,331.575,676.801,1.0,323.602,686.824,1.0,319.522,695.093,1.0,326.357,683.549,1.0,332.504,677.352,1.0,363.907,752.853,1.0,370.366,752.913,1.0,380.006,750.232,1.0,385.408,747.905,1.0,396.614,743.719,1.0
321,498.331,572.573,1.0,508.351,572.486,1.0,514.069,568.666,1.0,518.536,563.802,1.0,531.09,555.929,1.0,,,,,,,,,,,,,,,,649.554,305.144,1.0,654.73,297.642,1.0,654.696,294.29,1.0,659.689,290.06,1.0,667.516,280.482,1.0,329.083,676.078,1.0,323.088,685.811,1.0,319.259,692.284,1.0,326.357,682.052,1.0,332.621,675.1,1.0,363.907,752.853,1.0,370.366,751.59,1.0,379.071,751.693,1.0,385.408,747.921,1.0,396.614,744.271,1.0
322,490.901,574.417,1.0,501.778,573.776,1.0,510.867,571.632,1.0,517.418,565.116,1.0,529.153,555.929,1.0,,,,,,,,,,,,,,,,649.554,316.531,1.0,654.73,305.594,1.0,654.917,294.032,1.0,659.35,290.06,1.0,671.694,280.482,1.0,331.611,674.601,1.0,323.088,685.73,1.0,319.349,691.782,1.0,327.892,682.006,1.0,332.85,675.1,1.0,362.976,751.194,1.0,370.278,751.379,1.0,378.094,751.84,1.0,384.994,747.921,1.0,396.271,744.271,1.0
323,490.717,576.501,1.0,501.462,574.645,1.0,510.382,571.817,1.0,516.0,565.874,1.0,525.129,558.096,1.0,,,,,,,,,,,,,,,,649.554,316.531,1.0,654.771,305.594,1.0,654.917,294.032,1.0,659.35,289.95,1.0,672.128,280.482,1.0,332.676,674.574,1.0,323.602,685.556,1.0,319.522,691.19,1.0,326.039,682.006,1.0,332.629,675.085,1.0,362.135,749.046,1.0,368.736,750.493,1.0,377.246,751.84,1.0,384.816,748.23,1.0,394.933,744.271,1.0
324,490.372,576.806,1.0,500.989,576.788,1.0,510.311,571.961,1.0,515.886,565.885,1.0,524.578,558.225,1.0,,,,,,,,,,,,,,,,649.939,316.531,1.0,655.229,305.594,1.0,655.261,294.032,1.0,659.35,289.95,1.0,672.128,280.482,1.0,332.676,674.574,1.0,324.456,685.371,1.0,319.522,690.856,1.0,325.527,682.006,1.0,332.629,675.1,1.0,362.122,749.046,1.0,368.689,749.479,1.0,377.05,751.84,1.0,384.687,748.23,1.0,393.891,743.645,1.0
325,490.605,576.815,1.0,499.066,576.984,1.0,509.485,572.94,1.0,514.124,565.874,1.0,523.02,558.424,1.0,,,,,,,,,,,,,,,,650.081,307.128,1.0,655.617,299.156,1.0,656.253,292.19,1.0,662.605,288.247,1.0,671.694,279.039,1.0,335.001,672.738,1.0,325.596,684.52,1.0,320.573,690.123,1.0,325.227,682.572,1.0,332.629,675.493,1.0,361.933,749.046,1.0,368.625,749.217,1.0,377.047,752.024,1.0,384.62,747.834,1.0,393.37,743.645,1.0
326,490.575,578.401,1.0,495.783,576.984,1.0,506.903,573.646,1.0,510.432,566.969,1.0,520.465,560.727,1.0,,,,,,,,,,,,,,,,650.54,305.618,1.0,655.843,297.17,1.0,659.031,290.557,1.0,663.972,281.771,1.0,671.591,274.041,1.0,336.497,669.761,1.0,330.592,678.896,1.0,323.593,686.887,1.0,318.849,685.701,1.0,318.861,675.538,1.0,359.304,752.087,1.0,368.141,748.345,1.0,376.916,752.024,1.0,384.62,747.761,1.0,393.247,743.645,1.0
327,490.473,588.406,1.0,494.428,578.421,1.0,505.931,574.398,1.0,509.055,566.969,1.0,518.369,562.166,1.0,,,,,,,,,,,,,,,,650.54,303.003,1.0,655.843,297.17,1.0,663.286,289.805,1.0,665.503,279.334,1.0,671.591,270.22,1.0,336.497,669.761,1.0,330.592,678.896,1.0,323.593,686.887,1.0,318.849,685.701,1.0,318.861,675.538,1.0,357.276,752.087,1.0,367.782,747.798,1.0,375.49,753.095,1.0,382.799,747.672,1.0,391.452,743.759,1.0
328,490.473,588.511,1.0,494.428,579.001,1.0,502.565,574.449,1.0,507.85,567.312,1.0,517.695,562.609,1.0,,,,,,,,,,,,,,,,650.081,302.017,1.0,655.843,295.739,1.0,663.286,289.079,1.0,665.609,277.509,1.0,671.591,270.22,1.0,337.045,669.761,1.0,330.626,678.896,1.0,323.821,685.371,1.0,318.849,685.701,1.0,318.861,675.538,1.0,355.354,752.087,1.0,366.943,747.798,1.0,373.921,753.156,1.0,375.801,743.935,1.0,386.793,745.311,1.0
329,490.473,589.126,1.0,493.164,580.921,1.0,501.675,574.687,1.0,507.378,567.312,1.0,516.201,562.972,1.0,,,,,,,,,,,,,,,,647.089,292.594,1.0,655.843,295.38,1.0,663.286,288.997,1.0,665.609,276.479,1.0,671.879,270.22,1.0,337.116,669.972,1.0,330.626,679.909,1.0,323.821,685.308,1.0,322.182,684.789,1.0,318.861,675.538,1.0,355.13,750.815,1.0,366.48,747.609,1.0,373.004,753.156,1.0,375.655,743.935,1.0,385.685,745.399,1.0
330,487.316,589.215,1.0,493.164,582.57,1.0,500.048,577.713,1.0,505.832,567.765,1.0,512.15,566.436,1.0,,,,,,,,,,,,,,,,646.861,292.006,1.0,657.406,291.656,1.0,661.425,284.235,1.0,665.783,275.258,1.0,672.28,271.515,1.0,337.965,671.369,1.0,330.626,680.213,1.0,326.83,685.267,1.0,322.182,684.274,1.0,318.861,675.538,1.0,354.867,750.635,1.0,366.233,747.38,1.0,372.76,753.095,1.0,375.635,743.935,1.0,385.604,745.399,1.0
331,483.614,591.961,1.0,490.749,582.597,1.0,498.783,578.765,1.0,504.865,572.075,1.0,507.327,572.196,1.0,,,,,,,,,,,,,,,,646.496,292.002,1.0,657.406,291.239,1.0,661.063,283.286,1.0,665.86,275.097,1.0,672.599,271.874,1.0,341.221,672.682,1.0,335.811,680.895,1.0,328.265,684.693,1.0,322.182,684.114,1.0,317.271,680.887,1.0,354.19,748.64,1.0,365.434,747.147,1.0,371.915,752.91,1.0,375.375,744.449,1.0,385.394,745.731,1.0
332,481.951,591.961,1.0,490.711,583.057,1.0,497.708,579.059,1.0,504.112,572.099,1.0,507.327,572.196,1.0,,,,,,,,,,,,,,,,646.496,291.299,1.0,657.406,291.002,1.0,660.94,283.286,1.0,665.927,275.097,1.0,672.599,272.155,1.0,341.221,671.608,1.0,336.947,680.213,1.0,328.525,684.621,1.0,322.182,684.114,1.0,317.194,681.771,1.0,353.491,743.599,1.0,364.47,746.566,1.0,371.498,752.471,1.0,375.334,744.589,1.0,385.375,746.213,1.0
333,480.993,591.961,1.0,489.751,583.057,1.0,497.456,579.985,1.0,503.944,572.822,1.0,507.323,572.196,1.0,,,,,,,,,,,,,,,,645.733,291.299,1.0,656.243,288.15,1.0,660.94,283.286,1.0,666.372,275.258,1.0,672.599,272.212,1.0,341.855,671.608,1.0,337.192,680.077,1.0,328.525,684.621,1.0,322.182,684.114,1.0,315.46,681.834,1.0,353.218,742.696,1.0,359.534,744.225,1.0,370.294,751.973,1.0,375.15,744.803,1.0,385.375,746.213,1.0
334,480.993,592.175,1.0,489.012,583.057,1.0,496.335,581.452,1.0,502.51,573.726,1.0,506.896,572.225,1.0,,,,,,,,,,,,,,,,645.304,287.094,1.0,654.133,287.851,1.0,659.842,283.96,1.0,666.372,275.41,1.0,672.003,273.539,1.0,342.094,671.608,1.0,338.344,680.077,1.0,328.525,684.693,1.0,322.409,683.849,1.0,316.075,681.912,1.0,353.218,742.696,1.0,359.534,744.225,1.0,370.294,751.641,1.0,374.973,744.803,1.0,385.375,746.213,1.0
335,476.087,592.175,1.0,482.651,583.931,1.0,492.337,582.022,1.0,501.098,575.194,1.0,506.896,572.225,1.0,,,,,,,,,,,,,,,,645.047,283.664,1.0,652.771,285.965,1.0,659.842,284.844,1.0,666.025,275.499,1.0,670.919,273.539,1.0,342.1,671.062,1.0,337.192,679.068,1.0,328.525,684.581,1.0,323.659,683.227,1.0,316.075,682.283,1.0,353.491,742.696,1.0,359.534,744.225,1.0,370.294,751.196,1.0,374.973,744.803,1.0,385.108,746.119,1.0
336,474.684,592.381,1.0,482.395,585.249,1.0,489.704,582.818,1.0,494.886,575.411,1.0,507.147,572.225,1.0,,,,,,,,,,,,,,,,641.815,281.275,1.0,652.285,284.612,1.0,657.646,284.938,1.0,666.025,275.5,1.0,670.818,273.587,1.0,342.975,670.895,1.0,336.947,678.803,1.0,328.525,684.231,1.0,323.673,682.487,1.0,316.075,682.522,1.0,355.267,744.369,1.0,365.516,747.395,1.0,371.88,751.196,1.0,374.756,744.138,1.0,385.046,745.531,1.0
337,474.338,592.381,1.0,482.256,585.979,1.0,489.358,583.018,1.0,493.262,577.232,1.0,506.896,572.64,1.0,,,,,,,,,,,,,,,,640.95,279.704,1.0,651.467,282.895,1.0,657.368,285.137,1.0,665.454,275.612,1.0,670.48,273.788,1.0,345.103,670.851,1.0,332.817,675.55,1.0,329.657,682.746,1.0,325.011,680.783,1.0,316.911,683.53,1.0,357.315,747.62,1.0,365.89,748.675,1.0,372.755,751.198,1.0,374.621,744.085,1.0,384.988,744.559,1.0
338,473.928,593.27,1.0,481.842,586.314,1.0,487.677,583.392,1.0,492.007,577.232,1.0,506.715,572.778,1.0,,,,,,,,,,,,,,,,639.328,276.077,1.0,645.182,278.9,1.0,657.368,285.137,1.0,665.435,278.472,1.0,668.482,274.814,1.0,345.103,670.739,1.0,332.564,674.984,1.0,329.657,682.018,1.0,325.011,680.087,1.0,316.911,683.563,1.0,358.322,752.623,1.0,366.848,748.813,1.0,372.898,751.33,1.0,374.611,743.739,1.0,384.988,744.053,1.0
339,471.316,594.15,1.0,479.329,586.558,1.0,486.974,585.169,1.0,490.352,578.818,1.0,503.354,574.415,1.0,,,,,,,,,,,,,,,,638.347,271.712,1.0,643.977,276.233,1.0,653.254,284.938,1.0,664.593,278.797,1.0,668.306,278.387,1.0,345.402,670.528,1.0,332.564,674.973,1.0,329.706,681.362,1.0,325.128,679.976,1.0,317.119,683.667,1.0,359.934,754.542,1.0,367.385,748.842,1.0,372.898,751.198,1.0,374.192,743.334,1.0,385.108,744.053,1.0
340,470.412,596.636,1.0,476.903,590.98,1.0,484.299,586.663,1.0,488.883,583.396,1.0,502.214,575.274,1.0,,,,,,,,,,,,,,,,638.347,271.712,1.0,643.737,276.233,1.0,653.254,284.42,1.0,664.593,278.797,1.0,668.006,278.387,1.0,345.402,670.528,1.0,332.817,674.81,1.0,330.302,681.341,1.0,325.181,679.755,1.0,317.119,683.667,1.0,361.215,756.191,1.0,367.385,749.587,1.0,372.898,751.198,1.0,372.613,743.176,1.0,385.194,744.053,1.0
341,470.25,598.248,1.0,476.764,592.33,1.0,483.991,587.966,1.0,487.475,584.941,1.0,499.294,575.274,1.0,,,,,,,,,,,,,,,,638.347,271.712,1.0,643.737,276.233,1.0,653.254,283.706,1.0,664.285,278.797,1.0,668.006,278.387,1.0,345.402,670.528,1.0,333.002,673.84,1.0,331.227,681.338,1.0,326.555,679.568,1.0,317.172,684.163,1.0,371.623,758.248,1.0,367.385,752.711,1.0,371.446,751.141,1.0,370.985,743.176,1.0,385.194,744.118,1.0
342,470.25,599.531,1.0,476.532,593.257,1.0,483.871,588.542,1.0,487.239,586.732,1.0,496.917,575.541,1.0,,,,,,,,,,,,,,,,638.928,272.931,1.0,643.737,277.027,1.0,653.923,283.706,1.0,664.285,278.197,1.0,668.006,277.91,1.0,346.049,670.887,1.0,334.669,672.38,1.0,332.719,679.993,1.0,327.541,679.513,1.0,317.19,684.323,1.0,374.034,764.559,1.0,367.455,754.332,1.0,371.446,751.141,1.0,370.979,742.883,1.0,385.695,746.002,1.0
343,469.199,602.507,1.0,476.477,594.052,1.0,483.37,588.599,1.0,487.167,586.788,1.0,495.311,575.659,1.0,,,,,,,,,,,,,,,,648.77,272.931,1.0,646.928,279.917,1.0,653.939,283.706,1.0,664.183,278.197,1.0,668.7,277.91,1.0,346.214,671.597,1.0,336.071,671.898,1.0,332.815,678.954,1.0,327.664,679.568,1.0,317.325,684.985,1.0,374.863,767.101,1.0,367.455,757.796,1.0,371.446,751.141,1.0,370.979,743.176,1.0,385.695,747.194,1.0
344,469.15,603.167,1.0,476.059,594.235,1.0,482.463,588.93,1.0,485.439,586.914,1.0,494.594,576.506,1.0,,,,,,,,,,,,,,,,652.528,272.931,1.0,654.364,279.917,1.0,654.625,283.706,1.0,663.576,278.197,1.0,670.067,277.91,1.0,346.214,672.435,1.0,336.185,671.898,1.0,332.92,678.954,1.0,327.708,679.568,1.0,317.632,685.79,1.0,375.987,767.664,1.0,367.455,759.14,1.0,371.953,751.504,1.0,370.985,743.487,1.0,385.695,747.991,1.0
345,466.132,603.894,1.0,469.132,597.435,1.0,477.315,590.825,1.0,484.915,587.064,1.0,494.117,579.975,1.0,,,,,,,,,,,,,,,,654.294,270.751,1.0,655.007,279.917,1.0,654.941,283.312,1.0,663.576,279.572,1.0,670.381,281.431,1.0,346.921,672.788,1.0,336.196,671.898,1.0,333.142,678.785,1.0,327.708,679.568,1.0,317.94,685.885,1.0,375.987,768.933,1.0,369.565,759.14,1.0,372.076,751.933,1.0,371.25,743.496,1.0,385.796,748.516,1.0
346,464.038,608.681,1.0,468.281,598.56,1.0,476.602,592.924,1.0,483.068,590.12,1.0,494.117,580.017,1.0,,,,,,,,,,,,,,,,654.463,268.167,1.0,655.007,277.439,1.0,654.941,283.299,1.0,662.972,283.611,1.0,670.381,281.431,1.0,347.453,673.279,1.0,336.22,671.993,1.0,333.142,678.785,1.0,327.664,679.513,1.0,317.96,686.109,1.0,375.987,769.047,1.0,370.265,757.796,1.0,372.076,751.933,1.0,371.258,743.496,1.0,385.882,748.516,1.0
347,462.693,609.97,1.0,465.51,599.601,1.0,475.544,593.034,1.0,482.927,591.296,1.0,494.117,580.89,1.0,,,,,,,,,,,,,,,,656.069,267.878,1.0,654.364,276.107,1.0,654.625,282.031,1.0,662.769,283.611,1.0,670.381,281.628,1.0,347.621,673.563,1.0,336.429,671.993,1.0,333.142,677.932,1.0,327.525,679.651,1.0,318.075,686.118,1.0,375.987,769.047,1.0,370.265,760.058,1.0,372.23,752.093,1.0,371.258,743.496,1.0,385.882,748.516,1.0
348,461.653,609.97,1.0,465.102,599.601,1.0,475.224,593.346,1.0,482.84,591.296,1.0,493.418,581.634,1.0,,,,,,,,,,,,,,,,656.069,262.5,1.0,653.321,272.692,1.0,654.412,279.101,1.0,662.26,283.611,1.0,670.381,281.795,1.0,347.992,673.563,1.0,336.866,671.993,1.0,333.142,677.927,1.0,327.512,679.651,1.0,318.075,686.188,1.0,375.264,769.047,1.0,370.265,759.842,1.0,372.076,752.506,1.0,371.25,743.496,1.0,385.896,748.333,1.0
349,461.505,609.97,1.0,465.057,599.601,1.0,475.134,593.346,1.0,482.411,591.296,1.0,493.418,582.178,1.0,,,,,,,,,,,,,,,,658.197,259.862,1.0,653.321,271.457,1.0,654.412,279.101,1.0,661.627,283.544,1.0,670.381,282.738,1.0,348.657,673.279,1.0,337.382,670.795,1.0,333.397,677.927,1.0,327.512,679.849,1.0,318.075,686.188,1.0,373.963,768.336,1.0,369.095,759.569,1.0,371.849,752.506,1.0,371.139,743.344,1.0,385.882,748.242,1.0
350,461.653,603.821,1.0,465.102,598.934,1.0,474.861,593.346,1.0,481.888,591.259,1.0,492.05,582.502,1.0,,,,,,,,,,,,,,,,658.197,259.749,1.0,653.321,270.61,1.0,654.412,278.845,1.0,660.366,283.079,1.0,671.515,283.371,1.0,350.646,672.771,1.0,338.857,669.48,1.0,332.481,677.927,1.0,327.525,681.086,1.0,318.553,686.188,1.0,373.963,768.325,1.0,368.374,759.569,1.0,371.849,752.162,1.0,371.139,743.256,1.0,385.774,748.143,1.0
351,462.693,603.821,1.0,465.51,598.934,1.0,474.602,593.378,1.0,481.415,591.259,1.0,492.05,584.138,1.0,,,,,,,,,,,,,,,,658.197,259.271,1.0,653.432,269.591,1.0,655.651,277.246,1.0,659.936,282.874,1.0,671.515,284.445,1.0,351.482,671.234,1.0,341.049,669.311,1.0,332.481,677.927,1.0,327.544,681.126,1.0,318.805,682.729,1.0,373.818,767.883,1.0,368.087,759.569,1.0,371.892,752.162,1.0,371.139,743.256,1.0,385.749,748.143,1.0
352,468.981,603.821,1.0,468.558,598.934,1.0,474.338,593.497,1.0,481.13,591.259,1.0,491.312,584.138,1.0,,,,,,,,,,,,,,,,657.823,256.859,1.0,654.413,267.824,1.0,655.651,276.523,1.0,659.936,280.237,1.0,671.515,284.445,1.0,351.547,671.133,1.0,341.338,669.081,1.0,332.683,677.927,1.0,327.784,681.126,1.0,319.57,682.556,1.0,373.753,767.083,1.0,368.087,757.71,1.0,371.892,751.91,1.0,371.48,743.256,1.0,385.749,748.143,1.0
353,468.981,604.522,1.0,470.902,598.934,1.0,474.861,593.023,1.0,481.415,593.159,1.0,491.312,584.138,1.0,,,,,,,,,,,,,,,,657.677,253.868,1.0,656.574,266.209,1.0,655.651,275.452,1.0,658.108,277.528,1.0,670.255,283.371,1.0,351.563,671.109,1.0,341.996,668.796,1.0,332.683,677.873,1.0,327.971,681.126,1.0,319.638,682.504,1.0,372.482,763.081,1.0,368.087,754.108,1.0,376.163,751.91,1.0,374.093,743.982,1.0,385.749,748.143,1.0
354,470.855,604.522,1.0,471.848,598.934,1.0,474.861,593.001,1.0,481.888,593.159,1.0,492.407,582.808,1.0,,,,,,,,,,,,,,,,657.673,253.842,1.0,658.85,263.053,1.0,654.491,272.394,1.0,657.042,275.85,1.0,669.819,282.375,1.0,351.563,670.81,1.0,341.996,668.575,1.0,332.683,677.399,1.0,327.971,681.126,1.0,319.669,682.504,1.0,371.572,750.416,1.0,369.372,750.203,1.0,376.569,752.162,1.0,374.093,744.419,1.0,385.749,746.159,1.0
355,470.855,604.522,1.0,476.766,598.868,1.0,478.636,593.001,1.0,487.212,593.159,1.0,492.407,582.808,1.0,,,,,,,,,,,,,,,,657.673,253.868,1.0,658.85,262.978,1.0,654.491,272.022,1.0,656.936,275.85,1.0,669.42,282.197,1.0,351.935,670.632,1.0,341.997,668.575,1.0,332.75,676.997,1.0,327.784,681.005,1.0,319.669,682.158,1.0,371.495,741.763,1.0,369.372,742.654,1.0,376.569,752.458,1.0,374.093,745.34,1.0,385.668,745.087,1.0
356,470.01,595.135,1.0,476.766,596.07,1.0,480.521,593.001,1.0,487.212,591.559,1.0,492.407,582.808,1.0,,,,,,,,,,,,,,,,657.673,253.842,1.0,658.85,262.977,1.0,654.491,271.478,1.0,656.608,275.85,1.0,669.003,282.189,1.0,352.553,669.009,1.0,343.765,668.554,1.0,333.425,676.731,1.0,327.531,677.091,1.0,320.536,682.158,1.0,371.495,738.644,1.0,369.391,740.887,1.0,376.569,752.458,1.0,373.852,745.34,1.0,385.668,745.007,1.0
357,470.01,591.516,1.0,476.766,593.379,1.0,481.502,592.458,1.0,487.212,591.559,1.0,492.407,582.942,1.0,,,,,,,,,,,,,,,,657.506,253.451,1.0,658.792,261.619,1.0,656.64,268.918,1.0,654.24,275.85,1.0,668.327,282.197,1.0,353.132,667.564,1.0,344.006,667.056,1.0,335.22,673.08,1.0,327.531,676.837,1.0,320.633,682.202,1.0,371.572,738.644,1.0,369.372,740.887,1.0,375.965,752.458,1.0,373.271,745.34,1.0,384.961,745.007,1.0
358,470.855,582.696,1.0,475.665,592.852,1.0,480.521,592.202,1.0,487.061,591.559,1.0,492.014,582.942,1.0,,,,,,,,,,,,,,,,655.469,244.018,1.0,657.819,253.459,1.0,657.901,264.157,1.0,651.157,275.696,1.0,666.09,282.375,1.0,354.814,665.676,1.0,345.663,666.068,1.0,336.47,672.832,1.0,327.531,676.837,1.0,321.542,682.202,1.0,371.83,738.644,1.0,369.391,740.887,1.0,374.934,751.067,1.0,373.08,745.241,1.0,384.936,745.087,1.0
359,472.561,578.698,1.0,475.075,589.473,1.0,480.634,592.202,1.0,486.412,591.578,1.0,491.647,584.19,1.0,,,,,,,,,,,,,,,,653.454,243.961,1.0,657.819,253.031,1.0,657.901,262.557,1.0,650.811,273.716,1.0,659.345,282.57,1.0,355.917,665.53,1.0,346.628,665.595,1.0,337.493,672.832,1.0,327.531,676.837,1.0,322.294,682.612,1.0,372.485,738.931,1.0,369.391,743.003,1.0,374.729,750.724,1.0,373.08,745.241,1.0,384.936,745.099,1.0
360,472.888,577.816,1.0,474.694,586.159,1.0,480.634,592.458,1.0,484.948,591.578,1.0,491.069,584.598,1.0,,,,,,,,,,,,,,,,653.272,243.722,1.0,652.857,249.392,1.0,657.901,262.515,1.0,650.23,273.47,1.0,658.729,282.826,1.0,355.962,665.487,1.0,346.686,665.595,1.0,337.493,672.616,1.0,327.531,676.837,1.0,322.443,682.69,1.0,378.868,738.931,1.0,369.944,743.003,1.0,374.934,750.132,1.0,373.271,745.241,1.0,384.936,745.099,1.0
361,472.888,576.494,1.0,473.861,586.074,1.0,480.269,590.657,1.0,484.544,591.578,1.0,490.492,584.732,1.0,,,,,,,,,,,,,,,,653.052,243.722,1.0,654.136,248.93,1.0,657.878,262.513,1.0,650.215,273.47,1.0,658.729,283.084,1.0,356.089,665.487,1.0,346.686,665.577,1.0,337.493,672.616,1.0,327.138,676.807,1.0,322.463,683.048,1.0,379.006,738.931,1.0,372.766,743.003,1.0,373.457,750.125,1.0,373.271,745.241,1.0,384.314,745.372,1.0
362,472.561,575.866,1.0,473.401,584.787,1.0,476.441,590.261,1.0,484.222,590.362,1.0,490.296,584.996,1.0,,,,,,,,,,,,,,,,652.951,243.961,1.0,654.136,249.407,1.0,657.878,262.513,1.0,650.014,273.621,1.0,658.729,283.2,1.0,356.089,665.487,1.0,346.686,665.595,1.0,337.128,672.616,1.0,326.198,676.698,1.0,322.479,683.048,1.0,379.151,737.854,1.0,372.766,742.364,1.0,372.987,749.961,1.0,373.211,745.214,1.0,384.009,745.372,1.0
363,472.888,575.866,1.0,473.182,584.118,1.0,475.116,589.148,1.0,484.152,590.119,1.0,490.296,585.19,1.0,,,,,,,,,,,,,,,,652.355,246.479,1.0,654.136,249.407,1.0,657.878,262.513,1.0,649.546,273.47,1.0,658.998,283.2,1.0,356.089,665.487,1.0,346.617,665.665,1.0,336.605,672.745,1.0,326.048,676.567,1.0,322.463,682.858,1.0,379.599,730.863,1.0,372.766,736.567,1.0,372.987,744.978,1.0,373.211,744.414,1.0,383.857,746.167,1.0
364,472.803,570.2,1.0,472.532,579.53,1.0,475.116,587.841,1.0,483.091,589.102,1.0,490.492,585.946,1.0,,,,,,,,,,,,,,,,652.181,246.479,1.0,654.136,249.407,1.0,657.878,262.513,1.0,649.542,272.978,1.0,660.393,283.034,1.0,354.745,665.775,1.0,345.592,665.761,1.0,336.464,672.745,1.0,326.034,676.256,1.0,322.463,682.858,1.0,380.063,726.042,1.0,372.516,734.391,1.0,372.987,741.963,1.0,372.45,744.405,1.0,383.857,749.282,1.0
365,472.464,569.085,1.0,472.249,577.78,1.0,476.193,585.159,1.0,482.513,588.664,1.0,490.652,586.815,1.0,,,,,,,,,,,,,,,,652.181,246.479,1.0,654.136,249.407,1.0,658.337,262.513,1.0,649.301,273.185,1.0,660.393,283.034,1.0,352.668,669.94,1.0,345.592,669.235,1.0,335.594,672.745,1.0,326.034,676.567,1.0,321.4,682.858,1.0,380.063,725.79,1.0,372.516,734.349,1.0,372.987,741.963,1.0,372.437,744.129,1.0,383.76,749.319,1.0
366,472.626,566.789,1.0,471.766,576.727,1.0,475.002,582.342,1.0,482.387,587.508,1.0,490.652,587.664,1.0,,,,,,,,,,,,,,,,652.355,246.479,1.0,654.16,252.686,1.0,658.337,262.775,1.0,649.301,273.185,1.0,660.393,283.021,1.0,349.478,672.039,1.0,345.592,670.776,1.0,335.594,672.745,1.0,326.034,676.567,1.0,321.4,682.858,1.0,380.063,725.729,1.0,372.516,734.118,1.0,372.526,741.777,1.0,372.058,743.609,1.0,383.76,749.326,1.0
367,472.626,564.256,1.0,471.766,574.142,1.0,475.002,580.744,1.0,481.245,586.843,1.0,491.007,587.664,1.0,,,,,,,,,,,,,,,,656.031,255.29,1.0,654.487,253.682,1.0,656.396,263.856,1.0,649.301,273.185,1.0,661.018,282.844,1.0,349.478,673.457,1.0,347.675,672.002,1.0,335.594,672.603,1.0,328.895,681.887,1.0,321.4,683.58,1.0,379.544,725.333,1.0,373.156,734.118,1.0,373.73,741.608,1.0,372.057,743.008,1.0,383.876,752.262,1.0
368,472.318,556.017,1.0,472.532,567.908,1.0,473.387,579.859,1.0,478.69,584.025,1.0,491.594,587.664,1.0,,,,,,,,,,,,,,,,664.137,255.31,1.0,654.802,260.232,1.0,656.149,263.856,1.0,650.079,273.185,1.0,660.727,283.021,1.0,349.478,674.734,1.0,348.581,672.477,1.0,336.619,672.603,1.0,329.433,682.0,1.0,321.722,684.018,1.0,379.415,718.541,1.0,374.262,730.483,1.0,378.519,740.865,1.0,371.783,742.968,1.0,383.876,753.312,1.0
369,471.674,556.017,1.0,472.513,567.501,1.0,473.275,579.117,1.0,478.276,583.626,1.0,491.955,585.218,1.0,,,,,,,,,,,,,,,,664.298,258.843,1.0,656.563,261.416,1.0,655.818,262.195,1.0,650.425,273.65,1.0,660.565,283.021,1.0,352.842,681.139,1.0,350.638,673.459,1.0,338.32,672.603,1.0,330.888,682.0,1.0,322.34,684.417,1.0,379.207,717.768,1.0,374.262,729.953,1.0,381.424,739.51,1.0,371.303,742.599,1.0,384.186,753.376,1.0
370,471.208,556.017,1.0,472.513,566.276,1.0,473.275,577.943,1.0,477.805,583.626,1.0,491.955,585.218,1.0,,,,,,,,,,,,,,,,666.463,268.701,1.0,660.01,261.416,1.0,655.818,261.997,1.0,651.689,273.65,1.0,660.727,282.648,1.0,354.473,684.062,1.0,351.665,674.365,1.0,339.228,673.296,1.0,332.639,681.887,1.0,322.869,684.649,1.0,379.415,717.768,1.0,374.815,729.933,1.0,381.424,739.51,1.0,371.303,742.535,1.0,384.211,753.376,1.0
371,469.751,557.223,1.0,472.513,565.81,1.0,473.387,576.879,1.0,477.315,584.025,1.0,491.955,585.218,1.0,,,,,,,,,,,,,,,,666.584,272.286,1.0,661.47,262.173,1.0,655.136,261.997,1.0,654.662,273.38,1.0,661.018,282.648,1.0,355.417,685.652,1.0,352.682,675.633,1.0,340.699,673.907,1.0,332.639,681.672,1.0,324.071,684.922,1.0,379.544,717.768,1.0,374.815,729.933,1.0,381.424,739.51,1.0,370.87,742.599,1.0,384.186,753.376,1.0
372,468.095,557.485,1.0,471.833,563.274,1.0,474.076,572.68,1.0,477.171,585.608,1.0,485.439,587.321,1.0,,,,,,,,,,,,,,,,667.142,273.02,1.0,661.877,262.911,1.0,655.818,261.997,1.0,654.662,272.86,1.0,661.104,282.648,1.0,356.287,685.709,1.0,352.682,676.342,1.0,340.844,674.328,1.0,332.639,681.296,1.0,325.003,685.989,1.0,381.275,722.984,1.0,376.884,729.953,1.0,381.335,740.052,1.0,370.604,742.535,1.0,384.211,753.115,1.0
373,467.459,557.863,1.0,470.569,563.213,1.0,474.082,572.249,1.0,477.053,585.608,1.0,484.705,588.108,1.0,,,,,,,,,,,,,,,,672.185,273.02,1.0,662.963,262.911,1.0,656.269,263.946,1.0,654.662,272.86,1.0,661.104,282.648,1.0,356.345,685.804,1.0,352.927,676.602,1.0,341.097,674.82,1.0,332.543,680.632,1.0,325.724,686.298,1.0,383.305,732.052,1.0,379.382,733.557,1.0,378.342,740.052,1.0,370.604,742.535,1.0,384.792,752.996,1.0
374,467.443,557.485,1.0,470.569,563.094,1.0,474.573,572.053,1.0,476.959,585.608,1.0,483.803,588.108,1.0,,,,,,,,,,,,,,,,675.478,273.619,1.0,665.585,262.851,1.0,656.562,264.275,1.0,654.662,272.647,1.0,661.104,281.29,1.0,356.404,686.189,1.0,352.945,678.039,1.0,341.389,675.488,1.0,332.543,680.337,1.0,325.994,686.63,1.0,389.792,735.671,1.0,380.826,735.38,1.0,377.336,740.052,1.0,370.604,742.83,1.0,384.792,752.343,1.0
375,467.255,557.223,1.0,470.438,562.767,1.0,475.59,571.699,1.0,476.45,585.377,1.0,483.803,588.108,1.0,,,,,,,,,,,,,,,,680.67,273.622,1.0,670.124,262.911,1.0,659.587,264.701,1.0,654.1,271.331,1.0,660.108,281.26,1.0,359.556,686.572,1.0,355.79,680.2,1.0,342.942,675.583,1.0,332.543,679.696,1.0,327.306,686.63,1.0,392.382,735.787,1.0,382.405,735.38,1.0,371.262,736.673,1.0,368.144,742.83,1.0,381.438,749.292,1.0
376,467.17,556.903,1.0,469.451,561.906,1.0,475.59,569.698,1.0,476.176,584.275,1.0,483.655,587.589,1.0,,,,,,,,,,,,,,,,681.479,273.02,1.0,670.547,263.106,1.0,659.755,264.81,1.0,654.1,271.044,1.0,656.943,281.29,1.0,360.653,687.051,1.0,355.79,680.2,1.0,342.942,675.583,1.0,332.882,679.405,1.0,328.322,686.63,1.0,393.236,735.787,1.0,383.183,735.38,1.0,371.262,736.534,1.0,367.331,742.085,1.0,382.032,749.292,1.0
377,465.767,549.973,1.0,466.481,554.99,1.0,475.59,567.524,1.0,474.143,579.849,1.0,483.329,587.484,1.0,,,,,,,,,,,,,,,,681.6,273.608,1.0,670.743,263.151,1.0,660.476,265.302,1.0,655.516,271.044,1.0,656.469,281.714,1.0,361.998,687.051,1.0,355.79,680.2,1.0,342.942,675.583,1.0,333.25,679.165,1.0,329.009,684.852,1.0,393.62,735.671,1.0,383.183,735.38,1.0,371.262,736.534,1.0,366.895,742.085,1.0,381.438,749.322,1.0
378,465.767,548.976,1.0,465.854,554.551,1.0,474.377,565.856,1.0,472.989,578.363,1.0,482.741,587.484,1.0,,,,,,,,,,,,,,,,681.6,273.64,1.0,675.448,263.205,1.0,662.901,265.974,1.0,655.516,270.948,1.0,656.093,281.29,1.0,365.117,687.337,1.0,354.848,672.99,1.0,343.024,673.068,1.0,333.446,678.606,1.0,330.113,683.951,1.0,393.692,734.893,1.0,384.611,735.188,1.0,372.445,736.534,1.0,366.895,742.085,1.0,381.347,749.61,1.0
379,465.262,548.826,1.0,465.854,554.544,1.0,474.038,565.856,1.0,472.885,578.178,1.0,482.622,586.819,1.0,,,,,,,,,,,,,,,,684.519,273.608,1.0,675.614,263.569,1.0,664.25,266.367,1.0,655.516,269.696,1.0,655.18,280.944,1.0,365.117,687.088,1.0,354.804,672.952,1.0,342.941,673.04,1.0,333.689,678.543,1.0,330.313,683.951,1.0,393.801,734.089,1.0,385.809,734.591,1.0,373.611,736.534,1.0,366.895,742.085,1.0,380.339,749.61,1.0
380,465.262,548.559,1.0,465.854,554.431,1.0,473.176,567.524,1.0,472.706,577.509,1.0,479.957,584.025,1.0,,,,,,,,,,,,,,,,684.535,270.762,1.0,675.657,264.088,1.0,664.938,267.114,1.0,656.126,269.696,1.0,654.913,280.944,1.0,365.172,687.051,1.0,354.804,672.822,1.0,342.825,673.04,1.0,333.446,678.543,1.0,330.313,683.951,1.0,400.942,734.089,1.0,393.171,733.801,1.0,376.947,736.648,1.0,374.41,744.474,1.0,378.433,750.135,1.0
381,465.939,548.559,1.0,466.345,554.431,1.0,473.176,566.076,1.0,472.706,577.509,1.0,479.957,584.025,1.0,,,,,,,,,,,,,,,,687.403,270.762,1.0,677.148,265.612,1.0,665.891,268.926,1.0,656.126,269.696,1.0,654.913,279.969,1.0,365.172,687.042,1.0,354.848,672.822,1.0,342.941,673.068,1.0,334.234,678.606,1.0,330.253,683.934,1.0,401.327,734.089,1.0,393.483,733.122,1.0,377.587,736.82,1.0,374.428,745.093,1.0,378.114,750.52,1.0
382,468.075,544.016,1.0,467.18,554.324,1.0,472.897,566.076,1.0,472.647,576.565,1.0,479.87,583.698,1.0,,,,,,,,,,,,,,,,689.34,267.99,1.0,680.141,265.612,1.0,670.631,268.926,1.0,661.687,269.476,1.0,654.913,276.946,1.0,365.302,686.736,1.0,355.494,672.952,1.0,343.024,673.076,1.0,334.69,678.744,1.0,330.253,683.934,1.0,401.434,734.089,1.0,393.643,732.96,1.0,378.177,737.005,1.0,374.906,745.093,1.0,377.859,750.682,1.0
383,473.399,544.016,1.0,468.365,552.949,1.0,472.897,566.076,1.0,472.647,573.604,1.0,479.212,583.557,1.0,,,,,,,,,,,,,,,,689.34,267.99,1.0,680.141,265.612,1.0,670.631,268.926,1.0,661.687,268.889,1.0,655.295,275.472,1.0,367.118,686.584,1.0,356.411,673.956,1.0,344.219,673.928,1.0,334.69,679.02,1.0,330.253,683.401,1.0,401.955,733.973,1.0,393.682,732.609,1.0,378.214,737.005,1.0,375.728,744.474,1.0,377.099,750.682,1.0
384,474.449,544.016,1.0,471.245,550.528,1.0,472.023,563.736,1.0,472.647,572.349,1.0,476.954,581.167,1.0,,,,,,,,,,,,,,,,689.34,267.99,1.0,680.141,265.622,1.0,670.631,267.479,1.0,661.687,269.476,1.0,656.17,275.472,1.0,367.295,686.373,1.0,356.89,674.173,1.0,344.34,674.091,1.0,334.69,679.091,1.0,330.253,683.124,1.0,401.955,732.223,1.0,394.154,730.364,1.0,380.303,737.005,1.0,376.558,744.016,1.0,377.099,750.682,1.0
385,474.449,544.204,1.0,472.067,547.804,1.0,471.989,561.634,1.0,473.353,570.76,1.0,476.954,581.167,1.0,,,,,,,,,,,,,,,,686.054,270.761,1.0,679.287,265.631,1.0,670.746,267.022,1.0,660.516,269.476,1.0,656.17,275.472,1.0,367.723,685.768,1.0,357.97,675.027,1.0,345.447,675.49,1.0,336.881,679.201,1.0,330.451,683.074,1.0,404.351,725.188,1.0,397.243,728.044,1.0,387.148,734.139,1.0,379.422,743.512,1.0,377.073,748.193,1.0
386,474.449,544.416,1.0,472.198,547.804,1.0,471.57,561.634,1.0,473.569,569.891,1.0,476.954,581.167,1.0,,,,,,,,,,,,,,,,679.9,274.846,1.0,676.536,270.03,1.0,670.746,266.519,1.0,660.516,269.196,1.0,655.295,276.422,1.0,367.985,685.634,1.0,358.538,675.068,1.0,346.257,676.115,1.0,338.499,679.201,1.0,330.494,683.023,1.0,404.537,724.371,1.0,397.714,727.625,1.0,388.542,733.961,1.0,380.469,743.015,1.0,377.073,747.472,1.0
387,473.835,544.416,1.0,472.198,547.804,1.0,471.091,561.131,1.0,473.569,569.853,1.0,483.945,581.972,1.0,,,,,,,,,,,,,,,,678.98,284.61,1.0,673.474,272.783,1.0,670.746,266.519,1.0,660.516,269.196,1.0,655.082,276.436,1.0,367.988,685.547,1.0,358.572,675.068,1.0,346.381,676.118,1.0,338.579,679.201,1.0,330.846,682.935,1.0,404.779,724.353,1.0,397.854,727.185,1.0,388.733,733.961,1.0,380.642,742.83,1.0,377.262,747.006,1.0
388,471.093,544.204,1.0,472.067,548.045,1.0,470.45,561.131,1.0,473.472,569.498,1.0,483.96,581.972,1.0,,,,,,,,,,,,,,,,674.123,285.222,1.0,671.562,277.892,1.0,672.442,266.519,1.0,662.289,269.196,1.0,654.225,276.436,1.0,367.988,685.547,1.0,358.674,675.068,1.0,346.504,676.219,1.0,339.053,679.125,1.0,331.402,682.885,1.0,405.836,724.117,1.0,398.534,726.583,1.0,389.913,734.139,1.0,380.659,742.83,1.0,377.462,746.826,1.0
389,461.83,544.204,1.0,468.36,549.496,1.0,471.091,561.093,1.0,473.353,568.424,1.0,483.96,581.972,1.0,,,,,,,,,,,,,,,,674.123,286.049,1.0,671.562,278.472,1.0,672.833,266.584,1.0,663.896,268.157,1.0,654.225,276.436,1.0,367.988,685.547,1.0,359.139,675.068,1.0,346.85,676.315,1.0,339.825,678.812,1.0,331.592,682.788,1.0,406.182,723.7,1.0,399.783,726.583,1.0,390.041,736.668,1.0,381.07,741.975,1.0,379.975,742.187,1.0
390,458.9,544.836,1.0,466.968,549.496,1.0,471.57,560.825,1.0,473.148,567.335,1.0,483.96,581.536,1.0,,,,,,,,,,,,,,,,674.123,288.15,1.0,671.562,279.19,1.0,672.833,267.129,1.0,663.896,268.072,1.0,654.225,274.531,1.0,368.417,685.731,1.0,359.644,675.068,1.0,347.383,676.977,1.0,340.967,678.62,1.0,331.841,682.527,1.0,410.543,720.129,1.0,399.832,726.583,1.0,394.002,736.668,1.0,384.725,739.733,1.0,381.522,742.126,1.0
391,458.781,543.17,1.0,464.215,549.496,1.0,471.091,560.318,1.0,472.103,567.335,1.0,483.161,580.789,1.0,,,,,,,,,,,,,,,,674.84,289.691,1.0,672.844,279.19,1.0,673.358,267.821,1.0,663.896,267.837,1.0,655.055,272.419,1.0,368.585,688.71,1.0,361.764,675.888,1.0,349.058,677.694,1.0,342.47,678.62,1.0,331.927,682.284,1.0,411.562,720.123,1.0,400.55,727.252,1.0,395.143,736.668,1.0,385.755,738.796,1.0,381.762,741.948,1.0
392,458.578,543.277,1.0,463.774,549.483,1.0,470.248,560.024,1.0,471.766,567.335,1.0,482.224,580.129,1.0,,,,,,,,,,,,,,,,676.501,289.691,1.0,674.178,279.19,1.0,673.796,268.681,1.0,663.72,267.78,1.0,655.185,268.266,1.0,369.009,689.156,1.0,362.567,676.288,1.0,349.714,678.255,1.0,342.47,678.812,1.0,331.927,682.283,1.0,411.626,720.123,1.0,400.846,727.252,1.0,395.441,736.044,1.0,386.045,738.62,1.0,382.32,740.833,1.0
393,457.871,543.277,1.0,463.774,547.716,1.0,468.936,559.153,1.0,468.366,570.506,1.0,478.405,573.641,1.0,,,,,,,,,,,,,,,,676.974,289.742,1.0,674.248,279.19,1.0,674.064,270.798,1.0,663.456,267.78,1.0,655.69,267.982,1.0,369.965,689.169,1.0,363.689,677.381,1.0,351.783,678.255,1.0,342.47,678.62,1.0,331.841,681.677,1.0,411.665,720.129,1.0,400.846,727.252,1.0,395.694,734.82,1.0,387.017,738.531,1.0,382.585,740.618,1.0
394,457.756,543.17,1.0,463.774,547.594,1.0,468.752,558.907,1.0,468.366,570.506,1.0,478.405,573.32,1.0,,,,,,,,,,,,,,,,677.526,290.573,1.0,674.8,280.563,1.0,673.796,272.662,1.0,663.456,267.78,1.0,656.203,267.977,1.0,370.118,689.169,1.0,365.28,677.496,1.0,351.794,678.255,1.0,340.383,678.611,1.0,330.803,679.926,1.0,412.159,721.516,1.0,404.757,726.648,1.0,398.733,732.247,1.0,388.658,736.167,1.0,384.018,740.183,1.0
395,457.176,542.807,1.0,465.769,547.561,1.0,467.589,558.609,1.0,468.366,570.506,1.0,478.058,572.718,1.0,,,,,,,,,,,,,,,,680.666,292.977,1.0,675.037,282.362,1.0,673.796,272.662,1.0,663.456,269.617,1.0,656.295,267.977,1.0,370.203,689.386,1.0,365.396,677.496,1.0,352.041,678.501,1.0,340.383,678.49,1.0,330.803,679.829,1.0,414.283,721.727,1.0,406.695,723.856,1.0,399.722,728.348,1.0,389.316,732.685,1.0,384.642,738.471,1.0
396,456.141,542.242,1.0,465.769,547.462,1.0,466.659,557.534,1.0,469.58,564.71,1.0,478.058,572.694,1.0,,,,,,,,,,,,,,,,682.007,294.747,1.0,676.055,286.602,1.0,673.708,278.342,1.0,664.305,271.431,1.0,658.312,267.864,1.0,370.265,689.417,1.0,365.481,677.496,1.0,352.041,678.501,1.0,340.383,678.471,1.0,330.803,679.652,1.0,415.919,721.727,1.0,407.968,723.856,1.0,399.911,726.768,1.0,389.505,732.558,1.0,384.902,738.29,1.0
397,456.098,538.976,1.0,465.769,545.507,1.0,465.705,553.854,1.0,469.58,560.206,1.0,477.381,572.622,1.0,,,,,,,,,,,,,,,,682.084,297.603,1.0,676.416,287.015,1.0,672.758,278.342,1.0,666.959,271.431,1.0,661.609,267.735,1.0,371.237,689.464,1.0,366.385,677.369,1.0,354.22,677.975,1.0,340.843,677.946,1.0,331.379,679.645,1.0,416.0,721.727,1.0,408.584,723.501,1.0,400.072,726.131,1.0,389.505,732.489,1.0,384.902,738.257,1.0
398,454.726,532.758,1.0,460.248,540.807,1.0,464.902,552.705,1.0,469.58,559.153,1.0,474.094,570.607,1.0,,,,,,,,,,,,,,,,683.609,297.88,1.0,677.243,287.435,1.0,672.758,278.366,1.0,667.185,271.431,1.0,662.41,267.607,1.0,372.934,689.511,1.0,366.72,677.229,1.0,355.443,678.273,1.0,341.19,677.946,1.0,331.809,679.482,1.0,416.325,721.516,1.0,409.442,722.347,1.0,401.185,725.579,1.0,390.885,732.115,1.0,385.658,736.806,1.0
399,454.107,532.523,1.0,459.941,540.691,1.0,464.473,549.966,1.0,469.454,558.349,1.0,474.094,570.395,1.0,,,,,,,,,,,,,,,,683.68,297.88,1.0,677.379,288.085,1.0,673.526,280.559,1.0,667.433,271.657,1.0,663.051,267.735,1.0,374.533,690.148,1.0,367.321,677.229,1.0,355.477,678.273,1.0,342.0,677.946,1.0,333.703,678.407,1.0,421.38,720.623,1.0,414.032,721.169,1.0,407.778,725.004,1.0,392.239,731.749,1.0,390.306,735.404,1.0
400,454.097,531.652,1.0,459.843,540.543,1.0,464.182,549.399,1.0,468.898,558.333,1.0,473.602,569.327,1.0,,,,,,,,,,,,,,,,683.844,298.979,1.0,678.235,289.596,1.0,673.708,280.574,1.0,667.829,271.657,1.0,663.231,267.735,1.0,376.791,690.269,1.0,367.724,677.229,1.0,355.644,678.27,1.0,342.309,678.553,1.0,334.835,677.76,1.0,423.809,720.377,1.0,416.796,719.842,1.0,409.455,724.769,1.0,393.326,730.571,1.0,390.69,735.272,1.0
401,454.081,531.121,1.0,459.79,540.038,1.0,464.182,549.028,1.0,468.766,556.418,1.0,473.602,567.368,1.0,,,,,,,,,,,,,,,,685.513,298.979,1.0,679.529,292.201,1.0,674.733,281.1,1.0,668.923,273.245,1.0,663.945,268.323,1.0,377.008,690.269,1.0,367.724,677.229,1.0,355.732,678.15,1.0,342.863,678.553,1.0,335.589,677.444,1.0,424.099,720.257,1.0,416.86,719.605,1.0,409.483,724.231,1.0,393.844,730.236,1.0,391.5,735.016,1.0
402,453.962,529.949,1.0,458.066,536.249,1.0,462.069,545.213,1.0,466.041,552.887,1.0,469.322,562.25,1.0,,,,,,,,,,,,,,,,685.837,300.428,1.0,680.023,292.919,1.0,676.035,282.55,1.0,669.114,275.753,1.0,664.445,268.648,1.0,377.219,690.561,1.0,367.856,676.933,1.0,355.899,678.15,1.0,342.863,678.553,1.0,336.024,677.444,1.0,424.902,720.161,1.0,417.688,719.511,1.0,409.483,724.149,1.0,394.008,730.236,1.0,391.594,732.189,1.0
403,451.964,529.949,1.0,456.82,536.18,1.0,459.672,545.005,1.0,464.944,549.808,1.0,467.769,559.415,1.0,,,,,,,,,,,,,,,,686.0,300.909,1.0,680.023,292.919,1.0,676.433,286.176,1.0,669.187,278.437,1.0,665.542,268.697,1.0,377.219,690.561,1.0,368.241,676.693,1.0,356.154,678.108,1.0,342.881,678.545,1.0,336.06,677.085,1.0,425.606,720.092,1.0,418.455,717.478,1.0,409.483,723.783,1.0,400.978,729.619,1.0,393.823,732.044,1.0
404,451.168,526.657,1.0,453.838,535.493,1.0,458.217,545.005,1.0,464.576,549.808,1.0,466.832,559.381,1.0,,,,,,,,,,,,,,,,685.837,300.938,1.0,680.231,292.941,1.0,676.433,286.702,1.0,669.205,278.697,1.0,665.708,268.813,1.0,377.278,690.561,1.0,368.282,676.693,1.0,356.457,678.108,1.0,342.908,678.27,1.0,336.144,677.435,1.0,426.207,718.517,1.0,420.374,713.465,1.0,406.165,718.134,1.0,401.38,729.619,1.0,397.842,731.964,1.0
405,450.936,529.949,1.0,453.758,534.509,1.0,458.102,544.769,1.0,464.425,549.808,1.0,466.376,559.312,1.0,,,,,,,,,,,,,,,,685.837,300.999,1.0,680.236,292.941,1.0,676.467,286.728,1.0,671.301,280.346,1.0,665.91,268.837,1.0,377.278,690.987,1.0,368.817,676.868,1.0,356.457,678.108,1.0,342.908,678.27,1.0,336.333,677.435,1.0,428.375,716.109,1.0,421.06,713.255,1.0,406.165,717.902,1.0,402.658,729.191,1.0,398.936,731.91,1.0
406,447.492,529.949,1.0,453.522,534.509,1.0,458.02,544.769,1.0,462.72,553.556,1.0,466.333,559.155,1.0,,,,,,,,,,,,,,,,686.043,300.999,1.0,680.236,294.052,1.0,676.591,288.515,1.0,672.145,281.731,1.0,667.021,269.81,1.0,377.278,690.987,1.0,368.817,676.868,1.0,357.221,678.574,1.0,343.104,678.27,1.0,336.766,677.485,1.0,428.78,715.053,1.0,421.749,713.157,1.0,406.165,717.369,1.0,402.943,729.191,1.0,399.193,731.888,1.0
407,442.097,526.657,1.0,449.321,533.295,1.0,456.661,543.723,1.0,458.89,553.556,1.0,466.271,558.314,1.0,,,,,,,,,,,,,,,,686.196,305.799,1.0,682.823,297.634,1.0,677.073,291.425,1.0,672.436,282.471,1.0,669.146,272.478,1.0,377.18,690.476,1.0,368.817,676.978,1.0,357.733,678.618,1.0,343.246,678.27,1.0,337.01,677.485,1.0,428.78,714.991,1.0,421.98,713.024,1.0,406.313,717.369,1.0,403.213,729.067,1.0,399.193,731.91,1.0
408,439.748,526.657,1.0,447.378,532.389,1.0,456.465,543.461,1.0,458.806,553.556,1.0,465.528,558.194,1.0,,,,,,,,,,,,,,,,687.16,310.055,1.0,684.919,301.016,1.0,678.691,293.838,1.0,672.923,285.403,1.0,670.024,275.423,1.0,375.941,687.989,1.0,369.636,677.583,1.0,358.011,678.894,1.0,343.246,678.412,1.0,337.01,677.727,1.0,428.78,709.846,1.0,422.07,712.401,1.0,408.32,717.902,1.0,405.131,727.451,1.0,399.225,731.873,1.0
409,439.133,530.583,1.0,447.378,531.992,1.0,455.765,542.599,1.0,458.006,551.358,1.0,465.528,556.851,1.0,,,,,,,,,,,,,,,,687.16,310.694,1.0,686.526,301.052,1.0,678.691,294.32,1.0,673.081,285.592,1.0,670.142,275.936,1.0,373.991,687.989,1.0,368.895,679.254,1.0,358.118,678.921,1.0,343.47,678.412,1.0,336.973,678.226,1.0,428.78,706.807,1.0,422.25,707.174,1.0,417.081,718.581,1.0,405.443,724.025,1.0,399.815,731.91,1.0
410,438.934,532.194,1.0,447.378,531.739,1.0,455.214,542.095,1.0,457.809,550.36,1.0,465.404,556.424,1.0,,,,,,,,,,,,,,,,687.29,310.694,1.0,686.526,301.189,1.0,678.691,294.393,1.0,673.177,285.728,1.0,670.142,276.039,1.0,373.991,687.989,1.0,368.895,680.371,1.0,358.81,679.042,1.0,343.485,678.412,1.0,336.885,678.272,1.0,429.066,705.622,1.0,422.335,707.174,1.0,417.727,718.581,1.0,405.715,723.847,1.0,400.616,731.873,1.0
411,438.181,532.194,1.0,446.312,530.863,1.0,453.64,540.889,1.0,457.391,548.607,1.0,465.404,556.025,1.0,,,,,,,,,,,,,,,,687.29,310.694,1.0,686.526,301.052,1.0,677.921,294.78,1.0,673.396,285.592,1.0,670.142,276.336,1.0,373.991,689.495,1.0,368.895,680.943,1.0,359.277,679.669,1.0,343.809,678.499,1.0,336.885,678.281,1.0,429.102,705.552,1.0,422.335,707.066,1.0,418.31,718.581,1.0,406.232,723.75,1.0,400.616,731.873,1.0
412,438.181,532.194,1.0,446.312,530.248,1.0,451.106,537.651,1.0,454.793,545.923,1.0,465.279,555.094,1.0,,,,,,,,,,,,,,,,689.916,308.261,1.0,686.526,301.052,1.0,677.88,294.959,1.0,673.619,285.556,1.0,670.142,276.895,1.0,374.517,689.495,1.0,368.963,680.943,1.0,359.277,679.669,1.0,343.809,678.502,1.0,336.723,678.272,1.0,430.322,705.552,1.0,422.57,707.066,1.0,418.327,718.56,1.0,406.986,723.621,1.0,401.524,730.059,1.0
413,437.251,529.164,1.0,446.312,529.029,1.0,448.276,536.753,1.0,451.941,539.184,1.0,464.893,552.982,1.0,,,,,,,,,,,,,,,,694.825,306.623,1.0,686.526,298.538,1.0,675.615,295.014,1.0,674.396,285.556,1.0,670.956,277.122,1.0,375.199,690.011,1.0,368.895,680.943,1.0,359.277,679.669,1.0,343.809,678.532,1.0,336.723,678.272,1.0,433.23,705.622,1.0,424.547,707.249,1.0,418.445,717.607,1.0,407.741,721.491,1.0,405.737,726.778,1.0
414,436.878,528.101,1.0,444.899,528.429,1.0,447.889,536.4,1.0,451.535,538.829,1.0,464.835,552.392,1.0,,,,,,,,,,,,,,,,696.047,303.903,1.0,687.076,296.127,1.0,675.615,295.245,1.0,674.53,284.833,1.0,670.956,277.122,1.0,375.199,690.011,1.0,368.823,678.075,1.0,357.871,679.223,1.0,343.01,678.532,1.0,336.723,677.798,1.0,440.537,705.552,1.0,434.342,710.632,1.0,420.558,715.723,1.0,411.427,719.919,1.0,409.28,726.085,1.0
415,436.831,527.371,1.0,442.112,526.918,1.0,447.884,536.107,1.0,451.535,538.309,1.0,464.835,552.131,1.0,,,,,,,,,,,,,,,,696.047,303.61,1.0,687.907,296.127,1.0,675.615,295.531,1.0,674.53,284.833,1.0,670.956,277.122,1.0,375.199,686.13,1.0,368.703,676.24,1.0,355.988,679.223,1.0,342.629,678.532,1.0,336.702,677.695,1.0,443.319,705.405,1.0,436.78,711.331,1.0,420.899,715.61,1.0,413.2,719.457,1.0,409.364,722.308,1.0
416,436.469,526.643,1.0,441.729,526.835,1.0,447.553,536.085,1.0,451.535,538.199,1.0,464.835,552.131,1.0,,,,,,,,,,,,,,,,696.047,302.059,1.0,688.124,295.869,1.0,676.001,295.771,1.0,674.414,284.58,1.0,670.952,277.114,1.0,372.517,679.798,1.0,366.756,675.362,1.0,355.988,679.223,1.0,342.04,678.267,1.0,336.702,676.855,1.0,443.319,705.405,1.0,436.78,711.331,1.0,421.036,715.436,1.0,413.221,719.354,1.0,409.595,721.237,1.0
417,435.59,524.57,1.0,441.506,525.558,1.0,447.553,533.661,1.0,451.755,537.74,1.0,464.374,550.573,1.0,,,,,,,,,,,,,,,,697.029,302.059,1.0,688.124,296.127,1.0,676.958,295.788,1.0,674.396,284.741,1.0,670.864,277.231,1.0,370.134,675.453,1.0,366.756,675.362,1.0,355.988,681.782,1.0,342.04,678.241,1.0,336.764,676.855,1.0,443.319,705.357,1.0,436.78,710.632,1.0,421.255,714.899,1.0,413.445,719.299,1.0,409.821,721.217,1.0
418,434.109,514.784,1.0,439.014,521.077,1.0,446.946,530.198,1.0,452.446,536.503,1.0,464.05,548.991,1.0,,,,,,,,,,,,,,,,695.807,302.059,1.0,689.168,295.901,1.0,677.303,295.788,1.0,674.414,284.618,1.0,670.857,277.114,1.0,370.134,672.557,1.0,366.756,675.362,1.0,356.068,681.782,1.0,342.04,678.241,1.0,336.887,676.855,1.0,442.011,705.15,1.0,434.347,708.875,1.0,425.743,714.838,1.0,419.318,716.319,1.0,411.356,720.843,1.0
419,434.109,510.756,1.0,438.592,520.585,1.0,446.676,529.04,1.0,452.446,535.892,1.0,463.735,548.316,1.0,,,,,,,,,,,,,,,,695.807,302.059,1.0,689.168,295.901,1.0,677.365,295.84,1.0,674.414,284.7,1.0,670.852,277.114,1.0,369.816,672.037,1.0,368.292,679.493,1.0,356.282,681.782,1.0,342.835,678.267,1.0,336.915,676.855,1.0,442.011,702.91,1.0,433.966,708.549,1.0,426.382,711.068,1.0,421.419,714.99,1.0,413.039,720.388,1.0
420,434.109,510.677,1.0,438.592,520.556,1.0,446.676,528.798,1.0,452.15,535.469,1.0,463.532,548.032,1.0,,,,,,,,,,,,,,,,695.871,302.471,1.0,689.202,295.901,1.0,677.392,295.788,1.0,674.433,284.7,1.0,670.852,277.114,1.0,370.134,668.864,1.0,368.55,679.493,1.0,356.422,681.53,1.0,343.717,678.37,1.0,336.931,676.843,1.0,442.011,702.266,1.0,433.918,708.47,1.0,426.427,710.622,1.0,421.419,714.78,1.0,413.039,720.388,1.0
421,434.663,509.114,1.0,438.592,520.543,1.0,446.423,528.518,1.0,451.774,535.295,1.0,463.493,548.01,1.0,,,,,,,,,,,,,,,,697.029,303.171,1.0,688.584,296.584,1.0,677.927,295.618,1.0,674.602,284.741,1.0,670.818,277.083,1.0,370.208,667.471,1.0,369.678,679.493,1.0,356.691,681.464,1.0,344.202,678.721,1.0,337.892,676.88,1.0,442.011,701.418,1.0,433.966,708.113,1.0,426.73,710.543,1.0,421.419,714.203,1.0,413.039,720.388,1.0
422,434.713,509.114,1.0,438.592,520.294,1.0,446.423,528.518,1.0,451.774,535.295,1.0,463.493,548.01,1.0,,,,,,,,,,,,,,,,695.871,303.171,1.0,688.584,296.623,1.0,677.927,295.613,1.0,674.602,284.7,1.0,670.739,277.072,1.0,370.409,667.071,1.0,369.678,677.545,1.0,357.766,681.28,1.0,345.188,679.515,1.0,338.39,676.88,1.0,440.758,701.418,1.0,433.918,707.791,1.0,426.73,710.486,1.0,421.076,714.023,1.0,412.857,720.754,1.0
423,434.713,509.114,1.0,438.592,519.809,1.0,446.175,528.426,1.0,451.136,535.28,1.0,463.439,546.883,1.0,,,,,,,,,,,,,,,,695.871,303.171,1.0,687.419,297.165,1.0,678.116,295.613,1.0,674.602,284.7,1.0,670.739,276.931,1.0,371.941,666.987,1.0,369.722,676.497,1.0,358.97,679.6,1.0,346.042,679.515,1.0,339.901,677.183,1.0,440.758,701.418,1.0,433.865,707.676,1.0,426.73,710.406,1.0,421.076,714.01,1.0,412.813,720.754,1.0
424,434.663,510.95,1.0,436.388,519.61,1.0,442.3,527.805,1.0,446.45,534.573,1.0,459.5,542.848,1.0,,,,,,,,,,,,,,,,690.273,303.058,1.0,683.987,297.196,1.0,678.292,292.831,1.0,674.699,283.588,1.0,670.818,275.875,1.0,372.05,666.544,1.0,370.189,676.28,1.0,359.018,678.336,1.0,346.276,679.537,1.0,340.441,677.585,1.0,440.758,701.418,1.0,433.918,707.076,1.0,427.44,710.246,1.0,421.076,714.01,1.0,412.813,720.754,1.0
425,431.874,511.073,1.0,436.08,517.97,1.0,442.3,526.697,1.0,444.458,533.028,1.0,456.937,540.863,1.0,,,,,,,,,,,,,,,,674.993,300.197,1.0,679.664,297.496,1.0,678.442,289.981,1.0,674.699,282.061,1.0,670.939,274.255,1.0,373.159,666.544,1.0,370.71,675.728,1.0,359.018,678.153,1.0,346.447,679.537,1.0,340.609,677.707,1.0,440.758,701.418,1.0,434.182,706.292,1.0,427.536,709.914,1.0,421.64,714.01,1.0,412.813,720.73,1.0
426,431.537,511.366,1.0,435.573,517.947,1.0,442.3,526.165,1.0,443.911,530.313,1.0,455.928,540.268,1.0,,,,,,,,,,,,,,,,674.335,300.197,1.0,677.66,299.927,1.0,679.007,289.981,1.0,674.459,281.77,1.0,670.939,274.17,1.0,373.322,666.544,1.0,370.71,674.758,1.0,358.97,677.991,1.0,346.636,679.659,1.0,340.609,677.789,1.0,440.759,701.375,1.0,434.182,705.489,1.0,427.712,709.142,1.0,421.64,713.903,1.0,413.409,719.921,1.0
427,431.186,511.366,1.0,435.429,517.574,1.0,442.398,525.528,1.0,443.911,530.313,1.0,452.592,539.134,1.0,,,,,,,,,,,,,,,,671.961,301.578,1.0,676.177,301.056,1.0,679.007,289.981,1.0,674.459,281.77,1.0,670.939,274.17,1.0,375.302,666.44,1.0,370.71,673.904,1.0,357.616,675.965,1.0,347.34,679.659,1.0,340.644,678.032,1.0,445.256,693.831,1.0,440.084,700.173,1.0,427.797,708.253,1.0,421.64,713.903,1.0,414.651,719.51,1.0
428,430.856,511.366,1.0,434.748,517.43,1.0,442.453,525.003,1.0,444.458,530.313,1.0,452.312,539.123,1.0,,,,,,,,,,,,,,,,665.688,301.578,1.0,674.868,302.087,1.0,679.007,290.705,1.0,674.459,281.77,1.0,670.566,274.17,1.0,376.831,666.44,1.0,370.876,670.644,1.0,357.616,674.669,1.0,348.216,679.821,1.0,341.29,678.12,1.0,446.832,691.739,1.0,441.49,699.068,1.0,431.875,705.141,1.0,421.168,710.498,1.0,418.55,715.385,1.0
429,428.352,512.797,1.0,433.95,514.744,1.0,442.453,523.922,1.0,446.892,534.493,1.0,452.256,539.123,1.0,,,,,,,,,,,,,,,,664.508,304.12,1.0,673.909,303.128,1.0,677.862,291.654,1.0,673.829,281.926,1.0,669.863,274.328,1.0,377.056,663.407,1.0,371.58,667.472,1.0,357.616,673.46,1.0,350.612,684.999,1.0,342.847,678.394,1.0,446.846,691.739,1.0,441.613,698.784,1.0,431.918,705.114,1.0,421.168,710.088,1.0,419.001,715.173,1.0
430,426.738,512.797,1.0,433.397,514.028,1.0,442.453,523.883,1.0,446.892,534.551,1.0,452.033,539.134,1.0,,,,,,,,,,,,,,,,664.508,304.237,1.0,673.643,303.516,1.0,677.48,292.309,1.0,673.574,282.416,1.0,669.797,274.563,1.0,377.056,662.437,1.0,371.58,666.518,1.0,358.908,672.275,1.0,354.383,684.999,1.0,343.29,678.846,1.0,446.939,691.739,1.0,441.613,698.626,1.0,432.016,704.872,1.0,421.168,710.088,1.0,419.268,714.935,1.0
431,426.738,512.797,1.0,433.397,514.028,1.0,442.453,523.883,1.0,446.908,534.844,1.0,451.975,539.266,1.0,,,,,,,,,,,,,,,,664.508,306.018,1.0,673.279,303.516,1.0,676.931,293.811,1.0,673.574,282.727,1.0,669.797,274.996,1.0,377.056,662.276,1.0,372.201,666.481,1.0,359.201,672.255,1.0,354.384,684.999,1.0,344.528,679.099,1.0,447.368,691.773,1.0,441.659,698.51,1.0,432.89,704.479,1.0,422.697,710.498,1.0,419.7,714.445,1.0
432,426.738,512.412,1.0,433.397,514.028,1.0,442.383,523.922,1.0,446.892,534.551,1.0,451.973,539.291,1.0,,,,,,,,,,,,,,,,664.82,306.621,1.0,673.239,303.69,1.0,676.931,294.188,1.0,673.574,282.753,1.0,669.863,275.039,1.0,377.056,662.029,1.0,372.332,666.462,1.0,359.591,671.712,1.0,354.823,684.999,1.0,344.592,679.186,1.0,447.378,691.839,1.0,441.721,698.276,1.0,433.643,703.565,1.0,425.937,713.284,1.0,419.776,714.284,1.0
433,431.575,512.279,1.0,435.449,514.028,1.0,442.144,524.511,1.0,446.892,534.551,1.0,451.973,539.313,1.0,,,,,,,,,,,,,,,,665.013,308.457,1.0,670.567,304.088,1.0,676.823,295.281,1.0,673.747,284.532,1.0,670.287,276.135,1.0,377.532,662.025,1.0,372.869,665.966,1.0,359.616,671.636,1.0,354.957,684.741,1.0,344.982,679.264,1.0,450.113,701.5,1.0,441.777,695.691,1.0,434.045,703.565,1.0,428.689,713.284,1.0,420.326,714.284,1.0
434,441.324,512.279,1.0,437.675,515.934,1.0,441.007,524.511,1.0,446.821,534.204,1.0,451.975,539.313,1.0,,,,,,,,,,,,,,,,665.315,310.738,1.0,669.998,305.042,1.0,676.823,296.135,1.0,674.045,286.252,1.0,670.587,277.724,1.0,377.963,661.757,1.0,373.209,665.679,1.0,360.219,671.633,1.0,357.065,684.432,1.0,345.275,679.273,1.0,450.179,702.749,1.0,442.925,695.569,1.0,434.64,701.326,1.0,429.352,713.284,1.0,420.422,714.284,1.0
435,447.062,512.412,1.0,440.899,515.934,1.0,441.007,524.511,1.0,446.908,534.146,1.0,452.393,539.291,1.0,,,,,,,,,,,,,,,,665.685,310.738,1.0,669.998,305.498,1.0,677.343,296.205,1.0,674.045,286.252,1.0,671.919,277.724,1.0,379.441,659.632,1.0,374.086,664.263,1.0,361.155,671.283,1.0,359.001,683.95,1.0,346.66,679.264,1.0,452.502,702.749,1.0,444.397,695.537,1.0,436.474,701.272,1.0,429.947,711.736,1.0,421.816,714.627,1.0
436,452.91,512.687,1.0,445.697,515.934,1.0,441.007,524.252,1.0,442.372,530.998,1.0,453.076,539.214,1.0,,,,,,,,,,,,,,,,665.685,310.738,1.0,669.998,305.498,1.0,677.343,296.135,1.0,674.126,286.252,1.0,672.041,277.724,1.0,379.766,659.032,1.0,374.563,663.947,1.0,361.555,671.176,1.0,359.377,683.687,1.0,346.902,679.264,1.0,452.581,702.749,1.0,444.548,695.569,1.0,436.562,701.326,1.0,429.972,711.604,1.0,421.995,715.38,1.0
437,455.956,512.687,1.0,446.527,514.373,1.0,441.182,523.151,1.0,448.391,532.937,1.0,453.19,539.045,1.0,,,,,,,,,,,,,,,,666.675,310.731,1.0,670.643,305.498,1.0,677.343,296.135,1.0,674.136,286.026,1.0,672.041,277.598,1.0,380.426,657.793,1.0,375.338,663.532,1.0,362.568,671.158,1.0,360.106,682.87,1.0,348.52,679.264,1.0,453.148,702.366,1.0,444.653,695.691,1.0,436.987,701.326,1.0,430.111,711.142,1.0,422.051,715.38,1.0
438,457.289,512.687,1.0,447.056,514.955,1.0,443.192,523.151,1.0,448.394,532.937,1.0,453.389,539.014,1.0,,,,,,,,,,,,,,,,668.926,309.639,1.0,673.612,304.117,1.0,677.467,295.935,1.0,674.17,285.008,1.0,672.041,277.024,1.0,382.051,657.793,1.0,375.969,662.329,1.0,363.149,671.158,1.0,360.106,681.592,1.0,349.894,679.239,1.0,453.944,702.276,1.0,445.58,695.569,1.0,437.815,701.326,1.0,430.111,710.961,1.0,422.077,715.38,1.0
439,457.404,511.308,1.0,447.864,514.955,1.0,444.57,523.151,1.0,448.394,532.937,1.0,453.389,538.931,1.0,,,,,,,,,,,,,,,,671.142,308.231,1.0,676.364,303.436,1.0,677.824,294.348,1.0,674.17,285.008,1.0,672.041,276.234,1.0,382.363,657.793,1.0,376.093,662.326,1.0,363.18,671.158,1.0,360.106,681.592,1.0,350.013,679.175,1.0,455.237,701.822,1.0,446.434,695.03,1.0,438.585,701.519,1.0,430.111,709.932,1.0,424.848,713.523,1.0
440,457.496,510.717,1.0,447.864,514.955,1.0,445.433,523.151,1.0,448.075,531.106,1.0,453.681,538.931,1.0,,,,,,,,,,,,,,,,677.37,306.41,1.0,678.578,301.879,1.0,677.917,293.941,1.0,674.214,285.008,1.0,672.153,276.15,1.0,382.413,658.153,1.0,376.303,662.109,1.0,363.449,671.156,1.0,360.181,681.592,1.0,350.098,679.122,1.0,457.831,692.029,1.0,450.659,692.598,1.0,440.383,705.404,1.0,430.141,707.149,1.0,425.738,713.251,1.0
441,457.614,509.835,1.0,447.864,514.133,1.0,446.626,523.008,1.0,448.394,531.106,1.0,453.681,538.931,1.0,,,,,,,,,,,,,,,,678.655,306.41,1.0,678.959,301.879,1.0,677.917,293.941,1.0,674.306,285.069,1.0,672.153,276.149,1.0,382.503,658.153,1.0,376.356,662.091,1.0,363.506,670.887,1.0,360.181,681.496,1.0,350.098,679.122,1.0,458.053,691.705,1.0,450.964,692.589,1.0,440.57,705.404,1.0,430.172,707.006,1.0,426.204,713.207,1.0
442,460.195,509.387,1.0,450.54,513.64,1.0,447.289,522.423,1.0,448.075,529.518,1.0,453.244,538.931,1.0,,,,,,,,,,,,,,,,679.532,306.41,1.0,678.959,301.879,1.0,677.917,293.941,1.0,674.306,285.075,1.0,672.153,276.149,1.0,382.503,658.153,1.0,376.555,661.448,1.0,364.123,670.887,1.0,359.855,681.496,1.0,350.099,679.175,1.0,459.104,691.161,1.0,452.305,692.429,1.0,442.559,705.404,1.0,432.764,705.549,1.0,429.251,710.337,1.0
443,462.642,507.449,1.0,455.374,508.652,1.0,447.289,521.534,1.0,445.298,528.834,1.0,453.23,538.793,1.0,,,,,,,,,,,,,,,,679.532,308.476,1.0,678.959,302.541,1.0,677.495,294.052,1.0,674.36,285.199,1.0,671.78,276.15,1.0,382.413,658.065,1.0,377.171,661.448,1.0,364.941,671.159,1.0,359.855,681.34,1.0,350.822,681.079,1.0,459.318,690.628,1.0,452.305,692.063,1.0,442.647,704.747,1.0,433.28,705.499,1.0,429.26,710.154,1.0
444,462.994,507.444,1.0,455.874,508.183,1.0,447.289,520.251,1.0,448.075,527.354,1.0,453.021,539.083,1.0,,,,,,,,,,,,,,,,682.788,308.476,1.0,681.077,302.541,1.0,677.441,294.052,1.0,674.36,285.691,1.0,671.78,276.496,1.0,382.628,655.855,1.0,377.25,661.448,1.0,369.387,670.743,1.0,360.213,680.166,1.0,351.401,681.117,1.0,459.476,690.628,1.0,452.315,691.835,1.0,442.806,704.559,1.0,433.442,705.363,1.0,429.26,710.002,1.0
445,463.0,506.356,1.0,455.874,507.538,1.0,447.289,519.864,1.0,449.38,526.259,1.0,453.021,539.083,1.0,,,,,,,,,,,,,,,,685.189,308.476,1.0,681.391,302.541,1.0,677.41,294.052,1.0,674.36,285.691,1.0,671.78,276.496,1.0,382.628,654.72,1.0,378.075,665.239,1.0,370.472,670.743,1.0,360.213,678.327,1.0,351.466,681.243,1.0,459.476,690.628,1.0,452.506,691.442,1.0,442.888,704.482,1.0,433.53,705.2,1.0,429.303,709.684,1.0
446,465.277,502.295,1.0,455.78,506.216,1.0,447.298,518.333,1.0,449.076,525.156,1.0,453.021,539.094,1.0,,,,,,,,,,,,,,,,685.414,306.03,1.0,681.445,298.362,1.0,676.686,293.855,1.0,673.323,285.691,1.0,672.437,276.507,1.0,382.524,653.386,1.0,378.075,665.807,1.0,370.7,670.218,1.0,360.213,675.708,1.0,353.232,681.601,1.0,459.66,691.036,1.0,452.895,691.029,1.0,443.584,703.208,1.0,435.107,704.684,1.0,430.444,708.972,1.0
447,465.466,500.973,1.0,455.809,504.462,1.0,447.298,517.926,1.0,449.076,525.156,1.0,455.092,540.486,1.0,,,,,,,,,,,,,,,,688.301,302.716,1.0,683.001,295.932,1.0,676.032,293.855,1.0,673.302,285.606,1.0,672.638,276.53,1.0,382.628,653.347,1.0,378.357,665.807,1.0,370.742,670.144,1.0,360.975,675.376,1.0,353.242,681.653,1.0,459.819,692.617,1.0,453.047,691.029,1.0,444.109,702.386,1.0,436.672,704.653,1.0,432.554,708.605,1.0
448,465.466,500.973,1.0,455.809,504.462,1.0,447.298,517.868,1.0,449.227,525.742,1.0,455.092,540.486,1.0,,,,,,,,,,,,,,,,689.57,298.158,1.0,683.84,291.405,1.0,675.356,293.855,1.0,673.249,284.55,1.0,672.825,276.507,1.0,383.627,653.105,1.0,378.568,665.239,1.0,370.816,670.113,1.0,361.186,675.373,1.0,353.449,681.653,1.0,462.379,697.21,1.0,455.509,691.029,1.0,445.311,699.984,1.0,439.605,703.576,1.0,433.688,708.265,1.0
449,465.466,500.973,1.0,455.78,504.462,1.0,447.298,517.271,1.0,449.076,525.156,1.0,455.092,540.486,1.0,,,,,,,,,,,,,,,,696.328,293.478,1.0,686.375,291.405,1.0,674.901,293.89,1.0,673.081,284.508,1.0,672.885,276.491,1.0,383.634,652.979,1.0,379.192,664.961,1.0,370.92,669.889,1.0,361.946,675.163,1.0,353.787,681.601,1.0,463.122,698.231,1.0,455.509,691.029,1.0,445.714,699.984,1.0,440.214,703.576,1.0,433.886,708.2,1.0
450,464.273,506.17,1.0,455.78,507.162,1.0,448.049,517.271,1.0,447.685,525.156,1.0,453.022,538.56,1.0,,,,,,,,,,,,,,,,697.557,292.122,1.0,686.375,291.405,1.0,674.901,294.574,1.0,673.081,284.508,1.0,672.825,276.53,1.0,384.17,652.862,1.0,379.192,664.329,1.0,370.963,669.284,1.0,362.364,675.079,1.0,354.413,681.245,1.0,463.122,698.231,1.0,455.509,690.147,1.0,445.714,699.984,1.0,440.214,703.576,1.0,433.886,708.2,1.0
451,461.788,509.18,1.0,455.138,509.415,1.0,446.22,517.868,1.0,446.199,525.742,1.0,452.921,538.56,1.0,,,,,,,,,,,,,,,,697.557,290.527,1.0,686.375,296.216,1.0,674.901,294.574,1.0,672.834,284.55,1.0,672.638,276.53,1.0,385.957,652.862,1.0,380.455,662.783,1.0,371.126,668.155,1.0,362.926,674.352,1.0,355.738,680.011,1.0,462.379,698.231,1.0,455.342,691.578,1.0,447.212,700.242,1.0,440.214,703.634,1.0,433.886,708.2,1.0
452,457.483,510.319,1.0,450.616,515.898,1.0,445.226,521.808,1.0,445.631,529.208,1.0,450.476,538.556,1.0,,,,,,,,,,,,,,,,697.632,288.082,1.0,686.054,296.216,1.0,675.421,293.921,1.0,672.525,284.996,1.0,668.053,278.622,1.0,386.046,652.862,1.0,381.042,662.708,1.0,371.246,667.732,1.0,362.926,673.864,1.0,356.342,679.819,1.0,457.718,690.197,1.0,452.407,691.578,1.0,447.212,702.922,1.0,437.405,705.142,1.0,431.438,708.385,1.0
453,451.403,511.855,1.0,449.434,516.091,1.0,445.226,521.808,1.0,445.597,529.715,1.0,450.476,538.556,1.0,,,,,,,,,,,,,,,,697.915,287.811,1.0,686.054,296.216,1.0,675.503,293.89,1.0,671.901,284.996,1.0,667.961,279.059,1.0,386.314,653.608,1.0,381.156,661.861,1.0,371.371,666.84,1.0,362.926,673.431,1.0,356.531,679.72,1.0,456.788,688.033,1.0,452.04,696.852,1.0,447.212,703.201,1.0,436.776,705.672,1.0,429.954,708.53,1.0
454,439.873,510.319,1.0,448.374,516.091,1.0,448.508,521.808,1.0,445.579,529.715,1.0,450.476,539.083,1.0,,,,,,,,,,,,,,,,697.915,287.578,1.0,686.054,295.331,1.0,675.683,292.783,1.0,671.901,285.019,1.0,667.961,279.128,1.0,386.676,653.608,1.0,381.308,661.86,1.0,371.427,666.496,1.0,363.434,671.595,1.0,357.377,678.271,1.0,454.662,687.039,1.0,450.52,696.852,1.0,447.681,703.201,1.0,436.624,705.862,1.0,428.848,708.546,1.0
455,437.94,512.468,1.0,445.996,516.16,1.0,448.028,521.206,1.0,444.547,530.466,1.0,451.285,539.09,1.0,,,,,,,,,,,,,,,,699.179,287.336,1.0,686.523,292.97,1.0,677.893,289.37,1.0,671.901,285.143,1.0,668.053,279.191,1.0,387.373,653.608,1.0,382.303,661.86,1.0,371.589,666.054,1.0,362.525,671.465,1.0,358.168,678.035,1.0,454.573,685.594,1.0,449.724,696.852,1.0,447.855,702.922,1.0,436.624,705.905,1.0,428.573,708.543,1.0
456,435.795,513.704,1.0,445.007,516.088,1.0,448.508,520.601,1.0,444.36,530.466,1.0,451.285,539.343,1.0,,,,,,,,,,,,,,,,699.366,287.336,1.0,688.557,291.552,1.0,679.062,289.37,1.0,672.772,285.464,1.0,668.053,279.957,1.0,387.389,653.478,1.0,382.303,661.86,1.0,371.622,666.0,1.0,362.435,669.891,1.0,358.339,677.874,1.0,454.553,685.311,1.0,449.207,696.534,1.0,448.066,702.71,1.0,436.234,705.941,1.0,428.413,708.543,1.0
457,435.795,513.791,1.0,445.007,516.16,1.0,448.508,520.601,1.0,444.36,530.466,1.0,451.349,539.595,1.0,,,,,,,,,,,,,,,,702.983,287.618,1.0,694.772,291.166,1.0,684.983,289.37,1.0,677.599,289.574,1.0,667.961,283.054,1.0,387.389,653.367,1.0,382.303,661.86,1.0,371.622,665.379,1.0,362.435,669.891,1.0,358.459,677.723,1.0,454.553,683.844,1.0,448.503,695.968,1.0,448.185,702.624,1.0,436.234,705.905,1.0,428.394,708.543,1.0
458,435.795,513.791,1.0,445.007,516.16,1.0,448.113,521.206,1.0,444.053,530.795,1.0,451.37,540.053,1.0,,,,,,,,,,,,,,,,703.4,287.618,1.0,697.33,291.166,1.0,685.514,289.657,1.0,677.775,289.785,1.0,667.334,283.987,1.0,387.389,653.339,1.0,382.024,661.27,1.0,371.772,665.367,1.0,364.334,670.74,1.0,358.626,677.723,1.0,454.662,683.508,1.0,448.212,695.583,1.0,448.185,702.388,1.0,436.234,705.862,1.0,428.394,708.423,1.0
459,436.508,513.791,1.0,445.266,516.272,1.0,448.113,521.714,1.0,444.053,532.385,1.0,451.931,540.236,1.0,,,,,,,,,,,,,,,,703.882,287.928,1.0,697.695,291.166,1.0,685.89,289.984,1.0,677.974,289.785,1.0,667.095,284.271,1.0,387.389,652.817,1.0,382.024,661.248,1.0,371.772,665.062,1.0,365.339,670.163,1.0,358.732,677.723,1.0,455.954,681.384,1.0,448.136,693.853,1.0,449.267,700.368,1.0,437.441,705.136,1.0,428.573,708.314,1.0
460,437.469,513.704,1.0,445.692,516.866,1.0,448.282,524.357,1.0,444.053,535.209,1.0,453.208,541.798,1.0,,,,,,,,,,,,,,,,704.055,288.036,1.0,697.939,291.166,1.0,686.082,290.106,1.0,677.974,289.778,1.0,667.095,284.271,1.0,387.554,652.626,1.0,382.024,661.12,1.0,372.0,665.043,1.0,365.523,670.272,1.0,359.008,677.715,1.0,455.967,681.267,1.0,448.136,693.75,1.0,449.267,700.345,1.0,440.038,703.05,1.0,429.081,708.314,1.0
461,438.145,510.285,1.0,447.303,519.953,1.0,448.282,528.719,1.0,449.668,535.927,1.0,458.423,545.239,1.0,,,,,,,,,,,,,,,,704.37,288.036,1.0,698.272,291.166,1.0,686.878,290.106,1.0,677.974,289.785,1.0,667.095,284.271,1.0,388.728,649.988,1.0,384.723,659.435,1.0,373.031,663.605,1.0,365.558,670.272,1.0,359.013,677.227,1.0,456.108,681.267,1.0,448.136,692.686,1.0,449.267,699.118,1.0,440.038,703.05,1.0,430.05,708.314,1.0
462,440.917,510.285,1.0,447.901,519.953,1.0,448.397,529.763,1.0,450.767,535.927,1.0,458.423,546.171,1.0,,,,,,,,,,,,,,,,708.983,288.109,1.0,702.369,290.28,1.0,687.81,289.984,1.0,677.974,290.005,1.0,672.54,284.271,1.0,389.228,649.988,1.0,385.308,658.773,1.0,373.031,663.085,1.0,365.576,670.163,1.0,359.543,675.854,1.0,456.373,681.104,1.0,448.136,692.58,1.0,449.265,698.891,1.0,440.069,702.462,1.0,430.633,708.499,1.0
463,447.899,510.285,1.0,449.288,519.953,1.0,448.397,529.763,1.0,451.502,535.315,1.0,458.423,546.171,1.0,,,,,,,,,,,,,,,,710.777,290.374,1.0,702.369,290.28,1.0,690.865,289.721,1.0,676.991,292.698,1.0,672.54,284.271,1.0,391.548,649.988,1.0,386.476,657.088,1.0,373.031,661.992,1.0,369.58,665.711,1.0,359.804,675.826,1.0,456.373,680.943,1.0,447.722,692.447,1.0,448.233,698.682,1.0,440.444,702.462,1.0,430.736,708.499,1.0
464,457.09,514.987,1.0,449.354,518.317,1.0,448.282,529.959,1.0,451.502,535.315,1.0,458.115,546.171,1.0,,,,,,,,,,,,,,,,712.111,291.068,1.0,702.369,290.28,1.0,692.712,289.721,1.0,676.991,293.235,1.0,672.735,286.011,1.0,393.612,650.19,1.0,386.737,653.282,1.0,373.215,660.488,1.0,370.405,663.938,1.0,361.23,674.966,1.0,456.108,680.93,1.0,448.151,690.558,1.0,448.102,698.194,1.0,440.847,702.462,1.0,430.828,708.499,1.0
465,457.523,523.869,1.0,450.186,518.317,1.0,448.36,529.959,1.0,451.502,535.315,1.0,456.75,543.715,1.0,,,,,,,,,,,,,,,,712.139,291.068,1.0,699.87,293.152,1.0,693.454,289.606,1.0,676.991,294.97,1.0,672.735,286.935,1.0,393.909,650.19,1.0,386.737,653.055,1.0,372.778,660.041,1.0,371.48,663.095,1.0,363.356,674.102,1.0,455.938,680.388,1.0,448.205,690.051,1.0,447.754,697.721,1.0,440.847,702.462,1.0,431.125,708.192,1.0
466,458.739,526.118,1.0,453.514,518.317,1.0,448.36,529.785,1.0,449.757,535.315,1.0,456.75,542.5,1.0,,,,,,,,,,,,,,,,712.276,291.068,1.0,699.87,293.401,1.0,693.928,289.322,1.0,677.531,294.97,1.0,672.735,287.084,1.0,393.958,650.664,1.0,386.69,652.545,1.0,372.778,659.546,1.0,372.001,662.988,1.0,364.142,674.102,1.0,455.938,679.719,1.0,451.627,682.768,1.0,447.754,696.42,1.0,440.847,701.419,1.0,431.722,707.485,1.0
467,459.273,527.044,1.0,457.043,521.802,1.0,448.36,529.731,1.0,448.441,535.485,1.0,456.75,542.045,1.0,,,,,,,,,,,,,,,,712.276,291.105,1.0,699.87,293.421,1.0,693.986,289.322,1.0,678.131,294.97,1.0,673.918,286.935,1.0,394.079,650.72,1.0,386.737,652.402,1.0,373.072,659.236,1.0,372.032,662.84,1.0,364.357,674.102,1.0,455.938,679.038,1.0,452.82,681.636,1.0,447.754,695.462,1.0,438.547,698.896,1.0,431.814,706.627,1.0
468,461.414,530.361,1.0,461.576,527.208,1.0,448.938,529.731,1.0,448.282,535.692,1.0,458.553,541.568,1.0,,,,,,,,,,,,,,,,712.674,291.105,1.0,701.329,294.008,1.0,695.164,288.109,1.0,678.724,294.996,1.0,675.228,287.084,1.0,394.331,650.72,1.0,386.69,652.181,1.0,373.215,659.082,1.0,372.453,662.803,1.0,364.381,674.167,1.0,457.993,675.553,1.0,452.888,680.521,1.0,447.754,693.864,1.0,438.547,697.304,1.0,432.458,706.627,1.0
469,461.414,532.563,1.0,461.735,528.459,1.0,450.491,529.389,1.0,448.034,535.775,1.0,458.553,541.568,1.0,,,,,,,,,,,,,,,,715.71,291.105,1.0,706.189,294.056,1.0,695.671,287.251,1.0,682.307,294.996,1.0,677.412,287.617,1.0,394.734,650.167,1.0,386.461,651.482,1.0,374.415,658.025,1.0,373.84,662.988,1.0,365.646,674.246,1.0,459.171,675.326,1.0,453.931,680.191,1.0,448.475,690.223,1.0,438.547,697.304,1.0,432.96,706.627,1.0
470,461.414,533.553,1.0,461.735,528.459,1.0,451.843,529.03,1.0,443.93,537.787,1.0,458.553,541.568,1.0,,,,,,,,,,,,,,,,717.457,294.531,1.0,708.769,294.056,1.0,696.629,287.251,1.0,689.171,296.597,1.0,677.834,287.084,1.0,394.734,649.7,1.0,386.461,648.373,1.0,374.425,657.797,1.0,373.892,662.633,1.0,365.957,674.246,1.0,459.619,675.066,1.0,453.931,680.153,1.0,448.475,690.168,1.0,438.765,697.261,1.0,432.96,706.627,1.0
471,459.123,534.05,1.0,461.735,528.759,1.0,451.872,528.708,1.0,443.93,537.787,1.0,458.616,541.581,1.0,,,,,,,,,,,,,,,,719.88,296.934,1.0,710.262,294.008,1.0,696.811,287.251,1.0,689.629,297.074,1.0,679.26,287.014,1.0,394.734,645.701,1.0,386.859,647.162,1.0,375.149,656.947,1.0,374.669,662.633,1.0,366.951,674.246,1.0,459.895,674.762,1.0,453.931,680.108,1.0,448.646,689.844,1.0,439.34,696.795,1.0,433.207,706.219,1.0
472,459.039,534.611,1.0,461.323,529.115,1.0,452.236,528.516,1.0,443.398,537.961,1.0,457.618,541.602,1.0,,,,,,,,,,,,,,,,719.88,296.934,1.0,710.262,293.911,1.0,696.811,287.451,1.0,689.629,297.161,1.0,677.834,288.529,1.0,394.734,645.418,1.0,387.6,646.678,1.0,375.149,656.316,1.0,375.039,662.633,1.0,367.105,673.9,1.0,459.895,674.583,1.0,454.027,680.108,1.0,448.944,690.168,1.0,439.792,697.304,1.0,433.517,706.219,1.0
473,459.005,537.847,1.0,461.161,530.159,1.0,453.28,528.516,1.0,443.097,537.787,1.0,457.498,541.717,1.0,,,,,,,,,,,,,,,,719.88,296.934,1.0,708.769,293.911,1.0,696.629,287.451,1.0,689.171,297.161,1.0,680.141,287.014,1.0,395.72,644.82,1.0,388.804,646.678,1.0,375.149,656.316,1.0,375.072,662.782,1.0,367.283,672.977,1.0,459.895,673.974,1.0,454.027,680.108,1.0,449.195,689.21,1.0,441.182,697.37,1.0,437.399,701.614,1.0
474,458.713,537.873,1.0,461.161,531.005,1.0,453.828,528.103,1.0,443.097,536.906,1.0,455.064,541.761,1.0,,,,,,,,,,,,,,,,716.01,292.535,1.0,708.455,293.849,1.0,696.811,287.476,1.0,690.163,297.074,1.0,680.141,287.014,1.0,395.56,644.82,1.0,388.944,646.678,1.0,375.149,656.316,1.0,375.157,662.782,1.0,367.291,672.258,1.0,459.144,672.627,1.0,454.027,680.161,1.0,450.213,688.886,1.0,445.351,697.37,1.0,437.463,701.383,1.0
475,458.713,539.666,1.0,461.161,532.706,1.0,453.828,528.103,1.0,443.097,536.906,1.0,454.943,541.905,1.0,,,,,,,,,,,,,,,,715.899,290.254,1.0,706.084,293.369,1.0,696.376,287.923,1.0,689.361,296.311,1.0,677.938,287.416,1.0,395.72,644.82,1.0,388.944,646.672,1.0,375.053,656.297,1.0,375.192,662.794,1.0,367.521,672.258,1.0,459.144,672.459,1.0,454.084,680.161,1.0,450.213,688.381,1.0,446.314,697.476,1.0,438.475,700.898,1.0
476,458.713,539.789,1.0,461.486,532.794,1.0,453.91,528.103,1.0,442.868,537.292,1.0,454.943,541.915,1.0,,,,,,,,,,,,,,,,710.271,280.466,1.0,705.124,289.88,1.0,696.376,287.943,1.0,689.361,296.311,1.0,677.646,287.416,1.0,395.72,644.82,1.0,388.959,646.672,1.0,375.053,656.303,1.0,375.471,662.798,1.0,367.541,671.999,1.0,459.144,672.001,1.0,454.385,680.161,1.0,450.355,688.47,1.0,446.351,697.761,1.0,439.074,700.898,1.0
477,459.017,539.789,1.0,461.779,532.848,1.0,454.207,528.221,1.0,442.33,537.292,1.0,455.064,541.915,1.0,,,,,,,,,,,,,,,,704.858,280.415,1.0,702.819,286.463,1.0,698.547,288.215,1.0,691.53,296.311,1.0,677.858,287.378,1.0,395.621,644.601,1.0,389.064,646.672,1.0,375.439,656.304,1.0,375.633,662.798,1.0,367.521,671.999,1.0,459.342,672.001,1.0,454.437,679.928,1.0,450.355,688.381,1.0,446.598,697.476,1.0,439.303,700.894,1.0
478,459.761,539.666,1.0,462.59,533.487,1.0,454.444,528.326,1.0,442.167,537.461,1.0,455.066,541.928,1.0,,,,,,,,,,,,,,,,704.654,278.734,1.0,702.819,282.192,1.0,698.547,289.273,1.0,691.774,297.138,1.0,677.858,287.416,1.0,395.621,644.538,1.0,389.104,646.355,1.0,375.723,656.303,1.0,375.633,662.798,1.0,367.521,672.155,1.0,459.342,671.923,1.0,454.841,679.661,1.0,449.965,687.906,1.0,446.598,697.476,1.0,439.42,700.894,1.0
479,460.292,539.666,1.0,463.986,533.997,1.0,455.262,528.913,1.0,442.167,537.833,1.0,455.066,541.928,1.0,,,,,,,,,,,,,,,,703.068,277.93,1.0,702.819,282.038,1.0,698.155,289.273,1.0,692.698,297.67,1.0,677.858,287.378,1.0,395.874,643.758,1.0,389.396,646.134,1.0,375.911,656.291,1.0,375.415,662.798,1.0,367.541,671.999,1.0,459.568,671.892,1.0,455.364,678.926,1.0,449.965,686.939,1.0,446.314,697.129,1.0,441.544,699.734,1.0
480,461.843,539.838,1.0,465.569,534.719,1.0,456.458,528.913,1.0,442.167,538.391,1.0,455.066,544.649,1.0,,,,,,,,,,,,,,,,703.068,274.229,1.0,706.677,282.038,1.0,698.155,289.273,1.0,692.793,297.739,1.0,678.454,287.17,1.0,397.521,642.514,1.0,390.583,644.813,1.0,376.787,656.303,1.0,375.633,662.775,1.0,367.541,671.731,1.0,459.619,669.494,1.0,455.875,678.514,1.0,450.291,685.019,1.0,446.697,695.122,1.0,442.937,699.731,1.0
481,468.744,542.512,1.0,467.059,536.864,1.0,457.022,528.913,1.0,442.294,538.391,1.0,455.369,544.649,1.0,,,,,,,,,,,,,,,,703.091,273.912,1.0,706.677,282.192,1.0,697.599,288.746,1.0,693.293,297.79,1.0,679.374,287.378,1.0,397.785,641.453,1.0,391.878,644.793,1.0,377.287,656.265,1.0,375.633,662.676,1.0,370.418,666.188,1.0,459.619,663.929,1.0,455.875,672.876,1.0,450.291,681.99,1.0,447.056,688.591,1.0,443.277,698.655,1.0
482,470.429,543.134,1.0,467.82,537.172,1.0,459.142,527.222,1.0,442.972,538.464,1.0,455.815,544.884,1.0,,,,,,,,,,,,,,,,703.091,271.71,1.0,706.7,282.038,1.0,697.599,288.746,1.0,694.337,297.79,1.0,681.122,287.45,1.0,398.157,641.275,1.0,392.213,644.511,1.0,382.265,656.257,1.0,375.892,661.666,1.0,370.936,664.295,1.0,459.8,663.355,1.0,455.875,671.922,1.0,450.876,680.933,1.0,447.284,686.59,1.0,443.899,697.891,1.0
483,470.643,543.346,1.0,467.832,537.281,1.0,459.142,527.222,1.0,443.01,538.695,1.0,455.815,544.649,1.0,,,,,,,,,,,,,,,,703.486,271.71,1.0,706.677,282.578,1.0,697.599,288.746,1.0,695.427,297.67,1.0,681.33,287.482,1.0,398.312,640.336,1.0,392.773,644.46,1.0,382.578,656.257,1.0,376.717,661.367,1.0,370.936,664.259,1.0,460.391,662.729,1.0,454.858,666.705,1.0,455.104,678.868,1.0,450.724,685.101,1.0,445.544,696.938,1.0
484,471.006,543.515,1.0,468.086,537.35,1.0,459.222,527.222,1.0,443.524,539.111,1.0,456.012,544.541,1.0,,,,,,,,,,,,,,,,706.071,270.812,1.0,706.025,282.933,1.0,697.482,291.655,1.0,695.427,297.727,1.0,683.747,287.893,1.0,398.737,640.297,1.0,392.773,644.511,1.0,382.585,656.009,1.0,376.761,661.283,1.0,371.058,664.259,1.0,460.391,662.656,1.0,454.858,666.589,1.0,455.154,678.657,1.0,451.005,684.997,1.0,445.602,696.831,1.0
485,471.388,543.515,1.0,468.192,537.35,1.0,459.241,527.637,1.0,444.2,539.111,1.0,456.012,544.541,1.0,,,,,,,,,,,,,,,,706.52,270.803,1.0,705.969,282.578,1.0,697.63,291.655,1.0,695.562,297.58,1.0,683.99,288.019,1.0,398.984,640.297,1.0,392.773,644.511,1.0,382.608,655.787,1.0,377.084,661.264,1.0,371.133,664.295,1.0,460.624,662.628,1.0,454.761,666.535,1.0,455.939,677.967,1.0,451.205,684.041,1.0,445.781,696.478,1.0
486,472.291,543.515,1.0,467.832,537.35,1.0,459.241,527.637,1.0,445.036,539.111,1.0,456.012,544.884,1.0,,,,,,,,,,,,,,,,706.52,270.556,1.0,704.129,281.528,1.0,698.499,291.655,1.0,696.197,297.515,1.0,684.094,288.019,1.0,398.984,640.222,1.0,392.666,648.767,1.0,383.077,654.907,1.0,377.879,660.996,1.0,371.139,665.168,1.0,460.633,662.535,1.0,454.858,666.535,1.0,455.939,677.336,1.0,452.186,683.659,1.0,446.312,695.9,1.0
487,474.98,543.682,1.0,467.832,535.06,1.0,459.06,527.637,1.0,445.036,538.427,1.0,452.107,545.067,1.0,,,,,,,,,,,,,,,,706.521,269.989,1.0,704.129,280.736,1.0,698.701,289.728,1.0,695.562,296.927,1.0,684.094,288.07,1.0,398.984,640.297,1.0,392.666,648.767,1.0,383.13,654.195,1.0,378.417,660.483,1.0,371.321,665.173,1.0,462.131,660.141,1.0,455.774,665.176,1.0,457.154,675.919,1.0,453.402,683.034,1.0,448.196,694.54,1.0
488,476.207,543.013,1.0,464.522,534.957,1.0,451.027,527.194,1.0,445.036,536.771,1.0,450.395,545.067,1.0,,,,,,,,,,,,,,,,706.93,266.527,1.0,705.647,277.564,1.0,699.549,288.021,1.0,694.36,295.819,1.0,684.094,288.394,1.0,398.476,640.304,1.0,392.666,648.767,1.0,385.295,653.457,1.0,379.246,660.08,1.0,372.285,665.286,1.0,462.905,659.996,1.0,456.044,664.615,1.0,457.324,673.79,1.0,454.027,682.303,1.0,448.431,694.343,1.0
489,476.806,542.667,1.0,464.258,534.957,1.0,451.027,527.194,1.0,444.99,536.402,1.0,448.525,545.067,1.0,,,,,,,,,,,,,,,,707.35,264.032,1.0,705.969,273.809,1.0,699.562,284.78,1.0,692.271,292.046,1.0,685.96,290.657,1.0,398.476,640.304,1.0,392.987,648.45,1.0,385.379,652.545,1.0,379.765,658.945,1.0,372.484,665.331,1.0,462.905,659.958,1.0,456.044,664.536,1.0,457.544,673.168,1.0,454.129,682.216,1.0,448.989,693.717,1.0
490,477.264,542.985,1.0,464.258,534.983,1.0,451.027,527.194,1.0,444.852,536.402,1.0,447.226,544.751,1.0,,,,,,,,,,,,,,,,708.281,263.37,1.0,706.146,269.216,1.0,700.5,281.288,1.0,692.271,291.278,1.0,686.31,295.354,1.0,398.476,641.848,1.0,393.15,648.252,1.0,385.446,652.411,1.0,379.801,658.478,1.0,372.624,665.796,1.0,463.103,655.899,1.0,458.68,664.253,1.0,459.681,671.639,1.0,454.155,681.941,1.0,449.901,691.977,1.0
491,477.264,543.013,1.0,464.458,535.06,1.0,451.111,527.333,1.0,444.852,536.402,1.0,447.042,544.701,1.0,,,,,,,,,,,,,,,,708.281,263.168,1.0,706.146,268.894,1.0,700.5,280.308,1.0,692.271,290.744,1.0,687.721,296.799,1.0,398.34,642.035,1.0,393.15,646.947,1.0,385.446,651.512,1.0,379.972,658.116,1.0,372.65,665.936,1.0,462.905,654.868,1.0,460.651,664.097,1.0,459.81,669.601,1.0,454.155,681.167,1.0,449.901,691.437,1.0
492,477.264,543.013,1.0,464.522,535.225,1.0,451.156,528.318,1.0,444.852,536.402,1.0,447.042,544.482,1.0,,,,,,,,,,,,,,,,708.281,263.137,1.0,706.146,268.786,1.0,700.25,280.16,1.0,692.397,290.418,1.0,688.383,296.799,1.0,398.418,641.848,1.0,393.15,646.768,1.0,385.446,651.335,1.0,379.972,658.116,1.0,372.65,665.936,1.0,462.905,654.238,1.0,461.037,664.054,1.0,459.81,669.601,1.0,454.371,680.827,1.0,449.901,691.306,1.0
493,475.924,544.578,1.0,465.031,535.706,1.0,451.575,529.278,1.0,446.037,536.402,1.0,447.226,543.728,1.0,,,,,,,,,,,,,,,,708.281,263.137,1.0,705.846,268.786,1.0,700.25,280.153,1.0,692.443,290.418,1.0,688.555,296.799,1.0,398.588,641.813,1.0,393.852,646.672,1.0,385.446,651.014,1.0,380.16,657.551,1.0,372.912,665.936,1.0,462.915,653.954,1.0,461.075,664.054,1.0,459.681,671.639,1.0,454.371,680.628,1.0,449.759,691.242,1.0
494,475.924,545.873,1.0,467.237,536.499,1.0,455.052,533.043,1.0,447.586,535.995,1.0,447.042,542.677,1.0,,,,,,,,,,,,,,,,708.281,262.289,1.0,705.561,267.214,1.0,700.25,279.361,1.0,692.596,289.094,1.0,688.601,294.677,1.0,398.588,641.813,1.0,393.852,646.313,1.0,385.72,650.69,1.0,380.252,657.551,1.0,373.608,665.936,1.0,463.103,652.91,1.0,462.575,664.054,1.0,458.358,669.631,1.0,454.371,680.153,1.0,449.518,689.84,1.0
495,475.924,546.829,1.0,469.268,537.403,1.0,458.52,534.931,1.0,452.224,535.176,1.0,447.042,540.038,1.0,,,,,,,,,,,,,,,,713.757,261.248,1.0,705.561,262.132,1.0,700.25,276.37,1.0,695.01,282.228,1.0,689.953,292.293,1.0,398.759,640.849,1.0,394.139,646.006,1.0,386.468,649.831,1.0,380.398,656.745,1.0,373.814,665.814,1.0,463.543,652.91,1.0,462.93,663.841,1.0,458.358,669.779,1.0,454.371,679.824,1.0,449.518,684.228,1.0
496,476.027,546.896,1.0,469.325,537.662,1.0,461.071,535.983,1.0,454.597,534.308,1.0,446.642,538.18,1.0,,,,,,,,,,,,,,,,714.011,260.7,1.0,705.561,261.994,1.0,700.301,276.349,1.0,695.31,282.138,1.0,690.475,292.145,1.0,400.933,635.985,1.0,395.918,644.595,1.0,387.284,648.307,1.0,381.307,654.904,1.0,374.099,664.983,1.0,465.23,652.501,1.0,465.66,662.319,1.0,458.358,669.779,1.0,454.371,675.681,1.0,449.518,682.826,1.0
497,476.125,546.896,1.0,469.582,538.231,1.0,461.641,535.983,1.0,454.948,533.714,1.0,446.289,537.893,1.0,,,,,,,,,,,,,,,,714.011,258.964,1.0,705.6,261.17,1.0,700.309,276.055,1.0,695.776,282.138,1.0,690.749,292.145,1.0,401.299,635.985,1.0,396.265,644.493,1.0,387.859,647.829,1.0,381.445,654.618,1.0,376.71,662.317,1.0,466.278,651.911,1.0,465.728,661.188,1.0,458.383,669.631,1.0,454.829,675.054,1.0,449.636,681.292,1.0
498,476.448,546.896,1.0,470.527,539.362,1.0,461.777,535.983,1.0,455.123,533.714,1.0,445.943,537.573,1.0,,,,,,,,,,,,,,,,714.011,258.964,1.0,705.894,261.478,1.0,700.567,276.055,1.0,696.101,282.138,1.0,691.165,292.225,1.0,403.366,635.985,1.0,397.853,642.955,1.0,388.137,646.679,1.0,381.454,653.656,1.0,376.8,660.474,1.0,467.103,650.176,1.0,466.836,659.611,1.0,459.069,666.751,1.0,456.483,672.694,1.0,449.75,680.776,1.0
499,476.499,546.983,1.0,471.176,540.383,1.0,463.896,536.403,1.0,455.123,534.308,1.0,445.943,537.174,1.0,,,,,,,,,,,,,,,,713.757,258.477,1.0,705.894,261.994,1.0,700.567,276.262,1.0,696.123,282.248,1.0,691.165,292.293,1.0,404.857,636.154,1.0,398.202,641.921,1.0,388.165,646.491,1.0,381.551,653.656,1.0,376.8,660.458,1.0,467.151,649.792,1.0,466.992,659.485,1.0,459.121,666.637,1.0,456.539,672.454,1.0,449.761,680.654,1.0
500,476.638,547.179,1.0,471.541,542.436,1.0,465.005,536.403,1.0,455.123,534.392,1.0,445.943,536.688,1.0,,,,,,,,,,,,,,,,713.679,258.477,1.0,705.894,261.994,1.0,700.73,276.262,1.0,696.251,283.087,1.0,691.071,292.556,1.0,405.038,636.188,1.0,398.646,641.836,1.0,388.351,646.366,1.0,381.551,653.656,1.0,376.841,659.986,1.0,467.151,649.782,1.0,466.997,659.356,1.0,459.422,666.561,1.0,456.539,672.454,1.0,449.761,680.516,1.0
501,479.862,550.524,1.0,475.32,546.75,1.0,468.058,539.349,1.0,454.856,534.899,1.0,447.27,531.499,1.0,,,,,,,,,,,,,,,,709.084,258.477,1.0,705.559,262.187,1.0,701.144,277.703,1.0,696.251,284.764,1.0,690.96,293.108,1.0,405.248,636.546,1.0,398.747,641.769,1.0,388.353,646.366,1.0,381.9,653.656,1.0,376.967,659.925,1.0,467.151,649.051,1.0,466.992,659.019,1.0,459.422,665.409,1.0,456.483,672.454,1.0,450.1,680.516,1.0
502,479.862,550.777,1.0,475.32,546.75,1.0,468.058,539.349,1.0,454.824,534.899,1.0,448.277,530.831,1.0,,,,,,,,,,,,,,,,704.349,260.245,1.0,703.517,262.848,1.0,701.144,278.577,1.0,696.378,285.252,1.0,691.071,293.276,1.0,405.536,636.558,1.0,399.072,641.732,1.0,388.499,646.351,1.0,381.906,653.546,1.0,377.088,659.81,1.0,467.268,648.942,1.0,466.992,658.908,1.0,459.422,665.192,1.0,450.627,670.591,1.0,450.42,680.466,1.0
503,479.862,552.749,1.0,475.32,546.969,1.0,468.058,539.349,1.0,454.126,534.899,1.0,448.277,529.79,1.0,,,,,,,,,,,,,,,,695.947,266.075,1.0,702.783,273.763,1.0,700.73,278.577,1.0,696.857,285.536,1.0,691.071,293.3,1.0,405.799,636.77,1.0,400.704,640.328,1.0,393.852,646.351,1.0,385.986,648.498,1.0,377.95,659.804,1.0,473.603,648.942,1.0,466.082,649.0,1.0,458.409,662.351,1.0,450.627,669.118,1.0,452.799,680.466,1.0
504,479.471,552.847,1.0,474.623,547.079,1.0,468.053,538.574,1.0,454.519,534.827,1.0,448.661,529.655,1.0,,,,,,,,,,,,,,,,695.601,268.294,1.0,702.337,273.763,1.0,700.73,278.577,1.0,697.463,285.692,1.0,691.071,293.427,1.0,407.496,636.84,1.0,400.731,636.477,1.0,393.99,646.351,1.0,386.094,647.893,1.0,378.571,659.646,1.0,473.887,648.942,1.0,466.082,649.0,1.0,458.272,661.437,1.0,450.627,667.336,1.0,452.799,679.967,1.0
505,475.22,555.688,1.0,473.83,547.092,1.0,468.053,538.574,1.0,454.519,534.827,1.0,448.731,529.461,1.0,,,,,,,,,,,,,,,,683.832,268.505,1.0,700.727,273.763,1.0,698.584,276.845,1.0,698.011,286.925,1.0,690.96,293.566,1.0,407.496,636.84,1.0,400.731,636.137,1.0,394.234,646.546,1.0,386.102,647.694,1.0,378.571,659.642,1.0,473.988,648.119,1.0,465.86,648.437,1.0,458.263,661.09,1.0,451.506,667.336,1.0,452.799,679.454,1.0
506,475.22,556.776,1.0,473.83,547.623,1.0,468.053,538.574,1.0,454.519,534.827,1.0,448.801,529.461,1.0,,,,,,,,,,,,,,,,681.634,268.505,1.0,695.615,273.672,1.0,697.57,275.269,1.0,698.011,286.925,1.0,690.777,293.566,1.0,407.496,636.84,1.0,400.704,635.965,1.0,394.346,646.546,1.0,386.252,647.694,1.0,378.752,659.642,1.0,474.135,647.711,1.0,466.082,648.437,1.0,458.238,661.036,1.0,451.708,667.336,1.0,452.715,678.687,1.0
507,475.22,557.714,1.0,473.688,548.854,1.0,468.482,538.838,1.0,454.843,534.97,1.0,449.265,529.507,1.0,,,,,,,,,,,,,,,,681.474,268.823,1.0,693.869,273.672,1.0,697.005,275.269,1.0,698.011,286.925,1.0,689.866,293.566,1.0,405.556,631.899,1.0,399.9,635.965,1.0,394.234,646.546,1.0,386.292,647.694,1.0,378.752,659.646,1.0,473.988,647.711,1.0,466.255,648.39,1.0,457.799,661.036,1.0,452.012,667.185,1.0,452.531,678.673,1.0
508,475.736,557.714,1.0,473.601,548.854,1.0,468.482,538.838,1.0,454.843,534.97,1.0,449.265,529.507,1.0,,,,,,,,,,,,,,,,679.641,269.427,1.0,690.978,273.672,1.0,696.46,275.269,1.0,696.501,286.145,1.0,689.606,293.212,1.0,402.445,630.316,1.0,399.253,635.638,1.0,394.395,646.546,1.0,386.388,647.634,1.0,378.752,659.946,1.0,474.135,647.569,1.0,466.408,648.29,1.0,457.799,661.036,1.0,452.715,667.185,1.0,452.385,678.164,1.0
509,475.745,557.714,1.0,473.601,548.854,1.0,468.482,538.838,1.0,454.843,534.97,1.0,449.265,529.516,1.0,,,,,,,,,,,,,,,,679.641,269.427,1.0,689.164,273.75,1.0,695.664,275.698,1.0,695.791,284.881,1.0,689.606,292.291,1.0,396.338,630.03,1.0,396.045,634.502,1.0,394.608,645.828,1.0,386.418,647.591,1.0,379.438,660.017,1.0,474.135,646.596,1.0,468.202,648.279,1.0,457.799,660.955,1.0,455.001,666.492,1.0,451.632,677.401,1.0
510,475.994,555.71,1.0,473.168,547.788,1.0,467.328,538.153,1.0,454.318,534.587,1.0,448.551,529.516,1.0,,,,,,,,,,,,,,,,679.596,270.009,1.0,687.912,273.75,1.0,695.664,275.698,1.0,694.727,284.182,1.0,689.606,292.269,1.0,394.663,629.67,1.0,395.377,634.331,1.0,394.771,645.164,1.0,386.536,647.367,1.0,379.592,660.03,1.0,473.148,641.645,1.0,470.301,648.279,1.0,460.001,659.043,1.0,456.983,665.968,1.0,451.632,676.471,1.0
511,476.57,545.412,1.0,472.791,543.709,1.0,465.73,538.153,1.0,454.242,533.065,1.0,447.588,529.507,1.0,,,,,,,,,,,,,,,,678.626,270.009,1.0,687.088,273.75,1.0,695.664,275.698,1.0,694.727,282.976,1.0,691.7,292.269,1.0,394.438,629.282,1.0,395.13,634.31,1.0,394.778,645.155,1.0,386.536,647.367,1.0,379.734,660.03,1.0,473.115,641.633,1.0,470.335,648.279,1.0,463.643,658.151,1.0,457.28,665.865,1.0,451.632,674.959,1.0
512,476.786,544.258,1.0,472.791,541.92,1.0,465.73,538.153,1.0,452.817,533.065,1.0,447.588,529.326,1.0,,,,,,,,,,,,,,,,677.328,269.427,1.0,685.168,273.333,1.0,698.656,272.451,1.0,694.727,279.706,1.0,702.265,292.291,1.0,394.416,628.973,1.0,394.936,634.054,1.0,394.778,645.018,1.0,386.418,647.367,1.0,379.736,660.046,1.0,472.653,639.138,1.0,470.335,648.769,1.0,464.155,657.965,1.0,460.814,665.387,1.0,454.043,670.722,1.0
513,477.486,542.126,1.0,472.791,541.917,1.0,465.73,539.985,1.0,452.789,533.065,1.0,447.588,529.299,1.0,,,,,,,,,,,,,,,,677.032,278.129,1.0,685.117,273.011,1.0,698.656,272.451,1.0,694.727,278.437,1.0,702.265,292.269,1.0,394.385,628.973,1.0,394.819,633.682,1.0,394.89,644.989,1.0,386.536,647.367,1.0,379.77,660.046,1.0,472.423,638.655,1.0,470.301,648.791,1.0,464.17,657.537,1.0,461.172,665.387,1.0,458.051,670.286,1.0
514,479.317,536.634,1.0,473.199,537.485,1.0,466.415,541.513,1.0,452.789,533.671,1.0,448.133,528.766,1.0,,,,,,,,,,,,,,,,676.676,278.129,1.0,684.277,272.839,1.0,698.656,272.451,1.0,694.727,278.22,1.0,702.822,292.269,1.0,394.336,628.548,1.0,394.463,633.205,1.0,394.89,644.697,1.0,386.536,647.352,1.0,379.885,660.046,1.0,472.38,638.128,1.0,470.232,648.791,1.0,464.264,657.537,1.0,461.286,665.387,1.0,458.716,670.068,1.0
515,479.721,535.881,1.0,474.19,536.912,1.0,466.416,541.513,1.0,452.817,534.029,1.0,448.144,528.755,1.0,,,,,,,,,,,,,,,,676.586,276.992,1.0,684.277,272.81,1.0,697.074,272.352,1.0,694.315,278.22,1.0,702.822,291.687,1.0,394.304,627.423,1.0,394.265,633.007,1.0,395.085,644.44,1.0,386.8,647.25,1.0,380.042,659.414,1.0,472.38,638.128,1.0,470.232,648.769,1.0,464.636,657.452,1.0,461.679,665.215,1.0,458.74,669.586,1.0
516,482.491,535.484,1.0,475.246,536.284,1.0,467.541,541.513,1.0,452.882,535.243,1.0,448.144,528.46,1.0,,,,,,,,,,,,,,,,674.237,272.849,1.0,682.531,271.801,1.0,694.755,271.899,1.0,694.24,278.437,1.0,701.515,290.626,1.0,394.296,627.394,1.0,394.263,632.759,1.0,395.591,644.403,1.0,387.673,646.892,1.0,381.484,658.659,1.0,472.38,638.128,1.0,470.232,648.555,1.0,465.222,657.406,1.0,461.999,665.116,1.0,458.912,669.274,1.0
517,483.615,534.857,1.0,475.459,534.782,1.0,467.729,541.257,1.0,453.12,535.721,1.0,448.302,528.46,1.0,,,,,,,,,,,,,,,,668.773,272.849,1.0,675.908,271.801,1.0,687.073,271.557,1.0,689.948,282.331,1.0,701.218,283.092,1.0,394.296,627.384,1.0,394.2,632.725,1.0,395.82,644.157,1.0,388.2,646.892,1.0,381.667,658.659,1.0,474.729,638.718,1.0,470.392,647.766,1.0,465.406,655.149,1.0,462.205,663.321,1.0,460.557,668.926,1.0
518,484.707,534.766,1.0,475.527,533.41,1.0,467.751,539.624,1.0,453.125,536.419,1.0,448.438,528.46,1.0,,,,,,,,,,,,,,,,668.344,272.597,1.0,674.385,270.291,1.0,687.073,271.245,1.0,689.948,282.331,1.0,701.163,281.576,1.0,394.296,627.384,1.0,393.881,632.368,1.0,395.82,644.146,1.0,388.441,646.892,1.0,381.924,658.659,1.0,477.855,638.718,1.0,471.768,645.177,1.0,465.593,651.763,1.0,462.243,661.925,1.0,461.615,668.78,1.0
519,484.91,534.701,1.0,475.807,532.732,1.0,467.751,539.624,1.0,453.317,536.482,1.0,448.438,528.732,1.0,,,,,,,,,,,,,,,,668.105,272.373,1.0,674.166,270.266,1.0,687.014,271.245,1.0,689.663,282.331,1.0,700.934,281.147,1.0,394.432,627.394,1.0,393.682,632.368,1.0,395.591,644.157,1.0,388.441,647.172,1.0,381.924,658.856,1.0,478.122,638.718,1.0,471.856,644.518,1.0,465.738,651.703,1.0,462.397,661.693,1.0,461.734,668.73,1.0
520,490.993,530.658,1.0,479.566,531.037,1.0,468.01,539.508,1.0,454.325,537.294,1.0,449.618,528.732,1.0,,,,,,,,,,,,,,,,668.01,272.236,1.0,673.897,270.266,1.0,686.624,271.557,1.0,689.948,282.078,1.0,701.163,281.147,1.0,394.489,627.394,1.0,393.456,632.368,1.0,395.507,644.157,1.0,387.673,647.288,1.0,381.924,658.856,1.0,480.003,637.799,1.0,471.856,642.328,1.0,466.42,649.181,1.0,462.243,657.915,1.0,461.98,668.678,1.0
521,490.993,529.966,1.0,479.979,530.46,1.0,468.281,539.434,1.0,454.325,537.294,1.0,450.094,528.757,1.0,,,,,,,,,,,,,,,,667.897,272.158,1.0,673.647,269.817,1.0,686.624,271.593,1.0,690.112,281.999,1.0,701.163,281.089,1.0,396.401,628.337,1.0,393.456,632.608,1.0,394.096,645.334,1.0,387.245,647.335,1.0,381.366,658.856,1.0,480.003,637.569,1.0,471.856,642.312,1.0,466.446,648.686,1.0,462.243,657.915,1.0,461.98,668.678,1.0
522,490.993,529.966,1.0,480.064,530.023,1.0,468.349,539.434,1.0,454.325,537.471,1.0,450.155,528.943,1.0,,,,,,,,,,,,,,,,667.878,272.121,1.0,673.647,269.817,1.0,685.743,271.593,1.0,690.346,280.682,1.0,700.922,280.93,1.0,400.003,629.403,1.0,393.456,632.714,1.0,394.045,645.776,1.0,387.245,647.569,1.0,381.145,658.52,1.0,480.003,637.526,1.0,471.856,642.231,1.0,466.582,648.683,1.0,462.243,657.915,1.0,461.955,668.678,1.0
523,487.559,529.508,1.0,480.064,530.023,1.0,468.363,538.876,1.0,454.325,537.368,1.0,450.094,529.201,1.0,,,,,,,,,,,,,,,,667.052,272.158,1.0,672.594,269.875,1.0,682.158,271.593,1.0,690.346,279.091,1.0,700.772,281.147,1.0,401.032,635.237,1.0,394.105,635.641,1.0,393.88,645.776,1.0,387.245,647.402,1.0,380.19,658.38,1.0,479.928,637.327,1.0,472.373,642.127,1.0,466.601,648.673,1.0,462.415,657.878,1.0,461.955,668.619,1.0
524,487.559,529.44,1.0,479.979,530.023,1.0,468.363,538.298,1.0,454.325,537.368,1.0,450.198,529.201,1.0,,,,,,,,,,,,,,,,665.624,272.158,1.0,671.839,269.927,1.0,679.17,271.348,1.0,690.346,276.404,1.0,700.648,281.718,1.0,404.587,638.9,1.0,396.833,637.03,1.0,393.774,645.928,1.0,386.808,647.733,1.0,379.972,658.37,1.0,479.796,637.211,1.0,473.028,641.972,1.0,466.704,648.658,1.0,462.415,657.722,1.0,461.955,668.515,1.0
525,487.559,529.501,1.0,480.064,537.623,1.0,468.695,538.298,1.0,454.497,537.471,1.0,450.201,529.435,1.0,,,,,,,,,,,,,,,,662.784,273.957,1.0,671.839,269.927,1.0,677.339,270.427,1.0,689.86,275.593,1.0,697.388,282.695,1.0,408.149,639.331,1.0,400.606,639.758,1.0,393.532,645.931,1.0,386.312,648.039,1.0,379.858,658.37,1.0,479.714,636.91,1.0,473.028,641.474,1.0,467.902,648.658,1.0,462.415,654.081,1.0,461.955,668.494,1.0
526,488.703,529.44,1.0,480.361,537.623,1.0,469.594,538.298,1.0,455.225,537.757,1.0,450.36,530.024,1.0,,,,,,,,,,,,,,,,662.784,274.345,1.0,672.011,269.96,1.0,677.339,270.39,1.0,689.822,275.382,1.0,697.388,282.695,1.0,408.262,639.59,1.0,401.908,641.72,1.0,393.537,647.706,1.0,385.911,648.477,1.0,379.858,658.38,1.0,478.415,630.782,1.0,472.373,634.362,1.0,472.604,646.158,1.0,466.811,651.532,1.0,462.003,665.904,1.0
527,493.02,529.013,1.0,480.389,537.623,1.0,472.493,538.181,1.0,457.526,537.757,1.0,453.256,530.041,1.0,,,,,,,,,,,,,,,,662.784,274.345,1.0,672.011,270.039,1.0,677.339,270.254,1.0,689.822,275.382,1.0,697.388,282.695,1.0,408.664,641.176,1.0,401.967,641.734,1.0,393.537,647.706,1.0,385.638,648.477,1.0,379.835,658.618,1.0,474.397,629.618,1.0,471.903,633.788,1.0,473.439,645.113,1.0,467.079,651.003,1.0,462.772,665.472,1.0
528,493.169,528.886,1.0,480.713,537.623,1.0,472.68,538.837,1.0,457.681,537.757,1.0,453.366,530.335,1.0,,,,,,,,,,,,,,,,662.786,274.471,1.0,672.011,270.463,1.0,677.37,269.64,1.0,689.611,275.312,1.0,697.904,282.365,1.0,408.664,641.178,1.0,402.056,641.734,1.0,393.537,647.716,1.0,385.638,648.477,1.0,379.643,658.618,1.0,474.397,629.253,1.0,471.903,633.708,1.0,473.904,644.188,1.0,467.106,650.614,1.0,462.787,665.345,1.0
529,493.936,528.886,1.0,482.005,537.496,1.0,474.517,538.837,1.0,459.868,537.956,1.0,455.519,530.938,1.0,,,,,,,,,,,,,,,,666.987,277.646,1.0,672.413,272.412,1.0,677.37,268.405,1.0,689.611,275.171,1.0,697.917,282.165,1.0,408.425,641.178,1.0,401.967,641.734,1.0,393.537,647.706,1.0,385.523,648.478,1.0,379.637,658.618,1.0,474.397,626.479,1.0,471.903,633.577,1.0,474.269,644.153,1.0,468.501,650.453,1.0,464.278,663.916,1.0
530,493.961,528.886,1.0,482.022,537.451,1.0,474.538,538.628,1.0,460.528,537.719,1.0,456.015,530.973,1.0,,,,,,,,,,,,,,,,670.567,287.238,1.0,673.007,276.156,1.0,677.37,267.852,1.0,688.17,274.104,1.0,699.928,281.371,1.0,408.262,641.178,1.0,401.908,641.734,1.0,393.537,647.577,1.0,385.011,648.478,1.0,379.012,657.714,1.0,475.526,626.311,1.0,472.594,632.609,1.0,474.611,643.366,1.0,469.158,649.372,1.0,465.95,661.996,1.0
531,493.961,528.935,1.0,482.636,537.451,1.0,474.538,538.628,1.0,460.633,537.326,1.0,456.262,531.914,1.0,,,,,,,,,,,,,,,,673.513,287.238,1.0,673.007,276.616,1.0,675.429,267.852,1.0,687.588,274.104,1.0,700.166,280.949,1.0,407.921,640.803,1.0,401.062,642.394,1.0,388.405,647.577,1.0,381.854,653.824,1.0,378.324,657.714,1.0,475.918,625.226,1.0,473.072,632.199,1.0,474.974,643.289,1.0,469.158,649.154,1.0,466.232,661.31,1.0
532,494.044,528.973,1.0,482.707,537.654,1.0,474.538,538.628,1.0,462.825,537.326,1.0,456.311,532.449,1.0,,,,,,,,,,,,,,,,673.513,287.626,1.0,673.453,277.548,1.0,675.3,267.852,1.0,687.553,274.076,1.0,700.304,277.379,1.0,403.215,640.803,1.0,396.272,644.894,1.0,387.441,648.026,1.0,380.361,654.583,1.0,376.561,657.714,1.0,475.961,625.172,1.0,473.467,632.152,1.0,474.986,643.116,1.0,469.386,649.154,1.0,466.262,661.31,1.0
533,493.961,528.973,1.0,482.97,537.451,1.0,474.775,537.741,1.0,462.973,538.544,1.0,456.631,532.764,1.0,,,,,,,,,,,,,,,,673.513,289.249,1.0,673.961,279.409,1.0,675.3,269.242,1.0,687.228,273.986,1.0,700.304,277.379,1.0,400.194,640.803,1.0,393.148,644.894,1.0,385.287,650.192,1.0,380.181,655.793,1.0,374.358,662.862,1.0,475.961,625.109,1.0,473.509,631.999,1.0,475.304,642.816,1.0,469.386,649.154,1.0,466.283,661.31,1.0
534,493.961,528.973,1.0,483.989,537.451,1.0,475.745,536.743,1.0,466.482,541.516,1.0,456.684,532.972,1.0,,,,,,,,,,,,,,,,673.411,289.983,1.0,674.167,279.409,1.0,675.3,269.757,1.0,686.928,274.104,1.0,700.304,277.379,1.0,396.122,644.165,1.0,392.409,645.112,1.0,384.509,650.192,1.0,375.841,656.621,1.0,373.273,664.21,1.0,476.053,624.396,1.0,473.639,631.62,1.0,475.909,642.774,1.0,469.386,649.154,1.0,466.288,661.31,1.0
535,493.6,528.678,1.0,485.062,536.988,1.0,477.309,535.464,1.0,468.889,542.021,1.0,457.54,533.046,1.0,,,,,,,,,,,,,,,,672.065,291.6,1.0,673.961,279.409,1.0,677.439,271.384,1.0,685.573,274.269,1.0,699.37,278.309,1.0,395.04,652.15,1.0,392.409,647.244,1.0,384.509,650.192,1.0,375.718,656.621,1.0,372.217,664.21,1.0,476.224,623.912,1.0,473.783,631.62,1.0,476.44,641.169,1.0,469.495,649.154,1.0,466.341,661.31,1.0
536,494.044,524.726,1.0,488.205,536.075,1.0,477.439,535.464,1.0,470.584,542.021,1.0,458.193,533.046,1.0,,,,,,,,,,,,,,,,671.663,291.6,1.0,673.961,279.779,1.0,677.439,272.77,1.0,685.337,276.129,1.0,698.514,279.541,1.0,395.04,653.065,1.0,392.409,647.244,1.0,384.509,648.839,1.0,375.718,656.621,1.0,372.217,664.21,1.0,476.729,623.847,1.0,474.142,631.29,1.0,476.44,641.169,1.0,469.597,648.983,1.0,466.341,660.981,1.0
537,495.315,523.651,1.0,489.861,535.67,1.0,477.475,535.464,1.0,471.227,541.516,1.0,458.279,533.172,1.0,,,,,,,,,,,,,,,,670.614,291.6,1.0,672.738,279.779,1.0,677.439,274.448,1.0,681.968,276.129,1.0,693.358,280.546,1.0,396.122,654.91,1.0,393.802,647.244,1.0,386.315,647.684,1.0,375.539,655.756,1.0,372.217,662.968,1.0,478.415,623.847,1.0,476.254,631.256,1.0,476.44,641.169,1.0,469.597,648.052,1.0,466.341,660.981,1.0
538,495.682,523.651,1.0,489.868,535.326,1.0,477.439,535.724,1.0,471.227,541.235,1.0,458.35,533.502,1.0,,,,,,,,,,,,,,,,670.614,291.38,1.0,672.325,280.128,1.0,677.439,274.567,1.0,681.968,276.129,1.0,693.18,280.546,1.0,399.198,657.112,1.0,395.325,649.174,1.0,387.85,647.684,1.0,375.539,654.315,1.0,372.242,662.289,1.0,483.437,623.912,1.0,480.01,631.256,1.0,473.232,642.424,1.0,469.593,648.052,1.0,466.364,660.981,1.0
539,495.315,524.19,1.0,489.861,535.67,1.0,477.439,535.886,1.0,471.154,541.192,1.0,458.35,533.502,1.0,,,,,,,,,,,,,,,,670.614,291.38,1.0,672.325,280.687,1.0,677.439,275.091,1.0,681.941,275.513,1.0,693.065,280.546,1.0,399.198,657.64,1.0,395.463,649.299,1.0,388.193,647.684,1.0,375.849,653.772,1.0,372.786,662.105,1.0,486.39,625.069,1.0,482.297,630.619,1.0,470.695,642.586,1.0,469.593,647.695,1.0,466.252,660.763,1.0
540,495.315,524.19,1.0,489.861,535.67,1.0,477.408,536.073,1.0,471.154,540.97,1.0,458.35,533.502,1.0,,,,,,,,,,,,,,,,670.614,291.38,1.0,672.175,282.272,1.0,677.868,276.722,1.0,681.817,274.992,1.0,692.679,279.798,1.0,399.198,658.974,1.0,395.466,650.889,1.0,388.987,648.079,1.0,375.86,653.667,1.0,373.034,661.969,1.0,486.957,625.798,1.0,483.331,630.489,1.0,470.695,642.586,1.0,469.485,647.652,1.0,466.217,660.763,1.0
541,493.66,528.772,1.0,484.47,536.76,1.0,476.826,536.103,1.0,469.209,541.192,1.0,458.095,533.171,1.0,,,,,,,,,,,,,,,,670.614,291.546,1.0,672.325,282.395,1.0,677.868,277.224,1.0,680.919,274.899,1.0,692.523,279.576,1.0,398.487,660.169,1.0,395.677,655.497,1.0,389.319,648.466,1.0,375.993,653.645,1.0,373.525,661.969,1.0,489.024,625.798,1.0,484.319,630.395,1.0,470.695,642.424,1.0,469.378,647.377,1.0,465.792,659.978,1.0
542,493.32,529.71,1.0,482.779,537.285,1.0,476.384,537.193,1.0,468.256,541.192,1.0,457.472,533.171,1.0,,,,,,,,,,,,,,,,670.534,292.42,1.0,672.676,285.893,1.0,677.868,279.335,1.0,680.014,274.337,1.0,690.718,279.137,1.0,397.184,673.354,1.0,395.466,657.603,1.0,390.035,649.706,1.0,376.011,653.315,1.0,373.525,661.651,1.0,489.661,625.069,1.0,485.334,630.395,1.0,471.803,641.668,1.0,468.634,646.783,1.0,465.277,650.78,1.0
543,492.891,532.838,1.0,480.859,538.125,1.0,475.869,537.9,1.0,467.488,540.97,1.0,457.002,533.171,1.0,,,,,,,,,,,,,,,,667.019,301.548,1.0,674.542,291.381,1.0,673.949,280.015,1.0,676.766,274.337,1.0,688.412,276.437,1.0,396.615,674.957,1.0,395.463,658.984,1.0,390.149,650.543,1.0,376.531,653.315,1.0,373.63,661.651,1.0,489.661,624.312,1.0,485.627,629.921,1.0,472.318,640.489,1.0,468.334,645.214,1.0,464.95,649.562,1.0
544,491.495,532.838,1.0,480.859,538.125,1.0,475.613,538.28,1.0,466.134,536.316,1.0,456.134,533.571,1.0,,,,,,,,,,,,,,,,666.872,301.548,1.0,674.542,291.507,1.0,673.87,280.284,1.0,676.027,274.337,1.0,688.412,275.286,1.0,396.6,675.443,1.0,395.463,659.242,1.0,390.149,650.651,1.0,377.381,653.315,1.0,373.63,661.627,1.0,490.228,624.301,1.0,485.94,629.534,1.0,472.449,640.321,1.0,468.316,645.157,1.0,464.95,649.562,1.0
545,489.115,532.838,1.0,480.859,537.285,1.0,474.84,539.112,1.0,464.676,536.316,1.0,455.912,533.571,1.0,,,,,,,,,,,,,,,,665.552,301.548,1.0,674.542,293.146,1.0,673.649,281.426,1.0,675.137,274.956,1.0,688.412,272.412,1.0,396.468,675.871,1.0,395.463,659.804,1.0,390.149,650.768,1.0,379.512,654.391,1.0,373.374,661.651,1.0,490.495,624.182,1.0,486.206,629.534,1.0,472.73,640.321,1.0,468.316,645.14,1.0,465.113,649.536,1.0
546,489.108,532.478,1.0,482.611,528.81,1.0,474.433,539.739,1.0,464.676,536.316,1.0,454.306,533.629,1.0,,,,,,,,,,,,,,,,665.497,301.269,1.0,674.24,293.249,1.0,673.376,281.596,1.0,674.307,275.132,1.0,688.214,271.465,1.0,396.485,676.245,1.0,394.462,660.525,1.0,389.787,651.916,1.0,379.753,654.975,1.0,373.374,661.759,1.0,490.898,622.957,1.0,485.94,629.372,1.0,473.291,640.148,1.0,468.316,644.264,1.0,465.277,649.536,1.0
547,489.108,532.414,1.0,483.592,528.666,1.0,474.433,540.65,1.0,464.676,536.584,1.0,454.306,533.571,1.0,,,,,,,,,,,,,,,,665.187,301.242,1.0,674.001,293.527,1.0,673.376,282.161,1.0,674.307,275.645,1.0,688.214,270.069,1.0,396.485,676.525,1.0,394.116,660.976,1.0,389.707,653.606,1.0,379.753,655.351,1.0,373.525,661.759,1.0,491.614,622.957,1.0,485.627,629.191,1.0,474.073,640.076,1.0,468.567,644.063,1.0,465.562,649.536,1.0
548,489.108,530.444,1.0,483.738,528.666,1.0,474.433,541.33,1.0,464.787,539.66,1.0,454.213,533.548,1.0,,,,,,,,,,,,,,,,665.187,301.181,1.0,673.769,293.527,1.0,673.254,282.88,1.0,674.307,275.645,1.0,686.884,271.465,1.0,396.226,676.525,1.0,394.057,662.207,1.0,389.7,655.376,1.0,379.512,655.351,1.0,373.18,661.759,1.0,491.709,622.957,1.0,481.634,629.04,1.0,474.42,639.263,1.0,469.507,642.69,1.0,465.914,649.186,1.0
549,489.277,530.444,1.0,483.738,528.81,1.0,474.433,541.33,1.0,464.787,539.66,1.0,454.057,533.484,1.0,,,,,,,,,,,,,,,,665.018,301.181,1.0,673.161,293.766,1.0,673.376,284.548,1.0,675.348,276.639,1.0,685.915,272.261,1.0,396.226,676.525,1.0,393.648,663.236,1.0,389.28,656.701,1.0,379.386,655.351,1.0,373.18,661.844,1.0,491.775,623.099,1.0,481.634,627.214,1.0,476.574,634.326,1.0,469.507,641.417,1.0,466.125,649.094,1.0
550,489.277,530.444,1.0,483.738,528.993,1.0,474.433,541.33,1.0,464.787,539.66,1.0,453.925,533.473,1.0,,,,,,,,,,,,,,,,664.753,301.244,1.0,667.164,294.606,1.0,673.419,287.761,1.0,676.981,281.293,1.0,684.644,272.04,1.0,394.169,671.042,1.0,392.969,663.236,1.0,388.277,659.115,1.0,377.756,655.746,1.0,373.224,661.759,1.0,491.869,623.311,1.0,481.634,627.01,1.0,477.221,633.819,1.0,470.053,640.169,1.0,466.196,649.094,1.0
551,489.277,532.39,1.0,479.994,529.408,1.0,469.749,539.5,1.0,456.291,535.608,1.0,453.533,531.697,1.0,,,,,,,,,,,,,,,,663.24,300.98,1.0,666.468,295.28,1.0,673.515,288.67,1.0,676.981,282.508,1.0,684.237,272.261,1.0,393.623,671.042,1.0,392.969,663.236,1.0,388.277,659.988,1.0,377.756,656.163,1.0,373.224,661.739,1.0,491.869,623.311,1.0,482.931,626.302,1.0,479.034,632.155,1.0,470.053,640.155,1.0,466.467,649.186,1.0
552,487.481,536.241,1.0,477.912,530.546,1.0,469.145,539.197,1.0,454.54,535.345,1.0,451.522,531.537,1.0,,,,,,,,,,,,,,,,663.185,301.244,1.0,666.423,295.375,1.0,673.515,288.678,1.0,676.981,282.984,1.0,684.053,272.261,1.0,393.623,671.042,1.0,392.969,662.767,1.0,388.277,659.988,1.0,377.756,657.197,1.0,373.224,661.739,1.0,491.835,623.311,1.0,482.931,626.302,1.0,479.034,631.401,1.0,470.028,640.169,1.0,467.439,651.332,1.0
553,483.461,536.779,1.0,476.97,531.839,1.0,469.145,538.422,1.0,454.54,534.048,1.0,449.393,531.289,1.0,,,,,,,,,,,,,,,,662.301,301.449,1.0,666.078,295.613,1.0,673.515,288.692,1.0,676.126,282.984,1.0,684.022,272.04,1.0,393.623,671.867,1.0,393.321,662.767,1.0,388.544,659.988,1.0,378.711,657.197,1.0,373.736,661.702,1.0,491.934,623.311,1.0,482.931,626.302,1.0,479.034,631.401,1.0,470.028,640.946,1.0,467.439,651.332,1.0
554,482.268,538.783,1.0,475.819,532.688,1.0,468.556,537.492,1.0,454.54,534.048,1.0,449.278,531.537,1.0,,,,,,,,,,,,,,,,662.145,301.533,1.0,666.078,295.914,1.0,672.919,288.87,1.0,674.752,282.69,1.0,684.022,272.04,1.0,395.007,672.466,1.0,393.641,662.767,1.0,391.439,654.094,1.0,378.783,657.197,1.0,373.736,661.627,1.0,492.07,623.311,1.0,482.931,626.115,1.0,478.823,631.401,1.0,470.053,640.169,1.0,468.089,651.332,1.0
555,475.98,543.646,1.0,475.19,534.001,1.0,468.556,537.492,1.0,455.02,534.048,1.0,448.723,531.537,1.0,,,,,,,,,,,,,,,,662.145,301.614,1.0,665.957,296.009,1.0,672.511,288.876,1.0,674.457,282.69,1.0,683.584,271.781,1.0,395.586,672.466,1.0,393.926,664.123,1.0,391.56,654.094,1.0,378.802,657.024,1.0,373.736,660.063,1.0,492.144,623.291,1.0,482.931,626.115,1.0,478.443,631.62,1.0,470.402,640.155,1.0,468.089,651.008,1.0
556,475.019,544.782,1.0,474.812,536.832,1.0,468.606,537.492,1.0,455.978,534.395,1.0,448.412,531.289,1.0,,,,,,,,,,,,,,,,661.948,301.624,1.0,665.945,296.048,1.0,672.318,289.006,1.0,674.045,282.69,1.0,683.202,271.781,1.0,395.586,672.466,1.0,394.228,664.235,1.0,392.334,654.094,1.0,378.802,657.024,1.0,373.186,659.542,1.0,492.22,622.518,1.0,484.124,625.105,1.0,478.35,633.59,1.0,470.765,639.409,1.0,468.129,650.945,1.0
557,470.831,547.425,1.0,473.75,540.307,1.0,468.556,537.492,1.0,457.137,534.395,1.0,447.859,531.113,1.0,,,,,,,,,,,,,,,,661.948,302.798,1.0,665.945,296.547,1.0,672.209,289.768,1.0,673.802,282.69,1.0,682.677,272.122,1.0,395.586,672.397,1.0,394.402,664.617,1.0,392.334,654.562,1.0,378.802,657.024,1.0,372.886,659.464,1.0,492.416,622.244,1.0,485.116,624.69,1.0,478.443,633.59,1.0,471.02,638.615,1.0,468.586,649.693,1.0
558,466.179,549.914,1.0,471.817,543.505,1.0,468.363,539.196,1.0,457.137,534.395,1.0,447.577,530.909,1.0,,,,,,,,,,,,,,,,658.772,306.253,1.0,664.018,299.373,1.0,668.411,291.319,1.0,672.505,283.861,1.0,679.738,274.322,1.0,395.487,672.293,1.0,394.402,664.766,1.0,392.591,655.303,1.0,378.596,657.172,1.0,372.706,659.452,1.0,492.416,621.009,1.0,485.116,624.69,1.0,478.35,634.054,1.0,471.02,638.615,1.0,468.586,649.445,1.0
559,465.933,551.298,1.0,470.114,543.63,1.0,467.84,540.179,1.0,457.139,534.293,1.0,447.207,530.909,1.0,,,,,,,,,,,,,,,,656.715,307.651,1.0,662.893,302.598,1.0,665.846,292.05,1.0,671.175,283.99,1.0,677.215,278.022,1.0,395.487,672.293,1.0,394.402,665.449,1.0,392.591,655.781,1.0,378.449,657.222,1.0,372.706,659.452,1.0,492.22,621.009,1.0,485.116,624.69,1.0,478.304,634.054,1.0,471.02,638.464,1.0,468.586,649.219,1.0
560,465.734,554.502,1.0,468.939,544.228,1.0,467.623,540.313,1.0,457.137,533.927,1.0,447.207,530.909,1.0,,,,,,,,,,,,,,,,655.355,310.997,1.0,662.51,302.598,1.0,665.443,292.223,1.0,670.456,284.092,1.0,676.027,278.643,1.0,395.487,672.397,1.0,394.262,665.685,1.0,392.413,655.801,1.0,378.445,657.222,1.0,372.559,659.464,1.0,492.22,621.009,1.0,484.055,624.124,1.0,477.987,633.59,1.0,470.823,638.064,1.0,468.586,648.162,1.0
561,463.497,554.512,1.0,467.94,544.832,1.0,467.623,540.622,1.0,457.137,533.927,1.0,447.207,531.086,1.0,,,,,,,,,,,,,,,,655.355,311.317,1.0,661.832,303.101,1.0,665.329,292.613,1.0,670.318,284.092,1.0,675.716,278.686,1.0,396.308,672.959,1.0,394.262,666.058,1.0,392.413,655.933,1.0,378.426,657.172,1.0,372.509,659.464,1.0,494.142,621.006,1.0,484.055,623.055,1.0,477.578,632.329,1.0,470.181,636.936,1.0,468.586,648.162,1.0
562,462.55,559.173,1.0,466.796,547.05,1.0,467.354,540.728,1.0,457.088,533.866,1.0,447.594,531.4,1.0,,,,,,,,,,,,,,,,655.355,311.403,1.0,661.605,303.101,1.0,665.218,293.264,1.0,670.053,284.019,1.0,675.61,278.716,1.0,397.241,673.373,1.0,394.232,666.386,1.0,392.413,656.489,1.0,378.138,657.092,1.0,372.432,659.446,1.0,494.219,621.006,1.0,484.055,623.055,1.0,477.578,632.329,1.0,469.622,636.936,1.0,468.745,648.199,1.0
563,462.55,560.109,1.0,465.724,548.383,1.0,466.914,540.728,1.0,457.088,533.866,1.0,448.507,532.777,1.0,,,,,,,,,,,,,,,,655.926,311.518,1.0,661.068,303.101,1.0,665.056,293.665,1.0,669.257,284.092,1.0,674.105,279.454,1.0,397.709,674.485,1.0,394.262,667.384,1.0,392.227,657.177,1.0,378.031,657.055,1.0,372.432,659.446,1.0,495.53,622.183,1.0,484.977,622.672,1.0,477.775,630.781,1.0,469.296,636.612,1.0,468.745,648.199,1.0
564,462.55,560.109,1.0,465.168,549.036,1.0,466.776,540.728,1.0,456.937,533.866,1.0,448.662,533.245,1.0,,,,,,,,,,,,,,,,659.191,314.846,1.0,660.085,304.598,1.0,665.043,295.951,1.0,669.015,284.092,1.0,674.105,280.366,1.0,397.937,674.97,1.0,394.262,667.894,1.0,392.227,657.71,1.0,378.031,657.055,1.0,372.432,658.698,1.0,495.53,621.897,1.0,486.305,622.411,1.0,477.775,630.781,1.0,468.856,636.612,1.0,468.79,648.222,1.0
565,463.017,560.109,1.0,464.152,549.138,1.0,466.503,540.728,1.0,456.937,533.702,1.0,448.838,533.411,1.0,,,,,,,,,,,,,,,,660.04,319.09,1.0,658.818,308.751,1.0,664.491,301.357,1.0,666.759,291.23,1.0,674.105,281.797,1.0,398.111,676.535,1.0,396.48,671.074,1.0,392.227,659.327,1.0,378.031,657.055,1.0,373.146,657.693,1.0,495.53,621.641,1.0,486.305,622.411,1.0,477.775,630.781,1.0,468.425,636.612,1.0,468.79,648.344,1.0
566,463.096,559.942,1.0,464.012,549.367,1.0,466.38,540.728,1.0,456.937,533.702,1.0,449.126,533.98,1.0,,,,,,,,,,,,,,,,660.04,319.09,1.0,658.818,309.284,1.0,664.48,301.612,1.0,666.744,291.59,1.0,674.614,282.2,1.0,398.31,676.535,1.0,396.744,671.201,1.0,392.566,660.276,1.0,378.049,657.033,1.0,373.321,656.595,1.0,494.76,621.641,1.0,486.305,622.411,1.0,477.775,631.74,1.0,468.425,636.867,1.0,468.629,648.471,1.0
567,463.651,559.942,1.0,463.684,550.476,1.0,466.38,540.746,1.0,457.259,533.702,1.0,449.733,535.107,1.0,,,,,,,,,,,,,,,,660.04,319.09,1.0,658.818,309.361,1.0,664.369,301.747,1.0,665.981,292.146,1.0,674.743,282.2,1.0,398.484,677.067,1.0,396.766,671.316,1.0,393.057,660.339,1.0,378.959,657.033,1.0,373.453,656.403,1.0,488.362,621.897,1.0,485.289,627.523,1.0,476.85,632.658,1.0,468.856,639.684,1.0,466.284,648.471,1.0
568,463.096,559.428,1.0,463.684,550.476,1.0,466.38,541.228,1.0,457.259,533.742,1.0,449.733,535.107,1.0,,,,,,,,,,,,,,,,661.056,319.053,1.0,659.022,309.361,1.0,664.369,301.747,1.0,665.981,292.146,1.0,674.828,282.247,1.0,398.31,676.662,1.0,397.043,671.528,1.0,393.057,661.345,1.0,379.151,656.315,1.0,373.761,656.291,1.0,481.285,621.897,1.0,484.13,629.835,1.0,476.85,635.906,1.0,472.929,640.367,1.0,465.551,648.471,1.0
569,463.017,554.496,1.0,463.684,550.476,1.0,466.38,541.536,1.0,457.259,533.912,1.0,449.733,535.107,1.0,,,,,,,,,,,,,,,,661.056,315.78,1.0,659.062,308.751,1.0,664.48,301.357,1.0,666.517,291.59,1.0,675.333,282.247,1.0,398.265,676.535,1.0,397.242,671.553,1.0,393.057,661.791,1.0,379.151,656.315,1.0,373.761,656.093,1.0,477.902,624.634,1.0,483.071,630.684,1.0,476.539,637.271,1.0,472.987,640.367,1.0,465.551,648.471,1.0
570,462.163,554.496,1.0,463.827,547.601,1.0,464.423,541.536,1.0,456.81,533.957,1.0,447.244,533.307,1.0,,,,,,,,,,,,,,,,658.225,315.048,1.0,659.692,305.471,1.0,666.523,297.499,1.0,666.517,290.686,1.0,675.333,282.247,1.0,398.31,676.662,1.0,397.494,671.803,1.0,393.033,661.802,1.0,379.151,656.281,1.0,373.907,656.0,1.0,477.902,624.634,1.0,484.13,630.684,1.0,476.539,637.271,1.0,472.987,640.333,1.0,465.551,648.471,1.0
571,462.163,551.232,1.0,464.657,545.593,1.0,464.423,541.228,1.0,456.526,534.015,1.0,446.046,532.726,1.0,,,,,,,,,,,,,,,,658.225,309.365,1.0,659.929,305.471,1.0,668.133,297.499,1.0,666.762,290.686,1.0,675.409,282.247,1.0,399.255,682.419,1.0,397.542,671.963,1.0,393.031,661.929,1.0,379.153,656.315,1.0,373.974,655.408,1.0,477.902,624.634,1.0,484.13,630.684,1.0,476.85,637.271,1.0,472.968,640.333,1.0,465.578,649.178,1.0
572,462.163,551.232,1.0,465.038,545.446,1.0,464.423,541.062,1.0,456.368,534.015,1.0,446.046,532.677,1.0,,,,,,,,,,,,,,,,650.529,302.266,1.0,659.929,305.471,1.0,668.133,297.499,1.0,666.762,290.686,1.0,675.587,282.782,1.0,399.298,682.637,1.0,397.612,672.546,1.0,393.031,662.059,1.0,383.667,656.433,1.0,375.665,655.408,1.0,483.327,619.226,1.0,483.071,629.037,1.0,476.874,635.0,1.0,473.097,639.274,1.0,466.162,649.353,1.0
573,465.785,551.232,1.0,466.397,545.446,1.0,464.561,540.074,1.0,456.361,534.015,1.0,446.046,532.606,1.0,,,,,,,,,,,,,,,,648.52,302.266,1.0,659.929,305.062,1.0,668.133,298.712,1.0,666.762,290.959,1.0,675.617,282.782,1.0,401.32,683.422,1.0,399.367,674.044,1.0,393.033,662.544,1.0,385.694,657.014,1.0,376.52,655.793,1.0,485.439,617.529,1.0,477.771,626.054,1.0,476.874,633.26,1.0,472.999,638.375,1.0,466.473,649.461,1.0
574,468.476,554.775,1.0,466.397,545.446,1.0,464.902,540.074,1.0,456.361,534.087,1.0,446.956,532.606,1.0,,,,,,,,,,,,,,,,648.52,302.152,1.0,657.506,305.578,1.0,665.95,301.328,1.0,665.807,291.823,1.0,675.617,282.782,1.0,401.791,683.771,1.0,399.758,674.096,1.0,393.078,663.035,1.0,386.143,657.564,1.0,376.791,655.408,1.0,485.439,617.309,1.0,477.656,626.054,1.0,476.874,633.26,1.0,472.968,638.375,1.0,466.473,649.461,1.0
575,468.476,555.785,1.0,466.397,546.584,1.0,466.216,540.074,1.0,456.368,533.978,1.0,447.424,532.581,1.0,,,,,,,,,,,,,,,,648.52,302.152,1.0,657.506,306.002,1.0,663.21,302.155,1.0,665.34,293.109,1.0,675.617,282.243,1.0,402.337,685.128,1.0,400.752,675.258,1.0,393.434,664.047,1.0,387.496,658.537,1.0,377.149,655.393,1.0,485.439,617.309,1.0,477.656,626.054,1.0,476.874,633.26,1.0,472.824,638.375,1.0,466.473,649.421,1.0
576,468.476,555.785,1.0,466.549,546.584,1.0,466.216,540.769,1.0,456.368,533.978,1.0,447.424,532.215,1.0,,,,,,,,,,,,,,,,648.108,302.838,1.0,657.05,306.002,1.0,663.128,302.541,1.0,664.848,293.44,1.0,675.374,282.234,1.0,402.496,685.662,1.0,400.972,676.114,1.0,394.285,667.023,1.0,388.415,659.9,1.0,377.388,655.232,1.0,484.804,617.309,1.0,477.771,626.607,1.0,476.608,634.21,1.0,472.824,640.043,1.0,465.9,649.421,1.0
577,466.385,555.785,1.0,466.549,546.584,1.0,466.216,541.451,1.0,456.41,534.087,1.0,447.424,532.215,1.0,,,,,,,,,,,,,,,,648.108,303.342,1.0,657.05,305.578,1.0,663.128,302.544,1.0,664.564,293.475,1.0,675.188,282.234,1.0,402.496,686.734,1.0,400.992,676.817,1.0,394.697,667.193,1.0,389.735,661.436,1.0,379.094,655.026,1.0,484.535,619.168,1.0,477.656,629.433,1.0,475.613,636.833,1.0,471.581,641.766,1.0,465.745,649.421,1.0
578,464.11,552.082,1.0,466.549,546.115,1.0,465.719,541.451,1.0,456.588,534.087,1.0,446.275,532.215,1.0,,,,,,,,,,,,,,,,648.108,303.342,1.0,657.05,305.578,1.0,663.085,302.544,1.0,664.331,293.632,1.0,675.085,282.243,1.0,402.548,687.37,1.0,401.545,676.896,1.0,395.19,667.283,1.0,390.128,661.436,1.0,379.357,655.019,1.0,483.864,621.138,1.0,477.446,630.534,1.0,475.084,639.711,1.0,470.051,644.597,1.0,465.636,649.421,1.0
579,464.11,552.082,1.0,466.829,545.967,1.0,465.719,541.451,1.0,456.588,533.978,1.0,446.172,531.728,1.0,,,,,,,,,,,,,,,,645.95,303.403,1.0,655.883,305.303,1.0,662.639,302.541,1.0,663.393,295.473,1.0,674.384,282.321,1.0,402.548,687.37,1.0,401.545,676.935,1.0,395.19,667.257,1.0,390.128,661.436,1.0,379.689,655.026,1.0,482.419,626.999,1.0,477.318,631.614,1.0,474.665,640.577,1.0,469.924,645.081,1.0,465.63,653.87,1.0
580,464.11,552.082,1.0,467.822,543.918,1.0,465.719,540.001,1.0,456.588,533.798,1.0,446.172,531.494,1.0,,,,,,,,,,,,,,,,645.324,303.414,1.0,655.785,305.303,1.0,662.248,302.647,1.0,663.393,295.812,1.0,673.751,284.474,1.0,402.7,687.571,1.0,401.638,676.937,1.0,395.205,667.257,1.0,390.162,661.436,1.0,379.689,655.019,1.0,481.008,627.091,1.0,476.168,631.855,1.0,474.665,640.841,1.0,469.924,645.921,1.0,464.447,655.041,1.0
581,470.249,557.734,1.0,468.72,542.94,1.0,465.991,537.851,1.0,456.812,533.798,1.0,446.183,531.444,1.0,,,,,,,,,,,,,,,,644.9,304.959,1.0,654.657,305.303,1.0,661.924,302.207,1.0,663.393,296.58,1.0,673.197,284.499,1.0,402.7,687.836,1.0,401.665,677.171,1.0,395.205,667.295,1.0,390.329,661.436,1.0,379.689,654.948,1.0,480.175,628.412,1.0,475.144,631.614,1.0,474.665,640.841,1.0,469.411,646.649,1.0,464.447,655.667,1.0
582,471.739,557.836,1.0,470.546,542.393,1.0,466.62,536.926,1.0,456.812,533.798,1.0,446.183,531.444,1.0,,,,,,,,,,,,,,,,644.42,305.775,1.0,654.647,304.99,1.0,661.801,301.631,1.0,663.283,296.687,1.0,673.086,285.218,1.0,402.894,687.953,1.0,402.107,677.337,1.0,395.676,667.621,1.0,390.444,661.817,1.0,379.505,654.948,1.0,472.552,628.412,1.0,474.942,631.614,1.0,474.665,640.521,1.0,469.411,646.649,1.0,464.447,655.781,1.0
583,471.931,558.04,1.0,471.149,542.256,1.0,466.678,536.704,1.0,456.812,533.993,1.0,446.172,531.494,1.0,,,,,,,,,,,,,,,,644.015,305.833,1.0,654.15,304.99,1.0,661.334,301.631,1.0,663.283,296.804,1.0,672.912,285.414,1.0,403.345,687.953,1.0,402.776,678.411,1.0,396.564,667.687,1.0,391.28,662.559,1.0,379.352,654.883,1.0,469.691,627.091,1.0,474.941,630.426,1.0,469.756,640.521,1.0,469.117,646.709,1.0,464.376,656.763,1.0
584,471.931,558.04,1.0,471.189,542.229,1.0,466.678,536.704,1.0,456.753,534.057,1.0,445.992,531.444,1.0,,,,,,,,,,,,,,,,643.505,305.937,1.0,653.255,305.037,1.0,661.026,302.207,1.0,662.901,297.321,1.0,672.734,285.543,1.0,403.42,688.106,1.0,402.936,678.433,1.0,396.961,667.783,1.0,391.349,662.573,1.0,379.307,654.38,1.0,468.877,625.98,1.0,473.996,630.099,1.0,468.649,639.77,1.0,468.231,651.848,1.0,464.376,656.766,1.0
585,471.931,558.04,1.0,471.287,542.229,1.0,466.874,536.704,1.0,456.721,534.098,1.0,445.956,531.444,1.0,,,,,,,,,,,,,,,,641.134,305.938,1.0,651.01,305.037,1.0,660.726,302.207,1.0,662.221,298.161,1.0,672.073,286.302,1.0,404.163,688.178,1.0,403.693,679.673,1.0,397.65,667.969,1.0,391.83,663.133,1.0,379.352,654.877,1.0,468.877,624.941,1.0,473.996,630.099,1.0,468.649,639.77,1.0,468.231,651.848,1.0,464.341,656.666,1.0
586,471.931,557.023,1.0,471.433,541.916,1.0,466.62,536.926,1.0,456.677,534.101,1.0,445.956,530.434,1.0,,,,,,,,,,,,,,,,636.602,306.955,1.0,645.369,305.037,1.0,658.709,301.6,1.0,661.615,300.405,1.0,669.216,287.199,1.0,404.163,688.178,1.0,403.693,679.673,1.0,397.65,667.983,1.0,391.83,663.133,1.0,379.352,654.38,1.0,468.877,624.21,1.0,473.996,630.099,1.0,468.649,639.77,1.0,468.225,651.848,1.0,464.25,656.666,1.0
587,471.931,545.722,1.0,471.622,536.896,1.0,466.605,536.704,1.0,456.28,534.456,1.0,445.956,530.434,1.0,,,,,,,,,,,,,,,,632.136,307.215,1.0,641.408,306.639,1.0,653.489,301.6,1.0,660.503,300.682,1.0,668.687,289.01,1.0,404.163,688.106,1.0,403.693,679.673,1.0,397.65,668.122,1.0,391.83,663.133,1.0,379.425,654.358,1.0,474.093,623.934,1.0,474.76,633.559,1.0,469.324,641.935,1.0,468.225,650.308,1.0,464.142,656.666,1.0
588,472.178,541.973,1.0,471.888,534.295,1.0,465.687,536.343,1.0,455.618,536.762,1.0,445.434,530.434,1.0,,,,,,,,,,,,,,,,632.104,307.215,1.0,641.124,306.93,1.0,653.092,300.82,1.0,659.931,300.682,1.0,668.687,289.863,1.0,399.892,688.106,1.0,402.053,678.27,1.0,397.378,668.122,1.0,392.101,663.076,1.0,379.757,654.151,1.0,474.398,623.368,1.0,475.441,633.559,1.0,469.678,642.035,1.0,468.583,650.308,1.0,464.142,656.394,1.0
589,474.467,540.768,1.0,472.243,530.65,1.0,461.135,535.615,1.0,455.344,536.762,1.0,444.838,530.372,1.0,,,,,,,,,,,,,,,,631.292,307.881,1.0,640.564,307.802,1.0,652.798,300.82,1.0,659.522,300.682,1.0,668.451,291.099,1.0,398.85,687.57,1.0,401.851,677.616,1.0,396.974,668.122,1.0,391.492,663.076,1.0,379.824,654.072,1.0,474.427,623.607,1.0,475.833,633.688,1.0,469.678,642.109,1.0,468.583,650.308,1.0,464.25,656.394,1.0
590,474.467,540.43,1.0,471.888,530.65,1.0,461.135,535.494,1.0,455.618,536.762,1.0,444.605,530.699,1.0,,,,,,,,,,,,,,,,631.131,307.881,1.0,640.499,307.802,1.0,652.733,300.509,1.0,659.354,301.041,1.0,668.451,291.099,1.0,393.521,685.189,1.0,401.229,677.151,1.0,396.752,668.088,1.0,391.472,663.076,1.0,379.873,653.921,1.0,474.427,623.368,1.0,476.602,633.688,1.0,469.678,642.035,1.0,468.666,649.742,1.0,464.439,656.394,1.0
591,469.922,535.866,1.0,471.622,530.65,1.0,461.135,535.494,1.0,456.28,536.762,1.0,444.605,530.98,1.0,,,,,,,,,,,,,,,,631.025,307.973,1.0,640.208,308.003,1.0,652.585,300.82,1.0,659.148,301.041,1.0,668.451,291.249,1.0,391.018,685.189,1.0,396.587,675.016,1.0,395.602,668.022,1.0,391.435,663.037,1.0,379.873,653.921,1.0,474.726,623.368,1.0,476.602,633.559,1.0,469.913,642.035,1.0,469.04,649.742,1.0,464.832,656.607,1.0
592,469.922,529.428,1.0,469.899,533.026,1.0,463.427,535.494,1.0,457.329,536.762,1.0,444.605,531.253,1.0,,,,,,,,,,,,,,,,631.025,307.989,1.0,640.301,308.003,1.0,651.704,300.856,1.0,658.448,301.319,1.0,667.514,291.368,1.0,390.613,685.107,1.0,396.146,675.003,1.0,395.445,667.844,1.0,391.254,663.037,1.0,379.873,654.072,1.0,474.726,623.607,1.0,476.602,633.688,1.0,470.027,642.384,1.0,469.04,648.716,1.0,465.085,658.533,1.0
593,469.809,528.558,1.0,469.739,533.026,1.0,465.507,535.494,1.0,457.329,538.503,1.0,444.439,531.253,1.0,,,,,,,,,,,,,,,,630.015,308.003,1.0,640.301,308.003,1.0,649.148,301.021,1.0,657.878,301.368,1.0,667.13,291.442,1.0,390.025,685.107,1.0,394.461,674.741,1.0,394.573,667.844,1.0,390.508,663.023,1.0,379.63,654.115,1.0,476.057,627.324,1.0,474.589,633.732,1.0,471.113,643.327,1.0,468.57,648.716,1.0,465.085,659.37,1.0
594,469.809,524.547,1.0,469.0,533.026,1.0,465.507,535.494,1.0,457.329,538.503,1.0,444.439,531.312,1.0,,,,,,,,,,,,,,,,629.892,309.706,1.0,639.31,308.003,1.0,645.19,302.289,1.0,655.529,301.368,1.0,667.13,292.444,1.0,389.742,685.107,1.0,393.374,674.61,1.0,394.441,667.844,1.0,390.441,663.023,1.0,379.539,654.377,1.0,479.079,634.958,1.0,474.589,634.508,1.0,472.094,645.349,1.0,466.817,648.716,1.0,465.085,659.395,1.0
595,469.809,523.994,1.0,469.0,530.501,1.0,465.507,535.362,1.0,456.871,538.503,1.0,444.398,532.072,1.0,,,,,,,,,,,,,,,,629.892,309.751,1.0,640.301,308.003,1.0,645.19,302.289,1.0,655.529,301.521,1.0,666.99,292.444,1.0,389.252,685.056,1.0,392.917,674.086,1.0,393.79,667.844,1.0,389.725,662.877,1.0,378.987,654.377,1.0,481.862,640.573,1.0,474.589,641.448,1.0,472.239,645.484,1.0,466.021,650.39,1.0,463.588,660.262,1.0
596,474.442,523.994,1.0,468.541,530.501,1.0,463.647,535.361,1.0,456.497,538.229,1.0,444.158,532.072,1.0,,,,,,,,,,,,,,,,629.892,309.751,1.0,640.301,308.032,1.0,645.19,302.459,1.0,655.529,301.521,1.0,667.13,292.444,1.0,389.174,676.685,1.0,392.779,673.256,1.0,393.174,667.743,1.0,388.676,662.815,1.0,377.666,654.115,1.0,481.882,643.863,1.0,478.845,641.704,1.0,472.239,645.807,1.0,464.916,650.514,1.0,463.588,660.373,1.0
597,474.442,523.994,1.0,467.412,530.501,1.0,461.535,534.536,1.0,456.357,537.844,1.0,444.11,532.072,1.0,,,,,,,,,,,,,,,,630.015,309.751,1.0,638.899,308.032,1.0,647.248,302.289,1.0,656.876,301.358,1.0,667.17,292.338,1.0,387.663,672.942,1.0,392.59,670.505,1.0,392.898,667.073,1.0,387.663,662.832,1.0,377.652,653.021,1.0,481.968,644.869,1.0,479.07,642.037,1.0,472.536,645.807,1.0,464.044,650.514,1.0,463.588,660.373,1.0
598,474.442,527.754,1.0,467.2,536.596,1.0,460.396,533.885,1.0,454.833,537.595,1.0,443.743,531.049,1.0,,,,,,,,,,,,,,,,633.758,303.574,1.0,638.899,307.534,1.0,650.514,302.459,1.0,657.432,300.972,1.0,667.406,291.518,1.0,386.821,671.224,1.0,392.037,669.1,1.0,391.459,666.674,1.0,387.339,662.832,1.0,377.568,650.824,1.0,482.597,650.707,1.0,481.233,642.8,1.0,473.018,645.484,1.0,462.646,650.39,1.0,464.363,660.373,1.0
599,474.607,529.727,1.0,465.893,537.32,1.0,460.252,533.697,1.0,454.833,537.255,1.0,443.743,531.049,1.0,,,,,,,,,,,,,,,,635.963,301.762,1.0,638.989,306.817,1.0,650.721,302.339,1.0,658.903,300.972,1.0,668.146,291.518,1.0,386.628,670.981,1.0,391.951,668.421,1.0,391.459,666.674,1.0,387.339,662.832,1.0,377.561,650.068,1.0,482.597,653.571,1.0,482.105,644.884,1.0,473.462,645.422,1.0,462.048,648.031,1.0,465.209,660.373,1.0
600,474.607,530.12,1.0,465.893,537.32,1.0,460.007,533.405,1.0,454.142,536.898,1.0,442.942,530.971,1.0,,,,,,,,,,,,,,,,637.193,300.123,1.0,638.989,304.938,1.0,650.777,302.339,1.0,659.24,300.972,1.0,668.146,291.518,1.0,383.374,670.981,1.0,391.384,667.991,1.0,391.459,666.674,1.0,387.339,662.832,1.0,377.561,649.988,1.0,483.262,654.073,1.0,482.432,644.884,1.0,474.175,645.422,1.0,461.981,647.216,1.0,465.415,660.379,1.0
601,476.433,532.95,1.0,465.893,537.32,1.0,459.359,533.405,1.0,453.88,535.855,1.0,442.612,530.96,1.0,,,,,,,,,,,,,,,,639.355,294.769,1.0,640.007,303.495,1.0,650.777,302.339,1.0,659.24,300.985,1.0,668.146,291.89,1.0,382.734,670.642,1.0,390.0,667.673,1.0,393.194,666.706,1.0,387.645,662.869,1.0,377.561,649.988,1.0,485.343,655.704,1.0,483.195,644.884,1.0,475.236,645.422,1.0,461.981,647.216,1.0,465.559,660.379,1.0
602,476.748,532.95,1.0,472.197,530.677,1.0,459.303,533.405,1.0,453.726,535.644,1.0,442.612,530.836,1.0,,,,,,,,,,,,,,,,639.355,294.218,1.0,640.007,302.332,1.0,650.777,302.339,1.0,659.24,301.018,1.0,667.987,292.174,1.0,382.344,668.97,1.0,388.458,667.05,1.0,393.702,666.706,1.0,388.784,662.973,1.0,379.776,649.988,1.0,487.137,656.795,1.0,483.195,645.454,1.0,475.938,645.499,1.0,461.981,647.041,1.0,465.585,660.379,1.0
603,476.748,532.95,1.0,472.69,530.318,1.0,459.303,534.297,1.0,453.726,535.565,1.0,442.586,530.063,1.0,,,,,,,,,,,,,,,,639.355,293.062,1.0,640.007,302.252,1.0,650.993,302.339,1.0,659.218,301.919,1.0,667.966,292.266,1.0,381.06,668.97,1.0,387.665,667.05,1.0,393.86,666.706,1.0,390.626,662.979,1.0,381.281,650.527,1.0,487.245,656.795,1.0,483.195,645.454,1.0,475.938,645.742,1.0,462.139,647.041,1.0,465.68,660.352,1.0
604,476.673,532.314,1.0,473.069,530.155,1.0,459.303,534.773,1.0,453.726,535.565,1.0,442.586,529.329,1.0,,,,,,,,,,,,,,,,638.179,291.795,1.0,639.625,300.01,1.0,651.005,302.445,1.0,658.541,301.926,1.0,667.577,293.223,1.0,379.415,668.97,1.0,386.165,667.05,1.0,393.86,666.706,1.0,391.183,663.163,1.0,381.425,651.933,1.0,487.691,656.891,1.0,483.012,645.454,1.0,475.938,645.919,1.0,462.26,647.394,1.0,466.09,659.885,1.0
605,476.673,532.287,1.0,473.069,530.155,1.0,458.62,534.773,1.0,453.57,535.403,1.0,441.991,529.205,1.0,,,,,,,,,,,,,,,,638.114,291.795,1.0,639.289,299.957,1.0,651.005,302.542,1.0,658.449,301.998,1.0,667.431,293.234,1.0,373.919,670.138,1.0,385.812,667.118,1.0,393.86,666.706,1.0,393.308,664.142,1.0,381.776,651.933,1.0,488.052,656.891,1.0,483.012,647.622,1.0,474.519,646.114,1.0,462.959,647.524,1.0,466.438,659.673,1.0
606,476.413,532.287,1.0,473.069,529.951,1.0,458.151,534.773,1.0,452.674,535.329,1.0,441.921,529.104,1.0,,,,,,,,,,,,,,,,636.732,291.795,1.0,638.65,299.957,1.0,650.993,302.76,1.0,658.433,302.97,1.0,667.26,293.538,1.0,373.919,670.321,1.0,385.724,668.443,1.0,393.171,667.809,1.0,395.293,664.56,1.0,381.776,652.152,1.0,488.312,656.877,1.0,483.012,648.006,1.0,474.519,645.919,1.0,464.061,648.699,1.0,466.438,658.741,1.0
607,473.193,532.314,1.0,469.846,529.762,1.0,457.107,533.357,1.0,449.593,534.895,1.0,441.606,528.074,1.0,,,,,,,,,,,,,,,,636.117,292.002,1.0,638.65,299.957,1.0,650.47,302.872,1.0,658.433,303.004,1.0,667.041,293.611,1.0,373.833,670.329,1.0,385.626,668.443,1.0,392.406,667.809,1.0,395.789,664.56,1.0,382.286,652.152,1.0,488.334,656.793,1.0,483.748,648.382,1.0,474.519,645.919,1.0,465.272,650.287,1.0,466.438,657.972,1.0
608,471.442,532.548,1.0,466.079,529.762,1.0,456.976,532.939,1.0,441.076,532.319,1.0,438.637,526.639,1.0,,,,,,,,,,,,,,,,635.95,292.28,1.0,638.65,299.957,1.0,650.427,302.872,1.0,658.231,303.004,1.0,667.017,293.647,1.0,373.833,670.506,1.0,385.215,668.443,1.0,392.192,667.809,1.0,395.789,664.56,1.0,382.286,651.633,1.0,488.343,656.793,1.0,484.906,648.69,1.0,475.176,646.114,1.0,465.599,650.443,1.0,465.965,657.667,1.0
609,470.151,542.025,1.0,465.914,529.762,1.0,456.976,532.939,1.0,440.338,531.549,1.0,438.333,526.02,1.0,,,,,,,,,,,,,,,,634.642,292.708,1.0,638.81,299.772,1.0,649.562,302.76,1.0,657.452,303.004,1.0,666.582,294.98,1.0,373.919,670.506,1.0,384.432,668.504,1.0,391.405,667.546,1.0,395.789,663.984,1.0,382.153,651.633,1.0,489.688,656.698,1.0,485.484,648.69,1.0,475.176,647.481,1.0,466.514,650.895,1.0,465.909,657.431,1.0
610,465.96,542.025,1.0,465.272,529.791,1.0,456.976,533.357,1.0,440.115,531.204,1.0,438.333,525.818,1.0,,,,,,,,,,,,,,,,634.343,292.733,1.0,640.356,298.813,1.0,646.316,301.81,1.0,656.217,302.654,1.0,666.582,296.676,1.0,373.586,670.329,1.0,383.746,668.41,1.0,390.803,667.162,1.0,395.849,663.961,1.0,382.121,651.686,1.0,489.799,656.698,1.0,485.853,648.717,1.0,475.552,648.159,1.0,466.759,651.339,1.0,465.301,657.288,1.0
611,463.127,542.025,1.0,465.272,531.449,1.0,457.107,533.396,1.0,440.115,531.204,1.0,438.333,525.758,1.0,,,,,,,,,,,,,,,,634.336,292.733,1.0,640.356,298.608,1.0,646.316,301.515,1.0,656.217,302.094,1.0,666.565,297.098,1.0,373.347,670.329,1.0,383.525,668.319,1.0,390.504,666.588,1.0,395.849,663.646,1.0,382.121,651.686,1.0,490.695,656.698,1.0,486.214,648.908,1.0,476.069,648.716,1.0,466.856,651.763,1.0,465.252,657.288,1.0
612,462.313,542.654,1.0,465.148,531.683,1.0,457.556,533.396,1.0,440.338,531.204,1.0,438.333,525.758,1.0,,,,,,,,,,,,,,,,634.259,292.733,1.0,640.356,298.351,1.0,646.316,301.254,1.0,656.217,301.849,1.0,666.544,297.098,1.0,372.466,669.976,1.0,380.751,667.828,1.0,389.798,666.546,1.0,395.675,663.646,1.0,382.121,652.219,1.0,493.54,656.741,1.0,489.496,653.512,1.0,479.676,649.007,1.0,470.481,651.911,1.0,465.227,656.1,1.0
613,457.989,542.654,1.0,464.751,534.819,1.0,457.556,533.396,1.0,441.762,531.322,1.0,438.068,525.758,1.0,,,,,,,,,,,,,,,,634.059,292.749,1.0,640.331,298.351,1.0,647.458,301.515,1.0,656.217,301.617,1.0,666.544,297.314,1.0,372.174,669.663,1.0,380.168,667.563,1.0,389.455,666.312,1.0,395.675,663.641,1.0,382.121,652.346,1.0,496.542,656.741,1.0,490.21,654.964,1.0,481.223,649.688,1.0,470.488,651.911,1.0,464.208,655.311,1.0
614,455.6,541.921,1.0,463.355,535.076,1.0,456.611,532.844,1.0,442.763,531.374,1.0,436.982,525.758,1.0,,,,,,,,,,,,,,,,633.309,292.749,1.0,640.081,297.883,1.0,647.458,301.515,1.0,656.217,301.527,1.0,665.441,297.314,1.0,368.882,668.758,1.0,377.763,665.789,1.0,388.322,666.141,1.0,394.88,663.509,1.0,382.675,653.739,1.0,498.273,656.741,1.0,491.282,655.57,1.0,482.993,651.964,1.0,471.074,651.957,1.0,464.208,654.24,1.0
615,453.942,542.654,1.0,463.109,535.941,1.0,453.075,532.666,1.0,442.809,531.645,1.0,436.451,525.758,1.0,,,,,,,,,,,,,,,,632.948,292.517,1.0,640.054,297.867,1.0,647.458,305.925,1.0,655.884,301.428,1.0,662.455,298.285,1.0,368.572,667.699,1.0,375.696,662.366,1.0,388.014,666.141,1.0,390.775,663.069,1.0,383.86,657.761,1.0,499.229,656.254,1.0,492.575,655.667,1.0,483.66,651.993,1.0,471.391,651.957,1.0,464.208,654.112,1.0
616,454.101,542.724,1.0,462.842,536.065,1.0,453.075,532.666,1.0,442.809,531.727,1.0,436.451,525.758,1.0,,,,,,,,,,,,,,,,632.238,287.725,1.0,639.931,296.139,1.0,644.734,305.925,1.0,649.452,298.67,1.0,662.237,299.604,1.0,367.762,667.6,1.0,375.51,662.313,1.0,385.961,666.141,1.0,389.655,663.069,1.0,384.577,657.874,1.0,499.317,656.254,1.0,492.607,655.698,1.0,483.66,652.008,1.0,471.391,651.911,1.0,464.211,654.112,1.0
617,454.101,543.311,1.0,462.842,536.065,1.0,453.075,532.666,1.0,442.763,531.727,1.0,436.451,525.712,1.0,,,,,,,,,,,,,,,,630.87,287.725,1.0,639.54,295.496,1.0,643.991,305.925,1.0,649.421,298.67,1.0,661.879,299.604,1.0,367.646,667.526,1.0,375.443,662.228,1.0,382.19,667.284,1.0,389.655,662.856,1.0,384.891,657.96,1.0,499.974,656.132,1.0,492.943,655.698,1.0,483.678,652.344,1.0,471.823,651.81,1.0,464.704,654.112,1.0
618,454.101,543.311,1.0,462.842,536.632,1.0,454.68,532.832,1.0,442.748,531.645,1.0,436.527,525.31,1.0,,,,,,,,,,,,,,,,629.934,287.725,1.0,639.39,295.017,1.0,643.809,304.028,1.0,649.378,298.67,1.0,660.207,299.604,1.0,367.643,667.526,1.0,374.944,662.228,1.0,381.925,667.284,1.0,389.655,662.856,1.0,384.891,658.157,1.0,499.974,656.132,1.0,493.075,656.781,1.0,483.89,652.66,1.0,472.037,651.652,1.0,465.048,654.196,1.0
619,463.111,543.311,1.0,463.335,536.632,1.0,454.68,533.619,1.0,440.386,531.645,1.0,436.527,525.31,1.0,,,,,,,,,,,,,,,,629.934,292.8,1.0,639.051,295.42,1.0,643.503,302.852,1.0,648.995,299.447,1.0,659.096,299.625,1.0,367.526,667.526,1.0,374.944,662.228,1.0,381.622,667.29,1.0,389.607,663.069,1.0,384.979,658.157,1.0,499.974,656.353,1.0,493.075,658.014,1.0,484.028,652.694,1.0,472.421,651.652,1.0,465.192,654.196,1.0
620,466.439,540.856,1.0,464.535,536.564,1.0,454.68,533.688,1.0,439.799,531.888,1.0,436.527,525.78,1.0,,,,,,,,,,,,,,,,629.868,292.8,1.0,638.953,295.42,1.0,642.664,302.834,1.0,647.565,299.811,1.0,657.011,299.625,1.0,367.483,667.657,1.0,374.909,662.228,1.0,381.452,667.284,1.0,389.607,663.226,1.0,384.979,658.173,1.0,499.517,659.581,1.0,492.943,658.413,1.0,484.311,652.998,1.0,472.694,651.652,1.0,465.212,654.849,1.0
621,466.439,530.798,1.0,464.535,536.632,1.0,452.966,534.918,1.0,439.432,532.191,1.0,435.19,526.243,1.0,,,,,,,,,,,,,,,,629.69,292.8,1.0,638.822,295.076,1.0,642.423,302.632,1.0,646.887,299.811,1.0,656.976,298.576,1.0,366.893,667.813,1.0,374.423,662.583,1.0,380.779,667.092,1.0,388.72,663.552,1.0,384.633,658.618,1.0,495.689,669.451,1.0,492.319,659.692,1.0,485.916,653.431,1.0,474.078,652.258,1.0,465.58,655.529,1.0
622,466.439,529.405,1.0,464.535,536.632,1.0,452.966,535.473,1.0,439.305,533.665,1.0,435.139,526.274,1.0,,,,,,,,,,,,,,,,629.606,292.447,1.0,638.651,295.076,1.0,642.365,302.288,1.0,646.887,299.549,1.0,656.835,298.576,1.0,366.429,668.834,1.0,372.963,662.904,1.0,380.181,667.092,1.0,388.204,663.653,1.0,384.633,659.518,1.0,492.457,670.995,1.0,490.901,661.576,1.0,485.916,656.29,1.0,474.268,652.852,1.0,465.612,657.464,1.0
623,461.371,527.507,1.0,462.192,536.564,1.0,452.966,535.473,1.0,439.305,533.885,1.0,435.113,526.391,1.0,,,,,,,,,,,,,,,,629.284,292.391,1.0,638.382,295.076,1.0,642.29,301.772,1.0,646.876,299.447,1.0,656.081,298.839,1.0,365.865,669.667,1.0,372.884,662.974,1.0,379.627,667.36,1.0,388.076,664.035,1.0,384.979,659.708,1.0,489.094,670.995,1.0,489.626,662.327,1.0,485.916,656.557,1.0,474.338,653.123,1.0,465.612,657.763,1.0
624,461.191,526.663,1.0,461.087,536.098,1.0,453.682,534.918,1.0,439.301,534.007,1.0,435.113,526.421,1.0,,,,,,,,,,,,,,,,628.505,290.981,1.0,638.301,294.269,1.0,641.802,301.617,1.0,646.876,299.549,1.0,655.386,298.704,1.0,364.149,670.217,1.0,371.939,663.224,1.0,379.321,667.902,1.0,387.674,666.482,1.0,385.876,661.536,1.0,488.952,671.048,1.0,489.366,662.499,1.0,485.916,656.557,1.0,474.391,653.194,1.0,465.612,657.763,1.0
625,459.408,526.663,1.0,461.028,533.801,1.0,454.349,534.444,1.0,439.149,534.068,1.0,435.106,526.56,1.0,,,,,,,,,,,,,,,,628.069,290.981,1.0,637.007,293.018,1.0,640.308,298.952,1.0,646.876,299.549,1.0,655.026,298.576,1.0,363.92,670.412,1.0,371.731,663.241,1.0,378.986,668.001,1.0,387.444,666.849,1.0,388.505,662.473,1.0,488.952,671.048,1.0,489.366,662.899,1.0,485.916,656.557,1.0,474.636,653.38,1.0,465.766,657.763,1.0
626,459.403,523.743,1.0,460.951,532.795,1.0,455.684,533.704,1.0,439.149,534.185,1.0,434.806,526.56,1.0,,,,,,,,,,,,,,,,625.717,289.298,1.0,630.715,289.955,1.0,638.958,294.446,1.0,645.891,299.617,1.0,654.761,298.197,1.0,363.767,670.412,1.0,371.731,663.241,1.0,378.986,668.104,1.0,387.444,667.044,1.0,389.091,662.687,1.0,488.952,671.265,1.0,489.366,663.522,1.0,489.65,655.053,1.0,475.263,654.014,1.0,466.202,657.25,1.0
627,459.373,523.127,1.0,460.794,532.057,1.0,455.684,533.404,1.0,439.149,534.185,1.0,434.719,526.421,1.0,,,,,,,,,,,,,,,,625.316,287.802,1.0,629.735,289.294,1.0,638.636,294.446,1.0,644.664,301.438,1.0,653.873,298.351,1.0,363.767,670.217,1.0,371.939,663.224,1.0,379.321,668.446,1.0,387.674,667.665,1.0,389.475,662.898,1.0,489.69,671.273,1.0,489.706,663.795,1.0,490.269,655.053,1.0,475.993,654.449,1.0,466.886,655.696,1.0
628,459.403,520.344,1.0,460.686,524.503,1.0,456.003,533.263,1.0,439.849,534.398,1.0,434.648,526.071,1.0,,,,,,,,,,,,,,,,623.203,286.975,1.0,628.759,288.201,1.0,637.912,293.05,1.0,642.98,301.438,1.0,653.137,298.199,1.0,363.92,669.973,1.0,372.104,662.656,1.0,378.986,668.446,1.0,387.737,667.665,1.0,389.628,662.944,1.0,490.379,671.316,1.0,490.775,663.777,1.0,490.595,655.053,1.0,475.993,654.819,1.0,468.803,655.297,1.0
629,459.403,520.308,1.0,459.788,523.805,1.0,456.07,533.049,1.0,440.719,534.657,1.0,434.648,525.884,1.0,,,,,,,,,,,,,,,,622.843,285.653,1.0,628.205,288.1,1.0,637.699,293.05,1.0,642.91,301.438,1.0,652.199,298.199,1.0,364.511,669.692,1.0,372.27,662.294,1.0,378.897,668.446,1.0,387.808,667.665,1.0,389.639,662.944,1.0,490.723,671.391,1.0,491.461,663.795,1.0,490.595,655.285,1.0,476.062,654.819,1.0,468.914,654.74,1.0
630,459.794,519.361,1.0,459.488,523.479,1.0,456.149,532.85,1.0,440.795,535.251,1.0,434.648,525.672,1.0,,,,,,,,,,,,,,,,622.703,285.414,1.0,627.607,288.025,1.0,635.342,296.809,1.0,642.852,300.968,1.0,652.199,298.28,1.0,367.445,661.714,1.0,372.905,661.722,1.0,378.884,668.225,1.0,387.808,667.607,1.0,389.817,662.898,1.0,490.723,671.38,1.0,491.461,664.095,1.0,490.595,656.101,1.0,476.203,654.942,1.0,468.937,654.74,1.0
631,460.194,515.594,1.0,459.416,522.012,1.0,456.07,531.787,1.0,442.067,536.386,1.0,434.997,525.119,1.0,,,,,,,,,,,,,,,,622.703,285.414,1.0,627.607,287.888,1.0,635.122,296.809,1.0,642.683,300.883,1.0,652.199,298.351,1.0,369.932,656.203,1.0,373.24,661.722,1.0,378.836,667.413,1.0,387.866,666.098,1.0,391.16,662.583,1.0,491.098,671.38,1.0,492.029,665.185,1.0,489.371,657.591,1.0,475.993,655.094,1.0,469.298,654.719,1.0
632,463.213,514.87,1.0,459.048,520.56,1.0,456.07,531.624,1.0,442.252,536.386,1.0,435.9,525.082,1.0,,,,,,,,,,,,,,,,622.703,285.414,1.0,627.485,287.888,1.0,634.828,296.336,1.0,642.683,300.425,1.0,652.198,298.435,1.0,373.843,653.817,1.0,373.428,661.722,1.0,377.108,666.702,1.0,388.259,665.598,1.0,391.241,662.583,1.0,491.237,671.543,1.0,492.577,665.959,1.0,489.371,658.849,1.0,476.195,655.112,1.0,469.449,654.719,1.0
633,464.517,514.87,1.0,458.308,519.493,1.0,455.557,531.234,1.0,442.321,536.386,1.0,435.955,524.92,1.0,,,,,,,,,,,,,,,,622.692,285.189,1.0,627.281,287.313,1.0,634.733,296.336,1.0,642.292,300.335,1.0,652.198,298.435,1.0,373.855,653.817,1.0,374.326,661.722,1.0,376.808,666.582,1.0,387.942,665.598,1.0,391.431,662.583,1.0,493.788,674.51,1.0,492.728,667.677,1.0,489.371,660.593,1.0,476.363,656.767,1.0,470.899,654.719,1.0
634,464.517,514.862,1.0,458.308,519.493,1.0,455.557,530.456,1.0,442.43,536.386,1.0,436.199,524.92,1.0,,,,,,,,,,,,,,,,621.226,284.496,1.0,627.176,283.975,1.0,633.661,294.806,1.0,641.718,299.228,1.0,652.198,298.435,1.0,373.855,653.817,1.0,374.326,663.758,1.0,376.317,666.338,1.0,387.866,665.598,1.0,391.431,662.942,1.0,494.229,679.624,1.0,496.991,671.766,1.0,489.007,661.804,1.0,476.363,657.592,1.0,470.918,654.117,1.0
635,464.598,514.642,1.0,458.308,519.493,1.0,455.557,530.068,1.0,442.534,536.941,1.0,436.745,525.119,1.0,,,,,,,,,,,,,,,,617.377,278.131,1.0,624.675,283.094,1.0,632.574,293.595,1.0,640.237,297.452,1.0,652.113,298.177,1.0,374.878,654.987,1.0,374.326,663.758,1.0,375.941,666.337,1.0,387.866,666.126,1.0,392.158,663.988,1.0,494.832,680.248,1.0,497.491,672.571,1.0,488.866,662.067,1.0,481.229,657.727,1.0,472.098,654.023,1.0
636,464.741,514.211,1.0,462.329,520.236,1.0,455.557,530.068,1.0,448.688,537.245,1.0,437.711,524.651,1.0,,,,,,,,,,,,,,,,616.902,277.794,1.0,624.566,282.628,1.0,632.523,292.72,1.0,638.77,296.479,1.0,651.688,298.07,1.0,374.878,655.457,1.0,373.675,663.758,1.0,375.941,666.139,1.0,387.688,667.143,1.0,392.533,664.933,1.0,498.416,684.148,1.0,498.16,674.41,1.0,489.083,664.064,1.0,482.066,659.225,1.0,472.472,651.813,1.0
637,465.032,513.705,1.0,462.763,520.236,1.0,456.687,530.068,1.0,449.116,537.245,1.0,438.383,528.054,1.0,,,,,,,,,,,,,,,,615.764,277.601,1.0,623.599,282.442,1.0,632.268,291.127,1.0,636.383,290.412,1.0,651.545,297.808,1.0,375.276,655.457,1.0,372.434,662.939,1.0,375.915,666.139,1.0,387.134,668.046,1.0,392.827,664.933,1.0,498.418,684.523,1.0,498.454,674.489,1.0,489.083,665.656,1.0,483.112,660.267,1.0,473.951,651.813,1.0
638,465.458,513.48,1.0,463.077,520.236,1.0,456.687,531.03,1.0,449.116,537.245,1.0,438.837,528.105,1.0,,,,,,,,,,,,,,,,615.702,277.303,1.0,623.549,282.116,1.0,632.005,290.635,1.0,636.209,290.3,1.0,651.533,297.736,1.0,375.507,654.987,1.0,372.367,662.919,1.0,375.941,666.139,1.0,386.977,668.078,1.0,393.039,664.933,1.0,498.539,684.531,1.0,499.296,674.501,1.0,488.871,665.815,1.0,483.525,660.579,1.0,474.465,651.813,1.0
639,465.458,513.705,1.0,463.077,520.236,1.0,458.095,531.621,1.0,449.116,536.375,1.0,438.91,528.105,1.0,,,,,,,,,,,,,,,,615.55,276.61,1.0,622.959,281.916,1.0,632.005,290.635,1.0,636.099,290.3,1.0,651.278,297.736,1.0,375.507,654.696,1.0,371.614,661.614,1.0,375.915,666.337,1.0,386.506,669.205,1.0,393.207,663.007,1.0,498.548,684.531,1.0,499.296,674.739,1.0,488.871,666.146,1.0,484.123,660.744,1.0,474.832,652.105,1.0
640,465.458,513.705,1.0,463.077,520.236,1.0,457.528,531.621,1.0,448.803,536.375,1.0,439.126,528.105,1.0,,,,,,,,,,,,,,,,615.7,276.53,1.0,622.825,281.916,1.0,631.862,290.841,1.0,635.959,290.199,1.0,651.224,297.808,1.0,375.483,654.515,1.0,371.597,661.338,1.0,376.001,666.139,1.0,386.445,670.045,1.0,393.207,662.534,1.0,498.648,684.531,1.0,499.296,675.013,1.0,489.083,666.309,1.0,484.437,660.941,1.0,474.886,652.48,1.0
641,461.957,514.036,1.0,462.163,522.192,1.0,457.528,531.03,1.0,447.895,536.375,1.0,438.91,528.105,1.0,,,,,,,,,,,,,,,,615.55,276.53,1.0,622.825,281.916,1.0,631.58,290.635,1.0,635.945,290.015,1.0,651.2,297.859,1.0,375.483,654.268,1.0,371.597,661.329,1.0,376.326,665.914,1.0,386.372,670.866,1.0,393.523,661.987,1.0,498.756,684.531,1.0,499.255,675.387,1.0,489.244,667.244,1.0,484.643,661.669,1.0,475.923,652.676,1.0
642,461.305,514.036,1.0,462.092,522.192,1.0,456.63,527.687,1.0,447.868,536.375,1.0,438.91,528.105,1.0,,,,,,,,,,,,,,,,615.334,276.61,1.0,622.825,281.937,1.0,631.465,290.512,1.0,635.945,290.015,1.0,651.2,298.135,1.0,375.483,654.354,1.0,371.597,660.993,1.0,377.157,665.914,1.0,386.445,670.866,1.0,393.887,661.987,1.0,500.469,684.531,1.0,498.7,676.465,1.0,490.505,668.537,1.0,486.422,663.635,1.0,475.946,652.747,1.0
643,458.031,514.036,1.0,461.356,522.192,1.0,456.63,527.687,1.0,443.083,536.157,1.0,437.946,528.175,1.0,,,,,,,,,,,,,,,,615.55,276.53,1.0,622.873,281.937,1.0,630.889,290.421,1.0,635.769,289.676,1.0,650.787,298.419,1.0,375.231,654.354,1.0,371.597,660.993,1.0,377.157,665.184,1.0,386.46,670.866,1.0,393.887,661.987,1.0,502.276,686.536,1.0,495.027,677.689,1.0,492.252,668.577,1.0,488.473,664.159,1.0,476.619,653.991,1.0
644,458.031,514.036,1.0,456.207,520.323,1.0,455.728,527.687,1.0,440.299,535.803,1.0,434.604,528.175,1.0,,,,,,,,,,,,,,,,615.7,276.447,1.0,622.873,281.937,1.0,630.771,290.358,1.0,635.626,289.296,1.0,650.707,298.589,1.0,374.35,654.354,1.0,371.555,660.992,1.0,377.169,664.903,1.0,386.445,670.702,1.0,393.887,661.987,1.0,502.336,686.888,1.0,495.027,678.702,1.0,492.378,669.002,1.0,488.8,664.841,1.0,477.992,655.444,1.0
645,458.031,514.036,1.0,456.207,519.957,1.0,455.233,528.716,1.0,440.299,535.327,1.0,434.604,527.77,1.0,,,,,,,,,,,,,,,,617.126,271.521,1.0,622.873,279.626,1.0,628.098,287.565,1.0,634.381,289.296,1.0,645.469,298.589,1.0,372.388,654.354,1.0,371.067,660.343,1.0,377.169,664.903,1.0,386.372,670.393,1.0,393.887,662.073,1.0,502.644,686.899,1.0,494.915,679.77,1.0,492.504,669.074,1.0,489.222,664.859,1.0,477.992,655.69,1.0
646,458.031,515.622,1.0,455.632,519.957,1.0,455.106,529.857,1.0,440.299,535.151,1.0,434.604,525.618,1.0,,,,,,,,,,,,,,,,617.36,271.521,1.0,622.873,279.626,1.0,628.098,287.565,1.0,634.381,288.563,1.0,645.469,298.589,1.0,366.306,654.76,1.0,370.15,658.505,1.0,377.157,664.903,1.0,380.085,664.968,1.0,388.195,663.615,1.0,502.721,686.899,1.0,495.027,679.77,1.0,492.512,669.087,1.0,489.235,665.048,1.0,478.584,655.916,1.0
647,458.769,515.925,1.0,456.037,520.323,1.0,454.845,529.962,1.0,440.448,535.151,1.0,434.741,525.463,1.0,,,,,,,,,,,,,,,,617.36,271.521,1.0,622.873,279.626,1.0,628.098,287.565,1.0,634.381,288.563,1.0,645.469,298.021,1.0,365.654,655.445,1.0,370.15,658.505,1.0,377.194,665.865,1.0,380.085,664.968,1.0,388.195,663.615,1.0,502.801,686.899,1.0,495.176,679.77,1.0,492.553,669.437,1.0,489.235,665.048,1.0,478.584,656.088,1.0
648,460.221,518.964,0.9959999918937683,456.207,520.511,0.9950000047683716,452.395,530.344,1.0,440.889,534.989,1.0,434.741,525.463,1.0,,,,,,,,,,,,,,,,617.36,273.024,1.0,623.054,281.576,1.0,629.857,289.953,1.0,635.341,289.917,1.0,650.661,297.863,1.0,365.654,656.204,1.0,370.15,658.505,1.0,377.528,665.99,1.0,380.085,664.968,1.0,388.195,663.615,1.0,503.025,686.899,1.0,498.584,678.094,1.0,492.642,669.475,1.0,489.235,665.095,1.0,478.713,656.408,1.0
649,464.912,521.501,1.0,456.642,521.036,1.0,452.395,530.344,1.0,441.634,534.989,1.0,434.855,525.614,1.0,,,,,,,,,,,,,,,,617.098,277.313,1.0,623.054,282.628,1.0,630.412,289.957,1.0,636.108,290.437,1.0,651.244,297.681,1.0,365.453,657.435,1.0,371.466,661.83,1.0,378.22,666.329,1.0,387.02,672.263,1.0,393.149,663.232,1.0,503.025,686.899,1.0,499.263,678.094,1.0,496.597,673.918,1.0,488.001,665.243,1.0,480.787,659.692,1.0
650,464.949,523.28,1.0,457.478,522.027,1.0,452.395,530.344,1.0,442.201,534.901,1.0,434.855,525.614,1.0,,,,,,,,,,,,,,,,615.618,285.031,1.0,623.326,283.401,1.0,630.412,290.31,1.0,636.576,290.437,1.0,651.564,297.681,1.0,365.453,662.174,1.0,371.466,664.462,1.0,378.912,667.137,1.0,387.18,672.263,1.0,394.181,663.003,1.0,502.801,687.407,1.0,499.543,678.094,1.0,496.836,675.512,1.0,488.001,666.719,1.0,481.696,660.866,1.0
651,466.507,527.482,1.0,462.27,522.027,1.0,453.752,530.244,1.0,442.201,534.901,1.0,434.779,526.974,1.0,,,,,,,,,,,,,,,,615.453,285.903,1.0,623.326,284.491,1.0,630.412,290.716,1.0,637.963,291.317,1.0,651.83,297.863,1.0,365.453,668.151,1.0,371.584,664.462,1.0,378.912,667.162,1.0,387.18,672.263,1.0,394.181,662.891,1.0,500.612,690.525,1.0,501.903,681.814,1.0,497.419,676.805,1.0,488.001,668.238,1.0,482.843,662.468,1.0
652,468.033,527.489,1.0,462.793,522.352,1.0,454.521,529.611,1.0,442.201,534.989,1.0,434.779,527.124,1.0,,,,,,,,,,,,,,,,615.453,288.471,1.0,622.749,285.597,1.0,631.257,290.716,1.0,638.081,292.16,1.0,652.322,298.148,1.0,365.274,668.856,1.0,371.466,664.462,1.0,378.912,667.426,1.0,387.18,672.254,1.0,394.181,663.003,1.0,499.899,690.525,1.0,501.903,681.835,1.0,497.688,676.992,1.0,488.695,668.401,1.0,483.008,662.538,1.0
653,468.999,527.489,1.0,463.083,522.352,1.0,454.591,529.516,1.0,442.348,534.901,1.0,434.855,527.35,1.0,,,,,,,,,,,,,,,,615.291,288.946,1.0,622.749,285.734,1.0,633.037,290.716,1.0,638.976,292.234,1.0,652.322,298.475,1.0,363.679,670.368,1.0,371.287,663.479,1.0,378.724,667.879,1.0,387.045,672.154,1.0,394.078,663.003,1.0,499.899,690.525,1.0,501.903,681.835,1.0,497.688,676.992,1.0,488.807,668.401,1.0,483.096,662.686,1.0
654,469.471,527.482,1.0,463.209,522.352,1.0,454.918,529.125,1.0,442.466,534.833,1.0,434.921,527.425,1.0,,,,,,,,,,,,,,,,615.618,289.84,1.0,623.326,285.895,1.0,633.261,289.096,1.0,638.976,292.473,1.0,652.391,298.536,1.0,362.237,672.303,1.0,370.382,663.479,1.0,378.297,667.931,1.0,386.375,672.108,1.0,393.958,663.24,1.0,499.899,690.525,1.0,501.349,681.877,1.0,497.736,677.118,1.0,489.095,668.481,1.0,483.221,662.741,1.0
655,472.815,527.466,1.0,463.605,522.09,1.0,455.066,527.998,1.0,442.839,534.708,1.0,435.103,527.434,1.0,,,,,,,,,,,,,,,,615.275,290.729,1.0,623.137,286.507,1.0,633.261,288.833,1.0,639.07,292.606,1.0,652.391,298.583,1.0,360.343,672.303,1.0,370.382,663.479,1.0,377.852,668.082,1.0,385.73,671.717,1.0,393.57,663.258,1.0,499.936,690.598,1.0,501.184,681.877,1.0,497.688,677.207,1.0,489.203,668.481,1.0,483.221,662.909,1.0
656,472.871,527.068,1.0,463.932,521.868,1.0,455.323,527.966,1.0,442.882,534.705,1.0,435.256,527.533,1.0,,,,,,,,,,,,,,,,615.275,291.074,1.0,623.188,286.37,1.0,633.261,288.152,1.0,638.976,292.8,1.0,652.375,298.735,1.0,359.598,672.654,1.0,370.382,664.537,1.0,376.826,668.138,1.0,384.621,671.393,1.0,390.665,666.205,1.0,499.979,690.609,1.0,501.184,682.112,1.0,497.686,677.318,1.0,489.669,668.677,1.0,483.221,662.955,1.0
657,473.172,526.891,1.0,463.934,521.735,1.0,455.444,527.859,1.0,442.921,534.705,1.0,435.339,527.739,1.0,,,,,,,,,,,,,,,,614.859,292.408,1.0,623.188,286.37,1.0,632.777,287.42,1.0,638.913,293.118,1.0,652.327,298.79,1.0,359.598,672.9,1.0,370.44,666.84,1.0,376.266,668.728,1.0,383.99,670.424,1.0,390.441,666.737,1.0,501.913,690.835,1.0,501.184,682.388,1.0,496.925,678.294,1.0,489.947,669.445,1.0,483.917,662.909,1.0
658,474.273,526.263,1.0,464.57,520.86,1.0,455.708,527.074,1.0,442.973,534.705,1.0,435.798,527.739,1.0,,,,,,,,,,,,,,,,614.782,292.743,1.0,623.137,286.507,1.0,632.609,287.325,1.0,638.797,293.118,1.0,652.327,298.79,1.0,359.594,673.365,1.0,370.44,667.524,1.0,375.414,669.261,1.0,383.797,669.834,1.0,389.28,667.399,1.0,502.744,693.766,1.0,501.543,685.495,1.0,496.836,679.342,1.0,490.078,670.665,1.0,486.624,664.158,1.0
659,474.639,526.031,1.0,464.57,520.329,1.0,455.873,526.471,1.0,443.189,534.705,1.0,435.869,527.681,1.0,,,,,,,,,,,,,,,,614.069,292.868,1.0,622.486,286.907,1.0,632.438,287.06,1.0,636.757,293.118,1.0,651.983,299.013,1.0,359.598,672.9,1.0,370.44,667.524,1.0,375.402,669.261,1.0,383.528,669.39,1.0,389.28,667.522,1.0,505.873,698.802,1.0,501.59,687.792,1.0,496.354,679.399,1.0,490.078,671.36,1.0,488.784,664.182,1.0
660,474.725,525.889,1.0,465.09,520.284,1.0,455.964,526.353,1.0,443.189,534.705,1.0,435.934,527.681,1.0,,,,,,,,,,,,,,,,612.062,292.868,1.0,621.686,287.871,1.0,631.413,286.57,1.0,636.614,299.058,1.0,651.057,299.013,1.0,359.598,672.9,1.0,369.096,667.339,1.0,374.903,668.728,1.0,379.306,663.901,1.0,389.16,668.486,1.0,506.521,700.111,1.0,501.901,687.841,1.0,496.354,679.78,1.0,491.237,672.436,1.0,489.139,664.232,1.0
661,474.84,525.829,1.0,465.47,517.904,1.0,455.964,525.794,1.0,443.189,534.631,1.0,436.636,527.854,1.0,,,,,,,,,,,,,,,,611.12,292.868,1.0,621.461,287.871,1.0,631.232,286.491,1.0,635.839,299.473,1.0,640.859,298.743,1.0,359.165,665.731,1.0,367.656,667.339,1.0,374.642,668.557,1.0,378.981,663.767,1.0,388.882,668.486,1.0,507.69,700.111,1.0,502.647,688.92,1.0,496.354,680.035,1.0,491.307,672.685,1.0,489.145,664.232,1.0
662,476.807,524.45,1.0,466.386,517.747,1.0,455.964,524.589,1.0,443.209,534.465,1.0,437.086,527.681,1.0,,,,,,,,,,,,,,,,609.894,291.924,1.0,620.615,287.871,1.0,631.044,286.155,1.0,633.017,301.135,1.0,640.859,298.743,1.0,359.054,665.731,1.0,366.974,667.339,1.0,374.307,668.422,1.0,378.976,663.767,1.0,388.882,668.486,1.0,507.69,700.105,1.0,502.983,689.133,1.0,496.535,680.344,1.0,491.525,672.836,1.0,489.145,664.243,1.0
663,476.92,523.683,1.0,467.34,517.685,1.0,453.116,522.15,1.0,443.352,534.41,1.0,437.087,527.555,1.0,,,,,,,,,,,,,,,,609.355,291.856,1.0,620.133,287.811,1.0,630.49,285.616,1.0,633.017,301.213,1.0,640.859,299.208,1.0,358.17,665.731,1.0,366.349,667.339,1.0,373.771,667.702,1.0,378.871,663.651,1.0,388.846,668.486,1.0,507.69,700.238,1.0,503.316,689.354,1.0,497.057,680.359,1.0,492.037,673.053,1.0,489.139,664.649,1.0
664,476.92,523.007,1.0,467.939,517.685,1.0,453.116,522.15,1.0,443.355,534.386,1.0,437.463,527.549,1.0,,,,,,,,,,,,,,,,608.417,291.77,1.0,620.02,287.811,1.0,630.072,285.616,1.0,633.017,301.28,1.0,640.76,299.208,1.0,356.724,667.669,1.0,365.264,667.876,1.0,373.725,667.103,1.0,378.658,663.651,1.0,388.578,668.483,1.0,507.533,700.238,1.0,503.317,690.249,1.0,497.429,680.726,1.0,492.396,673.83,1.0,489.139,667.861,1.0
665,476.92,518.544,1.0,469.084,517.747,1.0,453.116,522.15,1.0,443.494,533.964,1.0,437.74,527.126,1.0,,,,,,,,,,,,,,,,608.394,291.576,1.0,619.046,287.811,1.0,628.961,285.616,1.0,633.017,301.28,1.0,641.439,299.208,1.0,356.571,668.091,1.0,365.018,667.989,1.0,373.642,666.785,1.0,378.658,663.611,1.0,388.514,668.483,1.0,507.326,700.111,1.0,503.317,691.709,1.0,499.515,682.551,1.0,492.929,676.348,1.0,489.483,668.822,1.0
666,476.611,517.834,1.0,469.219,517.747,1.0,453.264,522.343,1.0,443.545,532.863,1.0,437.798,527.1,1.0,,,,,,,,,,,,,,,,607.087,291.576,1.0,618.644,289.264,1.0,628.89,287.306,1.0,633.017,301.28,1.0,641.439,299.241,1.0,355.663,668.564,1.0,364.487,668.522,1.0,373.476,666.557,1.0,378.65,663.601,1.0,388.387,668.582,1.0,505.327,700.111,1.0,503.317,692.755,1.0,501.211,686.297,1.0,492.963,677.091,1.0,489.536,669.146,1.0
667,476.611,517.803,1.0,469.391,518.524,1.0,453.306,522.375,1.0,443.545,532.863,1.0,437.83,526.772,1.0,,,,,,,,,,,,,,,,603.585,291.77,1.0,611.074,291.894,1.0,628.45,287.306,1.0,631.744,300.628,1.0,641.376,299.592,1.0,355.393,668.927,1.0,364.051,668.884,1.0,373.328,666.428,1.0,378.284,663.4,1.0,388.022,668.582,1.0,505.277,700.111,1.0,503.054,694.048,1.0,502.833,688.129,1.0,496.803,677.205,1.0,490.764,669.619,1.0
668,476.611,517.803,1.0,469.51,518.524,1.0,453.857,522.375,1.0,443.545,532.831,1.0,437.83,526.649,1.0,,,,,,,,,,,,,,,,603.325,293.077,1.0,609.085,292.897,1.0,626.467,287.306,1.0,631.374,299.403,1.0,641.376,299.592,1.0,354.329,669.669,1.0,362.465,669.704,1.0,372.548,666.28,1.0,377.55,662.112,1.0,385.367,668.582,1.0,502.615,699.601,1.0,502.976,694.381,1.0,502.857,688.272,1.0,496.885,677.205,1.0,491.013,669.619,1.0
669,476.784,517.748,1.0,470.351,518.524,1.0,454.02,522.559,1.0,443.623,532.771,1.0,437.896,526.559,1.0,,,,,,,,,,,,,,,,602.591,295.339,1.0,607.937,294.513,1.0,624.4,285.99,1.0,630.612,298.676,1.0,641.376,299.456,1.0,353.979,669.898,1.0,362.293,670.154,1.0,372.296,666.28,1.0,377.55,661.866,1.0,385.316,668.582,1.0,502.615,699.042,1.0,502.892,694.635,1.0,502.857,688.709,1.0,496.901,677.205,1.0,491.281,669.532,1.0
670,477.601,517.551,1.0,470.643,518.283,1.0,454.814,522.559,1.0,443.937,532.681,1.0,438.731,526.295,1.0,,,,,,,,,,,,,,,,601.874,296.948,1.0,607.684,294.608,1.0,624.148,285.99,1.0,630.612,298.262,1.0,641.169,299.456,1.0,353.687,670.087,1.0,361.883,670.154,1.0,372.138,666.28,1.0,377.55,661.701,1.0,385.217,668.663,1.0,502.615,699.042,1.0,502.726,694.903,1.0,502.833,688.709,1.0,496.901,677.238,1.0,491.349,669.72,1.0
671,479.199,516.602,1.0,472.761,517.63,1.0,457.817,529.865,1.0,448.261,532.65,1.0,438.731,526.295,1.0,,,,,,,,,,,,,,,,601.508,297.513,1.0,606.498,294.69,1.0,623.269,285.99,1.0,630.288,298.203,1.0,640.907,298.681,1.0,350.01,670.172,1.0,361.718,669.704,1.0,371.742,666.686,1.0,377.55,661.866,1.0,385.192,668.545,1.0,502.777,699.042,1.0,502.892,694.903,1.0,502.66,688.272,1.0,496.901,677.238,1.0,491.349,670.109,1.0
672,479.324,515.927,1.0,473.175,517.578,1.0,458.848,529.865,1.0,449.425,532.591,1.0,439.846,526.295,1.0,,,,,,,,,,,,,,,,601.085,297.524,1.0,606.134,294.812,1.0,620.126,286.819,1.0,630.288,294.803,1.0,637.305,297.925,1.0,349.788,670.37,1.0,360.629,669.55,1.0,371.107,666.768,1.0,377.55,662.112,1.0,385.192,668.545,1.0,503.214,699.042,1.0,502.976,694.635,1.0,502.55,686.98,1.0,495.517,677.271,1.0,491.225,669.93,1.0
673,479.324,515.793,1.0,473.551,516.942,1.0,459.338,529.865,1.0,450.247,532.471,1.0,441.161,528.469,1.0,,,,,,,,,,,,,,,,600.664,297.524,1.0,606.109,294.956,1.0,618.997,286.826,1.0,630.536,294.285,1.0,637.081,297.031,1.0,347.284,670.418,1.0,358.126,669.55,1.0,365.779,668.32,1.0,377.223,662.671,1.0,384.858,667.893,1.0,504.66,699.042,1.0,504.167,695.097,1.0,502.404,686.98,1.0,495.154,678.67,1.0,491.349,670.309,1.0
674,479.324,515.196,1.0,473.882,516.907,1.0,460.531,528.999,1.0,452.723,532.04,1.0,441.351,529.489,1.0,,,,,,,,,,,,,,,,600.664,297.524,1.0,605.391,295.771,1.0,618.93,287.03,1.0,630.536,293.904,1.0,636.716,297.031,1.0,345.607,671.89,1.0,356.034,669.55,1.0,364.363,668.875,1.0,369.848,667.599,1.0,384.283,666.886,1.0,506.28,698.764,1.0,504.766,695.097,1.0,502.378,686.98,1.0,494.838,680.857,1.0,491.225,670.599,1.0
675,474.038,515.196,1.0,474.304,516.772,1.0,461.195,528.426,1.0,453.76,531.514,1.0,441.399,529.576,1.0,,,,,,,,,,,,,,,,600.545,297.897,1.0,605.119,296.107,1.0,618.762,287.03,1.0,630.288,292.453,1.0,636.332,297.302,1.0,344.2,672.622,1.0,353.918,670.928,1.0,363.219,669.806,1.0,367.327,669.123,1.0,382.11,666.815,1.0,507.914,691.107,1.0,509.147,694.489,1.0,502.126,686.98,1.0,494.838,680.857,1.0,490.554,671.478,1.0
676,474.038,515.287,1.0,474.515,516.772,1.0,461.643,528.391,1.0,453.942,531.514,1.0,441.473,529.592,1.0,,,,,,,,,,,,,,,,600.361,298.564,1.0,605.119,295.662,1.0,618.141,289.107,1.0,628.868,291.888,1.0,636.332,297.302,1.0,344.154,672.637,1.0,353.706,671.247,1.0,362.74,669.818,1.0,366.715,669.123,1.0,381.482,666.523,1.0,517.096,690.777,1.0,510.054,694.489,1.0,501.904,686.601,1.0,494.838,680.857,1.0,490.554,671.701,1.0
677,474.038,515.287,1.0,474.638,516.669,1.0,461.773,528.391,1.0,454.056,531.923,1.0,441.473,529.768,1.0,,,,,,,,,,,,,,,,600.28,302.364,1.0,605.119,296.491,1.0,618.005,289.521,1.0,628.341,291.709,1.0,636.236,297.302,1.0,343.669,673.362,1.0,352.215,671.684,1.0,362.396,670.611,1.0,366.702,669.17,1.0,381.482,666.457,1.0,518.956,690.777,1.0,512.695,694.592,1.0,501.904,687.057,1.0,494.87,678.488,1.0,490.554,672.095,1.0
678,474.311,515.196,1.0,474.65,516.139,1.0,461.889,527.773,1.0,454.405,531.923,1.0,441.473,529.826,1.0,,,,,,,,,,,,,,,,599.075,304.197,1.0,605.921,296.491,1.0,614.672,290.915,1.0,625.943,291.709,1.0,635.924,297.312,1.0,343.631,673.389,1.0,352.157,671.761,1.0,361.903,670.628,1.0,366.622,669.17,1.0,381.418,666.457,1.0,518.956,691.107,1.0,512.695,694.592,1.0,501.904,686.601,1.0,494.87,677.949,1.0,490.554,671.701,1.0
679,474.354,514.686,1.0,474.638,516.095,1.0,462.001,527.773,1.0,454.441,531.923,1.0,441.473,529.826,1.0,,,,,,,,,,,,,,,,598.856,304.197,1.0,605.921,296.242,1.0,612.926,290.929,1.0,624.936,291.709,1.0,635.924,297.312,1.0,343.29,673.663,1.0,352.026,673.145,1.0,361.877,670.841,1.0,366.154,669.147,1.0,381.349,666.523,1.0,518.956,696.352,1.0,512.695,694.76,1.0,501.044,686.561,1.0,494.87,677.288,1.0,490.752,671.864,1.0
680,474.655,514.308,1.0,474.515,515.827,1.0,462.256,527.652,1.0,454.746,531.923,1.0,441.524,529.865,1.0,,,,,,,,,,,,,,,,597.196,304.197,1.0,605.921,295.702,1.0,612.102,291.024,1.0,624.684,291.722,1.0,635.808,297.101,1.0,343.031,673.749,1.0,351.475,674.702,1.0,361.867,671.276,1.0,365.68,668.872,1.0,381.337,666.932,1.0,511.493,696.352,1.0,511.205,696.332,1.0,501.044,686.601,1.0,495.192,676.591,1.0,491.361,671.864,1.0
681,474.8,514.137,1.0,470.957,514.968,1.0,462.607,526.829,1.0,455.475,531.745,1.0,441.817,529.926,1.0,,,,,,,,,,,,,,,,597.086,304.097,1.0,605.921,295.702,1.0,612.102,291.503,1.0,623.635,291.722,1.0,635.808,297.082,1.0,343.031,675.169,1.0,351.475,675.176,1.0,361.223,671.759,1.0,365.519,668.693,1.0,380.695,667.067,1.0,506.836,700.223,1.0,509.259,696.421,1.0,501.296,687.745,1.0,495.192,674.776,1.0,491.903,670.458,1.0
682,474.902,514.014,1.0,470.957,514.968,1.0,462.631,526.762,1.0,455.611,531.716,1.0,442.101,529.976,1.0,,,,,,,,,,,,,,,,597.086,303.816,1.0,605.921,295.702,1.0,612.102,291.503,1.0,623.635,291.722,1.0,635.812,297.082,1.0,343.031,676.174,1.0,351.475,675.176,1.0,361.156,671.963,1.0,365.204,667.938,1.0,379.401,667.067,1.0,495.356,700.223,1.0,505.172,696.421,1.0,501.296,689.063,1.0,495.192,674.776,1.0,491.903,670.394,1.0
683,479.602,514.014,1.0,470.957,514.819,1.0,463.454,526.264,1.0,456.567,531.331,1.0,442.855,529.976,1.0,,,,,,,,,,,,,,,,597.196,302.72,1.0,606.109,295.98,1.0,613.007,291.024,1.0,624.684,292.297,1.0,636.071,296.688,1.0,346.192,678.053,1.0,354.801,675.176,1.0,360.741,674.395,1.0,365.043,667.784,1.0,378.322,667.409,1.0,493.709,700.808,1.0,501.866,696.421,1.0,501.296,689.063,1.0,495.976,674.776,1.0,491.903,670.109,1.0
684,481.775,514.014,1.0,471.573,513.958,1.0,463.536,524.715,1.0,456.994,531.331,1.0,443.408,530.217,1.0,,,,,,,,,,,,,,,,599.798,302.72,1.0,607.782,295.98,1.0,615.461,290.505,1.0,625.501,292.297,1.0,636.077,296.688,1.0,346.192,678.11,1.0,354.85,675.082,1.0,360.337,674.47,1.0,364.992,667.569,1.0,378.299,667.453,1.0,493.709,702.19,1.0,501.866,696.421,1.0,501.296,689.063,1.0,495.976,675.338,1.0,491.211,670.109,1.0
685,481.99,515.337,1.0,473.856,513.958,1.0,464.324,524.715,1.0,457.332,531.331,1.0,443.408,530.317,1.0,,,,,,,,,,,,,,,,604.261,302.588,1.0,610.786,297.312,1.0,615.461,288.082,1.0,626.906,293.206,1.0,637.693,297.082,1.0,346.192,678.11,1.0,354.85,675.082,1.0,360.337,674.47,1.0,362.152,663.723,1.0,378.149,667.409,1.0,493.709,702.19,1.0,501.866,696.013,1.0,501.296,686.656,1.0,495.976,677.235,1.0,489.419,670.109,1.0
686,483.671,517.929,1.0,473.995,514.317,1.0,464.463,525.175,1.0,457.372,531.652,1.0,443.408,530.317,1.0,,,,,,,,,,,,,,,,611.289,302.689,1.0,612.05,297.312,1.0,615.461,287.91,1.0,626.906,293.219,1.0,638.347,297.592,1.0,345.276,678.11,1.0,354.801,675.082,1.0,360.165,674.395,1.0,362.077,663.723,1.0,374.318,667.409,1.0,503.491,704.88,1.0,503.776,695.196,1.0,501.283,685.434,1.0,492.741,679.369,1.0,488.76,670.771,1.0
687,483.688,518.157,1.0,473.856,514.174,1.0,464.463,525.175,1.0,457.332,531.652,1.0,443.394,530.317,1.0,,,,,,,,,,,,,,,,613.665,302.689,1.0,612.05,297.717,1.0,614.981,287.62,1.0,626.906,293.517,1.0,638.35,298.52,1.0,344.912,678.11,1.0,354.501,675.929,1.0,358.57,668.676,1.0,361.799,663.723,1.0,373.684,667.695,1.0,503.491,704.958,1.0,505.467,692.863,1.0,500.899,685.432,1.0,492.236,679.891,1.0,488.399,670.771,1.0
688,483.726,518.157,1.0,473.856,514.174,1.0,464.463,525.175,1.0,457.372,531.652,1.0,443.234,530.317,1.0,,,,,,,,,,,,,,,,616.429,304.242,1.0,612.97,297.796,1.0,614.981,287.62,1.0,626.497,293.517,1.0,639.554,298.753,1.0,341.403,685.213,1.0,352.663,677.389,1.0,356.543,668.676,1.0,361.496,663.949,1.0,372.976,667.775,1.0,503.491,704.958,1.0,505.467,692.863,1.0,500.899,685.432,1.0,492.235,679.955,1.0,487.988,670.771,1.0
689,484.064,518.157,1.0,473.806,514.317,1.0,464.455,525.175,1.0,457.372,531.642,1.0,443.229,530.355,1.0,,,,,,,,,,,,,,,,616.521,306.464,1.0,613.661,298.533,1.0,614.981,287.91,1.0,626.229,293.517,1.0,641.404,298.753,1.0,341.368,685.213,1.0,351.563,677.55,1.0,355.602,668.676,1.0,361.452,664.684,1.0,372.232,667.775,1.0,503.467,704.958,1.0,505.467,692.83,1.0,500.892,685.284,1.0,492.225,679.891,1.0,487.949,670.734,1.0
690,484.286,517.98,1.0,473.806,514.174,1.0,464.455,525.235,1.0,457.448,531.478,1.0,443.234,530.355,1.0,,,,,,,,,,,,,,,,616.521,306.637,1.0,614.147,299.202,1.0,616.335,288.092,1.0,625.085,293.31,1.0,641.404,298.753,1.0,340.324,685.213,1.0,349.553,678.094,1.0,354.757,669.643,1.0,361.201,666.011,1.0,370.759,667.775,1.0,503.467,704.958,1.0,505.153,692.83,1.0,500.892,685.284,1.0,492.092,679.891,1.0,487.949,670.639,1.0
691,484.446,517.399,1.0,473.806,514.174,1.0,464.455,525.179,1.0,457.448,531.387,1.0,443.234,530.285,1.0,,,,,,,,,,,,,,,,617.108,318.058,1.0,614.366,302.885,1.0,616.422,289.984,1.0,623.988,293.31,1.0,641.404,298.579,1.0,339.909,685.111,1.0,349.553,678.278,1.0,354.713,669.739,1.0,361.059,666.011,1.0,370.526,667.812,1.0,503.467,704.894,1.0,504.862,692.367,1.0,500.665,685.035,1.0,491.992,678.859,1.0,487.949,670.475,1.0
692,485.223,516.7,1.0,474.214,514.156,1.0,465.417,525.209,1.0,457.448,530.95,1.0,443.653,530.2,1.0,,,,,,,,,,,,,,,,617.108,318.589,1.0,614.899,302.946,1.0,616.536,291.626,1.0,623.988,292.653,1.0,641.007,295.258,1.0,339.665,685.034,1.0,349.553,678.467,1.0,354.713,670.078,1.0,361.059,666.34,1.0,370.526,667.812,1.0,503.656,702.912,1.0,504.846,690.728,1.0,499.082,682.971,1.0,491.365,677.327,1.0,487.923,669.338,1.0
693,486.279,516.315,1.0,474.66,513.865,1.0,465.795,525.179,1.0,451.752,530.124,1.0,444.89,530.062,1.0,,,,,,,,,,,,,,,,617.108,319.06,1.0,619.875,305.757,1.0,617.188,294.378,1.0,623.988,292.397,1.0,640.442,295.258,1.0,339.342,684.55,1.0,349.213,678.513,1.0,354.713,670.259,1.0,361.023,666.434,1.0,370.526,667.475,1.0,504.118,689.397,1.0,502.794,684.947,1.0,496.726,682.257,1.0,491.3,673.373,1.0,487.319,666.617,1.0
694,486.896,515.92,1.0,474.751,513.741,1.0,466.937,525.179,1.0,451.752,529.973,1.0,445.358,529.811,1.0,,,,,,,,,,,,,,,,617.08,319.383,1.0,620.553,305.851,1.0,619.124,297.545,1.0,624.101,292.003,1.0,640.38,295.258,1.0,339.173,684.55,1.0,348.537,679.267,1.0,354.431,670.958,1.0,360.969,666.453,1.0,370.526,667.148,1.0,504.118,688.2,1.0,502.794,682.149,1.0,496.562,681.912,1.0,489.466,673.373,1.0,487.111,666.109,1.0
695,487.77,515.92,1.0,474.838,513.741,1.0,467.821,524.928,1.0,451.752,528.36,1.0,446.83,529.467,1.0,,,,,,,,,,,,,,,,616.624,319.429,1.0,621.402,305.874,1.0,619.648,298.166,1.0,624.101,291.914,1.0,640.258,295.82,1.0,338.443,684.944,1.0,348.537,679.32,1.0,353.331,671.032,1.0,360.865,667.172,1.0,370.526,667.37,1.0,504.941,680.926,1.0,502.794,682.094,1.0,496.505,680.696,1.0,486.29,673.373,1.0,486.783,665.741,1.0
696,487.899,515.858,1.0,475.016,513.741,1.0,468.405,524.916,1.0,454.21,528.063,1.0,446.869,528.45,1.0,,,,,,,,,,,,,,,,616.391,319.383,1.0,621.402,307.103,1.0,619.648,298.606,1.0,624.101,291.914,1.0,639.759,295.82,1.0,337.487,685.034,1.0,343.598,679.766,1.0,351.524,671.041,1.0,359.436,668.023,1.0,370.246,667.301,1.0,505.117,671.323,1.0,502.814,680.968,1.0,496.505,681.386,1.0,485.565,673.72,1.0,485.717,665.498,1.0
697,487.899,515.92,1.0,480.328,521.679,1.0,468.508,524.916,1.0,454.21,528.063,1.0,446.993,528.45,1.0,,,,,,,,,,,,,,,,614.691,319.429,1.0,621.402,311.216,1.0,619.648,300.918,1.0,620.091,292.003,1.0,638.453,295.82,1.0,336.481,685.204,1.0,342.682,679.919,1.0,350.512,673.459,1.0,358.127,669.453,1.0,370.107,667.148,1.0,505.691,671.323,1.0,504.454,680.814,1.0,495.181,681.386,1.0,485.565,674.428,1.0,485.717,665.59,1.0
698,487.814,515.92,1.0,480.517,521.679,1.0,468.616,524.928,1.0,454.21,527.656,1.0,447.073,528.352,1.0,,,,,,,,,,,,,,,,614.691,319.534,1.0,618.873,312.345,1.0,618.413,300.956,1.0,618.393,292.838,1.0,637.21,293.924,1.0,335.409,688.598,1.0,340.005,679.919,1.0,350.109,673.94,1.0,357.978,669.828,1.0,369.79,667.284,1.0,505.883,670.672,1.0,504.536,679.395,1.0,495.084,681.386,1.0,485.565,674.437,1.0,485.717,665.59,1.0
699,487.814,515.458,1.0,481.159,521.679,1.0,468.633,525.122,1.0,454.382,527.954,1.0,447.091,528.45,1.0,,,,,,,,,,,,,,,,614.611,319.889,1.0,618.026,313.084,1.0,618.413,301.106,1.0,618.349,293.855,1.0,633.429,286.67,1.0,335.287,688.635,1.0,339.764,679.766,1.0,350.108,673.99,1.0,357.978,670.502,1.0,369.623,667.301,1.0,510.866,667.176,1.0,505.424,679.395,1.0,495.084,681.279,1.0,486.38,674.945,1.0,486.159,665.59,1.0
700,488.581,515.088,1.0,480.517,521.547,1.0,468.908,525.122,1.0,454.382,527.954,1.0,447.091,528.45,1.0,,,,,,,,,,,,,,,,614.691,319.889,1.0,617.521,313.084,1.0,618.413,301.252,1.0,618.293,294.098,1.0,633.149,286.117,1.0,335.262,688.921,1.0,339.627,679.766,1.0,349.809,674.055,1.0,357.978,674.791,1.0,369.018,667.284,1.0,510.989,667.053,1.0,506.12,677.536,1.0,495.084,681.279,1.0,486.609,674.962,1.0,486.571,665.59,1.0
701,490.848,514.274,1.0,480.328,520.834,1.0,469.681,525.122,1.0,454.915,527.656,1.0,447.971,528.324,1.0,,,,,,,,,,,,,,,,614.691,319.889,1.0,617.17,313.084,1.0,618.413,301.252,1.0,618.349,294.228,1.0,632.887,286.117,1.0,335.197,689.186,1.0,339.493,680.017,1.0,349.724,674.474,1.0,357.618,674.791,1.0,368.995,667.284,1.0,512.715,667.053,1.0,507.382,673.535,1.0,495.231,679.463,1.0,486.77,675.426,1.0,486.588,665.655,1.0
702,490.848,514.263,1.0,478.271,513.242,1.0,469.688,524.813,1.0,455.053,527.072,1.0,447.978,528.218,1.0,,,,,,,,,,,,,,,,614.705,319.889,1.0,617.17,312.747,1.0,618.413,301.964,1.0,618.349,294.228,1.0,632.887,286.117,1.0,334.964,689.442,1.0,339.092,680.017,1.0,349.22,674.474,1.0,357.618,674.791,1.0,365.494,667.842,1.0,513.007,666.795,1.0,507.632,671.348,1.0,496.038,677.591,1.0,487.041,675.426,1.0,487.417,665.821,1.0
703,490.848,514.092,1.0,477.028,513.242,1.0,470.221,524.362,1.0,455.148,526.675,1.0,448.021,528.148,1.0,,,,,,,,,,,,,,,,615.903,319.889,1.0,617.17,312.747,1.0,618.589,302.566,1.0,618.511,294.656,1.0,633.149,286.646,1.0,333.753,690.292,1.0,338.173,680.252,1.0,347.398,675.615,1.0,355.549,671.421,1.0,364.609,668.319,1.0,513.297,666.768,1.0,508.609,667.992,1.0,497.227,677.138,1.0,488.015,675.886,1.0,487.417,666.039,1.0
704,490.967,513.945,1.0,476.829,513.242,1.0,470.315,524.304,1.0,456.026,526.14,1.0,448.773,527.859,1.0,,,,,,,,,,,,,,,,616.131,321.885,1.0,617.901,312.747,1.0,618.907,303.377,1.0,621.51,297.12,1.0,633.642,287.832,1.0,333.612,690.292,1.0,338.085,680.369,1.0,346.135,676.179,1.0,353.306,671.421,1.0,364.152,669.504,1.0,517.016,664.208,1.0,511.254,665.859,1.0,501.49,674.442,1.0,489.86,676.572,1.0,487.439,667.898,1.0
705,490.967,511.352,1.0,477.028,521.598,1.0,471.262,523.637,1.0,456.732,526.049,1.0,449.209,527.859,1.0,,,,,,,,,,,,,,,,615.937,322.746,1.0,617.966,313.115,1.0,619.34,304.764,1.0,621.624,297.239,1.0,633.642,287.832,1.0,333.403,690.292,1.0,338.027,680.568,1.0,345.392,676.419,1.0,352.109,671.283,1.0,363.834,670.389,1.0,520.493,663.643,1.0,512.988,665.484,1.0,504.209,671.798,1.0,491.971,676.572,1.0,487.439,669.388,1.0
706,490.967,511.203,1.0,477.482,521.598,1.0,471.282,523.567,1.0,456.901,525.967,1.0,449.423,527.849,1.0,,,,,,,,,,,,,,,,615.937,325.096,1.0,618.029,314.414,1.0,619.991,304.764,1.0,621.767,297.239,1.0,633.642,287.832,1.0,333.245,689.917,1.0,338.002,680.759,1.0,344.895,676.481,1.0,351.817,671.283,1.0,363.756,670.691,1.0,521.573,662.862,1.0,513.733,665.069,1.0,504.928,671.604,1.0,492.009,676.572,1.0,487.439,669.44,1.0
707,492.481,511.203,1.0,477.482,521.598,1.0,471.546,523.558,1.0,456.92,525.967,1.0,449.49,527.849,1.0,,,,,,,,,,,,,,,,615.903,325.592,1.0,618.075,314.642,1.0,620.001,304.975,1.0,621.639,297.249,1.0,633.627,287.289,1.0,333.141,689.917,1.0,337.976,680.639,1.0,344.888,676.685,1.0,351.27,671.421,1.0,363.724,670.774,1.0,522.359,662.493,1.0,513.733,665.057,1.0,504.939,671.171,1.0,492.27,676.254,1.0,487.41,669.455,1.0
708,492.481,511.352,1.0,477.482,521.598,1.0,471.546,523.558,1.0,456.92,525.967,1.0,449.49,527.849,1.0,,,,,,,,,,,,,,,,615.937,325.637,1.0,618.112,314.657,1.0,620.028,305.005,1.0,621.624,297.35,1.0,633.627,287.188,1.0,332.812,689.917,1.0,337.725,680.568,1.0,344.8,676.89,1.0,350.822,671.75,1.0,363.524,670.98,1.0,522.359,662.493,1.0,514.096,664.681,1.0,504.939,671.171,1.0,492.27,676.239,1.0,487.439,669.638,1.0
709,492.481,511.606,1.0,477.482,521.598,1.0,471.546,523.513,1.0,456.92,526.049,1.0,449.49,527.989,1.0,,,,,,,,,,,,,,,,615.937,325.637,1.0,618.138,314.657,1.0,620.028,305.033,1.0,621.624,297.35,1.0,633.586,287.069,1.0,331.932,690.352,1.0,336.756,680.639,1.0,343.544,677.538,1.0,350.087,671.822,1.0,363.334,671.52,1.0,522.359,662.158,1.0,514.096,664.313,1.0,505.123,671.171,1.0,492.574,676.194,1.0,487.776,669.642,1.0
710,491.879,515.843,1.0,476.789,521.546,1.0,470.585,523.32,1.0,456.362,526.109,1.0,449.011,527.797,1.0,,,,,,,,,,,,,,,,618.976,326.397,1.0,618.138,314.994,1.0,620.085,305.308,1.0,621.405,297.35,1.0,633.627,286.938,1.0,327.354,690.352,1.0,334.954,680.844,1.0,342.981,677.538,1.0,349.478,672.974,1.0,362.506,672.279,1.0,522.717,662.128,1.0,514.19,659.939,1.0,506.039,673.666,1.0,494.928,675.931,1.0,488.88,669.93,1.0
711,489.327,522.238,1.0,476.789,521.546,1.0,470.508,523.19,1.0,455.967,526.674,1.0,448.222,528.109,1.0,,,,,,,,,,,,,,,,619.07,326.478,1.0,618.138,314.994,1.0,620.085,305.308,1.0,621.405,297.385,1.0,633.813,286.973,1.0,326.723,690.352,1.0,334.798,683.107,1.0,342.078,678.34,1.0,348.915,676.96,1.0,361.315,672.279,1.0,522.819,660.379,1.0,516.964,659.498,1.0,506.247,673.666,1.0,499.07,675.546,1.0,489.416,670.481,1.0
712,486.031,524.414,1.0,476.789,516.223,1.0,469.524,523.19,1.0,455.338,528.197,1.0,447.216,528.158,1.0,,,,,,,,,,,,,,,,619.173,326.562,1.0,618.112,314.999,1.0,620.085,305.309,1.0,621.356,297.385,1.0,633.813,286.973,1.0,325.755,682.864,1.0,334.542,683.185,1.0,341.34,678.438,1.0,348.564,677.818,1.0,361.106,672.279,1.0,523.365,660.057,1.0,517.728,659.465,1.0,506.932,673.666,1.0,500.584,675.546,1.0,491.148,670.791,1.0
713,482.136,524.414,1.0,478.166,516.223,1.0,468.792,523.19,1.0,454.341,528.524,1.0,447.18,528.158,1.0,,,,,,,,,,,,,,,,619.122,326.588,1.0,618.033,314.994,1.0,620.051,305.309,1.0,621.342,297.385,1.0,633.711,286.973,1.0,325.454,682.787,1.0,334.542,683.185,1.0,341.076,678.34,1.0,348.564,678.022,1.0,359.852,666.664,1.0,524.654,659.0,1.0,518.383,659.442,1.0,508.948,672.181,1.0,503.063,675.525,1.0,493.03,673.682,1.0
714,482.136,524.961,1.0,478.907,516.223,1.0,468.792,523.19,1.0,454.341,529.251,1.0,447.18,528.368,1.0,,,,,,,,,,,,,,,,619.118,326.667,1.0,617.985,314.999,1.0,620.046,305.31,1.0,621.335,297.454,1.0,633.711,286.983,1.0,325.379,682.777,1.0,334.471,683.107,1.0,340.859,678.206,1.0,348.287,678.198,1.0,359.82,666.664,1.0,524.969,658.993,1.0,518.592,659.422,1.0,508.951,671.899,1.0,503.12,675.523,1.0,493.348,673.682,1.0
715,482.136,526.438,1.0,479.266,517.246,1.0,468.792,523.19,1.0,454.341,529.254,1.0,447.18,528.654,1.0,,,,,,,,,,,,,,,,619.118,326.667,1.0,617.911,314.96,1.0,619.981,305.31,1.0,621.335,297.454,1.0,633.551,287.047,1.0,325.101,682.787,1.0,334.441,683.107,1.0,340.669,678.206,1.0,348.101,678.232,1.0,359.612,666.664,1.0,525.038,658.993,1.0,518.592,659.422,1.0,508.972,671.551,1.0,503.199,675.268,1.0,493.42,673.734,1.0
716,482.555,526.438,1.0,480.645,518.837,1.0,470.031,522.703,1.0,454.582,529.254,1.0,447.837,528.654,1.0,,,,,,,,,,,,,,,,619.122,326.685,1.0,617.842,314.96,1.0,619.892,305.326,1.0,621.323,297.454,1.0,633.551,287.047,1.0,324.803,682.864,1.0,334.078,683.185,1.0,339.658,678.206,1.0,347.564,678.567,1.0,359.233,667.882,1.0,525.374,658.939,1.0,518.592,659.442,1.0,509.019,671.095,1.0,503.199,675.268,1.0,494.09,673.921,1.0
717,483.465,526.438,1.0,480.853,520.686,1.0,470.469,522.515,1.0,454.777,529.251,1.0,448.223,528.654,1.0,,,,,,,,,,,,,,,,619.118,326.685,1.0,617.842,314.96,1.0,619.892,305.326,1.0,621.303,297.418,1.0,633.473,286.983,1.0,324.464,684.717,1.0,332.77,683.836,1.0,337.78,678.206,1.0,345.287,680.036,1.0,355.927,670.179,1.0,525.374,658.939,1.0,518.81,663.901,1.0,509.912,670.3,1.0,503.808,674.823,1.0,494.09,673.734,1.0
718,484.722,528.563,1.0,481.648,522.474,1.0,471.43,522.515,1.0,454.869,528.775,1.0,448.455,528.654,1.0,,,,,,,,,,,,,,,,619.07,326.842,1.0,617.842,314.937,1.0,619.855,305.35,1.0,621.223,297.418,1.0,633.366,286.797,1.0,323.053,685.106,1.0,332.581,684.731,1.0,337.613,679.487,1.0,344.28,680.672,1.0,355.27,670.431,1.0,525.909,655.707,1.0,519.415,663.901,1.0,511.429,669.117,1.0,503.898,672.143,1.0,494.095,673.665,1.0
719,484.866,528.878,1.0,481.648,522.487,1.0,471.684,522.703,1.0,454.933,528.544,1.0,448.682,528.476,1.0,,,,,,,,,,,,,,,,619.038,327.145,1.0,617.842,314.937,1.0,619.844,305.37,1.0,621.222,297.418,1.0,633.473,286.797,1.0,320.957,685.106,1.0,331.834,685.215,1.0,337.611,681.278,1.0,344.098,680.998,1.0,353.708,672.173,1.0,527.726,651.072,1.0,520.447,663.901,1.0,513.35,665.771,1.0,504.621,670.073,1.0,495.916,673.734,1.0
720,486.946,528.958,1.0,481.648,523.342,1.0,471.946,523.177,1.0,455.5,528.394,1.0,449.087,528.335,1.0,,,,,,,,,,,,,,,,619.038,327.357,1.0,617.853,315.009,1.0,619.844,305.46,1.0,621.191,297.418,1.0,633.584,286.797,1.0,320.927,685.31,1.0,331.559,685.474,1.0,337.226,681.443,1.0,343.96,681.047,1.0,353.476,672.287,1.0,528.206,650.968,1.0,522.278,663.006,1.0,514.157,664.738,1.0,505.995,669.438,1.0,495.935,673.665,1.0
721,487.814,530.704,1.0,480.939,524.009,1.0,473.549,523.21,1.0,455.521,527.499,1.0,449.763,528.335,1.0,,,,,,,,,,,,,,,,618.997,327.376,1.0,617.855,315.035,1.0,619.75,305.484,1.0,621.118,297.464,1.0,633.81,287.026,1.0,320.398,685.393,1.0,331.39,685.546,1.0,337.206,681.491,1.0,343.712,681.118,1.0,353.441,672.513,1.0,529.402,649.447,1.0,522.442,662.105,1.0,514.197,664.471,1.0,506.111,669.438,1.0,496.2,673.619,1.0
722,488.715,530.704,1.0,480.939,524.051,1.0,473.549,523.226,1.0,456.063,527.499,1.0,449.972,528.129,1.0,,,,,,,,,,,,,,,,618.997,327.434,1.0,617.855,315.286,1.0,619.525,305.494,1.0,620.923,297.464,1.0,633.81,287.374,1.0,320.238,685.393,1.0,330.893,685.615,1.0,336.797,681.508,1.0,343.653,681.326,1.0,353.334,672.513,1.0,531.382,649.222,1.0,522.846,661.399,1.0,514.685,663.842,1.0,506.448,669.383,1.0,496.534,673.436,1.0
723,488.737,530.799,1.0,480.939,524.234,1.0,473.549,523.418,1.0,456.85,527.499,1.0,450.668,528.064,1.0,,,,,,,,,,,,,,,,617.975,333.435,1.0,617.855,316.074,1.0,619.16,305.642,1.0,620.625,297.464,1.0,633.81,287.746,1.0,319.916,685.393,1.0,330.711,685.731,1.0,336.715,681.594,1.0,343.577,681.426,1.0,353.289,672.605,1.0,531.448,649.222,1.0,523.049,661.399,1.0,514.839,663.514,1.0,506.622,669.383,1.0,496.724,673.433,1.0
724,488.737,530.704,1.0,482.37,524.234,1.0,470.085,527.111,1.0,457.406,527.958,1.0,452.346,526.728,1.0,,,,,,,,,,,,,,,,617.886,333.602,1.0,617.624,316.427,1.0,618.844,306.056,1.0,620.031,296.328,1.0,633.432,288.033,1.0,315.956,685.408,1.0,325.413,688.693,1.0,335.374,682.559,1.0,342.566,682.381,1.0,351.711,673.325,1.0,532.133,649.222,1.0,523.681,661.15,1.0,514.981,663.514,1.0,506.741,669.335,1.0,496.902,673.406,1.0
725,488.737,530.619,1.0,482.409,524.234,1.0,470.085,527.427,1.0,457.599,528.16,1.0,452.382,526.692,1.0,,,,,,,,,,,,,,,,617.741,334.163,1.0,617.59,317.295,1.0,618.234,306.545,1.0,620.031,296.24,1.0,633.043,288.118,1.0,314.941,686.319,1.0,324.88,688.693,1.0,335.051,684.372,1.0,342.24,682.381,1.0,351.163,673.968,1.0,533.387,651.033,1.0,525.559,661.15,1.0,515.369,663.191,1.0,507.239,669.198,1.0,498.564,672.016,1.0
726,488.957,530.592,1.0,482.601,524.007,1.0,469.621,527.637,1.0,457.773,528.207,1.0,452.382,526.692,1.0,,,,,,,,,,,,,,,,617.612,334.335,1.0,616.044,318.523,1.0,617.604,307.134,1.0,619.815,295.893,1.0,629.905,288.367,1.0,312.491,687.061,1.0,324.211,688.693,1.0,334.061,685.053,1.0,341.008,682.381,1.0,350.526,673.998,1.0,535.218,651.803,1.0,525.821,660.894,1.0,516.658,661.946,1.0,508.623,668.618,1.0,501.367,670.944,1.0
727,488.962,530.519,1.0,482.409,524.007,1.0,469.6,527.661,1.0,457.728,528.207,1.0,452.346,526.728,1.0,,,,,,,,,,,,,,,,617.714,334.335,1.0,616.044,318.523,1.0,617.594,307.336,1.0,619.962,295.958,1.0,626.151,288.367,1.0,312.228,687.219,1.0,323.484,685.107,1.0,333.036,685.518,1.0,339.974,681.769,1.0,347.806,676.57,1.0,536.873,652.074,1.0,526.102,658.249,1.0,517.693,659.248,1.0,513.91,662.441,1.0,503.33,670.944,1.0
728,489.02,530.519,1.0,482.409,524.007,1.0,469.6,528.366,1.0,457.719,528.16,1.0,451.841,526.837,1.0,,,,,,,,,,,,,,,,617.612,334.526,1.0,615.809,318.591,1.0,617.155,307.362,1.0,619.962,296.169,1.0,625.472,288.367,1.0,311.547,687.607,1.0,323.157,685.107,1.0,332.771,685.69,1.0,339.667,681.368,1.0,347.806,676.622,1.0,536.924,652.074,1.0,526.102,658.122,1.0,517.693,659.175,1.0,514.298,662.402,1.0,503.338,670.944,1.0
729,489.22,530.519,1.0,480.159,530.114,1.0,469.891,528.695,1.0,457.728,528.16,1.0,451.841,527.219,1.0,,,,,,,,,,,,,,,,617.714,334.536,1.0,615.809,318.79,1.0,617.106,307.467,1.0,619.815,296.169,1.0,625.416,288.367,1.0,311.547,687.719,1.0,323.122,685.107,1.0,332.583,685.69,1.0,339.571,681.368,1.0,347.806,676.65,1.0,537.081,652.032,1.0,526.023,658.122,1.0,517.693,659.175,1.0,514.351,662.402,1.0,503.59,671.152,1.0
730,489.262,530.989,1.0,480.159,531.609,1.0,469.891,529.169,1.0,457.773,528.075,1.0,451.841,527.219,1.0,,,,,,,,,,,,,,,,617.714,334.536,1.0,616.49,318.979,1.0,617.036,307.695,1.0,619.808,296.169,1.0,625.416,288.255,1.0,311.547,687.742,1.0,323.122,685.166,1.0,332.55,685.69,1.0,339.571,681.368,1.0,347.819,676.65,1.0,537.116,652.032,1.0,526.102,658.122,1.0,518.038,658.935,1.0,514.724,662.402,1.0,503.798,671.152,1.0
731,489.598,531.463,1.0,480.159,532.196,1.0,470.093,529.296,1.0,457.728,528.075,1.0,451.903,527.219,1.0,,,,,,,,,,,,,,,,617.838,335.883,1.0,616.724,321.426,1.0,616.863,308.404,1.0,619.4,296.451,1.0,625.416,288.219,1.0,312.074,688.072,1.0,323.157,685.519,1.0,332.55,685.382,1.0,339.571,681.373,1.0,347.876,677.243,1.0,537.4,652.074,1.0,526.102,658.122,1.0,518.038,658.935,1.0,514.724,662.441,1.0,504.057,671.152,1.0
732,493.331,539.42,1.0,481.475,533.175,1.0,472.152,529.169,1.0,457.843,528.064,1.0,452.435,526.385,1.0,,,,,,,,,,,,,,,,617.975,335.932,1.0,616.724,321.692,1.0,616.863,308.494,1.0,619.176,296.516,1.0,625.489,288.164,1.0,315.212,688.394,1.0,324.196,689.335,1.0,332.315,684.525,1.0,340.456,681.587,1.0,348.178,677.368,1.0,537.558,652.314,1.0,527.332,657.697,1.0,518.823,658.314,1.0,515.336,662.691,1.0,507.279,670.283,1.0
733,494.113,539.962,1.0,482.839,533.553,1.0,472.954,528.695,1.0,457.883,528.064,1.0,452.794,526.246,1.0,,,,,,,,,,,,,,,,618.363,335.967,1.0,616.776,322.035,1.0,616.856,308.66,1.0,619.168,296.545,1.0,625.552,288.137,1.0,321.946,693.169,1.0,324.196,689.335,1.0,331.53,684.331,1.0,340.456,681.587,1.0,348.233,677.368,1.0,538.321,654.978,1.0,528.435,657.182,1.0,520.027,657.856,1.0,516.272,663.575,1.0,510.121,669.863,1.0
734,495.927,540.267,1.0,485.794,533.596,1.0,474.808,528.491,1.0,465.875,524.557,1.0,453.24,525.396,1.0,,,,,,,,,,,,,,,,618.493,336.164,1.0,617.226,322.563,1.0,616.863,308.757,1.0,619.081,296.657,1.0,625.712,287.984,1.0,322.641,694.007,1.0,324.196,689.335,1.0,330.993,684.331,1.0,340.456,681.373,1.0,348.559,677.368,1.0,541.19,654.978,1.0,532.292,655.444,1.0,521.869,657.856,1.0,517.883,663.779,1.0,510.755,669.863,1.0
735,496.051,540.267,1.0,486.45,533.74,1.0,475.205,528.312,1.0,466.181,524.542,1.0,453.24,525.171,1.0,,,,,,,,,,,,,,,,618.648,336.371,1.0,617.228,322.563,1.0,616.89,308.757,1.0,619.081,296.657,1.0,625.965,287.736,1.0,325.547,697.157,1.0,324.062,686.773,1.0,330.39,684.331,1.0,338.544,678.998,1.0,348.806,676.669,1.0,542.714,654.978,1.0,532.904,655.374,1.0,521.884,658.257,1.0,518.437,666.4,1.0,510.797,669.856,1.0
736,496.396,539.962,1.0,487.226,533.596,1.0,475.632,528.293,1.0,466.835,524.284,1.0,453.249,524.813,1.0,,,,,,,,,,,,,,,,618.683,336.544,1.0,617.233,322.566,1.0,616.899,308.872,1.0,619.037,296.793,1.0,626.014,287.673,1.0,325.59,698.035,1.0,323.886,686.773,1.0,329.968,685.08,1.0,337.671,678.998,1.0,348.806,676.585,1.0,543.11,652.089,1.0,536.991,652.807,1.0,522.765,658.182,1.0,518.784,666.4,1.0,511.028,669.78,1.0
737,496.611,540.267,1.0,487.259,533.596,1.0,475.634,528.293,1.0,466.95,524.284,1.0,453.342,524.749,1.0,,,,,,,,,,,,,,,,618.648,336.572,1.0,617.269,322.566,1.0,616.968,308.899,1.0,619.018,297.069,1.0,626.014,287.673,1.0,325.59,699.147,1.0,323.137,686.773,1.0,329.191,685.139,1.0,336.58,678.998,1.0,348.806,676.585,1.0,543.162,652.089,1.0,536.991,652.75,1.0,522.765,658.182,1.0,518.894,666.4,1.0,511.156,669.78,1.0
738,496.611,540.249,1.0,487.259,533.647,1.0,475.634,528.293,1.0,466.975,524.32,1.0,453.342,524.727,1.0,,,,,,,,,,,,,,,,618.648,336.757,1.0,617.477,323.9,1.0,616.968,308.996,1.0,618.814,297.182,1.0,626.074,287.818,1.0,325.547,699.401,1.0,322.764,687.79,1.0,328.631,685.523,1.0,334.989,679.566,1.0,347.634,676.384,1.0,543.207,651.883,1.0,537.05,652.576,1.0,522.87,658.182,1.0,518.912,666.348,1.0,511.156,669.78,1.0
739,496.979,539.962,1.0,488.138,533.74,1.0,476.365,528.203,1.0,467.259,524.32,1.0,453.364,524.663,1.0,,,,,,,,,,,,,,,,618.648,336.825,1.0,617.495,323.915,1.0,616.919,309.179,1.0,618.748,297.265,1.0,626.208,287.818,1.0,324.492,700.226,1.0,322.764,689.359,1.0,328.631,686.378,1.0,334.987,680.914,1.0,347.18,676.228,1.0,543.162,651.883,1.0,536.991,651.956,1.0,522.87,657.627,1.0,518.912,666.256,1.0,511.28,669.762,1.0
740,497.049,539.962,1.0,488.159,533.797,1.0,476.406,528.293,1.0,467.562,524.475,1.0,453.659,524.351,1.0,,,,,,,,,,,,,,,,618.483,336.825,1.0,617.495,324.107,1.0,616.919,309.386,1.0,618.742,297.49,1.0,626.164,287.818,1.0,324.492,700.226,1.0,322.764,689.376,1.0,328.631,686.378,1.0,334.971,680.914,1.0,347.007,676.228,1.0,543.162,651.572,1.0,536.991,651.657,1.0,523.532,657.553,1.0,519.432,665.441,1.0,511.728,669.498,1.0
741,497.253,539.653,1.0,488.334,533.797,1.0,476.564,528.203,1.0,467.59,524.488,1.0,453.949,524.351,1.0,,,,,,,,,,,,,,,,618.415,336.829,1.0,617.584,324.2,1.0,616.914,309.474,1.0,618.742,297.549,1.0,626.268,287.818,1.0,324.269,700.226,1.0,323.529,689.631,1.0,329.295,686.378,1.0,334.971,680.914,1.0,347.007,676.228,1.0,543.216,651.572,1.0,537.204,647.35,1.0,529.06,653.021,1.0,520.296,662.757,1.0,514.875,664.012,1.0
742,497.253,538.793,1.0,488.334,533.911,1.0,477.657,528.181,1.0,469.534,525.059,1.0,454.908,524.351,1.0,,,,,,,,,,,,,,,,618.394,336.829,1.0,617.541,324.672,1.0,616.914,309.502,1.0,618.423,297.637,1.0,626.268,287.818,1.0,324.269,699.705,1.0,323.543,689.631,1.0,329.36,686.572,1.0,334.989,680.914,1.0,347.074,676.228,1.0,546.71,651.572,1.0,537.364,647.24,1.0,531.044,652.875,1.0,522.485,661.798,1.0,515.359,663.926,1.0
743,497.253,538.551,1.0,488.603,533.911,1.0,479.794,525.987,1.0,470.691,526.738,1.0,455.463,526.513,1.0,,,,,,,,,,,,,,,,618.263,336.831,1.0,617.541,325.177,1.0,616.919,309.709,1.0,618.342,297.741,1.0,626.164,287.858,1.0,324.166,698.9,1.0,323.543,689.852,1.0,329.854,686.572,1.0,334.971,680.914,1.0,347.18,676.228,1.0,547.552,651.797,1.0,538.4,646.85,1.0,531.273,652.826,1.0,523.046,661.798,1.0,515.783,663.755,1.0
744,497.123,538.521,1.0,488.603,533.92,1.0,479.794,525.92,1.0,470.691,526.773,1.0,455.463,526.513,1.0,,,,,,,,,,,,,,,,618.142,336.856,1.0,617.286,325.266,1.0,617.321,314.176,1.0,618.299,297.932,1.0,626.163,287.991,1.0,322.963,697.395,1.0,323.543,691.167,1.0,330.083,686.572,1.0,334.96,681.384,1.0,347.187,676.386,1.0,549.191,652.439,1.0,539.624,646.696,1.0,532.335,652.826,1.0,523.842,661.798,1.0,516.443,663.755,1.0
745,497.123,538.521,1.0,488.439,534.011,1.0,479.894,525.92,1.0,470.691,526.773,1.0,455.463,526.513,1.0,,,,,,,,,,,,,,,,618.112,336.932,1.0,617.233,325.331,1.0,617.379,314.196,1.0,618.125,298.0,1.0,625.943,288.004,1.0,316.938,697.395,1.0,323.162,692.4,1.0,330.083,686.576,1.0,334.525,681.727,1.0,347.187,676.488,1.0,549.422,652.439,1.0,539.641,646.85,1.0,532.52,652.875,1.0,523.933,661.798,1.0,516.509,663.926,1.0
746,497.096,538.521,1.0,488.176,534.05,1.0,479.894,525.92,1.0,470.691,526.773,1.0,454.913,525.651,1.0,,,,,,,,,,,,,,,,617.996,336.937,1.0,617.232,325.623,1.0,617.462,314.265,1.0,617.807,298.159,1.0,625.943,288.197,1.0,316.35,697.395,1.0,322.361,692.732,1.0,330.083,686.881,1.0,334.441,682.494,1.0,347.187,676.599,1.0,549.723,652.439,1.0,539.994,646.813,1.0,532.627,652.875,1.0,524.124,661.798,1.0,516.861,663.926,1.0
747,497.096,538.552,1.0,488.05,534.379,1.0,479.964,526.393,1.0,470.794,526.65,1.0,454.913,525.582,1.0,,,,,,,,,,,,,,,,617.996,337.041,1.0,616.89,325.635,1.0,617.8,314.299,1.0,617.807,298.2,1.0,625.979,288.415,1.0,316.294,698.779,1.0,322.265,693.561,1.0,330.052,687.007,1.0,334.076,682.507,1.0,346.854,677.069,1.0,550.147,652.356,1.0,540.465,646.813,1.0,533.447,652.913,1.0,524.33,660.788,1.0,517.29,663.755,1.0
748,496.949,538.56,1.0,487.958,535.236,1.0,480.04,526.614,1.0,470.794,526.65,1.0,454.913,525.582,1.0,,,,,,,,,,,,,,,,617.996,337.041,1.0,616.666,325.635,1.0,617.8,314.299,1.0,617.623,298.2,1.0,625.979,288.466,1.0,315.96,698.787,1.0,322.056,693.62,1.0,329.996,687.007,1.0,333.944,682.507,1.0,345.615,677.752,1.0,550.912,651.477,1.0,541.635,646.691,1.0,534.736,652.954,1.0,524.89,659.728,1.0,519.583,663.714,1.0
749,496.846,538.584,1.0,487.958,535.677,1.0,480.171,526.949,1.0,470.853,526.65,1.0,454.968,525.582,1.0,,,,,,,,,,,,,,,,618.154,336.971,1.0,616.568,325.771,1.0,617.8,314.339,1.0,617.471,298.343,1.0,625.666,288.786,1.0,315.96,698.787,1.0,322.056,693.62,1.0,329.861,687.007,1.0,333.914,682.507,1.0,345.575,677.951,1.0,551.024,643.705,1.0,547.186,643.555,1.0,536.578,657.585,1.0,527.798,656.761,1.0,520.491,662.057,1.0
750,496.846,538.678,1.0,487.958,535.677,1.0,480.171,527.481,1.0,471.29,526.89,1.0,454.996,525.582,1.0,,,,,,,,,,,,,,,,618.181,336.971,1.0,616.666,325.635,1.0,617.8,314.339,1.0,617.623,298.2,1.0,625.565,288.466,1.0,316.294,698.779,1.0,322.056,693.561,1.0,329.545,686.742,1.0,333.914,681.616,1.0,345.54,677.951,1.0,552.245,643.398,1.0,547.643,643.169,1.0,537.911,657.585,1.0,527.949,656.095,1.0,522.939,660.43,1.0
751,496.846,543.269,1.0,488.591,535.677,1.0,480.214,528.11,1.0,472.043,527.146,1.0,455.015,525.649,1.0,,,,,,,,,,,,,,,,618.215,336.909,1.0,616.89,325.267,1.0,617.658,313.965,1.0,617.801,298.117,1.0,625.565,288.415,1.0,316.895,698.461,1.0,322.056,692.175,1.0,329.304,685.997,1.0,333.679,681.544,1.0,345.238,677.951,1.0,552.922,642.068,1.0,547.795,642.812,1.0,538.252,657.585,1.0,528.033,655.565,1.0,522.948,660.425,1.0
752,497.271,545.876,1.0,489.834,532.85,1.0,480.356,528.743,1.0,472.043,527.452,1.0,458.061,526.417,1.0,,,,,,,,,,,,,,,,618.215,334.369,1.0,616.666,324.865,1.0,617.492,310.417,1.0,617.801,298.045,1.0,625.565,288.403,1.0,325.006,697.918,1.0,323.577,689.574,1.0,328.617,685.735,1.0,333.679,679.682,1.0,345.238,677.142,1.0,553.016,641.735,1.0,547.822,642.759,1.0,538.502,657.11,1.0,528.255,655.506,1.0,523.106,660.278,1.0
753,497.988,545.876,1.0,490.954,532.61,1.0,482.16,530.053,1.0,472.043,527.452,1.0,459.513,526.417,1.0,,,,,,,,,,,,,,,,618.215,334.086,1.0,617.335,323.7,1.0,617.492,309.114,1.0,618.72,297.182,1.0,626.12,287.259,1.0,328.267,696.755,1.0,324.544,689.574,1.0,327.974,685.676,1.0,334.231,677.044,1.0,345.238,677.142,1.0,553.04,641.477,1.0,548.149,642.654,1.0,538.56,657.002,1.0,528.629,655.384,1.0,523.432,660.173,1.0
754,498.974,545.876,1.0,491.458,532.337,1.0,482.547,530.92,1.0,468.809,527.312,1.0,460.203,526.637,1.0,,,,,,,,,,,,,,,,618.181,333.671,1.0,617.359,319.753,1.0,617.492,307.662,1.0,619.462,296.159,1.0,626.368,286.999,1.0,332.734,696.83,1.0,332.317,689.574,1.0,327.808,685.638,1.0,334.754,676.882,1.0,346.916,677.142,1.0,553.674,641.358,1.0,548.195,642.654,1.0,538.938,656.524,1.0,529.515,655.177,1.0,523.787,660.15,1.0
755,498.984,545.094,1.0,491.634,532.61,1.0,482.572,531.388,1.0,467.197,527.312,1.0,460.295,526.765,1.0,,,,,,,,,,,,,,,,617.361,325.07,1.0,618.068,315.316,1.0,618.948,307.045,1.0,619.836,295.521,1.0,626.368,286.587,1.0,333.856,696.83,1.0,332.675,690.004,1.0,327.808,685.676,1.0,334.754,676.882,1.0,346.922,678.04,1.0,554.055,641.358,1.0,548.909,642.654,1.0,539.742,655.171,1.0,532.368,655.384,1.0,525.288,660.15,1.0
756,499.038,545.007,1.0,491.634,532.61,1.0,482.572,531.388,1.0,467.055,527.594,1.0,460.474,527.976,1.0,,,,,,,,,,,,,,,,615.766,323.092,1.0,617.359,315.032,1.0,619.062,306.972,1.0,619.947,295.461,1.0,626.368,286.258,1.0,335.655,696.83,1.0,334.474,690.722,1.0,327.974,685.735,1.0,334.754,677.044,1.0,346.922,678.509,1.0,555.776,641.358,1.0,549.704,648.456,1.0,540.639,653.08,1.0,534.021,655.384,1.0,526.977,660.048,1.0
757,499.038,545.007,1.0,491.458,532.367,1.0,482.547,531.325,1.0,467.055,527.495,1.0,460.315,528.118,1.0,,,,,,,,,,,,,,,,614.863,321.237,1.0,617.359,314.861,1.0,619.243,306.872,1.0,619.99,295.461,1.0,626.262,286.126,1.0,336.414,700.746,1.0,335.581,693.072,1.0,328.318,686.395,1.0,333.908,678.669,1.0,346.922,678.512,1.0,556.568,643.452,1.0,551.395,649.017,1.0,542.272,650.659,1.0,535.3,655.575,1.0,527.901,660.028,1.0
758,499.038,545.051,1.0,491.458,532.367,1.0,482.547,531.325,1.0,467.055,527.495,1.0,460.295,528.118,1.0,,,,,,,,,,,,,,,,613.278,315.965,1.0,616.967,313.486,1.0,619.243,306.872,1.0,619.999,295.461,1.0,626.205,286.126,1.0,338.607,701.752,1.0,335.992,694.395,1.0,328.883,686.898,1.0,332.891,679.601,1.0,346.762,678.572,1.0,559.1,646.12,1.0,554.737,649.493,1.0,542.454,649.63,1.0,536.732,655.782,1.0,529.44,659.639,1.0
759,499.308,544.993,1.0,491.686,532.367,1.0,482.444,531.499,1.0,466.899,527.495,1.0,460.295,528.118,1.0,,,,,,,,,,,,,,,,609.852,315.748,1.0,616.288,313.486,1.0,619.243,306.872,1.0,619.999,295.54,1.0,626.028,286.06,1.0,338.607,703.512,1.0,336.867,696.244,1.0,331.038,687.542,1.0,332.678,680.738,1.0,346.272,678.951,1.0,559.543,646.12,1.0,554.811,649.017,1.0,542.774,649.371,1.0,536.831,655.782,1.0,529.518,659.499,1.0
760,499.318,544.993,1.0,491.686,532.367,1.0,482.444,531.499,1.0,466.412,527.229,1.0,460.205,528.329,1.0,,,,,,,,,,,,,,,,608.823,315.281,1.0,616.083,313.486,1.0,618.891,306.872,1.0,619.999,295.577,1.0,625.894,286.06,1.0,338.037,707.35,1.0,337.912,698.226,1.0,332.94,688.793,1.0,332.47,681.931,1.0,346.051,679.208,1.0,560.006,646.12,1.0,555.179,649.017,1.0,542.922,649.371,1.0,536.891,655.793,1.0,529.621,659.372,1.0
761,499.493,544.646,1.0,491.877,532.18,1.0,482.465,531.706,1.0,466.412,527.229,1.0,460.205,528.329,1.0,,,,,,,,,,,,,,,,604.634,315.281,1.0,614.359,315.517,1.0,618.455,307.277,1.0,619.956,295.581,1.0,625.894,286.215,1.0,338.037,708.009,1.0,337.912,698.226,1.0,333.328,688.974,1.0,332.416,682.281,1.0,345.913,679.441,1.0,560.222,646.12,1.0,555.204,649.453,1.0,543.053,649.371,1.0,536.897,655.782,1.0,529.765,659.312,1.0
762,499.753,544.368,1.0,491.883,532.094,1.0,482.669,531.927,1.0,466.412,527.229,1.0,460.205,525.837,1.0,,,,,,,,,,,,,,,,603.42,315.737,1.0,614.183,316.087,1.0,617.973,307.869,1.0,619.779,295.773,1.0,625.894,286.321,1.0,338.607,708.436,1.0,337.912,698.471,1.0,333.328,690.365,1.0,332.416,683.388,1.0,343.397,681.378,1.0,561.435,646.12,1.0,555.911,649.453,1.0,543.093,649.371,1.0,536.897,655.38,1.0,529.621,659.286,1.0
763,500.061,544.368,1.0,492.607,532.094,1.0,483.24,531.99,1.0,467.869,528.002,1.0,460.468,526.609,1.0,,,,,,,,,,,,,,,,603.06,315.737,1.0,614.069,316.369,1.0,617.865,307.943,1.0,619.754,295.783,1.0,625.957,286.526,1.0,339.103,709.546,1.0,335.894,699.27,1.0,333.328,691.951,1.0,332.362,683.802,1.0,341.085,681.378,1.0,561.724,645.808,1.0,556.785,649.391,1.0,544.466,648.368,1.0,536.984,654.9,1.0,529.518,659.156,1.0
764,500.215,544.564,1.0,492.773,532.094,1.0,483.247,532.108,1.0,468.39,528.004,1.0,460.632,525.837,1.0,,,,,,,,,,,,,,,,602.766,316.376,1.0,613.742,316.557,1.0,617.114,308.0,1.0,619.655,295.891,1.0,626.314,286.749,1.0,339.103,711.436,1.0,335.539,700.414,1.0,333.258,692.975,1.0,331.91,683.802,1.0,339.659,681.378,1.0,562.848,645.808,1.0,558.209,649.391,1.0,545.535,648.291,1.0,537.248,652.384,1.0,529.828,657.503,1.0
765,503.344,544.569,1.0,494.756,532.094,1.0,484.457,532.935,1.0,468.958,528.852,1.0,460.632,525.722,1.0,,,,,,,,,,,,,,,,602.14,317.788,1.0,613.618,317.142,1.0,617.013,308.264,1.0,619.681,296.024,1.0,626.394,286.776,1.0,339.103,711.436,1.0,335.446,700.414,1.0,333.186,692.975,1.0,331.866,683.878,1.0,339.447,681.276,1.0,566.765,645.223,1.0,561.512,649.183,1.0,547.2,648.287,1.0,537.26,652.325,1.0,529.834,657.329,1.0
766,503.344,544.569,1.0,494.972,532.487,1.0,484.631,532.964,1.0,469.314,528.852,1.0,460.802,522.653,1.0,,,,,,,,,,,,,,,,601.964,318.095,1.0,613.502,317.252,1.0,616.956,308.376,1.0,619.681,296.024,1.0,626.622,286.906,1.0,338.989,711.605,1.0,335.539,700.447,1.0,333.186,693.05,1.0,331.737,683.878,1.0,339.125,681.276,1.0,567.806,643.762,1.0,561.512,649.12,1.0,547.821,648.171,1.0,538.476,652.024,1.0,530.569,655.807,1.0
767,503.344,544.569,1.0,494.972,533.034,1.0,484.905,532.996,1.0,469.478,528.852,1.0,460.802,522.49,1.0,,,,,,,,,,,,,,,,601.964,318.886,1.0,613.502,317.407,1.0,616.948,308.38,1.0,619.681,296.042,1.0,626.652,286.906,1.0,338.989,711.605,1.0,335.446,700.447,1.0,333.258,693.05,1.0,331.737,683.878,1.0,338.88,681.276,1.0,567.938,642.432,1.0,563.566,648.909,1.0,548.088,648.019,1.0,538.747,652.024,1.0,531.37,655.203,1.0
768,502.698,544.569,1.0,494.756,533.034,1.0,485.088,532.996,1.0,469.612,528.852,1.0,460.64,522.49,1.0,,,,,,,,,,,,,,,,602.14,319.77,1.0,613.618,317.763,1.0,616.948,308.38,1.0,619.733,296.06,1.0,626.67,286.875,1.0,338.989,711.731,1.0,335.446,700.756,1.0,333.449,693.642,1.0,331.663,684.14,1.0,338.027,681.564,1.0,567.938,641.369,1.0,563.566,648.504,1.0,548.359,648.019,1.0,539.044,651.911,1.0,531.618,655.097,1.0
769,499.241,544.569,1.0,494.722,533.966,1.0,485.217,532.996,1.0,469.93,528.746,1.0,460.802,522.49,1.0,,,,,,,,,,,,,,,,603.003,321.304,1.0,613.637,317.763,1.0,616.948,308.376,1.0,619.835,296.06,1.0,626.67,286.875,1.0,340.474,715.202,1.0,336.027,702.327,1.0,334.283,695.539,1.0,331.663,685.057,1.0,338.027,681.667,1.0,567.938,641.254,1.0,557.099,648.504,1.0,548.36,647.869,1.0,539.175,651.782,1.0,531.684,655.068,1.0
770,496.73,544.973,1.0,494.533,535.505,1.0,485.248,533.102,1.0,469.93,528.746,1.0,460.802,522.461,1.0,,,,,,,,,,,,,,,,607.381,321.304,1.0,614.678,317.763,1.0,616.948,307.879,1.0,619.876,295.989,1.0,626.67,286.622,1.0,340.49,717.028,1.0,336.199,703.781,1.0,336.28,695.57,1.0,331.663,685.883,1.0,336.61,681.667,1.0,567.837,640.61,1.0,557.099,648.495,1.0,548.643,647.869,1.0,539.474,651.782,1.0,531.763,655.097,1.0
771,496.73,544.973,1.0,494.313,536.406,1.0,485.436,533.239,1.0,469.93,528.904,1.0,460.64,522.307,1.0,,,,,,,,,,,,,,,,611.167,321.304,1.0,616.893,315.182,1.0,618.154,307.119,1.0,619.876,296.224,1.0,626.593,286.143,1.0,340.49,717.89,1.0,336.199,704.736,1.0,336.477,695.765,1.0,331.725,687.632,1.0,336.338,681.667,1.0,567.938,639.77,1.0,558.492,648.448,1.0,549.408,647.846,1.0,540.024,651.589,1.0,532.932,655.049,1.0
772,496.73,545.206,1.0,494.095,536.871,1.0,485.436,533.832,1.0,469.74,528.991,1.0,460.583,522.314,1.0,,,,,,,,,,,,,,,,613.579,319.695,1.0,618.07,312.963,1.0,618.154,305.718,1.0,619.876,296.257,1.0,626.556,285.892,1.0,340.474,718.136,1.0,336.38,705.531,1.0,336.477,695.839,1.0,331.725,687.641,1.0,334.906,681.813,1.0,568.025,639.647,1.0,558.492,648.448,1.0,551.811,647.625,1.0,541.346,650.335,1.0,534.209,653.657,1.0
773,497.329,545.354,1.0,494.078,536.966,1.0,485.436,533.856,1.0,469.74,529.153,1.0,460.583,522.314,1.0,,,,,,,,,,,,,,,,623.25,316.626,1.0,618.134,311.516,1.0,618.154,303.803,1.0,619.824,299.315,1.0,625.067,284.467,1.0,340.279,718.228,1.0,336.38,705.749,1.0,336.544,696.025,1.0,331.725,687.873,1.0,334.906,681.872,1.0,573.175,638.279,1.0,562.807,646.178,1.0,552.978,644.655,1.0,545.783,648.556,1.0,538.76,652.76,1.0
774,498.393,545.528,1.0,494.095,537.102,1.0,485.631,534.034,1.0,469.74,529.345,1.0,460.583,522.314,1.0,,,,,,,,,,,,,,,,625.983,315.144,1.0,623.19,311.016,1.0,618.154,303.528,1.0,619.465,299.383,1.0,624.743,284.467,1.0,340.277,718.376,1.0,336.54,705.944,1.0,336.544,696.077,1.0,331.314,687.946,1.0,334.906,681.872,1.0,573.448,638.279,1.0,563.68,645.82,1.0,553.644,644.655,1.0,547.6,648.273,1.0,539.918,652.54,1.0
775,499.391,546.228,1.0,494.095,538.234,1.0,485.946,534.131,1.0,470.983,529.44,1.0,463.725,523.534,1.0,,,,,,,,,,,,,,,,626.121,314.551,1.0,623.19,311.016,1.0,618.154,303.488,1.0,619.465,299.383,1.0,624.743,284.467,1.0,339.892,718.387,1.0,336.54,706.109,1.0,336.458,696.091,1.0,331.256,688.109,1.0,337.387,682.849,1.0,574.35,638.279,1.0,564.441,644.978,1.0,554.864,644.655,1.0,548.724,648.273,1.0,540.958,652.387,1.0
776,499.826,546.423,1.0,494.164,538.256,1.0,486.844,534.373,1.0,472.176,529.802,1.0,466.503,524.607,1.0,,,,,,,,,,,,,,,,628.784,312.962,1.0,623.19,311.516,1.0,619.719,303.528,1.0,619.465,299.315,1.0,624.743,284.745,1.0,339.892,718.681,1.0,337.122,707.402,1.0,336.458,696.786,1.0,331.145,688.801,1.0,337.387,683.043,1.0,574.817,638.279,1.0,565.033,644.954,1.0,554.898,644.815,1.0,548.735,648.391,1.0,541.529,652.245,1.0
777,499.854,546.423,1.0,494.191,538.539,1.0,486.844,534.615,1.0,472.394,529.802,1.0,468.593,527.044,1.0,,,,,,,,,,,,,,,,628.889,312.962,1.0,623.852,313.457,1.0,621.861,303.416,1.0,619.279,295.093,1.0,625.473,286.162,1.0,339.892,718.681,1.0,337.456,707.701,1.0,336.385,697.02,1.0,331.256,689.249,1.0,337.387,683.286,1.0,574.817,638.419,1.0,565.075,644.954,1.0,555.087,644.986,1.0,548.925,648.481,1.0,541.564,652.245,1.0
778,500.518,546.423,1.0,494.471,538.673,1.0,486.963,534.859,1.0,472.709,529.809,1.0,469.113,527.165,1.0,,,,,,,,,,,,,,,,630.644,312.751,1.0,623.852,313.794,1.0,622.215,303.416,1.0,619.333,295.093,1.0,626.066,287.079,1.0,341.09,718.681,1.0,338.393,708.345,1.0,336.253,697.031,1.0,331.256,689.854,1.0,336.878,683.929,1.0,574.817,638.461,1.0,565.269,644.978,1.0,555.165,645.084,1.0,548.965,648.391,1.0,541.564,652.387,1.0
779,500.574,546.392,1.0,494.471,538.967,1.0,486.963,534.871,1.0,472.835,530.165,1.0,469.229,527.295,1.0,,,,,,,,,,,,,,,,634.831,312.751,1.0,623.852,313.794,1.0,622.663,303.599,1.0,619.333,295.093,1.0,626.154,287.613,1.0,342.473,717.365,1.0,338.393,709.425,1.0,334.031,701.426,1.0,331.62,691.428,1.0,336.788,685.502,1.0,574.817,638.419,1.0,566.339,644.978,1.0,555.631,645.084,1.0,549.284,648.481,1.0,541.736,652.387,1.0
780,500.662,546.423,1.0,494.471,539.213,1.0,486.963,534.986,1.0,473.281,530.165,1.0,469.113,527.295,1.0,,,,,,,,,,,,,,,,636.047,312.751,1.0,625.502,313.573,1.0,622.995,303.67,1.0,619.279,295.167,1.0,626.154,287.857,1.0,342.684,717.169,1.0,338.393,710.162,1.0,334.008,701.972,1.0,331.62,691.462,1.0,335.962,685.726,1.0,574.817,638.461,1.0,568.214,644.797,1.0,556.822,644.815,1.0,550.925,648.514,1.0,543.151,652.158,1.0
781,500.718,546.649,1.0,494.224,539.419,1.0,486.931,535.526,1.0,473.198,530.165,1.0,468.593,527.165,1.0,,,,,,,,,,,,,,,,640.041,312.758,1.0,628.911,313.516,1.0,624.264,304.476,1.0,619.191,296.363,1.0,626.154,289.351,1.0,342.843,717.169,1.0,338.485,710.341,1.0,334.008,702.152,1.0,331.62,691.478,1.0,335.717,685.726,1.0,581.162,638.483,1.0,573.822,643.419,1.0,564.022,643.906,1.0,551.798,649.599,1.0,546.217,649.246,1.0
782,501.032,547.01,1.0,494.224,540.036,1.0,486.963,535.526,1.0,473.281,530.178,1.0,467.573,524.5,1.0,,,,,,,,,,,,,,,,640.154,312.758,1.0,629.553,313.573,1.0,624.663,304.546,1.0,619.191,296.543,1.0,625.693,289.494,1.0,342.875,717.365,1.0,338.485,710.341,1.0,334.008,702.176,1.0,331.146,691.52,1.0,335.717,685.855,1.0,581.861,640.956,1.0,576.446,642.259,1.0,566.371,643.757,1.0,553.683,649.704,1.0,546.556,648.734,1.0
783,501.272,547.562,1.0,493.687,540.559,1.0,487.021,535.677,1.0,473.431,530.188,1.0,467.573,524.248,1.0,,,,,,,,,,,,,,,,640.37,313.085,1.0,630.044,313.573,1.0,625.173,304.694,1.0,619.142,296.604,1.0,625.443,289.843,1.0,343.422,717.482,1.0,339.574,710.57,1.0,333.963,703.235,1.0,331.146,691.762,1.0,335.617,685.855,1.0,582.77,642.297,1.0,577.104,642.13,1.0,566.738,643.338,1.0,554.181,649.839,1.0,546.599,648.575,1.0
784,501.561,548.538,1.0,493.555,543.129,1.0,487.095,535.87,1.0,473.569,530.677,1.0,467.573,524.248,1.0,,,,,,,,,,,,,,,,640.562,313.085,1.0,630.044,313.949,1.0,625.173,304.89,1.0,619.142,296.604,1.0,625.443,289.843,1.0,344.325,718.826,1.0,340.931,710.57,1.0,333.931,703.738,1.0,331.146,692.526,1.0,335.717,686.137,1.0,582.77,642.297,1.0,577.104,642.117,1.0,566.738,643.338,1.0,554.48,649.839,1.0,546.664,648.575,1.0
785,503.568,550.612,1.0,493.254,544.04,1.0,487.702,540.024,1.0,474.609,531.154,1.0,468.048,524.292,1.0,,,,,,,,,,,,,,,,640.562,313.085,1.0,630.044,313.949,1.0,625.173,304.89,1.0,619.203,296.604,1.0,625.693,289.843,1.0,344.861,720.16,1.0,340.931,711.394,1.0,333.931,704.743,1.0,331.449,694.015,1.0,335.73,686.613,1.0,582.862,642.297,1.0,577.253,642.032,1.0,566.935,643.338,1.0,554.55,649.704,1.0,546.792,648.734,1.0
786,503.568,556.498,1.0,493.254,544.36,1.0,489.086,540.37,1.0,475.157,531.707,1.0,468.52,524.292,1.0,,,,,,,,,,,,,,,,640.562,315.322,1.0,629.684,313.949,1.0,625.072,304.89,1.0,619.954,296.17,1.0,626.255,289.445,1.0,344.861,721.722,1.0,340.948,712.333,1.0,333.922,707.005,1.0,334.285,695.524,1.0,335.73,686.692,1.0,582.77,641.886,1.0,577.104,642.032,1.0,566.738,643.343,1.0,554.48,649.704,1.0,546.921,648.893,1.0
787,503.568,556.678,1.0,493.254,544.52,1.0,489.473,540.37,1.0,475.219,531.753,1.0,468.664,524.292,1.0,,,,,,,,,,,,,,,,636.974,315.322,1.0,629.046,313.628,1.0,623.278,304.154,1.0,619.996,296.17,1.0,626.255,287.51,1.0,344.861,721.849,1.0,340.948,712.345,1.0,333.922,707.069,1.0,334.285,695.861,1.0,336.479,686.926,1.0,582.499,640.938,1.0,576.896,642.032,1.0,566.7,643.349,1.0,554.181,649.422,1.0,546.929,648.943,1.0
788,503.458,557.415,1.0,493.254,544.52,1.0,489.473,540.37,1.0,475.219,531.753,1.0,468.664,524.373,1.0,,,,,,,,,,,,,,,,633.843,315.322,1.0,628.775,311.509,1.0,623.209,304.154,1.0,619.996,296.17,1.0,626.255,286.828,1.0,344.43,722.493,1.0,341.18,712.566,1.0,333.931,707.09,1.0,334.492,695.936,1.0,336.514,687.524,1.0,578.373,639.717,1.0,572.099,643.538,1.0,564.845,643.349,1.0,554.068,648.579,1.0,547.721,649.932,1.0
789,501.145,558.09,1.0,493.337,544.683,1.0,489.473,540.242,1.0,475.219,531.707,1.0,469.045,524.373,1.0,,,,,,,,,,,,,,,,630.665,317.574,1.0,624.536,310.893,1.0,622.172,304.154,1.0,619.996,298.634,1.0,626.211,286.554,1.0,344.43,722.512,1.0,341.823,712.613,1.0,335.029,707.468,1.0,334.336,696.53,1.0,336.479,688.233,1.0,576.916,637.715,1.0,570.896,643.538,1.0,564.845,643.343,1.0,554.039,648.519,1.0,547.721,649.932,1.0
790,499.642,558.732,1.0,493.337,545.122,1.0,489.377,540.242,1.0,474.301,532.001,1.0,469.045,524.492,1.0,,,,,,,,,,,,,,,,630.665,318.246,1.0,624.536,310.893,1.0,622.172,304.823,1.0,619.987,299.188,1.0,626.043,286.422,1.0,344.43,722.677,1.0,341.905,713.242,1.0,335.536,708.064,1.0,334.285,696.939,1.0,336.14,688.916,1.0,571.03,637.382,1.0,568.643,643.538,1.0,564.845,642.578,1.0,554.039,648.519,1.0,547.721,649.932,1.0
791,497.439,558.776,1.0,493.337,545.335,1.0,488.718,540.017,1.0,474.224,531.699,1.0,468.882,524.65,1.0,,,,,,,,,,,,,,,,630.129,318.246,1.0,624.582,310.893,1.0,621.815,304.823,1.0,619.708,299.188,1.0,626.043,285.749,1.0,344.585,723.243,1.0,342.425,715.1,1.0,335.994,709.508,1.0,334.336,702.649,1.0,336.14,690.991,1.0,571.03,631.187,1.0,568.553,632.785,1.0,567.153,641.182,1.0,554.039,648.579,1.0,547.121,650.038,1.0
792,497.408,558.776,1.0,493.337,545.335,1.0,488.358,540.017,1.0,474.189,531.664,1.0,468.638,524.492,1.0,,,,,,,,,,,,,,,,630.129,318.246,1.0,624.582,310.893,1.0,622.104,304.823,1.0,619.708,299.188,1.0,626.043,285.678,1.0,346.066,723.923,1.0,343.287,716.317,1.0,336.158,710.42,1.0,334.336,703.677,1.0,336.111,692.791,1.0,571.03,627.091,1.0,568.126,632.44,1.0,567.153,641.182,1.0,554.762,649.097,1.0,547.121,649.924,1.0
793,497.408,558.776,1.0,493.337,545.335,1.0,487.86,540.017,1.0,474.14,531.664,1.0,468.574,524.492,1.0,,,,,,,,,,,,,,,,630.129,317.584,1.0,625.934,311.02,1.0,622.104,304.49,1.0,619.987,297.909,1.0,628.336,285.678,1.0,346.174,724.055,1.0,343.347,717.609,1.0,336.244,710.42,1.0,334.11,703.814,1.0,336.036,692.851,1.0,569.689,627.091,1.0,568.126,632.44,1.0,567.153,641.182,1.0,554.762,649.381,1.0,547.121,649.924,1.0
794,497.439,550.041,1.0,493.314,542.764,1.0,487.446,534.854,1.0,473.738,530.776,1.0,467.928,524.466,1.0,,,,,,,,,,,,,,,,629.883,317.54,1.0,625.934,311.02,1.0,622.104,304.015,1.0,620.226,297.631,1.0,629.268,284.977,1.0,346.856,724.055,1.0,344.277,717.698,1.0,336.469,710.533,1.0,334.04,704.022,1.0,335.638,693.046,1.0,569.552,627.091,1.0,568.126,632.44,1.0,567.036,641.182,1.0,554.762,649.593,1.0,547.068,650.508,1.0
795,500.07,547.687,1.0,494.292,540.28,1.0,487.401,534.854,1.0,473.738,530.556,1.0,467.926,524.133,1.0,,,,,,,,,,,,,,,,628.549,316.813,1.0,625.934,311.02,1.0,622.104,301.888,1.0,620.504,297.224,1.0,629.398,284.819,1.0,347.129,724.055,1.0,344.799,718.203,1.0,336.48,710.847,1.0,334.04,704.064,1.0,335.546,693.046,1.0,565.413,640.748,1.0,568.458,639.615,1.0,564.482,641.273,1.0,552.147,649.714,1.0,546.742,650.796,1.0
796,502.612,545.784,1.0,494.292,539.473,1.0,486.991,534.854,1.0,473.412,530.364,1.0,467.735,523.929,1.0,,,,,,,,,,,,,,,,625.664,314.891,1.0,625.416,307.726,1.0,622.111,297.847,1.0,622.243,294.808,1.0,632.71,284.666,1.0,347.31,724.212,1.0,344.909,718.447,1.0,336.526,710.847,1.0,334.04,704.064,1.0,335.391,693.331,1.0,565.413,640.866,1.0,568.126,640.512,1.0,563.969,641.321,1.0,550.711,651.775,1.0,546.132,650.508,1.0
797,503.402,544.883,1.0,494.292,536.834,1.0,486.432,536.033,1.0,473.412,530.345,1.0,467.386,523.436,1.0,,,,,,,,,,,,,,,,619.842,314.253,1.0,622.761,306.054,1.0,623.994,295.738,1.0,624.916,292.081,1.0,633.731,283.67,1.0,349.046,730.202,1.0,345.092,720.717,1.0,337.6,710.414,1.0,334.189,704.425,1.0,334.086,695.756,1.0,565.413,640.883,1.0,568.458,642.647,1.0,563.969,641.931,1.0,550.711,651.775,1.0,545.773,650.508,1.0
798,503.556,544.718,1.0,494.384,535.812,1.0,485.146,536.033,1.0,473.35,530.075,1.0,467.004,523.428,1.0,,,,,,,,,,,,,,,,616.285,307.98,1.0,622.079,304.622,1.0,624.519,294.781,1.0,625.078,290.795,1.0,633.731,283.67,1.0,349.046,730.482,1.0,346.188,721.581,1.0,340.263,710.171,1.0,334.705,705.445,1.0,334.086,696.032,1.0,570.749,642.328,1.0,568.458,642.789,1.0,564.049,641.931,1.0,550.711,651.775,1.0,545.773,650.796,1.0
799,504.589,544.69,1.0,494.68,535.155,1.0,485.146,536.069,1.0,473.241,530.075,1.0,467.004,523.428,1.0,,,,,,,,,,,,,,,,615.294,307.123,1.0,620.711,304.235,1.0,625.471,294.777,1.0,625.078,290.143,1.0,633.862,283.67,1.0,349.046,731.736,1.0,346.47,721.923,1.0,340.897,710.171,1.0,335.112,705.767,1.0,334.086,696.089,1.0,571.424,642.459,1.0,570.762,643.183,1.0,564.482,642.098,1.0,552.14,651.398,1.0,546.132,650.249,1.0
800,504.589,544.69,1.0,494.86,534.871,1.0,485.146,536.033,1.0,472.647,530.345,1.0,467.004,523.299,1.0,,,,,,,,,,,,,,,,615.112,306.493,1.0,620.601,302.273,1.0,625.471,294.567,1.0,625.078,290.143,1.0,633.887,284.016,1.0,347.998,732.872,1.0,346.532,721.923,1.0,340.897,710.171,1.0,335.258,705.445,1.0,334.23,696.089,1.0,571.476,642.459,1.0,570.762,643.475,1.0,564.049,642.75,1.0,552.14,650.796,1.0,546.346,649.933,1.0
801,505.121,542.376,1.0,496.63,534.871,1.0,485.454,535.913,1.0,472.647,530.608,1.0,467.162,523.299,1.0,,,,,,,,,,,,,,,,614.057,306.315,1.0,620.473,302.273,1.0,625.471,294.777,1.0,624.789,290.321,1.0,633.887,284.016,1.0,347.288,733.306,1.0,346.603,722.029,1.0,340.912,710.437,1.0,335.258,705.549,1.0,334.23,695.919,1.0,571.476,642.459,1.0,570.762,643.519,1.0,564.049,642.75,1.0,552.14,650.578,1.0,546.422,649.447,1.0
802,505.305,541.932,1.0,496.639,535.048,1.0,485.818,535.833,1.0,472.647,530.718,1.0,467.976,523.17,1.0,,,,,,,,,,,,,,,,613.615,306.315,1.0,619.896,301.806,1.0,625.098,294.781,1.0,624.749,290.321,1.0,633.734,284.016,1.0,347.127,733.317,1.0,346.801,722.029,1.0,341.015,710.468,1.0,335.399,705.767,1.0,334.495,696.089,1.0,571.476,641.319,1.0,568.974,644.101,1.0,562.32,642.861,1.0,551.998,650.578,1.0,546.422,649.447,1.0
803,507.416,541.43,1.0,498.443,535.155,1.0,487.067,535.833,1.0,473.313,530.753,1.0,468.026,523.17,1.0,,,,,,,,,,,,,,,,608.777,306.215,1.0,615.04,301.517,1.0,624.559,297.6,1.0,624.372,290.385,1.0,633.734,283.756,1.0,347.08,733.429,1.0,346.856,722.406,1.0,341.11,710.655,1.0,335.596,705.992,1.0,334.495,696.401,1.0,571.476,639.515,1.0,568.956,643.475,1.0,560.256,642.861,1.0,551.489,650.625,1.0,546.422,649.447,1.0
804,507.461,541.378,1.0,498.902,535.448,1.0,487.067,535.833,1.0,473.408,530.753,1.0,468.026,523.17,1.0,,,,,,,,,,,,,,,,605.473,300.362,1.0,614.106,301.044,1.0,624.01,298.133,1.0,624.209,290.551,1.0,633.404,283.652,1.0,346.82,733.655,1.0,346.898,722.771,1.0,341.551,711.006,1.0,336.369,707.249,1.0,334.901,697.46,1.0,570.438,635.491,1.0,568.806,643.475,1.0,560.256,642.861,1.0,551.489,650.625,1.0,546.262,649.883,1.0
805,507.746,541.303,1.0,499.073,535.496,1.0,487.076,535.833,1.0,473.487,530.974,1.0,468.05,523.174,1.0,,,,,,,,,,,,,,,,598.055,300.362,1.0,610.553,300.92,1.0,621.039,299.745,1.0,623.519,292.13,1.0,633.367,283.509,1.0,346.785,733.679,1.0,347.119,724.41,1.0,341.621,712.712,1.0,337.69,709.108,1.0,335.64,698.309,1.0,562.862,634.379,1.0,565.882,642.504,1.0,560.256,642.356,1.0,551.489,651.941,1.0,546.049,649.938,1.0
806,509.072,541.066,1.0,500.379,535.496,1.0,487.076,538.242,1.0,474.601,531.315,1.0,469.093,523.446,1.0,,,,,,,,,,,,,,,,598.008,302.108,1.0,610.341,300.695,1.0,620.178,299.788,1.0,623.497,292.13,1.0,633.045,283.347,1.0,346.755,733.788,1.0,347.14,725.1,1.0,341.742,713.272,1.0,337.899,709.108,1.0,335.64,698.69,1.0,560.091,633.092,1.0,563.378,634.086,1.0,560.918,641.268,1.0,552.689,652.217,1.0,545.844,649.951,1.0
807,509.546,541.066,1.0,500.924,535.496,1.0,487.917,538.447,1.0,475.408,531.754,1.0,470.329,524.315,1.0,,,,,,,,,,,,,,,,597.814,301.589,1.0,609.781,300.626,1.0,619.425,299.864,1.0,623.24,292.143,1.0,632.433,283.347,1.0,346.755,733.854,1.0,347.119,725.588,1.0,341.621,713.311,1.0,337.899,709.351,1.0,335.64,698.69,1.0,559.813,631.409,1.0,562.543,634.002,1.0,560.925,641.169,1.0,553.542,652.276,1.0,545.76,649.951,1.0
808,509.7,541.066,1.0,501.467,535.496,1.0,488.702,539.12,1.0,480.042,537.062,1.0,471.848,524.363,1.0,,,,,,,,,,,,,,,,598.008,302.108,1.0,609.565,300.626,1.0,619.378,299.853,1.0,623.198,292.45,1.0,632.321,283.347,1.0,346.785,733.933,1.0,347.137,725.588,1.0,341.831,713.311,1.0,337.899,709.371,1.0,335.532,698.789,1.0,558.852,631.076,1.0,562.543,634.002,1.0,560.925,640.484,1.0,553.991,652.889,1.0,545.216,649.938,1.0
809,510.082,541.358,1.0,501.467,535.539,1.0,489.237,539.12,1.0,480.128,537.342,1.0,471.848,524.859,1.0,,,,,,,,,,,,,,,,597.814,302.322,1.0,609.382,300.626,1.0,618.707,299.941,1.0,621.619,292.45,1.0,630.774,284.279,1.0,346.814,733.962,1.0,347.137,725.588,1.0,341.988,713.311,1.0,337.914,709.351,1.0,335.351,698.789,1.0,557.008,630.302,1.0,562.543,634.002,1.0,560.918,639.875,1.0,554.202,652.889,1.0,544.287,649.068,1.0
810,510.097,541.358,1.0,501.58,535.436,1.0,489.237,539.12,1.0,480.134,537.504,1.0,471.848,525.775,1.0,,,,,,,,,,,,,,,,597.303,306.188,1.0,608.994,301.667,1.0,615.229,300.302,1.0,619.173,293.34,1.0,629.013,286.116,1.0,346.838,734.007,1.0,347.094,725.588,1.0,341.973,713.311,1.0,337.914,709.351,1.0,335.351,698.817,1.0,556.581,630.232,1.0,561.347,634.002,1.0,560.025,639.875,1.0,554.276,652.889,1.0,544.185,649.067,1.0
811,510.218,541.358,1.0,501.611,535.387,1.0,489.298,539.066,1.0,480.237,537.51,1.0,471.769,526.136,1.0,,,,,,,,,,,,,,,,597.236,306.504,1.0,606.321,303.911,1.0,615.176,301.723,1.0,618.413,295.552,1.0,629.013,286.298,1.0,346.839,734.023,1.0,347.094,725.588,1.0,341.973,713.338,1.0,337.914,709.422,1.0,335.532,698.965,1.0,554.999,630.168,1.0,561.347,634.002,1.0,559.34,639.875,1.0,554.276,652.744,1.0,543.985,649.061,1.0
812,510.903,541.189,1.0,501.67,535.347,1.0,489.556,538.667,1.0,480.329,537.578,1.0,471.769,526.136,1.0,,,,,,,,,,,,,,,,597.236,306.687,1.0,606.321,303.931,1.0,614.729,301.723,1.0,618.413,299.531,1.0,628.082,286.553,1.0,346.839,734.217,1.0,347.094,725.721,1.0,341.988,713.99,1.0,338.327,709.6,1.0,335.843,699.666,1.0,554.575,627.008,1.0,561.347,633.868,1.0,558.549,640.589,1.0,554.202,652.482,1.0,543.385,649.001,1.0
813,510.972,541.189,1.0,502.477,534.916,1.0,490.087,538.662,1.0,481.269,538.3,1.0,471.769,525.775,1.0,,,,,,,,,,,,,,,,596.852,306.962,1.0,606.254,304.229,1.0,614.073,301.847,1.0,618.108,299.531,1.0,627.951,286.577,1.0,346.839,734.245,1.0,346.99,726.354,1.0,342.476,714.872,1.0,338.702,710.397,1.0,336.025,699.692,1.0,551.208,626.286,1.0,560.514,633.039,1.0,557.93,640.879,1.0,552.946,652.073,1.0,543.385,649.001,1.0
814,512.136,541.189,1.0,502.965,534.674,1.0,490.571,538.299,1.0,482.075,538.387,1.0,472.125,526.135,1.0,,,,,,,,,,,,,,,,596.852,307.161,1.0,606.254,304.558,1.0,613.975,301.847,1.0,618.108,299.531,1.0,627.951,286.618,1.0,346.96,734.265,1.0,346.99,726.408,1.0,342.644,715.136,1.0,338.702,710.476,1.0,336.274,701.892,1.0,551.189,625.798,1.0,560.064,632.136,1.0,557.743,640.879,1.0,552.946,651.948,1.0,543.385,649.001,1.0
815,512.345,541.219,1.0,503.253,534.674,1.0,491.235,538.249,1.0,482.906,538.561,1.0,472.49,525.702,1.0,,,,,,,,,,,,,,,,596.556,307.778,1.0,605.323,304.862,1.0,613.524,302.551,1.0,618.007,293.46,1.0,625.374,287.12,1.0,347.09,734.265,1.0,347.382,726.408,1.0,342.644,715.136,1.0,338.702,710.476,1.0,336.284,702.023,1.0,551.149,625.798,1.0,559.906,631.985,1.0,557.086,640.879,1.0,552.946,651.326,1.0,544.095,649.001,1.0
816,513.569,543.772,1.0,503.59,534.621,1.0,494.335,537.985,1.0,485.205,539.603,1.0,472.49,525.702,1.0,,,,,,,,,,,,,,,,593.554,307.803,1.0,598.869,305.425,1.0,610.171,303.251,1.0,618.007,293.46,1.0,621.507,290.78,1.0,347.122,734.245,1.0,347.412,726.408,1.0,342.476,714.872,1.0,338.321,710.499,1.0,336.373,702.023,1.0,551.149,624.502,1.0,556.283,631.965,1.0,557.075,640.272,1.0,554.305,649.009,1.0,544.52,649.172,1.0
817,514.278,543.814,1.0,503.81,534.621,1.0,494.856,537.736,1.0,485.683,539.847,1.0,472.49,526.135,1.0,,,,,,,,,,,,,,,,589.07,307.803,1.0,597.283,305.613,1.0,610.018,303.351,1.0,618.007,293.029,1.0,621.507,291.307,1.0,347.867,734.106,1.0,347.72,725.96,1.0,342.644,714.997,1.0,338.321,710.558,1.0,336.516,701.914,1.0,551.149,624.245,1.0,556.278,631.734,1.0,556.764,639.388,1.0,554.545,647.381,1.0,544.597,649.437,1.0
818,515.982,543.814,1.0,504.661,534.621,1.0,495.796,537.605,1.0,486.23,539.916,1.0,474.202,526.756,1.0,,,,,,,,,,,,,,,,589.07,307.803,1.0,597.283,305.766,1.0,610.018,303.811,1.0,618.442,293.029,1.0,621.507,291.307,1.0,348.579,733.861,1.0,348.194,725.96,1.0,342.865,714.997,1.0,338.321,710.558,1.0,336.373,701.914,1.0,551.364,623.737,1.0,555.658,631.34,1.0,556.047,637.958,1.0,554.89,647.039,1.0,545.086,650.164,1.0
819,515.982,543.772,1.0,504.839,534.621,1.0,495.796,537.605,1.0,486.23,539.916,1.0,473.886,526.756,1.0,,,,,,,,,,,,,,,,589.07,305.229,1.0,597.283,305.766,1.0,610.018,304.042,1.0,618.442,293.029,1.0,621.688,291.307,1.0,352.877,733.861,1.0,350.487,725.96,1.0,343.217,714.997,1.0,338.458,711.844,1.0,336.284,701.914,1.0,551.52,623.441,1.0,555.585,630.697,1.0,555.951,637.453,1.0,554.545,646.93,1.0,546.094,650.921,1.0
820,515.982,543.43,1.0,504.839,534.621,1.0,495.796,537.605,1.0,486.23,539.916,1.0,472.052,526.756,1.0,,,,,,,,,,,,,,,,590.566,305.229,1.0,603.648,305.766,1.0,612.005,304.042,1.0,618.442,291.965,1.0,622.469,290.682,1.0,354.389,733.436,1.0,351.414,727.141,1.0,343.738,716.746,1.0,339.597,712.719,1.0,336.169,699.899,1.0,551.677,623.415,1.0,555.445,630.57,1.0,555.951,637.154,1.0,554.379,646.599,1.0,546.117,650.921,1.0
821,512.39,541.301,1.0,505.064,534.687,1.0,494.075,537.769,1.0,484.61,539.165,1.0,472.629,526.429,1.0,,,,,,,,,,,,,,,,597.575,303.927,1.0,606.859,304.036,1.0,612.429,303.811,1.0,618.216,291.256,1.0,623.558,290.016,1.0,354.395,733.436,1.0,351.567,727.187,1.0,343.786,716.763,1.0,339.603,712.821,1.0,336.169,699.899,1.0,551.836,623.415,1.0,555.445,630.419,1.0,556.047,636.893,1.0,554.379,646.485,1.0,546.188,650.921,1.0
822,510.459,539.637,1.0,504.839,534.762,1.0,493.787,539.134,1.0,484.325,538.237,1.0,472.629,525.869,1.0,,,,,,,,,,,,,,,,597.575,300.91,1.0,606.859,303.867,1.0,613.611,303.367,1.0,617.89,290.662,1.0,624.016,289.077,1.0,355.661,733.707,1.0,352.726,728.103,1.0,343.786,717.726,1.0,340.405,713.216,1.0,336.004,702.511,1.0,551.836,622.992,1.0,555.424,630.03,1.0,556.247,636.661,1.0,554.379,646.328,1.0,546.609,650.913,1.0
823,507.379,533.165,1.0,505.569,534.762,1.0,493.787,540.467,1.0,484.325,538.237,1.0,472.629,525.869,1.0,,,,,,,,,,,,,,,,597.575,303.839,1.0,606.859,303.867,1.0,613.611,302.842,1.0,617.844,290.662,1.0,624.626,287.652,1.0,355.661,734.007,1.0,353.511,728.422,1.0,343.738,718.632,1.0,340.405,713.274,1.0,336.169,702.511,1.0,551.836,621.271,1.0,555.3,629.9,1.0,556.648,635.844,1.0,554.296,645.736,1.0,547.038,650.792,1.0
824,507.377,532.786,1.0,506.065,534.762,1.0,494.075,541.0,1.0,484.325,538.237,1.0,472.629,525.869,1.0,,,,,,,,,,,,,,,,594.941,303.839,1.0,605.523,303.867,1.0,613.611,302.842,1.0,617.673,290.662,1.0,624.626,287.532,1.0,355.661,734.886,1.0,353.511,728.422,1.0,343.986,718.649,1.0,340.43,713.768,1.0,336.244,702.511,1.0,552.059,613.167,1.0,553.784,619.415,1.0,556.648,633.669,1.0,553.827,643.572,1.0,548.505,650.792,1.0
825,507.237,531.809,1.0,506.448,534.749,1.0,494.549,541.165,1.0,484.761,539.001,1.0,472.836,525.996,1.0,,,,,,,,,,,,,,,,593.752,303.839,1.0,603.498,304.256,1.0,612.93,302.842,1.0,617.44,291.094,1.0,624.725,287.246,1.0,355.399,734.886,1.0,353.511,728.422,1.0,343.986,719.499,1.0,340.43,713.795,1.0,336.32,702.76,1.0,552.603,612.76,1.0,553.784,619.382,1.0,556.648,633.162,1.0,553.827,642.717,1.0,548.84,650.321,1.0
826,507.237,531.429,1.0,506.476,534.406,1.0,494.723,541.165,1.0,484.921,539.001,1.0,472.917,526.314,1.0,,,,,,,,,,,,,,,,593.752,306.318,1.0,603.498,305.171,1.0,612.93,302.842,1.0,617.438,291.094,1.0,624.725,287.246,1.0,355.399,734.886,1.0,353.827,725.527,1.0,343.986,719.499,1.0,340.467,713.972,1.0,336.344,702.868,1.0,552.588,609.545,1.0,553.784,618.194,1.0,552.696,631.748,1.0,552.584,638.81,1.0,552.937,650.235,1.0
827,507.379,531.408,1.0,506.522,534.182,1.0,494.934,541.165,1.0,485.14,539.044,1.0,473.018,526.458,1.0,,,,,,,,,,,,,,,,593.752,309.196,1.0,603.498,305.171,1.0,612.93,302.842,1.0,617.422,291.094,1.0,624.725,287.442,1.0,355.399,734.849,1.0,353.409,725.473,1.0,344.21,719.496,1.0,340.467,714.679,1.0,336.402,703.807,1.0,552.588,609.511,1.0,553.954,617.821,1.0,551.882,630.895,1.0,551.916,638.536,1.0,556.741,648.148,1.0
828,508.143,530.38,1.0,506.476,533.747,1.0,494.934,540.893,1.0,484.921,539.001,1.0,473.018,526.458,1.0,,,,,,,,,,,,,,,,596.842,309.196,1.0,605.006,305.171,1.0,613.268,302.621,1.0,616.55,291.062,1.0,624.725,287.468,1.0,355.399,734.849,1.0,353.409,725.473,1.0,344.409,719.496,1.0,340.467,714.679,1.0,336.644,703.807,1.0,552.607,607.46,1.0,553.954,617.034,1.0,551.445,630.167,1.0,551.655,638.363,1.0,557.113,647.59,1.0
829,508.229,530.361,1.0,506.854,533.669,1.0,494.934,540.81,1.0,484.921,539.001,1.0,473.083,526.458,1.0,,,,,,,,,,,,,,,,599.207,310.858,1.0,607.302,304.642,1.0,613.823,301.527,1.0,616.407,291.062,1.0,625.043,287.468,1.0,355.215,734.849,1.0,353.577,725.527,1.0,344.769,719.499,1.0,340.297,714.679,1.0,336.756,703.824,1.0,552.588,607.112,1.0,553.954,616.981,1.0,551.128,630.161,1.0,551.366,637.945,1.0,557.744,647.36,1.0
830,508.386,529.688,1.0,506.854,533.432,1.0,495.415,540.595,1.0,485.866,538.96,1.0,473.405,526.395,1.0,,,,,,,,,,,,,,,,600.721,309.358,1.0,608.498,304.299,1.0,614.14,301.295,1.0,616.407,291.062,1.0,625.289,287.757,1.0,355.516,734.875,1.0,353.577,725.473,1.0,344.769,719.683,1.0,339.494,712.295,1.0,336.756,703.824,1.0,552.502,607.093,1.0,553.794,616.664,1.0,551.258,630.156,1.0,551.366,637.916,1.0,557.971,647.089,1.0
831,508.595,528.992,1.0,506.618,532.897,1.0,495.415,540.339,1.0,485.866,538.799,1.0,473.488,526.337,1.0,,,,,,,,,,,,,,,,600.721,309.196,1.0,608.498,304.299,1.0,614.597,301.098,1.0,616.407,291.259,1.0,625.691,287.757,1.0,355.516,734.966,1.0,353.323,725.706,1.0,344.807,720.075,1.0,339.494,712.295,1.0,336.644,703.824,1.0,551.956,606.378,1.0,553.474,616.623,1.0,551.128,629.748,1.0,551.337,637.777,1.0,557.971,646.772,1.0
832,508.693,528.959,1.0,506.618,532.815,1.0,495.415,540.142,1.0,485.983,538.799,1.0,473.432,526.337,1.0,,,,,,,,,,,,,,,,601.19,307.189,1.0,608.816,304.207,1.0,615.049,301.098,1.0,616.394,291.29,1.0,625.749,287.757,1.0,356.586,735.029,1.0,352.0,725.745,1.0,345.524,720.723,1.0,339.395,712.295,1.0,336.622,703.931,1.0,551.956,606.378,1.0,553.361,615.477,1.0,551.022,628.672,1.0,551.333,637.207,1.0,558.213,646.297,1.0
833,508.836,528.807,1.0,506.802,532.591,1.0,495.676,540.099,1.0,486.179,538.799,1.0,473.504,526.337,1.0,,,,,,,,,,,,,,,,602.917,299.998,1.0,608.816,304.207,1.0,615.049,301.295,1.0,616.394,291.29,1.0,626.031,287.835,1.0,356.623,734.966,1.0,351.431,725.987,1.0,345.779,720.723,1.0,339.494,712.295,1.0,336.605,703.931,1.0,551.956,606.378,1.0,552.479,615.396,1.0,551.022,627.604,1.0,551.333,635.305,1.0,558.89,644.957,1.0
834,509.534,528.67,1.0,506.721,532.158,1.0,495.68,539.614,1.0,486.476,538.799,1.0,473.432,526.243,1.0,,,,,,,,,,,,,,,,604.677,299.414,1.0,608.816,299.877,1.0,615.049,303.997,1.0,616.394,291.259,1.0,626.031,289.343,1.0,356.623,734.966,1.0,351.431,726.27,1.0,345.779,720.723,1.0,339.522,712.932,1.0,336.605,704.039,1.0,553.355,606.359,1.0,550.824,614.702,1.0,551.258,626.68,1.0,551.333,635.305,1.0,559.828,644.82,1.0
835,509.63,528.297,1.0,506.802,531.993,1.0,495.718,539.564,1.0,486.523,538.845,1.0,473.542,526.243,1.0,,,,,,,,,,,,,,,,604.702,291.064,1.0,608.816,297.289,1.0,614.691,303.997,1.0,616.12,291.162,1.0,625.805,289.732,1.0,356.623,734.471,1.0,351.48,726.507,1.0,345.779,720.471,1.0,339.557,713.06,1.0,336.622,703.931,1.0,553.355,606.36,1.0,550.816,613.531,1.0,555.768,626.68,1.0,551.337,635.305,1.0,560.681,644.817,1.0
836,509.748,528.125,1.0,506.802,531.993,1.0,495.736,539.169,1.0,486.595,538.99,1.0,473.542,526.326,1.0,,,,,,,,,,,,,,,,605.411,289.009,1.0,608.816,296.66,1.0,614.565,303.997,1.0,616.12,291.162,1.0,625.805,289.732,1.0,348.808,733.202,1.0,351.48,727.019,1.0,344.314,718.987,1.0,339.952,713.06,1.0,337.136,703.931,1.0,553.355,606.36,1.0,550.173,613.531,1.0,556.0,626.68,1.0,551.395,635.592,1.0,560.696,643.669,1.0
837,510.2,528.125,1.0,506.802,531.888,1.0,495.718,539.132,1.0,486.595,538.845,1.0,473.604,526.243,1.0,,,,,,,,,,,,,,,,605.641,287.969,1.0,606.678,296.66,1.0,613.617,303.425,1.0,616.12,291.162,1.0,625.805,289.954,1.0,346.146,733.202,1.0,351.081,726.507,1.0,344.314,718.982,1.0,339.952,712.792,1.0,337.319,704.013,1.0,553.164,606.359,1.0,550.173,613.51,1.0,556.0,626.68,1.0,551.395,635.592,1.0,560.696,643.363,1.0
838,510.2,528.125,1.0,506.723,531.758,1.0,495.68,539.079,1.0,486.523,538.862,1.0,473.628,526.243,1.0,,,,,,,,,,,,,,,,609.966,287.809,1.0,606.678,296.66,1.0,613.31,301.565,1.0,616.316,291.794,1.0,625.452,290.408,1.0,345.72,733.028,1.0,350.846,726.507,1.0,344.314,718.822,1.0,339.952,713.06,1.0,337.319,704.044,1.0,552.871,606.358,1.0,550.173,613.268,1.0,555.768,626.672,1.0,551.395,635.592,1.0,560.696,642.385,1.0
839,510.2,528.17,1.0,506.723,531.669,1.0,495.634,538.933,1.0,486.52,538.862,1.0,473.865,526.06,1.0,,,,,,,,,,,,,,,,610.911,286.607,1.0,604.324,297.613,1.0,612.721,300.554,1.0,616.526,292.995,1.0,624.649,290.467,1.0,344.515,733.028,1.0,350.777,726.418,1.0,344.386,717.758,1.0,339.952,713.06,1.0,337.319,704.05,1.0,552.814,606.161,1.0,550.173,612.999,1.0,555.653,625.974,1.0,551.347,635.288,1.0,559.681,641.226,1.0
840,510.181,528.598,1.0,506.706,531.649,1.0,495.422,538.933,1.0,486.494,538.779,1.0,473.872,525.914,1.0,,,,,,,,,,,,,,,,610.911,286.343,1.0,603.887,297.613,1.0,611.886,300.294,1.0,616.765,294.123,1.0,624.617,290.962,1.0,343.828,732.554,1.0,350.18,726.418,1.0,344.386,717.758,1.0,339.952,714.186,1.0,337.319,704.353,1.0,552.763,606.084,1.0,550.173,612.863,1.0,555.268,625.759,1.0,551.184,635.063,1.0,559.666,640.941,1.0
841,510.114,528.698,1.0,506.706,531.649,1.0,495.4,538.933,1.0,486.399,538.687,1.0,473.872,525.914,1.0,,,,,,,,,,,,,,,,610.911,286.343,1.0,603.887,297.613,1.0,611.843,300.275,1.0,616.716,294.169,1.0,624.516,291.147,1.0,342.542,731.31,1.0,349.917,725.906,1.0,344.386,717.416,1.0,340.352,715.129,1.0,337.291,704.671,1.0,552.53,605.522,1.0,550.261,612.831,1.0,554.847,624.646,1.0,550.663,633.847,1.0,559.639,636.72,1.0
842,509.84,528.713,1.0,506.583,531.61,1.0,495.368,539.107,1.0,486.319,538.543,1.0,473.865,525.914,1.0,,,,,,,,,,,,,,,,609.713,286.256,1.0,603.887,297.325,1.0,611.753,299.855,1.0,616.716,294.872,1.0,624.45,291.693,1.0,342.251,730.797,1.0,349.459,726.171,1.0,344.386,717.758,1.0,340.631,715.262,1.0,337.257,704.671,1.0,552.372,603.388,1.0,550.544,611.469,1.0,553.575,623.134,1.0,550.154,632.108,1.0,559.59,636.533,1.0
843,508.063,528.713,1.0,504.718,531.599,1.0,494.346,540.31,1.0,484.161,538.543,1.0,470.847,527.45,1.0,,,,,,,,,,,,,,,,607.175,285.988,1.0,611.132,294.912,1.0,610.268,299.79,1.0,616.716,295.2,1.0,624.45,291.842,1.0,342.251,730.599,1.0,349.201,726.171,1.0,344.485,717.758,1.0,340.672,715.286,1.0,337.248,704.966,1.0,552.264,600.582,1.0,551.284,609.527,1.0,551.843,620.067,1.0,549.805,629.073,1.0,558.913,635.805,1.0
844,503.013,528.713,1.0,500.504,531.599,1.0,494.057,543.4,1.0,484.101,538.779,1.0,470.14,527.467,1.0,,,,,,,,,,,,,,,,606.767,285.988,1.0,611.779,292.535,1.0,610.268,297.901,1.0,616.716,295.2,1.0,624.119,291.842,1.0,341.92,730.599,1.0,348.849,726.171,1.0,344.375,717.804,1.0,340.801,715.286,1.0,337.248,705.134,1.0,549.772,598.287,1.0,551.284,603.244,1.0,551.15,617.532,1.0,549.1,626.315,1.0,558.26,635.662,1.0
845,502.879,529.867,1.0,497.864,532.056,1.0,494.057,543.4,1.0,483.728,539.505,1.0,469.902,527.96,1.0,,,,,,,,,,,,,,,,606.376,285.062,1.0,611.779,290.077,1.0,610.268,296.217,1.0,616.716,295.2,1.0,623.546,291.842,1.0,341.92,730.599,1.0,348.734,726.171,1.0,344.436,717.804,1.0,340.763,715.262,1.0,337.248,705.134,1.0,549.772,598.055,1.0,551.284,603.215,1.0,550.353,616.684,1.0,548.747,625.645,1.0,557.64,635.662,1.0
846,497.421,530.172,1.0,497.864,538.561,1.0,494.057,543.4,1.0,483.718,539.505,1.0,469.902,527.547,1.0,,,,,,,,,,,,,,,,604.985,284.686,1.0,611.566,289.757,1.0,610.106,295.178,1.0,616.831,294.719,1.0,623.467,292.252,1.0,341.936,730.688,1.0,348.479,726.219,1.0,344.436,718.105,1.0,340.801,715.251,1.0,337.281,704.995,1.0,549.772,596.493,1.0,551.113,602.694,1.0,550.328,616.184,1.0,548.747,624.328,1.0,556.469,635.701,1.0
847,495.63,526.777,1.0,497.864,538.561,1.0,493.665,543.158,1.0,483.728,539.511,1.0,469.71,527.739,1.0,,,,,,,,,,,,,,,,604.713,279.217,1.0,611.132,289.273,1.0,610.106,295.178,1.0,616.831,294.719,1.0,623.208,292.413,1.0,341.936,731.081,1.0,348.001,726.62,1.0,343.951,718.517,1.0,341.005,714.976,1.0,337.411,705.018,1.0,549.805,596.432,1.0,551.113,602.601,1.0,550.353,616.184,1.0,548.602,624.245,1.0,556.405,635.701,1.0
848,495.293,526.777,1.0,500.262,538.561,1.0,493.365,542.891,1.0,483.728,539.743,1.0,469.658,527.582,1.0,,,,,,,,,,,,,,,,603.839,279.217,1.0,607.742,286.169,1.0,610.106,295.178,1.0,616.831,294.719,1.0,622.194,294.21,1.0,341.78,731.412,1.0,348.001,726.676,1.0,343.923,718.599,1.0,341.133,714.832,1.0,337.484,704.995,1.0,550.14,596.432,1.0,551.113,602.601,1.0,550.353,616.184,1.0,548.602,624.245,1.0,556.405,635.701,1.0
849,495.015,526.777,1.0,500.262,536.559,1.0,493.118,541.971,1.0,483.868,540.314,1.0,469.624,527.582,1.0,,,,,,,,,,,,,,,,600.874,277.206,1.0,605.619,284.599,1.0,606.516,296.078,1.0,615.321,294.719,1.0,621.728,296.118,1.0,341.689,731.524,1.0,347.952,726.624,1.0,343.781,718.682,1.0,341.133,714.819,1.0,337.507,704.995,1.0,550.88,596.493,1.0,551.539,602.694,1.0,552.15,616.985,1.0,548.602,624.328,1.0,556.469,635.701,1.0
850,495.293,526.324,1.0,500.262,536.053,1.0,493.118,540.531,1.0,483.896,540.369,1.0,469.658,527.582,1.0,,,,,,,,,,,,,,,,600.874,277.044,1.0,605.262,284.476,1.0,606.516,297.237,1.0,615.317,294.863,1.0,621.728,296.118,1.0,341.682,731.525,1.0,348.001,726.676,1.0,343.781,718.686,1.0,341.36,714.819,1.0,337.508,704.98,1.0,550.958,601.669,1.0,552.084,609.52,1.0,552.275,617.308,1.0,548.758,624.245,1.0,556.405,635.701,1.0
851,495.63,526.016,1.0,499.825,535.457,1.0,493.365,539.537,1.0,484.323,540.632,1.0,469.71,527.739,1.0,,,,,,,,,,,,,,,,600.874,276.839,1.0,605.24,284.028,1.0,606.516,297.237,1.0,614.959,294.873,1.0,621.728,296.118,1.0,341.664,731.525,1.0,348.077,727.115,1.0,343.923,718.893,1.0,341.528,714.819,1.0,337.53,704.995,1.0,552.182,603.749,1.0,552.185,609.52,1.0,552.275,617.603,1.0,548.758,623.899,1.0,556.459,635.322,1.0
852,496.611,520.514,1.0,499.357,531.831,1.0,493.118,537.59,1.0,484.323,540.731,1.0,469.658,527.848,1.0,,,,,,,,,,,,,,,,600.794,276.394,1.0,605.262,284.028,1.0,606.717,297.237,1.0,614.77,294.863,1.0,621.728,299.424,1.0,341.561,731.524,1.0,348.077,727.764,1.0,344.27,718.91,1.0,341.949,714.988,1.0,337.606,704.995,1.0,552.998,604.219,1.0,552.88,609.52,1.0,552.15,617.603,1.0,549.185,623.899,1.0,557.03,635.271,1.0
853,497.038,520.385,1.0,499.133,531.275,1.0,492.976,536.323,1.0,484.323,540.812,1.0,469.624,527.941,1.0,,,,,,,,,,,,,,,,600.794,276.159,1.0,605.24,283.863,1.0,606.883,296.531,1.0,614.727,294.476,1.0,622.318,294.955,1.0,341.561,731.342,1.0,348.268,727.95,1.0,344.291,718.91,1.0,342.133,715.024,1.0,337.722,705.024,1.0,558.13,606.184,1.0,553.335,608.262,1.0,551.317,617.603,1.0,549.185,623.899,1.0,556.852,634.836,1.0
854,497.237,519.291,1.0,498.294,525.751,1.0,488.649,534.589,1.0,483.851,540.827,1.0,469.446,527.941,1.0,,,,,,,,,,,,,,,,600.474,275.205,1.0,605.02,283.61,1.0,607.288,294.904,1.0,614.548,294.22,1.0,622.626,294.955,1.0,341.561,730.993,1.0,348.523,727.95,1.0,344.333,718.91,1.0,342.379,715.21,1.0,337.722,705.024,1.0,563.261,606.634,1.0,556.104,607.668,1.0,551.155,614.489,1.0,549.185,623.777,1.0,556.459,634.836,1.0
855,497.237,519.012,1.0,496.599,524.781,1.0,487.286,534.328,1.0,483.014,540.812,1.0,469.436,527.909,1.0,,,,,,,,,,,,,,,,600.232,275.205,1.0,604.614,281.131,1.0,609.258,289.59,1.0,613.489,293.882,1.0,622.626,296.247,1.0,342.025,730.908,1.0,348.664,727.764,1.0,344.291,718.879,1.0,342.475,715.219,1.0,337.7,705.064,1.0,565.974,606.634,1.0,558.698,607.359,1.0,550.995,614.017,1.0,546.186,623.777,1.0,556.459,634.836,1.0
856,497.237,518.488,1.0,495.724,524.383,1.0,487.286,534.069,1.0,483.014,540.731,1.0,469.436,527.848,1.0,,,,,,,,,,,,,,,,599.621,275.205,1.0,603.515,280.831,1.0,609.258,288.091,1.0,612.946,292.333,1.0,621.458,297.741,1.0,342.055,730.819,1.0,348.523,727.702,1.0,344.27,718.879,1.0,342.475,715.216,1.0,337.7,705.127,1.0,565.974,606.634,1.0,558.698,607.668,1.0,550.886,614.017,1.0,546.186,623.949,1.0,556.287,635.305,1.0
857,496.325,518.419,1.0,495.56,524.377,1.0,487.286,534.024,1.0,483.014,540.595,1.0,469.436,527.465,1.0,,,,,,,,,,,,,,,,598.584,275.024,1.0,603.515,280.294,1.0,609.258,288.091,1.0,611.068,292.117,1.0,621.566,297.741,1.0,342.055,730.819,1.0,348.523,727.49,1.0,344.235,718.879,1.0,342.504,715.216,1.0,337.7,705.127,1.0,565.974,606.687,1.0,558.698,607.668,1.0,550.886,614.017,1.0,546.186,624.072,1.0,556.088,635.305,1.0
858,496.325,514.993,1.0,495.56,522.443,1.0,487.883,531.931,1.0,484.134,540.595,1.0,470.169,527.441,1.0,,,,,,,,,,,,,,,,598.584,275.024,1.0,603.515,280.294,1.0,608.927,288.091,1.0,611.068,291.673,1.0,621.437,297.998,1.0,342.025,730.819,1.0,348.482,727.49,1.0,344.235,718.933,1.0,342.504,715.21,1.0,337.684,705.064,1.0,558.537,606.687,1.0,554.265,611.421,1.0,550.886,615.948,1.0,549.197,624.248,1.0,556.088,635.305,1.0
859,496.159,514.036,1.0,495.724,521.857,1.0,488.232,531.485,1.0,484.183,540.461,1.0,470.171,527.465,1.0,,,,,,,,,,,,,,,,598.584,275.024,1.0,603.515,280.21,1.0,604.649,288.921,1.0,611.009,291.673,1.0,621.437,297.998,1.0,341.942,731.11,1.0,348.453,727.49,1.0,344.235,718.933,1.0,342.504,715.206,1.0,337.628,705.088,1.0,554.717,609.196,1.0,553.654,611.421,1.0,553.022,619.223,1.0,549.222,624.762,1.0,556.088,634.776,1.0
860,496.159,513.562,1.0,495.789,521.582,1.0,488.232,531.387,1.0,484.264,540.595,1.0,470.404,527.465,1.0,,,,,,,,,,,,,,,,598.584,274.913,1.0,603.515,280.21,1.0,604.61,288.921,1.0,611.009,292.117,1.0,621.566,298.235,1.0,341.843,731.606,1.0,348.343,727.525,1.0,344.333,718.933,1.0,342.504,714.809,1.0,337.626,705.011,1.0,553.348,609.196,1.0,552.409,611.421,1.0,553.022,619.223,1.0,549.582,625.634,1.0,556.98,634.686,1.0
861,496.362,511.472,1.0,496.003,520.04,1.0,488.232,530.758,1.0,484.49,540.632,1.0,470.404,527.577,1.0,,,,,,,,,,,,,,,,598.584,274.816,1.0,603.472,280.08,1.0,604.225,288.921,1.0,610.432,292.295,1.0,621.68,298.267,1.0,341.843,731.606,1.0,348.343,727.525,1.0,344.333,718.92,1.0,342.504,714.716,1.0,337.601,704.987,1.0,551.07,610.536,1.0,550.391,610.962,1.0,553.093,619.223,1.0,549.222,626.642,1.0,557.389,634.686,1.0
862,496.903,510.832,1.0,496.087,519.781,1.0,488.057,530.538,1.0,484.773,540.75,1.0,470.456,527.577,1.0,,,,,,,,,,,,,,,,598.37,274.529,1.0,602.957,279.527,1.0,604.225,288.062,1.0,609.739,293.362,1.0,621.68,298.267,1.0,341.942,731.532,1.0,348.343,727.525,1.0,344.568,718.822,1.0,342.489,714.563,1.0,337.537,704.741,1.0,540.241,609.196,1.0,548.659,609.383,1.0,553.022,617.963,1.0,549.197,626.642,1.0,557.389,634.686,1.0
863,496.903,509.334,1.0,496.359,518.347,1.0,488.057,530.199,1.0,484.773,540.75,1.0,470.456,527.577,1.0,,,,,,,,,,,,,,,,598.079,274.31,1.0,602.808,279.087,1.0,604.225,287.249,1.0,609.733,293.362,1.0,621.68,298.267,1.0,342.123,731.606,1.0,348.259,726.908,1.0,344.568,718.457,1.0,342.1,714.534,1.0,337.555,704.741,1.0,540.241,604.533,1.0,545.828,609.383,1.0,552.253,617.963,1.0,549.242,626.642,1.0,557.389,635.227,1.0
864,496.903,508.928,1.0,496.359,517.889,1.0,487.435,528.999,1.0,484.773,540.75,1.0,470.265,527.209,1.0,,,,,,,,,,,,,,,,594.066,271.856,1.0,599.34,273.879,1.0,605.385,282.746,1.0,605.589,293.362,1.0,620.281,298.172,1.0,342.68,731.606,1.0,348.077,725.562,1.0,344.379,717.085,1.0,340.835,713.913,1.0,337.555,704.545,1.0,540.241,604.528,1.0,545.804,609.383,1.0,550.884,617.963,1.0,549.008,626.642,1.0,557.495,636.101,1.0
865,496.856,508.714,1.0,496.003,517.206,1.0,486.385,527.596,1.0,484.057,539.737,1.0,469.946,527.016,1.0,,,,,,,,,,,,,,,,593.355,270.998,1.0,599.214,273.685,1.0,605.385,281.571,1.0,605.589,293.362,1.0,618.338,298.172,1.0,342.756,732.15,1.0,347.629,724.982,1.0,344.2,717.041,1.0,340.363,713.351,1.0,337.555,704.379,1.0,541.339,603.35,1.0,545.707,609.88,1.0,549.979,618.499,1.0,549.008,626.642,1.0,557.495,636.114,1.0
866,495.98,504.724,1.0,496.602,517.206,1.0,485.297,527.166,1.0,483.876,539.173,1.0,469.946,526.646,1.0,,,,,,,,,,,,,,,,590.675,269.793,1.0,598.035,272.503,1.0,605.385,280.245,1.0,605.589,293.362,1.0,612.553,298.172,1.0,343.625,732.15,1.0,347.629,724.556,1.0,343.906,716.025,1.0,339.636,713.351,1.0,337.555,704.095,1.0,541.339,603.35,1.0,545.804,610.078,1.0,549.837,618.499,1.0,549.008,627.248,1.0,557.495,636.114,1.0
867,495.98,504.724,1.0,496.72,517.206,1.0,485.297,526.865,1.0,483.876,539.083,1.0,469.946,526.476,1.0,,,,,,,,,,,,,,,,590.544,269.065,1.0,597.87,272.014,1.0,605.141,279.838,1.0,607.17,292.685,1.0,612.451,298.172,1.0,347.456,732.15,1.0,347.629,724.556,1.0,343.751,716.025,1.0,339.636,713.351,1.0,337.555,704.018,1.0,541.746,603.35,1.0,545.828,610.083,1.0,549.837,618.52,1.0,549.118,627.43,1.0,557.495,636.114,1.0
868,495.651,504.724,1.0,497.05,522.845,1.0,485.297,526.22,1.0,483.876,538.947,1.0,470.022,526.476,1.0,,,,,,,,,,,,,,,,590.361,268.871,1.0,597.759,271.914,1.0,604.185,279.705,1.0,607.17,292.685,1.0,612.451,298.172,1.0,351.301,729.39,1.0,349.922,724.556,1.0,343.751,716.025,1.0,339.636,713.481,1.0,336.846,703.912,1.0,541.746,603.706,1.0,545.874,610.428,1.0,549.837,618.613,1.0,549.118,627.448,1.0,557.495,635.953,1.0
869,495.98,512.389,1.0,497.05,522.845,1.0,485.4,526.22,1.0,484.002,538.947,1.0,470.353,526.476,1.0,,,,,,,,,,,,,,,,590.22,268.71,1.0,596.212,271.47,1.0,604.157,279.352,1.0,607.17,292.685,1.0,612.303,298.116,1.0,353.594,727.224,1.0,351.255,725.366,1.0,343.906,717.287,1.0,339.759,714.802,1.0,336.846,703.912,1.0,541.784,603.706,1.0,546.727,611.676,1.0,549.837,620.356,1.0,550.261,630.555,1.0,555.532,635.953,1.0
870,496.008,512.389,1.0,497.05,522.845,1.0,485.84,526.22,1.0,484.23,538.922,1.0,471.061,526.476,1.0,,,,,,,,,,,,,,,,590.091,268.428,1.0,594.623,271.47,1.0,604.125,278.944,1.0,605.558,290.549,1.0,612.135,297.805,1.0,357.508,727.224,1.0,353.827,725.366,1.0,343.906,718.511,1.0,340.496,714.856,1.0,336.846,703.849,1.0,546.367,605.088,1.0,548.94,612.373,1.0,549.837,622.167,1.0,550.261,632.599,1.0,555.532,635.953,1.0
871,497.362,512.389,1.0,496.776,520.306,1.0,487.518,528.669,1.0,485.924,538.884,1.0,471.301,527.955,1.0,,,,,,,,,,,,,,,,589.897,262.06,1.0,592.621,267.776,1.0,600.309,277.114,1.0,601.57,282.634,1.0,611.4,294.857,1.0,358.089,727.224,1.0,354.132,725.366,1.0,343.751,718.687,1.0,340.696,714.856,1.0,337.008,703.72,1.0,550.234,608.018,1.0,551.31,614.383,1.0,551.459,623.532,1.0,550.261,632.956,1.0,554.292,641.302,1.0
872,498.2,510.286,1.0,496.776,520.131,1.0,489.392,528.917,1.0,487.793,538.113,1.0,473.336,528.329,1.0,,,,,,,,,,,,,,,,587.627,260.737,1.0,591.916,266.294,1.0,599.345,276.827,1.0,599.684,280.585,1.0,606.795,291.705,1.0,358.089,728.189,1.0,355.379,725.379,1.0,343.15,718.92,1.0,340.696,714.856,1.0,337.025,703.72,1.0,554.278,608.668,1.0,551.909,617.305,1.0,547.863,625.7,1.0,549.45,632.956,1.0,555.532,641.302,1.0
873,498.686,508.382,1.0,496.776,518.66,1.0,491.257,528.917,1.0,488.386,536.228,1.0,474.293,529.913,1.0,,,,,,,,,,,,,,,,587.627,259.662,1.0,591.916,265.961,1.0,599.207,276.797,1.0,599.609,279.078,1.0,605.825,290.544,1.0,358.089,729.271,1.0,355.812,725.379,1.0,343.15,719.441,1.0,340.696,714.706,1.0,337.095,703.804,1.0,559.448,617.45,1.0,553.056,617.368,1.0,547.058,625.7,1.0,549.125,632.956,1.0,555.842,641.302,1.0
874,499.022,507.642,1.0,497.082,518.384,1.0,491.715,528.669,1.0,488.386,535.627,1.0,474.594,530.723,1.0,,,,,,,,,,,,,,,,587.627,258.851,1.0,591.916,265.378,1.0,599.061,276.717,1.0,599.538,278.864,1.0,605.787,290.335,1.0,357.035,730.406,1.0,355.812,725.379,1.0,343.15,719.537,1.0,341.148,714.546,1.0,337.152,703.849,1.0,562.367,621.371,1.0,559.322,617.701,1.0,547.058,625.7,1.0,549.125,632.883,1.0,555.969,641.227,1.0
875,499.102,507.606,1.0,497.328,518.176,1.0,491.738,528.669,1.0,488.386,535.58,1.0,474.613,531.39,1.0,,,,,,,,,,,,,,,,587.954,257.742,1.0,591.84,265.327,1.0,599.061,276.57,1.0,599.538,278.754,1.0,605.736,290.162,1.0,356.946,730.955,1.0,355.812,725.577,1.0,343.56,719.655,1.0,341.198,714.546,1.0,337.327,703.864,1.0,562.426,622.535,1.0,559.322,618.856,1.0,548.41,624.453,1.0,549.106,632.632,1.0,556.323,641.118,1.0
876,499.263,507.586,1.0,497.969,518.384,1.0,491.738,528.917,1.0,488.303,535.58,1.0,474.613,531.644,1.0,,,,,,,,,,,,,,,,587.954,257.742,1.0,591.84,265.122,1.0,599.061,276.565,1.0,599.008,278.347,1.0,605.471,290.02,1.0,356.717,732.437,1.0,348.39,728.07,1.0,344.123,719.9,1.0,341.198,714.546,1.0,337.327,703.864,1.0,564.796,627.958,1.0,559.322,619.385,1.0,547.387,621.674,1.0,548.786,632.255,1.0,557.093,641.104,1.0
877,499.263,507.256,1.0,497.969,518.157,1.0,491.715,528.655,1.0,488.303,535.327,1.0,474.65,531.85,1.0,,,,,,,,,,,,,,,,587.954,257.742,1.0,591.84,265.327,1.0,598.662,276.423,1.0,599.008,277.59,1.0,605.455,289.804,1.0,356.717,732.777,1.0,348.39,728.799,1.0,344.155,719.9,1.0,341.255,714.732,1.0,337.327,703.864,1.0,565.714,630.973,1.0,557.071,622.979,1.0,548.296,621.559,1.0,548.912,632.255,1.0,557.247,640.178,1.0
878,499.263,507.256,1.0,497.969,518.157,1.0,491.541,528.655,1.0,488.303,535.327,1.0,474.82,531.85,1.0,,,,,,,,,,,,,,,,583.651,257.742,1.0,591.715,265.122,1.0,598.631,275.045,1.0,599.003,277.59,1.0,605.236,289.599,1.0,356.946,733.117,1.0,348.39,728.984,1.0,344.257,719.917,1.0,341.298,714.786,1.0,337.327,703.701,1.0,568.259,631.747,1.0,557.071,624.668,1.0,548.41,621.554,1.0,549.019,632.255,1.0,557.543,639.595,1.0
879,499.15,506.723,1.0,496.885,517.476,1.0,491.541,527.653,1.0,489.159,535.208,1.0,475.044,531.85,1.0,,,,,,,,,,,,,,,,582.646,257.518,1.0,591.715,265.143,1.0,598.311,275.045,1.0,599.003,277.59,1.0,605.168,288.728,1.0,356.946,733.406,1.0,348.484,728.984,1.0,344.345,719.9,1.0,341.298,714.786,1.0,337.278,703.68,1.0,568.318,632.668,1.0,557.071,625.4,1.0,548.41,621.554,1.0,548.912,632.311,1.0,557.621,639.148,1.0
880,499.039,506.163,1.0,496.247,516.996,1.0,491.541,527.427,1.0,489.275,534.798,1.0,475.243,531.648,1.0,,,,,,,,,,,,,,,,580.624,256.193,1.0,590.984,265.122,1.0,593.814,275.045,1.0,599.047,277.59,1.0,605.064,288.207,1.0,357.105,733.56,1.0,348.816,728.984,1.0,344.39,719.838,1.0,341.255,714.786,1.0,337.268,703.68,1.0,571.163,635.457,1.0,557.886,627.574,1.0,548.43,621.559,1.0,548.786,632.827,1.0,557.543,638.548,1.0
881,498.818,506.149,1.0,496.247,516.754,1.0,492.426,527.188,1.0,489.894,534.691,1.0,475.285,531.648,1.0,,,,,,,,,,,,,,,,580.21,252.698,1.0,588.703,264.609,1.0,592.309,276.651,1.0,599.206,282.396,1.0,605.064,284.262,1.0,357.485,733.82,1.0,352.226,723.247,1.0,345.727,718.645,1.0,340.473,711.096,1.0,337.075,703.701,1.0,571.163,635.841,1.0,558.381,628.243,1.0,548.844,622.415,1.0,548.635,633.071,1.0,557.543,638.548,1.0
882,498.818,505.614,1.0,496.247,516.592,1.0,492.518,527.083,1.0,490.155,534.564,1.0,475.373,531.648,1.0,,,,,,,,,,,,,,,,580.189,251.976,1.0,588.369,264.193,1.0,591.95,276.651,1.0,599.047,282.396,1.0,605.168,283.365,1.0,357.882,733.949,1.0,352.544,723.247,1.0,345.783,718.645,1.0,340.473,711.096,1.0,337.075,703.701,1.0,571.163,637.358,1.0,559.166,629.776,1.0,549.053,623.487,1.0,548.635,633.397,1.0,556.904,638.548,1.0
883,498.818,503.125,1.0,497.543,509.403,1.0,492.534,523.285,1.0,491.795,532.676,1.0,475.788,531.771,1.0,,,,,,,,,,,,,,,,580.21,251.813,1.0,588.236,264.377,1.0,591.922,276.651,1.0,599.047,282.396,1.0,605.287,283.248,1.0,357.922,734.158,1.0,352.727,723.247,1.0,346.209,718.645,1.0,340.473,711.096,1.0,337.043,703.769,1.0,570.976,639.274,1.0,561.897,629.776,1.0,549.466,624.655,1.0,548.635,633.462,1.0,555.884,638.831,1.0
884,498.828,501.675,1.0,497.612,508.804,1.0,492.592,522.872,1.0,491.795,532.599,1.0,475.832,531.966,1.0,,,,,,,,,,,,,,,,580.189,251.813,1.0,588.186,264.193,1.0,591.298,272.424,1.0,598.726,281.646,1.0,605.543,283.248,1.0,358.053,734.583,1.0,353.0,724.014,1.0,346.852,719.825,1.0,340.699,712.786,1.0,336.513,703.843,1.0,570.972,639.744,1.0,562.752,629.776,1.0,549.783,626.692,1.0,548.79,634.142,1.0,555.879,639.354,1.0
885,499.405,501.456,1.0,497.785,508.59,1.0,492.592,522.343,1.0,491.795,531.878,1.0,477.122,532.212,1.0,,,,,,,,,,,,,,,,580.189,251.813,1.0,587.638,264.16,1.0,590.668,271.678,1.0,598.373,281.646,1.0,605.543,283.096,1.0,358.723,734.759,1.0,353.571,724.041,1.0,347.259,721.252,1.0,341.103,714.447,1.0,336.513,706.593,1.0,570.972,639.744,1.0,565.28,627.24,1.0,550.12,628.189,1.0,548.814,634.142,1.0,555.79,639.354,1.0
886,499.635,500.618,1.0,497.804,508.069,1.0,492.592,522.136,1.0,491.753,530.853,1.0,478.457,532.733,1.0,,,,,,,,,,,,,,,,577.878,255.32,1.0,582.982,261.623,1.0,589.533,268.84,1.0,595.794,278.406,1.0,605.543,283.096,1.0,359.997,734.942,1.0,354.452,724.185,1.0,347.458,722.46,1.0,341.725,715.482,1.0,336.045,709.307,1.0,570.976,639.744,1.0,565.341,627.24,1.0,550.454,628.189,1.0,549.047,634.142,1.0,555.599,639.354,1.0
887,499.635,500.618,1.0,498.159,508.069,1.0,491.752,520.222,1.0,491.665,530.294,1.0,478.501,532.824,1.0,,,,,,,,,,,,,,,,573.886,256.025,1.0,578.969,259.174,1.0,589.433,266.632,1.0,592.696,270.978,1.0,602.728,282.12,1.0,360.121,735.283,1.0,354.452,724.321,1.0,347.674,722.589,1.0,341.725,715.612,1.0,336.045,709.545,1.0,571.908,638.769,1.0,567.289,627.24,1.0,552.39,628.701,1.0,549.09,632.592,1.0,555.599,638.03,1.0
888,499.635,500.4,1.0,498.226,507.828,1.0,491.752,520.217,1.0,491.076,528.75,1.0,478.798,532.892,1.0,,,,,,,,,,,,,,,,573.623,256.025,1.0,578.42,259.086,1.0,589.359,264.678,1.0,592.386,269.838,1.0,601.622,282.011,1.0,360.121,735.557,1.0,354.452,724.552,1.0,347.674,722.624,1.0,341.725,715.652,1.0,336.045,709.577,1.0,573.347,638.766,1.0,568.056,631.991,1.0,563.781,629.114,1.0,549.825,631.628,1.0,553.949,636.78,1.0
889,499.557,499.893,1.0,498.226,507.828,1.0,491.7,520.217,1.0,491.301,528.475,1.0,479.156,533.497,1.0,,,,,,,,,,,,,,,,573.587,255.32,1.0,578.283,258.752,1.0,589.295,264.155,1.0,592.386,269.838,1.0,601.419,281.576,1.0,360.479,735.557,1.0,354.258,724.559,1.0,347.768,722.865,1.0,341.725,715.849,1.0,335.726,709.828,1.0,573.555,638.653,1.0,568.834,631.991,1.0,564.894,629.348,1.0,550.716,631.231,1.0,549.371,636.78,1.0
890,498.621,499.481,1.0,498.159,508.02,1.0,491.7,520.222,1.0,491.301,527.98,1.0,479.156,533.497,1.0,,,,,,,,,,,,,,,,573.132,254.922,1.0,578.086,257.621,1.0,589.295,263.95,1.0,592.696,269.838,1.0,601.162,281.368,1.0,360.479,736.758,1.0,354.258,725.039,1.0,347.777,722.98,1.0,341.725,716.113,1.0,335.694,709.845,1.0,573.955,638.766,1.0,569.964,632.101,1.0,565.866,629.699,1.0,551.717,631.231,1.0,549.371,636.78,1.0
891,498.621,499.396,1.0,498.032,508.02,1.0,491.488,520.303,1.0,491.301,527.98,1.0,479.156,533.497,1.0,,,,,,,,,,,,,,,,573.023,254.687,1.0,577.744,257.033,1.0,588.91,263.95,1.0,592.696,269.758,1.0,601.126,280.071,1.0,360.479,736.883,1.0,354.258,725.469,1.0,347.959,723.392,1.0,341.87,716.343,1.0,335.669,710.068,1.0,574.211,638.653,1.0,570.468,632.453,1.0,565.866,629.991,1.0,552.186,631.231,1.0,549.178,637.963,1.0
892,498.594,499.323,1.0,497.843,507.928,1.0,491.097,520.303,1.0,491.164,527.98,1.0,479.156,533.497,1.0,,,,,,,,,,,,,,,,572.787,254.226,1.0,576.743,255.996,1.0,588.198,262.19,1.0,591.863,268.894,1.0,600.949,279.163,1.0,360.759,737.848,1.0,354.44,727.478,1.0,347.985,724.329,1.0,342.292,717.06,1.0,335.62,711.122,1.0,574.317,638.653,1.0,570.634,632.453,1.0,565.957,631.073,1.0,552.964,631.231,1.0,549.187,637.963,1.0
893,498.564,499.323,1.0,497.621,507.928,1.0,490.728,520.303,1.0,491.164,527.98,1.0,479.156,533.497,1.0,,,,,,,,,,,,,,,,569.175,251.904,1.0,574.434,251.81,1.0,583.229,261.152,1.0,588.59,262.738,1.0,597.502,275.606,1.0,360.89,738.227,1.0,355.463,728.637,1.0,348.287,724.904,1.0,342.688,717.682,1.0,335.62,711.794,1.0,574.8,638.809,1.0,570.954,632.884,1.0,566.053,631.263,1.0,552.964,631.231,1.0,549.187,637.963,1.0
894,498.564,499.141,1.0,497.395,506.736,1.0,490.708,519.692,1.0,482.402,527.98,1.0,479.277,533.712,1.0,,,,,,,,,,,,,,,,568.992,247.126,1.0,574.434,251.341,1.0,582.478,259.869,1.0,585.233,259.767,1.0,592.222,272.098,1.0,361.085,738.258,1.0,356.157,728.717,1.0,348.406,725.528,1.0,343.289,717.874,1.0,335.62,712.232,1.0,581.638,639.873,1.0,572.918,634.781,1.0,566.258,632.281,1.0,553.296,631.253,1.0,549.187,637.639,1.0
895,497.958,498.737,1.0,496.881,506.508,1.0,490.269,519.14,1.0,482.402,525.401,1.0,479.277,533.712,1.0,,,,,,,,,,,,,,,,568.986,246.995,1.0,574.025,251.261,1.0,582.431,259.783,1.0,585.233,259.586,1.0,591.52,271.54,1.0,361.741,738.734,1.0,356.901,730.074,1.0,348.736,726.239,1.0,343.69,718.669,1.0,336.055,712.506,1.0,583.224,641.41,1.0,577.507,639.131,1.0,567.655,632.578,1.0,554.349,631.108,1.0,549.187,636.847,1.0
896,497.293,497.93,1.0,496.825,506.026,1.0,490.143,518.13,1.0,482.402,524.141,1.0,479.277,533.712,1.0,,,,,,,,,,,,,,,,568.973,246.687,1.0,574.025,251.101,1.0,581.904,259.354,1.0,585.127,259.326,1.0,591.282,271.234,1.0,361.893,738.734,1.0,356.998,730.155,1.0,348.781,726.388,1.0,343.69,718.702,1.0,336.133,712.645,1.0,584.035,643.656,1.0,577.507,640.256,1.0,567.655,633.805,1.0,555.389,630.125,1.0,549.519,635.335,1.0
897,496.356,493.498,1.0,492.319,502.543,1.0,490.143,517.869,1.0,482.912,522.484,1.0,477.846,533.214,1.0,,,,,,,,,,,,,,,,568.274,246.676,1.0,574.011,250.919,1.0,581.904,259.303,1.0,585.125,259.326,1.0,590.895,271.234,1.0,361.929,738.734,1.0,357.392,730.588,1.0,348.797,727.273,1.0,343.69,719.03,1.0,336.992,713.17,1.0,585.499,644.049,1.0,577.507,641.105,1.0,567.655,633.821,1.0,555.443,630.0,1.0,549.897,634.148,1.0
898,493.922,493.148,1.0,492.117,502.365,1.0,489.998,517.701,1.0,482.912,521.938,1.0,477.164,532.697,1.0,,,,,,,,,,,,,,,,566.98,245.786,1.0,573.868,250.764,1.0,580.757,258.587,1.0,584.446,258.915,1.0,590.646,271.044,1.0,361.929,738.697,1.0,357.392,730.588,1.0,348.781,727.273,1.0,340.539,719.03,1.0,336.992,713.17,1.0,585.499,644.049,1.0,572.809,641.105,1.0,567.229,633.821,1.0,555.443,629.81,1.0,549.897,633.03,1.0
899,492.665,489.715,1.0,491.922,501.375,1.0,489.722,517.308,1.0,482.912,521.628,1.0,476.998,532.267,1.0,,,,,,,,,,,,,,,,563.391,240.796,1.0,570.866,247.565,1.0,575.635,253.526,1.0,579.528,258.14,1.0,590.299,269.68,1.0,361.929,738.526,1.0,357.392,730.588,1.0,348.736,727.273,1.0,340.399,719.03,1.0,336.992,713.17,1.0,584.035,643.656,1.0,572.28,640.256,1.0,566.68,633.805,1.0,555.389,627.147,1.0,549.897,631.826,1.0
