scorer,DLC_dlcrnetms5_basler-larval-tracking-metforminMay6shuffle1_200000,DLC_dlcrnetms5_basler-larval-tracking-metforminMay6shuffle1_200000,DLC_dlcrnetms5_basler-larval-tracking-metforminMay6shuffle1_200000,DLC_dlcrnetms5_basler-larval-tracking-metforminMay6shuffle1_200000,DLC_dlcrnetms5_basler-larval-tracking-metforminMay6shuffle1_200000,DLC_dlcrnetms5_basler-larval-tracking-metforminMay6shuffle1_200000,DLC_dlcrnetms5_basler-larval-tracking-metforminMay6shuffle1_200000,DLC_dlcrnetms5_basler-larval-tracking-metforminMay6shuffle1_200000,DLC_dlcrnetms5_basler-larval-tracking-metforminMay6shuffle1_200000,DLC_dlcrnetms5_basler-larval-tracking-metforminMay6shuffle1_200000,DLC_dlcrnetms5_basler-larval-tracking-metforminMay6shuffle1_200000,DLC_dlcrnetms5_basler-larval-tracking-metforminMay6shuffle1_200000,DLC_dlcrnetms5_basler-larval-tracking-metforminMay6shuffle1_200000,DLC_dlcrnetms5_basler-larval-tracking-metforminMay6shuffle1_200000,DLC_dlcrnetms5_basler-larval-tracking-metforminMay6shuffle1_200000,DLC_dlcrnetms5_basler-larval-tracking-metforminMay6shuffle1_200000,DLC_dlcrnetms5_basler-larval-tracking-metforminMay6shuffle1_200000,DLC_dlcrnetms5_basler-larval-tracking-metforminMay6shuffle1_200000,DLC_dlcrnetms5_basler-larval-tracking-metforminMay6shuffle1_200000,DLC_dlcrnetms5_basler-larval-tracking-metforminMay6shuffle1_200000,DLC_dlcrnetms5_basler-larval-tracking-metforminMay6shuffle1_200000,DLC_dlcrnetms5_basler-larval-tracking-metforminMay6shuffle1_200000,DLC_dlcrnetms5_basler-larval-tracking-metforminMay6shuffle1_200000,DLC_dlcrnetms5_basler-larval-tracking-metforminMay6shuffle1_200000,DLC_dlcrnetms5_basler-larval-tracking-metforminMay6shuffle1_200000,DLC_dlcrnetms5_basler-larval-tracking-metforminMay6shuffle1_200000,DLC_dlcrnetms5_basler-larval-tracking-metforminMay6shuffle1_200000,DLC_dlcrnetms5_basler-larval-tracking-metforminMay6shuffle1_200000,DLC_dlcrnetms5_basler-larval-tracking-metforminMay6shuffle1_200000,DLC_dlcrnetms5_basler-larval-tracking-metforminMay6shuffle1_200000,DLC_dlcrnetms5_basler-larval-tracking-metforminMay6shuffle1_200000,DLC_dlcrnetms5_basler-larval-tracking-metforminMay6shuffle1_200000,DLC_dlcrnetms5_basler-larval-tracking-metforminMay6shuffle1_200000,DLC_dlcrnetms5_basler-larval-tracking-metforminMay6shuffle1_200000,DLC_dlcrnetms5_basler-larval-tracking-metforminMay6shuffle1_200000,DLC_dlcrnetms5_basler-larval-tracking-metforminMay6shuffle1_200000,DLC_dlcrnetms5_basler-larval-tracking-metforminMay6shuffle1_200000,DLC_dlcrnetms5_basler-larval-tracking-metforminMay6shuffle1_200000,DLC_dlcrnetms5_basler-larval-tracking-metforminMay6shuffle1_200000,DLC_dlcrnetms5_basler-larval-tracking-metforminMay6shuffle1_200000,DLC_dlcrnetms5_basler-larval-tracking-metforminMay6shuffle1_200000,DLC_dlcrnetms5_basler-larval-tracking-metforminMay6shuffle1_200000,DLC_dlcrnetms5_basler-larval-tracking-metforminMay6shuffle1_200000,DLC_dlcrnetms5_basler-larval-tracking-metforminMay6shuffle1_200000,DLC_dlcrnetms5_basler-larval-tracking-metforminMay6shuffle1_200000,DLC_dlcrnetms5_basler-larval-tracking-metforminMay6shuffle1_200000,DLC_dlcrnetms5_basler-larval-tracking-metforminMay6shuffle1_200000,DLC_dlcrnetms5_basler-larval-tracking-metforminMay6shuffle1_200000,DLC_dlcrnetms5_basler-larval-tracking-metforminMay6shuffle1_200000,DLC_dlcrnetms5_basler-larval-tracking-metforminMay6shuffle1_200000,DLC_dlcrnetms5_basler-larval-tracking-metforminMay6shuffle1_200000,DLC_dlcrnetms5_basler-larval-tracking-metforminMay6shuffle1_200000,DLC_dlcrnetms5_basler-larval-tracking-metforminMay6shuffle1_200000,DLC_dlcrnetms5_basler-larval-tracking-metforminMay6shuffle1_200000,DLC_dlcrnetms5_basler-larval-tracking-metforminMay6shuffle1_200000,DLC_dlcrnetms5_basler-larval-tracking-metforminMay6shuffle1_200000,DLC_dlcrnetms5_basler-larval-tracking-metforminMay6shuffle1_200000,DLC_dlcrnetms5_basler-larval-tracking-metforminMay6shuffle1_200000,DLC_dlcrnetms5_basler-larval-tracking-metforminMay6shuffle1_200000,DLC_dlcrnetms5_basler-larval-tracking-metforminMay6shuffle1_200000,DLC_dlcrnetms5_basler-larval-tracking-metforminMay6shuffle1_200000,DLC_dlcrnetms5_basler-larval-tracking-metforminMay6shuffle1_200000,DLC_dlcrnetms5_basler-larval-tracking-metforminMay6shuffle1_200000,DLC_dlcrnetms5_basler-larval-tracking-metforminMay6shuffle1_200000,DLC_dlcrnetms5_basler-larval-tracking-metforminMay6shuffle1_200000,DLC_dlcrnetms5_basler-larval-tracking-metforminMay6shuffle1_200000,DLC_dlcrnetms5_basler-larval-tracking-metforminMay6shuffle1_200000,DLC_dlcrnetms5_basler-larval-tracking-metforminMay6shuffle1_200000,DLC_dlcrnetms5_basler-larval-tracking-metforminMay6shuffle1_200000,DLC_dlcrnetms5_basler-larval-tracking-metforminMay6shuffle1_200000,DLC_dlcrnetms5_basler-larval-tracking-metforminMay6shuffle1_200000,DLC_dlcrnetms5_basler-larval-tracking-metforminMay6shuffle1_200000,DLC_dlcrnetms5_basler-larval-tracking-metforminMay6shuffle1_200000,DLC_dlcrnetms5_basler-larval-tracking-metforminMay6shuffle1_200000,DLC_dlcrnetms5_basler-larval-tracking-metforminMay6shuffle1_200000
individuals,larva1,larva1,larva1,larva1,larva1,larva1,larva1,larva1,larva1,larva1,larva1,larva1,larva1,larva1,larva1,larva2,larva2,larva2,larva2,larva2,larva2,larva2,larva2,larva2,larva2,larva2,larva2,larva2,larva2,larva2,larva3,larva3,larva3,larva3,larva3,larva3,larva3,larva3,larva3,larva3,larva3,larva3,larva3,larva3,larva3,larva4,larva4,larva4,larva4,larva4,larva4,larva4,larva4,larva4,larva4,larva4,larva4,larva4,larva4,larva4,larva5,larva5,larva5,larva5,larva5,larva5,larva5,larva5,larva5,larva5,larva5,larva5,larva5,larva5,larva5
bodyparts,mouth,mouth,mouth,midfront,midfront,midfront,mid,mid,mid,midrear,midrear,midrear,rear,rear,rear,mouth,mouth,mouth,midfront,midfront,midfront,mid,mid,mid,midrear,midrear,midrear,rear,rear,rear,mouth,mouth,mouth,midfront,midfront,midfront,mid,mid,mid,midrear,midrear,midrear,rear,rear,rear,mouth,mouth,mouth,midfront,midfront,midfront,mid,mid,mid,midrear,midrear,midrear,rear,rear,rear,mouth,mouth,mouth,midfront,midfront,midfront,mid,mid,mid,midrear,midrear,midrear,rear,rear,rear
coords,x,y,likelihood,x,y,likelihood,x,y,likelihood,x,y,likelihood,x,y,likelihood,x,y,likelihood,x,y,likelihood,x,y,likelihood,x,y,likelihood,x,y,likelihood,x,y,likelihood,x,y,likelihood,x,y,likelihood,x,y,likelihood,x,y,likelihood,x,y,likelihood,x,y,likelihood,x,y,likelihood,x,y,likelihood,x,y,likelihood,x,y,likelihood,x,y,likelihood,x,y,likelihood,x,y,likelihood,x,y,likelihood
0,636.78,449.741,1.0,646.067,443.17,1.0,650.756,453.635,1.0,641.089,463.772,1.0,636.507,462.704,1.0,633.834,393.426,1.0,637.712,398.15,1.0,639.744,404.812,1.0,639.308,410.702,1.0,651.993,423.577,1.0,743.6,527.696,1.0,742.06,516.12,1.0,734.221,510.331,1.0,728.278,504.202,1.0,727.679,492.609,1.0,618.969,512.256,1.0,626.696,507.712,1.0,638.845,508.086,1.0,644.541,509.486,1.0,654.022,509.711,1.0,761.038,429.129,1.0,755.15,421.95,1.0,745.398,436.547,1.0,735.116,434.122,1.0,729.594,434.851,1.0
1,636.78,449.741,1.0,646.067,443.17,1.0,650.756,453.635,1.0,641.089,463.772,1.0,636.507,462.704,1.0,633.834,393.426,1.0,637.712,398.15,1.0,639.744,404.812,1.0,639.308,410.702,1.0,651.993,423.577,1.0,743.6,527.696,1.0,742.06,516.12,1.0,734.221,510.331,1.0,728.278,504.202,1.0,727.679,492.609,1.0,618.969,512.256,1.0,626.696,507.712,1.0,638.845,508.086,1.0,644.541,509.486,1.0,654.022,509.711,1.0,761.038,429.129,1.0,755.15,421.95,1.0,745.398,436.547,1.0,735.116,434.122,1.0,729.594,434.851,1.0
2,636.78,449.741,1.0,646.067,443.17,1.0,650.756,453.635,1.0,641.089,463.772,1.0,636.507,462.704,1.0,633.834,393.426,1.0,637.712,398.15,1.0,639.744,404.812,1.0,639.308,410.702,1.0,651.993,423.577,1.0,743.6,527.696,1.0,742.06,516.12,1.0,734.221,510.331,1.0,728.278,504.202,1.0,727.679,492.609,1.0,618.969,512.256,1.0,626.696,507.712,1.0,638.845,508.086,1.0,644.541,509.486,1.0,654.022,509.711,1.0,761.038,429.129,1.0,755.15,421.95,1.0,745.398,436.547,1.0,735.116,434.122,1.0,729.594,434.851,1.0
3,635.295,449.741,1.0,645.535,443.17,1.0,649.881,453.272,1.0,641.659,463.772,1.0,637.207,462.704,1.0,633.701,393.426,1.0,637.275,398.057,1.0,638.597,404.812,1.0,639.723,410.434,1.0,651.993,423.424,1.0,745.159,527.82,1.0,742.06,517.332,1.0,735.212,513.423,1.0,733.548,504.202,1.0,727.679,494.553,1.0,619.088,512.256,1.0,626.696,507.785,1.0,637.513,503.526,1.0,644.541,509.841,1.0,653.878,509.906,1.0,763.338,428.701,1.0,756.537,421.802,1.0,746.523,435.339,1.0,736.459,433.647,1.0,731.009,435.095,1.0
4,634.86,449.741,1.0,644.757,443.193,1.0,649.843,453.083,1.0,641.659,463.508,1.0,637.603,462.704,1.0,633.566,393.426,1.0,637.191,398.038,1.0,638.597,404.472,1.0,646.766,408.578,1.0,651.83,423.271,1.0,747.52,529.352,1.0,741.436,523.206,1.0,736.125,516.316,1.0,733.799,504.72,1.0,727.919,498.348,1.0,619.088,512.499,1.0,627.334,508.373,1.0,637.414,503.526,1.0,644.541,510.0,1.0,653.729,510.628,1.0,766.757,427.916,1.0,758.862,421.505,1.0,747.762,433.077,1.0,739.866,433.403,1.0,733.793,435.476,1.0
5,634.378,449.783,1.0,643.891,443.303,1.0,649.141,452.942,1.0,641.659,462.821,1.0,637.879,462.1,1.0,632.964,393.001,1.0,636.778,397.522,1.0,637.176,404.111,1.0,646.766,408.374,1.0,651.762,422.87,1.0,747.857,529.693,1.0,741.088,523.874,1.0,736.125,516.316,1.0,733.799,504.836,1.0,728.364,498.348,1.0,619.088,512.551,1.0,627.334,508.373,1.0,637.097,503.526,1.0,644.495,510.273,1.0,653.689,510.628,1.0,766.862,427.21,1.0,759.552,421.481,1.0,748.35,431.618,1.0,741.964,433.256,1.0,734.929,435.733,1.0
6,634.004,449.783,1.0,643.625,443.74,1.0,649.141,452.746,1.0,641.659,461.984,1.0,638.187,461.717,1.0,631.276,391.724,1.0,635.912,396.535,1.0,636.163,403.057,1.0,646.766,407.942,1.0,650.989,422.043,1.0,747.889,530.119,1.0,740.754,524.303,1.0,736.125,516.385,1.0,733.548,505.007,1.0,728.445,498.925,1.0,618.967,512.689,1.0,627.334,508.373,1.0,637.097,504.223,1.0,644.495,510.273,1.0,653.588,510.628,1.0,767.863,427.21,1.0,759.676,421.236,1.0,749.765,430.508,1.0,743.951,432.05,1.0,736.627,436.143,1.0
7,632.802,450.67,1.0,643.107,444.323,1.0,649.141,450.607,1.0,641.659,460.915,1.0,638.302,461.288,1.0,628.243,384.688,1.0,633.287,391.75,1.0,635.7,399.815,1.0,643.43,407.942,1.0,649.705,413.581,1.0,747.95,530.151,1.0,740.96,524.87,1.0,735.987,516.59,1.0,733.541,505.14,1.0,729.395,499.09,1.0,618.068,513.297,1.0,626.118,507.994,1.0,635.534,504.766,1.0,644.429,510.0,1.0,653.395,509.359,1.0,768.28,427.594,1.0,760.188,420.406,1.0,750.958,430.196,1.0,745.351,431.99,1.0,737.973,436.249,1.0
8,632.73,451.062,1.0,642.363,444.795,1.0,648.735,450.605,1.0,641.666,460.656,1.0,639.929,461.288,1.0,626.312,381.622,1.0,631.086,391.075,1.0,633.099,399.557,1.0,640.051,407.942,1.0,648.431,413.581,1.0,747.889,530.761,1.0,740.96,524.903,1.0,735.987,516.974,1.0,733.508,505.483,1.0,729.531,499.09,1.0,617.15,514.223,1.0,625.626,507.991,1.0,634.285,506.08,1.0,642.492,505.075,1.0,653.14,507.777,1.0,768.168,427.677,1.0,760.216,420.297,1.0,751.628,427.673,1.0,745.809,431.99,1.0,738.073,436.25,1.0
9,632.198,451.28,1.0,642.363,445.003,1.0,649.54,450.536,1.0,641.782,460.656,1.0,639.991,461.717,1.0,622.677,380.086,1.0,628.144,390.433,1.0,632.554,398.568,1.0,637.202,409.147,1.0,647.185,413.581,1.0,747.889,530.904,1.0,740.96,525.252,1.0,735.987,517.165,1.0,733.508,505.781,1.0,729.543,499.09,1.0,616.199,514.223,1.0,625.149,507.783,1.0,633.961,506.124,1.0,641.34,504.144,1.0,652.304,507.4,1.0,768.168,427.594,1.0,760.188,420.283,1.0,751.819,427.609,1.0,745.848,432.05,1.0,738.119,436.315,1.0
10,631.373,451.883,1.0,641.234,446.215,1.0,649.836,450.357,1.0,642.328,460.49,1.0,640.592,461.756,1.0,621.069,379.102,1.0,627.475,390.099,1.0,632.292,398.452,1.0,636.283,409.191,1.0,644.864,416.709,1.0,748.153,530.999,1.0,743.992,525.465,1.0,736.055,517.165,1.0,733.541,507.547,1.0,730.276,500.526,1.0,615.968,514.223,1.0,624.949,507.675,1.0,633.108,507.141,1.0,639.48,504.101,1.0,652.304,507.4,1.0,768.168,427.594,1.0,760.216,420.066,1.0,751.821,427.459,1.0,745.852,432.428,1.0,738.39,436.249,1.0
11,630.631,451.883,1.0,640.589,446.215,1.0,649.836,450.017,1.0,642.328,460.455,1.0,639.991,461.756,1.0,620.986,379.012,1.0,627.417,390.099,1.0,632.279,398.452,1.0,636.057,409.191,1.0,644.768,416.709,1.0,748.309,531.394,1.0,745.806,526.896,1.0,736.572,517.577,1.0,733.86,510.769,1.0,732.673,503.654,1.0,613.436,509.788,1.0,622.514,507.783,1.0,630.494,507.615,1.0,637.121,504.144,1.0,651.738,507.152,1.0,768.168,427.458,1.0,760.216,420.066,1.0,751.836,427.448,1.0,746.084,432.428,1.0,738.808,436.249,1.0
12,630.617,451.883,1.0,640.536,446.215,1.0,648.16,449.248,1.0,642.328,460.29,1.0,639.929,461.756,1.0,620.789,378.702,1.0,627.376,389.962,1.0,632.026,398.369,1.0,635.967,409.147,1.0,644.497,416.709,1.0,749.982,538.619,1.0,747.276,528.133,1.0,739.724,519.659,1.0,734.744,514.561,1.0,733.208,504.533,1.0,612.062,509.788,1.0,621.607,507.991,1.0,629.427,508.036,1.0,635.529,504.101,1.0,650.995,507.152,1.0,768.168,427.31,1.0,760.527,420.283,1.0,752.003,427.229,1.0,746.084,432.428,1.0,739.056,436.077,1.0
13,,,,,,,,,,,,,,,,603.509,369.146,1.0,610.026,373.834,1.0,617.457,381.225,1.0,619.165,392.573,1.0,627.068,398.571,1.0,767.63,553.95,1.0,762.372,549.011,1.0,754.393,537.169,1.0,748.182,530.829,1.0,743.44,521.581,1.0,596.718,509.788,1.0,605.221,508.912,1.0,616.85,509.447,1.0,623.283,502.166,1.0,637.34,506.445,1.0,790.329,415.146,1.0,783.517,422.021,1.0,774.898,422.623,1.0,762.606,424.019,1.0,757.877,429.324,1.0
14,613.519,435.342,1.0,617.237,435.22,1.0,625.658,437.965,1.0,634.382,441.99,1.0,635.511,452.635,1.0,603.081,368.773,1.0,608.965,372.337,1.0,617.39,381.224,1.0,618.53,390.008,1.0,627.052,397.874,1.0,769.149,558.598,1.0,766.071,550.707,1.0,758.562,543.38,1.0,751.77,534.757,1.0,746.113,527.91,1.0,595.244,512.622,1.0,603.826,510.72,1.0,614.401,510.197,1.0,616.989,502.14,1.0,629.409,506.445,1.0,790.919,414.546,1.0,784.218,422.021,1.0,775.556,422.354,1.0,764.048,424.019,1.0,758.098,428.246,1.0
15,612.868,435.32,1.0,616.459,435.055,1.0,624.195,437.965,1.0,626.564,441.356,1.0,634.779,452.572,1.0,602.853,367.0,1.0,607.285,371.405,1.0,613.886,380.555,1.0,615.697,387.101,1.0,624.9,397.785,1.0,769.459,559.525,1.0,766.942,550.739,1.0,759.727,544.574,1.0,752.508,535.644,1.0,746.593,528.362,1.0,590.951,513.171,1.0,602.046,511.118,1.0,613.617,510.603,1.0,616.67,502.166,1.0,627.718,506.445,1.0,791.317,414.303,1.0,785.312,422.021,1.0,775.726,422.225,1.0,765.43,424.019,1.0,760.042,427.906,1.0
16,612.441,434.029,1.0,614.356,434.226,1.0,622.983,436.841,1.0,624.682,440.033,1.0,634.536,450.791,1.0,600.043,367.0,1.0,605.791,368.851,1.0,610.007,377.192,1.0,614.874,377.417,1.0,624.222,394.527,1.0,770.683,560.339,1.0,768.238,551.13,1.0,760.891,544.586,1.0,753.141,537.014,1.0,746.809,529.608,1.0,589.831,513.257,1.0,599.138,511.119,1.0,612.474,510.703,1.0,616.277,502.166,1.0,626.593,506.25,1.0,794.748,413.89,1.0,785.618,418.771,1.0,776.188,417.676,1.0,770.325,423.729,1.0,765.864,427.888,1.0
17,603.851,428.043,1.0,609.985,431.505,1.0,616.894,436.841,1.0,624.531,441.356,1.0,634.337,447.706,1.0,593.561,359.521,1.0,600.616,360.472,1.0,607.388,371.225,1.0,613.651,376.004,1.0,621.883,391.332,1.0,774.062,560.93,1.0,768.733,552.372,1.0,763.908,549.028,1.0,756.383,542.152,1.0,751.024,534.144,1.0,588.514,513.257,1.0,598.02,511.543,1.0,611.45,510.703,1.0,616.246,502.366,1.0,625.423,506.564,1.0,799.69,412.909,1.0,790.981,411.784,1.0,781.021,417.549,1.0,773.742,423.729,1.0,767.828,426.946,1.0
18,601.774,426.722,1.0,609.172,428.118,1.0,616.269,434.67,1.0,620.99,441.99,1.0,629.72,447.632,1.0,591.395,359.419,1.0,600.549,359.825,1.0,606.645,370.759,1.0,612.753,376.004,1.0,621.384,390.899,1.0,780.506,570.166,1.0,772.983,561.432,1.0,768.337,551.622,1.0,756.907,544.533,1.0,756.675,535.226,1.0,585.718,514.633,1.0,594.908,512.939,1.0,605.069,510.197,1.0,614.385,504.834,1.0,624.376,507.325,1.0,799.788,412.652,1.0,791.418,409.505,1.0,781.334,417.23,1.0,774.051,423.729,1.0,768.064,422.91,1.0
19,601.005,424.267,1.0,607.777,426.773,1.0,615.244,433.569,1.0,619.587,440.13,1.0,627.029,446.811,1.0,591.136,356.73,1.0,599.647,359.825,1.0,604.255,369.902,1.0,612.753,375.4,1.0,620.279,389.178,1.0,781.751,570.708,1.0,774.142,562.247,1.0,768.73,552.018,1.0,757.301,545.996,1.0,757.224,535.774,1.0,584.753,523.097,1.0,594.041,514.206,1.0,600.149,510.154,1.0,608.989,511.27,1.0,620.292,507.377,1.0,800.29,411.683,1.0,793.161,409.36,1.0,784.038,415.424,1.0,776.02,423.175,1.0,768.992,422.91,1.0
20,598.637,421.805,1.0,607.624,425.056,1.0,613.704,431.323,1.0,616.629,440.13,1.0,624.918,446.285,1.0,589.054,355.082,1.0,595.486,359.825,1.0,600.446,368.791,1.0,604.889,375.4,1.0,613.794,384.306,1.0,781.809,570.981,1.0,775.078,563.329,1.0,769.512,552.63,1.0,757.647,546.48,1.0,757.28,537.578,1.0,583.863,526.179,1.0,593.746,514.206,1.0,599.538,509.159,1.0,607.718,511.27,1.0,620.101,507.393,1.0,800.479,411.683,1.0,793.161,409.039,1.0,786.283,415.424,1.0,776.953,420.995,1.0,771.015,422.604,1.0
21,597.956,418.008,1.0,604.127,422.464,1.0,609.3,430.998,1.0,615.371,440.13,1.0,623.893,444.818,1.0,587.205,355.082,1.0,594.913,359.852,1.0,596.481,368.029,1.0,600.255,375.187,1.0,610.709,382.466,1.0,782.202,571.523,1.0,776.149,567.579,1.0,770.474,556.647,1.0,760.122,550.61,1.0,759.549,541.426,1.0,583.638,526.179,1.0,593.526,514.214,1.0,599.033,509.159,1.0,606.576,511.27,1.0,619.744,508.617,1.0,807.113,411.296,1.0,798.69,407.743,1.0,791.47,415.424,1.0,780.974,419.836,1.0,776.046,422.604,1.0
22,594.229,417.784,1.0,599.766,420.52,1.0,606.697,427.305,1.0,613.673,433.663,1.0,622.373,442.727,1.0,585.621,355.082,1.0,594.527,359.852,1.0,596.296,367.783,1.0,600.071,374.68,1.0,610.434,382.325,1.0,784.073,575.894,1.0,780.646,567.656,1.0,773.838,562.068,1.0,765.44,555.344,1.0,759.63,546.467,1.0,583.266,526.179,1.0,593.526,514.214,1.0,595.943,509.391,1.0,606.133,511.09,1.0,619.495,508.92,1.0,813.474,411.18,1.0,805.123,405.132,1.0,793.844,416.682,1.0,785.346,418.533,1.0,781.643,421.429,1.0
23,593.835,417.212,1.0,598.088,420.331,1.0,605.392,427.264,1.0,612.208,432.838,1.0,620.634,442.511,1.0,585.554,355.082,1.0,593.996,359.852,1.0,595.41,367.783,1.0,599.226,373.761,1.0,609.087,381.848,1.0,785.305,577.8,1.0,783.494,568.75,1.0,776.051,562.96,1.0,768.216,557.024,1.0,761.681,548.204,1.0,578.888,519.713,1.0,589.507,516.077,1.0,594.553,509.391,1.0,600.565,508.837,1.0,613.286,509.164,1.0,813.474,411.18,1.0,805.994,404.398,1.0,794.398,416.682,1.0,787.085,418.454,1.0,782.351,420.735,1.0
24,592.333,417.212,1.0,596.276,420.316,1.0,604.877,425.937,1.0,610.444,429.741,1.0,620.625,439.781,1.0,584.089,355.082,1.0,592.368,358.085,1.0,593.752,363.358,1.0,597.063,368.301,1.0,604.468,379.158,1.0,787.0,578.787,1.0,784.702,569.258,1.0,776.063,563.537,1.0,769.027,557.808,1.0,761.999,549.405,1.0,572.431,516.07,1.0,579.206,518.211,1.0,592.466,511.645,1.0,598.885,508.837,1.0,610.951,509.171,1.0,814.296,411.18,1.0,806.179,404.209,1.0,794.58,416.682,1.0,788.139,417.676,1.0,782.733,420.659,1.0
25,587.991,411.993,1.0,596.266,415.413,1.0,599.814,425.388,1.0,603.816,421.877,1.0,609.826,433.043,1.0,574.198,353.281,1.0,580.678,351.068,1.0,588.05,359.42,1.0,596.774,362.644,1.0,604.363,375.919,1.0,788.733,580.095,1.0,785.397,571.169,1.0,777.586,566.68,1.0,771.179,560.725,1.0,764.978,554.089,1.0,569.963,515.597,1.0,576.757,518.412,1.0,590.749,511.758,1.0,598.667,508.837,1.0,610.802,510.286,1.0,814.359,406.117,1.0,808.578,404.065,1.0,797.026,413.498,1.0,793.021,416.222,1.0,782.938,420.311,1.0
26,587.863,410.786,1.0,591.016,414.17,1.0,599.061,423.349,1.0,600.985,418.466,1.0,607.687,431.83,1.0,573.929,352.974,1.0,580.608,350.637,1.0,587.629,358.873,1.0,595.113,362.115,1.0,604.115,375.263,1.0,796.488,590.033,1.0,789.721,579.761,1.0,783.706,569.114,1.0,772.11,564.629,1.0,771.744,554.254,1.0,569.737,515.597,1.0,576.343,519.273,1.0,590.099,512.037,1.0,598.088,509.315,1.0,610.358,510.46,1.0,818.918,405.231,1.0,808.749,404.065,1.0,802.085,410.372,1.0,794.051,414.515,1.0,786.092,417.816,1.0
27,586.809,407.983,1.0,590.273,412.05,1.0,597.281,423.323,1.0,598.792,418.269,1.0,606.606,431.83,1.0,573.131,352.687,1.0,580.411,349.536,1.0,585.583,357.869,1.0,595.113,362.026,1.0,604.115,375.149,1.0,796.759,590.083,1.0,790.819,579.953,1.0,783.714,569.632,1.0,772.515,565.345,1.0,771.965,555.237,1.0,568.955,516.07,1.0,576.343,519.273,1.0,587.534,513.227,1.0,597.559,509.594,1.0,605.682,510.812,1.0,826.231,404.626,1.0,813.322,404.398,1.0,803.891,410.333,1.0,795.547,414.087,1.0,786.417,417.508,1.0
28,585.071,407.567,1.0,590.273,411.907,1.0,596.443,422.996,1.0,598.792,418.269,1.0,606.606,431.748,1.0,572.894,352.687,1.0,580.243,349.249,1.0,584.211,357.651,1.0,594.09,362.115,1.0,602.843,373.562,1.0,796.759,590.083,1.0,791.196,580.063,1.0,784.292,569.887,1.0,772.515,565.428,1.0,772.314,555.751,1.0,568.264,516.234,1.0,575.452,519.589,1.0,584.427,513.566,1.0,593.697,509.602,1.0,604.651,510.812,1.0,828.019,404.626,1.0,821.14,409.23,1.0,804.391,409.821,1.0,795.554,413.678,1.0,787.141,417.052,1.0
29,584.561,406.697,1.0,589.57,411.648,1.0,595.153,422.223,1.0,598.792,418.466,1.0,606.606,431.45,1.0,572.458,352.469,1.0,578.877,348.471,1.0,583.896,357.073,1.0,592.876,362.115,1.0,600.087,370.517,1.0,796.759,590.083,1.0,791.84,580.097,1.0,784.992,573.521,1.0,773.134,565.864,1.0,772.675,556.549,1.0,565.882,517.596,1.0,575.452,519.589,1.0,582.012,513.746,1.0,588.428,509.767,1.0,602.156,510.812,1.0,828.183,404.756,1.0,821.296,409.234,1.0,804.464,409.821,1.0,795.876,413.678,1.0,787.466,416.91,1.0
30,582.578,406.697,1.0,586.661,409.44,1.0,591.485,417.325,1.0,598.654,425.279,1.0,606.63,427.827,1.0,567.779,352.086,1.0,576.358,346.876,1.0,582.892,352.4,1.0,585.626,362.115,1.0,595.243,369.491,1.0,796.759,590.304,1.0,792.204,580.131,1.0,786.733,575.087,1.0,775.477,566.506,1.0,774.687,557.37,1.0,563.313,521.709,1.0,575.233,519.283,1.0,581.868,514.288,1.0,587.886,515.701,1.0,601.221,510.87,1.0,828.554,404.308,1.0,821.567,409.234,1.0,804.494,409.778,1.0,795.876,413.569,1.0,788.417,416.236,1.0
31,579.411,406.695,1.0,585.67,408.729,1.0,589.943,415.812,1.0,598.153,425.279,1.0,606.63,427.722,1.0,566.859,351.531,1.0,574.804,345.503,1.0,582.378,352.4,1.0,582.729,361.596,1.0,594.372,368.748,1.0,796.759,591.073,1.0,792.452,585.301,1.0,787.154,575.281,1.0,781.345,568.795,1.0,776.541,559.028,1.0,563.104,523.711,1.0,575.233,519.283,1.0,580.033,514.648,1.0,587.553,515.701,1.0,600.197,510.87,1.0,828.613,404.308,1.0,821.734,409.23,1.0,804.57,409.491,1.0,796.438,413.485,1.0,789.128,416.102,1.0
32,574.898,406.471,1.0,580.404,407.786,1.0,585.686,415.598,1.0,595.3,425.279,1.0,606.63,427.04,1.0,564.96,348.915,1.0,573.615,343.65,1.0,578.904,351.735,1.0,582.729,361.596,1.0,592.977,367.325,1.0,805.452,593.646,1.0,798.491,585.301,1.0,790.173,580.091,1.0,783.698,576.769,1.0,776.579,567.342,1.0,561.092,523.905,1.0,572.3,519.589,1.0,578.786,515.041,1.0,585.502,515.701,1.0,597.197,510.87,1.0,829.661,402.64,1.0,822.509,406.467,1.0,812.567,407.634,1.0,806.453,410.056,1.0,800.102,414.704,1.0
33,573.473,406.471,1.0,580.396,407.223,1.0,585.529,415.598,1.0,594.309,424.937,1.0,606.429,426.548,1.0,562.253,341.504,1.0,572.3,342.779,1.0,576.276,351.144,1.0,580.309,359.856,1.0,590.48,365.505,1.0,805.7,593.646,1.0,799.503,585.738,1.0,790.55,580.554,1.0,784.277,576.85,1.0,777.193,568.277,1.0,556.27,525.796,1.0,562.835,519.283,1.0,573.035,515.041,1.0,579.926,515.037,1.0,591.815,513.573,1.0,830.325,401.63,1.0,823.087,405.907,1.0,816.677,407.417,1.0,807.061,408.12,1.0,800.684,412.335,1.0
34,572.704,402.929,1.0,580.396,407.081,1.0,585.436,415.11,1.0,593.55,423.981,1.0,606.315,426.509,1.0,560.185,338.334,1.0,567.608,342.779,1.0,573.853,349.234,1.0,578.311,357.543,1.0,590.374,361.784,1.0,806.729,593.646,1.0,800.485,586.706,1.0,790.727,580.822,1.0,785.011,578.075,1.0,777.569,568.28,1.0,555.591,527.818,1.0,561.232,519.524,1.0,570.889,515.73,1.0,579.546,515.037,1.0,587.975,513.573,1.0,830.943,401.63,1.0,824.044,405.645,1.0,817.909,407.401,1.0,807.081,408.12,1.0,802.205,411.54,1.0
35,572.087,400.051,1.0,580.396,402.933,1.0,584.906,410.863,1.0,592.816,420.844,1.0,601.124,425.4,1.0,555.472,337.447,1.0,564.306,342.199,1.0,569.607,349.234,1.0,575.621,351.325,1.0,587.896,359.738,1.0,814.276,593.646,1.0,804.34,589.994,1.0,798.694,583.154,1.0,791.774,581.059,1.0,781.965,569.469,1.0,554.527,528.785,1.0,559.199,520.477,1.0,567.623,516.085,1.0,577.054,515.037,1.0,587.301,514.617,1.0,831.534,401.402,1.0,824.638,405.01,1.0,819.097,406.512,1.0,808.373,408.12,1.0,804.164,411.48,1.0
36,570.619,399.279,1.0,578.345,402.646,1.0,581.86,410.07,1.0,585.551,411.54,1.0,593.692,422.575,1.0,551.621,337.447,1.0,559.452,342.199,1.0,568.198,347.748,1.0,570.561,347.415,1.0,579.753,355.46,1.0,814.702,593.646,1.0,809.066,592.692,1.0,800.233,583.589,1.0,793.77,581.81,1.0,785.413,573.335,1.0,550.685,528.785,1.0,559.013,522.257,1.0,566.88,517.638,1.0,572.066,519.611,1.0,584.355,514.665,1.0,843.678,401.276,1.0,837.364,395.982,1.0,822.153,398.295,1.0,816.019,408.948,1.0,812.36,411.009,1.0
37,569.075,398.473,1.0,575.879,400.828,1.0,579.345,408.028,1.0,583.615,409.706,1.0,593.657,420.825,1.0,542.861,337.447,1.0,549.211,339.204,1.0,559.61,342.809,1.0,565.726,343.068,1.0,577.095,355.433,1.0,819.897,597.416,1.0,813.994,595.27,1.0,803.383,588.769,1.0,795.099,581.931,1.0,789.307,574.099,1.0,541.565,528.785,1.0,548.415,523.019,1.0,559.262,519.781,1.0,567.361,519.857,1.0,577.483,514.665,1.0,844.369,401.276,1.0,838.159,394.409,1.0,823.829,398.295,1.0,819.131,408.948,1.0,812.995,410.933,1.0
38,568.203,397.082,1.0,572.835,398.464,1.0,577.807,405.964,1.0,582.7,406.921,1.0,592.799,420.53,1.0,542.134,338.27,1.0,548.703,337.332,1.0,557.988,341.501,1.0,564.983,343.068,1.0,573.559,354.494,1.0,825.853,604.698,1.0,814.256,598.895,1.0,806.542,588.769,1.0,797.127,582.531,1.0,790.572,577.056,1.0,541.086,528.747,1.0,547.9,523.019,1.0,558.762,520.889,1.0,567.118,519.857,1.0,576.919,515.359,1.0,845.024,401.276,1.0,838.843,394.267,1.0,825.246,398.295,1.0,820.367,408.948,1.0,815.007,410.552,1.0
39,567.687,385.081,1.0,570.253,393.711,1.0,575.694,401.579,1.0,582.502,404.651,1.0,590.238,419.479,1.0,541.503,338.27,1.0,547.699,336.97,1.0,557.17,340.949,1.0,564.835,343.068,1.0,572.204,353.53,1.0,825.889,605.192,1.0,814.314,598.895,1.0,807.811,591.536,1.0,801.819,583.36,1.0,792.828,578.432,1.0,540.909,528.529,1.0,547.777,523.061,1.0,558.499,521.312,1.0,567.021,519.857,1.0,575.913,516.235,1.0,847.591,398.913,1.0,840.303,391.787,1.0,829.698,399.865,1.0,825.541,405.655,1.0,816.01,408.489,1.0
40,567.618,384.583,1.0,570.205,393.121,1.0,575.197,400.786,1.0,581.314,404.651,1.0,587.889,418.728,1.0,541.374,338.27,1.0,545.866,336.943,1.0,554.376,340.939,1.0,563.2,343.398,1.0,571.866,352.351,1.0,825.915,605.241,1.0,814.661,599.795,1.0,808.958,594.295,1.0,802.209,583.36,1.0,792.986,582.208,1.0,538.686,528.47,1.0,547.701,523.331,1.0,556.036,523.152,1.0,562.705,518.967,1.0,571.729,517.124,1.0,853.708,398.913,1.0,844.786,391.787,1.0,838.528,399.865,1.0,826.185,405.112,1.0,818.293,407.127,1.0
41,566.012,384.583,1.0,569.248,393.12,1.0,574.111,400.496,1.0,580.972,404.651,1.0,587.889,413.047,1.0,535.738,335.672,1.0,541.995,332.461,1.0,551.242,338.159,1.0,555.259,347.421,1.0,564.659,351.173,1.0,827.839,606.003,1.0,821.099,600.079,1.0,812.199,594.295,1.0,803.344,587.841,1.0,793.981,583.141,1.0,536.275,525.148,1.0,543.947,523.767,1.0,550.757,523.564,1.0,557.659,518.36,1.0,570.196,517.319,1.0,854.537,398.913,1.0,845.564,391.507,1.0,838.717,400.157,1.0,826.504,403.447,1.0,819.17,405.944,1.0
42,561.572,384.583,1.0,566.002,390.838,1.0,569.717,399.789,1.0,575.19,405.644,1.0,587.817,412.821,1.0,535.622,335.672,1.0,541.33,332.461,1.0,551.186,338.115,1.0,552.714,347.421,1.0,564.653,351.173,1.0,829.404,607.74,1.0,823.553,600.444,1.0,817.819,597.922,1.0,804.072,590.95,1.0,801.9,583.213,1.0,535.269,525.148,1.0,542.955,524.103,1.0,550.289,524.061,1.0,557.106,517.707,1.0,570.057,517.707,1.0,855.049,398.913,1.0,846.305,391.407,1.0,839.419,400.157,1.0,826.544,403.063,1.0,820.087,405.944,1.0
43,558.518,384.454,1.0,563.59,387.74,1.0,569.264,396.739,1.0,574.154,405.644,1.0,578.98,411.081,1.0,534.72,335.545,1.0,540.681,332.461,1.0,549.415,337.792,1.0,552.583,347.421,1.0,563.828,350.541,1.0,829.852,609.593,1.0,824.696,602.297,1.0,818.096,599.317,1.0,805.608,591.293,1.0,803.972,584.261,1.0,535.117,525.148,1.0,542.672,524.625,1.0,549.5,524.203,1.0,554.615,517.707,1.0,569.616,517.707,1.0,857.98,398.913,1.0,848.076,391.407,1.0,839.87,398.674,1.0,827.551,401.77,1.0,824.531,404.102,1.0
44,556.912,384.454,1.0,561.244,386.174,1.0,568.723,395.314,1.0,573.637,405.644,1.0,578.98,410.308,1.0,534.01,335.672,1.0,540.123,332.461,1.0,548.029,337.923,1.0,551.03,346.778,1.0,562.157,350.541,1.0,830.629,609.77,1.0,824.876,603.118,1.0,818.305,599.549,1.0,806.331,591.493,1.0,803.983,584.449,1.0,533.087,529.853,1.0,540.428,526.405,1.0,548.831,524.554,1.0,552.339,517.707,1.0,565.482,520.829,1.0,860.531,386.058,1.0,857.387,388.575,1.0,845.56,397.496,1.0,838.434,400.537,1.0,830.335,403.471,1.0
45,555.737,384.965,1.0,561.244,385.63,1.0,568.247,394.945,1.0,573.637,403.964,1.0,578.65,410.163,1.0,523.371,336.375,1.0,534.769,331.918,1.0,541.331,337.448,1.0,550.786,342.673,1.0,561.258,350.541,1.0,830.738,614.586,1.0,826.638,604.456,1.0,819.602,601.176,1.0,807.626,593.501,1.0,805.474,587.034,1.0,531.742,537.76,1.0,534.219,526.734,1.0,540.839,526.282,1.0,551.949,518.405,1.0,561.539,522.385,1.0,861.626,385.534,1.0,857.387,388.012,1.0,846.494,397.496,1.0,838.724,400.031,1.0,830.335,403.391,1.0
46,553.861,384.454,1.0,560.504,384.31,1.0,566.844,392.652,1.0,572.09,402.978,1.0,577.801,409.938,1.0,523.341,337.019,1.0,532.175,331.017,1.0,539.163,337.432,1.0,549.304,341.375,1.0,559.14,347.162,1.0,836.642,621.895,1.0,830.329,611.667,1.0,825.036,604.679,1.0,812.565,599.748,1.0,805.601,589.543,1.0,526.673,539.188,1.0,530.695,527.295,1.0,539.317,526.514,1.0,551.783,518.93,1.0,556.776,522.385,1.0,862.237,385.355,1.0,858.276,388.012,1.0,846.599,396.701,1.0,839.904,399.67,1.0,832.492,403.312,1.0
47,553.148,382.945,1.0,559.293,383.336,1.0,563.042,392.652,1.0,565.8,394.813,1.0,577.801,406.175,1.0,521.822,337.068,1.0,530.621,331.017,1.0,539.095,337.448,1.0,547.014,340.861,1.0,558.685,346.423,1.0,838.535,622.419,1.0,831.186,612.481,1.0,825.266,606.047,1.0,817.09,600.895,1.0,806.414,590.779,1.0,526.224,540.261,1.0,529.565,527.447,1.0,538.572,526.514,1.0,551.186,519.35,1.0,556.457,522.45,1.0,862.584,384.941,1.0,859.029,388.012,1.0,849.562,395.962,1.0,840.761,398.21,1.0,832.762,402.159,1.0
48,553.148,381.164,1.0,558.195,381.387,1.0,562.379,392.18,1.0,564.22,391.578,1.0,578.012,405.83,1.0,521.147,337.974,1.0,530.514,330.569,1.0,536.938,337.574,1.0,546.091,340.03,1.0,556.577,345.459,1.0,839.654,622.627,1.0,832.751,612.497,1.0,825.506,606.491,1.0,817.799,604.317,1.0,809.324,592.233,1.0,525.756,540.918,1.0,529.565,529.522,1.0,537.295,526.514,1.0,544.839,521.395,1.0,555.989,522.559,1.0,873.391,382.72,1.0,859.851,389.999,1.0,852.229,393.78,1.0,844.358,397.44,1.0,835.773,401.012,1.0
49,553.148,375.153,1.0,558.123,381.07,1.0,561.578,390.947,1.0,564.22,391.127,1.0,576.478,405.754,1.0,521.051,337.068,1.0,529.645,329.715,1.0,536.878,337.448,1.0,544.054,338.933,1.0,556.325,344.32,1.0,841.032,622.671,1.0,832.751,615.134,1.0,829.572,607.011,1.0,820.709,604.759,1.0,812.35,595.973,1.0,522.418,541.372,1.0,529.565,534.282,1.0,533.861,524.802,1.0,541.612,521.395,1.0,555.781,522.45,1.0,873.624,382.72,1.0,861.492,389.999,1.0,854.437,393.391,1.0,845.231,396.309,1.0,840.184,400.881,1.0
50,553.148,374.034,1.0,557.628,379.61,1.0,561.069,390.947,1.0,564.156,391.127,1.0,576.478,404.647,1.0,517.806,337.019,1.0,524.771,328.908,1.0,532.517,336.494,1.0,538.711,338.5,1.0,553.536,341.613,1.0,849.183,625.928,1.0,838.411,615.188,1.0,831.665,612.58,1.0,824.338,604.776,1.0,815.488,600.563,1.0,519.17,545.85,1.0,529.186,534.74,1.0,533.692,524.802,1.0,537.678,522.223,1.0,551.746,522.45,1.0,875.222,382.72,1.0,861.838,389.999,1.0,856.295,392.951,1.0,848.574,393.013,1.0,841.554,400.83,1.0
51,551.265,369.695,1.0,554.036,376.388,1.0,558.563,385.588,1.0,563.435,391.127,1.0,576.478,402.569,1.0,509.281,336.133,1.0,520.898,328.792,1.0,529.626,336.494,1.0,533.923,336.938,1.0,544.426,339.836,1.0,849.183,625.952,1.0,839.205,615.614,1.0,832.001,612.738,1.0,824.655,604.776,1.0,815.757,600.773,1.0,519.052,545.85,1.0,527.778,535.295,1.0,533.088,524.802,1.0,537.552,522.223,1.0,551.498,523.141,1.0,875.364,383.158,1.0,861.838,388.71,1.0,856.841,392.168,1.0,849.615,393.013,1.0,842.287,400.83,1.0
52,550.304,366.146,1.0,553.769,373.696,1.0,555.536,384.56,1.0,559.226,389.952,1.0,570.925,396.083,1.0,509.21,336.022,1.0,520.437,328.135,1.0,529.518,336.452,1.0,533.923,336.784,1.0,543.714,339.765,1.0,849.426,626.186,1.0,840.073,615.815,1.0,833.134,613.078,1.0,824.953,605.858,1.0,816.791,601.222,1.0,517.805,545.85,1.0,527.778,535.99,1.0,531.539,524.827,1.0,537.373,522.223,1.0,551.483,523.228,1.0,875.364,383.158,1.0,862.889,388.302,1.0,857.572,389.663,1.0,851.876,391.961,1.0,843.373,399.302,1.0
53,547.429,365.549,1.0,552.28,372.711,1.0,555.2,382.853,1.0,558.435,389.791,1.0,570.406,395.926,1.0,509.124,336.022,1.0,519.687,328.135,1.0,529.466,336.224,1.0,533.712,335.376,1.0,543.44,339.765,1.0,849.564,629.862,1.0,844.286,622.925,1.0,837.395,613.639,1.0,826.464,608.653,1.0,821.745,601.65,1.0,515.473,543.731,1.0,527.507,536.069,1.0,530.577,528.633,1.0,536.239,523.886,1.0,547.778,524.273,1.0,878.082,383.158,1.0,869.54,387.421,1.0,859.279,389.079,1.0,854.665,391.711,1.0,847.795,398.414,1.0
54,546.732,365.98,1.0,551.408,372.56,1.0,555.2,381.891,1.0,558.435,389.791,1.0,569.315,395.778,1.0,507.211,336.133,1.0,517.372,328.068,1.0,524.354,335.181,1.0,531.229,335.376,1.0,539.207,339.765,1.0,850.95,639.616,1.0,846.337,625.593,1.0,840.938,620.767,1.0,831.684,617.95,1.0,823.464,603.847,1.0,508.247,543.731,1.0,514.899,536.069,1.0,525.314,531.502,1.0,533.18,526.528,1.0,545.985,524.568,1.0,878.611,379.322,1.0,871.008,386.048,1.0,866.745,389.055,1.0,855.645,389.646,1.0,850.222,393.702,1.0
55,546.547,365.256,1.0,550.843,371.194,1.0,554.576,381.161,1.0,557.637,389.588,1.0,568.666,395.542,1.0,504.711,337.02,1.0,514.957,327.798,1.0,519.342,334.63,1.0,529.377,335.376,1.0,539.207,339.765,1.0,851.333,639.616,1.0,846.699,627.078,1.0,842.271,621.123,1.0,834.055,617.95,1.0,823.68,603.933,1.0,507.825,543.623,1.0,514.842,535.99,1.0,524.79,531.564,1.0,532.719,528.228,1.0,545.731,524.792,1.0,878.801,378.869,1.0,871.577,384.838,1.0,867.103,388.081,1.0,856.31,389.646,1.0,850.878,393.119,1.0
56,541.591,364.551,1.0,548.64,367.934,1.0,554.576,378.135,1.0,556.161,388.369,1.0,562.584,394.593,1.0,503.953,337.02,1.0,512.99,327.245,1.0,518.776,333.959,1.0,528.024,334.562,1.0,539.162,338.768,1.0,852.026,639.637,1.0,846.699,628.175,1.0,842.333,621.746,1.0,835.18,618.448,1.0,823.68,604.871,1.0,507.461,543.623,1.0,514.701,535.99,1.0,523.703,531.794,1.0,532.497,531.45,1.0,541.055,524.792,1.0,879.117,378.179,1.0,871.864,384.737,1.0,867.837,388.045,1.0,857.154,389.646,1.0,851.642,393.119,1.0
57,539.504,363.579,1.0,548.64,366.522,1.0,552.016,377.229,1.0,553.084,380.027,1.0,561.516,390.267,1.0,502.63,337.02,1.0,512.2,327.014,1.0,517.479,333.959,1.0,527.096,333.771,1.0,539.162,338.538,1.0,856.751,639.891,1.0,850.859,628.266,1.0,846.684,623.011,1.0,837.806,619.058,1.0,828.746,610.959,1.0,505.509,542.998,1.0,513.295,536.069,1.0,520.898,534.221,1.0,526.385,532.058,1.0,540.206,524.273,1.0,879.711,370.635,1.0,874.176,377.336,1.0,870.727,388.045,1.0,860.3,389.646,1.0,853.533,393.119,1.0
58,539.443,362.851,1.0,544.304,363.633,1.0,551.796,377.189,1.0,552.363,379.097,1.0,560.5,389.455,1.0,500.692,334.63,1.0,508.833,324.441,1.0,515.797,333.797,1.0,520.867,328.974,1.0,530.12,336.245,1.0,858.164,642.617,1.0,853.938,634.897,1.0,847.998,630.073,1.0,838.312,621.931,1.0,832.273,615.978,1.0,503.541,540.763,1.0,511.024,538.076,1.0,517.521,536.237,1.0,522.348,533.897,1.0,536.69,524.782,1.0,880.104,370.466,1.0,876.752,377.336,1.0,870.994,386.577,1.0,863.682,389.471,1.0,857.883,393.149,1.0
59,538.742,362.058,1.0,544.079,363.188,1.0,550.091,376.302,1.0,551.24,377.67,1.0,560.5,388.134,1.0,497.785,323.072,1.0,501.893,324.404,1.0,512.185,329.981,1.0,519.012,328.839,1.0,527.588,336.008,1.0,858.734,642.936,1.0,855.392,634.972,1.0,848.794,630.231,1.0,839.478,621.99,1.0,832.893,616.6,1.0,500.397,540.763,1.0,509.834,538.574,1.0,515.376,536.287,1.0,521.764,534.243,1.0,534.439,524.782,1.0,884.894,369.781,1.0,877.03,377.336,1.0,873.717,386.44,1.0,866.48,389.471,1.0,860.167,393.149,1.0
60,536.423,357.777,1.0,543.721,362.301,1.0,549.167,372.27,1.0,551.24,374.249,1.0,558.681,387.798,1.0,497.756,323.072,1.0,500.965,324.404,1.0,512.054,329.981,1.0,518.369,328.839,1.0,527.566,335.688,1.0,859.458,643.077,1.0,855.459,635.965,1.0,848.911,631.102,1.0,839.497,622.883,1.0,833.657,616.84,1.0,500.253,540.763,1.0,509.653,539.375,1.0,514.998,536.546,1.0,520.931,534.48,1.0,533.992,524.782,1.0,885.407,369.03,1.0,878.399,377.336,1.0,874.046,385.92,1.0,866.693,388.981,1.0,861.503,393.149,1.0
61,533.029,354.253,1.0,540.828,359.622,1.0,543.856,371.669,1.0,550.936,374.249,1.0,557.606,385.795,1.0,497.743,323.072,1.0,500.602,324.441,1.0,511.793,329.981,1.0,518.292,328.974,1.0,527.399,336.008,1.0,862.917,651.535,1.0,857.903,643.423,1.0,850.325,631.821,1.0,841.178,624.632,1.0,837.913,617.364,1.0,498.06,541.659,1.0,508.474,541.363,1.0,514.078,537.328,1.0,519.252,535.125,1.0,531.113,527.809,1.0,885.663,369.03,1.0,881.451,377.336,1.0,874.647,384.698,1.0,868.072,387.438,1.0,861.619,391.954,1.0
62,530.624,352.838,1.0,539.533,359.41,1.0,541.919,371.496,1.0,550.343,374.249,1.0,557.308,382.274,1.0,490.778,334.738,1.0,500.421,324.707,1.0,507.903,329.813,1.0,515.081,332.583,1.0,524.767,335.688,1.0,865.216,656.974,1.0,861.437,647.214,1.0,854.007,634.805,1.0,844.022,629.329,1.0,839.391,619.792,1.0,494.638,547.285,1.0,500.138,543.426,1.0,508.348,541.725,1.0,514.992,535.314,1.0,525.691,531.553,1.0,890.079,366.27,1.0,881.451,373.076,1.0,876.447,380.674,1.0,870.064,383.881,1.0,863.763,390.46,1.0
63,530.203,352.145,1.0,538.635,357.529,1.0,541.452,368.154,1.0,547.918,372.156,1.0,557.308,380.997,1.0,488.733,334.96,1.0,497.59,324.901,1.0,505.764,329.813,1.0,511.458,332.583,1.0,523.538,335.18,1.0,865.381,656.974,1.0,862.414,647.277,1.0,854.719,635.809,1.0,844.662,630.22,1.0,839.98,620.796,1.0,494.571,556.67,1.0,497.905,544.759,1.0,506.493,542.546,1.0,513.776,536.275,1.0,524.82,531.902,1.0,894.786,366.185,1.0,884.542,371.172,1.0,876.447,376.603,1.0,870.064,381.689,1.0,864.483,390.416,1.0
64,528.795,352.141,1.0,537.859,357.297,1.0,539.615,368.154,1.0,546.862,372.156,1.0,557.263,380.8,1.0,486.144,338.229,1.0,494.364,324.901,1.0,501.925,329.813,1.0,509.68,332.583,1.0,522.14,335.18,1.0,865.788,657.049,1.0,863.55,647.376,1.0,855.981,638.398,1.0,848.926,635.007,1.0,841.829,621.311,1.0,494.02,556.67,1.0,497.144,545.057,1.0,506.186,542.654,1.0,512.562,536.977,1.0,524.696,532.279,1.0,895.186,365.037,1.0,884.999,370.572,1.0,877.727,375.709,1.0,870.577,380.783,1.0,864.58,389.635,1.0
65,524.562,352.141,1.0,535.553,355.919,1.0,538.492,365.499,1.0,543.887,372.452,1.0,555.357,379.469,1.0,486.087,338.229,1.0,494.364,325.266,1.0,501.203,329.813,1.0,508.881,331.42,1.0,521.621,335.18,1.0,871.262,657.069,1.0,864.605,648.026,1.0,860.364,642.108,1.0,852.011,635.773,1.0,844.044,627.814,1.0,493.16,556.67,1.0,495.569,545.981,1.0,505.543,542.727,1.0,511.881,537.116,1.0,524.623,532.279,1.0,895.934,365.037,1.0,885.551,369.692,1.0,878.34,375.375,1.0,870.577,380.27,1.0,864.58,388.689,1.0
66,524.562,352.141,1.0,535.553,355.356,1.0,537.626,365.499,1.0,542.71,372.452,1.0,555.287,379.152,1.0,486.087,338.229,1.0,494.364,326.687,1.0,501.185,329.813,1.0,506.93,326.539,1.0,521.195,335.18,1.0,871.876,660.312,1.0,867.481,651.085,1.0,862.136,645.335,1.0,854.526,637.403,1.0,845.836,630.339,1.0,489.094,546.242,1.0,495.569,546.923,1.0,505.334,542.754,1.0,510.81,536.977,1.0,523.737,532.343,1.0,895.934,362.551,1.0,887.022,367.251,1.0,882.699,372.534,1.0,871.614,378.796,1.0,865.479,386.834,1.0
67,524.562,352.141,1.0,535.553,355.356,1.0,537.626,365.499,1.0,542.71,372.452,1.0,555.287,379.075,1.0,486.087,322.499,1.0,496.504,325.691,1.0,500.606,329.651,1.0,506.769,326.357,1.0,517.874,334.914,1.0,872.104,660.489,1.0,867.906,651.216,1.0,862.136,645.376,1.0,854.526,637.886,1.0,846.229,631.076,1.0,487.459,544.355,1.0,495.569,546.923,1.0,504.995,543.328,1.0,509.991,536.977,1.0,522.993,532.372,1.0,902.883,361.331,1.0,892.837,361.684,1.0,887.008,370.413,1.0,875.843,378.443,1.0,869.397,382.363,1.0
68,524.963,351.751,1.0,535.742,355.356,1.0,537.603,365.297,1.0,542.667,372.452,1.0,555.338,378.935,1.0,487.596,319.647,1.0,496.602,325.691,1.0,498.382,329.605,1.0,505.064,325.898,1.0,517.176,334.914,1.0,872.342,660.513,1.0,869.321,651.705,1.0,862.47,646.524,1.0,854.526,638.813,1.0,846.443,632.472,1.0,487.459,541.402,1.0,497.662,546.923,1.0,504.95,544.449,1.0,508.768,536.853,1.0,522.28,533.039,1.0,903.694,360.666,1.0,894.184,361.124,1.0,887.921,370.028,1.0,875.862,378.443,1.0,873.322,381.903,1.0
69,535.502,351.709,1.0,537.236,356.028,1.0,537.603,365.297,1.0,542.286,372.452,1.0,555.338,378.893,1.0,488.311,318.715,1.0,496.602,325.691,1.0,498.114,329.923,1.0,504.295,325.898,1.0,516.802,334.673,1.0,873.984,669.182,1.0,871.461,656.599,1.0,862.591,647.655,1.0,854.45,640.567,1.0,848.437,632.472,1.0,487.636,541.402,1.0,497.662,546.864,1.0,504.735,546.0,1.0,508.416,533.895,1.0,521.576,533.142,1.0,904.091,359.837,1.0,894.385,360.52,1.0,888.332,370.028,1.0,876.774,375.941,1.0,874.237,380.916,1.0
70,538.709,351.346,1.0,537.236,356.028,1.0,538.053,365.297,1.0,540.665,369.43,1.0,555.287,378.893,1.0,490.124,317.484,1.0,496.602,324.539,1.0,497.086,328.96,1.0,504.095,325.898,1.0,516.155,334.56,1.0,874.04,670.398,1.0,872.473,658.352,1.0,864.484,649.934,1.0,854.45,642.925,1.0,853.584,633.517,1.0,487.636,541.273,1.0,497.662,546.71,1.0,504.31,546.0,1.0,508.29,533.895,1.0,521.15,533.718,1.0,904.383,359.837,1.0,894.754,360.52,1.0,888.422,369.38,1.0,879.284,374.66,1.0,875.356,380.725,1.0
71,541.57,349.353,1.0,537.525,356.028,1.0,538.275,364.231,1.0,540.617,368.224,1.0,554.303,378.935,1.0,490.124,315.206,1.0,495.94,322.841,1.0,497.033,327.57,1.0,502.239,325.898,1.0,512.556,334.407,1.0,874.445,670.398,1.0,872.473,661.434,1.0,864.987,650.017,1.0,854.45,643.051,1.0,854.162,633.517,1.0,487.459,541.273,1.0,497.614,546.095,1.0,504.31,546.0,1.0,507.94,533.895,1.0,520.945,533.91,1.0,904.383,354.269,1.0,899.177,360.52,1.0,890.452,368.932,1.0,882.319,374.66,1.0,875.887,380.725,1.0
72,543.784,343.35,1.0,537.236,353.094,1.0,539.329,360.413,1.0,539.862,365.734,1.0,551.395,380.678,1.0,490.045,311.335,1.0,493.176,322.074,1.0,495.885,326.088,1.0,502.081,326.116,1.0,509.554,333.41,1.0,874.481,670.398,1.0,872.473,662.369,1.0,865.051,650.889,1.0,854.715,643.202,1.0,854.691,633.517,1.0,486.068,540.87,1.0,495.458,545.704,1.0,503.06,545.811,1.0,507.511,533.908,1.0,519.91,534.539,1.0,904.383,349.375,1.0,900.631,361.198,1.0,893.383,367.392,1.0,887.013,369.662,1.0,876.506,380.725,1.0
73,543.784,343.177,1.0,536.519,349.226,1.0,539.337,360.413,1.0,539.472,365.732,1.0,551.219,381.015,1.0,489.887,310.689,1.0,491.294,321.691,1.0,495.296,325.913,1.0,501.163,327.868,1.0,509.476,333.333,1.0,876.437,669.837,1.0,872.473,662.455,1.0,865.127,651.003,1.0,855.345,643.778,1.0,854.746,634.288,1.0,482.402,540.87,1.0,493.472,545.54,1.0,500.976,537.39,1.0,507.511,533.916,1.0,519.412,535.058,1.0,904.292,349.375,1.0,900.705,361.686,1.0,893.67,367.066,1.0,887.897,369.534,1.0,877.277,380.279,1.0
74,543.868,342.936,1.0,535.8,349.177,1.0,539.537,359.951,1.0,539.472,365.732,1.0,551.05,381.02,1.0,489.887,310.399,1.0,490.978,320.514,1.0,495.296,325.725,1.0,501.466,327.868,1.0,509.377,330.085,1.0,879.451,663.738,1.0,874.34,662.917,1.0,865.127,651.222,1.0,856.755,644.245,1.0,854.937,634.319,1.0,481.392,540.87,1.0,492.914,545.352,1.0,500.318,537.28,1.0,507.511,533.98,1.0,518.277,535.089,1.0,904.292,349.375,1.0,901.415,361.706,1.0,893.852,366.939,1.0,888.103,369.503,1.0,877.277,380.328,1.0
75,543.868,342.553,1.0,535.8,348.804,1.0,539.537,359.951,1.0,539.472,365.734,1.0,550.942,381.015,1.0,488.917,309.578,1.0,490.978,316.873,1.0,494.51,324.66,1.0,501.466,327.868,1.0,509.086,329.958,1.0,885.026,663.738,1.0,877.826,664.695,1.0,866.931,652.73,1.0,856.958,645.26,1.0,855.188,635.065,1.0,477.501,541.894,1.0,491.137,544.692,1.0,499.089,537.28,1.0,508.035,534.323,1.0,517.746,535.419,1.0,904.292,349.429,1.0,902.342,361.736,1.0,894.231,366.874,1.0,888.103,369.049,1.0,877.277,380.328,1.0
76,543.868,342.201,1.0,535.666,348.444,1.0,539.773,359.895,1.0,546.174,372.217,1.0,550.53,381.015,1.0,488.544,309.325,1.0,490.581,315.527,1.0,494.311,323.636,1.0,500.556,327.325,1.0,508.702,329.912,1.0,885.281,663.622,1.0,878.135,665.366,1.0,868.126,654.029,1.0,857.699,646.475,1.0,855.874,636.841,1.0,476.821,541.949,1.0,490.597,544.692,1.0,498.564,537.28,1.0,508.035,534.473,1.0,517.487,535.644,1.0,904.442,349.766,1.0,902.736,361.736,1.0,894.567,366.823,1.0,888.36,369.022,1.0,877.917,380.279,1.0
77,543.997,340.375,1.0,535.8,347.842,1.0,540.064,358.969,1.0,546.233,372.217,1.0,550.208,380.798,1.0,488.047,308.067,1.0,490.581,314.952,1.0,493.635,323.008,1.0,500.446,327.325,1.0,508.702,329.912,1.0,885.411,663.738,1.0,878.476,665.712,1.0,869.073,654.893,1.0,858.738,646.475,1.0,855.874,637.997,1.0,475.806,541.969,1.0,489.559,544.692,1.0,497.499,537.454,1.0,508.035,534.585,1.0,516.128,535.87,1.0,905.564,352.515,1.0,903.752,361.736,1.0,895.397,364.679,1.0,888.865,368.381,1.0,880.293,377.395,1.0
78,543.997,340.179,1.0,535.655,347.757,1.0,540.064,358.969,1.0,546.233,372.217,1.0,550.168,380.503,1.0,485.745,303.854,1.0,488.994,312.915,1.0,492.793,320.316,1.0,499.288,327.325,1.0,508.952,329.872,1.0,890.002,664.097,1.0,882.034,665.793,1.0,869.359,655.972,1.0,860.056,647.185,1.0,856.142,639.124,1.0,475.578,542.36,1.0,486.552,544.914,1.0,496.672,537.454,1.0,508.034,534.606,1.0,515.822,536.163,1.0,907.492,352.515,1.0,904.824,361.244,1.0,895.445,362.8,1.0,889.18,368.067,1.0,882.23,373.909,1.0
79,543.997,338.88,1.0,535.72,347.732,1.0,540.064,358.415,1.0,546.233,372.06,1.0,550.168,380.503,1.0,482.287,302.975,1.0,488.994,312.261,1.0,492.152,318.244,1.0,498.981,331.007,1.0,508.802,329.958,1.0,890.071,666.164,1.0,883.12,666.255,1.0,869.427,656.493,1.0,863.327,647.454,1.0,856.142,640.032,1.0,475.578,542.35,1.0,486.552,544.914,1.0,496.596,537.454,1.0,507.957,534.714,1.0,515.822,536.721,1.0,913.356,352.515,1.0,905.336,356.449,1.0,897.523,358.337,1.0,890.944,364.978,1.0,884.883,372.389,1.0
80,542.898,337.357,1.0,535.72,347.757,1.0,540.064,358.3,1.0,546.355,371.833,1.0,550.168,380.503,1.0,480.54,300.221,1.0,487.275,312.261,1.0,489.678,316.964,1.0,496.752,331.007,1.0,508.802,329.991,1.0,890.071,666.322,1.0,883.23,666.434,1.0,869.609,656.493,1.0,863.343,647.7,1.0,856.137,640.693,1.0,475.578,542.36,1.0,486.552,544.914,1.0,496.596,537.438,1.0,507.955,534.714,1.0,515.822,536.985,1.0,918.716,351.157,1.0,909.75,353.671,1.0,903.355,358.01,1.0,891.597,364.978,1.0,888.346,370.88,1.0
81,542.347,337.357,1.0,535.939,347.757,1.0,540.155,357.978,1.0,546.675,371.821,1.0,550.898,380.503,1.0,478.785,300.081,1.0,484.938,312.261,1.0,487.843,316.29,1.0,494.355,331.007,1.0,508.802,330.152,1.0,890.002,666.378,1.0,883.23,666.584,1.0,869.79,656.493,1.0,863.468,647.7,1.0,856.137,641.21,1.0,475.714,542.53,1.0,486.951,544.996,1.0,496.596,537.438,1.0,507.84,534.714,1.0,515.822,536.985,1.0,918.903,348.572,1.0,910.805,353.317,1.0,904.293,357.926,1.0,891.912,364.866,1.0,889.321,370.658,1.0
82,541.502,337.357,1.0,536.313,348.086,1.0,540.245,357.978,1.0,546.675,371.733,1.0,551.085,380.503,1.0,478.715,300.017,1.0,484.706,312.759,1.0,487.591,315.789,1.0,494.355,331.007,1.0,508.403,330.047,1.0,890.071,666.752,1.0,883.23,666.584,1.0,869.824,656.018,1.0,863.477,647.725,1.0,856.142,641.738,1.0,476.592,542.883,1.0,489.944,545.148,1.0,497.613,537.438,1.0,507.507,534.673,1.0,515.822,536.985,1.0,919.079,348.217,1.0,911.787,353.218,1.0,904.757,357.851,1.0,892.077,364.65,1.0,889.547,370.598,1.0
83,537.946,337.994,1.0,536.463,349.336,1.0,540.504,357.978,1.0,546.675,371.733,1.0,551.085,380.315,1.0,478.715,299.801,1.0,484.655,313.215,1.0,486.941,315.789,1.0,494.084,330.535,1.0,507.603,330.047,1.0,890.071,666.752,1.0,883.23,666.434,1.0,871.11,656.018,1.0,864.571,647.78,1.0,857.647,642.242,1.0,478.772,543.602,1.0,490.968,545.156,1.0,500.707,544.65,1.0,506.798,534.416,1.0,515.469,536.954,1.0,919.792,348.217,1.0,911.987,351.949,1.0,904.757,357.061,1.0,892.096,364.068,1.0,889.74,370.658,1.0
84,535.59,339.995,1.0,536.833,349.336,1.0,540.932,358.01,1.0,546.63,371.733,1.0,551.085,379.723,1.0,478.785,299.885,1.0,484.269,313.474,1.0,486.774,315.789,1.0,493.659,330.359,1.0,506.978,330.047,1.0,890.671,666.752,1.0,883.58,660.88,1.0,873.029,656.018,1.0,865.432,650.139,1.0,859.312,643.49,1.0,482.051,545.841,1.0,491.979,545.651,1.0,501.202,544.86,1.0,506.31,534.293,1.0,515.078,536.954,1.0,919.792,348.217,1.0,912.388,351.947,1.0,904.817,357.021,1.0,892.191,363.762,1.0,889.855,370.658,1.0
85,533.558,343.673,1.0,537.047,349.336,1.0,541.027,358.989,1.0,546.519,372.122,1.0,549.319,378.418,1.0,478.885,299.885,1.0,484.236,313.683,1.0,486.774,315.984,1.0,493.485,330.254,1.0,506.789,329.484,1.0,894.627,665.625,1.0,887.14,660.88,1.0,876.653,659.021,1.0,867.823,653.003,1.0,860.343,647.988,1.0,483.905,548.837,1.0,492.886,546.416,1.0,501.202,544.86,1.0,506.093,534.293,1.0,514.962,536.954,1.0,922.128,348.086,1.0,913.849,351.688,1.0,904.817,356.764,1.0,892.718,363.672,1.0,890.396,370.826,1.0
86,532.109,346.634,1.0,537.047,350.412,1.0,541.027,359.339,1.0,546.519,372.122,1.0,549.319,378.418,1.0,478.885,299.885,1.0,484.236,313.683,1.0,486.696,316.196,1.0,493.231,329.911,1.0,506.756,329.484,1.0,895.39,665.625,1.0,888.862,660.88,1.0,878.349,660.453,1.0,870.022,653.003,1.0,861.465,649.647,1.0,486.21,551.808,1.0,493.781,546.578,1.0,501.202,544.86,1.0,505.397,534.293,1.0,514.962,537.067,1.0,922.411,348.086,1.0,914.572,350.874,1.0,904.817,355.901,1.0,895.595,357.196,1.0,890.743,370.826,1.0
87,532.109,346.634,1.0,537.047,351.154,1.0,540.932,359.339,1.0,546.519,372.122,1.0,549.319,378.418,1.0,478.885,299.885,1.0,484.236,313.683,1.0,486.696,316.196,1.0,493.231,329.911,1.0,506.756,329.432,1.0,895.39,665.625,1.0,888.862,660.88,1.0,878.349,660.453,1.0,870.022,653.289,1.0,861.465,649.647,1.0,486.21,551.808,1.0,493.781,546.578,1.0,501.202,544.86,1.0,505.397,534.293,1.0,514.962,537.067,1.0,922.411,348.086,1.0,914.572,350.874,1.0,904.817,355.901,1.0,895.595,357.196,1.0,890.743,370.826,1.0
88,521.824,372.017,1.0,530.425,365.734,1.0,534.847,365.933,1.0,543.544,367.31,1.0,553.362,378.687,1.0,476.15,300.559,1.0,482.606,310.819,1.0,485.809,316.196,1.0,489.61,324.189,1.0,499.206,326.144,1.0,910.416,684.482,1.0,902.737,675.881,1.0,893.83,668.279,1.0,887.362,662.752,1.0,876.656,658.904,1.0,491.916,551.808,1.0,499.047,546.578,1.0,501.202,544.579,1.0,505.397,534.293,1.0,516.492,537.583,1.0,922.411,337.79,1.0,921.092,344.174,1.0,915.036,346.98,1.0,905.704,351.198,1.0,903.197,359.833,1.0
89,521.494,372.919,1.0,530.425,367.372,1.0,534.632,366.202,1.0,543.342,367.059,1.0,553.362,378.723,1.0,474.025,302.503,1.0,481.885,308.68,1.0,483.465,315.928,1.0,489.301,322.681,1.0,499.129,326.095,1.0,910.416,684.887,1.0,903.372,677.104,1.0,893.865,668.279,1.0,887.466,663.046,1.0,876.68,659.298,1.0,491.916,551.808,1.0,500.656,546.578,1.0,502.991,544.579,1.0,505.549,534.293,1.0,516.949,537.626,1.0,922.411,335.296,1.0,922.131,342.067,1.0,915.116,346.144,1.0,908.889,350.558,1.0,903.644,359.797,1.0
90,520.121,375.08,1.0,529.968,367.486,1.0,534.632,366.34,1.0,543.165,365.465,1.0,553.362,378.723,1.0,474.025,303.152,1.0,481.665,308.68,1.0,483.465,315.928,1.0,489.301,322.681,1.0,499.129,326.095,1.0,910.483,685.538,1.0,904.643,677.104,1.0,894.769,668.389,1.0,888.411,664.586,1.0,878.156,659.751,1.0,492.104,549.742,1.0,500.656,546.047,1.0,503.379,544.579,1.0,505.549,534.401,1.0,517.187,537.806,1.0,923.702,330.291,1.0,923.487,338.247,1.0,917.783,343.369,1.0,909.041,350.054,1.0,904.818,356.681,1.0
91,520.022,375.08,1.0,529.757,367.372,1.0,534.541,366.34,1.0,542.934,365.137,1.0,552.956,378.687,1.0,474.025,303.152,1.0,481.339,308.68,1.0,483.465,315.928,1.0,489.61,322.681,1.0,499.129,326.095,1.0,910.623,685.744,1.0,904.643,677.104,1.0,894.935,668.878,1.0,890.196,665.691,1.0,880.082,661.212,1.0,491.916,544.065,1.0,499.047,546.017,1.0,503.379,545.657,1.0,505.549,534.121,1.0,517.187,538.118,1.0,923.702,328.415,1.0,923.584,337.195,1.0,918.025,342.243,1.0,909.548,349.444,1.0,906.391,356.244,1.0
92,520.022,375.08,1.0,529.757,367.214,1.0,534.45,366.202,1.0,542.619,364.605,1.0,552.956,378.723,1.0,471.978,308.346,1.0,480.618,311.776,1.0,489.013,318.371,1.0,492.558,326.375,1.0,502.149,328.522,1.0,914.452,689.194,1.0,909.108,676.341,1.0,900.844,673.829,1.0,890.622,667.755,1.0,880.094,663.462,1.0,491.916,541.187,1.0,498.499,544.539,1.0,503.379,548.023,1.0,504.528,534.121,1.0,518.2,538.845,1.0,923.702,324.805,1.0,924.045,330.954,1.0,918.025,339.806,1.0,915.898,343.908,1.0,909.51,355.407,1.0
93,520.121,374.386,1.0,529.947,367.214,1.0,534.45,366.34,1.0,542.619,364.605,1.0,552.956,378.67,1.0,471.978,316.452,1.0,480.618,312.145,1.0,489.013,318.371,1.0,492.744,326.375,1.0,502.193,328.665,1.0,914.793,689.194,1.0,909.387,676.275,1.0,901.458,674.157,1.0,890.718,667.871,1.0,880.33,663.668,1.0,492.104,534.697,1.0,497.667,539.916,1.0,502.257,548.023,1.0,504.207,534.401,1.0,518.2,539.604,1.0,924.271,323.932,1.0,924.045,330.874,1.0,918.159,339.806,1.0,916.299,343.593,1.0,910.78,354.832,1.0
94,521.129,373.041,1.0,529.947,367.14,1.0,534.729,366.928,1.0,541.794,364.605,1.0,552.986,377.935,1.0,472.401,317.126,1.0,480.452,312.145,1.0,489.013,318.371,1.0,492.744,326.375,1.0,502.193,328.665,1.0,915.141,689.194,1.0,909.56,675.871,1.0,901.458,674.31,1.0,891.567,667.871,1.0,880.699,663.837,1.0,492.589,530.489,1.0,497.667,537.825,1.0,500.315,548.023,1.0,504.207,535.161,1.0,518.2,539.715,1.0,924.835,323.932,1.0,924.045,330.394,1.0,918.025,339.718,1.0,916.971,343.522,1.0,911.377,354.433,1.0
95,522.019,370.592,1.0,530.495,366.597,1.0,534.729,366.928,1.0,542.463,366.959,1.0,553.614,377.935,1.0,471.9,323.232,1.0,479.469,311.776,1.0,486.149,316.889,1.0,492.744,325.561,1.0,502.193,328.522,1.0,916.853,687.62,1.0,910.525,674.6,1.0,901.458,674.457,1.0,891.736,667.871,1.0,880.851,664.894,1.0,492.589,530.354,1.0,498.499,536.342,1.0,499.765,545.884,1.0,504.207,536.529,1.0,517.789,540.771,1.0,929.396,323.932,1.0,924.818,330.394,1.0,918.159,339.669,1.0,916.971,343.522,1.0,911.41,354.477,1.0
96,522.222,365.987,1.0,531.759,362.858,1.0,535.965,367.211,1.0,542.619,369.14,1.0,553.755,377.935,1.0,471.9,323.232,1.0,479.469,311.619,1.0,484.956,316.156,1.0,492.551,325.374,1.0,502.126,327.962,1.0,918.711,676.639,1.0,910.968,674.508,1.0,900.503,674.912,1.0,891.88,667.339,1.0,880.851,664.894,1.0,492.589,529.178,1.0,498.591,535.534,1.0,498.593,544.408,1.0,503.995,538.007,1.0,517.459,540.771,1.0,929.396,326.571,1.0,927.378,329.982,1.0,922.722,339.636,1.0,916.971,343.522,1.0,911.558,354.477,1.0
97,526.381,364.288,1.0,533.124,359.457,1.0,537.592,367.667,1.0,542.592,373.043,1.0,553.791,377.188,1.0,471.9,323.232,1.0,479.469,311.356,1.0,484.421,314.699,1.0,492.196,324.591,1.0,501.167,327.962,1.0,919.784,674.333,1.0,912.16,674.117,1.0,900.503,675.176,1.0,891.974,666.835,1.0,881.158,664.894,1.0,492.499,525.767,1.0,498.591,534.312,1.0,498.537,543.292,1.0,503.984,538.395,1.0,516.7,540.771,1.0,929.396,330.689,1.0,927.378,328.953,1.0,922.722,339.636,1.0,916.956,343.522,1.0,911.935,354.477,1.0
98,533.422,353.708,1.0,535.878,359.117,1.0,537.592,367.667,1.0,542.463,373.043,1.0,554.411,376.88,1.0,466.845,316.179,1.0,477.451,311.356,1.0,483.537,314.699,1.0,492.196,323.77,1.0,499.168,327.962,1.0,920.767,674.232,1.0,912.268,674.117,1.0,900.503,675.176,1.0,892.161,666.835,1.0,881.158,664.894,1.0,491.537,525.472,1.0,498.591,532.142,1.0,496.585,539.182,1.0,503.883,539.569,1.0,514.19,536.963,1.0,933.594,334.795,1.0,927.741,328.953,1.0,921.995,338.547,1.0,916.687,342.879,1.0,911.935,354.527,1.0
99,537.592,353.386,1.0,535.919,358.096,1.0,537.592,367.667,1.0,542.463,373.043,1.0,554.161,376.079,1.0,465.801,315.624,1.0,476.815,311.619,1.0,483.537,314.699,1.0,492.216,323.77,1.0,499.168,328.641,1.0,921.009,674.006,1.0,912.472,674.117,1.0,900.803,675.176,1.0,892.252,666.835,1.0,881.552,664.939,1.0,491.136,524.548,1.0,498.331,531.422,1.0,496.531,538.771,1.0,503.737,539.656,1.0,513.439,536.753,1.0,933.594,337.176,1.0,927.672,331.21,1.0,921.995,338.547,1.0,914.66,343.657,1.0,912.054,354.797,1.0
100,546.993,353.28,1.0,540.841,357.676,1.0,536.417,367.377,1.0,540.663,372.974,1.0,554.786,375.343,1.0,465.801,315.624,1.0,476.815,311.619,1.0,483.537,315.493,1.0,492.216,323.77,1.0,499.168,329.184,1.0,922.138,674.006,1.0,912.472,684.329,1.0,901.048,674.599,1.0,892.252,666.867,1.0,882.848,665.246,1.0,491.097,524.389,1.0,497.99,531.192,1.0,496.1,538.253,1.0,503.411,539.912,1.0,513.343,536.671,1.0,925.617,337.176,1.0,927.741,328.526,1.0,921.995,338.022,1.0,914.343,343.719,1.0,912.138,354.797,1.0
101,550.392,352.315,1.0,541.801,357.676,1.0,536.417,366.141,1.0,538.261,371.865,1.0,554.934,374.828,1.0,465.801,316.179,1.0,476.815,311.562,1.0,483.854,315.716,1.0,492.203,323.817,1.0,499.679,329.347,1.0,923.201,674.006,1.0,912.752,684.329,1.0,901.066,673.467,1.0,892.252,667.044,1.0,884.565,665.246,1.0,489.679,524.389,1.0,497.881,531.01,1.0,496.051,538.219,1.0,503.737,539.912,1.0,513.343,536.671,1.0,925.617,336.74,1.0,927.672,328.526,1.0,921.392,338.022,1.0,913.951,343.719,1.0,912.054,354.906,1.0
102,552.115,352.315,1.0,543.56,357.706,1.0,536.417,365.685,1.0,538.261,371.865,1.0,554.786,374.533,1.0,470.99,316.179,1.0,478.271,311.562,1.0,484.469,316.432,1.0,492.203,325.61,1.0,500.63,330.283,1.0,923.201,674.269,1.0,912.752,684.329,1.0,901.212,673.068,1.0,892.188,667.451,1.0,884.565,665.246,1.0,488.391,524.389,1.0,496.893,530.102,1.0,496.1,537.453,1.0,503.832,539.912,1.0,513.245,536.671,1.0,927.323,336.74,1.0,927.672,332.276,1.0,921.078,338.022,1.0,913.769,344.454,1.0,912.05,354.906,1.0
103,554.623,350.851,1.0,546.928,357.706,1.0,537.342,365.524,1.0,538.261,372.974,1.0,554.622,374.374,1.0,471.737,315.624,1.0,481.547,311.562,1.0,487.915,320.493,1.0,492.043,327.523,1.0,500.902,332.095,1.0,923.201,682.393,1.0,912.752,679.073,1.0,901.212,672.959,1.0,892.021,667.753,1.0,884.565,665.207,1.0,485.979,525.353,1.0,492.62,526.112,1.0,496.1,537.453,1.0,503.808,538.991,1.0,512.877,536.671,1.0,924.028,336.045,1.0,926.442,334.599,1.0,921.078,339.611,1.0,913.24,344.454,1.0,912.05,354.906,1.0
104,554.623,347.097,1.0,546.928,357.706,1.0,539.253,364.123,1.0,543.48,373.015,1.0,554.622,373.919,1.0,480.561,307.199,1.0,482.749,311.562,1.0,489.41,321.959,1.0,492.014,327.523,1.0,500.902,332.533,1.0,915.486,687.839,1.0,912.204,679.073,1.0,902.893,672.595,1.0,892.021,668.041,1.0,884.565,664.446,1.0,485.382,525.353,1.0,492.212,525.759,1.0,495.866,537.453,1.0,503.832,537.985,1.0,512.625,536.848,1.0,922.545,336.045,1.0,922.792,334.529,1.0,921.392,339.611,1.0,913.24,344.454,1.0,912.05,354.865,1.0
105,556.414,347.097,1.0,548.03,357.706,1.0,540.411,362.613,1.0,543.48,373.015,1.0,554.62,373.919,1.0,490.119,306.318,1.0,483.177,311.562,1.0,489.41,321.959,1.0,491.031,327.523,1.0,500.902,333.09,1.0,905.454,688.558,1.0,909.008,679.073,1.0,904.161,672.595,1.0,892.188,668.479,1.0,884.565,664.446,1.0,485.376,525.353,1.0,492.212,525.245,1.0,495.866,534.932,1.0,503.832,537.686,1.0,512.506,536.848,1.0,922.01,331.722,1.0,921.536,334.529,1.0,921.392,339.611,1.0,913.769,344.137,1.0,912.05,354.865,1.0
106,556.487,346.591,1.0,548.579,357.035,1.0,541.25,362.24,1.0,543.48,373.015,1.0,554.6,373.919,1.0,490.17,306.318,1.0,485.66,311.329,1.0,489.41,321.959,1.0,490.534,327.243,1.0,500.379,333.09,1.0,905.454,688.79,1.0,907.862,680.23,1.0,904.161,672.595,1.0,892.506,669.314,1.0,885.157,664.446,1.0,484.905,525.304,1.0,491.759,524.803,1.0,495.188,534.932,1.0,503.808,537.403,1.0,512.367,536.848,1.0,914.571,331.637,1.0,920.869,334.529,1.0,923.323,339.065,1.0,914.214,343.206,1.0,912.604,354.603,1.0
107,558.103,344.781,1.0,549.081,356.861,1.0,541.25,361.838,1.0,543.467,372.764,1.0,554.378,374.076,1.0,490.842,306.318,1.0,486.367,311.465,1.0,489.41,321.669,1.0,490.534,327.116,1.0,500.379,333.09,1.0,905.454,691.317,1.0,907.4,682.691,1.0,904.427,673.809,1.0,892.506,670.078,1.0,886.168,664.242,1.0,484.493,524.16,1.0,491.29,523.839,1.0,495.09,532.879,1.0,503.353,536.47,1.0,511.792,537.128,1.0,903.091,331.502,1.0,915.558,333.551,1.0,924.345,336.382,1.0,914.252,341.795,1.0,912.925,354.603,1.0
108,560.631,345.228,1.0,552.522,356.304,1.0,541.25,360.327,1.0,543.467,370.186,1.0,554.079,381.188,1.0,490.842,306.318,1.0,486.546,311.352,1.0,488.689,320.757,1.0,489.73,327.116,1.0,500.379,332.307,1.0,905.797,691.926,1.0,907.4,682.745,1.0,904.427,673.83,1.0,892.558,670.348,1.0,886.233,665.806,1.0,479.754,518.117,1.0,490.254,520.92,1.0,495.04,530.515,1.0,498.997,535.472,1.0,508.786,536.905,1.0,903.091,331.722,1.0,915.558,333.51,1.0,924.345,336.28,1.0,914.583,341.77,1.0,912.976,354.603,1.0
109,560.631,346.591,1.0,552.522,356.304,1.0,541.954,360.327,1.0,543.231,370.186,1.0,553.648,382.359,1.0,492.865,305.291,1.0,487.581,311.352,1.0,488.411,320.464,1.0,489.536,326.929,1.0,500.501,331.731,1.0,906.389,700.406,1.0,907.862,684.7,1.0,904.861,674.664,1.0,892.558,671.767,1.0,887.461,665.92,1.0,479.754,516.138,1.0,488.181,518.996,1.0,493.864,530.254,1.0,498.178,535.264,1.0,508.769,536.905,1.0,903.091,331.722,1.0,914.161,333.51,1.0,924.345,335.756,1.0,914.588,341.77,1.0,913.06,354.606,1.0
110,560.631,346.591,1.0,552.522,356.304,1.0,543.366,360.327,1.0,543.231,370.186,1.0,552.624,383.008,1.0,497.76,305.291,1.0,491.119,311.352,1.0,487.544,318.831,1.0,489.536,326.722,1.0,500.501,331.717,1.0,908.037,703.333,1.0,909.058,693.225,1.0,905.991,680.649,1.0,897.873,674.164,1.0,888.475,665.937,1.0,479.754,516.138,1.0,488.181,518.996,1.0,493.864,530.254,1.0,498.178,535.264,1.0,508.769,537.108,1.0,902.602,339.499,1.0,913.739,333.551,1.0,924.308,335.627,1.0,914.632,341.795,1.0,913.06,354.977,1.0
111,557.857,345.228,1.0,550.532,356.597,1.0,541.181,360.474,1.0,543.231,368.836,1.0,553.648,383.008,1.0,499.653,305.291,1.0,491.771,311.352,1.0,487.544,317.763,1.0,489.57,326.722,1.0,500.501,331.717,1.0,908.438,703.366,1.0,909.554,693.859,1.0,907.806,681.403,1.0,899.868,674.378,1.0,888.653,666.581,1.0,480.246,516.138,1.0,488.181,518.996,1.0,493.864,530.254,1.0,498.178,535.264,1.0,508.786,537.164,1.0,902.243,339.499,1.0,912.189,334.365,1.0,923.695,335.627,1.0,916.324,342.573,1.0,912.925,354.977,1.0
112,557.8,349.042,1.0,550.183,357.017,1.0,541.181,360.695,1.0,543.065,369.806,1.0,554.079,383.008,1.0,502.905,305.291,1.0,496.532,310.976,1.0,487.129,317.125,1.0,489.31,326.089,1.0,499.126,331.455,1.0,908.438,703.366,1.0,909.554,693.859,1.0,908.48,681.491,1.0,901.46,674.64,1.0,890.231,667.121,1.0,494.25,516.607,1.0,492.051,521.665,1.0,493.864,533.554,1.0,499.353,535.284,1.0,509.586,537.108,1.0,902.243,339.499,1.0,912.189,334.823,1.0,920.943,335.627,1.0,916.924,342.761,1.0,912.49,354.977,1.0
113,557.525,352.129,1.0,547.311,357.017,1.0,541.597,361.677,1.0,539.489,369.848,1.0,554.337,374.944,1.0,503.735,305.069,1.0,496.532,310.957,1.0,487.129,317.038,1.0,489.27,325.52,1.0,499.001,331.455,1.0,908.5,703.585,1.0,909.554,693.995,1.0,908.48,681.935,1.0,901.502,675.225,1.0,890.295,667.255,1.0,499.01,524.249,1.0,495.707,523.975,1.0,493.864,533.554,1.0,499.646,535.284,1.0,511.047,537.108,1.0,902.154,339.065,1.0,911.706,334.823,1.0,919.452,335.627,1.0,917.033,342.761,1.0,912.49,353.928,1.0
114,557.52,352.775,1.0,546.613,357.017,1.0,541.597,362.5,1.0,539.489,369.806,1.0,554.379,374.944,1.0,504.293,305.069,1.0,496.532,308.813,1.0,487.129,314.256,1.0,487.745,323.674,1.0,495.74,330.057,1.0,908.605,703.596,1.0,910.244,694.64,1.0,908.588,683.187,1.0,903.312,677.062,1.0,890.808,668.201,1.0,505.532,524.985,1.0,496.853,524.629,1.0,493.686,533.554,1.0,500.749,535.284,1.0,511.908,536.679,1.0,901.563,337.245,1.0,910.585,334.823,1.0,918.494,335.627,1.0,917.033,342.972,1.0,912.49,353.928,1.0
115,557.52,354.844,1.0,546.613,356.8,1.0,541.597,362.5,1.0,539.489,369.598,1.0,554.379,374.227,1.0,504.712,303.947,1.0,495.901,304.818,1.0,486.927,313.307,1.0,486.299,319.783,1.0,493.712,328.505,1.0,908.863,704.057,1.0,910.244,697.224,1.0,909.059,686.764,1.0,904.93,680.787,1.0,893.047,670.952,1.0,507.08,524.985,1.0,498.044,523.975,1.0,493.686,533.197,1.0,500.749,535.178,1.0,512.477,536.617,1.0,895.036,333.092,1.0,902.037,331.157,1.0,908.075,334.069,1.0,916.924,342.972,1.0,910.84,353.733,1.0
116,557.525,354.981,1.0,546.613,356.787,1.0,541.829,362.5,1.0,539.497,369.603,1.0,554.379,374.311,1.0,505.056,303.21,1.0,495.901,304.762,1.0,485.405,311.841,1.0,485.915,319.037,1.0,493.245,327.911,1.0,909.36,705.512,1.0,910.244,698.745,1.0,910.42,689.273,1.0,905.428,680.787,1.0,893.667,671.598,1.0,508.378,524.985,1.0,498.59,523.07,1.0,493.686,532.562,1.0,500.749,534.891,1.0,512.477,536.415,1.0,894.173,331.394,1.0,901.501,330.984,1.0,906.582,332.428,1.0,912.829,347.946,1.0,910.794,353.598,1.0
117,558.033,355.003,1.0,546.756,356.536,1.0,542.101,362.312,1.0,539.958,369.603,1.0,554.379,374.944,1.0,505.056,303.007,1.0,495.901,303.249,1.0,485.405,311.734,1.0,485.604,318.633,1.0,492.922,327.911,1.0,909.377,705.73,1.0,910.32,698.745,1.0,910.453,689.378,1.0,905.812,680.787,1.0,895.006,671.598,1.0,510.51,523.341,1.0,500.999,523.07,1.0,494.402,530.39,1.0,498.686,534.406,1.0,512.477,536.415,1.0,894.173,331.379,1.0,900.921,330.931,1.0,906.408,332.238,1.0,911.913,347.946,1.0,910.118,353.598,1.0
118,558.033,354.981,1.0,546.756,356.536,1.0,542.432,362.312,1.0,540.758,369.603,1.0,555.42,374.981,1.0,505.615,302.732,1.0,498.323,298.397,1.0,485.405,311.734,1.0,485.604,318.633,1.0,492.922,327.911,1.0,909.377,705.801,1.0,910.666,698.883,1.0,910.931,689.566,1.0,905.812,680.65,1.0,895.006,671.602,1.0,511.509,522.787,1.0,501.609,522.798,1.0,494.482,529.58,1.0,498.071,534.406,1.0,511.955,536.617,1.0,893.939,331.138,1.0,900.352,330.688,1.0,906.331,331.897,1.0,911.549,347.946,1.0,910.118,352.166,1.0
119,558.033,354.844,1.0,546.756,356.536,1.0,542.587,362.312,1.0,541.221,370.049,1.0,556.186,375.568,1.0,505.615,302.601,1.0,498.323,298.298,1.0,485.431,311.72,1.0,485.604,318.379,1.0,493.245,327.911,1.0,909.489,705.801,1.0,911.039,698.883,1.0,911.537,689.602,1.0,905.428,680.65,1.0,895.439,671.602,1.0,512.437,522.192,1.0,502.599,522.499,1.0,494.94,528.676,1.0,497.771,534.406,1.0,510.71,536.797,1.0,893.939,325.581,1.0,900.352,330.178,1.0,905.715,331.897,1.0,911.402,347.731,1.0,909.578,351.684,1.0
120,554.498,354.926,1.0,544.548,356.993,1.0,542.688,365.801,1.0,542.987,372.28,1.0,556.201,378.396,1.0,505.615,302.601,1.0,498.323,298.092,1.0,485.887,311.635,1.0,485.938,318.08,1.0,494.026,327.023,1.0,909.734,706.794,1.0,911.333,699.602,1.0,911.589,691.708,1.0,902.907,680.65,1.0,896.132,673.506,1.0,513.125,520.071,1.0,502.705,520.559,1.0,495.947,528.391,1.0,496.802,534.187,1.0,508.949,537.091,1.0,893.88,325.522,1.0,900.065,329.697,1.0,905.224,331.897,1.0,910.459,346.876,1.0,910.118,350.642,1.0
121,550.543,354.926,1.0,542.636,360.835,1.0,542.972,367.411,1.0,550.556,373.589,1.0,557.79,384.846,1.0,505.615,287.965,1.0,498.323,294.324,1.0,488.458,310.654,1.0,486.096,316.332,1.0,494.207,326.808,1.0,911.06,718.771,1.0,913.795,708.414,1.0,911.589,697.383,1.0,902.907,683.235,1.0,897.676,679.627,1.0,513.675,519.723,1.0,503.506,520.559,1.0,496.855,527.61,1.0,496.508,533.781,1.0,508.661,538.099,1.0,892.971,323.281,1.0,897.944,326.27,1.0,904.97,336.175,1.0,909.162,345.085,1.0,910.269,347.477,1.0
122,542.211,354.926,1.0,542.5,362.264,1.0,546.296,371.591,1.0,550.556,373.604,1.0,558.545,385.657,1.0,505.615,286.53,1.0,498.323,293.66,1.0,489.322,309.398,1.0,486.244,315.326,1.0,494.244,326.771,1.0,911.419,718.771,1.0,913.795,708.426,1.0,911.683,697.632,1.0,902.03,683.956,1.0,898.141,680.593,1.0,517.001,512.237,1.0,507.495,520.526,1.0,502.102,527.42,1.0,492.892,533.577,1.0,501.279,538.099,1.0,891.068,322.541,1.0,897.722,326.044,1.0,904.582,337.968,1.0,909.14,342.88,1.0,911.686,347.477,1.0
123,536.698,358.934,1.0,542.407,363.353,1.0,549.051,371.591,1.0,550.556,373.589,1.0,558.545,385.657,1.0,506.71,284.226,1.0,499.735,292.62,1.0,492.321,307.208,1.0,486.702,312.411,1.0,497.619,326.07,1.0,911.609,718.771,1.0,913.795,708.866,1.0,911.683,697.784,1.0,902.03,686.201,1.0,898.244,682.103,1.0,518.536,511.979,1.0,514.191,520.435,1.0,502.159,526.972,1.0,492.892,532.737,1.0,500.07,538.099,1.0,891.068,322.541,1.0,897.722,326.044,1.0,904.582,338.236,1.0,908.813,342.494,1.0,911.686,347.459,1.0
124,535.577,369.859,1.0,542.407,363.518,1.0,549.051,371.591,1.0,549.642,373.589,1.0,558.527,385.704,1.0,506.71,284.226,1.0,500.254,291.94,1.0,492.35,307.173,1.0,487.214,311.755,1.0,498.004,325.143,1.0,913.707,718.691,1.0,911.814,709.072,1.0,911.602,698.002,1.0,902.907,686.241,1.0,898.403,682.103,1.0,518.536,511.658,1.0,514.191,519.112,1.0,502.503,526.659,1.0,492.892,532.651,1.0,499.998,537.172,1.0,891.068,323.281,1.0,897.944,326.044,1.0,905.167,338.236,1.0,908.813,342.494,1.0,911.782,347.459,1.0
125,534.705,370.753,1.0,541.891,363.745,1.0,549.051,368.896,1.0,549.642,373.58,1.0,558.283,385.657,1.0,506.71,284.226,1.0,500.317,291.94,1.0,492.885,306.874,1.0,487.369,311.755,1.0,498.004,324.717,1.0,913.707,718.38,1.0,910.668,709.107,1.0,911.602,698.002,1.0,903.887,686.241,1.0,898.483,682.103,1.0,518.536,511.658,1.0,514.191,519.112,1.0,503.429,525.708,1.0,495.149,530.894,1.0,499.533,537.172,1.0,891.296,323.725,1.0,897.972,326.064,1.0,905.167,337.968,1.0,908.594,342.395,1.0,911.803,347.079,1.0
126,534.168,371.023,1.0,541.154,363.9,1.0,548.187,367.448,1.0,549.642,373.377,1.0,558.283,385.454,1.0,506.133,284.226,1.0,501.203,291.94,1.0,494.509,305.755,1.0,488.499,311.755,1.0,497.619,323.654,1.0,913.707,717.495,1.0,910.668,709.072,1.0,911.602,697.945,1.0,903.439,686.241,1.0,898.483,681.964,1.0,518.258,506.841,1.0,514.008,515.264,1.0,505.487,522.43,1.0,498.803,527.162,1.0,497.388,537.007,1.0,892.972,323.725,1.0,898.286,327.142,1.0,905.167,336.034,1.0,908.594,342.494,1.0,911.782,346.534,1.0
127,533.175,371.023,1.0,539.858,363.9,1.0,547.442,366.748,1.0,549.848,373.193,1.0,558.086,385.378,1.0,506.033,284.157,1.0,503.024,292.421,1.0,496.251,302.495,1.0,493.635,311.1,1.0,495.036,317.8,1.0,913.707,716.769,1.0,910.668,709.072,1.0,911.066,697.784,1.0,903.439,685.263,1.0,898.244,681.422,1.0,518.258,505.768,1.0,512.87,512.152,1.0,506.566,520.902,1.0,502.902,527.162,1.0,495.566,536.169,1.0,894.262,323.725,1.0,898.286,327.142,1.0,905.167,335.468,1.0,910.253,344.048,1.0,911.628,346.534,0.9990000128746033
128,531.473,371.023,1.0,538.223,365.323,1.0,546.453,365.965,1.0,549.848,373.193,1.0,558.086,385.378,1.0,505.918,284.467,1.0,503.645,293.051,1.0,496.563,300.559,1.0,493.74,310.945,1.0,495.036,317.796,1.0,913.707,712.803,1.0,914.997,706.047,1.0,908.933,695.268,1.0,903.439,685.263,1.0,897.992,681.256,1.0,518.258,505.037,1.0,512.87,512.093,1.0,507.243,520.148,1.0,502.902,526.706,1.0,495.566,536.079,1.0,894.262,321.912,1.0,897.972,327.142,1.0,903.98,335.468,1.0,910.253,344.048,1.0,911.409,346.534,1.0
129,525.064,370.573,1.0,534.659,366.59,1.0,542.316,365.206,1.0,549.848,373.377,1.0,557.072,385.378,1.0,505.918,284.157,1.0,504.049,293.051,1.0,496.593,300.408,1.0,493.74,310.945,1.0,495.036,317.761,1.0,914.076,707.17,1.0,914.997,700.25,1.0,908.933,695.268,1.0,902.213,685.263,1.0,897.897,681.106,1.0,518.286,504.05,1.0,514.008,505.129,1.0,508.265,519.998,1.0,503.656,526.706,1.0,495.566,535.811,1.0,894.262,321.912,1.0,898.997,327.142,1.0,903.445,335.468,1.0,909.986,343.954,1.0,911.272,346.898,1.0
130,522.806,370.495,1.0,533.627,367.779,1.0,541.18,365.206,1.0,548.167,376.947,1.0,556.046,385.101,1.0,505.918,283.921,1.0,504.419,292.421,1.0,496.593,300.342,1.0,493.635,310.603,1.0,495.164,317.761,1.0,917.343,704.422,1.0,915.474,697.503,1.0,908.933,695.268,1.0,901.378,685.664,1.0,897.867,681.106,1.0,518.845,503.889,1.0,516.833,506.457,1.0,508.362,519.998,1.0,503.656,523.611,1.0,496.15,533.94,1.0,894.262,321.912,1.0,898.997,327.142,1.0,903.445,335.18,1.0,909.986,344.118,1.0,911.272,346.935,1.0
131,522.767,370.223,1.0,532.669,367.779,1.0,540.828,365.206,1.0,547.275,376.947,1.0,555.46,384.9,1.0,505.913,281.877,1.0,505.528,292.325,1.0,497.342,298.523,1.0,493.495,308.387,1.0,495.361,317.091,1.0,918.557,693.836,1.0,915.474,696.791,1.0,911.075,700.378,1.0,900.382,685.789,1.0,897.75,681.106,1.0,520.045,496.129,1.0,519.202,505.119,1.0,514.011,511.841,1.0,504.543,519.786,1.0,496.205,531.007,1.0,894.262,331.494,1.0,899.242,329.43,1.0,903.445,333.747,1.0,907.403,343.954,1.0,911.409,347.174,1.0
132,522.386,369.889,1.0,531.803,368.034,1.0,539.626,365.206,1.0,546.652,376.947,1.0,555.442,384.518,1.0,505.913,281.877,1.0,505.528,292.325,1.0,497.342,298.523,1.0,493.464,308.387,1.0,495.371,317.034,1.0,919.736,692.054,1.0,915.782,696.791,1.0,911.075,700.378,1.0,900.382,685.789,1.0,897.75,681.114,1.0,520.546,496.129,1.0,519.96,501.398,1.0,515.412,508.75,1.0,505.457,518.217,1.0,499.483,526.482,1.0,896.987,331.494,1.0,901.18,329.59,1.0,903.401,333.747,1.0,907.403,343.522,1.0,913.049,347.427,1.0
133,522.036,369.843,1.0,528.832,368.052,1.0,538.564,365.206,1.0,545.892,375.511,1.0,548.403,382.857,1.0,505.913,281.877,1.0,505.528,292.162,1.0,497.342,298.03,1.0,493.464,308.387,1.0,495.361,317.034,1.0,922.479,688.539,1.0,916.077,696.791,1.0,911.124,700.378,1.0,900.123,686.266,1.0,897.867,681.114,1.0,520.546,496.129,1.0,521.243,499.364,1.0,516.663,508.554,1.0,506.109,518.217,1.0,499.839,526.342,1.0,898.122,334.674,1.0,901.287,329.668,1.0,903.467,333.747,1.0,907.403,343.522,1.0,913.189,347.427,1.0
134,519.695,369.739,1.0,528.832,368.034,1.0,534.783,364.568,1.0,544.473,373.108,1.0,548.403,381.727,1.0,507.467,285.637,1.0,505.997,291.831,1.0,496.857,297.602,1.0,493.464,309.857,1.0,495.361,317.034,1.0,923.084,688.303,1.0,917.387,696.791,1.0,911.579,696.73,1.0,899.284,688.179,1.0,897.867,681.114,1.0,520.378,496.234,1.0,521.243,498.978,1.0,516.663,508.358,1.0,506.276,518.217,1.0,500.198,525.939,1.0,898.34,335.898,1.0,901.287,330.073,1.0,903.467,333.747,1.0,907.194,344.118,1.0,913.189,347.778,1.0
135,519.693,369.472,1.0,528.832,367.459,1.0,534.345,364.051,1.0,543.776,372.954,1.0,548.306,381.305,1.0,511.645,285.643,1.0,505.995,291.831,1.0,496.613,297.264,1.0,493.764,309.857,1.0,495.242,317.344,1.0,923.156,688.03,1.0,918.797,696.4,1.0,912.87,696.151,1.0,899.284,688.179,1.0,898.216,680.599,1.0,520.045,496.234,1.0,521.243,498.749,1.0,516.796,508.358,1.0,509.967,519.932,1.0,500.198,525.939,1.0,899.287,335.898,1.0,901.287,331.225,1.0,903.401,333.747,1.0,907.194,344.774,1.0,913.615,348.274,1.0
136,519.38,369.614,1.0,528.893,367.459,1.0,534.139,364.04,1.0,543.618,372.457,1.0,548.273,381.305,1.0,513.357,285.643,1.0,505.419,291.831,1.0,496.613,297.602,1.0,493.798,309.857,1.0,495.007,317.467,1.0,927.013,686.586,1.0,919.554,696.4,1.0,913.59,694.692,1.0,899.284,686.963,1.0,898.445,679.65,1.0,516.867,496.234,1.0,520.876,498.704,1.0,516.796,508.033,1.0,509.967,519.932,1.0,500.299,525.939,1.0,901.39,335.903,1.0,900.562,334.327,1.0,902.376,332.281,1.0,906.218,344.834,1.0,913.615,348.438,1.0
137,519.38,369.472,1.0,529.007,367.259,1.0,534.106,363.756,1.0,543.618,372.345,1.0,547.768,381.302,1.0,513.357,285.637,1.0,505.419,291.831,1.0,496.613,297.602,1.0,493.798,309.499,1.0,494.94,318.128,1.0,927.412,686.251,1.0,920.028,692.39,1.0,913.643,694.692,1.0,898.709,686.963,1.0,899.27,678.858,1.0,513.667,494.868,1.0,518.366,498.527,1.0,516.632,507.96,1.0,509.967,519.932,1.0,500.416,527.109,1.0,902.301,338.313,1.0,900.266,335.8,1.0,902.128,331.358,1.0,906.218,344.834,1.0,914.456,348.859,1.0
138,519.38,369.44,1.0,529.122,367.259,1.0,533.896,363.692,1.0,543.575,372.135,1.0,547.698,381.302,1.0,513.357,285.637,1.0,505.221,291.93,1.0,496.439,297.703,1.0,493.798,309.499,1.0,494.878,318.128,1.0,927.797,686.251,1.0,920.194,691.533,1.0,913.643,694.259,1.0,898.709,686.963,1.0,900.307,678.858,1.0,510.222,490.479,1.0,518.122,498.518,1.0,516.457,507.774,1.0,509.81,519.766,1.0,500.501,527.169,1.0,903.068,340.798,1.0,900.266,335.892,1.0,901.728,330.914,1.0,906.218,344.774,1.0,914.456,348.859,1.0
139,519.287,369.472,1.0,529.122,367.243,1.0,533.896,364.04,1.0,543.435,372.135,1.0,547.463,381.302,1.0,510.893,285.643,1.0,505.221,292.603,1.0,496.439,298.458,1.0,494.54,309.499,1.0,494.878,318.128,1.0,927.926,685.464,1.0,920.278,690.468,1.0,913.643,694.167,1.0,900.894,686.963,1.0,900.442,678.75,1.0,510.079,490.479,1.0,518.12,498.527,1.0,516.247,507.774,1.0,509.81,519.504,1.0,500.627,527.169,1.0,903.068,349.353,1.0,900.22,335.892,1.0,901.639,330.417,1.0,906.306,344.074,1.0,914.456,348.859,1.0
140,519.408,369.214,1.0,529.122,367.243,1.0,534.106,364.04,1.0,543.435,372.135,1.0,547.463,381.345,1.0,510.833,297.394,1.0,505.221,295.423,1.0,496.942,299.155,1.0,493.792,309.499,1.0,493.187,317.642,1.0,931.865,681.364,1.0,924.481,686.392,1.0,911.198,693.727,1.0,901.081,686.963,1.0,900.564,678.858,1.0,509.375,490.479,1.0,517.545,498.527,1.0,515.986,507.774,1.0,509.81,519.475,1.0,500.629,527.182,1.0,903.068,352.782,1.0,900.216,339.547,1.0,899.531,330.417,1.0,907.589,341.738,1.0,914.522,348.573,1.0
141,519.523,369.194,1.0,525.525,364.891,1.0,534.141,364.314,1.0,543.537,372.958,1.0,547.463,381.458,1.0,510.808,298.84,1.0,505.772,296.907,1.0,497.199,299.463,1.0,493.743,309.499,1.0,493.187,317.618,1.0,933.913,681.192,1.0,926.716,685.153,1.0,911.198,691.538,1.0,901.846,687.344,1.0,900.82,679.137,1.0,509.375,495.343,1.0,516.191,503.171,1.0,514.849,509.703,1.0,509.855,519.022,1.0,501.682,527.182,1.0,897.998,354.612,1.0,899.875,344.966,1.0,898.992,330.417,1.0,907.952,339.607,1.0,914.456,346.022,1.0
142,522.532,367.46,1.0,525.396,364.324,1.0,535.409,365.294,1.0,543.537,373.722,1.0,547.894,381.926,1.0,510.833,305.585,1.0,505.772,297.524,1.0,497.264,299.463,1.0,493.227,307.69,1.0,493.187,317.171,1.0,933.958,681.188,1.0,928.424,682.653,1.0,911.198,690.421,1.0,901.928,688.026,1.0,901.284,679.182,1.0,509.375,495.472,1.0,516.168,503.242,1.0,514.801,510.315,1.0,510.078,518.406,1.0,502.051,527.182,1.0,897.765,354.679,1.0,899.875,344.981,1.0,898.99,331.596,1.0,908.203,338.139,1.0,914.317,345.41,1.0
143,522.532,367.46,1.0,525.396,364.324,1.0,535.409,365.355,1.0,543.537,373.722,1.0,548.165,382.314,1.0,510.893,306.889,1.0,506.099,298.334,1.0,497.557,299.463,1.0,493.227,307.374,1.0,493.511,317.171,1.0,933.958,680.114,1.0,928.424,680.837,1.0,912.565,690.421,1.0,901.928,687.344,1.0,902.989,679.237,1.0,509.64,495.472,1.0,516.168,503.242,1.0,514.801,510.388,1.0,510.161,518.406,1.0,502.288,527.039,1.0,897.765,355.592,1.0,899.875,345.716,1.0,898.992,331.596,1.0,908.237,337.851,1.0,914.136,345.41,1.0
144,522.532,367.46,1.0,525.525,364.891,1.0,535.475,365.452,1.0,543.537,374.06,1.0,548.289,382.314,1.0,512.166,310.106,1.0,506.872,301.309,1.0,498.956,299.463,1.0,492.343,306.979,1.0,493.606,317.046,1.0,933.913,680.114,1.0,928.424,680.837,1.0,912.565,689.881,1.0,901.928,687.354,1.0,902.989,679.877,1.0,515.239,495.575,1.0,516.191,503.203,1.0,514.629,510.426,1.0,510.187,519.022,1.0,502.306,527.039,1.0,897.578,355.592,1.0,900.072,346.17,1.0,899.531,331.598,1.0,908.291,337.85,1.0,914.136,345.41,1.0
145,522.542,368.686,1.0,525.691,365.654,1.0,535.596,365.61,1.0,543.537,374.236,1.0,548.691,381.926,1.0,517.4,310.917,1.0,514.743,306.088,1.0,499.927,300.836,1.0,491.212,306.979,1.0,493.629,317.021,1.0,927.369,680.114,1.0,924.485,680.837,1.0,914.302,689.881,1.0,901.763,687.354,1.0,902.989,679.877,1.0,521.79,495.93,1.0,518.32,503.171,1.0,514.525,510.426,1.0,510.187,519.276,1.0,502.571,526.792,1.0,897.448,355.592,1.0,900.072,346.17,1.0,899.539,331.598,1.0,910.014,337.652,1.0,913.213,347.058,1.0
146,522.542,371.523,1.0,529.216,366.163,1.0,535.622,365.647,1.0,543.091,374.401,1.0,548.691,381.946,1.0,517.858,311.926,1.0,514.743,306.437,1.0,500.672,302.513,1.0,491.212,306.293,1.0,493.705,316.88,1.0,926.181,681.947,1.0,920.019,689.418,1.0,912.565,691.246,1.0,901.763,686.847,1.0,900.761,679.955,1.0,521.874,496.99,1.0,518.797,502.822,1.0,513.735,510.426,1.0,510.187,519.53,1.0,502.571,525.506,1.0,896.883,352.336,1.0,900.072,346.17,1.0,899.959,332.176,1.0,910.014,337.652,1.0,913.05,347.156,1.0
147,528.035,372.222,1.0,529.564,368.542,1.0,536.396,365.875,1.0,543.091,379.037,1.0,551.412,381.946,1.0,519.838,314.784,1.0,514.743,307.263,1.0,501.603,302.513,1.0,491.212,305.827,1.0,493.705,316.793,1.0,926.181,686.138,1.0,920.019,694.168,1.0,912.565,691.875,1.0,901.763,685.67,1.0,900.632,680.213,1.0,524.783,505.007,1.0,519.517,502.822,1.0,513.735,511.394,1.0,508.123,519.53,1.0,502.571,525.041,1.0,896.645,352.336,1.0,900.07,345.794,1.0,900.031,333.009,1.0,910.014,337.652,1.0,912.971,347.156,1.0
148,534.113,380.968,1.0,534.279,369.222,1.0,536.663,365.875,1.0,543.106,379.178,1.0,555.317,381.74,1.0,522.606,317.157,1.0,513.509,310.198,1.0,505.865,302.766,1.0,494.157,305.279,1.0,493.606,315.239,1.0,926.181,690.801,1.0,920.019,694.885,1.0,913.263,692.199,1.0,901.978,684.741,1.0,895.971,680.527,1.0,524.783,513.513,1.0,519.988,502.822,1.0,513.735,511.394,1.0,507.809,519.276,1.0,502.571,525.041,1.0,892.467,352.336,1.0,898.106,344.248,1.0,900.815,339.674,1.0,904.565,337.765,1.0,912.805,347.058,1.0
149,535.665,381.692,1.0,535.487,369.332,1.0,536.663,365.875,1.0,544.914,379.827,1.0,555.705,381.74,1.0,525.939,317.422,1.0,513.509,310.198,1.0,506.196,304.769,1.0,495.696,304.489,1.0,492.797,313.738,1.0,931.469,690.801,1.0,923.054,697.137,1.0,913.263,692.214,1.0,902.871,684.686,1.0,895.681,680.527,1.0,525.311,513.801,1.0,522.508,510.414,1.0,514.22,511.394,1.0,507.686,518.382,1.0,502.583,525.041,1.0,891.076,352.422,1.0,896.282,344.248,1.0,901.697,340.948,1.0,902.337,338.056,1.0,912.419,344.974,1.0
150,537.025,381.753,1.0,536.209,371.838,1.0,536.457,365.478,1.0,545.836,379.827,1.0,555.757,380.672,1.0,525.992,317.422,1.0,513.509,310.384,1.0,506.358,304.769,1.0,495.963,304.477,1.0,491.355,312.813,1.0,931.469,690.801,1.0,923.054,697.137,1.0,912.225,692.214,1.0,902.871,684.542,1.0,895.681,680.527,1.0,525.311,514.896,1.0,522.663,511.831,1.0,514.478,511.566,1.0,507.633,518.337,1.0,502.583,525.274,1.0,891.063,352.83,1.0,896.282,344.525,1.0,901.735,341.207,1.0,902.256,338.056,1.0,911.783,341.48,1.0
151,538.57,381.692,1.0,537.472,373.914,1.0,536.457,365.268,1.0,545.836,379.827,1.0,555.757,380.61,1.0,525.992,317.314,1.0,513.509,310.642,1.0,506.358,298.967,1.0,496.235,304.477,1.0,491.355,312.813,1.0,931.469,690.801,1.0,923.054,697.137,1.0,911.508,692.214,1.0,902.871,684.542,1.0,895.681,679.049,1.0,529.32,522.659,1.0,525.802,514.643,1.0,516.126,511.63,1.0,507.62,516.908,1.0,503.066,525.274,1.0,890.881,353.181,1.0,895.518,344.525,1.0,901.697,341.529,1.0,902.205,338.056,1.0,911.609,338.95,1.0
152,538.971,384.147,1.0,538.112,375.35,1.0,536.35,365.268,1.0,545.836,379.238,1.0,555.705,380.61,1.0,525.939,317.157,1.0,513.509,310.642,1.0,506.909,299.235,1.0,496.437,304.423,1.0,491.355,312.632,1.0,923.741,690.801,1.0,914.987,697.01,1.0,909.918,688.923,1.0,903.007,682.013,1.0,895.742,677.923,1.0,531.402,523.189,1.0,526.489,515.133,1.0,516.253,512.273,1.0,507.335,516.843,1.0,504.556,525.274,1.0,890.863,353.302,1.0,895.518,345.586,1.0,900.815,342.468,1.0,901.276,338.65,1.0,911.084,338.521,1.0
153,542.719,384.663,1.0,538.625,376.269,1.0,535.4,365.268,1.0,545.75,376.165,1.0,555.705,380.61,1.0,524.803,316.474,1.0,513.282,310.642,1.0,506.909,298.967,1.0,496.235,304.43,1.0,491.748,312.803,1.0,919.971,696.188,1.0,914.987,697.01,1.0,909.918,687.3,1.0,904.317,679.359,1.0,895.742,672.508,1.0,533.579,523.764,1.0,527.475,516.01,1.0,516.539,512.273,1.0,507.335,516.178,1.0,505.401,525.193,1.0,890.821,356.256,1.0,896.589,350.959,1.0,898.53,342.797,1.0,901.715,339.487,1.0,909.363,337.127,1.0
154,542.719,385.542,1.0,538.774,376.736,1.0,535.382,365.936,1.0,544.599,372.545,1.0,547.458,380.61,1.0,521.962,315.799,1.0,513.282,310.642,1.0,506.909,298.967,1.0,496.235,304.43,1.0,491.748,312.813,1.0,913.428,697.6,1.0,914.373,696.685,1.0,909.813,686.843,1.0,903.459,678.947,1.0,895.742,672.468,1.0,538.087,523.813,1.0,527.475,518.344,1.0,518.652,512.273,1.0,507.335,514.467,1.0,506.42,524.973,1.0,888.535,364.154,1.0,897.291,356.404,1.0,897.144,345.668,1.0,900.616,341.02,1.0,908.862,336.619,1.0
155,542.719,387.608,1.0,538.92,377.817,1.0,534.987,367.45,1.0,544.599,372.469,1.0,546.886,379.28,1.0,521.608,309.313,1.0,513.282,310.631,1.0,506.506,299.235,1.0,495.499,304.242,1.0,491.748,312.887,1.0,906.894,697.6,1.0,911.655,696.685,1.0,909.813,686.687,1.0,903.972,678.676,1.0,895.915,669.938,1.0,538.64,525.731,1.0,527.475,520.0,1.0,519.749,507.791,1.0,507.441,513.869,1.0,506.757,524.807,1.0,888.304,364.348,1.0,897.387,356.428,1.0,897.11,345.794,1.0,899.92,341.065,1.0,906.997,336.619,1.0
156,542.12,388.016,1.0,539.572,378.442,1.0,534.471,367.652,1.0,544.597,371.782,1.0,546.886,379.28,1.0,521.608,308.308,1.0,513.282,309.424,1.0,505.236,299.235,1.0,495.499,304.239,1.0,491.727,312.803,1.0,902.474,699.403,1.0,910.606,697.061,1.0,909.813,686.843,1.0,904.317,677.385,1.0,895.569,669.938,1.0,538.745,525.731,1.0,525.991,520.0,1.0,521.642,507.791,1.0,508.348,513.229,1.0,506.937,524.0,1.0,888.288,367.72,1.0,897.387,356.992,1.0,897.11,346.098,1.0,899.92,341.789,1.0,906.902,336.804,1.0
157,541.675,395.569,1.0,541.776,382.594,1.0,534.987,372.172,1.0,543.785,371.335,1.0,546.886,377.577,1.0,521.608,307.816,1.0,514.263,308.512,1.0,505.236,298.938,1.0,495.499,303.912,1.0,491.398,312.82,1.0,892.969,700.822,1.0,903.593,697.268,1.0,909.813,687.3,1.0,904.317,677.754,1.0,895.526,669.938,1.0,538.745,525.731,1.0,525.646,520.0,1.0,521.916,507.791,1.0,508.413,513.186,1.0,506.938,523.838,1.0,888.18,368.038,1.0,897.291,357.172,1.0,896.456,346.76,1.0,899.92,342.075,1.0,906.813,336.804,1.0
158,541.675,396.793,1.0,542.174,384.553,1.0,535.123,372.257,1.0,543.024,371.147,1.0,554.569,376.318,1.0,522.048,303.76,1.0,517.305,308.294,1.0,506.506,299.644,1.0,495.563,303.415,1.0,491.393,312.82,1.0,888.424,700.744,1.0,900.941,697.061,1.0,908.515,686.843,1.0,903.972,677.687,1.0,895.278,670.396,1.0,539.07,525.513,1.0,525.646,519.735,1.0,522.156,507.899,1.0,508.583,513.186,1.0,507.09,523.652,1.0,887.917,368.038,1.0,896.918,357.809,1.0,896.403,349.133,1.0,899.418,343.466,1.0,906.406,336.916,1.0
159,541.675,397.217,1.0,542.337,385.135,1.0,535.123,373.022,1.0,542.231,370.375,1.0,554.86,376.24,1.0,522.048,300.252,1.0,517.305,307.989,1.0,508.188,299.644,1.0,496.974,303.415,1.0,490.94,312.82,1.0,888.424,700.822,1.0,900.941,697.061,1.0,906.923,687.485,1.0,903.972,677.687,1.0,894.722,670.873,1.0,539.07,524.962,1.0,525.991,519.735,1.0,522.156,507.899,1.0,508.794,513.186,1.0,507.09,523.652,1.0,885.491,367.72,1.0,889.707,358.0,1.0,893.925,352.174,1.0,896.105,345.173,1.0,902.69,337.641,1.0
160,541.979,397.396,1.0,542.701,385.243,1.0,536.016,373.146,1.0,541.058,370.01,1.0,554.86,376.093,1.0,522.048,300.252,1.0,516.684,307.195,1.0,508.188,299.644,1.0,496.974,303.415,1.0,490.228,312.82,1.0,887.951,701.144,1.0,897.776,697.061,1.0,906.497,687.938,1.0,901.136,677.754,1.0,893.302,670.96,1.0,538.812,522.154,1.0,526.643,519.261,1.0,522.156,508.123,1.0,508.794,513.704,1.0,507.219,523.679,1.0,883.894,365.365,1.0,888.426,359.457,1.0,893.163,352.346,1.0,895.607,346.188,1.0,899.633,339.734,1.0
161,542.193,397.786,1.0,542.541,385.438,1.0,536.571,374.298,1.0,540.7,370.01,1.0,554.569,375.713,1.0,520.551,303.76,1.0,516.684,307.195,1.0,508.188,299.67,1.0,496.974,303.832,1.0,489.873,312.927,1.0,887.813,704.067,1.0,897.636,696.449,1.0,904.3,687.938,1.0,901.136,677.787,1.0,892.547,671.877,1.0,538.433,517.537,1.0,528.057,518.618,1.0,520.218,509.108,1.0,508.583,514.4,1.0,507.219,523.657,1.0,881.913,365.365,1.0,887.076,360.79,1.0,892.499,352.976,1.0,895.222,346.675,1.0,899.425,339.885,1.0
162,542.412,398.872,1.0,543.274,387.19,1.0,540.523,377.677,1.0,540.7,370.375,1.0,548.383,373.131,1.0,520.537,308.381,1.0,516.684,307.195,1.0,505.95,302.131,1.0,492.481,303.832,1.0,489.712,313.067,1.0,886.026,706.427,1.0,896.878,696.449,1.0,902.417,690.06,1.0,901.136,679.153,1.0,892.399,671.909,1.0,534.296,515.527,1.0,528.783,517.956,1.0,517.712,509.591,1.0,507.608,514.937,1.0,507.219,523.657,1.0,881.912,365.365,1.0,886.968,360.928,1.0,891.117,353.034,1.0,894.278,347.025,1.0,899.27,340.915,1.0
163,542.453,398.872,1.0,543.274,389.936,1.0,540.523,377.827,1.0,539.779,371.004,1.0,547.747,369.895,1.0,511.346,315.43,1.0,511.125,308.867,1.0,504.718,302.773,1.0,492.481,303.977,1.0,487.811,313.467,1.0,885.619,706.427,1.0,896.878,697.196,1.0,900.655,690.68,1.0,901.143,681.587,1.0,892.383,672.048,1.0,534.296,515.315,1.0,529.884,517.582,1.0,516.268,509.665,1.0,507.46,515.299,1.0,507.18,523.679,1.0,881.593,366.205,1.0,886.276,361.503,1.0,889.935,354.154,1.0,893.923,347.115,1.0,897.171,342.982,1.0
164,542.764,398.872,1.0,542.803,390.166,1.0,540.523,378.26,1.0,539.394,372.613,1.0,547.747,369.895,1.0,506.573,322.316,1.0,508.719,310.089,1.0,504.32,306.993,1.0,492.481,304.745,1.0,487.636,313.467,1.0,885.421,706.427,1.0,894.779,697.984,1.0,898.924,691.379,1.0,901.143,681.735,1.0,892.383,672.216,1.0,534.296,510.71,1.0,530.152,516.963,1.0,516.268,509.665,1.0,507.46,515.38,1.0,507.111,523.679,1.0,879.822,371.795,1.0,885.375,366.67,1.0,887.688,358.637,1.0,892.118,348.475,1.0,896.348,345.208,1.0
165,542.764,398.769,1.0,542.691,390.299,1.0,540.523,378.27,1.0,539.053,372.894,1.0,547.092,369.423,1.0,505.651,322.889,1.0,505.737,312.633,1.0,504.32,307.868,1.0,494.821,305.106,1.0,487.117,313.532,1.0,885.19,705.473,1.0,892.112,698.123,1.0,897.233,691.379,1.0,901.143,683.519,1.0,892.383,673.828,1.0,537.124,510.71,1.0,530.37,516.963,1.0,516.044,509.665,1.0,507.498,515.38,1.0,507.014,523.796,1.0,878.983,372.997,1.0,882.294,368.171,1.0,887.594,362.128,1.0,887.129,353.433,1.0,896.262,345.24,1.0
166,542.764,398.356,1.0,542.803,390.329,1.0,540.487,378.308,1.0,539.053,372.991,1.0,547.092,363.921,1.0,505.014,323.409,1.0,504.779,313.516,1.0,503.947,307.868,1.0,496.066,305.106,1.0,487.636,313.532,1.0,882.5,702.182,1.0,888.298,701.128,1.0,895.91,691.887,1.0,900.182,684.057,1.0,892.599,674.287,1.0,537.124,510.71,1.0,530.37,516.594,1.0,516.044,509.389,1.0,507.498,515.38,1.0,506.854,523.888,1.0,878.983,373.933,1.0,881.866,369.412,1.0,887.055,362.548,1.0,887.047,353.552,1.0,895.802,345.859,1.0
167,542.748,398.356,1.0,542.691,390.812,1.0,540.205,378.337,1.0,538.286,373.025,1.0,546.636,363.831,1.0,504.075,323.409,1.0,504.364,313.516,1.0,504.32,307.868,1.0,496.247,305.106,1.0,487.636,313.986,1.0,882.5,701.412,1.0,888.298,701.128,1.0,895.475,691.887,1.0,899.73,684.057,1.0,892.599,674.341,1.0,537.124,511.209,1.0,530.047,516.174,1.0,516.044,508.841,1.0,507.823,515.38,1.0,506.692,524.199,1.0,878.865,379.415,1.0,881.833,369.486,1.0,887.037,362.643,1.0,886.57,353.954,1.0,895.802,346.114,1.0
168,541.727,398.769,1.0,542.415,391.832,1.0,539.947,379.615,1.0,538.286,374.032,1.0,544.586,363.831,1.0,503.484,322.889,1.0,503.149,313.516,1.0,505.149,298.554,1.0,496.4,305.051,1.0,488.357,314.482,1.0,882.5,701.412,1.0,888.298,701.128,1.0,895.475,691.887,1.0,899.73,684.057,1.0,892.6,674.341,1.0,531.108,512.706,1.0,530.047,516.174,1.0,516.295,508.841,1.0,508.238,515.816,1.0,506.245,524.233,1.0,878.865,380.622,1.0,880.093,370.973,1.0,886.286,364.496,1.0,886.089,356.852,1.0,894.229,350.615,1.0
169,539.11,400.124,1.0,541.623,392.094,1.0,539.482,382.106,1.0,537.98,375.162,1.0,542.796,363.831,1.0,494.501,318.489,1.0,499.978,310.805,1.0,505.402,298.554,1.0,497.656,304.032,1.0,489.451,315.186,1.0,883.013,701.412,1.0,889.103,700.471,1.0,895.475,691.693,1.0,899.73,683.767,1.0,892.6,674.287,1.0,531.108,512.706,1.0,529.675,516.174,1.0,516.044,508.841,1.0,508.238,515.816,1.0,506.139,524.233,1.0,877.247,384.863,1.0,879.981,372.031,1.0,885.963,365.408,1.0,886.089,358.35,1.0,890.443,352.273,1.0
170,539.11,400.879,1.0,541.258,392.467,1.0,539.22,382.272,1.0,536.532,375.312,1.0,539.373,365.026,1.0,494.501,318.489,1.0,499.978,310.805,1.0,505.468,298.554,1.0,498.804,303.961,1.0,489.781,315.186,1.0,886.078,699.382,1.0,897.286,697.111,1.0,898.936,689.92,1.0,901.404,682.04,1.0,892.599,673.646,1.0,531.108,512.706,1.0,529.39,515.92,1.0,515.689,508.802,1.0,508.238,515.816,1.0,506.006,524.233,1.0,877.089,385.185,1.0,879.981,373.554,1.0,885.922,367.391,1.0,886.089,359.532,1.0,889.781,352.807,1.0
171,539.11,401.245,1.0,540.97,392.529,1.0,538.833,382.698,1.0,536.532,376.108,1.0,538.847,365.284,1.0,494.501,318.489,1.0,499.978,310.805,1.0,506.212,300.711,1.0,499.847,303.951,1.0,490.175,315.186,1.0,889.641,690.683,1.0,900.407,694.752,1.0,898.936,689.92,1.0,902.402,679.592,1.0,892.402,671.55,1.0,531.328,512.706,1.0,529.224,515.718,1.0,514.935,508.379,1.0,506.702,515.477,1.0,506.006,523.81,1.0,875.201,385.185,1.0,879.899,374.415,1.0,881.927,367.459,1.0,885.378,361.098,1.0,889.036,353.057,1.0
172,539.246,402.546,1.0,540.881,393.644,1.0,538.836,384.622,1.0,536.532,376.637,1.0,538.847,365.352,1.0,494.737,321.941,1.0,500.201,313.471,1.0,505.917,303.847,1.0,500.06,302.412,1.0,490.51,314.023,1.0,889.828,688.521,1.0,901.198,691.184,1.0,898.936,689.92,1.0,905.948,679.592,1.0,892.164,671.55,1.0,531.328,512.742,1.0,528.47,514.786,1.0,514.935,508.904,1.0,506.659,514.858,1.0,506.006,523.507,1.0,874.976,385.881,1.0,878.176,374.718,1.0,881.62,367.502,1.0,884.719,361.33,1.0,889.036,353.808,1.0
173,539.587,402.546,1.0,540.708,393.644,1.0,538.702,385.217,1.0,536.5,376.74,1.0,538.847,365.843,1.0,495.102,322.863,1.0,500.333,314.891,1.0,505.917,306.836,1.0,500.06,301.878,1.0,491.634,303.846,1.0,889.828,686.45,1.0,901.198,687.871,1.0,898.746,690.961,1.0,905.948,679.592,1.0,890.432,671.55,1.0,531.328,512.742,1.0,525.305,514.786,1.0,514.935,508.904,1.0,506.394,514.847,1.0,504.398,523.507,1.0,874.103,386.101,1.0,877.404,378.341,1.0,879.63,373.111,1.0,883.615,367.359,1.0,888.465,358.56,1.0
174,539.833,402.393,1.0,540.708,393.482,1.0,538.702,385.217,1.0,536.758,376.74,1.0,541.964,366.101,1.0,495.128,323.715,1.0,500.422,316.488,1.0,505.917,308.944,1.0,500.06,301.391,1.0,491.634,302.839,1.0,889.641,685.359,1.0,901.198,687.871,1.0,898.518,691.118,1.0,905.948,681.286,1.0,890.432,672.382,1.0,526.524,519.062,1.0,524.622,514.786,1.0,516.343,511.65,1.0,506.394,514.847,1.0,504.24,523.507,1.0,874.103,390.748,1.0,876.1,384.36,1.0,879.63,374.669,1.0,882.069,367.682,1.0,887.275,360.765,1.0
175,539.833,402.393,1.0,540.434,393.482,1.0,538.702,385.217,1.0,536.758,376.74,1.0,541.964,366.101,1.0,495.128,324.28,1.0,500.422,316.593,1.0,505.359,309.534,1.0,500.06,301.391,1.0,492.059,302.648,1.0,889.365,679.486,1.0,900.756,687.871,1.0,897.322,691.12,1.0,904.936,682.347,1.0,890.432,672.573,1.0,526.255,521.184,1.0,524.417,515.411,1.0,517.588,512.565,1.0,506.394,514.847,1.0,503.97,525.006,1.0,873.948,390.931,1.0,875.625,384.806,1.0,878.561,375.334,1.0,880.86,368.508,1.0,886.931,362.021,1.0
176,539.587,399.921,1.0,538.376,392.213,1.0,538.836,384.151,1.0,536.5,376.74,1.0,542.002,366.101,1.0,495.102,325.776,1.0,500.422,317.326,1.0,503.649,310.05,1.0,500.06,301.391,1.0,492.059,302.266,1.0,889.365,678.2,1.0,896.613,687.735,1.0,896.415,691.12,1.0,904.394,683.352,1.0,890.432,672.681,1.0,525.763,522.06,1.0,523.46,520.357,1.0,519.517,515.833,1.0,510.211,514.748,1.0,504.02,525.158,1.0,873.948,391.068,1.0,875.558,384.831,1.0,878.437,376.127,1.0,878.632,368.805,1.0,886.761,362.021,1.0
177,536.002,399.286,1.0,538.267,390.08,1.0,538.883,384.067,1.0,536.148,376.74,1.0,542.913,365.486,1.0,494.851,326.612,1.0,500.422,319.383,1.0,502.908,313.646,1.0,501.759,304.376,1.0,492.059,301.854,1.0,889.269,676.247,1.0,896.346,687.735,1.0,895.749,691.118,1.0,903.756,684.556,1.0,890.863,673.18,1.0,524.922,522.322,1.0,523.46,520.767,1.0,519.517,515.946,1.0,510.743,514.724,1.0,503.97,525.158,1.0,871.665,397.132,1.0,873.986,386.074,1.0,877.169,378.705,1.0,877.16,371.266,1.0,884.604,362.705,1.0
178,532.55,396.732,1.0,537.812,387.478,1.0,539.961,383.73,1.0,535.417,377.881,1.0,544.422,365.055,1.0,492.749,334.768,1.0,500.52,323.628,1.0,500.44,315.804,1.0,503.145,305.622,1.0,492.445,301.854,1.0,888.737,676.247,1.0,896.244,687.735,1.0,894.784,689.866,1.0,901.982,684.886,1.0,891.527,674.159,1.0,525.426,523.223,1.0,522.919,522.07,1.0,519.517,516.989,1.0,510.743,514.169,1.0,503.963,525.258,1.0,868.284,397.659,1.0,871.827,391.079,1.0,874.888,381.968,1.0,876.576,375.769,1.0,879.834,362.921,1.0
179,522.96,396.732,1.0,532.938,387.478,1.0,539.961,383.73,1.0,535.39,378.51,1.0,544.428,364.827,1.0,492.619,335.919,1.0,497.051,324.302,1.0,500.44,317.037,1.0,504.088,308.417,1.0,493.867,301.854,1.0,886.367,675.73,1.0,895.858,686.71,1.0,894.117,688.034,1.0,901.714,685.227,1.0,892.935,674.259,1.0,525.426,523.223,1.0,522.919,522.07,1.0,519.076,518.097,1.0,510.743,513.992,1.0,503.835,525.258,1.0,866.506,398.732,1.0,871.4,391.879,1.0,874.736,382.303,1.0,875.785,376.039,1.0,878.6,362.921,1.0
180,522.918,396.732,1.0,532.706,387.478,1.0,539.961,384.067,1.0,535.39,378.51,1.0,544.684,364.827,1.0,492.441,337.147,1.0,496.368,326.236,1.0,500.44,317.208,1.0,504.359,309.976,1.0,494.724,302.435,1.0,885.649,675.114,1.0,892.339,681.654,1.0,893.599,687.831,1.0,901.591,686.272,1.0,897.636,674.259,1.0,524.922,523.223,1.0,522.919,522.07,1.0,519.076,518.097,1.0,510.462,513.708,1.0,503.819,525.258,1.0,862.104,398.732,1.0,870.975,391.879,1.0,874.322,382.87,1.0,875.785,376.039,1.0,878.172,362.921,1.0
181,522.582,398.954,1.0,532.482,388.031,1.0,539.105,384.764,1.0,535.417,378.51,1.0,544.437,364.614,1.0,492.441,337.299,1.0,500.383,326.475,1.0,500.448,317.212,1.0,504.359,310.48,1.0,494.778,302.765,1.0,884.592,675.207,1.0,891.518,681.626,1.0,893.106,687.686,1.0,901.591,686.272,1.0,901.096,674.159,1.0,524.922,523.713,1.0,522.901,522.026,1.0,519.076,518.097,1.0,510.332,513.085,1.0,503.702,525.258,1.0,862.098,398.732,1.0,870.699,391.879,1.0,874.202,383.138,1.0,874.931,376.503,1.0,878.172,364.781,1.0
182,522.378,401.113,1.0,531.382,389.454,1.0,537.452,385.766,1.0,536.804,373.311,1.0,544.437,364.614,1.0,492.441,337.337,1.0,498.854,327.207,1.0,501.064,317.605,1.0,504.088,310.882,1.0,495.358,303.035,1.0,884.34,675.659,1.0,890.697,681.596,1.0,893.106,687.094,1.0,901.591,686.41,1.0,901.314,674.259,1.0,524.8,526.097,1.0,522.919,522.02,1.0,524.539,509.553,1.0,509.73,513.077,1.0,502.904,525.258,1.0,860.961,398.807,1.0,865.726,389.312,1.0,872.226,383.737,1.0,874.812,376.869,1.0,878.172,368.692,1.0
183,522.373,401.113,1.0,531.182,389.596,1.0,536.812,385.766,1.0,536.804,373.311,1.0,544.567,364.614,1.0,492.433,337.337,1.0,495.27,327.207,1.0,501.064,318.203,1.0,504.009,310.882,1.0,495.522,303.035,1.0,884.075,675.207,1.0,889.824,681.483,1.0,893.014,686.181,1.0,901.543,687.113,1.0,901.878,674.293,1.0,524.447,526.788,1.0,523.469,522.02,1.0,524.539,509.553,1.0,509.145,513.01,1.0,502.752,524.948,1.0,858.696,398.732,1.0,864.999,389.312,1.0,872.047,386.199,1.0,874.641,377.431,1.0,878.953,371.72,1.0
184,522.289,401.383,1.0,530.622,389.682,1.0,536.661,385.881,1.0,536.94,373.311,1.0,544.567,364.777,1.0,491.291,337.147,1.0,495.27,327.156,1.0,500.448,318.498,1.0,503.911,311.081,1.0,495.358,303.035,1.0,880.169,675.114,1.0,886.934,678.806,1.0,890.42,685.271,1.0,900.397,687.113,1.0,902.783,676.532,1.0,520.84,528.015,1.0,523.351,522.026,1.0,524.539,509.553,1.0,508.898,512.877,1.0,502.752,524.641,1.0,858.305,398.469,1.0,864.808,389.312,1.0,871.701,387.153,1.0,874.588,377.454,1.0,879.387,373.241,1.0
185,522.289,401.383,1.0,530.622,389.683,1.0,536.586,385.891,1.0,536.94,374.26,1.0,544.437,364.995,1.0,488.02,337.617,1.0,493.837,327.156,1.0,494.488,320.12,1.0,503.754,313.021,1.0,496.35,303.772,1.0,878.301,671.17,1.0,885.215,675.41,1.0,889.691,683.021,1.0,899.339,688.195,1.0,903.958,676.532,1.0,520.84,528.102,1.0,523.351,522.693,1.0,524.389,510.206,1.0,508.295,512.877,1.0,502.904,524.435,1.0,857.247,395.851,1.0,863.183,393.348,1.0,871.51,389.133,1.0,874.311,378.781,1.0,879.387,373.82,1.0
186,522.378,401.383,1.0,529.595,391.473,1.0,535.555,386.967,1.0,537.248,375.303,1.0,543.872,366.518,1.0,488.001,337.908,1.0,493.607,327.36,1.0,494.064,321.784,1.0,499.272,314.354,1.0,496.571,304.577,1.0,877.914,671.17,1.0,885.03,675.336,1.0,889.432,682.842,1.0,898.747,688.535,1.0,905.27,676.532,1.0,520.84,528.328,1.0,523.502,522.884,1.0,524.286,511.022,1.0,508.237,513.077,1.0,502.981,524.335,1.0,857.247,395.851,1.0,863.183,393.453,1.0,870.293,389.408,1.0,873.276,380.026,1.0,879.387,375.212,1.0
187,522.899,401.4,1.0,529.595,392.175,1.0,535.1,387.516,1.0,537.63,375.5,1.0,543.391,367.606,1.0,487.926,337.908,1.0,493.32,327.36,1.0,493.196,323.187,1.0,498.5,314.955,1.0,497.25,304.665,1.0,877.845,671.122,1.0,884.571,675.151,1.0,889.432,682.728,1.0,898.747,688.535,1.0,905.374,676.133,1.0,522.921,529.431,1.0,523.856,524.042,1.0,523.738,513.502,1.0,507.947,513.095,1.0,503.279,524.043,1.0,856.607,395.851,1.0,863.183,394.253,1.0,868.646,390.617,1.0,869.308,382.863,1.0,874.371,376.902,1.0
188,522.899,401.4,1.0,529.575,392.738,1.0,534.818,387.65,1.0,537.683,375.5,1.0,542.78,367.868,1.0,487.896,338.442,1.0,493.065,327.474,1.0,493.196,323.187,1.0,498.308,315.027,1.0,497.273,304.665,1.0,877.809,671.122,1.0,884.521,675.151,1.0,889.196,682.461,1.0,898.714,688.535,1.0,905.374,676.133,1.0,523.892,542.705,1.0,526.371,529.252,1.0,523.361,516.977,1.0,507.947,513.549,1.0,503.471,523.497,1.0,853.357,404.188,1.0,857.852,399.164,1.0,863.323,394.105,1.0,866.954,388.451,1.0,874.371,379.583,1.0
189,522.899,401.4,1.0,529.224,393.531,1.0,534.818,388.283,1.0,537.683,376.039,1.0,542.589,368.897,1.0,487.809,338.442,1.0,492.903,327.611,1.0,493.196,323.187,1.0,497.98,315.312,1.0,497.458,305.097,1.0,877.789,671.122,1.0,884.277,674.735,1.0,888.974,681.377,1.0,898.714,688.438,1.0,905.27,676.133,1.0,523.975,542.893,1.0,526.606,529.407,1.0,523.17,517.058,1.0,507.947,513.604,1.0,503.485,522.905,1.0,852.178,406.264,1.0,857.691,400.683,1.0,863.17,395.837,1.0,866.279,388.451,1.0,874.243,381.516,1.0
190,522.404,401.376,1.0,529.094,393.611,1.0,535.1,388.725,1.0,537.683,376.188,1.0,542.543,369.331,1.0,487.809,338.58,1.0,492.635,327.747,1.0,493.811,323.46,1.0,497.98,315.971,1.0,497.458,305.554,1.0,873.761,670.019,1.0,882.218,670.414,1.0,888.232,680.466,1.0,891.971,681.976,1.0,901.608,681.724,1.0,525.427,542.93,1.0,526.606,530.097,1.0,522.485,517.437,1.0,510.457,513.654,1.0,503.485,522.763,1.0,851.878,406.273,1.0,857.475,400.894,1.0,863.143,395.885,1.0,866.183,388.817,1.0,873.97,381.516,1.0
191,521.908,400.457,1.0,527.921,393.749,1.0,534.818,389.583,1.0,537.53,376.829,1.0,542.543,370.034,1.0,487.926,338.704,1.0,491.356,327.969,1.0,493.811,323.46,1.0,497.071,316.629,1.0,497.739,306.55,1.0,873.121,669.704,1.0,880.087,670.385,1.0,887.206,679.136,1.0,891.773,681.558,1.0,901.538,682.358,1.0,525.726,542.93,1.0,526.868,531.275,1.0,522.485,520.536,1.0,513.047,513.718,1.0,504.597,518.251,1.0,851.757,406.678,1.0,857.365,401.25,1.0,862.339,395.957,1.0,865.823,389.177,1.0,873.924,382.047,1.0
192,520.863,398.327,1.0,527.38,395.414,1.0,533.604,390.922,1.0,536.871,378.29,1.0,542.543,371.532,1.0,490.733,338.704,1.0,491.291,328.21,1.0,494.662,323.015,1.0,497.071,319.004,1.0,498.458,309.937,1.0,871.969,667.197,1.0,879.682,669.546,1.0,886.247,678.6,1.0,890.52,681.199,1.0,901.497,682.57,1.0,525.835,542.994,1.0,526.662,532.653,1.0,522.485,521.548,1.0,514.744,514.454,1.0,505.093,516.734,1.0,846.486,406.678,1.0,853.309,402.789,1.0,859.67,396.156,1.0,863.678,389.276,1.0,871.489,383.001,1.0
193,518.969,398.327,1.0,526.155,396.128,1.0,532.744,391.453,1.0,536.52,381.132,1.0,543.18,373.291,1.0,490.733,338.425,1.0,491.133,328.21,1.0,494.662,323.015,1.0,497.071,319.004,1.0,498.458,311.329,1.0,871.969,667.197,1.0,879.682,669.491,1.0,886.247,679.136,1.0,890.483,680.978,1.0,901.397,682.715,1.0,526.469,542.93,1.0,526.662,532.966,1.0,522.816,521.672,1.0,515.516,514.748,1.0,505.126,514.946,1.0,841.18,406.264,1.0,848.637,407.717,1.0,855.735,396.404,1.0,858.834,389.902,1.0,864.876,387.642,1.0
194,518.969,398.327,1.0,526.155,396.626,1.0,532.744,391.453,1.0,536.504,381.25,1.0,543.429,373.291,1.0,490.733,337.002,1.0,490.245,328.21,1.0,494.356,323.015,1.0,498.157,319.038,1.0,498.458,311.468,1.0,871.969,667.019,1.0,880.335,669.491,1.0,886.247,678.722,1.0,890.458,680.809,1.0,900.703,682.715,1.0,526.555,542.994,1.0,526.868,532.971,1.0,522.987,521.741,1.0,515.539,514.78,1.0,505.486,514.861,1.0,839.092,404.542,1.0,848.177,408.036,1.0,854.806,397.989,1.0,858.743,390.263,1.0,864.876,388.056,1.0
195,518.969,400.899,1.0,526.155,397.268,1.0,532.744,391.453,1.0,536.209,381.25,1.0,543.467,373.471,1.0,485.546,336.139,1.0,490.572,327.554,1.0,494.662,323.015,1.0,499.147,319.105,1.0,498.389,311.468,1.0,874.535,667.019,1.0,880.335,669.268,1.0,886.247,678.722,1.0,890.161,679.406,1.0,900.528,682.715,1.0,526.659,542.994,1.0,528.044,533.09,1.0,523.321,522.762,1.0,516.335,515.971,1.0,506.073,514.861,1.0,838.91,404.542,1.0,847.794,409.683,1.0,854.806,398.439,1.0,858.735,390.56,1.0,864.411,389.357,1.0
196,518.969,400.899,1.0,526.822,397.268,1.0,533.306,391.453,1.0,536.504,381.132,1.0,543.467,373.291,1.0,485.546,327.456,1.0,490.572,327.554,1.0,495.14,322.861,1.0,499.537,319.004,1.0,498.389,311.329,1.0,880.918,659.705,1.0,880.951,667.241,1.0,886.21,678.6,1.0,889.428,678.145,1.0,900.002,682.343,1.0,526.888,542.994,1.0,528.044,533.57,1.0,523.566,523.455,1.0,517.527,516.764,1.0,506.122,514.78,1.0,837.96,404.542,1.0,848.177,409.683,1.0,854.806,398.439,1.0,858.732,391.413,1.0,864.411,390.184,1.0
197,520.979,401.065,1.0,527.103,397.268,1.0,533.383,391.453,1.0,536.504,381.107,1.0,543.467,373.471,1.0,485.546,323.977,1.0,491.133,323.498,1.0,495.14,322.861,1.0,500.979,318.32,1.0,498.15,311.296,1.0,886.41,657.038,1.0,881.702,667.24,1.0,886.072,678.539,1.0,889.29,678.068,1.0,899.679,682.343,1.0,528.106,543.235,1.0,528.924,535.681,1.0,523.573,524.523,1.0,517.882,517.578,1.0,506.772,514.946,1.0,837.956,405.76,1.0,847.509,409.683,1.0,854.442,398.575,1.0,858.069,391.413,1.0,864.876,391.22,1.0
198,523.251,401.065,1.0,527.403,396.814,1.0,534.27,391.903,1.0,536.504,380.908,1.0,542.908,373.553,1.0,486.209,320.483,1.0,494.054,322.809,1.0,494.356,325.015,1.0,501.55,317.244,1.0,497.935,309.244,1.0,886.95,656.538,1.0,881.702,666.187,1.0,885.574,678.224,1.0,889.259,677.555,1.0,899.025,682.343,1.0,528.662,544.855,1.0,528.924,535.748,1.0,524.181,526.338,1.0,518.363,519.912,1.0,508.295,515.34,1.0,837.934,413.185,1.0,846.516,409.485,1.0,854.375,400.63,1.0,857.97,393.294,1.0,864.085,391.22,1.0
199,523.251,400.732,1.0,527.893,392.822,1.0,534.27,391.903,1.0,535.572,380.908,1.0,542.674,373.787,1.0,487.149,318.889,1.0,494.054,322.809,1.0,495.315,325.015,1.0,501.614,317.176,1.0,497.931,309.244,1.0,886.983,655.633,1.0,881.702,665.616,1.0,884.019,675.913,1.0,887.636,675.401,1.0,897.201,684.227,1.0,532.162,545.411,1.0,527.216,537.191,1.0,526.525,531.388,1.0,518.597,519.912,1.0,511.349,515.527,1.0,835.891,414.322,1.0,845.99,408.195,1.0,853.972,404.391,1.0,857.884,396.144,1.0,864.085,391.22,1.0
200,520.982,390.527,1.0,529.282,389.359,1.0,534.27,391.101,1.0,535.572,380.908,1.0,542.618,374.176,1.0,487.149,317.639,1.0,494.054,322.183,1.0,495.597,323.77,1.0,501.614,317.176,1.0,497.931,309.244,1.0,886.983,655.556,1.0,880.407,665.143,1.0,882.884,674.857,1.0,887.057,675.157,1.0,896.524,685.186,1.0,533.06,545.435,1.0,525.973,537.21,1.0,526.675,531.663,1.0,520.106,519.912,1.0,513.423,515.527,1.0,835.794,415.242,1.0,844.93,405.516,1.0,853.76,405.499,1.0,857.583,397.269,1.0,864.085,391.575,1.0
201,520.982,383.079,1.0,529.566,389.359,1.0,532.188,390.698,1.0,531.135,384.421,1.0,542.013,374.176,1.0,486.851,316.381,1.0,493.265,320.484,1.0,497.048,323.77,1.0,501.614,317.244,1.0,497.931,309.261,1.0,886.991,655.618,1.0,880.407,664.754,1.0,882.884,674.286,1.0,886.664,674.799,1.0,895.535,685.186,1.0,533.096,545.435,1.0,525.973,537.689,1.0,526.675,531.709,1.0,520.464,519.912,1.0,513.706,515.6,1.0,835.688,415.385,1.0,844.514,405.516,1.0,853.087,406.366,1.0,856.948,397.707,1.0,864.085,391.575,1.0
202,520.679,383.079,1.0,529.282,389.359,1.0,532.188,390.698,1.0,531.135,384.421,1.0,542.436,374.176,1.0,486.851,314.92,1.0,490.596,318.101,1.0,497.048,323.697,1.0,501.586,317.358,1.0,497.935,309.875,1.0,886.983,655.556,1.0,879.904,664.754,1.0,882.884,674.232,1.0,886.31,674.704,1.0,895.535,685.186,1.0,533.273,545.602,1.0,525.864,537.689,1.0,526.675,531.979,1.0,520.464,519.935,1.0,513.747,515.623,1.0,835.688,415.432,1.0,843.761,405.516,1.0,853.087,406.486,1.0,856.6,397.948,1.0,860.434,391.575,1.0
203,520.679,383.079,1.0,529.282,390.466,1.0,532.188,389.292,1.0,531.135,384.421,1.0,542.162,373.749,1.0,484.796,314.121,1.0,488.087,317.469,1.0,497.048,323.29,1.0,501.343,317.955,1.0,498.141,310.611,1.0,886.983,655.351,1.0,879.898,663.998,1.0,884.275,673.606,1.0,886.245,674.704,1.0,895.535,684.042,1.0,533.273,545.602,1.0,525.973,537.689,1.0,526.582,532.023,1.0,520.464,520.066,1.0,513.878,516.041,1.0,834.771,415.505,1.0,841.702,406.7,1.0,849.979,407.928,1.0,851.929,400.058,1.0,859.12,393.196,1.0
204,520.679,394.632,1.0,529.282,391.187,1.0,534.031,389.292,1.0,537.001,380.96,1.0,542.162,373.505,1.0,481.925,310.439,1.0,486.01,314.171,1.0,495.722,322.368,1.0,500.956,320.518,1.0,499.453,313.442,1.0,878.095,655.049,1.0,879.586,663.184,1.0,884.275,673.154,1.0,886.142,674.704,1.0,895.535,682.07,1.0,533.772,545.603,1.0,527.314,538.07,1.0,526.269,532.439,1.0,520.456,520.993,1.0,514.4,516.61,1.0,834.68,415.562,1.0,837.503,414.061,1.0,843.443,407.988,1.0,851.496,402.929,1.0,859.09,395.186,1.0
205,524.624,398.566,1.0,529.566,391.834,1.0,535.246,389.292,1.0,538.167,380.133,1.0,542.162,373.41,1.0,481.688,308.366,1.0,484.876,313.973,1.0,492.889,321.69,1.0,500.7,320.703,1.0,500.381,315.445,1.0,876.894,653.529,1.0,878.521,662.306,1.0,884.275,672.166,1.0,886.142,674.704,1.0,895.535,682.07,1.0,535.73,548.784,1.0,528.414,539.77,1.0,526.269,533.904,1.0,520.456,523.334,1.0,514.783,518.469,1.0,834.547,417.763,1.0,837.485,414.083,1.0,843.414,407.988,1.0,851.286,403.032,1.0,859.09,397.148,1.0
206,529.773,399.59,1.0,529.629,392.224,1.0,535.652,389.229,1.0,538.724,378.812,1.0,542.162,373.341,1.0,481.431,308.194,1.0,484.339,313.824,1.0,492.576,321.336,1.0,499.778,320.933,1.0,500.381,315.564,1.0,876.572,653.375,1.0,878.352,661.359,1.0,883.876,672.065,1.0,886.094,679.509,1.0,895.427,682.07,1.0,538.214,550.085,1.0,528.414,543.537,1.0,526.269,535.869,1.0,520.456,525.967,1.0,517.716,520.45,1.0,834.224,418.179,1.0,837.485,414.741,1.0,843.108,409.749,1.0,851.286,403.327,1.0,859.09,397.361,1.0
207,529.773,399.864,1.0,533.847,394.689,1.0,536.14,389.445,1.0,538.724,378.303,1.0,542.162,372.871,1.0,481.159,308.194,1.0,483.432,313.658,1.0,491.739,319.813,1.0,499.761,321.044,1.0,500.381,315.647,1.0,874.72,651.069,1.0,876.694,657.528,1.0,882.394,669.851,1.0,885.937,680.508,1.0,894.385,682.043,1.0,538.358,554.612,1.0,528.741,544.803,1.0,527.266,536.057,1.0,521.093,526.535,1.0,517.716,520.862,1.0,834.224,419.763,1.0,837.485,414.998,1.0,842.98,410.005,1.0,848.261,404.221,1.0,859.079,397.657,1.0
208,529.773,402.548,1.0,534.153,395.067,1.0,536.429,389.662,1.0,538.724,378.16,1.0,541.838,372.211,1.0,480.711,308.194,1.0,483.287,313.671,1.0,491.489,319.248,1.0,499.778,321.044,1.0,499.958,315.653,1.0,874.72,650.874,1.0,876.694,657.418,1.0,881.933,669.663,1.0,885.551,680.508,1.0,894.004,682.147,1.0,538.214,554.668,1.0,528.741,544.896,1.0,527.312,536.225,1.0,521.13,526.617,1.0,517.751,521.002,1.0,833.966,420.169,1.0,837.453,416.863,1.0,842.547,410.156,1.0,845.836,404.221,1.0,854.099,398.125,1.0
209,532.029,403.065,1.0,534.637,398.033,1.0,536.541,389.445,1.0,538.725,377.871,1.0,541.838,371.353,1.0,478.071,308.972,1.0,483.233,313.658,1.0,489.557,319.248,1.0,499.778,322.295,1.0,499.73,315.653,1.0,874.488,650.38,1.0,876.694,657.062,1.0,881.259,669.212,1.0,885.551,679.509,1.0,893.929,682.147,1.0,538.214,554.668,1.0,528.741,544.934,1.0,527.629,536.057,1.0,521.13,526.736,1.0,517.865,521.077,1.0,833.545,427.242,1.0,833.538,418.562,1.0,839.794,411.89,1.0,845.699,409.329,1.0,852.687,398.646,1.0
210,532.029,403.065,1.0,534.762,398.033,1.0,536.429,388.83,1.0,538.074,377.805,1.0,541.834,371.052,1.0,473.987,310.954,1.0,483.036,312.937,1.0,488.026,319.248,1.0,499.541,323.38,1.0,499.361,315.647,1.0,874.488,647.788,1.0,878.472,656.579,1.0,881.259,667.86,1.0,884.58,679.215,1.0,893.795,682.043,1.0,537.805,554.704,1.0,528.147,545.502,1.0,527.666,536.057,1.0,521.093,526.736,1.0,518.147,521.52,1.0,830.214,433.145,1.0,832.989,421.478,1.0,839.495,415.754,1.0,841.615,409.527,1.0,848.503,398.864,1.0
211,532.029,402.548,1.0,535.195,398.033,1.0,536.429,388.795,1.0,538.074,377.681,1.0,541.857,370.716,1.0,472.119,310.954,1.0,480.437,312.411,1.0,487.809,322.234,1.0,498.434,323.38,1.0,499.361,315.627,1.0,872.558,647.3,1.0,878.472,653.787,1.0,881.259,667.164,1.0,881.855,672.025,1.0,892.593,682.043,1.0,537.458,554.704,1.0,527.585,545.502,1.0,527.312,535.963,1.0,521.093,526.617,1.0,518.954,522.336,1.0,830.208,433.145,1.0,832.78,421.788,1.0,839.188,416.14,1.0,841.387,409.527,1.0,848.315,399.308,1.0
212,538.228,401.845,1.0,536.032,393.892,1.0,536.448,385.647,1.0,538.074,377.681,1.0,541.857,370.589,1.0,471.535,310.954,1.0,480.268,312.23,1.0,487.602,322.929,1.0,498.124,323.467,1.0,499.361,315.627,1.0,872.495,644.445,1.0,878.503,652.914,1.0,882.099,662.117,1.0,881.855,671.368,1.0,891.039,682.054,1.0,533.755,554.53,1.0,527.305,545.502,1.0,527.312,535.963,1.0,521.13,526.476,1.0,518.954,522.336,1.0,830.098,433.145,1.0,832.78,421.935,1.0,838.624,416.165,1.0,841.387,409.329,1.0,848.315,399.555,1.0
213,541.72,396.111,1.0,539.75,391.834,1.0,536.448,384.842,1.0,537.911,377.681,1.0,543.619,366.53,1.0,471.296,309.76,1.0,479.056,310.684,1.0,484.86,323.19,1.0,490.938,323.804,1.0,499.817,315.627,1.0,872.381,640.625,1.0,878.472,652.055,1.0,882.099,661.787,1.0,881.855,669.837,1.0,890.449,681.79,1.0,527.713,551.858,1.0,526.993,545.007,1.0,526.911,535.919,1.0,522.013,525.377,1.0,518.954,522.336,1.0,830.097,433.145,1.0,832.628,423.139,1.0,838.46,416.678,1.0,841.012,409.329,1.0,847.988,401.376,1.0
214,543.037,395.181,1.0,542.913,391.697,1.0,536.448,383.052,1.0,537.866,378.139,1.0,544.18,366.027,1.0,470.927,309.53,1.0,478.782,310.47,1.0,484.633,323.19,1.0,490.772,324.232,1.0,499.817,317.21,1.0,872.495,640.273,1.0,878.392,652.055,1.0,882.099,661.729,1.0,882.686,668.094,1.0,890.438,681.79,1.0,526.793,547.549,1.0,526.78,543.616,1.0,526.791,535.875,1.0,522.357,525.377,1.0,518.679,522.186,1.0,823.884,433.187,1.0,832.536,424.369,1.0,834.837,419.186,1.0,840.698,410.148,1.0,847.908,407.158,1.0
215,549.007,390.932,1.0,544.354,391.334,1.0,537.417,382.667,1.0,537.866,378.139,1.0,544.628,366.027,1.0,470.206,309.413,1.0,478.477,310.333,1.0,484.618,322.929,1.0,490.416,324.232,1.0,499.817,317.784,1.0,872.495,640.273,1.0,878.218,652.017,1.0,881.584,660.781,1.0,882.686,668.094,1.0,890.423,679.819,1.0,518.94,540.822,1.0,524.387,542.99,1.0,526.791,535.875,1.0,522.357,525.377,1.0,518.297,522.186,1.0,823.674,433.187,1.0,831.764,425.87,1.0,834.46,420.54,1.0,840.564,411.594,1.0,847.815,407.308,1.0
216,553.193,388.816,1.0,546.736,391.631,1.0,539.703,381.681,1.0,537.286,378.139,1.0,544.628,366.53,1.0,470.001,308.993,1.0,478.438,310.47,1.0,484.155,322.929,1.0,489.992,324.232,1.0,499.711,317.807,1.0,872.381,640.306,1.0,877.478,651.751,1.0,879.907,660.607,1.0,882.686,666.298,1.0,890.423,678.154,1.0,516.488,540.822,1.0,524.189,542.99,1.0,526.813,536.543,1.0,522.357,525.655,1.0,517.97,522.186,1.0,823.485,433.237,1.0,830.748,426.448,1.0,833.855,420.709,1.0,837.528,416.729,1.0,847.815,407.416,1.0
217,553.375,387.468,1.0,547.479,391.334,1.0,541.028,381.681,1.0,537.286,375.811,1.0,544.628,367.723,1.0,469.767,308.697,1.0,478.226,310.47,1.0,484.036,322.168,1.0,487.488,314.96,1.0,499.215,317.855,1.0,870.872,640.233,1.0,876.125,648.103,1.0,878.401,657.968,1.0,880.729,663.712,1.0,886.17,674.201,1.0,516.488,540.822,1.0,522.927,542.99,1.0,526.607,537.827,1.0,522.314,525.655,1.0,517.97,522.199,1.0,823.485,433.943,1.0,830.665,426.609,1.0,833.358,420.923,1.0,837.232,416.729,1.0,847.528,407.53,1.0
218,554.457,387.468,1.0,549.468,390.974,1.0,542.542,381.643,1.0,537.286,375.456,1.0,545.589,371.117,1.0,464.567,308.378,1.0,477.05,311.825,1.0,483.026,317.505,1.0,486.472,314.868,1.0,497.925,318.085,1.0,870.872,640.306,1.0,876.125,648.103,1.0,877.713,657.968,1.0,880.48,663.712,1.0,886.17,672.803,1.0,512.627,542.313,1.0,522.927,542.99,1.0,526.607,537.827,1.0,522.314,525.655,1.0,517.959,522.503,1.0,823.485,434.181,1.0,830.665,427.347,1.0,833.006,422.165,1.0,836.89,416.741,1.0,842.433,408.129,1.0
219,557.828,387.468,1.0,551.526,390.246,1.0,542.542,381.643,1.0,537.286,375.456,1.0,545.663,373.196,1.0,462.242,306.851,1.0,467.344,311.939,1.0,478.539,315.945,1.0,484.912,314.326,1.0,495.922,318.963,1.0,870.872,641.676,1.0,876.125,648.103,1.0,877.713,657.968,1.0,880.48,663.712,1.0,886.17,672.803,1.0,512.627,542.612,1.0,522.927,542.99,1.0,526.607,537.827,1.0,522.314,525.595,1.0,517.841,522.503,1.0,825.451,434.795,1.0,830.748,430.189,1.0,831.532,424.648,1.0,835.414,417.796,1.0,842.389,410.993,1.0
220,558.217,387.924,1.0,552.382,390.246,1.0,542.542,381.745,1.0,537.286,375.474,1.0,545.589,374.628,1.0,462.085,306.378,1.0,467.202,311.995,1.0,478.037,315.467,1.0,484.433,314.326,1.0,494.344,318.963,1.0,873.144,641.676,1.0,877.194,651.982,1.0,877.713,660.519,1.0,880.48,664.506,1.0,886.384,672.803,1.0,516.504,544.633,1.0,526.933,540.038,1.0,525.857,535.553,1.0,522.314,525.053,1.0,517.146,522.503,1.0,833.171,443.974,1.0,834.204,433.988,1.0,831.026,424.849,1.0,832.883,420.079,1.0,842.161,411.67,1.0
221,558.324,388.868,1.0,552.678,389.747,1.0,544.362,382.972,1.0,537.25,375.811,1.0,544.91,374.628,1.0,461.095,306.03,1.0,466.537,311.939,1.0,478.017,315.463,1.0,484.188,314.326,1.0,494.31,318.983,1.0,873.242,642.068,1.0,877.372,652.451,1.0,877.713,661.274,1.0,881.485,666.718,1.0,889.755,676.962,1.0,519.825,546.328,1.0,528.445,539.707,1.0,525.857,535.217,1.0,522.314,524.954,1.0,516.857,522.501,1.0,835.089,445.249,1.0,834.471,434.015,1.0,830.993,425.228,1.0,832.594,420.248,1.0,841.643,412.124,1.0
222,558.324,389.041,1.0,552.909,389.938,1.0,542.568,383.372,1.0,537.574,376.053,1.0,545.589,374.628,1.0,461.095,306.03,1.0,466.537,311.939,1.0,477.994,315.463,1.0,483.908,314.354,1.0,494.288,318.992,1.0,873.409,646.502,1.0,877.378,652.451,1.0,877.713,661.592,1.0,881.761,666.839,1.0,889.755,677.103,1.0,526.363,546.328,1.0,529.701,539.162,1.0,525.857,534.674,1.0,522.029,524.661,1.0,516.857,522.377,1.0,835.179,445.884,1.0,835.598,434.539,1.0,830.993,425.228,1.0,831.716,420.968,1.0,841.643,412.195,1.0
223,563.782,396.512,1.0,558.678,390.246,1.0,542.568,384.471,1.0,537.649,377.318,1.0,545.802,373.716,1.0,461.095,306.03,1.0,466.537,311.831,1.0,477.994,315.456,1.0,483.908,314.354,1.0,494.178,318.983,1.0,880.205,646.789,1.0,877.618,652.451,1.0,877.248,661.592,1.0,881.761,667.464,1.0,889.755,677.103,1.0,527.302,546.328,1.0,529.893,538.776,1.0,525.857,534.322,1.0,521.73,524.661,1.0,517.146,522.105,1.0,835.179,446.51,1.0,835.598,436.121,1.0,830.993,425.624,1.0,831.703,421.716,1.0,841.643,413.155,1.0
224,563.956,396.905,1.0,559.235,390.593,1.0,542.585,388.107,1.0,537.767,377.318,1.0,545.802,371.005,1.0,462.728,306.418,1.0,466.654,311.76,1.0,478.017,314.928,1.0,483.908,314.634,1.0,493.952,318.983,1.0,885.65,652.097,1.0,879.385,652.532,1.0,877.248,661.592,1.0,881.761,667.464,1.0,889.376,677.103,1.0,529.243,546.328,1.0,529.893,538.485,1.0,525.857,534.278,1.0,521.343,524.661,1.0,517.146,522.103,1.0,835.14,446.51,1.0,835.598,436.121,1.0,831.026,425.624,1.0,831.703,421.716,1.0,841.633,413.635,1.0
225,564.342,396.984,1.0,559.266,390.593,1.0,542.86,388.107,1.0,537.837,377.318,1.0,545.802,371.005,1.0,463.65,309.926,1.0,468.87,311.76,1.0,477.983,314.926,1.0,485.168,314.634,1.0,493.92,318.992,1.0,889.458,654.195,1.0,882.888,653.132,1.0,877.248,659.144,1.0,879.855,667.464,1.0,889.189,675.499,1.0,530.903,546.204,1.0,529.701,537.863,1.0,525.359,534.278,1.0,521.018,524.661,1.0,517.199,521.612,1.0,835.14,446.51,1.0,835.585,436.121,1.0,831.142,425.624,1.0,831.703,421.716,1.0,841.513,413.725,1.0
226,564.598,397.302,1.0,559.548,390.935,1.0,542.86,388.107,1.0,538.263,377.318,1.0,545.802,371.005,1.0,463.65,316.983,1.0,468.971,311.831,1.0,477.736,314.036,1.0,485.168,318.782,1.0,493.904,319.225,1.0,889.631,656.143,1.0,883.377,655.513,1.0,878.574,657.19,1.0,878.888,666.896,1.0,889.189,675.117,1.0,533.751,543.863,1.0,529.701,537.234,1.0,525.198,534.322,1.0,520.378,524.691,1.0,517.24,521.612,1.0,832.895,446.17,1.0,835.557,434.349,1.0,832.132,425.027,1.0,832.454,421.215,1.0,841.513,413.725,1.0
227,564.598,397.362,1.0,560.152,391.043,1.0,544.114,388.107,1.0,538.263,377.318,1.0,545.141,371.663,1.0,462.728,319.745,1.0,468.971,313.375,1.0,477.24,314.033,1.0,485.168,318.782,1.0,493.741,319.225,1.0,890.95,657.034,1.0,885.005,656.559,1.0,878.743,657.19,1.0,878.757,665.18,1.0,889.376,674.72,1.0,536.536,541.09,1.0,530.024,537.234,1.0,525.198,534.803,1.0,520.378,525.668,1.0,517.442,521.612,1.0,830.144,433.761,1.0,832.814,433.734,1.0,833.405,425.027,1.0,832.769,421.215,1.0,841.513,413.889,1.0
228,565.184,397.784,1.0,560.804,391.043,1.0,544.811,388.107,1.0,538.263,377.589,1.0,543.775,371.949,1.0,462.128,319.745,1.0,468.971,315.159,1.0,477.239,314.033,1.0,484.415,318.782,1.0,493.182,319.266,1.0,897.352,659.713,1.0,892.225,658.795,1.0,878.743,656.769,1.0,878.626,663.695,1.0,890.214,674.458,1.0,537.685,537.946,1.0,530.024,537.234,1.0,525.228,536.207,1.0,520.378,525.85,1.0,518.417,521.88,1.0,828.645,433.726,1.0,832.128,431.916,1.0,833.405,424.005,1.0,834.026,420.939,1.0,841.513,414.15,1.0
229,567.189,398.399,1.0,560.91,391.043,1.0,547.068,389.709,1.0,537.951,379.344,1.0,542.409,372.198,1.0,460.537,319.482,1.0,468.859,315.159,1.0,477.239,314.033,1.0,484.415,318.782,1.0,493.182,319.266,1.0,897.871,660.789,1.0,892.236,659.015,1.0,878.979,656.681,1.0,878.506,662.437,1.0,890.36,674.085,1.0,538.428,537.381,1.0,530.299,537.234,1.0,525.326,536.547,1.0,520.885,525.85,1.0,518.464,522.722,1.0,827.041,433.112,1.0,829.408,431.916,1.0,833.405,424.005,1.0,834.026,420.342,1.0,841.759,414.15,1.0
230,567.691,398.987,1.0,561.348,388.155,1.0,548.506,389.709,1.0,537.951,380.396,1.0,542.409,373.079,1.0,460.537,319.745,1.0,468.859,315.159,1.0,477.239,314.434,1.0,484.183,318.782,1.0,493.182,319.087,1.0,902.483,661.08,1.0,895.099,660.337,1.0,879.176,656.681,1.0,878.487,662.437,1.0,891.162,673.613,1.0,539.317,536.639,1.0,530.816,537.248,1.0,525.326,536.704,1.0,520.964,525.854,1.0,518.901,522.793,1.0,827.041,432.972,1.0,829.408,431.667,1.0,833.282,425.146,1.0,835.005,420.085,1.0,841.86,414.15,1.0
231,568.055,399.164,1.0,561.443,388.104,1.0,549.44,389.709,1.0,537.951,380.884,1.0,542.409,373.664,1.0,460.537,319.482,1.0,468.859,314.523,1.0,477.658,314.77,1.0,484.164,318.436,1.0,493.263,319.032,1.0,904.238,661.531,1.0,896.697,660.991,1.0,879.952,657.116,1.0,877.685,663.558,1.0,892.117,672.893,1.0,540.63,535.215,1.0,531.552,537.248,1.0,525.786,536.704,1.0,520.964,525.946,1.0,518.94,523.183,1.0,824.307,430.742,1.0,829.408,430.192,1.0,832.324,425.585,1.0,835.502,418.843,1.0,841.983,412.632,1.0
232,569.946,400.244,1.0,561.443,388.104,1.0,550.422,389.561,1.0,538.188,381.56,1.0,541.744,374.159,1.0,467.117,318.256,1.0,473.272,313.962,1.0,481.337,316.601,1.0,483.471,318.436,1.0,495.384,319.017,1.0,904.569,661.531,1.0,896.697,661.167,1.0,881.541,657.116,1.0,877.685,662.304,1.0,892.117,671.983,1.0,541.633,534.754,1.0,533.45,537.188,1.0,526.424,536.704,1.0,520.885,526.131,1.0,519.069,523.184,1.0,823.185,431.526,1.0,829.332,430.782,1.0,832.324,425.146,1.0,835.005,417.48,1.0,842.159,412.226,1.0
233,569.946,400.244,1.0,561.661,388.155,1.0,550.422,389.478,1.0,538.311,381.758,1.0,541.427,374.311,1.0,474.147,304.653,1.0,477.513,313.081,1.0,481.337,317.656,1.0,483.426,318.715,1.0,495.601,318.692,1.0,905.267,661.531,1.0,896.697,661.314,1.0,883.199,657.753,1.0,877.632,663.558,1.0,892.117,671.515,1.0,541.725,533.497,1.0,535.044,536.93,1.0,526.608,536.704,1.0,520.833,528.179,1.0,519.069,523.184,1.0,822.485,431.526,1.0,829.332,430.782,1.0,832.324,425.146,1.0,834.803,417.48,1.0,842.187,412.183,1.0
234,569.946,400.244,1.0,561.814,388.806,1.0,550.708,389.478,1.0,538.871,381.852,1.0,541.364,374.507,1.0,476.15,303.833,1.0,479.429,311.265,1.0,481.337,317.656,1.0,483.37,318.537,1.0,495.601,318.692,1.0,906.25,657.373,1.0,892.726,661.314,1.0,886.417,659.011,1.0,876.465,663.873,1.0,892.004,671.414,1.0,544.67,532.763,1.0,536.382,536.319,1.0,527.312,536.691,1.0,520.782,530.864,1.0,519.52,523.38,1.0,822.485,431.526,1.0,829.332,430.782,1.0,832.177,425.868,1.0,834.803,417.48,1.0,842.188,412.09,1.0
235,570.022,400.244,1.0,562.634,388.913,1.0,551.227,389.561,1.0,542.24,384.519,1.0,541.334,374.836,1.0,477.192,302.592,1.0,479.63,311.265,1.0,480.629,317.656,1.0,483.37,318.537,1.0,495.384,318.692,1.0,906.466,657.142,1.0,892.726,661.167,1.0,887.546,659.686,1.0,876.465,664.386,1.0,891.357,671.414,1.0,546.012,532.763,1.0,536.382,534.683,1.0,527.722,536.286,1.0,519.965,530.864,1.0,521.022,523.38,1.0,821.325,432.584,1.0,828.13,432.439,1.0,832.433,425.538,1.0,833.903,418.009,1.0,842.188,411.832,1.0
236,570.266,400.562,1.0,564.987,390.249,1.0,552.546,389.868,1.0,544.718,387.614,1.0,539.928,375.791,1.0,477.282,302.481,1.0,479.63,311.265,1.0,480.629,314.451,1.0,483.37,318.572,1.0,494.673,318.692,1.0,906.754,656.946,1.0,892.726,660.681,1.0,888.914,660.647,1.0,877.121,665.24,1.0,891.204,671.305,1.0,546.012,533.497,1.0,536.382,534.683,1.0,527.722,536.286,1.0,520.782,530.864,1.0,521.022,521.758,1.0,820.403,432.584,1.0,828.13,432.439,1.0,832.433,424.952,1.0,833.903,418.009,1.0,842.352,411.69,1.0
237,570.353,400.811,1.0,566.065,391.286,1.0,553.839,391.592,1.0,547.283,389.714,1.0,539.928,376.806,1.0,477.515,302.481,1.0,479.429,311.001,1.0,480.629,313.587,1.0,483.426,318.572,1.0,494.505,318.692,1.0,906.963,656.946,1.0,893.302,659.503,1.0,889.605,661.509,1.0,877.121,665.508,1.0,891.109,671.414,1.0,546.012,534.055,1.0,535.66,534.683,1.0,526.866,536.165,1.0,520.833,530.431,1.0,519.749,521.758,1.0,820.403,432.584,1.0,828.13,432.439,1.0,832.397,424.952,1.0,833.903,418.009,1.0,842.352,411.308,1.0
238,571.639,401.179,1.0,566.408,392.456,1.0,555.283,391.948,1.0,548.884,390.341,1.0,539.928,377.573,1.0,478.029,299.247,1.0,478.392,308.089,1.0,480.629,312.068,1.0,485.348,318.537,1.0,493.346,318.599,1.0,907.378,656.946,1.0,893.882,659.114,1.0,889.605,661.509,1.0,877.718,665.508,1.0,890.972,671.962,1.0,538.709,536.54,1.0,532.026,536.43,1.0,526.866,535.411,1.0,521.284,526.846,1.0,519.749,521.758,1.0,820.403,433.488,1.0,830.132,426.844,1.0,832.397,423.909,1.0,836.553,417.594,1.0,842.439,410.881,1.0
239,571.639,401.179,1.0,566.761,392.586,1.0,556.368,391.948,1.0,549.939,390.595,1.0,539.962,377.722,1.0,478.097,299.214,1.0,478.093,307.77,1.0,480.629,311.776,1.0,485.348,318.32,1.0,493.303,318.515,1.0,908.95,656.098,1.0,896.4,658.953,1.0,889.605,661.509,1.0,877.732,665.508,1.0,884.275,673.573,1.0,534.554,543.035,1.0,531.609,537.346,1.0,526.296,535.088,1.0,521.356,525.977,1.0,518.764,521.258,1.0,836.836,433.273,1.0,831.67,422.946,1.0,832.433,423.531,1.0,836.553,417.594,1.0,843.93,410.879,1.0
240,571.964,401.302,1.0,566.772,392.723,1.0,557.879,391.592,1.0,550.1,390.825,1.0,540.483,377.901,1.0,478.69,292.244,1.0,478.086,303.571,1.0,480.4,310.334,1.0,485.348,317.391,1.0,493.2,316.781,1.0,913.829,653.238,1.0,900.519,658.953,1.0,889.283,657.267,1.0,877.895,664.981,1.0,883.804,673.641,1.0,529.409,543.035,1.0,529.725,537.961,1.0,526.296,534.855,1.0,521.834,524.857,1.0,518.764,521.746,1.0,839.863,432.069,1.0,833.662,422.946,1.0,832.397,423.531,1.0,836.553,416.284,1.0,844.546,410.183,1.0
241,571.964,401.179,1.0,566.772,392.723,1.0,558.471,391.561,1.0,551.771,390.825,1.0,541.534,378.83,1.0,478.694,291.333,1.0,477.631,302.982,1.0,479.624,309.407,1.0,484.521,317.391,1.0,493.189,316.603,1.0,913.991,653.155,1.0,901.812,659.114,1.0,889.283,657.02,1.0,879.422,664.981,1.0,882.963,673.947,1.0,522.299,543.035,1.0,527.87,538.011,1.0,526.154,534.317,1.0,522.536,524.857,1.0,518.743,521.174,1.0,842.155,433.273,1.0,836.254,422.946,1.0,832.397,423.531,1.0,836.298,416.284,1.0,844.546,410.183,1.0
242,575.002,400.917,1.0,569.098,398.385,1.0,559.709,391.561,1.0,554.316,391.464,1.0,541.872,381.017,1.0,478.694,291.292,1.0,476.996,302.58,1.0,479.326,309.215,1.0,484.111,317.391,1.0,493.189,316.347,1.0,914.714,652.448,1.0,906.243,659.199,1.0,889.283,656.229,1.0,884.091,664.86,1.0,880.3,673.947,1.0,516.198,542.631,1.0,527.563,538.011,1.0,525.785,534.07,1.0,523.164,524.857,1.0,518.743,521.174,1.0,843.353,433.481,1.0,839.72,425.67,1.0,830.882,426.292,1.0,836.178,416.871,1.0,844.546,410.183,1.0
243,575.722,400.821,1.0,569.264,398.596,1.0,559.865,391.561,1.0,554.595,391.538,1.0,544.571,381.192,1.0,478.69,291.292,1.0,476.927,302.482,1.0,479.316,309.025,1.0,484.047,317.479,1.0,492.978,316.199,1.0,914.714,652.13,1.0,906.243,659.371,1.0,889.683,656.252,1.0,884.091,664.659,1.0,880.071,673.947,1.0,516.198,540.598,1.0,526.921,537.961,1.0,526.154,533.606,1.0,523.164,524.99,1.0,518.821,521.422,1.0,843.353,433.481,1.0,839.973,426.937,1.0,830.685,426.368,1.0,835.79,416.437,1.0,844.269,410.801,1.0
244,575.804,400.821,1.0,569.316,398.596,1.0,560.009,391.574,1.0,554.595,391.748,1.0,544.647,381.383,1.0,478.407,291.038,1.0,476.14,302.265,1.0,479.287,309.025,1.0,483.88,317.479,1.0,492.929,316.178,1.0,915.119,652.13,1.0,906.662,659.371,1.0,889.719,657.02,1.0,884.325,664.584,1.0,880.071,673.311,1.0,516.198,540.598,1.0,526.521,537.678,1.0,525.785,533.834,1.0,523.473,524.997,1.0,518.934,521.649,1.0,843.353,433.481,1.0,839.973,426.937,1.0,830.685,426.368,1.0,835.79,416.047,1.0,843.691,410.801,1.0
245,575.804,400.821,1.0,569.316,398.955,1.0,560.009,391.677,1.0,554.658,391.748,1.0,544.889,381.534,1.0,478.318,291.038,1.0,475.977,302.084,1.0,479.264,309.215,1.0,483.88,317.479,1.0,492.844,316.178,1.0,915.119,652.13,1.0,906.662,659.199,1.0,890.301,656.252,1.0,884.814,664.276,1.0,880.071,672.908,1.0,514.03,540.142,1.0,524.823,537.678,1.0,525.726,533.834,1.0,523.473,524.997,1.0,518.968,521.48,1.0,842.216,433.481,1.0,839.973,426.937,1.0,830.882,426.368,1.0,836.178,416.047,1.0,843.623,410.801,1.0
246,575.722,402.338,1.0,569.264,398.596,1.0,559.865,391.677,1.0,554.595,392.127,1.0,544.962,381.534,1.0,478.149,290.539,1.0,475.662,301.477,1.0,479.043,309.371,1.0,483.853,316.715,1.0,492.609,315.036,1.0,915.119,652.191,1.0,906.662,658.796,1.0,891.138,656.229,1.0,885.228,663.38,1.0,880.12,671.988,1.0,514.244,539.398,1.0,522.906,537.678,1.0,525.726,533.834,1.0,523.41,525.078,1.0,519.545,521.593,1.0,828.794,429.064,1.0,835.095,422.984,1.0,832.324,423.615,1.0,838.515,416.437,1.0,843.623,409.391,1.0
247,572.523,402.574,1.0,568.505,398.504,1.0,559.798,391.574,1.0,553.667,392.127,1.0,544.889,381.534,1.0,473.595,289.008,1.0,475.158,300.872,1.0,478.879,309.371,1.0,483.016,315.207,1.0,492.082,314.864,1.0,920.71,652.779,1.0,911.936,657.763,1.0,896.571,656.047,1.0,887.725,663.38,1.0,881.705,669.415,1.0,514.244,539.398,1.0,521.344,540.057,1.0,525.125,534.527,1.0,523.41,525.229,1.0,519.545,521.649,1.0,826.508,423.344,1.0,834.787,422.024,1.0,832.324,423.615,1.0,840.171,416.437,1.0,843.29,409.376,1.0
248,570.425,403.957,1.0,568.097,397.835,1.0,559.592,391.768,1.0,553.667,392.127,1.0,544.889,381.534,1.0,471.138,287.482,1.0,475.048,298.524,1.0,478.802,309.371,1.0,482.16,313.993,1.0,491.449,314.864,1.0,921.004,652.779,1.0,912.105,657.723,1.0,896.716,656.047,1.0,888.02,662.93,1.0,881.705,669.353,1.0,514.03,540.888,1.0,521.268,540.267,1.0,525.125,535.053,1.0,522.997,525.099,1.0,519.586,521.718,1.0,825.547,418.313,1.0,832.239,420.42,1.0,832.324,423.615,1.0,843.555,418.105,1.0,842.838,406.877,1.0
249,570.211,403.957,1.0,565.484,397.401,1.0,559.592,391.559,1.0,554.658,391.107,1.0,543.118,381.328,1.0,469.244,284.87,1.0,473.62,296.664,1.0,478.802,307.486,1.0,482.022,312.008,1.0,490.882,314.864,1.0,922.968,652.779,1.0,913.925,656.16,1.0,898.868,656.047,1.0,889.736,661.683,1.0,881.867,668.788,1.0,514.03,540.605,1.0,521.268,540.267,1.0,524.977,535.105,1.0,522.997,525.099,1.0,519.574,521.718,1.0,823.137,415.933,1.0,831.393,420.03,1.0,831.704,426.041,1.0,843.981,418.995,1.0,842.838,406.673,1.0
250,558.184,402.574,1.0,565.032,397.401,1.0,559.592,391.559,1.0,555.02,390.548,1.0,543.073,381.328,1.0,468.664,284.831,1.0,473.175,295.803,1.0,476.754,306.649,1.0,480.103,310.752,1.0,489.317,321.219,1.0,922.968,650.076,1.0,914.064,655.16,1.0,900.314,656.367,1.0,889.954,661.356,1.0,881.867,668.319,1.0,514.244,540.888,1.0,521.268,540.267,1.0,524.977,535.105,1.0,522.997,525.138,1.0,519.545,521.998,1.0,823.038,415.265,1.0,831.393,417.833,1.0,831.704,426.041,1.0,844.064,419.489,1.0,842.838,406.673,1.0
251,555.708,402.574,1.0,562.408,397.401,1.0,564.007,392.221,1.0,556.571,390.509,1.0,543.073,381.328,1.0,468.238,282.703,1.0,472.736,295.803,1.0,476.353,306.128,1.0,480.081,310.579,1.0,488.678,321.219,1.0,923.203,650.04,1.0,914.216,649.014,1.0,901.058,656.367,1.0,890.73,661.356,1.0,881.867,667.234,1.0,517.804,543.997,1.0,522.131,539.867,1.0,525.822,535.105,1.0,523.026,525.229,1.0,518.525,522.044,1.0,822.586,415.059,1.0,831.143,417.27,1.0,831.704,426.041,1.0,844.064,419.502,1.0,842.747,406.877,1.0
252,554.714,404.275,1.0,561.301,398.7,1.0,564.007,394.175,1.0,556.588,390.507,1.0,543.073,381.703,1.0,468.238,282.6,1.0,472.467,295.803,1.0,476.295,305.494,1.0,479.777,310.27,1.0,488.562,321.219,1.0,922.968,649.836,1.0,914.216,648.654,1.0,901.278,656.367,1.0,890.798,661.172,1.0,882.118,667.153,1.0,517.804,540.888,1.0,524.006,536.228,1.0,526.043,534.709,1.0,523.081,525.239,1.0,518.481,522.471,1.0,821.928,412.173,1.0,829.565,414.711,1.0,830.903,422.917,1.0,843.981,419.781,1.0,842.529,406.888,1.0
253,550.881,406.788,1.0,559.047,402.634,1.0,564.007,394.279,1.0,556.588,390.507,1.0,543.1,382.193,1.0,467.919,282.6,1.0,471.04,294.989,1.0,475.453,304.495,1.0,479.577,310.27,1.0,488.36,317.339,1.0,922.861,649.642,1.0,913.925,648.654,1.0,901.278,656.28,1.0,890.798,660.693,1.0,882.166,667.153,1.0,517.804,540.605,1.0,524.006,535.846,1.0,526.083,534.709,1.0,523.081,526.124,1.0,518.287,522.632,1.0,821.324,412.044,1.0,828.983,414.185,1.0,830.903,422.084,1.0,843.619,419.781,1.0,842.421,407.014,1.0
254,551.736,407.15,1.0,559.047,402.893,1.0,562.766,394.817,1.0,556.571,390.509,1.0,543.073,382.193,1.0,467.601,282.6,1.0,470.552,293.763,1.0,475.061,303.507,1.0,479.197,310.27,1.0,484.624,316.806,1.0,922.685,649.642,1.0,914.184,648.654,1.0,901.16,655.603,1.0,890.798,660.693,1.0,882.299,667.221,1.0,514.369,533.882,1.0,524.006,535.691,1.0,526.083,534.709,1.0,523.026,526.624,1.0,518.261,523.559,1.0,819.67,410.379,1.0,825.225,410.687,1.0,830.903,421.003,1.0,840.242,421.225,1.0,842.293,407.961,1.0
255,552.196,414.963,1.0,559.047,402.954,1.0,562.37,395.495,1.0,549.312,390.928,1.0,543.1,382.193,1.0,465.072,286.039,1.0,468.838,293.047,1.0,474.927,301.868,1.0,477.853,312.628,1.0,484.351,316.503,1.0,921.539,649.642,1.0,913.763,648.691,1.0,901.16,655.337,1.0,890.653,660.382,1.0,882.36,667.234,1.0,512.845,532.749,1.0,522.855,535.075,1.0,526.083,534.709,1.0,522.774,526.624,1.0,518.069,523.899,1.0,815.628,404.896,1.0,823.534,408.644,1.0,824.913,417.911,1.0,833.416,422.688,1.0,841.777,410.673,1.0
256,552.196,415.795,1.0,559.047,402.984,1.0,561.758,395.828,1.0,549.051,391.17,1.0,543.264,380.803,1.0,463.121,286.039,1.0,467.847,292.554,1.0,474.9,301.628,1.0,476.852,312.628,1.0,483.507,316.503,1.0,919.381,657.68,1.0,913.109,657.742,1.0,900.63,655.268,1.0,890.007,660.382,1.0,882.453,667.623,1.0,512.616,532.309,1.0,517.92,534.98,1.0,526.163,535.011,1.0,522.59,526.624,1.0,518.069,524.408,1.0,814.77,403.268,1.0,823.209,408.638,1.0,824.056,417.1,1.0,832.756,422.775,1.0,840.112,415.992,1.0
257,552.196,417.394,1.0,559.047,404.541,1.0,560.056,396.107,1.0,548.422,391.823,1.0,543.264,380.494,1.0,462.471,286.039,1.0,466.589,291.886,1.0,473.903,301.587,1.0,475.461,312.628,1.0,481.338,315.913,1.0,913.882,660.153,1.0,912.555,657.75,1.0,899.733,654.607,1.0,889.372,660.697,1.0,882.453,668.015,1.0,510.846,532.217,1.0,516.31,534.98,1.0,525.653,535.053,1.0,522.59,526.624,1.0,518.116,524.408,1.0,814.77,402.631,1.0,823.209,408.448,1.0,823.384,416.816,1.0,832.237,423.278,1.0,839.99,416.914,1.0
258,552.581,417.628,1.0,558.796,404.962,1.0,560.049,396.134,1.0,548.422,391.897,1.0,543.131,380.494,1.0,461.778,285.222,1.0,466.023,290.9,1.0,472.127,300.827,1.0,474.788,312.29,1.0,481.271,315.6,1.0,910.654,665.03,1.0,908.261,659.74,1.0,897.857,653.941,1.0,888.466,661.768,1.0,882.453,668.728,1.0,510.779,532.217,1.0,516.247,535.075,1.0,525.566,536.619,1.0,522.59,526.624,1.0,518.261,524.408,1.0,814.7,402.239,1.0,822.478,408.448,1.0,823.296,416.816,1.0,832.034,423.419,1.0,839.295,417.146,1.0
259,552.581,417.768,1.0,558.796,405.824,1.0,559.161,396.594,1.0,548.422,392.282,1.0,543.272,380.803,1.0,461.778,285.061,1.0,465.776,290.753,1.0,471.901,300.74,1.0,474.609,311.893,1.0,481.153,315.422,1.0,905.849,666.043,1.0,905.367,659.833,1.0,897.857,652.404,1.0,888.466,661.768,1.0,881.728,669.848,1.0,506.418,532.217,1.0,514.082,534.98,1.0,524.22,536.619,1.0,522.844,530.754,1.0,518.12,518.343,1.0,814.244,400.835,1.0,822.291,407.709,1.0,823.149,416.718,1.0,832.034,423.419,1.0,839.295,417.243,1.0
260,552.581,417.768,1.0,558.796,407.013,1.0,557.74,396.605,1.0,548.422,392.342,1.0,543.272,381.193,1.0,461.746,284.948,1.0,465.545,290.534,1.0,471.742,300.74,1.0,474.56,311.325,1.0,481.095,315.356,1.0,904.233,666.119,1.0,902.932,660.578,1.0,897.857,652.404,1.0,888.466,661.768,1.0,881.728,669.927,1.0,505.321,532.342,1.0,513.168,533.826,1.0,522.499,536.619,1.0,523.097,530.754,1.0,518.585,517.863,1.0,814.041,400.835,1.0,818.525,407.094,1.0,822.756,416.513,1.0,828.587,423.366,1.0,838.175,417.719,1.0
261,552.434,418.059,1.0,558.484,407.915,1.0,557.74,397.143,1.0,548.422,392.849,1.0,543.272,382.214,1.0,461.72,284.896,1.0,465.168,289.808,1.0,471.595,299.65,1.0,474.074,310.158,1.0,480.901,315.356,1.0,900.96,672.312,1.0,902.464,662.375,1.0,899.645,652.404,1.0,889.179,658.98,1.0,881.728,670.713,1.0,504.899,532.954,1.0,512.039,533.826,1.0,522.164,536.513,1.0,523.097,530.754,1.0,520.073,516.778,1.0,810.073,400.835,1.0,813.995,407.033,1.0,822.752,416.718,1.0,825.204,423.366,1.0,834.798,418.679,1.0
262,551.799,418.059,1.0,554.625,409.274,1.0,556.942,398.235,1.0,549.865,392.849,1.0,544.826,382.942,1.0,461.366,284.209,1.0,463.716,286.975,1.0,471.105,296.267,1.0,472.628,306.338,1.0,478.955,311.341,1.0,891.76,672.925,1.0,899.515,663.237,1.0,899.645,653.055,1.0,889.378,658.329,1.0,881.903,670.713,1.0,504.899,533.078,1.0,512.039,537.532,1.0,521.57,536.513,1.0,522.924,530.906,1.0,518.585,517.863,1.0,810.051,401.518,1.0,813.592,407.033,1.0,822.286,416.718,1.0,824.925,423.262,1.0,834.676,419.285,1.0
263,551.576,416.246,1.0,553.613,409.274,1.0,556.53,398.235,1.0,550.673,393.481,1.0,545.525,383.595,1.0,460.303,277.663,1.0,463.716,283.27,1.0,468.189,295.156,1.0,470.263,299.19,1.0,476.258,309.963,1.0,890.767,672.983,1.0,898.138,663.237,1.0,899.645,653.752,1.0,889.378,657.797,1.0,881.989,670.713,1.0,504.808,534.029,1.0,511.801,537.096,1.0,521.07,536.4,1.0,522.844,530.906,1.0,521.077,517.863,1.0,810.008,401.518,1.0,813.592,406.96,1.0,822.286,416.529,1.0,824.163,423.197,1.0,834.215,419.681,1.0
264,551.576,413.142,1.0,553.613,409.274,1.0,556.53,398.235,1.0,550.71,393.481,1.0,545.525,383.595,1.0,457.237,276.686,1.0,463.467,283.25,1.0,468.07,294.834,1.0,469.985,297.793,1.0,474.981,309.963,1.0,890.1,674.784,1.0,897.404,664.689,1.0,898.718,656.208,1.0,889.179,657.797,1.0,881.989,670.552,1.0,503.651,534.926,1.0,510.868,537.096,1.0,520.429,536.4,1.0,522.291,530.906,1.0,521.359,519.158,1.0,810.008,401.641,1.0,813.592,406.949,1.0,822.28,416.513,1.0,824.105,422.723,1.0,833.652,420.193,1.0
265,551.799,413.44,1.0,554.625,405.562,1.0,556.561,398.0,1.0,550.71,392.765,1.0,545.525,382.942,0.9980000257492065,457.096,275.94,1.0,463.132,282.969,1.0,467.952,294.746,1.0,469.857,297.6,1.0,474.693,309.594,1.0,890.1,677.226,1.0,897.404,665.894,1.0,896.743,658.641,1.0,889.179,657.666,1.0,881.989,669.676,1.0,499.502,535.599,1.0,509.461,537.096,1.0,518.404,536.4,1.0,519.419,532.32,1.0,521.488,520.834,1.0,809.277,401.641,1.0,815.205,404.835,1.0,821.677,413.233,1.0,822.173,419.738,1.0,831.117,419.681,1.0
266,552.261,413.44,0.9810000061988831,560.968,405.562,1.0,556.561,397.5,1.0,550.71,392.682,1.0,544.92,381.217,1.0,456.413,275.891,1.0,463.132,282.918,1.0,467.952,294.659,1.0,469.846,297.428,1.0,474.183,309.578,1.0,890.1,678.152,1.0,897.404,671.078,1.0,896.743,660.919,1.0,889.876,657.666,1.0,881.989,669.637,1.0,498.944,539.359,1.0,508.958,536.098,1.0,518.017,532.431,1.0,518.324,534.103,1.0,523.131,522.32,1.0,809.277,401.515,1.0,815.205,401.27,1.0,817.705,411.026,1.0,822.173,410.947,1.0,831.117,419.681,1.0
267,553.377,413.44,1.0,561.173,405.303,1.0,558.758,397.5,1.0,548.939,391.192,1.0,544.182,377.745,1.0,456.33,275.78,1.0,462.99,282.918,1.0,467.939,294.659,1.0,469.691,297.129,1.0,474.154,309.546,1.0,890.569,684.364,1.0,897.391,675.027,1.0,896.743,663.733,1.0,889.642,658.28,1.0,882.134,669.169,1.0,497.845,540.336,1.0,508.917,536.098,1.0,517.171,531.495,1.0,517.965,534.343,1.0,524.731,522.687,1.0,808.868,398.332,1.0,815.205,400.858,1.0,817.307,410.281,1.0,822.173,410.39,1.0,831.117,420.193,1.0
268,553.379,413.749,1.0,561.198,405.303,1.0,558.819,397.837,1.0,548.762,390.866,1.0,544.182,377.745,1.0,456.33,275.737,1.0,462.952,282.881,1.0,467.952,294.569,1.0,469.68,296.815,1.0,474.154,309.594,1.0,891.414,687.36,1.0,897.81,677.973,1.0,896.912,666.387,1.0,889.649,658.749,1.0,882.767,666.008,1.0,497.207,540.336,1.0,508.781,536.098,1.0,515.957,531.084,1.0,517.694,534.405,1.0,524.731,523.017,1.0,808.022,390.326,1.0,812.769,397.964,1.0,816.634,409.953,1.0,823.45,410.39,1.0,831.187,420.763,1.0
269,553.379,413.749,1.0,561.469,405.303,1.0,558.819,397.837,1.0,548.762,390.866,1.0,543.955,377.745,1.0,456.197,275.78,1.0,462.933,282.881,1.0,467.971,294.348,1.0,469.68,296.294,1.0,474.154,309.594,1.0,891.478,687.46,1.0,898.48,678.455,1.0,896.912,667.733,1.0,889.649,659.294,1.0,882.89,659.814,1.0,496.945,540.123,1.0,508.75,536.505,1.0,515.868,531.084,1.0,517.666,534.509,1.0,524.731,523.47,1.0,808.868,390.191,1.0,812.471,397.838,1.0,816.539,409.928,1.0,823.45,409.725,1.0,831.187,420.763,1.0
270,554.97,413.749,1.0,561.469,405.034,1.0,558.819,397.5,1.0,548.694,390.807,1.0,543.788,378.897,1.0,456.155,275.78,1.0,462.669,282.881,1.0,467.971,293.693,1.0,469.68,295.538,1.0,481.995,309.279,1.0,891.629,687.46,1.0,898.48,678.866,1.0,896.912,668.478,1.0,889.649,659.294,1.0,882.945,657.265,1.0,496.285,540.446,1.0,508.345,536.949,1.0,515.682,531.084,1.0,517.402,534.509,1.0,524.617,523.582,1.0,808.868,390.065,1.0,811.861,397.2,1.0,816.113,409.332,1.0,823.45,409.725,1.0,831.187,420.763,1.0
271,555.555,412.055,0.9020000100135803,561.469,405.034,0.9990000128746033,558.17,394.077,1.0,548.694,390.728,1.0,543.788,380.386,1.0,455.66,275.78,1.0,462.64,282.881,1.0,467.519,293.349,1.0,469.68,295.508,1.0,481.995,309.645,1.0,891.629,687.46,1.0,898.448,679.562,1.0,897.248,668.478,1.0,889.649,659.355,1.0,882.945,657.265,1.0,496.078,540.459,1.0,508.279,536.949,1.0,515.551,531.597,1.0,516.931,534.562,1.0,524.591,524.149,1.0,808.653,387.887,1.0,811.679,395.609,1.0,814.355,407.222,1.0,820.95,409.725,1.0,829.715,419.155,1.0
272,564.656,412.055,1.0,561.198,404.996,1.0,558.17,393.974,1.0,547.863,390.405,1.0,544.774,382.284,1.0,455.472,276.813,1.0,462.572,282.839,1.0,467.308,290.095,1.0,469.68,295.383,1.0,481.995,309.999,1.0,891.414,687.79,1.0,898.448,679.775,1.0,897.015,668.492,1.0,889.694,659.355,1.0,883.065,657.265,1.0,495.626,540.607,1.0,503.308,536.949,1.0,514.81,536.398,1.0,516.779,534.562,1.0,524.411,524.193,1.0,808.022,379.987,1.0,811.036,392.205,1.0,813.789,400.25,1.0,818.379,410.651,1.0,826.886,411.616,1.0
273,564.656,412.055,1.0,557.988,404.542,1.0,558.17,393.191,1.0,547.82,390.265,1.0,544.121,382.284,1.0,451.996,284.333,1.0,461.821,282.839,1.0,467.172,288.103,1.0,471.503,294.955,1.0,481.14,309.645,1.0,891.629,688.007,1.0,897.461,681.52,1.0,896.654,669.028,1.0,890.362,659.562,1.0,883.635,657.265,1.0,492.373,544.685,1.0,498.178,535.212,1.0,509.443,536.641,1.0,516.779,536.125,1.0,524.365,525.62,1.0,807.001,377.576,1.0,809.267,391.601,1.0,813.115,399.832,1.0,814.044,411.603,1.0,826.116,411.279,1.0
274,564.656,415.4,1.0,557.988,405.034,1.0,558.966,393.974,1.0,547.788,390.265,1.0,544.278,382.442,1.0,451.996,287.891,1.0,460.536,282.839,1.0,467.172,287.783,1.0,471.508,294.76,1.0,481.069,309.479,1.0,891.629,688.601,1.0,894.814,682.933,1.0,897.015,672.872,1.0,890.646,660.6,1.0,884.923,657.102,1.0,492.201,544.842,1.0,497.647,534.43,1.0,508.761,536.915,1.0,516.779,538.227,1.0,522.642,533.02,1.0,805.382,377.576,1.0,809.247,391.295,1.0,812.768,398.248,1.0,813.504,411.603,1.0,825.432,411.273,1.0
275,561.613,415.4,1.0,557.988,405.247,1.0,559.567,393.788,1.0,547.785,390.265,1.0,544.278,382.453,1.0,451.994,289.858,1.0,459.971,282.989,1.0,466.799,286.991,1.0,471.508,294.76,1.0,481.045,309.479,1.0,892.65,691.102,1.0,894.737,685.088,1.0,897.464,674.035,1.0,891.131,663.053,1.0,887.043,655.861,1.0,492.201,544.871,1.0,497.647,534.16,1.0,508.761,536.641,1.0,517.178,538.596,1.0,522.642,533.025,1.0,805.38,377.576,1.0,809.226,390.921,1.0,811.955,398.234,1.0,813.197,411.603,1.0,825.257,411.262,1.0
276,560.421,416.351,1.0,558.071,405.033,1.0,559.567,393.191,1.0,547.772,390.265,1.0,544.121,382.992,1.0,451.65,289.858,1.0,459.944,282.989,1.0,466.799,286.824,1.0,471.503,294.683,1.0,480.574,309.074,1.0,892.99,691.912,1.0,894.737,685.959,1.0,897.279,674.039,1.0,891.672,663.108,1.0,887.316,655.861,1.0,492.201,544.871,1.0,497.647,534.16,1.0,508.688,536.398,1.0,517.22,538.596,1.0,522.398,533.025,1.0,805.184,377.601,1.0,809.184,390.921,1.0,811.686,397.963,1.0,812.694,409.591,1.0,820.213,410.68,1.0
277,560.316,416.351,1.0,558.34,405.033,1.0,559.567,393.268,1.0,547.772,390.265,1.0,543.716,382.992,1.0,451.65,290.022,1.0,459.34,282.989,1.0,466.799,286.425,1.0,470.141,294.683,1.0,480.118,307.917,1.0,893.0,691.912,1.0,894.737,686.051,1.0,897.279,674.055,1.0,895.0,664.33,1.0,888.223,655.861,1.0,492.542,544.871,1.0,497.578,534.43,1.0,508.599,535.939,1.0,517.22,538.596,1.0,522.395,533.177,1.0,801.172,384.099,1.0,805.985,388.474,1.0,811.156,394.407,1.0,811.989,406.618,1.0,818.363,410.004,1.0
278,560.316,415.996,1.0,558.355,405.033,1.0,559.534,393.268,1.0,547.772,390.1,1.0,543.305,382.453,1.0,445.138,290.022,1.0,457.39,282.741,1.0,465.749,286.133,1.0,469.701,294.667,1.0,478.626,307.915,1.0,892.99,692.481,1.0,894.702,686.407,1.0,897.279,674.165,1.0,895.0,664.33,1.0,888.223,656.341,1.0,492.559,532.225,1.0,497.657,534.16,1.0,508.599,534.618,1.0,517.178,537.265,1.0,522.293,533.177,1.0,796.207,386.371,1.0,804.597,385.123,1.0,810.889,392.408,1.0,811.622,404.575,1.0,818.363,409.523,1.0
279,560.421,413.127,1.0,558.424,402.236,1.0,557.911,393.074,1.0,547.772,389.447,1.0,542.812,381.866,1.0,445.138,289.832,1.0,457.122,282.741,1.0,465.353,285.884,1.0,469.686,294.667,1.0,478.504,307.758,1.0,892.65,692.955,1.0,894.3,686.8,1.0,897.024,674.699,1.0,895.0,664.33,1.0,888.289,657.808,1.0,497.391,530.602,1.0,497.956,532.711,1.0,506.342,532.159,1.0,517.106,537.265,1.0,522.293,533.021,1.0,795.924,386.371,1.0,804.108,384.783,1.0,810.719,391.962,1.0,811.018,403.86,1.0,818.363,409.072,1.0
280,563.403,413.127,1.0,559.908,400.882,1.0,556.432,392.936,1.0,547.443,389.277,1.0,542.251,378.018,1.0,445.092,289.804,1.0,454.556,282.741,1.0,463.097,285.766,1.0,469.404,294.214,1.0,478.466,307.102,1.0,890.697,700.48,1.0,894.549,690.377,1.0,895.717,675.789,1.0,893.903,666.585,1.0,889.314,659.014,1.0,498.905,524.442,1.0,498.185,531.27,1.0,505.9,532.159,1.0,515.101,536.894,1.0,522.156,532.947,1.0,795.727,386.168,1.0,802.909,384.783,1.0,810.676,391.854,1.0,810.702,402.723,1.0,818.425,408.856,1.0
281,564.218,401.169,1.0,559.908,393.528,1.0,551.402,390.498,1.0,546.233,385.317,1.0,541.596,378.018,1.0,444.957,289.832,1.0,453.992,284.367,1.0,462.168,285.608,1.0,469.318,294.214,1.0,478.26,306.315,1.0,890.697,700.491,1.0,894.549,690.377,1.0,895.717,676.754,1.0,893.903,667.278,1.0,890.356,659.795,1.0,498.905,521.261,1.0,498.349,530.189,1.0,505.167,532.159,1.0,515.091,533.74,1.0,522.153,532.391,1.0,795.924,386.168,1.0,804.108,385.03,1.0,810.616,391.891,1.0,810.424,403.454,1.0,818.425,408.856,1.0
282,565.37,400.746,1.0,559.908,389.404,1.0,551.245,390.015,1.0,545.862,384.936,1.0,541.215,374.558,1.0,444.957,289.832,1.0,453.335,284.773,1.0,460.625,285.766,1.0,468.75,293.722,1.0,476.668,304.955,1.0,890.697,700.491,1.0,894.581,690.377,1.0,895.717,676.754,1.0,893.903,667.278,1.0,890.812,659.795,1.0,498.905,518.376,1.0,498.683,526.956,1.0,502.9,533.343,1.0,512.826,533.455,1.0,521.981,532.391,1.0,795.924,385.756,1.0,804.108,385.03,1.0,809.908,391.854,1.0,810.424,403.24,1.0,818.425,408.856,1.0
283,568.033,391.989,1.0,559.824,386.562,1.0,550.179,389.816,1.0,545.515,384.534,1.0,540.898,374.558,1.0,442.175,289.832,1.0,451.461,284.773,1.0,457.526,285.884,1.0,464.892,293.023,1.0,474.805,301.951,1.0,891.325,700.48,1.0,894.581,690.137,1.0,896.363,676.754,1.0,894.147,667.278,1.0,890.812,659.835,1.0,497.796,515.247,1.0,498.683,524.534,1.0,502.233,533.883,1.0,508.015,530.129,1.0,520.795,532.391,1.0,803.91,385.756,1.0,804.339,385.102,1.0,809.846,391.542,1.0,810.424,402.723,1.0,817.602,408.856,1.0
284,568.033,387.119,1.0,559.824,386.078,1.0,550.179,388.909,1.0,545.165,384.534,1.0,540.886,375.325,1.0,441.085,290.083,1.0,449.36,284.773,1.0,456.207,289.117,1.0,463.085,292.436,1.0,474.544,300.386,1.0,895.157,694.193,1.0,895.0,687.074,1.0,896.394,676.975,1.0,894.147,667.278,1.0,890.894,659.994,1.0,497.571,515.144,1.0,498.349,524.184,1.0,502.233,533.883,1.0,507.847,529.597,1.0,520.756,533.868,1.0,810.578,384.642,1.0,808.527,385.973,1.0,809.846,391.542,1.0,811.092,402.723,1.0,817.233,410.018,1.0
285,568.033,387.119,1.0,559.824,386.078,1.0,550.179,388.717,1.0,545.124,384.534,1.0,540.196,375.521,1.0,439.434,292.288,1.0,448.875,285.101,1.0,456.143,289.534,1.0,463.051,291.916,1.0,474.301,299.658,1.0,898.734,693.754,1.0,896.898,686.465,1.0,896.394,676.975,1.0,894.147,667.278,1.0,890.894,659.994,1.0,497.174,514.806,1.0,498.346,524.077,1.0,502.9,533.343,1.0,507.847,528.972,1.0,520.297,535.166,1.0,822.695,384.642,1.0,813.424,387.054,1.0,809.908,389.951,1.0,811.765,402.504,1.0,817.233,410.018,1.0
286,567.83,387.119,1.0,560.118,386.078,1.0,550.179,388.717,1.0,545.124,384.663,1.0,539.823,375.325,1.0,439.045,292.675,1.0,448.018,285.427,1.0,455.423,289.54,1.0,462.911,291.203,1.0,474.275,298.558,1.0,905.135,688.355,1.0,896.898,683.151,1.0,896.413,677.753,1.0,894.1,667.997,1.0,890.894,660.997,1.0,497.133,513.992,1.0,498.216,522.74,1.0,502.307,532.291,1.0,507.847,528.972,1.0,520.159,535.166,1.0,824.359,386.583,1.0,815.687,387.054,1.0,810.816,389.94,1.0,811.765,402.284,1.0,817.233,410.514,1.0
287,566.651,388.151,1.0,560.118,386.127,1.0,550.204,388.717,1.0,545.048,384.78,1.0,539.215,375.325,1.0,438.963,292.288,1.0,448.018,285.427,1.0,455.423,289.54,1.0,463.051,291.203,1.0,472.98,298.467,1.0,905.135,687.397,1.0,897.576,681.585,1.0,896.413,677.926,1.0,894.1,668.161,1.0,891.449,660.997,1.0,497.039,513.629,1.0,497.696,522.211,1.0,502.307,531.451,1.0,507.795,529.597,1.0,520.076,535.438,1.0,824.9,387.781,1.0,815.884,389.641,1.0,812.426,389.285,1.0,811.765,402.181,1.0,817.543,410.797,1.0
288,566.144,396.109,1.0,560.118,386.95,1.0,550.267,388.689,1.0,544.469,385.187,1.0,538.188,375.231,1.0,438.645,292.288,1.0,447.683,285.427,1.0,454.696,289.534,1.0,462.597,290.086,1.0,467.848,297.745,1.0,905.135,687.099,1.0,896.898,678.423,1.0,896.925,677.926,1.0,894.1,668.161,1.0,891.699,661.165,1.0,494.216,513.629,1.0,497.696,522.211,1.0,502.307,531.133,1.0,507.566,529.597,1.0,519.968,535.438,1.0,824.9,387.781,1.0,815.884,390.573,1.0,812.979,388.838,1.0,810.826,401.762,1.0,817.543,410.797,1.0
289,561.309,397.68,1.0,560.025,390.663,1.0,552.059,388.497,1.0,544.469,385.187,1.0,538.188,374.924,1.0,438.405,292.245,1.0,447.556,285.427,1.0,453.944,289.534,1.0,460.901,289.504,1.0,465.472,297.463,1.0,905.135,687.099,1.0,896.898,678.423,1.0,896.96,677.753,1.0,894.303,667.997,1.0,891.699,661.165,1.0,493.279,513.629,1.0,497.696,521.247,1.0,500.846,528.543,1.0,504.731,541.18,1.0,518.73,535.476,1.0,825.403,387.859,1.0,816.86,391.931,1.0,813.169,388.691,1.0,810.739,401.356,1.0,817.543,409.793,1.0
290,557.343,397.68,1.0,559.37,392.075,1.0,552.381,388.439,1.0,544.469,385.187,1.0,538.188,374.742,1.0,435.381,290.953,1.0,443.335,284.685,1.0,452.793,289.243,1.0,459.141,289.122,1.0,465.198,297.109,1.0,905.45,684.987,1.0,897.832,678.423,1.0,896.96,677.753,1.0,894.936,667.973,1.0,891.957,661.165,1.0,491.84,512.885,1.0,497.696,520.56,1.0,499.35,528.543,1.0,503.531,541.668,1.0,517.667,535.756,1.0,827.363,387.859,1.0,818.077,392.029,1.0,813.223,388.18,1.0,809.915,399.94,1.0,816.202,409.793,1.0
291,553.21,398.879,1.0,558.237,392.601,1.0,553.653,388.181,1.0,546.209,385.006,1.0,539.725,374.428,1.0,433.72,289.524,1.0,442.118,284.01,1.0,452.166,288.435,1.0,456.98,288.456,1.0,463.167,294.637,1.0,906.447,684.912,1.0,897.928,679.432,1.0,896.925,677.926,1.0,894.936,667.973,1.0,891.957,661.279,1.0,491.734,512.975,1.0,498.378,521.247,1.0,499.35,528.543,1.0,502.934,541.668,1.0,516.123,536.509,1.0,831.405,387.904,1.0,819.287,393.172,1.0,813.648,388.18,1.0,809.323,399.596,1.0,816.175,409.292,1.0
292,552.439,397.68,1.0,557.223,393.647,1.0,554.968,388.156,1.0,547.004,384.162,1.0,540.407,374.385,1.0,429.765,286.57,1.0,440.047,283.805,1.0,451.052,287.528,1.0,455.909,287.177,1.0,462.028,294.224,1.0,906.447,684.912,1.0,898.178,679.432,1.0,894.251,677.704,1.0,894.944,667.965,1.0,891.957,661.279,1.0,490.792,512.975,1.0,498.378,521.247,1.0,499.35,531.52,1.0,502.851,541.514,1.0,515.841,536.509,1.0,833.739,388.865,1.0,826.731,393.172,1.0,815.928,388.18,1.0,809.26,397.729,1.0,816.175,406.862,1.0
293,549.837,396.04,1.0,556.748,393.672,1.0,554.968,388.142,1.0,547.5,383.167,1.0,540.884,374.428,1.0,429.765,286.57,1.0,439.924,283.805,1.0,450.271,287.431,1.0,454.873,287.108,1.0,461.552,294.224,1.0,906.447,683.647,1.0,898.178,679.432,1.0,894.251,677.704,1.0,895.033,667.485,1.0,891.957,660.972,1.0,490.764,512.885,1.0,498.378,520.914,1.0,499.271,531.52,1.0,502.716,541.18,1.0,514.906,536.509,1.0,837.429,388.865,1.0,829.584,393.172,1.0,816.213,390.315,1.0,809.134,395.204,1.0,816.202,405.592,1.0
294,549.063,396.04,1.0,556.416,393.766,1.0,554.968,388.156,1.0,547.78,383.167,1.0,540.884,374.428,1.0,429.755,286.57,1.0,439.734,283.805,1.0,449.028,286.78,1.0,453.766,286.892,1.0,460.986,294.224,1.0,903.883,683.647,1.0,898.178,678.859,1.0,894.251,676.539,1.0,894.944,667.485,1.0,891.957,660.247,1.0,490.64,512.885,1.0,498.096,520.56,1.0,499.271,531.52,1.0,502.716,540.205,1.0,514.219,536.648,1.0,837.795,388.865,1.0,829.653,393.172,1.0,816.213,390.569,1.0,809.061,395.092,1.0,814.867,405.592,1.0
295,547.841,398.944,1.0,555.019,394.018,1.0,553.901,388.156,1.0,547.879,383.577,1.0,540.884,374.739,1.0,429.565,286.717,1.0,439.73,284.612,1.0,449.007,286.692,1.0,453.67,286.745,1.0,460.568,295.057,1.0,903.883,683.647,1.0,898.178,678.859,1.0,896.539,676.539,1.0,894.944,667.485,1.0,891.605,660.247,1.0,490.062,512.766,1.0,497.394,519.81,1.0,499.084,530.022,1.0,502.224,538.077,1.0,512.016,536.648,1.0,838.083,388.917,1.0,830.503,393.172,1.0,816.213,391.076,1.0,809.061,395.081,1.0,816.935,404.906,1.0
296,538.532,398.944,1.0,551.016,398.336,1.0,552.338,388.74,1.0,549.736,383.577,1.0,539.601,375.754,1.0,429.565,287.131,1.0,438.833,287.156,1.0,447.65,286.634,1.0,453.107,286.62,1.0,459.184,296.079,1.0,903.883,687.613,1.0,898.178,678.859,1.0,896.539,676.539,1.0,895.033,667.485,1.0,891.5,660.247,1.0,485.992,512.64,1.0,495.666,515.272,1.0,498.306,523.872,1.0,500.748,529.553,1.0,511.836,537.92,1.0,838.491,388.643,1.0,830.51,393.271,1.0,817.628,390.569,1.0,809.061,394.814,1.0,816.935,404.906,1.0
297,538.532,399.996,1.0,550.236,399.165,1.0,552.338,389.559,1.0,549.736,383.167,1.0,539.008,376.587,1.0,428.746,290.435,1.0,437.254,287.156,1.0,444.708,285.87,1.0,451.784,286.196,1.0,458.975,296.697,1.0,906.417,697.575,1.0,899.873,689.623,1.0,896.539,679.469,1.0,895.033,669.624,1.0,891.212,660.25,1.0,485.223,511.401,1.0,493.684,514.425,1.0,498.306,519.177,1.0,500.246,527.813,1.0,509.554,538.237,1.0,839.985,388.193,1.0,830.726,393.683,1.0,818.74,391.83,1.0,809.258,394.541,1.0,815.714,403.16,1.0
298,538.532,403.759,1.0,548.882,399.477,1.0,552.154,390.672,1.0,549.736,383.471,1.0,538.475,377.405,1.0,428.07,291.624,1.0,437.229,287.552,1.0,444.287,285.87,1.0,451.784,286.196,1.0,458.975,296.697,1.0,906.417,697.575,1.0,899.873,689.623,1.0,896.539,679.469,1.0,895.109,669.624,1.0,891.212,660.25,1.0,485.072,511.211,1.0,493.664,514.264,1.0,498.296,519.071,1.0,500.138,527.299,1.0,509.294,538.237,1.0,841.945,386.747,1.0,830.726,393.683,1.0,820.921,391.848,1.0,810.951,394.034,1.0,813.549,402.684,1.0
299,538.591,404.051,1.0,548.46,399.477,1.0,551.116,391.645,1.0,549.146,383.471,1.0,538.176,378.111,1.0,428.07,292.562,1.0,433.176,287.552,1.0,442.077,285.87,1.0,451.547,286.196,1.0,458.975,296.697,1.0,906.417,697.575,1.0,899.873,689.623,1.0,896.539,679.469,1.0,895.109,669.624,1.0,891.5,660.25,1.0,485.046,510.542,1.0,493.221,514.115,1.0,498.296,518.611,1.0,499.853,526.648,1.0,509.265,537.92,1.0,842.212,385.539,1.0,831.812,393.683,1.0,824.174,391.848,1.0,811.65,393.549,1.0,813.549,401.448,1.0
300,538.591,405.252,1.0,548.426,399.486,1.0,550.508,392.188,1.0,549.146,383.471,1.0,538.176,378.535,1.0,425.41,292.744,1.0,430.827,287.296,1.0,439.74,285.87,1.0,451.177,288.572,1.0,461.369,293.61,1.0,906.024,690.883,1.0,897.344,682.901,1.0,896.543,676.563,1.0,895.161,666.781,1.0,891.766,659.287,1.0,485.072,511.211,1.0,493.664,514.264,1.0,497.988,519.071,1.0,500.138,527.299,1.0,509.265,537.543,1.0,842.212,385.439,1.0,831.812,393.683,1.0,824.655,392.418,1.0,812.348,392.73,1.0,811.6,400.543,1.0
301,538.591,405.26,1.0,548.426,399.486,1.0,550.508,393.063,1.0,549.146,384.208,1.0,538.176,378.973,1.0,425.41,293.133,1.0,429.174,287.151,1.0,439.308,286.359,1.0,451.177,288.975,1.0,461.369,292.087,1.0,905.992,690.883,1.0,896.485,682.901,1.0,897.844,676.047,1.0,895.161,666.085,1.0,891.788,658.82,1.0,485.072,511.211,1.0,493.684,514.264,1.0,497.988,519.071,1.0,500.246,527.299,1.0,509.278,536.949,1.0,841.964,385.214,1.0,831.812,393.683,1.0,824.774,392.418,1.0,812.532,392.304,1.0,811.6,400.116,1.0
302,538.215,411.264,1.0,548.009,403.729,1.0,549.997,396.374,1.0,552.594,386.808,1.0,539.222,379.903,1.0,425.41,293.384,1.0,429.163,287.296,1.0,438.862,286.557,1.0,451.177,289.545,1.0,461.369,291.865,1.0,905.992,690.883,1.0,896.485,682.901,1.0,898.019,676.047,1.0,895.161,666.085,1.0,891.989,658.595,1.0,486.059,513.059,1.0,494.666,514.52,1.0,497.665,520.335,1.0,500.625,527.842,1.0,509.278,536.549,1.0,842.212,384.85,1.0,832.168,393.493,1.0,824.904,391.848,1.0,812.767,392.304,1.0,811.6,399.748,1.0
303,538.215,412.156,1.0,547.263,404.006,1.0,549.997,396.917,1.0,552.972,387.752,1.0,539.604,380.302,1.0,424.529,293.384,1.0,429.049,287.296,1.0,438.862,286.557,1.0,450.972,289.545,1.0,460.783,291.865,1.0,905.992,690.79,1.0,896.338,682.523,1.0,898.019,676.045,1.0,895.161,665.831,1.0,891.989,658.205,1.0,486.059,514.295,1.0,494.666,515.687,1.0,497.612,520.524,1.0,500.625,527.842,1.0,510.331,536.357,1.0,842.597,384.85,1.0,835.167,393.01,1.0,825.956,391.163,1.0,818.454,391.926,1.0,815.91,396.695,1.0
304,538.215,412.363,1.0,547.263,404.153,1.0,549.997,398.205,1.0,554.479,390.009,1.0,543.11,381.017,1.0,424.428,293.267,1.0,429.049,288.06,1.0,439.17,287.343,1.0,450.707,288.975,1.0,460.67,291.865,1.0,905.992,690.79,1.0,896.485,682.523,1.0,898.019,676.045,1.0,895.161,665.831,1.0,891.788,658.05,1.0,486.059,522.31,1.0,494.666,515.857,1.0,497.485,521.386,1.0,500.625,527.842,1.0,510.73,536.247,1.0,846.435,385.36,1.0,842.354,393.01,1.0,828.805,391.163,1.0,823.262,391.491,1.0,816.003,396.29,1.0
305,538.215,416.484,1.0,546.634,406.145,1.0,549.973,399.243,1.0,554.642,391.122,1.0,544.899,380.815,1.0,424.428,293.388,1.0,429.163,288.09,1.0,439.17,287.747,1.0,450.547,288.975,1.0,460.628,292.366,1.0,905.131,690.67,1.0,896.911,682.425,1.0,898.019,675.456,1.0,894.79,664.974,1.0,890.351,656.707,1.0,481.185,528.016,1.0,486.368,516.815,1.0,497.485,521.386,1.0,500.3,526.658,1.0,511.896,536.247,1.0,849.356,385.36,1.0,844.105,392.385,1.0,829.147,391.163,1.0,823.487,390.718,1.0,816.003,396.054,1.0
306,538.215,416.509,1.0,546.604,406.491,1.0,549.973,399.248,1.0,554.953,391.596,1.0,545.312,380.732,1.0,422.153,293.267,1.0,429.163,288.215,1.0,439.504,288.897,1.0,449.902,289.545,1.0,460.142,293.199,1.0,894.472,685.093,1.0,897.416,680.89,1.0,896.79,673.252,1.0,891.629,664.87,1.0,888.5,655.941,1.0,476.026,528.016,1.0,485.072,516.815,1.0,497.289,521.386,1.0,500.3,526.658,1.0,511.896,536.247,1.0,849.511,385.467,1.0,844.166,392.385,1.0,829.809,391.473,1.0,823.487,390.718,1.0,816.041,395.886,1.0
307,538.168,416.846,1.0,546.319,406.803,1.0,549.973,399.248,1.0,554.953,391.596,1.0,545.312,380.815,1.0,422.153,292.477,1.0,429.049,288.215,1.0,440.087,289.02,1.0,449.902,289.705,1.0,460.142,293.252,1.0,892.606,683.588,1.0,898.826,679.691,1.0,896.254,673.252,1.0,891.069,664.87,1.0,888.407,655.496,1.0,476.026,528.016,1.0,485.072,516.815,1.0,496.744,521.359,1.0,500.238,526.578,1.0,511.896,536.357,1.0,849.957,385.502,1.0,844.749,392.107,1.0,833.285,391.473,1.0,823.866,390.718,1.0,816.041,393.298,1.0
308,537.838,417.153,1.0,546.214,407.285,1.0,549.857,399.316,1.0,554.953,391.596,1.0,545.461,381.017,1.0,422.153,286.983,1.0,432.562,288.215,1.0,440.831,289.02,1.0,449.902,288.932,1.0,460.142,293.763,1.0,891.287,679.294,1.0,898.826,678.616,1.0,896.254,671.832,1.0,889.024,664.363,1.0,888.407,654.719,1.0,476.026,516.026,1.0,485.072,516.124,1.0,496.744,520.786,1.0,500.3,526.658,1.0,510.478,536.366,1.0,851.025,385.533,1.0,845.393,391.85,1.0,835.242,391.473,1.0,824.867,393.768,1.0,818.073,393.298,1.0
309,537.217,417.372,1.0,546.214,407.641,1.0,549.632,399.243,1.0,554.685,391.596,1.0,545.5,381.273,1.0,426.073,286.657,1.0,431.352,286.512,1.0,441.37,289.02,1.0,451.642,288.866,1.0,460.694,293.763,1.0,888.858,675.705,1.0,898.826,678.616,1.0,895.705,670.562,1.0,888.611,664.733,1.0,888.465,654.719,1.0,480.705,516.026,1.0,486.865,516.124,1.0,496.744,520.786,1.0,501.221,527.488,1.0,510.155,536.586,1.0,855.526,386.297,1.0,846.176,392.214,1.0,838.623,390.812,1.0,826.591,394.132,1.0,819.979,393.298,1.0
310,535.925,417.372,1.0,544.755,407.641,1.0,549.61,399.316,1.0,554.436,391.82,1.0,545.5,382.289,1.0,431.678,279.637,1.0,429.931,283.654,1.0,441.37,289.02,1.0,452.299,288.866,1.0,460.916,294.118,1.0,884.301,675.705,1.0,895.613,678.376,1.0,896.254,669.505,1.0,888.518,664.733,1.0,888.465,654.701,1.0,484.678,516.026,1.0,494.093,516.124,1.0,496.472,520.786,1.0,501.365,528.921,1.0,509.919,536.623,1.0,857.109,386.489,1.0,847.39,391.85,1.0,838.907,390.246,1.0,828.453,394.132,1.0,822.155,393.466,1.0
311,534.601,417.372,1.0,541.938,407.285,1.0,544.672,399.316,1.0,553.484,392.488,1.0,545.789,384.025,1.0,431.678,276.309,1.0,430.053,281.722,1.0,441.405,289.02,1.0,452.299,288.866,1.0,460.932,294.118,1.0,878.344,675.705,1.0,893.889,678.376,1.0,896.862,670.012,1.0,888.516,664.939,1.0,888.407,654.719,1.0,484.971,516.026,1.0,494.336,516.513,1.0,496.853,522.032,1.0,501.384,529.602,1.0,510.155,538.061,1.0,857.36,387.095,1.0,847.459,391.625,1.0,839.132,386.325,1.0,828.979,393.768,1.0,823.0,393.466,1.0
312,532.6,411.788,1.0,537.098,406.977,1.0,543.578,399.544,1.0,548.968,393.055,1.0,546.693,385.028,1.0,431.678,275.7,1.0,431.352,281.364,1.0,441.37,289.153,1.0,452.299,288.866,1.0,461.218,293.746,1.0,877.843,676.447,1.0,892.659,678.678,1.0,896.862,669.68,1.0,888.611,664.733,1.0,887.584,654.719,1.0,485.021,516.026,1.0,494.901,516.58,1.0,496.853,524.103,1.0,501.493,530.162,1.0,510.155,538.257,1.0,857.907,387.095,1.0,847.459,391.742,1.0,840.109,386.325,1.0,829.893,394.132,1.0,823.05,393.466,1.0
313,532.503,411.187,1.0,537.098,406.963,1.0,543.539,399.681,1.0,548.498,393.455,1.0,549.114,385.164,1.0,430.619,275.631,1.0,431.352,280.974,1.0,441.349,289.449,1.0,452.223,289.032,1.0,461.218,293.635,1.0,875.149,677.566,1.0,885.688,679.101,1.0,896.012,669.505,1.0,887.916,665.135,1.0,886.742,655.801,1.0,489.275,513.337,1.0,496.367,518.231,1.0,496.367,526.107,1.0,503.568,530.204,1.0,510.559,539.276,1.0,858.013,387.095,1.0,847.828,391.625,1.0,840.109,386.325,1.0,830.11,393.459,1.0,824.531,392.161,1.0
314,532.503,410.963,1.0,537.098,406.963,1.0,543.539,399.725,1.0,548.373,393.482,1.0,549.589,385.323,1.0,428.004,275.156,1.0,431.732,280.565,1.0,440.246,289.153,1.0,450.922,289.032,1.0,461.218,292.6,1.0,874.865,677.712,1.0,884.862,679.171,1.0,896.012,669.505,1.0,887.559,666.233,1.0,885.872,656.472,1.0,494.458,512.303,1.0,496.367,518.231,1.0,496.367,526.107,1.0,503.568,530.204,1.0,510.81,539.276,1.0,858.013,385.846,1.0,849.185,391.365,1.0,841.466,386.577,1.0,834.867,393.459,1.0,826.371,391.892,1.0
315,532.516,410.963,1.0,537.133,406.963,1.0,543.539,399.833,1.0,548.276,393.508,1.0,549.589,385.323,1.0,425.98,273.533,1.0,432.168,280.149,1.0,439.512,288.94,1.0,450.244,289.032,1.0,460.51,292.181,1.0,874.82,677.791,1.0,884.789,679.589,1.0,894.856,669.68,1.0,887.559,666.233,1.0,884.031,656.551,1.0,502.854,512.186,1.0,496.367,518.231,1.0,496.853,526.107,1.0,503.568,530.204,1.0,512.204,539.276,1.0,858.08,385.329,1.0,850.94,390.608,1.0,843.326,387.165,1.0,835.925,393.384,1.0,826.405,391.371,1.0
316,532.516,410.963,1.0,537.133,407.043,1.0,543.578,399.85,1.0,548.276,393.508,1.0,549.589,385.164,1.0,424.234,272.217,1.0,432.168,279.546,1.0,437.565,288.196,1.0,441.981,282.805,1.0,458.98,290.312,1.0,874.767,678.051,1.0,883.71,679.589,1.0,893.846,669.68,1.0,891.431,663.087,1.0,883.893,656.899,1.0,504.14,512.031,1.0,492.891,515.239,1.0,497.067,523.019,1.0,500.234,529.05,1.0,512.204,539.231,1.0,858.089,379.529,1.0,855.097,388.857,1.0,845.892,387.165,1.0,841.36,393.384,1.0,827.894,391.325,1.0
317,532.503,411.491,1.0,537.133,407.755,1.0,543.539,400.862,1.0,547.59,394.599,1.0,549.151,384.907,1.0,423.476,270.817,1.0,432.168,279.546,1.0,436.699,288.055,1.0,441.165,282.249,1.0,458.056,289.26,1.0,874.38,688.576,1.0,883.367,681.115,1.0,891.815,671.786,1.0,891.256,662.945,1.0,883.893,656.899,1.0,506.091,510.688,1.0,492.891,514.274,1.0,497.448,521.907,1.0,499.335,528.142,1.0,512.212,538.761,1.0,858.809,379.301,1.0,855.255,387.797,1.0,846.836,387.775,1.0,841.417,393.384,1.0,828.325,391.892,1.0
318,532.357,412.263,1.0,536.288,407.869,1.0,543.023,401.739,1.0,546.663,395.45,1.0,549.151,384.907,1.0,423.476,270.817,1.0,434.11,278.582,1.0,436.699,287.618,1.0,441.144,282.231,1.0,458.007,289.23,1.0,873.7,689.168,1.0,882.791,681.435,1.0,891.572,672.124,1.0,891.397,662.945,1.0,883.893,656.899,1.0,506.292,510.172,1.0,492.891,514.123,1.0,497.561,521.859,1.0,499.308,527.937,1.0,512.212,538.555,1.0,859.871,377.533,1.0,855.834,385.758,1.0,847.222,387.775,1.0,841.417,393.509,1.0,828.79,391.892,1.0
319,530.55,415.814,1.0,536.251,414.129,1.0,541.427,402.908,1.0,545.742,397.455,1.0,549.151,384.907,1.0,422.994,270.817,1.0,434.11,278.582,1.0,436.636,286.434,1.0,441.122,281.686,1.0,457.945,289.076,1.0,871.263,689.461,1.0,882.791,682.278,1.0,889.563,673.009,1.0,891.397,662.945,1.0,886.712,656.862,1.0,506.292,509.702,1.0,494.179,512.842,1.0,498.248,520.468,1.0,498.799,527.188,1.0,512.244,538.505,1.0,860.758,374.099,1.0,856.552,384.846,1.0,847.236,386.57,1.0,841.36,393.596,1.0,829.155,392.445,1.0
320,528.876,418.213,1.0,534.417,416.012,1.0,539.212,403.781,1.0,545.627,398.393,1.0,550.69,387.167,1.0,421.891,272.363,1.0,432.433,276.344,1.0,435.855,284.776,1.0,440.67,281.052,1.0,453.379,286.556,1.0,871.011,689.779,1.0,882.44,682.278,1.0,889.308,674.229,1.0,891.374,663.163,1.0,887.976,656.09,1.0,506.292,509.024,1.0,494.494,512.55,1.0,498.646,519.786,1.0,498.491,526.852,1.0,512.405,538.057,1.0,861.184,373.291,1.0,856.552,383.186,1.0,847.291,386.371,1.0,841.36,393.596,1.0,829.879,392.445,1.0
321,527.407,420.808,1.0,533.924,416.839,1.0,538.524,405.449,1.0,545.627,398.667,1.0,551.668,391.019,1.0,421.6,272.363,1.0,432.433,274.284,1.0,433.017,280.175,1.0,437.303,280.67,1.0,451.21,286.556,1.0,871.011,689.779,1.0,882.44,682.278,1.0,887.982,674.229,1.0,891.374,663.258,1.0,887.976,656.083,1.0,508.744,507.636,1.0,499.638,509.952,1.0,499.512,518.321,1.0,498.316,526.028,1.0,512.415,537.898,1.0,861.495,372.756,1.0,856.666,380.92,1.0,848.292,385.878,1.0,841.67,393.596,1.0,830.032,392.445,1.0
322,527.301,421.292,1.0,533.924,416.942,1.0,538.524,405.491,1.0,545.567,399.072,1.0,551.668,391.253,1.0,421.6,272.363,1.0,431.85,273.943,1.0,432.987,280.009,1.0,436.546,280.67,1.0,447.927,286.556,1.0,871.011,689.779,1.0,882.791,680.175,1.0,887.982,674.229,1.0,891.397,663.456,1.0,888.073,655.964,1.0,508.744,507.636,1.0,499.638,509.952,1.0,499.512,518.321,1.0,498.316,526.028,1.0,512.405,537.898,1.0,861.901,369.926,1.0,856.779,373.879,1.0,852.845,384.205,1.0,843.197,392.176,1.0,835.343,392.445,1.0
323,527.123,422.151,1.0,533.581,416.942,1.0,538.524,405.546,1.0,545.567,399.709,1.0,551.668,391.789,1.0,420.671,271.278,1.0,428.442,272.493,1.0,432.615,279.89,1.0,436.546,280.898,1.0,444.554,288.847,1.0,872.559,688.836,1.0,883.147,678.72,1.0,889.308,672.924,1.0,892.378,663.663,1.0,888.302,655.651,1.0,508.744,507.636,1.0,499.942,509.952,1.0,499.512,518.321,1.0,498.316,526.028,1.0,512.415,537.898,1.0,862.226,364.805,1.0,858.685,373.071,1.0,855.606,384.205,1.0,845.787,391.102,1.0,839.197,392.246,1.0
324,527.301,423.183,1.0,533.581,416.942,1.0,538.536,406.646,1.0,545.567,399.722,1.0,550.857,392.266,1.0,420.193,271.13,1.0,424.399,271.875,1.0,432.615,279.789,1.0,436.546,280.907,1.0,443.941,289.319,1.0,879.028,687.616,1.0,883.591,678.72,1.0,889.308,672.165,1.0,893.783,664.075,1.0,888.073,655.651,1.0,507.363,507.636,1.0,499.942,511.301,1.0,499.16,518.745,1.0,498.316,526.153,1.0,512.415,537.929,1.0,862.372,364.579,1.0,858.685,373.071,1.0,856.191,384.205,1.0,845.855,390.126,1.0,839.197,391.444,1.0
325,527.123,423.344,1.0,532.781,416.942,1.0,538.847,407.487,1.0,545.533,399.813,1.0,550.684,392.506,1.0,420.065,271.024,1.0,424.299,271.38,1.0,432.615,279.789,1.0,437.281,280.898,1.0,443.941,289.642,1.0,883.218,687.616,1.0,883.804,679.761,1.0,887.705,672.165,1.0,893.877,664.108,1.0,887.956,655.651,1.0,503.357,509.172,1.0,497.952,515.242,1.0,499.16,524.685,1.0,498.952,529.403,1.0,512.394,538.251,1.0,862.372,364.579,1.0,858.98,372.379,1.0,856.7,383.163,1.0,845.99,389.992,1.0,840.639,391.444,1.0
326,526.604,423.344,1.0,532.184,417.695,1.0,539.427,409.251,1.0,545.192,400.102,1.0,550.381,392.867,1.0,419.694,270.41,1.0,423.893,267.462,1.0,432.483,278.579,1.0,437.281,280.898,1.0,443.941,289.642,1.0,886.985,687.616,1.0,885.043,680.175,1.0,887.87,672.165,1.0,893.893,664.494,1.0,888.127,655.734,1.0,487.599,510.083,1.0,495.831,516.621,1.0,498.491,524.685,1.0,503.681,529.403,1.0,511.811,538.467,1.0,863.658,364.46,1.0,859.543,372.379,1.0,856.929,383.163,1.0,846.827,388.083,1.0,840.965,390.828,1.0
327,523.747,423.344,1.0,529.273,417.934,1.0,539.427,411.835,1.0,541.794,400.809,1.0,550.162,393.943,1.0,419.683,268.721,1.0,423.352,267.047,1.0,431.25,277.813,1.0,437.281,279.654,1.0,444.277,289.319,1.0,889.143,686.899,1.0,886.573,680.777,1.0,887.87,672.728,1.0,893.893,664.658,1.0,888.127,656.109,1.0,486.295,522.136,1.0,495.831,518.531,1.0,497.448,524.685,1.0,503.835,529.403,1.0,511.811,538.467,1.0,873.773,364.46,1.0,862.975,372.365,1.0,858.865,383.163,1.0,852.498,385.625,1.0,845.072,390.828,1.0
328,516.828,420.377,1.0,527.719,419.025,1.0,539.427,413.076,1.0,541.392,400.875,1.0,549.991,394.409,1.0,419.683,258.679,1.0,421.432,265.437,1.0,428.097,274.055,1.0,434.266,278.527,1.0,445.002,284.347,1.0,889.143,686.893,1.0,886.573,680.777,1.0,887.87,672.728,1.0,893.893,664.658,1.0,888.127,656.109,1.0,486.295,525.19,1.0,492.257,519.876,1.0,497.448,524.547,1.0,504.145,527.097,1.0,511.811,538.467,1.0,873.974,363.807,1.0,863.011,371.999,1.0,858.972,379.787,1.0,853.615,383.923,1.0,845.072,390.828,1.0
329,516.828,420.377,1.0,527.719,419.025,1.0,539.427,413.076,1.0,541.392,400.875,1.0,549.933,394.409,1.0,419.683,253.623,1.0,421.432,264.406,1.0,427.337,273.335,1.0,433.423,278.527,1.0,445.002,284.304,1.0,889.143,686.656,1.0,886.573,681.03,1.0,888.425,672.98,1.0,893.893,665.16,1.0,888.515,656.34,1.0,486.295,527.29,1.0,491.67,521.209,1.0,497.144,524.547,1.0,504.145,526.878,1.0,511.811,538.467,1.0,874.46,363.8,1.0,863.011,371.447,1.0,859.161,379.746,1.0,854.707,383.676,1.0,845.072,391.786,1.0
330,516.828,419.227,1.0,527.719,417.934,1.0,539.427,413.076,1.0,541.392,400.875,1.0,549.909,394.409,1.0,420.451,252.027,1.0,421.432,263.88,1.0,426.783,272.783,1.0,432.515,278.527,1.0,444.78,284.082,1.0,888.914,686.492,1.0,886.12,681.03,1.0,888.561,672.98,1.0,893.893,665.16,1.0,888.995,656.109,1.0,487.637,529.196,1.0,490.179,521.429,1.0,495.962,524.547,1.0,503.835,526.703,1.0,511.897,538.785,1.0,875.577,363.213,1.0,864.669,371.447,1.0,860.742,379.192,1.0,856.026,383.452,1.0,847.048,391.786,1.0
331,529.775,420.377,1.0,531.734,417.934,1.0,539.269,407.386,1.0,545.404,400.856,1.0,549.909,392.019,1.0,420.525,251.959,1.0,422.101,263.845,1.0,426.255,272.176,1.0,431.435,283.323,1.0,444.78,283.938,1.0,888.705,683.95,1.0,883.639,681.367,1.0,888.675,674.244,1.0,893.251,666.319,1.0,889.226,655.992,1.0,488.064,531.097,1.0,490.179,521.708,1.0,495.765,524.634,1.0,503.835,526.703,1.0,511.939,538.785,1.0,875.586,363.213,1.0,865.333,371.289,1.0,860.944,377.735,1.0,856.026,383.452,1.0,847.048,391.786,1.0
332,536.985,422.424,1.0,534.76,418.141,1.0,539.269,407.386,1.0,545.404,400.856,1.0,549.909,392.019,1.0,420.525,251.169,1.0,422.101,263.545,1.0,426.214,272.031,1.0,431.299,283.72,1.0,444.664,283.938,1.0,888.611,683.95,1.0,883.639,681.378,1.0,888.988,674.244,1.0,893.251,666.319,1.0,889.331,655.966,1.0,488.15,533.728,1.0,490.69,523.592,1.0,494.299,525.445,1.0,503.334,526.703,1.0,511.939,538.833,1.0,876.032,362.578,1.0,866.156,371.021,1.0,860.982,376.093,1.0,856.053,383.11,1.0,847.048,389.838,1.0
333,541.447,422.424,1.0,539.085,416.798,1.0,540.813,407.386,1.0,545.404,400.856,1.0,550.801,392.019,1.0,420.525,250.937,1.0,422.349,263.234,1.0,426.188,271.803,1.0,430.874,283.72,1.0,444.656,283.714,1.0,888.611,683.583,1.0,883.639,681.731,1.0,889.218,674.244,1.0,893.251,666.319,1.0,889.503,655.966,1.0,488.064,534.293,1.0,490.361,524.354,1.0,494.221,526.129,1.0,503.218,526.682,1.0,511.703,539.115,1.0,878.853,361.698,1.0,871.118,367.421,1.0,866.221,372.815,1.0,856.072,377.957,1.0,849.462,385.573,1.0
334,549.371,422.465,1.0,540.805,418.141,1.0,540.813,408.367,1.0,544.108,402.352,1.0,551.145,392.021,1.0,420.039,250.937,1.0,422.101,263.234,1.0,426.156,271.803,1.0,430.874,283.323,1.0,444.647,283.714,1.0,886.187,683.583,1.0,885.136,681.378,1.0,889.628,672.653,1.0,895.31,664.468,1.0,889.635,655.966,1.0,487.637,541.737,1.0,490.361,528.848,1.0,492.752,526.344,1.0,502.878,525.717,1.0,511.276,539.115,1.0,882.09,358.243,1.0,872.942,362.045,1.0,868.779,370.12,1.0,857.521,376.454,1.0,852.185,383.282,1.0
335,549.706,424.14,1.0,541.24,418.675,1.0,540.813,408.553,1.0,544.032,402.711,1.0,551.716,392.307,1.0,419.67,250.937,1.0,421.897,263.024,1.0,424.952,272.031,1.0,430.228,282.391,1.0,444.647,283.45,1.0,886.187,683.583,1.0,886.179,681.378,1.0,891.13,672.653,1.0,895.31,663.935,1.0,889.972,655.966,1.0,486.705,542.522,1.0,490.562,531.896,1.0,492.752,526.5,1.0,502.878,525.717,1.0,510.869,539.115,1.0,882.09,358.243,1.0,873.136,361.575,1.0,868.92,369.92,1.0,857.906,376.454,1.0,852.861,381.902,1.0
336,550.42,422.885,1.0,542.56,418.738,1.0,541.844,408.553,1.0,543.846,402.711,1.0,551.935,392.351,1.0,415.902,252.228,1.0,420.143,262.136,1.0,423.675,272.031,1.0,429.889,282.276,1.0,442.358,282.616,1.0,886.187,686.138,1.0,889.432,680.948,1.0,891.411,672.653,1.0,895.31,663.912,1.0,890.674,655.496,1.0,486.37,542.522,1.0,490.361,532.022,1.0,492.717,526.5,1.0,502.632,525.531,1.0,510.749,539.115,1.0,882.227,358.235,1.0,873.831,361.112,1.0,869.371,368.472,1.0,858.608,375.676,1.0,854.019,381.793,1.0
337,554.257,422.885,1.0,542.56,418.738,1.0,542.176,408.553,1.0,543.846,402.711,1.0,551.991,392.522,1.0,412.5,254.906,1.0,417.308,261.198,1.0,423.675,271.569,1.0,429.562,281.092,1.0,436.725,282.279,1.0,894.728,685.518,1.0,890.172,677.837,1.0,891.577,674.563,1.0,893.7,663.578,1.0,891.115,655.73,1.0,486.209,542.689,1.0,489.945,532.194,1.0,492.717,526.972,1.0,502.632,525.531,1.0,510.431,539.036,1.0,882.227,357.898,1.0,873.831,360.54,1.0,869.371,368.472,1.0,861.772,375.267,1.0,857.857,380.695,1.0
338,554.639,425.337,1.0,542.56,419.477,1.0,542.844,408.593,1.0,542.572,402.924,1.0,552.227,392.551,1.0,411.913,255.292,1.0,415.901,260.022,1.0,423.626,271.569,1.0,427.854,280.212,1.0,434.801,282.279,1.0,903.507,686.138,1.0,896.282,677.834,1.0,894.847,674.783,1.0,893.642,663.912,1.0,891.115,655.8,1.0,483.213,542.775,1.0,487.638,535.626,1.0,489.444,526.972,1.0,499.542,525.884,1.0,509.253,537.267,1.0,887.823,356.886,1.0,879.506,359.185,1.0,874.409,369.92,1.0,862.596,374.57,1.0,862.351,379.174,1.0
339,555.631,427.365,1.0,544.7,419.477,1.0,543.541,408.593,1.0,542.572,402.924,1.0,552.344,392.957,1.0,410.471,256.344,1.0,414.799,259.677,1.0,423.183,271.258,1.0,427.585,279.391,1.0,434.796,282.359,1.0,905.912,685.518,1.0,898.208,676.506,1.0,895.366,675.162,1.0,893.106,663.935,1.0,891.115,655.73,1.0,482.159,545.341,1.0,485.919,537.335,1.0,486.852,526.767,1.0,499.347,529.455,1.0,509.161,535.688,1.0,888.127,352.003,1.0,879.916,359.185,1.0,874.834,370.193,1.0,866.684,372.077,1.0,864.14,378.894,1.0
340,555.631,427.595,1.0,545.915,419.477,1.0,543.94,409.238,1.0,542.572,402.474,1.0,554.098,393.8,1.0,410.113,256.344,1.0,414.718,259.263,1.0,422.984,271.198,1.0,427.222,279.189,1.0,434.429,282.359,1.0,906.123,685.518,1.0,898.897,676.506,1.0,895.809,675.162,1.0,892.946,664.577,1.0,891.115,655.496,1.0,482.055,545.664,1.0,485.082,537.456,1.0,486.852,526.767,1.0,499.347,529.498,1.0,509.099,535.683,1.0,888.127,351.956,1.0,881.128,359.185,1.0,874.869,370.193,1.0,867.651,371.72,1.0,864.14,378.894,1.0
341,555.765,427.595,1.0,547.333,418.415,1.0,544.121,409.346,1.0,542.797,403.09,1.0,554.162,393.821,1.0,409.672,256.344,1.0,413.941,258.798,1.0,422.892,270.841,1.0,427.131,278.615,1.0,434.416,282.359,1.0,907.791,685.125,1.0,900.837,676.506,1.0,896.497,675.041,1.0,892.657,665.476,1.0,891.232,654.605,1.0,481.84,545.664,1.0,484.73,537.456,1.0,486.756,526.779,1.0,499.347,529.698,1.0,509.099,535.603,1.0,888.127,351.956,1.0,882.339,359.543,1.0,875.056,370.193,1.0,868.318,371.536,1.0,864.146,378.658,1.0
342,555.955,427.869,1.0,549.572,418.415,1.0,544.525,409.443,1.0,542.797,403.213,1.0,554.162,394.453,1.0,409.672,256.49,1.0,413.59,258.608,1.0,422.851,270.841,1.0,426.899,278.614,1.0,434.416,282.359,1.0,909.763,684.604,1.0,903.143,676.506,1.0,897.851,675.041,1.0,892.614,665.948,1.0,891.911,654.605,1.0,481.679,545.574,1.0,484.73,537.456,1.0,486.685,526.779,1.0,499.347,530.152,1.0,508.846,535.465,1.0,891.186,351.916,1.0,882.339,359.543,1.0,875.325,368.338,1.0,870.459,370.166,1.0,864.146,378.481,1.0
343,556.138,428.222,1.0,550.936,418.415,1.0,544.989,409.443,1.0,542.797,403.213,1.0,554.162,395.36,1.0,409.63,256.49,1.0,413.451,258.565,1.0,422.551,269.993,1.0,426.723,278.23,1.0,434.416,282.094,1.0,909.846,684.075,1.0,904.245,676.646,1.0,897.851,675.041,1.0,892.578,665.968,1.0,892.816,654.605,1.0,480.968,545.664,1.0,484.73,537.456,1.0,486.679,527.117,1.0,499.347,530.152,1.0,508.637,535.447,1.0,891.186,351.615,1.0,885.708,359.543,1.0,878.489,361.837,1.0,871.344,367.297,1.0,864.424,374.047,1.0
344,556.161,428.246,1.0,551.884,418.557,1.0,544.989,409.793,1.0,542.797,404.093,1.0,553.644,395.457,1.0,409.63,256.339,1.0,413.451,258.565,1.0,422.524,269.45,1.0,426.299,278.087,1.0,434.538,282.013,1.0,910.32,684.075,1.0,904.448,677.002,1.0,897.851,675.041,1.0,892.578,666.448,1.0,893.615,654.688,1.0,480.897,545.666,1.0,484.73,538.31,1.0,486.679,527.998,1.0,498.741,530.218,1.0,508.357,535.11,1.0,896.683,351.343,1.0,887.502,354.663,1.0,882.456,359.836,1.0,872.816,364.105,1.0,866.982,372.355,1.0
345,557.851,429.447,1.0,551.933,422.8,1.0,545.9,413.042,1.0,542.707,407.407,1.0,550.769,395.457,1.0,409.672,256.501,1.0,413.573,258.565,1.0,422.551,269.45,1.0,426.299,278.087,1.0,434.56,282.013,1.0,911.256,684.075,1.0,905.739,677.002,1.0,896.587,676.876,1.0,892.614,666.761,1.0,894.137,655.785,1.0,479.638,547.611,1.0,484.29,539.73,1.0,486.679,530.671,1.0,493.694,530.402,1.0,506.951,534.713,1.0,896.709,350.998,1.0,887.696,354.309,1.0,882.951,359.813,1.0,872.931,363.859,1.0,867.5,371.757,1.0
346,557.851,429.477,1.0,552.25,422.942,1.0,546.056,413.299,1.0,542.707,407.445,1.0,548.395,395.856,1.0,411.162,256.501,1.0,413.573,259.369,1.0,422.551,269.45,1.0,425.838,278.087,1.0,434.895,282.013,1.0,914.067,684.77,1.0,907.606,679.184,1.0,896.587,679.021,1.0,892.614,669.152,1.0,894.137,657.911,1.0,478.088,548.713,1.0,480.246,542.355,1.0,486.109,534.059,1.0,491.683,530.775,1.0,506.232,532.678,1.0,896.74,350.655,1.0,888.136,353.012,1.0,884.081,358.339,1.0,872.955,363.557,1.0,867.859,370.722,1.0
347,557.851,429.546,1.0,552.25,422.942,1.0,546.834,413.858,1.0,543.29,407.659,1.0,547.109,395.856,1.0,413.366,255.879,1.0,414.886,259.483,1.0,422.625,269.604,1.0,425.569,277.999,1.0,434.895,282.287,1.0,914.485,684.872,1.0,907.832,679.321,1.0,896.587,679.021,1.0,892.995,669.494,1.0,894.137,658.875,1.0,478.008,548.867,1.0,479.546,542.96,1.0,485.97,535.525,1.0,490.646,530.402,1.0,504.35,525.694,1.0,897.557,349.941,1.0,890.403,352.726,1.0,884.081,356.39,1.0,874.545,362.51,1.0,872.253,368.936,1.0
348,557.475,429.681,1.0,552.802,422.8,1.0,546.834,413.956,1.0,543.31,407.659,1.0,547.109,395.856,1.0,413.366,255.479,1.0,414.886,259.483,1.0,422.625,269.604,1.0,425.569,277.999,1.0,434.895,282.287,1.0,916.44,685.061,1.0,908.092,679.321,1.0,897.7,679.074,1.0,892.995,669.524,1.0,894.137,658.889,1.0,477.838,548.867,1.0,479.273,542.96,1.0,485.97,535.711,1.0,490.043,530.986,1.0,504.307,522.856,1.0,903.587,344.644,1.0,894.554,345.543,1.0,884.081,355.044,1.0,880.846,361.536,1.0,876.981,366.182,1.0
349,557.453,429.681,1.0,552.88,422.517,1.0,546.9,413.959,1.0,543.31,407.662,1.0,547.109,396.729,1.0,413.424,255.479,1.0,416.36,261.838,1.0,423.228,269.846,1.0,425.838,278.811,1.0,434.737,282.465,1.0,916.443,686.559,1.0,909.31,679.373,1.0,898.67,679.352,1.0,892.995,669.524,1.0,894.137,658.971,1.0,477.838,548.867,1.0,479.273,542.96,1.0,485.97,536.323,1.0,489.022,531.174,1.0,503.46,522.856,1.0,903.875,338.725,1.0,895.61,342.784,1.0,886.534,355.044,1.0,881.127,361.531,1.0,879.711,364.238,1.0
350,557.333,429.897,1.0,553.246,422.517,1.0,548.187,414.287,1.0,543.47,408.103,1.0,547.109,397.057,1.0,413.424,255.452,1.0,416.621,261.838,1.0,423.228,269.846,1.0,425.838,278.811,1.0,434.168,282.465,1.0,916.619,686.559,1.0,910.222,679.972,1.0,898.806,679.471,1.0,892.995,670.205,1.0,895.018,659.995,1.0,477.706,548.867,1.0,479.056,542.96,1.0,485.864,536.762,1.0,488.695,530.998,1.0,502.594,522.856,1.0,904.18,338.424,1.0,896.588,340.152,1.0,888.741,353.41,1.0,881.609,359.544,1.0,879.711,363.683,1.0
351,557.333,429.99,1.0,554.316,422.517,1.0,548.311,415.636,1.0,543.47,408.292,1.0,547.109,397.16,1.0,413.424,254.867,1.0,417.03,259.483,1.0,422.625,269.719,1.0,426.391,277.999,1.0,434.061,282.287,1.0,920.4,685.343,1.0,910.656,679.321,1.0,898.806,679.471,1.0,894.507,670.205,1.0,895.188,660.432,1.0,477.571,548.867,1.0,479.056,542.96,1.0,485.849,536.788,1.0,488.695,530.986,1.0,501.715,522.862,1.0,905.234,338.066,1.0,896.673,340.152,1.0,888.81,349.038,1.0,882.364,359.544,1.0,879.717,363.492,1.0
352,557.333,433.725,1.0,556.14,425.137,1.0,548.907,417.476,1.0,543.47,409.142,1.0,546.42,398.414,1.0,417.198,250.869,1.0,417.058,257.786,1.0,421.352,269.719,1.0,426.62,277.772,1.0,433.768,282.034,1.0,922.467,685.061,1.0,910.656,679.972,1.0,899.977,679.471,1.0,894.507,670.205,1.0,895.418,661.022,1.0,477.507,555.511,1.0,477.969,544.546,1.0,484.495,537.466,1.0,488.596,530.986,1.0,501.713,524.667,1.0,905.444,335.874,1.0,897.167,340.874,1.0,890.629,348.921,1.0,885.154,356.093,1.0,880.488,361.481,1.0
353,558.55,435.655,1.0,556.14,426.958,1.0,548.907,419.755,1.0,543.274,412.151,1.0,546.389,402.022,1.0,424.312,250.869,1.0,420.854,260.585,1.0,423.228,269.846,1.0,427.232,277.772,1.0,433.768,282.465,1.0,924.068,678.784,1.0,910.656,680.458,1.0,900.373,679.471,1.0,894.507,670.577,1.0,895.55,661.023,1.0,474.655,555.511,1.0,477.969,546.385,1.0,484.248,537.629,1.0,488.581,530.601,1.0,501.632,525.154,1.0,907.09,335.838,1.0,900.962,340.209,1.0,894.849,346.73,1.0,885.932,353.488,1.0,881.736,359.8,1.0
354,559.034,435.887,1.0,556.65,427.76,1.0,548.716,419.966,1.0,542.893,413.081,1.0,540.802,404.635,1.0,424.754,250.869,1.0,421.222,260.585,1.0,423.285,271.371,1.0,427.232,277.496,1.0,433.768,282.51,1.0,924.068,675.919,1.0,910.656,679.972,1.0,899.977,679.471,1.0,894.413,669.346,1.0,895.55,661.022,1.0,472.49,555.511,1.0,477.969,547.677,1.0,484.048,538.661,1.0,487.707,530.601,1.0,501.074,525.154,1.0,907.891,335.874,1.0,902.49,340.209,1.0,895.31,344.563,1.0,888.765,351.57,1.0,882.679,358.59,1.0
355,559.068,436.245,1.0,556.659,427.937,1.0,548.907,421.209,1.0,542.893,414.42,1.0,540.802,406.298,1.0,424.754,256.801,1.0,421.222,260.585,1.0,423.285,270.531,1.0,427.556,277.458,1.0,433.768,283.366,1.0,923.09,675.919,1.0,910.656,677.552,1.0,899.43,680.233,1.0,894.398,669.346,1.0,895.55,660.985,1.0,472.49,555.511,1.0,481.765,548.1,1.0,483.745,539.382,1.0,487.23,530.601,1.0,501.033,525.393,1.0,908.044,335.874,1.0,902.783,340.209,1.0,896.281,343.778,1.0,888.824,350.885,1.0,883.308,358.59,1.0
356,559.253,436.908,1.0,556.659,427.937,1.0,548.907,421.355,1.0,543.274,414.851,1.0,540.802,406.368,1.0,424.312,263.195,1.0,420.854,262.7,1.0,424.23,271.371,1.0,427.556,277.332,1.0,433.765,283.366,1.0,923.09,675.919,1.0,909.431,677.832,1.0,899.43,678.725,1.0,894.354,668.809,1.0,895.124,660.985,1.0,472.49,555.511,1.0,481.765,548.187,1.0,483.451,540.145,1.0,486.712,531.492,1.0,499.167,525.154,1.0,908.156,335.838,1.0,902.874,339.457,1.0,896.323,342.808,1.0,889.17,350.642,1.0,883.962,357.072,1.0
357,559.905,437.304,1.0,556.752,427.937,1.0,549.551,421.752,1.0,543.559,415.054,1.0,541.07,407.158,1.0,421.175,263.195,1.0,420.527,262.7,1.0,424.23,271.371,1.0,427.556,276.944,1.0,433.765,283.366,1.0,921.181,684.266,1.0,909.185,677.552,1.0,898.806,678.725,1.0,892.53,668.809,1.0,894.906,660.826,1.0,472.68,559.556,1.0,481.765,549.789,1.0,482.894,540.932,1.0,484.79,532.475,1.0,495.9,525.129,1.0,910.429,332.814,1.0,906.466,333.662,1.0,901.853,341.296,1.0,891.057,347.71,1.0,884.405,354.168,1.0
358,559.772,437.468,1.0,557.85,428.057,1.0,550.181,422.548,1.0,544.697,415.45,1.0,541.21,407.654,1.0,410.54,263.195,1.0,419.989,262.7,1.0,423.525,270.531,1.0,426.619,276.939,1.0,432.719,279.401,1.0,911.955,686.808,1.0,908.839,677.552,1.0,898.288,678.725,1.0,892.539,668.132,1.0,894.711,660.193,1.0,472.68,559.556,1.0,481.765,549.901,1.0,482.56,540.932,1.0,484.784,532.872,1.0,495.091,525.029,1.0,916.46,327.027,1.0,906.466,329.103,1.0,903.022,338.302,1.0,893.239,343.742,1.0,889.9,351.62,1.0
359,559.772,444.783,1.0,561.702,435.422,1.0,553.311,426.339,1.0,547.187,417.391,1.0,541.411,410.072,1.0,410.54,259.029,1.0,416.938,262.7,1.0,424.23,270.531,1.0,425.443,276.939,1.0,432.719,279.401,1.0,907.403,686.808,1.0,907.651,677.832,1.0,898.288,677.912,1.0,892.539,668.132,1.0,894.348,659.746,1.0,472.68,559.669,1.0,481.632,550.173,1.0,482.358,541.476,1.0,484.506,532.951,1.0,494.818,525.029,1.0,917.228,326.989,1.0,906.779,328.857,1.0,903.552,338.285,1.0,893.463,343.742,1.0,890.101,351.367,1.0
360,559.772,445.888,1.0,562.069,435.98,1.0,553.604,426.407,1.0,547.615,418.763,1.0,541.869,410.072,1.0,410.54,258.183,1.0,416.938,261.458,1.0,427.105,271.266,1.0,425.443,275.91,1.0,432.719,279.401,1.0,907.121,686.272,1.0,906.229,678.14,1.0,897.378,677.225,1.0,892.539,668.132,1.0,894.274,659.446,1.0,472.403,559.669,1.0,481.423,550.206,1.0,482.358,541.476,1.0,484.506,532.951,1.0,494.703,525.029,1.0,917.306,326.602,1.0,906.779,328.857,1.0,903.753,337.582,1.0,894.872,343.314,1.0,890.105,351.338,1.0
361,559.47,447.548,1.0,562.069,436.072,1.0,554.072,427.564,1.0,548.126,418.864,1.0,542.228,410.072,1.0,413.548,255.124,1.0,419.624,259.74,1.0,427.105,271.266,1.0,425.443,275.91,1.0,433.269,281.211,1.0,905.404,686.146,1.0,906.229,678.14,1.0,897.277,677.225,1.0,892.539,667.074,1.0,894.034,659.446,1.0,472.161,559.556,1.0,480.059,550.288,1.0,482.358,542.232,1.0,484.506,534.029,1.0,494.501,526.503,1.0,917.306,325.305,1.0,906.812,328.317,1.0,903.836,337.524,1.0,896.626,340.301,1.0,894.051,348.749,1.0
362,559.125,448.105,1.0,561.778,438.036,1.0,554.876,428.198,1.0,550.163,422.609,1.0,544.87,408.293,1.0,422.084,254.239,1.0,419.989,259.74,1.0,427.105,271.266,1.0,425.443,275.91,1.0,433.269,281.211,1.0,907.121,686.146,1.0,905.244,678.14,1.0,896.835,676.144,1.0,893.002,668.221,1.0,894.034,659.446,1.0,472.074,559.414,1.0,479.018,550.288,1.0,482.358,542.439,1.0,484.506,534.506,1.0,493.823,528.036,1.0,919.905,320.677,1.0,909.55,327.5,1.0,905.453,336.424,1.0,899.356,339.701,1.0,894.051,348.749,1.0
363,558.985,448.105,1.0,562.069,438.131,1.0,554.896,428.389,1.0,550.202,422.841,1.0,545.233,408.293,1.0,423.956,253.263,1.0,419.995,260.171,1.0,427.105,271.266,1.0,425.689,275.91,1.0,433.269,281.211,1.0,907.121,686.146,1.0,905.109,680.239,1.0,896.835,676.144,1.0,893.002,668.221,1.0,893.955,659.233,1.0,472.074,559.414,1.0,478.473,550.37,1.0,482.358,543.341,1.0,484.506,535.962,1.0,492.814,528.622,1.0,921.389,317.975,1.0,911.582,327.265,1.0,906.639,335.797,1.0,900.613,339.055,1.0,894.051,348.749,1.0
364,558.826,448.105,1.0,561.778,438.131,1.0,554.896,428.58,1.0,551.277,423.44,1.0,545.366,408.293,1.0,432.572,251.728,1.0,425.844,259.74,1.0,423.163,265.671,1.0,425.689,275.742,1.0,431.342,281.303,1.0,905.015,686.146,1.0,905.109,680.352,1.0,896.835,675.865,1.0,892.703,667.074,1.0,893.651,658.832,1.0,468.927,558.741,1.0,472.291,550.986,1.0,479.761,544.165,1.0,483.212,538.83,1.0,492.564,529.153,1.0,921.82,317.942,1.0,912.351,325.289,1.0,907.937,332.442,1.0,902.728,337.036,1.0,896.962,347.622,1.0
365,558.826,448.19,1.0,560.514,438.343,1.0,555.694,428.897,1.0,551.277,423.772,1.0,545.468,408.917,1.0,432.572,250.055,1.0,426.166,258.936,1.0,421.378,265.495,1.0,425.689,275.742,1.0,431.342,280.834,1.0,903.196,685.867,1.0,903.866,680.462,1.0,897.779,676.573,1.0,892.703,667.074,1.0,893.322,658.537,1.0,467.102,558.741,1.0,471.311,550.986,1.0,479.705,545.344,1.0,482.166,538.83,1.0,492.564,529.651,1.0,921.997,317.942,1.0,912.351,324.975,1.0,908.239,331.545,1.0,902.744,336.146,1.0,896.962,347.42,1.0
366,558.826,448.19,1.0,560.182,439.824,1.0,555.743,429.703,1.0,551.443,424.328,1.0,545.794,411.491,1.0,432.572,246.516,1.0,426.166,255.51,1.0,420.984,265.495,1.0,425.689,275.742,1.0,431.342,280.668,1.0,897.684,685.867,1.0,903.26,681.796,1.0,897.779,676.573,1.0,893.002,667.461,1.0,893.153,658.072,1.0,467.102,558.741,1.0,471.311,549.294,1.0,479.705,545.344,1.0,482.037,538.83,1.0,492.449,530.006,1.0,922.505,317.899,1.0,915.073,324.969,1.0,909.413,328.41,1.0,903.24,335.493,1.0,896.962,343.343,1.0
367,564.235,452.888,1.0,560.514,442.422,1.0,558.807,435.956,1.0,551.443,424.737,1.0,547.022,414.397,1.0,426.507,246.516,1.0,426.166,255.51,1.0,420.984,265.495,1.0,426.447,276.381,1.0,432.776,280.834,1.0,893.775,686.33,1.0,898.362,681.866,1.0,897.779,676.632,1.0,894.283,667.461,1.0,892.576,658.072,1.0,466.666,558.741,1.0,470.998,549.294,1.0,479.67,545.584,1.0,482.037,538.83,1.0,492.449,530.121,1.0,925.058,309.244,1.0,916.224,316.342,1.0,914.802,324.864,1.0,905.603,330.904,1.0,897.55,338.652,1.0
368,564.621,454.023,1.0,560.182,443.03,1.0,559.113,436.187,1.0,551.443,425.054,1.0,548.0,416.643,1.0,423.454,246.516,1.0,421.569,255.51,1.0,420.984,266.266,1.0,426.986,276.593,1.0,433.223,281.303,1.0,893.0,685.867,1.0,897.427,681.871,1.0,897.445,677.388,1.0,894.337,667.681,1.0,892.465,658.072,1.0,466.666,558.846,1.0,470.998,549.294,1.0,479.67,545.344,1.0,481.967,538.83,1.0,492.449,530.121,1.0,925.608,307.922,1.0,916.644,314.978,1.0,917.158,323.191,1.0,906.979,330.232,1.0,898.813,337.678,1.0
369,564.681,454.561,1.0,560.182,443.699,1.0,559.113,437.452,1.0,551.526,426.488,1.0,549.269,419.692,1.0,420.925,253.841,1.0,420.962,261.401,1.0,422.731,270.2,1.0,428.29,277.118,1.0,434.04,282.332,1.0,889.804,685.867,1.0,895.867,683.567,1.0,896.615,678.773,1.0,894.389,667.755,1.0,892.03,658.133,1.0,466.666,559.428,1.0,470.998,549.294,1.0,479.67,545.344,1.0,481.945,539.406,1.0,492.062,530.388,1.0,925.666,307.649,1.0,918.263,311.555,1.0,917.158,322.941,1.0,907.142,329.619,1.0,899.277,336.861,1.0
370,565.314,459.463,1.0,559.512,444.235,1.0,558.851,437.471,1.0,551.632,426.615,1.0,549.294,419.876,1.0,415.252,257.794,1.0,419.268,263.197,1.0,424.135,270.281,1.0,429.119,277.118,1.0,434.282,282.332,1.0,889.804,686.33,1.0,894.551,684.588,1.0,895.003,678.825,1.0,894.488,667.84,1.0,891.837,658.475,1.0,463.159,560.831,1.0,469.327,550.776,1.0,478.42,545.584,1.0,481.387,539.577,1.0,491.615,530.388,1.0,925.923,307.151,1.0,918.263,311.329,1.0,917.164,322.116,1.0,908.099,328.409,1.0,901.308,334.833,1.0
371,565.314,460.127,1.0,558.994,445.08,1.0,558.851,437.796,1.0,551.632,426.715,1.0,549.444,421.825,1.0,408.755,258.907,1.0,419.109,263.672,1.0,424.389,270.281,1.0,430.667,277.118,1.0,435.622,282.65,1.0,889.804,686.879,1.0,893.103,685.142,1.0,895.003,678.825,1.0,894.488,668.36,1.0,891.265,659.391,1.0,462.594,560.894,1.0,467.608,551.165,1.0,476.621,545.987,1.0,480.606,539.577,1.0,491.086,530.388,1.0,927.932,305.959,1.0,918.263,311.08,1.0,917.41,321.091,1.0,909.358,326.453,1.0,906.985,333.01,1.0
372,565.314,460.494,1.0,558.994,446.535,1.0,559.186,438.746,1.0,551.672,427.452,1.0,549.512,422.656,1.0,407.758,268.272,1.0,417.178,267.252,1.0,424.135,270.2,1.0,432.311,275.378,1.0,434.581,282.332,1.0,886.029,690.569,1.0,889.615,686.632,1.0,895.003,678.773,1.0,894.488,668.404,1.0,890.544,659.415,1.0,459.393,560.894,1.0,464.313,551.236,1.0,470.943,547.515,1.0,478.739,539.577,1.0,485.354,535.402,1.0,935.846,305.345,1.0,930.984,310.874,1.0,920.429,320.907,1.0,912.52,326.152,1.0,911.655,332.32,1.0
373,565.038,460.494,1.0,559.512,449.553,1.0,558.851,440.308,1.0,551.969,429.071,1.0,549.916,423.749,1.0,406.958,269.116,1.0,415.907,268.315,1.0,423.419,270.246,1.0,432.311,274.652,1.0,434.282,280.739,1.0,885.077,690.623,1.0,889.135,687.392,1.0,893.799,678.916,1.0,894.488,668.793,1.0,890.431,659.908,1.0,458.895,560.831,1.0,464.313,551.833,1.0,470.395,548.441,1.0,477.212,540.131,1.0,485.354,536.447,1.0,937.391,304.473,1.0,931.751,310.776,1.0,920.429,320.694,1.0,913.107,326.019,1.0,911.852,331.974,1.0
374,564.24,460.521,1.0,561.34,452.841,1.0,558.343,443.718,1.0,553.077,433.294,1.0,553.316,424.501,1.0,406.865,269.763,1.0,415.907,268.593,1.0,423.419,270.134,1.0,432.311,274.36,1.0,434.581,280.739,1.0,884.765,691.362,1.0,889.127,687.647,1.0,893.799,678.916,1.0,894.488,668.933,1.0,890.367,660.478,1.0,454.038,555.638,1.0,464.313,551.996,1.0,470.176,548.91,1.0,476.404,538.982,1.0,485.354,536.656,1.0,937.606,303.983,1.0,931.818,310.061,1.0,920.576,320.593,1.0,913.785,326.019,1.0,911.852,331.974,1.0
375,563.398,460.899,1.0,561.643,453.542,1.0,556.912,447.838,1.0,553.745,433.568,1.0,553.615,424.704,1.0,406.865,269.924,1.0,415.652,268.762,1.0,423.177,269.941,1.0,431.93,274.302,1.0,434.581,281.068,1.0,883.233,697.792,1.0,887.0,689.073,1.0,892.956,682.814,1.0,894.447,670.023,1.0,890.367,661.444,1.0,453.388,555.505,1.0,464.055,552.112,1.0,470.02,549.773,1.0,476.123,538.982,1.0,485.8,537.285,1.0,938.612,303.983,1.0,931.871,309.796,1.0,920.679,319.815,1.0,914.155,322.4,1.0,912.192,331.719,1.0
376,563.192,461.954,1.0,561.999,453.542,1.0,556.912,448.273,1.0,553.896,433.953,1.0,553.657,425.376,1.0,404.975,270.22,1.0,414.949,268.967,1.0,422.611,269.941,1.0,431.607,274.302,1.0,434.292,281.039,1.0,883.073,697.792,1.0,886.097,689.073,1.0,892.956,683.543,1.0,894.447,670.193,1.0,890.544,662.036,1.0,453.388,555.505,1.0,464.459,553.002,1.0,469.713,550.298,1.0,476.123,539.351,1.0,485.8,536.762,1.0,938.974,303.731,1.0,931.871,309.289,1.0,922.249,316.796,1.0,917.357,319.017,1.0,912.376,331.719,1.0
377,563.192,462.062,1.0,562.629,454.353,1.0,556.912,448.75,1.0,553.973,433.963,1.0,553.657,425.376,1.0,403.788,270.886,1.0,414.144,269.196,1.0,421.777,270.037,1.0,430.882,274.112,1.0,434.239,281.068,1.0,878.787,697.792,1.0,885.12,689.383,1.0,892.245,683.998,1.0,894.158,671.07,1.0,891.557,662.38,1.0,453.388,555.505,1.0,464.459,553.002,1.0,468.906,550.513,1.0,475.65,539.512,1.0,485.8,536.748,1.0,939.439,302.871,1.0,931.871,305.61,1.0,922.249,312.187,1.0,920.649,318.458,1.0,912.377,326.47,1.0
378,563.192,462.062,1.0,562.73,453.55,1.0,557.198,448.75,1.0,553.997,433.996,1.0,553.657,425.484,1.0,403.149,270.886,1.0,414.144,269.196,1.0,421.777,270.037,1.0,430.668,274.011,1.0,434.239,281.103,1.0,874.742,689.96,1.0,884.998,689.434,1.0,891.981,684.241,1.0,893.601,670.193,1.0,891.582,662.59,1.0,455.061,558.066,1.0,464.459,552.112,1.0,468.906,550.513,1.0,475.461,539.351,1.0,485.175,536.762,1.0,939.624,302.792,1.0,931.871,304.407,1.0,922.505,311.505,1.0,920.649,318.201,1.0,912.667,325.302,1.0
379,563.577,462.583,1.0,563.643,453.542,1.0,557.723,448.804,1.0,554.228,435.305,1.0,552.776,426.388,1.0,402.42,270.886,1.0,413.559,269.368,1.0,421.348,270.037,1.0,430.313,273.579,1.0,433.821,281.068,1.0,873.221,688.814,1.0,884.15,689.633,1.0,891.243,684.241,1.0,892.743,670.023,1.0,891.582,663.211,1.0,455.201,558.066,1.0,463.113,551.583,1.0,468.906,550.736,1.0,475.461,539.512,1.0,485.056,536.762,1.0,939.821,302.792,1.0,931.871,303.586,1.0,922.905,310.95,1.0,920.724,317.633,1.0,912.732,324.386,1.0
380,570.148,462.88,1.0,564.574,453.55,1.0,557.988,449.774,1.0,554.635,435.358,1.0,552.525,426.388,1.0,401.958,270.886,1.0,413.08,269.415,1.0,421.319,270.037,1.0,430.2,273.432,1.0,433.442,281.039,1.0,872.976,688.814,1.0,883.629,689.633,1.0,891.237,684.122,1.0,891.367,670.193,1.0,891.582,663.312,1.0,456.25,558.066,1.0,465.162,549.347,1.0,468.822,550.768,1.0,475.65,539.792,1.0,485.056,536.762,1.0,939.92,301.892,1.0,934.357,300.474,1.0,922.905,310.869,1.0,920.827,313.736,1.0,913.285,322.66,1.0
381,577.534,464.409,1.0,567.549,453.55,1.0,558.133,450.239,1.0,554.906,436.803,1.0,552.222,426.388,1.0,401.473,271.193,1.0,412.679,269.861,1.0,420.946,270.04,1.0,426.498,272.426,1.0,429.88,280.886,1.0,872.911,688.814,1.0,883.578,689.996,1.0,890.845,684.122,1.0,890.629,671.044,1.0,891.464,663.527,1.0,458.161,549.224,1.0,465.162,549.122,1.0,469.88,551.323,1.0,474.83,540.53,1.0,485.056,536.748,1.0,942.169,291.012,1.0,936.675,298.455,1.0,930.934,304.885,1.0,921.176,312.554,1.0,916.156,318.938,1.0
382,578.533,464.922,1.0,568.09,453.55,1.0,558.133,450.239,1.0,554.906,436.957,1.0,552.222,426.026,1.0,394.313,272.905,1.0,404.974,269.861,1.0,415.802,270.04,1.0,420.475,268.95,1.0,427.907,280.533,1.0,872.911,689.302,1.0,882.363,689.997,1.0,890.362,684.122,1.0,890.483,671.044,1.0,891.436,663.848,1.0,458.161,547.511,1.0,465.162,549.122,1.0,471.227,551.323,1.0,474.83,540.53,1.0,485.441,536.52,1.0,942.232,286.959,1.0,936.675,294.081,1.0,932.207,304.806,1.0,926.433,311.764,1.0,921.771,316.327,1.0
383,578.878,464.975,1.0,568.18,453.938,1.0,558.133,450.565,1.0,554.906,437.77,1.0,552.222,426.026,1.0,394.089,273.493,1.0,404.773,269.861,1.0,415.617,270.024,1.0,420.475,268.167,1.0,427.907,278.854,1.0,872.867,689.668,1.0,880.96,690.005,1.0,889.323,684.122,1.0,889.888,671.31,1.0,890.77,664.448,1.0,456.598,546.988,1.0,464.94,549.122,1.0,471.263,551.323,1.0,472.873,546.399,1.0,485.454,536.471,1.0,942.443,286.606,1.0,936.697,294.081,1.0,932.992,304.568,1.0,926.433,311.744,1.0,922.437,315.607,1.0
384,578.878,465.781,1.0,568.559,453.94,1.0,558.913,451.437,1.0,554.906,437.818,1.0,552.222,426.026,1.0,393.296,273.581,1.0,404.319,269.545,1.0,415.292,270.024,1.0,420.432,268.167,1.0,427.907,278.033,1.0,871.187,693.314,1.0,880.888,692.36,1.0,887.66,685.192,1.0,888.425,674.755,1.0,890.77,664.834,1.0,456.598,546.988,1.0,464.94,549.122,1.0,471.263,550.875,1.0,472.873,546.399,1.0,485.454,536.52,1.0,942.802,286.396,1.0,936.697,294.081,1.0,933.309,303.941,1.0,926.639,311.744,1.0,922.975,315.536,1.0
385,578.571,465.781,1.0,569.199,454.74,1.0,559.735,452.103,1.0,559.583,438.507,1.0,553.907,428.267,1.0,393.167,273.581,1.0,404.069,269.545,1.0,415.292,270.12,1.0,420.432,268.167,1.0,427.907,278.033,1.0,871.024,694.602,1.0,880.888,692.969,1.0,887.598,685.431,1.0,888.359,675.335,1.0,890.77,665.127,1.0,456.598,546.794,1.0,464.222,548.642,1.0,471.263,550.178,1.0,472.873,546.399,1.0,485.454,536.471,1.0,944.802,286.396,1.0,942.683,294.054,1.0,933.806,303.941,1.0,926.639,309.553,1.0,924.948,315.521,1.0
386,578.571,465.781,1.0,569.199,456.168,1.0,559.735,453.038,1.0,559.583,439.34,1.0,556.805,431.034,1.0,393.011,273.617,1.0,403.676,269.545,1.0,414.908,270.12,1.0,420.047,268.301,1.0,427.907,278.033,1.0,871.013,703.606,1.0,880.888,693.476,1.0,887.598,688.713,1.0,888.125,679.603,1.0,890.979,666.744,1.0,456.598,546.232,1.0,464.203,548.642,1.0,470.438,550.178,1.0,472.873,539.764,1.0,484.873,536.471,1.0,952.284,286.606,1.0,943.08,293.857,1.0,937.297,300.92,1.0,930.757,303.176,1.0,926.428,311.401,1.0
387,575.884,458.882,1.0,569.43,456.168,1.0,560.247,453.038,1.0,559.704,439.939,1.0,557.588,431.606,1.0,392.51,273.998,1.0,402.499,271.131,1.0,413.693,270.685,1.0,420.047,268.564,1.0,428.192,278.573,1.0,870.985,703.888,1.0,881.437,693.517,1.0,887.597,689.723,1.0,888.125,679.92,1.0,893.395,667.849,1.0,460.423,543.023,1.0,463.058,548.642,1.0,470.438,550.178,1.0,473.25,539.764,1.0,484.25,536.471,1.0,952.351,288.546,1.0,943.451,290.373,1.0,937.533,297.769,1.0,933.274,302.817,1.0,928.827,310.748,1.0
388,575.832,458.882,1.0,569.501,456.323,1.0,560.356,453.038,1.0,559.583,440.045,1.0,557.795,432.689,1.0,392.335,274.163,1.0,402.28,271.566,1.0,412.912,270.78,1.0,420.047,268.67,1.0,428.192,278.573,1.0,870.946,703.888,1.0,882.075,693.97,1.0,887.315,689.723,1.0,888.125,680.187,1.0,893.395,668.168,1.0,464.92,540.849,1.0,463.058,551.461,1.0,470.438,550.258,1.0,473.679,539.764,1.0,483.809,534.868,1.0,952.732,288.546,1.0,944.559,289.965,1.0,938.021,296.73,1.0,933.552,302.393,1.0,928.827,310.161,1.0
389,575.641,458.882,1.0,569.822,456.695,1.0,561.382,453.11,1.0,559.248,440.556,1.0,557.588,433.001,1.0,391.999,274.743,1.0,402.095,272.591,1.0,410.464,271.315,1.0,418.426,272.531,1.0,428.507,278.573,1.0,870.899,703.888,1.0,882.075,693.97,1.0,887.315,688.713,1.0,888.166,680.187,1.0,893.395,668.953,1.0,467.466,540.601,1.0,464.192,551.461,1.0,470.758,550.67,1.0,473.25,546.94,1.0,483.677,534.868,1.0,953.132,288.546,1.0,944.559,289.94,1.0,938.515,296.077,1.0,934.013,302.028,1.0,928.959,309.811,1.0
390,575.641,460.739,1.0,570.44,456.911,1.0,561.963,453.418,1.0,558.035,445.606,1.0,556.984,433.457,1.0,391.999,275.674,1.0,401.92,272.591,1.0,409.309,272.164,1.0,418.221,272.822,1.0,428.507,278.029,1.0,870.566,704.3,1.0,882.075,693.97,1.0,885.56,687.406,1.0,888.505,680.187,1.0,892.763,669.683,1.0,467.528,539.888,1.0,464.192,551.461,1.0,470.789,550.67,1.0,473.494,546.944,1.0,481.072,540.751,1.0,954.279,285.456,1.0,946.15,287.18,1.0,938.979,294.965,1.0,935.663,300.738,1.0,929.504,307.45,1.0
391,575.641,469.977,1.0,575.248,460.618,1.0,563.629,452.846,1.0,557.913,448.66,1.0,556.984,434.52,1.0,391.663,276.077,1.0,401.795,272.591,1.0,407.55,272.749,1.0,418.221,273.522,1.0,428.507,275.056,1.0,869.619,704.3,1.0,875.42,695.136,1.0,883.878,687.406,1.0,890.18,679.379,1.0,892.338,670.272,1.0,467.528,538.003,1.0,464.192,548.123,1.0,470.789,550.73,1.0,473.494,547.152,1.0,481.072,540.751,1.0,957.419,274.65,1.0,955.081,281.019,1.0,946.31,287.857,1.0,937.211,294.423,1.0,929.928,304.56,1.0
392,578.232,476.526,1.0,577.925,464.607,1.0,563.855,454.297,1.0,557.913,449.637,1.0,556.984,435.303,1.0,391.663,276.186,1.0,401.795,272.269,1.0,407.175,272.951,1.0,416.973,274.01,1.0,427.583,273.398,1.0,869.058,703.882,1.0,874.967,695.792,1.0,882.947,687.406,1.0,890.305,679.379,1.0,892.03,670.272,1.0,467.466,537.455,1.0,464.192,547.971,1.0,470.789,550.67,1.0,472.588,547.152,1.0,482.783,535.407,1.0,957.438,274.294,1.0,955.147,280.804,1.0,946.31,287.399,1.0,937.422,294.423,1.0,929.928,303.783,1.0
393,578.239,476.957,1.0,577.939,464.706,1.0,566.419,456.918,1.0,558.035,449.65,1.0,556.984,435.48,1.0,391.999,276.327,1.0,401.92,272.269,1.0,407.175,272.951,1.0,416.402,274.153,1.0,427.169,273.113,1.0,866.818,703.5,1.0,873.49,696.068,1.0,881.882,688.375,1.0,890.305,679.379,1.0,891.628,670.331,1.0,464.961,534.728,1.0,463.909,543.824,1.0,468.718,550.629,1.0,471.825,547.936,1.0,482.783,536.325,1.0,957.686,273.963,1.0,955.334,280.255,1.0,946.54,287.11,1.0,937.647,294.104,1.0,933.69,300.865,1.0
394,578.332,478.432,1.0,578.748,466.455,1.0,567.511,457.964,1.0,560.988,451.198,1.0,557.758,437.448,1.0,391.663,276.452,1.0,401.795,272.269,1.0,407.018,272.951,1.0,416.343,274.153,1.0,426.917,272.996,1.0,866.428,703.154,1.0,873.49,696.095,1.0,881.882,689.173,1.0,890.305,680.262,1.0,891.628,670.478,1.0,464.089,533.653,1.0,463.068,542.312,1.0,468.195,549.914,1.0,471.039,547.936,1.0,482.783,536.325,1.0,958.327,272.985,1.0,955.334,280.193,1.0,946.54,286.328,1.0,940.504,292.962,1.0,934.449,300.772,1.0
395,578.507,478.915,1.0,579.176,467.082,1.0,568.838,459.041,1.0,563.235,454.55,1.0,557.855,437.618,1.0,391.651,276.452,1.0,401.668,272.983,1.0,406.908,267.436,1.0,415.538,274.01,1.0,425.889,272.454,1.0,866.406,703.114,1.0,873.49,696.095,1.0,881.882,689.687,1.0,890.305,680.262,1.0,891.628,670.559,1.0,464.047,532.053,1.0,463.068,539.552,1.0,468.195,548.529,1.0,471.039,547.936,1.0,482.783,536.325,1.0,960.458,270.909,1.0,957.561,278.393,1.0,948.527,285.742,1.0,942.977,292.836,1.0,939.674,299.584,1.0
396,578.831,479.022,1.0,579.176,467.082,1.0,569.281,459.052,1.0,563.246,454.69,1.0,557.855,437.83,1.0,388.823,276.452,1.0,398.659,273.888,1.0,405.113,267.031,1.0,409.545,267.222,1.0,423.443,272.043,1.0,866.406,703.114,1.0,873.497,696.095,1.0,882.279,689.903,1.0,890.305,680.475,1.0,891.716,670.559,1.0,463.847,532.053,1.0,463.068,539.265,1.0,468.195,547.234,1.0,471.039,546.524,1.0,482.44,540.346,1.0,966.205,270.909,1.0,961.517,277.202,1.0,950.733,284.64,1.0,943.039,288.245,1.0,941.515,299.452,1.0
397,578.742,479.022,1.0,579.176,467.442,1.0,569.408,459.157,1.0,563.756,454.963,1.0,557.855,437.83,1.0,381.64,276.24,1.0,390.085,275.841,1.0,401.904,266.881,1.0,409.495,266.71,1.0,421.766,270.132,1.0,866.406,703.114,1.0,874.325,695.89,1.0,882.631,689.903,1.0,890.246,680.262,1.0,891.716,670.993,1.0,463.018,531.634,1.0,463.239,538.477,1.0,469.546,546.259,1.0,471.039,545.547,1.0,481.832,540.928,1.0,966.485,270.804,1.0,961.519,277.103,1.0,951.632,284.346,1.0,943.827,287.982,1.0,941.799,299.186,1.0
398,578.831,478.915,1.0,578.883,468.022,1.0,570.146,459.321,1.0,564.737,455.977,1.0,557.855,438.552,1.0,381.08,272.972,1.0,390.019,275.841,1.0,401.826,267.031,1.0,409.434,266.71,1.0,420.708,268.466,1.0,866.898,701.653,1.0,875.007,695.851,1.0,882.802,689.687,1.0,890.459,680.214,1.0,891.716,671.184,1.0,462.704,531.634,1.0,463.984,538.131,1.0,469.546,546.167,1.0,471.039,545.547,1.0,481.832,540.928,1.0,966.573,270.804,1.0,962.608,276.588,1.0,952.224,284.248,1.0,944.279,287.913,1.0,941.934,299.156,1.0
399,579.149,479.022,1.0,578.883,468.366,1.0,570.524,459.747,1.0,565.511,456.925,1.0,558.428,440.041,1.0,380.534,272.972,1.0,389.298,275.841,1.0,401.519,267.436,1.0,409.053,266.868,1.0,419.829,268.466,1.0,871.098,701.653,1.0,877.849,695.851,1.0,882.802,688.123,1.0,890.542,680.024,1.0,890.868,671.271,1.0,462.406,530.918,1.0,464.131,537.109,1.0,469.546,545.574,1.0,470.912,545.547,1.0,481.705,540.346,1.0,967.848,270.804,1.0,963.52,275.872,1.0,952.545,282.653,1.0,947.76,285.018,1.0,942.238,294.67,1.0
400,584.059,479.65,1.0,578.883,469.364,1.0,571.561,461.937,1.0,567.327,457.065,1.0,561.356,445.918,1.0,379.769,272.545,1.0,389.175,275.259,1.0,401.239,267.458,1.0,408.767,266.868,1.0,419.393,268.466,1.0,875.706,701.674,1.0,880.237,694.311,1.0,882.631,687.45,1.0,890.818,679.579,1.0,890.868,671.635,1.0,460.13,530.042,1.0,465.19,535.613,1.0,468.302,544.919,1.0,469.639,545.4,1.0,481.09,538.13,1.0,969.061,268.051,1.0,964.202,265.663,1.0,953.097,276.21,1.0,951.334,283.936,1.0,942.602,292.921,1.0
401,585.095,480.429,1.0,579.558,470.929,1.0,576.485,465.693,1.0,567.594,457.831,1.0,562.008,447.862,1.0,379.769,272.972,1.0,388.815,275.006,1.0,400.539,267.458,1.0,408.008,267.606,1.0,418.975,268.755,1.0,875.94,701.674,1.0,880.237,694.311,1.0,882.802,686.52,1.0,890.875,679.521,1.0,890.868,672.152,1.0,458.863,528.149,1.0,465.399,535.515,1.0,467.527,544.919,1.0,468.826,546.258,1.0,481.241,538.13,1.0,969.973,267.125,1.0,965.132,265.443,1.0,953.149,276.122,1.0,951.334,283.697,1.0,943.827,291.621,1.0
402,585.095,480.491,1.0,579.663,471.001,1.0,576.709,465.993,1.0,568.004,457.925,1.0,562.107,449.378,1.0,379.769,273.015,1.0,388.815,274.922,1.0,400.539,267.458,1.0,407.7,267.819,1.0,418.355,269.41,1.0,877.082,701.653,1.0,880.237,694.283,1.0,882.802,686.52,1.0,890.875,678.971,1.0,891.3,672.509,1.0,457.886,527.933,1.0,465.693,535.346,1.0,466.976,544.919,1.0,468.826,546.258,1.0,481.241,538.13,1.0,969.978,266.59,1.0,965.297,265.247,1.0,953.149,275.847,1.0,951.753,283.43,1.0,943.859,290.352,1.0
403,585.095,482.477,1.0,579.958,471.284,1.0,576.989,466.872,1.0,568.306,457.925,1.0,562.977,451.323,1.0,381.918,273.244,1.0,388.815,274.922,1.0,400.387,267.512,1.0,406.325,268.017,1.0,417.823,270.549,1.0,877.797,700.102,1.0,881.665,694.283,1.0,882.45,687.45,1.0,890.875,677.835,1.0,893.132,672.152,1.0,457.731,527.933,1.0,465.693,535.346,1.0,466.974,544.919,1.0,468.168,545.501,1.0,481.237,538.182,1.0,970.504,262.093,1.0,965.806,264.8,1.0,953.195,275.793,1.0,952.168,279.691,1.0,944.314,290.046,1.0
404,584.832,482.5,1.0,580.171,472.181,1.0,576.989,467.936,1.0,568.328,458.403,1.0,563.492,451.826,1.0,387.337,281.954,1.0,392.901,275.006,1.0,400.061,267.512,1.0,406.302,268.591,1.0,416.848,270.732,1.0,887.211,699.834,1.0,881.665,694.093,1.0,883.967,688.555,1.0,888.616,677.835,1.0,893.493,671.702,1.0,457.609,527.933,1.0,465.399,535.037,1.0,466.974,544.191,1.0,468.826,544.885,1.0,481.188,538.182,1.0,971.16,256.212,1.0,966.128,264.8,1.0,960.769,271.648,1.0,955.747,278.317,1.0,949.04,283.887,1.0
405,584.019,482.791,1.0,581.554,475.372,1.0,576.989,470.211,1.0,568.426,460.67,1.0,564.241,453.887,1.0,387.337,285.341,1.0,392.901,276.532,1.0,397.792,269.767,1.0,405.89,268.952,1.0,416.848,270.963,1.0,893.737,699.834,1.0,885.8,694.093,1.0,883.967,689.225,1.0,887.247,677.835,1.0,893.87,671.702,1.0,457.209,528.121,1.0,465.375,535.037,1.0,466.857,544.191,1.0,469.078,544.849,1.0,481.188,538.182,1.0,971.751,256.212,1.0,968.104,264.8,1.0,963.422,270.954,1.0,956.413,277.551,1.0,950.46,283.887,1.0
406,583.546,494.212,1.0,581.948,480.35,1.0,574.73,471.208,1.0,568.572,460.812,1.0,567.595,454.479,1.0,387.337,285.549,1.0,392.901,279.63,1.0,397.792,271.472,1.0,405.89,269.057,1.0,417.823,271.445,1.0,894.882,699.834,1.0,887.361,694.093,1.0,883.857,689.701,1.0,887.063,679.076,1.0,893.87,671.228,1.0,457.139,528.121,1.0,465.019,534.432,1.0,466.817,543.47,1.0,471.276,543.224,1.0,480.674,538.178,1.0,972.198,256.212,1.0,968.203,264.413,1.0,963.659,270.896,1.0,956.428,277.367,1.0,950.558,283.466,1.0
407,583.503,494.821,1.0,582.261,480.663,1.0,574.452,471.208,1.0,568.669,461.155,1.0,567.664,454.94,1.0,384.427,285.549,1.0,391.506,279.63,1.0,397.792,271.472,1.0,405.89,269.057,1.0,418.042,271.445,1.0,899.066,702.849,1.0,887.949,695.255,1.0,883.857,692.043,1.0,887.063,679.631,1.0,893.87,671.228,1.0,456.04,531.6,1.0,464.983,533.638,1.0,466.553,542.729,1.0,471.276,542.994,1.0,480.239,538.178,1.0,973.22,254.295,1.0,968.203,264.413,1.0,964.053,270.896,1.0,956.563,277.198,1.0,950.668,283.005,1.0
408,583.503,495.132,1.0,582.423,480.694,1.0,573.639,471.211,1.0,568.775,461.625,1.0,567.743,455.853,1.0,384.427,285.341,1.0,391.506,279.63,1.0,398.471,271.472,1.0,405.974,269.057,1.0,418.042,270.963,1.0,899.472,702.849,1.0,889.196,695.255,1.0,883.967,692.043,1.0,887.247,679.865,1.0,894.165,671.702,1.0,454.519,531.6,1.0,463.382,531.788,1.0,465.51,541.64,1.0,471.276,542.987,1.0,480.198,538.178,1.0,973.425,252.747,1.0,968.994,264.413,1.0,964.053,268.971,1.0,956.604,275.354,1.0,954.701,282.545,1.0
409,583.259,495.132,1.0,582.423,480.694,1.0,573.639,471.211,1.0,568.775,461.694,1.0,567.928,456.059,1.0,383.024,274.269,1.0,389.163,276.983,1.0,400.776,271.365,1.0,406.09,267.752,1.0,418.22,269.325,1.0,904.211,702.849,1.0,894.649,695.255,1.0,884.838,692.043,1.0,887.858,680.316,1.0,894.213,671.879,1.0,454.365,531.6,1.0,462.731,531.38,1.0,465.032,540.44,1.0,470.565,542.704,1.0,479.797,538.673,1.0,981.113,249.822,1.0,975.83,257.794,1.0,964.421,264.468,1.0,962.214,269.099,1.0,956.131,278.078,1.0
410,583.259,495.404,1.0,582.478,480.706,1.0,573.639,471.211,1.0,568.824,461.764,1.0,567.928,456.355,1.0,381.895,273.408,1.0,387.963,275.913,1.0,400.776,270.695,1.0,406.149,267.752,1.0,418.275,269.325,1.0,905.304,702.393,1.0,896.822,694.104,1.0,888.839,691.352,1.0,888.397,680.846,1.0,894.213,671.879,1.0,453.272,530.486,1.0,461.316,530.685,1.0,464.557,538.158,1.0,470.565,542.04,1.0,478.603,539.467,1.0,981.579,249.378,1.0,976.089,256.605,1.0,965.358,263.46,1.0,964.425,268.651,1.0,958.108,276.724,1.0
411,583.259,495.404,1.0,582.958,483.132,1.0,574.972,473.574,1.0,569.045,462.921,1.0,568.254,456.686,1.0,383.024,271.71,1.0,389.163,274.559,1.0,400.851,269.155,1.0,406.149,267.752,1.0,418.22,269.325,1.0,906.482,702.112,1.0,897.357,694.104,1.0,890.043,691.044,1.0,888.534,680.89,1.0,894.502,672.186,1.0,452.235,529.062,1.0,460.331,529.847,1.0,464.557,537.371,1.0,470.565,541.987,1.0,478.415,540.952,1.0,981.886,249.338,1.0,976.121,253.991,1.0,965.623,263.172,1.0,966.147,268.45,1.0,958.13,276.171,1.0
412,584.295,495.132,1.0,583.707,483.189,1.0,575.711,474.909,1.0,570.345,466.077,1.0,568.852,457.907,1.0,389.408,271.71,1.0,398.043,274.559,1.0,402.342,269.155,1.0,406.09,267.496,1.0,417.762,269.678,1.0,906.482,702.008,1.0,899.004,694.104,1.0,892.49,691.044,1.0,888.657,681.24,1.0,894.502,672.186,1.0,452.038,528.892,1.0,459.728,529.847,1.0,464.747,534.428,1.0,470.856,541.685,1.0,478.109,541.663,1.0,981.923,247.699,1.0,976.624,253.328,1.0,965.623,260.833,1.0,966.436,267.566,1.0,958.62,275.659,1.0
413,588.312,495.864,1.0,584.024,483.189,1.0,578.572,476.949,1.0,572.141,467.987,1.0,568.964,457.976,1.0,389.408,271.71,1.0,398.069,274.559,1.0,400.776,269.155,1.0,405.375,267.496,1.0,417.762,269.678,1.0,908.187,701.861,1.0,900.502,693.43,1.0,894.399,690.809,1.0,888.657,682.233,1.0,896.012,672.78,1.0,451.758,528.727,1.0,459.379,529.754,1.0,464.747,534.428,1.0,470.856,541.601,1.0,478.109,542.666,1.0,986.44,244.423,1.0,977.507,246.061,1.0,966.111,257.704,1.0,966.858,265.424,1.0,960.219,274.68,1.0
414,590.439,494.955,1.0,584.442,483.132,1.0,579.444,476.949,1.0,572.312,468.385,1.0,570.237,458.155,1.0,393.989,272.655,1.0,401.045,274.559,1.0,400.175,269.155,1.0,404.779,266.73,1.0,417.752,269.678,1.0,908.547,702.008,1.0,901.552,694.38,1.0,895.494,691.044,1.0,889.115,682.311,1.0,896.343,672.792,1.0,451.537,528.577,1.0,459.2,529.465,1.0,463.89,537.102,1.0,470.856,541.601,1.0,477.97,542.666,1.0,987.286,242.612,1.0,980.027,245.097,1.0,968.176,256.165,1.0,967.462,265.289,1.0,963.078,266.225,1.0
415,591.205,492.439,1.0,584.599,484.84,1.0,579.501,476.949,1.0,572.776,468.587,1.0,570.281,458.628,1.0,404.752,282.78,1.0,402.137,275.327,1.0,400.175,269.155,1.0,404.627,266.73,1.0,416.982,267.262,1.0,908.561,702.008,1.0,902.753,694.442,1.0,895.604,691.116,1.0,889.115,682.317,1.0,896.343,673.572,1.0,451.349,528.147,1.0,459.115,529.465,1.0,463.67,535.645,1.0,470.497,541.396,1.0,477.97,542.666,1.0,987.383,242.612,1.0,980.445,245.097,1.0,968.582,255.954,1.0,968.543,265.034,1.0,963.613,266.225,1.0
416,591.218,492.439,1.0,584.848,484.266,1.0,579.848,476.949,1.0,572.872,468.699,1.0,570.281,458.889,1.0,405.487,286.976,1.0,402.588,275.36,1.0,398.7,269.227,1.0,404.627,266.73,1.0,416.885,266.66,1.0,910.919,702.684,1.0,904.999,694.991,1.0,896.024,692.366,1.0,889.223,683.613,1.0,896.343,674.587,1.0,451.24,527.954,1.0,458.982,529.09,1.0,462.952,535.645,1.0,469.909,540.954,1.0,477.706,542.311,1.0,987.687,242.307,1.0,980.563,245.097,1.0,969.056,255.938,1.0,968.977,264.445,1.0,963.709,266.225,1.0
417,592.272,497.399,1.0,585.026,484.266,1.0,579.923,477.087,1.0,572.955,468.92,1.0,570.281,459.139,1.0,405.487,286.976,1.0,402.588,275.36,1.0,398.7,269.227,1.0,404.779,266.7,1.0,416.885,266.66,1.0,912.114,707.091,1.0,904.999,698.646,1.0,896.029,697.023,1.0,889.794,686.678,1.0,895.514,675.509,1.0,450.485,526.546,1.0,456.594,522.236,1.0,461.784,535.645,1.0,468.536,539.716,1.0,477.259,539.963,1.0,988.662,242.204,1.0,983.37,244.626,1.0,976.381,253.433,1.0,970.871,261.911,1.0,965.199,266.803,1.0
418,591.218,493.763,1.0,585.675,485.28,1.0,580.559,477.609,1.0,573.1,470.373,1.0,570.385,459.288,1.0,404.752,286.976,1.0,402.588,275.505,1.0,398.7,269.227,1.0,404.665,266.7,1.0,416.885,266.66,1.0,912.192,707.304,1.0,904.999,698.736,1.0,896.118,697.023,1.0,889.816,687.076,1.0,894.635,675.993,1.0,446.928,523.533,1.0,453.287,521.799,1.0,459.267,532.626,1.0,466.725,538.158,1.0,476.739,539.773,1.0,989.007,241.865,1.0,983.377,244.626,1.0,977.06,252.191,1.0,970.974,259.087,1.0,966.152,266.961,1.0
419,591.218,498.081,1.0,586.261,487.555,1.0,580.83,479.977,1.0,575.447,473.498,1.0,571.132,460.956,1.0,400.916,285.234,1.0,402.588,275.505,1.0,399.156,268.923,1.0,405.642,266.865,1.0,416.971,267.22,1.0,912.397,707.496,1.0,905.431,699.57,1.0,896.118,697.023,1.0,889.996,687.159,1.0,893.709,676.305,1.0,446.928,513.584,1.0,453.287,520.205,1.0,458.105,531.525,1.0,465.302,536.677,1.0,476.586,539.723,1.0,990.729,239.762,1.0,983.686,244.626,1.0,977.131,250.117,1.0,971.819,257.542,1.0,969.694,266.961,1.0
420,590.423,498.081,1.0,586.261,486.697,1.0,581.523,479.977,1.0,575.447,473.498,1.0,572.869,461.067,1.0,400.347,285.234,1.0,403.188,274.78,1.0,404.787,268.923,1.0,406.012,266.077,1.0,418.763,267.22,1.0,913.459,707.672,1.0,905.431,699.728,1.0,896.408,694.395,1.0,890.773,687.16,1.0,893.709,676.683,1.0,446.928,511.675,1.0,453.287,520.205,1.0,457.979,531.383,1.0,465.281,536.562,1.0,476.586,538.513,1.0,990.965,238.997,1.0,983.82,243.655,1.0,977.432,249.575,1.0,971.877,256.886,1.0,970.732,266.803,1.0
421,588.976,494.549,1.0,586.261,487.346,1.0,581.56,479.977,1.0,575.539,473.498,1.0,572.869,462.662,1.0,400.347,284.479,1.0,401.383,274.78,1.0,404.787,266.237,1.0,406.017,266.051,1.0,419.732,267.368,1.0,913.705,707.703,1.0,905.431,700.278,1.0,897.154,694.395,1.0,891.819,687.657,1.0,893.675,677.178,1.0,449.742,511.146,1.0,453.148,520.173,1.0,457.978,531.17,1.0,465.092,536.102,1.0,476.739,538.513,1.0,991.366,238.009,1.0,983.82,241.696,1.0,977.64,248.62,1.0,973.229,254.417,1.0,970.987,264.157,1.0
422,582.188,494.104,1.0,584.559,487.547,1.0,581.56,478.15,1.0,575.447,473.498,1.0,572.869,463.187,1.0,400.916,284.479,1.0,401.383,275.505,1.0,404.787,266.171,1.0,406.017,266.077,1.0,419.732,267.368,1.0,913.726,707.909,1.0,906.626,700.55,1.0,898.367,694.395,1.0,892.99,688.473,1.0,893.533,678.412,1.0,450.075,511.023,1.0,453.148,519.804,1.0,457.888,531.006,1.0,465.063,535.834,1.0,476.807,538.513,1.0,992.474,228.957,1.0,985.263,234.147,1.0,983.636,244.588,1.0,978.624,248.143,1.0,975.362,260.185,1.0
423,581.937,494.104,1.0,584.076,487.547,1.0,581.523,478.15,1.0,575.12,474.196,1.0,572.311,463.226,1.0,402.215,284.479,1.0,398.092,278.8,1.0,404.562,266.171,1.0,406.017,266.346,1.0,419.732,267.413,1.0,920.649,707.967,1.0,909.785,704.393,1.0,902.182,696.302,1.0,893.968,693.204,1.0,892.279,680.176,1.0,450.457,509.619,1.0,453.148,520.104,1.0,457.743,530.131,1.0,465.281,535.832,1.0,477.128,538.658,1.0,992.474,227.371,1.0,985.653,233.322,1.0,983.636,243.191,1.0,980.065,247.405,1.0,976.833,259.66,1.0
424,581.347,489.234,1.0,582.76,487.547,1.0,581.013,478.15,1.0,573.839,474.196,1.0,572.311,463.226,1.0,402.215,284.098,1.0,398.092,278.8,1.0,404.562,266.264,1.0,405.999,266.346,1.0,418.852,267.413,1.0,921.233,716.245,1.0,910.05,708.793,1.0,903.766,701.615,1.0,897.197,699.859,1.0,891.026,682.958,1.0,450.592,509.492,1.0,453.148,519.804,1.0,457.888,530.043,1.0,465.063,535.204,1.0,477.128,538.658,1.0,992.825,226.477,1.0,986.367,232.973,1.0,983.636,242.33,1.0,980.989,247.073,1.0,976.833,259.479,1.0
425,579.402,489.234,1.0,581.237,489.331,1.0,579.167,480.175,1.0,573.839,474.196,1.0,572.041,463.226,1.0,402.215,283.609,1.0,398.092,278.8,1.0,404.562,266.264,1.0,405.685,266.561,1.0,418.984,267.413,1.0,921.308,716.245,1.0,910.15,709.142,1.0,903.975,701.995,1.0,897.445,700.14,1.0,890.013,683.131,1.0,450.592,509.182,1.0,453.148,519.723,1.0,457.888,529.73,1.0,464.954,534.947,1.0,477.128,538.658,1.0,993.026,223.138,1.0,989.256,231.935,1.0,984.578,239.665,1.0,981.814,246.333,1.0,976.853,257.696,1.0
426,572.572,489.234,1.0,580.604,489.331,1.0,579.167,480.496,1.0,573.839,475.108,1.0,572.041,463.296,1.0,392.761,270.275,1.0,398.239,273.804,1.0,404.562,267.93,1.0,405.685,266.569,1.0,418.984,270.576,1.0,921.308,716.433,1.0,910.15,709.436,1.0,904.168,702.422,1.0,897.824,700.322,1.0,890.013,683.853,1.0,450.457,509.181,1.0,454.106,519.653,1.0,457.743,529.639,1.0,464.75,534.947,1.0,476.691,538.554,1.0,995.34,222.063,1.0,989.256,230.393,1.0,985.041,239.622,1.0,983.163,245.258,1.0,977.155,249.594,1.0
427,571.844,484.874,1.0,580.369,489.331,1.0,579.167,481.531,1.0,575.103,475.252,1.0,572.311,463.296,1.0,392.761,269.198,1.0,398.551,270.687,1.0,404.562,270.764,1.0,405.999,267.062,1.0,419.643,270.645,1.0,921.308,716.433,1.0,910.206,709.658,1.0,904.371,702.653,1.0,897.998,700.14,1.0,890.013,684.161,1.0,450.457,509.181,1.0,454.106,519.653,1.0,457.743,529.957,1.0,464.422,535.204,1.0,476.491,538.531,1.0,998.13,221.458,1.0,989.256,226.95,1.0,987.786,236.534,1.0,983.163,244.13,1.0,977.479,249.594,1.0
428,571.844,484.874,1.0,579.617,488.146,1.0,579.395,481.531,1.0,575.103,475.252,1.0,572.041,463.296,1.0,392.753,262.413,1.0,398.551,269.238,1.0,402.216,270.764,1.0,406.137,267.739,1.0,419.643,270.954,1.0,921.416,716.521,1.0,911.238,709.775,1.0,904.381,702.663,1.0,898.801,700.14,1.0,891.092,684.638,1.0,450.185,509.181,1.0,454.106,519.265,1.0,456.76,529.957,1.0,462.696,535.204,1.0,475.627,538.531,1.0,998.243,221.423,1.0,989.256,226.454,1.0,987.828,236.42,1.0,983.163,243.097,1.0,977.492,249.547,1.0
429,572.572,486.444,1.0,579.617,488.031,1.0,579.481,481.531,1.0,575.103,475.252,1.0,571.796,462.979,1.0,392.761,260.947,1.0,398.543,268.936,1.0,401.612,270.764,1.0,406.137,267.761,1.0,419.643,270.954,1.0,925.2,716.53,1.0,915.294,709.775,1.0,906.596,703.033,1.0,901.983,700.322,1.0,893.714,688.68,1.0,448.846,511.91,1.0,451.728,518.897,1.0,456.307,529.957,1.0,461.524,538.988,1.0,474.641,538.554,1.0,998.243,221.423,1.0,989.256,226.188,1.0,987.828,234.491,1.0,982.148,241.84,1.0,978.469,249.547,1.0
430,579.839,486.444,1.0,579.617,488.031,1.0,579.795,481.251,1.0,575.103,475.252,1.0,571.023,462.979,1.0,392.753,258.423,1.0,398.543,267.756,1.0,401.612,270.764,1.0,406.137,267.761,1.0,419.643,270.954,1.0,926.395,716.53,1.0,917.541,709.775,1.0,913.045,705.098,1.0,903.349,700.422,1.0,893.916,691.541,1.0,446.666,512.308,1.0,450.985,518.781,1.0,455.477,530.003,1.0,459.989,539.331,1.0,467.554,539.969,1.0,998.13,219.14,1.0,991.345,223.131,1.0,987.828,234.4,1.0,982.148,238.91,1.0,981.407,247.802,1.0
431,579.839,486.444,1.0,580.273,488.031,1.0,580.283,481.251,1.0,575.103,471.758,1.0,570.935,461.904,1.0,392.751,258.275,1.0,398.543,267.118,1.0,400.882,271.034,1.0,405.948,267.965,1.0,419.416,270.776,1.0,927.014,716.621,1.0,918.35,707.705,1.0,914.248,707.038,1.0,904.827,700.358,1.0,894.326,693.589,1.0,445.895,512.469,1.0,449.407,518.897,1.0,455.477,530.129,1.0,459.305,539.433,1.0,466.899,539.969,1.0,998.13,216.673,1.0,991.366,223.071,1.0,987.418,233.903,1.0,982.148,238.362,1.0,981.407,247.699,1.0
432,579.839,495.436,1.0,580.273,488.415,1.0,580.283,481.251,1.0,574.974,471.758,1.0,570.606,462.286,1.0,392.75,257.527,1.0,398.085,265.644,1.0,400.436,270.295,1.0,405.944,268.627,1.0,418.535,270.487,1.0,927.065,716.621,1.0,918.561,707.705,1.0,914.248,707.038,1.0,904.827,700.358,1.0,895.061,695.029,1.0,445.845,512.351,1.0,449.185,518.781,1.0,455.477,530.129,1.0,458.954,539.331,1.0,466.274,539.969,1.0,997.533,214.957,1.0,991.366,222.146,1.0,987.132,233.325,1.0,982.16,237.162,1.0,981.407,246.885,1.0
433,574.147,495.909,1.0,580.273,488.415,1.0,580.283,481.002,1.0,575.191,471.758,1.0,570.606,462.286,1.0,389.306,257.527,1.0,397.235,264.415,1.0,400.436,270.004,1.0,405.944,269.481,1.0,417.264,269.887,1.0,927.065,716.853,1.0,919.718,707.705,1.0,914.248,707.115,1.0,904.827,700.422,1.0,895.061,695.042,1.0,445.809,512.308,1.0,449.177,518.568,1.0,455.36,530.003,1.0,458.799,538.988,1.0,465.887,539.77,1.0,997.533,214.957,1.0,991.345,221.962,1.0,987.132,233.192,1.0,982.286,236.968,1.0,981.015,246.578,1.0
434,566.773,495.909,1.0,578.64,489.251,1.0,579.229,481.002,1.0,575.796,471.758,1.0,570.429,462.286,1.0,387.78,257.527,1.0,396.909,262.544,1.0,399.324,270.004,1.0,405.948,270.154,1.0,415.268,269.887,1.0,927.014,718.039,1.0,920.72,709.232,1.0,914.365,707.115,1.0,904.99,700.422,1.0,895.061,695.042,1.0,445.614,512.308,1.0,449.168,518.568,1.0,455.36,529.644,1.0,458.794,538.782,1.0,465.856,539.451,1.0,997.533,214.542,1.0,991.275,221.119,1.0,987.375,232.906,1.0,982.286,236.939,1.0,980.901,246.578,1.0
435,565.806,495.436,1.0,577.636,489.251,1.0,578.235,480.987,1.0,576.013,471.433,1.0,570.429,462.693,1.0,387.568,260.06,1.0,391.022,262.05,1.0,397.615,268.926,1.0,407.116,270.374,1.0,413.914,269.887,1.0,926.652,720.899,1.0,920.72,709.871,1.0,915.298,707.623,1.0,904.99,700.679,1.0,895.903,695.029,1.0,445.058,512.069,1.0,449.073,517.79,1.0,454.482,528.646,1.0,457.755,538.083,1.0,465.66,539.364,1.0,998.787,216.673,1.0,991.135,221.119,1.0,987.418,232.906,1.0,982.286,236.777,1.0,980.901,246.629,1.0
436,565.806,486.075,1.0,577.636,487.817,1.0,577.39,479.211,1.0,576.719,471.999,1.0,570.429,462.693,1.0,387.459,260.065,1.0,391.022,261.99,1.0,397.333,268.602,1.0,408.032,270.374,1.0,413.376,269.71,1.0,926.587,722.764,1.0,923.849,712.909,1.0,915.971,709.135,1.0,904.663,704.129,1.0,901.375,694.676,1.0,444.773,511.727,1.0,449.071,516.029,1.0,453.673,526.642,1.0,455.812,536.033,1.0,465.247,538.868,1.0,999.05,217.215,1.0,991.135,221.05,1.0,987.432,232.906,1.0,982.286,236.777,1.0,981.015,246.629,1.0
437,566.773,484.281,1.0,577.636,487.392,1.0,577.297,478.691,1.0,576.791,471.196,1.0,570.429,462.804,1.0,387.1,260.065,1.0,390.203,261.52,1.0,397.247,268.323,1.0,408.032,270.601,1.0,413.376,270.707,1.0,926.55,723.022,1.0,923.849,714.711,1.0,916.136,709.347,1.0,904.663,704.129,1.0,901.867,694.391,1.0,440.861,511.727,1.0,448.21,511.793,1.0,450.542,521.542,1.0,452.091,530.724,1.0,461.274,537.283,1.0,999.346,218.197,1.0,991.275,220.785,1.0,987.909,232.486,1.0,982.56,236.507,1.0,981.113,246.578,1.0
438,570.469,484.281,1.0,578.64,487.817,1.0,577.297,478.117,1.0,576.791,471.196,1.0,570.429,463.009,1.0,386.812,260.06,1.0,389.911,261.399,1.0,396.809,268.125,1.0,408.032,270.601,1.0,412.699,271.547,1.0,926.587,723.03,1.0,923.87,714.93,1.0,916.323,709.62,1.0,904.663,704.129,1.0,902.11,694.288,1.0,440.226,511.727,1.0,448.186,511.529,1.0,450.542,521.542,1.0,451.743,530.526,1.0,461.179,537.283,1.0,1001.411,220.129,1.0,992.28,220.132,1.0,987.943,231.291,1.0,983.188,234.781,1.0,981.187,246.559,1.0
439,573.034,484.281,1.0,582.288,487.55,1.0,577.297,478.117,1.0,577.228,471.064,1.0,570.354,463.009,1.0,385.38,258.867,1.0,389.831,259.881,1.0,396.808,264.907,1.0,404.672,271.177,1.0,412.699,272.827,1.0,926.431,723.022,1.0,923.849,714.93,1.0,916.323,709.62,1.0,904.186,701.452,1.0,902.11,694.391,1.0,439.696,512.31,1.0,448.186,510.976,1.0,450.357,520.981,1.0,451.662,530.183,1.0,459.804,537.283,1.0,1001.53,220.129,1.0,995.412,218.896,1.0,988.029,231.081,1.0,983.322,234.654,1.0,981.331,246.282,1.0
440,582.971,489.878,1.0,583.747,487.55,1.0,577.589,478.117,1.0,576.791,472.531,1.0,570.354,462.461,1.0,381.365,254.546,1.0,386.954,255.559,1.0,395.206,261.62,1.0,401.646,271.306,1.0,412.182,272.925,1.0,926.587,723.03,1.0,923.87,714.949,1.0,916.331,709.62,1.0,904.186,701.452,1.0,902.116,694.391,1.0,439.69,512.31,1.0,448.04,511.029,1.0,450.542,520.828,1.0,451.651,529.937,1.0,459.76,537.283,1.0,1001.53,220.129,1.0,995.745,218.621,1.0,988.029,231.08,1.0,983.453,234.465,1.0,981.463,246.231,1.0
441,587.331,494.422,1.0,584.709,488.081,1.0,580.55,480.588,1.0,575.445,472.531,1.0,569.302,461.169,1.0,381.054,254.403,1.0,386.516,255.513,1.0,395.109,260.957,1.0,401.435,271.306,1.0,412.115,273.951,1.0,926.625,723.138,1.0,923.87,715.174,1.0,916.421,710.024,1.0,904.186,701.452,1.0,902.116,695.152,1.0,439.529,512.31,1.0,447.981,511.029,1.0,450.542,520.981,1.0,451.007,529.937,1.0,459.745,537.283,1.0,1001.665,219.814,1.0,995.855,218.417,1.0,988.029,230.802,1.0,983.681,234.185,1.0,981.486,246.231,1.0
442,590.43,494.422,1.0,587.069,489.837,1.0,581.172,480.588,1.0,575.445,473.274,1.0,569.302,460.914,1.0,380.909,254.029,1.0,385.841,254.846,1.0,394.836,260.957,1.0,401.378,271.177,1.0,412.04,273.951,1.0,928.733,726.479,1.0,924.755,719.878,1.0,916.88,710.487,1.0,905.631,703.833,1.0,902.274,696.097,1.0,439.529,512.243,1.0,447.981,511.029,1.0,450.643,520.828,1.0,450.902,529.937,1.0,459.081,536.99,1.0,1001.713,219.458,1.0,995.897,217.91,1.0,988.029,230.346,1.0,983.704,233.446,1.0,981.762,246.152,1.0
443,594.928,494.422,1.0,588.695,489.837,1.0,581.172,480.588,1.0,575.888,473.274,1.0,569.293,460.842,1.0,380.83,253.958,1.0,384.713,254.838,1.0,394.555,260.957,1.0,400.687,270.053,1.0,411.738,273.951,1.0,932.45,734.607,1.0,925.647,723.143,1.0,921.052,715.282,1.0,910.703,712.383,1.0,903.061,698.545,1.0,439.529,511.909,1.0,447.981,511.01,1.0,450.596,520.439,1.0,450.524,529.896,1.0,459.081,536.337,1.0,1001.713,219.273,1.0,995.897,217.526,1.0,988.064,230.094,1.0,984.477,232.082,1.0,986.015,243.922,1.0
444,595.789,490.492,1.0,589.767,489.837,1.0,581.172,480.405,1.0,575.445,473.274,1.0,569.244,460.731,1.0,380.823,253.893,1.0,384.099,254.807,1.0,392.42,260.777,1.0,400.22,268.53,1.0,410.696,273.208,1.0,933.384,734.682,1.0,926.035,723.242,1.0,922.169,715.631,1.0,913.696,712.948,1.0,903.684,699.218,1.0,440.944,508.714,1.0,447.981,511.029,1.0,450.644,520.439,1.0,450.524,529.896,1.0,459.047,536.337,1.0,1001.406,218.957,1.0,995.897,217.526,1.0,988.368,230.015,1.0,984.925,231.88,1.0,986.13,243.922,1.0
445,596.25,490.271,1.0,592.591,489.837,1.0,580.344,480.405,1.0,575.263,473.274,1.0,569.293,460.731,1.0,379.664,253.833,1.0,382.534,251.544,1.0,390.014,260.777,1.0,395.743,261.057,1.0,405.005,272.901,1.0,933.384,734.682,1.0,926.035,723.578,1.0,923.149,715.806,1.0,915.561,713.24,1.0,904.53,699.475,1.0,441.444,508.671,1.0,447.085,511.763,1.0,450.812,521.202,1.0,450.902,529.945,1.0,459.007,535.883,1.0,1000.944,217.174,1.0,995.763,217.504,1.0,989.366,229.687,1.0,985.637,230.808,1.0,986.296,243.922,1.0
446,596.25,488.353,1.0,593.346,489.654,1.0,580.036,480.405,1.0,574.913,471.527,1.0,569.887,460.842,1.0,374.305,252.503,1.0,382.425,251.294,1.0,389.56,260.655,1.0,392.851,259.52,1.0,401.295,272.898,1.0,933.397,734.607,1.0,926.035,723.242,1.0,923.154,716.018,1.0,916.157,713.24,1.0,904.928,699.579,1.0,446.97,507.376,1.0,447.337,511.763,1.0,450.812,520.439,1.0,452.024,529.945,1.0,458.915,535.883,1.0,1000.523,214.291,1.0,995.763,217.485,1.0,990.886,229.447,1.0,985.653,231.51,1.0,986.296,244.454,1.0
447,596.25,479.434,1.0,593.839,489.551,1.0,578.442,480.53,1.0,574.771,471.314,1.0,570.181,461.247,1.0,374.06,252.503,1.0,382.307,250.588,1.0,389.117,259.8,1.0,392.775,259.049,1.0,399.68,272.898,1.0,933.397,734.418,1.0,926.847,723.578,1.0,923.55,717.295,1.0,918.307,713.01,1.0,906.232,701.31,1.0,448.253,505.873,1.0,447.337,511.01,1.0,450.596,522.218,1.0,452.375,529.531,1.0,458.885,536.529,1.0,997.689,213.467,1.0,995.763,216.146,1.0,991.586,228.759,1.0,985.653,231.398,1.0,988.056,244.454,1.0
448,593.297,477.787,1.0,593.839,487.264,1.0,577.726,480.569,1.0,573.896,471.28,1.0,570.248,461.4,1.0,373.881,252.595,1.0,381.895,250.588,1.0,388.943,259.753,1.0,392.593,258.681,1.0,399.552,272.898,1.0,940.61,734.312,1.0,932.749,724.901,1.0,928.021,718.249,1.0,919.048,713.24,1.0,909.412,706.185,1.0,450.989,499.987,1.0,447.337,506.452,1.0,448.935,522.304,1.0,452.733,528.505,1.0,458.498,536.529,1.0,995.294,213.075,1.0,995.806,215.45,1.0,992.732,228.129,1.0,986.279,230.959,1.0,989.082,244.454,1.0
449,593.297,477.787,1.0,593.839,487.264,1.0,577.55,480.846,1.0,573.219,471.314,1.0,570.248,461.47,1.0,373.807,252.595,1.0,381.812,250.588,1.0,388.943,259.753,1.0,392.384,258.681,1.0,399.476,272.898,1.0,940.758,734.312,1.0,933.004,725.674,1.0,928.73,720.522,1.0,919.636,713.942,1.0,909.658,706.185,1.0,450.989,499.987,1.0,447.795,506.452,1.0,448.935,522.304,1.0,452.801,528.505,1.0,458.498,536.514,1.0,993.903,207.661,1.0,995.806,214.275,1.0,993.889,225.164,1.0,986.411,230.959,1.0,990.02,244.019,1.0
450,593.297,477.787,1.0,593.491,487.242,1.0,576.978,480.569,1.0,573.124,471.28,1.0,570.248,461.47,1.0,373.73,252.503,1.0,381.073,250.503,1.0,388.445,259.289,1.0,391.935,258.681,1.0,399.16,272.261,1.0,941.031,734.312,1.0,934.465,725.119,1.0,930.217,721.469,1.0,919.636,713.98,1.0,909.848,706.191,1.0,453.548,499.987,1.0,447.909,506.452,1.0,448.935,522.304,1.0,453.004,528.505,1.0,458.498,536.529,1.0,993.079,206.988,1.0,995.806,214.275,1.0,994.185,223.993,1.0,986.586,231.398,1.0,990.317,243.9,1.0
451,593.853,479.623,1.0,593.48,487.242,1.0,576.739,480.53,1.0,573.108,471.28,1.0,570.143,461.494,1.0,372.827,244.435,1.0,380.271,248.892,1.0,385.955,256.126,1.0,389.067,261.357,1.0,398.524,272.189,1.0,941.476,734.465,1.0,934.592,725.776,1.0,930.217,721.521,1.0,920.494,714.222,1.0,910.636,707.123,1.0,453.64,506.265,1.0,448.681,513.1,1.0,452.018,523.5,1.0,453.286,531.716,1.0,459.32,536.568,1.0,993.03,206.988,1.0,995.45,214.275,1.0,994.281,221.683,1.0,986.606,231.398,1.0,990.456,242.356,1.0
452,594.589,479.623,1.0,592.608,487.242,1.0,576.739,480.569,1.0,573.09,471.409,1.0,570.124,461.673,1.0,368.243,240.429,1.0,374.551,247.786,1.0,379.509,255.935,1.0,388.139,261.612,1.0,398.115,266.166,1.0,941.69,734.525,1.0,935.543,725.999,1.0,930.217,722.539,1.0,920.674,714.445,1.0,910.636,707.845,1.0,454.258,509.159,1.0,448.693,515.866,1.0,454.394,527.157,1.0,453.869,534.315,1.0,460.398,538.335,1.0,992.467,205.499,1.0,995.197,217.562,1.0,994.529,221.683,1.0,989.074,233.956,1.0,990.456,237.607,1.0
453,594.589,479.623,1.0,591.275,487.242,1.0,576.251,480.432,1.0,570.716,472.522,1.0,570.066,461.673,1.0,366.875,239.634,1.0,372.851,247.786,1.0,378.623,254.764,1.0,387.426,261.612,1.0,397.209,265.03,1.0,941.487,734.976,1.0,935.771,727.014,1.0,930.143,723.534,1.0,920.674,716.28,1.0,912.758,710.079,1.0,454.392,510.088,1.0,450.953,516.539,1.0,456.167,527.938,1.0,455.0,534.375,1.0,461.536,539.948,1.0,992.467,206.988,1.0,994.915,217.562,1.0,994.992,221.683,1.0,989.074,235.081,1.0,990.456,236.878,1.0
454,594.589,477.87,1.0,590.84,486.969,1.0,576.151,479.781,1.0,570.716,472.522,1.0,570.001,461.309,1.0,366.282,239.189,1.0,372.249,247.582,1.0,378.549,254.583,1.0,386.778,261.357,1.0,395.971,264.648,1.0,941.739,738.453,1.0,936.841,732.833,1.0,930.143,726.271,1.0,922.348,718.886,1.0,915.09,712.385,1.0,454.392,511.232,1.0,451.306,516.652,1.0,457.609,528.834,1.0,455.469,534.375,1.0,461.881,540.003,1.0,992.467,208.569,1.0,994.915,217.562,1.0,995.827,222.5,1.0,990.508,236.323,1.0,990.187,236.847,1.0
455,594.589,476.184,1.0,590.84,485.508,1.0,576.151,479.712,1.0,570.716,472.522,1.0,570.124,461.292,1.0,365.72,239.189,1.0,371.512,247.582,1.0,377.635,254.564,1.0,385.41,259.763,1.0,395.531,264.629,1.0,941.862,738.826,1.0,936.942,732.875,1.0,930.143,726.285,1.0,922.428,718.965,1.0,915.639,712.498,1.0,454.392,511.191,1.0,451.306,516.578,1.0,458.165,529.452,1.0,455.469,534.375,1.0,462.361,540.003,1.0,992.467,208.862,1.0,994.915,216.551,1.0,995.827,223.212,1.0,990.078,236.323,1.0,990.135,236.847,1.0
456,594.589,474.346,1.0,590.343,483.655,1.0,576.322,479.712,1.0,572.069,471.015,1.0,570.124,461.267,1.0,365.264,239.189,1.0,370.557,247.582,1.0,377.62,254.12,1.0,384.332,258.125,1.0,394.359,264.176,1.0,941.956,738.93,1.0,937.043,733.261,1.0,930.273,726.344,1.0,922.625,718.965,1.0,916.4,712.498,1.0,453.082,511.191,1.0,451.306,516.578,1.0,458.189,529.452,1.0,455.469,534.714,1.0,462.433,539.948,1.0,993.356,210.594,1.0,995.751,215.014,1.0,995.827,224.413,1.0,990.078,236.323,1.0,988.547,236.878,1.0
457,595.747,473.271,1.0,590.343,480.792,1.0,576.322,479.424,1.0,572.069,471.015,1.0,570.148,461.02,1.0,362.916,241.5,1.0,370.557,245.06,1.0,377.471,250.413,1.0,383.732,257.959,1.0,390.112,264.176,1.0,942.36,739.763,1.0,937.524,733.725,1.0,930.676,726.423,1.0,922.876,719.335,1.0,917.036,712.737,1.0,450.675,511.191,1.0,451.192,516.578,1.0,458.189,529.452,1.0,455.411,534.796,1.0,462.489,539.932,1.0,998.168,211.191,1.0,996.242,214.358,1.0,990.671,224.413,1.0,989.021,227.759,1.0,983.863,236.847,1.0
458,596.443,472.461,1.0,590.84,476.046,1.0,576.467,478.548,1.0,572.272,470.805,1.0,570.148,461.02,1.0,358.394,242.838,1.0,370.293,242.918,1.0,373.638,247.852,1.0,378.549,250.025,1.0,384.988,260.601,1.0,944.699,745.531,1.0,942.418,736.15,1.0,931.918,727.591,1.0,922.956,719.739,1.0,918.205,712.737,1.0,449.824,511.191,1.0,451.009,516.187,1.0,458.165,528.929,1.0,455.158,534.796,1.0,462.616,539.928,1.0,998.966,217.865,1.0,996.834,214.358,1.0,990.671,224.413,1.0,989.4,227.759,1.0,982.267,237.559,1.0
459,598.063,471.819,1.0,591.715,475.097,1.0,576.496,477.173,1.0,572.069,471.015,1.0,570.148,461.007,1.0,358.394,243.061,1.0,370.293,242.423,1.0,373.15,247.649,1.0,377.95,249.28,1.0,384.985,259.914,1.0,944.912,750.032,1.0,942.418,741.279,1.0,935.309,728.192,1.0,925.85,726.228,1.0,919.734,714.255,1.0,448.902,510.828,1.0,450.915,516.187,1.0,458.157,528.739,1.0,455.149,535.083,1.0,462.616,539.749,1.0,1001.803,219.139,1.0,996.834,214.326,1.0,990.671,224.053,1.0,988.466,227.759,1.0,981.941,238.86,1.0
460,601.297,471.22,1.0,591.715,474.08,1.0,578.035,477.173,1.0,572.069,470.805,1.0,570.09,461.02,1.0,358.071,243.097,1.0,370.293,242.41,1.0,373.049,247.649,1.0,377.499,248.899,1.0,383.835,259.572,1.0,945.064,752.511,1.0,942.418,743.032,1.0,939.105,732.032,1.0,931.313,727.329,1.0,920.025,715.429,1.0,448.789,510.321,1.0,450.819,516.187,1.0,458.075,528.693,1.0,455.141,535.172,1.0,462.52,539.749,1.0,1002.009,219.139,1.0,998.02,213.674,1.0,991.104,222.237,1.0,988.466,231.522,1.0,982.267,237.559,1.0
461,601.297,470.434,1.0,592.763,473.822,1.0,579.078,477.173,1.0,573.693,464.431,1.0,570.09,461.387,1.0,357.95,243.097,1.0,368.993,242.062,1.0,372.613,247.045,1.0,376.142,248.139,1.0,383.835,259.464,1.0,945.064,752.674,1.0,941.958,743.063,1.0,939.974,732.173,1.0,932.537,727.66,1.0,920.479,715.526,1.0,448.789,509.84,1.0,450.581,516.219,1.0,457.721,528.23,1.0,454.969,535.172,1.0,462.52,539.749,1.0,1002.658,219.139,1.0,998.069,213.674,1.0,991.169,221.921,1.0,988.812,232.174,1.0,983.365,236.584,1.0
462,601.297,470.072,1.0,593.603,470.716,1.0,581.872,480.429,1.0,573.693,464.431,1.0,570.09,461.43,1.0,356.864,243.061,1.0,366.759,240.588,1.0,370.954,246.462,1.0,375.324,245.852,1.0,382.44,259.35,1.0,945.064,752.674,1.0,941.958,743.063,1.0,940.192,733.141,1.0,932.734,727.66,1.0,920.615,715.64,1.0,448.789,509.84,1.0,450.573,516.219,1.0,457.512,528.018,1.0,454.969,535.127,1.0,462.505,539.928,1.0,1002.658,219.891,1.0,998.693,213.674,1.0,992.649,221.614,1.0,988.812,232.174,1.0,983.365,236.276,1.0
463,601.238,469.853,1.0,593.916,470.299,1.0,581.877,480.49,1.0,575.141,464.319,1.0,571.266,461.594,1.0,353.584,241.168,1.0,360.991,235.917,1.0,369.299,243.2,1.0,374.596,245.574,1.0,380.697,258.334,1.0,945.105,752.674,1.0,941.958,743.032,1.0,940.498,733.151,1.0,933.854,727.66,1.0,921.499,716.765,1.0,448.81,509.84,1.0,450.515,516.219,1.0,457.351,527.621,1.0,454.969,535.175,1.0,462.269,539.749,1.0,1002.658,219.891,1.0,999.217,214.182,1.0,992.746,221.096,1.0,988.812,231.522,1.0,983.651,235.924,1.0
464,601.238,469.622,1.0,594.085,469.494,1.0,581.877,481.333,1.0,575.141,464.319,1.0,571.619,461.898,1.0,352.276,237.451,1.0,359.395,235.257,1.0,366.665,241.046,1.0,372.689,245.431,1.0,380.697,251.594,1.0,950.731,751.975,1.0,946.27,742.261,1.0,942.4,736.002,1.0,934.521,728.566,1.0,923.199,718.807,1.0,451.278,509.956,1.0,450.515,516.321,1.0,457.271,527.621,1.0,454.945,535.175,1.0,461.489,540.091,1.0,1003.012,219.891,1.0,999.815,214.416,1.0,993.108,221.124,1.0,989.009,230.736,1.0,985.484,235.924,1.0
465,601.238,469.429,1.0,594.285,469.494,1.0,581.877,481.333,1.0,575.127,471.018,1.0,572.075,462.015,1.0,351.929,237.185,1.0,358.883,234.929,1.0,366.073,241.046,1.0,372.601,245.574,1.0,380.664,251.594,1.0,950.888,751.975,1.0,946.412,742.261,1.0,943.112,738.41,1.0,934.822,728.68,1.0,926.407,721.32,1.0,451.551,510.784,1.0,450.581,516.445,1.0,455.714,526.388,1.0,454.945,535.127,1.0,461.287,540.286,1.0,1003.538,220.152,1.0,1000.793,215.418,1.0,993.113,221.124,1.0,989.113,230.676,1.0,986.538,236.068,1.0
466,603.637,467.555,1.0,595.063,469.494,1.0,582.657,481.384,1.0,575.127,472.55,1.0,572.896,462.814,1.0,351.696,237.115,1.0,358.484,234.705,1.0,365.168,241.046,1.0,371.949,245.845,1.0,380.201,251.594,1.0,951.346,751.975,1.0,946.464,742.261,1.0,944.552,738.596,1.0,935.171,728.801,1.0,927.402,721.609,1.0,455.486,510.784,1.0,450.704,516.967,1.0,455.67,525.922,1.0,454.649,535.127,1.0,461.144,540.345,1.0,1003.538,220.152,1.0,1001.452,215.418,1.0,993.293,221.124,1.0,989.113,230.676,1.0,987.086,236.276,1.0
467,606.232,466.523,1.0,595.077,473.526,1.0,583.738,481.384,1.0,576.164,472.55,1.0,572.896,463.142,1.0,348.769,226.859,1.0,353.45,231.103,1.0,359.532,242.301,1.0,366.845,245.574,1.0,379.509,251.594,1.0,951.482,752.105,1.0,946.56,742.961,1.0,945.348,738.729,1.0,935.209,729.956,1.0,927.846,721.685,1.0,457.361,511.17,1.0,453.098,516.967,1.0,453.59,525.922,1.0,453.254,534.698,1.0,461.144,540.581,1.0,1003.737,220.273,1.0,1002.015,215.578,1.0,993.451,221.595,1.0,989.12,230.676,1.0,987.117,236.34,1.0
468,606.379,466.494,1.0,596.125,473.526,1.0,586.424,481.384,1.0,577.451,473.92,1.0,572.896,467.001,1.0,347.964,226.646,1.0,353.04,230.758,1.0,358.74,242.321,1.0,365.197,244.739,1.0,378.276,251.594,1.0,951.482,752.707,1.0,947.773,743.005,1.0,945.979,739.035,1.0,935.209,730.094,1.0,928.42,723.025,1.0,464.79,512.233,1.0,455.757,516.968,1.0,453.319,522.47,1.0,453.168,534.033,1.0,460.698,540.581,1.0,1003.636,220.273,1.0,1002.354,215.634,1.0,993.89,221.595,1.0,989.148,231.045,1.0,987.562,236.481,1.0
469,607.034,466.435,1.0,596.125,473.526,1.0,587.024,481.227,1.0,577.699,474.059,1.0,572.018,468.631,1.0,347.897,226.646,1.0,352.479,230.508,1.0,358.716,242.321,1.0,364.914,244.54,1.0,377.049,251.301,1.0,951.482,754.662,1.0,947.773,745.892,1.0,945.979,740.882,1.0,935.375,730.974,1.0,929.463,723.178,1.0,473.429,514.624,1.0,465.154,516.968,1.0,453.319,520.641,1.0,452.356,533.61,1.0,457.105,540.668,1.0,1003.813,220.91,1.0,1002.417,215.967,1.0,993.949,221.818,1.0,989.33,231.17,1.0,987.614,236.602,1.0
470,607.173,466.325,1.0,599.978,468.06,1.0,587.098,481.049,1.0,578.167,474.88,1.0,572.018,468.799,1.0,347.505,226.859,1.0,352.292,230.508,1.0,358.716,242.301,1.0,364.914,244.54,1.0,376.907,250.868,1.0,949.651,758.189,1.0,947.773,747.254,1.0,945.979,741.183,1.0,935.449,731.12,1.0,929.504,724.23,1.0,473.429,514.624,1.0,467.572,517.291,1.0,453.319,520.579,1.0,451.668,533.351,1.0,457.066,540.668,1.0,1003.813,221.225,1.0,1002.61,215.967,1.0,994.186,221.867,1.0,989.399,231.17,1.0,987.935,236.62,1.0
471,607.173,466.288,1.0,600.351,467.368,1.0,587.461,480.529,1.0,578.167,474.88,1.0,572.018,468.827,1.0,347.422,227.287,1.0,352.041,230.508,1.0,358.716,241.522,1.0,364.914,244.54,1.0,372.54,250.829,1.0,948.498,763.465,1.0,947.71,751.586,1.0,943.012,741.496,1.0,935.853,732.464,1.0,929.535,726.227,1.0,473.429,514.624,1.0,468.14,517.431,1.0,453.64,520.013,1.0,451.631,533.211,1.0,456.638,540.432,1.0,1005.001,221.351,1.0,1002.417,217.007,1.0,994.755,222.394,1.0,989.981,231.057,1.0,988.665,236.662,1.0
472,607.034,466.325,1.0,601.505,467.326,1.0,588.074,480.14,1.0,578.167,474.88,1.0,572.082,468.868,1.0,342.039,238.653,1.0,351.61,232.027,1.0,358.295,239.084,1.0,364.554,244.411,1.0,372.353,250.2,1.0,948.279,763.527,1.0,947.527,752.536,1.0,943.012,742.24,1.0,937.317,733.578,1.0,930.79,727.361,1.0,471.775,515.046,1.0,468.14,518.409,1.0,453.99,519.907,1.0,451.269,532.634,1.0,456.478,540.393,1.0,1005.001,221.37,1.0,1002.396,217.007,1.0,994.952,222.394,1.0,990.141,231.057,1.0,989.453,236.808,1.0
473,607.034,466.288,1.0,602.383,467.326,1.0,588.64,479.866,1.0,578.341,474.637,1.0,572.265,469.358,1.0,340.193,238.653,1.0,350.077,232.067,1.0,357.796,238.124,1.0,364.232,244.139,1.0,372.28,249.89,1.0,947.898,765.061,1.0,947.465,755.271,1.0,942.739,743.306,1.0,937.759,733.733,1.0,931.642,727.401,1.0,471.775,513.968,1.0,468.14,519.095,1.0,454.19,519.726,1.0,450.692,531.88,1.0,455.902,540.393,1.0,1005.001,221.67,1.0,1002.396,217.007,1.0,994.973,222.394,1.0,990.154,231.057,1.0,989.871,237.23,1.0
474,607.173,466.288,1.0,603.107,467.326,1.0,589.788,478.75,1.0,579.176,474.637,1.0,572.275,469.574,1.0,338.79,238.653,1.0,349.303,232.067,1.0,355.95,237.514,1.0,364.232,243.856,1.0,371.8,249.128,1.0,947.898,765.061,1.0,947.35,755.284,1.0,942.739,743.48,1.0,938.073,733.801,1.0,932.32,727.931,1.0,471.775,513.932,1.0,464.283,519.951,1.0,454.433,518.376,1.0,450.474,530.45,1.0,455.902,539.806,1.0,1005.001,222.006,1.0,1001.624,217.007,1.0,994.973,221.349,1.0,990.309,230.707,1.0,989.907,237.23,1.0
475,613.21,466.893,1.0,608.501,472.383,1.0,591.242,475.141,1.0,580.278,474.625,1.0,572.448,469.574,1.0,338.162,237.708,1.0,348.244,232.067,1.0,355.602,235.993,1.0,361.117,241.875,1.0,366.752,247.168,1.0,947.898,765.061,1.0,947.187,755.603,1.0,942.739,743.81,1.0,938.094,734.021,1.0,932.57,728.11,1.0,475.124,513.18,1.0,464.283,519.951,1.0,455.538,518.309,1.0,450.267,528.988,1.0,455.902,539.806,1.0,1005.181,222.443,1.0,1001.624,217.255,1.0,995.033,221.312,1.0,990.724,229.029,1.0,990.564,237.23,1.0
476,613.792,466.984,1.0,608.84,472.607,1.0,591.943,474.736,1.0,581.566,474.607,1.0,573.253,471.051,1.0,338.156,236.957,1.0,348.114,232.027,1.0,355.214,235.936,1.0,361.05,241.144,1.0,366.661,247.157,1.0,948.032,765.018,1.0,947.187,756.764,1.0,942.544,744.174,1.0,938.286,734.499,1.0,932.57,727.931,1.0,475.402,513.15,1.0,464.283,519.095,1.0,456.233,518.309,1.0,450.267,528.988,1.0,456.251,539.806,1.0,1005.188,224.98,1.0,1001.624,218.479,1.0,995.232,220.822,1.0,990.799,228.77,1.0,991.001,236.882,1.0
477,616.901,467.005,1.0,610.556,473.059,1.0,595.473,473.35,1.0,582.604,474.607,1.0,573.767,471.051,1.0,337.435,235.464,1.0,346.27,232.067,1.0,353.61,235.776,1.0,359.589,240.45,1.0,366.603,246.997,1.0,948.117,764.505,1.0,947.187,756.857,1.0,942.394,744.901,1.0,938.094,734.66,1.0,932.57,728.194,1.0,476.57,510.663,1.0,465.938,518.892,1.0,457.4,518.309,1.0,450.267,528.988,1.0,457.28,540.539,1.0,1005.394,228.099,1.0,1005.277,224.627,1.0,996.379,220.64,1.0,990.799,227.693,1.0,991.952,236.532,1.0
478,617.048,467.069,1.0,610.719,473.068,1.0,596.285,473.35,1.0,582.96,474.722,1.0,575.432,471.035,1.0,335.062,229.92,1.0,339.643,232.336,1.0,349.179,235.254,1.0,359.117,240.316,1.0,364.746,246.993,1.0,951.186,764.175,1.0,947.806,757.609,1.0,942.394,744.901,1.0,938.094,734.66,1.0,932.595,728.194,1.0,476.715,510.449,1.0,466.175,518.892,1.0,457.765,518.861,1.0,450.847,529.351,1.0,457.661,540.539,1.0,1005.404,228.827,1.0,1005.514,224.876,1.0,996.379,219.53,1.0,990.799,227.374,1.0,992.424,236.157,1.0
479,617.054,467.005,1.0,610.748,473.068,1.0,596.6,473.33,1.0,583.004,474.71,1.0,576.174,471.0,1.0,331.952,229.47,1.0,334.307,233.024,1.0,346.853,234.637,1.0,356.008,239.921,1.0,364.746,245.474,1.0,956.705,764.505,1.0,949.462,758.568,1.0,942.406,746.021,1.0,938.286,734.702,1.0,932.672,728.194,1.0,476.809,510.421,1.0,466.276,518.892,1.0,458.148,518.861,1.0,450.847,529.351,1.0,457.661,540.539,1.0,1005.637,229.457,1.0,1005.712,225.575,1.0,996.46,219.485,1.0,990.772,226.5,1.0,994.259,235.666,1.0
480,617.054,467.069,1.0,611.095,473.068,1.0,596.788,473.33,1.0,583.055,474.722,1.0,576.272,471.035,1.0,330.208,229.454,1.0,334.307,233.024,1.0,346.641,234.233,1.0,354.531,238.901,1.0,364.488,243.674,1.0,956.755,764.505,1.0,950.111,757.609,1.0,942.406,746.021,1.0,938.606,735.54,1.0,932.935,728.359,1.0,477.442,510.125,1.0,466.624,519.276,1.0,458.263,518.861,1.0,450.901,529.351,1.0,457.661,540.36,1.0,1006.081,232.638,1.0,1006.56,226.134,1.0,996.781,219.43,1.0,990.659,226.302,1.0,994.259,235.439,1.0
481,617.339,467.069,1.0,611.095,473.059,1.0,596.831,473.35,1.0,583.487,474.897,1.0,577.964,471.035,1.0,330.072,229.331,1.0,334.307,233.024,1.0,346.351,233.736,1.0,354.123,238.624,1.0,364.429,243.225,1.0,959.604,765.941,1.0,953.816,759.302,1.0,944.242,747.297,1.0,940.137,737.208,1.0,936.764,728.4,1.0,478.243,510.125,1.0,468.302,519.276,1.0,459.194,518.861,1.0,450.911,527.676,1.0,457.661,539.133,1.0,1006.855,233.307,1.0,1007.356,226.267,1.0,996.86,218.726,1.0,990.427,226.286,1.0,994.307,234.98,1.0
482,618.631,466.752,1.0,611.095,472.893,1.0,597.593,473.914,1.0,585.496,475.088,1.0,579.661,471.461,1.0,329.694,229.331,1.0,336.485,231.048,1.0,345.31,233.497,1.0,353.285,238.179,1.0,363.908,242.424,1.0,960.939,768.108,1.0,953.825,759.816,1.0,947.833,748.511,1.0,942.132,740.74,1.0,936.764,730.096,1.0,483.522,510.125,1.0,473.015,519.276,1.0,460.139,519.115,1.0,452.446,525.258,1.0,457.661,537.53,1.0,1006.862,233.61,1.0,1007.392,226.51,1.0,997.103,218.726,1.0,990.427,225.733,1.0,994.441,234.671,1.0
483,620.474,466.188,1.0,608.792,472.893,1.0,598.032,473.913,1.0,587.434,475.088,1.0,580.161,473.666,1.0,327.121,227.292,1.0,336.485,230.882,1.0,344.262,233.497,1.0,351.241,236.407,1.0,355.678,238.374,1.0,960.939,768.108,1.0,954.467,759.816,1.0,948.023,748.597,1.0,942.919,741.306,1.0,937.281,730.241,1.0,485.08,511.553,1.0,473.642,519.271,1.0,460.222,520.369,1.0,452.795,524.251,1.0,462.376,534.921,1.0,1012.035,235.463,1.0,1007.392,227.015,1.0,997.103,218.726,1.0,990.427,225.498,1.0,994.441,234.534,1.0
484,621.892,464.927,1.0,608.792,472.795,1.0,601.007,473.913,1.0,588.562,475.095,1.0,580.816,474.849,1.0,324.675,225.903,1.0,336.485,230.384,1.0,344.262,232.647,1.0,347.96,229.484,1.0,353.274,237.575,1.0,961.236,768.108,1.0,955.775,759.64,1.0,948.689,749.216,1.0,943.846,743.206,1.0,937.408,730.249,1.0,485.523,511.678,1.0,473.737,517.58,1.0,460.347,520.369,1.0,452.818,523.615,1.0,462.499,534.724,1.0,1012.035,235.511,1.0,1007.392,227.484,1.0,997.113,219.421,1.0,990.317,225.498,1.0,994.441,234.371,1.0
485,622.159,464.396,1.0,608.792,472.643,1.0,601.445,473.913,1.0,588.838,475.282,1.0,580.984,475.011,1.0,324.675,225.903,1.0,336.485,230.114,1.0,344.262,232.647,1.0,347.939,228.651,1.0,352.727,237.406,1.0,961.236,767.149,1.0,957.208,759.64,1.0,949.799,749.216,1.0,944.119,743.899,1.0,937.417,730.758,1.0,485.917,511.678,1.0,473.743,517.155,1.0,460.347,520.369,1.0,452.932,523.216,1.0,462.499,534.137,1.0,1012.076,235.794,1.0,1007.415,228.207,1.0,997.113,219.617,1.0,989.802,225.376,1.0,994.441,234.243,1.0
486,622.361,464.264,1.0,609.071,472.336,1.0,601.844,473.757,1.0,589.021,475.095,1.0,581.284,475.011,1.0,324.245,225.903,1.0,336.304,230.114,1.0,344.262,232.727,1.0,347.852,228.651,1.0,352.65,237.406,1.0,962.081,764.977,1.0,957.418,758.803,1.0,950.909,751.89,1.0,944.716,744.157,1.0,937.417,731.208,1.0,486.243,511.625,1.0,474.119,516.329,1.0,460.563,520.035,1.0,452.981,522.889,1.0,462.49,533.889,1.0,1012.28,236.069,1.0,1007.415,228.329,1.0,997.57,219.952,1.0,989.802,225.376,1.0,994.254,234.229,1.0
487,622.699,464.264,1.0,609.266,472.336,1.0,601.894,473.495,1.0,589.876,474.987,1.0,581.652,475.011,1.0,324.245,225.903,1.0,336.304,230.384,1.0,344.262,232.727,1.0,347.333,228.651,1.0,352.081,237.406,1.0,963.176,764.977,1.0,958.1,758.803,1.0,951.049,753.035,1.0,944.759,745.287,1.0,938.134,732.343,1.0,486.26,511.553,1.0,474.785,516.021,1.0,461.286,519.707,1.0,453.514,522.765,1.0,462.49,533.8,1.0,1012.86,238.647,1.0,1007.415,230.221,1.0,1000.151,220.542,1.0,990.029,224.838,1.0,991.606,233.84,1.0
488,622.699,464.264,1.0,610.194,472.165,1.0,602.054,473.186,1.0,590.477,474.862,1.0,581.993,474.449,1.0,324.688,227.319,1.0,336.304,230.679,1.0,343.779,232.647,1.0,347.239,228.768,1.0,351.809,237.702,1.0,963.356,764.977,1.0,958.657,758.803,1.0,951.317,753.527,1.0,946.257,745.982,1.0,938.443,733.051,1.0,486.347,511.287,1.0,474.919,515.746,1.0,464.659,517.014,1.0,454.142,522.565,1.0,462.464,533.8,1.0,1015.02,240.935,1.0,1009.652,231.775,1.0,1001.806,221.105,1.0,990.317,222.778,1.0,988.416,232.294,1.0
489,622.701,464.647,1.0,611.801,471.667,1.0,603.617,472.169,1.0,593.746,471.688,1.0,584.195,473.695,1.0,324.936,227.325,1.0,335.262,230.679,1.0,341.959,226.039,1.0,345.05,228.768,1.0,350.712,238.143,1.0,963.356,765.598,1.0,958.657,759.264,1.0,953.566,755.574,1.0,946.993,745.875,1.0,941.262,737.464,1.0,486.638,508.191,1.0,475.757,515.732,1.0,466.651,516.806,1.0,454.624,522.135,1.0,462.244,532.901,1.0,1015.368,241.703,1.0,1010.759,233.423,1.0,1001.923,222.648,1.0,991.004,221.484,1.0,988.154,231.363,1.0
490,623.205,464.967,1.0,618.108,471.466,1.0,604.395,472.169,1.0,597.748,471.033,1.0,588.116,473.695,1.0,324.943,228.409,1.0,334.757,230.679,1.0,339.569,225.975,1.0,343.73,228.901,1.0,349.98,239.592,1.0,963.356,765.598,1.0,958.657,759.706,1.0,953.566,755.574,1.0,947.275,745.982,1.0,941.486,737.88,1.0,488.19,505.241,1.0,478.346,513.705,1.0,469.246,516.458,1.0,456.558,521.23,1.0,462.179,531.71,1.0,1015.423,241.974,1.0,1010.801,234.216,1.0,1001.936,222.648,1.0,991.038,221.197,1.0,988.154,231.003,1.0
491,629.648,465.136,1.0,623.789,471.147,1.0,609.74,472.169,1.0,601.135,470.77,1.0,589.224,473.695,1.0,324.943,228.445,1.0,334.695,230.521,1.0,339.035,225.463,1.0,343.716,228.768,1.0,349.98,239.592,1.0,962.751,765.824,1.0,958.344,760.352,1.0,954.154,755.629,1.0,947.878,745.999,1.0,941.734,737.88,1.0,490.529,505.241,1.0,479.121,512.299,1.0,471.292,516.458,1.0,457.85,520.422,1.0,462.179,531.065,1.0,1015.423,242.106,1.0,1010.801,234.216,1.0,1002.297,223.159,1.0,991.239,221.197,1.0,988.154,230.714,1.0
492,630.168,465.474,1.0,624.019,471.147,1.0,610.02,472.169,1.0,601.135,470.665,1.0,589.424,473.695,1.0,324.936,228.565,1.0,334.348,230.224,1.0,338.727,225.449,1.0,343.659,228.901,1.0,349.951,239.592,1.0,960.364,765.824,1.0,958.25,760.496,1.0,954.211,755.574,1.0,947.949,745.982,1.0,941.486,737.88,1.0,491.457,505.241,1.0,481.48,506.22,1.0,471.292,516.173,1.0,457.923,520.346,1.0,461.825,531.059,1.0,1016.163,242.106,1.0,1010.759,234.216,1.0,1002.492,223.207,1.0,991.306,221.197,1.0,988.469,230.034,1.0
493,630.692,465.589,1.0,624.927,471.147,1.0,610.787,472.169,1.0,601.135,470.492,1.0,589.622,473.695,1.0,324.936,228.565,1.0,334.348,230.131,1.0,338.727,225.449,1.0,343.659,228.901,1.0,349.98,239.538,1.0,950.464,766.558,1.0,956.881,761.746,1.0,954.343,755.573,1.0,948.703,745.999,1.0,941.307,737.909,1.0,491.582,505.27,1.0,481.707,505.133,1.0,471.292,515.551,1.0,458.104,519.618,1.0,461.825,531.059,1.0,1016.185,241.974,1.0,1009.322,232.306,1.0,1002.648,223.207,1.0,992.332,222.172,1.0,989.125,224.392,1.0
494,631.536,465.928,1.0,624.927,471.303,1.0,611.682,471.905,1.0,601.135,470.665,1.0,590.123,473.648,1.0,325.087,228.439,1.0,334.348,230.097,1.0,338.727,225.449,1.0,343.716,229.144,1.0,349.984,239.458,1.0,950.464,770.116,1.0,955.541,762.793,1.0,954.444,755.573,1.0,948.99,746.049,1.0,941.307,737.936,1.0,491.63,505.588,1.0,481.707,505.101,1.0,470.812,514.981,1.0,458.519,519.597,1.0,461.825,531.065,1.0,1019.0,238.889,1.0,1009.322,232.306,1.0,1004.597,226.905,1.0,995.678,223.003,1.0,989.125,221.943,1.0
495,633.343,465.975,1.0,624.947,471.454,1.0,613.261,470.719,1.0,601.75,470.77,1.0,593.999,473.118,1.0,325.437,228.439,1.0,334.485,229.056,1.0,339.68,236.371,1.0,343.716,229.225,1.0,350.081,239.257,1.0,949.522,771.912,1.0,954.67,764.228,1.0,954.497,755.732,1.0,949.126,746.426,1.0,941.307,738.48,1.0,491.63,506.134,1.0,481.707,505.101,1.0,470.717,514.69,1.0,458.519,519.418,1.0,461.896,531.103,1.0,1019.153,238.268,1.0,1009.199,232.306,1.0,1004.636,228.352,1.0,997.304,223.003,1.0,990.064,221.201,1.0
496,635.781,468.398,1.0,625.905,471.454,1.0,614.445,466.217,1.0,604.106,473.213,1.0,595.849,471.369,1.0,325.437,228.169,1.0,334.485,228.923,1.0,339.68,236.371,1.0,343.659,229.249,1.0,350.213,239.257,1.0,950.464,773.639,1.0,954.207,765.727,1.0,954.913,755.844,1.0,949.126,747.162,1.0,940.997,738.83,1.0,491.86,505.588,1.0,481.533,505.038,1.0,470.717,514.464,1.0,458.653,519.358,1.0,461.896,531.103,1.0,1019.153,238.268,1.0,1009.322,232.354,1.0,1005.472,228.556,1.0,997.307,223.259,1.0,990.102,220.986,1.0
497,636.071,468.398,1.0,625.576,471.454,1.0,614.445,466.217,1.0,605.331,473.213,1.0,598.303,471.369,1.0,325.437,227.566,1.0,334.485,228.885,1.0,339.68,236.371,1.0,343.637,229.406,1.0,350.258,239.257,1.0,950.516,774.962,1.0,953.801,765.835,1.0,954.913,756.272,1.0,949.126,747.826,1.0,940.997,738.883,1.0,492.034,506.134,1.0,481.355,504.966,1.0,470.812,514.464,1.0,459.045,518.952,1.0,461.896,531.103,1.0,1019.0,238.889,1.0,1009.642,232.662,1.0,1005.477,229.209,1.0,997.454,223.259,1.0,990.366,220.981,1.0
498,636.275,468.788,1.0,625.576,470.81,1.0,614.464,466.217,1.0,605.918,473.408,1.0,600.191,473.118,1.0,325.201,227.391,1.0,334.023,228.803,1.0,339.297,236.551,1.0,343.637,229.683,1.0,350.213,239.304,1.0,950.516,781.532,1.0,953.371,767.614,1.0,955.117,756.968,1.0,949.251,747.945,1.0,941.596,739.356,1.0,492.034,506.241,1.0,481.355,504.966,1.0,471.084,514.464,1.0,459.353,518.906,1.0,461.854,530.992,1.0,1018.353,241.103,1.0,1009.749,235.484,1.0,1005.98,230.334,1.0,998.351,223.259,1.0,991.407,220.981,1.0
499,636.275,468.788,1.0,625.943,470.81,1.0,614.488,466.499,1.0,606.169,473.408,1.0,600.191,473.271,1.0,325.201,227.566,1.0,334.023,228.803,1.0,339.297,236.551,1.0,343.452,229.683,1.0,350.213,239.304,1.0,950.37,782.769,1.0,952.796,769.467,1.0,954.913,758.81,1.0,949.251,750.058,1.0,941.671,743.14,1.0,492.175,506.562,1.0,481.355,503.643,1.0,471.084,514.27,1.0,459.439,518.906,1.0,461.793,530.588,1.0,1018.353,243.258,1.0,1011.854,237.083,1.0,1008.04,230.707,1.0,1000.236,225.272,1.0,995.527,220.354,1.0
500,636.315,469.071,1.0,627.657,470.81,1.0,616.949,466.785,1.0,610.298,473.823,1.0,600.529,473.271,1.0,325.201,227.391,1.0,334.023,228.803,1.0,339.297,232.632,1.0,343.367,229.406,1.0,350.045,239.304,1.0,950.516,782.769,1.0,952.375,769.467,1.0,953.955,758.81,1.0,949.436,750.714,1.0,941.596,746.397,1.0,492.175,509.193,1.0,483.553,503.643,1.0,471.084,514.112,1.0,461.947,518.952,1.0,461.793,530.351,1.0,1018.353,243.319,1.0,1013.649,239.439,1.0,1008.484,231.747,1.0,1000.239,227.28,1.0,996.96,220.354,1.0
501,636.585,473.157,1.0,630.904,471.425,1.0,619.049,467.791,1.0,614.068,474.64,1.0,601.859,473.365,1.0,325.541,226.829,1.0,335.953,228.885,1.0,340.464,236.551,1.0,343.367,229.064,1.0,350.045,238.936,1.0,950.37,782.769,1.0,952.796,770.086,1.0,953.955,759.127,1.0,950.182,751.548,1.0,941.596,746.406,1.0,490.628,509.193,1.0,485.335,503.769,1.0,469.758,509.807,1.0,461.952,522.293,1.0,461.556,530.351,1.0,1018.353,244.34,1.0,1013.827,239.991,1.0,1008.665,231.82,1.0,1000.239,227.332,1.0,997.339,220.354,1.0
502,643.355,474.523,1.0,639.528,471.425,1.0,627.84,468.524,1.0,614.252,474.64,1.0,605.269,473.271,1.0,326.499,227.391,1.0,336.992,229.24,1.0,340.464,236.551,1.0,343.452,228.944,1.0,350.045,238.54,1.0,949.684,783.24,1.0,952.796,770.716,1.0,955.424,762.699,1.0,950.182,750.83,1.0,941.596,747.059,1.0,490.445,509.193,1.0,486.042,503.769,1.0,469.537,509.669,1.0,461.952,522.353,1.0,461.556,530.351,1.0,1018.406,244.401,1.0,1014.422,240.222,1.0,1008.69,231.833,1.0,1000.51,227.632,1.0,998.133,220.599,1.0
503,648.426,474.632,1.0,639.528,471.669,1.0,630.605,468.981,1.0,614.859,473.823,1.0,606.457,471.809,1.0,326.499,228.032,1.0,336.992,229.339,1.0,341.551,235.301,1.0,343.452,228.944,1.0,350.14,238.54,1.0,948.638,783.153,1.0,951.711,771.19,1.0,954.67,763.125,1.0,947.941,750.83,1.0,942.007,746.406,1.0,490.628,507.947,1.0,486.108,503.315,1.0,469.537,509.669,1.0,461.952,522.353,1.0,461.556,530.351,1.0,1018.627,244.481,1.0,1015.738,242.628,1.0,1009.843,235.895,1.0,1001.06,229.233,1.0,1000.436,221.033,1.0
504,648.652,474.661,1.0,639.528,472.171,1.0,630.722,468.981,1.0,614.859,473.612,1.0,606.685,471.358,1.0,325.541,228.981,1.0,336.992,229.339,1.0,341.551,233.646,1.0,345.349,228.884,1.0,350.14,238.497,1.0,948.559,783.153,1.0,951.138,773.77,1.0,954.67,764.593,1.0,946.115,752.055,1.0,942.007,746.406,1.0,490.628,507.596,1.0,486.108,503.769,1.0,469.537,509.46,1.0,461.952,522.293,1.0,461.812,530.351,1.0,1021.272,250.495,1.0,1016.826,243.582,1.0,1011.816,236.867,1.0,1001.208,230.27,1.0,1000.436,222.474,1.0
505,649.169,474.661,1.0,643.409,472.171,1.0,631.567,468.524,1.0,614.859,473.346,1.0,608.025,470.59,1.0,325.185,234.915,1.0,335.302,229.339,1.0,341.243,233.739,1.0,345.349,228.884,1.0,350.427,238.54,1.0,948.52,783.749,1.0,951.138,774.671,1.0,954.67,765.344,1.0,946.115,752.947,1.0,946.572,746.35,1.0,491.169,507.219,1.0,486.507,503.503,1.0,470.226,509.46,1.0,462.22,522.196,1.0,461.812,530.194,1.0,1021.775,251.445,1.0,1016.826,247.397,1.0,1013.107,237.707,1.0,1003.884,230.27,1.0,1000.916,223.728,1.0
506,649.648,474.661,1.0,643.863,471.405,1.0,633.3,468.524,1.0,616.986,473.314,1.0,611.735,470.084,1.0,324.35,237.815,1.0,333.891,229.514,1.0,341.101,233.646,1.0,345.695,228.884,1.0,350.427,238.816,1.0,946.971,784.384,1.0,950.872,775.938,1.0,953.611,766.264,1.0,946.115,756.747,1.0,947.892,746.132,1.0,491.351,507.219,1.0,486.65,503.315,1.0,470.403,509.207,1.0,465.322,520.123,1.0,463.454,524.924,1.0,1021.775,251.644,1.0,1016.826,248.234,1.0,1013.171,238.699,1.0,1004.561,229.928,1.0,1000.916,224.375,1.0
507,656.877,472.869,1.0,646.291,466.064,1.0,634.036,468.607,1.0,627.461,473.043,1.0,616.212,469.63,1.0,321.754,238.184,1.0,333.785,229.929,1.0,341.101,233.378,1.0,345.349,228.884,1.0,350.427,238.959,1.0,946.971,784.384,1.0,950.872,775.938,1.0,953.611,766.264,1.0,947.792,756.747,1.0,949.038,745.845,1.0,491.456,507.418,1.0,486.734,503.139,1.0,470.709,509.011,1.0,466.236,520.063,1.0,463.454,524.824,1.0,1022.491,251.99,1.0,1016.826,248.234,1.0,1013.171,238.794,1.0,1004.71,229.928,1.0,1000.916,226.229,1.0
508,657.118,472.791,1.0,647.009,465.609,1.0,637.638,468.607,1.0,631.238,472.345,1.0,616.801,469.609,1.0,320.781,238.977,1.0,327.213,232.058,1.0,338.476,232.769,1.0,345.349,227.995,1.0,351.204,239.724,1.0,946.971,784.384,1.0,950.872,775.938,1.0,953.611,766.264,1.0,950.74,756.747,1.0,949.767,745.845,1.0,491.48,507.596,1.0,487.305,502.946,1.0,470.985,509.011,1.0,466.3,519.922,1.0,463.655,524.45,1.0,1022.491,251.99,1.0,1017.004,248.491,1.0,1013.171,239.034,1.0,1004.737,230.27,1.0,1000.916,226.842,1.0
509,657.254,472.757,1.0,647.33,465.609,1.0,638.021,469.151,1.0,631.318,473.075,1.0,617.32,469.489,1.0,320.232,239.523,1.0,326.424,232.336,1.0,335.76,232.03,1.0,345.478,227.978,1.0,351.519,240.039,1.0,946.987,783.458,1.0,951.055,774.857,1.0,954.008,766.264,1.0,950.74,755.454,1.0,950.088,745.105,1.0,496.223,511.605,1.0,487.331,502.946,1.0,471.226,509.207,1.0,466.525,519.547,1.0,463.655,524.818,1.0,1022.631,251.99,1.0,1017.004,248.234,1.0,1011.712,241.514,1.0,1006.005,231.139,1.0,1001.02,229.967,1.0
510,657.254,472.791,1.0,647.33,465.821,1.0,638.189,470.003,1.0,631.318,472.899,1.0,617.892,469.489,1.0,317.982,240.208,1.0,325.806,232.604,1.0,335.348,231.717,1.0,345.478,227.978,1.0,351.519,240.039,1.0,946.987,781.556,1.0,951.055,774.857,1.0,954.937,766.264,1.0,950.74,755.454,1.0,950.1,744.885,1.0,496.223,511.616,1.0,487.51,502.946,1.0,471.451,509.39,1.0,466.658,519.141,1.0,463.655,524.567,1.0,1022.631,252.593,1.0,1017.68,246.368,1.0,1011.712,242.004,1.0,1006.458,231.212,1.0,1003.09,230.624,1.0
511,657.999,472.869,1.0,647.38,466.064,1.0,640.335,471.202,1.0,631.523,472.345,1.0,620.016,469.467,1.0,316.803,240.208,1.0,324.741,232.912,1.0,334.434,231.478,1.0,345.272,227.978,1.0,351.204,240.039,1.0,946.987,781.263,1.0,951.055,774.857,1.0,954.937,766.382,1.0,950.666,755.454,1.0,950.176,744.885,1.0,496.223,511.616,1.0,487.579,503.254,1.0,472.715,509.516,1.0,467.913,519.141,1.0,463.684,524.567,1.0,1022.631,252.593,1.0,1017.939,246.368,1.0,1011.447,242.004,1.0,1006.458,231.245,1.0,1004.4,230.624,1.0
512,659.61,479.418,1.0,653.989,466.973,1.0,645.358,471.556,1.0,631.523,472.345,1.0,620.351,469.265,1.0,316.471,240.208,1.0,324.603,233.468,1.0,332.826,231.384,1.0,341.833,230.651,1.0,350.114,236.417,1.0,943.037,781.118,1.0,949.923,775.636,1.0,954.937,766.662,1.0,950.666,756.267,1.0,950.286,744.885,1.0,494.868,511.605,1.0,487.579,504.719,1.0,472.715,509.963,1.0,467.913,519.141,1.0,463.972,524.567,1.0,1022.15,251.951,1.0,1017.939,248.134,1.0,1011.261,242.004,1.0,1006.005,234.139,1.0,1005.694,230.624,1.0
513,663.921,481.982,1.0,656.52,466.973,1.0,648.292,471.556,1.0,631.523,472.231,1.0,624.299,467.774,1.0,311.7,235.311,1.0,324.246,233.468,1.0,330.285,231.384,1.0,339.917,231.365,1.0,349.844,236.351,1.0,940.064,780.809,1.0,948.393,776.354,1.0,953.187,767.121,1.0,950.631,757.175,1.0,950.798,746.085,1.0,494.498,511.386,1.0,487.579,504.833,1.0,472.715,510.002,1.0,468.213,519.594,1.0,463.972,524.818,1.0,1020.371,252.593,1.0,1017.68,247.715,1.0,1011.261,241.733,1.0,1006.696,235.887,1.0,1006.346,230.257,1.0
514,664.181,482.111,1.0,656.835,467.67,1.0,648.322,471.556,1.0,631.523,471.49,1.0,624.765,467.774,1.0,311.632,235.246,1.0,324.246,233.714,1.0,330.285,230.997,1.0,339.405,232.148,1.0,349.689,235.584,1.0,940.05,780.809,1.0,948.215,777.179,1.0,953.085,767.121,1.0,950.344,757.82,1.0,951.065,746.59,1.0,489.078,511.386,1.0,483.798,504.833,1.0,471.291,510.402,1.0,468.422,520.008,1.0,463.972,524.889,1.0,1015.327,252.593,1.0,1015.935,248.134,1.0,1011.328,241.733,1.0,1006.422,235.887,1.0,1006.346,229.996,1.0
515,664.181,482.111,1.0,657.437,467.67,1.0,649.284,471.556,1.0,631.754,471.49,1.0,626.054,467.703,1.0,311.632,235.246,1.0,324.093,233.873,1.0,328.968,230.793,1.0,338.587,232.148,1.0,349.663,235.572,1.0,937.556,781.118,1.0,947.255,777.286,1.0,952.015,767.121,1.0,950.344,760.159,1.0,951.197,747.96,1.0,489.078,511.386,1.0,482.147,504.833,1.0,470.683,510.402,1.0,468.422,521.414,1.0,463.972,524.889,0.9850000143051147,1015.273,255.438,1.0,1015.799,248.586,1.0,1011.328,241.733,1.0,1006.422,235.887,1.0,1006.346,229.996,1.0
516,664.519,482.189,1.0,657.899,467.67,1.0,649.743,471.589,1.0,632.448,471.229,1.0,627.012,467.774,1.0,311.632,235.311,1.0,324.045,234.034,1.0,328.968,230.793,1.0,338.587,231.794,1.0,349.663,235.572,1.0,936.946,782.294,1.0,946.971,777.699,1.0,951.778,766.15,1.0,949.283,762.256,1.0,951.197,749.887,1.0,488.887,511.386,1.0,481.867,504.606,1.0,470.665,511.962,1.0,471.101,521.414,1.0,460.751,525.048,1.0,1015.273,256.027,1.0,1015.793,248.895,1.0,1011.708,242.757,1.0,1006.623,236.215,1.0,1005.604,229.996,1.0
517,664.73,482.932,1.0,662.481,467.923,1.0,650.94,472.073,1.0,642.363,470.812,1.0,631.307,467.917,1.0,311.632,235.671,1.0,323.97,234.77,1.0,328.097,230.997,1.0,337.944,231.951,1.0,349.367,235.574,1.0,936.946,782.6,1.0,946.613,777.708,1.0,951.376,766.15,1.0,949.052,762.373,1.0,951.197,749.905,1.0,488.508,510.005,1.0,481.848,504.291,1.0,470.665,511.962,1.0,471.101,521.414,1.0,460.751,525.048,1.0,1015.327,256.453,1.0,1015.799,248.987,1.0,1011.718,243.457,1.0,1007.081,237.523,1.0,1005.524,230.503,1.0
518,668.52,484.405,1.0,664.587,476.001,1.0,656.329,472.132,1.0,648.525,469.585,1.0,635.975,471.205,1.0,311.632,237.478,1.0,323.328,235.889,1.0,328.0,231.287,1.0,336.949,231.917,1.0,349.277,235.584,1.0,936.864,782.6,1.0,946.613,777.708,1.0,951.202,766.15,1.0,949.016,762.72,1.0,950.662,749.905,1.0,488.508,509.314,1.0,481.727,504.291,1.0,470.665,511.962,1.0,468.991,521.414,1.0,463.773,524.868,0.9980000257492065,1016.78,257.419,1.0,1015.799,249.807,1.0,1012.098,244.464,1.0,1007.263,238.028,1.0,1005.524,231.293,1.0
519,669.275,484.514,1.0,664.947,476.023,1.0,656.997,474.324,1.0,648.525,469.585,1.0,636.425,471.448,1.0,311.669,238.736,1.0,321.825,236.335,1.0,327.126,231.459,1.0,334.963,231.917,1.0,348.97,235.574,1.0,936.864,782.6,1.0,946.309,777.708,1.0,950.905,766.178,1.0,949.016,762.373,1.0,950.662,749.905,1.0,488.508,508.09,1.0,481.867,504.259,1.0,470.635,510.359,1.0,467.749,521.414,1.0,463.773,524.739,1.0,1017.54,257.703,1.0,1015.896,251.193,1.0,1012.098,245.165,1.0,1007.448,238.153,1.0,1005.524,231.293,1.0
520,669.482,484.698,1.0,665.401,476.058,1.0,657.66,474.324,1.0,649.066,469.585,1.0,636.832,471.776,1.0,311.847,238.976,1.0,321.099,236.492,1.0,327.0,231.619,1.0,333.31,231.951,1.0,346.747,235.574,1.0,936.946,781.553,1.0,946.078,777.712,1.0,950.686,766.607,1.0,949.016,762.256,1.0,950.662,749.997,1.0,488.389,508.032,0.9710000157356262,481.867,503.665,0.996999979019165,470.665,512.553,1.0,467.106,521.274,1.0,463.282,524.739,0.9729999899864197,1017.881,258.213,1.0,1016.242,251.873,1.0,1012.156,245.312,1.0,1007.697,238.953,1.0,1005.524,232.359,1.0
521,670.623,484.698,1.0,665.401,476.058,1.0,658.308,474.397,1.0,649.297,469.644,1.0,638.773,471.978,1.0,312.064,241.416,1.0,320.8,237.47,1.0,326.985,231.619,1.0,333.209,233.048,1.0,346.233,235.473,1.0,937.178,781.193,1.0,946.078,777.712,1.0,950.686,766.732,1.0,949.016,762.373,1.0,951.047,749.997,1.0,486.644,499.025,1.0,481.186,503.665,1.0,470.946,513.688,1.0,467.106,520.326,1.0,463.282,524.739,1.0,1019.233,267.221,1.0,1016.378,256.17,1.0,1012.156,245.312,1.0,1008.064,239.13,1.0,1005.524,232.518,1.0
522,675.918,484.768,1.0,670.87,480.379,1.0,662.348,476.147,1.0,649.644,471.711,1.0,640.312,473.049,1.0,312.064,241.416,1.0,320.567,239.102,1.0,326.907,231.619,1.0,333.046,234.04,1.0,346.18,233.126,1.0,939.582,779.922,1.0,942.241,777.582,1.0,950.686,768.607,1.0,948.982,761.556,1.0,951.047,749.463,1.0,486.162,498.255,1.0,482.813,503.416,1.0,476.67,516.187,1.0,467.929,520.249,1.0,463.062,525.945,1.0,1019.963,267.557,1.0,1017.693,258.635,1.0,1012.156,246.356,1.0,1008.064,239.139,1.0,1005.655,233.037,1.0
523,681.244,484.919,1.0,671.606,486.381,1.0,663.04,481.884,1.0,651.427,471.741,1.0,646.963,473.799,1.0,312.064,241.422,1.0,320.238,239.102,1.0,326.669,231.82,1.0,333.046,234.522,1.0,343.611,233.095,1.0,939.582,775.707,1.0,942.241,775.304,1.0,950.746,768.607,1.0,948.933,757.401,1.0,951.047,748.459,1.0,476.435,497.035,1.0,482.813,501.384,1.0,476.67,516.187,1.0,467.929,520.326,1.0,462.224,526.456,1.0,1020.256,268.192,1.0,1018.161,259.915,1.0,1012.403,248.94,1.0,1008.641,240.395,1.0,1005.791,233.646,1.0
524,681.508,484.919,1.0,672.14,486.386,1.0,664.076,481.898,1.0,656.456,472.386,1.0,647.023,473.97,1.0,312.064,241.482,1.0,320.238,238.413,1.0,325.63,231.955,1.0,331.926,234.677,1.0,342.476,233.126,1.0,940.533,775.707,1.0,946.312,774.809,1.0,950.919,767.39,1.0,948.933,757.401,1.0,951.047,748.421,1.0,472.634,497.035,1.0,478.383,501.384,1.0,476.67,516.187,1.0,467.929,520.326,1.0,461.952,526.456,1.0,1024.642,271.247,1.0,1020.514,261.479,1.0,1015.395,250.155,1.0,1012.827,245.139,1.0,1007.304,234.116,1.0
525,681.611,484.919,1.0,672.14,486.438,1.0,664.399,481.898,1.0,657.517,473.272,1.0,647.884,473.97,1.0,313.791,241.482,1.0,320.238,238.413,1.0,325.457,232.731,1.0,330.982,235.157,1.0,342.425,233.078,1.0,940.536,775.707,1.0,948.572,774.809,1.0,952.131,766.732,1.0,948.933,757.401,1.0,951.047,746.378,1.0,472.634,498.255,1.0,478.291,501.384,1.0,472.882,514.015,1.0,468.27,520.249,1.0,461.952,526.456,1.0,1024.946,271.378,1.0,1021.776,261.617,1.0,1016.883,252.674,1.0,1014.051,245.979,1.0,1008.459,235.455,1.0
526,681.668,484.996,1.0,673.884,487.253,1.0,665.476,481.898,1.0,659.348,473.272,1.0,648.229,474.397,1.0,311.323,243.923,1.0,319.854,240.015,1.0,324.731,233.154,1.0,330.859,235.157,1.0,342.195,233.126,1.0,944.681,781.171,1.0,950.223,775.304,1.0,952.652,766.683,1.0,948.972,756.148,1.0,951.305,744.813,1.0,472.634,508.226,1.0,478.291,500.757,1.0,472.377,514.015,1.0,468.27,520.249,1.0,462.207,526.456,1.0,1024.946,271.378,1.0,1021.795,262.862,1.0,1017.155,253.771,1.0,1014.051,246.038,1.0,1008.688,235.572,1.0
527,687.899,488.854,1.0,678.949,487.665,1.0,671.931,481.987,1.0,662.217,476.871,1.0,653.16,475.476,1.0,311.323,252.961,1.0,318.991,240.061,1.0,324.555,233.537,1.0,329.608,235.157,1.0,341.413,233.538,1.0,945.217,781.171,1.0,950.432,775.304,1.0,953.229,766.554,1.0,949.04,755.707,1.0,951.364,744.071,1.0,473.399,508.775,1.0,475.876,500.757,1.0,471.463,509.015,1.0,467.299,520.52,1.0,462.207,526.456,1.0,1025.445,271.378,1.0,1023.075,262.862,1.0,1017.388,253.93,1.0,1014.149,246.788,1.0,1009.062,236.338,1.0
528,687.899,497.642,1.0,682.629,489.789,1.0,676.173,483.226,1.0,663.568,477.043,1.0,657.281,475.593,1.0,311.323,255.14,1.0,317.787,241.733,1.0,323.307,235.408,1.0,329.344,234.972,1.0,340.871,233.538,1.0,945.824,781.171,1.0,950.765,774.48,1.0,953.385,766.183,1.0,949.04,755.075,1.0,951.364,744.071,1.0,473.592,508.775,1.0,475.599,500.757,1.0,471.301,508.125,1.0,466.456,520.499,1.0,462.53,527.4,1.0,1025.445,272.111,1.0,1023.052,263.263,1.0,1018.095,256.673,1.0,1014.44,247.033,1.0,1009.164,239.338,1.0
529,687.899,497.642,1.0,682.838,489.789,1.0,676.465,483.302,1.0,663.863,477.132,1.0,657.295,475.593,1.0,309.584,255.14,1.0,316.764,242.7,1.0,322.724,236.362,1.0,329.133,234.73,1.0,338.226,232.743,1.0,945.824,780.536,1.0,951.112,774.48,1.0,953.6,766.111,1.0,949.052,753.879,1.0,951.364,744.071,1.0,473.592,508.775,1.0,475.517,501.695,1.0,471.067,506.69,1.0,465.965,519.912,1.0,462.53,527.557,1.0,1029.584,272.968,1.0,1023.052,264.138,1.0,1019.381,260.287,1.0,1014.329,250.489,1.0,1011.712,245.177,1.0
530,687.947,497.642,1.0,683.184,489.789,1.0,676.684,483.326,1.0,663.863,477.528,1.0,657.627,475.686,1.0,309.584,255.14,1.0,315.791,244.062,1.0,322.549,237.705,1.0,329.003,234.73,1.0,334.553,229.645,1.0,947.597,773.933,1.0,951.219,768.469,1.0,953.6,762.115,1.0,949.052,749.736,1.0,949.991,742.917,1.0,474.333,508.775,1.0,475.599,502.033,1.0,471.301,506.69,1.0,465.769,520.499,1.0,462.53,527.557,1.0,1029.813,273.35,1.0,1023.075,265.178,1.0,1019.575,260.602,1.0,1014.967,251.053,1.0,1011.9,245.848,1.0
531,687.947,497.14,1.0,685.001,489.754,1.0,676.684,484.117,1.0,663.987,477.132,1.0,657.627,475.686,1.0,309.584,254.957,1.0,315.791,244.062,1.0,321.93,237.705,1.0,329.119,228.971,1.0,334.065,229.07,1.0,949.823,769.04,1.0,954.884,764.444,1.0,953.864,757.201,1.0,949.93,747.901,1.0,948.625,740.754,1.0,474.333,508.775,1.0,475.876,502.27,1.0,471.463,506.69,1.0,465.661,520.615,1.0,462.53,527.557,1.0,1029.983,273.586,1.0,1025.365,265.235,1.0,1019.911,260.804,1.0,1016.122,251.538,1.0,1012.065,246.294,1.0
532,690.421,495.829,1.0,686.34,488.634,1.0,676.684,484.12,1.0,663.987,477.132,1.0,657.627,476.19,1.0,309.504,254.653,1.0,315.791,244.166,1.0,321.842,237.768,1.0,329.119,228.971,1.0,333.853,229.07,1.0,951.636,765.061,1.0,957.29,760.848,1.0,953.864,756.937,1.0,950.872,747.418,1.0,947.464,740.14,1.0,474.333,508.078,1.0,476.489,502.27,1.0,471.301,507.039,1.0,465.083,521.081,1.0,462.499,527.082,1.0,1032.475,275.868,1.0,1025.371,267.917,1.0,1020.52,263.714,1.0,1016.122,254.069,1.0,1012.065,247.836,1.0
533,690.421,483.067,1.0,686.34,488.224,1.0,673.931,484.834,1.0,663.788,477.058,1.0,656.476,476.373,1.0,309.504,254.653,1.0,315.791,244.503,1.0,321.776,238.275,1.0,328.548,229.857,1.0,333.273,229.07,1.0,962.486,764.131,1.0,960.239,758.171,1.0,953.914,756.937,1.0,950.872,747.418,1.0,947.464,739.106,1.0,476.077,506.241,1.0,476.907,504.924,1.0,471.584,511.843,1.0,462.841,523.626,1.0,462.395,525.85,1.0,1033.855,276.972,1.0,1027.892,272.977,1.0,1023.335,264.551,1.0,1016.186,255.613,1.0,1014.936,248.75,1.0
534,690.421,480.168,1.0,686.34,488.224,1.0,673.931,484.971,1.0,663.398,477.058,1.0,655.733,476.439,1.0,308.647,254.653,1.0,315.791,245.121,1.0,320.759,239.342,1.0,326.92,234.788,1.0,333.273,231.304,1.0,965.262,756.145,1.0,960.646,758.171,1.0,954.836,757.201,1.0,949.93,747.901,1.0,947.464,739.106,1.0,480.201,503.171,1.0,478.35,504.924,1.0,473.272,512.502,1.0,462.821,523.843,1.0,462.395,525.58,1.0,1036.285,280.485,1.0,1029.674,274.774,1.0,1023.546,265.086,1.0,1016.67,257.971,1.0,1014.942,249.342,1.0
535,689.838,474.695,1.0,684.974,483.948,1.0,673.931,484.971,1.0,661.144,477.058,1.0,655.553,476.439,1.0,307.573,253.99,1.0,310.635,245.807,1.0,320.024,239.653,1.0,324.559,234.877,1.0,333.273,231.304,1.0,970.852,752.319,1.0,962.976,758.171,1.0,958.923,757.931,1.0,947.903,747.976,1.0,948.785,739.84,1.0,490.421,502.754,1.0,480.053,504.924,1.0,473.272,512.502,1.0,461.455,524.144,1.0,461.493,525.567,1.0,1036.596,281.361,1.0,1029.884,275.372,1.0,1023.965,265.719,1.0,1017.367,258.699,1.0,1015.428,250.436,1.0
536,689.777,472.686,1.0,684.839,481.753,1.0,673.931,484.971,1.0,661.144,477.058,1.0,655.534,476.439,1.0,307.283,255.392,1.0,309.848,247.464,1.0,320.024,240.12,1.0,323.507,235.387,1.0,332.749,231.304,1.0,972.559,751.437,1.0,964.801,758.27,1.0,959.072,758.089,1.0,947.903,748.196,1.0,950.269,739.84,1.0,491.621,501.683,1.0,480.813,504.696,1.0,472.672,511.843,1.0,461.455,524.144,1.0,461.149,525.393,1.0,1037.311,282.148,1.0,1031.668,275.609,1.0,1024.833,265.882,1.0,1017.486,260.789,1.0,1016.714,253.07,1.0
537,687.689,469.919,1.0,684.839,472.746,1.0,673.972,483.969,1.0,661.144,477.058,1.0,655.534,475.787,1.0,303.291,255.392,1.0,309.848,250.199,1.0,317.67,241.818,1.0,322.107,236.965,1.0,332.82,230.444,1.0,973.233,750.993,1.0,966.274,758.27,1.0,959.635,758.089,1.0,947.903,748.196,1.0,951.427,739.341,1.0,492.385,500.095,1.0,480.905,503.776,1.0,472.672,510.108,1.0,461.455,524.144,1.0,461.149,524.925,1.0,1038.306,284.107,1.0,1033.334,276.354,1.0,1025.744,271.024,1.0,1021.235,262.458,1.0,1017.421,256.079,1.0
538,689.777,469.873,1.0,684.839,472.573,1.0,674.269,483.322,1.0,661.687,479.889,1.0,655.553,475.787,1.0,303.291,255.055,1.0,309.556,250.199,1.0,317.67,241.818,1.0,321.121,236.965,1.0,332.82,230.3,1.0,973.447,750.357,1.0,967.559,758.27,1.0,960.648,757.931,1.0,949.135,747.976,1.0,951.427,739.341,1.0,492.385,500.095,1.0,480.905,503.776,1.0,470.885,510.108,1.0,461.796,521.688,1.0,461.076,524.925,1.0,1039.769,286.592,1.0,1033.474,280.68,1.0,1026.203,271.888,1.0,1021.477,263.539,1.0,1018.608,257.625,1.0
539,689.838,469.326,1.0,685.046,471.824,1.0,675.317,482.16,1.0,663.811,480.052,1.0,658.062,475.787,1.0,303.231,255.055,1.0,309.556,250.5,1.0,317.367,241.95,1.0,320.395,237.151,1.0,332.688,230.3,1.0,974.878,747.758,1.0,969.54,753.826,1.0,961.722,757.735,1.0,950.499,747.793,1.0,951.427,738.938,1.0,492.385,500.095,1.0,480.905,503.776,1.0,469.639,510.108,1.0,461.796,520.154,1.0,461.149,524.925,1.0,1039.86,287.818,1.0,1034.0,280.68,1.0,1026.83,273.064,1.0,1022.077,264.226,1.0,1018.802,258.589,1.0
540,692.047,462.793,1.0,688.129,469.959,1.0,678.241,479.338,1.0,666.263,480.373,1.0,659.563,475.89,1.0,302.888,255.392,1.0,309.208,250.851,1.0,316.59,242.018,1.0,320.35,237.297,1.0,332.302,230.3,1.0,975.142,747.624,1.0,969.761,752.23,1.0,961.722,754.311,1.0,950.566,746.431,1.0,951.562,737.75,1.0,491.543,500.981,1.0,480.049,504.27,1.0,469.639,510.663,1.0,461.796,520.154,1.0,460.761,529.432,1.0,1039.86,287.221,1.0,1035.402,277.273,1.0,1027.019,273.411,1.0,1022.379,264.486,1.0,1019.004,258.636,1.0
541,692.734,462.572,1.0,688.129,469.318,1.0,678.913,477.712,1.0,666.401,480.443,1.0,660.07,476.251,1.0,302.881,255.888,1.0,308.433,251.788,1.0,315.141,242.413,1.0,319.722,237.498,1.0,331.746,230.411,1.0,975.334,747.364,1.0,970.631,751.051,1.0,961.722,754.242,1.0,950.619,746.393,1.0,951.562,737.516,1.0,484.85,504.365,1.0,476.753,507.592,1.0,468.836,514.35,1.0,458.666,521.688,1.0,460.761,529.794,1.0,1040.837,287.818,1.0,1035.836,277.116,1.0,1027.36,275.147,1.0,1022.546,265.779,1.0,1019.083,260.287,1.0
542,693.178,462.572,1.0,688.129,468.988,1.0,680.132,477.712,1.0,666.82,480.618,1.0,660.54,476.618,1.0,301.868,257.414,1.0,307.383,252.612,1.0,313.008,242.681,1.0,318.94,237.927,1.0,331.654,231.198,1.0,979.523,743.385,1.0,972.943,744.867,1.0,960.885,752.999,1.0,951.702,746.044,1.0,951.562,737.468,1.0,478.281,511.554,1.0,472.686,512.397,1.0,466.733,517.196,1.0,458.504,522.86,1.0,458.494,530.51,1.0,1041.478,288.454,1.0,1036.198,277.234,1.0,1027.489,275.733,1.0,1022.897,266.193,1.0,1019.745,261.304,1.0
543,693.72,462.793,1.0,687.443,469.318,1.0,680.132,477.712,1.0,667.157,480.618,1.0,660.589,477.071,1.0,301.671,259.103,1.0,307.383,253.183,1.0,311.928,242.711,1.0,318.635,238.141,1.0,331.088,232.48,1.0,980.797,742.375,1.0,972.943,743.386,1.0,960.885,752.999,1.0,952.16,745.251,1.0,952.002,736.671,1.0,476.137,511.554,1.0,471.562,514.633,1.0,465.637,518.291,1.0,458.43,523.621,1.0,457.9,531.287,1.0,1041.478,288.639,1.0,1037.25,277.234,1.0,1028.197,276.197,1.0,1022.897,266.644,1.0,1020.403,262.368,1.0
544,695.753,462.572,1.0,686.544,469.959,1.0,680.365,481.349,1.0,667.187,480.688,1.0,660.81,476.768,1.0,301.447,259.638,1.0,307.02,253.431,1.0,311.928,244.063,1.0,318.507,238.909,1.0,327.017,232.986,1.0,981.114,742.143,1.0,973.329,742.997,1.0,960.885,752.948,1.0,952.406,745.008,1.0,953.063,736.671,1.0,474.955,512.266,1.0,470.869,514.633,1.0,465.637,518.291,1.0,458.43,523.621,1.0,457.361,531.287,1.0,1041.478,288.454,1.0,1037.25,277.273,1.0,1028.197,276.197,1.0,1022.897,266.644,1.0,1020.403,262.368,1.0
545,696.153,462.572,1.0,686.544,470.254,1.0,680.496,481.349,1.0,668.152,480.688,1.0,661.245,476.768,1.0,301.293,259.758,1.0,307.005,253.433,1.0,311.928,245.76,1.0,315.654,242.281,1.0,325.01,234.206,1.0,981.479,741.991,1.0,973.329,742.997,1.0,963.468,751.008,1.0,952.711,745.008,1.0,953.063,736.671,1.0,470.876,511.716,1.0,470.737,514.633,1.0,465.637,518.291,1.0,458.504,523.621,1.0,457.361,531.287,1.0,1040.256,288.454,1.0,1037.25,277.743,1.0,1028.197,276.197,1.0,1022.866,266.644,1.0,1020.403,262.368,1.0
546,699.159,462.377,1.0,687.443,471.359,1.0,681.91,481.349,1.0,672.247,480.618,1.0,662.232,477.318,1.0,301.291,259.638,1.0,306.293,255.537,1.0,311.158,246.021,1.0,315.517,242.327,1.0,324.706,234.481,1.0,983.95,739.464,1.0,972.899,742.997,1.0,965.3,751.091,1.0,953.778,745.008,1.0,953.063,738.691,1.0,459.824,511.716,1.0,467.685,511.479,1.0,468.261,516.45,1.0,459.908,523.027,1.0,457.361,531.01,1.0,1038.901,285.635,1.0,1035.834,279.256,1.0,1027.98,274.187,1.0,1021.981,263.895,1.0,1020.403,259.99,1.0
547,700.616,460.066,1.0,689.182,471.783,1.0,684.459,479.104,1.0,675.031,480.203,1.0,663.438,477.791,1.0,300.772,259.758,1.0,305.623,255.826,1.0,311.158,249.095,1.0,315.023,242.392,1.0,324.472,235.014,1.0,986.849,738.285,1.0,972.899,746.121,1.0,968.071,751.091,1.0,955.733,746.199,1.0,952.613,741.552,1.0,457.237,511.716,1.0,463.652,508.959,1.0,468.261,515.585,1.0,459.908,523.027,1.0,457.361,531.01,1.0,1034.455,285.635,1.0,1032.781,279.256,1.0,1027.714,271.629,1.0,1021.981,263.895,1.0,1020.16,259.733,1.0
548,700.885,460.066,1.0,689.79,471.359,1.0,685.017,479.035,1.0,675.274,478.185,1.0,663.438,477.92,1.0,300.728,260.037,1.0,305.407,255.829,1.0,311.859,249.522,1.0,314.67,242.768,1.0,324.414,235.103,1.0,986.849,738.285,1.0,972.12,746.896,1.0,968.071,751.008,1.0,955.733,746.828,1.0,950.752,741.708,1.0,457.237,511.716,1.0,463.652,508.527,1.0,468.261,515.585,1.0,459.908,523.027,1.0,457.928,531.01,1.0,1030.195,285.635,1.0,1032.592,280.544,1.0,1027.643,271.629,1.0,1021.981,263.895,1.0,1020.043,259.579,1.0
549,700.985,460.066,1.0,689.836,471.032,1.0,685.133,478.693,1.0,675.452,477.922,1.0,664.488,478.737,1.0,300.637,267.144,1.0,304.652,258.318,1.0,310.971,250.104,1.0,313.377,243.239,1.0,322.981,235.351,1.0,986.849,738.285,1.0,972.093,746.896,1.0,968.071,750.043,1.0,955.898,746.828,1.0,950.752,741.744,1.0,459.824,511.096,1.0,463.652,508.527,1.0,467.947,515.585,1.0,459.415,523.544,1.0,457.928,532.021,1.0,1027.439,285.924,1.0,1029.469,280.544,1.0,1027.557,271.629,1.0,1021.981,264.037,1.0,1020.118,259.579,1.0
550,700.985,460.145,1.0,689.927,471.032,1.0,685.244,477.605,1.0,676.098,477.86,1.0,665.317,478.756,1.0,299.321,267.687,1.0,304.145,260.309,1.0,310.84,250.423,1.0,312.826,244.172,1.0,322.181,235.508,1.0,986.849,738.285,1.0,972.12,746.23,1.0,968.484,749.932,1.0,955.898,746.828,1.0,950.752,741.877,1.0,464.112,511.096,1.0,467.583,508.959,1.0,466.9,517.254,1.0,457.799,524.187,1.0,457.928,532.916,1.0,1020.507,287.203,1.0,1027.458,282.24,1.0,1027.557,272.004,1.0,1021.981,264.219,1.0,1020.16,259.733,1.0
551,702.507,460.145,1.0,692.202,470.456,1.0,686.807,474.902,1.0,676.098,477.86,1.0,666.272,479.222,1.0,298.879,267.778,1.0,303.005,261.693,1.0,310.625,252.221,1.0,310.431,245.172,1.0,321.432,236.401,1.0,987.348,736.847,1.0,973.443,746.121,1.0,968.484,749.273,1.0,955.901,746.477,1.0,951.23,742.32,1.0,473.817,511.096,1.0,468.804,516.228,1.0,460.759,517.296,1.0,457.54,524.187,1.0,457.928,532.916,1.0,1020.507,288.755,1.0,1027.458,283.017,1.0,1027.437,274.042,1.0,1021.638,268.268,1.0,1020.16,260.125,1.0
552,703.931,460.145,1.0,696.273,467.598,1.0,686.934,472.344,1.0,676.108,473.83,1.0,669.698,479.96,1.0,298.809,268.776,1.0,302.69,261.846,1.0,310.14,253.73,1.0,310.121,246.054,1.0,321.432,237.83,1.0,987.498,733.991,1.0,975.434,743.824,1.0,968.955,748.857,1.0,958.295,746.471,1.0,952.929,745.069,1.0,475.655,516.587,1.0,468.892,516.66,1.0,460.759,517.296,1.0,457.54,524.187,1.0,458.391,532.053,1.0,1020.507,291.117,1.0,1027.45,284.936,1.0,1027.078,276.112,1.0,1021.378,269.608,1.0,1020.38,261.543,1.0
553,703.956,456.285,1.0,696.38,467.546,1.0,687.264,469.523,1.0,676.122,473.741,1.0,669.739,479.96,1.0,298.809,268.776,1.0,302.69,261.857,1.0,310.113,253.73,1.0,309.832,246.054,1.0,321.414,238.227,1.0,989.86,733.991,1.0,978.288,742.214,1.0,971.935,746.068,1.0,962.326,746.409,1.0,953.768,747.945,1.0,476.223,524.015,1.0,469.479,518.458,1.0,460.759,517.296,1.0,457.54,522.883,1.0,458.62,532.558,1.0,1020.507,291.699,1.0,1027.45,284.936,1.0,1026.074,277.411,1.0,1021.378,270.195,1.0,1021.486,261.73,1.0
554,704.803,456.285,1.0,696.729,467.458,1.0,687.457,469.475,1.0,676.122,473.175,1.0,670.267,479.96,1.0,298.879,268.776,1.0,302.69,261.982,1.0,309.737,253.964,1.0,309.832,246.054,1.0,321.414,238.227,1.0,990.035,733.493,1.0,978.288,742.036,1.0,971.935,745.485,1.0,962.393,745.379,1.0,953.836,748.841,1.0,476.63,524.043,1.0,469.943,518.771,1.0,464.749,516.628,1.0,457.879,522.669,1.0,459.141,532.558,1.0,1021.385,291.724,1.0,1027.45,285.796,1.0,1024.646,277.592,1.0,1021.14,270.35,1.0,1021.486,261.818,1.0
555,704.803,456.285,1.0,697.121,467.458,1.0,688.065,469.228,1.0,677.107,473.175,1.0,670.733,479.788,1.0,298.98,268.776,1.0,303.25,261.857,1.0,309.712,254.203,1.0,309.832,246.054,1.0,321.309,238.227,1.0,990.035,733.493,1.0,978.288,741.733,1.0,972.58,745.246,1.0,962.551,745.379,1.0,953.897,748.933,1.0,476.63,524.043,1.0,470.87,518.771,1.0,465.525,516.272,1.0,458.305,522.58,1.0,459.7,532.558,1.0,1021.577,295.065,1.0,1025.749,285.796,1.0,1024.646,277.834,1.0,1021.14,270.728,1.0,1021.532,262.292,1.0
556,709.748,463.864,1.0,700.67,466.196,1.0,692.509,469.228,1.0,680.611,472.379,1.0,675.083,478.592,1.0,299.239,268.798,1.0,303.25,262.085,1.0,309.076,254.359,1.0,309.706,246.054,1.0,318.969,238.247,1.0,989.86,733.52,1.0,978.735,741.376,1.0,972.667,745.209,1.0,962.654,745.379,1.0,954.959,749.125,1.0,476.63,524.043,1.0,471.073,518.771,1.0,466.924,515.896,1.0,458.897,522.413,1.0,461.205,532.974,1.0,1027.953,300.043,1.0,1025.449,289.189,1.0,1024.646,281.037,1.0,1021.411,272.56,1.0,1021.605,264.425,1.0
557,712.758,464.11,1.0,700.819,464.954,1.0,697.286,469.026,1.0,683.611,472.052,1.0,676.263,477.014,1.0,299.239,269.473,1.0,303.25,263.129,1.0,308.886,256.087,1.0,310.001,247.546,1.0,317.097,238.577,1.0,989.86,734.424,1.0,978.885,740.705,1.0,972.667,744.569,1.0,964.611,745.553,1.0,955.187,749.955,1.0,474.248,524.663,1.0,471.073,518.357,1.0,467.824,513.932,1.0,459.553,521.66,1.0,461.205,532.974,1.0,1028.471,302.624,1.0,1025.449,292.516,1.0,1026.098,281.282,1.0,1024.149,274.837,1.0,1022.536,265.221,1.0
558,712.758,464.139,1.0,705.803,462.184,1.0,697.988,468.753,1.0,684.178,472.049,1.0,676.352,477.014,1.0,298.98,271.527,1.0,302.789,263.766,1.0,307.861,256.554,1.0,310.078,250.57,1.0,315.945,243.116,1.0,990.092,733.52,1.0,979.305,740.61,1.0,973.878,744.026,1.0,966.401,745.693,1.0,957.2,749.955,1.0,472.837,525.118,1.0,470.886,518.357,1.0,467.859,512.801,1.0,459.553,521.389,1.0,461.205,532.974,1.0,1028.496,303.206,1.0,1025.449,292.709,1.0,1026.279,281.496,1.0,1024.149,276.053,1.0,1023.61,265.916,1.0
559,713.155,464.11,1.0,705.861,459.83,1.0,697.988,468.747,1.0,684.938,472.006,1.0,676.637,477.014,1.0,298.565,273.532,1.0,302.025,264.562,1.0,305.0,256.878,1.0,310.001,250.777,1.0,315.549,244.911,1.0,990.8,733.52,1.0,983.101,735.634,1.0,975.141,743.226,1.0,967.351,745.693,1.0,957.906,750.419,1.0,472.837,525.118,1.0,470.886,518.357,1.0,467.984,512.801,1.0,459.429,520.295,1.0,460.936,532.93,1.0,1028.496,303.206,1.0,1025.611,292.714,1.0,1026.714,281.791,1.0,1024.23,276.164,1.0,1023.684,266.803,1.0
560,713.155,464.11,1.0,705.861,459.668,1.0,697.988,468.659,1.0,685.002,472.006,1.0,676.637,476.996,1.0,298.317,273.532,1.0,301.09,264.562,1.0,304.815,257.104,1.0,309.529,250.832,1.0,315.009,244.911,1.0,992.104,729.89,1.0,983.324,735.146,1.0,976.319,740.698,1.0,967.406,745.553,1.0,957.956,750.608,1.0,472.837,525.37,1.0,470.886,518.636,1.0,468.121,512.801,1.0,459.429,520.295,1.0,460.912,532.93,1.0,1028.653,303.206,1.0,1026.885,292.891,1.0,1026.714,282.943,1.0,1024.637,277.241,1.0,1023.897,267.226,1.0
561,713.452,463.859,1.0,706.687,458.659,1.0,698.542,462.624,1.0,685.398,471.986,1.0,676.812,476.755,1.0,298.299,273.532,1.0,301.023,264.657,1.0,304.754,257.104,1.0,309.411,250.907,1.0,314.737,244.937,1.0,992.104,729.89,1.0,983.324,734.569,1.0,976.319,740.698,1.0,968.264,742.286,1.0,957.957,750.608,1.0,474.743,525.722,1.0,470.886,519.574,1.0,468.121,513.84,1.0,459.429,520.295,1.0,460.599,532.93,1.0,1028.662,303.261,1.0,1028.191,294.361,1.0,1026.865,286.147,1.0,1024.23,278.714,1.0,1023.684,269.012,1.0
562,715.716,462.654,1.0,709.978,457.75,1.0,698.652,462.624,1.0,690.271,471.426,1.0,681.897,474.711,1.0,298.186,273.532,1.0,300.77,264.657,1.0,304.754,257.152,1.0,308.918,251.391,1.0,314.452,244.937,1.0,992.104,729.89,1.0,983.324,734.407,1.0,976.319,740.698,1.0,968.455,742.283,1.0,960.345,749.048,1.0,475.205,526.221,1.0,471.532,519.66,1.0,468.121,515.288,1.0,459.404,521.005,1.0,460.497,532.93,1.0,1031.353,305.315,1.0,1028.796,297.06,1.0,1026.865,289.371,1.0,1024.053,280.35,1.0,1023.61,270.567,1.0
563,715.812,456.516,1.0,709.978,454.981,1.0,699.713,462.624,1.0,695.015,471.331,1.0,684.978,474.711,1.0,297.506,273.532,1.0,300.51,264.862,1.0,304.571,258.336,1.0,308.886,251.391,1.0,314.426,245.314,1.0,990.851,731.905,1.0,983.324,733.411,1.0,976.319,741.625,1.0,968.705,741.853,1.0,960.345,748.251,1.0,475.218,526.853,1.0,471.554,519.983,1.0,468.41,516.103,1.0,459.309,521.005,1.0,460.214,532.93,1.0,1031.741,307.282,1.0,1029.273,298.784,1.0,1026.865,290.664,1.0,1023.83,280.568,1.0,1023.114,272.257,1.0
564,716.004,456.318,1.0,710.885,454.654,1.0,700.497,462.705,1.0,695.514,471.17,1.0,685.021,474.522,1.0,297.474,277.11,1.0,299.618,268.575,1.0,302.721,261.211,1.0,308.046,251.724,1.0,314.238,246.903,1.0,990.851,732.154,1.0,983.679,731.616,1.0,976.319,741.699,1.0,968.78,741.787,1.0,960.58,747.934,1.0,480.829,528.964,1.0,472.7,520.918,1.0,468.464,517.847,1.0,457.979,521.005,1.0,460.214,532.806,1.0,1031.829,307.282,1.0,1029.403,299.042,1.0,1026.865,290.926,1.0,1023.83,281.665,1.0,1022.945,272.595,1.0
565,717.039,456.025,1.0,714.661,453.142,1.0,701.343,462.705,1.0,696.196,470.412,1.0,686.196,474.343,1.0,294.536,277.916,1.0,299.564,273.062,1.0,300.616,262.067,1.0,306.601,252.641,1.0,312.081,246.929,1.0,990.851,732.257,1.0,984.26,731.616,1.0,976.662,741.768,1.0,968.856,741.284,1.0,960.693,747.678,1.0,481.576,532.083,1.0,474.836,523.527,1.0,470.189,517.975,1.0,457.449,520.226,1.0,460.214,531.219,1.0,1032.328,307.728,1.0,1030.082,299.099,1.0,1027.113,291.459,1.0,1023.83,281.756,1.0,1022.945,274.011,1.0
566,718.194,456.025,1.0,715.051,453.14,1.0,704.653,462.705,1.0,696.612,468.932,1.0,688.472,472.811,1.0,293.943,285.926,1.0,299.121,273.952,1.0,300.158,262.067,1.0,306.482,253.676,1.0,311.421,247.693,1.0,994.151,735.378,1.0,985.889,731.732,1.0,977.931,741.699,1.0,968.924,741.284,1.0,960.86,747.344,1.0,482.625,532.115,1.0,481.778,526.987,1.0,470.189,517.975,1.0,457.449,520.226,1.0,459.868,530.949,1.0,1032.48,307.747,1.0,1030.717,300.93,1.0,1027.44,294.157,1.0,1024.034,285.464,1.0,1022.945,277.227,1.0
567,726.932,456.025,1.0,715.058,451.45,1.0,708.854,462.218,1.0,697.384,466.472,1.0,688.775,470.042,1.0,293.879,285.926,1.0,299.023,274.109,1.0,300.158,262.067,1.0,306.327,255.868,1.0,311.421,247.696,1.0,994.151,735.378,1.0,985.889,731.732,1.0,977.942,741.699,1.0,969.003,741.372,1.0,961.034,747.344,1.0,485.987,534.295,1.0,482.678,528.816,1.0,470.189,517.975,1.0,457.449,520.226,1.0,459.868,529.329,1.0,1033.969,316.764,1.0,1031.981,304.628,1.0,1027.775,294.709,1.0,1025.532,287.633,1.0,1023.731,281.224,1.0
568,731.454,461.781,1.0,720.425,450.621,1.0,710.625,460.49,1.0,698.791,465.269,1.0,691.316,469.764,1.0,293.879,285.926,1.0,298.765,274.249,1.0,300.158,262.067,1.0,306.327,255.868,1.0,311.421,247.705,1.0,994.546,735.378,1.0,985.974,731.616,1.0,978.083,741.541,1.0,969.064,741.372,1.0,961.034,747.344,1.0,486.034,534.295,1.0,483.425,529.217,1.0,470.195,517.975,1.0,457.449,520.398,1.0,459.868,527.819,1.0,1034.955,316.764,1.0,1031.981,306.176,1.0,1027.819,296.157,1.0,1027.199,288.621,1.0,1023.811,281.224,1.0
569,731.872,461.781,1.0,723.288,450.302,1.0,710.765,460.49,1.0,698.868,464.888,1.0,691.678,469.727,1.0,293.879,284.725,1.0,298.539,274.252,1.0,300.133,262.244,1.0,306.327,256.221,1.0,311.518,248.018,1.0,994.546,733.279,1.0,985.889,731.732,1.0,977.942,741.541,1.0,969.064,742.534,1.0,960.86,747.402,1.0,486.085,534.354,1.0,483.512,529.279,1.0,470.195,517.904,1.0,457.538,520.64,1.0,457.343,527.423,1.0,1035.01,316.764,1.0,1032.229,306.438,1.0,1027.837,296.191,1.0,1027.461,289.303,1.0,1023.893,282.749,1.0
570,732.101,461.781,1.0,723.663,450.302,1.0,711.314,460.254,1.0,699.066,463.12,1.0,692.223,469.594,1.0,293.74,284.725,1.0,298.047,274.252,1.0,300.522,262.846,1.0,306.327,256.221,1.0,311.518,248.347,1.0,992.129,733.279,1.0,984.299,732.418,1.0,977.942,741.541,1.0,970.193,742.534,1.0,961.661,747.402,1.0,486.665,534.354,1.0,483.588,529.279,1.0,470.195,517.904,1.0,457.538,521.077,1.0,457.287,527.332,1.0,1035.01,317.076,1.0,1032.229,309.339,1.0,1028.969,296.218,1.0,1027.471,291.171,1.0,1023.811,283.155,1.0
571,732.101,461.491,1.0,725.093,450.476,1.0,711.667,460.027,1.0,705.428,461.396,1.0,698.029,467.175,1.0,293.74,284.725,1.0,298.047,278.66,1.0,300.522,267.15,1.0,302.029,257.523,1.0,311.518,249.516,1.0,990.547,733.279,1.0,983.968,733.815,1.0,976.676,741.76,1.0,970.193,742.847,1.0,961.661,748.027,1.0,486.966,534.244,1.0,483.637,529.279,1.0,470.22,518.116,1.0,457.512,521.118,1.0,457.287,527.33,1.0,1035.01,317.076,1.0,1033.527,312.268,1.0,1031.834,301.356,1.0,1027.471,294.836,1.0,1023.811,285.045,1.0
572,734.498,460.031,1.0,727.226,450.28,1.0,717.192,457.338,1.0,710.416,460.055,1.0,700.985,465.252,1.0,292.38,285.486,1.0,297.947,279.245,1.0,300.752,267.237,1.0,301.747,258.105,1.0,310.402,250.929,1.0,976.811,735.545,1.0,975.313,735.236,1.0,976.676,742.267,1.0,970.193,742.855,1.0,958.643,748.027,1.0,487.1,534.244,1.0,483.637,529.279,1.0,470.47,518.116,1.0,457.512,521.371,1.0,457.311,527.202,1.0,1032.287,319.566,1.0,1033.628,313.077,1.0,1031.892,303.483,1.0,1027.461,296.243,1.0,1022.447,287.894,1.0
573,735.769,459.754,1.0,727.49,449.688,1.0,717.721,456.671,1.0,710.765,459.898,1.0,701.063,464.628,1.0,291.8,285.486,1.0,297.6,279.503,1.0,300.752,268.586,1.0,300.487,259.479,1.0,310.402,250.957,1.0,973.409,736.33,1.0,975.313,735.476,1.0,976.676,742.267,1.0,970.035,743.91,1.0,958.643,747.383,1.0,487.95,534.354,1.0,483.637,529.926,1.0,470.976,518.584,1.0,457.545,521.371,1.0,457.311,526.952,1.0,1032.287,319.566,1.0,1033.703,313.077,1.0,1031.892,304.659,1.0,1026.359,296.269,1.0,1022.387,289.088,1.0
574,735.899,459.119,1.0,728.449,449.607,1.0,717.999,455.662,1.0,711.15,459.691,1.0,701.783,464.481,1.0,291.8,285.542,1.0,297.6,279.503,1.0,300.752,268.586,1.0,300.487,259.731,1.0,310.356,251.254,1.0,970.705,736.5,1.0,975.313,736.714,1.0,976.602,742.267,1.0,970.898,746.322,1.0,958.68,745.826,1.0,490.643,540.212,1.0,480.043,532.935,1.0,472.979,520.325,1.0,458.805,521.371,1.0,457.311,526.507,1.0,1032.287,319.566,1.0,1033.703,312.268,1.0,1031.834,305.037,1.0,1026.359,297.049,1.0,1022.387,289.095,1.0
575,736.285,458.547,1.0,728.449,449.607,1.0,718.975,455.662,1.0,711.725,459.234,1.0,702.722,464.264,1.0,291.39,285.502,1.0,296.66,279.36,1.0,300.494,268.586,1.0,300.487,259.957,1.0,310.113,251.731,1.0,970.705,736.33,1.0,981.622,736.714,1.0,976.602,742.005,1.0,970.035,746.322,1.0,958.68,745.826,1.0,490.889,541.486,1.0,480.043,534.652,1.0,474.202,526.623,1.0,465.507,521.397,1.0,457.771,526.045,1.0,1036.298,321.252,1.0,1034.48,311.683,1.0,1031.808,305.512,1.0,1026.359,297.049,1.0,1022.387,290.506,1.0
576,742.931,454.506,1.0,731.795,449.607,1.0,723.169,455.662,1.0,712.52,457.647,1.0,702.807,461.195,1.0,291.23,285.542,1.0,295.885,279.826,1.0,300.365,268.586,1.0,299.974,259.957,1.0,309.684,251.746,1.0,970.629,736.33,1.0,981.622,736.787,1.0,976.274,742.005,1.0,966.175,743.931,1.0,959.087,745.666,1.0,491.075,541.576,1.0,480.043,535.09,1.0,474.899,526.623,1.0,467.946,521.006,1.0,458.52,525.43,1.0,1044.286,319.276,1.0,1037.782,311.683,1.0,1031.808,308.037,1.0,1027.1,299.515,1.0,1022.953,294.091,1.0
577,743.526,449.078,1.0,733.265,459.814,1.0,725.424,456.524,1.0,713.343,457.208,1.0,706.348,460.412,1.0,291.23,285.745,1.0,295.885,279.826,1.0,299.69,268.994,1.0,299.476,260.317,1.0,308.97,254.05,1.0,970.436,736.5,1.0,981.622,737.541,1.0,976.046,741.764,1.0,966.175,743.931,1.0,959.141,743.712,1.0,492.659,541.576,1.0,481.212,535.09,1.0,475.7,526.623,1.0,469.739,520.501,1.0,458.55,524.405,1.0,1046.484,318.939,1.0,1040.136,311.683,1.0,1031.514,309.552,1.0,1029.218,302.233,1.0,1022.953,297.789,1.0
578,743.816,448.741,1.0,733.541,459.814,1.0,725.537,456.524,1.0,714.009,457.208,1.0,706.407,460.201,1.0,291.199,287.986,1.0,295.31,280.673,1.0,298.68,269.952,1.0,299.175,262.923,1.0,307.339,254.222,1.0,968.587,736.5,1.0,980.288,737.541,1.0,975.591,741.764,1.0,967.518,744.445,1.0,959.7,743.712,1.0,492.673,541.486,1.0,481.439,535.09,1.0,476.02,526.114,1.0,469.739,520.501,1.0,458.577,524.249,1.0,1047.261,319.276,1.0,1040.911,314.104,1.0,1031.808,312.107,1.0,1030.247,304.62,1.0,1023.077,299.588,1.0
579,743.817,448.741,1.0,733.627,459.814,1.0,725.578,456.524,1.0,714.236,457.208,1.0,706.609,460.201,1.0,289.222,287.986,1.0,294.624,280.673,1.0,296.122,272.06,1.0,299.067,263.524,1.0,307.334,256.207,1.0,968.509,736.171,1.0,979.01,737.541,1.0,975.398,741.751,1.0,966.175,744.176,1.0,959.7,743.712,1.0,492.673,541.36,1.0,481.439,534.754,1.0,476.02,526.114,1.0,469.739,520.501,1.0,458.931,524.163,1.0,1047.454,319.428,1.0,1041.033,314.677,1.0,1032.749,312.561,1.0,1030.247,304.738,1.0,1023.725,299.588,1.0
580,743.817,449.078,1.0,733.627,458.489,1.0,726.364,456.165,1.0,714.547,457.108,1.0,707.029,460.201,1.0,287.126,287.986,1.0,291.994,280.673,1.0,296.118,272.06,1.0,298.617,263.524,1.0,305.407,256.207,1.0,967.79,735.741,1.0,978.736,737.623,1.0,974.525,741.609,1.0,966.175,744.176,1.0,959.846,744.268,1.0,492.659,541.325,1.0,481.45,534.754,1.0,476.068,526.107,1.0,469.739,520.501,1.0,459.279,524.156,1.0,1047.454,319.428,1.0,1041.26,315.03,1.0,1033.403,312.6,1.0,1030.247,305.448,1.0,1024.172,299.945,1.0
581,743.817,457.134,1.0,737.93,457.545,1.0,726.685,453.595,1.0,714.547,457.108,1.0,707.192,461.256,1.0,289.66,,0.0,,,0.0,295.505,275.867,1.0,298.683,265.327,0.9990000128746033,,259.849,0.9829999804496765,956.448,734.866,1.0,967.984,738.711,1.0,972.891,741.041,1.0,966.145,744.176,1.0,959.7,745.401,1.0,492.838,541.261,1.0,481.546,534.754,1.0,476.203,526.107,1.0,469.865,521.274,1.0,459.997,524.156,1.0,1050.876,323.367,1.0,1044.932,319.754,1.0,1037.898,313.763,1.0,1029.89,308.66,1.0,1029.354,299.945,1.0
582,743.816,462.963,1.0,737.93,456.762,1.0,727.22,453.595,1.0,714.547,456.826,1.0,707.42,462.341,1.0,,,,,,,,276.28,,299.067,265.43,,,260.738,,955.88,734.866,1.0,967.984,739.108,1.0,971.749,741.041,1.0,966.145,742.6,1.0,959.524,745.401,1.0,492.851,541.261,1.0,481.708,534.2,1.0,479.515,526.292,1.0,470.271,522.549,1.0,460.579,524.156,1.0,1055.009,328.626,1.0,1048.006,321.883,1.0,1039.713,314.483,1.0,1029.89,311.716,1.0,1030.268,301.316,1.0
583,745.324,464.148,1.0,737.997,455.265,1.0,727.553,453.595,1.0,714.526,456.661,1.0,707.857,462.341,1.0,289.66,299.519,0.9980000257492065,291.494,290.512,1.0,295.753,281.255,1.0,299.224,269.399,1.0,305.297,265.01,0.9980000257492065,952.985,733.764,1.0,965.526,739.187,1.0,971.749,740.589,1.0,964.526,742.6,1.0,959.524,745.707,1.0,494.006,541.237,1.0,483.523,534.2,1.0,480.491,528.57,1.0,470.849,523.477,1.0,461.422,524.079,1.0,1056.023,328.718,1.0,1048.506,325.832,1.0,1042.436,317.075,1.0,1029.89,312.042,1.0,1031.162,302.049,1.0
584,745.324,464.15,1.0,740.555,455.084,1.0,730.008,457.506,1.0,714.526,456.661,1.0,707.857,462.346,1.0,287.285,292.336,1.0,289.639,290.232,1.0,295.142,281.185,1.0,298.683,269.399,1.0,303.135,265.01,1.0,952.843,733.702,1.0,965.197,739.187,1.0,971.749,740.019,1.0,964.526,742.6,1.0,960.028,746.315,1.0,494.407,541.237,1.0,486.203,534.937,1.0,480.651,530.959,1.0,471.403,523.513,1.0,463.267,523.763,1.0,1056.08,328.724,1.0,1048.675,325.832,1.0,1042.774,317.479,1.0,1030.478,314.0,1.0,1031.307,302.618,1.0
585,743.796,466.47,1.0,740.555,455.265,1.0,730.911,457.859,1.0,714.274,456.661,1.0,707.993,462.443,1.0,284.638,292.336,1.0,288.554,290.232,1.0,295.107,281.185,1.0,296.646,269.399,1.0,302.894,264.667,1.0,951.826,733.702,1.0,958.436,739.187,1.0,974.457,738.619,1.0,965.907,743.84,1.0,962.76,747.255,1.0,494.407,540.353,1.0,487.482,534.937,1.0,481.857,531.333,1.0,472.488,524.588,1.0,463.752,522.742,1.0,1057.564,335.773,1.0,1052.444,325.832,1.0,1044.135,318.753,1.0,1036.539,314.253,1.0,1032.168,306.673,1.0
586,744.024,466.286,1.0,740.769,456.718,1.0,731.072,458.072,1.0,714.526,456.661,1.0,707.993,462.467,1.0,282.889,298.865,1.0,287.778,290.322,1.0,295.107,281.255,1.0,296.153,269.634,1.0,302.545,264.667,1.0,951.53,733.579,1.0,957.922,738.99,1.0,974.457,737.947,1.0,966.644,743.965,1.0,964.583,748.046,1.0,494.407,540.115,1.0,488.034,534.937,1.0,482.089,531.866,1.0,472.862,524.588,1.0,465.37,522.71,1.0,1059.934,337.724,1.0,1056.349,323.726,1.0,1048.061,321.901,1.0,1036.714,315.974,1.0,1032.229,311.479,1.0
587,745.324,466.286,1.0,741.884,456.718,1.0,732.197,457.859,1.0,714.752,456.65,1.0,707.993,463.082,1.0,282.769,299.031,1.0,287.348,290.512,1.0,294.563,281.491,1.0,296.131,270.502,1.0,302.894,265.01,1.0,951.476,733.358,1.0,957.922,738.832,1.0,974.457,737.888,1.0,966.644,744.025,1.0,964.615,748.046,1.0,494.076,540.06,1.0,488.034,535.213,1.0,482.057,532.113,1.0,472.862,524.589,1.0,465.488,522.71,1.0,1060.037,337.724,1.0,1056.479,323.726,1.0,1048.061,322.199,1.0,1036.751,317.819,1.0,1032.556,312.771,1.0
588,747.679,466.47,1.0,741.986,457.025,1.0,732.553,457.859,1.0,720.894,453.831,1.0,708.471,463.082,1.0,282.769,299.031,1.0,286.996,291.31,1.0,294.201,281.672,1.0,295.874,270.812,1.0,302.894,265.66,1.0,951.44,732.475,1.0,957.468,738.003,1.0,974.073,737.265,1.0,966.644,744.025,1.0,965.137,748.357,1.0,494.076,540.06,1.0,488.167,535.248,1.0,482.057,532.179,1.0,473.02,524.746,1.0,465.838,522.742,1.0,1060.116,338.358,1.0,1056.691,323.726,1.0,1048.127,322.328,1.0,1040.498,318.825,1.0,1033.216,313.579,1.0
589,747.628,468.007,1.0,744.18,462.842,1.0,734.269,457.448,1.0,724.099,453.247,1.0,710.508,463.082,1.0,282.769,299.245,1.0,286.996,291.608,1.0,294.083,282.465,1.0,295.874,270.855,1.0,302.545,265.784,1.0,951.412,731.88,1.0,957.425,737.748,1.0,973.995,737.265,1.0,966.644,743.965,1.0,965.352,748.357,1.0,493.907,540.039,1.0,488.182,535.394,1.0,482.057,532.494,1.0,473.393,524.746,1.0,465.991,523.037,1.0,1062.71,338.374,1.0,1058.981,325.122,1.0,1048.984,324.617,1.0,1042.477,320.658,1.0,1036.22,314.115,1.0
590,747.628,468.007,1.0,744.349,462.842,1.0,734.269,457.289,1.0,724.099,452.932,1.0,711.324,460.776,1.0,283.531,302.224,1.0,287.778,294.576,1.0,294.045,284.77,1.0,292.761,271.776,1.0,300.15,266.928,1.0,946.433,731.88,1.0,957.197,737.375,1.0,969.857,737.265,1.0,965.667,742.694,1.0,965.621,748.206,1.0,493.746,540.06,1.0,488.234,535.409,1.0,482.057,532.657,1.0,473.553,525.007,1.0,467.083,523.263,1.0,1063.517,339.091,1.0,1058.981,331.95,1.0,1053.079,328.071,1.0,1048.336,325.279,1.0,1041.294,319.248,1.0
591,747.628,468.007,1.0,744.391,462.842,1.0,734.269,456.901,1.0,724.099,452.932,1.0,711.374,460.198,1.0,283.531,303.683,1.0,286.996,294.576,1.0,293.402,288.092,1.0,292.342,277.059,1.0,299.91,267.012,1.0,945.564,731.88,1.0,955.332,736.55,1.0,967.279,737.265,1.0,965.294,742.694,1.0,967.129,748.206,1.0,493.746,541.163,1.0,488.234,535.568,1.0,482.057,532.926,1.0,473.681,525.254,1.0,467.357,523.263,1.0,1063.606,339.091,1.0,1058.981,332.187,1.0,1053.773,328.071,1.0,1048.887,325.488,1.0,1041.294,319.248,1.0
592,747.32,466.806,1.0,744.391,457.394,1.0,734.12,457.289,1.0,723.839,453.178,1.0,711.374,460.186,1.0,283.531,303.688,1.0,286.99,294.819,1.0,293.339,289.089,1.0,292.335,280.096,1.0,299.715,268.267,1.0,942.03,735.965,1.0,954.015,736.041,1.0,965.166,737.411,1.0,965.294,741.815,1.0,967.477,748.206,1.0,494.408,546.676,1.0,489.821,536.76,1.0,483.041,533.62,1.0,475.134,526.884,1.0,468.512,523.263,1.0,1064.324,339.205,1.0,1059.122,332.317,1.0,1053.916,328.548,1.0,1048.887,325.99,1.0,1042.119,319.292,1.0
593,745.717,466.806,1.0,744.391,456.728,1.0,733.716,457.289,1.0,723.824,453.178,1.0,711.324,459.981,1.0,283.531,304.258,1.0,286.033,294.819,1.0,293.402,289.417,1.0,292.342,280.096,1.0,299.045,268.5,1.0,941.696,735.965,1.0,953.946,735.851,1.0,964.155,737.411,1.0,965.294,741.815,1.0,970.16,747.249,1.0,494.004,547.805,1.0,492.816,538.85,1.0,485.799,533.62,1.0,475.24,526.891,1.0,471.234,523.329,1.0,1066.988,339.282,1.0,1059.141,332.564,1.0,1054.128,328.704,1.0,1048.887,326.323,1.0,1042.119,319.54,1.0
594,745.322,466.212,1.0,742.793,453.791,1.0,731.54,457.623,1.0,721.64,453.178,1.0,710.726,459.906,1.0,283.342,303.688,1.0,285.435,294.819,1.0,293.402,289.417,1.0,292.342,280.331,1.0,298.936,269.054,1.0,941.662,735.965,1.0,953.662,735.064,1.0,963.023,737.26,1.0,965.433,744.431,1.0,970.667,747.05,1.0,494.004,549.737,1.0,493.488,539.559,1.0,486.689,535.662,1.0,475.336,528.356,1.0,472.404,523.471,1.0,1068.286,345.514,1.0,1060.953,338.458,1.0,1055.446,328.704,1.0,1045.772,327.551,1.0,1042.803,319.74,1.0
595,745.322,464.803,1.0,740.565,450.954,1.0,729.651,459.235,1.0,719.549,453.651,1.0,710.238,458.863,1.0,283.046,304.667,1.0,285.435,294.819,1.0,293.339,289.758,1.0,292.156,280.6,1.0,295.565,274.375,1.0,941.092,735.077,1.0,946.366,734.915,1.0,958.734,736.427,1.0,965.958,744.431,1.0,971.172,746.382,1.0,494.004,550.481,1.0,499.235,543.095,1.0,487.129,535.662,1.0,475.835,528.594,1.0,472.819,523.626,1.0,1068.299,345.514,1.0,1062.219,340.564,1.0,1055.896,329.478,1.0,1045.592,327.737,1.0,1044.292,320.09,1.0
596,745.322,464.803,1.0,740.565,449.992,1.0,729.256,459.235,1.0,719.068,453.651,1.0,710.126,458.807,1.0,281.388,304.935,1.0,285.435,295.459,1.0,288.9,290.759,1.0,292.019,281.709,1.0,295.512,274.418,1.0,938.972,733.134,1.0,946.366,734.726,1.0,956.8,736.427,1.0,966.84,742.277,1.0,971.173,744.382,1.0,494.004,550.49,1.0,499.249,543.1,1.0,487.267,533.211,1.0,475.9,529.089,1.0,472.885,523.626,1.0,1068.286,345.526,1.0,1062.219,340.645,1.0,1056.005,329.48,1.0,1045.486,328.174,1.0,1044.505,320.414,1.0
597,745.636,465.015,1.0,740.565,449.992,1.0,729.191,459.453,1.0,717.471,455.257,1.0,709.923,458.807,1.0,279.519,305.911,1.0,285.314,300.598,1.0,288.283,292.593,1.0,291.454,282.043,1.0,294.807,276.922,1.0,938.499,732.813,1.0,945.68,734.404,1.0,955.736,734.976,1.0,966.84,742.277,1.0,972.727,744.23,1.0,494.004,551.188,1.0,499.249,544.069,1.0,487.267,533.211,1.0,475.972,529.268,1.0,472.894,523.626,1.0,1068.286,345.526,1.0,1062.219,340.645,1.0,1056.05,329.48,1.0,1045.592,328.174,1.0,1044.683,320.429,1.0
598,745.985,464.803,1.0,740.951,449.992,1.0,729.191,459.453,1.0,717.471,455.319,1.0,709.923,458.807,1.0,279.519,307.958,1.0,285.314,300.632,1.0,287.676,292.87,1.0,291.454,283.013,1.0,294.584,278.425,1.0,938.499,732.699,1.0,944.734,734.404,1.0,954.417,734.744,1.0,965.958,741.152,1.0,972.727,744.23,1.0,494.245,551.188,1.0,499.249,544.069,1.0,487.309,533.97,1.0,476.336,529.28,1.0,472.894,523.884,1.0,1067.618,345.732,1.0,1062.005,341.578,1.0,1056.201,329.572,1.0,1045.772,328.484,1.0,1044.946,320.414,1.0
599,746.381,461.527,1.0,741.043,450.193,1.0,729.191,459.099,1.0,717.599,455.86,1.0,709.956,458.807,1.0,281.388,307.958,1.0,285.65,300.67,1.0,287.676,293.466,1.0,291.454,283.247,1.0,294.807,278.425,1.0,938.499,732.699,1.0,944.734,734.392,1.0,953.539,734.009,1.0,965.201,741.152,1.0,972.727,743.862,1.0,494.942,552.304,1.0,499.249,545.426,1.0,487.368,533.97,1.0,476.598,529.664,1.0,472.894,524.111,1.0,1066.235,346.352,1.0,1061.669,341.715,1.0,1056.563,329.789,1.0,1045.792,328.484,1.0,1044.993,320.414,1.0
600,746.381,461.527,1.0,741.331,450.204,1.0,729.106,458.892,1.0,717.955,455.86,1.0,709.956,458.807,1.0,281.511,308.051,1.0,285.65,300.632,1.0,287.503,293.839,1.0,291.437,283.49,1.0,294.584,278.736,1.0,938.499,732.207,1.0,943.496,734.195,1.0,952.346,733.883,1.0,963.746,741.152,1.0,971.082,743.862,1.0,497.125,555.007,1.0,498.391,546.589,1.0,487.727,534.674,1.0,478.118,534.779,1.0,472.894,524.111,1.0,1064.808,346.877,1.0,1061.579,342.21,1.0,1056.948,335.216,1.0,1045.986,328.293,1.0,1045.036,320.47,1.0
601,745.985,461.527,1.0,741.331,450.204,1.0,729.792,458.855,1.0,717.599,456.055,1.0,709.956,458.947,1.0,281.562,308.699,0.9940000176429749,286.138,300.598,0.9959999918937683,287.453,293.845,1.0,291.07,283.529,1.0,294.446,278.971,0.9990000128746033,933.486,732.207,1.0,941.832,733.55,1.0,950.376,733.883,1.0,955.947,742.442,1.0,969.282,740.244,1.0,499.943,557.662,1.0,498.335,548.447,1.0,489.155,540.888,1.0,482.907,537.414,1.0,472.894,525.362,1.0,1064.808,352.388,1.0,1061.31,343.802,1.0,1057.066,337.168,1.0,1051.792,328.293,1.0,1046.215,320.47,1.0
602,742.733,461.018,1.0,741.331,450.204,1.0,729.792,458.855,1.0,717.599,456.223,1.0,710.027,458.947,1.0,289.055,308.699,1.0,286.138,300.864,1.0,287.453,294.492,1.0,289.548,286.838,1.0,294.446,280.272,1.0,931.407,732.768,1.0,941.424,732.376,1.0,949.312,733.237,1.0,955.388,742.442,1.0,969.17,738.306,1.0,501.272,557.727,1.0,494.862,548.577,1.0,490.333,541.33,1.0,485.646,538.691,1.0,473.685,528.443,1.0,1064.808,353.16,1.0,1061.31,344.179,1.0,1057.248,338.013,1.0,1052.008,328.509,1.0,1046.505,321.455,1.0
603,737.118,460.316,1.0,737.611,450.878,1.0,729.443,458.892,1.0,716.52,456.234,1.0,709.956,459.689,1.0,293.186,309.642,1.0,286.138,301.055,1.0,288.048,294.513,1.0,289.54,287.432,1.0,293.762,280.577,1.0,931.192,732.768,1.0,941.079,732.376,1.0,949.096,733.237,1.0,955.33,742.442,1.0,967.634,737.531,1.0,503.062,558.578,1.0,494.862,549.558,1.0,491.688,541.498,1.0,486.063,539.009,1.0,474.043,528.521,1.0,1065.243,353.16,1.0,1061.462,345.157,1.0,1057.903,338.362,1.0,1053.517,329.593,1.0,1047.186,324.319,1.0
604,737.118,454.867,1.0,737.611,450.937,1.0,729.215,458.538,1.0,716.52,456.055,1.0,709.904,459.689,1.0,294.927,309.642,1.0,287.129,306.841,1.0,288.173,295.048,1.0,288.624,288.627,1.0,293.762,281.094,1.0,931.121,732.058,1.0,940.911,732.364,1.0,948.695,733.914,1.0,954.159,741.885,1.0,966.377,737.531,1.0,503.062,558.636,1.0,494.862,549.558,1.0,491.869,541.498,1.0,486.575,539.009,1.0,474.311,528.658,1.0,1065.452,354.337,1.0,1061.462,345.851,1.0,1058.037,340.178,1.0,1053.869,329.627,1.0,1048.909,325.13,1.0
605,736.585,451.384,1.0,737.611,459.495,1.0,729.215,459.721,1.0,715.534,456.055,1.0,709.904,459.253,1.0,294.927,309.564,1.0,287.129,306.916,1.0,288.173,295.692,1.0,287.592,288.963,1.0,293.762,281.489,1.0,930.255,731.269,1.0,940.757,732.364,1.0,948.668,735.111,1.0,951.353,740.444,1.0,964.39,737.531,1.0,503.189,558.804,1.0,495.609,549.558,1.0,491.938,541.337,1.0,486.577,539.009,1.0,474.394,528.828,1.0,1066.117,354.548,1.0,1061.895,346.474,1.0,1058.039,340.379,1.0,1053.963,330.404,1.0,1049.425,325.725,1.0
606,734.315,449.973,1.0,737.435,459.495,1.0,728.787,460.012,1.0,715.534,455.052,1.0,709.767,459.433,1.0,295.88,313.358,1.0,285.97,307.143,1.0,288.173,296.559,1.0,286.856,290.911,1.0,293.323,282.818,1.0,923.336,725.958,1.0,931.264,727.271,1.0,941.231,735.63,1.0,951.353,737.671,1.0,960.176,738.027,1.0,503.194,558.804,1.0,495.691,549.655,1.0,491.938,541.337,1.0,486.577,538.857,1.0,474.396,528.828,1.0,1066.117,355.093,1.0,1062.172,347.21,1.0,1058.039,340.767,1.0,1054.168,330.426,1.0,1049.475,326.165,1.0
607,735.334,449.463,1.0,737.435,459.495,1.0,728.787,459.838,1.0,715.539,454.393,1.0,709.371,459.433,1.0,295.88,313.358,1.0,286.982,309.836,1.0,288.091,298.848,1.0,285.757,291.558,1.0,291.668,283.42,1.0,923.336,725.796,1.0,931.044,727.18,1.0,940.016,735.63,1.0,951.082,737.402,1.0,959.229,738.027,1.0,503.194,558.804,1.0,496.292,549.68,1.0,491.869,541.498,1.0,486.575,538.857,1.0,475.03,529.511,1.0,1066.712,356.588,1.0,1062.848,350.99,1.0,1058.289,342.372,1.0,1054.671,333.62,1.0,1051.719,327.075,1.0
608,736.329,446.478,1.0,737.436,457.467,1.0,728.787,459.721,1.0,716.73,454.086,1.0,709.163,459.433,1.0,296.804,313.358,1.0,287.1,310.684,1.0,287.946,298.993,1.0,285.538,291.558,1.0,290.365,283.42,1.0,923.336,725.78,1.0,930.552,727.115,1.0,939.285,735.111,1.0,948.385,734.385,1.0,958.469,738.329,1.0,503.707,558.352,1.0,496.457,549.408,1.0,491.938,542.026,1.0,486.477,536.848,1.0,475.909,529.765,1.0,1068.661,365.17,1.0,1065.446,354.172,1.0,1060.944,343.144,1.0,1054.943,336.375,1.0,1052.168,327.73,1.0
609,735.496,446.306,1.0,737.435,454.941,1.0,731.766,459.721,1.0,724.389,451.787,1.0,709.163,459.433,1.0,296.846,313.844,1.0,287.1,310.684,1.0,287.946,299.003,1.0,285.408,292.218,1.0,290.268,283.844,1.0,923.427,724.895,1.0,930.204,727.18,1.0,938.87,734.823,1.0,948.385,734.385,1.0,957.448,738.027,1.0,505.882,555.902,1.0,496.479,550.377,1.0,492.032,542.062,1.0,486.477,536.557,1.0,477.402,530.326,1.0,1070.115,365.17,1.0,1065.446,356.717,1.0,1061.541,343.174,1.0,1054.943,337.861,1.0,1053.259,328.298,1.0
610,735.496,443.887,1.0,736.966,452.656,1.0,732.389,458.174,1.0,725.624,451.6,1.0,709.163,459.502,1.0,297.626,315.03,1.0,287.1,310.684,1.0,287.946,299.109,1.0,285.538,292.218,1.0,289.544,283.945,1.0,923.427,721.827,1.0,930.204,727.115,1.0,937.454,734.619,1.0,948.385,733.933,1.0,956.584,737.619,1.0,510.061,553.178,1.0,500.733,551.93,1.0,497.089,545.099,1.0,486.477,536.557,1.0,477.402,532.072,1.0,1070.115,365.496,1.0,1065.482,356.773,1.0,1061.768,343.236,1.0,1055.512,338.499,1.0,1053.718,329.174,1.0
611,735.496,441.705,1.0,736.104,452.066,1.0,732.389,457.879,1.0,725.672,451.6,1.0,709.274,459.502,1.0,297.742,316.114,1.0,289.98,310.684,1.0,287.866,300.137,1.0,285.538,292.218,1.0,289.526,285.114,1.0,923.427,721.46,1.0,930.204,726.516,1.0,935.698,733.633,1.0,945.532,733.49,1.0,956.474,737.619,1.0,510.365,553.178,1.0,500.986,551.93,1.0,497.125,545.138,1.0,486.56,536.848,1.0,477.448,532.168,1.0,1070.115,365.17,1.0,1065.482,357.158,1.0,1062.061,343.364,1.0,1055.851,339.047,1.0,1053.731,329.628,1.0
612,735.496,441.045,1.0,735.614,450.426,1.0,732.389,456.522,1.0,726.662,451.6,1.0,709.59,459.433,1.0,297.79,319.965,1.0,293.788,310.684,1.0,287.369,304.138,1.0,285.538,295.552,1.0,289.348,285.673,1.0,920.538,721.39,1.0,931.467,724.438,1.0,933.093,733.633,1.0,939.123,730.966,1.0,954.317,737.619,1.0,510.507,553.178,1.0,502.579,547.54,1.0,497.588,545.648,1.0,486.57,537.73,1.0,477.448,535.296,1.0,1069.564,364.512,1.0,1066.286,357.92,1.0,1062.388,346.126,1.0,1058.096,341.492,1.0,1053.718,332.284,1.0
613,735.496,439.694,1.0,734.038,444.181,1.0,732.334,454.926,1.0,727.071,451.6,1.0,709.791,459.311,1.0,297.956,321.489,1.0,294.276,312.226,1.0,287.866,307.56,1.0,285.958,298.418,1.0,284.748,289.361,1.0,920.497,721.39,1.0,931.467,724.33,1.0,932.844,733.052,1.0,938.957,730.71,1.0,954.119,737.517,1.0,513.761,557.464,1.0,504.244,547.998,1.0,497.647,546.844,1.0,487.717,538.079,1.0,477.199,535.663,1.0,1069.564,364.512,1.0,1068.26,358.643,1.0,1065.146,351.685,1.0,1059.666,344.358,1.0,1053.718,335.084,1.0
614,737.97,438.965,1.0,733.594,443.577,1.0,726.657,454.539,1.0,727.071,451.537,1.0,710.188,458.826,1.0,297.956,321.729,1.0,295.264,312.299,1.0,287.866,308.055,1.0,286.225,298.884,1.0,284.631,289.768,1.0,919.829,721.263,1.0,931.467,724.215,1.0,932.825,732.861,1.0,938.513,730.385,1.0,953.293,737.512,1.0,513.942,557.464,1.0,504.244,547.541,1.0,498.031,547.113,1.0,487.717,538.342,1.0,477.199,535.853,1.0,1069.024,364.942,1.0,1068.304,358.732,1.0,1065.423,351.685,1.0,1059.99,344.708,1.0,1053.187,335.084,1.0
615,738.179,432.385,1.0,733.271,441.108,1.0,726.486,451.758,1.0,727.071,451.517,1.0,710.945,458.72,1.0,298.296,321.786,1.0,295.516,313.217,1.0,288.737,308.274,1.0,286.225,299.475,1.0,284.631,290.003,1.0,919.829,720.971,1.0,931.114,724.215,1.0,932.368,732.861,1.0,937.768,729.7,1.0,952.355,737.512,1.0,514.035,557.464,1.0,504.244,547.54,1.0,498.327,547.113,1.0,487.985,538.407,1.0,477.448,535.853,1.0,1068.563,364.942,1.0,1068.304,358.931,1.0,1065.468,351.981,1.0,1060.014,344.981,1.0,1053.187,335.337,1.0
616,738.207,431.971,1.0,733.054,440.316,1.0,725.108,450.876,1.0,726.886,451.178,1.0,710.963,458.718,1.0,298.296,322.115,1.0,296.621,314.245,1.0,288.805,309.757,1.0,286.228,302.989,1.0,284.631,292.408,1.0,919.043,718.506,1.0,929.234,721.847,1.0,930.508,730.897,1.0,934.446,727.796,1.0,947.638,737.129,1.0,514.035,557.464,1.0,504.244,547.541,1.0,498.416,547.159,1.0,488.271,538.407,1.0,477.869,536.012,1.0,1068.563,365.113,1.0,1068.304,359.353,1.0,1066.034,351.981,1.0,1060.014,344.981,1.0,1053.187,335.795,1.0
617,738.503,431.97,1.0,733.271,440.316,1.0,725.108,450.303,1.0,726.886,451.119,1.0,711.104,457.715,1.0,305.435,328.884,1.0,300.378,321.711,1.0,293.995,311.302,1.0,287.436,306.053,1.0,286.41,297.774,1.0,917.966,717.497,1.0,928.02,719.817,1.0,929.924,727.222,1.0,933.361,727.752,1.0,945.113,737.065,1.0,514.035,557.334,1.0,504.244,547.998,1.0,498.464,547.495,1.0,488.465,538.507,1.0,478.481,536.128,1.0,1068.563,365.503,1.0,1068.231,359.631,1.0,1065.468,351.981,1.0,1059.99,344.981,1.0,1053.824,336.635,1.0
618,738.536,431.971,1.0,733.271,439.864,1.0,725.108,450.303,1.0,726.886,451.119,1.0,711.238,457.715,1.0,305.435,329.101,1.0,300.486,323.153,1.0,294.221,312.273,1.0,287.929,308.627,1.0,287.26,297.931,1.0,915.213,711.121,1.0,921.829,718.158,1.0,929.538,726.472,1.0,933.008,727.65,1.0,944.901,737.129,1.0,514.219,557.334,1.0,506.314,549.091,1.0,498.996,548.463,1.0,490.254,540.261,1.0,482.443,535.988,1.0,1068.369,365.113,1.0,1068.221,359.353,1.0,1066.034,352.064,1.0,1060.014,344.981,1.0,1054.991,336.635,1.0
619,739.733,432.385,1.0,738.13,439.864,1.0,725.302,450.303,1.0,726.886,451.119,1.0,713.03,457.715,1.0,305.435,329.835,1.0,300.66,323.265,1.0,294.348,312.58,1.0,288.211,308.891,1.0,288.381,299.087,1.0,915.213,711.121,1.0,921.204,715.71,1.0,929.489,726.345,1.0,933.008,727.155,1.0,943.712,737.065,1.0,518.442,558.75,1.0,509.447,549.815,1.0,499.208,549.612,1.0,490.377,542.686,1.0,484.14,536.439,1.0,1064.929,365.113,1.0,1066.182,359.353,1.0,1066.034,352.064,1.0,1058.558,344.434,1.0,1055.164,336.635,1.0
620,739.744,431.311,1.0,738.13,440.069,1.0,730.077,450.703,1.0,726.886,458.4,1.0,716.42,461.113,1.0,305.823,330.489,1.0,300.92,323.884,1.0,294.733,313.692,1.0,288.46,309.985,1.0,289.2,299.694,1.0,915.098,710.787,1.0,921.076,715.504,1.0,929.489,726.075,1.0,933.008,727.155,1.0,943.28,736.387,1.0,519.01,559.164,1.0,509.961,550.676,1.0,500.565,549.986,1.0,490.654,543.411,1.0,487.557,536.478,1.0,1064.882,363.84,1.0,1066.182,359.263,1.0,1064.866,352.064,1.0,1058.558,344.434,1.0,1055.695,335.383,1.0
621,740.252,431.488,1.0,739.666,440.069,1.0,730.145,450.703,1.0,727.058,458.4,1.0,719.081,462.406,1.0,305.823,334.655,1.0,303.462,326.423,1.0,297.138,318.944,1.0,290.566,312.5,1.0,289.516,301.43,1.0,915.098,710.787,1.0,920.57,715.043,1.0,929.158,726.075,1.0,932.636,727.553,1.0,943.13,735.6,1.0,519.064,559.164,1.0,510.061,551.401,1.0,500.64,550.096,1.0,490.424,543.727,1.0,487.703,536.858,1.0,1064.882,361.411,1.0,1066.182,356.189,1.0,1064.866,352.064,1.0,1059.52,345.058,1.0,1056.245,335.008,1.0
622,740.252,431.53,1.0,740.348,439.754,1.0,731.364,450.703,1.0,727.058,458.4,1.0,719.081,462.406,1.0,306.925,335.147,1.0,305.828,326.92,1.0,297.663,321.171,1.0,291.148,312.904,1.0,289.606,303.053,1.0,913.663,710.787,1.0,919.049,713.816,1.0,927.386,724.877,1.0,932.636,727.553,1.0,942.189,735.6,1.0,519.643,559.73,1.0,510.136,551.476,1.0,500.812,550.304,1.0,490.424,543.965,1.0,487.712,536.858,1.0,1064.929,355.246,1.0,1068.64,356.189,1.0,1065.0,352.129,1.0,1060.845,345.763,1.0,1056.245,334.746,1.0
623,740.252,431.488,1.0,740.348,439.264,1.0,731.364,449.601,1.0,727.058,457.251,1.0,719.081,462.406,1.0,307.225,335.636,1.0,305.888,326.92,1.0,297.663,321.85,1.0,291.493,313.426,1.0,289.612,304.704,1.0,908.235,708.509,1.0,914.404,713.693,1.0,923.354,723.862,1.0,930.614,727.844,1.0,941.428,731.558,1.0,521.105,560.241,1.0,512.382,551.495,1.0,500.96,550.347,1.0,490.6,544.639,1.0,487.723,536.912,1.0,1067.358,353.273,1.0,1074.704,356.164,1.0,1065.0,351.948,1.0,1062.692,347.731,1.0,1055.695,334.444,1.0
624,740.241,431.311,1.0,740.001,438.728,1.0,731.526,449.34,1.0,727.058,456.988,1.0,719.274,462.33,1.0,307.604,335.789,1.0,305.888,326.939,1.0,297.663,322.059,1.0,291.605,314.556,1.0,289.612,306.844,1.0,906.852,708.27,1.0,913.923,713.693,1.0,923.35,723.348,1.0,930.365,727.861,1.0,941.428,731.246,1.0,521.385,560.538,1.0,512.741,551.797,1.0,501.014,550.376,1.0,490.823,544.925,1.0,488.015,537.037,1.0,1067.539,352.981,1.0,1074.704,355.707,1.0,1065.0,352.129,1.0,1062.692,347.731,1.0,1055.565,334.659,1.0
625,737.78,429.183,1.0,740.001,438.08,1.0,731.787,449.088,1.0,727.058,456.673,1.0,719.454,462.07,1.0,308.446,335.898,1.0,305.947,327.16,1.0,297.695,324.193,1.0,292.917,316.229,1.0,289.612,310.672,1.0,906.371,707.999,1.0,913.328,713.559,1.0,923.269,722.95,1.0,930.04,728.47,1.0,940.667,731.225,1.0,521.385,560.654,1.0,512.783,552.521,1.0,501.091,550.403,1.0,491.0,544.978,1.0,488.015,537.084,1.0,1067.539,352.981,1.0,1074.704,355.707,1.0,1065.0,352.142,1.0,1063.178,347.756,1.0,1054.671,334.376,1.0
626,734.402,425.688,1.0,739.225,434.242,1.0,733.769,444.814,1.0,725.751,454.82,1.0,719.454,461.177,1.0,309.483,348.049,1.0,305.947,335.922,1.0,301.225,329.173,1.0,292.917,318.583,1.0,292.074,315.227,1.0,906.349,707.999,1.0,912.686,713.559,1.0,922.395,723.348,1.0,929.493,729.116,1.0,940.566,731.225,1.0,521.496,560.659,1.0,514.048,553.35,1.0,502.73,551.076,1.0,492.658,545.855,1.0,488.134,538.012,1.0,1067.781,352.981,1.0,1074.127,355.707,1.0,1064.572,352.142,1.0,1063.308,347.829,1.0,1054.671,333.908,1.0
627,734.369,424.737,1.0,738.866,431.185,1.0,733.815,443.503,1.0,725.739,453.56,1.0,719.463,457.314,1.0,309.483,348.136,1.0,305.947,336.103,1.0,301.672,329.277,1.0,293.266,318.619,1.0,292.75,315.227,1.0,906.266,707.297,1.0,912.562,713.559,1.0,919.017,723.862,1.0,926.747,730.373,1.0,939.94,730.679,1.0,522.433,562.551,1.0,514.084,554.231,1.0,504.835,554.728,1.0,494.435,550.754,1.0,488.146,539.234,1.0,1067.781,353.273,1.0,1074.127,355.707,1.0,1064.572,352.185,1.0,1063.308,347.912,1.0,1054.671,333.908,1.0
628,734.369,421.669,1.0,734.216,425.577,1.0,734.766,441.567,1.0,725.52,452.207,1.0,721.108,457.314,1.0,309.739,349.191,1.0,306.528,336.28,1.0,302.009,329.513,1.0,293.266,319.021,1.0,292.826,315.655,1.0,902.963,704.739,1.0,912.476,713.559,1.0,917.975,724.113,1.0,922.623,730.871,1.0,933.641,730.355,1.0,522.473,563.383,1.0,515.835,558.679,1.0,507.034,554.835,1.0,499.731,554.015,1.0,489.036,541.403,1.0,1067.708,353.367,1.0,1074.127,355.707,1.0,1064.572,352.185,1.0,1062.917,347.829,1.0,1055.074,334.376,1.0
629,734.402,421.669,1.0,734.216,425.567,1.0,735.161,441.288,1.0,725.52,451.849,1.0,721.198,456.865,1.0,309.739,349.347,1.0,306.744,337.54,1.0,302.37,329.617,1.0,293.872,319.786,1.0,294.279,315.794,1.0,902.371,704.294,1.0,912.118,713.559,1.0,917.748,724.344,1.0,921.968,730.871,1.0,933.641,729.662,1.0,523.711,563.659,1.0,516.602,559.56,1.0,508.568,554.928,1.0,501.849,554.744,1.0,490.416,543.439,1.0,1067.415,353.367,1.0,1073.472,355.971,1.0,1064.572,352.142,1.0,1062.917,347.829,1.0,1055.074,333.832,1.0
630,734.467,421.669,1.0,734.216,425.567,1.0,735.161,441.288,1.0,725.52,451.79,1.0,721.198,456.865,1.0,309.739,351.467,1.0,308.291,340.312,1.0,303.229,334.637,1.0,296.322,324.425,1.0,295.35,316.271,1.0,900.224,702.34,1.0,911.147,713.704,1.0,915.733,724.344,1.0,920.877,730.373,1.0,933.177,729.27,1.0,523.711,563.659,1.0,517.948,559.881,1.0,509.156,554.835,1.0,502.333,555.087,1.0,490.75,544.08,1.0,1067.191,353.391,1.0,1073.472,355.971,1.0,1064.572,349.978,1.0,1062.08,347.481,1.0,1055.074,333.786,1.0
631,734.602,422.337,1.0,734.644,425.567,1.0,735.161,440.965,1.0,725.52,451.79,1.0,721.38,456.865,1.0,316.486,351.468,1.0,310.76,340.855,1.0,303.39,335.0,1.0,297.488,325.908,1.0,295.547,317.292,1.0,900.183,701.911,1.0,909.69,713.704,1.0,914.022,724.113,1.0,920.877,729.811,1.0,933.177,728.744,1.0,523.801,563.659,1.0,517.948,559.999,1.0,509.156,554.816,1.0,502.511,555.087,1.0,490.884,544.279,1.0,1066.619,353.391,1.0,1071.164,355.971,1.0,1063.716,347.376,1.0,1060.897,347.219,1.0,1054.653,333.786,1.0
632,737.69,427.341,1.0,734.975,428.503,1.0,734.751,440.965,1.0,725.52,451.79,1.0,721.444,456.564,1.0,316.486,351.637,1.0,310.76,340.957,1.0,303.922,335.483,1.0,297.575,326.177,1.0,296.449,317.935,1.0,899.601,701.911,1.0,908.868,713.704,1.0,913.926,723.23,1.0,920.722,728.845,1.0,930.019,727.82,1.0,523.863,563.368,1.0,517.948,559.999,1.0,509.156,554.816,1.0,502.571,555.087,1.0,491.111,544.37,1.0,1066.089,353.181,1.0,1064.489,351.952,1.0,1059.435,346.997,1.0,1054.397,337.429,1.0,1054.12,331.204,1.0
633,747.574,428.283,1.0,740.855,428.66,1.0,734.144,440.885,1.0,725.988,452.347,1.0,721.444,456.325,1.0,316.738,352.054,1.0,310.862,341.287,1.0,304.867,335.51,1.0,297.943,327.733,1.0,297.306,318.668,1.0,898.352,701.911,1.0,901.13,709.492,1.0,910.468,716.338,1.0,919.984,721.202,1.0,927.896,727.82,1.0,523.913,563.18,1.0,517.948,559.999,1.0,509.156,554.737,1.0,502.722,555.047,1.0,491.35,544.512,1.0,1061.808,351.989,1.0,1064.041,348.421,1.0,1059.435,345.174,1.0,1054.397,336.284,1.0,1053.97,329.092,1.0
634,749.01,429.028,1.0,740.855,429.663,1.0,733.584,440.885,1.0,725.988,452.347,1.0,721.635,456.325,1.0,316.783,352.705,1.0,310.915,344.58,1.0,306.385,337.497,1.0,302.035,328.055,1.0,298.757,320.761,1.0,895.633,703.404,1.0,900.107,708.468,1.0,909.99,715.487,1.0,918.957,721.159,1.0,927.896,727.82,1.0,524.528,561.783,1.0,517.948,559.999,1.0,509.156,554.723,1.0,502.873,554.798,1.0,491.89,544.512,1.0,1061.168,351.855,1.0,1063.742,348.333,1.0,1059.435,345.096,1.0,1054.397,336.284,1.0,1053.97,329.092,1.0
635,749.436,429.028,1.0,741.389,429.663,1.0,733.403,439.34,1.0,726.2,452.347,1.0,721.688,456.325,1.0,317.647,353.942,1.0,313.468,347.906,1.0,306.885,340.776,1.0,302.125,331.678,1.0,300.39,325.16,1.0,895.442,703.566,1.0,899.652,707.469,1.0,909.747,715.252,1.0,918.166,719.857,1.0,926.838,726.774,1.0,527.327,558.101,1.0,521.014,559.999,1.0,510.787,554.622,1.0,504.119,554.386,1.0,492.416,544.512,1.0,1055.597,350.255,1.0,1060.437,348.236,1.0,1059.75,345.096,1.0,1055.251,336.284,1.0,1053.97,329.092,1.0
636,750.166,429.028,1.0,741.411,430.567,1.0,733.403,438.725,1.0,726.2,452.129,1.0,721.961,456.047,1.0,318.133,357.653,1.0,314.241,349.573,1.0,307.607,342.139,1.0,302.681,337.077,1.0,300.469,326.51,1.0,894.879,703.566,1.0,899.141,707.452,1.0,909.237,714.84,1.0,918.102,719.389,1.0,926.838,726.203,1.0,531.878,558.101,1.0,521.457,559.975,1.0,511.074,554.62,1.0,504.502,554.386,1.0,492.416,544.512,1.0,1055.517,350.116,1.0,1059.291,348.05,1.0,1061.026,345.174,1.0,1056.109,336.463,1.0,1053.97,330.81,1.0
637,752.029,427.365,1.0,743.507,430.567,1.0,733.403,436.221,1.0,726.2,442.454,1.0,724.913,456.022,1.0,318.323,357.833,1.0,314.44,349.609,1.0,307.88,342.66,1.0,303.084,337.309,1.0,300.499,327.577,1.0,894.86,703.404,1.0,898.811,707.074,1.0,909.098,713.545,1.0,916.254,717.309,1.0,926.838,726.203,1.0,532.422,558.101,1.0,522.064,559.991,1.0,511.419,554.6,1.0,504.502,554.28,1.0,492.416,544.465,1.0,1055.386,348.62,1.0,1057.764,347.454,1.0,1061.427,345.174,1.0,1056.273,336.806,1.0,1053.97,330.848,1.0
638,754.04,425.497,1.0,743.918,430.567,1.0,735.436,433.668,1.0,726.813,441.843,1.0,724.913,454.334,1.0,318.504,359.0,1.0,317.403,351.064,1.0,309.251,343.568,1.0,304.535,337.672,1.0,301.369,327.778,1.0,893.561,700.575,1.0,896.828,704.004,1.0,907.916,711.132,1.0,914.507,716.398,1.0,924.26,722.04,1.0,532.422,559.549,1.0,522.064,559.531,1.0,511.419,554.62,1.0,504.502,554.28,1.0,492.192,544.359,1.0,1052.943,347.53,1.0,1057.764,346.794,1.0,1061.427,344.311,1.0,1056.445,337.14,1.0,1053.318,331.083,1.0
639,754.278,425.497,1.0,744.742,430.418,1.0,736.331,433.668,1.0,727.629,440.965,1.0,724.913,453.944,1.0,319.94,364.326,1.0,317.405,356.23,1.0,312.447,348.782,1.0,308.364,343.19,1.0,303.245,329.89,1.0,889.264,694.33,1.0,896.766,702.11,1.0,900.488,711.132,1.0,906.638,709.62,1.0,921.057,721.987,1.0,532.422,559.701,1.0,521.457,559.134,1.0,511.419,554.622,1.0,504.403,554.419,1.0,492.172,544.324,1.0,1050.784,340.453,1.0,1057.35,344.782,1.0,1061.427,344.697,1.0,1056.551,337.338,1.0,1053.318,330.848,1.0
640,755.066,425.497,1.0,746.898,430.418,1.0,736.754,433.668,1.0,727.732,440.858,1.0,724.913,453.866,1.0,319.94,367.2,1.0,320.807,357.496,1.0,312.88,349.488,1.0,308.547,344.003,1.0,303.476,332.208,1.0,889.103,694.188,1.0,896.691,701.806,1.0,900.404,710.524,1.0,905.931,709.496,1.0,920.603,721.655,1.0,524.769,559.816,1.0,517.29,559.134,1.0,509.039,554.84,1.0,502.914,554.419,1.0,491.776,544.224,1.0,1049.917,338.171,1.0,1055.651,339.68,1.0,1060.53,343.958,1.0,1056.77,338.357,1.0,1052.603,331.19,1.0
641,757.131,432.797,1.0,750.556,427.672,1.0,738.774,433.142,1.0,728.662,440.858,1.0,724.913,453.278,1.0,319.944,367.2,1.0,320.807,357.496,1.0,313.657,349.99,1.0,309.157,344.055,1.0,303.644,332.697,1.0,889.103,694.056,1.0,896.691,701.668,1.0,900.304,710.524,1.0,905.421,708.746,1.0,920.279,721.609,1.0,520.654,561.034,1.0,514.623,559.134,1.0,509.039,554.84,1.0,502.61,554.28,1.0,491.187,543.711,1.0,1044.923,336.3,1.0,1055.199,338.739,1.0,1059.032,341.109,1.0,1056.77,340.758,1.0,1052.429,335.829,1.0
642,758.726,433.063,1.0,752.775,426.93,1.0,739.713,433.06,1.0,730.533,440.858,1.0,729.339,452.683,1.0,319.944,367.384,1.0,320.536,358.987,1.0,313.675,350.006,1.0,309.314,344.324,1.0,304.101,332.726,1.0,889.103,693.706,1.0,895.261,701.668,1.0,900.085,710.524,1.0,905.391,708.596,1.0,919.371,721.388,1.0,517.529,562.127,1.0,513.964,559.134,1.0,509.039,555.037,1.0,502.61,554.115,1.0,491.053,543.666,1.0,1044.384,336.158,1.0,1055.651,337.506,1.0,1058.611,341.095,1.0,1056.551,341.0,1.0,1044.139,336.966,1.0
643,764.628,433.193,1.0,757.399,426.677,1.0,740.459,428.408,1.0,734.417,441.685,1.0,729.339,449.91,1.0,322.021,367.405,1.0,320.536,359.035,1.0,316.594,353.523,1.0,310.644,344.464,1.0,304.994,337.437,1.0,889.103,693.108,1.0,893.82,700.138,1.0,899.835,709.802,1.0,903.234,707.52,1.0,914.031,720.316,1.0,506.769,563.335,1.0,512.858,559.134,1.0,509.36,555.187,1.0,502.61,553.33,1.0,491.053,543.592,1.0,1044.384,335.348,1.0,1055.651,337.485,1.0,1054.386,340.998,1.0,1055.237,342.4,1.0,1042.725,337.391,1.0
644,766.067,433.193,1.0,758.154,426.495,1.0,741.214,428.408,1.0,735.422,441.685,1.0,729.973,443.614,1.0,324.305,370.536,1.0,322.366,361.281,1.0,317.552,357.152,1.0,311.052,348.176,1.0,307.922,343.259,1.0,886.755,693.108,1.0,893.82,700.138,1.0,899.041,709.802,1.0,901.901,707.52,1.0,911.786,719.952,1.0,504.429,566.472,1.0,510.935,562.338,1.0,509.615,557.055,1.0,503.136,552.822,1.0,491.053,543.102,1.0,1043.931,335.348,1.0,1055.199,337.485,1.0,1054.227,340.998,1.0,1055.237,342.4,1.0,1042.725,337.391,1.0
645,766.639,433.193,1.0,758.175,425.267,1.0,742.116,428.408,1.0,735.805,441.685,1.0,730.34,443.614,1.0,326.954,373.878,1.0,321.465,365.506,1.0,317.838,357.933,1.0,311.31,348.635,1.0,308.854,343.621,1.0,886.285,690.405,1.0,893.82,699.455,1.0,897.494,707.877,1.0,901.665,707.52,1.0,911.401,720.316,1.0,504.429,574.196,1.0,510.935,562.542,1.0,510.062,557.055,1.0,503.136,552.377,1.0,491.042,542.517,1.0,1042.558,336.158,1.0,1055.199,338.739,1.0,1052.621,340.998,1.0,1055.237,342.4,1.0,1042.725,336.966,1.0
646,767.259,431.877,1.0,759.258,424.194,1.0,743.101,428.569,1.0,735.805,440.461,1.0,730.921,443.614,1.0,327.375,374.14,1.0,322.598,365.992,1.0,317.906,358.63,1.0,312.12,349.065,1.0,310.091,343.688,1.0,886.285,690.405,1.0,893.493,699.455,1.0,897.494,707.877,1.0,901.391,707.907,1.0,911.01,720.035,1.0,506.241,575.707,1.0,512.358,564.545,1.0,509.88,557.055,1.0,503.136,551.798,1.0,490.856,541.752,1.0,1033.236,342.083,1.0,1038.743,345.579,1.0,1048.541,341.95,1.0,1055.346,340.137,1.0,1057.782,329.509,1.0
647,767.957,431.833,1.0,759.547,424.154,1.0,745.317,428.649,1.0,738.024,438.75,1.0,732.256,443.443,1.0,327.442,374.263,1.0,323.34,366.358,1.0,317.906,360.278,1.0,312.121,350.935,1.0,311.247,344.463,1.0,886.755,690.405,1.0,893.493,699.455,1.0,897.494,709.907,1.0,901.391,707.907,1.0,910.819,719.952,1.0,506.241,576.3,1.0,510.935,564.848,1.0,509.88,556.739,1.0,503.045,551.798,1.0,490.594,541.752,1.0,1033.008,342.107,1.0,1038.743,345.579,1.0,1048.541,342.076,1.0,1055.346,340.137,1.0,1058.09,329.509,1.0
648,769.301,430.475,1.0,759.828,424.138,1.0,751.515,431.297,1.0,744.254,435.377,1.0,734.81,443.443,1.0,330.387,375.69,1.0,324.007,371.346,1.0,319.74,360.851,1.0,313.521,352.744,1.0,312.768,345.453,1.0,890.093,690.405,1.0,893.493,699.455,1.0,897.494,709.907,1.0,901.391,707.907,1.0,910.527,719.952,1.0,511.391,576.3,1.0,510.935,565.022,1.0,509.898,556.739,1.0,502.482,551.798,1.0,489.804,541.752,1.0,1032.323,342.625,1.0,1038.743,345.579,1.0,1048.412,342.516,1.0,1055.346,340.137,1.0,1058.167,329.509,1.0
649,773.126,430.188,1.0,762.394,423.559,1.0,752.243,431.297,1.0,745.962,435.302,1.0,735.17,442.932,1.0,332.711,376.41,1.0,325.668,372.797,1.0,320.413,364.353,1.0,314.755,354.842,1.0,312.828,347.622,1.0,890.093,688.764,1.0,893.312,698.988,1.0,897.025,708.728,1.0,901.334,707.377,1.0,910.527,719.901,1.0,511.808,576.3,1.0,510.504,565.022,1.0,509.898,556.573,1.0,502.349,552.397,1.0,489.794,542.271,1.0,1030.437,350.228,1.0,1039.607,345.379,1.0,1048.412,342.784,1.0,1051.395,344.774,1.0,1058.226,332.513,1.0
650,773.147,430.188,1.0,762.894,423.41,1.0,752.996,431.297,1.0,745.962,434.432,1.0,735.748,440.242,1.0,334.134,376.903,1.0,326.758,373.68,1.0,320.687,364.508,1.0,314.755,355.02,1.0,312.983,347.881,1.0,890.093,688.764,1.0,893.312,698.988,1.0,897.025,710.224,1.0,901.334,707.377,1.0,910.527,719.901,1.0,512.584,575.964,1.0,509.838,565.022,1.0,509.88,556.739,1.0,502.258,552.559,1.0,489.751,542.371,1.0,1029.553,350.228,1.0,1039.607,343.941,1.0,1047.475,343.696,1.0,1050.953,345.475,1.0,1058.167,334.184,1.0
651,774.461,430.191,1.0,763.715,423.244,1.0,753.513,431.297,1.0,745.962,434.414,1.0,735.748,440.09,1.0,334.134,376.903,1.0,327.026,373.98,1.0,321.472,365.833,1.0,314.755,355.752,1.0,313.268,348.336,1.0,889.619,688.764,1.0,893.312,698.988,1.0,897.025,709.938,1.0,901.566,707.377,1.0,910.762,719.747,1.0,518.743,573.032,1.0,508.954,562.223,1.0,507.776,556.739,1.0,501.146,552.725,1.0,488.856,542.371,1.0,1027.062,350.228,1.0,1039.607,343.884,1.0,1047.475,346.098,1.0,1050.276,346.242,1.0,1058.167,336.445,1.0
652,774.772,430.188,1.0,764.905,422.687,1.0,755.64,431.702,1.0,745.962,434.17,1.0,736.246,439.975,1.0,333.418,377.073,1.0,328.069,374.552,1.0,322.636,366.493,1.0,314.755,356.914,1.0,313.559,348.352,1.0,889.045,699.5,1.0,893.65,702.422,1.0,899.93,708.728,1.0,901.566,707.845,1.0,910.9,719.747,1.0,521.292,565.584,1.0,508.954,561.247,1.0,506.664,556.825,1.0,499.609,553.818,1.0,488.514,542.371,1.0,1026.908,350.228,1.0,1036.591,343.884,1.0,1047.127,346.098,1.0,1049.768,346.426,1.0,1058.006,337.374,1.0
653,775.138,430.191,1.0,765.3,422.573,1.0,756.851,431.702,1.0,745.987,433.05,1.0,737.414,438.243,1.0,333.418,377.295,1.0,328.685,375.635,1.0,323.691,366.985,1.0,314.799,358.809,1.0,314.694,350.478,1.0,887.657,701.728,1.0,896.02,702.474,1.0,899.93,708.291,1.0,902.795,708.417,1.0,911.319,720.003,1.0,521.292,565.584,1.0,508.954,561.247,1.0,506.663,556.825,1.0,499.396,553.843,1.0,488.276,542.087,1.0,1026.797,350.228,1.0,1036.404,344.285,1.0,1046.303,346.098,1.0,1048.525,346.426,1.0,1056.966,337.989,1.0
654,783.476,430.191,1.0,774.09,420.908,1.0,759.251,431.861,1.0,746.888,430.606,1.0,739.796,434.778,1.0,331.068,384.362,1.0,328.685,377.81,1.0,324.177,369.648,1.0,318.751,359.031,1.0,315.565,351.249,1.0,887.248,709.884,1.0,896.02,704.43,1.0,899.93,708.291,1.0,903.663,708.417,1.0,911.754,720.003,1.0,521.292,565.584,1.0,509.522,561.175,1.0,506.421,557.068,1.0,499.181,554.087,1.0,488.006,542.044,1.0,1021.563,351.279,1.0,1028.317,344.285,1.0,1039.53,344.744,1.0,1045.086,346.426,1.0,1055.962,339.146,1.0
655,783.785,430.152,1.0,774.145,420.74,1.0,759.264,431.861,1.0,746.912,430.413,1.0,739.796,434.415,1.0,329.399,386.455,1.0,328.685,377.899,1.0,324.177,369.777,1.0,318.908,359.247,1.0,315.699,352.297,1.0,886.766,720.662,1.0,896.02,706.963,1.0,899.907,708.244,1.0,904.546,708.417,1.0,912.195,719.844,1.0,521.292,565.182,1.0,509.522,561.175,1.0,506.381,557.07,1.0,498.972,554.087,1.0,488.006,541.939,1.0,1020.528,352.069,1.0,1027.254,344.285,1.0,1039.53,343.909,1.0,1045.086,346.386,1.0,1054.819,339.675,1.0
656,783.942,429.985,1.0,774.156,420.612,1.0,759.609,431.702,1.0,746.912,430.413,1.0,740.151,434.291,1.0,329.399,386.487,1.0,328.575,378.323,1.0,323.959,369.848,1.0,318.908,359.36,1.0,315.748,352.381,1.0,883.528,720.662,1.0,892.671,709.687,1.0,896.346,705.95,1.0,904.806,707.501,1.0,912.195,719.844,1.0,519.281,565.182,1.0,509.6,561.175,1.0,506.381,557.07,1.0,498.972,554.087,1.0,488.276,541.556,1.0,1020.147,352.069,1.0,1026.936,344.285,1.0,1039.209,343.734,1.0,1044.851,346.386,1.0,1054.619,340.514,1.0
657,783.785,429.63,1.0,774.651,420.491,1.0,759.763,431.681,1.0,747.171,430.296,1.0,740.268,433.784,1.0,328.901,386.853,1.0,328.325,378.586,1.0,323.959,370.411,1.0,318.751,359.917,1.0,315.781,353.217,1.0,882.882,720.662,1.0,892.369,710.138,1.0,896.332,705.95,1.0,904.809,707.501,1.0,912.208,719.335,1.0,519.026,563.785,1.0,509.6,560.056,1.0,505.745,557.068,1.0,497.119,553.748,1.0,488.006,541.444,1.0,1020.107,352.069,1.0,1026.932,345.152,1.0,1039.078,343.039,1.0,1044.148,345.983,1.0,1051.948,341.453,1.0
658,783.476,424.334,1.0,774.651,420.128,1.0,761.258,431.681,1.0,748.333,429.997,1.0,741.241,433.127,1.0,329.399,387.2,1.0,328.325,379.053,1.0,323.959,370.418,1.0,318.908,365.182,1.0,316.14,353.222,1.0,876.843,716.037,1.0,885.986,714.078,1.0,895.282,705.95,1.0,904.94,707.464,1.0,912.295,719.335,1.0,515.11,561.166,1.0,509.073,553.778,1.0,502.182,550.828,1.0,491.751,544.968,1.0,487.983,540.965,1.0,1017.927,350.494,1.0,1026.833,345.152,1.0,1036.902,343.039,1.0,1042.202,339.365,1.0,1049.714,342.91,1.0
659,780.27,419.068,1.0,774.651,420.128,1.0,765.034,431.681,1.0,754.237,428.542,1.0,741.241,432.785,1.0,329.401,388.268,1.0,328.325,380.427,1.0,323.959,372.347,1.0,319.014,367.351,1.0,316.236,354.789,1.0,874.012,716.011,1.0,884.334,714.929,1.0,894.554,707.156,1.0,904.94,707.352,1.0,912.401,719.335,1.0,506.652,558.842,1.0,507.572,553.778,1.0,502.053,550.526,1.0,490.259,544.926,1.0,487.146,540.965,1.0,1017.927,350.39,1.0,1023.309,348.005,1.0,1030.874,342.742,1.0,1039.976,338.895,1.0,1048.837,343.082,1.0
660,778.126,415.452,1.0,775.778,418.705,1.0,765.034,432.718,1.0,754.237,428.542,1.0,741.241,432.785,1.0,330.697,397.492,1.0,328.863,386.975,1.0,325.044,374.731,1.0,319.609,370.424,1.0,318.689,359.495,1.0,874.012,715.886,1.0,883.279,714.929,1.0,894.554,709.09,1.0,904.954,707.352,1.0,912.505,719.776,1.0,505.583,558.842,1.0,505.147,553.723,1.0,501.944,550.119,1.0,489.502,544.926,1.0,483.984,540.965,1.0,1017.925,349.799,1.0,1023.198,348.317,1.0,1029.716,342.742,1.0,1034.891,338.895,1.0,1046.154,343.578,1.0
661,777.133,415.452,1.0,773.742,418.705,1.0,765.034,432.718,1.0,754.237,428.542,1.0,740.997,432.785,1.0,330.747,397.492,1.0,330.334,389.264,1.0,326.913,376.824,1.0,324.211,372.706,1.0,319.776,359.563,1.0,874.012,716.011,1.0,883.279,714.929,1.0,894.554,710.549,1.0,905.144,707.505,1.0,912.674,720.322,1.0,498.533,558.842,1.0,504.021,553.723,1.0,501.483,548.76,1.0,489.181,544.571,1.0,483.674,543.283,1.0,1017.925,350.017,1.0,1022.978,348.399,1.0,1029.15,343.908,1.0,1033.632,339.245,1.0,1044.78,343.082,1.0
662,776.861,419.068,1.0,772.675,419.116,1.0,764.511,432.718,1.0,753.111,429.015,1.0,740.006,433.487,1.0,330.853,397.525,1.0,330.334,389.554,1.0,327.523,377.06,1.0,325.141,373.12,1.0,319.829,360.855,1.0,874.824,716.011,1.0,883.279,714.878,1.0,894.617,711.429,1.0,905.144,707.352,1.0,912.674,720.322,1.0,495.128,559.448,1.0,503.177,553.723,1.0,501.483,548.76,1.0,489.023,544.571,1.0,483.48,543.416,1.0,1013.621,349.799,1.0,1020.984,348.399,1.0,1027.42,344.264,1.0,1032.709,338.677,1.0,1041.199,342.91,1.0
663,776.861,423.364,1.0,770.037,423.161,1.0,761.866,431.802,1.0,747.263,430.076,1.0,740.006,433.597,1.0,330.905,397.525,1.0,331.1,390.057,1.0,328.001,377.971,1.0,325.141,373.364,1.0,319.829,360.855,1.0,874.824,717.035,1.0,882.966,712.761,1.0,894.617,711.429,1.0,904.911,707.581,1.0,912.674,720.322,1.0,492.637,560.583,1.0,502.027,553.84,1.0,501.483,548.76,1.0,489.023,544.571,1.0,483.427,543.416,1.0,1003.931,349.799,1.0,1015.442,348.399,1.0,1024.247,344.966,1.0,1032.531,339.245,1.0,1037.623,342.901,1.0
664,773.97,432.408,1.0,767.489,423.161,1.0,760.35,431.064,1.0,746.136,430.282,1.0,740.006,433.846,1.0,330.912,398.433,1.0,331.233,392.267,1.0,328.059,380.316,1.0,325.141,374.574,1.0,319.829,362.493,1.0,874.824,717.315,1.0,882.966,712.601,1.0,894.617,711.429,1.0,904.706,707.823,1.0,912.562,719.784,1.0,492.165,561.022,1.0,500.872,553.959,1.0,500.216,548.838,1.0,488.915,544.478,1.0,483.255,543.416,1.0,1002.814,350.017,1.0,1014.885,348.913,1.0,1023.923,345.333,1.0,1031.708,339.524,1.0,1037.295,342.901,1.0
665,772.053,435.02,1.0,767.489,426.585,1.0,760.35,431.064,1.0,746.136,431.153,1.0,740.239,434.463,1.0,331.798,400.5,1.0,331.569,394.408,1.0,328.719,384.958,1.0,324.783,377.704,1.0,319.936,366.133,1.0,874.176,718.453,1.0,880.853,712.601,1.0,891.976,711.429,1.0,903.755,708.708,1.0,912.362,718.989,1.0,490.687,562.071,1.0,500.399,554.803,1.0,499.46,549.817,1.0,488.114,544.362,1.0,480.173,535.726,1.0,1001.211,351.561,1.0,1012.075,350.057,1.0,1020.964,349.995,1.0,1026.534,345.376,1.0,1036.3,342.901,1.0
666,768.893,441.968,1.0,766.167,434.935,1.0,761.246,431.064,1.0,746.894,431.153,1.0,740.239,434.477,1.0,334.67,403.848,1.0,332.838,396.497,1.0,330.843,387.693,1.0,324.783,377.831,1.0,321.703,368.97,1.0,873.899,717.315,1.0,880.559,712.465,1.0,891.976,711.335,1.0,903.755,708.708,1.0,912.362,718.989,1.0,489.341,562.403,1.0,499.573,554.97,1.0,499.306,550.735,1.0,488.114,544.336,1.0,480.173,535.726,1.0,1001.211,352.778,1.0,1011.757,352.408,1.0,1019.115,350.415,1.0,1023.316,345.376,1.0,1034.95,344.291,1.0
667,760.702,443.777,1.0,765.258,437.951,1.0,761.246,432.499,1.0,746.894,431.153,1.0,740.239,434.463,1.0,334.67,403.848,1.0,332.902,396.497,1.0,330.843,387.892,1.0,324.783,378.149,1.0,321.703,369.312,1.0,873.899,717.035,1.0,880.559,712.761,1.0,891.976,711.335,1.0,903.755,708.708,1.0,912.362,718.989,1.0,489.341,564.518,1.0,498.199,556.594,1.0,499.24,550.768,1.0,488.098,543.861,1.0,480.173,535.726,1.0,1001.113,363.791,1.0,1011.757,354.924,1.0,1015.057,350.513,1.0,1023.043,345.376,1.0,1029.572,344.806,1.0
668,759.001,446.589,1.0,762.115,439.749,1.0,760.923,432.499,1.0,746.806,430.673,1.0,740.286,434.378,1.0,334.67,404.127,1.0,333.018,396.717,1.0,330.843,388.128,1.0,324.939,378.548,1.0,322.224,369.758,1.0,873.899,715.874,1.0,880.853,712.465,1.0,892.687,711.659,1.0,902.792,708.585,1.0,912.325,719.291,1.0,489.341,564.518,1.0,498.157,556.689,1.0,499.118,551.269,1.0,488.098,543.345,1.0,480.173,535.851,1.0,1001.211,363.808,1.0,1011.757,354.983,1.0,1014.75,350.513,1.0,1022.273,344.726,1.0,1028.371,344.806,1.0
669,759.001,447.364,1.0,762.078,440.634,1.0,760.923,432.499,1.0,746.894,430.441,1.0,740.286,434.463,1.0,334.593,404.206,1.0,333.097,396.754,1.0,330.996,388.589,1.0,324.939,380.465,1.0,322.24,373.986,1.0,878.046,712.842,1.0,881.95,712.162,1.0,897.249,711.999,1.0,902.792,708.585,1.0,911.589,719.291,1.0,489.504,564.559,1.0,497.722,556.713,1.0,498.699,551.325,1.0,488.359,543.345,1.0,482.267,537.064,1.0,1001.211,364.175,1.0,1011.757,355.916,1.0,1014.551,350.74,1.0,1021.812,344.726,1.0,1027.945,344.962,1.0
670,758.629,447.364,1.0,761.835,442.556,1.0,758.353,430.733,1.0,746.927,430.361,1.0,740.286,434.378,1.0,334.506,410.816,1.0,335.34,402.626,1.0,331.384,395.228,1.0,324.939,381.94,1.0,322.24,374.273,1.0,881.625,707.442,1.0,884.555,710.238,1.0,897.851,711.659,1.0,902.792,708.585,1.0,911.449,719.291,1.0,489.53,564.74,1.0,497.72,557.094,1.0,498.537,551.325,1.0,488.396,543.345,1.0,483.668,537.211,1.0,1001.113,364.175,1.0,1011.341,356.949,1.0,1014.551,350.74,1.0,1017.304,344.726,1.0,1026.734,344.806,1.0
671,758.629,447.528,1.0,761.835,442.984,1.0,758.353,430.733,1.0,747.017,430.205,1.0,741.393,434.034,1.0,334.506,414.991,1.0,335.378,405.657,1.0,331.315,396.336,1.0,324.243,386.025,1.0,324.87,374.551,1.0,886.262,706.3,1.0,894.09,709.471,1.0,897.851,711.659,1.0,900.709,709.012,1.0,910.099,718.952,1.0,489.548,573.468,1.0,497.093,562.554,1.0,495.898,552.575,1.0,489.131,544.151,1.0,483.668,537.211,1.0,995.049,368.765,1.0,1002.671,357.015,1.0,1010.527,352.782,1.0,1015.774,347.389,1.0,1025.256,343.974,1.0
672,758.629,452.064,1.0,761.835,444.089,1.0,758.353,430.733,1.0,756.38,430.191,1.0,743.162,433.133,1.0,334.506,415.318,1.0,335.652,405.877,1.0,331.78,396.611,1.0,324.243,386.217,1.0,325.054,376.096,1.0,887.935,702.045,1.0,896.344,707.881,1.0,897.249,711.527,1.0,900.709,709.897,1.0,909.315,718.952,1.0,489.548,573.649,1.0,497.093,564.262,1.0,495.417,554.611,1.0,490.532,546.353,1.0,485.346,537.211,1.0,994.662,368.765,1.0,1001.738,357.222,1.0,1009.962,352.804,1.0,1015.269,347.518,1.0,1025.246,343.974,1.0
673,758.629,453.054,1.0,761.835,444.62,1.0,759.087,432.846,1.0,757.507,429.134,1.0,743.215,427.731,1.0,334.39,415.47,1.0,335.823,406.491,1.0,331.802,396.945,1.0,324.243,387.166,1.0,325.174,376.096,1.0,898.3,698.32,1.0,896.394,706.245,1.0,897.028,711.527,1.0,899.671,709.991,1.0,908.71,718.952,1.0,489.548,573.761,1.0,497.72,564.263,1.0,495.288,555.595,1.0,490.726,547.13,1.0,486.283,541.446,1.0,994.662,368.765,1.0,1001.487,357.56,1.0,1008.999,352.962,1.0,1015.176,347.738,1.0,1024.302,345.409,1.0
674,758.629,453.054,1.0,762.406,445.017,1.0,759.762,433.378,1.0,757.507,428.706,1.0,743.802,427.731,1.0,333.981,415.989,1.0,336.653,409.335,1.0,332.452,401.098,1.0,326.428,391.381,1.0,325.862,379.621,1.0,903.455,694.999,1.0,897.89,699.974,1.0,896.43,711.527,1.0,899.513,710.618,1.0,908.494,720.166,1.0,489.447,573.891,1.0,497.209,565.468,1.0,495.288,556.731,1.0,490.955,547.249,1.0,486.367,541.909,1.0,994.662,368.765,1.0,1000.287,361.309,1.0,1006.774,355.205,1.0,1013.102,349.636,1.0,1021.175,345.409,1.0
675,758.806,453.054,1.0,763.053,445.017,1.0,759.762,433.529,1.0,757.507,428.706,1.0,743.802,427.506,1.0,333.665,419.127,1.0,338.295,410.869,1.0,334.006,403.982,1.0,330.256,391.972,1.0,326.225,382.904,1.0,904.249,694.876,1.0,897.975,699.618,1.0,896.43,712.646,1.0,899.513,710.618,1.0,908.494,720.166,1.0,489.259,573.761,1.0,497.209,565.468,1.0,495.288,556.953,1.0,491.156,547.249,1.0,486.431,542.104,1.0,996.607,368.765,1.0,998.98,365.388,1.0,1004.469,356.35,1.0,1013.021,350.679,1.0,1020.234,346.518,1.0
676,759.195,453.054,1.0,763.511,445.017,1.0,760.06,433.529,1.0,757.241,428.706,1.0,743.802,427.695,1.0,333.665,421.149,1.0,338.295,412.675,1.0,334.315,404.475,1.0,330.256,392.433,1.0,326.652,383.359,1.0,907.141,688.563,1.0,903.389,697.931,1.0,896.43,712.646,1.0,899.761,710.276,1.0,907.906,720.166,1.0,489.259,573.979,1.0,497.209,566.002,1.0,495.288,557.424,1.0,491.532,547.582,1.0,487.833,542.185,1.0,997.164,371.804,1.0,998.027,366.666,1.0,1002.146,357.869,1.0,1008.648,351.699,1.0,1020.233,348.856,1.0
677,759.195,452.205,1.0,763.88,445.017,1.0,759.762,433.529,1.0,756.728,428.724,1.0,744.127,427.695,1.0,333.981,421.149,1.0,338.43,412.675,1.0,334.315,404.569,1.0,330.256,392.946,1.0,328.547,383.905,1.0,907.414,688.563,1.0,903.389,697.931,1.0,897.884,712.646,1.0,899.761,710.276,1.0,907.588,719.805,1.0,489.447,573.997,1.0,496.347,566.692,1.0,494.406,557.424,1.0,491.532,548.004,1.0,487.868,542.271,1.0,997.164,374.329,1.0,997.652,366.666,1.0,1001.888,359.302,1.0,1006.252,351.699,1.0,1019.511,348.871,1.0
678,759.195,450.469,1.0,765.12,444.683,1.0,759.463,433.529,1.0,756.605,428.724,1.0,744.293,427.398,1.0,334.104,421.149,1.0,338.295,412.675,1.0,334.315,404.983,1.0,330.149,393.155,1.0,328.547,385.009,1.0,907.439,688.555,1.0,903.389,697.907,1.0,898.541,711.877,1.0,899.773,710.321,1.0,907.508,719.341,1.0,489.447,573.979,1.0,493.491,567.206,1.0,494.057,557.808,1.0,491.693,548.486,1.0,487.868,542.185,1.0,996.694,374.329,1.0,997.252,367.716,1.0,1001.878,360.106,1.0,1006.245,351.796,1.0,1019.068,349.856,1.0
679,761.195,446.544,1.0,765.163,441.196,1.0,759.463,432.242,1.0,755.73,428.724,1.0,743.715,426.455,1.0,335.439,421.149,1.0,338.134,412.675,1.0,334.315,406.107,1.0,329.679,393.961,1.0,328.547,386.641,1.0,907.439,688.215,1.0,902.012,697.896,1.0,898.722,706.315,1.0,899.821,710.276,1.0,906.631,719.341,1.0,489.259,574.431,1.0,492.443,568.63,1.0,494.023,558.187,1.0,491.898,549.064,1.0,487.907,542.185,1.0,996.607,375.109,1.0,996.974,367.837,1.0,1001.363,360.395,1.0,1004.173,352.687,1.0,1018.229,351.13,1.0
680,758.742,446.544,1.0,765.163,440.548,1.0,759.897,432.125,1.0,755.73,428.036,1.0,744.798,426.334,1.0,343.049,421.642,1.0,337.72,413.22,1.0,334.679,407.341,1.0,329.55,395.466,1.0,329.324,388.495,1.0,907.675,688.215,1.0,901.736,696.967,1.0,899.262,704.331,1.0,899.821,710.276,1.0,906.631,719.341,1.0,483.937,574.941,1.0,489.278,570.708,1.0,493.928,559.364,1.0,492.06,551.142,1.0,487.907,543.351,1.0,989.525,375.786,1.0,994.048,369.812,1.0,1000.413,361.737,1.0,1004.08,357.984,1.0,1015.842,351.13,1.0
681,758.438,446.544,1.0,765.12,440.358,1.0,759.897,432.125,1.0,755.73,426.937,1.0,745.203,425.743,1.0,344.655,422.73,1.0,337.018,417.803,1.0,335.194,409.109,1.0,329.34,397.988,1.0,330.755,391.348,1.0,907.562,686.19,1.0,901.736,696.493,1.0,901.499,704.331,1.0,899.869,709.232,1.0,906.531,719.395,1.0,483.934,574.941,1.0,488.952,571.822,1.0,493.453,559.971,1.0,492.44,551.142,1.0,487.907,541.772,1.0,987.62,382.139,1.0,992.846,373.975,1.0,998.996,365.277,1.0,1001.867,358.109,1.0,1012.6,351.13,1.0
682,758.742,446.544,1.0,765.12,439.572,1.0,760.856,431.63,1.0,755.298,426.877,1.0,745.203,425.187,1.0,346.779,425.412,1.0,337.018,419.324,1.0,335.647,409.64,1.0,329.213,398.721,1.0,330.787,391.765,1.0,907.562,685.996,1.0,902.012,696.301,1.0,903.19,703.988,1.0,899.821,709.232,1.0,906.531,719.395,1.0,482.684,574.941,1.0,488.067,571.844,1.0,492.759,560.264,1.0,492.474,551.142,1.0,488.051,541.772,1.0,986.799,382.268,1.0,992.584,374.488,1.0,998.899,366.866,1.0,999.878,358.358,1.0,1007.619,348.484,1.0
683,759.737,446.544,1.0,764.512,440.109,1.0,760.856,431.63,1.0,755.298,426.877,1.0,743.715,425.743,1.0,347.828,425.765,1.0,337.437,419.408,1.0,335.9,409.688,1.0,329.213,399.364,1.0,330.968,391.847,1.0,907.883,685.717,1.0,902.735,696.175,1.0,903.578,703.293,1.0,899.821,709.232,1.0,906.818,719.395,1.0,482.684,576.337,1.0,488.067,572.388,1.0,492.712,561.521,1.0,496.177,550.663,1.0,488.051,541.933,1.0,986.677,382.268,1.0,992.584,374.873,1.0,998.822,366.866,1.0,999.878,358.358,1.0,1007.492,348.484,1.0
684,758.608,445.033,1.0,764.512,440.109,1.0,761.147,431.63,1.0,755.609,426.824,1.0,743.738,425.763,1.0,347.911,425.765,1.0,337.72,419.89,1.0,335.973,410.071,1.0,329.213,399.786,1.0,331.042,392.534,1.0,907.883,684.375,1.0,904.175,693.97,1.0,903.719,702.243,1.0,899.359,713.551,1.0,910.429,717.434,1.0,482.684,576.446,1.0,488.067,573.169,1.0,492.617,561.545,1.0,496.405,550.663,1.0,487.552,542.611,1.0,986.342,382.327,1.0,992.584,375.072,1.0,998.269,367.095,1.0,999.461,358.643,1.0,1007.355,348.484,1.0
685,759.737,445.033,1.0,764.512,440.109,1.0,760.856,431.603,1.0,755.298,426.824,1.0,743.738,425.763,1.0,348.259,425.765,1.0,341.223,419.546,1.0,335.973,410.696,1.0,330.411,402.554,1.0,330.968,394.634,1.0,909.998,678.066,1.0,906.208,686.196,1.0,903.719,701.194,1.0,899.359,713.551,1.0,910.429,717.434,1.0,482.684,576.774,1.0,487.911,573.546,1.0,492.064,561.681,1.0,496.447,550.663,1.0,487.552,542.611,1.0,985.581,382.474,1.0,991.767,376.248,1.0,994.591,367.209,1.0,999.038,358.826,1.0,1005.301,352.547,1.0
686,759.737,445.033,1.0,764.512,440.109,1.0,760.856,431.603,1.0,755.298,426.319,1.0,743.738,425.763,1.0,351.404,426.254,1.0,344.96,419.89,1.0,336.689,415.744,1.0,330.705,406.082,1.0,330.968,397.04,1.0,909.998,678.066,1.0,906.208,686.041,1.0,903.578,700.556,1.0,899.204,713.551,1.0,910.429,717.26,1.0,482.684,577.282,1.0,487.911,573.843,1.0,492.046,562.029,1.0,496.447,550.985,1.0,487.805,542.786,1.0,982.162,382.55,1.0,988.219,376.439,1.0,994.466,371.407,1.0,997.132,367.246,1.0,1005.301,356.767,1.0
687,758.608,447.143,1.0,761.845,440.109,1.0,758.963,431.603,1.0,755.609,426.233,1.0,745.001,425.763,1.0,352.971,433.5,1.0,345.054,420.381,1.0,337.196,417.073,1.0,334.209,406.752,1.0,330.968,398.178,1.0,909.998,677.888,1.0,906.208,685.556,1.0,903.379,699.84,1.0,899.204,712.197,1.0,910.429,717.26,1.0,482.266,577.388,1.0,487.773,573.843,1.0,491.121,562.143,1.0,496.38,551.375,1.0,487.805,543.333,1.0,982.148,382.55,1.0,988.212,376.663,1.0,994.016,371.488,1.0,996.392,367.477,1.0,1005.265,357.207,1.0
688,750.874,447.143,1.0,756.959,440.558,1.0,758.401,432.765,1.0,756.773,426.228,1.0,746.283,425.763,1.0,352.993,433.5,1.0,345.427,421.566,1.0,338.11,417.956,1.0,334.209,407.16,1.0,331.577,398.644,1.0,909.759,677.888,1.0,906.208,685.484,1.0,903.217,699.464,1.0,899.204,708.417,1.0,910.223,717.26,1.0,482.26,577.528,1.0,487.448,573.882,1.0,491.033,562.167,1.0,496.38,551.378,1.0,487.805,543.373,1.0,982.145,382.753,1.0,988.139,376.663,1.0,993.434,371.56,1.0,996.101,367.573,1.0,1005.265,358.022,1.0
689,750.874,447.602,1.0,756.959,441.102,1.0,757.931,433.396,1.0,756.803,426.228,1.0,747.095,426.852,1.0,353.092,433.572,1.0,345.571,421.566,1.0,338.11,418.869,1.0,334.428,407.331,1.0,331.997,400.34,1.0,909.144,677.207,1.0,906.208,684.839,1.0,902.433,694.051,1.0,899.204,707.972,1.0,909.698,716.662,1.0,482.196,578.3,1.0,485.224,574.544,1.0,489.492,562.867,1.0,495.359,552.319,1.0,488.245,543.845,1.0,982.039,384.911,1.0,987.158,378.522,1.0,990.926,372.128,1.0,996.04,368.217,1.0,1004.827,360.187,1.0
690,750.874,447.602,1.0,756.959,442.35,1.0,758.401,433.396,1.0,757.223,426.228,1.0,747.436,426.867,1.0,353.118,434.018,1.0,347.007,422.478,1.0,339.24,420.334,1.0,334.434,413.843,1.0,334.184,402.999,1.0,906.947,672.188,1.0,906.98,682.249,1.0,900.696,693.782,1.0,899.204,702.542,1.0,908.405,712.496,1.0,482.041,586.532,1.0,482.867,575.097,1.0,486.792,565.082,1.0,493.573,554.328,1.0,488.679,545.098,1.0,978.362,390.36,1.0,982.151,383.017,1.0,989.351,377.888,1.0,989.996,369.297,1.0,999.639,364.456,1.0
691,751.268,447.143,1.0,757.345,442.35,1.0,758.401,433.396,1.0,756.803,427.965,1.0,747.436,427.885,1.0,353.118,436.444,1.0,351.402,428.304,1.0,342.617,422.928,1.0,336.704,418.068,1.0,334.184,407.135,1.0,906.947,671.356,1.0,906.98,682.121,1.0,899.808,692.213,1.0,904.819,702.542,1.0,908.405,710.51,1.0,482.003,586.532,1.0,482.677,576.585,1.0,486.792,566.626,1.0,492.676,556.128,1.0,490.922,547.162,1.0,978.362,395.808,1.0,980.246,386.505,1.0,987.202,379.605,1.0,987.825,371.022,1.0,997.945,366.487,1.0
692,751.553,446.03,1.0,757.764,442.35,1.0,759.584,433.09,1.0,756.773,428.226,1.0,747.095,428.064,1.0,354.105,436.646,1.0,351.402,428.385,1.0,342.847,423.384,1.0,336.704,418.068,1.0,334.208,407.599,1.0,906.947,670.806,1.0,907.175,681.919,1.0,899.808,691.869,1.0,904.819,702.504,1.0,908.405,709.7,1.0,482.003,586.532,1.0,482.677,576.585,1.0,486.792,569.557,1.0,492.398,556.128,1.0,493.082,547.356,1.0,978.317,395.808,1.0,980.132,387.135,1.0,987.022,379.691,1.0,986.91,371.078,1.0,997.731,366.487,1.0
693,759.268,436.773,1.0,765.598,441.171,1.0,759.638,431.16,1.0,753.987,428.892,1.0,745.727,428.204,1.0,354.107,436.853,1.0,351.413,429.204,1.0,342.919,423.636,1.0,336.722,418.297,1.0,334.603,408.039,1.0,907.202,670.54,1.0,907.175,681.919,1.0,899.808,691.177,1.0,904.819,702.504,1.0,908.382,708.59,1.0,477.202,580.928,1.0,482.677,576.585,1.0,487.389,569.557,1.0,492.051,556.128,1.0,493.082,547.356,1.0,978.317,395.872,1.0,979.838,387.135,1.0,986.78,379.908,1.0,986.779,371.446,1.0,996.243,366.526,1.0
694,761.797,435.85,1.0,773.279,440.255,1.0,761.165,429.896,1.0,753.987,429.119,1.0,745.727,428.304,1.0,354.377,437.066,1.0,351.413,429.685,1.0,343.122,424.703,1.0,336.799,418.654,1.0,334.603,408.465,1.0,907.89,670.54,1.0,906.843,680.932,1.0,900.095,687.818,1.0,900.943,697.058,1.0,908.296,707.343,1.0,477.202,578.18,1.0,482.997,575.426,1.0,488.265,569.557,1.0,492.051,555.992,1.0,493.531,547.356,1.0,977.384,395.876,1.0,978.625,387.135,1.0,984.195,381.14,1.0,986.703,374.01,1.0,991.019,367.545,1.0
695,762.1,435.85,1.0,773.279,440.255,1.0,761.165,429.337,1.0,753.987,429.119,1.0,744.763,428.204,1.0,356.865,438.997,1.0,352.05,433.398,1.0,345.736,427.846,1.0,340.378,423.024,1.0,336.152,409.438,1.0,910.143,663.816,1.0,906.471,674.654,1.0,904.014,683.782,1.0,900.854,697.053,1.0,907.703,704.354,1.0,477.202,575.58,1.0,485.105,575.383,1.0,489.767,565.624,1.0,492.398,554.503,1.0,493.938,547.173,1.0,969.453,396.128,1.0,975.42,386.436,1.0,984.195,381.33,1.0,986.352,374.289,1.0,987.093,368.058,1.0
696,763.714,436.433,1.0,773.279,441.039,1.0,761.686,428.843,1.0,754.122,429.069,1.0,744.996,428.157,1.0,360.617,445.325,1.0,352.05,436.96,1.0,347.57,428.368,1.0,343.687,424.592,1.0,337.052,413.659,1.0,910.749,662.844,1.0,906.048,673.498,1.0,904.014,683.655,1.0,900.629,696.42,1.0,907.627,704.185,1.0,481.694,575.58,1.0,486.217,574.757,1.0,489.784,563.361,1.0,492.791,554.112,1.0,493.938,547.16,1.0,968.649,396.217,1.0,975.42,386.436,1.0,983.328,381.714,1.0,986.246,374.407,1.0,987.093,368.358,1.0
697,773.18,436.433,1.0,764.734,441.039,1.0,761.686,428.937,1.0,754.122,429.069,1.0,744.996,428.157,1.0,360.687,445.325,1.0,352.05,437.204,1.0,347.57,428.63,1.0,343.687,424.592,1.0,337.123,413.899,1.0,910.749,662.844,1.0,905.835,673.498,1.0,904.014,683.655,1.0,900.629,696.855,1.0,907.625,703.267,1.0,485.646,575.58,1.0,487.621,572.299,1.0,489.767,563.361,1.0,493.147,554.112,1.0,492.947,547.16,1.0,968.582,396.485,1.0,975.42,386.436,1.0,983.328,382.786,1.0,986.246,374.407,1.0,987.093,369.05,1.0
698,773.18,436.708,1.0,764.606,441.454,1.0,761.686,428.835,1.0,754.122,428.884,1.0,744.847,428.082,1.0,360.991,445.421,1.0,352.05,438.316,1.0,347.819,429.455,1.0,343.695,424.657,1.0,337.165,414.068,1.0,910.143,663.816,1.0,905.754,672.803,1.0,903.97,682.766,1.0,900.629,696.146,1.0,907.625,703.251,1.0,490.155,579.809,1.0,488.399,572.299,1.0,489.767,563.361,1.0,493.147,554.112,1.0,492.604,547.173,1.0,968.181,396.485,1.0,975.42,388.396,1.0,982.908,382.833,1.0,986.246,374.642,1.0,987.497,369.928,1.0
699,765.188,436.708,1.0,764.546,441.454,1.0,761.633,428.937,1.0,753.975,428.884,1.0,744.843,427.976,1.0,361.045,445.421,1.0,352.145,438.912,1.0,347.967,429.467,1.0,343.695,424.798,1.0,338.286,414.571,1.0,906.025,662.752,1.0,905.12,670.719,1.0,903.97,682.711,1.0,900.629,695.892,1.0,907.625,703.212,1.0,490.742,584.149,1.0,490.582,573.415,1.0,489.767,564.781,1.0,493.246,554.886,1.0,492.231,547.737,1.0,966.979,396.128,1.0,974.007,389.502,1.0,981.579,385.664,1.0,986.004,376.537,1.0,990.078,371.929,1.0
700,765.188,436.708,1.0,764.546,441.039,1.0,761.633,428.835,1.0,753.767,428.884,1.0,744.843,427.976,1.0,362.227,447.863,1.0,356.667,440.299,1.0,351.749,435.71,1.0,344.941,426.967,1.0,339.632,421.171,1.0,901.527,662.752,1.0,904.475,670.719,1.0,903.629,682.471,1.0,900.54,691.15,1.0,907.625,701.93,1.0,491.621,584.149,1.0,490.79,574.757,1.0,489.802,564.829,1.0,493.147,554.886,1.0,492.231,547.901,1.0,961.779,395.72,1.0,971.845,391.623,1.0,979.357,388.895,1.0,985.083,379.037,1.0,990.078,373.055,1.0
701,774.646,435.461,1.0,764.546,440.471,1.0,760.373,428.691,1.0,753.527,428.884,1.0,743.91,427.861,1.0,363.836,450.454,1.0,360.348,443.601,1.0,351.749,438.476,1.0,346.984,429.949,1.0,343.214,422.529,1.0,901.474,662.087,1.0,903.881,669.083,1.0,903.622,680.344,1.0,900.306,688.643,1.0,907.5,701.584,1.0,494.643,584.149,1.0,491.529,573.912,1.0,490.539,564.891,1.0,493.147,554.886,1.0,492.231,547.901,1.0,961.76,395.72,1.0,971.661,392.669,1.0,979.225,390.18,1.0,983.405,381.24,1.0,990.078,375.883,1.0
702,774.881,433.221,1.0,766.82,440.008,1.0,760.355,427.967,1.0,753.527,428.83,1.0,742.977,427.665,1.0,363.836,450.454,1.0,360.689,443.962,1.0,351.749,438.776,1.0,347.201,430.342,1.0,343.609,423.355,1.0,900.305,654.843,1.0,903.881,663.438,1.0,903.629,678.405,1.0,904.739,685.836,1.0,906.932,700.792,1.0,494.646,583.031,1.0,492.307,573.912,1.0,490.581,565.056,1.0,493.022,554.906,1.0,492.422,547.901,1.0,961.648,395.72,1.0,971.458,393.407,1.0,978.507,390.732,1.0,983.272,384.186,1.0,986.909,376.079,1.0
703,773.342,432.761,1.0,766.82,439.794,1.0,760.355,427.967,1.0,753.236,428.338,1.0,742.924,427.505,1.0,363.942,450.582,1.0,360.709,444.495,1.0,351.749,439.199,1.0,347.356,430.69,1.0,344.059,423.602,1.0,899.619,652.021,1.0,903.881,662.434,1.0,904.893,677.817,1.0,904.911,685.836,1.0,906.932,700.744,1.0,494.647,583.031,1.0,492.416,575.985,1.0,490.581,565.056,1.0,493.022,554.906,1.0,492.569,547.91,1.0,961.501,395.862,1.0,971.305,394.187,1.0,978.117,391.122,1.0,982.13,385.222,1.0,986.726,376.126,1.0
704,775.328,431.283,1.0,771.361,438.2,1.0,760.218,427.967,1.0,752.847,428.071,1.0,742.23,427.505,1.0,363.942,450.582,1.0,360.938,444.837,1.0,351.78,439.951,1.0,347.399,431.726,1.0,344.445,425.379,1.0,899.222,651.13,1.0,903.881,662.427,1.0,906.562,675.429,1.0,904.429,685.703,1.0,906.932,700.346,1.0,494.876,583.031,1.0,492.429,575.985,1.0,490.581,565.13,1.0,492.997,554.906,1.0,492.569,547.91,1.0,960.568,396.91,1.0,968.276,394.94,1.0,973.29,392.023,1.0,979.941,385.915,1.0,986.63,377.512,1.0
705,776.962,430.913,1.0,766.82,437.59,1.0,758.742,429.624,1.0,747.824,428.071,1.0,741.675,427.665,1.0,364.64,452.781,1.0,361.092,450.597,1.0,354.977,440.259,1.0,349.241,433.28,1.0,345.465,425.684,1.0,899.002,651.13,1.0,903.309,661.807,1.0,906.562,674.578,1.0,904.559,685.526,1.0,906.956,700.099,1.0,495.223,588.562,1.0,496.173,577.379,1.0,490.858,569.033,1.0,492.688,556.312,1.0,492.711,548.526,1.0,959.712,402.985,1.0,966.745,400.146,1.0,972.239,393.494,1.0,976.26,386.977,1.0,984.109,382.941,1.0
706,777.741,430.913,1.0,766.82,437.542,1.0,758.53,430.441,1.0,747.732,428.071,1.0,739.245,430.035,1.0,372.238,458.293,1.0,365.778,452.902,1.0,358.061,442.424,1.0,349.586,437.47,1.0,345.612,426.856,1.0,898.636,651.963,1.0,901.747,661.553,1.0,906.562,673.613,1.0,904.911,685.367,1.0,907.05,694.689,1.0,495.223,588.587,1.0,496.328,578.056,1.0,490.858,569.215,1.0,492.538,556.606,1.0,492.621,548.615,1.0,957.278,403.863,1.0,960.958,400.57,1.0,969.714,395.447,1.0,972.512,389.332,1.0,983.447,384.273,1.0
707,777.741,429.603,1.0,768.755,435.765,1.0,758.429,430.568,1.0,746.861,428.536,1.0,737.758,431.65,1.0,373.508,459.654,1.0,367.119,453.97,1.0,358.28,443.427,1.0,349.683,437.79,1.0,345.699,427.364,1.0,898.145,651.963,1.0,899.216,660.952,1.0,903.962,671.977,1.0,905.164,681.946,1.0,907.36,691.607,1.0,495.293,588.993,1.0,496.431,578.102,1.0,490.858,569.413,1.0,492.404,556.939,1.0,492.621,548.679,1.0,956.91,404.447,1.0,960.634,400.97,1.0,969.624,395.758,1.0,971.528,389.694,1.0,983.358,384.273,1.0
708,777.741,429.603,1.0,768.755,435.077,1.0,756.995,430.441,1.0,745.875,428.728,1.0,736.641,432.414,1.0,373.508,459.654,1.0,367.787,454.056,1.0,359.046,443.884,1.0,351.321,442.293,1.0,346.059,427.473,1.0,894.799,651.963,1.0,899.205,660.889,1.0,903.281,671.417,1.0,905.164,681.435,1.0,907.899,690.2,1.0,495.361,588.993,1.0,496.825,578.269,1.0,491.445,569.533,1.0,492.398,557.167,1.0,492.807,548.924,1.0,956.705,411.336,1.0,960.634,400.97,1.0,968.449,395.875,1.0,971.271,389.694,1.0,982.837,385.17,1.0
709,776.067,431.892,1.0,767.844,434.954,1.0,755.986,430.441,1.0,743.908,429.017,1.0,735.192,432.953,1.0,372.935,459.654,1.0,367.836,454.056,1.0,359.781,445.191,1.0,352.327,442.293,1.0,346.079,428.06,1.0,894.799,651.963,1.0,898.754,660.296,1.0,903.151,671.024,1.0,905.273,680.951,1.0,907.899,690.163,1.0,495.361,589.131,1.0,497.247,579.176,1.0,492.109,569.608,1.0,491.844,557.183,1.0,492.834,548.926,1.0,956.705,411.418,1.0,960.958,401.444,1.0,966.646,395.875,1.0,970.688,389.826,1.0,980.746,385.508,1.0
710,772.281,433.314,1.0,767.844,434.62,1.0,755.581,429.88,1.0,742.79,429.757,1.0,735.192,433.036,1.0,372.935,460.232,1.0,368.07,454.056,1.0,360.807,446.115,1.0,354.115,443.051,1.0,347.062,430.032,1.0,895.297,650.32,1.0,898.704,659.86,1.0,902.887,670.7,1.0,905.517,680.192,1.0,907.36,689.853,1.0,495.494,590.043,1.0,497.769,579.295,1.0,493.279,569.608,1.0,491.566,557.501,1.0,493.179,549.282,1.0,953.692,412.458,1.0,963.31,405.296,1.0,966.192,396.824,1.0,969.91,390.198,1.0,975.189,386.003,1.0
711,764.37,433.314,1.0,764.376,434.62,1.0,755.581,428.439,1.0,742.79,430.097,1.0,735.192,433.291,1.0,369.416,460.839,1.0,368.128,453.999,1.0,361.482,447.895,1.0,355.252,443.456,1.0,349.615,433.846,1.0,896.152,649.947,1.0,898.284,659.477,1.0,901.759,670.176,1.0,905.717,678.433,1.0,906.376,688.085,1.0,495.647,590.26,1.0,498.331,579.363,1.0,493.826,569.694,1.0,491.382,557.523,1.0,493.664,549.613,1.0,951.16,416.936,1.0,963.31,408.259,1.0,963.835,397.21,1.0,969.907,390.565,1.0,971.965,388.12,1.0
712,764.18,433.722,1.0,763.874,434.62,1.0,755.581,428.439,1.0,742.79,430.645,1.0,735.391,434.305,1.0,369.215,463.713,1.0,368.128,453.999,1.0,364.308,450.685,1.0,356.153,443.647,1.0,350.77,435.349,1.0,896.152,647.15,1.0,897.827,657.162,1.0,900.902,668.165,1.0,905.717,675.163,1.0,905.453,684.476,1.0,496.251,590.382,1.0,498.331,579.823,1.0,493.826,570.066,1.0,490.796,559.166,1.0,493.664,550.617,1.0,950.628,416.936,1.0,963.31,408.259,1.0,963.689,397.828,1.0,969.615,390.565,1.0,971.965,388.668,1.0
713,763.895,449.258,1.0,762.713,435.295,1.0,757.086,428.439,1.0,746.869,430.645,1.0,737.826,435.529,1.0,369.215,464.887,1.0,368.128,453.999,1.0,364.59,451.441,1.0,356.193,443.908,1.0,350.77,435.814,1.0,897.287,638.945,1.0,895.946,648.74,1.0,899.968,663.721,1.0,905.717,670.764,1.0,905.453,684.476,1.0,497.421,590.434,1.0,498.331,581.775,1.0,493.826,571.12,1.0,489.951,563.684,1.0,493.664,553.996,1.0,950.036,416.936,1.0,962.965,408.679,1.0,962.594,397.828,1.0,969.615,391.305,1.0,971.965,390.034,1.0
714,763.57,450.406,1.0,760.722,435.615,1.0,757.251,428.562,1.0,746.995,430.097,1.0,739.167,437.859,1.0,369.416,465.232,1.0,368.23,454.811,1.0,364.59,452.03,1.0,356.545,444.394,1.0,351.073,436.431,1.0,898.47,637.317,1.0,895.946,648.135,1.0,899.968,663.165,1.0,905.743,670.729,1.0,905.453,684.476,1.0,497.669,590.655,1.0,495.11,582.279,1.0,494.028,572.853,1.0,489.815,564.651,1.0,493.304,555.559,1.0,949.551,416.586,1.0,956.833,409.315,1.0,962.398,399.871,1.0,968.515,392.957,1.0,971.079,390.868,1.0
715,763.57,450.406,1.0,760.622,437.334,1.0,757.556,429.022,1.0,747.083,430.645,1.0,742.059,442.845,1.0,370.546,465.627,1.0,368.888,455.762,1.0,364.862,453.493,1.0,356.545,445.91,1.0,351.436,437.946,1.0,899.347,634.939,1.0,895.946,647.9,1.0,899.968,662.758,1.0,906.048,670.489,1.0,905.453,684.476,1.0,498.365,591.369,1.0,495.11,582.358,1.0,494.186,573.595,1.0,489.758,564.974,1.0,491.987,556.178,1.0,944.765,415.439,1.0,952.792,410.154,1.0,957.818,403.729,1.0,964.405,400.375,1.0,970.459,391.631,1.0
716,760.84,450.406,1.0,758.69,437.997,1.0,757.623,432.233,1.0,747.083,430.746,1.0,742.059,442.983,1.0,374.331,469.008,1.0,369.522,459.536,1.0,365.131,456.743,1.0,357.01,448.575,1.0,355.629,440.895,1.0,899.628,634.939,1.0,895.946,647.9,1.0,900.493,662.758,1.0,906.048,670.489,1.0,905.453,684.476,1.0,499.114,592.301,1.0,494.963,583.443,1.0,494.386,576.52,1.0,489.254,565.856,1.0,491.549,556.205,1.0,943.861,415.401,1.0,950.593,414.376,1.0,955.483,404.637,1.0,963.417,400.435,1.0,969.668,392.677,1.0
717,756.877,447.77,1.0,757.972,440.156,1.0,757.728,433.607,1.0,747.357,430.746,1.0,742.059,442.983,1.0,377.485,477.566,1.0,370.439,466.935,1.0,367.291,456.751,1.0,357.565,450.307,1.0,355.88,441.208,1.0,899.944,634.939,1.0,895.972,647.853,1.0,900.493,661.658,1.0,906.048,670.489,1.0,905.344,684.366,1.0,499.21,592.531,1.0,495.11,583.737,1.0,495.085,577.081,1.0,489.042,566.559,1.0,491.549,556.502,1.0,943.861,415.401,1.0,950.593,415.451,1.0,955.248,405.185,1.0,962.583,400.435,1.0,969.571,393.243,1.0
718,756.417,447.77,1.0,757.972,441.821,1.0,757.973,433.607,1.0,747.481,430.132,1.0,741.651,442.983,1.0,377.485,477.566,1.0,371.461,467.162,1.0,367.291,456.901,1.0,357.981,451.13,1.0,356.342,441.69,1.0,899.628,636.152,1.0,896.114,647.03,1.0,900.493,657.927,1.0,904.784,667.82,1.0,903.76,680.301,1.0,499.838,592.593,1.0,496.073,584.24,1.0,495.683,577.571,1.0,488.981,567.458,1.0,491.549,556.885,1.0,943.559,415.439,1.0,950.47,415.452,1.0,954.973,405.727,1.0,962.353,400.448,1.0,969.307,393.56,1.0
719,756.155,447.77,1.0,757.972,441.845,1.0,758.506,433.607,1.0,747.481,430.132,1.0,740.749,434.351,1.0,377.574,477.677,1.0,371.573,467.763,1.0,367.414,457.217,1.0,357.981,451.354,1.0,356.866,442.127,1.0,899.628,636.152,1.0,895.972,646.363,1.0,900.167,656.522,1.0,903.514,665.467,1.0,900.676,675.193,1.0,499.957,592.755,1.0,497.397,584.77,1.0,496.061,577.872,1.0,488.981,567.71,1.0,491.738,557.154,1.0,943.861,415.795,1.0,950.47,415.937,1.0,953.883,407.053,1.0,957.914,400.825,1.0,967.458,397.182,1.0
720,756.155,449.834,1.0,758.429,444.012,1.0,762.082,428.861,1.0,747.481,429.545,1.0,739.007,430.219,1.0,377.485,477.677,1.0,372.109,468.852,1.0,367.626,460.997,1.0,359.925,453.237,1.0,358.132,443.77,1.0,899.639,636.152,1.0,895.972,646.327,1.0,899.509,656.502,1.0,902.704,665.362,1.0,900.429,675.059,1.0,502.466,593.153,1.0,497.397,584.77,1.0,496.061,578.121,1.0,489.042,568.214,1.0,491.757,557.603,1.0,943.861,428.692,1.0,944.8,418.806,1.0,952.924,411.931,1.0,957.559,406.003,1.0,964.552,398.921,1.0
721,756.155,449.923,1.0,759.008,444.572,1.0,762.091,428.861,1.0,747.357,429.545,1.0,739.007,430.219,1.0,377.208,479.076,1.0,373.946,469.214,1.0,369.585,464.165,1.0,365.747,454.799,1.0,358.233,446.4,1.0,899.639,634.86,1.0,896.114,645.793,1.0,899.034,656.417,1.0,902.694,664.749,1.0,900.429,674.394,1.0,502.558,596.903,1.0,500.468,589.079,1.0,496.061,580.008,1.0,491.055,569.785,1.0,493.257,560.01,1.0,943.432,429.885,1.0,944.337,419.274,1.0,950.633,411.938,1.0,955.616,407.122,1.0,962.769,399.535,1.0
722,756.284,449.934,1.0,759.476,444.572,1.0,762.091,428.861,1.0,747.481,429.545,1.0,739.007,430.146,1.0,377.208,480.225,1.0,374.412,471.677,1.0,370.911,465.594,1.0,365.98,455.528,1.0,359.063,447.004,1.0,899.238,634.785,1.0,896.531,645.426,1.0,898.746,655.555,1.0,902.694,664.394,1.0,900.462,673.684,1.0,506.017,601.436,1.0,500.96,590.498,1.0,493.641,581.757,1.0,491.055,572.403,1.0,493.257,563.614,1.0,943.337,430.707,1.0,944.009,419.775,1.0,950.517,413.713,1.0,953.911,407.234,1.0,962.637,399.535,1.0
723,757.573,450.027,1.0,759.744,444.572,1.0,762.082,429.735,1.0,747.539,429.545,1.0,739.161,429.77,1.0,377.208,480.254,1.0,374.444,471.995,1.0,371.148,465.724,1.0,366.002,455.744,1.0,359.68,447.063,1.0,899.206,633.041,1.0,896.531,644.765,1.0,898.685,654.265,1.0,901.415,664.065,1.0,900.429,670.259,1.0,506.475,602.524,1.0,501.602,590.828,1.0,493.641,583.66,1.0,491.055,573.706,1.0,493.257,565.546,1.0,943.042,431.853,1.0,943.76,420.541,1.0,950.178,413.713,1.0,953.463,407.234,1.0,962.49,400.07,1.0
724,758.058,450.767,1.0,760.849,444.951,1.0,761.287,430.389,1.0,747.841,429.906,1.0,740.048,429.77,1.0,377.208,480.254,1.0,374.412,471.995,1.0,371.148,466.085,1.0,366.287,455.807,1.0,359.764,447.257,1.0,898.34,627.597,1.0,896.531,633.455,1.0,896.531,650.28,1.0,899.819,655.62,1.0,900.27,666.731,1.0,506.52,604.594,1.0,501.602,592.029,1.0,493.641,584.21,1.0,489.73,574.477,1.0,492.63,565.67,1.0,942.356,431.853,1.0,943.714,420.563,1.0,950.026,414.495,1.0,953.344,407.242,1.0,959.821,400.761,1.0
725,761.497,460.382,1.0,760.849,445.142,1.0,760.736,433.135,1.0,752.877,429.939,1.0,740.576,429.77,1.0,377.31,480.225,1.0,374.444,471.677,1.0,371.148,466.2,1.0,366.448,455.919,1.0,360.321,447.859,1.0,897.718,625.745,1.0,896.362,633.041,1.0,895.608,649.792,1.0,899.208,654.727,1.0,900.447,666.664,1.0,506.715,604.703,1.0,501.602,592.118,1.0,496.649,584.21,1.0,489.65,574.546,1.0,492.231,566.044,1.0,940.223,431.853,1.0,943.093,423.592,1.0,947.099,414.779,1.0,953.006,407.406,1.0,957.148,401.053,1.0
726,762.334,461.327,1.0,760.849,445.235,1.0,760.304,434.729,1.0,752.931,430.171,1.0,741.456,429.191,1.0,377.352,480.254,1.0,374.65,471.995,1.0,370.986,466.283,1.0,366.464,456.43,1.0,361.903,449.927,1.0,896.936,625.448,1.0,895.429,632.51,1.0,895.46,649.27,1.0,899.208,652.931,1.0,900.447,666.664,1.0,506.716,604.703,1.0,502.217,592.136,1.0,496.649,584.229,1.0,489.65,574.917,1.0,492.231,566.144,1.0,939.113,429.906,1.0,942.869,423.832,1.0,946.926,418.891,1.0,951.726,409.632,1.0,957.148,404.489,1.0
727,764.472,461.685,1.0,761.323,452.472,1.0,759.937,436.503,1.0,754.197,432.824,1.0,744.826,428.881,1.0,378.67,480.254,1.0,375.632,472.13,1.0,370.986,466.554,1.0,366.51,456.98,1.0,362.332,450.591,1.0,896.936,624.722,1.0,895.0,632.275,1.0,895.46,649.27,1.0,899.528,651.72,1.0,900.447,666.614,1.0,506.716,604.631,1.0,502.217,592.352,1.0,496.649,584.229,1.0,489.65,574.917,1.0,492.231,566.624,1.0,936.989,429.906,1.0,942.682,423.944,1.0,946.765,418.966,1.0,948.79,414.726,1.0,957.146,404.564,1.0
728,764.472,462.426,1.0,761.323,452.51,1.0,759.652,436.775,1.0,754.691,434.131,1.0,746.005,427.828,1.0,380.913,480.7,1.0,375.91,474.295,1.0,370.986,468.4,1.0,367.028,459.48,1.0,362.332,452.442,1.0,896.936,624.681,1.0,894.586,632.183,1.0,895.46,648.896,1.0,899.528,651.285,1.0,900.447,666.558,1.0,506.733,604.703,1.0,501.491,593.082,1.0,496.649,585.267,1.0,490.505,575.747,1.0,492.231,567.182,1.0,936.9,429.906,1.0,942.362,423.944,1.0,946.765,419.619,1.0,948.64,414.736,1.0,957.146,404.767,1.0
729,764.472,462.563,1.0,761.323,452.659,1.0,759.652,437.295,1.0,755.108,434.218,1.0,746.317,427.0,1.0,386.877,480.756,1.0,378.649,474.879,1.0,371.201,469.718,1.0,367.19,459.947,1.0,362.505,452.641,1.0,895.637,621.636,1.0,894.586,632.183,1.0,896.957,643.85,1.0,899.666,650.929,1.0,900.447,663.948,1.0,506.733,604.631,1.0,502.692,594.239,1.0,497.024,586.106,1.0,491.973,576.824,1.0,492.489,567.895,1.0,935.404,429.945,1.0,941.396,425.056,1.0,945.535,420.905,1.0,948.444,415.49,1.0,956.445,406.383,1.0
730,764.306,462.686,1.0,761.559,452.798,1.0,759.549,437.295,1.0,755.465,434.39,1.0,746.863,427.0,1.0,388.337,481.438,1.0,379.441,475.145,1.0,371.201,469.718,1.0,367.191,460.099,1.0,362.505,452.641,1.0,893.493,620.921,1.0,894.079,631.899,1.0,896.957,641.678,1.0,899.956,648.167,1.0,897.934,659.877,1.0,508.056,604.631,1.0,503.556,599.108,1.0,497.024,587.993,1.0,492.361,578.108,1.0,492.814,568.155,1.0,933.36,435.368,1.0,938.497,430.611,1.0,942.471,423.67,1.0,945.967,416.34,1.0,951.612,408.003,1.0
731,764.306,462.686,1.0,761.79,453.08,1.0,759.652,437.295,1.0,755.482,434.39,1.0,746.911,427.0,1.0,389.081,481.438,1.0,380.328,475.385,1.0,372.453,469.718,1.0,367.228,466.329,1.0,363.238,452.641,1.0,893.488,620.624,1.0,893.732,631.899,1.0,896.957,641.366,1.0,899.956,648.05,1.0,897.908,659.816,1.0,510.773,605.184,1.0,504.322,600.427,1.0,498.645,589.058,1.0,492.656,579.773,1.0,493.272,569.509,1.0,930.668,440.012,1.0,934.865,433.154,1.0,942.127,426.793,1.0,941.788,417.676,1.0,951.379,412.557,1.0
732,764.306,462.831,1.0,762.076,453.552,1.0,759.734,439.863,1.0,757.807,435.033,1.0,747.256,427.0,1.0,392.049,483.472,1.0,386.53,479.65,1.0,376.44,469.26,1.0,368.769,467.068,1.0,363.949,452.756,1.0,893.488,620.464,1.0,893.732,631.899,1.0,896.537,641.174,1.0,899.975,647.754,1.0,897.647,659.156,1.0,514.167,607.929,1.0,506.529,600.813,1.0,499.486,589.565,1.0,492.656,580.088,1.0,493.272,569.558,1.0,930.668,440.74,1.0,934.738,433.767,1.0,942.066,426.924,1.0,941.743,418.165,1.0,951.106,412.86,1.0
733,765.275,462.897,1.0,762.457,455.412,1.0,761.438,444.188,1.0,759.541,436.854,1.0,749.074,427.369,1.0,392.398,483.472,1.0,386.53,479.679,1.0,376.646,469.26,1.0,369.511,467.686,1.0,364.109,453.285,1.0,893.493,620.461,1.0,893.732,631.374,1.0,896.537,640.567,1.0,899.975,647.411,1.0,897.351,659.014,1.0,514.668,608.172,1.0,507.077,601.105,1.0,499.486,590.316,1.0,492.487,580.188,1.0,493.272,569.958,1.0,930.668,441.857,1.0,934.713,434.269,1.0,941.82,427.102,1.0,941.15,418.801,1.0,950.951,413.796,1.0
734,765.824,463.742,1.0,764.365,457.675,1.0,761.901,447.328,1.0,759.586,440.37,1.0,752.698,427.983,1.0,392.911,483.678,1.0,386.556,480.307,1.0,377.528,469.26,1.0,370.368,468.551,1.0,364.996,453.285,1.0,893.488,619.966,1.0,893.732,630.435,1.0,896.537,639.033,1.0,899.756,646.053,1.0,897.165,657.171,1.0,515.139,608.271,1.0,507.175,601.105,1.0,499.486,590.906,1.0,492.539,581.918,1.0,493.272,571.299,1.0,930.794,442.456,1.0,933.988,435.561,1.0,941.033,427.359,1.0,940.706,418.833,1.0,949.574,413.796,1.0
735,765.824,464.101,1.0,764.797,457.949,1.0,761.901,448.063,1.0,759.643,440.833,1.0,753.59,427.983,1.0,393.117,483.848,1.0,386.633,480.382,1.0,378.65,474.718,1.0,370.368,471.405,1.0,366.266,455.594,1.0,893.796,612.797,1.0,896.469,622.401,1.0,899.359,631.488,1.0,895.547,643.247,1.0,897.165,652.998,1.0,515.539,608.172,1.0,508.115,601.105,1.0,499.36,591.552,1.0,492.487,582.879,1.0,492.677,571.638,1.0,931.393,442.557,1.0,932.328,436.835,1.0,937.956,427.824,1.0,940.092,420.347,1.0,947.287,413.796,1.0
736,765.824,464.101,1.0,764.905,458.118,1.0,761.901,448.328,1.0,759.643,440.833,1.0,753.598,427.995,1.0,394.542,485.536,1.0,387.949,483.419,1.0,379.553,475.375,1.0,373.024,471.405,1.0,367.943,462.125,1.0,893.796,609.583,1.0,896.469,621.034,1.0,900.191,629.276,1.0,895.422,639.8,1.0,897.154,652.753,1.0,515.605,608.172,1.0,508.61,602.009,1.0,499.36,592.133,1.0,492.249,583.472,1.0,491.899,571.706,1.0,931.429,444.157,1.0,932.328,437.53,1.0,934.748,429.571,1.0,939.729,420.591,1.0,943.784,412.775,1.0
737,765.698,464.33,1.0,765.374,458.191,1.0,761.965,448.763,1.0,759.643,440.963,1.0,753.652,428.646,1.0,397.457,490.179,1.0,388.824,484.163,1.0,380.865,475.574,1.0,373.757,471.405,1.0,368.974,462.433,1.0,893.709,609.43,1.0,896.554,621.013,1.0,900.191,629.276,1.0,895.422,639.457,1.0,897.165,652.697,1.0,515.89,608.168,1.0,508.713,602.009,1.0,499.36,592.133,1.0,492.324,583.75,1.0,491.899,571.875,1.0,932.13,445.371,1.0,932.328,437.987,1.0,934.255,429.979,1.0,939.667,420.889,1.0,943.084,412.775,1.0
738,765.698,464.536,1.0,766.352,458.385,1.0,762.286,450.654,1.0,759.032,441.15,1.0,755.12,429.822,1.0,397.692,490.179,1.0,389.709,484.886,1.0,381.614,475.627,1.0,374.983,470.82,1.0,369.32,463.767,1.0,893.709,608.586,1.0,896.469,620.316,1.0,900.191,628.993,1.0,895.547,639.412,1.0,897.246,652.618,1.0,515.941,608.018,1.0,509.37,601.043,1.0,499.706,592.149,1.0,492.324,583.75,1.0,491.899,572.102,1.0,932.779,445.78,1.0,932.367,438.281,1.0,934.03,431.073,1.0,939.667,420.889,1.0,942.777,412.775,1.0
739,765.698,466.4,1.0,766.771,459.453,1.0,762.711,452.125,1.0,759.008,441.958,1.0,757.547,433.218,1.0,398.171,490.593,1.0,389.944,485.26,1.0,381.732,475.952,1.0,374.983,470.82,1.0,369.455,464.601,1.0,893.796,608.586,1.0,896.303,620.167,1.0,897.014,628.966,1.0,896.05,637.088,1.0,897.255,652.003,1.0,516.169,606.688,1.0,510.284,601.043,1.0,501.913,592.241,1.0,492.324,584.055,1.0,491.83,572.248,1.0,932.779,446.35,1.0,932.367,438.281,1.0,933.704,431.073,1.0,939.667,421.448,1.0,942.777,412.821,1.0
740,766.231,475.432,1.0,769.277,463.941,1.0,762.989,453.819,1.0,758.92,442.255,1.0,757.547,437.778,1.0,398.336,490.593,1.0,391.631,485.371,1.0,383.031,476.275,1.0,377.546,470.82,1.0,370.892,466.057,1.0,896.621,608.586,1.0,894.975,617.359,1.0,896.489,628.822,1.0,898.399,636.963,1.0,897.255,651.147,1.0,517.241,605.984,1.0,510.656,596.405,1.0,502.511,592.576,1.0,496.182,584.252,1.0,492.455,573.878,1.0,932.779,446.35,1.0,932.367,439.254,1.0,933.225,431.073,1.0,939.249,422.689,1.0,940.971,415.746,1.0
741,766.973,477.318,1.0,769.277,467.063,1.0,764.817,458.27,1.0,758.92,443.755,1.0,757.547,439.998,1.0,400.209,492.393,1.0,393.625,485.613,1.0,386.482,481.814,1.0,377.546,473.356,1.0,372.44,467.51,1.0,904.093,608.586,1.0,894.881,616.787,1.0,894.908,626.156,1.0,898.489,634.536,1.0,897.255,646.221,1.0,520.665,605.984,1.0,512.678,596.405,1.0,503.965,594.149,1.0,496.731,587.48,1.0,492.491,579.396,1.0,930.825,453.977,1.0,932.075,443.053,1.0,933.224,438.184,1.0,939.206,426.264,1.0,940.971,420.871,1.0
742,766.973,477.318,1.0,769.706,467.111,1.0,764.834,458.375,1.0,758.92,443.944,1.0,757.547,440.11,1.0,400.603,492.852,1.0,397.082,485.745,1.0,388.553,483.717,1.0,379.626,476.97,1.0,375.598,471.817,1.0,904.263,609.724,1.0,894.873,616.057,1.0,894.359,625.872,1.0,898.542,633.844,1.0,897.255,646.204,1.0,521.828,605.984,1.0,515.295,596.405,1.0,504.779,595.36,1.0,498.811,589.154,1.0,492.681,582.587,1.0,930.805,456.206,1.0,931.419,444.386,1.0,933.043,439.823,1.0,938.639,428.046,1.0,940.971,422.665,1.0
743,766.973,477.318,1.0,769.706,467.61,1.0,765.498,458.989,1.0,758.77,444.764,1.0,757.547,440.649,1.0,401.045,494.093,1.0,397.577,486.01,1.0,388.702,483.906,1.0,379.669,477.005,1.0,376.211,471.871,1.0,904.749,609.724,1.0,894.881,616.057,1.0,894.359,625.324,1.0,898.489,633.828,1.0,896.582,645.581,1.0,521.828,607.442,1.0,515.484,599.028,1.0,504.779,596.813,1.0,498.811,590.652,1.0,493.1,582.684,1.0,930.425,459.874,1.0,928.964,448.238,1.0,932.991,439.914,1.0,938.197,429.309,1.0,942.908,423.075,1.0
744,766.973,477.318,1.0,769.706,468.641,1.0,765.498,459.775,1.0,758.77,446.399,1.0,757.64,441.206,1.0,401.045,494.093,1.0,397.769,486.01,1.0,389.073,483.976,1.0,379.673,477.264,1.0,376.211,471.871,1.0,904.948,609.724,1.0,894.881,616.057,1.0,894.787,624.787,1.0,898.542,633.619,1.0,896.203,645.25,1.0,521.828,607.89,1.0,515.484,599.458,1.0,505.143,597.098,1.0,498.923,592.305,1.0,495.701,582.935,1.0,930.425,459.874,1.0,928.128,448.576,1.0,932.178,440.219,1.0,937.552,429.372,1.0,942.908,423.411,1.0
745,766.973,477.318,1.0,769.706,470.652,1.0,765.498,460.975,1.0,758.929,450.74,1.0,759.898,441.493,1.0,401.045,494.102,1.0,397.769,486.328,1.0,389.073,484.117,1.0,379.741,477.818,1.0,376.211,471.982,1.0,905.197,609.099,1.0,895.946,615.721,1.0,894.786,624.787,1.0,898.489,633.493,1.0,896.035,645.086,1.0,521.777,607.89,1.0,515.507,599.922,1.0,505.143,597.244,1.0,499.159,592.305,1.0,495.701,582.935,1.0,930.219,460.219,1.0,928.128,448.631,1.0,931.814,440.279,1.0,936.774,430.969,1.0,942.908,423.652,1.0
746,772.114,478.796,1.0,767.27,470.652,1.0,764.636,461.752,1.0,758.929,452.459,1.0,761.711,442.867,1.0,401.23,495.191,1.0,398.518,487.204,1.0,390.836,485.341,1.0,380.157,480.78,1.0,377.295,472.009,1.0,905.197,608.319,1.0,897.02,615.468,1.0,894.786,624.709,1.0,898.294,633.493,1.0,895.778,643.978,1.0,521.777,608.02,1.0,515.507,600.11,1.0,505.143,597.672,1.0,499.159,592.316,1.0,495.701,582.935,1.0,929.427,460.219,1.0,928.128,449.553,1.0,931.29,441.363,1.0,934.02,432.033,1.0,939.616,427.237,1.0
747,772.114,478.881,1.0,767.27,471.01,1.0,764.56,461.781,1.0,758.929,452.63,1.0,762.006,442.983,1.0,408.391,499.408,1.0,399.381,493.665,1.0,393.439,490.145,1.0,385.124,486.159,1.0,379.004,472.39,1.0,904.948,600.193,1.0,900.023,609.687,1.0,894.787,623.753,1.0,897.289,633.493,1.0,895.702,643.587,1.0,521.777,608.02,1.0,515.906,600.316,1.0,506.045,597.725,1.0,499.7,592.316,1.0,495.701,586.195,1.0,927.86,460.798,1.0,928.166,452.782,1.0,931.048,443.746,1.0,931.795,437.485,1.0,939.296,430.543,1.0
748,772.225,479.123,1.0,767.27,471.01,1.0,764.56,461.904,1.0,758.968,452.669,1.0,762.07,443.507,1.0,408.761,500.221,1.0,400.28,495.894,1.0,394.91,490.354,1.0,389.097,488.674,1.0,380.448,475.134,1.0,904.401,599.998,1.0,900.392,609.344,1.0,894.786,623.365,1.0,894.282,632.148,1.0,895.642,643.237,1.0,521.8,608.025,1.0,516.172,601.335,1.0,507.555,599.879,1.0,500.875,593.586,1.0,496.184,586.195,1.0,921.615,462.137,1.0,928.166,452.782,1.0,931.048,447.402,1.0,931.089,438.929,1.0,937.729,431.864,1.0
749,772.448,479.123,1.0,768.232,471.01,1.0,764.636,461.904,1.0,759.769,453.415,1.0,762.006,443.709,1.0,408.761,500.221,1.0,400.949,496.151,1.0,395.523,490.567,1.0,390.256,488.674,1.0,380.552,475.559,1.0,904.401,599.91,1.0,900.474,608.924,1.0,894.644,622.959,1.0,894.282,630.913,1.0,895.436,643.169,1.0,524.527,612.312,1.0,519.557,607.541,1.0,511.463,600.055,1.0,502.332,596.726,1.0,499.509,586.195,1.0,920.67,462.272,1.0,928.166,452.782,1.0,931.213,447.667,1.0,931.089,439.493,1.0,937.521,432.182,1.0
750,773.406,479.123,1.0,769.68,471.413,1.0,768.465,465.091,1.0,760.286,455.524,1.0,762.127,445.83,1.0,408.761,500.271,1.0,401.12,497.169,1.0,395.862,490.606,1.0,390.992,488.674,1.0,380.881,475.942,1.0,904.401,598.039,1.0,901.534,602.206,1.0,894.552,620.764,1.0,893.918,630.913,1.0,895.403,639.214,1.0,525.377,612.495,1.0,520.665,608.476,1.0,511.463,600.259,1.0,505.384,598.377,1.0,499.509,584.913,1.0,920.67,462.272,1.0,927.912,455.37,1.0,931.213,447.69,1.0,930.992,439.537,1.0,937.144,432.182,1.0
751,778.785,479.123,1.0,772.972,471.892,1.0,769.978,467.646,1.0,762.833,457.145,1.0,762.373,446.389,1.0,408.824,500.361,1.0,401.84,498.445,1.0,396.004,490.828,1.0,391.084,488.523,1.0,381.766,476.416,1.0,905.82,596.973,1.0,901.931,601.214,1.0,894.41,617.203,1.0,893.418,628.378,1.0,895.32,638.583,1.0,526.245,618.235,1.0,520.665,608.705,1.0,511.463,600.761,1.0,505.384,599.315,1.0,499.509,584.819,1.0,920.057,462.272,1.0,927.718,455.37,1.0,931.048,448.118,1.0,930.606,440.548,1.0,937.049,432.682,1.0
752,780.042,479.399,1.0,773.128,471.892,1.0,770.069,467.776,1.0,763.02,457.388,1.0,762.384,446.389,1.0,416.74,501.902,1.0,408.538,500.252,1.0,399.365,490.841,1.0,391.122,488.158,1.0,383.667,480.015,1.0,905.869,596.923,1.0,901.931,601.084,1.0,893.616,617.071,1.0,893.418,628.267,1.0,895.32,638.216,1.0,526.433,618.39,1.0,519.557,609.151,1.0,511.463,600.957,1.0,505.384,599.796,1.0,499.203,584.737,1.0,920.057,462.939,1.0,925.531,455.37,1.0,926.17,449.484,1.0,928.6,441.551,1.0,933.839,433.125,1.0
753,781.131,479.399,1.0,773.644,472.031,1.0,770.268,468.244,1.0,763.02,457.388,1.0,762.384,446.389,1.0,416.769,507.023,1.0,408.784,503.123,1.0,401.172,495.695,1.0,393.433,488.158,1.0,386.373,483.063,1.0,905.869,596.923,1.0,901.931,601.084,1.0,893.318,616.441,1.0,893.423,627.591,1.0,895.307,638.028,1.0,526.838,618.448,1.0,519.557,609.206,1.0,511.629,601.06,1.0,505.384,599.801,1.0,499.084,584.737,1.0,919.268,467.732,1.0,921.845,460.174,1.0,925.692,451.993,1.0,928.426,445.049,1.0,931.648,437.143,1.0
754,782.34,479.399,1.0,773.644,472.031,1.0,770.069,468.244,1.0,763.02,457.388,1.0,762.837,446.408,1.0,416.866,511.943,1.0,409.674,504.492,1.0,401.628,495.831,1.0,394.352,488.158,1.0,387.018,483.359,1.0,905.869,596.973,1.0,901.129,601.084,1.0,893.318,616.441,1.0,893.423,628.267,1.0,895.177,638.216,1.0,526.838,618.39,1.0,519.284,609.206,1.0,511.408,601.117,1.0,505.256,599.801,1.0,499.084,584.819,1.0,919.174,468.0,1.0,921.845,460.344,1.0,925.583,452.009,1.0,928.426,445.491,1.0,930.866,438.118,1.0
755,782.34,479.399,1.0,774.068,472.029,1.0,770.069,468.457,1.0,763.02,457.445,1.0,762.874,446.408,1.0,416.931,512.238,1.0,409.944,504.492,1.0,402.636,495.98,1.0,394.815,488.383,1.0,387.066,483.538,1.0,905.118,599.231,1.0,900.333,601.397,1.0,893.616,617.071,1.0,893.423,628.267,1.0,895.176,638.028,1.0,526.838,618.39,1.0,519.162,609.206,1.0,511.408,601.227,1.0,505.239,599.801,1.0,498.958,584.86,1.0,919.174,468.306,1.0,921.824,460.793,1.0,925.44,452.582,1.0,928.426,445.643,1.0,929.815,438.624,1.0
756,782.343,479.564,1.0,774.443,472.262,1.0,769.153,469.184,1.0,763.02,457.602,1.0,762.99,446.456,1.0,417.063,512.291,1.0,410.332,504.707,1.0,402.636,496.893,1.0,395.697,488.811,1.0,387.801,483.541,1.0,902.844,603.179,1.0,898.309,602.372,1.0,893.681,617.071,1.0,893.459,627.591,1.0,895.085,638.008,1.0,525.283,612.868,1.0,519.096,608.312,1.0,511.114,601.258,1.0,504.865,599.801,1.0,498.815,584.931,1.0,919.174,468.309,1.0,921.79,460.944,1.0,925.366,452.871,1.0,928.24,446.342,1.0,929.815,439.368,1.0
757,782.343,479.875,1.0,776.183,472.563,1.0,769.153,470.099,1.0,762.996,457.925,1.0,764.842,448.77,1.0,417.089,513.205,1.0,411.334,504.814,1.0,404.457,498.812,1.0,396.319,490.604,1.0,392.07,485.166,1.0,895.738,603.179,1.0,896.222,602.372,1.0,893.681,617.061,1.0,894.174,627.591,1.0,895.085,637.959,1.0,524.123,605.746,1.0,517.321,602.025,1.0,511.114,601.306,1.0,504.506,599.801,1.0,498.593,585.334,1.0,919.158,468.9,1.0,921.481,461.733,1.0,924.251,454.358,1.0,928.1,447.199,1.0,929.44,440.297,1.0
758,783.4,486.215,1.0,779.549,478.661,1.0,769.153,470.099,1.0,763.27,462.346,1.0,764.842,452.524,1.0,419.48,513.286,1.0,415.241,505.107,1.0,405.721,501.19,1.0,396.839,495.551,1.0,392.798,485.745,1.0,893.466,603.179,1.0,895.108,602.372,1.0,893.681,617.061,1.0,894.174,627.204,1.0,895.085,637.558,1.0,519.65,596.09,1.0,517.321,597.351,1.0,511.114,603.461,1.0,504.37,600.653,1.0,497.108,586.804,1.0,916.403,475.584,1.0,919.252,468.169,1.0,924.064,459.088,1.0,924.507,452.088,1.0,929.666,443.502,1.0
759,783.645,488.033,1.0,780.27,479.816,1.0,769.282,470.051,1.0,763.27,462.925,1.0,764.844,453.235,1.0,420.801,514.052,1.0,415.495,505.107,1.0,406.025,501.653,1.0,399.157,496.696,1.0,393.833,485.956,1.0,893.379,595.153,1.0,894.387,599.709,1.0,893.31,616.193,1.0,893.918,625.478,1.0,895.341,637.536,1.0,519.65,593.253,1.0,517.321,597.351,1.0,511.612,603.752,1.0,504.37,600.653,1.0,496.365,586.804,1.0,911.729,476.773,1.0,917.709,470.642,1.0,923.848,461.101,1.0,923.747,453.472,1.0,929.296,444.493,1.0
760,783.79,488.064,1.0,780.27,480.119,1.0,769.767,470.051,1.0,763.067,462.978,1.0,764.844,453.496,1.0,421.222,514.113,1.0,416.054,505.436,1.0,406.673,502.136,1.0,399.741,497.31,1.0,394.55,485.997,1.0,892.6,593.914,1.0,894.119,599.293,1.0,893.31,615.196,1.0,894.099,625.036,1.0,895.341,637.398,1.0,519.65,593.253,1.0,520.407,597.351,1.0,511.612,603.752,1.0,504.37,600.653,1.0,496.3,586.804,1.0,911.039,476.773,1.0,917.223,471.062,1.0,923.589,461.105,1.0,923.623,453.873,1.0,929.296,444.605,1.0
761,784.108,488.68,1.0,780.329,480.281,1.0,769.899,470.099,1.0,763.067,463.032,1.0,764.807,453.541,1.0,421.658,514.366,1.0,416.054,506.536,1.0,406.673,502.166,1.0,401.044,497.515,1.0,395.153,485.997,1.0,892.6,593.421,1.0,894.119,599.293,1.0,893.31,614.863,1.0,893.918,624.958,1.0,895.517,637.374,1.0,523.257,592.16,1.0,520.407,598.436,1.0,511.612,603.883,1.0,503.423,600.55,1.0,496.257,586.011,1.0,909.594,476.681,1.0,916.907,472.176,1.0,923.103,461.395,1.0,922.793,454.164,1.0,929.23,445.515,1.0
762,784.108,489.432,1.0,780.352,481.189,1.0,769.917,470.051,1.0,763.27,462.997,1.0,764.571,453.684,1.0,422.155,515.31,1.0,417.173,506.7,1.0,409.973,504.988,1.0,402.188,500.613,1.0,397.314,488.644,1.0,893.379,592.19,1.0,894.387,599.237,1.0,893.31,614.225,1.0,893.525,623.735,1.0,895.517,637.086,1.0,523.257,592.16,1.0,520.407,598.436,1.0,511.612,603.883,1.0,503.423,600.55,1.0,496.257,586.011,1.0,909.594,476.681,1.0,916.772,472.176,1.0,923.032,461.487,1.0,922.764,454.277,1.0,929.23,445.733,1.0
763,784.108,490.407,1.0,780.352,481.798,1.0,770.404,470.051,1.0,765.197,462.997,1.0,764.353,454.493,1.0,427.129,519.544,1.0,418.492,515.628,1.0,412.953,506.189,1.0,402.873,503.108,1.0,400.58,494.794,1.0,893.121,592.927,1.0,894.737,599.293,1.0,894.894,610.528,1.0,893.918,619.557,1.0,895.517,633.73,1.0,523.257,593.149,1.0,518.682,598.436,1.0,511.57,603.752,1.0,503.423,600.55,1.0,496.234,585.735,1.0,909.594,476.773,1.0,916.17,472.318,1.0,920.592,461.719,1.0,922.764,454.835,1.0,928.928,446.262,1.0
764,783.812,490.407,1.0,779.986,481.798,1.0,770.404,470.158,1.0,765.731,462.997,1.0,764.353,454.493,1.0,429.715,519.544,1.0,419.781,516.464,1.0,414.244,506.483,1.0,403.305,503.144,1.0,402.399,494.896,1.0,892.946,592.368,1.0,896.4,601.131,1.0,896.869,608.383,1.0,894.099,619.208,1.0,894.847,633.283,1.0,520.275,593.149,1.0,517.064,594.54,1.0,511.305,602.851,1.0,503.423,600.55,1.0,495.921,585.735,1.0,909.687,481.492,1.0,916.071,472.318,1.0,920.207,462.627,1.0,922.764,456.069,1.0,928.069,447.614,1.0
765,781.565,489.432,1.0,778.775,481.798,1.0,770.404,470.158,1.0,765.731,462.283,1.0,764.353,454.493,1.0,429.902,519.544,1.0,420.047,516.851,1.0,414.358,506.558,1.0,403.305,503.646,1.0,402.399,494.896,1.0,893.121,592.368,1.0,896.4,603.626,1.0,896.869,607.913,1.0,896.297,618.328,1.0,893.531,633.174,1.0,515.258,593.149,1.0,516.987,594.54,1.0,510.971,602.851,1.0,503.423,600.55,1.0,494.605,585.589,1.0,911.621,482.152,1.0,913.926,473.135,1.0,919.08,464.067,1.0,924.016,456.236,1.0,927.52,449.422,1.0
766,780.294,489.432,1.0,777.034,482.148,1.0,769.307,471.365,1.0,765.731,461.438,1.0,764.353,454.379,1.0,429.902,519.461,1.0,420.103,516.992,1.0,414.457,506.796,1.0,403.305,503.79,1.0,402.853,494.896,1.0,893.121,592.368,1.0,894.737,603.626,1.0,896.869,607.695,1.0,896.891,617.817,1.0,893.531,633.174,1.0,512.394,596.54,1.0,513.326,594.54,1.0,506.991,598.278,1.0,503.334,598.389,1.0,494.605,585.589,1.0,913.355,482.3,1.0,913.781,473.245,1.0,917.532,467.239,1.0,924.043,456.42,1.0,927.146,449.749,1.0
767,773.743,490.407,1.0,776.205,482.419,1.0,769.307,471.365,1.0,763.372,461.434,1.0,764.353,453.536,1.0,429.715,519.461,1.0,421.804,517.226,1.0,415.557,506.837,1.0,404.158,503.689,1.0,402.947,495.256,1.0,892.946,592.368,1.0,896.4,603.626,1.0,896.152,607.695,1.0,897.32,617.26,1.0,893.531,633.221,1.0,510.624,599.272,1.0,512.049,594.054,1.0,506.978,598.278,1.0,503.009,598.233,1.0,493.728,585.589,1.0,913.747,482.491,1.0,913.607,473.591,1.0,917.304,468.025,1.0,924.173,456.42,1.0,927.049,451.245,1.0
768,773.089,486.804,1.0,774.267,481.159,1.0,769.307,471.365,1.0,763.372,460.952,1.0,763.868,453.501,1.0,429.715,519.461,1.0,422.288,518.153,1.0,415.875,507.01,1.0,405.252,504.646,1.0,403.657,496.23,1.0,892.946,590.844,1.0,896.4,601.951,1.0,895.219,607.695,1.0,897.607,617.073,1.0,897.25,633.283,1.0,510.624,599.272,1.0,512.049,594.054,1.0,506.978,598.278,1.0,502.889,598.233,1.0,493.728,585.589,1.0,913.747,483.544,1.0,913.607,473.591,1.0,916.953,468.089,1.0,924.043,456.976,1.0,927.049,451.747,1.0
769,769.98,486.804,1.0,772.887,481.159,1.0,769.35,470.722,1.0,763.372,460.585,1.0,763.764,453.059,1.0,428.223,526.017,1.0,422.288,518.474,1.0,416.44,511.088,1.0,410.62,504.68,1.0,404.808,497.825,1.0,893.018,587.08,1.0,897.966,597.875,1.0,895.031,610.797,1.0,897.607,616.667,1.0,897.658,633.221,1.0,510.36,599.272,1.0,512.049,594.852,1.0,506.991,598.426,1.0,503.009,598.233,1.0,493.728,585.444,1.0,913.355,483.939,1.0,913.781,473.783,1.0,916.953,468.822,1.0,924.016,457.55,1.0,927.049,451.98,1.0
770,762.317,483.291,1.0,770.936,481.159,1.0,769.35,470.523,1.0,764.849,460.585,1.0,763.764,452.963,1.0,426.218,526.393,1.0,422.787,518.809,1.0,419.741,511.674,1.0,411.851,505.144,1.0,405.343,497.985,1.0,893.018,583.299,1.0,897.966,595.288,1.0,895.031,610.797,1.0,897.607,616.468,1.0,897.658,633.221,1.0,510.36,594.374,1.0,512.176,594.054,1.0,508.327,603.484,1.0,503.301,600.549,1.0,493.728,584.451,1.0,913.043,484.179,1.0,913.607,474.453,1.0,916.501,469.763,1.0,923.948,458.433,1.0,926.896,453.056,1.0
771,761.555,481.76,1.0,770.121,474.906,1.0,769.35,470.523,1.0,765.501,460.585,1.0,763.764,452.963,1.0,424.482,529.115,1.0,422.787,520.389,1.0,419.741,512.812,1.0,411.851,505.144,1.0,405.841,498.007,1.0,893.087,583.144,1.0,897.966,595.234,1.0,895.031,610.797,1.0,893.147,616.269,1.0,897.25,633.17,1.0,510.36,594.374,1.0,512.576,594.054,1.0,508.327,603.484,1.0,503.009,600.549,1.0,493.728,584.451,1.0,910.985,484.34,1.0,913.607,474.874,1.0,915.318,471.531,1.0,921.587,461.98,1.0,926.896,454.889,1.0
772,761.004,478.31,1.0,768.499,474.374,1.0,769.185,470.722,1.0,765.885,460.93,1.0,763.764,453.059,1.0,423.954,529.247,1.0,422.313,520.407,1.0,419.741,513.073,1.0,411.908,505.317,1.0,406.04,498.131,1.0,893.127,581.697,1.0,897.115,591.864,1.0,898.793,602.793,1.0,893.007,615.999,1.0,894.589,623.055,1.0,510.821,594.374,1.0,512.974,595.234,1.0,508.327,603.484,1.0,503.301,600.549,1.0,494.296,584.451,1.0,909.015,494.199,1.0,910.091,483.848,1.0,915.28,474.733,1.0,912.874,462.122,1.0,926.749,456.244,1.0
773,760.521,478.16,1.0,768.417,472.472,1.0,768.984,472.138,1.0,766.362,461.383,1.0,763.764,453.555,1.0,423.777,529.254,1.0,422.286,520.473,1.0,419.32,513.126,1.0,411.995,505.63,1.0,406.053,498.168,1.0,893.165,581.273,1.0,895.681,590.803,1.0,898.949,601.05,1.0,893.007,614.049,1.0,894.577,622.687,1.0,511.013,604.946,1.0,512.974,597.768,1.0,507.694,599.067,1.0,503.301,597.763,1.0,495.089,584.848,1.0,908.846,494.199,1.0,909.772,484.049,1.0,915.256,474.733,1.0,912.869,462.351,1.0,926.239,456.563,1.0
774,758.716,476.71,1.0,766.262,471.344,1.0,767.653,472.138,1.0,766.362,461.868,1.0,763.071,453.733,1.0,423.777,530.1,1.0,422.286,520.724,1.0,419.222,513.414,1.0,412.004,505.63,1.0,406.183,498.673,1.0,893.27,581.273,1.0,895.289,590.606,1.0,898.949,600.29,1.0,893.147,612.505,1.0,894.343,622.497,1.0,511.32,604.958,1.0,512.843,597.768,1.0,506.567,598.908,1.0,502.987,597.37,1.0,495.372,584.848,1.0,908.838,494.199,1.0,909.658,484.049,1.0,915.121,474.733,1.0,912.757,462.523,1.0,922.513,457.141,1.0
775,754.093,468.69,1.0,765.122,469.689,1.0,767.653,472.138,1.0,766.362,461.868,1.0,761.408,454.743,1.0,423.777,530.1,1.0,422.286,520.793,1.0,418.936,513.534,1.0,412.004,505.873,1.0,406.28,499.051,1.0,893.165,581.145,1.0,894.785,590.543,1.0,898.949,599.889,1.0,893.396,611.977,1.0,894.577,622.198,1.0,511.32,606.298,1.0,512.843,598.087,1.0,506.042,598.908,1.0,502.922,596.84,1.0,495.976,584.848,1.0,908.766,494.141,1.0,909.658,484.027,1.0,914.613,474.733,1.0,912.757,462.956,1.0,922.513,458.208,1.0
776,752.836,468.115,1.0,764.446,469.171,1.0,767.653,471.109,1.0,765.927,461.612,1.0,759.661,459.965,1.0,423.784,530.236,1.0,422.313,521.288,1.0,418.82,513.866,1.0,412.004,506.066,1.0,406.28,499.181,1.0,893.27,581.054,1.0,893.015,589.781,1.0,898.729,599.255,1.0,893.428,610.865,1.0,894.569,622.166,1.0,512.632,606.298,1.0,512.974,598.227,1.0,506.567,599.067,1.0,502.712,596.804,1.0,495.976,584.119,1.0,908.766,494.141,1.0,909.772,484.027,1.0,914.171,474.733,1.0,912.874,463.102,1.0,922.261,458.266,1.0
777,748.541,468.082,1.0,754.395,469.004,1.0,766.52,469.987,1.0,765.06,461.612,1.0,758.565,460.785,1.0,423.784,530.279,1.0,424.94,522.535,1.0,418.82,515.348,1.0,412.185,507.825,1.0,406.577,501.66,1.0,893.323,576.515,1.0,892.138,585.918,1.0,896.177,598.654,1.0,894.153,606.43,1.0,894.577,622.166,1.0,521.995,604.958,1.0,515.771,600.385,1.0,506.567,599.17,1.0,501.168,596.215,1.0,495.837,582.387,1.0,908.838,494.141,1.0,914.585,484.114,1.0,913.68,475.082,1.0,915.904,466.406,1.0,922.258,458.992,1.0
778,748.358,468.082,1.0,754.143,469.004,1.0,766.52,468.833,1.0,764.973,461.406,1.0,758.565,460.785,1.0,423.974,532.634,1.0,424.954,525.82,1.0,418.82,517.923,1.0,412.823,511.443,1.0,408.16,503.063,1.0,895.884,576.505,1.0,892.138,585.39,1.0,896.089,598.571,1.0,894.153,606.43,1.0,894.636,622.109,1.0,524.066,605.022,1.0,516.286,600.385,1.0,506.731,600.619,1.0,500.686,596.215,1.0,495.837,582.283,1.0,909.173,494.659,1.0,914.884,485.929,1.0,913.008,476.211,1.0,915.904,468.885,1.0,922.258,461.386,1.0
779,747.452,468.115,1.0,754.143,469.171,1.0,766.52,468.833,1.0,764.258,461.406,1.0,758.565,460.785,1.0,425.456,541.999,1.0,424.966,530.837,1.0,420.685,519.523,1.0,414.765,514.207,1.0,410.769,503.063,1.0,895.884,576.208,1.0,892.138,585.39,1.0,895.829,598.154,1.0,894.153,605.985,1.0,894.636,622.109,1.0,524.142,604.654,1.0,516.81,600.385,1.0,506.731,600.619,1.0,500.211,596.016,1.0,495.179,582.283,1.0,909.955,494.659,1.0,914.894,486.361,1.0,912.97,476.225,1.0,916.054,469.757,1.0,922.114,462.208,1.0
780,747.433,468.756,1.0,753.535,469.207,1.0,763.736,468.833,1.0,763.006,461.612,1.0,759.74,455.801,1.0,425.642,542.27,1.0,425.337,532.954,1.0,421.585,519.788,1.0,416.684,514.799,1.0,412.659,504.135,1.0,895.884,574.861,1.0,892.704,585.39,1.0,895.673,597.877,1.0,893.407,605.853,1.0,894.636,622.109,1.0,524.165,604.146,1.0,516.81,600.385,1.0,506.731,600.751,1.0,499.663,596.016,1.0,495.179,582.387,1.0,910.737,494.847,1.0,914.884,487.257,1.0,912.769,476.248,1.0,915.904,471.591,1.0,920.0,464.746,1.0
781,742.31,481.074,1.0,753.297,469.207,1.0,760.815,468.848,1.0,762.575,467.487,1.0,759.897,454.827,1.0,425.708,542.277,1.0,425.337,533.213,1.0,421.723,519.923,1.0,417.798,515.152,1.0,412.694,504.165,1.0,895.021,574.861,1.0,893.601,585.514,1.0,893.367,594.623,1.0,892.759,602.765,1.0,894.636,617.708,1.0,524.165,604.146,1.0,516.81,600.077,1.0,506.289,600.619,1.0,499.369,596.016,1.0,495.179,584.573,1.0,911.548,495.297,1.0,914.884,487.409,1.0,912.7,478.036,1.0,915.751,472.212,1.0,920.0,464.746,1.0
782,741.148,481.074,1.0,749.35,469.207,1.0,758.71,469.653,1.0,762.253,469.902,1.0,766.145,454.375,1.0,425.781,542.277,1.0,425.337,534.105,1.0,421.729,520.777,1.0,418.303,516.099,1.0,413.073,504.68,1.0,894.706,575.148,1.0,894.194,585.514,1.0,893.191,594.53,1.0,892.578,601.921,1.0,894.38,615.828,1.0,524.066,605.022,1.0,516.612,599.928,1.0,504.292,599.722,1.0,499.035,595.96,1.0,496.181,584.573,1.0,911.548,494.659,1.0,914.894,487.257,1.0,912.599,478.036,1.0,914.352,472.212,1.0,919.62,464.746,1.0
783,741.124,481.329,1.0,749.35,469.207,1.0,758.246,469.966,1.0,762.154,469.902,1.0,769.528,454.375,1.0,426.243,542.468,1.0,425.372,536.256,1.0,422.447,523.22,1.0,419.15,518.523,1.0,413.152,507.559,1.0,894.706,575.148,1.0,894.272,585.516,1.0,892.926,594.012,1.0,892.489,601.593,1.0,893.853,615.551,1.0,521.407,604.797,1.0,514.031,599.015,1.0,503.434,597.721,1.0,498.571,592.415,1.0,496.181,584.573,1.0,910.522,493.344,1.0,914.584,487.257,1.0,912.599,478.036,1.0,914.352,472.671,1.0,919.62,464.746,1.0
784,741.111,481.074,1.0,748.732,469.207,1.0,758.243,469.653,1.0,761.799,469.902,1.0,769.528,454.02,1.0,428.504,543.051,1.0,426.278,536.61,1.0,423.562,527.667,1.0,419.15,518.663,1.0,413.265,509.766,1.0,895.021,575.34,1.0,894.194,585.514,1.0,892.552,593.794,1.0,892.435,601.593,1.0,893.853,614.962,1.0,516.558,605.625,1.0,510.034,599.015,1.0,502.307,597.392,1.0,497.259,591.333,1.0,496.181,580.393,1.0,910.522,492.975,1.0,913.835,484.821,1.0,912.7,478.969,1.0,914.352,472.671,1.0,920.303,464.642,1.0
785,740.683,480.783,1.0,748.732,469.53,1.0,758.151,469.653,1.0,761.389,469.85,1.0,769.528,454.02,1.0,428.846,545.07,1.0,426.287,537.18,1.0,423.703,528.316,1.0,419.15,518.663,1.0,413.819,510.641,1.0,894.736,575.882,1.0,893.601,585.516,1.0,892.442,593.794,1.0,892.435,601.593,1.0,893.853,614.962,1.0,506.94,605.625,1.0,506.461,599.015,1.0,502.307,594.492,1.0,497.259,588.401,1.0,494.951,579.452,1.0,907.668,484.433,1.0,913.835,484.651,1.0,912.787,477.553,1.0,915.331,472.191,1.0,920.303,464.56,1.0
786,739.669,480.783,1.0,748.591,470.156,1.0,757.352,469.485,1.0,760.277,469.85,1.0,769.528,454.375,1.0,428.949,547.509,1.0,428.239,537.56,1.0,423.713,529.702,1.0,418.885,518.845,1.0,413.819,510.663,1.0,894.736,576.489,1.0,894.272,585.411,1.0,892.552,593.794,1.0,892.489,602.004,1.0,893.853,614.96,1.0,498.044,607.006,1.0,504.415,600.38,1.0,502.276,594.492,1.0,497.066,588.256,1.0,493.932,579.452,1.0,900.694,480.859,1.0,910.343,482.188,1.0,912.821,477.469,1.0,915.821,472.191,1.0,919.483,464.56,1.0
787,734.321,481.329,1.0,746.052,471.062,1.0,755.043,469.485,1.0,759.181,469.85,1.0,769.528,455.016,1.0,428.949,547.58,1.0,428.268,537.722,1.0,423.988,529.854,1.0,418.841,518.845,1.0,413.819,510.762,1.0,894.736,576.489,1.0,893.568,585.411,1.0,892.926,593.794,1.0,893.2,602.004,1.0,894.259,614.91,1.0,495.565,607.006,1.0,501.57,601.119,1.0,502.276,594.492,1.0,497.141,588.213,1.0,493.645,579.452,1.0,899.27,479.186,1.0,906.536,479.94,1.0,912.821,477.469,1.0,915.876,472.671,1.0,919.483,464.475,1.0
788,732.477,481.744,1.0,738.525,474.901,1.0,752.44,469.485,1.0,759.181,472.496,1.0,768.687,459.481,1.0,428.949,547.58,1.0,428.272,537.805,1.0,424.049,530.343,1.0,418.841,518.845,1.0,413.819,510.762,1.0,887.066,576.627,1.0,893.568,585.064,1.0,892.442,593.794,1.0,893.2,602.004,1.0,894.322,614.039,1.0,491.893,610.607,1.0,499.037,601.706,1.0,502.276,594.675,1.0,497.141,588.213,1.0,493.351,579.469,1.0,892.959,478.436,1.0,905.788,478.654,1.0,912.821,476.906,1.0,915.876,472.839,1.0,918.796,464.475,1.0
789,732.464,481.947,1.0,738.178,474.901,1.0,751.684,469.884,1.0,758.939,473.591,1.0,768.333,461.281,1.0,428.995,547.6,1.0,428.43,537.907,1.0,424.049,531.824,1.0,418.885,521.315,1.0,414.017,513.765,1.0,886.154,576.627,1.0,893.892,583.26,1.0,892.021,593.203,1.0,893.2,600.44,1.0,894.702,614.039,1.0,491.259,610.71,1.0,498.579,601.706,1.0,501.792,594.796,1.0,497.066,588.213,1.0,493.146,579.633,1.0,891.7,478.41,1.0,904.913,477.861,1.0,912.327,476.906,1.0,915.469,472.911,1.0,918.677,464.475,1.0
790,732.361,481.947,1.0,738.062,474.901,1.0,751.49,470.255,1.0,758.939,474.37,1.0,767.563,462.134,1.0,429.891,547.908,1.0,430.204,539.374,1.0,424.972,534.035,1.0,422.706,525.276,1.0,415.606,520.687,1.0,886.154,574.544,1.0,894.071,581.905,1.0,891.771,591.591,1.0,892.988,600.25,1.0,894.71,614.039,1.0,490.999,611.108,1.0,498.258,601.578,1.0,500.743,594.837,1.0,496.411,588.202,1.0,493.023,579.771,1.0,891.596,478.41,1.0,904.631,477.676,1.0,911.365,476.906,1.0,915.469,473.182,1.0,918.186,464.821,1.0
791,732.334,481.947,1.0,737.998,474.71,1.0,750.542,474.294,1.0,758.939,474.37,1.0,766.834,462.466,1.0,432.281,557.489,1.0,433.784,548.087,1.0,427.31,538.763,1.0,424.327,530.687,1.0,416.762,523.203,1.0,886.154,574.544,1.0,893.892,581.905,1.0,891.771,591.591,1.0,892.827,600.25,1.0,894.715,614.16,1.0,490.176,610.71,1.0,497.497,601.578,1.0,500.066,594.977,1.0,496.351,588.202,1.0,492.916,579.857,1.0,891.094,477.42,1.0,899.798,477.676,1.0,909.071,476.976,1.0,913.603,474.721,1.0,914.362,465.725,1.0
792,732.334,482.067,1.0,737.998,474.71,1.0,750.393,474.381,1.0,758.398,474.37,1.0,766.189,462.675,1.0,432.388,557.489,1.0,433.842,548.252,1.0,427.334,538.78,1.0,424.327,530.687,1.0,417.195,523.203,1.0,888.967,576.88,1.0,894.071,581.905,1.0,891.725,591.591,1.0,892.827,600.25,1.0,894.715,614.635,1.0,490.0,610.71,1.0,497.401,601.706,1.0,500.02,595.268,1.0,496.109,588.859,1.0,491.944,580.53,1.0,889.893,477.371,1.0,898.555,477.461,1.0,907.517,477.291,1.0,913.603,476.595,1.0,914.277,470.489,1.0
793,730.752,482.067,1.0,737.738,474.71,1.0,748.953,475.457,1.0,757.374,474.361,1.0,764.079,466.248,1.0,432.388,557.944,1.0,434.177,548.65,1.0,427.548,539.002,1.0,424.327,530.843,1.0,417.286,523.203,1.0,894.197,576.88,1.0,894.584,581.679,1.0,891.725,591.621,1.0,892.827,600.405,1.0,894.71,615.14,1.0,484.14,606.544,1.0,496.562,601.654,1.0,499.317,595.863,1.0,495.406,588.885,1.0,491.238,580.578,1.0,889.856,477.342,1.0,898.449,477.461,1.0,907.462,477.607,1.0,913.603,476.595,1.0,914.277,471.115,1.0
794,727.538,485.706,1.0,737.231,474.915,1.0,745.667,475.482,1.0,752.469,473.776,1.0,764.044,467.281,1.0,432.388,557.944,1.0,433.842,549.212,1.0,427.585,539.42,1.0,421.349,531.457,1.0,419.053,523.296,1.0,895.049,577.455,1.0,894.742,584.154,1.0,891.082,591.621,1.0,892.909,600.405,1.0,894.71,615.14,1.0,484.139,606.544,1.0,496.505,602.335,1.0,498.507,596.485,1.0,494.802,589.553,1.0,490.372,580.948,1.0,889.567,477.321,1.0,898.139,476.845,1.0,906.176,478.768,1.0,913.609,476.595,1.0,914.047,471.469,1.0
795,727.225,486.084,1.0,736.2,474.915,1.0,744.278,475.805,1.0,751.705,471.517,1.0,763.646,468.016,1.0,432.522,557.971,1.0,433.784,550.442,1.0,428.663,539.985,1.0,421.349,532.216,1.0,419.583,524.057,1.0,907.751,578.622,1.0,897.373,584.194,1.0,891.725,591.621,1.0,893.809,600.405,1.0,894.715,615.14,1.0,484.139,606.544,1.0,496.016,602.874,1.0,498.029,596.5,1.0,494.261,589.571,1.0,489.435,582.116,1.0,889.535,477.342,1.0,897.873,476.845,1.0,905.921,482.14,1.0,913.609,476.102,1.0,914.047,471.713,1.0
796,727.204,486.084,1.0,735.898,474.915,1.0,743.994,475.851,1.0,751.472,471.118,1.0,763.925,468.492,1.0,434.09,560.394,1.0,432.452,551.086,1.0,430.154,544.487,1.0,421.349,535.533,1.0,421.644,525.992,1.0,908.845,579.044,1.0,899.676,584.194,1.0,891.725,589.503,1.0,894.238,598.471,1.0,895.385,615.026,1.0,484.139,607.09,1.0,494.919,602.91,1.0,497.721,597.241,1.0,494.22,589.725,1.0,489.435,583.284,1.0,889.43,477.342,1.0,897.765,476.024,1.0,905.332,482.424,1.0,913.609,475.931,1.0,913.987,472.047,1.0
797,727.102,486.084,1.0,735.73,474.915,1.0,743.919,475.851,1.0,751.371,470.824,1.0,763.925,468.628,1.0,436.27,561.986,1.0,432.358,552.297,1.0,430.569,546.063,1.0,425.276,536.113,1.0,422.541,527.141,1.0,909.647,579.044,1.0,899.676,584.154,1.0,892.109,589.503,1.0,894.238,598.471,1.0,895.541,614.469,1.0,485.93,609.63,1.0,491.723,606.319,1.0,495.371,597.763,1.0,494.179,592.382,1.0,489.435,583.284,1.0,884.86,478.239,1.0,894.114,474.31,1.0,903.485,483.135,1.0,906.318,472.987,1.0,913.987,472.002,1.0
798,726.542,485.646,1.0,734.398,474.915,1.0,741.841,475.849,1.0,750.151,470.656,1.0,763.646,468.651,1.0,437.736,563.101,1.0,432.358,552.686,1.0,430.908,546.944,1.0,425.932,536.505,1.0,425.446,527.673,1.0,909.647,579.044,1.0,898.968,584.154,1.0,892.116,589.503,1.0,894.238,598.471,1.0,895.541,614.469,1.0,486.203,612.609,1.0,490.931,606.695,1.0,494.869,598.991,1.0,494.179,592.502,1.0,491.446,583.468,1.0,883.371,478.239,1.0,893.234,473.456,1.0,901.849,483.135,1.0,906.143,472.987,1.0,913.987,472.712,1.0
799,725.636,483.759,1.0,732.634,474.934,1.0,739.907,475.892,1.0,745.713,468.347,1.0,762.244,469.382,1.0,438.197,563.23,1.0,432.452,553.19,1.0,430.908,547.014,1.0,425.932,536.61,1.0,425.446,527.733,1.0,908.845,577.4,1.0,898.968,585.095,1.0,892.254,590.264,1.0,893.978,598.653,1.0,895.385,614.469,1.0,486.298,612.754,1.0,490.818,607.578,1.0,494.826,599.811,1.0,494.179,592.978,1.0,494.508,583.738,1.0,882.851,478.239,1.0,893.126,473.092,1.0,901.077,483.135,1.0,906.059,472.893,1.0,916.116,472.792,1.0
800,724.665,483.759,1.0,730.134,476.519,1.0,738.528,475.892,1.0,744.882,468.18,1.0,758.546,473.338,1.0,439.419,563.49,1.0,432.832,553.314,1.0,431.1,547.808,1.0,425.932,537.128,1.0,425.593,529.33,1.0,902.008,577.4,1.0,895.243,585.922,1.0,892.315,594.566,1.0,893.956,602.389,1.0,895.226,615.622,1.0,486.203,613.607,1.0,490.213,607.781,1.0,494.826,599.811,1.0,496.624,592.978,1.0,494.528,584.0,1.0,881.703,478.239,1.0,892.699,472.711,1.0,901.019,482.765,1.0,906.016,472.987,1.0,916.116,472.792,1.0
801,723.354,483.759,1.0,727.746,482.582,1.0,738.163,475.959,1.0,744.841,468.18,1.0,757.477,473.815,1.0,440.676,564.641,1.0,434.11,554.411,1.0,431.131,549.688,1.0,425.791,538.571,1.0,425.593,531.08,1.0,891.025,577.4,1.0,892.519,586.973,1.0,892.254,595.911,1.0,893.921,602.576,1.0,895.01,615.843,1.0,486.203,614.117,1.0,490.213,607.893,1.0,494.869,600.233,1.0,496.706,592.978,1.0,494.528,584.101,1.0,881.703,478.239,1.0,892.54,472.699,1.0,901.013,481.807,1.0,905.746,473.019,1.0,916.116,472.167,1.0
802,722.497,484.43,1.0,727.491,482.798,1.0,737.783,475.849,1.0,744.841,468.18,1.0,756.148,473.82,1.0,441.433,572.533,1.0,435.494,561.1,1.0,433.558,551.283,1.0,425.66,541.623,1.0,426.989,535.149,1.0,884.413,580.154,1.0,890.766,587.554,1.0,892.116,597.581,1.0,893.921,603.117,1.0,894.15,615.968,1.0,485.505,614.304,1.0,490.199,607.993,1.0,495.465,601.481,1.0,496.706,593.049,1.0,494.528,584.101,1.0,881.703,478.165,1.0,892.422,472.528,1.0,900.961,481.361,1.0,905.448,473.194,1.0,915.124,472.167,1.0
803,722.298,484.549,1.0,727.419,482.798,1.0,737.714,475.961,1.0,744.882,468.347,1.0,756.041,473.82,1.0,442.208,572.879,1.0,436.181,561.56,1.0,433.558,551.918,1.0,425.66,542.004,1.0,426.989,536.35,1.0,883.611,588.24,1.0,889.392,588.799,1.0,892.055,597.581,1.0,893.956,603.117,1.0,893.684,616.813,1.0,485.481,614.325,1.0,489.383,607.993,1.0,495.465,601.771,1.0,496.624,594.103,1.0,494.499,584.171,1.0,881.844,478.165,1.0,892.422,472.528,1.0,900.504,480.531,1.0,905.438,473.194,1.0,914.155,472.145,1.0
804,722.223,484.62,1.0,727.064,482.798,1.0,737.551,476.03,1.0,744.882,468.45,1.0,755.574,473.815,1.0,442.208,573.556,1.0,436.181,561.675,1.0,433.558,552.187,1.0,425.791,542.846,1.0,426.989,536.535,1.0,883.518,590.279,1.0,888.128,591.93,1.0,891.718,595.911,1.0,894.472,602.576,1.0,893.253,618.32,1.0,485.323,619.831,1.0,489.317,607.993,1.0,495.465,602.082,1.0,496.204,595.001,1.0,494.499,584.119,1.0,882.572,475.097,1.0,892.54,472.528,1.0,899.888,479.991,1.0,904.807,473.303,1.0,912.164,471.856,1.0
805,721.111,485.861,1.0,725.53,482.143,1.0,733.047,476.507,1.0,744.798,468.547,1.0,754.986,473.192,1.0,441.837,573.65,1.0,436.181,562.821,1.0,433.329,554.51,1.0,426.775,543.818,1.0,427.399,537.217,1.0,883.518,606.084,1.0,886.741,594.551,1.0,890.626,595.79,1.0,894.714,601.415,1.0,892.957,618.32,1.0,485.323,621.589,1.0,487.115,610.49,1.0,492.752,604.065,1.0,496.058,597.113,1.0,494.499,584.171,1.0,888.627,465.061,1.0,894.821,472.528,1.0,899.471,479.983,1.0,903.517,473.303,1.0,912.164,470.908,1.0
806,716.105,492.577,1.0,720.775,481.919,1.0,730.123,479.447,1.0,737.134,476.399,1.0,751.815,473.026,1.0,441.837,573.674,1.0,436.565,563.631,1.0,433.329,555.59,1.0,427.452,545.612,1.0,427.549,538.44,1.0,877.292,606.216,1.0,885.622,594.821,1.0,890.617,595.439,1.0,896.37,601.018,1.0,892.838,618.32,1.0,484.169,621.957,1.0,486.393,611.191,1.0,492.335,604.755,1.0,495.908,598.121,1.0,494.969,584.171,1.0,889.099,464.728,1.0,894.821,472.528,1.0,899.205,479.983,1.0,903.517,473.71,1.0,912.164,470.908,1.0
807,715.171,493.029,1.0,719.553,481.919,1.0,728.501,479.51,1.0,736.153,476.656,1.0,750.108,473.026,1.0,441.763,573.674,1.0,437.222,565.398,1.0,433.329,558.33,1.0,427.669,548.928,1.0,427.549,541.156,1.0,876.314,608.04,1.0,883.84,597.876,1.0,889.977,595.405,1.0,896.37,600.938,1.0,892.799,617.864,1.0,483.332,621.957,1.0,486.39,611.334,1.0,492.111,605.267,1.0,494.551,599.04,1.0,495.423,588.002,1.0,889.91,464.728,1.0,895.886,472.54,1.0,899.205,479.983,1.0,903.383,473.71,1.0,913.613,470.908,1.0
808,715.09,493.109,1.0,719.548,482.143,1.0,728.133,479.51,1.0,735.155,476.755,1.0,749.531,473.192,1.0,440.575,576.356,1.0,438.965,567.175,1.0,434.329,563.315,1.0,430.189,551.276,1.0,428.671,543.118,1.0,875.942,608.279,1.0,883.237,599.364,1.0,889.27,595.405,1.0,896.563,600.938,1.0,891.477,617.758,1.0,481.802,621.589,1.0,486.39,613.75,1.0,491.851,607.079,1.0,494.333,599.834,1.0,496.728,589.496,1.0,890.351,464.728,1.0,895.886,471.913,1.0,899.205,478.314,1.0,903.517,473.71,1.0,913.629,475.332,1.0
809,714.894,493.375,1.0,719.447,483.495,1.0,728.117,479.678,1.0,735.127,476.755,1.0,749.466,473.792,1.0,440.19,578.173,1.0,439.469,567.815,1.0,434.687,563.448,1.0,430.189,551.294,1.0,428.897,543.346,1.0,873.12,610.36,1.0,881.817,601.813,1.0,885.838,595.439,1.0,897.054,600.938,1.0,890.973,617.25,1.0,481.783,621.363,1.0,486.39,613.75,1.0,491.803,607.392,1.0,493.726,600.181,1.0,496.728,589.816,1.0,890.351,469.059,1.0,895.314,471.913,1.0,902.393,480.311,1.0,903.932,471.61,1.0,913.896,475.35,1.0
810,714.25,493.497,1.0,718.252,483.867,1.0,724.619,480.147,1.0,733.18,476.399,1.0,748.401,475.6,1.0,439.921,578.173,1.0,439.469,568.094,1.0,434.786,563.907,1.0,430.189,551.365,1.0,429.025,543.996,1.0,872.488,610.36,1.0,881.067,602.428,1.0,885.443,595.648,1.0,897.054,600.861,1.0,890.797,616.896,1.0,481.566,621.218,1.0,486.39,613.75,1.0,491.803,607.392,1.0,493.326,600.284,1.0,496.728,590.143,1.0,890.833,469.175,1.0,895.314,472.136,1.0,902.45,480.311,1.0,903.932,471.311,1.0,913.901,475.35,1.0
811,707.741,495.978,1.0,716.146,484.013,1.0,724.564,480.147,1.0,729.957,474.337,1.0,742.464,476.037,1.0,439.921,577.92,1.0,439.133,568.514,1.0,434.786,564.195,1.0,430.333,555.465,1.0,429.381,544.824,1.0,872.474,610.36,1.0,880.849,602.46,1.0,885.436,596.124,1.0,897.054,600.861,1.0,890.717,616.896,1.0,481.566,621.218,1.0,486.022,613.683,1.0,491.491,607.483,1.0,493.326,600.284,1.0,496.665,590.298,1.0,890.833,471.271,1.0,895.684,473.088,1.0,902.918,480.222,1.0,903.932,471.299,1.0,914.137,475.332,1.0
812,707.704,495.99,1.0,716.122,484.372,1.0,723.962,480.147,1.0,729.792,474.337,1.0,741.045,476.061,1.0,440.19,578.342,1.0,439.469,569.409,1.0,434.902,565.615,1.0,430.594,557.537,1.0,430.461,545.847,1.0,872.256,610.293,1.0,879.772,602.883,1.0,884.831,596.461,1.0,896.76,600.861,1.0,890.545,616.86,1.0,481.529,621.218,1.0,484.519,613.617,1.0,489.969,607.392,1.0,492.364,600.284,1.0,496.393,590.298,1.0,890.833,471.271,1.0,895.314,472.951,1.0,902.918,480.222,1.0,903.94,471.311,1.0,914.148,475.332,1.0
813,707.436,496.066,1.0,715.989,484.372,1.0,723.703,480.623,1.0,729.396,474.337,1.0,741.025,476.615,1.0,441.27,578.418,1.0,439.881,574.079,1.0,434.959,566.716,1.0,430.828,559.969,1.0,431.465,548.845,1.0,868.072,603.537,1.0,877.629,602.883,1.0,884.831,596.461,1.0,896.544,599.551,1.0,890.545,616.48,1.0,481.214,621.218,1.0,483.777,613.617,1.0,488.757,607.495,1.0,491.49,597.478,1.0,496.362,590.772,1.0,888.457,471.271,1.0,895.65,472.951,1.0,902.918,480.311,1.0,904.294,471.61,1.0,914.949,475.399,1.0
814,707.436,496.066,1.0,715.989,484.939,1.0,723.354,481.265,1.0,729.056,474.772,1.0,740.708,476.615,1.0,449.627,584.102,1.0,443.623,578.952,1.0,435.551,567.698,1.0,432.58,560.923,1.0,431.596,551.859,1.0,867.682,602.981,1.0,877.038,602.637,1.0,884.831,597.048,1.0,895.924,599.551,1.0,890.545,616.458,1.0,478.949,621.391,1.0,481.37,613.617,1.0,486.783,607.987,1.0,490.765,597.478,1.0,494.155,592.009,1.0,888.457,468.832,1.0,895.65,472.951,1.0,900.793,482.213,1.0,904.294,471.84,1.0,915.364,475.274,1.0
815,707.313,496.323,1.0,715.989,485.778,1.0,722.905,481.464,1.0,728.62,475.517,1.0,740.353,476.769,1.0,450.021,587.707,1.0,445.083,580.258,1.0,435.917,568.007,1.0,433.455,562.532,1.0,433.142,552.488,1.0,866.804,602.981,1.0,876.947,602.637,1.0,886.825,597.769,1.0,889.908,599.551,1.0,890.6,615.09,1.0,475.065,621.419,1.0,481.086,614.849,1.0,486.774,607.996,1.0,490.511,597.166,1.0,493.263,592.022,1.0,888.457,466.543,1.0,895.65,471.527,1.0,900.427,483.779,1.0,904.294,471.934,1.0,915.453,475.274,1.0
816,702.665,496.651,1.0,709.721,494.727,1.0,718.713,485.41,1.0,726.735,479.441,1.0,740.265,476.851,1.0,450.124,587.707,1.0,445.134,580.412,1.0,436.113,568.007,1.0,434.146,562.98,1.0,433.142,553.222,1.0,866.698,602.938,1.0,876.443,601.994,1.0,886.825,599.07,1.0,889.908,599.998,1.0,892.66,613.243,1.0,473.189,621.419,1.0,481.086,614.928,1.0,486.718,607.987,1.0,490.46,597.478,1.0,492.916,592.673,1.0,888.862,466.012,1.0,895.65,471.527,1.0,900.427,483.882,1.0,904.386,471.934,1.0,915.587,475.399,1.0
817,702.646,498.185,1.0,709.048,496.229,1.0,717.041,486.305,1.0,724.51,479.554,1.0,739.656,477.059,1.0,450.021,588.02,1.0,445.612,580.522,1.0,436.408,568.145,1.0,434.339,563.656,1.0,433.142,553.883,1.0,866.698,602.938,1.0,875.71,601.994,1.0,886.825,599.07,1.0,889.908,600.866,1.0,892.68,612.962,1.0,472.818,625.387,1.0,481.37,615.712,1.0,486.179,607.987,1.0,490.46,597.847,1.0,492.792,592.885,1.0,888.954,466.012,1.0,895.78,471.527,1.0,900.427,483.882,1.0,904.386,471.934,1.0,915.794,472.283,1.0
818,701.722,501.105,1.0,707.932,496.284,1.0,716.206,487.204,1.0,724.365,481.054,1.0,738.108,477.366,1.0,450.021,588.02,1.0,447.414,580.522,1.0,437.851,568.424,1.0,434.522,565.434,1.0,432.313,556.025,1.0,866.327,603.342,1.0,875.625,601.994,1.0,886.818,600.051,1.0,889.344,600.866,1.0,892.738,612.949,1.0,471.989,625.578,1.0,482.053,615.712,1.0,486.682,607.987,1.0,490.505,598.203,1.0,492.764,592.99,1.0,889.132,466.012,1.0,896.296,471.597,1.0,900.518,483.882,1.0,904.642,471.934,1.0,917.053,471.486,1.0
819,701.722,501.105,1.0,707.932,496.686,1.0,716.06,487.583,1.0,724.365,481.155,1.0,737.956,477.387,1.0,450.124,589.519,1.0,448.642,580.522,1.0,440.187,571.572,1.0,435.819,566.917,1.0,432.083,557.431,1.0,865.972,607.393,1.0,875.314,602.553,1.0,885.597,600.051,1.0,889.335,600.866,1.0,892.738,612.297,1.0,471.989,625.597,1.0,482.066,615.278,1.0,486.682,607.996,1.0,490.511,597.924,1.0,492.764,592.885,1.0,889.418,469.993,1.0,897.423,472.192,1.0,905.694,479.206,1.0,912.532,471.934,1.0,917.217,471.264,1.0
820,701.566,501.105,1.0,707.932,496.284,1.0,716.06,487.623,1.0,723.451,481.171,1.0,737.093,477.38,1.0,450.351,590.202,1.0,448.989,580.867,1.0,441.669,575.034,1.0,436.015,567.55,1.0,432.083,558.462,1.0,858.892,607.602,1.0,868.303,602.553,1.0,882.23,599.631,1.0,889.28,598.911,1.0,892.95,612.089,1.0,471.429,625.901,1.0,482.066,615.278,1.0,486.682,608.49,1.0,490.616,598.305,1.0,492.792,592.99,1.0,894.424,474.314,1.0,898.967,473.525,1.0,907.406,476.987,1.0,913.761,471.687,1.0,921.834,470.792,1.0
821,701.566,500.807,1.0,707.932,496.229,1.0,715.731,488.874,1.0,722.175,481.676,1.0,733.043,477.387,1.0,450.448,590.549,1.0,449.683,581.473,1.0,441.897,576.331,1.0,436.957,567.634,1.0,432.313,559.42,1.0,858.865,607.602,1.0,868.111,602.937,1.0,882.118,599.631,1.0,889.245,598.635,1.0,892.95,612.088,1.0,471.074,626.0,1.0,482.053,615.178,1.0,486.179,609.171,1.0,490.616,598.478,1.0,493.058,592.99,1.0,898.594,476.666,1.0,901.193,474.927,1.0,909.58,474.617,1.0,915.554,471.687,1.0,922.778,470.792,1.0
822,699.406,494.017,1.0,707.898,494.24,1.0,715.731,488.874,1.0,722.175,481.676,1.0,733.01,477.387,1.0,451.181,591.59,1.0,449.683,581.473,1.0,442.667,576.573,1.0,437.033,567.844,1.0,432.488,559.733,1.0,858.042,607.393,1.0,867.959,603.212,1.0,881.138,600.051,1.0,889.106,598.635,1.0,892.95,611.766,1.0,470.978,626.139,1.0,481.69,614.844,1.0,485.438,610.219,1.0,490.505,598.974,1.0,493.337,592.99,1.0,899.84,478.711,1.0,902.846,475.539,1.0,910.346,474.393,1.0,916.112,470.858,1.0,923.253,470.792,1.0
823,699.406,490.788,1.0,704.976,491.156,1.0,715.311,488.874,1.0,722.175,481.676,1.0,733.01,477.38,1.0,451.488,591.936,1.0,449.771,581.632,1.0,442.865,577.024,1.0,437.354,567.844,1.0,432.604,560.223,1.0,857.617,607.171,1.0,866.922,603.225,1.0,878.638,601.684,1.0,887.315,598.055,1.0,893.09,610.698,1.0,470.976,626.303,1.0,481.467,614.844,1.0,484.811,610.4,1.0,490.197,599.068,1.0,495.111,593.31,1.0,899.909,479.254,1.0,904.744,476.119,1.0,910.346,474.085,1.0,916.112,470.225,1.0,924.168,470.792,1.0
824,699.406,486.231,1.0,704.976,488.556,1.0,715.674,487.936,1.0,723.504,481.673,1.0,733.01,476.596,1.0,451.488,591.936,1.0,450.054,582.469,1.0,443.66,578.64,1.0,437.033,569.8,1.0,432.898,562.225,1.0,857.598,607.171,1.0,865.638,603.353,1.0,876.623,601.684,1.0,886.381,597.831,1.0,893.727,606.622,1.0,470.23,627.138,1.0,479.509,614.844,1.0,483.551,613.618,1.0,489.743,601.671,1.0,495.705,595.982,1.0,900.255,480.366,1.0,906.714,476.525,1.0,910.346,474.085,1.0,916.014,469.811,1.0,927.869,470.884,1.0
825,705.308,483.087,1.0,704.976,487.205,1.0,715.674,486.284,1.0,724.559,481.673,1.0,734.131,476.203,1.0,451.181,591.936,1.0,451.018,583.407,1.0,444.047,580.242,1.0,437.033,571.653,1.0,432.956,565.779,1.0,857.528,607.171,1.0,865.335,603.353,1.0,876.162,601.854,1.0,886.353,598.055,1.0,895.116,606.622,1.0,469.17,627.848,1.0,477.203,615.829,1.0,481.755,616.618,1.0,488.282,604.814,1.0,495.749,597.355,1.0,904.555,480.473,1.0,907.823,476.712,1.0,907.971,474.085,1.0,916.014,469.811,1.0,927.869,471.765,1.0
826,705.308,478.606,1.0,705.689,484.604,1.0,716.3,486.284,1.0,724.559,481.673,1.0,734.131,476.028,1.0,,,0.0,451.162,589.311,1.0,445.232,582.72,1.0,436.835,573.134,1.0,433.62,570.397,1.0,857.528,607.171,1.0,865.222,603.225,1.0,876.079,601.854,1.0,886.129,598.559,1.0,895.116,606.589,1.0,468.441,628.923,1.0,477.026,618.075,1.0,480.61,618.244,1.0,486.254,606.906,1.0,495.749,599.04,1.0,910.057,486.993,1.0,907.823,481.429,1.0,903.645,476.379,1.0,912.046,470.858,1.0,927.869,472.473,1.0
827,705.308,478.253,1.0,705.689,484.508,1.0,715.674,486.284,1.0,724.559,482.97,1.0,734.131,476.028,1.0,,,0.0,451.233,590.261,1.0,449.073,583.098,1.0,436.835,574.065,1.0,434.171,570.397,1.0,857.52,607.123,1.0,864.776,603.225,1.0,876.079,601.854,1.0,886.129,598.559,1.0,895.116,606.589,1.0,468.285,629.14,1.0,476.054,625.01,1.0,479.798,620.593,1.0,485.968,607.929,1.0,496.709,599.701,1.0,910.141,493.982,1.0,907.867,483.837,1.0,902.76,477.282,1.0,911.116,471.518,1.0,927.471,474.073,1.0
828,703.64,475.787,1.0,705.689,483.506,1.0,715.674,485.478,1.0,724.024,484.551,1.0,733.433,476.203,1.0,,,0.0,451.362,590.723,1.0,449.248,583.215,1.0,436.835,574.99,1.0,435.052,570.397,1.0,857.52,606.738,1.0,863.185,603.415,1.0,875.352,602.302,1.0,883.304,600.932,1.0,893.79,606.622,1.0,468.007,629.426,1.0,476.052,625.075,1.0,479.798,620.593,1.0,485.968,608.206,1.0,496.709,599.715,1.0,910.435,494.748,1.0,907.986,485.19,1.0,902.76,478.104,1.0,910.712,471.791,1.0,927.289,475.064,1.0
829,700.789,475.787,1.0,704.003,479.473,1.0,713.942,485.478,1.0,720.27,486.3,1.0,732.924,477.639,1.0,,,0.0,451.362,590.723,1.0,449.248,583.215,1.0,437.623,574.99,1.0,437.279,572.264,1.0,854.765,606.738,1.0,862.741,604.933,1.0,871.279,602.655,1.0,882.202,601.31,1.0,893.171,606.396,1.0,468.007,629.869,1.0,475.796,625.075,1.0,479.798,620.593,1.0,485.968,608.691,1.0,496.709,599.715,1.0,910.435,494.856,1.0,907.986,485.642,1.0,902.76,478.528,1.0,910.712,471.801,1.0,927.259,475.397,1.0
830,700.717,475.721,1.0,702.896,479.185,1.0,713.534,485.478,1.0,720.27,486.3,1.0,732.525,479.509,1.0,,,0.0,451.362,590.723,1.0,449.073,583.264,1.0,439.024,575.509,1.0,438.566,572.384,1.0,853.701,606.738,1.0,862.559,604.933,1.0,871.209,602.767,1.0,882.12,601.31,1.0,893.171,606.016,1.0,468.285,630.161,1.0,475.796,625.01,1.0,481.849,616.523,1.0,490.7,609.803,1.0,496.065,599.701,1.0,910.472,494.996,1.0,908.179,485.689,1.0,903.336,479.333,1.0,910.673,472.086,1.0,927.224,475.45,1.0
831,700.651,475.579,1.0,702.896,478.937,1.0,713.108,485.373,1.0,720.266,486.324,1.0,732.351,479.509,1.0,,,0.0,,,0.0,449.739,589.075,1.0,439.636,580.148,1.0,440.998,572.648,1.0,853.701,602.43,1.0,862.038,604.933,1.0,871.209,602.955,1.0,882.12,601.484,1.0,893.171,605.525,1.0,468.285,630.161,1.0,462.628,591.631,1.0,481.886,616.523,1.0,490.7,610.017,1.0,492.728,600.125,1.0,911.22,495.531,1.0,909.134,486.075,1.0,903.8,479.333,1.0,910.284,472.492,1.0,927.053,475.512,1.0
832,700.586,475.559,1.0,702.896,478.937,1.0,712.983,485.075,1.0,720.079,486.324,1.0,727.592,479.509,1.0,461.228,604.842,1.0,,,0.0,448.977,589.075,1.0,439.647,580.44,1.0,441.65,573.777,1.0,853.501,602.31,1.0,861.668,604.636,1.0,870.908,602.955,1.0,881.701,601.31,1.0,893.171,604.946,1.0,468.007,630.161,1.0,462.628,591.631,1.0,481.886,616.523,1.0,490.7,610.42,1.0,492.728,600.349,1.0,911.526,495.812,1.0,909.598,486.317,1.0,903.938,479.488,1.0,910.196,473.312,1.0,926.707,475.45,1.0
833,700.38,474.796,1.0,702.861,478.569,1.0,709.809,484.277,1.0,718.783,486.324,1.0,727.414,479.509,1.0,,,0.0,,,0.0,448.804,589.075,1.0,439.704,583.295,1.0,442.184,574.383,1.0,853.446,597.639,1.0,861.137,603.37,1.0,869.715,603.852,1.0,881.443,601.174,1.0,893.171,604.904,1.0,463.081,630.161,1.0,462.628,591.631,1.0,481.849,622.226,1.0,486.592,613.182,1.0,492.728,602.004,1.0,911.546,498.3,1.0,912.319,489.916,1.0,906.444,480.662,1.0,908.17,477.305,1.0,923.79,475.397,1.0
834,698.043,471.842,1.0,702.861,475.768,1.0,707.964,483.378,1.0,713.896,490.779,1.0,727.111,479.509,1.0,,,0.0,,,0.0,448.977,586.854,1.0,439.787,585.098,1.0,442.372,574.448,1.0,851.494,597.237,1.0,858.815,601.26,1.0,867.638,604.563,1.0,878.377,600.475,1.0,892.487,604.044,1.0,463.05,630.366,1.0,464.571,626.26,1.0,480.878,623.378,1.0,484.417,614.011,1.0,492.728,603.7,1.0,911.546,499.544,1.0,912.444,490.929,1.0,906.899,481.163,1.0,908.17,477.82,1.0,923.79,473.528,1.0
835,692.998,466.048,1.0,702.238,472.862,1.0,706.101,479.36,1.0,711.048,491.401,1.0,723.642,484.025,1.0,,,0.0,,,0.0,449.415,586.854,1.0,439.787,585.098,1.0,442.372,574.448,1.0,851.1,597.237,1.0,858.48,601.207,1.0,867.537,605.179,1.0,877.79,599.429,1.0,890.958,603.462,1.0,462.109,620.478,1.0,464.571,626.26,1.0,480.327,623.932,1.0,484.17,615.034,1.0,492.728,604.537,1.0,911.479,499.863,1.0,912.648,491.105,1.0,907.247,481.518,1.0,908.17,478.204,1.0,922.668,473.528,1.0
836,692.751,466.046,1.0,700.989,472.688,1.0,706.078,479.36,1.0,710.79,491.401,1.0,722.97,485.007,1.0,,,0.0,,,0.0,449.007,586.854,1.0,440.41,585.098,1.0,442.434,574.456,1.0,851.1,597.194,1.0,858.429,600.843,1.0,867.433,605.179,1.0,877.614,599.388,1.0,890.217,603.462,1.0,458.618,618.766,1.0,464.571,626.26,1.0,480.024,623.932,1.0,483.779,615.05,1.0,492.413,604.596,1.0,911.55,500.537,1.0,912.947,491.231,1.0,908.915,481.611,1.0,909.282,478.244,1.0,922.347,473.528,1.0
837,692.573,465.897,1.0,700.874,472.271,1.0,705.844,479.018,1.0,710.22,490.779,1.0,722.679,486.293,1.0,463.354,631.698,1.0,466.881,628.149,1.0,449.007,590.295,1.0,444.624,585.202,1.0,442.866,575.175,1.0,851.091,597.194,1.0,858.239,600.837,1.0,866.711,604.563,1.0,877.604,599.29,1.0,890.158,603.397,1.0,,,0.0,,,0.0,479.953,623.932,1.0,483.368,615.118,1.0,491.975,604.662,1.0,911.809,500.817,1.0,912.648,491.5,1.0,909.445,481.613,1.0,909.282,478.204,1.0,921.292,473.964,1.0
838,692.505,465.211,1.0,700.103,471.665,1.0,705.112,478.712,1.0,709.858,489.321,1.0,720.032,486.73,1.0,461.684,627.964,1.0,466.334,628.061,1.0,449.007,596.509,1.0,444.626,585.756,1.0,443.761,576.415,1.0,850.874,597.194,1.0,858.171,599.8,1.0,866.487,603.762,1.0,874.634,596.64,1.0,890.091,603.397,1.0,,,0.0,,,0.0,478.962,623.862,1.0,481.923,615.275,1.0,491.771,604.876,1.0,911.809,501.757,1.0,912.444,492.977,1.0,909.997,483.332,1.0,909.282,478.415,1.0,920.102,475.101,1.0
839,685.74,460.667,1.0,692.699,470.524,1.0,700.22,478.157,1.0,708.644,482.201,1.0,717.976,489.387,1.0,461.148,627.233,1.0,466.075,627.839,1.0,448.289,596.509,1.0,444.626,584.527,1.0,443.761,576.415,1.0,849.837,595.494,1.0,856.535,598.342,1.0,864.744,603.334,1.0,873.402,596.64,1.0,889.047,603.017,1.0,,,0.0,,,0.0,478.134,623.83,1.0,480.428,615.118,1.0,491.015,605.283,1.0,913.864,510.565,1.0,912.009,496.095,1.0,913.182,488.516,1.0,907.649,478.849,1.0,918.44,475.27,1.0
840,684.445,460.038,1.0,691.022,469.479,1.0,700.17,476.355,1.0,707.147,479.989,1.0,715.892,489.387,1.0,460.851,626.422,1.0,466.075,627.839,1.0,447.6,596.509,1.0,444.624,584.527,1.0,443.761,576.415,1.0,844.985,595.494,1.0,849.946,598.342,1.0,863.738,603.291,1.0,872.392,596.356,1.0,888.834,602.057,1.0,,,0.0,,,0.0,478.043,623.685,1.0,480.428,615.118,1.0,490.736,605.716,1.0,913.945,511.547,1.0,911.492,497.401,1.0,913.182,489.209,1.0,906.113,479.486,1.0,913.592,475.724,1.0
841,684.221,460.038,1.0,690.863,469.436,1.0,699.837,475.981,1.0,706.789,479.752,1.0,715.59,489.387,1.0,,,,,,,,,,,,,,,,844.985,595.494,1.0,849.946,598.342,1.0,863.738,603.183,1.0,872.392,596.356,1.0,888.026,602.057,1.0,467.654,628.015,1.0,464.511,622.87,1.0,478.043,623.291,1.0,480.328,615.002,1.0,490.011,605.716,1.0,913.945,511.689,1.0,911.492,497.915,1.0,913.182,489.277,1.0,906.113,479.94,1.0,911.908,475.737,1.0
842,684.057,460.038,1.0,690.258,469.321,1.0,699.817,475.74,1.0,705.712,479.553,1.0,715.581,488.873,1.0,,,,,,,,,,,,,,,,844.985,599.626,1.0,849.946,598.646,1.0,863.738,602.845,1.0,872.392,596.64,1.0,888.026,602.057,1.0,467.654,628.015,1.0,463.895,621.731,1.0,478.043,620.978,1.0,480.097,615.002,1.0,489.917,605.85,1.0,913.864,511.689,1.0,911.041,498.551,1.0,912.732,489.718,1.0,906.006,480.947,1.0,911.478,475.737,1.0
843,683.89,459.949,1.0,690.258,469.248,1.0,699.734,474.545,1.0,705.128,478.729,1.0,715.48,487.582,1.0,,,,,,,,,,,,,,,,851.015,602.574,1.0,858.322,599.62,1.0,866.342,602.845,1.0,873.124,596.705,1.0,888.026,604.235,1.0,467.654,628.015,1.0,463.895,621.731,1.0,478.106,620.757,1.0,479.002,613.481,1.0,489.917,605.716,1.0,913.262,511.821,1.0,911.041,498.853,1.0,912.732,489.996,1.0,905.95,481.927,1.0,911.284,477.335,1.0
844,683.313,462.59,1.0,690.258,467.061,1.0,699.002,472.761,1.0,704.862,478.038,1.0,715.058,485.027,1.0,,,,,,,,,,,,,,,,856.836,605.354,1.0,862.889,599.62,1.0,870.197,602.639,1.0,877.994,599.449,1.0,888.449,605.006,1.0,473.281,637.446,1.0,464.511,621.731,1.0,478.106,620.757,1.0,451.462,596.701,1.0,447.979,583.698,1.0,911.557,512.067,1.0,911.561,502.742,1.0,912.338,492.448,1.0,905.627,485.492,1.0,910.533,479.224,1.0
845,681.657,464.87,1.0,690.679,467.061,1.0,697.783,471.874,1.0,704.286,474.882,1.0,715.058,484.084,1.0,,,,,,,,,,,,,,,,857.989,606.383,1.0,862.889,599.91,1.0,873.348,602.546,1.0,878.854,599.449,1.0,889.317,605.229,1.0,474.724,638.594,1.0,474.581,627.961,1.0,478.106,620.757,1.0,451.08,595.973,1.0,447.611,583.254,1.0,910.429,514.399,1.0,911.947,504.601,1.0,912.338,497.339,1.0,905.95,487.653,1.0,910.303,479.224,1.0
846,681.657,464.87,1.0,691.578,467.061,1.0,697.469,471.791,1.0,703.918,474.489,1.0,715.353,483.923,1.0,,,,,,,,,,,,,,,,861.268,608.03,1.0,862.889,601.151,1.0,873.348,602.546,1.0,879.185,599.449,1.0,889.318,605.35,1.0,474.724,638.594,1.0,474.581,627.961,1.0,478.311,621.13,1.0,451.462,595.973,1.0,447.611,583.254,1.0,909.1,514.812,1.0,912.42,505.043,1.0,912.12,498.218,1.0,905.95,487.944,1.0,910.303,479.224,1.0
847,681.546,466.598,1.0,691.578,467.266,1.0,697.469,471.791,1.0,703.918,474.456,1.0,715.353,483.923,1.0,,,,,,,,,,,,,,,,865.568,608.178,1.0,862.889,601.151,1.0,873.348,599.068,1.0,879.185,599.146,1.0,889.318,605.35,1.0,473.281,638.594,1.0,474.581,627.961,1.0,478.311,621.13,1.0,451.462,595.973,1.0,447.486,583.254,1.0,908.855,516.265,1.0,912.691,505.66,1.0,912.338,498.902,1.0,907.157,488.09,1.0,910.303,478.72,1.0
848,679.872,468.809,1.0,691.578,467.299,1.0,697.783,471.304,1.0,703.918,474.456,1.0,715.41,483.923,1.0,,,,,,,,,,,,,,,,870.3,608.506,1.0,863.456,601.331,1.0,873.048,599.068,1.0,879.36,597.829,1.0,889.318,605.229,1.0,456.146,622.157,1.0,464.708,620.436,1.0,478.0,621.13,1.0,452.833,595.973,1.0,447.486,583.912,1.0,908.855,516.272,1.0,913.991,505.992,1.0,912.12,498.926,1.0,907.229,488.345,1.0,910.577,478.72,1.0
849,679.872,470.019,1.0,690.826,467.642,1.0,697.783,471.304,1.0,703.918,474.456,1.0,715.41,483.923,1.0,,,,,,,,,,,,,,,,870.3,608.506,1.0,863.849,601.761,1.0,873.048,602.546,1.0,879.796,597.829,1.0,891.033,604.438,1.0,455.005,622.157,1.0,464.708,620.231,1.0,478.0,620.017,1.0,452.833,596.487,1.0,447.486,584.995,1.0,908.855,516.638,1.0,913.991,506.325,1.0,911.696,499.268,1.0,907.229,488.345,1.0,910.577,478.72,1.0
850,679.849,470.148,1.0,690.49,468.194,1.0,697.469,471.256,1.0,703.069,473.803,1.0,715.41,483.627,1.0,,,,,,,,,,,,,,,,870.858,608.506,1.0,864.697,601.761,1.0,873.048,602.547,1.0,879.796,597.829,1.0,891.631,603.851,1.0,455.005,622.157,1.0,462.816,613.639,1.0,478.0,619.853,1.0,453.029,597.062,1.0,448.334,585.522,1.0,911.393,519.857,1.0,913.991,508.555,1.0,909.779,503.735,1.0,907.229,490.991,1.0,910.577,483.141,1.0
851,678.431,470.275,1.0,688.975,468.567,1.0,695.385,470.637,1.0,699.232,470.333,1.0,706.848,480.353,1.0,,,,,,,,,,,,,,,,870.858,603.861,1.0,865.138,601.761,1.0,872.6,603.483,1.0,881.287,600.319,1.0,891.909,603.74,1.0,455.005,624.039,1.0,462.816,613.297,1.0,476.47,618.824,1.0,452.988,597.062,1.0,448.334,585.572,1.0,920.346,525.845,1.0,914.331,513.638,1.0,909.779,504.944,1.0,907.379,495.054,1.0,909.774,486.986,1.0
852,671.711,470.56,1.0,684.168,469.386,1.0,692.078,469.332,1.0,698.944,467.925,1.0,703.951,480.353,1.0,,,,,,,,,,,,,,,,870.3,602.257,1.0,864.697,601.127,1.0,872.6,603.483,1.0,881.287,601.056,1.0,892.149,603.608,1.0,456.042,624.097,1.0,462.816,613.297,1.0,460.236,609.914,1.0,453.06,597.062,1.0,448.375,585.572,1.0,920.346,525.922,1.0,914.331,514.251,1.0,909.779,505.529,1.0,908.164,495.263,1.0,908.462,489.149,1.0
853,670.041,470.615,1.0,674.904,469.931,1.0,690.257,468.932,1.0,698.432,466.378,1.0,703.632,480.353,1.0,,,,,,,,,,,,,,,,868.355,598.736,1.0,864.393,599.296,1.0,872.368,603.483,1.0,881.287,601.056,1.0,892.973,603.59,1.0,456.042,624.158,1.0,462.683,613.639,1.0,460.163,609.602,1.0,452.988,597.062,1.0,448.375,585.572,1.0,920.414,526.259,1.0,914.331,514.365,1.0,910.021,505.769,1.0,908.169,495.495,1.0,908.462,490.193,1.0
854,669.564,470.685,1.0,673.779,470.307,1.0,689.079,468.932,1.0,698.413,466.378,1.0,703.398,481.408,1.0,,,,,,,,,,,,,,,,866.727,598.736,1.0,864.393,599.296,1.0,872.368,603.342,1.0,880.746,601.056,1.0,892.973,603.288,1.0,456.042,625.011,1.0,460.537,613.773,1.0,460.163,609.602,1.0,453.115,597.062,1.0,448.375,585.572,1.0,920.419,526.633,1.0,914.65,514.734,1.0,910.392,506.111,1.0,908.59,496.634,1.0,908.462,490.922,1.0
855,669.547,470.685,1.0,673.779,470.307,1.0,687.39,469.332,1.0,697.917,466.378,1.0,703.398,481.408,1.0,,,,,,,,,,,,,,,,865.043,598.736,1.0,863.801,599.296,1.0,872.368,603.342,1.0,880.43,600.658,1.0,892.973,603.256,1.0,455.422,625.011,1.0,460.537,615.936,1.0,460.163,609.602,1.0,453.16,597.487,1.0,448.375,585.572,1.0,920.419,526.738,1.0,915.054,516.57,1.0,911.547,507.928,1.0,909.051,499.199,1.0,908.618,492.484,1.0
856,669.224,470.685,1.0,673.779,469.931,1.0,686.354,468.895,1.0,697.657,466.932,1.0,703.398,481.408,1.0,,,,,,,,,,,,,,,,858.683,598.802,1.0,863.801,600.386,1.0,873.712,603.342,1.0,880.341,600.45,1.0,892.271,602.967,1.0,453.961,625.011,1.0,460.537,617.527,1.0,461.811,610.853,1.0,453.16,597.487,1.0,448.889,587.476,1.0,920.907,527.243,1.0,918.305,519.466,1.0,911.826,511.484,1.0,909.568,502.863,1.0,909.243,494.729,1.0
857,665.193,470.163,1.0,673.987,469.9,1.0,680.836,468.895,1.0,689.863,471.101,1.0,701.611,478.116,1.0,,,,,,,,,,,,,,,,858.051,599.938,1.0,863.801,601.86,1.0,873.712,603.342,1.0,880.156,600.279,1.0,892.271,602.698,1.0,453.961,625.011,1.0,460.537,617.527,1.0,461.811,610.853,1.0,452.856,597.487,1.0,448.889,589.432,1.0,921.212,530.288,1.0,918.541,521.31,1.0,912.412,514.821,1.0,910.485,503.426,1.0,910.197,494.782,1.0
858,664.224,467.832,1.0,673.987,469.349,1.0,678.527,468.895,1.0,687.321,471.101,1.0,701.212,475.809,1.0,,,,,,,,,,,,,,,,856.747,601.864,1.0,864.531,602.07,1.0,874.118,603.403,1.0,880.341,600.279,1.0,892.271,602.698,1.0,453.961,624.409,1.0,463.051,617.249,1.0,461.811,610.853,1.0,452.344,597.361,1.0,448.889,589.704,1.0,921.259,530.377,1.0,918.902,522.008,1.0,912.908,514.945,1.0,910.485,503.631,1.0,910.807,494.92,1.0
859,663.812,467.809,1.0,673.987,468.77,1.0,678.527,468.465,1.0,686.308,471.765,1.0,700.955,475.809,1.0,,,,,,,,,,,,,,,,856.747,604.598,1.0,865.602,602.223,1.0,874.118,603.403,1.0,880.341,600.145,1.0,893.331,602.967,1.0,456.084,624.409,1.0,463.266,617.249,1.0,459.997,610.547,1.0,452.344,597.361,1.0,448.839,589.901,1.0,921.212,530.42,1.0,919.42,522.028,1.0,912.908,514.949,1.0,911.068,504.841,1.0,911.055,494.92,1.0
860,663.753,467.673,1.0,673.983,468.77,1.0,677.453,468.465,1.0,685.704,472.568,1.0,700.717,475.131,1.0,,,,,,,,,,,,,,,,858.683,605.777,1.0,865.659,602.223,1.0,874.118,603.335,1.0,881.821,599.917,1.0,893.418,604.16,1.0,460.415,625.109,1.0,463.266,617.249,1.0,459.997,609.103,1.0,452.344,597.361,1.0,448.839,589.945,1.0,921.259,530.42,1.0,919.633,522.287,1.0,912.993,516.069,1.0,911.375,507.956,1.0,911.563,496.34,1.0
861,662.169,467.62,1.0,672.114,468.77,1.0,676.924,468.465,1.0,685.493,473.576,1.0,692.991,475.035,1.0,,,,,,,,,,,,,,,,859.266,605.777,1.0,866.228,602.07,1.0,878.314,603.244,1.0,885.348,599.086,1.0,895.275,606.033,1.0,460.415,624.409,1.0,464.193,616.374,1.0,459.997,609.103,1.0,452.344,597.361,1.0,448.359,589.901,1.0,922.144,533.005,1.0,919.962,526.112,1.0,913.119,520.191,1.0,911.375,511.931,1.0,911.914,501.464,1.0
862,653.195,465.113,1.0,658.629,469.571,1.0,675.677,468.465,1.0,679.932,474.046,1.0,689.575,474.787,1.0,,,,,,,,,,,,,,,,867.499,606.205,1.0,874.497,602.679,1.0,879.518,599.366,1.0,885.348,598.971,1.0,895.275,607.482,1.0,462.415,622.869,1.0,464.629,614.78,1.0,460.259,609.632,1.0,449.761,,1.0,447.634,589.901,1.0,922.392,541.486,1.0,921.783,528.998,1.0,916.31,520.3,1.0,913.874,516.298,1.0,912.385,504.51,1.0
863,652.029,464.977,1.0,657.777,469.571,1.0,674.601,468.43,1.0,678.943,474.186,1.0,689.354,474.347,1.0,,,,,,,,,,,,,,,,869.305,609.819,1.0,878.823,602.679,1.0,879.518,599.366,1.0,885.348,598.971,1.0,895.275,607.985,1.0,462.415,,0.0,465.856,614.658,1.0,462.92,609.317,1.0,,613.432,0.0,447.427,588.082,1.0,922.639,542.036,1.0,921.783,529.618,1.0,916.485,520.652,1.0,914.358,517.092,1.0,912.385,505.215,1.0
864,651.984,464.77,1.0,657.492,469.571,1.0,671.686,468.3,1.0,677.427,474.046,1.0,688.664,474.263,1.0,,,,,,,,,,,,,,,,876.111,621.588,1.0,882.679,607.501,1.0,879.518,600.391,1.0,885.348,598.971,1.0,891.692,609.464,1.0,462.932,612.789,1.0,467.042,614.78,1.0,462.92,609.317,1.0,481.644,613.778,1.0,447.427,588.082,1.0,922.639,542.104,1.0,922.058,529.962,1.0,916.532,520.675,1.0,914.371,518.119,1.0,912.385,505.431,1.0
865,651.557,464.483,1.0,656.327,469.132,1.0,669.651,467.039,1.0,676.881,474.046,1.0,687.77,473.754,1.0,,,,,,,,,,,,,,,,876.111,622.298,1.0,882.679,609.717,1.0,877.014,601.314,1.0,884.176,598.971,1.0,889.879,610.066,1.0,459.04,612.247,1.0,467.575,614.658,1.0,462.92,609.317,1.0,481.644,613.778,1.0,447.427,588.082,1.0,922.679,542.188,1.0,922.861,533.345,1.0,917.031,522.255,1.0,914.371,519.252,1.0,911.36,506.991,1.0
866,647.397,461.982,1.0,655.697,466.908,1.0,665.812,467.039,1.0,675.49,470.481,1.0,686.078,472.001,1.0,,,,,,,,,,,,,,,,876.111,624.718,1.0,882.679,611.616,1.0,876.772,601.314,1.0,884.176,598.975,1.0,889.879,610.066,1.0,456.723,612.247,1.0,467.575,614.182,1.0,462.868,609.317,1.0,481.644,613.778,1.0,447.54,588.105,1.0,922.939,542.257,1.0,922.987,536.662,1.0,919.036,527.307,1.0,914.441,521.45,1.0,910.384,511.118,1.0
867,646.447,459.833,1.0,655.697,465.085,1.0,665.115,467.063,1.0,669.897,470.329,1.0,683.23,472.001,1.0,,,,,,,,,,,,,,,,874.681,624.718,1.0,880.659,611.616,1.0,876.772,601.314,1.0,884.429,598.975,1.0,889.879,609.669,1.0,456.723,612.247,1.0,466.091,614.182,1.0,462.166,609.317,1.0,482.899,613.778,1.0,447.608,588.312,1.0,925.435,543.81,1.0,923.503,537.31,1.0,919.16,531.288,1.0,914.454,521.622,1.0,910.01,515.342,1.0
868,646.203,459.641,1.0,655.377,465.084,1.0,664.905,467.039,1.0,669.418,470.329,1.0,682.696,472.001,1.0,,,,,,,,,,,,,,,,874.681,624.718,1.0,880.659,611.616,1.0,877.014,601.314,1.0,884.622,598.975,1.0,892.315,610.237,1.0,459.04,611.969,1.0,466.091,614.837,1.0,461.778,611.585,1.0,485.124,613.821,1.0,447.725,589.866,1.0,925.52,545.444,1.0,923.845,537.636,1.0,919.77,531.55,1.0,915.175,522.234,1.0,910.01,515.928,1.0
869,646.011,459.641,1.0,655.377,464.938,1.0,664.593,466.709,1.0,668.595,470.329,1.0,681.391,472.001,1.0,,,,,,,,,,,,,,,,873.299,623.391,1.0,878.545,607.617,1.0,879.72,599.804,1.0,884.622,599.279,1.0,893.864,609.669,1.0,466.629,610.696,1.0,464.012,615.011,1.0,461.491,611.585,1.0,485.124,613.821,1.0,448.328,590.258,1.0,926.925,546.997,1.0,924.556,537.675,1.0,919.77,531.894,1.0,915.175,522.699,1.0,910.01,517.494,1.0
870,644.146,459.833,1.0,653.868,464.938,1.0,663.011,466.709,1.0,667.665,471.554,1.0,678.84,472.427,1.0,,,,,,,,,,,,,,,,871.959,612.593,1.0,877.618,605.485,1.0,880.185,599.242,1.0,884.734,599.404,1.0,894.665,609.184,1.0,467.223,610.696,1.0,463.723,615.885,1.0,461.491,612.111,1.0,485.124,613.567,1.0,448.869,591.477,1.0,928.005,547.611,1.0,925.621,537.847,1.0,919.954,533.055,1.0,916.167,523.53,1.0,910.445,519.154,1.0
871,634.621,459.887,1.0,642.359,463.201,1.0,654.271,463.232,1.0,661.574,471.877,1.0,672.133,472.469,1.0,,,,,,,,,,,,,,,,867.207,610.402,1.0,875.209,605.485,1.0,880.197,599.242,1.0,886.063,599.771,1.0,896.037,608.264,1.0,469.362,609.922,1.0,463.723,616.201,1.0,461.491,611.585,1.0,485.124,613.567,1.0,450.108,592.422,1.0,928.005,548.707,1.0,926.443,537.969,1.0,920.547,533.764,1.0,918.036,524.647,1.0,911.144,519.285,1.0
872,634.621,459.9,1.0,641.743,462.773,1.0,653.326,463.232,1.0,661.574,471.877,1.0,671.692,472.469,1.0,,,,,,,,,,,,,,,,863.964,610.311,1.0,873.349,605.485,1.0,880.518,599.242,1.0,886.441,599.801,1.0,896.746,608.264,1.0,469.362,607.647,1.0,464.012,616.201,1.0,461.689,611.358,1.0,485.034,613.567,1.0,450.297,592.753,1.0,928.005,559.306,1.0,932.039,548.879,1.0,924.484,538.95,1.0,922.7,532.722,1.0,914.049,521.373,1.0
873,634.484,460.941,1.0,641.453,462.522,1.0,652.405,463.08,1.0,660.201,471.554,1.0,669.852,472.879,1.0,,,,,,,,,,,,,,,,863.964,610.302,1.0,873.349,605.485,1.0,881.279,599.242,1.0,887.526,599.801,1.0,897.925,606.398,1.0,467.223,603.515,1.0,464.012,616.201,1.0,461.491,611.278,1.0,451.317,600.897,1.0,450.297,592.753,1.0,927.08,560.126,1.0,932.039,550.263,1.0,925.306,539.789,1.0,923.347,533.364,1.0,914.049,521.666,1.0
874,634.404,459.9,1.0,640.637,462.161,1.0,651.609,463.08,1.0,659.955,469.096,1.0,669.713,472.879,1.0,,,,,,,,,,,,,,,,863.964,609.624,1.0,873.349,603.432,1.0,881.279,599.239,1.0,887.644,600.336,1.0,898.347,606.329,1.0,,,0.0,463.723,612.487,1.0,460.542,607.146,1.0,449.22,600.317,1.0,450.108,592.422,1.0,926.914,560.327,1.0,932.039,550.585,1.0,925.318,539.826,1.0,923.347,533.384,1.0,914.542,521.666,1.0
875,634.404,459.887,1.0,639.683,461.259,1.0,648.935,462.846,1.0,659.228,467.331,1.0,667.761,472.879,1.0,465.559,604.838,1.0,469.917,609.774,1.0,465.215,610.153,1.0,482.908,614.311,1.0,487.288,602.737,1.0,865.363,609.624,1.0,873.865,603.077,1.0,881.279,599.796,1.0,887.775,600.591,1.0,899.78,606.398,1.0,,,,,,,,,,,,,,,,926.914,560.766,1.0,927.563,550.912,1.0,925.73,540.175,1.0,923.347,533.549,1.0,914.926,522.047,1.0
876,634.404,459.755,1.0,637.793,461.259,1.0,647.771,462.846,1.0,656.372,465.865,1.0,666.368,471.524,1.0,465.439,603.076,1.0,466.263,605.161,1.0,464.068,609.171,1.0,482.644,614.0,1.0,485.954,602.73,1.0,868.904,609.483,1.0,877.055,601.334,1.0,883.803,599.817,1.0,888.016,601.727,1.0,901.362,609.205,1.0,,,,,,,,,,,,,,,,926.914,561.388,1.0,927.563,551.159,1.0,926.021,540.795,1.0,921.871,534.562,1.0,915.514,524.622,1.0
877,634.044,459.755,1.0,637.793,461.124,1.0,647.01,462.481,1.0,655.478,465.865,1.0,666.368,471.312,1.0,,,,,,,,,,,,,,,,869.859,604.438,1.0,878.418,600.549,1.0,887.351,605.955,1.0,893.888,604.374,1.0,908.487,610.66,1.0,,,,,,,,,,,,,,,,929.201,562.273,1.0,927.563,552.244,1.0,927.372,545.161,1.0,921.871,535.766,1.0,919.218,529.141,1.0
878,633.618,455.821,1.0,637.793,460.847,1.0,646.97,462.396,1.0,654.997,465.865,1.0,666.341,470.618,1.0,,,,,,,,,,,,,,,,874.443,592.209,1.0,881.113,600.365,1.0,889.163,606.926,1.0,897.672,609.062,1.0,908.487,610.66,1.0,464.656,613.634,1.0,468.045,612.414,1.0,461.58,612.993,1.0,453.229,605.469,1.0,489.846,615.255,1.0,930.186,562.848,1.0,928.28,552.244,1.0,927.372,546.816,1.0,921.209,537.514,1.0,919.672,531.507,1.0
879,633.142,455.821,1.0,637.744,460.662,1.0,646.97,462.396,1.0,654.243,465.892,1.0,666.341,470.219,1.0,,,,,,,,,,,,,,,,886.672,592.209,1.0,881.691,600.103,1.0,889.163,606.926,1.0,897.672,609.258,1.0,908.487,610.66,1.0,463.337,613.634,1.0,465.907,606.356,1.0,461.305,612.993,1.0,451.888,601.28,1.0,487.633,612.006,1.0,931.721,563.84,1.0,928.28,552.244,1.0,927.372,547.568,1.0,921.209,537.71,1.0,920.344,531.556,1.0
880,631.643,455.608,1.0,637.297,460.653,1.0,646.092,462.481,1.0,650.091,466.519,1.0,660.052,470.103,1.0,,,,,,,,,,,,,,,,892.202,592.192,1.0,886.318,599.349,1.0,889.163,606.926,1.0,897.672,609.258,1.0,908.384,608.975,1.0,441.261,613.634,1.0,465.601,606.356,1.0,458.608,612.598,1.0,451.888,596.958,1.0,449.165,591.763,1.0,932.213,564.53,1.0,928.324,552.484,1.0,927.372,548.135,1.0,921.871,538.623,1.0,920.653,532.77,1.0
881,625.835,451.916,1.0,631.159,456.054,1.0,640.668,462.311,1.0,645.64,466.519,1.0,655.234,469.165,1.0,,,,,,,,,,,,,,,,896.48,592.192,1.0,890.885,599.349,1.0,889.163,606.471,1.0,895.342,609.062,1.0,908.043,608.892,1.0,440.998,613.93,1.0,451.423,612.414,1.0,458.608,612.598,1.0,452.255,596.958,1.0,449.165,591.763,1.0,934.093,565.189,1.0,928.96,559.466,1.0,927.04,552.299,1.0,922.159,542.018,1.0,921.394,534.978,1.0
882,625.331,451.89,1.0,630.735,455.967,1.0,640.486,462.272,1.0,644.907,466.519,1.0,655.136,469.093,1.0,,,,,,,,,,,,,,,,896.513,591.724,1.0,891.262,598.395,1.0,887.113,605.97,1.0,893.03,609.048,1.0,907.375,608.165,1.0,440.702,615.895,1.0,451.423,612.414,1.0,458.608,612.598,1.0,452.255,596.958,1.0,449.165,591.763,1.0,939.904,572.264,1.0,932.234,564.596,1.0,927.04,552.606,1.0,921.79,543.368,1.0,922.341,539.835,1.0
883,624.311,451.634,1.0,630.339,455.773,1.0,640.346,462.272,1.0,644.376,466.241,1.0,653.976,469.093,1.0,,,,,,,,,,,,,,,,896.522,587.29,1.0,891.357,598.197,1.0,887.113,605.773,1.0,893.03,607.864,1.0,907.375,606.617,1.0,440.702,616.24,1.0,450.261,612.481,1.0,459.964,612.585,1.0,474.901,618.721,1.0,449.704,592.769,1.0,939.904,572.329,1.0,932.743,565.58,1.0,927.04,555.127,1.0,922.135,545.404,1.0,923.258,541.378,1.0
884,623.642,451.634,1.0,629.424,455.773,1.0,639.46,461.79,1.0,644.085,465.779,1.0,653.976,468.486,1.0,,,,,,,,,,,,,,,,896.522,584.381,1.0,891.357,597.217,1.0,889.722,605.267,1.0,895.086,607.32,1.0,907.375,606.36,1.0,440.998,616.454,1.0,449.072,613.827,1.0,460.017,610.851,1.0,474.901,618.721,1.0,479.514,613.42,1.0,939.904,572.405,1.0,933.262,565.683,1.0,925.355,555.21,1.0,922.746,546.297,1.0,923.534,541.799,1.0
885,621.085,451.634,1.0,629.424,455.773,1.0,636.928,461.583,1.0,642.285,465.779,1.0,653.655,468.436,1.0,,,,,,,,,,,,,,,,896.522,584.161,1.0,891.357,596.882,1.0,889.913,604.979,1.0,895.342,607.32,1.0,907.674,606.141,1.0,441.676,617.327,1.0,448.96,614.605,1.0,460.074,610.851,1.0,474.901,618.721,1.0,480.854,615.217,1.0,939.771,572.405,1.0,933.444,565.954,1.0,925.355,557.048,1.0,922.746,546.97,1.0,923.784,542.0,1.0
886,619.853,455.231,1.0,626.817,454.918,1.0,633.702,461.079,1.0,642.149,465.779,1.0,653.627,468.412,1.0,,,,,,,,,,,,,,,,896.675,584.161,1.0,891.732,596.177,1.0,890.561,604.736,1.0,895.166,607.161,1.0,907.738,605.625,1.0,441.676,618.494,1.0,448.37,614.76,1.0,460.268,610.851,1.0,474.683,618.721,1.0,481.343,616.89,1.0,939.358,573.279,1.0,933.78,568.113,1.0,927.918,557.46,1.0,923.847,550.893,1.0,923.947,543.758,1.0
887,618.499,455.818,1.0,626.817,454.918,1.0,633.556,461.025,1.0,641.358,466.16,1.0,653.627,468.238,1.0,,,,,,,,,,,,,,,,897.538,584.381,1.0,891.994,596.177,1.0,890.596,604.241,1.0,895.586,607.161,1.0,907.887,605.552,1.0,441.676,618.614,1.0,448.095,614.76,1.0,460.268,611.136,1.0,473.674,618.534,1.0,480.854,616.89,1.0,938.976,579.03,1.0,937.802,568.969,1.0,927.848,563.563,1.0,924.39,553.55,1.0,926.98,545.386,1.0
888,618.499,455.818,1.0,624.268,454.918,1.0,633.171,460.724,1.0,641.349,466.16,1.0,653.627,468.238,1.0,,,,,,,,,,,,,,,,897.538,585.016,1.0,893.763,594.186,1.0,891.067,603.106,1.0,895.795,606.429,1.0,908.279,605.024,1.0,441.5,619.064,1.0,447.861,615.116,1.0,460.355,611.136,1.0,473.302,617.558,1.0,479.514,616.89,1.0,938.849,579.03,1.0,937.802,569.655,1.0,927.918,564.314,1.0,925.079,554.662,1.0,927.008,547.199,1.0
889,618.499,455.231,1.0,624.268,455.194,1.0,633.171,460.659,1.0,641.349,466.16,1.0,653.437,467.382,1.0,,,,,,,,,,,,,,,,897.538,585.016,1.0,893.856,594.054,1.0,892.786,602.548,1.0,896.788,605.955,1.0,908.279,604.908,1.0,441.5,618.614,1.0,448.095,615.116,1.0,460.355,611.136,1.0,453.136,597.663,1.0,480.854,616.89,1.0,938.797,579.03,1.0,937.802,569.671,1.0,928.254,564.494,1.0,925.111,554.89,1.0,927.211,547.307,1.0
890,619.091,454.8,1.0,624.268,455.194,1.0,632.973,460.636,1.0,641.349,465.903,1.0,653.437,467.199,1.0,,,,,,,,,,,,,,,,897.62,585.016,1.0,894.687,593.464,1.0,892.786,602.537,1.0,896.788,605.9,1.0,908.42,604.61,1.0,441.107,620.606,1.0,447.861,615.396,1.0,460.652,610.193,1.0,449.997,597.663,1.0,450.723,593.506,1.0,938.797,579.03,1.0,937.802,569.966,1.0,928.32,565.931,1.0,925.111,555.544,1.0,927.807,547.752,1.0
891,619.091,450.438,1.0,624.272,455.194,1.0,632.913,459.62,1.0,641.681,463.294,1.0,653.437,467.199,1.0,,,,,,,,,,,,,,,,897.62,582.46,1.0,895.71,591.624,1.0,892.786,601.243,1.0,896.788,605.722,1.0,908.42,604.417,1.0,440.865,620.673,1.0,447.402,615.76,1.0,460.652,605.888,1.0,449.243,596.843,1.0,449.801,593.297,1.0,938.797,579.03,1.0,938.048,570.997,1.0,929.031,565.999,1.0,926.546,561.746,1.0,927.858,550.51,1.0
892,628.76,447.561,1.0,624.272,454.185,1.0,632.973,459.515,1.0,642.549,463.294,1.0,653.228,467.334,1.0,,,,,,,,,,,,,,,,898.427,579.485,1.0,896.061,582.54,1.0,891.046,600.161,1.0,892.986,600.773,1.0,908.187,603.943,1.0,440.704,620.673,1.0,447.402,615.761,1.0,460.652,605.779,1.0,447.959,596.843,1.0,445.136,586.195,1.0,943.532,588.677,1.0,940.256,578.77,1.0,932.89,568.238,1.0,930.124,565.26,1.0,928.641,553.201,1.0
893,630.197,447.079,1.0,625.06,454.107,1.0,633.282,459.358,1.0,642.663,463.294,1.0,653.29,467.334,1.0,,,,,,,,,,,,,,,,899.542,579.236,1.0,896.061,581.07,1.0,891.046,597.419,1.0,892.986,600.773,1.0,906.951,603.847,1.0,440.134,620.606,1.0,446.694,615.761,1.0,,,0.0,,,0.0,444.685,585.427,1.0,944.373,591.222,1.0,941.76,581.183,1.0,934.135,568.532,1.0,931.742,566.346,1.0,928.998,556.018,1.0
894,630.197,447.079,1.0,627.487,454.107,1.0,633.282,459.313,1.0,642.76,463.986,1.0,653.29,467.399,1.0,491.535,597.26,1.0,477.923,617.173,1.0,461.342,606.954,1.0,453.004,595.625,1.0,480.649,622.141,1.0,899.562,579.236,1.0,896.002,578.758,1.0,891.046,595.251,1.0,892.986,600.773,1.0,906.849,603.728,1.0,440.077,620.606,1.0,446.634,615.761,1.0,,,0.0,,,0.0,444.35,585.395,1.0,945.23,591.784,1.0,941.796,583.419,1.0,934.487,569.944,1.0,931.777,567.077,1.0,929.044,556.026,1.0
895,630.786,446.067,1.0,627.715,454.107,1.0,633.829,459.358,1.0,642.76,463.986,1.0,653.158,467.475,1.0,489.374,594.77,1.0,443.793,617.173,1.0,460.466,606.954,1.0,452.579,595.625,1.0,445.453,586.529,1.0,899.562,579.365,1.0,896.161,578.467,1.0,891.409,595.24,1.0,894.788,601.043,1.0,906.849,603.728,1.0,,,,,,,,,,,,,,,,945.23,591.784,1.0,941.876,583.419,1.0,934.881,570.936,1.0,931.777,567.833,1.0,929.044,556.547,1.0
896,632.102,446.067,1.0,627.864,454.305,1.0,634.01,459.358,1.0,642.76,463.986,1.0,653.096,467.828,1.0,488.91,593.797,1.0,443.793,617.173,1.0,460.44,606.954,1.0,452.405,595.625,1.0,445.453,586.529,1.0,899.542,579.365,1.0,896.331,578.467,1.0,891.702,594.836,1.0,894.788,601.043,1.0,906.337,603.728,1.0,,,,,,,,,,,,,,,,945.23,592.26,1.0,942.56,583.98,1.0,935.482,572.054,1.0,932.021,568.28,1.0,928.998,557.792,1.0
897,633.443,448.876,1.0,629.539,454.406,1.0,634.081,460.008,1.0,641.91,460.568,1.0,653.111,467.866,1.0,488.91,593.297,1.0,443.793,617.34,1.0,459.919,606.962,1.0,452.405,595.504,1.0,445.453,586.529,1.0,897.634,579.236,1.0,896.379,578.467,1.0,891.889,594.757,1.0,894.788,601.043,1.0,906.337,603.782,1.0,,,,,,,,,,,,,,,,943.984,592.26,1.0,944.259,584.409,1.0,936.433,575.731,1.0,932.716,569.309,1.0,927.061,561.422,1.0
898,633.443,450.647,1.0,629.539,454.544,1.0,634.439,460.057,1.0,641.749,460.466,1.0,653.111,468.293,1.0,488.751,593.044,1.0,443.924,617.34,1.0,459.919,606.962,1.0,452.405,595.674,1.0,445.57,586.579,1.0,896.591,577.297,1.0,897.85,580.409,1.0,892.13,592.802,1.0,893.95,598.971,1.0,905.0,603.782,1.0,,,,,,,,,,,,,,,,941.882,593.055,1.0,945.026,586.814,1.0,938.208,581.791,1.0,932.877,572.542,1.0,926.592,566.925,1.0
899,633.443,450.647,1.0,629.539,454.544,1.0,634.439,460.057,1.0,641.156,460.311,1.0,653.052,468.293,1.0,488.449,591.621,1.0,443.924,617.34,1.0,459.694,606.962,1.0,451.988,595.674,1.0,445.57,586.579,1.0,896.478,572.929,1.0,897.85,580.409,1.0,892.13,591.716,1.0,893.274,594.404,1.0,903.514,603.782,1.0,,,,,,,,,,,,,,,,941.227,593.055,1.0,945.026,586.814,1.0,938.208,581.791,1.0,932.716,572.542,1.0,926.202,566.925,1.0
900,632.957,450.647,1.0,629.465,454.544,1.0,634.081,460.057,1.0,641.156,460.311,1.0,653.052,468.293,1.0,487.708,588.79,1.0,443.924,599.014,1.0,459.217,603.574,1.0,451.952,595.384,1.0,445.57,586.579,1.0,896.13,572.147,1.0,897.85,580.409,1.0,892.13,590.641,1.0,892.899,592.731,1.0,900.369,603.782,1.0,,,,,,,,,,,,,,,,941.227,593.055,1.0,945.026,586.814,1.0,938.208,581.791,1.0,932.716,572.542,1.0,926.159,566.925,1.0
